AA1	SubPos1	GloPos1	AA2	SubPos2	GloPos2	AA1Type	AA2Type	Prob
VAL	1, 1	1	THR	1, 2	2	mit	mit	1
VAL	1, 1	1	PHE	1, 3	3	mit	mit	0.61
THR	1, 2	2	PHE	1, 3	3	mit	mit	1
THR	1, 2	2	ILE	1, 4	4	mit	mit	0.94
PHE	1, 3	3	ILE	1, 4	4	mit	mit	1
VAL	1, 1	1	ASN	1, 5	5	mit	mit	0.76
THR	1, 2	2	ASN	1, 5	5	mit	mit	0.97
PHE	1, 3	3	ASN	1, 5	5	mit	mit	0.93
ILE	1, 4	4	ASN	1, 5	5	mit	mit	1
THR	1, 2	2	ARG	1, 6	6	mit	mit	0.91
PHE	1, 3	3	ARG	1, 6	6	mit	mit	0.98
ILE	1, 4	4	ARG	1, 6	6	mit	mit	0.92
ASN	1, 5	5	ARG	1, 6	6	mit	mit	1
PHE	1, 3	3	TRP	1, 7	7	mit	mit	0.98
ILE	1, 4	4	TRP	1, 7	7	mit	mit	0.96
ARG	1, 6	6	TRP	1, 7	7	mit	mit	1
ILE	1, 4	4	LEU	1, 8	8	mit	mit	0.99
ASN	1, 5	5	LEU	1, 8	8	mit	mit	0.91
TRP	1, 7	7	LEU	1, 8	8	mit	mit	1
ILE	1, 4	4	PHE	1, 9	9	mit	mit	0.96
ASN	1, 5	5	PHE	1, 9	9	mit	mit	0.99
ARG	1, 6	6	PHE	1, 9	9	mit	mit	0.7
TRP	1, 7	7	PHE	1, 9	9	mit	mit	0.51
LEU	1, 8	8	PHE	1, 9	9	mit	mit	1
ARG	1, 6	6	SER	1, 10	10	mit	mit	0.98
TRP	1, 7	7	SER	1, 10	10	mit	mit	0.99
LEU	1, 8	8	SER	1, 10	10	mit	mit	0.97
PHE	1, 9	9	SER	1, 10	10	mit	mit	1
PHE	1, 9	9	THR	1, 11	11	mit	mit	0.84
SER	1, 10	10	THR	1, 11	11	mit	mit	1
SER	1, 10	10	ASN	1, 12	12	mit	mit	0.99
THR	1, 11	11	ASN	1, 12	12	mit	mit	1
ASN	1, 12	12	HIS	1, 13	13	mit	mit	1
ASN	1, 12	12	LYS	1, 14	14	mit	mit	1
HIS	1, 13	13	LYS	1, 14	14	mit	mit	1
ARG	1, 6	6	ASP	1, 15	15	mit	mit	0.97
TRP	1, 7	7	ASP	1, 15	15	mit	mit	0.96
SER	1, 10	10	ASP	1, 15	15	mit	mit	0.99
ASN	1, 12	12	ASP	1, 15	15	mit	mit	1
HIS	1, 13	13	ASP	1, 15	15	mit	mit	0.91
LYS	1, 14	14	ASP	1, 15	15	mit	mit	1
SER	1, 10	10	ILE	1, 16	16	mit	mit	0.99
ASN	1, 12	12	ILE	1, 16	16	mit	mit	0.99
HIS	1, 13	13	ILE	1, 16	16	mit	mit	1
LYS	1, 14	14	ILE	1, 16	16	mit	mit	0.97
ASP	1, 15	15	ILE	1, 16	16	mit	mit	1
HIS	1, 13	13	GLY	1, 17	17	mit	mit	0.98
LYS	1, 14	14	GLY	1, 17	17	mit	mit	1
ASP	1, 15	15	GLY	1, 17	17	mit	mit	1
ILE	1, 16	16	GLY	1, 17	17	mit	mit	1
LYS	1, 14	14	THR	1, 18	18	mit	mit	0.99
ASP	1, 15	15	THR	1, 18	18	mit	mit	1
ILE	1, 16	16	THR	1, 18	18	mit	mit	0.99
GLY	1, 17	17	THR	1, 18	18	mit	mit	1
TRP	1, 7	7	LEU	1, 19	19	mit	mit	0.95
SER	1, 10	10	LEU	1, 19	19	mit	mit	0.77
ASP	1, 15	15	LEU	1, 19	19	mit	mit	0.99
ILE	1, 16	16	LEU	1, 19	19	mit	mit	1
GLY	1, 17	17	LEU	1, 19	19	mit	mit	1
THR	1, 18	18	LEU	1, 19	19	mit	mit	1
ILE	1, 16	16	TYR	1, 20	20	mit	mit	1
GLY	1, 17	17	TYR	1, 20	20	mit	mit	1
THR	1, 18	18	TYR	1, 20	20	mit	mit	1
LEU	1, 19	19	TYR	1, 20	20	mit	mit	1
GLY	1, 17	17	LEU	1, 21	21	mit	mit	1
THR	1, 18	18	LEU	1, 21	21	mit	mit	1
LEU	1, 19	19	LEU	1, 21	21	mit	mit	0.99
TYR	1, 20	20	LEU	1, 21	21	mit	mit	1
THR	1, 18	18	ILE	1, 22	22	mit	mit	1
LEU	1, 19	19	ILE	1, 22	22	mit	mit	1
TYR	1, 20	20	ILE	1, 22	22	mit	mit	0.99
LEU	1, 21	21	ILE	1, 22	22	mit	mit	1
LEU	1, 19	19	PHE	1, 23	23	mit	mit	1
TYR	1, 20	20	PHE	1, 23	23	mit	mit	1
LEU	1, 21	21	PHE	1, 23	23	mit	mit	0.99
ILE	1, 22	22	PHE	1, 23	23	mit	mit	1
TYR	1, 20	20	GLY	1, 24	24	mit	mit	0.99
LEU	1, 21	21	GLY	1, 24	24	mit	mit	1
ILE	1, 22	22	GLY	1, 24	24	mit	mit	1
PHE	1, 23	23	GLY	1, 24	24	mit	mit	1
LEU	1, 21	21	THR	1, 25	25	mit	mit	0.99
ILE	1, 22	22	THR	1, 25	25	mit	mit	1
PHE	1, 23	23	THR	1, 25	25	mit	mit	0.98
GLY	1, 24	24	THR	1, 25	25	mit	mit	1
ILE	1, 22	22	TRP	1, 26	26	mit	mit	0.99
PHE	1, 23	23	TRP	1, 26	26	mit	mit	1
GLY	1, 24	24	TRP	1, 26	26	mit	mit	1
THR	1, 25	25	TRP	1, 26	26	mit	mit	1
PHE	1, 23	23	ALA	1, 27	27	mit	mit	1
GLY	1, 24	24	ALA	1, 27	27	mit	mit	1
THR	1, 25	25	ALA	1, 27	27	mit	mit	0.99
TRP	1, 26	26	ALA	1, 27	27	mit	mit	1
GLY	1, 24	24	GLY	1, 28	28	mit	mit	1
THR	1, 25	25	GLY	1, 28	28	mit	mit	1
TRP	1, 26	26	GLY	1, 28	28	mit	mit	1
ALA	1, 27	27	GLY	1, 28	28	mit	mit	1
THR	1, 25	25	MET	1, 29	29	mit	mit	0.99
TRP	1, 26	26	MET	1, 29	29	mit	mit	1
ALA	1, 27	27	MET	1, 29	29	mit	mit	1
GLY	1, 28	28	MET	1, 29	29	mit	mit	1
TRP	1, 26	26	ALA	1, 30	30	mit	mit	0.98
ALA	1, 27	27	ALA	1, 30	30	mit	mit	1
GLY	1, 28	28	ALA	1, 30	30	mit	mit	1
MET	1, 29	29	ALA	1, 30	30	mit	mit	1
ALA	1, 27	27	GLY	1, 31	31	mit	mit	0.99
GLY	1, 28	28	GLY	1, 31	31	mit	mit	1
MET	1, 29	29	GLY	1, 31	31	mit	mit	1
ALA	1, 30	30	GLY	1, 31	31	mit	mit	1
GLY	1, 28	28	THR	1, 32	32	mit	mit	1
MET	1, 29	29	THR	1, 32	32	mit	mit	1
ALA	1, 30	30	THR	1, 32	32	mit	mit	0.99
GLY	1, 31	31	THR	1, 32	32	mit	mit	1
MET	1, 29	29	ALA	1, 33	33	mit	mit	0.99
ALA	1, 30	30	ALA	1, 33	33	mit	mit	1
GLY	1, 31	31	ALA	1, 33	33	mit	mit	1
THR	1, 32	32	ALA	1, 33	33	mit	mit	1
ALA	1, 30	30	LEU	1, 34	34	mit	mit	0.99
GLY	1, 31	31	LEU	1, 34	34	mit	mit	1
THR	1, 32	32	LEU	1, 34	34	mit	mit	1
ALA	1, 33	33	LEU	1, 34	34	mit	mit	1
GLY	1, 31	31	SER	1, 35	35	mit	mit	1
THR	1, 32	32	SER	1, 35	35	mit	mit	1
ALA	1, 33	33	SER	1, 35	35	mit	mit	0.99
LEU	1, 34	34	SER	1, 35	35	mit	mit	1
THR	1, 32	32	LEU	1, 36	36	mit	mit	0.99
ALA	1, 33	33	LEU	1, 36	36	mit	mit	1
LEU	1, 34	34	LEU	1, 36	36	mit	mit	0.99
SER	1, 35	35	LEU	1, 36	36	mit	mit	1
ALA	1, 33	33	LEU	1, 37	37	mit	mit	0.99
LEU	1, 34	34	LEU	1, 37	37	mit	mit	1
SER	1, 35	35	LEU	1, 37	37	mit	mit	0.99
LEU	1, 36	36	LEU	1, 37	37	mit	mit	1
LEU	1, 34	34	ILE	1, 38	38	mit	mit	0.99
SER	1, 35	35	ILE	1, 38	38	mit	mit	1
LEU	1, 36	36	ILE	1, 38	38	mit	mit	0.99
LEU	1, 37	37	ILE	1, 38	38	mit	mit	1
SER	1, 35	35	ARG	1, 39	39	mit	mit	0.99
LEU	1, 36	36	ARG	1, 39	39	mit	mit	1
LEU	1, 37	37	ARG	1, 39	39	mit	mit	0.95
ILE	1, 38	38	ARG	1, 39	39	mit	mit	1
LEU	1, 36	36	ALA	1, 40	40	mit	mit	1
LEU	1, 37	37	ALA	1, 40	40	mit	mit	1
ILE	1, 38	38	ALA	1, 40	40	mit	mit	0.99
ARG	1, 39	39	ALA	1, 40	40	mit	mit	1
LEU	1, 37	37	GLU	1, 41	41	mit	mit	0.99
ILE	1, 38	38	GLU	1, 41	41	mit	mit	0.99
ARG	1, 39	39	GLU	1, 41	41	mit	mit	0.98
ALA	1, 40	40	GLU	1, 41	41	mit	mit	1
ILE	1, 38	38	LEU	1, 42	42	mit	mit	0.98
ARG	1, 39	39	LEU	1, 42	42	mit	mit	1
ALA	1, 40	40	LEU	1, 42	42	mit	mit	0.91
GLU	1, 41	41	LEU	1, 42	42	mit	mit	1
ARG	1, 39	39	GLY	1, 43	43	mit	mit	0.99
ALA	1, 40	40	GLY	1, 43	43	mit	mit	0.99
GLU	1, 41	41	GLY	1, 43	43	mit	mit	1
LEU	1, 42	42	GLY	1, 43	43	mit	mit	1
GLY	1, 43	43	GLN	1, 44	44	mit	mit	1
GLY	1, 43	43	PRO	1, 45	45	mit	mit	0.67
GLN	1, 44	44	PRO	1, 45	45	mit	mit	1
GLN	1, 44	44	GLY	1, 46	46	mit	mit	1
PRO	1, 45	45	GLY	1, 46	46	mit	mit	1
GLU	1, 41	41	THR	1, 47	47	mit	mit	0.73
GLY	1, 46	46	THR	1, 47	47	mit	mit	1
ALA	1, 40	40	LEU	1, 48	48	mit	mit	0.94
GLU	1, 41	41	LEU	1, 48	48	mit	mit	0.99
GLN	1, 44	44	LEU	1, 48	48	mit	mit	0.78
GLY	1, 46	46	LEU	1, 48	48	mit	mit	0.97
THR	1, 47	47	LEU	1, 48	48	mit	mit	1
LEU	1, 37	37	LEU	1, 49	49	mit	mit	0.65
GLU	1, 41	41	LEU	1, 49	49	mit	mit	0.98
THR	1, 47	47	LEU	1, 49	49	mit	mit	0.97
LEU	1, 48	48	LEU	1, 49	49	mit	mit	1
THR	1, 47	47	GLY	1, 50	50	mit	mit	0.99
LEU	1, 48	48	GLY	1, 50	50	mit	mit	0.98
LEU	1, 49	49	GLY	1, 50	50	mit	mit	1
THR	1, 47	47	ASP	1, 51	51	mit	mit	0.64
LEU	1, 49	49	ASP	1, 51	51	mit	mit	0.78
GLY	1, 50	50	ASP	1, 51	51	mit	mit	1
ASP	1, 51	51	ASP	1, 52	52	mit	mit	1
ASP	1, 51	51	GLN	1, 53	53	mit	mit	1
ASP	1, 52	52	GLN	1, 53	53	mit	mit	1
LEU	1, 49	49	ILE	1, 54	54	mit	mit	0.99
GLY	1, 50	50	ILE	1, 54	54	mit	mit	0.96
ASP	1, 51	51	ILE	1, 54	54	mit	mit	0.98
ASP	1, 52	52	ILE	1, 54	54	mit	mit	0.77
GLN	1, 53	53	ILE	1, 54	54	mit	mit	1
ILE	1, 38	38	TYR	1, 55	55	mit	mit	0.83
GLU	1, 41	41	TYR	1, 55	55	mit	mit	0.99
LEU	1, 49	49	TYR	1, 55	55	mit	mit	0.96
GLY	1, 50	50	TYR	1, 55	55	mit	mit	0.74
ASP	1, 51	51	TYR	1, 55	55	mit	mit	0.9
ASP	1, 52	52	TYR	1, 55	55	mit	mit	1
GLN	1, 53	53	TYR	1, 55	55	mit	mit	0.99
ILE	1, 54	54	TYR	1, 55	55	mit	mit	1
ASP	1, 52	52	ASN	1, 56	56	mit	mit	0.99
GLN	1, 53	53	ASN	1, 56	56	mit	mit	1
ILE	1, 54	54	ASN	1, 56	56	mit	mit	0.94
TYR	1, 55	55	ASN	1, 56	56	mit	mit	1
GLN	1, 53	53	VAL	1, 57	57	mit	mit	0.99
ILE	1, 54	54	VAL	1, 57	57	mit	mit	1
TYR	1, 55	55	VAL	1, 57	57	mit	mit	1
ASN	1, 56	56	VAL	1, 57	57	mit	mit	1
LEU	1, 34	34	ILE	1, 58	58	mit	mit	1
LEU	1, 37	37	ILE	1, 58	58	mit	mit	1
ILE	1, 38	38	ILE	1, 58	58	mit	mit	0.99
ILE	1, 54	54	ILE	1, 58	58	mit	mit	0.98
TYR	1, 55	55	ILE	1, 58	58	mit	mit	1
ASN	1, 56	56	ILE	1, 58	58	mit	mit	0.99
VAL	1, 57	57	ILE	1, 58	58	mit	mit	1
ILE	1, 38	38	VAL	1, 59	59	mit	mit	0.99
TYR	1, 55	55	VAL	1, 59	59	mit	mit	0.99
ASN	1, 56	56	VAL	1, 59	59	mit	mit	1
VAL	1, 57	57	VAL	1, 59	59	mit	mit	0.98
ILE	1, 58	58	VAL	1, 59	59	mit	mit	1
ASN	1, 56	56	THR	1, 60	60	mit	mit	0.99
VAL	1, 57	57	THR	1, 60	60	mit	mit	1
ILE	1, 58	58	THR	1, 60	60	mit	mit	0.99
VAL	1, 59	59	THR	1, 60	60	mit	mit	1
LEU	1, 34	34	ALA	1, 61	61	mit	mit	0.99
VAL	1, 57	57	ALA	1, 61	61	mit	mit	1
ILE	1, 58	58	ALA	1, 61	61	mit	mit	1
VAL	1, 59	59	ALA	1, 61	61	mit	mit	0.98
THR	1, 60	60	ALA	1, 61	61	mit	mit	1
GLY	1, 31	31	HIS	1, 62	62	mit	mit	1
LEU	1, 34	34	HIS	1, 62	62	mit	mit	1
SER	1, 35	35	HIS	1, 62	62	mit	mit	0.99
ILE	1, 38	38	HIS	1, 62	62	mit	mit	0.98
ILE	1, 58	58	HIS	1, 62	62	mit	mit	1
VAL	1, 59	59	HIS	1, 62	62	mit	mit	1
THR	1, 60	60	HIS	1, 62	62	mit	mit	1
ALA	1, 61	61	HIS	1, 62	62	mit	mit	1
VAL	1, 59	59	ALA	1, 63	63	mit	mit	0.99
THR	1, 60	60	ALA	1, 63	63	mit	mit	1
ALA	1, 61	61	ALA	1, 63	63	mit	mit	0.98
HIS	1, 62	62	ALA	1, 63	63	mit	mit	1
THR	1, 60	60	PHE	1, 64	64	mit	mit	1
ALA	1, 61	61	PHE	1, 64	64	mit	mit	1
HIS	1, 62	62	PHE	1, 64	64	mit	mit	0.98
ALA	1, 63	63	PHE	1, 64	64	mit	mit	1
ALA	1, 27	27	VAL	1, 65	65	mit	mit	1
GLY	1, 28	28	VAL	1, 65	65	mit	mit	0.96
ALA	1, 30	30	VAL	1, 65	65	mit	mit	0.99
GLY	1, 31	31	VAL	1, 65	65	mit	mit	1
LEU	1, 34	34	VAL	1, 65	65	mit	mit	0.97
ALA	1, 61	61	VAL	1, 65	65	mit	mit	1
HIS	1, 62	62	VAL	1, 65	65	mit	mit	1
ALA	1, 63	63	VAL	1, 65	65	mit	mit	0.97
PHE	1, 64	64	VAL	1, 65	65	mit	mit	1
GLY	1, 28	28	MET	1, 66	66	mit	mit	0.92
GLY	1, 31	31	MET	1, 66	66	mit	mit	0.99
HIS	1, 62	62	MET	1, 66	66	mit	mit	1
ALA	1, 63	63	MET	1, 66	66	mit	mit	1
PHE	1, 64	64	MET	1, 66	66	mit	mit	0.94
VAL	1, 65	65	MET	1, 66	66	mit	mit	1
ALA	1, 63	63	ILE	1, 67	67	mit	mit	0.99
PHE	1, 64	64	ILE	1, 67	67	mit	mit	0.99
VAL	1, 65	65	ILE	1, 67	67	mit	mit	0.83
MET	1, 66	66	ILE	1, 67	67	mit	mit	1
PHE	1, 64	64	PHE	1, 68	68	mit	mit	1
VAL	1, 65	65	PHE	1, 68	68	mit	mit	0.96
ILE	1, 67	67	PHE	1, 68	68	mit	mit	1
PHE	1, 23	23	PHE	1, 69	69	mit	mit	0.7
GLY	1, 24	24	PHE	1, 69	69	mit	mit	0.97
ALA	1, 27	27	PHE	1, 69	69	mit	mit	1
GLY	1, 28	28	PHE	1, 69	69	mit	mit	0.72
PHE	1, 64	64	PHE	1, 69	69	mit	mit	0.95
VAL	1, 65	65	PHE	1, 69	69	mit	mit	1
MET	1, 66	66	PHE	1, 69	69	mit	mit	0.87
ILE	1, 67	67	PHE	1, 69	69	mit	mit	0.67
PHE	1, 68	68	PHE	1, 69	69	mit	mit	1
GLY	1, 24	24	MET	1, 70	70	mit	mit	1
ALA	1, 27	27	MET	1, 70	70	mit	mit	1
GLY	1, 28	28	MET	1, 70	70	mit	mit	1
GLY	1, 31	31	MET	1, 70	70	mit	mit	0.96
VAL	1, 65	65	MET	1, 70	70	mit	mit	0.99
MET	1, 66	66	MET	1, 70	70	mit	mit	1
ILE	1, 67	67	MET	1, 70	70	mit	mit	0.86
PHE	1, 69	69	MET	1, 70	70	mit	mit	1
MET	1, 66	66	VAL	1, 71	71	mit	mit	0.99
ILE	1, 67	67	VAL	1, 71	71	mit	mit	0.99
MET	1, 70	70	VAL	1, 71	71	mit	mit	1
ILE	1, 67	67	MET	1, 72	72	mit	mit	0.95
PHE	1, 68	68	MET	1, 72	72	mit	mit	1
PHE	1, 69	69	MET	1, 72	72	mit	mit	0.78
MET	1, 70	70	MET	1, 72	72	mit	mit	0.8
VAL	1, 71	71	MET	1, 72	72	mit	mit	1
TYR	1, 20	20	PRO	1, 73	73	mit	mit	1
PHE	1, 23	23	PRO	1, 73	73	mit	mit	0.99
GLY	1, 24	24	PRO	1, 73	73	mit	mit	1
ALA	1, 27	27	PRO	1, 73	73	mit	mit	0.93
PHE	1, 69	69	PRO	1, 73	73	mit	mit	0.99
MET	1, 70	70	PRO	1, 73	73	mit	mit	0.99
VAL	1, 71	71	PRO	1, 73	73	mit	mit	0.96
MET	1, 72	72	PRO	1, 73	73	mit	mit	1
TYR	1, 20	20	ILE	1, 74	74	mit	mit	0.98
LEU	1, 21	21	ILE	1, 74	74	mit	mit	0.99
GLY	1, 24	24	ILE	1, 74	74	mit	mit	1
THR	1, 25	25	ILE	1, 74	74	mit	mit	0.71
MET	1, 70	70	ILE	1, 74	74	mit	mit	0.99
VAL	1, 71	71	ILE	1, 74	74	mit	mit	1
MET	1, 72	72	ILE	1, 74	74	mit	mit	0.96
PRO	1, 73	73	ILE	1, 74	74	mit	mit	1
VAL	1, 71	71	MET	1, 75	75	mit	mit	1
MET	1, 72	72	MET	1, 75	75	mit	mit	1
PRO	1, 73	73	MET	1, 75	75	mit	mit	0.84
ILE	1, 74	74	MET	1, 75	75	mit	mit	1
MET	1, 72	72	ILE	1, 76	76	mit	mit	1
PRO	1, 73	73	ILE	1, 76	76	mit	mit	0.95
MET	1, 75	75	ILE	1, 76	76	mit	mit	1
GLY	1, 17	17	GLY	1, 77	77	mit	mit	0.99
TYR	1, 20	20	GLY	1, 77	77	mit	mit	1
MET	1, 72	72	GLY	1, 77	77	mit	mit	0.81
PRO	1, 73	73	GLY	1, 77	77	mit	mit	1
ILE	1, 74	74	GLY	1, 77	77	mit	mit	0.99
MET	1, 75	75	GLY	1, 77	77	mit	mit	1
ILE	1, 76	76	GLY	1, 77	77	mit	mit	1
GLY	1, 17	17	GLY	1, 78	78	mit	mit	1
THR	1, 18	18	GLY	1, 78	78	mit	mit	0.66
TYR	1, 20	20	GLY	1, 78	78	mit	mit	1
LEU	1, 21	21	GLY	1, 78	78	mit	mit	1
PRO	1, 73	73	GLY	1, 78	78	mit	mit	0.98
ILE	1, 74	74	GLY	1, 78	78	mit	mit	1
MET	1, 75	75	GLY	1, 78	78	mit	mit	0.96
ILE	1, 76	76	GLY	1, 78	78	mit	mit	0.99
GLY	1, 77	77	GLY	1, 78	78	mit	mit	1
ILE	1, 74	74	PHE	1, 79	79	mit	mit	0.98
MET	1, 75	75	PHE	1, 79	79	mit	mit	1
ILE	1, 76	76	PHE	1, 79	79	mit	mit	0.92
GLY	1, 77	77	PHE	1, 79	79	mit	mit	1
GLY	1, 78	78	PHE	1, 79	79	mit	mit	1
GLY	1, 17	17	GLY	1, 80	80	mit	mit	0.8
MET	1, 75	75	GLY	1, 80	80	mit	mit	0.8
ILE	1, 76	76	GLY	1, 80	80	mit	mit	1
GLY	1, 77	77	GLY	1, 80	80	mit	mit	1
GLY	1, 78	78	GLY	1, 80	80	mit	mit	1
PHE	1, 79	79	GLY	1, 80	80	mit	mit	1
HIS	1, 13	13	ASN	1, 81	81	mit	mit	1
LYS	1, 14	14	ASN	1, 81	81	mit	mit	0.71
ILE	1, 16	16	ASN	1, 81	81	mit	mit	1
GLY	1, 17	17	ASN	1, 81	81	mit	mit	1
TYR	1, 20	20	ASN	1, 81	81	mit	mit	0.99
GLY	1, 77	77	ASN	1, 81	81	mit	mit	1
GLY	1, 78	78	ASN	1, 81	81	mit	mit	1
PHE	1, 79	79	ASN	1, 81	81	mit	mit	0.92
GLY	1, 80	80	ASN	1, 81	81	mit	mit	1
HIS	1, 13	13	TRP	1, 82	82	mit	mit	0.96
LYS	1, 14	14	TRP	1, 82	82	mit	mit	0.99
GLY	1, 17	17	TRP	1, 82	82	mit	mit	1
THR	1, 18	18	TRP	1, 82	82	mit	mit	0.77
GLY	1, 78	78	TRP	1, 82	82	mit	mit	1
PHE	1, 79	79	TRP	1, 82	82	mit	mit	1
GLY	1, 80	80	TRP	1, 82	82	mit	mit	1
ASN	1, 81	81	TRP	1, 82	82	mit	mit	1
PHE	1, 79	79	LEU	1, 83	83	mit	mit	1
GLY	1, 80	80	LEU	1, 83	83	mit	mit	1
ASN	1, 81	81	LEU	1, 83	83	mit	mit	0.53
TRP	1, 82	82	LEU	1, 83	83	mit	mit	1
GLY	1, 80	80	VAL	1, 84	84	mit	mit	1
ASN	1, 81	81	VAL	1, 84	84	mit	mit	0.99
TRP	1, 82	82	VAL	1, 84	84	mit	mit	0.72
LEU	1, 83	83	VAL	1, 84	84	mit	mit	1
HIS	1, 13	13	PRO	1, 85	85	mit	mit	1
ASN	1, 81	81	PRO	1, 85	85	mit	mit	0.76
LEU	1, 83	83	PRO	1, 85	85	mit	mit	0.84
VAL	1, 84	84	PRO	1, 85	85	mit	mit	1
TRP	1, 82	82	LEU	1, 86	86	mit	mit	0.97
LEU	1, 83	83	LEU	1, 86	86	mit	mit	1
VAL	1, 84	84	LEU	1, 86	86	mit	mit	0.99
PRO	1, 85	85	LEU	1, 86	86	mit	mit	1
LEU	1, 83	83	MET	1, 87	87	mit	mit	1
VAL	1, 84	84	MET	1, 87	87	mit	mit	1
PRO	1, 85	85	MET	1, 87	87	mit	mit	0.97
LEU	1, 86	86	MET	1, 87	87	mit	mit	1
VAL	1, 84	84	ILE	1, 88	88	mit	mit	0.99
PRO	1, 85	85	ILE	1, 88	88	mit	mit	0.99
LEU	1, 86	86	ILE	1, 88	88	mit	mit	0.7
MET	1, 87	87	ILE	1, 88	88	mit	mit	1
PRO	1, 85	85	GLY	1, 89	89	mit	mit	0.98
LEU	1, 86	86	GLY	1, 89	89	mit	mit	0.99
MET	1, 87	87	GLY	1, 89	89	mit	mit	0.99
ILE	1, 88	88	GLY	1, 89	89	mit	mit	1
VAL	1, 84	84	ALA	1, 90	90	mit	mit	0.58
PRO	1, 85	85	ALA	1, 90	90	mit	mit	1
ILE	1, 88	88	ALA	1, 90	90	mit	mit	1
GLY	1, 89	89	ALA	1, 90	90	mit	mit	1
PRO	1, 85	85	PRO	1, 91	91	mit	mit	0.94
GLY	1, 89	89	PRO	1, 91	91	mit	mit	0.9
ALA	1, 90	90	PRO	1, 91	91	mit	mit	1
THR	1, 11	11	ASP	1, 92	92	mit	mit	0.87
ASN	1, 12	12	ASP	1, 92	92	mit	mit	0.97
HIS	1, 13	13	ASP	1, 92	92	mit	mit	1
PRO	1, 85	85	ASP	1, 92	92	mit	mit	0.99
ALA	1, 90	90	ASP	1, 92	92	mit	mit	0.98
PRO	1, 91	91	ASP	1, 92	92	mit	mit	1
HIS	1, 13	13	MET	1, 93	93	mit	mit	1
ASN	1, 81	81	MET	1, 93	93	mit	mit	0.93
VAL	1, 84	84	MET	1, 93	93	mit	mit	0.56
PRO	1, 85	85	MET	1, 93	93	mit	mit	0.99
ALA	1, 90	90	MET	1, 93	93	mit	mit	0.86
ASP	1, 92	92	MET	1, 93	93	mit	mit	1
MET	1, 93	93	ALA	1, 94	94	mit	mit	1
MET	1, 93	93	PHE	1, 95	95	mit	mit	0.99
ALA	1, 94	94	PHE	1, 95	95	mit	mit	1
THR	1, 11	11	PRO	1, 96	96	mit	mit	1
ASN	1, 12	12	PRO	1, 96	96	mit	mit	0.81
HIS	1, 13	13	PRO	1, 96	96	mit	mit	0.84
ASP	1, 92	92	PRO	1, 96	96	mit	mit	0.99
MET	1, 93	93	PRO	1, 96	96	mit	mit	0.99
ALA	1, 94	94	PRO	1, 96	96	mit	mit	0.58
PHE	1, 95	95	PRO	1, 96	96	mit	mit	1
THR	1, 11	11	ARG	1, 97	97	mit	mit	0.96
PHE	1, 95	95	ARG	1, 97	97	mit	mit	1
PRO	1, 96	96	ARG	1, 97	97	mit	mit	1
PHE	1, 95	95	MET	1, 98	98	mit	mit	1
PRO	1, 96	96	MET	1, 98	98	mit	mit	0.98
ARG	1, 97	97	MET	1, 98	98	mit	mit	1
THR	1, 11	11	ASN	1, 99	99	mit	mit	0.72
HIS	1, 13	13	ASN	1, 99	99	mit	mit	0.95
ILE	1, 16	16	ASN	1, 99	99	mit	mit	1
ASN	1, 81	81	ASN	1, 99	99	mit	mit	0.98
MET	1, 93	93	ASN	1, 99	99	mit	mit	0.99
PHE	1, 95	95	ASN	1, 99	99	mit	mit	0.98
PRO	1, 96	96	ASN	1, 99	99	mit	mit	1
ARG	1, 97	97	ASN	1, 99	99	mit	mit	0.99
MET	1, 98	98	ASN	1, 99	99	mit	mit	1
PHE	1, 9	9	ASN	1, 100	100	mit	mit	0.82
SER	1, 10	10	ASN	1, 100	100	mit	mit	0.99
THR	1, 11	11	ASN	1, 100	100	mit	mit	0.99
ILE	1, 16	16	ASN	1, 100	100	mit	mit	0.99
PRO	1, 96	96	ASN	1, 100	100	mit	mit	0.96
ARG	1, 97	97	ASN	1, 100	100	mit	mit	0.99
MET	1, 98	98	ASN	1, 100	100	mit	mit	0.99
ASN	1, 99	99	ASN	1, 100	100	mit	mit	1
ARG	1, 97	97	MET	1, 101	101	mit	mit	0.97
MET	1, 98	98	MET	1, 101	101	mit	mit	1
ASN	1, 99	99	MET	1, 101	101	mit	mit	0.99
ASN	1, 100	100	MET	1, 101	101	mit	mit	1
MET	1, 98	98	SER	1, 102	102	mit	mit	0.99
ASN	1, 99	99	SER	1, 102	102	mit	mit	1
ASN	1, 100	100	SER	1, 102	102	mit	mit	1
MET	1, 101	101	SER	1, 102	102	mit	mit	1
ILE	1, 16	16	PHE	1, 103	103	mit	mit	1
GLY	1, 17	17	PHE	1, 103	103	mit	mit	0.67
LEU	1, 19	19	PHE	1, 103	103	mit	mit	0.99
TYR	1, 20	20	PHE	1, 103	103	mit	mit	1
PHE	1, 23	23	PHE	1, 103	103	mit	mit	0.84
GLY	1, 77	77	PHE	1, 103	103	mit	mit	0.56
ASN	1, 99	99	PHE	1, 103	103	mit	mit	0.97
ASN	1, 100	100	PHE	1, 103	103	mit	mit	1
MET	1, 101	101	PHE	1, 103	103	mit	mit	0.99
SER	1, 102	102	PHE	1, 103	103	mit	mit	1
ASN	1, 100	100	TRP	1, 104	104	mit	mit	1
MET	1, 101	101	TRP	1, 104	104	mit	mit	1
SER	1, 102	102	TRP	1, 104	104	mit	mit	0.8
PHE	1, 103	103	TRP	1, 104	104	mit	mit	1
MET	1, 101	101	LEU	1, 105	105	mit	mit	1
SER	1, 102	102	LEU	1, 105	105	mit	mit	1
PHE	1, 103	103	LEU	1, 105	105	mit	mit	0.99
TRP	1, 104	104	LEU	1, 105	105	mit	mit	1
PHE	1, 23	23	LEU	1, 106	106	mit	mit	0.99
PHE	1, 69	69	LEU	1, 106	106	mit	mit	0.97
PRO	1, 73	73	LEU	1, 106	106	mit	mit	0.99
SER	1, 102	102	LEU	1, 106	106	mit	mit	0.59
PHE	1, 103	103	LEU	1, 106	106	mit	mit	1
TRP	1, 104	104	LEU	1, 106	106	mit	mit	0.99
LEU	1, 105	105	LEU	1, 106	106	mit	mit	1
PHE	1, 23	23	PRO	1, 107	107	mit	mit	0.97
TRP	1, 104	104	PRO	1, 107	107	mit	mit	0.99
LEU	1, 105	105	PRO	1, 107	107	mit	mit	0.82
LEU	1, 106	106	PRO	1, 107	107	mit	mit	1
TRP	1, 104	104	PRO	1, 108	108	mit	mit	0.84
LEU	1, 105	105	PRO	1, 108	108	mit	mit	1
LEU	1, 106	106	PRO	1, 108	108	mit	mit	0.98
PRO	1, 107	107	PRO	1, 108	108	mit	mit	1
PHE	1, 68	68	SER	1, 109	109	mit	mit	0.62
PHE	1, 69	69	SER	1, 109	109	mit	mit	0.81
LEU	1, 105	105	SER	1, 109	109	mit	mit	0.99
LEU	1, 106	106	SER	1, 109	109	mit	mit	1
PRO	1, 107	107	SER	1, 109	109	mit	mit	1
PRO	1, 108	108	SER	1, 109	109	mit	mit	1
ALA	1, 27	27	PHE	1, 110	110	mit	mit	0.98
PHE	1, 69	69	PHE	1, 110	110	mit	mit	0.99
LEU	1, 106	106	PHE	1, 110	110	mit	mit	0.99
PRO	1, 107	107	PHE	1, 110	110	mit	mit	1
PRO	1, 108	108	PHE	1, 110	110	mit	mit	0.99
SER	1, 109	109	PHE	1, 110	110	mit	mit	1
PRO	1, 107	107	LEU	1, 111	111	mit	mit	0.99
PRO	1, 108	108	LEU	1, 111	111	mit	mit	1
SER	1, 109	109	LEU	1, 111	111	mit	mit	1
PHE	1, 110	110	LEU	1, 111	111	mit	mit	1
PRO	1, 108	108	LEU	1, 112	112	mit	mit	0.99
SER	1, 109	109	LEU	1, 112	112	mit	mit	1
PHE	1, 110	110	LEU	1, 112	112	mit	mit	1
LEU	1, 111	111	LEU	1, 112	112	mit	mit	1
ALA	1, 61	61	LEU	1, 113	113	mit	mit	0.98
PHE	1, 64	64	LEU	1, 113	113	mit	mit	0.99
VAL	1, 65	65	LEU	1, 113	113	mit	mit	0.95
PHE	1, 69	69	LEU	1, 113	113	mit	mit	0.79
SER	1, 109	109	LEU	1, 113	113	mit	mit	0.99
PHE	1, 110	110	LEU	1, 113	113	mit	mit	1
LEU	1, 111	111	LEU	1, 113	113	mit	mit	0.99
LEU	1, 112	112	LEU	1, 113	113	mit	mit	1
PHE	1, 110	110	LEU	1, 114	114	mit	mit	1
LEU	1, 111	111	LEU	1, 114	114	mit	mit	1
LEU	1, 112	112	LEU	1, 114	114	mit	mit	0.98
LEU	1, 113	113	LEU	1, 114	114	mit	mit	1
LEU	1, 111	111	ALA	1, 115	115	mit	mit	1
LEU	1, 112	112	ALA	1, 115	115	mit	mit	1
LEU	1, 113	113	ALA	1, 115	115	mit	mit	1
LEU	1, 114	114	ALA	1, 115	115	mit	mit	1
ALA	1, 61	61	SER	1, 116	116	mit	mit	0.53
LEU	1, 112	112	SER	1, 116	116	mit	mit	0.99
LEU	1, 113	113	SER	1, 116	116	mit	mit	1
LEU	1, 114	114	SER	1, 116	116	mit	mit	1
ALA	1, 115	115	SER	1, 116	116	mit	mit	1
VAL	1, 57	57	SER	1, 117	117	mit	mit	0.99
ALA	1, 61	61	SER	1, 117	117	mit	mit	0.99
LEU	1, 113	113	SER	1, 117	117	mit	mit	0.94
LEU	1, 114	114	SER	1, 117	117	mit	mit	1
ALA	1, 115	115	SER	1, 117	117	mit	mit	0.98
SER	1, 116	116	SER	1, 117	117	mit	mit	1
LEU	1, 114	114	THR	1, 118	118	mit	mit	0.97
ALA	1, 115	115	THR	1, 118	118	mit	mit	1
SER	1, 116	116	THR	1, 118	118	mit	mit	0.94
SER	1, 117	117	THR	1, 118	118	mit	mit	1
ALA	1, 115	115	VAL	1, 119	119	mit	mit	0.98
SER	1, 116	116	VAL	1, 119	119	mit	mit	0.97
SER	1, 117	117	VAL	1, 119	119	mit	mit	0.57
THR	1, 118	118	VAL	1, 119	119	mit	mit	1
VAL	1, 119	119	GLU	1, 120	120	mit	mit	1
GLN	1, 53	53	ALA	1, 121	121	mit	mit	0.98
VAL	1, 57	57	ALA	1, 121	121	mit	mit	0.7
GLU	1, 120	120	ALA	1, 121	121	mit	mit	1
GLN	1, 53	53	GLY	1, 122	122	mit	mit	0.73
VAL	1, 57	57	GLY	1, 122	122	mit	mit	1
SER	1, 116	116	GLY	1, 122	122	mit	mit	0.99
SER	1, 117	117	GLY	1, 122	122	mit	mit	0.99
THR	1, 118	118	GLY	1, 122	122	mit	mit	0.77
VAL	1, 119	119	GLY	1, 122	122	mit	mit	0.95
GLU	1, 120	120	GLY	1, 122	122	mit	mit	1
ALA	1, 121	121	GLY	1, 122	122	mit	mit	1
VAL	1, 57	57	ALA	1, 123	123	mit	mit	0.99
THR	1, 60	60	ALA	1, 123	123	mit	mit	0.99
SER	1, 116	116	ALA	1, 123	123	mit	mit	0.99
SER	1, 117	117	ALA	1, 123	123	mit	mit	0.93
GLY	1, 122	122	ALA	1, 123	123	mit	mit	1
GLN	1, 53	53	GLY	1, 124	124	mit	mit	0.98
ASN	1, 56	56	GLY	1, 124	124	mit	mit	1
VAL	1, 57	57	GLY	1, 124	124	mit	mit	1
VAL	1, 59	59	GLY	1, 124	124	mit	mit	0.63
THR	1, 60	60	GLY	1, 124	124	mit	mit	1
GLY	1, 122	122	GLY	1, 124	124	mit	mit	1
ALA	1, 123	123	GLY	1, 124	124	mit	mit	1
ASN	1, 56	56	THR	1, 125	125	mit	mit	0.88
THR	1, 60	60	THR	1, 125	125	mit	mit	0.99
ALA	1, 123	123	THR	1, 125	125	mit	mit	1
GLY	1, 124	124	THR	1, 125	125	mit	mit	1
ASN	1, 56	56	GLY	1, 126	126	mit	mit	0.98
VAL	1, 59	59	GLY	1, 126	126	mit	mit	0.99
THR	1, 60	60	GLY	1, 126	126	mit	mit	1
ALA	1, 63	63	GLY	1, 126	126	mit	mit	0.94
ALA	1, 123	123	GLY	1, 126	126	mit	mit	0.59
GLY	1, 124	124	GLY	1, 126	126	mit	mit	1
THR	1, 125	125	GLY	1, 126	126	mit	mit	1
VAL	1, 59	59	TRP	1, 127	127	mit	mit	0.58
THR	1, 60	60	TRP	1, 127	127	mit	mit	0.99
ALA	1, 63	63	TRP	1, 127	127	mit	mit	1
PHE	1, 64	64	TRP	1, 127	127	mit	mit	0.98
ILE	1, 67	67	TRP	1, 127	127	mit	mit	0.78
GLY	1, 126	126	TRP	1, 127	127	mit	mit	1
THR	1, 125	125	THR	1, 128	128	mit	mit	0.8
GLY	1, 126	126	THR	1, 128	128	mit	mit	1
TRP	1, 127	127	THR	1, 128	128	mit	mit	1
ALA	1, 123	123	VAL	1, 129	129	mit	mit	0.67
THR	1, 125	125	VAL	1, 129	129	mit	mit	0.99
GLY	1, 126	126	VAL	1, 129	129	mit	mit	0.99
TRP	1, 127	127	VAL	1, 129	129	mit	mit	0.95
THR	1, 128	128	VAL	1, 129	129	mit	mit	1
THR	1, 125	125	TYR	1, 130	130	mit	mit	0.97
GLY	1, 126	126	TYR	1, 130	130	mit	mit	0.73
THR	1, 128	128	TYR	1, 130	130	mit	mit	1
VAL	1, 129	129	TYR	1, 130	130	mit	mit	1
VAL	1, 129	129	PRO	1, 131	131	mit	mit	0.72
TYR	1, 130	130	PRO	1, 131	131	mit	mit	1
TYR	1, 130	130	PRO	1, 132	132	mit	mit	0.75
PRO	1, 131	131	PRO	1, 132	132	mit	mit	1
THR	1, 125	125	LEU	1, 133	133	mit	mit	0.99
TYR	1, 130	130	LEU	1, 133	133	mit	mit	0.99
PRO	1, 131	131	LEU	1, 133	133	mit	mit	0.98
PRO	1, 132	132	LEU	1, 133	133	mit	mit	1
THR	1, 125	125	ALA	1, 134	134	mit	mit	0.99
VAL	1, 129	129	ALA	1, 134	134	mit	mit	0.99
TYR	1, 130	130	ALA	1, 134	134	mit	mit	0.98
PRO	1, 131	131	ALA	1, 134	134	mit	mit	0.99
PRO	1, 132	132	ALA	1, 134	134	mit	mit	0.95
LEU	1, 133	133	ALA	1, 134	134	mit	mit	1
PRO	1, 131	131	GLY	1, 135	135	mit	mit	0.99
PRO	1, 132	132	GLY	1, 135	135	mit	mit	0.99
LEU	1, 133	133	GLY	1, 135	135	mit	mit	0.99
ALA	1, 134	134	GLY	1, 135	135	mit	mit	1
GLY	1, 135	135	ASN	1, 136	136	mit	mit	1
PRO	1, 132	132	LEU	1, 137	137	mit	mit	0.66
GLY	1, 135	135	LEU	1, 137	137	mit	mit	1
ASN	1, 136	136	LEU	1, 137	137	mit	mit	1
PRO	1, 132	132	ALA	1, 138	138	mit	mit	0.95
LEU	1, 133	133	ALA	1, 138	138	mit	mit	0.98
ALA	1, 134	134	ALA	1, 138	138	mit	mit	0.84
GLY	1, 135	135	ALA	1, 138	138	mit	mit	0.99
ASN	1, 136	136	ALA	1, 138	138	mit	mit	0.62
LEU	1, 137	137	ALA	1, 138	138	mit	mit	1
ALA	1, 123	123	HIS	1, 139	139	mit	mit	0.89
GLY	1, 124	124	HIS	1, 139	139	mit	mit	0.82
THR	1, 125	125	HIS	1, 139	139	mit	mit	0.91
LEU	1, 133	133	HIS	1, 139	139	mit	mit	0.95
ALA	1, 134	134	HIS	1, 139	139	mit	mit	0.96
GLY	1, 135	135	HIS	1, 139	139	mit	mit	0.98
ASN	1, 136	136	HIS	1, 139	139	mit	mit	0.81
ALA	1, 138	138	HIS	1, 139	139	mit	mit	1
GLU	1, 120	120	ALA	1, 140	140	mit	mit	0.72
ASN	1, 136	136	ALA	1, 140	140	mit	mit	0.94
LEU	1, 137	137	ALA	1, 140	140	mit	mit	0.83
ALA	1, 138	138	ALA	1, 140	140	mit	mit	0.61
HIS	1, 139	139	ALA	1, 140	140	mit	mit	1
VAL	1, 119	119	GLY	1, 141	141	mit	mit	0.68
GLU	1, 120	120	GLY	1, 141	141	mit	mit	0.99
ASN	1, 136	136	GLY	1, 141	141	mit	mit	0.59
HIS	1, 139	139	GLY	1, 141	141	mit	mit	0.99
ALA	1, 140	140	GLY	1, 141	141	mit	mit	1
VAL	1, 119	119	ALA	1, 142	142	mit	mit	0.98
GLU	1, 120	120	ALA	1, 142	142	mit	mit	0.94
GLY	1, 141	141	ALA	1, 142	142	mit	mit	1
SER	1, 116	116	SER	1, 143	143	mit	mit	0.99
SER	1, 117	117	SER	1, 143	143	mit	mit	0.65
VAL	1, 119	119	SER	1, 143	143	mit	mit	0.99
GLU	1, 120	120	SER	1, 143	143	mit	mit	0.99
ALA	1, 121	121	SER	1, 143	143	mit	mit	0.95
GLY	1, 122	122	SER	1, 143	143	mit	mit	1
ALA	1, 123	123	SER	1, 143	143	mit	mit	1
HIS	1, 139	139	SER	1, 143	143	mit	mit	0.94
GLY	1, 141	141	SER	1, 143	143	mit	mit	1
ALA	1, 142	142	SER	1, 143	143	mit	mit	1
SER	1, 116	116	VAL	1, 144	144	mit	mit	0.83
ALA	1, 123	123	VAL	1, 144	144	mit	mit	0.99
THR	1, 125	125	VAL	1, 144	144	mit	mit	0.96
VAL	1, 129	129	VAL	1, 144	144	mit	mit	0.95
ALA	1, 134	134	VAL	1, 144	144	mit	mit	0.99
GLY	1, 135	135	VAL	1, 144	144	mit	mit	0.9
HIS	1, 139	139	VAL	1, 144	144	mit	mit	0.98
GLY	1, 141	141	VAL	1, 144	144	mit	mit	0.93
ALA	1, 142	142	VAL	1, 144	144	mit	mit	0.73
SER	1, 143	143	VAL	1, 144	144	mit	mit	1
GLY	1, 141	141	ASP	1, 145	145	mit	mit	0.89
ALA	1, 142	142	ASP	1, 145	145	mit	mit	1
SER	1, 143	143	ASP	1, 145	145	mit	mit	0.99
VAL	1, 144	144	ASP	1, 145	145	mit	mit	1
LEU	1, 112	112	LEU	1, 146	146	mit	mit	1
LEU	1, 113	113	LEU	1, 146	146	mit	mit	0.88
ALA	1, 115	115	LEU	1, 146	146	mit	mit	0.99
SER	1, 116	116	LEU	1, 146	146	mit	mit	1
VAL	1, 119	119	LEU	1, 146	146	mit	mit	0.94
ALA	1, 123	123	LEU	1, 146	146	mit	mit	0.68
ALA	1, 142	142	LEU	1, 146	146	mit	mit	0.99
SER	1, 143	143	LEU	1, 146	146	mit	mit	1
VAL	1, 144	144	LEU	1, 146	146	mit	mit	0.99
ASP	1, 145	145	LEU	1, 146	146	mit	mit	1
THR	1, 60	60	ALA	1, 147	147	mit	mit	0.67
PHE	1, 64	64	ALA	1, 147	147	mit	mit	0.83
LEU	1, 112	112	ALA	1, 147	147	mit	mit	0.7
LEU	1, 113	113	ALA	1, 147	147	mit	mit	0.99
SER	1, 116	116	ALA	1, 147	147	mit	mit	1
ALA	1, 123	123	ALA	1, 147	147	mit	mit	1
THR	1, 125	125	ALA	1, 147	147	mit	mit	0.53
VAL	1, 129	129	ALA	1, 147	147	mit	mit	0.97
SER	1, 143	143	ALA	1, 147	147	mit	mit	0.98
VAL	1, 144	144	ALA	1, 147	147	mit	mit	1
ASP	1, 145	145	ALA	1, 147	147	mit	mit	1
LEU	1, 146	146	ALA	1, 147	147	mit	mit	1
VAL	1, 129	129	ILE	1, 148	148	mit	mit	0.87
VAL	1, 144	144	ILE	1, 148	148	mit	mit	1
ASP	1, 145	145	ILE	1, 148	148	mit	mit	1
LEU	1, 146	146	ILE	1, 148	148	mit	mit	0.99
ALA	1, 147	147	ILE	1, 148	148	mit	mit	1
LEU	1, 112	112	PHE	1, 149	149	mit	mit	0.99
ASP	1, 145	145	PHE	1, 149	149	mit	mit	1
LEU	1, 146	146	PHE	1, 149	149	mit	mit	1
ALA	1, 147	147	PHE	1, 149	149	mit	mit	0.98
ILE	1, 148	148	PHE	1, 149	149	mit	mit	1
PHE	1, 64	64	SER	1, 150	150	mit	mit	0.84
SER	1, 109	109	SER	1, 150	150	mit	mit	1
PHE	1, 110	110	SER	1, 150	150	mit	mit	0.8
LEU	1, 112	112	SER	1, 150	150	mit	mit	1
LEU	1, 113	113	SER	1, 150	150	mit	mit	1
SER	1, 116	116	SER	1, 150	150	mit	mit	0.96
LEU	1, 146	146	SER	1, 150	150	mit	mit	1
ALA	1, 147	147	SER	1, 150	150	mit	mit	1
ILE	1, 148	148	SER	1, 150	150	mit	mit	1
PHE	1, 149	149	SER	1, 150	150	mit	mit	1
PHE	1, 68	68	LEU	1, 151	151	mit	mit	0.77
ALA	1, 147	147	LEU	1, 151	151	mit	mit	0.99
ILE	1, 148	148	LEU	1, 151	151	mit	mit	1
PHE	1, 149	149	LEU	1, 151	151	mit	mit	0.99
SER	1, 150	150	LEU	1, 151	151	mit	mit	1
ILE	1, 148	148	HIS	1, 152	152	mit	mit	0.99
PHE	1, 149	149	HIS	1, 152	152	mit	mit	1
SER	1, 150	150	HIS	1, 152	152	mit	mit	1
LEU	1, 151	151	HIS	1, 152	152	mit	mit	1
LEU	1, 105	105	LEU	1, 153	153	mit	mit	1
LEU	1, 106	106	LEU	1, 153	153	mit	mit	0.63
PRO	1, 108	108	LEU	1, 153	153	mit	mit	0.99
SER	1, 109	109	LEU	1, 153	153	mit	mit	1
LEU	1, 112	112	LEU	1, 153	153	mit	mit	0.97
PHE	1, 149	149	LEU	1, 153	153	mit	mit	1
SER	1, 150	150	LEU	1, 153	153	mit	mit	1
LEU	1, 151	151	LEU	1, 153	153	mit	mit	0.97
HIS	1, 152	152	LEU	1, 153	153	mit	mit	1
PHE	1, 68	68	ALA	1, 154	154	mit	mit	1
PHE	1, 69	69	ALA	1, 154	154	mit	mit	0.73
LEU	1, 105	105	ALA	1, 154	154	mit	mit	0.87
LEU	1, 106	106	ALA	1, 154	154	mit	mit	0.97
SER	1, 109	109	ALA	1, 154	154	mit	mit	1
SER	1, 150	150	ALA	1, 154	154	mit	mit	1
LEU	1, 151	151	ALA	1, 154	154	mit	mit	1
HIS	1, 152	152	ALA	1, 154	154	mit	mit	0.99
LEU	1, 153	153	ALA	1, 154	154	mit	mit	1
LEU	1, 151	151	GLY	1, 155	155	mit	mit	1
HIS	1, 152	152	GLY	1, 155	155	mit	mit	1
LEU	1, 153	153	GLY	1, 155	155	mit	mit	1
ALA	1, 154	154	GLY	1, 155	155	mit	mit	1
LEU	1, 105	105	VAL	1, 156	156	mit	mit	0.99
HIS	1, 152	152	VAL	1, 156	156	mit	mit	1
LEU	1, 153	153	VAL	1, 156	156	mit	mit	1
ALA	1, 154	154	VAL	1, 156	156	mit	mit	0.98
GLY	1, 155	155	VAL	1, 156	156	mit	mit	1
MET	1, 101	101	SER	1, 157	157	mit	mit	0.56
SER	1, 102	102	SER	1, 157	157	mit	mit	1
PHE	1, 103	103	SER	1, 157	157	mit	mit	0.74
LEU	1, 105	105	SER	1, 157	157	mit	mit	1
LEU	1, 106	106	SER	1, 157	157	mit	mit	1
SER	1, 109	109	SER	1, 157	157	mit	mit	0.94
LEU	1, 153	153	SER	1, 157	157	mit	mit	0.99
ALA	1, 154	154	SER	1, 157	157	mit	mit	1
GLY	1, 155	155	SER	1, 157	157	mit	mit	1
VAL	1, 156	156	SER	1, 157	157	mit	mit	1
MET	1, 72	72	SER	1, 158	158	mit	mit	0.97
ILE	1, 76	76	SER	1, 158	158	mit	mit	0.68
SER	1, 102	102	SER	1, 158	158	mit	mit	0.78
ALA	1, 154	154	SER	1, 158	158	mit	mit	1
GLY	1, 155	155	SER	1, 158	158	mit	mit	1
VAL	1, 156	156	SER	1, 158	158	mit	mit	0.98
SER	1, 157	157	SER	1, 158	158	mit	mit	1
GLY	1, 155	155	ILE	1, 159	159	mit	mit	1
VAL	1, 156	156	ILE	1, 159	159	mit	mit	1
SER	1, 157	157	ILE	1, 159	159	mit	mit	0.97
SER	1, 158	158	ILE	1, 159	159	mit	mit	1
MET	1, 98	98	LEU	1, 160	160	mit	mit	1
MET	1, 101	101	LEU	1, 160	160	mit	mit	0.99
SER	1, 102	102	LEU	1, 160	160	mit	mit	1
LEU	1, 105	105	LEU	1, 160	160	mit	mit	0.59
VAL	1, 156	156	LEU	1, 160	160	mit	mit	1
SER	1, 157	157	LEU	1, 160	160	mit	mit	1
SER	1, 158	158	LEU	1, 160	160	mit	mit	0.99
ILE	1, 159	159	LEU	1, 160	160	mit	mit	1
ILE	1, 76	76	GLY	1, 161	161	mit	mit	0.56
MET	1, 98	98	GLY	1, 161	161	mit	mit	0.92
ASN	1, 99	99	GLY	1, 161	161	mit	mit	0.99
SER	1, 102	102	GLY	1, 161	161	mit	mit	1
SER	1, 157	157	GLY	1, 161	161	mit	mit	0.98
SER	1, 158	158	GLY	1, 161	161	mit	mit	1
ILE	1, 159	159	GLY	1, 161	161	mit	mit	1
LEU	1, 160	160	GLY	1, 161	161	mit	mit	1
SER	1, 158	158	ALA	1, 162	162	mit	mit	1
ILE	1, 159	159	ALA	1, 162	162	mit	mit	1
LEU	1, 160	160	ALA	1, 162	162	mit	mit	1
GLY	1, 161	161	ALA	1, 162	162	mit	mit	1
PHE	1, 95	95	ILE	1, 163	163	mit	mit	0.87
MET	1, 98	98	ILE	1, 163	163	mit	mit	0.83
ILE	1, 159	159	ILE	1, 163	163	mit	mit	1
LEU	1, 160	160	ILE	1, 163	163	mit	mit	1
GLY	1, 161	161	ILE	1, 163	163	mit	mit	1
ALA	1, 162	162	ILE	1, 163	163	mit	mit	1
MET	1, 93	93	ASN	1, 164	164	mit	mit	1
ALA	1, 94	94	ASN	1, 164	164	mit	mit	0.99
PHE	1, 95	95	ASN	1, 164	164	mit	mit	1
MET	1, 98	98	ASN	1, 164	164	mit	mit	0.99
ASN	1, 99	99	ASN	1, 164	164	mit	mit	1
SER	1, 102	102	ASN	1, 164	164	mit	mit	0.93
LEU	1, 160	160	ASN	1, 164	164	mit	mit	0.99
GLY	1, 161	161	ASN	1, 164	164	mit	mit	1
ALA	1, 162	162	ASN	1, 164	164	mit	mit	1
ILE	1, 163	163	ASN	1, 164	164	mit	mit	1
ILE	1, 76	76	PHE	1, 165	165	mit	mit	0.73
GLY	1, 80	80	PHE	1, 165	165	mit	mit	0.91
VAL	1, 84	84	PHE	1, 165	165	mit	mit	0.98
MET	1, 93	93	PHE	1, 165	165	mit	mit	0.55
GLY	1, 161	161	PHE	1, 165	165	mit	mit	1
ALA	1, 162	162	PHE	1, 165	165	mit	mit	1
ILE	1, 163	163	PHE	1, 165	165	mit	mit	0.96
ASN	1, 164	164	PHE	1, 165	165	mit	mit	1
ALA	1, 162	162	ILE	1, 166	166	mit	mit	1
ILE	1, 163	163	ILE	1, 166	166	mit	mit	1
ASN	1, 164	164	ILE	1, 166	166	mit	mit	0.98
PHE	1, 165	165	ILE	1, 166	166	mit	mit	1
ALA	1, 94	94	THR	1, 167	167	mit	mit	1
PHE	1, 95	95	THR	1, 167	167	mit	mit	0.96
ILE	1, 163	163	THR	1, 167	167	mit	mit	1
ASN	1, 164	164	THR	1, 167	167	mit	mit	1
PHE	1, 165	165	THR	1, 167	167	mit	mit	0.98
ILE	1, 166	166	THR	1, 167	167	mit	mit	1
VAL	1, 84	84	THR	1, 168	168	mit	mit	0.98
PRO	1, 85	85	THR	1, 168	168	mit	mit	0.97
ILE	1, 88	88	THR	1, 168	168	mit	mit	0.74
ALA	1, 90	90	THR	1, 168	168	mit	mit	0.98
MET	1, 93	93	THR	1, 168	168	mit	mit	1
ALA	1, 94	94	THR	1, 168	168	mit	mit	1
ASN	1, 164	164	THR	1, 168	168	mit	mit	1
PHE	1, 165	165	THR	1, 168	168	mit	mit	1
ILE	1, 166	166	THR	1, 168	168	mit	mit	0.99
THR	1, 167	167	THR	1, 168	168	mit	mit	1
VAL	1, 84	84	ILE	1, 169	169	mit	mit	0.96
ILE	1, 88	88	ILE	1, 169	169	mit	mit	0.97
PHE	1, 165	165	ILE	1, 169	169	mit	mit	0.99
ILE	1, 166	166	ILE	1, 169	169	mit	mit	1
THR	1, 167	167	ILE	1, 169	169	mit	mit	0.95
THR	1, 168	168	ILE	1, 169	169	mit	mit	1
ILE	1, 166	166	ILE	1, 170	170	mit	mit	0.99
THR	1, 167	167	ILE	1, 170	170	mit	mit	1
THR	1, 168	168	ILE	1, 170	170	mit	mit	0.92
ILE	1, 169	169	ILE	1, 170	170	mit	mit	1
ALA	1, 94	94	ASN	1, 171	171	mit	mit	0.97
THR	1, 167	167	ASN	1, 171	171	mit	mit	0.99
THR	1, 168	168	ASN	1, 171	171	mit	mit	0.99
ILE	1, 169	169	ASN	1, 171	171	mit	mit	0.66
ILE	1, 170	170	ASN	1, 171	171	mit	mit	1
PRO	1, 85	85	MET	1, 172	172	mit	mit	0.65
ILE	1, 88	88	MET	1, 172	172	mit	mit	0.97
GLY	1, 89	89	MET	1, 172	172	mit	mit	0.69
ALA	1, 90	90	MET	1, 172	172	mit	mit	0.99
ALA	1, 94	94	MET	1, 172	172	mit	mit	0.98
THR	1, 167	167	MET	1, 172	172	mit	mit	0.52
THR	1, 168	168	MET	1, 172	172	mit	mit	1
ILE	1, 169	169	MET	1, 172	172	mit	mit	0.88
ASN	1, 171	171	MET	1, 172	172	mit	mit	1
ILE	1, 88	88	LYS	1, 173	173	mit	mit	0.99
GLY	1, 89	89	LYS	1, 173	173	mit	mit	0.75
ALA	1, 90	90	LYS	1, 173	173	mit	mit	0.81
ILE	1, 169	169	LYS	1, 173	173	mit	mit	0.91
ILE	1, 170	170	LYS	1, 173	173	mit	mit	0.75
ASN	1, 171	171	LYS	1, 173	173	mit	mit	0.92
MET	1, 172	172	LYS	1, 173	173	mit	mit	1
ILE	1, 88	88	PRO	1, 174	174	mit	mit	0.74
GLY	1, 89	89	PRO	1, 174	174	mit	mit	0.98
LYS	1, 173	173	PRO	1, 174	174	mit	mit	1
LYS	1, 173	173	PRO	1, 175	175	mit	mit	0.72
PRO	1, 174	174	PRO	1, 175	175	mit	mit	1
PRO	1, 174	174	ALA	1, 176	176	mit	mit	0.99
PRO	1, 175	175	ALA	1, 176	176	mit	mit	1
ILE	1, 88	88	LEU	1, 177	177	mit	mit	0.52
LYS	1, 173	173	LEU	1, 177	177	mit	mit	0.99
PRO	1, 174	174	LEU	1, 177	177	mit	mit	0.99
PRO	1, 175	175	LEU	1, 177	177	mit	mit	0.94
ALA	1, 176	176	LEU	1, 177	177	mit	mit	1
LEU	1, 177	177	SER	1, 178	178	mit	mit	1
ILE	1, 170	170	GLN	1, 179	179	mit	mit	0.58
LYS	1, 173	173	GLN	1, 179	179	mit	mit	0.6
SER	1, 178	178	GLN	1, 179	179	mit	mit	1
SER	1, 178	178	TYR	1, 180	180	mit	mit	1
GLN	1, 179	179	TYR	1, 180	180	mit	mit	1
LEU	1, 177	177	GLN	1, 181	181	mit	mit	0.99
SER	1, 178	178	GLN	1, 181	181	mit	mit	0.99
GLN	1, 179	179	GLN	1, 181	181	mit	mit	0.96
TYR	1, 180	180	GLN	1, 181	181	mit	mit	1
MET	1, 87	87	THR	1, 182	182	mit	mit	0.79
ILE	1, 88	88	THR	1, 182	182	mit	mit	0.97
ILE	1, 169	169	THR	1, 182	182	mit	mit	0.84
LYS	1, 173	173	THR	1, 182	182	mit	mit	0.92
LEU	1, 177	177	THR	1, 182	182	mit	mit	0.91
GLN	1, 179	179	THR	1, 182	182	mit	mit	0.99
TYR	1, 180	180	THR	1, 182	182	mit	mit	0.95
GLN	1, 181	181	THR	1, 182	182	mit	mit	1
MET	1, 87	87	PRO	1, 183	183	mit	mit	1
THR	1, 182	182	PRO	1, 183	183	mit	mit	1
PRO	1, 183	183	LEU	1, 184	184	mit	mit	1
LEU	1, 83	83	PHE	1, 185	185	mit	mit	0.99
VAL	1, 84	84	PHE	1, 185	185	mit	mit	0.79
MET	1, 87	87	PHE	1, 185	185	mit	mit	0.98
PRO	1, 183	183	PHE	1, 185	185	mit	mit	1
LEU	1, 184	184	PHE	1, 185	185	mit	mit	1
VAL	1, 84	84	VAL	1, 186	186	mit	mit	0.99
MET	1, 87	87	VAL	1, 186	186	mit	mit	0.99
ILE	1, 88	88	VAL	1, 186	186	mit	mit	0.99
ILE	1, 169	169	VAL	1, 186	186	mit	mit	0.99
THR	1, 182	182	VAL	1, 186	186	mit	mit	1
PRO	1, 183	183	VAL	1, 186	186	mit	mit	1
LEU	1, 184	184	VAL	1, 186	186	mit	mit	0.99
PHE	1, 185	185	VAL	1, 186	186	mit	mit	1
THR	1, 182	182	TRP	1, 187	187	mit	mit	0.99
PRO	1, 183	183	TRP	1, 187	187	mit	mit	0.94
LEU	1, 184	184	TRP	1, 187	187	mit	mit	1
PHE	1, 185	185	TRP	1, 187	187	mit	mit	0.99
VAL	1, 186	186	TRP	1, 187	187	mit	mit	1
LEU	1, 184	184	SER	1, 188	188	mit	mit	1
PHE	1, 185	185	SER	1, 188	188	mit	mit	1
VAL	1, 186	186	SER	1, 188	188	mit	mit	0.99
TRP	1, 187	187	SER	1, 188	188	mit	mit	1
ILE	1, 76	76	VAL	1, 189	189	mit	mit	0.98
GLY	1, 80	80	VAL	1, 189	189	mit	mit	1
VAL	1, 84	84	VAL	1, 189	189	mit	mit	0.99
PHE	1, 165	165	VAL	1, 189	189	mit	mit	1
ILE	1, 169	169	VAL	1, 189	189	mit	mit	0.9
PHE	1, 185	185	VAL	1, 189	189	mit	mit	1
VAL	1, 186	186	VAL	1, 189	189	mit	mit	1
TRP	1, 187	187	VAL	1, 189	189	mit	mit	0.98
SER	1, 188	188	VAL	1, 189	189	mit	mit	1
PHE	1, 165	165	LEU	1, 190	190	mit	mit	0.98
ILE	1, 166	166	LEU	1, 190	190	mit	mit	0.99
ILE	1, 169	169	LEU	1, 190	190	mit	mit	1
VAL	1, 186	186	LEU	1, 190	190	mit	mit	1
TRP	1, 187	187	LEU	1, 190	190	mit	mit	1
SER	1, 188	188	LEU	1, 190	190	mit	mit	1
VAL	1, 189	189	LEU	1, 190	190	mit	mit	1
TRP	1, 187	187	ILE	1, 191	191	mit	mit	0.99
SER	1, 188	188	ILE	1, 191	191	mit	mit	1
VAL	1, 189	189	ILE	1, 191	191	mit	mit	0.96
LEU	1, 190	190	ILE	1, 191	191	mit	mit	1
ILE	1, 76	76	THR	1, 192	192	mit	mit	0.98
SER	1, 188	188	THR	1, 192	192	mit	mit	1
VAL	1, 189	189	THR	1, 192	192	mit	mit	1
LEU	1, 190	190	THR	1, 192	192	mit	mit	1
ILE	1, 191	191	THR	1, 192	192	mit	mit	1
ILE	1, 76	76	ALA	1, 193	193	mit	mit	0.63
GLY	1, 161	161	ALA	1, 193	193	mit	mit	0.92
ALA	1, 162	162	ALA	1, 193	193	mit	mit	1
PHE	1, 165	165	ALA	1, 193	193	mit	mit	1
ILE	1, 166	166	ALA	1, 193	193	mit	mit	1
ILE	1, 169	169	ALA	1, 193	193	mit	mit	0.53
VAL	1, 189	189	ALA	1, 193	193	mit	mit	1
LEU	1, 190	190	ALA	1, 193	193	mit	mit	1
ILE	1, 191	191	ALA	1, 193	193	mit	mit	1
THR	1, 192	192	ALA	1, 193	193	mit	mit	1
ALA	1, 162	162	ILE	1, 194	194	mit	mit	0.87
ILE	1, 166	166	ILE	1, 194	194	mit	mit	0.99
LEU	1, 190	190	ILE	1, 194	194	mit	mit	0.99
ILE	1, 191	191	ILE	1, 194	194	mit	mit	1
THR	1, 192	192	ILE	1, 194	194	mit	mit	0.99
ALA	1, 193	193	ILE	1, 194	194	mit	mit	1
ILE	1, 191	191	LEU	1, 195	195	mit	mit	1
THR	1, 192	192	LEU	1, 195	195	mit	mit	1
ALA	1, 193	193	LEU	1, 195	195	mit	mit	0.99
ILE	1, 194	194	LEU	1, 195	195	mit	mit	1
SER	1, 158	158	LEU	1, 196	196	mit	mit	1
ILE	1, 159	159	LEU	1, 196	196	mit	mit	0.98
GLY	1, 161	161	LEU	1, 196	196	mit	mit	0.59
ALA	1, 162	162	LEU	1, 196	196	mit	mit	1
THR	1, 192	192	LEU	1, 196	196	mit	mit	1
ALA	1, 193	193	LEU	1, 196	196	mit	mit	1
ILE	1, 194	194	LEU	1, 196	196	mit	mit	0.99
LEU	1, 195	195	LEU	1, 196	196	mit	mit	1
ILE	1, 159	159	LEU	1, 197	197	mit	mit	0.99
ALA	1, 162	162	LEU	1, 197	197	mit	mit	1
ILE	1, 163	163	LEU	1, 197	197	mit	mit	0.98
ILE	1, 166	166	LEU	1, 197	197	mit	mit	0.96
ALA	1, 193	193	LEU	1, 197	197	mit	mit	0.99
ILE	1, 194	194	LEU	1, 197	197	mit	mit	1
LEU	1, 195	195	LEU	1, 197	197	mit	mit	0.99
LEU	1, 196	196	LEU	1, 197	197	mit	mit	1
ILE	1, 194	194	LEU	1, 198	198	mit	mit	0.99
LEU	1, 195	195	LEU	1, 198	198	mit	mit	1
LEU	1, 196	196	LEU	1, 198	198	mit	mit	0.93
LEU	1, 197	197	LEU	1, 198	198	mit	mit	1
LEU	1, 195	195	SER	1, 199	199	mit	mit	1
LEU	1, 196	196	SER	1, 199	199	mit	mit	1
LEU	1, 197	197	SER	1, 199	199	mit	mit	0.76
LEU	1, 198	198	SER	1, 199	199	mit	mit	1
GLY	1, 155	155	LEU	1, 200	200	mit	mit	1
SER	1, 158	158	LEU	1, 200	200	mit	mit	0.99
ILE	1, 159	159	LEU	1, 200	200	mit	mit	0.99
LEU	1, 196	196	LEU	1, 200	200	mit	mit	0.99
LEU	1, 197	197	LEU	1, 200	200	mit	mit	0.96
LEU	1, 198	198	LEU	1, 200	200	mit	mit	0.54
SER	1, 199	199	LEU	1, 200	200	mit	mit	1
ILE	1, 159	159	PRO	1, 201	201	mit	mit	0.96
LEU	1, 197	197	PRO	1, 201	201	mit	mit	0.63
LEU	1, 198	198	PRO	1, 201	201	mit	mit	0.92
SER	1, 199	199	PRO	1, 201	201	mit	mit	0.96
LEU	1, 200	200	PRO	1, 201	201	mit	mit	1
LEU	1, 198	198	VAL	1, 202	202	mit	mit	0.52
SER	1, 199	199	VAL	1, 202	202	mit	mit	0.99
LEU	1, 200	200	VAL	1, 202	202	mit	mit	0.99
PRO	1, 201	201	VAL	1, 202	202	mit	mit	1
LEU	1, 151	151	LEU	1, 203	203	mit	mit	0.91
GLY	1, 155	155	LEU	1, 203	203	mit	mit	0.79
SER	1, 199	199	LEU	1, 203	203	mit	mit	0.98
LEU	1, 200	200	LEU	1, 203	203	mit	mit	1
PRO	1, 201	201	LEU	1, 203	203	mit	mit	1
VAL	1, 202	202	LEU	1, 203	203	mit	mit	1
HIS	1, 152	152	ALA	1, 204	204	mit	mit	0.99
GLY	1, 155	155	ALA	1, 204	204	mit	mit	0.98
LEU	1, 200	200	ALA	1, 204	204	mit	mit	0.99
PRO	1, 201	201	ALA	1, 204	204	mit	mit	1
VAL	1, 202	202	ALA	1, 204	204	mit	mit	1
LEU	1, 203	203	ALA	1, 204	204	mit	mit	1
PRO	1, 201	201	ALA	1, 205	205	mit	mit	0.99
VAL	1, 202	202	ALA	1, 205	205	mit	mit	1
LEU	1, 203	203	ALA	1, 205	205	mit	mit	1
ALA	1, 204	204	ALA	1, 205	205	mit	mit	1
VAL	1, 202	202	GLY	1, 206	206	mit	mit	0.98
LEU	1, 203	203	GLY	1, 206	206	mit	mit	1
ALA	1, 204	204	GLY	1, 206	206	mit	mit	1
ALA	1, 205	205	GLY	1, 206	206	mit	mit	1
VAL	1, 129	129	ILE	1, 207	207	mit	mit	0.78
ILE	1, 148	148	ILE	1, 207	207	mit	mit	1
LEU	1, 151	151	ILE	1, 207	207	mit	mit	0.99
HIS	1, 152	152	ILE	1, 207	207	mit	mit	0.98
LEU	1, 203	203	ILE	1, 207	207	mit	mit	1
ALA	1, 204	204	ILE	1, 207	207	mit	mit	1
ALA	1, 205	205	ILE	1, 207	207	mit	mit	0.87
GLY	1, 206	206	ILE	1, 207	207	mit	mit	1
HIS	1, 152	152	THR	1, 208	208	mit	mit	0.55
ALA	1, 204	204	THR	1, 208	208	mit	mit	1
ALA	1, 205	205	THR	1, 208	208	mit	mit	1
GLY	1, 206	206	THR	1, 208	208	mit	mit	1
ILE	1, 207	207	THR	1, 208	208	mit	mit	1
ALA	1, 205	205	MET	1, 209	209	mit	mit	1
GLY	1, 206	206	MET	1, 209	209	mit	mit	1
ILE	1, 207	207	MET	1, 209	209	mit	mit	1
THR	1, 208	208	MET	1, 209	209	mit	mit	1
VAL	1, 129	129	LEU	1, 210	210	mit	mit	0.91
PRO	1, 131	131	LEU	1, 210	210	mit	mit	0.99
ALA	1, 134	134	LEU	1, 210	210	mit	mit	0.97
GLY	1, 135	135	LEU	1, 210	210	mit	mit	0.66
ILE	1, 148	148	LEU	1, 210	210	mit	mit	0.99
GLY	1, 206	206	LEU	1, 210	210	mit	mit	1
ILE	1, 207	207	LEU	1, 210	210	mit	mit	1
THR	1, 208	208	LEU	1, 210	210	mit	mit	1
MET	1, 209	209	LEU	1, 210	210	mit	mit	1
ASP	1, 145	145	LEU	1, 211	211	mit	mit	0.98
ILE	1, 148	148	LEU	1, 211	211	mit	mit	1
ILE	1, 207	207	LEU	1, 211	211	mit	mit	0.99
THR	1, 208	208	LEU	1, 211	211	mit	mit	1
MET	1, 209	209	LEU	1, 211	211	mit	mit	1
LEU	1, 210	210	LEU	1, 211	211	mit	mit	1
THR	1, 208	208	THR	1, 212	212	mit	mit	1
MET	1, 209	209	THR	1, 212	212	mit	mit	1
LEU	1, 210	210	THR	1, 212	212	mit	mit	0.97
LEU	1, 211	211	THR	1, 212	212	mit	mit	1
PRO	1, 131	131	ASP	1, 213	213	mit	mit	0.91
GLY	1, 135	135	ASP	1, 213	213	mit	mit	0.93
ASN	1, 136	136	ASP	1, 213	213	mit	mit	0.6
MET	1, 209	209	ASP	1, 213	213	mit	mit	0.99
LEU	1, 210	210	ASP	1, 213	213	mit	mit	1
LEU	1, 211	211	ASP	1, 213	213	mit	mit	0.99
THR	1, 212	212	ASP	1, 213	213	mit	mit	1
ALA	1, 134	134	ARG	1, 214	214	mit	mit	0.67
GLY	1, 135	135	ARG	1, 214	214	mit	mit	0.99
ASN	1, 136	136	ARG	1, 214	214	mit	mit	0.99
VAL	1, 144	144	ARG	1, 214	214	mit	mit	0.95
ASP	1, 145	145	ARG	1, 214	214	mit	mit	0.97
LEU	1, 210	210	ARG	1, 214	214	mit	mit	0.99
LEU	1, 211	211	ARG	1, 214	214	mit	mit	1
THR	1, 212	212	ARG	1, 214	214	mit	mit	0.96
ASP	1, 213	213	ARG	1, 214	214	mit	mit	1
ASN	1, 136	136	ASN	1, 215	215	mit	mit	0.65
ASP	1, 145	145	ASN	1, 215	215	mit	mit	0.93
LEU	1, 211	211	ASN	1, 215	215	mit	mit	0.99
THR	1, 212	212	ASN	1, 215	215	mit	mit	0.99
ASP	1, 213	213	ASN	1, 215	215	mit	mit	0.58
ARG	1, 214	214	ASN	1, 215	215	mit	mit	1
THR	1, 212	212	LEU	1, 216	216	mit	mit	0.99
ASP	1, 213	213	LEU	1, 216	216	mit	mit	0.75
ASN	1, 215	215	LEU	1, 216	216	mit	mit	1
LEU	1, 216	216	ASN	1, 217	217	mit	mit	1
MET	1, 209	209	THR	1, 218	218	mit	mit	0.89
THR	1, 212	212	THR	1, 218	218	mit	mit	1
ASP	1, 213	213	THR	1, 218	218	mit	mit	1
LEU	1, 216	216	THR	1, 218	218	mit	mit	1
ASN	1, 217	217	THR	1, 218	218	mit	mit	1
ASP	1, 213	213	THR	1, 219	219	mit	mit	0.98
ASN	1, 217	217	THR	1, 219	219	mit	mit	0.85
THR	1, 218	218	THR	1, 219	219	mit	mit	1
MET	1, 209	209	PHE	1, 220	220	mit	mit	1
LEU	1, 210	210	PHE	1, 220	220	mit	mit	0.75
THR	1, 212	212	PHE	1, 220	220	mit	mit	0.85
ASP	1, 213	213	PHE	1, 220	220	mit	mit	1
THR	1, 218	218	PHE	1, 220	220	mit	mit	1
THR	1, 219	219	PHE	1, 220	220	mit	mit	1
PRO	1, 131	131	PHE	1, 221	221	mit	mit	1
PRO	1, 132	132	PHE	1, 221	221	mit	mit	0.92
MET	1, 209	209	PHE	1, 221	221	mit	mit	0.91
LEU	1, 210	210	PHE	1, 221	221	mit	mit	0.97
ASP	1, 213	213	PHE	1, 221	221	mit	mit	0.99
THR	1, 219	219	PHE	1, 221	221	mit	mit	0.9
PHE	1, 220	220	PHE	1, 221	221	mit	mit	1
PRO	1, 131	131	ASP	1, 222	222	mit	mit	0.56
PRO	1, 132	132	ASP	1, 222	222	mit	mit	0.83
ASP	1, 213	213	ASP	1, 222	222	mit	mit	0.98
THR	1, 219	219	ASP	1, 222	222	mit	mit	0.99
PHE	1, 220	220	ASP	1, 222	222	mit	mit	0.93
PHE	1, 221	221	ASP	1, 222	222	mit	mit	1
ASP	1, 222	222	PRO	1, 223	223	mit	mit	1
THR	1, 219	219	ALA	1, 224	224	mit	mit	0.95
ASP	1, 222	222	ALA	1, 224	224	mit	mit	1
PRO	1, 223	223	ALA	1, 224	224	mit	mit	1
THR	1, 219	219	GLY	1, 225	225	mit	mit	0.99
ASP	1, 222	222	GLY	1, 225	225	mit	mit	0.99
PRO	1, 223	223	GLY	1, 225	225	mit	mit	1
ALA	1, 224	224	GLY	1, 225	225	mit	mit	1
THR	1, 219	219	GLY	1, 226	226	mit	mit	0.99
ASP	1, 222	222	GLY	1, 226	226	mit	mit	0.91
PRO	1, 223	223	GLY	1, 226	226	mit	mit	0.99
ALA	1, 224	224	GLY	1, 226	226	mit	mit	0.99
GLY	1, 225	225	GLY	1, 226	226	mit	mit	1
THR	1, 219	219	GLY	1, 227	227	mit	mit	0.99
PHE	1, 220	220	GLY	1, 227	227	mit	mit	0.99
PHE	1, 221	221	GLY	1, 227	227	mit	mit	0.99
ASP	1, 222	222	GLY	1, 227	227	mit	mit	0.99
PRO	1, 223	223	GLY	1, 227	227	mit	mit	0.99
GLY	1, 225	225	GLY	1, 227	227	mit	mit	1
GLY	1, 226	226	GLY	1, 227	227	mit	mit	1
PHE	1, 221	221	ASP	1, 228	228	mit	mit	0.97
PRO	1, 223	223	ASP	1, 228	228	mit	mit	0.93
GLY	1, 226	226	ASP	1, 228	228	mit	mit	0.99
GLY	1, 227	227	ASP	1, 228	228	mit	mit	1
TYR	1, 130	130	PRO	1, 229	229	mit	mit	0.88
PRO	1, 131	131	PRO	1, 229	229	mit	mit	1
PRO	1, 132	132	PRO	1, 229	229	mit	mit	0.99
PHE	1, 221	221	PRO	1, 229	229	mit	mit	1
PRO	1, 223	223	PRO	1, 229	229	mit	mit	0.91
GLY	1, 227	227	PRO	1, 229	229	mit	mit	0.85
ASP	1, 228	228	PRO	1, 229	229	mit	mit	1
ASP	1, 228	228	ILE	1, 230	230	mit	mit	1
PRO	1, 229	229	ILE	1, 230	230	mit	mit	1
PHE	1, 220	220	LEU	1, 231	231	mit	mit	0.96
PHE	1, 221	221	LEU	1, 231	231	mit	mit	0.97
GLY	1, 227	227	LEU	1, 231	231	mit	mit	0.97
ASP	1, 228	228	LEU	1, 231	231	mit	mit	1
PRO	1, 229	229	LEU	1, 231	231	mit	mit	1
ILE	1, 230	230	LEU	1, 231	231	mit	mit	1
TYR	1, 130	130	TYR	1, 232	232	mit	mit	0.98
PRO	1, 131	131	TYR	1, 232	232	mit	mit	0.99
GLY	1, 206	206	TYR	1, 232	232	mit	mit	0.98
MET	1, 209	209	TYR	1, 232	232	mit	mit	0.82
LEU	1, 210	210	TYR	1, 232	232	mit	mit	0.98
PHE	1, 220	220	TYR	1, 232	232	mit	mit	0.69
PHE	1, 221	221	TYR	1, 232	232	mit	mit	0.99
PRO	1, 229	229	TYR	1, 232	232	mit	mit	0.99
ILE	1, 230	230	TYR	1, 232	232	mit	mit	0.99
LEU	1, 231	231	TYR	1, 232	232	mit	mit	1
TYR	1, 130	130	GLN	1, 233	233	mit	mit	0.94
PRO	1, 229	229	GLN	1, 233	233	mit	mit	0.93
ILE	1, 230	230	GLN	1, 233	233	mit	mit	1
LEU	1, 231	231	GLN	1, 233	233	mit	mit	1
TYR	1, 232	232	GLN	1, 233	233	mit	mit	1
ILE	1, 230	230	HIS	1, 234	234	mit	mit	1
LEU	1, 231	231	HIS	1, 234	234	mit	mit	1
TYR	1, 232	232	HIS	1, 234	234	mit	mit	0.99
GLN	1, 233	233	HIS	1, 234	234	mit	mit	1
VAL	1, 202	202	LEU	1, 235	235	mit	mit	0.99
LEU	1, 203	203	LEU	1, 235	235	mit	mit	0.93
ALA	1, 205	205	LEU	1, 235	235	mit	mit	0.97
GLY	1, 206	206	LEU	1, 235	235	mit	mit	1
MET	1, 209	209	LEU	1, 235	235	mit	mit	0.68
LEU	1, 231	231	LEU	1, 235	235	mit	mit	0.99
TYR	1, 232	232	LEU	1, 235	235	mit	mit	1
GLN	1, 233	233	LEU	1, 235	235	mit	mit	0.98
HIS	1, 234	234	LEU	1, 235	235	mit	mit	1
THR	1, 128	128	PHE	1, 236	236	mit	mit	0.98
VAL	1, 129	129	PHE	1, 236	236	mit	mit	0.67
LEU	1, 203	203	PHE	1, 236	236	mit	mit	0.98
GLY	1, 206	206	PHE	1, 236	236	mit	mit	0.95
TYR	1, 232	232	PHE	1, 236	236	mit	mit	1
GLN	1, 233	233	PHE	1, 236	236	mit	mit	1
HIS	1, 234	234	PHE	1, 236	236	mit	mit	0.98
LEU	1, 235	235	PHE	1, 236	236	mit	mit	1
GLN	1, 233	233	TRP	1, 237	237	mit	mit	1
HIS	1, 234	234	TRP	1, 237	237	mit	mit	1
LEU	1, 235	235	TRP	1, 237	237	mit	mit	0.82
PHE	1, 236	236	TRP	1, 237	237	mit	mit	1
SER	1, 199	199	PHE	1, 238	238	mit	mit	0.96
VAL	1, 202	202	PHE	1, 238	238	mit	mit	1
LEU	1, 203	203	PHE	1, 238	238	mit	mit	0.52
HIS	1, 234	234	PHE	1, 238	238	mit	mit	0.99
LEU	1, 235	235	PHE	1, 238	238	mit	mit	1
PHE	1, 236	236	PHE	1, 238	238	mit	mit	0.99
TRP	1, 237	237	PHE	1, 238	238	mit	mit	1
SER	1, 199	199	PHE	1, 239	239	mit	mit	1
LEU	1, 200	200	PHE	1, 239	239	mit	mit	0.98
VAL	1, 202	202	PHE	1, 239	239	mit	mit	0.99
LEU	1, 203	203	PHE	1, 239	239	mit	mit	1
LEU	1, 235	235	PHE	1, 239	239	mit	mit	0.91
PHE	1, 236	236	PHE	1, 239	239	mit	mit	0.99
TRP	1, 237	237	PHE	1, 239	239	mit	mit	0.98
PHE	1, 238	238	PHE	1, 239	239	mit	mit	1
SER	1, 199	199	GLY	1, 240	240	mit	mit	0.9
LEU	1, 203	203	GLY	1, 240	240	mit	mit	0.7
PHE	1, 236	236	GLY	1, 240	240	mit	mit	0.99
TRP	1, 237	237	GLY	1, 240	240	mit	mit	1
PHE	1, 238	238	GLY	1, 240	240	mit	mit	1
PHE	1, 239	239	GLY	1, 240	240	mit	mit	1
TRP	1, 237	237	HIS	1, 241	241	mit	mit	0.98
PHE	1, 238	238	HIS	1, 241	241	mit	mit	0.86
PHE	1, 239	239	HIS	1, 241	241	mit	mit	0.54
GLY	1, 240	240	HIS	1, 241	241	mit	mit	1
LEU	1, 195	195	PRO	1, 242	242	mit	mit	0.99
LEU	1, 198	198	PRO	1, 242	242	mit	mit	0.72
SER	1, 199	199	PRO	1, 242	242	mit	mit	1
PHE	1, 238	238	PRO	1, 242	242	mit	mit	0.75
PHE	1, 239	239	PRO	1, 242	242	mit	mit	0.99
GLY	1, 240	240	PRO	1, 242	242	mit	mit	1
HIS	1, 241	241	PRO	1, 242	242	mit	mit	1
ILE	1, 67	67	GLU	1, 243	243	mit	mit	0.84
SER	1, 199	199	GLU	1, 243	243	mit	mit	0.92
PHE	1, 239	239	GLU	1, 243	243	mit	mit	0.97
GLY	1, 240	240	GLU	1, 243	243	mit	mit	0.99
HIS	1, 241	241	GLU	1, 243	243	mit	mit	0.99
PRO	1, 242	242	GLU	1, 243	243	mit	mit	1
GLY	1, 240	240	VAL	1, 244	244	mit	mit	0.97
HIS	1, 241	241	VAL	1, 244	244	mit	mit	0.99
PRO	1, 242	242	VAL	1, 244	244	mit	mit	0.94
GLU	1, 243	243	VAL	1, 244	244	mit	mit	1
THR	1, 192	192	TYR	1, 245	245	mit	mit	0.53
LEU	1, 195	195	TYR	1, 245	245	mit	mit	0.97
HIS	1, 241	241	TYR	1, 245	245	mit	mit	0.93
PRO	1, 242	242	TYR	1, 245	245	mit	mit	1
GLU	1, 243	243	TYR	1, 245	245	mit	mit	0.98
VAL	1, 244	244	TYR	1, 245	245	mit	mit	1
MET	1, 72	72	ILE	1, 246	246	mit	mit	0.92
THR	1, 192	192	ILE	1, 246	246	mit	mit	1
LEU	1, 195	195	ILE	1, 246	246	mit	mit	0.99
LEU	1, 196	196	ILE	1, 246	246	mit	mit	0.99
SER	1, 199	199	ILE	1, 246	246	mit	mit	0.64
PRO	1, 242	242	ILE	1, 246	246	mit	mit	0.98
GLU	1, 243	243	ILE	1, 246	246	mit	mit	1
VAL	1, 244	244	ILE	1, 246	246	mit	mit	0.99
TYR	1, 245	245	ILE	1, 246	246	mit	mit	1
ILE	1, 67	67	LEU	1, 247	247	mit	mit	0.97
VAL	1, 71	71	LEU	1, 247	247	mit	mit	0.99
MET	1, 72	72	LEU	1, 247	247	mit	mit	0.94
MET	1, 75	75	LEU	1, 247	247	mit	mit	0.82
GLU	1, 243	243	LEU	1, 247	247	mit	mit	0.97
VAL	1, 244	244	LEU	1, 247	247	mit	mit	0.99
TYR	1, 245	245	LEU	1, 247	247	mit	mit	0.99
ILE	1, 246	246	LEU	1, 247	247	mit	mit	1
VAL	1, 244	244	ILE	1, 248	248	mit	mit	0.97
TYR	1, 245	245	ILE	1, 248	248	mit	mit	1
ILE	1, 246	246	ILE	1, 248	248	mit	mit	0.72
LEU	1, 247	247	ILE	1, 248	248	mit	mit	1
SER	1, 188	188	LEU	1, 249	249	mit	mit	1
ILE	1, 191	191	LEU	1, 249	249	mit	mit	0.99
THR	1, 192	192	LEU	1, 249	249	mit	mit	1
LEU	1, 195	195	LEU	1, 249	249	mit	mit	0.8
TYR	1, 245	245	LEU	1, 249	249	mit	mit	0.99
ILE	1, 246	246	LEU	1, 249	249	mit	mit	0.99
LEU	1, 247	247	LEU	1, 249	249	mit	mit	0.68
ILE	1, 248	248	LEU	1, 249	249	mit	mit	1
MET	1, 75	75	PRO	1, 250	250	mit	mit	1
ILE	1, 76	76	PRO	1, 250	250	mit	mit	0.99
PHE	1, 79	79	PRO	1, 250	250	mit	mit	0.93
GLY	1, 80	80	PRO	1, 250	250	mit	mit	0.7
PHE	1, 185	185	PRO	1, 250	250	mit	mit	0.76
SER	1, 188	188	PRO	1, 250	250	mit	mit	1
VAL	1, 189	189	PRO	1, 250	250	mit	mit	0.99
THR	1, 192	192	PRO	1, 250	250	mit	mit	1
LEU	1, 247	247	PRO	1, 250	250	mit	mit	0.56
ILE	1, 248	248	PRO	1, 250	250	mit	mit	0.91
LEU	1, 249	249	PRO	1, 250	250	mit	mit	1
MET	1, 75	75	GLY	1, 251	251	mit	mit	0.98
SER	1, 188	188	GLY	1, 251	251	mit	mit	0.97
ILE	1, 248	248	GLY	1, 251	251	mit	mit	1
LEU	1, 249	249	GLY	1, 251	251	mit	mit	1
PRO	1, 250	250	GLY	1, 251	251	mit	mit	1
LEU	1, 184	184	PHE	1, 252	252	mit	mit	0.52
SER	1, 188	188	PHE	1, 252	252	mit	mit	0.99
ILE	1, 248	248	PHE	1, 252	252	mit	mit	0.99
LEU	1, 249	249	PHE	1, 252	252	mit	mit	1
PRO	1, 250	250	PHE	1, 252	252	mit	mit	1
GLY	1, 251	251	PHE	1, 252	252	mit	mit	1
LEU	1, 184	184	GLY	1, 253	253	mit	mit	1
PHE	1, 185	185	GLY	1, 253	253	mit	mit	1
TRP	1, 187	187	GLY	1, 253	253	mit	mit	0.78
SER	1, 188	188	GLY	1, 253	253	mit	mit	1
LEU	1, 249	249	GLY	1, 253	253	mit	mit	0.86
PRO	1, 250	250	GLY	1, 253	253	mit	mit	1
GLY	1, 251	251	GLY	1, 253	253	mit	mit	1
PHE	1, 252	252	GLY	1, 253	253	mit	mit	1
PHE	1, 79	79	MET	1, 254	254	mit	mit	0.98
PHE	1, 185	185	MET	1, 254	254	mit	mit	0.99
SER	1, 188	188	MET	1, 254	254	mit	mit	0.63
PRO	1, 250	250	MET	1, 254	254	mit	mit	0.99
GLY	1, 251	251	MET	1, 254	254	mit	mit	1
PHE	1, 252	252	MET	1, 254	254	mit	mit	0.98
GLY	1, 253	253	MET	1, 254	254	mit	mit	1
GLY	1, 251	251	ILE	1, 255	255	mit	mit	1
PHE	1, 252	252	ILE	1, 255	255	mit	mit	1
GLY	1, 253	253	ILE	1, 255	255	mit	mit	1
MET	1, 254	254	ILE	1, 255	255	mit	mit	1
LEU	1, 184	184	SER	1, 256	256	mit	mit	1
PHE	1, 185	185	SER	1, 256	256	mit	mit	0.92
PHE	1, 252	252	SER	1, 256	256	mit	mit	0.99
GLY	1, 253	253	SER	1, 256	256	mit	mit	1
MET	1, 254	254	SER	1, 256	256	mit	mit	1
ILE	1, 255	255	SER	1, 256	256	mit	mit	1
PRO	1, 183	183	HIS	1, 257	257	mit	mit	0.96
LEU	1, 184	184	HIS	1, 257	257	mit	mit	0.97
PHE	1, 185	185	HIS	1, 257	257	mit	mit	1
GLY	1, 253	253	HIS	1, 257	257	mit	mit	1
MET	1, 254	254	HIS	1, 257	257	mit	mit	1
ILE	1, 255	255	HIS	1, 257	257	mit	mit	0.99
SER	1, 256	256	HIS	1, 257	257	mit	mit	1
MET	1, 254	254	VAL	1, 258	258	mit	mit	1
ILE	1, 255	255	VAL	1, 258	258	mit	mit	1
SER	1, 256	256	VAL	1, 258	258	mit	mit	0.97
HIS	1, 257	257	VAL	1, 258	258	mit	mit	1
ILE	1, 255	255	VAL	1, 259	259	mit	mit	1
SER	1, 256	256	VAL	1, 259	259	mit	mit	1
HIS	1, 257	257	VAL	1, 259	259	mit	mit	0.97
VAL	1, 258	258	VAL	1, 259	259	mit	mit	1
SER	1, 256	256	ALA	1, 260	260	mit	mit	0.99
HIS	1, 257	257	ALA	1, 260	260	mit	mit	1
VAL	1, 258	258	ALA	1, 260	260	mit	mit	0.98
VAL	1, 259	259	ALA	1, 260	260	mit	mit	1
HIS	1, 257	257	TYR	1, 261	261	mit	mit	1
VAL	1, 258	258	TYR	1, 261	261	mit	mit	1
VAL	1, 259	259	TYR	1, 261	261	mit	mit	0.99
ALA	1, 260	260	TYR	1, 261	261	mit	mit	1
VAL	1, 258	258	TYR	1, 262	262	mit	mit	0.99
VAL	1, 259	259	TYR	1, 262	262	mit	mit	0.99
ALA	1, 260	260	TYR	1, 262	262	mit	mit	0.59
TYR	1, 261	261	TYR	1, 262	262	mit	mit	1
VAL	1, 259	259	ALA	1, 263	263	mit	mit	1
ALA	1, 260	260	ALA	1, 263	263	mit	mit	1
TYR	1, 261	261	ALA	1, 263	263	mit	mit	0.99
TYR	1, 262	262	ALA	1, 263	263	mit	mit	1
ALA	1, 260	260	GLY	1, 264	264	mit	mit	0.97
TYR	1, 261	261	GLY	1, 264	264	mit	mit	0.98
TYR	1, 262	262	GLY	1, 264	264	mit	mit	0.99
ALA	1, 263	263	GLY	1, 264	264	mit	mit	1
ALA	1, 260	260	LYS	1, 265	265	mit	mit	0.99
ALA	1, 263	263	LYS	1, 265	265	mit	mit	1
GLY	1, 264	264	LYS	1, 265	265	mit	mit	1
ALA	1, 260	260	LYS	1, 266	266	mit	mit	0.68
GLY	1, 264	264	LYS	1, 266	266	mit	mit	0.68
LYS	1, 265	265	LYS	1, 266	266	mit	mit	1
ALA	1, 260	260	GLU	1, 267	267	mit	mit	0.98
LYS	1, 265	265	GLU	1, 267	267	mit	mit	0.99
LYS	1, 266	266	GLU	1, 267	267	mit	mit	1
LEU	1, 184	184	PRO	1, 268	268	mit	mit	0.98
SER	1, 256	256	PRO	1, 268	268	mit	mit	1
VAL	1, 259	259	PRO	1, 268	268	mit	mit	0.89
ALA	1, 260	260	PRO	1, 268	268	mit	mit	1
LYS	1, 265	265	PRO	1, 268	268	mit	mit	0.92
GLU	1, 267	267	PRO	1, 268	268	mit	mit	1
LYS	1, 265	265	PHE	1, 269	269	mit	mit	0.68
PRO	1, 268	268	PHE	1, 269	269	mit	mit	1
PRO	1, 268	268	GLY	1, 270	270	mit	mit	1
PHE	1, 269	269	GLY	1, 270	270	mit	mit	1
LEU	1, 184	184	TYR	1, 271	271	mit	mit	0.92
GLU	1, 267	267	TYR	1, 271	271	mit	mit	0.98
PRO	1, 268	268	TYR	1, 271	271	mit	mit	0.98
PHE	1, 269	269	TYR	1, 271	271	mit	mit	0.63
GLY	1, 270	270	TYR	1, 271	271	mit	mit	1
TYR	1, 180	180	MET	1, 272	272	mit	mit	0.9
GLY	1, 270	270	MET	1, 272	272	mit	mit	1
TYR	1, 271	271	MET	1, 272	272	mit	mit	1
GLY	1, 270	270	GLY	1, 273	273	mit	mit	1
TYR	1, 271	271	GLY	1, 273	273	mit	mit	1
MET	1, 272	272	GLY	1, 273	273	mit	mit	1
LEU	1, 184	184	MET	1, 274	274	mit	mit	0.98
SER	1, 256	256	MET	1, 274	274	mit	mit	0.97
PRO	1, 268	268	MET	1, 274	274	mit	mit	0.98
GLY	1, 270	270	MET	1, 274	274	mit	mit	0.99
TYR	1, 271	271	MET	1, 274	274	mit	mit	1
MET	1, 272	272	MET	1, 274	274	mit	mit	0.99
GLY	1, 273	273	MET	1, 274	274	mit	mit	1
TYR	1, 180	180	VAL	1, 275	275	mit	mit	0.9
LEU	1, 184	184	VAL	1, 275	275	mit	mit	0.9
TRP	1, 187	187	VAL	1, 275	275	mit	mit	1
TYR	1, 271	271	VAL	1, 275	275	mit	mit	0.99
MET	1, 272	272	VAL	1, 275	275	mit	mit	1
GLY	1, 273	273	VAL	1, 275	275	mit	mit	1
MET	1, 274	274	VAL	1, 275	275	mit	mit	1
MET	1, 272	272	TRP	1, 276	276	mit	mit	0.99
GLY	1, 273	273	TRP	1, 276	276	mit	mit	1
MET	1, 274	274	TRP	1, 276	276	mit	mit	0.98
VAL	1, 275	275	TRP	1, 276	276	mit	mit	1
GLY	1, 273	273	ALA	1, 277	277	mit	mit	1
MET	1, 274	274	ALA	1, 277	277	mit	mit	1
VAL	1, 275	275	ALA	1, 277	277	mit	mit	1
TRP	1, 276	276	ALA	1, 277	277	mit	mit	1
TRP	1, 187	187	MET	1, 278	278	mit	mit	0.98
SER	1, 188	188	MET	1, 278	278	mit	mit	0.99
ILE	1, 191	191	MET	1, 278	278	mit	mit	0.99
LEU	1, 249	249	MET	1, 278	278	mit	mit	0.98
PHE	1, 252	252	MET	1, 278	278	mit	mit	0.97
MET	1, 274	274	MET	1, 278	278	mit	mit	0.99
VAL	1, 275	275	MET	1, 278	278	mit	mit	1
TRP	1, 276	276	MET	1, 278	278	mit	mit	0.98
ALA	1, 277	277	MET	1, 278	278	mit	mit	1
ILE	1, 191	191	LEU	1, 279	279	mit	mit	0.99
VAL	1, 275	275	LEU	1, 279	279	mit	mit	1
TRP	1, 276	276	LEU	1, 279	279	mit	mit	1
ALA	1, 277	277	LEU	1, 279	279	mit	mit	0.99
MET	1, 278	278	LEU	1, 279	279	mit	mit	1
TRP	1, 276	276	SER	1, 280	280	mit	mit	1
ALA	1, 277	277	SER	1, 280	280	mit	mit	1
MET	1, 278	278	SER	1, 280	280	mit	mit	0.99
LEU	1, 279	279	SER	1, 280	280	mit	mit	1
TYR	1, 245	245	ILE	1, 281	281	mit	mit	0.99
LEU	1, 249	249	ILE	1, 281	281	mit	mit	0.94
ALA	1, 277	277	ILE	1, 281	281	mit	mit	0.99
MET	1, 278	278	ILE	1, 281	281	mit	mit	1
LEU	1, 279	279	ILE	1, 281	281	mit	mit	0.99
SER	1, 280	280	ILE	1, 281	281	mit	mit	1
ILE	1, 191	191	GLY	1, 282	282	mit	mit	1
ILE	1, 194	194	GLY	1, 282	282	mit	mit	0.58
LEU	1, 195	195	GLY	1, 282	282	mit	mit	1
PRO	1, 242	242	GLY	1, 282	282	mit	mit	0.74
TYR	1, 245	245	GLY	1, 282	282	mit	mit	0.98
LEU	1, 249	249	GLY	1, 282	282	mit	mit	0.88
MET	1, 278	278	GLY	1, 282	282	mit	mit	0.98
LEU	1, 279	279	GLY	1, 282	282	mit	mit	1
SER	1, 280	280	GLY	1, 282	282	mit	mit	1
ILE	1, 281	281	GLY	1, 282	282	mit	mit	1
LEU	1, 279	279	PHE	1, 283	283	mit	mit	1
SER	1, 280	280	PHE	1, 283	283	mit	mit	1
ILE	1, 281	281	PHE	1, 283	283	mit	mit	0.97
GLY	1, 282	282	PHE	1, 283	283	mit	mit	1
SER	1, 280	280	LEU	1, 284	284	mit	mit	1
ILE	1, 281	281	LEU	1, 284	284	mit	mit	1
GLY	1, 282	282	LEU	1, 284	284	mit	mit	1
PHE	1, 283	283	LEU	1, 284	284	mit	mit	1
LEU	1, 195	195	GLY	1, 285	285	mit	mit	0.61
HIS	1, 241	241	GLY	1, 285	285	mit	mit	0.99
PRO	1, 242	242	GLY	1, 285	285	mit	mit	0.99
TYR	1, 245	245	GLY	1, 285	285	mit	mit	0.99
ILE	1, 281	281	GLY	1, 285	285	mit	mit	0.98
GLY	1, 282	282	GLY	1, 285	285	mit	mit	1
PHE	1, 283	283	GLY	1, 285	285	mit	mit	1
LEU	1, 284	284	GLY	1, 285	285	mit	mit	1
LEU	1, 198	198	PHE	1, 286	286	mit	mit	0.93
SER	1, 199	199	PHE	1, 286	286	mit	mit	0.7
PHE	1, 238	238	PHE	1, 286	286	mit	mit	0.63
PRO	1, 242	242	PHE	1, 286	286	mit	mit	0.97
GLY	1, 282	282	PHE	1, 286	286	mit	mit	0.95
PHE	1, 283	283	PHE	1, 286	286	mit	mit	0.99
LEU	1, 284	284	PHE	1, 286	286	mit	mit	0.99
GLY	1, 285	285	PHE	1, 286	286	mit	mit	1
PHE	1, 283	283	ILE	1, 287	287	mit	mit	0.81
LEU	1, 284	284	ILE	1, 287	287	mit	mit	0.99
GLY	1, 285	285	ILE	1, 287	287	mit	mit	1
PHE	1, 286	286	ILE	1, 287	287	mit	mit	1
HIS	1, 241	241	VAL	1, 288	288	mit	mit	0.99
LEU	1, 284	284	VAL	1, 288	288	mit	mit	0.99
GLY	1, 285	285	VAL	1, 288	288	mit	mit	1
PHE	1, 286	286	VAL	1, 288	288	mit	mit	0.77
ILE	1, 287	287	VAL	1, 288	288	mit	mit	1
HIS	1, 234	234	TRP	1, 289	289	mit	mit	0.92
TRP	1, 237	237	TRP	1, 289	289	mit	mit	0.99
PHE	1, 238	238	TRP	1, 289	289	mit	mit	1
GLY	1, 240	240	TRP	1, 289	289	mit	mit	0.92
HIS	1, 241	241	TRP	1, 289	289	mit	mit	0.99
GLY	1, 285	285	TRP	1, 289	289	mit	mit	0.6
PHE	1, 286	286	TRP	1, 289	289	mit	mit	0.79
ILE	1, 287	287	TRP	1, 289	289	mit	mit	0.72
VAL	1, 288	288	TRP	1, 289	289	mit	mit	1
HIS	1, 234	234	ALA	1, 290	290	mit	mit	0.87
TRP	1, 237	237	ALA	1, 290	290	mit	mit	0.93
VAL	1, 288	288	ALA	1, 290	290	mit	mit	0.93
TRP	1, 289	289	ALA	1, 290	290	mit	mit	1
HIS	1, 241	241	HIS	1, 291	291	mit	mit	0.78
VAL	1, 288	288	HIS	1, 291	291	mit	mit	0.98
TRP	1, 289	289	HIS	1, 291	291	mit	mit	0.97
ALA	1, 290	290	HIS	1, 291	291	mit	mit	1
GLN	1, 233	233	HIS	1, 292	292	mit	mit	0.58
TRP	1, 237	237	HIS	1, 292	292	mit	mit	0.99
GLY	1, 240	240	HIS	1, 292	292	mit	mit	0.53
HIS	1, 241	241	HIS	1, 292	292	mit	mit	0.89
TRP	1, 289	289	HIS	1, 292	292	mit	mit	0.85
ALA	1, 290	290	HIS	1, 292	292	mit	mit	0.97
HIS	1, 291	291	HIS	1, 292	292	mit	mit	1
ILE	1, 230	230	MET	1, 293	293	mit	mit	0.75
GLN	1, 233	233	MET	1, 293	293	mit	mit	0.99
HIS	1, 234	234	MET	1, 293	293	mit	mit	0.75
TRP	1, 237	237	MET	1, 293	293	mit	mit	0.98
ALA	1, 290	290	MET	1, 293	293	mit	mit	0.99
HIS	1, 291	291	MET	1, 293	293	mit	mit	0.95
HIS	1, 292	292	MET	1, 293	293	mit	mit	1
ALA	1, 290	290	PHE	1, 294	294	mit	mit	0.56
HIS	1, 291	291	PHE	1, 294	294	mit	mit	0.97
HIS	1, 292	292	PHE	1, 294	294	mit	mit	0.83
MET	1, 293	293	PHE	1, 294	294	mit	mit	1
MET	1, 293	293	THR	1, 295	295	mit	mit	0.96
PHE	1, 294	294	THR	1, 295	295	mit	mit	1
ILE	1, 230	230	VAL	1, 296	296	mit	mit	0.99
GLN	1, 233	233	VAL	1, 296	296	mit	mit	0.96
MET	1, 293	293	VAL	1, 296	296	mit	mit	1
PHE	1, 294	294	VAL	1, 296	296	mit	mit	0.94
THR	1, 295	295	VAL	1, 296	296	mit	mit	1
THR	1, 295	295	GLY	1, 297	297	mit	mit	0.98
VAL	1, 296	296	GLY	1, 297	297	mit	mit	1
ALA	1, 290	290	MET	1, 298	298	mit	mit	0.93
MET	1, 293	293	MET	1, 298	298	mit	mit	0.95
PHE	1, 294	294	MET	1, 298	298	mit	mit	0.84
VAL	1, 296	296	MET	1, 298	298	mit	mit	1
GLY	1, 297	297	MET	1, 298	298	mit	mit	1
GLY	1, 297	297	ASP	1, 299	299	mit	mit	0.56
MET	1, 298	298	ASP	1, 299	299	mit	mit	1
ASP	1, 299	299	VAL	1, 300	300	mit	mit	1
ASP	1, 299	299	ASP	1, 301	301	mit	mit	1
VAL	1, 300	300	ASP	1, 301	301	mit	mit	1
ALA	1, 290	290	THR	1, 302	302	mit	mit	0.94
MET	1, 298	298	THR	1, 302	302	mit	mit	0.99
ASP	1, 299	299	THR	1, 302	302	mit	mit	1
VAL	1, 300	300	THR	1, 302	302	mit	mit	0.97
ASP	1, 301	301	THR	1, 302	302	mit	mit	1
PHE	1, 294	294	ARG	1, 303	303	mit	mit	0.99
MET	1, 298	298	ARG	1, 303	303	mit	mit	0.98
ASP	1, 299	299	ARG	1, 303	303	mit	mit	0.98
VAL	1, 300	300	ARG	1, 303	303	mit	mit	1
ASP	1, 301	301	ARG	1, 303	303	mit	mit	0.99
THR	1, 302	302	ARG	1, 303	303	mit	mit	1
VAL	1, 300	300	ALA	1, 304	304	mit	mit	0.99
ASP	1, 301	301	ALA	1, 304	304	mit	mit	1
THR	1, 302	302	ALA	1, 304	304	mit	mit	0.99
ARG	1, 303	303	ALA	1, 304	304	mit	mit	1
ASP	1, 301	301	TYR	1, 305	305	mit	mit	0.99
THR	1, 302	302	TYR	1, 305	305	mit	mit	1
ARG	1, 303	303	TYR	1, 305	305	mit	mit	0.99
ALA	1, 304	304	TYR	1, 305	305	mit	mit	1
VAL	1, 288	288	PHE	1, 306	306	mit	mit	0.98
ALA	1, 290	290	PHE	1, 306	306	mit	mit	0.99
HIS	1, 291	291	PHE	1, 306	306	mit	mit	0.98
PHE	1, 294	294	PHE	1, 306	306	mit	mit	0.72
THR	1, 302	302	PHE	1, 306	306	mit	mit	0.99
ARG	1, 303	303	PHE	1, 306	306	mit	mit	1
ALA	1, 304	304	PHE	1, 306	306	mit	mit	0.96
TYR	1, 305	305	PHE	1, 306	306	mit	mit	1
HIS	1, 291	291	THR	1, 307	307	mit	mit	0.86
ARG	1, 303	303	THR	1, 307	307	mit	mit	0.99
ALA	1, 304	304	THR	1, 307	307	mit	mit	1
TYR	1, 305	305	THR	1, 307	307	mit	mit	0.99
PHE	1, 306	306	THR	1, 307	307	mit	mit	1
ALA	1, 304	304	SER	1, 308	308	mit	mit	0.99
TYR	1, 305	305	SER	1, 308	308	mit	mit	1
PHE	1, 306	306	SER	1, 308	308	mit	mit	0.98
THR	1, 307	307	SER	1, 308	308	mit	mit	1
LEU	1, 284	284	ALA	1, 309	309	mit	mit	0.94
ILE	1, 287	287	ALA	1, 309	309	mit	mit	0.99
VAL	1, 288	288	ALA	1, 309	309	mit	mit	0.99
TYR	1, 305	305	ALA	1, 309	309	mit	mit	0.99
PHE	1, 306	306	ALA	1, 309	309	mit	mit	1
THR	1, 307	307	ALA	1, 309	309	mit	mit	0.98
SER	1, 308	308	ALA	1, 309	309	mit	mit	1
VAL	1, 288	288	THR	1, 310	310	mit	mit	0.99
HIS	1, 291	291	THR	1, 310	310	mit	mit	0.99
PHE	1, 306	306	THR	1, 310	310	mit	mit	0.99
THR	1, 307	307	THR	1, 310	310	mit	mit	1
SER	1, 308	308	THR	1, 310	310	mit	mit	0.98
ALA	1, 309	309	THR	1, 310	310	mit	mit	1
THR	1, 307	307	MET	1, 311	311	mit	mit	0.98
SER	1, 308	308	MET	1, 311	311	mit	mit	1
ALA	1, 309	309	MET	1, 311	311	mit	mit	0.98
THR	1, 310	310	MET	1, 311	311	mit	mit	1
LEU	1, 284	284	ILE	1, 312	312	mit	mit	0.97
SER	1, 308	308	ILE	1, 312	312	mit	mit	0.96
ALA	1, 309	309	ILE	1, 312	312	mit	mit	0.99
THR	1, 310	310	ILE	1, 312	312	mit	mit	0.97
MET	1, 311	311	ILE	1, 312	312	mit	mit	1
ILE	1, 281	281	ILE	1, 313	313	mit	mit	0.97
LEU	1, 284	284	ILE	1, 313	313	mit	mit	0.99
GLY	1, 285	285	ILE	1, 313	313	mit	mit	0.89
VAL	1, 288	288	ILE	1, 313	313	mit	mit	0.94
ALA	1, 309	309	ILE	1, 313	313	mit	mit	0.56
THR	1, 310	310	ILE	1, 313	313	mit	mit	0.99
MET	1, 311	311	ILE	1, 313	313	mit	mit	0.98
ILE	1, 312	312	ILE	1, 313	313	mit	mit	1
MET	1, 311	311	ALA	1, 314	314	mit	mit	0.99
ILE	1, 312	312	ALA	1, 314	314	mit	mit	0.98
ILE	1, 313	313	ALA	1, 314	314	mit	mit	1
ILE	1, 312	312	ILE	1, 315	315	mit	mit	0.99
ILE	1, 313	313	ILE	1, 315	315	mit	mit	0.98
ALA	1, 314	314	ILE	1, 315	315	mit	mit	1
TRP	1, 276	276	PRO	1, 316	316	mit	mit	0.64
ALA	1, 277	277	PRO	1, 316	316	mit	mit	0.99
MET	1, 278	278	PRO	1, 316	316	mit	mit	0.65
SER	1, 280	280	PRO	1, 316	316	mit	mit	0.99
ILE	1, 281	281	PRO	1, 316	316	mit	mit	0.99
LEU	1, 284	284	PRO	1, 316	316	mit	mit	0.84
ILE	1, 313	313	PRO	1, 316	316	mit	mit	0.98
ALA	1, 314	314	PRO	1, 316	316	mit	mit	0.77
ILE	1, 315	315	PRO	1, 316	316	mit	mit	1
ALA	1, 277	277	THR	1, 317	317	mit	mit	0.79
ILE	1, 281	281	THR	1, 317	317	mit	mit	0.96
ILE	1, 313	313	THR	1, 317	317	mit	mit	0.97
ALA	1, 314	314	THR	1, 317	317	mit	mit	1
ILE	1, 315	315	THR	1, 317	317	mit	mit	0.98
PRO	1, 316	316	THR	1, 317	317	mit	mit	1
ALA	1, 277	277	GLY	1, 318	318	mit	mit	0.57
ALA	1, 314	314	GLY	1, 318	318	mit	mit	0.99
ILE	1, 315	315	GLY	1, 318	318	mit	mit	0.99
PRO	1, 316	316	GLY	1, 318	318	mit	mit	1
THR	1, 317	317	GLY	1, 318	318	mit	mit	1
GLY	1, 273	273	ILE	1, 319	319	mit	mit	0.97
MET	1, 274	274	ILE	1, 319	319	mit	mit	0.75
ALA	1, 277	277	ILE	1, 319	319	mit	mit	0.99
ILE	1, 315	315	ILE	1, 319	319	mit	mit	0.98
PRO	1, 316	316	ILE	1, 319	319	mit	mit	1
THR	1, 317	317	ILE	1, 319	319	mit	mit	0.99
GLY	1, 318	318	ILE	1, 319	319	mit	mit	1
PHE	1, 252	252	LYS	1, 320	320	mit	mit	0.99
MET	1, 274	274	LYS	1, 320	320	mit	mit	0.98
ALA	1, 277	277	LYS	1, 320	320	mit	mit	0.99
MET	1, 278	278	LYS	1, 320	320	mit	mit	0.79
PRO	1, 316	316	LYS	1, 320	320	mit	mit	0.97
THR	1, 317	317	LYS	1, 320	320	mit	mit	1
GLY	1, 318	318	LYS	1, 320	320	mit	mit	1
ILE	1, 319	319	LYS	1, 320	320	mit	mit	1
THR	1, 317	317	VAL	1, 321	321	mit	mit	0.99
GLY	1, 318	318	VAL	1, 321	321	mit	mit	1
ILE	1, 319	319	VAL	1, 321	321	mit	mit	0.95
LYS	1, 320	320	VAL	1, 321	321	mit	mit	1
GLY	1, 318	318	PHE	1, 322	322	mit	mit	1
ILE	1, 319	319	PHE	1, 322	322	mit	mit	1
LYS	1, 320	320	PHE	1, 322	322	mit	mit	0.96
VAL	1, 321	321	PHE	1, 322	322	mit	mit	1
PRO	1, 268	268	SER	1, 323	323	mit	mit	0.95
PHE	1, 269	269	SER	1, 323	323	mit	mit	0.99
GLY	1, 270	270	SER	1, 323	323	mit	mit	0.99
GLY	1, 273	273	SER	1, 323	323	mit	mit	0.91
MET	1, 274	274	SER	1, 323	323	mit	mit	0.99
ALA	1, 277	277	SER	1, 323	323	mit	mit	0.64
ILE	1, 319	319	SER	1, 323	323	mit	mit	1
LYS	1, 320	320	SER	1, 323	323	mit	mit	1
VAL	1, 321	321	SER	1, 323	323	mit	mit	0.99
PHE	1, 322	322	SER	1, 323	323	mit	mit	1
ILE	1, 255	255	TRP	1, 324	324	mit	mit	0.97
SER	1, 256	256	TRP	1, 324	324	mit	mit	0.98
VAL	1, 259	259	TRP	1, 324	324	mit	mit	0.99
PRO	1, 268	268	TRP	1, 324	324	mit	mit	0.69
LYS	1, 320	320	TRP	1, 324	324	mit	mit	0.99
VAL	1, 321	321	TRP	1, 324	324	mit	mit	1
PHE	1, 322	322	TRP	1, 324	324	mit	mit	0.99
SER	1, 323	323	TRP	1, 324	324	mit	mit	1
VAL	1, 321	321	LEU	1, 325	325	mit	mit	0.99
PHE	1, 322	322	LEU	1, 325	325	mit	mit	1
SER	1, 323	323	LEU	1, 325	325	mit	mit	1
TRP	1, 324	324	LEU	1, 325	325	mit	mit	1
PHE	1, 269	269	ALA	1, 326	326	mit	mit	0.99
GLY	1, 270	270	ALA	1, 326	326	mit	mit	0.73
PHE	1, 322	322	ALA	1, 326	326	mit	mit	0.99
SER	1, 323	323	ALA	1, 326	326	mit	mit	1
TRP	1, 324	324	ALA	1, 326	326	mit	mit	0.99
LEU	1, 325	325	ALA	1, 326	326	mit	mit	1
SER	1, 256	256	THR	1, 327	327	mit	mit	0.63
VAL	1, 259	259	THR	1, 327	327	mit	mit	0.99
ALA	1, 260	260	THR	1, 327	327	mit	mit	0.99
ALA	1, 263	263	THR	1, 327	327	mit	mit	0.99
LYS	1, 265	265	THR	1, 327	327	mit	mit	0.99
PRO	1, 268	268	THR	1, 327	327	mit	mit	0.99
PHE	1, 269	269	THR	1, 327	327	mit	mit	0.99
SER	1, 323	323	THR	1, 327	327	mit	mit	0.99
TRP	1, 324	324	THR	1, 327	327	mit	mit	1
LEU	1, 325	325	THR	1, 327	327	mit	mit	1
ALA	1, 326	326	THR	1, 327	327	mit	mit	1
VAL	1, 259	259	LEU	1, 328	328	mit	mit	0.98
ALA	1, 263	263	LEU	1, 328	328	mit	mit	0.99
TRP	1, 324	324	LEU	1, 328	328	mit	mit	0.96
LEU	1, 325	325	LEU	1, 328	328	mit	mit	1
ALA	1, 326	326	LEU	1, 328	328	mit	mit	0.99
THR	1, 327	327	LEU	1, 328	328	mit	mit	1
PHE	1, 269	269	HIS	1, 329	329	mit	mit	0.65
LEU	1, 325	325	HIS	1, 329	329	mit	mit	0.9
ALA	1, 326	326	HIS	1, 329	329	mit	mit	1
THR	1, 327	327	HIS	1, 329	329	mit	mit	0.98
LEU	1, 328	328	HIS	1, 329	329	mit	mit	1
ALA	1, 263	263	GLY	1, 330	330	mit	mit	0.79
LEU	1, 328	328	GLY	1, 330	330	mit	mit	0.99
HIS	1, 329	329	GLY	1, 330	330	mit	mit	1
ALA	1, 263	263	GLY	1, 331	331	mit	mit	0.99
GLY	1, 264	264	GLY	1, 331	331	mit	mit	0.99
LYS	1, 265	265	GLY	1, 331	331	mit	mit	0.96
LEU	1, 328	328	GLY	1, 331	331	mit	mit	0.93
HIS	1, 329	329	GLY	1, 331	331	mit	mit	0.98
GLY	1, 330	330	GLY	1, 331	331	mit	mit	1
ALA	1, 263	263	THR	1, 332	332	mit	mit	0.96
GLY	1, 264	264	THR	1, 332	332	mit	mit	0.99
GLY	1, 330	330	THR	1, 332	332	mit	mit	0.77
GLY	1, 331	331	THR	1, 332	332	mit	mit	1
TYR	1, 262	262	ILE	1, 333	333	mit	mit	0.96
ALA	1, 263	263	ILE	1, 333	333	mit	mit	0.99
LEU	1, 328	328	ILE	1, 333	333	mit	mit	0.88
GLY	1, 331	331	ILE	1, 333	333	mit	mit	0.99
THR	1, 332	332	ILE	1, 333	333	mit	mit	1
TYR	1, 262	262	LYS	1, 334	334	mit	mit	0.99
GLY	1, 264	264	LYS	1, 334	334	mit	mit	0.6
THR	1, 332	332	LYS	1, 334	334	mit	mit	0.96
ILE	1, 333	333	LYS	1, 334	334	mit	mit	1
ILE	1, 333	333	TRP	1, 335	335	mit	mit	0.98
LYS	1, 334	334	TRP	1, 335	335	mit	mit	1
TYR	1, 262	262	ASP	1, 336	336	mit	mit	0.98
LYS	1, 334	334	ASP	1, 336	336	mit	mit	1
TRP	1, 335	335	ASP	1, 336	336	mit	mit	1
ASP	1, 336	336	PRO	1, 337	337	mit	mit	1
VAL	1, 258	258	PRO	1, 338	338	mit	mit	0.99
TYR	1, 262	262	PRO	1, 338	338	mit	mit	0.98
ASP	1, 336	336	PRO	1, 338	338	mit	mit	1
PRO	1, 337	337	PRO	1, 338	338	mit	mit	1
VAL	1, 258	258	MET	1, 339	339	mit	mit	0.95
VAL	1, 259	259	MET	1, 339	339	mit	mit	0.82
TYR	1, 262	262	MET	1, 339	339	mit	mit	0.99
ILE	1, 333	333	MET	1, 339	339	mit	mit	0.92
LYS	1, 334	334	MET	1, 339	339	mit	mit	0.95
TRP	1, 335	335	MET	1, 339	339	mit	mit	0.99
ASP	1, 336	336	MET	1, 339	339	mit	mit	1
PRO	1, 337	337	MET	1, 339	339	mit	mit	0.99
PRO	1, 338	338	MET	1, 339	339	mit	mit	1
TRP	1, 335	335	LEU	1, 340	340	mit	mit	0.89
ASP	1, 336	336	LEU	1, 340	340	mit	mit	0.76
PRO	1, 337	337	LEU	1, 340	340	mit	mit	1
PRO	1, 338	338	LEU	1, 340	340	mit	mit	0.99
MET	1, 339	339	LEU	1, 340	340	mit	mit	1
VAL	1, 258	258	TRP	1, 341	341	mit	mit	0.69
PRO	1, 337	337	TRP	1, 341	341	mit	mit	0.98
PRO	1, 338	338	TRP	1, 341	341	mit	mit	1
MET	1, 339	339	TRP	1, 341	341	mit	mit	0.99
LEU	1, 340	340	TRP	1, 341	341	mit	mit	1
ILE	1, 255	255	ALA	1, 342	342	mit	mit	1
VAL	1, 258	258	ALA	1, 342	342	mit	mit	1
VAL	1, 259	259	ALA	1, 342	342	mit	mit	1
TYR	1, 262	262	ALA	1, 342	342	mit	mit	0.82
PRO	1, 338	338	ALA	1, 342	342	mit	mit	0.99
MET	1, 339	339	ALA	1, 342	342	mit	mit	1
LEU	1, 340	340	ALA	1, 342	342	mit	mit	1
TRP	1, 341	341	ALA	1, 342	342	mit	mit	1
MET	1, 339	339	LEU	1, 343	343	mit	mit	1
LEU	1, 340	340	LEU	1, 343	343	mit	mit	1
TRP	1, 341	341	LEU	1, 343	343	mit	mit	0.99
ALA	1, 342	342	LEU	1, 343	343	mit	mit	1
LEU	1, 340	340	GLY	1, 344	344	mit	mit	0.99
TRP	1, 341	341	GLY	1, 344	344	mit	mit	1
ALA	1, 342	342	GLY	1, 344	344	mit	mit	1
LEU	1, 343	343	GLY	1, 344	344	mit	mit	1
ILE	1, 255	255	PHE	1, 345	345	mit	mit	1
TRP	1, 341	341	PHE	1, 345	345	mit	mit	1
ALA	1, 342	342	PHE	1, 345	345	mit	mit	1
LEU	1, 343	343	PHE	1, 345	345	mit	mit	1
GLY	1, 344	344	PHE	1, 345	345	mit	mit	1
ILE	1, 255	255	ILE	1, 346	346	mit	mit	0.92
VAL	1, 321	321	ILE	1, 346	346	mit	mit	0.99
TRP	1, 324	324	ILE	1, 346	346	mit	mit	0.99
LEU	1, 325	325	ILE	1, 346	346	mit	mit	0.9
ALA	1, 342	342	ILE	1, 346	346	mit	mit	0.99
LEU	1, 343	343	ILE	1, 346	346	mit	mit	1
GLY	1, 344	344	ILE	1, 346	346	mit	mit	1
PHE	1, 345	345	ILE	1, 346	346	mit	mit	1
LEU	1, 343	343	PHE	1, 347	347	mit	mit	0.99
GLY	1, 344	344	PHE	1, 347	347	mit	mit	1
PHE	1, 345	345	PHE	1, 347	347	mit	mit	0.95
ILE	1, 346	346	PHE	1, 347	347	mit	mit	1
GLY	1, 344	344	LEU	1, 348	348	mit	mit	1
PHE	1, 345	345	LEU	1, 348	348	mit	mit	1
ILE	1, 346	346	LEU	1, 348	348	mit	mit	0.75
PHE	1, 347	347	LEU	1, 348	348	mit	mit	1
VAL	1, 321	321	PHE	1, 349	349	mit	mit	0.82
PHE	1, 345	345	PHE	1, 349	349	mit	mit	1
ILE	1, 346	346	PHE	1, 349	349	mit	mit	1
PHE	1, 347	347	PHE	1, 349	349	mit	mit	0.99
LEU	1, 348	348	PHE	1, 349	349	mit	mit	1
VAL	1, 321	321	THR	1, 350	350	mit	mit	0.99
ILE	1, 346	346	THR	1, 350	350	mit	mit	0.99
PHE	1, 347	347	THR	1, 350	350	mit	mit	1
LEU	1, 348	348	THR	1, 350	350	mit	mit	1
PHE	1, 349	349	THR	1, 350	350	mit	mit	1
PHE	1, 347	347	ILE	1, 351	351	mit	mit	0.99
LEU	1, 348	348	ILE	1, 351	351	mit	mit	1
PHE	1, 349	349	ILE	1, 351	351	mit	mit	0.99
THR	1, 350	350	ILE	1, 351	351	mit	mit	1
LEU	1, 348	348	GLY	1, 352	352	mit	mit	0.98
PHE	1, 349	349	GLY	1, 352	352	mit	mit	1
THR	1, 350	350	GLY	1, 352	352	mit	mit	1
ILE	1, 351	351	GLY	1, 352	352	mit	mit	1
ALA	1, 314	314	GLY	1, 353	353	mit	mit	0.73
THR	1, 317	317	GLY	1, 353	353	mit	mit	0.94
PHE	1, 349	349	GLY	1, 353	353	mit	mit	1
THR	1, 350	350	GLY	1, 353	353	mit	mit	1
ILE	1, 351	351	GLY	1, 353	353	mit	mit	1
GLY	1, 352	352	GLY	1, 353	353	mit	mit	1
THR	1, 350	350	LEU	1, 354	354	mit	mit	1
ILE	1, 351	351	LEU	1, 354	354	mit	mit	1
GLY	1, 352	352	LEU	1, 354	354	mit	mit	1
GLY	1, 353	353	LEU	1, 354	354	mit	mit	1
ILE	1, 351	351	THR	1, 355	355	mit	mit	0.99
GLY	1, 352	352	THR	1, 355	355	mit	mit	1
GLY	1, 353	353	THR	1, 355	355	mit	mit	1
LEU	1, 354	354	THR	1, 355	355	mit	mit	1
GLY	1, 352	352	GLY	1, 356	356	mit	mit	0.99
GLY	1, 353	353	GLY	1, 356	356	mit	mit	1
LEU	1, 354	354	GLY	1, 356	356	mit	mit	1
THR	1, 355	355	GLY	1, 356	356	mit	mit	1
MET	1, 311	311	ILE	1, 357	357	mit	mit	0.96
ALA	1, 314	314	ILE	1, 357	357	mit	mit	0.99
GLY	1, 353	353	ILE	1, 357	357	mit	mit	0.99
LEU	1, 354	354	ILE	1, 357	357	mit	mit	1
THR	1, 355	355	ILE	1, 357	357	mit	mit	0.99
GLY	1, 356	356	ILE	1, 357	357	mit	mit	1
LEU	1, 354	354	VAL	1, 358	358	mit	mit	0.97
THR	1, 355	355	VAL	1, 358	358	mit	mit	1
GLY	1, 356	356	VAL	1, 358	358	mit	mit	1
ILE	1, 357	357	VAL	1, 358	358	mit	mit	1
THR	1, 355	355	LEU	1, 359	359	mit	mit	0.98
GLY	1, 356	356	LEU	1, 359	359	mit	mit	1
ILE	1, 357	357	LEU	1, 359	359	mit	mit	0.99
VAL	1, 358	358	LEU	1, 359	359	mit	mit	1
HIS	1, 291	291	ALA	1, 360	360	mit	mit	0.96
THR	1, 307	307	ALA	1, 360	360	mit	mit	0.98
THR	1, 310	310	ALA	1, 360	360	mit	mit	0.99
MET	1, 311	311	ALA	1, 360	360	mit	mit	0.98
GLY	1, 356	356	ALA	1, 360	360	mit	mit	1
ILE	1, 357	357	ALA	1, 360	360	mit	mit	1
VAL	1, 358	358	ALA	1, 360	360	mit	mit	0.99
LEU	1, 359	359	ALA	1, 360	360	mit	mit	1
THR	1, 307	307	ASN	1, 361	361	mit	mit	0.99
MET	1, 311	311	ASN	1, 361	361	mit	mit	0.53
ILE	1, 357	357	ASN	1, 361	361	mit	mit	0.63
VAL	1, 358	358	ASN	1, 361	361	mit	mit	0.98
LEU	1, 359	359	ASN	1, 361	361	mit	mit	0.98
ALA	1, 360	360	ASN	1, 361	361	mit	mit	1
HIS	1, 291	291	SER	1, 362	362	mit	mit	0.54
PHE	1, 294	294	SER	1, 362	362	mit	mit	0.98
ARG	1, 303	303	SER	1, 362	362	mit	mit	0.99
ALA	1, 304	304	SER	1, 362	362	mit	mit	0.86
PHE	1, 306	306	SER	1, 362	362	mit	mit	0.84
THR	1, 307	307	SER	1, 362	362	mit	mit	0.99
ASN	1, 361	361	SER	1, 362	362	mit	mit	1
ASN	1, 361	361	SER	1, 363	363	mit	mit	1
SER	1, 362	362	SER	1, 363	363	mit	mit	1
VAL	1, 358	358	LEU	1, 364	364	mit	mit	0.98
LEU	1, 359	359	LEU	1, 364	364	mit	mit	0.87
ASN	1, 361	361	LEU	1, 364	364	mit	mit	1
SER	1, 362	362	LEU	1, 364	364	mit	mit	0.91
SER	1, 363	363	LEU	1, 364	364	mit	mit	1
HIS	1, 291	291	ASP	1, 365	365	mit	mit	0.54
PHE	1, 294	294	ASP	1, 365	365	mit	mit	0.98
THR	1, 295	295	ASP	1, 365	365	mit	mit	0.8
LEU	1, 359	359	ASP	1, 365	365	mit	mit	0.98
ALA	1, 360	360	ASP	1, 365	365	mit	mit	0.71
ASN	1, 361	361	ASP	1, 365	365	mit	mit	0.98
SER	1, 362	362	ASP	1, 365	365	mit	mit	0.99
SER	1, 363	363	ASP	1, 365	365	mit	mit	0.98
LEU	1, 364	364	ASP	1, 365	365	mit	mit	1
PHE	1, 294	294	ILE	1, 366	366	mit	mit	0.92
THR	1, 295	295	ILE	1, 366	366	mit	mit	0.96
SER	1, 362	362	ILE	1, 366	366	mit	mit	0.92
SER	1, 363	363	ILE	1, 366	366	mit	mit	0.98
LEU	1, 364	364	ILE	1, 366	366	mit	mit	0.99
ASP	1, 365	365	ILE	1, 366	366	mit	mit	1
LEU	1, 364	364	ALA	1, 367	367	mit	mit	0.99
ASP	1, 365	365	ALA	1, 367	367	mit	mit	0.96
ILE	1, 366	366	ALA	1, 367	367	mit	mit	1
VAL	1, 358	358	LEU	1, 368	368	mit	mit	0.65
LEU	1, 359	359	LEU	1, 368	368	mit	mit	0.98
LEU	1, 364	364	LEU	1, 368	368	mit	mit	0.99
ASP	1, 365	365	LEU	1, 368	368	mit	mit	1
ILE	1, 366	366	LEU	1, 368	368	mit	mit	0.8
ALA	1, 367	367	LEU	1, 368	368	mit	mit	1
PHE	1, 294	294	HIS	1, 369	369	mit	mit	0.96
THR	1, 295	295	HIS	1, 369	369	mit	mit	0.99
ASP	1, 365	365	HIS	1, 369	369	mit	mit	1
ILE	1, 366	366	HIS	1, 369	369	mit	mit	0.99
ALA	1, 367	367	HIS	1, 369	369	mit	mit	0.82
LEU	1, 368	368	HIS	1, 369	369	mit	mit	1
THR	1, 295	295	ASP	1, 370	370	mit	mit	0.66
HIS	1, 369	369	ASP	1, 370	370	mit	mit	1
LEU	1, 368	368	THR	1, 371	371	mit	mit	1
HIS	1, 369	369	THR	1, 371	371	mit	mit	0.99
ASP	1, 370	370	THR	1, 371	371	mit	mit	1
THR	1, 371	371	TYR	1, 372	372	mit	mit	1
THR	1, 355	355	TYR	1, 373	373	mit	mit	0.87
LEU	1, 359	359	TYR	1, 373	373	mit	mit	0.91
LEU	1, 368	368	TYR	1, 373	373	mit	mit	0.99
THR	1, 371	371	TYR	1, 373	373	mit	mit	1
TYR	1, 372	372	TYR	1, 373	373	mit	mit	1
LEU	1, 359	359	VAL	1, 374	374	mit	mit	0.98
LEU	1, 368	368	VAL	1, 374	374	mit	mit	0.97
HIS	1, 369	369	VAL	1, 374	374	mit	mit	0.97
ASP	1, 370	370	VAL	1, 374	374	mit	mit	0.96
THR	1, 371	371	VAL	1, 374	374	mit	mit	0.99
TYR	1, 372	372	VAL	1, 374	374	mit	mit	0.98
TYR	1, 373	373	VAL	1, 374	374	mit	mit	1
THR	1, 371	371	VAL	1, 375	375	mit	mit	0.57
TYR	1, 372	372	VAL	1, 375	375	mit	mit	1
TYR	1, 373	373	VAL	1, 375	375	mit	mit	0.99
VAL	1, 374	374	VAL	1, 375	375	mit	mit	1
THR	1, 355	355	ALA	1, 376	376	mit	mit	0.97
TYR	1, 372	372	ALA	1, 376	376	mit	mit	0.99
TYR	1, 373	373	ALA	1, 376	376	mit	mit	1
VAL	1, 374	374	ALA	1, 376	376	mit	mit	0.99
VAL	1, 375	375	ALA	1, 376	376	mit	mit	1
GLY	1, 352	352	HIS	1, 377	377	mit	mit	0.99
GLY	1, 353	353	HIS	1, 377	377	mit	mit	0.73
THR	1, 355	355	HIS	1, 377	377	mit	mit	1
GLY	1, 356	356	HIS	1, 377	377	mit	mit	1
LEU	1, 359	359	HIS	1, 377	377	mit	mit	0.99
TYR	1, 373	373	HIS	1, 377	377	mit	mit	0.99
VAL	1, 374	374	HIS	1, 377	377	mit	mit	1
VAL	1, 375	375	HIS	1, 377	377	mit	mit	0.99
ALA	1, 376	376	HIS	1, 377	377	mit	mit	1
VAL	1, 244	244	PHE	1, 378	378	mit	mit	0.8
VAL	1, 374	374	PHE	1, 378	378	mit	mit	0.99
VAL	1, 375	375	PHE	1, 378	378	mit	mit	1
ALA	1, 376	376	PHE	1, 378	378	mit	mit	0.64
HIS	1, 377	377	PHE	1, 378	378	mit	mit	1
VAL	1, 375	375	HIS	1, 379	379	mit	mit	0.99
ALA	1, 376	376	HIS	1, 379	379	mit	mit	1
HIS	1, 377	377	HIS	1, 379	379	mit	mit	0.97
PHE	1, 378	378	HIS	1, 379	379	mit	mit	1
LEU	1, 348	348	TYR	1, 380	380	mit	mit	0.99
PHE	1, 349	349	TYR	1, 380	380	mit	mit	0.85
ILE	1, 351	351	TYR	1, 380	380	mit	mit	0.99
GLY	1, 352	352	TYR	1, 380	380	mit	mit	1
GLY	1, 353	353	TYR	1, 380	380	mit	mit	0.86
THR	1, 355	355	TYR	1, 380	380	mit	mit	0.98
ALA	1, 376	376	TYR	1, 380	380	mit	mit	1
HIS	1, 377	377	TYR	1, 380	380	mit	mit	1
PHE	1, 378	378	TYR	1, 380	380	mit	mit	0.98
HIS	1, 379	379	TYR	1, 380	380	mit	mit	1
VAL	1, 244	244	VAL	1, 381	381	mit	mit	0.72
ILE	1, 248	248	VAL	1, 381	381	mit	mit	0.96
PHE	1, 349	349	VAL	1, 381	381	mit	mit	0.97
GLY	1, 352	352	VAL	1, 381	381	mit	mit	0.99
GLY	1, 353	353	VAL	1, 381	381	mit	mit	0.98
HIS	1, 377	377	VAL	1, 381	381	mit	mit	0.98
PHE	1, 378	378	VAL	1, 381	381	mit	mit	0.99
HIS	1, 379	379	VAL	1, 381	381	mit	mit	0.91
TYR	1, 380	380	VAL	1, 381	381	mit	mit	1
MET	1, 66	66	LEU	1, 382	382	mit	mit	0.53
VAL	1, 71	71	LEU	1, 382	382	mit	mit	0.74
VAL	1, 244	244	LEU	1, 382	382	mit	mit	0.63
LEU	1, 247	247	LEU	1, 382	382	mit	mit	0.97
ILE	1, 248	248	LEU	1, 382	382	mit	mit	0.67
PHE	1, 378	378	LEU	1, 382	382	mit	mit	0.99
HIS	1, 379	379	LEU	1, 382	382	mit	mit	0.98
TYR	1, 380	380	LEU	1, 382	382	mit	mit	0.71
VAL	1, 381	381	LEU	1, 382	382	mit	mit	1
HIS	1, 379	379	SER	1, 383	383	mit	mit	0.98
TYR	1, 380	380	SER	1, 383	383	mit	mit	0.9
LEU	1, 382	382	SER	1, 383	383	mit	mit	1
GLY	1, 344	344	MET	1, 384	384	mit	mit	0.62
PHE	1, 345	345	MET	1, 384	384	mit	mit	0.8
LEU	1, 348	348	MET	1, 384	384	mit	mit	0.98
PHE	1, 349	349	MET	1, 384	384	mit	mit	0.82
HIS	1, 379	379	MET	1, 384	384	mit	mit	0.91
TYR	1, 380	380	MET	1, 384	384	mit	mit	0.98
VAL	1, 381	381	MET	1, 384	384	mit	mit	0.8
LEU	1, 382	382	MET	1, 384	384	mit	mit	0.71
SER	1, 383	383	MET	1, 384	384	mit	mit	1
ILE	1, 248	248	GLY	1, 385	385	mit	mit	0.91
GLY	1, 251	251	GLY	1, 385	385	mit	mit	0.63
PHE	1, 345	345	GLY	1, 385	385	mit	mit	1
LEU	1, 348	348	GLY	1, 385	385	mit	mit	0.98
PHE	1, 349	349	GLY	1, 385	385	mit	mit	0.99
TYR	1, 380	380	GLY	1, 385	385	mit	mit	0.87
VAL	1, 381	381	GLY	1, 385	385	mit	mit	0.98
LEU	1, 382	382	GLY	1, 385	385	mit	mit	0.99
SER	1, 383	383	GLY	1, 385	385	mit	mit	0.99
MET	1, 384	384	GLY	1, 385	385	mit	mit	1
VAL	1, 71	71	ALA	1, 386	386	mit	mit	0.99
MET	1, 75	75	ALA	1, 386	386	mit	mit	0.88
LEU	1, 247	247	ALA	1, 386	386	mit	mit	0.99
ILE	1, 248	248	ALA	1, 386	386	mit	mit	0.98
GLY	1, 251	251	ALA	1, 386	386	mit	mit	0.98
VAL	1, 381	381	ALA	1, 386	386	mit	mit	0.7
LEU	1, 382	382	ALA	1, 386	386	mit	mit	0.98
SER	1, 383	383	ALA	1, 386	386	mit	mit	0.87
GLY	1, 385	385	ALA	1, 386	386	mit	mit	1
VAL	1, 71	71	VAL	1, 387	387	mit	mit	0.74
LEU	1, 382	382	VAL	1, 387	387	mit	mit	0.77
SER	1, 383	383	VAL	1, 387	387	mit	mit	0.98
MET	1, 384	384	VAL	1, 387	387	mit	mit	0.97
GLY	1, 385	385	VAL	1, 387	387	mit	mit	1
ALA	1, 386	386	VAL	1, 387	387	mit	mit	1
TRP	1, 341	341	PHE	1, 388	388	mit	mit	1
ALA	1, 342	342	PHE	1, 388	388	mit	mit	0.62
GLY	1, 344	344	PHE	1, 388	388	mit	mit	0.99
PHE	1, 345	345	PHE	1, 388	388	mit	mit	1
LEU	1, 348	348	PHE	1, 388	388	mit	mit	0.96
MET	1, 384	384	PHE	1, 388	388	mit	mit	0.99
GLY	1, 385	385	PHE	1, 388	388	mit	mit	1
ALA	1, 386	386	PHE	1, 388	388	mit	mit	0.98
VAL	1, 387	387	PHE	1, 388	388	mit	mit	1
MET	1, 75	75	ALA	1, 389	389	mit	mit	0.7
ILE	1, 248	248	ALA	1, 389	389	mit	mit	0.51
PRO	1, 250	250	ALA	1, 389	389	mit	mit	0.76
GLY	1, 251	251	ALA	1, 389	389	mit	mit	1
PHE	1, 252	252	ALA	1, 389	389	mit	mit	0.59
MET	1, 254	254	ALA	1, 389	389	mit	mit	1
ILE	1, 255	255	ALA	1, 389	389	mit	mit	1
TRP	1, 341	341	ALA	1, 389	389	mit	mit	0.72
PHE	1, 345	345	ALA	1, 389	389	mit	mit	1
GLY	1, 385	385	ALA	1, 389	389	mit	mit	0.99
ALA	1, 386	386	ALA	1, 389	389	mit	mit	1
VAL	1, 387	387	ALA	1, 389	389	mit	mit	1
PHE	1, 388	388	ALA	1, 389	389	mit	mit	1
VAL	1, 71	71	ILE	1, 390	390	mit	mit	0.94
ILE	1, 74	74	ILE	1, 390	390	mit	mit	0.99
MET	1, 75	75	ILE	1, 390	390	mit	mit	0.99
GLY	1, 251	251	ILE	1, 390	390	mit	mit	0.65
ALA	1, 386	386	ILE	1, 390	390	mit	mit	0.99
VAL	1, 387	387	ILE	1, 390	390	mit	mit	1
PHE	1, 388	388	ILE	1, 390	390	mit	mit	0.99
ALA	1, 389	389	ILE	1, 390	390	mit	mit	1
TRP	1, 341	341	LEU	1, 391	391	mit	mit	1
VAL	1, 387	387	LEU	1, 391	391	mit	mit	1
PHE	1, 388	388	LEU	1, 391	391	mit	mit	1
ALA	1, 389	389	LEU	1, 391	391	mit	mit	0.99
ILE	1, 390	390	LEU	1, 391	391	mit	mit	1
MET	1, 254	254	ALA	1, 392	392	mit	mit	0.98
ILE	1, 255	255	ALA	1, 392	392	mit	mit	0.98
VAL	1, 258	258	ALA	1, 392	392	mit	mit	1
PRO	1, 338	338	ALA	1, 392	392	mit	mit	0.99
TRP	1, 341	341	ALA	1, 392	392	mit	mit	1
ALA	1, 342	342	ALA	1, 392	392	mit	mit	1
PHE	1, 345	345	ALA	1, 392	392	mit	mit	0.98
PHE	1, 388	388	ALA	1, 392	392	mit	mit	1
ALA	1, 389	389	ALA	1, 392	392	mit	mit	1
ILE	1, 390	390	ALA	1, 392	392	mit	mit	1
LEU	1, 391	391	ALA	1, 392	392	mit	mit	1
PHE	1, 79	79	GLY	1, 393	393	mit	mit	0.96
MET	1, 254	254	GLY	1, 393	393	mit	mit	1
VAL	1, 258	258	GLY	1, 393	393	mit	mit	0.99
PRO	1, 338	338	GLY	1, 393	393	mit	mit	0.97
TRP	1, 341	341	GLY	1, 393	393	mit	mit	0.77
ALA	1, 389	389	GLY	1, 393	393	mit	mit	0.99
ILE	1, 390	390	GLY	1, 393	393	mit	mit	1
LEU	1, 391	391	GLY	1, 393	393	mit	mit	1
ALA	1, 392	392	GLY	1, 393	393	mit	mit	1
ILE	1, 390	390	PHE	1, 394	394	mit	mit	1
LEU	1, 391	391	PHE	1, 394	394	mit	mit	1
ALA	1, 392	392	PHE	1, 394	394	mit	mit	0.99
GLY	1, 393	393	PHE	1, 394	394	mit	mit	1
PRO	1, 337	337	THR	1, 395	395	mit	mit	1
PRO	1, 338	338	THR	1, 395	395	mit	mit	1
TRP	1, 341	341	THR	1, 395	395	mit	mit	0.98
LEU	1, 391	391	THR	1, 395	395	mit	mit	1
ALA	1, 392	392	THR	1, 395	395	mit	mit	1
GLY	1, 393	393	THR	1, 395	395	mit	mit	1
PHE	1, 394	394	THR	1, 395	395	mit	mit	1
HIS	1, 257	257	HIS	1, 396	396	mit	mit	0.65
VAL	1, 258	258	HIS	1, 396	396	mit	mit	0.99
TYR	1, 261	261	HIS	1, 396	396	mit	mit	0.9
PRO	1, 338	338	HIS	1, 396	396	mit	mit	1
ALA	1, 392	392	HIS	1, 396	396	mit	mit	0.99
GLY	1, 393	393	HIS	1, 396	396	mit	mit	1
PHE	1, 394	394	HIS	1, 396	396	mit	mit	0.99
THR	1, 395	395	HIS	1, 396	396	mit	mit	1
PHE	1, 79	79	TRP	1, 397	397	mit	mit	0.9
TRP	1, 82	82	TRP	1, 397	397	mit	mit	0.85
LEU	1, 83	83	TRP	1, 397	397	mit	mit	0.95
GLY	1, 393	393	TRP	1, 397	397	mit	mit	1
PHE	1, 394	394	TRP	1, 397	397	mit	mit	0.99
HIS	1, 396	396	TRP	1, 397	397	mit	mit	1
PHE	1, 394	394	PHE	1, 398	398	mit	mit	1
THR	1, 395	395	PHE	1, 398	398	mit	mit	1
HIS	1, 396	396	PHE	1, 398	398	mit	mit	0.99
TRP	1, 397	397	PHE	1, 398	398	mit	mit	1
TRP	1, 397	397	PRO	1, 399	399	mit	mit	0.98
PHE	1, 398	398	PRO	1, 399	399	mit	mit	1
TRP	1, 397	397	LEU	1, 400	400	mit	mit	1
PHE	1, 398	398	LEU	1, 400	400	mit	mit	0.99
PRO	1, 399	399	LEU	1, 400	400	mit	mit	1
THR	1, 18	18	PHE	1, 401	401	mit	mit	0.97
LEU	1, 21	21	PHE	1, 401	401	mit	mit	0.81
TRP	1, 82	82	PHE	1, 401	401	mit	mit	0.99
TRP	1, 397	397	PHE	1, 401	401	mit	mit	0.99
PHE	1, 398	398	PHE	1, 401	401	mit	mit	1
PRO	1, 399	399	PHE	1, 401	401	mit	mit	0.93
LEU	1, 400	400	PHE	1, 401	401	mit	mit	1
PHE	1, 398	398	THR	1, 402	402	mit	mit	0.99
PRO	1, 399	399	THR	1, 402	402	mit	mit	0.98
LEU	1, 400	400	THR	1, 402	402	mit	mit	0.55
PHE	1, 401	401	THR	1, 402	402	mit	mit	1
PRO	1, 399	399	GLY	1, 403	403	mit	mit	1
LEU	1, 400	400	GLY	1, 403	403	mit	mit	0.96
PHE	1, 401	401	GLY	1, 403	403	mit	mit	0.98
THR	1, 402	402	GLY	1, 403	403	mit	mit	1
PHE	1, 398	398	PHE	1, 404	404	mit	mit	0.72
PRO	1, 399	399	PHE	1, 404	404	mit	mit	0.98
THR	1, 402	402	PHE	1, 404	404	mit	mit	1
GLY	1, 403	403	PHE	1, 404	404	mit	mit	1
PHE	1, 398	398	THR	1, 405	405	mit	mit	0.77
PRO	1, 399	399	THR	1, 405	405	mit	mit	1
GLY	1, 403	403	THR	1, 405	405	mit	mit	0.92
PHE	1, 404	404	THR	1, 405	405	mit	mit	1
PRO	1, 337	337	LEU	1, 406	406	mit	mit	0.81
THR	1, 395	395	LEU	1, 406	406	mit	mit	0.99
PHE	1, 398	398	LEU	1, 406	406	mit	mit	0.99
PRO	1, 399	399	LEU	1, 406	406	mit	mit	0.75
PHE	1, 404	404	LEU	1, 406	406	mit	mit	0.66
THR	1, 405	405	LEU	1, 406	406	mit	mit	1
THR	1, 405	405	HIS	1, 407	407	mit	mit	0.67
LEU	1, 406	406	HIS	1, 407	407	mit	mit	1
ASP	1, 336	336	PRO	1, 408	408	mit	mit	0.91
PRO	1, 337	337	PRO	1, 408	408	mit	mit	0.96
LEU	1, 406	406	PRO	1, 408	408	mit	mit	0.98
HIS	1, 407	407	PRO	1, 408	408	mit	mit	1
HIS	1, 407	407	SER	1, 409	409	mit	mit	1
PRO	1, 408	408	SER	1, 409	409	mit	mit	1
LEU	1, 406	406	TRP	1, 410	410	mit	mit	0.86
HIS	1, 407	407	TRP	1, 410	410	mit	mit	1
PRO	1, 408	408	TRP	1, 410	410	mit	mit	0.96
SER	1, 409	409	TRP	1, 410	410	mit	mit	1
PRO	1, 337	337	THR	1, 411	411	mit	mit	1
THR	1, 395	395	THR	1, 411	411	mit	mit	0.99
LEU	1, 406	406	THR	1, 411	411	mit	mit	1
HIS	1, 407	407	THR	1, 411	411	mit	mit	0.99
PRO	1, 408	408	THR	1, 411	411	mit	mit	1
SER	1, 409	409	THR	1, 411	411	mit	mit	0.98
TRP	1, 410	410	THR	1, 411	411	mit	mit	1
PRO	1, 337	337	LYS	1, 412	412	mit	mit	0.99
LEU	1, 340	340	LYS	1, 412	412	mit	mit	0.98
PRO	1, 408	408	LYS	1, 412	412	mit	mit	0.99
SER	1, 409	409	LYS	1, 412	412	mit	mit	1
TRP	1, 410	410	LYS	1, 412	412	mit	mit	0.99
THR	1, 411	411	LYS	1, 412	412	mit	mit	1
SER	1, 409	409	ALA	1, 413	413	mit	mit	0.99
TRP	1, 410	410	ALA	1, 413	413	mit	mit	1
THR	1, 411	411	ALA	1, 413	413	mit	mit	0.99
LYS	1, 412	412	ALA	1, 413	413	mit	mit	1
PRO	1, 337	337	HIS	1, 414	414	mit	mit	0.51
TRP	1, 410	410	HIS	1, 414	414	mit	mit	0.99
THR	1, 411	411	HIS	1, 414	414	mit	mit	1
LYS	1, 412	412	HIS	1, 414	414	mit	mit	1
ALA	1, 413	413	HIS	1, 414	414	mit	mit	1
PRO	1, 337	337	PHE	1, 415	415	mit	mit	0.98
LEU	1, 340	340	PHE	1, 415	415	mit	mit	1
TRP	1, 341	341	PHE	1, 415	415	mit	mit	0.99
THR	1, 411	411	PHE	1, 415	415	mit	mit	0.99
LYS	1, 412	412	PHE	1, 415	415	mit	mit	1
ALA	1, 413	413	PHE	1, 415	415	mit	mit	1
HIS	1, 414	414	PHE	1, 415	415	mit	mit	1
LYS	1, 412	412	GLY	1, 416	416	mit	mit	0.96
ALA	1, 413	413	GLY	1, 416	416	mit	mit	1
HIS	1, 414	414	GLY	1, 416	416	mit	mit	1
PHE	1, 415	415	GLY	1, 416	416	mit	mit	1
ALA	1, 413	413	VAL	1, 417	417	mit	mit	0.99
HIS	1, 414	414	VAL	1, 417	417	mit	mit	1
PHE	1, 415	415	VAL	1, 417	417	mit	mit	0.98
GLY	1, 416	416	VAL	1, 417	417	mit	mit	1
LEU	1, 391	391	MET	1, 418	418	mit	mit	0.71
HIS	1, 414	414	MET	1, 418	418	mit	mit	1
PHE	1, 415	415	MET	1, 418	418	mit	mit	1
GLY	1, 416	416	MET	1, 418	418	mit	mit	1
VAL	1, 417	417	MET	1, 418	418	mit	mit	1
GLY	1, 344	344	PHE	1, 419	419	mit	mit	0.96
PHE	1, 415	415	PHE	1, 419	419	mit	mit	1
GLY	1, 416	416	PHE	1, 419	419	mit	mit	1
VAL	1, 417	417	PHE	1, 419	419	mit	mit	0.99
MET	1, 418	418	PHE	1, 419	419	mit	mit	1
GLY	1, 416	416	THR	1, 420	420	mit	mit	1
VAL	1, 417	417	THR	1, 420	420	mit	mit	1
MET	1, 418	418	THR	1, 420	420	mit	mit	0.99
PHE	1, 419	419	THR	1, 420	420	mit	mit	1
VAL	1, 417	417	GLY	1, 421	421	mit	mit	0.99
MET	1, 418	418	GLY	1, 421	421	mit	mit	1
PHE	1, 419	419	GLY	1, 421	421	mit	mit	1
THR	1, 420	420	GLY	1, 421	421	mit	mit	1
SER	1, 383	383	VAL	1, 422	422	mit	mit	0.87
MET	1, 384	384	VAL	1, 422	422	mit	mit	0.99
MET	1, 418	418	VAL	1, 422	422	mit	mit	1
PHE	1, 419	419	VAL	1, 422	422	mit	mit	1
THR	1, 420	420	VAL	1, 422	422	mit	mit	0.82
GLY	1, 421	421	VAL	1, 422	422	mit	mit	1
LEU	1, 348	348	ASN	1, 423	423	mit	mit	0.71
PHE	1, 419	419	ASN	1, 423	423	mit	mit	1
THR	1, 420	420	ASN	1, 423	423	mit	mit	1
GLY	1, 421	421	ASN	1, 423	423	mit	mit	1
VAL	1, 422	422	ASN	1, 423	423	mit	mit	1
THR	1, 420	420	LEU	1, 424	424	mit	mit	1
GLY	1, 421	421	LEU	1, 424	424	mit	mit	1
VAL	1, 422	422	LEU	1, 424	424	mit	mit	0.98
ASN	1, 423	423	LEU	1, 424	424	mit	mit	1
ARG	1, 39	39	THR	1, 425	425	mit	mit	0.73
GLY	1, 421	421	THR	1, 425	425	mit	mit	1
VAL	1, 422	422	THR	1, 425	425	mit	mit	1
ASN	1, 423	423	THR	1, 425	425	mit	mit	0.99
LEU	1, 424	424	THR	1, 425	425	mit	mit	1
ALA	1, 376	376	PHE	1, 426	426	mit	mit	1
HIS	1, 379	379	PHE	1, 426	426	mit	mit	1
TYR	1, 380	380	PHE	1, 426	426	mit	mit	0.99
SER	1, 383	383	PHE	1, 426	426	mit	mit	0.78
MET	1, 384	384	PHE	1, 426	426	mit	mit	0.81
VAL	1, 422	422	PHE	1, 426	426	mit	mit	0.99
ASN	1, 423	423	PHE	1, 426	426	mit	mit	0.99
THR	1, 425	425	PHE	1, 426	426	mit	mit	1
ALA	1, 376	376	PHE	1, 427	427	mit	mit	0.79
ASN	1, 423	423	PHE	1, 427	427	mit	mit	1
LEU	1, 424	424	PHE	1, 427	427	mit	mit	0.99
THR	1, 425	425	PHE	1, 427	427	mit	mit	0.84
PHE	1, 426	426	PHE	1, 427	427	mit	mit	1
LEU	1, 424	424	PRO	1, 428	428	mit	mit	0.88
THR	1, 425	425	PRO	1, 428	428	mit	mit	0.77
PHE	1, 426	426	PRO	1, 428	428	mit	mit	0.93
PHE	1, 427	427	PRO	1, 428	428	mit	mit	1
TYR	1, 372	372	GLN	1, 429	429	mit	mit	1
TYR	1, 373	373	GLN	1, 429	429	mit	mit	0.88
VAL	1, 375	375	GLN	1, 429	429	mit	mit	0.99
ALA	1, 376	376	GLN	1, 429	429	mit	mit	1
HIS	1, 379	379	GLN	1, 429	429	mit	mit	0.79
THR	1, 425	425	GLN	1, 429	429	mit	mit	0.72
PHE	1, 426	426	GLN	1, 429	429	mit	mit	1
PHE	1, 427	427	GLN	1, 429	429	mit	mit	1
PRO	1, 428	428	GLN	1, 429	429	mit	mit	1
THR	1, 355	355	HIS	1, 430	430	mit	mit	0.89
TYR	1, 372	372	HIS	1, 430	430	mit	mit	0.63
TYR	1, 373	373	HIS	1, 430	430	mit	mit	0.99
ALA	1, 376	376	HIS	1, 430	430	mit	mit	1
PHE	1, 427	427	HIS	1, 430	430	mit	mit	1
PRO	1, 428	428	HIS	1, 430	430	mit	mit	0.99
GLN	1, 429	429	HIS	1, 430	430	mit	mit	1
PRO	1, 428	428	PHE	1, 431	431	mit	mit	1
GLN	1, 429	429	PHE	1, 431	431	mit	mit	0.99
HIS	1, 430	430	PHE	1, 431	431	mit	mit	1
THR	1, 371	371	LEU	1, 432	432	mit	mit	0.67
TYR	1, 372	372	LEU	1, 432	432	mit	mit	1
TYR	1, 373	373	LEU	1, 432	432	mit	mit	0.6
PRO	1, 428	428	LEU	1, 432	432	mit	mit	0.99
GLN	1, 429	429	LEU	1, 432	432	mit	mit	1
HIS	1, 430	430	LEU	1, 432	432	mit	mit	0.99
PHE	1, 431	431	LEU	1, 432	432	mit	mit	1
LEU	1, 368	368	GLY	1, 433	433	mit	mit	0.96
THR	1, 371	371	GLY	1, 433	433	mit	mit	1
TYR	1, 372	372	GLY	1, 433	433	mit	mit	1
TYR	1, 373	373	GLY	1, 433	433	mit	mit	1
ALA	1, 376	376	GLY	1, 433	433	mit	mit	0.91
GLN	1, 429	429	GLY	1, 433	433	mit	mit	0.99
HIS	1, 430	430	GLY	1, 433	433	mit	mit	1
PHE	1, 431	431	GLY	1, 433	433	mit	mit	1
LEU	1, 432	432	GLY	1, 433	433	mit	mit	1
LEU	1, 368	368	LEU	1, 434	434	mit	mit	0.75
TYR	1, 373	373	LEU	1, 434	434	mit	mit	0.99
HIS	1, 430	430	LEU	1, 434	434	mit	mit	0.99
PHE	1, 431	431	LEU	1, 434	434	mit	mit	1
LEU	1, 432	432	LEU	1, 434	434	mit	mit	0.98
GLY	1, 433	433	LEU	1, 434	434	mit	mit	1
PHE	1, 431	431	ALA	1, 435	435	mit	mit	0.99
LEU	1, 432	432	ALA	1, 435	435	mit	mit	1
GLY	1, 433	433	ALA	1, 435	435	mit	mit	1
LEU	1, 434	434	ALA	1, 435	435	mit	mit	1
THR	1, 371	371	GLY	1, 436	436	mit	mit	1
TYR	1, 372	372	GLY	1, 436	436	mit	mit	0.8
LEU	1, 432	432	GLY	1, 436	436	mit	mit	0.97
GLY	1, 433	433	GLY	1, 436	436	mit	mit	1
LEU	1, 434	434	GLY	1, 436	436	mit	mit	1
ALA	1, 435	435	GLY	1, 436	436	mit	mit	1
THR	1, 371	371	MET	1, 437	437	mit	mit	0.99
TYR	1, 372	372	MET	1, 437	437	mit	mit	1
LEU	1, 432	432	MET	1, 437	437	mit	mit	1
GLY	1, 433	433	MET	1, 437	437	mit	mit	0.99
ALA	1, 435	435	MET	1, 437	437	mit	mit	0.99
GLY	1, 436	436	MET	1, 437	437	mit	mit	1
ASP	1, 370	370	PRO	1, 438	438	mit	mit	0.98
THR	1, 371	371	PRO	1, 438	438	mit	mit	0.99
TYR	1, 372	372	PRO	1, 438	438	mit	mit	0.7
GLY	1, 436	436	PRO	1, 438	438	mit	mit	0.99
MET	1, 437	437	PRO	1, 438	438	mit	mit	1
ASP	1, 370	370	ARG	1, 439	439	mit	mit	0.99
THR	1, 371	371	ARG	1, 439	439	mit	mit	0.99
TYR	1, 372	372	ARG	1, 439	439	mit	mit	0.99
VAL	1, 374	374	ARG	1, 439	439	mit	mit	0.93
VAL	1, 375	375	ARG	1, 439	439	mit	mit	0.98
PRO	1, 438	438	ARG	1, 439	439	mit	mit	1
ASP	1, 52	52	ARG	1, 440	440	mit	mit	0.59
ASN	1, 56	56	ARG	1, 440	440	mit	mit	0.96
VAL	1, 59	59	ARG	1, 440	440	mit	mit	0.97
GLY	1, 126	126	ARG	1, 440	440	mit	mit	0.9
PRO	1, 438	438	ARG	1, 440	440	mit	mit	0.91
ARG	1, 439	439	ARG	1, 440	440	mit	mit	1
ASP	1, 52	52	TYR	1, 441	441	mit	mit	0.78
MET	1, 437	437	TYR	1, 441	441	mit	mit	0.91
PRO	1, 438	438	TYR	1, 441	441	mit	mit	0.99
ARG	1, 439	439	TYR	1, 441	441	mit	mit	0.98
ARG	1, 440	440	TYR	1, 441	441	mit	mit	1
GLU	1, 41	41	SER	1, 442	442	mit	mit	0.98
LEU	1, 42	42	SER	1, 442	442	mit	mit	0.68
THR	1, 47	47	SER	1, 442	442	mit	mit	0.95
LEU	1, 49	49	SER	1, 442	442	mit	mit	0.8
GLY	1, 50	50	SER	1, 442	442	mit	mit	0.82
ASP	1, 51	51	SER	1, 442	442	mit	mit	0.77
ASP	1, 52	52	SER	1, 442	442	mit	mit	0.99
TYR	1, 55	55	SER	1, 442	442	mit	mit	0.99
TYR	1, 441	441	SER	1, 442	442	mit	mit	1
PRO	1, 45	45	ASP	1, 443	443	mit	mit	0.92
GLY	1, 46	46	ASP	1, 443	443	mit	mit	0.99
THR	1, 47	47	ASP	1, 443	443	mit	mit	0.98
TYR	1, 441	441	ASP	1, 443	443	mit	mit	0.98
SER	1, 442	442	ASP	1, 443	443	mit	mit	1
LEU	1, 42	42	TYR	1, 444	444	mit	mit	0.92
PRO	1, 45	45	TYR	1, 444	444	mit	mit	0.95
MET	1, 437	437	TYR	1, 444	444	mit	mit	0.98
TYR	1, 441	441	TYR	1, 444	444	mit	mit	0.99
ASP	1, 443	443	TYR	1, 444	444	mit	mit	1
TYR	1, 444	444	PRO	1, 445	445	mit	mit	1
PRO	1, 45	45	ASP	1, 446	446	mit	mit	0.97
PRO	1, 445	445	ASP	1, 446	446	mit	mit	1
ALA	1, 435	435	ALA	1, 447	447	mit	mit	0.8
PRO	1, 445	445	ALA	1, 447	447	mit	mit	1
ASP	1, 446	446	ALA	1, 447	447	mit	mit	1
LEU	1, 432	432	TYR	1, 448	448	mit	mit	0.98
ALA	1, 435	435	TYR	1, 448	448	mit	mit	0.97
MET	1, 437	437	TYR	1, 448	448	mit	mit	0.99
TYR	1, 444	444	TYR	1, 448	448	mit	mit	0.99
PRO	1, 445	445	TYR	1, 448	448	mit	mit	0.99
ASP	1, 446	446	TYR	1, 448	448	mit	mit	0.94
ALA	1, 447	447	TYR	1, 448	448	mit	mit	1
PRO	1, 45	45	THR	1, 449	449	mit	mit	0.99
TYR	1, 444	444	THR	1, 449	449	mit	mit	0.78
ASP	1, 446	446	THR	1, 449	449	mit	mit	0.99
ALA	1, 447	447	THR	1, 449	449	mit	mit	0.98
TYR	1, 448	448	THR	1, 449	449	mit	mit	1
TYR	1, 448	448	LEU	1, 450	450	mit	mit	0.91
THR	1, 449	449	LEU	1, 450	450	mit	mit	1
PRO	1, 428	428	TRP	1, 451	451	mit	mit	1
GLN	1, 429	429	TRP	1, 451	451	mit	mit	0.89
PHE	1, 431	431	TRP	1, 451	451	mit	mit	0.99
LEU	1, 432	432	TRP	1, 451	451	mit	mit	1
TYR	1, 448	448	TRP	1, 451	451	mit	mit	0.99
THR	1, 449	449	TRP	1, 451	451	mit	mit	0.69
LEU	1, 450	450	TRP	1, 451	451	mit	mit	1
LEU	1, 42	42	ASN	1, 452	452	mit	mit	1
GLY	1, 43	43	ASN	1, 452	452	mit	mit	0.99
PRO	1, 428	428	ASN	1, 452	452	mit	mit	0.55
LEU	1, 432	432	ASN	1, 452	452	mit	mit	0.97
TYR	1, 444	444	ASN	1, 452	452	mit	mit	0.98
TYR	1, 448	448	ASN	1, 452	452	mit	mit	0.99
THR	1, 449	449	ASN	1, 452	452	mit	mit	1
LEU	1, 450	450	ASN	1, 452	452	mit	mit	0.99
TRP	1, 451	451	ASN	1, 452	452	mit	mit	1
GLY	1, 43	43	THR	1, 453	453	mit	mit	1
GLN	1, 44	44	THR	1, 453	453	mit	mit	0.79
THR	1, 449	449	THR	1, 453	453	mit	mit	1
LEU	1, 450	450	THR	1, 453	453	mit	mit	1
TRP	1, 451	451	THR	1, 453	453	mit	mit	0.98
ASN	1, 452	452	THR	1, 453	453	mit	mit	1
LEU	1, 424	424	LEU	1, 454	454	mit	mit	0.99
PRO	1, 428	428	LEU	1, 454	454	mit	mit	1
LEU	1, 450	450	LEU	1, 454	454	mit	mit	0.99
TRP	1, 451	451	LEU	1, 454	454	mit	mit	1
ASN	1, 452	452	LEU	1, 454	454	mit	mit	0.99
THR	1, 453	453	LEU	1, 454	454	mit	mit	1
ARG	1, 39	39	SER	1, 455	455	mit	mit	0.97
LEU	1, 42	42	SER	1, 455	455	mit	mit	0.84
GLY	1, 43	43	SER	1, 455	455	mit	mit	0.64
LEU	1, 424	424	SER	1, 455	455	mit	mit	0.86
THR	1, 425	425	SER	1, 455	455	mit	mit	1
PHE	1, 426	426	SER	1, 455	455	mit	mit	0.85
PRO	1, 428	428	SER	1, 455	455	mit	mit	1
GLN	1, 429	429	SER	1, 455	455	mit	mit	0.99
LEU	1, 432	432	SER	1, 455	455	mit	mit	0.65
TRP	1, 451	451	SER	1, 455	455	mit	mit	0.99
ASN	1, 452	452	SER	1, 455	455	mit	mit	1
THR	1, 453	453	SER	1, 455	455	mit	mit	0.99
LEU	1, 454	454	SER	1, 455	455	mit	mit	1
ARG	1, 39	39	SER	1, 456	456	mit	mit	1
ALA	1, 40	40	SER	1, 456	456	mit	mit	0.94
LEU	1, 42	42	SER	1, 456	456	mit	mit	0.98
GLY	1, 43	43	SER	1, 456	456	mit	mit	1
ASN	1, 452	452	SER	1, 456	456	mit	mit	0.99
THR	1, 453	453	SER	1, 456	456	mit	mit	1
LEU	1, 454	454	SER	1, 456	456	mit	mit	0.99
SER	1, 455	455	SER	1, 456	456	mit	mit	1
LEU	1, 424	424	ILE	1, 457	457	mit	mit	0.98
THR	1, 453	453	ILE	1, 457	457	mit	mit	0.99
LEU	1, 454	454	ILE	1, 457	457	mit	mit	1
SER	1, 455	455	ILE	1, 457	457	mit	mit	0.99
SER	1, 456	456	ILE	1, 457	457	mit	mit	1
GLY	1, 421	421	GLY	1, 458	458	mit	mit	1
VAL	1, 422	422	GLY	1, 458	458	mit	mit	0.65
LEU	1, 424	424	GLY	1, 458	458	mit	mit	1
THR	1, 425	425	GLY	1, 458	458	mit	mit	1
LEU	1, 454	454	GLY	1, 458	458	mit	mit	0.94
SER	1, 455	455	GLY	1, 458	458	mit	mit	1
SER	1, 456	456	GLY	1, 458	458	mit	mit	1
ILE	1, 457	457	GLY	1, 458	458	mit	mit	1
SER	1, 35	35	SER	1, 459	459	mit	mit	0.99
LEU	1, 36	36	SER	1, 459	459	mit	mit	0.99
ARG	1, 39	39	SER	1, 459	459	mit	mit	1
GLY	1, 421	421	SER	1, 459	459	mit	mit	0.63
THR	1, 425	425	SER	1, 459	459	mit	mit	1
SER	1, 455	455	SER	1, 459	459	mit	mit	0.97
SER	1, 456	456	SER	1, 459	459	mit	mit	1
ILE	1, 457	457	SER	1, 459	459	mit	mit	0.99
GLY	1, 458	458	SER	1, 459	459	mit	mit	1
LEU	1, 36	36	LEU	1, 460	460	mit	mit	0.74
ARG	1, 39	39	LEU	1, 460	460	mit	mit	0.56
SER	1, 456	456	LEU	1, 460	460	mit	mit	0.97
ILE	1, 457	457	LEU	1, 460	460	mit	mit	1
GLY	1, 458	458	LEU	1, 460	460	mit	mit	1
SER	1, 459	459	LEU	1, 460	460	mit	mit	1
VAL	1, 417	417	ILE	1, 461	461	mit	mit	0.99
THR	1, 420	420	ILE	1, 461	461	mit	mit	0.99
GLY	1, 421	421	ILE	1, 461	461	mit	mit	1
LEU	1, 424	424	ILE	1, 461	461	mit	mit	0.98
THR	1, 425	425	ILE	1, 461	461	mit	mit	0.63
ILE	1, 457	457	ILE	1, 461	461	mit	mit	0.98
GLY	1, 458	458	ILE	1, 461	461	mit	mit	1
SER	1, 459	459	ILE	1, 461	461	mit	mit	1
LEU	1, 460	460	ILE	1, 461	461	mit	mit	1
THR	1, 32	32	SER	1, 462	462	mit	mit	0.64
MET	1, 418	418	SER	1, 462	462	mit	mit	0.99
GLY	1, 421	421	SER	1, 462	462	mit	mit	1
VAL	1, 422	422	SER	1, 462	462	mit	mit	0.99
THR	1, 425	425	SER	1, 462	462	mit	mit	0.99
GLY	1, 458	458	SER	1, 462	462	mit	mit	1
SER	1, 459	459	SER	1, 462	462	mit	mit	1
LEU	1, 460	460	SER	1, 462	462	mit	mit	0.99
ILE	1, 461	461	SER	1, 462	462	mit	mit	1
THR	1, 32	32	MET	1, 463	463	mit	mit	0.99
LEU	1, 36	36	MET	1, 463	463	mit	mit	1
SER	1, 459	459	MET	1, 463	463	mit	mit	0.99
LEU	1, 460	460	MET	1, 463	463	mit	mit	1
ILE	1, 461	461	MET	1, 463	463	mit	mit	0.99
SER	1, 462	462	MET	1, 463	463	mit	mit	1
VAL	1, 417	417	THR	1, 464	464	mit	mit	0.99
LEU	1, 460	460	THR	1, 464	464	mit	mit	0.98
ILE	1, 461	461	THR	1, 464	464	mit	mit	1
SER	1, 462	462	THR	1, 464	464	mit	mit	1
MET	1, 463	463	THR	1, 464	464	mit	mit	1
HIS	1, 414	414	ALA	1, 465	465	mit	mit	0.99
GLY	1, 416	416	ALA	1, 465	465	mit	mit	0.52
VAL	1, 417	417	ALA	1, 465	465	mit	mit	1
MET	1, 418	418	ALA	1, 465	465	mit	mit	1
GLY	1, 421	421	ALA	1, 465	465	mit	mit	0.96
ILE	1, 461	461	ALA	1, 465	465	mit	mit	0.99
SER	1, 462	462	ALA	1, 465	465	mit	mit	1
MET	1, 463	463	ALA	1, 465	465	mit	mit	1
THR	1, 464	464	ALA	1, 465	465	mit	mit	1
MET	1, 29	29	VAL	1, 466	466	mit	mit	0.87
THR	1, 32	32	VAL	1, 466	466	mit	mit	1
SER	1, 462	462	VAL	1, 466	466	mit	mit	0.99
MET	1, 463	463	VAL	1, 466	466	mit	mit	1
THR	1, 464	464	VAL	1, 466	466	mit	mit	0.98
ALA	1, 465	465	VAL	1, 466	466	mit	mit	1
MET	1, 463	463	ILE	1, 467	467	mit	mit	0.99
THR	1, 464	464	ILE	1, 467	467	mit	mit	1
ALA	1, 465	465	ILE	1, 467	467	mit	mit	0.99
VAL	1, 466	466	ILE	1, 467	467	mit	mit	1
TRP	1, 410	410	MET	1, 468	468	mit	mit	0.8
ALA	1, 413	413	MET	1, 468	468	mit	mit	0.86
HIS	1, 414	414	MET	1, 468	468	mit	mit	1
VAL	1, 417	417	MET	1, 468	468	mit	mit	0.98
THR	1, 464	464	MET	1, 468	468	mit	mit	1
ALA	1, 465	465	MET	1, 468	468	mit	mit	1
VAL	1, 466	466	MET	1, 468	468	mit	mit	1
ILE	1, 467	467	MET	1, 468	468	mit	mit	1
HIS	1, 414	414	LEU	1, 469	469	mit	mit	0.99
ALA	1, 465	465	LEU	1, 469	469	mit	mit	0.99
VAL	1, 466	466	LEU	1, 469	469	mit	mit	1
ILE	1, 467	467	LEU	1, 469	469	mit	mit	1
MET	1, 468	468	LEU	1, 469	469	mit	mit	1
VAL	1, 466	466	MET	1, 470	470	mit	mit	0.96
ILE	1, 467	467	MET	1, 470	470	mit	mit	1
MET	1, 468	468	MET	1, 470	470	mit	mit	0.99
LEU	1, 469	469	MET	1, 470	470	mit	mit	1
TRP	1, 410	410	PHE	1, 471	471	mit	mit	0.55
ILE	1, 467	467	PHE	1, 471	471	mit	mit	0.99
MET	1, 468	468	PHE	1, 471	471	mit	mit	1
LEU	1, 469	469	PHE	1, 471	471	mit	mit	1
MET	1, 470	470	PHE	1, 471	471	mit	mit	1
LEU	1, 406	406	ILE	1, 472	472	mit	mit	0.99
HIS	1, 407	407	ILE	1, 472	472	mit	mit	0.96
TRP	1, 410	410	ILE	1, 472	472	mit	mit	0.99
THR	1, 411	411	ILE	1, 472	472	mit	mit	0.99
HIS	1, 414	414	ILE	1, 472	472	mit	mit	0.98
MET	1, 468	468	ILE	1, 472	472	mit	mit	1
LEU	1, 469	469	ILE	1, 472	472	mit	mit	1
MET	1, 470	470	ILE	1, 472	472	mit	mit	0.99
PHE	1, 471	471	ILE	1, 472	472	mit	mit	1
LEU	1, 406	406	VAL	1, 473	473	mit	mit	0.55
LEU	1, 469	469	VAL	1, 473	473	mit	mit	1
MET	1, 470	470	VAL	1, 473	473	mit	mit	1
PHE	1, 471	471	VAL	1, 473	473	mit	mit	0.99
ILE	1, 472	472	VAL	1, 473	473	mit	mit	1
MET	1, 470	470	TRP	1, 474	474	mit	mit	0.99
PHE	1, 471	471	TRP	1, 474	474	mit	mit	1
ILE	1, 472	472	TRP	1, 474	474	mit	mit	0.99
VAL	1, 473	473	TRP	1, 474	474	mit	mit	1
HIS	1, 407	407	GLU	1, 475	475	mit	mit	0.98
TRP	1, 410	410	GLU	1, 475	475	mit	mit	0.95
PHE	1, 471	471	GLU	1, 475	475	mit	mit	1
ILE	1, 472	472	GLU	1, 475	475	mit	mit	1
VAL	1, 473	473	GLU	1, 475	475	mit	mit	0.99
TRP	1, 474	474	GLU	1, 475	475	mit	mit	1
PHE	1, 398	398	ALA	1, 476	476	mit	mit	0.86
THR	1, 402	402	ALA	1, 476	476	mit	mit	0.8
PHE	1, 404	404	ALA	1, 476	476	mit	mit	1
THR	1, 405	405	ALA	1, 476	476	mit	mit	0.97
LEU	1, 406	406	ALA	1, 476	476	mit	mit	1
HIS	1, 407	407	ALA	1, 476	476	mit	mit	0.94
ILE	1, 472	472	ALA	1, 476	476	mit	mit	1
VAL	1, 473	473	ALA	1, 476	476	mit	mit	1
TRP	1, 474	474	ALA	1, 476	476	mit	mit	0.99
GLU	1, 475	475	ALA	1, 476	476	mit	mit	1
THR	1, 402	402	PHE	1, 477	477	mit	mit	0.82
PHE	1, 404	404	PHE	1, 477	477	mit	mit	0.98
VAL	1, 473	473	PHE	1, 477	477	mit	mit	0.99
TRP	1, 474	474	PHE	1, 477	477	mit	mit	1
GLU	1, 475	475	PHE	1, 477	477	mit	mit	0.95
ALA	1, 476	476	PHE	1, 477	477	mit	mit	1
TRP	1, 474	474	SER	1, 478	478	mit	mit	0.99
GLU	1, 475	475	SER	1, 478	478	mit	mit	1
ALA	1, 476	476	SER	1, 478	478	mit	mit	0.98
PHE	1, 477	477	SER	1, 478	478	mit	mit	1
PHE	1, 404	404	ALA	1, 479	479	mit	mit	0.67
HIS	1, 407	407	ALA	1, 479	479	mit	mit	0.75
GLU	1, 475	475	ALA	1, 479	479	mit	mit	0.99
ALA	1, 476	476	ALA	1, 479	479	mit	mit	0.99
PHE	1, 477	477	ALA	1, 479	479	mit	mit	0.78
SER	1, 478	478	ALA	1, 479	479	mit	mit	1
PHE	1, 404	404	LYS	1, 480	480	mit	mit	0.98
PHE	1, 477	477	LYS	1, 480	480	mit	mit	0.9
SER	1, 478	478	LYS	1, 480	480	mit	mit	0.98
ALA	1, 479	479	LYS	1, 480	480	mit	mit	1
PHE	1, 404	404	ARG	1, 481	481	mit	mit	0.99
THR	1, 405	405	ARG	1, 481	481	mit	mit	1
ALA	1, 476	476	ARG	1, 481	481	mit	mit	0.86
ALA	1, 479	479	ARG	1, 481	481	mit	mit	1
LYS	1, 480	480	ARG	1, 481	481	mit	mit	1
GLY	1, 403	403	LYS	1, 482	482	mit	mit	0.97
PHE	1, 404	404	LYS	1, 482	482	mit	mit	0.96
LYS	1, 480	480	LYS	1, 482	482	mit	mit	0.99
ARG	1, 481	481	LYS	1, 482	482	mit	mit	1
PRO	1, 399	399	VAL	1, 483	483	mit	mit	0.99
GLY	1, 403	403	VAL	1, 483	483	mit	mit	0.98
PHE	1, 404	404	VAL	1, 483	483	mit	mit	0.84
THR	1, 405	405	VAL	1, 483	483	mit	mit	0.98
ARG	1, 481	481	VAL	1, 483	483	mit	mit	0.61
LYS	1, 482	482	VAL	1, 483	483	mit	mit	1
LYS	1, 482	482	LEU	1, 484	484	mit	mit	0.96
VAL	1, 483	483	LEU	1, 484	484	mit	mit	1
VAL	1, 483	483	GLN	1, 485	485	mit	mit	0.87
LEU	1, 484	484	GLN	1, 485	485	mit	mit	1
VAL	1, 483	483	PRO	1, 486	486	mit	mit	0.88
GLN	1, 485	485	PRO	1, 486	486	mit	mit	1
GLN	1, 485	485	GLU	1, 487	487	mit	mit	0.91
PRO	1, 486	486	GLU	1, 487	487	mit	mit	1
TYR	1, 261	261	LEU	1, 488	488	mit	mit	0.95
GLY	1, 264	264	LEU	1, 488	488	mit	mit	0.9
PRO	1, 486	486	LEU	1, 488	488	mit	mit	0.57
GLU	1, 487	487	LEU	1, 488	488	mit	mit	1
PRO	1, 486	486	THR	1, 489	489	mit	mit	0.97
GLU	1, 487	487	THR	1, 489	489	mit	mit	0.94
LEU	1, 488	488	THR	1, 489	489	mit	mit	1
LEU	1, 488	488	ALA	1, 490	490	mit	mit	0.99
THR	1, 489	489	ALA	1, 490	490	mit	mit	1
LYS	1, 266	266	THR	1, 491	491	mit	mit	0.99
GLU	1, 267	267	THR	1, 491	491	mit	mit	0.84
LEU	1, 488	488	THR	1, 491	491	mit	mit	0.97
THR	1, 489	489	THR	1, 491	491	mit	mit	0.68
ALA	1, 490	490	THR	1, 491	491	mit	mit	1
HIS	1, 257	257	ASN	1, 492	492	mit	mit	0.68
TYR	1, 261	261	ASN	1, 492	492	mit	mit	0.97
LEU	1, 488	488	ASN	1, 492	492	mit	mit	0.96
THR	1, 489	489	ASN	1, 492	492	mit	mit	0.98
ALA	1, 490	490	ASN	1, 492	492	mit	mit	0.75
THR	1, 491	491	ASN	1, 492	492	mit	mit	1
LEU	1, 86	86	ILE	1, 493	493	mit	mit	0.96
MET	1, 87	87	ILE	1, 493	493	mit	mit	0.99
GLY	1, 89	89	ILE	1, 493	493	mit	mit	0.93
THR	1, 489	489	ILE	1, 493	493	mit	mit	0.53
ASN	1, 492	492	ILE	1, 493	493	mit	mit	1
LEU	1, 83	83	GLU	1, 494	494	mit	mit	0.98
LEU	1, 86	86	GLU	1, 494	494	mit	mit	0.99
MET	1, 87	87	GLU	1, 494	494	mit	mit	0.99
TRP	1, 397	397	GLU	1, 494	494	mit	mit	0.7
LEU	1, 400	400	GLU	1, 494	494	mit	mit	0.98
ASN	1, 492	492	GLU	1, 494	494	mit	mit	1
ILE	1, 493	493	GLU	1, 494	494	mit	mit	1
LEU	1, 400	400	TRP	1, 495	495	mit	mit	0.98
PRO	1, 486	486	TRP	1, 495	495	mit	mit	0.98
LEU	1, 488	488	TRP	1, 495	495	mit	mit	0.62
THR	1, 489	489	TRP	1, 495	495	mit	mit	0.98
ASN	1, 492	492	TRP	1, 495	495	mit	mit	0.99
ILE	1, 493	493	TRP	1, 495	495	mit	mit	0.96
GLU	1, 494	494	TRP	1, 495	495	mit	mit	1
THR	1, 489	489	ILE	1, 496	496	mit	mit	0.98
ILE	1, 493	493	ILE	1, 496	496	mit	mit	0.99
GLU	1, 494	494	ILE	1, 496	496	mit	mit	0.95
TRP	1, 495	495	ILE	1, 496	496	mit	mit	1
LEU	1, 86	86	HIS	1, 497	497	mit	mit	0.7
TRP	1, 495	495	HIS	1, 497	497	mit	mit	0.78
ILE	1, 496	496	HIS	1, 497	497	mit	mit	1
VAL	1, 483	483	GLY	1, 498	498	mit	mit	0.6
PRO	1, 486	486	GLY	1, 498	498	mit	mit	0.89
TRP	1, 495	495	GLY	1, 498	498	mit	mit	0.96
ILE	1, 496	496	GLY	1, 498	498	mit	mit	0.98
HIS	1, 497	497	GLY	1, 498	498	mit	mit	1
PRO	1, 399	399	CYS	1, 499	499	mit	mit	0.97
LEU	1, 400	400	CYS	1, 499	499	mit	mit	0.99
GLY	1, 403	403	CYS	1, 499	499	mit	mit	0.99
VAL	1, 483	483	CYS	1, 499	499	mit	mit	0.97
PRO	1, 486	486	CYS	1, 499	499	mit	mit	0.89
TRP	1, 495	495	CYS	1, 499	499	mit	mit	0.86
GLY	1, 498	498	CYS	1, 499	499	mit	mit	1
LEU	1, 400	400	PRO	1, 500	500	mit	mit	0.92
PHE	1, 401	401	PRO	1, 500	500	mit	mit	0.91
THR	1, 402	402	PRO	1, 500	500	mit	mit	0.96
GLY	1, 403	403	PRO	1, 500	500	mit	mit	0.99
GLY	1, 498	498	PRO	1, 500	500	mit	mit	0.98
CYS	1, 499	499	PRO	1, 500	500	mit	mit	1
LYS	1, 14	14	PRO	1, 501	501	mit	mit	0.96
LEU	1, 86	86	PRO	1, 501	501	mit	mit	0.95
LEU	1, 400	400	PRO	1, 501	501	mit	mit	0.86
HIS	1, 497	497	PRO	1, 501	501	mit	mit	0.99
GLY	1, 498	498	PRO	1, 501	501	mit	mit	0.99
CYS	1, 499	499	PRO	1, 501	501	mit	mit	0.92
PRO	1, 500	500	PRO	1, 501	501	mit	mit	1
HIS	1, 497	497	PRO	1, 502	502	mit	mit	0.96
PRO	1, 500	500	PRO	1, 502	502	mit	mit	0.65
PRO	1, 501	501	PRO	1, 502	502	mit	mit	1
ASN	1, 12	12	TYR	1, 503	503	mit	mit	0.98
LYS	1, 14	14	TYR	1, 503	503	mit	mit	0.9
PRO	1, 502	502	TYR	1, 503	503	mit	mit	1
PRO	1, 91	91	HIS	1, 504	504	mit	mit	0.8
PRO	1, 502	502	HIS	1, 504	504	mit	mit	0.99
TYR	1, 503	503	HIS	1, 504	504	mit	mit	1
PRO	1, 85	85	THR	1, 505	505	mit	mit	0.64
LEU	1, 86	86	THR	1, 505	505	mit	mit	0.95
PRO	1, 91	91	THR	1, 505	505	mit	mit	0.97
HIS	1, 497	497	THR	1, 505	505	mit	mit	0.98
PRO	1, 501	501	THR	1, 505	505	mit	mit	0.99
PRO	1, 502	502	THR	1, 505	505	mit	mit	0.99
TYR	1, 503	503	THR	1, 505	505	mit	mit	0.57
HIS	1, 504	504	THR	1, 505	505	mit	mit	1
GLY	1, 89	89	PHE	1, 506	506	mit	mit	0.97
ALA	1, 90	90	PHE	1, 506	506	mit	mit	0.94
PRO	1, 91	91	PHE	1, 506	506	mit	mit	0.99
THR	1, 505	505	PHE	1, 506	506	mit	mit	1
PRO	1, 91	91	GLU	1, 507	507	mit	mit	0.91
HIS	1, 504	504	GLU	1, 507	507	mit	mit	0.98
THR	1, 505	505	GLU	1, 507	507	mit	mit	0.95
PHE	1, 506	506	GLU	1, 507	507	mit	mit	1
PHE	1, 506	506	GLU	1, 508	508	mit	mit	0.96
GLU	1, 507	507	GLU	1, 508	508	mit	mit	1
GLY	1, 89	89	PRO	1, 509	509	mit	mit	0.84
PRO	1, 91	91	PRO	1, 509	509	mit	mit	0.66
PRO	1, 174	174	PRO	1, 509	509	mit	mit	0.93
PHE	1, 506	506	PRO	1, 509	509	mit	mit	0.97
GLU	1, 508	508	PRO	1, 509	509	mit	mit	1
GLY	1, 89	89	ALA	1, 510	510	mit	mit	0.98
PRO	1, 174	174	ALA	1, 510	510	mit	mit	0.97
PHE	1, 506	506	ALA	1, 510	510	mit	mit	0.92
PRO	1, 509	509	ALA	1, 510	510	mit	mit	1
PRO	1, 509	509	PHE	1, 511	511	mit	mit	0.88
ALA	1, 510	510	PHE	1, 511	511	mit	mit	1
PRO	1, 174	174	VAL	1, 512	512	mit	mit	0.98
PRO	1, 175	175	VAL	1, 512	512	mit	mit	0.59
ALA	1, 176	176	VAL	1, 512	512	mit	mit	0.98
LEU	1, 177	177	VAL	1, 512	512	mit	mit	0.97
ALA	1, 510	510	VAL	1, 512	512	mit	mit	0.99
PHE	1, 511	511	VAL	1, 512	512	mit	mit	1
ALA	1, 176	176	GLN	1, 513	513	mit	mit	0.93
PHE	1, 511	511	GLN	1, 513	513	mit	mit	0.98
VAL	1, 512	512	GLN	1, 513	513	mit	mit	1
ALA	1, 176	176	VAL	1, 514	514	mit	mit	0.92
VAL	1, 512	512	VAL	1, 514	514	mit	mit	0.77
GLN	1, 513	513	VAL	1, 514	514	mit	mit	1
GLN	1, 513	513	GLN	1, 515	515	mit	mit	0.95
VAL	1, 514	514	GLN	1, 515	515	mit	mit	1
VAL	1, 514	514	GLU	1, 516	516	mit	mit	0.72
GLN	1, 515	515	GLU	1, 516	516	mit	mit	1
VAL	2, 1	517	THR	2, 2	518	mit	mit	1
VAL	2, 1	517	PHE	2, 3	519	mit	mit	0.61
THR	2, 2	518	PHE	2, 3	519	mit	mit	1
THR	2, 2	518	ILE	2, 4	520	mit	mit	0.94
PHE	2, 3	519	ILE	2, 4	520	mit	mit	1
VAL	2, 1	517	ASN	2, 5	521	mit	mit	0.76
THR	2, 2	518	ASN	2, 5	521	mit	mit	0.96
PHE	2, 3	519	ASN	2, 5	521	mit	mit	0.93
ILE	2, 4	520	ASN	2, 5	521	mit	mit	1
THR	2, 2	518	ARG	2, 6	522	mit	mit	0.91
PHE	2, 3	519	ARG	2, 6	522	mit	mit	0.98
ILE	2, 4	520	ARG	2, 6	522	mit	mit	0.92
ASN	2, 5	521	ARG	2, 6	522	mit	mit	1
PHE	2, 3	519	TRP	2, 7	523	mit	mit	0.98
ILE	2, 4	520	TRP	2, 7	523	mit	mit	0.96
ARG	2, 6	522	TRP	2, 7	523	mit	mit	1
ILE	2, 4	520	LEU	2, 8	524	mit	mit	0.99
ASN	2, 5	521	LEU	2, 8	524	mit	mit	0.91
TRP	2, 7	523	LEU	2, 8	524	mit	mit	1
ILE	2, 4	520	PHE	2, 9	525	mit	mit	0.96
ASN	2, 5	521	PHE	2, 9	525	mit	mit	0.99
ARG	2, 6	522	PHE	2, 9	525	mit	mit	0.7
TRP	2, 7	523	PHE	2, 9	525	mit	mit	0.52
LEU	2, 8	524	PHE	2, 9	525	mit	mit	1
ARG	2, 6	522	SER	2, 10	526	mit	mit	0.98
TRP	2, 7	523	SER	2, 10	526	mit	mit	0.99
LEU	2, 8	524	SER	2, 10	526	mit	mit	0.97
PHE	2, 9	525	SER	2, 10	526	mit	mit	1
PHE	2, 9	525	THR	2, 11	527	mit	mit	0.84
SER	2, 10	526	THR	2, 11	527	mit	mit	1
SER	2, 10	526	ASN	2, 12	528	mit	mit	0.99
THR	2, 11	527	ASN	2, 12	528	mit	mit	1
ASN	2, 12	528	HIS	2, 13	529	mit	mit	1
ASN	2, 12	528	LYS	2, 14	530	mit	mit	1
HIS	2, 13	529	LYS	2, 14	530	mit	mit	1
ARG	2, 6	522	ASP	2, 15	531	mit	mit	0.97
TRP	2, 7	523	ASP	2, 15	531	mit	mit	0.96
SER	2, 10	526	ASP	2, 15	531	mit	mit	1
ASN	2, 12	528	ASP	2, 15	531	mit	mit	1
HIS	2, 13	529	ASP	2, 15	531	mit	mit	0.91
LYS	2, 14	530	ASP	2, 15	531	mit	mit	1
SER	2, 10	526	ILE	2, 16	532	mit	mit	0.99
ASN	2, 12	528	ILE	2, 16	532	mit	mit	0.99
HIS	2, 13	529	ILE	2, 16	532	mit	mit	1
LYS	2, 14	530	ILE	2, 16	532	mit	mit	0.97
ASP	2, 15	531	ILE	2, 16	532	mit	mit	1
HIS	2, 13	529	GLY	2, 17	533	mit	mit	0.98
LYS	2, 14	530	GLY	2, 17	533	mit	mit	1
ASP	2, 15	531	GLY	2, 17	533	mit	mit	1
ILE	2, 16	532	GLY	2, 17	533	mit	mit	1
LYS	2, 14	530	THR	2, 18	534	mit	mit	0.99
ASP	2, 15	531	THR	2, 18	534	mit	mit	1
ILE	2, 16	532	THR	2, 18	534	mit	mit	0.99
GLY	2, 17	533	THR	2, 18	534	mit	mit	1
TRP	2, 7	523	LEU	2, 19	535	mit	mit	0.95
SER	2, 10	526	LEU	2, 19	535	mit	mit	0.78
ASP	2, 15	531	LEU	2, 19	535	mit	mit	0.99
ILE	2, 16	532	LEU	2, 19	535	mit	mit	1
GLY	2, 17	533	LEU	2, 19	535	mit	mit	1
THR	2, 18	534	LEU	2, 19	535	mit	mit	1
ILE	2, 16	532	TYR	2, 20	536	mit	mit	1
GLY	2, 17	533	TYR	2, 20	536	mit	mit	1
THR	2, 18	534	TYR	2, 20	536	mit	mit	1
LEU	2, 19	535	TYR	2, 20	536	mit	mit	1
GLY	2, 17	533	LEU	2, 21	537	mit	mit	1
THR	2, 18	534	LEU	2, 21	537	mit	mit	1
LEU	2, 19	535	LEU	2, 21	537	mit	mit	0.99
TYR	2, 20	536	LEU	2, 21	537	mit	mit	1
THR	2, 18	534	ILE	2, 22	538	mit	mit	1
LEU	2, 19	535	ILE	2, 22	538	mit	mit	1
TYR	2, 20	536	ILE	2, 22	538	mit	mit	0.99
LEU	2, 21	537	ILE	2, 22	538	mit	mit	1
LEU	2, 19	535	PHE	2, 23	539	mit	mit	1
TYR	2, 20	536	PHE	2, 23	539	mit	mit	1
LEU	2, 21	537	PHE	2, 23	539	mit	mit	0.99
ILE	2, 22	538	PHE	2, 23	539	mit	mit	1
TYR	2, 20	536	GLY	2, 24	540	mit	mit	0.99
LEU	2, 21	537	GLY	2, 24	540	mit	mit	1
ILE	2, 22	538	GLY	2, 24	540	mit	mit	1
PHE	2, 23	539	GLY	2, 24	540	mit	mit	1
LEU	2, 21	537	THR	2, 25	541	mit	mit	0.99
ILE	2, 22	538	THR	2, 25	541	mit	mit	1
PHE	2, 23	539	THR	2, 25	541	mit	mit	0.98
GLY	2, 24	540	THR	2, 25	541	mit	mit	1
ILE	2, 22	538	TRP	2, 26	542	mit	mit	0.99
PHE	2, 23	539	TRP	2, 26	542	mit	mit	1
GLY	2, 24	540	TRP	2, 26	542	mit	mit	1
THR	2, 25	541	TRP	2, 26	542	mit	mit	1
PHE	2, 23	539	ALA	2, 27	543	mit	mit	1
GLY	2, 24	540	ALA	2, 27	543	mit	mit	1
THR	2, 25	541	ALA	2, 27	543	mit	mit	0.99
TRP	2, 26	542	ALA	2, 27	543	mit	mit	1
GLY	2, 24	540	GLY	2, 28	544	mit	mit	1
THR	2, 25	541	GLY	2, 28	544	mit	mit	1
TRP	2, 26	542	GLY	2, 28	544	mit	mit	1
ALA	2, 27	543	GLY	2, 28	544	mit	mit	1
THR	2, 25	541	MET	2, 29	545	mit	mit	0.99
TRP	2, 26	542	MET	2, 29	545	mit	mit	1
ALA	2, 27	543	MET	2, 29	545	mit	mit	0.99
GLY	2, 28	544	MET	2, 29	545	mit	mit	1
TRP	2, 26	542	ALA	2, 30	546	mit	mit	0.98
ALA	2, 27	543	ALA	2, 30	546	mit	mit	1
GLY	2, 28	544	ALA	2, 30	546	mit	mit	1
MET	2, 29	545	ALA	2, 30	546	mit	mit	1
ALA	2, 27	543	GLY	2, 31	547	mit	mit	0.99
GLY	2, 28	544	GLY	2, 31	547	mit	mit	1
MET	2, 29	545	GLY	2, 31	547	mit	mit	1
ALA	2, 30	546	GLY	2, 31	547	mit	mit	1
GLY	2, 28	544	THR	2, 32	548	mit	mit	1
MET	2, 29	545	THR	2, 32	548	mit	mit	1
ALA	2, 30	546	THR	2, 32	548	mit	mit	0.99
GLY	2, 31	547	THR	2, 32	548	mit	mit	1
MET	2, 29	545	ALA	2, 33	549	mit	mit	0.99
ALA	2, 30	546	ALA	2, 33	549	mit	mit	1
GLY	2, 31	547	ALA	2, 33	549	mit	mit	1
THR	2, 32	548	ALA	2, 33	549	mit	mit	1
ALA	2, 30	546	LEU	2, 34	550	mit	mit	0.99
GLY	2, 31	547	LEU	2, 34	550	mit	mit	1
THR	2, 32	548	LEU	2, 34	550	mit	mit	1
ALA	2, 33	549	LEU	2, 34	550	mit	mit	1
GLY	2, 31	547	SER	2, 35	551	mit	mit	1
THR	2, 32	548	SER	2, 35	551	mit	mit	1
ALA	2, 33	549	SER	2, 35	551	mit	mit	0.99
LEU	2, 34	550	SER	2, 35	551	mit	mit	1
THR	2, 32	548	LEU	2, 36	552	mit	mit	0.99
ALA	2, 33	549	LEU	2, 36	552	mit	mit	1
LEU	2, 34	550	LEU	2, 36	552	mit	mit	0.99
SER	2, 35	551	LEU	2, 36	552	mit	mit	1
ALA	2, 33	549	LEU	2, 37	553	mit	mit	0.99
LEU	2, 34	550	LEU	2, 37	553	mit	mit	1
SER	2, 35	551	LEU	2, 37	553	mit	mit	0.99
LEU	2, 36	552	LEU	2, 37	553	mit	mit	1
LEU	2, 34	550	ILE	2, 38	554	mit	mit	0.99
SER	2, 35	551	ILE	2, 38	554	mit	mit	1
LEU	2, 36	552	ILE	2, 38	554	mit	mit	0.99
LEU	2, 37	553	ILE	2, 38	554	mit	mit	1
SER	2, 35	551	ARG	2, 39	555	mit	mit	0.99
LEU	2, 36	552	ARG	2, 39	555	mit	mit	1
LEU	2, 37	553	ARG	2, 39	555	mit	mit	0.95
ILE	2, 38	554	ARG	2, 39	555	mit	mit	1
LEU	2, 36	552	ALA	2, 40	556	mit	mit	1
LEU	2, 37	553	ALA	2, 40	556	mit	mit	1
ILE	2, 38	554	ALA	2, 40	556	mit	mit	0.99
ARG	2, 39	555	ALA	2, 40	556	mit	mit	1
LEU	2, 37	553	GLU	2, 41	557	mit	mit	0.99
ILE	2, 38	554	GLU	2, 41	557	mit	mit	0.99
ARG	2, 39	555	GLU	2, 41	557	mit	mit	0.98
ALA	2, 40	556	GLU	2, 41	557	mit	mit	1
ILE	2, 38	554	LEU	2, 42	558	mit	mit	0.98
ARG	2, 39	555	LEU	2, 42	558	mit	mit	1
ALA	2, 40	556	LEU	2, 42	558	mit	mit	0.91
GLU	2, 41	557	LEU	2, 42	558	mit	mit	1
ARG	2, 39	555	GLY	2, 43	559	mit	mit	0.99
ALA	2, 40	556	GLY	2, 43	559	mit	mit	0.99
GLU	2, 41	557	GLY	2, 43	559	mit	mit	1
LEU	2, 42	558	GLY	2, 43	559	mit	mit	1
GLY	2, 43	559	GLN	2, 44	560	mit	mit	1
GLY	2, 43	559	PRO	2, 45	561	mit	mit	0.68
GLN	2, 44	560	PRO	2, 45	561	mit	mit	1
GLN	2, 44	560	GLY	2, 46	562	mit	mit	1
PRO	2, 45	561	GLY	2, 46	562	mit	mit	1
GLU	2, 41	557	THR	2, 47	563	mit	mit	0.72
GLY	2, 46	562	THR	2, 47	563	mit	mit	1
ALA	2, 40	556	LEU	2, 48	564	mit	mit	0.95
GLU	2, 41	557	LEU	2, 48	564	mit	mit	0.99
GLN	2, 44	560	LEU	2, 48	564	mit	mit	0.77
GLY	2, 46	562	LEU	2, 48	564	mit	mit	0.97
THR	2, 47	563	LEU	2, 48	564	mit	mit	1
LEU	2, 37	553	LEU	2, 49	565	mit	mit	0.65
GLU	2, 41	557	LEU	2, 49	565	mit	mit	0.98
THR	2, 47	563	LEU	2, 49	565	mit	mit	0.97
LEU	2, 48	564	LEU	2, 49	565	mit	mit	1
THR	2, 47	563	GLY	2, 50	566	mit	mit	0.98
LEU	2, 48	564	GLY	2, 50	566	mit	mit	0.98
LEU	2, 49	565	GLY	2, 50	566	mit	mit	1
THR	2, 47	563	ASP	2, 51	567	mit	mit	0.64
LEU	2, 49	565	ASP	2, 51	567	mit	mit	0.77
GLY	2, 50	566	ASP	2, 51	567	mit	mit	1
ASP	2, 51	567	ASP	2, 52	568	mit	mit	1
ASP	2, 51	567	GLN	2, 53	569	mit	mit	1
ASP	2, 52	568	GLN	2, 53	569	mit	mit	1
LEU	2, 49	565	ILE	2, 54	570	mit	mit	0.99
GLY	2, 50	566	ILE	2, 54	570	mit	mit	0.96
ASP	2, 51	567	ILE	2, 54	570	mit	mit	0.98
ASP	2, 52	568	ILE	2, 54	570	mit	mit	0.76
GLN	2, 53	569	ILE	2, 54	570	mit	mit	1
ILE	2, 38	554	TYR	2, 55	571	mit	mit	0.83
GLU	2, 41	557	TYR	2, 55	571	mit	mit	0.99
LEU	2, 49	565	TYR	2, 55	571	mit	mit	0.96
GLY	2, 50	566	TYR	2, 55	571	mit	mit	0.74
ASP	2, 51	567	TYR	2, 55	571	mit	mit	0.9
ASP	2, 52	568	TYR	2, 55	571	mit	mit	1
GLN	2, 53	569	TYR	2, 55	571	mit	mit	0.99
ILE	2, 54	570	TYR	2, 55	571	mit	mit	1
ASP	2, 52	568	ASN	2, 56	572	mit	mit	0.99
GLN	2, 53	569	ASN	2, 56	572	mit	mit	1
ILE	2, 54	570	ASN	2, 56	572	mit	mit	0.94
TYR	2, 55	571	ASN	2, 56	572	mit	mit	1
GLN	2, 53	569	VAL	2, 57	573	mit	mit	0.99
ILE	2, 54	570	VAL	2, 57	573	mit	mit	1
TYR	2, 55	571	VAL	2, 57	573	mit	mit	1
ASN	2, 56	572	VAL	2, 57	573	mit	mit	1
LEU	2, 34	550	ILE	2, 58	574	mit	mit	1
LEU	2, 37	553	ILE	2, 58	574	mit	mit	1
ILE	2, 38	554	ILE	2, 58	574	mit	mit	0.99
ILE	2, 54	570	ILE	2, 58	574	mit	mit	0.98
TYR	2, 55	571	ILE	2, 58	574	mit	mit	1
ASN	2, 56	572	ILE	2, 58	574	mit	mit	0.99
VAL	2, 57	573	ILE	2, 58	574	mit	mit	1
ILE	2, 38	554	VAL	2, 59	575	mit	mit	0.99
TYR	2, 55	571	VAL	2, 59	575	mit	mit	0.99
ASN	2, 56	572	VAL	2, 59	575	mit	mit	1
VAL	2, 57	573	VAL	2, 59	575	mit	mit	0.98
ILE	2, 58	574	VAL	2, 59	575	mit	mit	1
ASN	2, 56	572	THR	2, 60	576	mit	mit	0.99
VAL	2, 57	573	THR	2, 60	576	mit	mit	1
ILE	2, 58	574	THR	2, 60	576	mit	mit	0.98
VAL	2, 59	575	THR	2, 60	576	mit	mit	1
LEU	2, 34	550	ALA	2, 61	577	mit	mit	0.99
VAL	2, 57	573	ALA	2, 61	577	mit	mit	1
ILE	2, 58	574	ALA	2, 61	577	mit	mit	1
VAL	2, 59	575	ALA	2, 61	577	mit	mit	0.98
THR	2, 60	576	ALA	2, 61	577	mit	mit	1
GLY	2, 31	547	HIS	2, 62	578	mit	mit	1
LEU	2, 34	550	HIS	2, 62	578	mit	mit	1
SER	2, 35	551	HIS	2, 62	578	mit	mit	0.99
ILE	2, 38	554	HIS	2, 62	578	mit	mit	0.98
ILE	2, 58	574	HIS	2, 62	578	mit	mit	1
VAL	2, 59	575	HIS	2, 62	578	mit	mit	1
THR	2, 60	576	HIS	2, 62	578	mit	mit	1
ALA	2, 61	577	HIS	2, 62	578	mit	mit	1
VAL	2, 59	575	ALA	2, 63	579	mit	mit	0.99
THR	2, 60	576	ALA	2, 63	579	mit	mit	1
ALA	2, 61	577	ALA	2, 63	579	mit	mit	0.98
HIS	2, 62	578	ALA	2, 63	579	mit	mit	1
THR	2, 60	576	PHE	2, 64	580	mit	mit	1
ALA	2, 61	577	PHE	2, 64	580	mit	mit	1
HIS	2, 62	578	PHE	2, 64	580	mit	mit	0.98
ALA	2, 63	579	PHE	2, 64	580	mit	mit	1
ALA	2, 27	543	VAL	2, 65	581	mit	mit	1
GLY	2, 28	544	VAL	2, 65	581	mit	mit	0.96
ALA	2, 30	546	VAL	2, 65	581	mit	mit	0.99
GLY	2, 31	547	VAL	2, 65	581	mit	mit	1
LEU	2, 34	550	VAL	2, 65	581	mit	mit	0.97
ALA	2, 61	577	VAL	2, 65	581	mit	mit	1
HIS	2, 62	578	VAL	2, 65	581	mit	mit	1
ALA	2, 63	579	VAL	2, 65	581	mit	mit	0.97
PHE	2, 64	580	VAL	2, 65	581	mit	mit	1
GLY	2, 28	544	MET	2, 66	582	mit	mit	0.91
GLY	2, 31	547	MET	2, 66	582	mit	mit	0.99
HIS	2, 62	578	MET	2, 66	582	mit	mit	1
ALA	2, 63	579	MET	2, 66	582	mit	mit	1
PHE	2, 64	580	MET	2, 66	582	mit	mit	0.94
VAL	2, 65	581	MET	2, 66	582	mit	mit	1
ALA	2, 63	579	ILE	2, 67	583	mit	mit	0.99
PHE	2, 64	580	ILE	2, 67	583	mit	mit	0.99
VAL	2, 65	581	ILE	2, 67	583	mit	mit	0.82
MET	2, 66	582	ILE	2, 67	583	mit	mit	1
PHE	2, 64	580	PHE	2, 68	584	mit	mit	1
VAL	2, 65	581	PHE	2, 68	584	mit	mit	0.95
ILE	2, 67	583	PHE	2, 68	584	mit	mit	1
PHE	2, 23	539	PHE	2, 69	585	mit	mit	0.7
GLY	2, 24	540	PHE	2, 69	585	mit	mit	0.96
ALA	2, 27	543	PHE	2, 69	585	mit	mit	1
GLY	2, 28	544	PHE	2, 69	585	mit	mit	0.71
PHE	2, 64	580	PHE	2, 69	585	mit	mit	0.95
VAL	2, 65	581	PHE	2, 69	585	mit	mit	1
MET	2, 66	582	PHE	2, 69	585	mit	mit	0.87
ILE	2, 67	583	PHE	2, 69	585	mit	mit	0.65
PHE	2, 68	584	PHE	2, 69	585	mit	mit	1
GLY	2, 24	540	MET	2, 70	586	mit	mit	1
ALA	2, 27	543	MET	2, 70	586	mit	mit	1
GLY	2, 28	544	MET	2, 70	586	mit	mit	1
GLY	2, 31	547	MET	2, 70	586	mit	mit	0.96
VAL	2, 65	581	MET	2, 70	586	mit	mit	0.99
MET	2, 66	582	MET	2, 70	586	mit	mit	1
ILE	2, 67	583	MET	2, 70	586	mit	mit	0.85
PHE	2, 69	585	MET	2, 70	586	mit	mit	1
MET	2, 66	582	VAL	2, 71	587	mit	mit	0.99
ILE	2, 67	583	VAL	2, 71	587	mit	mit	0.99
MET	2, 70	586	VAL	2, 71	587	mit	mit	1
ILE	2, 67	583	MET	2, 72	588	mit	mit	0.95
PHE	2, 68	584	MET	2, 72	588	mit	mit	1
PHE	2, 69	585	MET	2, 72	588	mit	mit	0.79
MET	2, 70	586	MET	2, 72	588	mit	mit	0.8
VAL	2, 71	587	MET	2, 72	588	mit	mit	1
TYR	2, 20	536	PRO	2, 73	589	mit	mit	1
PHE	2, 23	539	PRO	2, 73	589	mit	mit	0.99
GLY	2, 24	540	PRO	2, 73	589	mit	mit	1
ALA	2, 27	543	PRO	2, 73	589	mit	mit	0.93
PHE	2, 69	585	PRO	2, 73	589	mit	mit	0.99
MET	2, 70	586	PRO	2, 73	589	mit	mit	0.99
VAL	2, 71	587	PRO	2, 73	589	mit	mit	0.96
MET	2, 72	588	PRO	2, 73	589	mit	mit	1
TYR	2, 20	536	ILE	2, 74	590	mit	mit	0.98
LEU	2, 21	537	ILE	2, 74	590	mit	mit	0.99
GLY	2, 24	540	ILE	2, 74	590	mit	mit	1
THR	2, 25	541	ILE	2, 74	590	mit	mit	0.71
MET	2, 70	586	ILE	2, 74	590	mit	mit	0.99
VAL	2, 71	587	ILE	2, 74	590	mit	mit	1
MET	2, 72	588	ILE	2, 74	590	mit	mit	0.95
PRO	2, 73	589	ILE	2, 74	590	mit	mit	1
VAL	2, 71	587	MET	2, 75	591	mit	mit	1
MET	2, 72	588	MET	2, 75	591	mit	mit	1
PRO	2, 73	589	MET	2, 75	591	mit	mit	0.83
ILE	2, 74	590	MET	2, 75	591	mit	mit	1
MET	2, 72	588	ILE	2, 76	592	mit	mit	1
PRO	2, 73	589	ILE	2, 76	592	mit	mit	0.95
MET	2, 75	591	ILE	2, 76	592	mit	mit	1
GLY	2, 17	533	GLY	2, 77	593	mit	mit	0.99
TYR	2, 20	536	GLY	2, 77	593	mit	mit	1
MET	2, 72	588	GLY	2, 77	593	mit	mit	0.81
PRO	2, 73	589	GLY	2, 77	593	mit	mit	1
ILE	2, 74	590	GLY	2, 77	593	mit	mit	0.99
MET	2, 75	591	GLY	2, 77	593	mit	mit	1
ILE	2, 76	592	GLY	2, 77	593	mit	mit	1
GLY	2, 17	533	GLY	2, 78	594	mit	mit	1
THR	2, 18	534	GLY	2, 78	594	mit	mit	0.66
TYR	2, 20	536	GLY	2, 78	594	mit	mit	1
LEU	2, 21	537	GLY	2, 78	594	mit	mit	1
PRO	2, 73	589	GLY	2, 78	594	mit	mit	0.98
ILE	2, 74	590	GLY	2, 78	594	mit	mit	1
MET	2, 75	591	GLY	2, 78	594	mit	mit	0.96
ILE	2, 76	592	GLY	2, 78	594	mit	mit	0.99
GLY	2, 77	593	GLY	2, 78	594	mit	mit	1
ILE	2, 74	590	PHE	2, 79	595	mit	mit	0.98
MET	2, 75	591	PHE	2, 79	595	mit	mit	1
ILE	2, 76	592	PHE	2, 79	595	mit	mit	0.92
GLY	2, 77	593	PHE	2, 79	595	mit	mit	1
GLY	2, 78	594	PHE	2, 79	595	mit	mit	1
GLY	2, 17	533	GLY	2, 80	596	mit	mit	0.79
MET	2, 75	591	GLY	2, 80	596	mit	mit	0.79
ILE	2, 76	592	GLY	2, 80	596	mit	mit	1
GLY	2, 77	593	GLY	2, 80	596	mit	mit	1
GLY	2, 78	594	GLY	2, 80	596	mit	mit	1
PHE	2, 79	595	GLY	2, 80	596	mit	mit	1
HIS	2, 13	529	ASN	2, 81	597	mit	mit	1
LYS	2, 14	530	ASN	2, 81	597	mit	mit	0.7
ILE	2, 16	532	ASN	2, 81	597	mit	mit	1
GLY	2, 17	533	ASN	2, 81	597	mit	mit	1
TYR	2, 20	536	ASN	2, 81	597	mit	mit	0.99
GLY	2, 77	593	ASN	2, 81	597	mit	mit	1
GLY	2, 78	594	ASN	2, 81	597	mit	mit	1
PHE	2, 79	595	ASN	2, 81	597	mit	mit	0.92
GLY	2, 80	596	ASN	2, 81	597	mit	mit	1
HIS	2, 13	529	TRP	2, 82	598	mit	mit	0.96
LYS	2, 14	530	TRP	2, 82	598	mit	mit	0.99
GLY	2, 17	533	TRP	2, 82	598	mit	mit	1
THR	2, 18	534	TRP	2, 82	598	mit	mit	0.76
GLY	2, 78	594	TRP	2, 82	598	mit	mit	1
PHE	2, 79	595	TRP	2, 82	598	mit	mit	1
GLY	2, 80	596	TRP	2, 82	598	mit	mit	1
ASN	2, 81	597	TRP	2, 82	598	mit	mit	1
PHE	2, 79	595	LEU	2, 83	599	mit	mit	1
GLY	2, 80	596	LEU	2, 83	599	mit	mit	1
ASN	2, 81	597	LEU	2, 83	599	mit	mit	0.53
TRP	2, 82	598	LEU	2, 83	599	mit	mit	1
GLY	2, 80	596	VAL	2, 84	600	mit	mit	1
ASN	2, 81	597	VAL	2, 84	600	mit	mit	0.99
TRP	2, 82	598	VAL	2, 84	600	mit	mit	0.72
LEU	2, 83	599	VAL	2, 84	600	mit	mit	1
HIS	2, 13	529	PRO	2, 85	601	mit	mit	1
ASN	2, 81	597	PRO	2, 85	601	mit	mit	0.76
LEU	2, 83	599	PRO	2, 85	601	mit	mit	0.83
VAL	2, 84	600	PRO	2, 85	601	mit	mit	1
TRP	2, 82	598	LEU	2, 86	602	mit	mit	0.97
LEU	2, 83	599	LEU	2, 86	602	mit	mit	1
VAL	2, 84	600	LEU	2, 86	602	mit	mit	0.99
PRO	2, 85	601	LEU	2, 86	602	mit	mit	1
LEU	2, 83	599	MET	2, 87	603	mit	mit	1
VAL	2, 84	600	MET	2, 87	603	mit	mit	1
PRO	2, 85	601	MET	2, 87	603	mit	mit	0.97
LEU	2, 86	602	MET	2, 87	603	mit	mit	1
VAL	2, 84	600	ILE	2, 88	604	mit	mit	0.99
PRO	2, 85	601	ILE	2, 88	604	mit	mit	0.99
LEU	2, 86	602	ILE	2, 88	604	mit	mit	0.7
MET	2, 87	603	ILE	2, 88	604	mit	mit	1
PRO	2, 85	601	GLY	2, 89	605	mit	mit	0.98
LEU	2, 86	602	GLY	2, 89	605	mit	mit	0.98
MET	2, 87	603	GLY	2, 89	605	mit	mit	0.99
ILE	2, 88	604	GLY	2, 89	605	mit	mit	1
VAL	2, 84	600	ALA	2, 90	606	mit	mit	0.58
PRO	2, 85	601	ALA	2, 90	606	mit	mit	1
ILE	2, 88	604	ALA	2, 90	606	mit	mit	1
GLY	2, 89	605	ALA	2, 90	606	mit	mit	1
PRO	2, 85	601	PRO	2, 91	607	mit	mit	0.93
GLY	2, 89	605	PRO	2, 91	607	mit	mit	0.91
ALA	2, 90	606	PRO	2, 91	607	mit	mit	1
THR	2, 11	527	ASP	2, 92	608	mit	mit	0.87
ASN	2, 12	528	ASP	2, 92	608	mit	mit	0.97
HIS	2, 13	529	ASP	2, 92	608	mit	mit	1
PRO	2, 85	601	ASP	2, 92	608	mit	mit	0.99
ALA	2, 90	606	ASP	2, 92	608	mit	mit	0.98
PRO	2, 91	607	ASP	2, 92	608	mit	mit	1
HIS	2, 13	529	MET	2, 93	609	mit	mit	1
ASN	2, 81	597	MET	2, 93	609	mit	mit	0.93
VAL	2, 84	600	MET	2, 93	609	mit	mit	0.56
PRO	2, 85	601	MET	2, 93	609	mit	mit	0.99
ALA	2, 90	606	MET	2, 93	609	mit	mit	0.86
ASP	2, 92	608	MET	2, 93	609	mit	mit	1
MET	2, 93	609	ALA	2, 94	610	mit	mit	1
MET	2, 93	609	PHE	2, 95	611	mit	mit	0.99
ALA	2, 94	610	PHE	2, 95	611	mit	mit	1
THR	2, 11	527	PRO	2, 96	612	mit	mit	1
ASN	2, 12	528	PRO	2, 96	612	mit	mit	0.82
HIS	2, 13	529	PRO	2, 96	612	mit	mit	0.84
ASP	2, 92	608	PRO	2, 96	612	mit	mit	0.99
MET	2, 93	609	PRO	2, 96	612	mit	mit	0.99
ALA	2, 94	610	PRO	2, 96	612	mit	mit	0.58
PHE	2, 95	611	PRO	2, 96	612	mit	mit	1
THR	2, 11	527	ARG	2, 97	613	mit	mit	0.96
PHE	2, 95	611	ARG	2, 97	613	mit	mit	1
PRO	2, 96	612	ARG	2, 97	613	mit	mit	1
PHE	2, 95	611	MET	2, 98	614	mit	mit	1
PRO	2, 96	612	MET	2, 98	614	mit	mit	0.98
ARG	2, 97	613	MET	2, 98	614	mit	mit	1
THR	2, 11	527	ASN	2, 99	615	mit	mit	0.72
HIS	2, 13	529	ASN	2, 99	615	mit	mit	0.95
ILE	2, 16	532	ASN	2, 99	615	mit	mit	1
ASN	2, 81	597	ASN	2, 99	615	mit	mit	0.98
MET	2, 93	609	ASN	2, 99	615	mit	mit	0.99
PHE	2, 95	611	ASN	2, 99	615	mit	mit	0.98
PRO	2, 96	612	ASN	2, 99	615	mit	mit	1
ARG	2, 97	613	ASN	2, 99	615	mit	mit	0.99
MET	2, 98	614	ASN	2, 99	615	mit	mit	1
PHE	2, 9	525	ASN	2, 100	616	mit	mit	0.82
SER	2, 10	526	ASN	2, 100	616	mit	mit	0.99
THR	2, 11	527	ASN	2, 100	616	mit	mit	0.98
ILE	2, 16	532	ASN	2, 100	616	mit	mit	0.99
PRO	2, 96	612	ASN	2, 100	616	mit	mit	0.96
ARG	2, 97	613	ASN	2, 100	616	mit	mit	0.99
MET	2, 98	614	ASN	2, 100	616	mit	mit	0.99
ASN	2, 99	615	ASN	2, 100	616	mit	mit	1
ARG	2, 97	613	MET	2, 101	617	mit	mit	0.97
MET	2, 98	614	MET	2, 101	617	mit	mit	1
ASN	2, 99	615	MET	2, 101	617	mit	mit	0.99
ASN	2, 100	616	MET	2, 101	617	mit	mit	1
MET	2, 98	614	SER	2, 102	618	mit	mit	0.99
ASN	2, 99	615	SER	2, 102	618	mit	mit	1
ASN	2, 100	616	SER	2, 102	618	mit	mit	1
MET	2, 101	617	SER	2, 102	618	mit	mit	1
ILE	2, 16	532	PHE	2, 103	619	mit	mit	1
GLY	2, 17	533	PHE	2, 103	619	mit	mit	0.66
LEU	2, 19	535	PHE	2, 103	619	mit	mit	0.99
TYR	2, 20	536	PHE	2, 103	619	mit	mit	1
PHE	2, 23	539	PHE	2, 103	619	mit	mit	0.83
GLY	2, 77	593	PHE	2, 103	619	mit	mit	0.56
ASN	2, 99	615	PHE	2, 103	619	mit	mit	0.97
ASN	2, 100	616	PHE	2, 103	619	mit	mit	1
MET	2, 101	617	PHE	2, 103	619	mit	mit	0.99
SER	2, 102	618	PHE	2, 103	619	mit	mit	1
ASN	2, 100	616	TRP	2, 104	620	mit	mit	1
MET	2, 101	617	TRP	2, 104	620	mit	mit	1
SER	2, 102	618	TRP	2, 104	620	mit	mit	0.8
PHE	2, 103	619	TRP	2, 104	620	mit	mit	1
MET	2, 101	617	LEU	2, 105	621	mit	mit	1
SER	2, 102	618	LEU	2, 105	621	mit	mit	1
PHE	2, 103	619	LEU	2, 105	621	mit	mit	0.99
TRP	2, 104	620	LEU	2, 105	621	mit	mit	1
PHE	2, 23	539	LEU	2, 106	622	mit	mit	0.99
PHE	2, 69	585	LEU	2, 106	622	mit	mit	0.97
PRO	2, 73	589	LEU	2, 106	622	mit	mit	0.99
SER	2, 102	618	LEU	2, 106	622	mit	mit	0.58
PHE	2, 103	619	LEU	2, 106	622	mit	mit	1
TRP	2, 104	620	LEU	2, 106	622	mit	mit	0.99
LEU	2, 105	621	LEU	2, 106	622	mit	mit	1
PHE	2, 23	539	PRO	2, 107	623	mit	mit	0.97
TRP	2, 104	620	PRO	2, 107	623	mit	mit	0.99
LEU	2, 105	621	PRO	2, 107	623	mit	mit	0.82
LEU	2, 106	622	PRO	2, 107	623	mit	mit	1
TRP	2, 104	620	PRO	2, 108	624	mit	mit	0.84
LEU	2, 105	621	PRO	2, 108	624	mit	mit	1
LEU	2, 106	622	PRO	2, 108	624	mit	mit	0.98
PRO	2, 107	623	PRO	2, 108	624	mit	mit	1
PHE	2, 68	584	SER	2, 109	625	mit	mit	0.63
PHE	2, 69	585	SER	2, 109	625	mit	mit	0.81
LEU	2, 105	621	SER	2, 109	625	mit	mit	0.99
LEU	2, 106	622	SER	2, 109	625	mit	mit	1
PRO	2, 107	623	SER	2, 109	625	mit	mit	1
PRO	2, 108	624	SER	2, 109	625	mit	mit	1
ALA	2, 27	543	PHE	2, 110	626	mit	mit	0.98
PHE	2, 69	585	PHE	2, 110	626	mit	mit	0.99
LEU	2, 106	622	PHE	2, 110	626	mit	mit	0.99
PRO	2, 107	623	PHE	2, 110	626	mit	mit	1
PRO	2, 108	624	PHE	2, 110	626	mit	mit	0.99
SER	2, 109	625	PHE	2, 110	626	mit	mit	1
PRO	2, 107	623	LEU	2, 111	627	mit	mit	0.99
PRO	2, 108	624	LEU	2, 111	627	mit	mit	1
SER	2, 109	625	LEU	2, 111	627	mit	mit	1
PHE	2, 110	626	LEU	2, 111	627	mit	mit	1
PRO	2, 108	624	LEU	2, 112	628	mit	mit	0.99
SER	2, 109	625	LEU	2, 112	628	mit	mit	1
PHE	2, 110	626	LEU	2, 112	628	mit	mit	1
LEU	2, 111	627	LEU	2, 112	628	mit	mit	1
ALA	2, 61	577	LEU	2, 113	629	mit	mit	0.98
PHE	2, 64	580	LEU	2, 113	629	mit	mit	0.99
VAL	2, 65	581	LEU	2, 113	629	mit	mit	0.94
PHE	2, 69	585	LEU	2, 113	629	mit	mit	0.78
SER	2, 109	625	LEU	2, 113	629	mit	mit	0.99
PHE	2, 110	626	LEU	2, 113	629	mit	mit	1
LEU	2, 111	627	LEU	2, 113	629	mit	mit	0.99
LEU	2, 112	628	LEU	2, 113	629	mit	mit	1
PHE	2, 110	626	LEU	2, 114	630	mit	mit	1
LEU	2, 111	627	LEU	2, 114	630	mit	mit	1
LEU	2, 112	628	LEU	2, 114	630	mit	mit	0.98
LEU	2, 113	629	LEU	2, 114	630	mit	mit	1
LEU	2, 111	627	ALA	2, 115	631	mit	mit	1
LEU	2, 112	628	ALA	2, 115	631	mit	mit	1
LEU	2, 113	629	ALA	2, 115	631	mit	mit	1
LEU	2, 114	630	ALA	2, 115	631	mit	mit	1
ALA	2, 61	577	SER	2, 116	632	mit	mit	0.53
LEU	2, 112	628	SER	2, 116	632	mit	mit	0.99
LEU	2, 113	629	SER	2, 116	632	mit	mit	1
LEU	2, 114	630	SER	2, 116	632	mit	mit	1
ALA	2, 115	631	SER	2, 116	632	mit	mit	1
VAL	2, 57	573	SER	2, 117	633	mit	mit	0.99
ALA	2, 61	577	SER	2, 117	633	mit	mit	0.99
LEU	2, 113	629	SER	2, 117	633	mit	mit	0.94
LEU	2, 114	630	SER	2, 117	633	mit	mit	1
ALA	2, 115	631	SER	2, 117	633	mit	mit	0.98
SER	2, 116	632	SER	2, 117	633	mit	mit	1
LEU	2, 114	630	THR	2, 118	634	mit	mit	0.97
ALA	2, 115	631	THR	2, 118	634	mit	mit	1
SER	2, 116	632	THR	2, 118	634	mit	mit	0.94
SER	2, 117	633	THR	2, 118	634	mit	mit	1
ALA	2, 115	631	VAL	2, 119	635	mit	mit	0.98
SER	2, 116	632	VAL	2, 119	635	mit	mit	0.97
SER	2, 117	633	VAL	2, 119	635	mit	mit	0.58
THR	2, 118	634	VAL	2, 119	635	mit	mit	1
VAL	2, 119	635	GLU	2, 120	636	mit	mit	1
GLN	2, 53	569	ALA	2, 121	637	mit	mit	0.98
VAL	2, 57	573	ALA	2, 121	637	mit	mit	0.69
GLU	2, 120	636	ALA	2, 121	637	mit	mit	1
GLN	2, 53	569	GLY	2, 122	638	mit	mit	0.73
VAL	2, 57	573	GLY	2, 122	638	mit	mit	1
SER	2, 116	632	GLY	2, 122	638	mit	mit	0.99
SER	2, 117	633	GLY	2, 122	638	mit	mit	0.99
THR	2, 118	634	GLY	2, 122	638	mit	mit	0.75
VAL	2, 119	635	GLY	2, 122	638	mit	mit	0.95
GLU	2, 120	636	GLY	2, 122	638	mit	mit	1
ALA	2, 121	637	GLY	2, 122	638	mit	mit	1
VAL	2, 57	573	ALA	2, 123	639	mit	mit	0.99
THR	2, 60	576	ALA	2, 123	639	mit	mit	0.99
SER	2, 116	632	ALA	2, 123	639	mit	mit	0.99
SER	2, 117	633	ALA	2, 123	639	mit	mit	0.92
GLY	2, 122	638	ALA	2, 123	639	mit	mit	1
GLN	2, 53	569	GLY	2, 124	640	mit	mit	0.98
ASN	2, 56	572	GLY	2, 124	640	mit	mit	1
VAL	2, 57	573	GLY	2, 124	640	mit	mit	1
VAL	2, 59	575	GLY	2, 124	640	mit	mit	0.61
THR	2, 60	576	GLY	2, 124	640	mit	mit	1
GLY	2, 122	638	GLY	2, 124	640	mit	mit	1
ALA	2, 123	639	GLY	2, 124	640	mit	mit	1
ASN	2, 56	572	THR	2, 125	641	mit	mit	0.87
THR	2, 60	576	THR	2, 125	641	mit	mit	0.99
ALA	2, 123	639	THR	2, 125	641	mit	mit	1
GLY	2, 124	640	THR	2, 125	641	mit	mit	1
ASN	2, 56	572	GLY	2, 126	642	mit	mit	0.98
VAL	2, 59	575	GLY	2, 126	642	mit	mit	0.98
THR	2, 60	576	GLY	2, 126	642	mit	mit	1
ALA	2, 63	579	GLY	2, 126	642	mit	mit	0.94
ALA	2, 123	639	GLY	2, 126	642	mit	mit	0.59
GLY	2, 124	640	GLY	2, 126	642	mit	mit	1
THR	2, 125	641	GLY	2, 126	642	mit	mit	1
VAL	2, 59	575	TRP	2, 127	643	mit	mit	0.58
THR	2, 60	576	TRP	2, 127	643	mit	mit	0.99
ALA	2, 63	579	TRP	2, 127	643	mit	mit	1
PHE	2, 64	580	TRP	2, 127	643	mit	mit	0.98
ILE	2, 67	583	TRP	2, 127	643	mit	mit	0.78
GLY	2, 126	642	TRP	2, 127	643	mit	mit	1
THR	2, 125	641	THR	2, 128	644	mit	mit	0.79
GLY	2, 126	642	THR	2, 128	644	mit	mit	1
TRP	2, 127	643	THR	2, 128	644	mit	mit	1
ALA	2, 123	639	VAL	2, 129	645	mit	mit	0.65
THR	2, 125	641	VAL	2, 129	645	mit	mit	0.99
GLY	2, 126	642	VAL	2, 129	645	mit	mit	0.98
TRP	2, 127	643	VAL	2, 129	645	mit	mit	0.95
THR	2, 128	644	VAL	2, 129	645	mit	mit	1
THR	2, 125	641	TYR	2, 130	646	mit	mit	0.97
GLY	2, 126	642	TYR	2, 130	646	mit	mit	0.72
THR	2, 128	644	TYR	2, 130	646	mit	mit	1
VAL	2, 129	645	TYR	2, 130	646	mit	mit	1
VAL	2, 129	645	PRO	2, 131	647	mit	mit	0.72
TYR	2, 130	646	PRO	2, 131	647	mit	mit	1
TYR	2, 130	646	PRO	2, 132	648	mit	mit	0.74
PRO	2, 131	647	PRO	2, 132	648	mit	mit	1
THR	2, 125	641	LEU	2, 133	649	mit	mit	0.99
TYR	2, 130	646	LEU	2, 133	649	mit	mit	0.99
PRO	2, 131	647	LEU	2, 133	649	mit	mit	0.98
PRO	2, 132	648	LEU	2, 133	649	mit	mit	1
THR	2, 125	641	ALA	2, 134	650	mit	mit	0.99
VAL	2, 129	645	ALA	2, 134	650	mit	mit	0.99
TYR	2, 130	646	ALA	2, 134	650	mit	mit	0.98
PRO	2, 131	647	ALA	2, 134	650	mit	mit	0.99
PRO	2, 132	648	ALA	2, 134	650	mit	mit	0.95
LEU	2, 133	649	ALA	2, 134	650	mit	mit	1
PRO	2, 131	647	GLY	2, 135	651	mit	mit	0.99
PRO	2, 132	648	GLY	2, 135	651	mit	mit	0.99
LEU	2, 133	649	GLY	2, 135	651	mit	mit	0.99
ALA	2, 134	650	GLY	2, 135	651	mit	mit	1
GLY	2, 135	651	ASN	2, 136	652	mit	mit	1
PRO	2, 132	648	LEU	2, 137	653	mit	mit	0.66
GLY	2, 135	651	LEU	2, 137	653	mit	mit	1
ASN	2, 136	652	LEU	2, 137	653	mit	mit	1
PRO	2, 132	648	ALA	2, 138	654	mit	mit	0.95
LEU	2, 133	649	ALA	2, 138	654	mit	mit	0.98
ALA	2, 134	650	ALA	2, 138	654	mit	mit	0.84
GLY	2, 135	651	ALA	2, 138	654	mit	mit	0.99
ASN	2, 136	652	ALA	2, 138	654	mit	mit	0.62
LEU	2, 137	653	ALA	2, 138	654	mit	mit	1
ALA	2, 123	639	HIS	2, 139	655	mit	mit	0.9
GLY	2, 124	640	HIS	2, 139	655	mit	mit	0.82
THR	2, 125	641	HIS	2, 139	655	mit	mit	0.91
LEU	2, 133	649	HIS	2, 139	655	mit	mit	0.95
ALA	2, 134	650	HIS	2, 139	655	mit	mit	0.96
GLY	2, 135	651	HIS	2, 139	655	mit	mit	0.97
ASN	2, 136	652	HIS	2, 139	655	mit	mit	0.81
ALA	2, 138	654	HIS	2, 139	655	mit	mit	1
GLU	2, 120	636	ALA	2, 140	656	mit	mit	0.71
ASN	2, 136	652	ALA	2, 140	656	mit	mit	0.94
LEU	2, 137	653	ALA	2, 140	656	mit	mit	0.83
ALA	2, 138	654	ALA	2, 140	656	mit	mit	0.61
HIS	2, 139	655	ALA	2, 140	656	mit	mit	1
VAL	2, 119	635	GLY	2, 141	657	mit	mit	0.68
GLU	2, 120	636	GLY	2, 141	657	mit	mit	0.99
ASN	2, 136	652	GLY	2, 141	657	mit	mit	0.59
HIS	2, 139	655	GLY	2, 141	657	mit	mit	0.99
ALA	2, 140	656	GLY	2, 141	657	mit	mit	1
VAL	2, 119	635	ALA	2, 142	658	mit	mit	0.98
GLU	2, 120	636	ALA	2, 142	658	mit	mit	0.94
GLY	2, 141	657	ALA	2, 142	658	mit	mit	1
SER	2, 116	632	SER	2, 143	659	mit	mit	0.99
SER	2, 117	633	SER	2, 143	659	mit	mit	0.64
VAL	2, 119	635	SER	2, 143	659	mit	mit	0.99
GLU	2, 120	636	SER	2, 143	659	mit	mit	0.99
ALA	2, 121	637	SER	2, 143	659	mit	mit	0.95
GLY	2, 122	638	SER	2, 143	659	mit	mit	1
ALA	2, 123	639	SER	2, 143	659	mit	mit	1
HIS	2, 139	655	SER	2, 143	659	mit	mit	0.93
GLY	2, 141	657	SER	2, 143	659	mit	mit	1
ALA	2, 142	658	SER	2, 143	659	mit	mit	1
SER	2, 116	632	VAL	2, 144	660	mit	mit	0.83
ALA	2, 123	639	VAL	2, 144	660	mit	mit	0.99
THR	2, 125	641	VAL	2, 144	660	mit	mit	0.96
VAL	2, 129	645	VAL	2, 144	660	mit	mit	0.94
ALA	2, 134	650	VAL	2, 144	660	mit	mit	0.99
GLY	2, 135	651	VAL	2, 144	660	mit	mit	0.9
HIS	2, 139	655	VAL	2, 144	660	mit	mit	0.98
GLY	2, 141	657	VAL	2, 144	660	mit	mit	0.93
ALA	2, 142	658	VAL	2, 144	660	mit	mit	0.73
SER	2, 143	659	VAL	2, 144	660	mit	mit	1
GLY	2, 141	657	ASP	2, 145	661	mit	mit	0.89
ALA	2, 142	658	ASP	2, 145	661	mit	mit	1
SER	2, 143	659	ASP	2, 145	661	mit	mit	0.99
VAL	2, 144	660	ASP	2, 145	661	mit	mit	1
LEU	2, 112	628	LEU	2, 146	662	mit	mit	1
LEU	2, 113	629	LEU	2, 146	662	mit	mit	0.88
ALA	2, 115	631	LEU	2, 146	662	mit	mit	0.99
SER	2, 116	632	LEU	2, 146	662	mit	mit	1
VAL	2, 119	635	LEU	2, 146	662	mit	mit	0.94
ALA	2, 123	639	LEU	2, 146	662	mit	mit	0.67
ALA	2, 142	658	LEU	2, 146	662	mit	mit	0.99
SER	2, 143	659	LEU	2, 146	662	mit	mit	1
VAL	2, 144	660	LEU	2, 146	662	mit	mit	0.99
ASP	2, 145	661	LEU	2, 146	662	mit	mit	1
THR	2, 60	576	ALA	2, 147	663	mit	mit	0.66
PHE	2, 64	580	ALA	2, 147	663	mit	mit	0.82
LEU	2, 112	628	ALA	2, 147	663	mit	mit	0.69
LEU	2, 113	629	ALA	2, 147	663	mit	mit	0.99
SER	2, 116	632	ALA	2, 147	663	mit	mit	1
ALA	2, 123	639	ALA	2, 147	663	mit	mit	1
THR	2, 125	641	ALA	2, 147	663	mit	mit	0.53
VAL	2, 129	645	ALA	2, 147	663	mit	mit	0.96
SER	2, 143	659	ALA	2, 147	663	mit	mit	0.97
VAL	2, 144	660	ALA	2, 147	663	mit	mit	1
ASP	2, 145	661	ALA	2, 147	663	mit	mit	1
LEU	2, 146	662	ALA	2, 147	663	mit	mit	1
VAL	2, 129	645	ILE	2, 148	664	mit	mit	0.87
VAL	2, 144	660	ILE	2, 148	664	mit	mit	1
ASP	2, 145	661	ILE	2, 148	664	mit	mit	1
LEU	2, 146	662	ILE	2, 148	664	mit	mit	0.99
ALA	2, 147	663	ILE	2, 148	664	mit	mit	1
LEU	2, 112	628	PHE	2, 149	665	mit	mit	0.99
ASP	2, 145	661	PHE	2, 149	665	mit	mit	1
LEU	2, 146	662	PHE	2, 149	665	mit	mit	1
ALA	2, 147	663	PHE	2, 149	665	mit	mit	0.98
ILE	2, 148	664	PHE	2, 149	665	mit	mit	1
PHE	2, 64	580	SER	2, 150	666	mit	mit	0.83
SER	2, 109	625	SER	2, 150	666	mit	mit	1
PHE	2, 110	626	SER	2, 150	666	mit	mit	0.79
LEU	2, 112	628	SER	2, 150	666	mit	mit	1
LEU	2, 113	629	SER	2, 150	666	mit	mit	1
SER	2, 116	632	SER	2, 150	666	mit	mit	0.96
LEU	2, 146	662	SER	2, 150	666	mit	mit	1
ALA	2, 147	663	SER	2, 150	666	mit	mit	1
ILE	2, 148	664	SER	2, 150	666	mit	mit	1
PHE	2, 149	665	SER	2, 150	666	mit	mit	1
PHE	2, 68	584	LEU	2, 151	667	mit	mit	0.76
ALA	2, 147	663	LEU	2, 151	667	mit	mit	0.99
ILE	2, 148	664	LEU	2, 151	667	mit	mit	1
PHE	2, 149	665	LEU	2, 151	667	mit	mit	0.99
SER	2, 150	666	LEU	2, 151	667	mit	mit	1
ILE	2, 148	664	HIS	2, 152	668	mit	mit	0.99
PHE	2, 149	665	HIS	2, 152	668	mit	mit	1
SER	2, 150	666	HIS	2, 152	668	mit	mit	1
LEU	2, 151	667	HIS	2, 152	668	mit	mit	1
LEU	2, 105	621	LEU	2, 153	669	mit	mit	1
LEU	2, 106	622	LEU	2, 153	669	mit	mit	0.63
PRO	2, 108	624	LEU	2, 153	669	mit	mit	0.99
SER	2, 109	625	LEU	2, 153	669	mit	mit	1
LEU	2, 112	628	LEU	2, 153	669	mit	mit	0.97
PHE	2, 149	665	LEU	2, 153	669	mit	mit	1
SER	2, 150	666	LEU	2, 153	669	mit	mit	1
LEU	2, 151	667	LEU	2, 153	669	mit	mit	0.97
HIS	2, 152	668	LEU	2, 153	669	mit	mit	1
PHE	2, 68	584	ALA	2, 154	670	mit	mit	1
PHE	2, 69	585	ALA	2, 154	670	mit	mit	0.73
LEU	2, 105	621	ALA	2, 154	670	mit	mit	0.87
LEU	2, 106	622	ALA	2, 154	670	mit	mit	0.97
SER	2, 109	625	ALA	2, 154	670	mit	mit	1
SER	2, 150	666	ALA	2, 154	670	mit	mit	1
LEU	2, 151	667	ALA	2, 154	670	mit	mit	1
HIS	2, 152	668	ALA	2, 154	670	mit	mit	0.99
LEU	2, 153	669	ALA	2, 154	670	mit	mit	1
LEU	2, 151	667	GLY	2, 155	671	mit	mit	1
HIS	2, 152	668	GLY	2, 155	671	mit	mit	1
LEU	2, 153	669	GLY	2, 155	671	mit	mit	1
ALA	2, 154	670	GLY	2, 155	671	mit	mit	1
LEU	2, 105	621	VAL	2, 156	672	mit	mit	0.99
HIS	2, 152	668	VAL	2, 156	672	mit	mit	1
LEU	2, 153	669	VAL	2, 156	672	mit	mit	1
ALA	2, 154	670	VAL	2, 156	672	mit	mit	0.98
GLY	2, 155	671	VAL	2, 156	672	mit	mit	1
MET	2, 101	617	SER	2, 157	673	mit	mit	0.55
SER	2, 102	618	SER	2, 157	673	mit	mit	1
PHE	2, 103	619	SER	2, 157	673	mit	mit	0.74
LEU	2, 105	621	SER	2, 157	673	mit	mit	1
LEU	2, 106	622	SER	2, 157	673	mit	mit	1
SER	2, 109	625	SER	2, 157	673	mit	mit	0.94
LEU	2, 153	669	SER	2, 157	673	mit	mit	0.99
ALA	2, 154	670	SER	2, 157	673	mit	mit	1
GLY	2, 155	671	SER	2, 157	673	mit	mit	1
VAL	2, 156	672	SER	2, 157	673	mit	mit	1
MET	2, 72	588	SER	2, 158	674	mit	mit	0.97
ILE	2, 76	592	SER	2, 158	674	mit	mit	0.69
SER	2, 102	618	SER	2, 158	674	mit	mit	0.77
ALA	2, 154	670	SER	2, 158	674	mit	mit	1
GLY	2, 155	671	SER	2, 158	674	mit	mit	1
VAL	2, 156	672	SER	2, 158	674	mit	mit	0.98
SER	2, 157	673	SER	2, 158	674	mit	mit	1
GLY	2, 155	671	ILE	2, 159	675	mit	mit	1
VAL	2, 156	672	ILE	2, 159	675	mit	mit	1
SER	2, 157	673	ILE	2, 159	675	mit	mit	0.97
SER	2, 158	674	ILE	2, 159	675	mit	mit	1
MET	2, 98	614	LEU	2, 160	676	mit	mit	1
MET	2, 101	617	LEU	2, 160	676	mit	mit	0.99
SER	2, 102	618	LEU	2, 160	676	mit	mit	1
LEU	2, 105	621	LEU	2, 160	676	mit	mit	0.59
VAL	2, 156	672	LEU	2, 160	676	mit	mit	1
SER	2, 157	673	LEU	2, 160	676	mit	mit	1
SER	2, 158	674	LEU	2, 160	676	mit	mit	0.99
ILE	2, 159	675	LEU	2, 160	676	mit	mit	1
ILE	2, 76	592	GLY	2, 161	677	mit	mit	0.56
MET	2, 98	614	GLY	2, 161	677	mit	mit	0.93
ASN	2, 99	615	GLY	2, 161	677	mit	mit	0.99
SER	2, 102	618	GLY	2, 161	677	mit	mit	1
SER	2, 157	673	GLY	2, 161	677	mit	mit	0.98
SER	2, 158	674	GLY	2, 161	677	mit	mit	1
ILE	2, 159	675	GLY	2, 161	677	mit	mit	1
LEU	2, 160	676	GLY	2, 161	677	mit	mit	1
SER	2, 158	674	ALA	2, 162	678	mit	mit	1
ILE	2, 159	675	ALA	2, 162	678	mit	mit	1
LEU	2, 160	676	ALA	2, 162	678	mit	mit	1
GLY	2, 161	677	ALA	2, 162	678	mit	mit	1
PHE	2, 95	611	ILE	2, 163	679	mit	mit	0.87
MET	2, 98	614	ILE	2, 163	679	mit	mit	0.83
ILE	2, 159	675	ILE	2, 163	679	mit	mit	1
LEU	2, 160	676	ILE	2, 163	679	mit	mit	1
GLY	2, 161	677	ILE	2, 163	679	mit	mit	1
ALA	2, 162	678	ILE	2, 163	679	mit	mit	1
MET	2, 93	609	ASN	2, 164	680	mit	mit	1
ALA	2, 94	610	ASN	2, 164	680	mit	mit	0.99
PHE	2, 95	611	ASN	2, 164	680	mit	mit	1
MET	2, 98	614	ASN	2, 164	680	mit	mit	0.99
ASN	2, 99	615	ASN	2, 164	680	mit	mit	1
SER	2, 102	618	ASN	2, 164	680	mit	mit	0.93
LEU	2, 160	676	ASN	2, 164	680	mit	mit	0.99
GLY	2, 161	677	ASN	2, 164	680	mit	mit	1
ALA	2, 162	678	ASN	2, 164	680	mit	mit	1
ILE	2, 163	679	ASN	2, 164	680	mit	mit	1
ILE	2, 76	592	PHE	2, 165	681	mit	mit	0.72
GLY	2, 80	596	PHE	2, 165	681	mit	mit	0.91
VAL	2, 84	600	PHE	2, 165	681	mit	mit	0.99
MET	2, 93	609	PHE	2, 165	681	mit	mit	0.56
GLY	2, 161	677	PHE	2, 165	681	mit	mit	1
ALA	2, 162	678	PHE	2, 165	681	mit	mit	1
ILE	2, 163	679	PHE	2, 165	681	mit	mit	0.96
ASN	2, 164	680	PHE	2, 165	681	mit	mit	1
ALA	2, 162	678	ILE	2, 166	682	mit	mit	1
ILE	2, 163	679	ILE	2, 166	682	mit	mit	1
ASN	2, 164	680	ILE	2, 166	682	mit	mit	0.97
PHE	2, 165	681	ILE	2, 166	682	mit	mit	1
ALA	2, 94	610	THR	2, 167	683	mit	mit	1
PHE	2, 95	611	THR	2, 167	683	mit	mit	0.96
ILE	2, 163	679	THR	2, 167	683	mit	mit	1
ASN	2, 164	680	THR	2, 167	683	mit	mit	1
PHE	2, 165	681	THR	2, 167	683	mit	mit	0.98
ILE	2, 166	682	THR	2, 167	683	mit	mit	1
VAL	2, 84	600	THR	2, 168	684	mit	mit	0.98
PRO	2, 85	601	THR	2, 168	684	mit	mit	0.97
ILE	2, 88	604	THR	2, 168	684	mit	mit	0.74
ALA	2, 90	606	THR	2, 168	684	mit	mit	0.98
MET	2, 93	609	THR	2, 168	684	mit	mit	1
ALA	2, 94	610	THR	2, 168	684	mit	mit	1
ASN	2, 164	680	THR	2, 168	684	mit	mit	1
PHE	2, 165	681	THR	2, 168	684	mit	mit	1
ILE	2, 166	682	THR	2, 168	684	mit	mit	0.99
THR	2, 167	683	THR	2, 168	684	mit	mit	1
VAL	2, 84	600	ILE	2, 169	685	mit	mit	0.96
ILE	2, 88	604	ILE	2, 169	685	mit	mit	0.97
PHE	2, 165	681	ILE	2, 169	685	mit	mit	0.99
ILE	2, 166	682	ILE	2, 169	685	mit	mit	1
THR	2, 167	683	ILE	2, 169	685	mit	mit	0.95
THR	2, 168	684	ILE	2, 169	685	mit	mit	1
ILE	2, 166	682	ILE	2, 170	686	mit	mit	0.99
THR	2, 167	683	ILE	2, 170	686	mit	mit	1
THR	2, 168	684	ILE	2, 170	686	mit	mit	0.92
ILE	2, 169	685	ILE	2, 170	686	mit	mit	1
ALA	2, 94	610	ASN	2, 171	687	mit	mit	0.97
THR	2, 167	683	ASN	2, 171	687	mit	mit	0.99
THR	2, 168	684	ASN	2, 171	687	mit	mit	0.99
ILE	2, 169	685	ASN	2, 171	687	mit	mit	0.66
ILE	2, 170	686	ASN	2, 171	687	mit	mit	1
PRO	2, 85	601	MET	2, 172	688	mit	mit	0.65
ILE	2, 88	604	MET	2, 172	688	mit	mit	0.97
GLY	2, 89	605	MET	2, 172	688	mit	mit	0.69
ALA	2, 90	606	MET	2, 172	688	mit	mit	0.99
ALA	2, 94	610	MET	2, 172	688	mit	mit	0.98
THR	2, 167	683	MET	2, 172	688	mit	mit	0.52
THR	2, 168	684	MET	2, 172	688	mit	mit	1
ILE	2, 169	685	MET	2, 172	688	mit	mit	0.88
ASN	2, 171	687	MET	2, 172	688	mit	mit	1
ILE	2, 88	604	LYS	2, 173	689	mit	mit	0.99
GLY	2, 89	605	LYS	2, 173	689	mit	mit	0.75
ALA	2, 90	606	LYS	2, 173	689	mit	mit	0.8
ILE	2, 169	685	LYS	2, 173	689	mit	mit	0.91
ILE	2, 170	686	LYS	2, 173	689	mit	mit	0.76
ASN	2, 171	687	LYS	2, 173	689	mit	mit	0.92
MET	2, 172	688	LYS	2, 173	689	mit	mit	1
ILE	2, 88	604	PRO	2, 174	690	mit	mit	0.73
GLY	2, 89	605	PRO	2, 174	690	mit	mit	0.98
LYS	2, 173	689	PRO	2, 174	690	mit	mit	1
LYS	2, 173	689	PRO	2, 175	691	mit	mit	0.71
PRO	2, 174	690	PRO	2, 175	691	mit	mit	1
PRO	2, 174	690	ALA	2, 176	692	mit	mit	0.99
PRO	2, 175	691	ALA	2, 176	692	mit	mit	1
ILE	2, 88	604	LEU	2, 177	693	mit	mit	0.51
LYS	2, 173	689	LEU	2, 177	693	mit	mit	0.99
PRO	2, 174	690	LEU	2, 177	693	mit	mit	0.99
PRO	2, 175	691	LEU	2, 177	693	mit	mit	0.94
ALA	2, 176	692	LEU	2, 177	693	mit	mit	1
LEU	2, 177	693	SER	2, 178	694	mit	mit	1
ILE	2, 170	686	GLN	2, 179	695	mit	mit	0.58
LYS	2, 173	689	GLN	2, 179	695	mit	mit	0.59
SER	2, 178	694	GLN	2, 179	695	mit	mit	1
SER	2, 178	694	TYR	2, 180	696	mit	mit	1
GLN	2, 179	695	TYR	2, 180	696	mit	mit	1
LEU	2, 177	693	GLN	2, 181	697	mit	mit	0.99
SER	2, 178	694	GLN	2, 181	697	mit	mit	0.99
GLN	2, 179	695	GLN	2, 181	697	mit	mit	0.96
TYR	2, 180	696	GLN	2, 181	697	mit	mit	1
MET	2, 87	603	THR	2, 182	698	mit	mit	0.79
ILE	2, 88	604	THR	2, 182	698	mit	mit	0.97
ILE	2, 169	685	THR	2, 182	698	mit	mit	0.85
LYS	2, 173	689	THR	2, 182	698	mit	mit	0.91
LEU	2, 177	693	THR	2, 182	698	mit	mit	0.91
GLN	2, 179	695	THR	2, 182	698	mit	mit	0.99
TYR	2, 180	696	THR	2, 182	698	mit	mit	0.95
GLN	2, 181	697	THR	2, 182	698	mit	mit	1
MET	2, 87	603	PRO	2, 183	699	mit	mit	1
THR	2, 182	698	PRO	2, 183	699	mit	mit	1
PRO	2, 183	699	LEU	2, 184	700	mit	mit	1
LEU	2, 83	599	PHE	2, 185	701	mit	mit	0.99
VAL	2, 84	600	PHE	2, 185	701	mit	mit	0.79
MET	2, 87	603	PHE	2, 185	701	mit	mit	0.98
PRO	2, 183	699	PHE	2, 185	701	mit	mit	1
LEU	2, 184	700	PHE	2, 185	701	mit	mit	1
VAL	2, 84	600	VAL	2, 186	702	mit	mit	0.99
MET	2, 87	603	VAL	2, 186	702	mit	mit	0.99
ILE	2, 88	604	VAL	2, 186	702	mit	mit	0.99
ILE	2, 169	685	VAL	2, 186	702	mit	mit	0.99
THR	2, 182	698	VAL	2, 186	702	mit	mit	1
PRO	2, 183	699	VAL	2, 186	702	mit	mit	1
LEU	2, 184	700	VAL	2, 186	702	mit	mit	0.99
PHE	2, 185	701	VAL	2, 186	702	mit	mit	1
THR	2, 182	698	TRP	2, 187	703	mit	mit	0.99
PRO	2, 183	699	TRP	2, 187	703	mit	mit	0.94
LEU	2, 184	700	TRP	2, 187	703	mit	mit	1
PHE	2, 185	701	TRP	2, 187	703	mit	mit	0.99
VAL	2, 186	702	TRP	2, 187	703	mit	mit	1
LEU	2, 184	700	SER	2, 188	704	mit	mit	1
PHE	2, 185	701	SER	2, 188	704	mit	mit	1
VAL	2, 186	702	SER	2, 188	704	mit	mit	0.99
TRP	2, 187	703	SER	2, 188	704	mit	mit	1
ILE	2, 76	592	VAL	2, 189	705	mit	mit	0.98
GLY	2, 80	596	VAL	2, 189	705	mit	mit	1
VAL	2, 84	600	VAL	2, 189	705	mit	mit	0.99
PHE	2, 165	681	VAL	2, 189	705	mit	mit	1
ILE	2, 169	685	VAL	2, 189	705	mit	mit	0.89
PHE	2, 185	701	VAL	2, 189	705	mit	mit	1
VAL	2, 186	702	VAL	2, 189	705	mit	mit	1
TRP	2, 187	703	VAL	2, 189	705	mit	mit	0.97
SER	2, 188	704	VAL	2, 189	705	mit	mit	1
PHE	2, 165	681	LEU	2, 190	706	mit	mit	0.98
ILE	2, 166	682	LEU	2, 190	706	mit	mit	0.99
ILE	2, 169	685	LEU	2, 190	706	mit	mit	1
VAL	2, 186	702	LEU	2, 190	706	mit	mit	1
TRP	2, 187	703	LEU	2, 190	706	mit	mit	1
SER	2, 188	704	LEU	2, 190	706	mit	mit	1
VAL	2, 189	705	LEU	2, 190	706	mit	mit	1
TRP	2, 187	703	ILE	2, 191	707	mit	mit	0.99
SER	2, 188	704	ILE	2, 191	707	mit	mit	1
VAL	2, 189	705	ILE	2, 191	707	mit	mit	0.96
LEU	2, 190	706	ILE	2, 191	707	mit	mit	1
ILE	2, 76	592	THR	2, 192	708	mit	mit	0.98
SER	2, 188	704	THR	2, 192	708	mit	mit	1
VAL	2, 189	705	THR	2, 192	708	mit	mit	1
LEU	2, 190	706	THR	2, 192	708	mit	mit	1
ILE	2, 191	707	THR	2, 192	708	mit	mit	1
ILE	2, 76	592	ALA	2, 193	709	mit	mit	0.64
GLY	2, 161	677	ALA	2, 193	709	mit	mit	0.92
ALA	2, 162	678	ALA	2, 193	709	mit	mit	1
PHE	2, 165	681	ALA	2, 193	709	mit	mit	1
ILE	2, 166	682	ALA	2, 193	709	mit	mit	1
ILE	2, 169	685	ALA	2, 193	709	mit	mit	0.53
VAL	2, 189	705	ALA	2, 193	709	mit	mit	1
LEU	2, 190	706	ALA	2, 193	709	mit	mit	1
ILE	2, 191	707	ALA	2, 193	709	mit	mit	1
THR	2, 192	708	ALA	2, 193	709	mit	mit	1
ALA	2, 162	678	ILE	2, 194	710	mit	mit	0.86
ILE	2, 166	682	ILE	2, 194	710	mit	mit	0.98
LEU	2, 190	706	ILE	2, 194	710	mit	mit	0.99
ILE	2, 191	707	ILE	2, 194	710	mit	mit	1
THR	2, 192	708	ILE	2, 194	710	mit	mit	0.99
ALA	2, 193	709	ILE	2, 194	710	mit	mit	1
ILE	2, 191	707	LEU	2, 195	711	mit	mit	1
THR	2, 192	708	LEU	2, 195	711	mit	mit	1
ALA	2, 193	709	LEU	2, 195	711	mit	mit	0.99
ILE	2, 194	710	LEU	2, 195	711	mit	mit	1
SER	2, 158	674	LEU	2, 196	712	mit	mit	1
ILE	2, 159	675	LEU	2, 196	712	mit	mit	0.98
GLY	2, 161	677	LEU	2, 196	712	mit	mit	0.58
ALA	2, 162	678	LEU	2, 196	712	mit	mit	1
THR	2, 192	708	LEU	2, 196	712	mit	mit	1
ALA	2, 193	709	LEU	2, 196	712	mit	mit	1
ILE	2, 194	710	LEU	2, 196	712	mit	mit	0.99
LEU	2, 195	711	LEU	2, 196	712	mit	mit	1
ILE	2, 159	675	LEU	2, 197	713	mit	mit	0.99
ALA	2, 162	678	LEU	2, 197	713	mit	mit	1
ILE	2, 163	679	LEU	2, 197	713	mit	mit	0.98
ILE	2, 166	682	LEU	2, 197	713	mit	mit	0.96
ALA	2, 193	709	LEU	2, 197	713	mit	mit	0.99
ILE	2, 194	710	LEU	2, 197	713	mit	mit	1
LEU	2, 195	711	LEU	2, 197	713	mit	mit	0.99
LEU	2, 196	712	LEU	2, 197	713	mit	mit	1
ILE	2, 194	710	LEU	2, 198	714	mit	mit	0.99
LEU	2, 195	711	LEU	2, 198	714	mit	mit	1
LEU	2, 196	712	LEU	2, 198	714	mit	mit	0.93
LEU	2, 197	713	LEU	2, 198	714	mit	mit	1
LEU	2, 195	711	SER	2, 199	715	mit	mit	1
LEU	2, 196	712	SER	2, 199	715	mit	mit	1
LEU	2, 197	713	SER	2, 199	715	mit	mit	0.75
LEU	2, 198	714	SER	2, 199	715	mit	mit	1
GLY	2, 155	671	LEU	2, 200	716	mit	mit	1
SER	2, 158	674	LEU	2, 200	716	mit	mit	0.99
ILE	2, 159	675	LEU	2, 200	716	mit	mit	0.99
LEU	2, 196	712	LEU	2, 200	716	mit	mit	0.99
LEU	2, 197	713	LEU	2, 200	716	mit	mit	0.95
LEU	2, 198	714	LEU	2, 200	716	mit	mit	0.53
SER	2, 199	715	LEU	2, 200	716	mit	mit	1
ILE	2, 159	675	PRO	2, 201	717	mit	mit	0.96
LEU	2, 197	713	PRO	2, 201	717	mit	mit	0.62
LEU	2, 198	714	PRO	2, 201	717	mit	mit	0.92
SER	2, 199	715	PRO	2, 201	717	mit	mit	0.96
LEU	2, 200	716	PRO	2, 201	717	mit	mit	1
SER	2, 199	715	VAL	2, 202	718	mit	mit	0.99
LEU	2, 200	716	VAL	2, 202	718	mit	mit	0.99
PRO	2, 201	717	VAL	2, 202	718	mit	mit	1
LEU	2, 151	667	LEU	2, 203	719	mit	mit	0.91
GLY	2, 155	671	LEU	2, 203	719	mit	mit	0.79
SER	2, 199	715	LEU	2, 203	719	mit	mit	0.98
LEU	2, 200	716	LEU	2, 203	719	mit	mit	1
PRO	2, 201	717	LEU	2, 203	719	mit	mit	1
VAL	2, 202	718	LEU	2, 203	719	mit	mit	1
HIS	2, 152	668	ALA	2, 204	720	mit	mit	0.99
GLY	2, 155	671	ALA	2, 204	720	mit	mit	0.98
LEU	2, 200	716	ALA	2, 204	720	mit	mit	0.99
PRO	2, 201	717	ALA	2, 204	720	mit	mit	1
VAL	2, 202	718	ALA	2, 204	720	mit	mit	0.99
LEU	2, 203	719	ALA	2, 204	720	mit	mit	1
PRO	2, 201	717	ALA	2, 205	721	mit	mit	0.99
VAL	2, 202	718	ALA	2, 205	721	mit	mit	1
LEU	2, 203	719	ALA	2, 205	721	mit	mit	1
ALA	2, 204	720	ALA	2, 205	721	mit	mit	1
VAL	2, 202	718	GLY	2, 206	722	mit	mit	0.98
LEU	2, 203	719	GLY	2, 206	722	mit	mit	1
ALA	2, 204	720	GLY	2, 206	722	mit	mit	1
ALA	2, 205	721	GLY	2, 206	722	mit	mit	1
VAL	2, 129	645	ILE	2, 207	723	mit	mit	0.78
ILE	2, 148	664	ILE	2, 207	723	mit	mit	1
LEU	2, 151	667	ILE	2, 207	723	mit	mit	0.99
HIS	2, 152	668	ILE	2, 207	723	mit	mit	0.98
LEU	2, 203	719	ILE	2, 207	723	mit	mit	1
ALA	2, 204	720	ILE	2, 207	723	mit	mit	1
ALA	2, 205	721	ILE	2, 207	723	mit	mit	0.87
GLY	2, 206	722	ILE	2, 207	723	mit	mit	1
HIS	2, 152	668	THR	2, 208	724	mit	mit	0.55
ALA	2, 204	720	THR	2, 208	724	mit	mit	1
ALA	2, 205	721	THR	2, 208	724	mit	mit	1
GLY	2, 206	722	THR	2, 208	724	mit	mit	1
ILE	2, 207	723	THR	2, 208	724	mit	mit	1
ALA	2, 205	721	MET	2, 209	725	mit	mit	1
GLY	2, 206	722	MET	2, 209	725	mit	mit	1
ILE	2, 207	723	MET	2, 209	725	mit	mit	1
THR	2, 208	724	MET	2, 209	725	mit	mit	1
VAL	2, 129	645	LEU	2, 210	726	mit	mit	0.91
PRO	2, 131	647	LEU	2, 210	726	mit	mit	0.99
ALA	2, 134	650	LEU	2, 210	726	mit	mit	0.97
GLY	2, 135	651	LEU	2, 210	726	mit	mit	0.66
ILE	2, 148	664	LEU	2, 210	726	mit	mit	0.99
GLY	2, 206	722	LEU	2, 210	726	mit	mit	1
ILE	2, 207	723	LEU	2, 210	726	mit	mit	1
THR	2, 208	724	LEU	2, 210	726	mit	mit	1
MET	2, 209	725	LEU	2, 210	726	mit	mit	1
ASP	2, 145	661	LEU	2, 211	727	mit	mit	0.98
ILE	2, 148	664	LEU	2, 211	727	mit	mit	1
ILE	2, 207	723	LEU	2, 211	727	mit	mit	0.99
THR	2, 208	724	LEU	2, 211	727	mit	mit	1
MET	2, 209	725	LEU	2, 211	727	mit	mit	1
LEU	2, 210	726	LEU	2, 211	727	mit	mit	1
THR	2, 208	724	THR	2, 212	728	mit	mit	1
MET	2, 209	725	THR	2, 212	728	mit	mit	1
LEU	2, 210	726	THR	2, 212	728	mit	mit	0.97
LEU	2, 211	727	THR	2, 212	728	mit	mit	1
PRO	2, 131	647	ASP	2, 213	729	mit	mit	0.92
GLY	2, 135	651	ASP	2, 213	729	mit	mit	0.93
ASN	2, 136	652	ASP	2, 213	729	mit	mit	0.6
MET	2, 209	725	ASP	2, 213	729	mit	mit	0.99
LEU	2, 210	726	ASP	2, 213	729	mit	mit	1
LEU	2, 211	727	ASP	2, 213	729	mit	mit	0.99
THR	2, 212	728	ASP	2, 213	729	mit	mit	1
ALA	2, 134	650	ARG	2, 214	730	mit	mit	0.68
GLY	2, 135	651	ARG	2, 214	730	mit	mit	0.99
ASN	2, 136	652	ARG	2, 214	730	mit	mit	0.99
VAL	2, 144	660	ARG	2, 214	730	mit	mit	0.94
ASP	2, 145	661	ARG	2, 214	730	mit	mit	0.97
LEU	2, 210	726	ARG	2, 214	730	mit	mit	0.99
LEU	2, 211	727	ARG	2, 214	730	mit	mit	1
THR	2, 212	728	ARG	2, 214	730	mit	mit	0.96
ASP	2, 213	729	ARG	2, 214	730	mit	mit	1
ASN	2, 136	652	ASN	2, 215	731	mit	mit	0.65
ASP	2, 145	661	ASN	2, 215	731	mit	mit	0.93
LEU	2, 211	727	ASN	2, 215	731	mit	mit	0.99
THR	2, 212	728	ASN	2, 215	731	mit	mit	0.99
ASP	2, 213	729	ASN	2, 215	731	mit	mit	0.57
ARG	2, 214	730	ASN	2, 215	731	mit	mit	1
THR	2, 212	728	LEU	2, 216	732	mit	mit	0.99
ASP	2, 213	729	LEU	2, 216	732	mit	mit	0.75
ASN	2, 215	731	LEU	2, 216	732	mit	mit	1
LEU	2, 216	732	ASN	2, 217	733	mit	mit	1
MET	2, 209	725	THR	2, 218	734	mit	mit	0.89
THR	2, 212	728	THR	2, 218	734	mit	mit	1
ASP	2, 213	729	THR	2, 218	734	mit	mit	1
LEU	2, 216	732	THR	2, 218	734	mit	mit	1
ASN	2, 217	733	THR	2, 218	734	mit	mit	1
ASP	2, 213	729	THR	2, 219	735	mit	mit	0.98
ASN	2, 217	733	THR	2, 219	735	mit	mit	0.84
THR	2, 218	734	THR	2, 219	735	mit	mit	1
MET	2, 209	725	PHE	2, 220	736	mit	mit	1
LEU	2, 210	726	PHE	2, 220	736	mit	mit	0.75
THR	2, 212	728	PHE	2, 220	736	mit	mit	0.85
ASP	2, 213	729	PHE	2, 220	736	mit	mit	1
THR	2, 218	734	PHE	2, 220	736	mit	mit	1
THR	2, 219	735	PHE	2, 220	736	mit	mit	1
PRO	2, 131	647	PHE	2, 221	737	mit	mit	1
PRO	2, 132	648	PHE	2, 221	737	mit	mit	0.92
MET	2, 209	725	PHE	2, 221	737	mit	mit	0.91
LEU	2, 210	726	PHE	2, 221	737	mit	mit	0.97
ASP	2, 213	729	PHE	2, 221	737	mit	mit	0.99
THR	2, 219	735	PHE	2, 221	737	mit	mit	0.91
PHE	2, 220	736	PHE	2, 221	737	mit	mit	1
PRO	2, 131	647	ASP	2, 222	738	mit	mit	0.55
PRO	2, 132	648	ASP	2, 222	738	mit	mit	0.82
ASP	2, 213	729	ASP	2, 222	738	mit	mit	0.98
THR	2, 219	735	ASP	2, 222	738	mit	mit	0.99
PHE	2, 220	736	ASP	2, 222	738	mit	mit	0.93
PHE	2, 221	737	ASP	2, 222	738	mit	mit	1
ASP	2, 222	738	PRO	2, 223	739	mit	mit	1
THR	2, 219	735	ALA	2, 224	740	mit	mit	0.94
ASP	2, 222	738	ALA	2, 224	740	mit	mit	1
PRO	2, 223	739	ALA	2, 224	740	mit	mit	1
THR	2, 219	735	GLY	2, 225	741	mit	mit	0.99
ASP	2, 222	738	GLY	2, 225	741	mit	mit	0.99
PRO	2, 223	739	GLY	2, 225	741	mit	mit	1
ALA	2, 224	740	GLY	2, 225	741	mit	mit	1
THR	2, 219	735	GLY	2, 226	742	mit	mit	0.99
ASP	2, 222	738	GLY	2, 226	742	mit	mit	0.91
PRO	2, 223	739	GLY	2, 226	742	mit	mit	0.99
ALA	2, 224	740	GLY	2, 226	742	mit	mit	0.99
GLY	2, 225	741	GLY	2, 226	742	mit	mit	1
THR	2, 219	735	GLY	2, 227	743	mit	mit	0.99
PHE	2, 220	736	GLY	2, 227	743	mit	mit	0.99
PHE	2, 221	737	GLY	2, 227	743	mit	mit	0.99
ASP	2, 222	738	GLY	2, 227	743	mit	mit	0.99
PRO	2, 223	739	GLY	2, 227	743	mit	mit	0.99
GLY	2, 225	741	GLY	2, 227	743	mit	mit	1
GLY	2, 226	742	GLY	2, 227	743	mit	mit	1
PHE	2, 221	737	ASP	2, 228	744	mit	mit	0.97
PRO	2, 223	739	ASP	2, 228	744	mit	mit	0.93
GLY	2, 226	742	ASP	2, 228	744	mit	mit	0.99
GLY	2, 227	743	ASP	2, 228	744	mit	mit	1
TYR	2, 130	646	PRO	2, 229	745	mit	mit	0.88
PRO	2, 131	647	PRO	2, 229	745	mit	mit	1
PRO	2, 132	648	PRO	2, 229	745	mit	mit	0.99
PHE	2, 221	737	PRO	2, 229	745	mit	mit	1
PRO	2, 223	739	PRO	2, 229	745	mit	mit	0.91
GLY	2, 227	743	PRO	2, 229	745	mit	mit	0.85
ASP	2, 228	744	PRO	2, 229	745	mit	mit	1
ASP	2, 228	744	ILE	2, 230	746	mit	mit	1
PRO	2, 229	745	ILE	2, 230	746	mit	mit	1
PHE	2, 220	736	LEU	2, 231	747	mit	mit	0.96
PHE	2, 221	737	LEU	2, 231	747	mit	mit	0.97
GLY	2, 227	743	LEU	2, 231	747	mit	mit	0.97
ASP	2, 228	744	LEU	2, 231	747	mit	mit	1
PRO	2, 229	745	LEU	2, 231	747	mit	mit	0.99
ILE	2, 230	746	LEU	2, 231	747	mit	mit	1
TYR	2, 130	646	TYR	2, 232	748	mit	mit	0.98
PRO	2, 131	647	TYR	2, 232	748	mit	mit	0.99
GLY	2, 206	722	TYR	2, 232	748	mit	mit	0.98
MET	2, 209	725	TYR	2, 232	748	mit	mit	0.82
LEU	2, 210	726	TYR	2, 232	748	mit	mit	0.98
PHE	2, 220	736	TYR	2, 232	748	mit	mit	0.69
PHE	2, 221	737	TYR	2, 232	748	mit	mit	0.99
PRO	2, 229	745	TYR	2, 232	748	mit	mit	0.99
ILE	2, 230	746	TYR	2, 232	748	mit	mit	0.99
LEU	2, 231	747	TYR	2, 232	748	mit	mit	1
TYR	2, 130	646	GLN	2, 233	749	mit	mit	0.95
PRO	2, 229	745	GLN	2, 233	749	mit	mit	0.93
ILE	2, 230	746	GLN	2, 233	749	mit	mit	1
LEU	2, 231	747	GLN	2, 233	749	mit	mit	1
TYR	2, 232	748	GLN	2, 233	749	mit	mit	1
ILE	2, 230	746	HIS	2, 234	750	mit	mit	1
LEU	2, 231	747	HIS	2, 234	750	mit	mit	1
TYR	2, 232	748	HIS	2, 234	750	mit	mit	0.99
GLN	2, 233	749	HIS	2, 234	750	mit	mit	1
VAL	2, 202	718	LEU	2, 235	751	mit	mit	0.99
LEU	2, 203	719	LEU	2, 235	751	mit	mit	0.93
ALA	2, 205	721	LEU	2, 235	751	mit	mit	0.97
GLY	2, 206	722	LEU	2, 235	751	mit	mit	1
MET	2, 209	725	LEU	2, 235	751	mit	mit	0.68
LEU	2, 231	747	LEU	2, 235	751	mit	mit	0.99
TYR	2, 232	748	LEU	2, 235	751	mit	mit	1
GLN	2, 233	749	LEU	2, 235	751	mit	mit	0.98
HIS	2, 234	750	LEU	2, 235	751	mit	mit	1
THR	2, 128	644	PHE	2, 236	752	mit	mit	0.98
VAL	2, 129	645	PHE	2, 236	752	mit	mit	0.66
LEU	2, 203	719	PHE	2, 236	752	mit	mit	0.97
GLY	2, 206	722	PHE	2, 236	752	mit	mit	0.95
TYR	2, 232	748	PHE	2, 236	752	mit	mit	1
GLN	2, 233	749	PHE	2, 236	752	mit	mit	1
HIS	2, 234	750	PHE	2, 236	752	mit	mit	0.98
LEU	2, 235	751	PHE	2, 236	752	mit	mit	1
GLN	2, 233	749	TRP	2, 237	753	mit	mit	1
HIS	2, 234	750	TRP	2, 237	753	mit	mit	1
LEU	2, 235	751	TRP	2, 237	753	mit	mit	0.81
PHE	2, 236	752	TRP	2, 237	753	mit	mit	1
SER	2, 199	715	PHE	2, 238	754	mit	mit	0.96
VAL	2, 202	718	PHE	2, 238	754	mit	mit	1
LEU	2, 203	719	PHE	2, 238	754	mit	mit	0.52
HIS	2, 234	750	PHE	2, 238	754	mit	mit	0.99
LEU	2, 235	751	PHE	2, 238	754	mit	mit	1
PHE	2, 236	752	PHE	2, 238	754	mit	mit	0.99
TRP	2, 237	753	PHE	2, 238	754	mit	mit	1
SER	2, 199	715	PHE	2, 239	755	mit	mit	1
LEU	2, 200	716	PHE	2, 239	755	mit	mit	0.98
VAL	2, 202	718	PHE	2, 239	755	mit	mit	0.99
LEU	2, 203	719	PHE	2, 239	755	mit	mit	1
LEU	2, 235	751	PHE	2, 239	755	mit	mit	0.9
PHE	2, 236	752	PHE	2, 239	755	mit	mit	0.99
TRP	2, 237	753	PHE	2, 239	755	mit	mit	0.98
PHE	2, 238	754	PHE	2, 239	755	mit	mit	1
SER	2, 199	715	GLY	2, 240	756	mit	mit	0.9
LEU	2, 203	719	GLY	2, 240	756	mit	mit	0.69
PHE	2, 236	752	GLY	2, 240	756	mit	mit	0.99
TRP	2, 237	753	GLY	2, 240	756	mit	mit	1
PHE	2, 238	754	GLY	2, 240	756	mit	mit	1
PHE	2, 239	755	GLY	2, 240	756	mit	mit	1
TRP	2, 237	753	HIS	2, 241	757	mit	mit	0.98
PHE	2, 238	754	HIS	2, 241	757	mit	mit	0.86
PHE	2, 239	755	HIS	2, 241	757	mit	mit	0.52
GLY	2, 240	756	HIS	2, 241	757	mit	mit	1
LEU	2, 195	711	PRO	2, 242	758	mit	mit	0.99
LEU	2, 198	714	PRO	2, 242	758	mit	mit	0.71
SER	2, 199	715	PRO	2, 242	758	mit	mit	1
PHE	2, 238	754	PRO	2, 242	758	mit	mit	0.75
PHE	2, 239	755	PRO	2, 242	758	mit	mit	0.98
GLY	2, 240	756	PRO	2, 242	758	mit	mit	1
HIS	2, 241	757	PRO	2, 242	758	mit	mit	1
ILE	2, 67	583	GLU	2, 243	759	mit	mit	0.83
SER	2, 199	715	GLU	2, 243	759	mit	mit	0.92
PHE	2, 239	755	GLU	2, 243	759	mit	mit	0.97
GLY	2, 240	756	GLU	2, 243	759	mit	mit	0.99
HIS	2, 241	757	GLU	2, 243	759	mit	mit	0.99
PRO	2, 242	758	GLU	2, 243	759	mit	mit	1
GLY	2, 240	756	VAL	2, 244	760	mit	mit	0.97
HIS	2, 241	757	VAL	2, 244	760	mit	mit	0.99
PRO	2, 242	758	VAL	2, 244	760	mit	mit	0.93
GLU	2, 243	759	VAL	2, 244	760	mit	mit	1
THR	2, 192	708	TYR	2, 245	761	mit	mit	0.53
LEU	2, 195	711	TYR	2, 245	761	mit	mit	0.97
HIS	2, 241	757	TYR	2, 245	761	mit	mit	0.93
PRO	2, 242	758	TYR	2, 245	761	mit	mit	1
GLU	2, 243	759	TYR	2, 245	761	mit	mit	0.97
VAL	2, 244	760	TYR	2, 245	761	mit	mit	1
MET	2, 72	588	ILE	2, 246	762	mit	mit	0.92
THR	2, 192	708	ILE	2, 246	762	mit	mit	1
LEU	2, 195	711	ILE	2, 246	762	mit	mit	0.99
LEU	2, 196	712	ILE	2, 246	762	mit	mit	0.99
SER	2, 199	715	ILE	2, 246	762	mit	mit	0.64
PRO	2, 242	758	ILE	2, 246	762	mit	mit	0.98
GLU	2, 243	759	ILE	2, 246	762	mit	mit	1
VAL	2, 244	760	ILE	2, 246	762	mit	mit	0.99
TYR	2, 245	761	ILE	2, 246	762	mit	mit	1
ILE	2, 67	583	LEU	2, 247	763	mit	mit	0.97
VAL	2, 71	587	LEU	2, 247	763	mit	mit	0.99
MET	2, 72	588	LEU	2, 247	763	mit	mit	0.94
MET	2, 75	591	LEU	2, 247	763	mit	mit	0.82
GLU	2, 243	759	LEU	2, 247	763	mit	mit	0.96
VAL	2, 244	760	LEU	2, 247	763	mit	mit	0.99
TYR	2, 245	761	LEU	2, 247	763	mit	mit	0.99
ILE	2, 246	762	LEU	2, 247	763	mit	mit	1
VAL	2, 244	760	ILE	2, 248	764	mit	mit	0.97
TYR	2, 245	761	ILE	2, 248	764	mit	mit	1
ILE	2, 246	762	ILE	2, 248	764	mit	mit	0.72
LEU	2, 247	763	ILE	2, 248	764	mit	mit	1
SER	2, 188	704	LEU	2, 249	765	mit	mit	1
ILE	2, 191	707	LEU	2, 249	765	mit	mit	0.99
THR	2, 192	708	LEU	2, 249	765	mit	mit	1
LEU	2, 195	711	LEU	2, 249	765	mit	mit	0.79
TYR	2, 245	761	LEU	2, 249	765	mit	mit	0.99
ILE	2, 246	762	LEU	2, 249	765	mit	mit	0.99
LEU	2, 247	763	LEU	2, 249	765	mit	mit	0.68
ILE	2, 248	764	LEU	2, 249	765	mit	mit	1
MET	2, 75	591	PRO	2, 250	766	mit	mit	1
ILE	2, 76	592	PRO	2, 250	766	mit	mit	0.99
PHE	2, 79	595	PRO	2, 250	766	mit	mit	0.93
GLY	2, 80	596	PRO	2, 250	766	mit	mit	0.69
PHE	2, 185	701	PRO	2, 250	766	mit	mit	0.75
SER	2, 188	704	PRO	2, 250	766	mit	mit	1
VAL	2, 189	705	PRO	2, 250	766	mit	mit	0.99
THR	2, 192	708	PRO	2, 250	766	mit	mit	1
LEU	2, 247	763	PRO	2, 250	766	mit	mit	0.56
ILE	2, 248	764	PRO	2, 250	766	mit	mit	0.91
LEU	2, 249	765	PRO	2, 250	766	mit	mit	1
MET	2, 75	591	GLY	2, 251	767	mit	mit	0.98
SER	2, 188	704	GLY	2, 251	767	mit	mit	0.97
ILE	2, 248	764	GLY	2, 251	767	mit	mit	1
LEU	2, 249	765	GLY	2, 251	767	mit	mit	1
PRO	2, 250	766	GLY	2, 251	767	mit	mit	1
LEU	2, 184	700	PHE	2, 252	768	mit	mit	0.53
SER	2, 188	704	PHE	2, 252	768	mit	mit	0.99
ILE	2, 248	764	PHE	2, 252	768	mit	mit	0.99
LEU	2, 249	765	PHE	2, 252	768	mit	mit	1
PRO	2, 250	766	PHE	2, 252	768	mit	mit	1
GLY	2, 251	767	PHE	2, 252	768	mit	mit	1
LEU	2, 184	700	GLY	2, 253	769	mit	mit	1
PHE	2, 185	701	GLY	2, 253	769	mit	mit	1
TRP	2, 187	703	GLY	2, 253	769	mit	mit	0.77
SER	2, 188	704	GLY	2, 253	769	mit	mit	1
LEU	2, 249	765	GLY	2, 253	769	mit	mit	0.86
PRO	2, 250	766	GLY	2, 253	769	mit	mit	1
GLY	2, 251	767	GLY	2, 253	769	mit	mit	1
PHE	2, 252	768	GLY	2, 253	769	mit	mit	1
PHE	2, 79	595	MET	2, 254	770	mit	mit	0.97
PHE	2, 185	701	MET	2, 254	770	mit	mit	0.99
SER	2, 188	704	MET	2, 254	770	mit	mit	0.63
PRO	2, 250	766	MET	2, 254	770	mit	mit	0.99
GLY	2, 251	767	MET	2, 254	770	mit	mit	1
PHE	2, 252	768	MET	2, 254	770	mit	mit	0.98
GLY	2, 253	769	MET	2, 254	770	mit	mit	1
GLY	2, 251	767	ILE	2, 255	771	mit	mit	1
PHE	2, 252	768	ILE	2, 255	771	mit	mit	1
GLY	2, 253	769	ILE	2, 255	771	mit	mit	1
MET	2, 254	770	ILE	2, 255	771	mit	mit	1
LEU	2, 184	700	SER	2, 256	772	mit	mit	1
PHE	2, 185	701	SER	2, 256	772	mit	mit	0.91
PHE	2, 252	768	SER	2, 256	772	mit	mit	0.99
GLY	2, 253	769	SER	2, 256	772	mit	mit	1
MET	2, 254	770	SER	2, 256	772	mit	mit	1
ILE	2, 255	771	SER	2, 256	772	mit	mit	1
PRO	2, 183	699	HIS	2, 257	773	mit	mit	0.95
LEU	2, 184	700	HIS	2, 257	773	mit	mit	0.98
PHE	2, 185	701	HIS	2, 257	773	mit	mit	1
GLY	2, 253	769	HIS	2, 257	773	mit	mit	1
MET	2, 254	770	HIS	2, 257	773	mit	mit	1
ILE	2, 255	771	HIS	2, 257	773	mit	mit	0.99
SER	2, 256	772	HIS	2, 257	773	mit	mit	1
MET	2, 254	770	VAL	2, 258	774	mit	mit	1
ILE	2, 255	771	VAL	2, 258	774	mit	mit	1
SER	2, 256	772	VAL	2, 258	774	mit	mit	0.96
HIS	2, 257	773	VAL	2, 258	774	mit	mit	1
ILE	2, 255	771	VAL	2, 259	775	mit	mit	1
SER	2, 256	772	VAL	2, 259	775	mit	mit	1
HIS	2, 257	773	VAL	2, 259	775	mit	mit	0.96
VAL	2, 258	774	VAL	2, 259	775	mit	mit	1
SER	2, 256	772	ALA	2, 260	776	mit	mit	0.99
HIS	2, 257	773	ALA	2, 260	776	mit	mit	1
VAL	2, 258	774	ALA	2, 260	776	mit	mit	0.98
VAL	2, 259	775	ALA	2, 260	776	mit	mit	1
HIS	2, 257	773	TYR	2, 261	777	mit	mit	1
VAL	2, 258	774	TYR	2, 261	777	mit	mit	1
VAL	2, 259	775	TYR	2, 261	777	mit	mit	0.99
ALA	2, 260	776	TYR	2, 261	777	mit	mit	1
VAL	2, 258	774	TYR	2, 262	778	mit	mit	0.99
VAL	2, 259	775	TYR	2, 262	778	mit	mit	0.99
ALA	2, 260	776	TYR	2, 262	778	mit	mit	0.6
TYR	2, 261	777	TYR	2, 262	778	mit	mit	1
VAL	2, 259	775	ALA	2, 263	779	mit	mit	1
ALA	2, 260	776	ALA	2, 263	779	mit	mit	1
TYR	2, 261	777	ALA	2, 263	779	mit	mit	0.99
TYR	2, 262	778	ALA	2, 263	779	mit	mit	1
ALA	2, 260	776	GLY	2, 264	780	mit	mit	0.97
TYR	2, 261	777	GLY	2, 264	780	mit	mit	0.98
TYR	2, 262	778	GLY	2, 264	780	mit	mit	0.99
ALA	2, 263	779	GLY	2, 264	780	mit	mit	1
ALA	2, 260	776	LYS	2, 265	781	mit	mit	0.99
ALA	2, 263	779	LYS	2, 265	781	mit	mit	1
GLY	2, 264	780	LYS	2, 265	781	mit	mit	1
ALA	2, 260	776	LYS	2, 266	782	mit	mit	0.68
GLY	2, 264	780	LYS	2, 266	782	mit	mit	0.69
LYS	2, 265	781	LYS	2, 266	782	mit	mit	1
ALA	2, 260	776	GLU	2, 267	783	mit	mit	0.97
LYS	2, 265	781	GLU	2, 267	783	mit	mit	0.99
LYS	2, 266	782	GLU	2, 267	783	mit	mit	1
LEU	2, 184	700	PRO	2, 268	784	mit	mit	0.98
SER	2, 256	772	PRO	2, 268	784	mit	mit	1
VAL	2, 259	775	PRO	2, 268	784	mit	mit	0.9
ALA	2, 260	776	PRO	2, 268	784	mit	mit	1
LYS	2, 265	781	PRO	2, 268	784	mit	mit	0.91
GLU	2, 267	783	PRO	2, 268	784	mit	mit	1
LYS	2, 265	781	PHE	2, 269	785	mit	mit	0.67
PRO	2, 268	784	PHE	2, 269	785	mit	mit	1
PRO	2, 268	784	GLY	2, 270	786	mit	mit	1
PHE	2, 269	785	GLY	2, 270	786	mit	mit	1
LEU	2, 184	700	TYR	2, 271	787	mit	mit	0.93
GLU	2, 267	783	TYR	2, 271	787	mit	mit	0.98
PRO	2, 268	784	TYR	2, 271	787	mit	mit	0.98
PHE	2, 269	785	TYR	2, 271	787	mit	mit	0.64
GLY	2, 270	786	TYR	2, 271	787	mit	mit	1
TYR	2, 180	696	MET	2, 272	788	mit	mit	0.9
GLY	2, 270	786	MET	2, 272	788	mit	mit	1
TYR	2, 271	787	MET	2, 272	788	mit	mit	1
GLY	2, 270	786	GLY	2, 273	789	mit	mit	1
TYR	2, 271	787	GLY	2, 273	789	mit	mit	1
MET	2, 272	788	GLY	2, 273	789	mit	mit	1
LEU	2, 184	700	MET	2, 274	790	mit	mit	0.98
SER	2, 256	772	MET	2, 274	790	mit	mit	0.97
PRO	2, 268	784	MET	2, 274	790	mit	mit	0.98
GLY	2, 270	786	MET	2, 274	790	mit	mit	0.99
TYR	2, 271	787	MET	2, 274	790	mit	mit	1
MET	2, 272	788	MET	2, 274	790	mit	mit	0.99
GLY	2, 273	789	MET	2, 274	790	mit	mit	1
TYR	2, 180	696	VAL	2, 275	791	mit	mit	0.89
LEU	2, 184	700	VAL	2, 275	791	mit	mit	0.9
TRP	2, 187	703	VAL	2, 275	791	mit	mit	0.99
TYR	2, 271	787	VAL	2, 275	791	mit	mit	0.99
MET	2, 272	788	VAL	2, 275	791	mit	mit	1
GLY	2, 273	789	VAL	2, 275	791	mit	mit	1
MET	2, 274	790	VAL	2, 275	791	mit	mit	1
MET	2, 272	788	TRP	2, 276	792	mit	mit	0.99
GLY	2, 273	789	TRP	2, 276	792	mit	mit	1
MET	2, 274	790	TRP	2, 276	792	mit	mit	0.97
VAL	2, 275	791	TRP	2, 276	792	mit	mit	1
GLY	2, 273	789	ALA	2, 277	793	mit	mit	1
MET	2, 274	790	ALA	2, 277	793	mit	mit	1
VAL	2, 275	791	ALA	2, 277	793	mit	mit	1
TRP	2, 276	792	ALA	2, 277	793	mit	mit	1
TRP	2, 187	703	MET	2, 278	794	mit	mit	0.98
SER	2, 188	704	MET	2, 278	794	mit	mit	0.99
ILE	2, 191	707	MET	2, 278	794	mit	mit	0.99
LEU	2, 249	765	MET	2, 278	794	mit	mit	0.98
PHE	2, 252	768	MET	2, 278	794	mit	mit	0.97
MET	2, 274	790	MET	2, 278	794	mit	mit	0.99
VAL	2, 275	791	MET	2, 278	794	mit	mit	1
TRP	2, 276	792	MET	2, 278	794	mit	mit	0.98
ALA	2, 277	793	MET	2, 278	794	mit	mit	1
ILE	2, 191	707	LEU	2, 279	795	mit	mit	0.99
VAL	2, 275	791	LEU	2, 279	795	mit	mit	1
TRP	2, 276	792	LEU	2, 279	795	mit	mit	1
ALA	2, 277	793	LEU	2, 279	795	mit	mit	0.99
MET	2, 278	794	LEU	2, 279	795	mit	mit	1
TRP	2, 276	792	SER	2, 280	796	mit	mit	1
ALA	2, 277	793	SER	2, 280	796	mit	mit	1
MET	2, 278	794	SER	2, 280	796	mit	mit	0.99
LEU	2, 279	795	SER	2, 280	796	mit	mit	1
TYR	2, 245	761	ILE	2, 281	797	mit	mit	0.98
LEU	2, 249	765	ILE	2, 281	797	mit	mit	0.94
ALA	2, 277	793	ILE	2, 281	797	mit	mit	0.99
MET	2, 278	794	ILE	2, 281	797	mit	mit	1
LEU	2, 279	795	ILE	2, 281	797	mit	mit	0.99
SER	2, 280	796	ILE	2, 281	797	mit	mit	1
ILE	2, 191	707	GLY	2, 282	798	mit	mit	1
ILE	2, 194	710	GLY	2, 282	798	mit	mit	0.56
LEU	2, 195	711	GLY	2, 282	798	mit	mit	0.99
PRO	2, 242	758	GLY	2, 282	798	mit	mit	0.75
TYR	2, 245	761	GLY	2, 282	798	mit	mit	0.98
LEU	2, 249	765	GLY	2, 282	798	mit	mit	0.87
MET	2, 278	794	GLY	2, 282	798	mit	mit	0.98
LEU	2, 279	795	GLY	2, 282	798	mit	mit	1
SER	2, 280	796	GLY	2, 282	798	mit	mit	1
ILE	2, 281	797	GLY	2, 282	798	mit	mit	1
LEU	2, 279	795	PHE	2, 283	799	mit	mit	1
SER	2, 280	796	PHE	2, 283	799	mit	mit	1
ILE	2, 281	797	PHE	2, 283	799	mit	mit	0.97
GLY	2, 282	798	PHE	2, 283	799	mit	mit	1
SER	2, 280	796	LEU	2, 284	800	mit	mit	1
ILE	2, 281	797	LEU	2, 284	800	mit	mit	1
GLY	2, 282	798	LEU	2, 284	800	mit	mit	1
PHE	2, 283	799	LEU	2, 284	800	mit	mit	1
LEU	2, 195	711	GLY	2, 285	801	mit	mit	0.6
HIS	2, 241	757	GLY	2, 285	801	mit	mit	0.99
PRO	2, 242	758	GLY	2, 285	801	mit	mit	0.99
TYR	2, 245	761	GLY	2, 285	801	mit	mit	0.99
ILE	2, 281	797	GLY	2, 285	801	mit	mit	0.98
GLY	2, 282	798	GLY	2, 285	801	mit	mit	1
PHE	2, 283	799	GLY	2, 285	801	mit	mit	1
LEU	2, 284	800	GLY	2, 285	801	mit	mit	1
LEU	2, 198	714	PHE	2, 286	802	mit	mit	0.93
SER	2, 199	715	PHE	2, 286	802	mit	mit	0.7
PHE	2, 238	754	PHE	2, 286	802	mit	mit	0.63
PRO	2, 242	758	PHE	2, 286	802	mit	mit	0.97
GLY	2, 282	798	PHE	2, 286	802	mit	mit	0.95
PHE	2, 283	799	PHE	2, 286	802	mit	mit	0.99
LEU	2, 284	800	PHE	2, 286	802	mit	mit	0.99
GLY	2, 285	801	PHE	2, 286	802	mit	mit	1
PHE	2, 283	799	ILE	2, 287	803	mit	mit	0.81
LEU	2, 284	800	ILE	2, 287	803	mit	mit	0.99
GLY	2, 285	801	ILE	2, 287	803	mit	mit	1
PHE	2, 286	802	ILE	2, 287	803	mit	mit	1
HIS	2, 241	757	VAL	2, 288	804	mit	mit	0.99
LEU	2, 284	800	VAL	2, 288	804	mit	mit	0.99
GLY	2, 285	801	VAL	2, 288	804	mit	mit	1
PHE	2, 286	802	VAL	2, 288	804	mit	mit	0.78
ILE	2, 287	803	VAL	2, 288	804	mit	mit	1
HIS	2, 234	750	TRP	2, 289	805	mit	mit	0.92
TRP	2, 237	753	TRP	2, 289	805	mit	mit	0.99
PHE	2, 238	754	TRP	2, 289	805	mit	mit	1
GLY	2, 240	756	TRP	2, 289	805	mit	mit	0.91
HIS	2, 241	757	TRP	2, 289	805	mit	mit	0.99
GLY	2, 285	801	TRP	2, 289	805	mit	mit	0.61
PHE	2, 286	802	TRP	2, 289	805	mit	mit	0.78
ILE	2, 287	803	TRP	2, 289	805	mit	mit	0.72
VAL	2, 288	804	TRP	2, 289	805	mit	mit	1
HIS	2, 234	750	ALA	2, 290	806	mit	mit	0.87
TRP	2, 237	753	ALA	2, 290	806	mit	mit	0.93
VAL	2, 288	804	ALA	2, 290	806	mit	mit	0.93
TRP	2, 289	805	ALA	2, 290	806	mit	mit	1
HIS	2, 241	757	HIS	2, 291	807	mit	mit	0.77
VAL	2, 288	804	HIS	2, 291	807	mit	mit	0.98
TRP	2, 289	805	HIS	2, 291	807	mit	mit	0.97
ALA	2, 290	806	HIS	2, 291	807	mit	mit	1
GLN	2, 233	749	HIS	2, 292	808	mit	mit	0.57
TRP	2, 237	753	HIS	2, 292	808	mit	mit	0.99
GLY	2, 240	756	HIS	2, 292	808	mit	mit	0.54
HIS	2, 241	757	HIS	2, 292	808	mit	mit	0.88
TRP	2, 289	805	HIS	2, 292	808	mit	mit	0.85
ALA	2, 290	806	HIS	2, 292	808	mit	mit	0.97
HIS	2, 291	807	HIS	2, 292	808	mit	mit	1
ILE	2, 230	746	MET	2, 293	809	mit	mit	0.74
GLN	2, 233	749	MET	2, 293	809	mit	mit	0.99
HIS	2, 234	750	MET	2, 293	809	mit	mit	0.75
TRP	2, 237	753	MET	2, 293	809	mit	mit	0.97
ALA	2, 290	806	MET	2, 293	809	mit	mit	0.99
HIS	2, 291	807	MET	2, 293	809	mit	mit	0.95
HIS	2, 292	808	MET	2, 293	809	mit	mit	1
ALA	2, 290	806	PHE	2, 294	810	mit	mit	0.56
HIS	2, 291	807	PHE	2, 294	810	mit	mit	0.97
HIS	2, 292	808	PHE	2, 294	810	mit	mit	0.84
MET	2, 293	809	PHE	2, 294	810	mit	mit	1
MET	2, 293	809	THR	2, 295	811	mit	mit	0.96
PHE	2, 294	810	THR	2, 295	811	mit	mit	1
ILE	2, 230	746	VAL	2, 296	812	mit	mit	0.99
GLN	2, 233	749	VAL	2, 296	812	mit	mit	0.96
MET	2, 293	809	VAL	2, 296	812	mit	mit	1
PHE	2, 294	810	VAL	2, 296	812	mit	mit	0.95
THR	2, 295	811	VAL	2, 296	812	mit	mit	1
THR	2, 295	811	GLY	2, 297	813	mit	mit	0.98
VAL	2, 296	812	GLY	2, 297	813	mit	mit	1
ALA	2, 290	806	MET	2, 298	814	mit	mit	0.93
MET	2, 293	809	MET	2, 298	814	mit	mit	0.94
PHE	2, 294	810	MET	2, 298	814	mit	mit	0.84
VAL	2, 296	812	MET	2, 298	814	mit	mit	1
GLY	2, 297	813	MET	2, 298	814	mit	mit	1
GLY	2, 297	813	ASP	2, 299	815	mit	mit	0.56
MET	2, 298	814	ASP	2, 299	815	mit	mit	1
ASP	2, 299	815	VAL	2, 300	816	mit	mit	1
ASP	2, 299	815	ASP	2, 301	817	mit	mit	1
VAL	2, 300	816	ASP	2, 301	817	mit	mit	1
ALA	2, 290	806	THR	2, 302	818	mit	mit	0.94
MET	2, 298	814	THR	2, 302	818	mit	mit	0.99
ASP	2, 299	815	THR	2, 302	818	mit	mit	1
VAL	2, 300	816	THR	2, 302	818	mit	mit	0.97
ASP	2, 301	817	THR	2, 302	818	mit	mit	1
PHE	2, 294	810	ARG	2, 303	819	mit	mit	0.99
MET	2, 298	814	ARG	2, 303	819	mit	mit	0.98
ASP	2, 299	815	ARG	2, 303	819	mit	mit	0.98
VAL	2, 300	816	ARG	2, 303	819	mit	mit	1
ASP	2, 301	817	ARG	2, 303	819	mit	mit	0.99
THR	2, 302	818	ARG	2, 303	819	mit	mit	1
VAL	2, 300	816	ALA	2, 304	820	mit	mit	0.99
ASP	2, 301	817	ALA	2, 304	820	mit	mit	1
THR	2, 302	818	ALA	2, 304	820	mit	mit	0.99
ARG	2, 303	819	ALA	2, 304	820	mit	mit	1
ASP	2, 301	817	TYR	2, 305	821	mit	mit	0.99
THR	2, 302	818	TYR	2, 305	821	mit	mit	1
ARG	2, 303	819	TYR	2, 305	821	mit	mit	0.99
ALA	2, 304	820	TYR	2, 305	821	mit	mit	1
VAL	2, 288	804	PHE	2, 306	822	mit	mit	0.98
ALA	2, 290	806	PHE	2, 306	822	mit	mit	0.99
HIS	2, 291	807	PHE	2, 306	822	mit	mit	0.99
PHE	2, 294	810	PHE	2, 306	822	mit	mit	0.72
THR	2, 302	818	PHE	2, 306	822	mit	mit	0.99
ARG	2, 303	819	PHE	2, 306	822	mit	mit	1
ALA	2, 304	820	PHE	2, 306	822	mit	mit	0.96
TYR	2, 305	821	PHE	2, 306	822	mit	mit	1
HIS	2, 291	807	THR	2, 307	823	mit	mit	0.85
ARG	2, 303	819	THR	2, 307	823	mit	mit	0.99
ALA	2, 304	820	THR	2, 307	823	mit	mit	1
TYR	2, 305	821	THR	2, 307	823	mit	mit	0.99
PHE	2, 306	822	THR	2, 307	823	mit	mit	1
ALA	2, 304	820	SER	2, 308	824	mit	mit	0.99
TYR	2, 305	821	SER	2, 308	824	mit	mit	1
PHE	2, 306	822	SER	2, 308	824	mit	mit	0.98
THR	2, 307	823	SER	2, 308	824	mit	mit	1
LEU	2, 284	800	ALA	2, 309	825	mit	mit	0.93
ILE	2, 287	803	ALA	2, 309	825	mit	mit	0.98
VAL	2, 288	804	ALA	2, 309	825	mit	mit	0.99
TYR	2, 305	821	ALA	2, 309	825	mit	mit	0.99
PHE	2, 306	822	ALA	2, 309	825	mit	mit	1
THR	2, 307	823	ALA	2, 309	825	mit	mit	0.98
SER	2, 308	824	ALA	2, 309	825	mit	mit	1
VAL	2, 288	804	THR	2, 310	826	mit	mit	0.99
HIS	2, 291	807	THR	2, 310	826	mit	mit	0.99
PHE	2, 306	822	THR	2, 310	826	mit	mit	0.99
THR	2, 307	823	THR	2, 310	826	mit	mit	1
SER	2, 308	824	THR	2, 310	826	mit	mit	0.98
ALA	2, 309	825	THR	2, 310	826	mit	mit	1
THR	2, 307	823	MET	2, 311	827	mit	mit	0.98
SER	2, 308	824	MET	2, 311	827	mit	mit	1
ALA	2, 309	825	MET	2, 311	827	mit	mit	0.98
THR	2, 310	826	MET	2, 311	827	mit	mit	1
LEU	2, 284	800	ILE	2, 312	828	mit	mit	0.97
SER	2, 308	824	ILE	2, 312	828	mit	mit	0.96
ALA	2, 309	825	ILE	2, 312	828	mit	mit	0.99
THR	2, 310	826	ILE	2, 312	828	mit	mit	0.97
MET	2, 311	827	ILE	2, 312	828	mit	mit	1
ILE	2, 281	797	ILE	2, 313	829	mit	mit	0.97
LEU	2, 284	800	ILE	2, 313	829	mit	mit	0.99
GLY	2, 285	801	ILE	2, 313	829	mit	mit	0.89
VAL	2, 288	804	ILE	2, 313	829	mit	mit	0.94
ALA	2, 309	825	ILE	2, 313	829	mit	mit	0.56
THR	2, 310	826	ILE	2, 313	829	mit	mit	0.99
MET	2, 311	827	ILE	2, 313	829	mit	mit	0.98
ILE	2, 312	828	ILE	2, 313	829	mit	mit	1
MET	2, 311	827	ALA	2, 314	830	mit	mit	0.99
ILE	2, 312	828	ALA	2, 314	830	mit	mit	0.98
ILE	2, 313	829	ALA	2, 314	830	mit	mit	1
ILE	2, 312	828	ILE	2, 315	831	mit	mit	0.99
ILE	2, 313	829	ILE	2, 315	831	mit	mit	0.98
ALA	2, 314	830	ILE	2, 315	831	mit	mit	1
TRP	2, 276	792	PRO	2, 316	832	mit	mit	0.63
ALA	2, 277	793	PRO	2, 316	832	mit	mit	0.99
MET	2, 278	794	PRO	2, 316	832	mit	mit	0.64
SER	2, 280	796	PRO	2, 316	832	mit	mit	0.99
ILE	2, 281	797	PRO	2, 316	832	mit	mit	0.99
LEU	2, 284	800	PRO	2, 316	832	mit	mit	0.84
ILE	2, 313	829	PRO	2, 316	832	mit	mit	0.98
ALA	2, 314	830	PRO	2, 316	832	mit	mit	0.77
ILE	2, 315	831	PRO	2, 316	832	mit	mit	1
ALA	2, 277	793	THR	2, 317	833	mit	mit	0.79
ILE	2, 281	797	THR	2, 317	833	mit	mit	0.96
ILE	2, 313	829	THR	2, 317	833	mit	mit	0.97
ALA	2, 314	830	THR	2, 317	833	mit	mit	1
ILE	2, 315	831	THR	2, 317	833	mit	mit	0.98
PRO	2, 316	832	THR	2, 317	833	mit	mit	1
ALA	2, 277	793	GLY	2, 318	834	mit	mit	0.57
ALA	2, 314	830	GLY	2, 318	834	mit	mit	0.99
ILE	2, 315	831	GLY	2, 318	834	mit	mit	0.99
PRO	2, 316	832	GLY	2, 318	834	mit	mit	1
THR	2, 317	833	GLY	2, 318	834	mit	mit	1
GLY	2, 273	789	ILE	2, 319	835	mit	mit	0.97
MET	2, 274	790	ILE	2, 319	835	mit	mit	0.75
ALA	2, 277	793	ILE	2, 319	835	mit	mit	0.99
ILE	2, 315	831	ILE	2, 319	835	mit	mit	0.98
PRO	2, 316	832	ILE	2, 319	835	mit	mit	1
THR	2, 317	833	ILE	2, 319	835	mit	mit	0.99
GLY	2, 318	834	ILE	2, 319	835	mit	mit	1
PHE	2, 252	768	LYS	2, 320	836	mit	mit	0.99
MET	2, 274	790	LYS	2, 320	836	mit	mit	0.98
ALA	2, 277	793	LYS	2, 320	836	mit	mit	0.99
MET	2, 278	794	LYS	2, 320	836	mit	mit	0.79
PRO	2, 316	832	LYS	2, 320	836	mit	mit	0.97
THR	2, 317	833	LYS	2, 320	836	mit	mit	1
GLY	2, 318	834	LYS	2, 320	836	mit	mit	1
ILE	2, 319	835	LYS	2, 320	836	mit	mit	1
THR	2, 317	833	VAL	2, 321	837	mit	mit	0.99
GLY	2, 318	834	VAL	2, 321	837	mit	mit	1
ILE	2, 319	835	VAL	2, 321	837	mit	mit	0.94
LYS	2, 320	836	VAL	2, 321	837	mit	mit	1
GLY	2, 318	834	PHE	2, 322	838	mit	mit	1
ILE	2, 319	835	PHE	2, 322	838	mit	mit	1
LYS	2, 320	836	PHE	2, 322	838	mit	mit	0.96
VAL	2, 321	837	PHE	2, 322	838	mit	mit	1
PRO	2, 268	784	SER	2, 323	839	mit	mit	0.95
PHE	2, 269	785	SER	2, 323	839	mit	mit	0.99
GLY	2, 270	786	SER	2, 323	839	mit	mit	0.99
GLY	2, 273	789	SER	2, 323	839	mit	mit	0.91
MET	2, 274	790	SER	2, 323	839	mit	mit	0.99
ALA	2, 277	793	SER	2, 323	839	mit	mit	0.63
ILE	2, 319	835	SER	2, 323	839	mit	mit	1
LYS	2, 320	836	SER	2, 323	839	mit	mit	1
VAL	2, 321	837	SER	2, 323	839	mit	mit	0.99
PHE	2, 322	838	SER	2, 323	839	mit	mit	1
ILE	2, 255	771	TRP	2, 324	840	mit	mit	0.97
SER	2, 256	772	TRP	2, 324	840	mit	mit	0.98
VAL	2, 259	775	TRP	2, 324	840	mit	mit	1
PRO	2, 268	784	TRP	2, 324	840	mit	mit	0.69
LYS	2, 320	836	TRP	2, 324	840	mit	mit	0.99
VAL	2, 321	837	TRP	2, 324	840	mit	mit	1
PHE	2, 322	838	TRP	2, 324	840	mit	mit	0.99
SER	2, 323	839	TRP	2, 324	840	mit	mit	1
VAL	2, 321	837	LEU	2, 325	841	mit	mit	0.99
PHE	2, 322	838	LEU	2, 325	841	mit	mit	1
SER	2, 323	839	LEU	2, 325	841	mit	mit	1
TRP	2, 324	840	LEU	2, 325	841	mit	mit	1
PHE	2, 269	785	ALA	2, 326	842	mit	mit	0.99
GLY	2, 270	786	ALA	2, 326	842	mit	mit	0.73
PHE	2, 322	838	ALA	2, 326	842	mit	mit	0.99
SER	2, 323	839	ALA	2, 326	842	mit	mit	1
TRP	2, 324	840	ALA	2, 326	842	mit	mit	0.99
LEU	2, 325	841	ALA	2, 326	842	mit	mit	1
SER	2, 256	772	THR	2, 327	843	mit	mit	0.63
VAL	2, 259	775	THR	2, 327	843	mit	mit	0.99
ALA	2, 260	776	THR	2, 327	843	mit	mit	0.99
ALA	2, 263	779	THR	2, 327	843	mit	mit	0.99
LYS	2, 265	781	THR	2, 327	843	mit	mit	0.99
PRO	2, 268	784	THR	2, 327	843	mit	mit	0.99
PHE	2, 269	785	THR	2, 327	843	mit	mit	0.99
SER	2, 323	839	THR	2, 327	843	mit	mit	0.99
TRP	2, 324	840	THR	2, 327	843	mit	mit	1
LEU	2, 325	841	THR	2, 327	843	mit	mit	1
ALA	2, 326	842	THR	2, 327	843	mit	mit	1
VAL	2, 259	775	LEU	2, 328	844	mit	mit	0.98
ALA	2, 263	779	LEU	2, 328	844	mit	mit	0.99
TRP	2, 324	840	LEU	2, 328	844	mit	mit	0.96
LEU	2, 325	841	LEU	2, 328	844	mit	mit	1
ALA	2, 326	842	LEU	2, 328	844	mit	mit	0.99
THR	2, 327	843	LEU	2, 328	844	mit	mit	1
PHE	2, 269	785	HIS	2, 329	845	mit	mit	0.65
LEU	2, 325	841	HIS	2, 329	845	mit	mit	0.9
ALA	2, 326	842	HIS	2, 329	845	mit	mit	1
THR	2, 327	843	HIS	2, 329	845	mit	mit	0.98
LEU	2, 328	844	HIS	2, 329	845	mit	mit	1
ALA	2, 263	779	GLY	2, 330	846	mit	mit	0.79
LEU	2, 328	844	GLY	2, 330	846	mit	mit	0.99
HIS	2, 329	845	GLY	2, 330	846	mit	mit	1
ALA	2, 263	779	GLY	2, 331	847	mit	mit	0.99
GLY	2, 264	780	GLY	2, 331	847	mit	mit	0.99
LYS	2, 265	781	GLY	2, 331	847	mit	mit	0.95
LEU	2, 328	844	GLY	2, 331	847	mit	mit	0.93
HIS	2, 329	845	GLY	2, 331	847	mit	mit	0.98
GLY	2, 330	846	GLY	2, 331	847	mit	mit	1
ALA	2, 263	779	THR	2, 332	848	mit	mit	0.96
GLY	2, 264	780	THR	2, 332	848	mit	mit	0.99
GLY	2, 330	846	THR	2, 332	848	mit	mit	0.78
GLY	2, 331	847	THR	2, 332	848	mit	mit	1
TYR	2, 262	778	ILE	2, 333	849	mit	mit	0.96
ALA	2, 263	779	ILE	2, 333	849	mit	mit	0.99
LEU	2, 328	844	ILE	2, 333	849	mit	mit	0.88
GLY	2, 331	847	ILE	2, 333	849	mit	mit	0.99
THR	2, 332	848	ILE	2, 333	849	mit	mit	1
TYR	2, 262	778	LYS	2, 334	850	mit	mit	0.99
GLY	2, 264	780	LYS	2, 334	850	mit	mit	0.6
THR	2, 332	848	LYS	2, 334	850	mit	mit	0.96
ILE	2, 333	849	LYS	2, 334	850	mit	mit	1
ILE	2, 333	849	TRP	2, 335	851	mit	mit	0.98
LYS	2, 334	850	TRP	2, 335	851	mit	mit	1
TYR	2, 262	778	ASP	2, 336	852	mit	mit	0.98
LYS	2, 334	850	ASP	2, 336	852	mit	mit	1
TRP	2, 335	851	ASP	2, 336	852	mit	mit	1
ASP	2, 336	852	PRO	2, 337	853	mit	mit	1
VAL	2, 258	774	PRO	2, 338	854	mit	mit	0.99
TYR	2, 262	778	PRO	2, 338	854	mit	mit	0.98
ASP	2, 336	852	PRO	2, 338	854	mit	mit	1
PRO	2, 337	853	PRO	2, 338	854	mit	mit	1
VAL	2, 258	774	MET	2, 339	855	mit	mit	0.95
VAL	2, 259	775	MET	2, 339	855	mit	mit	0.82
TYR	2, 262	778	MET	2, 339	855	mit	mit	0.99
ILE	2, 333	849	MET	2, 339	855	mit	mit	0.92
LYS	2, 334	850	MET	2, 339	855	mit	mit	0.95
TRP	2, 335	851	MET	2, 339	855	mit	mit	0.99
ASP	2, 336	852	MET	2, 339	855	mit	mit	1
PRO	2, 337	853	MET	2, 339	855	mit	mit	0.99
PRO	2, 338	854	MET	2, 339	855	mit	mit	1
TRP	2, 335	851	LEU	2, 340	856	mit	mit	0.89
ASP	2, 336	852	LEU	2, 340	856	mit	mit	0.77
PRO	2, 337	853	LEU	2, 340	856	mit	mit	1
PRO	2, 338	854	LEU	2, 340	856	mit	mit	0.99
MET	2, 339	855	LEU	2, 340	856	mit	mit	1
VAL	2, 258	774	TRP	2, 341	857	mit	mit	0.68
PRO	2, 337	853	TRP	2, 341	857	mit	mit	0.98
PRO	2, 338	854	TRP	2, 341	857	mit	mit	1
MET	2, 339	855	TRP	2, 341	857	mit	mit	0.99
LEU	2, 340	856	TRP	2, 341	857	mit	mit	1
ILE	2, 255	771	ALA	2, 342	858	mit	mit	1
VAL	2, 258	774	ALA	2, 342	858	mit	mit	1
VAL	2, 259	775	ALA	2, 342	858	mit	mit	1
TYR	2, 262	778	ALA	2, 342	858	mit	mit	0.82
PRO	2, 338	854	ALA	2, 342	858	mit	mit	0.99
MET	2, 339	855	ALA	2, 342	858	mit	mit	1
LEU	2, 340	856	ALA	2, 342	858	mit	mit	1
TRP	2, 341	857	ALA	2, 342	858	mit	mit	1
MET	2, 339	855	LEU	2, 343	859	mit	mit	0.99
LEU	2, 340	856	LEU	2, 343	859	mit	mit	1
TRP	2, 341	857	LEU	2, 343	859	mit	mit	0.99
ALA	2, 342	858	LEU	2, 343	859	mit	mit	1
LEU	2, 340	856	GLY	2, 344	860	mit	mit	0.99
TRP	2, 341	857	GLY	2, 344	860	mit	mit	1
ALA	2, 342	858	GLY	2, 344	860	mit	mit	1
LEU	2, 343	859	GLY	2, 344	860	mit	mit	1
ILE	2, 255	771	PHE	2, 345	861	mit	mit	1
TRP	2, 341	857	PHE	2, 345	861	mit	mit	0.99
ALA	2, 342	858	PHE	2, 345	861	mit	mit	1
LEU	2, 343	859	PHE	2, 345	861	mit	mit	1
GLY	2, 344	860	PHE	2, 345	861	mit	mit	1
ILE	2, 255	771	ILE	2, 346	862	mit	mit	0.92
VAL	2, 321	837	ILE	2, 346	862	mit	mit	0.99
TRP	2, 324	840	ILE	2, 346	862	mit	mit	0.99
LEU	2, 325	841	ILE	2, 346	862	mit	mit	0.89
ALA	2, 342	858	ILE	2, 346	862	mit	mit	0.99
LEU	2, 343	859	ILE	2, 346	862	mit	mit	1
GLY	2, 344	860	ILE	2, 346	862	mit	mit	1
PHE	2, 345	861	ILE	2, 346	862	mit	mit	1
LEU	2, 343	859	PHE	2, 347	863	mit	mit	0.99
GLY	2, 344	860	PHE	2, 347	863	mit	mit	1
PHE	2, 345	861	PHE	2, 347	863	mit	mit	0.95
ILE	2, 346	862	PHE	2, 347	863	mit	mit	1
GLY	2, 344	860	LEU	2, 348	864	mit	mit	1
PHE	2, 345	861	LEU	2, 348	864	mit	mit	1
ILE	2, 346	862	LEU	2, 348	864	mit	mit	0.74
PHE	2, 347	863	LEU	2, 348	864	mit	mit	1
VAL	2, 321	837	PHE	2, 349	865	mit	mit	0.81
PHE	2, 345	861	PHE	2, 349	865	mit	mit	1
ILE	2, 346	862	PHE	2, 349	865	mit	mit	1
PHE	2, 347	863	PHE	2, 349	865	mit	mit	0.99
LEU	2, 348	864	PHE	2, 349	865	mit	mit	1
VAL	2, 321	837	THR	2, 350	866	mit	mit	0.99
ILE	2, 346	862	THR	2, 350	866	mit	mit	0.99
PHE	2, 347	863	THR	2, 350	866	mit	mit	1
LEU	2, 348	864	THR	2, 350	866	mit	mit	1
PHE	2, 349	865	THR	2, 350	866	mit	mit	1
PHE	2, 347	863	ILE	2, 351	867	mit	mit	0.99
LEU	2, 348	864	ILE	2, 351	867	mit	mit	1
PHE	2, 349	865	ILE	2, 351	867	mit	mit	0.99
THR	2, 350	866	ILE	2, 351	867	mit	mit	1
LEU	2, 348	864	GLY	2, 352	868	mit	mit	0.98
PHE	2, 349	865	GLY	2, 352	868	mit	mit	1
THR	2, 350	866	GLY	2, 352	868	mit	mit	1
ILE	2, 351	867	GLY	2, 352	868	mit	mit	1
ALA	2, 314	830	GLY	2, 353	869	mit	mit	0.72
THR	2, 317	833	GLY	2, 353	869	mit	mit	0.94
PHE	2, 349	865	GLY	2, 353	869	mit	mit	1
THR	2, 350	866	GLY	2, 353	869	mit	mit	1
ILE	2, 351	867	GLY	2, 353	869	mit	mit	1
GLY	2, 352	868	GLY	2, 353	869	mit	mit	1
THR	2, 350	866	LEU	2, 354	870	mit	mit	1
ILE	2, 351	867	LEU	2, 354	870	mit	mit	1
GLY	2, 352	868	LEU	2, 354	870	mit	mit	1
GLY	2, 353	869	LEU	2, 354	870	mit	mit	1
ILE	2, 351	867	THR	2, 355	871	mit	mit	0.99
GLY	2, 352	868	THR	2, 355	871	mit	mit	1
GLY	2, 353	869	THR	2, 355	871	mit	mit	1
LEU	2, 354	870	THR	2, 355	871	mit	mit	1
GLY	2, 352	868	GLY	2, 356	872	mit	mit	0.99
GLY	2, 353	869	GLY	2, 356	872	mit	mit	1
LEU	2, 354	870	GLY	2, 356	872	mit	mit	1
THR	2, 355	871	GLY	2, 356	872	mit	mit	1
MET	2, 311	827	ILE	2, 357	873	mit	mit	0.96
ALA	2, 314	830	ILE	2, 357	873	mit	mit	0.99
GLY	2, 353	869	ILE	2, 357	873	mit	mit	0.99
LEU	2, 354	870	ILE	2, 357	873	mit	mit	1
THR	2, 355	871	ILE	2, 357	873	mit	mit	0.99
GLY	2, 356	872	ILE	2, 357	873	mit	mit	1
LEU	2, 354	870	VAL	2, 358	874	mit	mit	0.97
THR	2, 355	871	VAL	2, 358	874	mit	mit	1
GLY	2, 356	872	VAL	2, 358	874	mit	mit	1
ILE	2, 357	873	VAL	2, 358	874	mit	mit	1
THR	2, 355	871	LEU	2, 359	875	mit	mit	0.98
GLY	2, 356	872	LEU	2, 359	875	mit	mit	1
ILE	2, 357	873	LEU	2, 359	875	mit	mit	0.99
VAL	2, 358	874	LEU	2, 359	875	mit	mit	1
HIS	2, 291	807	ALA	2, 360	876	mit	mit	0.96
THR	2, 307	823	ALA	2, 360	876	mit	mit	0.99
THR	2, 310	826	ALA	2, 360	876	mit	mit	0.99
MET	2, 311	827	ALA	2, 360	876	mit	mit	0.98
GLY	2, 356	872	ALA	2, 360	876	mit	mit	1
ILE	2, 357	873	ALA	2, 360	876	mit	mit	1
VAL	2, 358	874	ALA	2, 360	876	mit	mit	0.99
LEU	2, 359	875	ALA	2, 360	876	mit	mit	1
THR	2, 307	823	ASN	2, 361	877	mit	mit	0.99
MET	2, 311	827	ASN	2, 361	877	mit	mit	0.52
ILE	2, 357	873	ASN	2, 361	877	mit	mit	0.63
VAL	2, 358	874	ASN	2, 361	877	mit	mit	0.98
LEU	2, 359	875	ASN	2, 361	877	mit	mit	0.98
ALA	2, 360	876	ASN	2, 361	877	mit	mit	1
HIS	2, 291	807	SER	2, 362	878	mit	mit	0.54
PHE	2, 294	810	SER	2, 362	878	mit	mit	0.99
ARG	2, 303	819	SER	2, 362	878	mit	mit	0.99
ALA	2, 304	820	SER	2, 362	878	mit	mit	0.85
PHE	2, 306	822	SER	2, 362	878	mit	mit	0.84
THR	2, 307	823	SER	2, 362	878	mit	mit	0.99
ASN	2, 361	877	SER	2, 362	878	mit	mit	1
ASN	2, 361	877	SER	2, 363	879	mit	mit	1
SER	2, 362	878	SER	2, 363	879	mit	mit	1
VAL	2, 358	874	LEU	2, 364	880	mit	mit	0.98
LEU	2, 359	875	LEU	2, 364	880	mit	mit	0.86
ASN	2, 361	877	LEU	2, 364	880	mit	mit	1
SER	2, 362	878	LEU	2, 364	880	mit	mit	0.91
SER	2, 363	879	LEU	2, 364	880	mit	mit	1
HIS	2, 291	807	ASP	2, 365	881	mit	mit	0.53
PHE	2, 294	810	ASP	2, 365	881	mit	mit	0.98
THR	2, 295	811	ASP	2, 365	881	mit	mit	0.8
LEU	2, 359	875	ASP	2, 365	881	mit	mit	0.98
ALA	2, 360	876	ASP	2, 365	881	mit	mit	0.71
ASN	2, 361	877	ASP	2, 365	881	mit	mit	0.98
SER	2, 362	878	ASP	2, 365	881	mit	mit	1
SER	2, 363	879	ASP	2, 365	881	mit	mit	0.98
LEU	2, 364	880	ASP	2, 365	881	mit	mit	1
PHE	2, 294	810	ILE	2, 366	882	mit	mit	0.92
THR	2, 295	811	ILE	2, 366	882	mit	mit	0.96
SER	2, 362	878	ILE	2, 366	882	mit	mit	0.91
SER	2, 363	879	ILE	2, 366	882	mit	mit	0.98
LEU	2, 364	880	ILE	2, 366	882	mit	mit	0.99
ASP	2, 365	881	ILE	2, 366	882	mit	mit	1
LEU	2, 364	880	ALA	2, 367	883	mit	mit	0.99
ASP	2, 365	881	ALA	2, 367	883	mit	mit	0.96
ILE	2, 366	882	ALA	2, 367	883	mit	mit	1
VAL	2, 358	874	LEU	2, 368	884	mit	mit	0.65
LEU	2, 359	875	LEU	2, 368	884	mit	mit	0.98
LEU	2, 364	880	LEU	2, 368	884	mit	mit	0.99
ASP	2, 365	881	LEU	2, 368	884	mit	mit	1
ILE	2, 366	882	LEU	2, 368	884	mit	mit	0.79
ALA	2, 367	883	LEU	2, 368	884	mit	mit	1
PHE	2, 294	810	HIS	2, 369	885	mit	mit	0.96
THR	2, 295	811	HIS	2, 369	885	mit	mit	0.99
ASP	2, 365	881	HIS	2, 369	885	mit	mit	1
ILE	2, 366	882	HIS	2, 369	885	mit	mit	0.99
ALA	2, 367	883	HIS	2, 369	885	mit	mit	0.83
LEU	2, 368	884	HIS	2, 369	885	mit	mit	1
THR	2, 295	811	ASP	2, 370	886	mit	mit	0.66
HIS	2, 369	885	ASP	2, 370	886	mit	mit	1
LEU	2, 368	884	THR	2, 371	887	mit	mit	0.99
HIS	2, 369	885	THR	2, 371	887	mit	mit	0.99
ASP	2, 370	886	THR	2, 371	887	mit	mit	1
THR	2, 371	887	TYR	2, 372	888	mit	mit	1
THR	2, 355	871	TYR	2, 373	889	mit	mit	0.87
LEU	2, 359	875	TYR	2, 373	889	mit	mit	0.91
LEU	2, 368	884	TYR	2, 373	889	mit	mit	0.99
THR	2, 371	887	TYR	2, 373	889	mit	mit	1
TYR	2, 372	888	TYR	2, 373	889	mit	mit	1
LEU	2, 359	875	VAL	2, 374	890	mit	mit	0.98
LEU	2, 368	884	VAL	2, 374	890	mit	mit	0.96
HIS	2, 369	885	VAL	2, 374	890	mit	mit	0.96
ASP	2, 370	886	VAL	2, 374	890	mit	mit	0.96
THR	2, 371	887	VAL	2, 374	890	mit	mit	0.99
TYR	2, 372	888	VAL	2, 374	890	mit	mit	0.98
TYR	2, 373	889	VAL	2, 374	890	mit	mit	1
THR	2, 371	887	VAL	2, 375	891	mit	mit	0.55
TYR	2, 372	888	VAL	2, 375	891	mit	mit	1
TYR	2, 373	889	VAL	2, 375	891	mit	mit	0.99
VAL	2, 374	890	VAL	2, 375	891	mit	mit	1
THR	2, 355	871	ALA	2, 376	892	mit	mit	0.97
TYR	2, 372	888	ALA	2, 376	892	mit	mit	0.99
TYR	2, 373	889	ALA	2, 376	892	mit	mit	1
VAL	2, 374	890	ALA	2, 376	892	mit	mit	0.99
VAL	2, 375	891	ALA	2, 376	892	mit	mit	1
GLY	2, 352	868	HIS	2, 377	893	mit	mit	0.99
GLY	2, 353	869	HIS	2, 377	893	mit	mit	0.74
THR	2, 355	871	HIS	2, 377	893	mit	mit	1
GLY	2, 356	872	HIS	2, 377	893	mit	mit	1
LEU	2, 359	875	HIS	2, 377	893	mit	mit	0.99
TYR	2, 373	889	HIS	2, 377	893	mit	mit	0.99
VAL	2, 374	890	HIS	2, 377	893	mit	mit	1
VAL	2, 375	891	HIS	2, 377	893	mit	mit	0.99
ALA	2, 376	892	HIS	2, 377	893	mit	mit	1
VAL	2, 244	760	PHE	2, 378	894	mit	mit	0.79
VAL	2, 374	890	PHE	2, 378	894	mit	mit	0.99
VAL	2, 375	891	PHE	2, 378	894	mit	mit	1
ALA	2, 376	892	PHE	2, 378	894	mit	mit	0.64
HIS	2, 377	893	PHE	2, 378	894	mit	mit	1
VAL	2, 375	891	HIS	2, 379	895	mit	mit	0.99
ALA	2, 376	892	HIS	2, 379	895	mit	mit	1
HIS	2, 377	893	HIS	2, 379	895	mit	mit	0.97
PHE	2, 378	894	HIS	2, 379	895	mit	mit	1
LEU	2, 348	864	TYR	2, 380	896	mit	mit	0.99
PHE	2, 349	865	TYR	2, 380	896	mit	mit	0.84
ILE	2, 351	867	TYR	2, 380	896	mit	mit	0.99
GLY	2, 352	868	TYR	2, 380	896	mit	mit	1
GLY	2, 353	869	TYR	2, 380	896	mit	mit	0.86
THR	2, 355	871	TYR	2, 380	896	mit	mit	0.98
ALA	2, 376	892	TYR	2, 380	896	mit	mit	1
HIS	2, 377	893	TYR	2, 380	896	mit	mit	1
PHE	2, 378	894	TYR	2, 380	896	mit	mit	0.98
HIS	2, 379	895	TYR	2, 380	896	mit	mit	1
VAL	2, 244	760	VAL	2, 381	897	mit	mit	0.72
ILE	2, 248	764	VAL	2, 381	897	mit	mit	0.96
PHE	2, 349	865	VAL	2, 381	897	mit	mit	0.97
GLY	2, 352	868	VAL	2, 381	897	mit	mit	0.99
GLY	2, 353	869	VAL	2, 381	897	mit	mit	0.98
HIS	2, 377	893	VAL	2, 381	897	mit	mit	0.98
PHE	2, 378	894	VAL	2, 381	897	mit	mit	0.99
HIS	2, 379	895	VAL	2, 381	897	mit	mit	0.91
TYR	2, 380	896	VAL	2, 381	897	mit	mit	1
MET	2, 66	582	LEU	2, 382	898	mit	mit	0.54
VAL	2, 71	587	LEU	2, 382	898	mit	mit	0.74
VAL	2, 244	760	LEU	2, 382	898	mit	mit	0.63
LEU	2, 247	763	LEU	2, 382	898	mit	mit	0.97
ILE	2, 248	764	LEU	2, 382	898	mit	mit	0.66
PHE	2, 378	894	LEU	2, 382	898	mit	mit	0.99
HIS	2, 379	895	LEU	2, 382	898	mit	mit	0.98
TYR	2, 380	896	LEU	2, 382	898	mit	mit	0.71
VAL	2, 381	897	LEU	2, 382	898	mit	mit	1
HIS	2, 379	895	SER	2, 383	899	mit	mit	0.99
TYR	2, 380	896	SER	2, 383	899	mit	mit	0.9
LEU	2, 382	898	SER	2, 383	899	mit	mit	1
GLY	2, 344	860	MET	2, 384	900	mit	mit	0.62
PHE	2, 345	861	MET	2, 384	900	mit	mit	0.8
LEU	2, 348	864	MET	2, 384	900	mit	mit	0.98
PHE	2, 349	865	MET	2, 384	900	mit	mit	0.82
HIS	2, 379	895	MET	2, 384	900	mit	mit	0.9
TYR	2, 380	896	MET	2, 384	900	mit	mit	0.98
VAL	2, 381	897	MET	2, 384	900	mit	mit	0.8
LEU	2, 382	898	MET	2, 384	900	mit	mit	0.71
SER	2, 383	899	MET	2, 384	900	mit	mit	1
ILE	2, 248	764	GLY	2, 385	901	mit	mit	0.91
GLY	2, 251	767	GLY	2, 385	901	mit	mit	0.63
PHE	2, 345	861	GLY	2, 385	901	mit	mit	1
LEU	2, 348	864	GLY	2, 385	901	mit	mit	0.98
PHE	2, 349	865	GLY	2, 385	901	mit	mit	0.99
TYR	2, 380	896	GLY	2, 385	901	mit	mit	0.86
VAL	2, 381	897	GLY	2, 385	901	mit	mit	0.98
LEU	2, 382	898	GLY	2, 385	901	mit	mit	0.99
SER	2, 383	899	GLY	2, 385	901	mit	mit	0.99
MET	2, 384	900	GLY	2, 385	901	mit	mit	1
VAL	2, 71	587	ALA	2, 386	902	mit	mit	0.99
MET	2, 75	591	ALA	2, 386	902	mit	mit	0.87
LEU	2, 247	763	ALA	2, 386	902	mit	mit	0.99
ILE	2, 248	764	ALA	2, 386	902	mit	mit	0.98
GLY	2, 251	767	ALA	2, 386	902	mit	mit	0.97
VAL	2, 381	897	ALA	2, 386	902	mit	mit	0.71
LEU	2, 382	898	ALA	2, 386	902	mit	mit	0.98
SER	2, 383	899	ALA	2, 386	902	mit	mit	0.87
GLY	2, 385	901	ALA	2, 386	902	mit	mit	1
VAL	2, 71	587	VAL	2, 387	903	mit	mit	0.74
LEU	2, 382	898	VAL	2, 387	903	mit	mit	0.76
SER	2, 383	899	VAL	2, 387	903	mit	mit	0.98
MET	2, 384	900	VAL	2, 387	903	mit	mit	0.97
GLY	2, 385	901	VAL	2, 387	903	mit	mit	1
ALA	2, 386	902	VAL	2, 387	903	mit	mit	1
TRP	2, 341	857	PHE	2, 388	904	mit	mit	1
ALA	2, 342	858	PHE	2, 388	904	mit	mit	0.61
GLY	2, 344	860	PHE	2, 388	904	mit	mit	0.99
PHE	2, 345	861	PHE	2, 388	904	mit	mit	1
LEU	2, 348	864	PHE	2, 388	904	mit	mit	0.96
MET	2, 384	900	PHE	2, 388	904	mit	mit	0.99
GLY	2, 385	901	PHE	2, 388	904	mit	mit	1
ALA	2, 386	902	PHE	2, 388	904	mit	mit	0.98
VAL	2, 387	903	PHE	2, 388	904	mit	mit	1
MET	2, 75	591	ALA	2, 389	905	mit	mit	0.7
ILE	2, 248	764	ALA	2, 389	905	mit	mit	0.51
PRO	2, 250	766	ALA	2, 389	905	mit	mit	0.76
GLY	2, 251	767	ALA	2, 389	905	mit	mit	1
PHE	2, 252	768	ALA	2, 389	905	mit	mit	0.59
MET	2, 254	770	ALA	2, 389	905	mit	mit	1
ILE	2, 255	771	ALA	2, 389	905	mit	mit	1
TRP	2, 341	857	ALA	2, 389	905	mit	mit	0.71
PHE	2, 345	861	ALA	2, 389	905	mit	mit	1
GLY	2, 385	901	ALA	2, 389	905	mit	mit	0.99
ALA	2, 386	902	ALA	2, 389	905	mit	mit	1
VAL	2, 387	903	ALA	2, 389	905	mit	mit	1
PHE	2, 388	904	ALA	2, 389	905	mit	mit	1
VAL	2, 71	587	ILE	2, 390	906	mit	mit	0.94
ILE	2, 74	590	ILE	2, 390	906	mit	mit	0.99
MET	2, 75	591	ILE	2, 390	906	mit	mit	0.99
GLY	2, 251	767	ILE	2, 390	906	mit	mit	0.64
ALA	2, 386	902	ILE	2, 390	906	mit	mit	0.99
VAL	2, 387	903	ILE	2, 390	906	mit	mit	1
PHE	2, 388	904	ILE	2, 390	906	mit	mit	0.99
ALA	2, 389	905	ILE	2, 390	906	mit	mit	1
TRP	2, 341	857	LEU	2, 391	907	mit	mit	1
VAL	2, 387	903	LEU	2, 391	907	mit	mit	1
PHE	2, 388	904	LEU	2, 391	907	mit	mit	1
ALA	2, 389	905	LEU	2, 391	907	mit	mit	0.99
ILE	2, 390	906	LEU	2, 391	907	mit	mit	1
MET	2, 254	770	ALA	2, 392	908	mit	mit	0.98
ILE	2, 255	771	ALA	2, 392	908	mit	mit	0.98
VAL	2, 258	774	ALA	2, 392	908	mit	mit	1
PRO	2, 338	854	ALA	2, 392	908	mit	mit	0.99
TRP	2, 341	857	ALA	2, 392	908	mit	mit	1
ALA	2, 342	858	ALA	2, 392	908	mit	mit	1
PHE	2, 345	861	ALA	2, 392	908	mit	mit	0.98
PHE	2, 388	904	ALA	2, 392	908	mit	mit	1
ALA	2, 389	905	ALA	2, 392	908	mit	mit	1
ILE	2, 390	906	ALA	2, 392	908	mit	mit	1
LEU	2, 391	907	ALA	2, 392	908	mit	mit	1
PHE	2, 79	595	GLY	2, 393	909	mit	mit	0.96
MET	2, 254	770	GLY	2, 393	909	mit	mit	1
VAL	2, 258	774	GLY	2, 393	909	mit	mit	0.99
PRO	2, 338	854	GLY	2, 393	909	mit	mit	0.97
TRP	2, 341	857	GLY	2, 393	909	mit	mit	0.76
ALA	2, 389	905	GLY	2, 393	909	mit	mit	0.99
ILE	2, 390	906	GLY	2, 393	909	mit	mit	1
LEU	2, 391	907	GLY	2, 393	909	mit	mit	1
ALA	2, 392	908	GLY	2, 393	909	mit	mit	1
ILE	2, 390	906	PHE	2, 394	910	mit	mit	1
LEU	2, 391	907	PHE	2, 394	910	mit	mit	1
ALA	2, 392	908	PHE	2, 394	910	mit	mit	0.99
GLY	2, 393	909	PHE	2, 394	910	mit	mit	1
PRO	2, 337	853	THR	2, 395	911	mit	mit	1
PRO	2, 338	854	THR	2, 395	911	mit	mit	1
TRP	2, 341	857	THR	2, 395	911	mit	mit	0.98
LEU	2, 391	907	THR	2, 395	911	mit	mit	1
ALA	2, 392	908	THR	2, 395	911	mit	mit	1
GLY	2, 393	909	THR	2, 395	911	mit	mit	1
PHE	2, 394	910	THR	2, 395	911	mit	mit	1
HIS	2, 257	773	HIS	2, 396	912	mit	mit	0.65
VAL	2, 258	774	HIS	2, 396	912	mit	mit	0.99
TYR	2, 261	777	HIS	2, 396	912	mit	mit	0.89
PRO	2, 338	854	HIS	2, 396	912	mit	mit	1
ALA	2, 392	908	HIS	2, 396	912	mit	mit	0.99
GLY	2, 393	909	HIS	2, 396	912	mit	mit	1
PHE	2, 394	910	HIS	2, 396	912	mit	mit	0.99
THR	2, 395	911	HIS	2, 396	912	mit	mit	1
PHE	2, 79	595	TRP	2, 397	913	mit	mit	0.89
TRP	2, 82	598	TRP	2, 397	913	mit	mit	0.84
LEU	2, 83	599	TRP	2, 397	913	mit	mit	0.95
GLY	2, 393	909	TRP	2, 397	913	mit	mit	1
PHE	2, 394	910	TRP	2, 397	913	mit	mit	0.99
HIS	2, 396	912	TRP	2, 397	913	mit	mit	1
PHE	2, 394	910	PHE	2, 398	914	mit	mit	1
THR	2, 395	911	PHE	2, 398	914	mit	mit	1
HIS	2, 396	912	PHE	2, 398	914	mit	mit	0.99
TRP	2, 397	913	PHE	2, 398	914	mit	mit	1
TRP	2, 397	913	PRO	2, 399	915	mit	mit	0.98
PHE	2, 398	914	PRO	2, 399	915	mit	mit	1
TRP	2, 397	913	LEU	2, 400	916	mit	mit	1
PHE	2, 398	914	LEU	2, 400	916	mit	mit	0.99
PRO	2, 399	915	LEU	2, 400	916	mit	mit	1
THR	2, 18	534	PHE	2, 401	917	mit	mit	0.97
LEU	2, 21	537	PHE	2, 401	917	mit	mit	0.81
TRP	2, 82	598	PHE	2, 401	917	mit	mit	0.99
TRP	2, 397	913	PHE	2, 401	917	mit	mit	0.99
PHE	2, 398	914	PHE	2, 401	917	mit	mit	1
PRO	2, 399	915	PHE	2, 401	917	mit	mit	0.93
LEU	2, 400	916	PHE	2, 401	917	mit	mit	1
PHE	2, 398	914	THR	2, 402	918	mit	mit	0.99
PRO	2, 399	915	THR	2, 402	918	mit	mit	0.98
LEU	2, 400	916	THR	2, 402	918	mit	mit	0.56
PHE	2, 401	917	THR	2, 402	918	mit	mit	1
PRO	2, 399	915	GLY	2, 403	919	mit	mit	0.99
LEU	2, 400	916	GLY	2, 403	919	mit	mit	0.96
PHE	2, 401	917	GLY	2, 403	919	mit	mit	0.98
THR	2, 402	918	GLY	2, 403	919	mit	mit	1
PHE	2, 398	914	PHE	2, 404	920	mit	mit	0.72
PRO	2, 399	915	PHE	2, 404	920	mit	mit	0.98
THR	2, 402	918	PHE	2, 404	920	mit	mit	1
GLY	2, 403	919	PHE	2, 404	920	mit	mit	1
PHE	2, 398	914	THR	2, 405	921	mit	mit	0.77
PRO	2, 399	915	THR	2, 405	921	mit	mit	1
GLY	2, 403	919	THR	2, 405	921	mit	mit	0.92
PHE	2, 404	920	THR	2, 405	921	mit	mit	1
PRO	2, 337	853	LEU	2, 406	922	mit	mit	0.82
THR	2, 395	911	LEU	2, 406	922	mit	mit	0.99
PHE	2, 398	914	LEU	2, 406	922	mit	mit	0.99
PRO	2, 399	915	LEU	2, 406	922	mit	mit	0.75
PHE	2, 404	920	LEU	2, 406	922	mit	mit	0.66
THR	2, 405	921	LEU	2, 406	922	mit	mit	1
THR	2, 405	921	HIS	2, 407	923	mit	mit	0.67
LEU	2, 406	922	HIS	2, 407	923	mit	mit	1
ASP	2, 336	852	PRO	2, 408	924	mit	mit	0.91
PRO	2, 337	853	PRO	2, 408	924	mit	mit	0.96
LEU	2, 406	922	PRO	2, 408	924	mit	mit	0.98
HIS	2, 407	923	PRO	2, 408	924	mit	mit	1
HIS	2, 407	923	SER	2, 409	925	mit	mit	1
PRO	2, 408	924	SER	2, 409	925	mit	mit	1
LEU	2, 406	922	TRP	2, 410	926	mit	mit	0.86
HIS	2, 407	923	TRP	2, 410	926	mit	mit	1
PRO	2, 408	924	TRP	2, 410	926	mit	mit	0.96
SER	2, 409	925	TRP	2, 410	926	mit	mit	1
PRO	2, 337	853	THR	2, 411	927	mit	mit	1
THR	2, 395	911	THR	2, 411	927	mit	mit	0.99
LEU	2, 406	922	THR	2, 411	927	mit	mit	1
HIS	2, 407	923	THR	2, 411	927	mit	mit	0.99
PRO	2, 408	924	THR	2, 411	927	mit	mit	1
SER	2, 409	925	THR	2, 411	927	mit	mit	0.98
TRP	2, 410	926	THR	2, 411	927	mit	mit	1
PRO	2, 337	853	LYS	2, 412	928	mit	mit	0.99
LEU	2, 340	856	LYS	2, 412	928	mit	mit	0.98
PRO	2, 408	924	LYS	2, 412	928	mit	mit	0.99
SER	2, 409	925	LYS	2, 412	928	mit	mit	1
TRP	2, 410	926	LYS	2, 412	928	mit	mit	0.99
THR	2, 411	927	LYS	2, 412	928	mit	mit	1
SER	2, 409	925	ALA	2, 413	929	mit	mit	0.99
TRP	2, 410	926	ALA	2, 413	929	mit	mit	1
THR	2, 411	927	ALA	2, 413	929	mit	mit	0.99
LYS	2, 412	928	ALA	2, 413	929	mit	mit	1
PRO	2, 337	853	HIS	2, 414	930	mit	mit	0.51
TRP	2, 410	926	HIS	2, 414	930	mit	mit	0.99
THR	2, 411	927	HIS	2, 414	930	mit	mit	1
LYS	2, 412	928	HIS	2, 414	930	mit	mit	1
ALA	2, 413	929	HIS	2, 414	930	mit	mit	1
PRO	2, 337	853	PHE	2, 415	931	mit	mit	0.98
LEU	2, 340	856	PHE	2, 415	931	mit	mit	1
TRP	2, 341	857	PHE	2, 415	931	mit	mit	0.99
THR	2, 411	927	PHE	2, 415	931	mit	mit	0.99
LYS	2, 412	928	PHE	2, 415	931	mit	mit	1
ALA	2, 413	929	PHE	2, 415	931	mit	mit	1
HIS	2, 414	930	PHE	2, 415	931	mit	mit	1
LYS	2, 412	928	GLY	2, 416	932	mit	mit	0.96
ALA	2, 413	929	GLY	2, 416	932	mit	mit	1
HIS	2, 414	930	GLY	2, 416	932	mit	mit	1
PHE	2, 415	931	GLY	2, 416	932	mit	mit	1
ALA	2, 413	929	VAL	2, 417	933	mit	mit	0.99
HIS	2, 414	930	VAL	2, 417	933	mit	mit	1
PHE	2, 415	931	VAL	2, 417	933	mit	mit	0.97
GLY	2, 416	932	VAL	2, 417	933	mit	mit	1
LEU	2, 391	907	MET	2, 418	934	mit	mit	0.71
HIS	2, 414	930	MET	2, 418	934	mit	mit	1
PHE	2, 415	931	MET	2, 418	934	mit	mit	1
GLY	2, 416	932	MET	2, 418	934	mit	mit	1
VAL	2, 417	933	MET	2, 418	934	mit	mit	1
GLY	2, 344	860	PHE	2, 419	935	mit	mit	0.95
PHE	2, 415	931	PHE	2, 419	935	mit	mit	1
GLY	2, 416	932	PHE	2, 419	935	mit	mit	1
VAL	2, 417	933	PHE	2, 419	935	mit	mit	0.99
MET	2, 418	934	PHE	2, 419	935	mit	mit	1
GLY	2, 416	932	THR	2, 420	936	mit	mit	1
VAL	2, 417	933	THR	2, 420	936	mit	mit	1
MET	2, 418	934	THR	2, 420	936	mit	mit	0.98
PHE	2, 419	935	THR	2, 420	936	mit	mit	1
VAL	2, 417	933	GLY	2, 421	937	mit	mit	0.99
MET	2, 418	934	GLY	2, 421	937	mit	mit	1
PHE	2, 419	935	GLY	2, 421	937	mit	mit	1
THR	2, 420	936	GLY	2, 421	937	mit	mit	1
SER	2, 383	899	VAL	2, 422	938	mit	mit	0.87
MET	2, 384	900	VAL	2, 422	938	mit	mit	0.99
MET	2, 418	934	VAL	2, 422	938	mit	mit	1
PHE	2, 419	935	VAL	2, 422	938	mit	mit	1
THR	2, 420	936	VAL	2, 422	938	mit	mit	0.81
GLY	2, 421	937	VAL	2, 422	938	mit	mit	1
LEU	2, 348	864	ASN	2, 423	939	mit	mit	0.71
PHE	2, 419	935	ASN	2, 423	939	mit	mit	1
THR	2, 420	936	ASN	2, 423	939	mit	mit	1
GLY	2, 421	937	ASN	2, 423	939	mit	mit	1
VAL	2, 422	938	ASN	2, 423	939	mit	mit	1
THR	2, 420	936	LEU	2, 424	940	mit	mit	1
GLY	2, 421	937	LEU	2, 424	940	mit	mit	1
VAL	2, 422	938	LEU	2, 424	940	mit	mit	0.98
ASN	2, 423	939	LEU	2, 424	940	mit	mit	1
ARG	2, 39	555	THR	2, 425	941	mit	mit	0.73
GLY	2, 421	937	THR	2, 425	941	mit	mit	1
VAL	2, 422	938	THR	2, 425	941	mit	mit	1
ASN	2, 423	939	THR	2, 425	941	mit	mit	0.99
LEU	2, 424	940	THR	2, 425	941	mit	mit	1
ALA	2, 376	892	PHE	2, 426	942	mit	mit	1
HIS	2, 379	895	PHE	2, 426	942	mit	mit	1
TYR	2, 380	896	PHE	2, 426	942	mit	mit	0.99
SER	2, 383	899	PHE	2, 426	942	mit	mit	0.78
MET	2, 384	900	PHE	2, 426	942	mit	mit	0.81
VAL	2, 422	938	PHE	2, 426	942	mit	mit	0.99
ASN	2, 423	939	PHE	2, 426	942	mit	mit	0.99
THR	2, 425	941	PHE	2, 426	942	mit	mit	1
ALA	2, 376	892	PHE	2, 427	943	mit	mit	0.78
ASN	2, 423	939	PHE	2, 427	943	mit	mit	1
LEU	2, 424	940	PHE	2, 427	943	mit	mit	0.99
THR	2, 425	941	PHE	2, 427	943	mit	mit	0.83
PHE	2, 426	942	PHE	2, 427	943	mit	mit	1
LEU	2, 424	940	PRO	2, 428	944	mit	mit	0.88
THR	2, 425	941	PRO	2, 428	944	mit	mit	0.77
PHE	2, 426	942	PRO	2, 428	944	mit	mit	0.93
PHE	2, 427	943	PRO	2, 428	944	mit	mit	1
TYR	2, 372	888	GLN	2, 429	945	mit	mit	1
TYR	2, 373	889	GLN	2, 429	945	mit	mit	0.88
VAL	2, 375	891	GLN	2, 429	945	mit	mit	0.99
ALA	2, 376	892	GLN	2, 429	945	mit	mit	1
HIS	2, 379	895	GLN	2, 429	945	mit	mit	0.79
THR	2, 425	941	GLN	2, 429	945	mit	mit	0.72
PHE	2, 426	942	GLN	2, 429	945	mit	mit	1
PHE	2, 427	943	GLN	2, 429	945	mit	mit	1
PRO	2, 428	944	GLN	2, 429	945	mit	mit	1
THR	2, 355	871	HIS	2, 430	946	mit	mit	0.89
TYR	2, 372	888	HIS	2, 430	946	mit	mit	0.63
TYR	2, 373	889	HIS	2, 430	946	mit	mit	0.99
ALA	2, 376	892	HIS	2, 430	946	mit	mit	1
PHE	2, 427	943	HIS	2, 430	946	mit	mit	1
PRO	2, 428	944	HIS	2, 430	946	mit	mit	0.99
GLN	2, 429	945	HIS	2, 430	946	mit	mit	1
PRO	2, 428	944	PHE	2, 431	947	mit	mit	1
GLN	2, 429	945	PHE	2, 431	947	mit	mit	0.99
HIS	2, 430	946	PHE	2, 431	947	mit	mit	1
THR	2, 371	887	LEU	2, 432	948	mit	mit	0.67
TYR	2, 372	888	LEU	2, 432	948	mit	mit	1
TYR	2, 373	889	LEU	2, 432	948	mit	mit	0.59
PRO	2, 428	944	LEU	2, 432	948	mit	mit	0.99
GLN	2, 429	945	LEU	2, 432	948	mit	mit	1
HIS	2, 430	946	LEU	2, 432	948	mit	mit	0.99
PHE	2, 431	947	LEU	2, 432	948	mit	mit	1
LEU	2, 368	884	GLY	2, 433	949	mit	mit	0.96
THR	2, 371	887	GLY	2, 433	949	mit	mit	1
TYR	2, 372	888	GLY	2, 433	949	mit	mit	1
TYR	2, 373	889	GLY	2, 433	949	mit	mit	1
ALA	2, 376	892	GLY	2, 433	949	mit	mit	0.91
GLN	2, 429	945	GLY	2, 433	949	mit	mit	0.99
HIS	2, 430	946	GLY	2, 433	949	mit	mit	1
PHE	2, 431	947	GLY	2, 433	949	mit	mit	1
LEU	2, 432	948	GLY	2, 433	949	mit	mit	1
LEU	2, 368	884	LEU	2, 434	950	mit	mit	0.75
TYR	2, 373	889	LEU	2, 434	950	mit	mit	0.99
HIS	2, 430	946	LEU	2, 434	950	mit	mit	0.99
PHE	2, 431	947	LEU	2, 434	950	mit	mit	1
LEU	2, 432	948	LEU	2, 434	950	mit	mit	0.98
GLY	2, 433	949	LEU	2, 434	950	mit	mit	1
PHE	2, 431	947	ALA	2, 435	951	mit	mit	0.99
LEU	2, 432	948	ALA	2, 435	951	mit	mit	1
GLY	2, 433	949	ALA	2, 435	951	mit	mit	1
LEU	2, 434	950	ALA	2, 435	951	mit	mit	1
THR	2, 371	887	GLY	2, 436	952	mit	mit	1
TYR	2, 372	888	GLY	2, 436	952	mit	mit	0.81
LEU	2, 432	948	GLY	2, 436	952	mit	mit	0.97
GLY	2, 433	949	GLY	2, 436	952	mit	mit	1
LEU	2, 434	950	GLY	2, 436	952	mit	mit	1
ALA	2, 435	951	GLY	2, 436	952	mit	mit	1
THR	2, 371	887	MET	2, 437	953	mit	mit	0.99
TYR	2, 372	888	MET	2, 437	953	mit	mit	1
LEU	2, 432	948	MET	2, 437	953	mit	mit	1
GLY	2, 433	949	MET	2, 437	953	mit	mit	0.99
ALA	2, 435	951	MET	2, 437	953	mit	mit	0.99
GLY	2, 436	952	MET	2, 437	953	mit	mit	1
ASP	2, 370	886	PRO	2, 438	954	mit	mit	0.98
THR	2, 371	887	PRO	2, 438	954	mit	mit	0.99
TYR	2, 372	888	PRO	2, 438	954	mit	mit	0.7
GLY	2, 436	952	PRO	2, 438	954	mit	mit	0.99
MET	2, 437	953	PRO	2, 438	954	mit	mit	1
ASP	2, 370	886	ARG	2, 439	955	mit	mit	0.99
THR	2, 371	887	ARG	2, 439	955	mit	mit	0.99
TYR	2, 372	888	ARG	2, 439	955	mit	mit	0.99
VAL	2, 374	890	ARG	2, 439	955	mit	mit	0.92
VAL	2, 375	891	ARG	2, 439	955	mit	mit	0.98
PRO	2, 438	954	ARG	2, 439	955	mit	mit	1
ASP	2, 52	568	ARG	2, 440	956	mit	mit	0.6
ASN	2, 56	572	ARG	2, 440	956	mit	mit	0.96
VAL	2, 59	575	ARG	2, 440	956	mit	mit	0.97
GLY	2, 126	642	ARG	2, 440	956	mit	mit	0.9
PRO	2, 438	954	ARG	2, 440	956	mit	mit	0.92
ARG	2, 439	955	ARG	2, 440	956	mit	mit	1
ASP	2, 52	568	TYR	2, 441	957	mit	mit	0.79
MET	2, 437	953	TYR	2, 441	957	mit	mit	0.91
PRO	2, 438	954	TYR	2, 441	957	mit	mit	0.99
ARG	2, 439	955	TYR	2, 441	957	mit	mit	0.98
ARG	2, 440	956	TYR	2, 441	957	mit	mit	1
GLU	2, 41	557	SER	2, 442	958	mit	mit	0.98
LEU	2, 42	558	SER	2, 442	958	mit	mit	0.68
THR	2, 47	563	SER	2, 442	958	mit	mit	0.95
LEU	2, 49	565	SER	2, 442	958	mit	mit	0.79
GLY	2, 50	566	SER	2, 442	958	mit	mit	0.82
ASP	2, 51	567	SER	2, 442	958	mit	mit	0.76
ASP	2, 52	568	SER	2, 442	958	mit	mit	0.99
TYR	2, 55	571	SER	2, 442	958	mit	mit	0.99
TYR	2, 441	957	SER	2, 442	958	mit	mit	1
PRO	2, 45	561	ASP	2, 443	959	mit	mit	0.92
GLY	2, 46	562	ASP	2, 443	959	mit	mit	0.99
THR	2, 47	563	ASP	2, 443	959	mit	mit	0.98
TYR	2, 441	957	ASP	2, 443	959	mit	mit	0.98
SER	2, 442	958	ASP	2, 443	959	mit	mit	1
LEU	2, 42	558	TYR	2, 444	960	mit	mit	0.92
PRO	2, 45	561	TYR	2, 444	960	mit	mit	0.95
MET	2, 437	953	TYR	2, 444	960	mit	mit	0.98
TYR	2, 441	957	TYR	2, 444	960	mit	mit	0.99
ASP	2, 443	959	TYR	2, 444	960	mit	mit	1
TYR	2, 444	960	PRO	2, 445	961	mit	mit	1
PRO	2, 45	561	ASP	2, 446	962	mit	mit	0.97
PRO	2, 445	961	ASP	2, 446	962	mit	mit	1
ALA	2, 435	951	ALA	2, 447	963	mit	mit	0.79
PRO	2, 445	961	ALA	2, 447	963	mit	mit	1
ASP	2, 446	962	ALA	2, 447	963	mit	mit	1
LEU	2, 432	948	TYR	2, 448	964	mit	mit	0.98
ALA	2, 435	951	TYR	2, 448	964	mit	mit	0.96
MET	2, 437	953	TYR	2, 448	964	mit	mit	0.99
TYR	2, 444	960	TYR	2, 448	964	mit	mit	0.99
PRO	2, 445	961	TYR	2, 448	964	mit	mit	0.99
ASP	2, 446	962	TYR	2, 448	964	mit	mit	0.94
ALA	2, 447	963	TYR	2, 448	964	mit	mit	1
PRO	2, 45	561	THR	2, 449	965	mit	mit	0.99
TYR	2, 444	960	THR	2, 449	965	mit	mit	0.78
ASP	2, 446	962	THR	2, 449	965	mit	mit	0.99
ALA	2, 447	963	THR	2, 449	965	mit	mit	0.98
TYR	2, 448	964	THR	2, 449	965	mit	mit	1
TYR	2, 448	964	LEU	2, 450	966	mit	mit	0.91
THR	2, 449	965	LEU	2, 450	966	mit	mit	1
PRO	2, 428	944	TRP	2, 451	967	mit	mit	1
GLN	2, 429	945	TRP	2, 451	967	mit	mit	0.89
PHE	2, 431	947	TRP	2, 451	967	mit	mit	0.99
LEU	2, 432	948	TRP	2, 451	967	mit	mit	1
TYR	2, 448	964	TRP	2, 451	967	mit	mit	0.99
THR	2, 449	965	TRP	2, 451	967	mit	mit	0.69
LEU	2, 450	966	TRP	2, 451	967	mit	mit	1
LEU	2, 42	558	ASN	2, 452	968	mit	mit	1
GLY	2, 43	559	ASN	2, 452	968	mit	mit	0.99
PRO	2, 428	944	ASN	2, 452	968	mit	mit	0.56
LEU	2, 432	948	ASN	2, 452	968	mit	mit	0.97
TYR	2, 444	960	ASN	2, 452	968	mit	mit	0.98
TYR	2, 448	964	ASN	2, 452	968	mit	mit	0.99
THR	2, 449	965	ASN	2, 452	968	mit	mit	1
LEU	2, 450	966	ASN	2, 452	968	mit	mit	0.99
TRP	2, 451	967	ASN	2, 452	968	mit	mit	1
GLY	2, 43	559	THR	2, 453	969	mit	mit	1
GLN	2, 44	560	THR	2, 453	969	mit	mit	0.79
THR	2, 449	965	THR	2, 453	969	mit	mit	1
LEU	2, 450	966	THR	2, 453	969	mit	mit	1
TRP	2, 451	967	THR	2, 453	969	mit	mit	0.98
ASN	2, 452	968	THR	2, 453	969	mit	mit	1
LEU	2, 424	940	LEU	2, 454	970	mit	mit	0.99
PRO	2, 428	944	LEU	2, 454	970	mit	mit	1
LEU	2, 450	966	LEU	2, 454	970	mit	mit	0.99
TRP	2, 451	967	LEU	2, 454	970	mit	mit	1
ASN	2, 452	968	LEU	2, 454	970	mit	mit	0.99
THR	2, 453	969	LEU	2, 454	970	mit	mit	1
ARG	2, 39	555	SER	2, 455	971	mit	mit	0.97
LEU	2, 42	558	SER	2, 455	971	mit	mit	0.84
GLY	2, 43	559	SER	2, 455	971	mit	mit	0.63
LEU	2, 424	940	SER	2, 455	971	mit	mit	0.86
THR	2, 425	941	SER	2, 455	971	mit	mit	1
PHE	2, 426	942	SER	2, 455	971	mit	mit	0.84
PRO	2, 428	944	SER	2, 455	971	mit	mit	1
GLN	2, 429	945	SER	2, 455	971	mit	mit	0.99
LEU	2, 432	948	SER	2, 455	971	mit	mit	0.66
TRP	2, 451	967	SER	2, 455	971	mit	mit	0.99
ASN	2, 452	968	SER	2, 455	971	mit	mit	1
THR	2, 453	969	SER	2, 455	971	mit	mit	0.99
LEU	2, 454	970	SER	2, 455	971	mit	mit	1
ARG	2, 39	555	SER	2, 456	972	mit	mit	1
ALA	2, 40	556	SER	2, 456	972	mit	mit	0.94
LEU	2, 42	558	SER	2, 456	972	mit	mit	0.98
GLY	2, 43	559	SER	2, 456	972	mit	mit	1
ASN	2, 452	968	SER	2, 456	972	mit	mit	0.99
THR	2, 453	969	SER	2, 456	972	mit	mit	1
LEU	2, 454	970	SER	2, 456	972	mit	mit	0.99
SER	2, 455	971	SER	2, 456	972	mit	mit	1
LEU	2, 424	940	ILE	2, 457	973	mit	mit	0.98
THR	2, 453	969	ILE	2, 457	973	mit	mit	0.99
LEU	2, 454	970	ILE	2, 457	973	mit	mit	1
SER	2, 455	971	ILE	2, 457	973	mit	mit	0.99
SER	2, 456	972	ILE	2, 457	973	mit	mit	1
GLY	2, 421	937	GLY	2, 458	974	mit	mit	1
VAL	2, 422	938	GLY	2, 458	974	mit	mit	0.63
LEU	2, 424	940	GLY	2, 458	974	mit	mit	1
THR	2, 425	941	GLY	2, 458	974	mit	mit	1
LEU	2, 454	970	GLY	2, 458	974	mit	mit	0.94
SER	2, 455	971	GLY	2, 458	974	mit	mit	1
SER	2, 456	972	GLY	2, 458	974	mit	mit	1
ILE	2, 457	973	GLY	2, 458	974	mit	mit	1
SER	2, 35	551	SER	2, 459	975	mit	mit	0.99
LEU	2, 36	552	SER	2, 459	975	mit	mit	0.99
ARG	2, 39	555	SER	2, 459	975	mit	mit	1
GLY	2, 421	937	SER	2, 459	975	mit	mit	0.63
THR	2, 425	941	SER	2, 459	975	mit	mit	1
SER	2, 455	971	SER	2, 459	975	mit	mit	0.97
SER	2, 456	972	SER	2, 459	975	mit	mit	1
ILE	2, 457	973	SER	2, 459	975	mit	mit	0.99
GLY	2, 458	974	SER	2, 459	975	mit	mit	1
LEU	2, 36	552	LEU	2, 460	976	mit	mit	0.74
ARG	2, 39	555	LEU	2, 460	976	mit	mit	0.55
SER	2, 456	972	LEU	2, 460	976	mit	mit	0.97
ILE	2, 457	973	LEU	2, 460	976	mit	mit	1
GLY	2, 458	974	LEU	2, 460	976	mit	mit	1
SER	2, 459	975	LEU	2, 460	976	mit	mit	1
VAL	2, 417	933	ILE	2, 461	977	mit	mit	0.99
THR	2, 420	936	ILE	2, 461	977	mit	mit	0.99
GLY	2, 421	937	ILE	2, 461	977	mit	mit	1
LEU	2, 424	940	ILE	2, 461	977	mit	mit	0.98
THR	2, 425	941	ILE	2, 461	977	mit	mit	0.63
ILE	2, 457	973	ILE	2, 461	977	mit	mit	0.98
GLY	2, 458	974	ILE	2, 461	977	mit	mit	1
SER	2, 459	975	ILE	2, 461	977	mit	mit	1
LEU	2, 460	976	ILE	2, 461	977	mit	mit	1
THR	2, 32	548	SER	2, 462	978	mit	mit	0.65
MET	2, 418	934	SER	2, 462	978	mit	mit	0.99
GLY	2, 421	937	SER	2, 462	978	mit	mit	1
VAL	2, 422	938	SER	2, 462	978	mit	mit	0.99
THR	2, 425	941	SER	2, 462	978	mit	mit	0.99
GLY	2, 458	974	SER	2, 462	978	mit	mit	1
SER	2, 459	975	SER	2, 462	978	mit	mit	1
LEU	2, 460	976	SER	2, 462	978	mit	mit	0.99
ILE	2, 461	977	SER	2, 462	978	mit	mit	1
THR	2, 32	548	MET	2, 463	979	mit	mit	0.99
LEU	2, 36	552	MET	2, 463	979	mit	mit	1
SER	2, 459	975	MET	2, 463	979	mit	mit	0.99
LEU	2, 460	976	MET	2, 463	979	mit	mit	1
ILE	2, 461	977	MET	2, 463	979	mit	mit	0.99
SER	2, 462	978	MET	2, 463	979	mit	mit	1
VAL	2, 417	933	THR	2, 464	980	mit	mit	0.99
LEU	2, 460	976	THR	2, 464	980	mit	mit	0.98
ILE	2, 461	977	THR	2, 464	980	mit	mit	1
SER	2, 462	978	THR	2, 464	980	mit	mit	0.99
MET	2, 463	979	THR	2, 464	980	mit	mit	1
HIS	2, 414	930	ALA	2, 465	981	mit	mit	0.99
GLY	2, 416	932	ALA	2, 465	981	mit	mit	0.52
VAL	2, 417	933	ALA	2, 465	981	mit	mit	1
MET	2, 418	934	ALA	2, 465	981	mit	mit	1
GLY	2, 421	937	ALA	2, 465	981	mit	mit	0.96
ILE	2, 461	977	ALA	2, 465	981	mit	mit	0.99
SER	2, 462	978	ALA	2, 465	981	mit	mit	1
MET	2, 463	979	ALA	2, 465	981	mit	mit	1
THR	2, 464	980	ALA	2, 465	981	mit	mit	1
MET	2, 29	545	VAL	2, 466	982	mit	mit	0.87
THR	2, 32	548	VAL	2, 466	982	mit	mit	1
SER	2, 462	978	VAL	2, 466	982	mit	mit	0.99
MET	2, 463	979	VAL	2, 466	982	mit	mit	1
THR	2, 464	980	VAL	2, 466	982	mit	mit	0.98
ALA	2, 465	981	VAL	2, 466	982	mit	mit	1
MET	2, 463	979	ILE	2, 467	983	mit	mit	0.99
THR	2, 464	980	ILE	2, 467	983	mit	mit	1
ALA	2, 465	981	ILE	2, 467	983	mit	mit	0.99
VAL	2, 466	982	ILE	2, 467	983	mit	mit	1
TRP	2, 410	926	MET	2, 468	984	mit	mit	0.79
ALA	2, 413	929	MET	2, 468	984	mit	mit	0.85
HIS	2, 414	930	MET	2, 468	984	mit	mit	1
VAL	2, 417	933	MET	2, 468	984	mit	mit	0.98
THR	2, 464	980	MET	2, 468	984	mit	mit	1
ALA	2, 465	981	MET	2, 468	984	mit	mit	1
VAL	2, 466	982	MET	2, 468	984	mit	mit	1
ILE	2, 467	983	MET	2, 468	984	mit	mit	1
HIS	2, 414	930	LEU	2, 469	985	mit	mit	0.99
ALA	2, 465	981	LEU	2, 469	985	mit	mit	0.99
VAL	2, 466	982	LEU	2, 469	985	mit	mit	1
ILE	2, 467	983	LEU	2, 469	985	mit	mit	1
MET	2, 468	984	LEU	2, 469	985	mit	mit	1
VAL	2, 466	982	MET	2, 470	986	mit	mit	0.96
ILE	2, 467	983	MET	2, 470	986	mit	mit	1
MET	2, 468	984	MET	2, 470	986	mit	mit	0.99
LEU	2, 469	985	MET	2, 470	986	mit	mit	1
TRP	2, 410	926	PHE	2, 471	987	mit	mit	0.55
ILE	2, 467	983	PHE	2, 471	987	mit	mit	0.98
MET	2, 468	984	PHE	2, 471	987	mit	mit	1
LEU	2, 469	985	PHE	2, 471	987	mit	mit	1
MET	2, 470	986	PHE	2, 471	987	mit	mit	1
LEU	2, 406	922	ILE	2, 472	988	mit	mit	0.99
HIS	2, 407	923	ILE	2, 472	988	mit	mit	0.96
TRP	2, 410	926	ILE	2, 472	988	mit	mit	0.99
THR	2, 411	927	ILE	2, 472	988	mit	mit	0.99
HIS	2, 414	930	ILE	2, 472	988	mit	mit	0.98
MET	2, 468	984	ILE	2, 472	988	mit	mit	1
LEU	2, 469	985	ILE	2, 472	988	mit	mit	1
MET	2, 470	986	ILE	2, 472	988	mit	mit	0.99
PHE	2, 471	987	ILE	2, 472	988	mit	mit	1
LEU	2, 406	922	VAL	2, 473	989	mit	mit	0.55
LEU	2, 469	985	VAL	2, 473	989	mit	mit	1
MET	2, 470	986	VAL	2, 473	989	mit	mit	1
PHE	2, 471	987	VAL	2, 473	989	mit	mit	0.99
ILE	2, 472	988	VAL	2, 473	989	mit	mit	1
MET	2, 470	986	TRP	2, 474	990	mit	mit	0.99
PHE	2, 471	987	TRP	2, 474	990	mit	mit	1
ILE	2, 472	988	TRP	2, 474	990	mit	mit	0.99
VAL	2, 473	989	TRP	2, 474	990	mit	mit	1
HIS	2, 407	923	GLU	2, 475	991	mit	mit	0.98
TRP	2, 410	926	GLU	2, 475	991	mit	mit	0.95
PHE	2, 471	987	GLU	2, 475	991	mit	mit	1
ILE	2, 472	988	GLU	2, 475	991	mit	mit	1
VAL	2, 473	989	GLU	2, 475	991	mit	mit	0.99
TRP	2, 474	990	GLU	2, 475	991	mit	mit	1
PHE	2, 398	914	ALA	2, 476	992	mit	mit	0.85
THR	2, 402	918	ALA	2, 476	992	mit	mit	0.8
PHE	2, 404	920	ALA	2, 476	992	mit	mit	1
THR	2, 405	921	ALA	2, 476	992	mit	mit	0.97
LEU	2, 406	922	ALA	2, 476	992	mit	mit	1
HIS	2, 407	923	ALA	2, 476	992	mit	mit	0.94
ILE	2, 472	988	ALA	2, 476	992	mit	mit	0.99
VAL	2, 473	989	ALA	2, 476	992	mit	mit	1
TRP	2, 474	990	ALA	2, 476	992	mit	mit	0.99
GLU	2, 475	991	ALA	2, 476	992	mit	mit	1
THR	2, 402	918	PHE	2, 477	993	mit	mit	0.82
PHE	2, 404	920	PHE	2, 477	993	mit	mit	0.98
VAL	2, 473	989	PHE	2, 477	993	mit	mit	0.99
TRP	2, 474	990	PHE	2, 477	993	mit	mit	1
GLU	2, 475	991	PHE	2, 477	993	mit	mit	0.96
ALA	2, 476	992	PHE	2, 477	993	mit	mit	1
TRP	2, 474	990	SER	2, 478	994	mit	mit	0.99
GLU	2, 475	991	SER	2, 478	994	mit	mit	1
ALA	2, 476	992	SER	2, 478	994	mit	mit	0.98
PHE	2, 477	993	SER	2, 478	994	mit	mit	1
PHE	2, 404	920	ALA	2, 479	995	mit	mit	0.66
HIS	2, 407	923	ALA	2, 479	995	mit	mit	0.75
GLU	2, 475	991	ALA	2, 479	995	mit	mit	0.99
ALA	2, 476	992	ALA	2, 479	995	mit	mit	0.99
PHE	2, 477	993	ALA	2, 479	995	mit	mit	0.78
SER	2, 478	994	ALA	2, 479	995	mit	mit	1
PHE	2, 404	920	LYS	2, 480	996	mit	mit	0.98
PHE	2, 477	993	LYS	2, 480	996	mit	mit	0.9
SER	2, 478	994	LYS	2, 480	996	mit	mit	0.98
ALA	2, 479	995	LYS	2, 480	996	mit	mit	1
PHE	2, 404	920	ARG	2, 481	997	mit	mit	0.99
THR	2, 405	921	ARG	2, 481	997	mit	mit	0.99
ALA	2, 476	992	ARG	2, 481	997	mit	mit	0.85
ALA	2, 479	995	ARG	2, 481	997	mit	mit	1
LYS	2, 480	996	ARG	2, 481	997	mit	mit	1
GLY	2, 403	919	LYS	2, 482	998	mit	mit	0.97
PHE	2, 404	920	LYS	2, 482	998	mit	mit	0.96
LYS	2, 480	996	LYS	2, 482	998	mit	mit	0.99
ARG	2, 481	997	LYS	2, 482	998	mit	mit	1
PRO	2, 399	915	VAL	2, 483	999	mit	mit	0.99
GLY	2, 403	919	VAL	2, 483	999	mit	mit	0.98
PHE	2, 404	920	VAL	2, 483	999	mit	mit	0.84
THR	2, 405	921	VAL	2, 483	999	mit	mit	0.98
ARG	2, 481	997	VAL	2, 483	999	mit	mit	0.6
LYS	2, 482	998	VAL	2, 483	999	mit	mit	1
LYS	2, 482	998	LEU	2, 484	1000	mit	mit	0.96
VAL	2, 483	999	LEU	2, 484	1000	mit	mit	1
VAL	2, 483	999	GLN	2, 485	1001	mit	mit	0.87
LEU	2, 484	1000	GLN	2, 485	1001	mit	mit	1
VAL	2, 483	999	PRO	2, 486	1002	mit	mit	0.88
GLN	2, 485	1001	PRO	2, 486	1002	mit	mit	1
GLN	2, 485	1001	GLU	2, 487	1003	mit	mit	0.91
PRO	2, 486	1002	GLU	2, 487	1003	mit	mit	1
TYR	2, 261	777	LEU	2, 488	1004	mit	mit	0.95
GLY	2, 264	780	LEU	2, 488	1004	mit	mit	0.9
PRO	2, 486	1002	LEU	2, 488	1004	mit	mit	0.56
GLU	2, 487	1003	LEU	2, 488	1004	mit	mit	1
PRO	2, 486	1002	THR	2, 489	1005	mit	mit	0.97
GLU	2, 487	1003	THR	2, 489	1005	mit	mit	0.94
LEU	2, 488	1004	THR	2, 489	1005	mit	mit	1
LEU	2, 488	1004	ALA	2, 490	1006	mit	mit	0.99
THR	2, 489	1005	ALA	2, 490	1006	mit	mit	1
LYS	2, 266	782	THR	2, 491	1007	mit	mit	0.99
GLU	2, 267	783	THR	2, 491	1007	mit	mit	0.84
LEU	2, 488	1004	THR	2, 491	1007	mit	mit	0.97
THR	2, 489	1005	THR	2, 491	1007	mit	mit	0.67
ALA	2, 490	1006	THR	2, 491	1007	mit	mit	1
HIS	2, 257	773	ASN	2, 492	1008	mit	mit	0.67
TYR	2, 261	777	ASN	2, 492	1008	mit	mit	0.97
LEU	2, 488	1004	ASN	2, 492	1008	mit	mit	0.96
THR	2, 489	1005	ASN	2, 492	1008	mit	mit	0.98
ALA	2, 490	1006	ASN	2, 492	1008	mit	mit	0.76
THR	2, 491	1007	ASN	2, 492	1008	mit	mit	1
LEU	2, 86	602	ILE	2, 493	1009	mit	mit	0.96
MET	2, 87	603	ILE	2, 493	1009	mit	mit	0.99
GLY	2, 89	605	ILE	2, 493	1009	mit	mit	0.93
THR	2, 489	1005	ILE	2, 493	1009	mit	mit	0.54
ASN	2, 492	1008	ILE	2, 493	1009	mit	mit	1
LEU	2, 83	599	GLU	2, 494	1010	mit	mit	0.98
LEU	2, 86	602	GLU	2, 494	1010	mit	mit	0.99
MET	2, 87	603	GLU	2, 494	1010	mit	mit	0.99
TRP	2, 397	913	GLU	2, 494	1010	mit	mit	0.71
LEU	2, 400	916	GLU	2, 494	1010	mit	mit	0.98
ASN	2, 492	1008	GLU	2, 494	1010	mit	mit	1
ILE	2, 493	1009	GLU	2, 494	1010	mit	mit	1
LEU	2, 400	916	TRP	2, 495	1011	mit	mit	0.98
PRO	2, 486	1002	TRP	2, 495	1011	mit	mit	0.98
LEU	2, 488	1004	TRP	2, 495	1011	mit	mit	0.61
THR	2, 489	1005	TRP	2, 495	1011	mit	mit	0.98
ASN	2, 492	1008	TRP	2, 495	1011	mit	mit	0.99
ILE	2, 493	1009	TRP	2, 495	1011	mit	mit	0.96
GLU	2, 494	1010	TRP	2, 495	1011	mit	mit	1
THR	2, 489	1005	ILE	2, 496	1012	mit	mit	0.98
ILE	2, 493	1009	ILE	2, 496	1012	mit	mit	0.99
GLU	2, 494	1010	ILE	2, 496	1012	mit	mit	0.95
TRP	2, 495	1011	ILE	2, 496	1012	mit	mit	1
LEU	2, 86	602	HIS	2, 497	1013	mit	mit	0.7
TRP	2, 495	1011	HIS	2, 497	1013	mit	mit	0.79
ILE	2, 496	1012	HIS	2, 497	1013	mit	mit	1
VAL	2, 483	999	GLY	2, 498	1014	mit	mit	0.59
PRO	2, 486	1002	GLY	2, 498	1014	mit	mit	0.89
TRP	2, 495	1011	GLY	2, 498	1014	mit	mit	0.96
ILE	2, 496	1012	GLY	2, 498	1014	mit	mit	0.98
HIS	2, 497	1013	GLY	2, 498	1014	mit	mit	1
PRO	2, 399	915	CYS	2, 499	1015	mit	mit	0.97
LEU	2, 400	916	CYS	2, 499	1015	mit	mit	0.99
GLY	2, 403	919	CYS	2, 499	1015	mit	mit	0.99
VAL	2, 483	999	CYS	2, 499	1015	mit	mit	0.97
PRO	2, 486	1002	CYS	2, 499	1015	mit	mit	0.88
TRP	2, 495	1011	CYS	2, 499	1015	mit	mit	0.86
GLY	2, 498	1014	CYS	2, 499	1015	mit	mit	1
LEU	2, 400	916	PRO	2, 500	1016	mit	mit	0.92
PHE	2, 401	917	PRO	2, 500	1016	mit	mit	0.91
THR	2, 402	918	PRO	2, 500	1016	mit	mit	0.96
GLY	2, 403	919	PRO	2, 500	1016	mit	mit	0.99
GLY	2, 498	1014	PRO	2, 500	1016	mit	mit	0.98
CYS	2, 499	1015	PRO	2, 500	1016	mit	mit	1
LYS	2, 14	530	PRO	2, 501	1017	mit	mit	0.96
LEU	2, 86	602	PRO	2, 501	1017	mit	mit	0.95
LEU	2, 400	916	PRO	2, 501	1017	mit	mit	0.86
HIS	2, 497	1013	PRO	2, 501	1017	mit	mit	0.99
GLY	2, 498	1014	PRO	2, 501	1017	mit	mit	0.99
CYS	2, 499	1015	PRO	2, 501	1017	mit	mit	0.92
PRO	2, 500	1016	PRO	2, 501	1017	mit	mit	1
HIS	2, 497	1013	PRO	2, 502	1018	mit	mit	0.96
PRO	2, 500	1016	PRO	2, 502	1018	mit	mit	0.65
PRO	2, 501	1017	PRO	2, 502	1018	mit	mit	1
ASN	2, 12	528	TYR	2, 503	1019	mit	mit	0.98
LYS	2, 14	530	TYR	2, 503	1019	mit	mit	0.9
PRO	2, 502	1018	TYR	2, 503	1019	mit	mit	1
PRO	2, 91	607	HIS	2, 504	1020	mit	mit	0.8
PRO	2, 502	1018	HIS	2, 504	1020	mit	mit	0.99
TYR	2, 503	1019	HIS	2, 504	1020	mit	mit	1
PRO	2, 85	601	THR	2, 505	1021	mit	mit	0.64
LEU	2, 86	602	THR	2, 505	1021	mit	mit	0.95
PRO	2, 91	607	THR	2, 505	1021	mit	mit	0.97
HIS	2, 497	1013	THR	2, 505	1021	mit	mit	0.98
PRO	2, 501	1017	THR	2, 505	1021	mit	mit	0.99
PRO	2, 502	1018	THR	2, 505	1021	mit	mit	0.99
TYR	2, 503	1019	THR	2, 505	1021	mit	mit	0.57
HIS	2, 504	1020	THR	2, 505	1021	mit	mit	1
GLY	2, 89	605	PHE	2, 506	1022	mit	mit	0.97
ALA	2, 90	606	PHE	2, 506	1022	mit	mit	0.94
PRO	2, 91	607	PHE	2, 506	1022	mit	mit	0.99
THR	2, 505	1021	PHE	2, 506	1022	mit	mit	1
PRO	2, 91	607	GLU	2, 507	1023	mit	mit	0.9
HIS	2, 504	1020	GLU	2, 507	1023	mit	mit	0.98
THR	2, 505	1021	GLU	2, 507	1023	mit	mit	0.94
PHE	2, 506	1022	GLU	2, 507	1023	mit	mit	1
PHE	2, 506	1022	GLU	2, 508	1024	mit	mit	0.96
GLU	2, 507	1023	GLU	2, 508	1024	mit	mit	1
GLY	2, 89	605	PRO	2, 509	1025	mit	mit	0.83
PRO	2, 91	607	PRO	2, 509	1025	mit	mit	0.65
PRO	2, 174	690	PRO	2, 509	1025	mit	mit	0.93
PHE	2, 506	1022	PRO	2, 509	1025	mit	mit	0.97
GLU	2, 508	1024	PRO	2, 509	1025	mit	mit	1
GLY	2, 89	605	ALA	2, 510	1026	mit	mit	0.98
PRO	2, 174	690	ALA	2, 510	1026	mit	mit	0.97
PHE	2, 506	1022	ALA	2, 510	1026	mit	mit	0.92
PRO	2, 509	1025	ALA	2, 510	1026	mit	mit	1
PRO	2, 509	1025	PHE	2, 511	1027	mit	mit	0.88
ALA	2, 510	1026	PHE	2, 511	1027	mit	mit	1
PRO	2, 174	690	VAL	2, 512	1028	mit	mit	0.98
PRO	2, 175	691	VAL	2, 512	1028	mit	mit	0.58
ALA	2, 176	692	VAL	2, 512	1028	mit	mit	0.98
LEU	2, 177	693	VAL	2, 512	1028	mit	mit	0.97
ALA	2, 510	1026	VAL	2, 512	1028	mit	mit	0.99
PHE	2, 511	1027	VAL	2, 512	1028	mit	mit	1
ALA	2, 176	692	GLN	2, 513	1029	mit	mit	0.93
PHE	2, 511	1027	GLN	2, 513	1029	mit	mit	0.98
VAL	2, 512	1028	GLN	2, 513	1029	mit	mit	1
ALA	2, 176	692	VAL	2, 514	1030	mit	mit	0.92
VAL	2, 512	1028	VAL	2, 514	1030	mit	mit	0.78
GLN	2, 513	1029	VAL	2, 514	1030	mit	mit	1
GLN	2, 513	1029	GLN	2, 515	1031	mit	mit	0.95
VAL	2, 514	1030	GLN	2, 515	1031	mit	mit	1
VAL	2, 514	1030	GLU	2, 516	1032	mit	mit	0.73
GLN	2, 515	1031	GLU	2, 516	1032	mit	mit	1
ALA	1, 447	447	MET	3, 1	1033	mit	mit	0.77
ALA	1, 435	435	ALA	3, 2	1034	mit	mit	0.96
GLY	1, 436	436	ALA	3, 2	1034	mit	mit	0.9
PRO	1, 445	445	ALA	3, 2	1034	mit	mit	0.8
ALA	1, 447	447	ALA	3, 2	1034	mit	mit	0.98
TYR	1, 448	448	ALA	3, 2	1034	mit	mit	0.87
MET	3, 1	1033	ALA	3, 2	1034	mit	mit	1
ALA	1, 447	447	ASN	3, 3	1035	mit	mit	0.98
MET	3, 1	1033	ASN	3, 3	1035	mit	mit	0.79
ALA	3, 2	1034	ASN	3, 3	1035	mit	mit	1
ASP	1, 446	446	HIS	3, 4	1036	mit	mit	0.74
ALA	1, 447	447	HIS	3, 4	1036	mit	mit	0.98
THR	1, 449	449	HIS	3, 4	1036	mit	mit	0.67
LEU	1, 450	450	HIS	3, 4	1036	mit	mit	0.89
ASN	3, 3	1035	HIS	3, 4	1036	mit	mit	1
LEU	1, 450	450	SER	3, 5	1037	mit	mit	0.97
TRP	1, 451	451	SER	3, 5	1037	mit	mit	0.58
ASN	3, 3	1035	SER	3, 5	1037	mit	mit	0.92
HIS	3, 4	1036	SER	3, 5	1037	mit	mit	1
PHE	1, 431	431	GLN	3, 6	1038	mit	mit	0.84
ALA	1, 435	435	GLN	3, 6	1038	mit	mit	0.98
ALA	1, 447	447	GLN	3, 6	1038	mit	mit	0.85
ALA	3, 2	1034	GLN	3, 6	1038	mit	mit	0.95
ASN	3, 3	1035	GLN	3, 6	1038	mit	mit	0.99
HIS	3, 4	1036	GLN	3, 6	1038	mit	mit	0.95
SER	3, 5	1037	GLN	3, 6	1038	mit	mit	1
PHE	1, 431	431	LEU	3, 7	1039	mit	mit	0.99
LEU	1, 434	434	LEU	3, 7	1039	mit	mit	0.89
ALA	1, 435	435	LEU	3, 7	1039	mit	mit	0.65
SER	3, 5	1037	LEU	3, 7	1039	mit	mit	0.79
GLN	3, 6	1038	LEU	3, 7	1039	mit	mit	1
PHE	1, 431	431	GLY	3, 8	1040	mit	mit	0.94
LEU	1, 434	434	GLY	3, 8	1040	mit	mit	0.99
ALA	1, 435	435	GLY	3, 8	1040	mit	mit	0.98
GLN	3, 6	1038	GLY	3, 8	1040	mit	mit	1
LEU	3, 7	1039	GLY	3, 8	1040	mit	mit	1
ALA	1, 367	367	PHE	3, 9	1041	mit	mit	0.83
LEU	1, 434	434	PHE	3, 9	1041	mit	mit	0.99
ALA	1, 435	435	PHE	3, 9	1041	mit	mit	0.8
GLY	3, 8	1040	PHE	3, 9	1041	mit	mit	1
ALA	1, 435	435	GLN	3, 10	1042	mit	mit	0.94
GLY	1, 436	436	GLN	3, 10	1042	mit	mit	0.83
MET	3, 1	1033	GLN	3, 10	1042	mit	mit	0.89
ALA	3, 2	1034	GLN	3, 10	1042	mit	mit	0.97
GLN	3, 6	1038	GLN	3, 10	1042	mit	mit	0.73
GLY	3, 8	1040	GLN	3, 10	1042	mit	mit	0.73
PHE	3, 9	1041	GLN	3, 10	1042	mit	mit	1
PHE	3, 9	1041	ASP	3, 11	1043	mit	mit	0.77
GLN	3, 10	1042	ASP	3, 11	1043	mit	mit	1
PHE	3, 9	1041	ALA	3, 12	1044	mit	mit	0.76
GLN	3, 10	1042	ALA	3, 12	1044	mit	mit	0.78
ASP	3, 11	1043	ALA	3, 12	1044	mit	mit	1
ASP	3, 11	1043	SER	3, 13	1045	mit	mit	0.98
ALA	3, 12	1044	SER	3, 13	1045	mit	mit	1
ALA	3, 12	1044	SER	3, 14	1046	mit	mit	0.99
SER	3, 13	1045	SER	3, 14	1046	mit	mit	1
SER	3, 14	1046	PRO	3, 15	1047	mit	mit	1
SER	3, 14	1046	ILE	3, 16	1048	mit	mit	1
PRO	3, 15	1047	ILE	3, 16	1048	mit	mit	1
ALA	1, 367	367	MET	3, 17	1049	mit	mit	0.68
PHE	3, 9	1041	MET	3, 17	1049	mit	mit	0.56
ALA	3, 12	1044	MET	3, 17	1049	mit	mit	0.99
SER	3, 13	1045	MET	3, 17	1049	mit	mit	0.98
SER	3, 14	1046	MET	3, 17	1049	mit	mit	1
PRO	3, 15	1047	MET	3, 17	1049	mit	mit	0.98
ILE	3, 16	1048	MET	3, 17	1049	mit	mit	1
ALA	3, 12	1044	GLU	3, 18	1050	mit	mit	0.99
SER	3, 14	1046	GLU	3, 18	1050	mit	mit	0.95
PRO	3, 15	1047	GLU	3, 18	1050	mit	mit	1
ILE	3, 16	1048	GLU	3, 18	1050	mit	mit	0.99
MET	3, 17	1049	GLU	3, 18	1050	mit	mit	1
PRO	3, 15	1047	GLU	3, 19	1051	mit	mit	0.98
ILE	3, 16	1048	GLU	3, 19	1051	mit	mit	1
MET	3, 17	1049	GLU	3, 19	1051	mit	mit	0.99
GLU	3, 18	1050	GLU	3, 19	1051	mit	mit	1
SER	1, 363	363	LEU	3, 20	1052	mit	mit	0.98
LEU	1, 364	364	LEU	3, 20	1052	mit	mit	0.97
ILE	1, 366	366	LEU	3, 20	1052	mit	mit	0.53
ALA	1, 367	367	LEU	3, 20	1052	mit	mit	0.97
PHE	3, 9	1041	LEU	3, 20	1052	mit	mit	0.59
ALA	3, 12	1044	LEU	3, 20	1052	mit	mit	0.71
ILE	3, 16	1048	LEU	3, 20	1052	mit	mit	0.99
MET	3, 17	1049	LEU	3, 20	1052	mit	mit	1
GLU	3, 18	1050	LEU	3, 20	1052	mit	mit	0.99
GLU	3, 19	1051	LEU	3, 20	1052	mit	mit	1
PHE	3, 9	1041	VAL	3, 21	1053	mit	mit	0.99
ALA	3, 12	1044	VAL	3, 21	1053	mit	mit	0.98
MET	3, 17	1049	VAL	3, 21	1053	mit	mit	0.99
GLU	3, 18	1050	VAL	3, 21	1053	mit	mit	1
GLU	3, 19	1051	VAL	3, 21	1053	mit	mit	0.98
LEU	3, 20	1052	VAL	3, 21	1053	mit	mit	1
GLU	3, 18	1050	GLU	3, 22	1054	mit	mit	0.99
GLU	3, 19	1051	GLU	3, 22	1054	mit	mit	1
LEU	3, 20	1052	GLU	3, 22	1054	mit	mit	0.99
VAL	3, 21	1053	GLU	3, 22	1054	mit	mit	1
ASN	1, 361	361	PHE	3, 23	1055	mit	mit	0.74
SER	1, 363	363	PHE	3, 23	1055	mit	mit	0.93
LEU	1, 364	364	PHE	3, 23	1055	mit	mit	0.96
GLU	3, 19	1051	PHE	3, 23	1055	mit	mit	1
LEU	3, 20	1052	PHE	3, 23	1055	mit	mit	1
VAL	3, 21	1053	PHE	3, 23	1055	mit	mit	0.99
GLU	3, 22	1054	PHE	3, 23	1055	mit	mit	1
VAL	1, 358	358	HIS	3, 24	1056	mit	mit	0.82
LEU	1, 364	364	HIS	3, 24	1056	mit	mit	0.98
PHE	3, 9	1041	HIS	3, 24	1056	mit	mit	0.96
LEU	3, 20	1052	HIS	3, 24	1056	mit	mit	1
VAL	3, 21	1053	HIS	3, 24	1056	mit	mit	1
GLU	3, 22	1054	HIS	3, 24	1056	mit	mit	0.99
PHE	3, 23	1055	HIS	3, 24	1056	mit	mit	1
VAL	3, 21	1053	ASP	3, 25	1057	mit	mit	0.99
GLU	3, 22	1054	ASP	3, 25	1057	mit	mit	1
PHE	3, 23	1055	ASP	3, 25	1057	mit	mit	0.99
HIS	3, 24	1056	ASP	3, 25	1057	mit	mit	1
GLU	3, 22	1054	HIS	3, 26	1058	mit	mit	0.99
PHE	3, 23	1055	HIS	3, 26	1058	mit	mit	1
HIS	3, 24	1056	HIS	3, 26	1058	mit	mit	1
ASP	3, 25	1057	HIS	3, 26	1058	mit	mit	1
ILE	1, 357	357	ALA	3, 27	1059	mit	mit	0.71
VAL	1, 358	358	ALA	3, 27	1059	mit	mit	0.99
ASN	1, 361	361	ALA	3, 27	1059	mit	mit	0.89
LEU	1, 364	364	ALA	3, 27	1059	mit	mit	0.89
PHE	3, 23	1055	ALA	3, 27	1059	mit	mit	1
HIS	3, 24	1056	ALA	3, 27	1059	mit	mit	1
ASP	3, 25	1057	ALA	3, 27	1059	mit	mit	0.99
HIS	3, 26	1058	ALA	3, 27	1059	mit	mit	1
VAL	1, 358	358	LEU	3, 28	1060	mit	mit	0.81
HIS	3, 24	1056	LEU	3, 28	1060	mit	mit	1
ASP	3, 25	1057	LEU	3, 28	1060	mit	mit	1
HIS	3, 26	1058	LEU	3, 28	1060	mit	mit	0.98
ALA	3, 27	1059	LEU	3, 28	1060	mit	mit	1
ASP	3, 25	1057	MET	3, 29	1061	mit	mit	0.99
HIS	3, 26	1058	MET	3, 29	1061	mit	mit	1
ALA	3, 27	1059	MET	3, 29	1061	mit	mit	1
LEU	3, 28	1060	MET	3, 29	1061	mit	mit	1
HIS	3, 26	1058	VAL	3, 30	1062	mit	mit	0.98
ALA	3, 27	1059	VAL	3, 30	1062	mit	mit	1
LEU	3, 28	1060	VAL	3, 30	1062	mit	mit	0.99
MET	3, 29	1061	VAL	3, 30	1062	mit	mit	1
LEU	1, 354	354	ALA	3, 31	1063	mit	mit	0.99
THR	1, 355	355	ALA	3, 31	1063	mit	mit	0.74
ILE	1, 357	357	ALA	3, 31	1063	mit	mit	0.81
VAL	1, 358	358	ALA	3, 31	1063	mit	mit	0.96
ALA	3, 27	1059	ALA	3, 31	1063	mit	mit	1
LEU	3, 28	1060	ALA	3, 31	1063	mit	mit	1
MET	3, 29	1061	ALA	3, 31	1063	mit	mit	0.99
VAL	3, 30	1062	ALA	3, 31	1063	mit	mit	1
LEU	3, 28	1060	LEU	3, 32	1064	mit	mit	1
MET	3, 29	1061	LEU	3, 32	1064	mit	mit	1
VAL	3, 30	1062	LEU	3, 32	1064	mit	mit	0.99
ALA	3, 31	1063	LEU	3, 32	1064	mit	mit	1
MET	3, 29	1061	ALA	3, 33	1065	mit	mit	0.99
VAL	3, 30	1062	ALA	3, 33	1065	mit	mit	1
ALA	3, 31	1063	ALA	3, 33	1065	mit	mit	1
LEU	3, 32	1064	ALA	3, 33	1065	mit	mit	1
THR	1, 350	350	ILE	3, 34	1066	mit	mit	0.76
LEU	1, 354	354	ILE	3, 34	1066	mit	mit	0.99
VAL	3, 30	1062	ILE	3, 34	1066	mit	mit	1
ALA	3, 31	1063	ILE	3, 34	1066	mit	mit	1
LEU	3, 32	1064	ILE	3, 34	1066	mit	mit	0.98
ALA	3, 33	1065	ILE	3, 34	1066	mit	mit	1
THR	1, 350	350	CYS	3, 35	1067	mit	mit	0.97
ILE	1, 351	351	CYS	3, 35	1067	mit	mit	0.98
LEU	1, 354	354	CYS	3, 35	1067	mit	mit	0.97
ALA	3, 31	1063	CYS	3, 35	1067	mit	mit	1
LEU	3, 32	1064	CYS	3, 35	1067	mit	mit	1
ALA	3, 33	1065	CYS	3, 35	1067	mit	mit	0.98
ILE	3, 34	1066	CYS	3, 35	1067	mit	mit	1
LEU	3, 32	1064	SER	3, 36	1068	mit	mit	1
ALA	3, 33	1065	SER	3, 36	1068	mit	mit	1
ILE	3, 34	1066	SER	3, 36	1068	mit	mit	0.98
CYS	3, 35	1067	SER	3, 36	1068	mit	mit	1
ALA	3, 33	1065	LEU	3, 37	1069	mit	mit	0.99
ILE	3, 34	1066	LEU	3, 37	1069	mit	mit	1
CYS	3, 35	1067	LEU	3, 37	1069	mit	mit	1
SER	3, 36	1068	LEU	3, 37	1069	mit	mit	1
VAL	1, 321	321	VAL	3, 38	1070	mit	mit	0.92
LEU	1, 325	325	VAL	3, 38	1070	mit	mit	0.88
ILE	1, 346	346	VAL	3, 38	1070	mit	mit	0.57
PHE	1, 347	347	VAL	3, 38	1070	mit	mit	0.92
THR	1, 350	350	VAL	3, 38	1070	mit	mit	0.99
ILE	3, 34	1066	VAL	3, 38	1070	mit	mit	1
CYS	3, 35	1067	VAL	3, 38	1070	mit	mit	1
SER	3, 36	1068	VAL	3, 38	1070	mit	mit	0.98
LEU	3, 37	1069	VAL	3, 38	1070	mit	mit	1
PHE	1, 347	347	LEU	3, 39	1071	mit	mit	0.96
CYS	3, 35	1067	LEU	3, 39	1071	mit	mit	1
SER	3, 36	1068	LEU	3, 39	1071	mit	mit	1
LEU	3, 37	1069	LEU	3, 39	1071	mit	mit	0.99
VAL	3, 38	1070	LEU	3, 39	1071	mit	mit	1
SER	3, 36	1068	TYR	3, 40	1072	mit	mit	1
LEU	3, 37	1069	TYR	3, 40	1072	mit	mit	1
VAL	3, 38	1070	TYR	3, 40	1072	mit	mit	0.99
LEU	3, 39	1071	TYR	3, 40	1072	mit	mit	1
LEU	1, 325	325	LEU	3, 41	1073	mit	mit	0.98
LEU	3, 37	1069	LEU	3, 41	1073	mit	mit	1
VAL	3, 38	1070	LEU	3, 41	1073	mit	mit	1
LEU	3, 39	1071	LEU	3, 41	1073	mit	mit	0.99
TYR	3, 40	1072	LEU	3, 41	1073	mit	mit	1
LEU	1, 325	325	LEU	3, 42	1074	mit	mit	0.97
LEU	1, 328	328	LEU	3, 42	1074	mit	mit	0.59
LEU	1, 343	343	LEU	3, 42	1074	mit	mit	0.94
ILE	1, 346	346	LEU	3, 42	1074	mit	mit	0.94
PHE	1, 347	347	LEU	3, 42	1074	mit	mit	0.97
VAL	3, 38	1070	LEU	3, 42	1074	mit	mit	1
LEU	3, 39	1071	LEU	3, 42	1074	mit	mit	1
TYR	3, 40	1072	LEU	3, 42	1074	mit	mit	0.99
LEU	3, 41	1073	LEU	3, 42	1074	mit	mit	1
LEU	3, 39	1071	THR	3, 43	1075	mit	mit	0.99
TYR	3, 40	1072	THR	3, 43	1075	mit	mit	1
LEU	3, 41	1073	THR	3, 43	1075	mit	mit	0.98
LEU	3, 42	1074	THR	3, 43	1075	mit	mit	1
TYR	3, 40	1072	LEU	3, 44	1076	mit	mit	0.99
LEU	3, 41	1073	LEU	3, 44	1076	mit	mit	0.99
LEU	3, 42	1074	LEU	3, 44	1076	mit	mit	0.99
THR	3, 43	1075	LEU	3, 44	1076	mit	mit	1
LEU	1, 325	325	MET	3, 45	1077	mit	mit	0.94
LEU	1, 328	328	MET	3, 45	1077	mit	mit	0.99
HIS	1, 329	329	MET	3, 45	1077	mit	mit	0.97
GLY	1, 330	330	MET	3, 45	1077	mit	mit	0.73
LEU	3, 41	1073	MET	3, 45	1077	mit	mit	0.99
LEU	3, 42	1074	MET	3, 45	1077	mit	mit	0.99
THR	3, 43	1075	MET	3, 45	1077	mit	mit	0.95
LEU	3, 44	1076	MET	3, 45	1077	mit	mit	1
LEU	1, 328	328	LEU	3, 46	1078	mit	mit	0.88
ILE	1, 333	333	LEU	3, 46	1078	mit	mit	0.95
LEU	1, 343	343	LEU	3, 46	1078	mit	mit	0.72
LEU	3, 42	1074	LEU	3, 46	1078	mit	mit	0.99
THR	3, 43	1075	LEU	3, 46	1078	mit	mit	1
LEU	3, 44	1076	LEU	3, 46	1078	mit	mit	0.97
MET	3, 45	1077	LEU	3, 46	1078	mit	mit	1
THR	3, 43	1075	MET	3, 47	1079	mit	mit	0.97
LEU	3, 44	1076	MET	3, 47	1079	mit	mit	0.98
MET	3, 45	1077	MET	3, 47	1079	mit	mit	0.8
LEU	3, 46	1078	MET	3, 47	1079	mit	mit	1
GLY	1, 330	330	GLU	3, 48	1080	mit	mit	0.84
LEU	3, 44	1076	GLU	3, 48	1080	mit	mit	0.84
MET	3, 45	1077	GLU	3, 48	1080	mit	mit	0.91
LEU	3, 46	1078	GLU	3, 48	1080	mit	mit	0.88
MET	3, 47	1079	GLU	3, 48	1080	mit	mit	1
GLU	3, 48	1080	LYS	3, 49	1081	mit	mit	1
GLY	1, 330	330	LEU	3, 50	1082	mit	mit	0.89
GLU	3, 48	1080	LEU	3, 50	1082	mit	mit	0.99
LYS	3, 49	1081	LEU	3, 50	1082	mit	mit	1
GLY	1, 330	330	SER	3, 51	1083	mit	mit	0.97
GLY	1, 331	331	SER	3, 51	1083	mit	mit	0.98
THR	1, 332	332	SER	3, 51	1083	mit	mit	0.96
LYS	3, 49	1081	SER	3, 51	1083	mit	mit	0.56
LEU	3, 50	1082	SER	3, 51	1083	mit	mit	1
HIS	1, 329	329	SER	3, 52	1084	mit	mit	0.59
GLY	1, 330	330	SER	3, 52	1084	mit	mit	0.98
GLY	1, 331	331	SER	3, 52	1084	mit	mit	0.84
LEU	3, 50	1082	SER	3, 52	1084	mit	mit	0.95
SER	3, 51	1083	SER	3, 52	1084	mit	mit	1
LYS	1, 265	265	ASN	3, 53	1085	mit	mit	0.92
LYS	1, 266	266	ASN	3, 53	1085	mit	mit	0.76
GLY	1, 330	330	ASN	3, 53	1085	mit	mit	0.74
GLY	1, 331	331	ASN	3, 53	1085	mit	mit	0.68
SER	3, 51	1083	ASN	3, 53	1085	mit	mit	0.75
SER	3, 52	1084	ASN	3, 53	1085	mit	mit	1
SER	3, 52	1084	THR	3, 54	1086	mit	mit	0.93
ASN	3, 53	1085	THR	3, 54	1086	mit	mit	1
PHE	1, 269	269	VAL	3, 55	1087	mit	mit	0.8
ASN	3, 53	1085	VAL	3, 55	1087	mit	mit	0.51
THR	3, 54	1086	VAL	3, 55	1087	mit	mit	1
THR	3, 54	1086	ASP	3, 56	1088	mit	mit	0.64
VAL	3, 55	1087	ASP	3, 56	1088	mit	mit	1
PHE	1, 269	269	ALA	3, 57	1089	mit	mit	0.8
GLY	1, 270	270	ALA	3, 57	1089	mit	mit	0.84
VAL	3, 55	1087	ALA	3, 57	1089	mit	mit	0.89
ASP	3, 56	1088	ALA	3, 57	1089	mit	mit	1
ASP	3, 56	1088	GLN	3, 58	1090	mit	mit	0.9
ALA	3, 57	1089	GLN	3, 58	1090	mit	mit	1
ASP	3, 56	1088	GLU	3, 59	1091	mit	mit	0.73
ALA	3, 57	1089	GLU	3, 59	1091	mit	mit	0.79
GLN	3, 58	1090	GLU	3, 59	1091	mit	mit	1
ALA	1, 326	326	VAL	3, 60	1092	mit	mit	0.78
ALA	3, 57	1089	VAL	3, 60	1092	mit	mit	0.9
GLN	3, 58	1090	VAL	3, 60	1092	mit	mit	0.75
GLU	3, 59	1091	VAL	3, 60	1092	mit	mit	1
GLY	1, 270	270	GLU	3, 61	1093	mit	mit	0.85
GLY	1, 273	273	GLU	3, 61	1093	mit	mit	0.87
ILE	1, 319	319	GLU	3, 61	1093	mit	mit	0.8
ALA	3, 57	1089	GLU	3, 61	1093	mit	mit	0.9
GLN	3, 58	1090	GLU	3, 61	1093	mit	mit	0.97
GLU	3, 59	1091	GLU	3, 61	1093	mit	mit	0.97
VAL	3, 60	1092	GLU	3, 61	1093	mit	mit	1
GLN	3, 58	1090	LEU	3, 62	1094	mit	mit	0.79
GLU	3, 59	1091	LEU	3, 62	1094	mit	mit	0.95
VAL	3, 60	1092	LEU	3, 62	1094	mit	mit	0.97
GLU	3, 61	1093	LEU	3, 62	1094	mit	mit	1
GLU	3, 59	1091	ILE	3, 63	1095	mit	mit	0.73
VAL	3, 60	1092	ILE	3, 63	1095	mit	mit	0.99
GLU	3, 61	1093	ILE	3, 63	1095	mit	mit	0.97
LEU	3, 62	1094	ILE	3, 63	1095	mit	mit	1
GLY	1, 318	318	TRP	3, 64	1096	mit	mit	0.86
ILE	1, 319	319	TRP	3, 64	1096	mit	mit	0.96
PHE	1, 322	322	TRP	3, 64	1096	mit	mit	0.98
VAL	3, 60	1092	TRP	3, 64	1096	mit	mit	0.96
GLU	3, 61	1093	TRP	3, 64	1096	mit	mit	0.99
LEU	3, 62	1094	TRP	3, 64	1096	mit	mit	0.68
ILE	3, 63	1095	TRP	3, 64	1096	mit	mit	1
ILE	1, 315	315	THR	3, 65	1097	mit	mit	0.94
ILE	1, 319	319	THR	3, 65	1097	mit	mit	0.97
GLU	3, 61	1093	THR	3, 65	1097	mit	mit	0.97
LEU	3, 62	1094	THR	3, 65	1097	mit	mit	0.99
ILE	3, 63	1095	THR	3, 65	1097	mit	mit	0.98
TRP	3, 64	1096	THR	3, 65	1097	mit	mit	1
LEU	3, 62	1094	ILE	3, 66	1098	mit	mit	0.98
ILE	3, 63	1095	ILE	3, 66	1098	mit	mit	0.99
TRP	3, 64	1096	ILE	3, 66	1098	mit	mit	0.64
THR	3, 65	1097	ILE	3, 66	1098	mit	mit	1
ILE	3, 63	1095	LEU	3, 67	1099	mit	mit	0.98
TRP	3, 64	1096	LEU	3, 67	1099	mit	mit	0.99
THR	3, 65	1097	LEU	3, 67	1099	mit	mit	0.87
ILE	3, 66	1098	LEU	3, 67	1099	mit	mit	1
ALA	1, 314	314	PRO	3, 68	1100	mit	mit	0.91
ILE	1, 315	315	PRO	3, 68	1100	mit	mit	0.98
GLY	1, 318	318	PRO	3, 68	1100	mit	mit	0.97
TRP	3, 64	1096	PRO	3, 68	1100	mit	mit	0.94
THR	3, 65	1097	PRO	3, 68	1100	mit	mit	0.97
ILE	3, 66	1098	PRO	3, 68	1100	mit	mit	0.89
LEU	3, 67	1099	PRO	3, 68	1100	mit	mit	1
ILE	1, 315	315	ALA	3, 69	1101	mit	mit	0.97
THR	3, 65	1097	ALA	3, 69	1101	mit	mit	0.96
ILE	3, 66	1098	ALA	3, 69	1101	mit	mit	1
LEU	3, 67	1099	ALA	3, 69	1101	mit	mit	0.99
PRO	3, 68	1100	ALA	3, 69	1101	mit	mit	1
ILE	3, 66	1098	ILE	3, 70	1102	mit	mit	0.98
LEU	3, 67	1099	ILE	3, 70	1102	mit	mit	1
PRO	3, 68	1100	ILE	3, 70	1102	mit	mit	0.98
ALA	3, 69	1101	ILE	3, 70	1102	mit	mit	1
VAL	3, 30	1062	VAL	3, 71	1103	mit	mit	0.98
LEU	3, 67	1099	VAL	3, 71	1103	mit	mit	0.98
PRO	3, 68	1100	VAL	3, 71	1103	mit	mit	1
ALA	3, 69	1101	VAL	3, 71	1103	mit	mit	0.99
ILE	3, 70	1102	VAL	3, 71	1103	mit	mit	1
MET	1, 311	311	LEU	3, 72	1104	mit	mit	0.99
ILE	1, 312	312	LEU	3, 72	1104	mit	mit	0.86
ALA	1, 314	314	LEU	3, 72	1104	mit	mit	0.95
ILE	1, 315	315	LEU	3, 72	1104	mit	mit	0.93
PRO	3, 68	1100	LEU	3, 72	1104	mit	mit	0.99
ALA	3, 69	1101	LEU	3, 72	1104	mit	mit	1
ILE	3, 70	1102	LEU	3, 72	1104	mit	mit	0.99
VAL	3, 71	1103	LEU	3, 72	1104	mit	mit	1
ALA	3, 69	1101	VAL	3, 73	1105	mit	mit	0.98
ILE	3, 70	1102	VAL	3, 73	1105	mit	mit	1
VAL	3, 71	1103	VAL	3, 73	1105	mit	mit	0.99
LEU	3, 72	1104	VAL	3, 73	1105	mit	mit	1
VAL	3, 30	1062	LEU	3, 74	1106	mit	mit	0.68
ILE	3, 70	1102	LEU	3, 74	1106	mit	mit	0.98
VAL	3, 71	1103	LEU	3, 74	1106	mit	mit	1
LEU	3, 72	1104	LEU	3, 74	1106	mit	mit	0.99
VAL	3, 73	1105	LEU	3, 74	1106	mit	mit	1
MET	1, 311	311	LEU	3, 75	1107	mit	mit	0.9
ILE	1, 357	357	LEU	3, 75	1107	mit	mit	0.78
ASN	1, 361	361	LEU	3, 75	1107	mit	mit	0.75
HIS	3, 26	1058	LEU	3, 75	1107	mit	mit	0.81
ALA	3, 27	1059	LEU	3, 75	1107	mit	mit	0.98
VAL	3, 30	1062	LEU	3, 75	1107	mit	mit	0.98
VAL	3, 71	1103	LEU	3, 75	1107	mit	mit	0.99
LEU	3, 72	1104	LEU	3, 75	1107	mit	mit	1
VAL	3, 73	1105	LEU	3, 75	1107	mit	mit	0.99
LEU	3, 74	1106	LEU	3, 75	1107	mit	mit	1
THR	1, 307	307	ALA	3, 76	1108	mit	mit	0.85
SER	1, 308	308	ALA	3, 76	1108	mit	mit	0.98
MET	1, 311	311	ALA	3, 76	1108	mit	mit	0.98
LEU	3, 72	1104	ALA	3, 76	1108	mit	mit	1
VAL	3, 73	1105	ALA	3, 76	1108	mit	mit	1
LEU	3, 74	1106	ALA	3, 76	1108	mit	mit	0.92
LEU	3, 75	1107	ALA	3, 76	1108	mit	mit	1
VAL	3, 73	1105	LEU	3, 77	1109	mit	mit	0.98
LEU	3, 74	1106	LEU	3, 77	1109	mit	mit	0.98
LEU	3, 75	1107	LEU	3, 77	1109	mit	mit	0.9
ALA	3, 76	1108	LEU	3, 77	1109	mit	mit	1
PHE	3, 23	1055	PRO	3, 78	1110	mit	mit	0.99
HIS	3, 26	1058	PRO	3, 78	1110	mit	mit	0.95
LEU	3, 74	1106	PRO	3, 78	1110	mit	mit	0.56
LEU	3, 75	1107	PRO	3, 78	1110	mit	mit	0.96
ALA	3, 76	1108	PRO	3, 78	1110	mit	mit	0.87
LEU	3, 77	1109	PRO	3, 78	1110	mit	mit	1
THR	1, 307	307	SER	3, 79	1111	mit	mit	0.96
ASN	1, 361	361	SER	3, 79	1111	mit	mit	0.99
SER	1, 362	362	SER	3, 79	1111	mit	mit	0.77
SER	1, 363	363	SER	3, 79	1111	mit	mit	0.98
LEU	1, 364	364	SER	3, 79	1111	mit	mit	0.79
PHE	3, 23	1055	SER	3, 79	1111	mit	mit	0.98
LEU	3, 75	1107	SER	3, 79	1111	mit	mit	0.98
ALA	3, 76	1108	SER	3, 79	1111	mit	mit	1
LEU	3, 77	1109	SER	3, 79	1111	mit	mit	0.99
PRO	3, 78	1110	SER	3, 79	1111	mit	mit	1
ALA	1, 304	304	LEU	3, 80	1112	mit	mit	0.98
THR	1, 307	307	LEU	3, 80	1112	mit	mit	0.89
SER	1, 308	308	LEU	3, 80	1112	mit	mit	0.73
ALA	3, 76	1108	LEU	3, 80	1112	mit	mit	0.99
LEU	3, 77	1109	LEU	3, 80	1112	mit	mit	0.99
PRO	3, 78	1110	LEU	3, 80	1112	mit	mit	0.96
SER	3, 79	1111	LEU	3, 80	1112	mit	mit	1
LEU	3, 77	1109	GLN	3, 81	1113	mit	mit	0.98
PRO	3, 78	1110	GLN	3, 81	1113	mit	mit	1
SER	3, 79	1111	GLN	3, 81	1113	mit	mit	0.99
LEU	3, 80	1112	GLN	3, 81	1113	mit	mit	1
SER	1, 363	363	ILE	3, 82	1114	mit	mit	0.98
ILE	3, 16	1048	ILE	3, 82	1114	mit	mit	0.75
GLU	3, 19	1051	ILE	3, 82	1114	mit	mit	0.99
LEU	3, 20	1052	ILE	3, 82	1114	mit	mit	0.96
PHE	3, 23	1055	ILE	3, 82	1114	mit	mit	0.98
PRO	3, 78	1110	ILE	3, 82	1114	mit	mit	0.98
SER	3, 79	1111	ILE	3, 82	1114	mit	mit	1
LEU	3, 80	1112	ILE	3, 82	1114	mit	mit	0.97
GLN	3, 81	1113	ILE	3, 82	1114	mit	mit	1
VAL	1, 300	300	LEU	3, 83	1115	mit	mit	0.94
ARG	1, 303	303	LEU	3, 83	1115	mit	mit	0.95
ALA	1, 304	304	LEU	3, 83	1115	mit	mit	0.97
THR	1, 307	307	LEU	3, 83	1115	mit	mit	0.86
SER	1, 362	362	LEU	3, 83	1115	mit	mit	0.98
SER	1, 363	363	LEU	3, 83	1115	mit	mit	0.98
SER	3, 79	1111	LEU	3, 83	1115	mit	mit	0.99
LEU	3, 80	1112	LEU	3, 83	1115	mit	mit	1
GLN	3, 81	1113	LEU	3, 83	1115	mit	mit	0.99
ILE	3, 82	1114	LEU	3, 83	1115	mit	mit	1
VAL	1, 300	300	TYR	3, 84	1116	mit	mit	0.94
ALA	1, 304	304	TYR	3, 84	1116	mit	mit	0.72
LEU	3, 80	1112	TYR	3, 84	1116	mit	mit	0.99
GLN	3, 81	1113	TYR	3, 84	1116	mit	mit	0.99
ILE	3, 82	1114	TYR	3, 84	1116	mit	mit	0.94
LEU	3, 83	1115	TYR	3, 84	1116	mit	mit	1
ILE	3, 16	1048	MET	3, 85	1117	mit	mit	0.88
GLU	3, 19	1051	MET	3, 85	1117	mit	mit	0.86
GLN	3, 81	1113	MET	3, 85	1117	mit	mit	0.98
ILE	3, 82	1114	MET	3, 85	1117	mit	mit	1
LEU	3, 83	1115	MET	3, 85	1117	mit	mit	0.99
TYR	3, 84	1116	MET	3, 85	1117	mit	mit	1
SER	1, 363	363	MET	3, 86	1118	mit	mit	0.92
ILE	1, 366	366	MET	3, 86	1118	mit	mit	0.75
ILE	3, 16	1048	MET	3, 86	1118	mit	mit	0.99
ILE	3, 82	1114	MET	3, 86	1118	mit	mit	0.99
LEU	3, 83	1115	MET	3, 86	1118	mit	mit	0.99
TYR	3, 84	1116	MET	3, 86	1118	mit	mit	0.98
MET	3, 85	1117	MET	3, 86	1118	mit	mit	1
VAL	1, 300	300	ASP	3, 87	1119	mit	mit	0.96
LEU	3, 83	1115	ASP	3, 87	1119	mit	mit	0.91
TYR	3, 84	1116	ASP	3, 87	1119	mit	mit	0.97
MET	3, 85	1117	ASP	3, 87	1119	mit	mit	0.88
MET	3, 86	1118	ASP	3, 87	1119	mit	mit	1
TYR	3, 84	1116	GLU	3, 88	1120	mit	mit	0.94
MET	3, 85	1117	GLU	3, 88	1120	mit	mit	0.97
MET	3, 86	1118	GLU	3, 88	1120	mit	mit	0.9
ASP	3, 87	1119	GLU	3, 88	1120	mit	mit	1
ASP	3, 87	1119	ILE	3, 89	1121	mit	mit	0.66
GLU	3, 88	1120	ILE	3, 89	1121	mit	mit	1
GLU	3, 88	1120	ASP	3, 90	1122	mit	mit	0.94
ILE	3, 89	1121	ASP	3, 90	1122	mit	mit	1
ILE	3, 89	1121	GLU	3, 91	1123	mit	mit	0.57
ASP	3, 90	1122	GLU	3, 91	1123	mit	mit	1
ILE	3, 89	1121	PRO	3, 92	1124	mit	mit	0.74
ASP	3, 90	1122	PRO	3, 92	1124	mit	mit	0.77
GLU	3, 91	1123	PRO	3, 92	1124	mit	mit	1
GLU	3, 91	1123	ASP	3, 93	1125	mit	mit	0.77
PRO	3, 92	1124	ASP	3, 93	1125	mit	mit	1
PRO	3, 92	1124	LEU	3, 94	1126	mit	mit	0.96
ASP	3, 93	1125	LEU	3, 94	1126	mit	mit	1
PRO	3, 92	1124	THR	3, 95	1127	mit	mit	0.95
LEU	3, 94	1126	THR	3, 95	1127	mit	mit	1
LEU	3, 94	1126	LEU	3, 96	1128	mit	mit	1
THR	3, 95	1127	LEU	3, 96	1128	mit	mit	1
THR	3, 95	1127	LYS	3, 97	1129	mit	mit	0.99
LEU	3, 96	1128	LYS	3, 97	1129	mit	mit	1
LEU	3, 96	1128	ALA	3, 98	1130	mit	mit	1
LYS	3, 97	1129	ALA	3, 98	1130	mit	mit	1
LYS	3, 97	1129	ILE	3, 99	1131	mit	mit	1
ALA	3, 98	1130	ILE	3, 99	1131	mit	mit	1
ALA	3, 98	1130	GLY	3, 100	1132	mit	mit	1
ILE	3, 99	1131	GLY	3, 100	1132	mit	mit	1
ILE	3, 99	1131	HIS	3, 101	1133	mit	mit	0.99
GLY	3, 100	1132	HIS	3, 101	1133	mit	mit	1
ALA	1, 138	138	GLN	3, 102	1134	mit	mit	0.53
HIS	3, 101	1133	GLN	3, 102	1134	mit	mit	1
HIS	3, 101	1133	TRP	3, 103	1135	mit	mit	0.94
GLN	3, 102	1134	TRP	3, 103	1135	mit	mit	1
GLY	3, 100	1132	TYR	3, 104	1136	mit	mit	0.88
HIS	3, 101	1133	TYR	3, 104	1136	mit	mit	0.99
GLN	3, 102	1134	TYR	3, 104	1136	mit	mit	0.75
TRP	3, 103	1135	TYR	3, 104	1136	mit	mit	1
ALA	3, 98	1130	TRP	3, 105	1137	mit	mit	0.99
ILE	3, 99	1131	TRP	3, 105	1137	mit	mit	0.98
GLY	3, 100	1132	TRP	3, 105	1137	mit	mit	1
HIS	3, 101	1133	TRP	3, 105	1137	mit	mit	0.96
TYR	3, 104	1136	TRP	3, 105	1137	mit	mit	1
ALA	3, 98	1130	THR	3, 106	1138	mit	mit	0.82
ILE	3, 99	1131	THR	3, 106	1138	mit	mit	1
GLY	3, 100	1132	THR	3, 106	1138	mit	mit	1
HIS	3, 101	1133	THR	3, 106	1138	mit	mit	0.99
TYR	3, 104	1136	THR	3, 106	1138	mit	mit	0.99
TRP	3, 105	1137	THR	3, 106	1138	mit	mit	1
LEU	3, 96	1128	TYR	3, 107	1139	mit	mit	0.98
LYS	3, 97	1129	TYR	3, 107	1139	mit	mit	0.97
ALA	3, 98	1130	TYR	3, 107	1139	mit	mit	1
ILE	3, 99	1131	TYR	3, 107	1139	mit	mit	0.81
TRP	3, 105	1137	TYR	3, 107	1139	mit	mit	1
THR	3, 106	1138	TYR	3, 107	1139	mit	mit	1
LEU	3, 96	1128	GLU	3, 108	1140	mit	mit	0.88
LYS	3, 97	1129	GLU	3, 108	1140	mit	mit	1
ILE	3, 99	1131	GLU	3, 108	1140	mit	mit	0.95
THR	3, 106	1138	GLU	3, 108	1140	mit	mit	1
TYR	3, 107	1139	GLU	3, 108	1140	mit	mit	1
LEU	3, 94	1126	TYR	3, 109	1141	mit	mit	0.58
LEU	3, 96	1128	TYR	3, 109	1141	mit	mit	0.99
LYS	3, 97	1129	TYR	3, 109	1141	mit	mit	0.66
TYR	3, 107	1139	TYR	3, 109	1141	mit	mit	0.97
GLU	3, 108	1140	TYR	3, 109	1141	mit	mit	1
THR	3, 95	1127	THR	3, 110	1142	mit	mit	0.56
LYS	3, 97	1129	THR	3, 110	1142	mit	mit	0.92
GLU	3, 108	1140	THR	3, 110	1142	mit	mit	1
TYR	3, 109	1141	THR	3, 110	1142	mit	mit	1
LEU	3, 94	1126	ASP	3, 111	1143	mit	mit	0.94
THR	3, 95	1127	ASP	3, 111	1143	mit	mit	0.98
TYR	3, 109	1141	ASP	3, 111	1143	mit	mit	0.99
THR	3, 110	1142	ASP	3, 111	1143	mit	mit	1
ASP	3, 111	1143	PHE	3, 112	1144	mit	mit	1
TYR	3, 109	1141	LYS	3, 113	1145	mit	mit	0.67
THR	3, 110	1142	LYS	3, 113	1145	mit	mit	0.6
PHE	3, 112	1144	LYS	3, 113	1145	mit	mit	1
GLU	3, 108	1140	ASP	3, 114	1146	mit	mit	0.56
TYR	3, 109	1141	ASP	3, 114	1146	mit	mit	0.53
THR	3, 110	1142	ASP	3, 114	1146	mit	mit	0.96
LYS	3, 113	1145	ASP	3, 114	1146	mit	mit	1
GLU	3, 108	1140	LEU	3, 115	1147	mit	mit	0.96
TYR	3, 109	1141	LEU	3, 115	1147	mit	mit	0.99
THR	3, 110	1142	LEU	3, 115	1147	mit	mit	0.83
LYS	3, 113	1145	LEU	3, 115	1147	mit	mit	0.98
ASP	3, 114	1146	LEU	3, 115	1147	mit	mit	1
THR	3, 106	1138	SER	3, 116	1148	mit	mit	0.97
TYR	3, 107	1139	SER	3, 116	1148	mit	mit	0.94
GLU	3, 108	1140	SER	3, 116	1148	mit	mit	1
TYR	3, 109	1141	SER	3, 116	1148	mit	mit	0.81
THR	3, 110	1142	SER	3, 116	1148	mit	mit	0.54
ASP	3, 114	1146	SER	3, 116	1148	mit	mit	0.97
LEU	3, 115	1147	SER	3, 116	1148	mit	mit	1
THR	3, 106	1138	PHE	3, 117	1149	mit	mit	0.94
TYR	3, 107	1139	PHE	3, 117	1149	mit	mit	0.99
LEU	3, 115	1147	PHE	3, 117	1149	mit	mit	0.96
SER	3, 116	1148	PHE	3, 117	1149	mit	mit	1
TYR	3, 104	1136	ASP	3, 118	1150	mit	mit	0.99
TRP	3, 105	1137	ASP	3, 118	1150	mit	mit	0.89
THR	3, 106	1138	ASP	3, 118	1150	mit	mit	1
PHE	3, 117	1149	ASP	3, 118	1150	mit	mit	1
TYR	3, 104	1136	SER	3, 119	1151	mit	mit	0.99
TRP	3, 105	1137	SER	3, 119	1151	mit	mit	1
THR	3, 106	1138	SER	3, 119	1151	mit	mit	0.9
TYR	3, 107	1139	SER	3, 119	1151	mit	mit	0.98
PHE	3, 117	1149	SER	3, 119	1151	mit	mit	0.98
ASP	3, 118	1150	SER	3, 119	1151	mit	mit	1
TYR	3, 104	1136	TYR	3, 120	1152	mit	mit	0.99
ASP	3, 118	1150	TYR	3, 120	1152	mit	mit	0.99
SER	3, 119	1151	TYR	3, 120	1152	mit	mit	1
TYR	3, 104	1136	MET	3, 121	1153	mit	mit	0.67
TYR	3, 120	1152	MET	3, 121	1153	mit	mit	1
TYR	3, 120	1152	THR	3, 122	1154	mit	mit	0.84
MET	3, 121	1153	THR	3, 122	1154	mit	mit	1
MET	3, 121	1153	PRO	3, 123	1155	mit	mit	0.97
THR	3, 122	1154	PRO	3, 123	1155	mit	mit	1
PRO	3, 123	1155	THR	3, 124	1156	mit	mit	1
PRO	3, 123	1155	THR	3, 125	1157	mit	mit	0.99
THR	3, 124	1156	THR	3, 125	1157	mit	mit	1
THR	3, 122	1154	ASP	3, 126	1158	mit	mit	0.96
PRO	3, 123	1155	ASP	3, 126	1158	mit	mit	0.99
THR	3, 124	1156	ASP	3, 126	1158	mit	mit	0.83
THR	3, 125	1157	ASP	3, 126	1158	mit	mit	1
THR	3, 122	1154	LEU	3, 127	1159	mit	mit	0.98
PRO	3, 123	1155	LEU	3, 127	1159	mit	mit	0.88
THR	3, 124	1156	LEU	3, 127	1159	mit	mit	0.99
THR	3, 125	1157	LEU	3, 127	1159	mit	mit	0.95
ASP	3, 126	1158	LEU	3, 127	1159	mit	mit	1
LEU	3, 127	1159	PRO	3, 128	1160	mit	mit	1
PRO	3, 128	1160	LEU	3, 129	1161	mit	mit	1
LEU	3, 127	1159	GLY	3, 130	1162	mit	mit	0.76
PRO	3, 128	1160	GLY	3, 130	1162	mit	mit	1
LEU	3, 129	1161	GLY	3, 130	1162	mit	mit	1
THR	3, 122	1154	HIS	3, 131	1163	mit	mit	0.83
LEU	3, 127	1159	HIS	3, 131	1163	mit	mit	0.99
PRO	3, 128	1160	HIS	3, 131	1163	mit	mit	0.98
LEU	3, 129	1161	HIS	3, 131	1163	mit	mit	0.97
GLY	3, 130	1162	HIS	3, 131	1163	mit	mit	1
PRO	1, 445	445	PHE	3, 132	1164	mit	mit	0.94
ASP	1, 446	446	PHE	3, 132	1164	mit	mit	0.82
MET	3, 1	1033	PHE	3, 132	1164	mit	mit	0.73
GLY	3, 130	1162	PHE	3, 132	1164	mit	mit	0.92
HIS	3, 131	1163	PHE	3, 132	1164	mit	mit	1
PRO	1, 445	445	ARG	3, 133	1165	mit	mit	0.96
ASP	1, 446	446	ARG	3, 133	1165	mit	mit	0.98
THR	3, 124	1156	ARG	3, 133	1165	mit	mit	0.97
LEU	3, 127	1159	ARG	3, 133	1165	mit	mit	0.93
HIS	3, 131	1163	ARG	3, 133	1165	mit	mit	0.72
PHE	3, 132	1164	ARG	3, 133	1165	mit	mit	1
ASP	1, 443	443	LEU	3, 134	1166	mit	mit	0.96
TYR	1, 444	444	LEU	3, 134	1166	mit	mit	0.76
PRO	1, 445	445	LEU	3, 134	1166	mit	mit	0.98
MET	3, 121	1153	LEU	3, 134	1166	mit	mit	0.91
THR	3, 124	1156	LEU	3, 134	1166	mit	mit	0.73
PHE	3, 132	1164	LEU	3, 134	1166	mit	mit	0.95
ARG	3, 133	1165	LEU	3, 134	1166	mit	mit	1
PRO	1, 445	445	LEU	3, 135	1167	mit	mit	0.98
MET	3, 1	1033	LEU	3, 135	1167	mit	mit	0.8
PHE	3, 132	1164	LEU	3, 135	1167	mit	mit	0.99
ARG	3, 133	1165	LEU	3, 135	1167	mit	mit	0.98
LEU	3, 134	1166	LEU	3, 135	1167	mit	mit	1
MET	3, 121	1153	GLU	3, 136	1168	mit	mit	0.94
THR	3, 122	1154	GLU	3, 136	1168	mit	mit	0.99
LEU	3, 127	1159	GLU	3, 136	1168	mit	mit	0.93
HIS	3, 131	1163	GLU	3, 136	1168	mit	mit	0.99
PHE	3, 132	1164	GLU	3, 136	1168	mit	mit	0.98
LEU	3, 135	1167	GLU	3, 136	1168	mit	mit	1
SER	3, 119	1151	VAL	3, 137	1169	mit	mit	1
TYR	3, 120	1152	VAL	3, 137	1169	mit	mit	0.98
MET	3, 121	1153	VAL	3, 137	1169	mit	mit	0.99
THR	3, 122	1154	VAL	3, 137	1169	mit	mit	0.99
GLU	3, 136	1168	VAL	3, 137	1169	mit	mit	1
SER	3, 119	1151	ASP	3, 138	1170	mit	mit	0.98
TYR	3, 120	1152	ASP	3, 138	1170	mit	mit	0.99
MET	3, 121	1153	ASP	3, 138	1170	mit	mit	0.55
THR	3, 122	1154	ASP	3, 138	1170	mit	mit	0.98
VAL	3, 137	1169	ASP	3, 138	1170	mit	mit	1
PHE	3, 117	1149	HIS	3, 139	1171	mit	mit	0.99
ASP	3, 118	1150	HIS	3, 139	1171	mit	mit	0.91
SER	3, 119	1151	HIS	3, 139	1171	mit	mit	0.99
TYR	3, 120	1152	HIS	3, 139	1171	mit	mit	0.54
VAL	3, 137	1169	HIS	3, 139	1171	mit	mit	0.99
ASP	3, 138	1170	HIS	3, 139	1171	mit	mit	1
SER	3, 119	1151	ARG	3, 140	1172	mit	mit	0.81
VAL	3, 137	1169	ARG	3, 140	1172	mit	mit	0.98
HIS	3, 139	1171	ARG	3, 140	1172	mit	mit	1
LEU	3, 96	1128	ILE	3, 141	1173	mit	mit	0.89
TYR	3, 107	1139	ILE	3, 141	1173	mit	mit	0.99
SER	3, 119	1151	ILE	3, 141	1173	mit	mit	0.84
ARG	3, 140	1172	ILE	3, 141	1173	mit	mit	1
ARG	3, 140	1172	VAL	3, 142	1174	mit	mit	0.99
ILE	3, 141	1173	VAL	3, 142	1174	mit	mit	1
LEU	3, 94	1126	ILE	3, 143	1175	mit	mit	0.86
LEU	3, 96	1128	ILE	3, 143	1175	mit	mit	0.88
ILE	3, 141	1173	ILE	3, 143	1175	mit	mit	1
VAL	3, 142	1174	ILE	3, 143	1175	mit	mit	1
ASP	3, 93	1125	PRO	3, 144	1176	mit	mit	0.82
LEU	3, 94	1126	PRO	3, 144	1176	mit	mit	0.95
ILE	3, 143	1175	PRO	3, 144	1176	mit	mit	1
ILE	3, 143	1175	MET	3, 145	1177	mit	mit	0.83
PRO	3, 144	1176	MET	3, 145	1177	mit	mit	1
PRO	3, 144	1176	GLU	3, 146	1178	mit	mit	0.85
MET	3, 145	1177	GLU	3, 146	1178	mit	mit	1
ASP	3, 93	1125	SER	3, 147	1179	mit	mit	0.99
LEU	3, 94	1126	SER	3, 147	1179	mit	mit	0.93
ILE	3, 143	1175	SER	3, 147	1179	mit	mit	0.64
PRO	3, 144	1176	SER	3, 147	1179	mit	mit	0.99
MET	3, 145	1177	SER	3, 147	1179	mit	mit	0.98
GLU	3, 146	1178	SER	3, 147	1179	mit	mit	1
ASP	3, 90	1122	PRO	3, 148	1180	mit	mit	0.83
GLU	3, 91	1123	PRO	3, 148	1180	mit	mit	0.93
PRO	3, 92	1124	PRO	3, 148	1180	mit	mit	0.99
ASP	3, 93	1125	PRO	3, 148	1180	mit	mit	0.99
SER	3, 147	1179	PRO	3, 148	1180	mit	mit	1
PRO	3, 92	1124	ILE	3, 149	1181	mit	mit	0.94
ASP	3, 93	1125	ILE	3, 149	1181	mit	mit	0.93
LEU	3, 94	1126	ILE	3, 149	1181	mit	mit	0.99
THR	3, 95	1127	ILE	3, 149	1181	mit	mit	0.58
LEU	3, 96	1128	ILE	3, 149	1181	mit	mit	0.98
ILE	3, 143	1175	ILE	3, 149	1181	mit	mit	0.99
PRO	3, 144	1176	ILE	3, 149	1181	mit	mit	0.78
SER	3, 147	1179	ILE	3, 149	1181	mit	mit	0.99
PRO	3, 148	1180	ILE	3, 149	1181	mit	mit	1
ILE	3, 89	1121	ARG	3, 150	1182	mit	mit	0.65
PRO	3, 92	1124	ARG	3, 150	1182	mit	mit	0.99
LEU	3, 94	1126	ARG	3, 150	1182	mit	mit	0.96
THR	3, 95	1127	ARG	3, 150	1182	mit	mit	1
LEU	3, 96	1128	ARG	3, 150	1182	mit	mit	0.95
PRO	3, 148	1180	ARG	3, 150	1182	mit	mit	0.93
ILE	3, 149	1181	ARG	3, 150	1182	mit	mit	1
THR	3, 95	1127	VAL	3, 151	1183	mit	mit	0.74
LEU	3, 96	1128	VAL	3, 151	1183	mit	mit	1
LYS	3, 97	1129	VAL	3, 151	1183	mit	mit	0.85
ALA	3, 98	1130	VAL	3, 151	1183	mit	mit	0.99
ILE	3, 149	1181	VAL	3, 151	1183	mit	mit	1
ARG	3, 150	1182	VAL	3, 151	1183	mit	mit	1
THR	3, 95	1127	ILE	3, 152	1184	mit	mit	0.99
LEU	3, 96	1128	ILE	3, 152	1184	mit	mit	0.98
LYS	3, 97	1129	ILE	3, 152	1184	mit	mit	1
ALA	3, 98	1130	ILE	3, 152	1184	mit	mit	0.98
ARG	3, 150	1182	ILE	3, 152	1184	mit	mit	0.99
VAL	3, 151	1183	ILE	3, 152	1184	mit	mit	1
LYS	3, 97	1129	ILE	3, 153	1185	mit	mit	0.6
ALA	3, 98	1130	ILE	3, 153	1185	mit	mit	1
VAL	3, 151	1183	ILE	3, 153	1185	mit	mit	1
ILE	3, 152	1184	ILE	3, 153	1185	mit	mit	1
LYS	3, 97	1129	THR	3, 154	1186	mit	mit	0.87
ALA	3, 98	1130	THR	3, 154	1186	mit	mit	0.84
ILE	3, 99	1131	THR	3, 154	1186	mit	mit	1
GLY	3, 100	1132	THR	3, 154	1186	mit	mit	0.93
ILE	3, 152	1184	THR	3, 154	1186	mit	mit	1
ILE	3, 153	1185	THR	3, 154	1186	mit	mit	1
ILE	3, 99	1131	ALA	3, 155	1187	mit	mit	0.99
GLY	3, 100	1132	ALA	3, 155	1187	mit	mit	1
HIS	3, 101	1133	ALA	3, 155	1187	mit	mit	0.85
ILE	3, 153	1185	ALA	3, 155	1187	mit	mit	0.52
THR	3, 154	1186	ALA	3, 155	1187	mit	mit	1
ILE	3, 99	1131	ASP	3, 156	1188	mit	mit	0.99
GLY	3, 100	1132	ASP	3, 156	1188	mit	mit	0.98
HIS	3, 101	1133	ASP	3, 156	1188	mit	mit	0.99
THR	3, 154	1186	ASP	3, 156	1188	mit	mit	0.88
ALA	3, 155	1187	ASP	3, 156	1188	mit	mit	1
PRO	1, 132	132	ASP	3, 157	1189	mit	mit	0.87
ALA	1, 138	138	ASP	3, 157	1189	mit	mit	0.78
GLY	3, 100	1132	ASP	3, 157	1189	mit	mit	0.68
HIS	3, 101	1133	ASP	3, 157	1189	mit	mit	0.98
GLN	3, 102	1134	ASP	3, 157	1189	mit	mit	0.99
ALA	3, 155	1187	ASP	3, 157	1189	mit	mit	0.99
ASP	3, 156	1188	ASP	3, 157	1189	mit	mit	1
PRO	1, 132	132	VAL	3, 158	1190	mit	mit	0.98
LEU	1, 133	133	VAL	3, 158	1190	mit	mit	0.98
ALA	1, 138	138	VAL	3, 158	1190	mit	mit	0.96
GLN	3, 102	1134	VAL	3, 158	1190	mit	mit	0.97
ALA	3, 155	1187	VAL	3, 158	1190	mit	mit	0.98
ASP	3, 157	1189	VAL	3, 158	1190	mit	mit	1
TYR	1, 130	130	LEU	3, 159	1191	mit	mit	0.96
PRO	1, 132	132	LEU	3, 159	1191	mit	mit	0.97
LEU	1, 133	133	LEU	3, 159	1191	mit	mit	0.95
PRO	1, 229	229	LEU	3, 159	1191	mit	mit	0.94
ALA	3, 155	1187	LEU	3, 159	1191	mit	mit	0.98
VAL	3, 158	1190	LEU	3, 159	1191	mit	mit	1
GLY	3, 100	1132	HIS	3, 160	1192	mit	mit	1
ALA	3, 155	1187	HIS	3, 160	1192	mit	mit	0.99
VAL	3, 158	1190	HIS	3, 160	1192	mit	mit	0.99
LEU	3, 159	1191	HIS	3, 160	1192	mit	mit	1
THR	1, 295	295	SER	3, 161	1193	mit	mit	0.91
ASP	1, 370	370	SER	3, 161	1193	mit	mit	0.95
LEU	3, 159	1191	SER	3, 161	1193	mit	mit	0.92
HIS	3, 160	1192	SER	3, 161	1193	mit	mit	1
ALA	3, 98	1130	TRP	3, 162	1194	mit	mit	1
GLY	3, 100	1132	TRP	3, 162	1194	mit	mit	0.63
TRP	3, 105	1137	TRP	3, 162	1194	mit	mit	0.67
VAL	3, 151	1183	TRP	3, 162	1194	mit	mit	0.88
ILE	3, 153	1185	TRP	3, 162	1194	mit	mit	1
HIS	3, 160	1192	TRP	3, 162	1194	mit	mit	0.98
SER	3, 161	1193	TRP	3, 162	1194	mit	mit	1
PRO	1, 438	438	ALA	3, 163	1195	mit	mit	0.8
SER	3, 161	1193	ALA	3, 163	1195	mit	mit	1
TRP	3, 162	1194	ALA	3, 163	1195	mit	mit	1
TRP	3, 162	1194	VAL	3, 164	1196	mit	mit	0.8
ALA	3, 163	1195	VAL	3, 164	1196	mit	mit	1
ALA	1, 367	367	PRO	3, 165	1197	mit	mit	0.96
GLY	1, 436	436	PRO	3, 165	1197	mit	mit	0.99
PHE	3, 9	1041	PRO	3, 165	1197	mit	mit	0.64
GLN	3, 10	1042	PRO	3, 165	1197	mit	mit	0.99
ALA	3, 163	1195	PRO	3, 165	1197	mit	mit	1
VAL	3, 164	1196	PRO	3, 165	1197	mit	mit	1
MET	3, 1	1033	ALA	3, 166	1198	mit	mit	0.78
GLN	3, 10	1042	ALA	3, 166	1198	mit	mit	0.99
ASP	3, 11	1043	ALA	3, 166	1198	mit	mit	0.93
ALA	3, 12	1044	ALA	3, 166	1198	mit	mit	0.9
SER	3, 13	1045	ALA	3, 166	1198	mit	mit	0.99
SER	3, 14	1046	ALA	3, 166	1198	mit	mit	0.61
MET	3, 17	1049	ALA	3, 166	1198	mit	mit	0.94
VAL	3, 164	1196	ALA	3, 166	1198	mit	mit	1
PRO	3, 165	1197	ALA	3, 166	1198	mit	mit	1
SER	3, 13	1045	LEU	3, 167	1199	mit	mit	0.99
SER	3, 14	1046	LEU	3, 167	1199	mit	mit	0.99
MET	3, 17	1049	LEU	3, 167	1199	mit	mit	0.98
VAL	3, 164	1196	LEU	3, 167	1199	mit	mit	1
PRO	3, 165	1197	LEU	3, 167	1199	mit	mit	0.96
ALA	3, 166	1198	LEU	3, 167	1199	mit	mit	1
ILE	1, 366	366	GLY	3, 168	1200	mit	mit	0.96
ALA	1, 367	367	GLY	3, 168	1200	mit	mit	0.98
SER	3, 14	1046	GLY	3, 168	1200	mit	mit	0.98
ILE	3, 16	1048	GLY	3, 168	1200	mit	mit	0.97
MET	3, 17	1049	GLY	3, 168	1200	mit	mit	0.99
LEU	3, 20	1052	GLY	3, 168	1200	mit	mit	0.96
VAL	3, 164	1196	GLY	3, 168	1200	mit	mit	0.99
PRO	3, 165	1197	GLY	3, 168	1200	mit	mit	0.99
ALA	3, 166	1198	GLY	3, 168	1200	mit	mit	0.99
LEU	3, 167	1199	GLY	3, 168	1200	mit	mit	1
ILE	1, 366	366	VAL	3, 169	1201	mit	mit	0.83
VAL	3, 151	1183	VAL	3, 169	1201	mit	mit	0.77
TRP	3, 162	1194	VAL	3, 169	1201	mit	mit	0.84
ALA	3, 163	1195	VAL	3, 169	1201	mit	mit	0.97
VAL	3, 164	1196	VAL	3, 169	1201	mit	mit	1
LEU	3, 167	1199	VAL	3, 169	1201	mit	mit	1
GLY	3, 168	1200	VAL	3, 169	1201	mit	mit	1
THR	1, 295	295	LYS	3, 170	1202	mit	mit	0.98
ILE	1, 366	366	LYS	3, 170	1202	mit	mit	0.99
ALA	1, 367	367	LYS	3, 170	1202	mit	mit	0.95
HIS	1, 369	369	LYS	3, 170	1202	mit	mit	0.96
ASP	1, 370	370	LYS	3, 170	1202	mit	mit	0.57
SER	3, 161	1193	LYS	3, 170	1202	mit	mit	0.99
TRP	3, 162	1194	LYS	3, 170	1202	mit	mit	0.96
ALA	3, 163	1195	LYS	3, 170	1202	mit	mit	1
VAL	3, 164	1196	LYS	3, 170	1202	mit	mit	0.62
PRO	3, 165	1197	LYS	3, 170	1202	mit	mit	0.55
GLY	3, 168	1200	LYS	3, 170	1202	mit	mit	0.99
VAL	3, 169	1201	LYS	3, 170	1202	mit	mit	1
THR	1, 295	295	THR	3, 171	1203	mit	mit	0.97
GLY	1, 297	297	THR	3, 171	1203	mit	mit	0.89
VAL	3, 151	1183	THR	3, 171	1203	mit	mit	0.57
ILE	3, 153	1185	THR	3, 171	1203	mit	mit	1
SER	3, 161	1193	THR	3, 171	1203	mit	mit	0.99
TRP	3, 162	1194	THR	3, 171	1203	mit	mit	0.99
ALA	3, 163	1195	THR	3, 171	1203	mit	mit	0.65
VAL	3, 169	1201	THR	3, 171	1203	mit	mit	1
LYS	3, 170	1202	THR	3, 171	1203	mit	mit	1
THR	1, 295	295	ASP	3, 172	1204	mit	mit	0.98
VAL	1, 296	296	ASP	3, 172	1204	mit	mit	0.97
GLY	1, 297	297	ASP	3, 172	1204	mit	mit	0.86
ILE	3, 153	1185	ASP	3, 172	1204	mit	mit	0.81
LEU	3, 159	1191	ASP	3, 172	1204	mit	mit	0.98
HIS	3, 160	1192	ASP	3, 172	1204	mit	mit	0.91
SER	3, 161	1193	ASP	3, 172	1204	mit	mit	1
TRP	3, 162	1194	ASP	3, 172	1204	mit	mit	0.58
LYS	3, 170	1202	ASP	3, 172	1204	mit	mit	0.51
THR	3, 171	1203	ASP	3, 172	1204	mit	mit	1
ALA	3, 98	1130	ALA	3, 173	1205	mit	mit	0.9
ILE	3, 99	1131	ALA	3, 173	1205	mit	mit	0.76
GLY	3, 100	1132	ALA	3, 173	1205	mit	mit	0.99
ILE	3, 153	1185	ALA	3, 173	1205	mit	mit	1
THR	3, 154	1186	ALA	3, 173	1205	mit	mit	1
ALA	3, 155	1187	ALA	3, 173	1205	mit	mit	1
LEU	3, 159	1191	ALA	3, 173	1205	mit	mit	0.99
HIS	3, 160	1192	ALA	3, 173	1205	mit	mit	1
SER	3, 161	1193	ALA	3, 173	1205	mit	mit	0.99
TRP	3, 162	1194	ALA	3, 173	1205	mit	mit	0.99
THR	3, 171	1203	ALA	3, 173	1205	mit	mit	0.97
ASP	3, 172	1204	ALA	3, 173	1205	mit	mit	1
PRO	1, 229	229	ILE	3, 174	1206	mit	mit	0.98
ILE	1, 230	230	ILE	3, 174	1206	mit	mit	0.95
VAL	1, 296	296	ILE	3, 174	1206	mit	mit	0.92
THR	3, 154	1186	ILE	3, 174	1206	mit	mit	0.92
ALA	3, 155	1187	ILE	3, 174	1206	mit	mit	0.99
LEU	3, 159	1191	ILE	3, 174	1206	mit	mit	0.99
ASP	3, 172	1204	ILE	3, 174	1206	mit	mit	1
ALA	3, 173	1205	ILE	3, 174	1206	mit	mit	1
PRO	1, 132	132	PRO	3, 175	1207	mit	mit	0.97
PRO	1, 223	223	PRO	3, 175	1207	mit	mit	0.99
PRO	1, 229	229	PRO	3, 175	1207	mit	mit	0.94
THR	3, 154	1186	PRO	3, 175	1207	mit	mit	0.91
ALA	3, 155	1187	PRO	3, 175	1207	mit	mit	0.99
ASP	3, 156	1188	PRO	3, 175	1207	mit	mit	0.97
ASP	3, 157	1189	PRO	3, 175	1207	mit	mit	0.97
VAL	3, 158	1190	PRO	3, 175	1207	mit	mit	0.89
LEU	3, 159	1191	PRO	3, 175	1207	mit	mit	0.89
ALA	3, 173	1205	PRO	3, 175	1207	mit	mit	0.64
ILE	3, 174	1206	PRO	3, 175	1207	mit	mit	1
PRO	1, 223	223	GLY	3, 176	1208	mit	mit	0.99
THR	3, 154	1186	GLY	3, 176	1208	mit	mit	0.98
ALA	3, 155	1187	GLY	3, 176	1208	mit	mit	0.6
ILE	3, 174	1206	GLY	3, 176	1208	mit	mit	1
PRO	3, 175	1207	GLY	3, 176	1208	mit	mit	1
ASP	1, 228	228	ARG	3, 177	1209	mit	mit	0.6
ILE	1, 230	230	ARG	3, 177	1209	mit	mit	0.69
GLY	1, 297	297	ARG	3, 177	1209	mit	mit	0.55
THR	3, 154	1186	ARG	3, 177	1209	mit	mit	0.96
ILE	3, 174	1206	ARG	3, 177	1209	mit	mit	1
PRO	3, 175	1207	ARG	3, 177	1209	mit	mit	0.97
GLY	3, 176	1208	ARG	3, 177	1209	mit	mit	1
ILE	3, 152	1184	LEU	3, 178	1210	mit	mit	1
ILE	3, 153	1185	LEU	3, 178	1210	mit	mit	0.89
THR	3, 154	1186	LEU	3, 178	1210	mit	mit	1
GLY	3, 176	1208	LEU	3, 178	1210	mit	mit	0.97
ARG	3, 177	1209	LEU	3, 178	1210	mit	mit	1
GLY	1, 297	297	ASN	3, 179	1211	mit	mit	0.98
ILE	3, 152	1184	ASN	3, 179	1211	mit	mit	0.97
ILE	3, 153	1185	ASN	3, 179	1211	mit	mit	1
THR	3, 154	1186	ASN	3, 179	1211	mit	mit	0.93
THR	3, 171	1203	ASN	3, 179	1211	mit	mit	1
ASP	3, 172	1204	ASN	3, 179	1211	mit	mit	0.95
ALA	3, 173	1205	ASN	3, 179	1211	mit	mit	0.9
ILE	3, 174	1206	ASN	3, 179	1211	mit	mit	0.95
ARG	3, 177	1209	ASN	3, 179	1211	mit	mit	1
LEU	3, 178	1210	ASN	3, 179	1211	mit	mit	1
ARG	3, 150	1182	GLN	3, 180	1212	mit	mit	0.99
VAL	3, 151	1183	GLN	3, 180	1212	mit	mit	0.95
ILE	3, 152	1184	GLN	3, 180	1212	mit	mit	1
ILE	3, 153	1185	GLN	3, 180	1212	mit	mit	0.69
LEU	3, 178	1210	GLN	3, 180	1212	mit	mit	0.98
ASN	3, 179	1211	GLN	3, 180	1212	mit	mit	1
ARG	3, 150	1182	THR	3, 181	1213	mit	mit	0.85
VAL	3, 151	1183	THR	3, 181	1213	mit	mit	1
ILE	3, 153	1185	THR	3, 181	1213	mit	mit	0.95
VAL	3, 169	1201	THR	3, 181	1213	mit	mit	1
THR	3, 171	1203	THR	3, 181	1213	mit	mit	1
ASN	3, 179	1211	THR	3, 181	1213	mit	mit	0.99
GLN	3, 180	1212	THR	3, 181	1213	mit	mit	1
ILE	3, 89	1121	SER	3, 182	1214	mit	mit	0.87
PRO	3, 92	1124	SER	3, 182	1214	mit	mit	0.93
PRO	3, 148	1180	SER	3, 182	1214	mit	mit	0.98
ILE	3, 149	1181	SER	3, 182	1214	mit	mit	0.98
ARG	3, 150	1182	SER	3, 182	1214	mit	mit	1
VAL	3, 151	1183	SER	3, 182	1214	mit	mit	0.92
GLN	3, 180	1212	SER	3, 182	1214	mit	mit	0.98
THR	3, 181	1213	SER	3, 182	1214	mit	mit	1
SER	3, 14	1046	PHE	3, 183	1215	mit	mit	0.99
ILE	3, 16	1048	PHE	3, 183	1215	mit	mit	0.89
PRO	3, 148	1180	PHE	3, 183	1215	mit	mit	0.58
ILE	3, 149	1181	PHE	3, 183	1215	mit	mit	0.99
VAL	3, 151	1183	PHE	3, 183	1215	mit	mit	0.85
LEU	3, 167	1199	PHE	3, 183	1215	mit	mit	0.99
GLY	3, 168	1200	PHE	3, 183	1215	mit	mit	0.9
VAL	3, 169	1201	PHE	3, 183	1215	mit	mit	0.99
THR	3, 181	1213	PHE	3, 183	1215	mit	mit	0.99
SER	3, 182	1214	PHE	3, 183	1215	mit	mit	1
SER	3, 14	1046	ILE	3, 184	1216	mit	mit	0.99
PRO	3, 15	1047	ILE	3, 184	1216	mit	mit	0.97
GLU	3, 146	1178	ILE	3, 184	1216	mit	mit	0.96
SER	3, 147	1179	ILE	3, 184	1216	mit	mit	0.95
PRO	3, 148	1180	ILE	3, 184	1216	mit	mit	1
ILE	3, 149	1181	ILE	3, 184	1216	mit	mit	0.94
SER	3, 182	1214	ILE	3, 184	1216	mit	mit	0.74
PHE	3, 183	1215	ILE	3, 184	1216	mit	mit	1
SER	3, 13	1045	THR	3, 185	1217	mit	mit	0.98
SER	3, 14	1046	THR	3, 185	1217	mit	mit	0.98
ILE	3, 143	1175	THR	3, 185	1217	mit	mit	0.95
MET	3, 145	1177	THR	3, 185	1217	mit	mit	0.98
GLU	3, 146	1178	THR	3, 185	1217	mit	mit	0.95
ILE	3, 149	1181	THR	3, 185	1217	mit	mit	0.57
LEU	3, 167	1199	THR	3, 185	1217	mit	mit	0.95
PHE	3, 183	1215	THR	3, 185	1217	mit	mit	0.99
ILE	3, 184	1216	THR	3, 185	1217	mit	mit	1
SER	3, 13	1045	THR	3, 186	1218	mit	mit	0.98
SER	3, 14	1046	THR	3, 186	1218	mit	mit	0.98
PRO	3, 15	1047	THR	3, 186	1218	mit	mit	0.96
MET	3, 145	1177	THR	3, 186	1218	mit	mit	0.63
GLU	3, 146	1178	THR	3, 186	1218	mit	mit	0.92
ILE	3, 184	1216	THR	3, 186	1218	mit	mit	0.97
THR	3, 185	1217	THR	3, 186	1218	mit	mit	1
SER	3, 13	1045	ARG	3, 187	1219	mit	mit	0.99
MET	3, 145	1177	ARG	3, 187	1219	mit	mit	0.81
THR	3, 185	1217	ARG	3, 187	1219	mit	mit	0.99
THR	3, 186	1218	ARG	3, 187	1219	mit	mit	1
MET	3, 145	1177	PRO	3, 188	1220	mit	mit	0.98
THR	3, 185	1217	PRO	3, 188	1220	mit	mit	0.68
ARG	3, 187	1219	PRO	3, 188	1220	mit	mit	1
ARG	3, 187	1219	GLY	3, 189	1221	mit	mit	1
PRO	3, 188	1220	GLY	3, 189	1221	mit	mit	1
ARG	3, 140	1172	VAL	3, 190	1222	mit	mit	0.86
GLY	3, 189	1221	VAL	3, 190	1222	mit	mit	1
MET	3, 1	1033	PHE	3, 191	1223	mit	mit	0.73
SER	3, 13	1045	PHE	3, 191	1223	mit	mit	0.98
VAL	3, 164	1196	PHE	3, 191	1223	mit	mit	0.99
ALA	3, 166	1198	PHE	3, 191	1223	mit	mit	1
LEU	3, 167	1199	PHE	3, 191	1223	mit	mit	0.99
GLY	3, 189	1221	PHE	3, 191	1223	mit	mit	1
VAL	3, 190	1222	PHE	3, 191	1223	mit	mit	1
MET	3, 1	1033	TYR	3, 192	1224	mit	mit	0.97
PHE	3, 132	1164	TYR	3, 192	1224	mit	mit	0.85
LEU	3, 135	1167	TYR	3, 192	1224	mit	mit	1
VAL	3, 164	1196	TYR	3, 192	1224	mit	mit	0.87
ALA	3, 166	1198	TYR	3, 192	1224	mit	mit	0.74
VAL	3, 190	1222	TYR	3, 192	1224	mit	mit	0.99
PHE	3, 191	1223	TYR	3, 192	1224	mit	mit	1
MET	3, 1	1033	GLY	3, 193	1225	mit	mit	0.54
LEU	3, 135	1167	GLY	3, 193	1225	mit	mit	0.89
ALA	3, 163	1195	GLY	3, 193	1225	mit	mit	1
VAL	3, 164	1196	GLY	3, 193	1225	mit	mit	1
PRO	3, 165	1197	GLY	3, 193	1225	mit	mit	0.99
ALA	3, 166	1198	GLY	3, 193	1225	mit	mit	0.6
PHE	3, 191	1223	GLY	3, 193	1225	mit	mit	1
TYR	3, 192	1224	GLY	3, 193	1225	mit	mit	1
PRO	1, 438	438	GLN	3, 194	1226	mit	mit	0.99
LEU	3, 135	1167	GLN	3, 194	1226	mit	mit	0.8
ALA	3, 163	1195	GLN	3, 194	1226	mit	mit	0.98
TYR	3, 192	1224	GLN	3, 194	1226	mit	mit	0.87
GLY	3, 193	1225	GLN	3, 194	1226	mit	mit	1
PRO	1, 438	438	CYS	3, 195	1227	mit	mit	0.93
HIS	3, 160	1192	CYS	3, 195	1227	mit	mit	0.99
SER	3, 161	1193	CYS	3, 195	1227	mit	mit	0.99
TRP	3, 162	1194	CYS	3, 195	1227	mit	mit	0.72
ALA	3, 163	1195	CYS	3, 195	1227	mit	mit	0.94
GLN	3, 194	1226	CYS	3, 195	1227	mit	mit	1
HIS	1, 369	369	SER	3, 196	1228	mit	mit	0.86
ASP	1, 370	370	SER	3, 196	1228	mit	mit	0.99
THR	1, 371	371	SER	3, 196	1228	mit	mit	0.87
PRO	1, 438	438	SER	3, 196	1228	mit	mit	0.99
ARG	1, 439	439	SER	3, 196	1228	mit	mit	0.7
SER	3, 161	1193	SER	3, 196	1228	mit	mit	1
ALA	3, 163	1195	SER	3, 196	1228	mit	mit	0.99
LYS	3, 170	1202	SER	3, 196	1228	mit	mit	0.97
GLN	3, 194	1226	SER	3, 196	1228	mit	mit	0.99
CYS	3, 195	1227	SER	3, 196	1228	mit	mit	1
ASP	1, 370	370	GLU	3, 197	1229	mit	mit	0.97
LEU	3, 159	1191	GLU	3, 197	1229	mit	mit	0.99
HIS	3, 160	1192	GLU	3, 197	1229	mit	mit	0.98
SER	3, 161	1193	GLU	3, 197	1229	mit	mit	1
ASP	3, 172	1204	GLU	3, 197	1229	mit	mit	0.98
ALA	3, 173	1205	GLU	3, 197	1229	mit	mit	0.62
CYS	3, 195	1227	GLU	3, 197	1229	mit	mit	0.99
SER	3, 196	1228	GLU	3, 197	1229	mit	mit	1
ASN	1, 56	56	ILE	3, 198	1230	mit	mit	0.96
GLY	1, 124	124	ILE	3, 198	1230	mit	mit	0.61
THR	1, 125	125	ILE	3, 198	1230	mit	mit	0.88
GLY	1, 126	126	ILE	3, 198	1230	mit	mit	0.97
TYR	1, 130	130	ILE	3, 198	1230	mit	mit	0.76
LEU	1, 133	133	ILE	3, 198	1230	mit	mit	0.96
ARG	1, 440	440	ILE	3, 198	1230	mit	mit	0.98
LEU	3, 159	1191	ILE	3, 198	1230	mit	mit	0.57
GLU	3, 197	1229	ILE	3, 198	1230	mit	mit	1
LEU	1, 133	133	CYS	3, 199	1231	mit	mit	0.93
GLN	3, 102	1134	CYS	3, 199	1231	mit	mit	0.96
TRP	3, 103	1135	CYS	3, 199	1231	mit	mit	0.89
VAL	3, 158	1190	CYS	3, 199	1231	mit	mit	0.97
LEU	3, 159	1191	CYS	3, 199	1231	mit	mit	0.91
HIS	3, 160	1192	CYS	3, 199	1231	mit	mit	0.98
CYS	3, 195	1227	CYS	3, 199	1231	mit	mit	0.96
GLU	3, 197	1229	CYS	3, 199	1231	mit	mit	0.99
ILE	3, 198	1230	CYS	3, 199	1231	mit	mit	1
ASP	1, 52	52	GLY	3, 200	1232	mit	mit	0.94
GLN	1, 53	53	GLY	3, 200	1232	mit	mit	0.96
ASN	1, 56	56	GLY	3, 200	1232	mit	mit	0.89
GLY	1, 124	124	GLY	3, 200	1232	mit	mit	0.84
LEU	1, 133	133	GLY	3, 200	1232	mit	mit	0.96
ALA	1, 138	138	GLY	3, 200	1232	mit	mit	0.73
GLN	3, 102	1134	GLY	3, 200	1232	mit	mit	0.88
TRP	3, 103	1135	GLY	3, 200	1232	mit	mit	0.71
VAL	3, 158	1190	GLY	3, 200	1232	mit	mit	0.8
ILE	3, 198	1230	GLY	3, 200	1232	mit	mit	0.99
CYS	3, 199	1231	GLY	3, 200	1232	mit	mit	1
ASP	1, 51	51	ALA	3, 201	1233	mit	mit	0.93
ASP	1, 52	52	ALA	3, 201	1233	mit	mit	0.98
GLN	1, 53	53	ALA	3, 201	1233	mit	mit	0.98
TRP	3, 103	1135	ALA	3, 201	1233	mit	mit	0.69
GLY	3, 200	1232	ALA	3, 201	1233	mit	mit	1
ASP	1, 51	51	ASN	3, 202	1234	mit	mit	0.66
ASP	1, 52	52	ASN	3, 202	1234	mit	mit	0.95
GLN	3, 102	1134	ASN	3, 202	1234	mit	mit	0.69
TRP	3, 103	1135	ASN	3, 202	1234	mit	mit	0.99
GLY	3, 200	1232	ASN	3, 202	1234	mit	mit	0.99
ALA	3, 201	1233	ASN	3, 202	1234	mit	mit	1
ASP	1, 52	52	HIS	3, 203	1235	mit	mit	0.96
ASN	1, 56	56	HIS	3, 203	1235	mit	mit	0.72
ARG	1, 440	440	HIS	3, 203	1235	mit	mit	0.92
TYR	1, 441	441	HIS	3, 203	1235	mit	mit	0.93
TRP	3, 103	1135	HIS	3, 203	1235	mit	mit	0.7
CYS	3, 195	1227	HIS	3, 203	1235	mit	mit	0.97
ILE	3, 198	1230	HIS	3, 203	1235	mit	mit	0.98
CYS	3, 199	1231	HIS	3, 203	1235	mit	mit	0.99
GLY	3, 200	1232	HIS	3, 203	1235	mit	mit	0.99
ALA	3, 201	1233	HIS	3, 203	1235	mit	mit	0.95
ASN	3, 202	1234	HIS	3, 203	1235	mit	mit	1
ASP	1, 52	52	SER	3, 204	1236	mit	mit	0.96
TYR	1, 441	441	SER	3, 204	1236	mit	mit	0.98
SER	1, 442	442	SER	3, 204	1236	mit	mit	0.99
ASP	1, 443	443	SER	3, 204	1236	mit	mit	0.98
TYR	1, 444	444	SER	3, 204	1236	mit	mit	0.63
LEU	3, 134	1166	SER	3, 204	1236	mit	mit	0.9
GLN	3, 194	1226	SER	3, 204	1236	mit	mit	0.57
ASN	3, 202	1234	SER	3, 204	1236	mit	mit	0.98
HIS	3, 203	1235	SER	3, 204	1236	mit	mit	1
TRP	3, 103	1135	TYR	3, 205	1237	mit	mit	0.96
MET	3, 121	1153	TYR	3, 205	1237	mit	mit	0.99
LEU	3, 134	1166	TYR	3, 205	1237	mit	mit	0.96
ASN	3, 202	1234	TYR	3, 205	1237	mit	mit	0.99
HIS	3, 203	1235	TYR	3, 205	1237	mit	mit	0.95
SER	3, 204	1236	TYR	3, 205	1237	mit	mit	1
TRP	3, 103	1135	MET	3, 206	1238	mit	mit	0.99
TYR	3, 104	1136	MET	3, 206	1238	mit	mit	0.97
TRP	3, 105	1137	MET	3, 206	1238	mit	mit	0.98
MET	3, 121	1153	MET	3, 206	1238	mit	mit	0.97
HIS	3, 160	1192	MET	3, 206	1238	mit	mit	0.66
GLN	3, 194	1226	MET	3, 206	1238	mit	mit	0.84
CYS	3, 195	1227	MET	3, 206	1238	mit	mit	1
CYS	3, 199	1231	MET	3, 206	1238	mit	mit	0.85
ASN	3, 202	1234	MET	3, 206	1238	mit	mit	0.93
HIS	3, 203	1235	MET	3, 206	1238	mit	mit	0.96
SER	3, 204	1236	MET	3, 206	1238	mit	mit	0.72
TYR	3, 205	1237	MET	3, 206	1238	mit	mit	1
MET	3, 121	1153	PRO	3, 207	1239	mit	mit	0.99
LEU	3, 134	1166	PRO	3, 207	1239	mit	mit	0.98
LEU	3, 135	1167	PRO	3, 207	1239	mit	mit	1
GLU	3, 136	1168	PRO	3, 207	1239	mit	mit	0.88
VAL	3, 137	1169	PRO	3, 207	1239	mit	mit	0.99
TYR	3, 192	1224	PRO	3, 207	1239	mit	mit	0.97
GLY	3, 193	1225	PRO	3, 207	1239	mit	mit	0.99
GLN	3, 194	1226	PRO	3, 207	1239	mit	mit	1
CYS	3, 195	1227	PRO	3, 207	1239	mit	mit	0.87
TYR	3, 205	1237	PRO	3, 207	1239	mit	mit	0.88
MET	3, 206	1238	PRO	3, 207	1239	mit	mit	1
TRP	3, 105	1137	ILE	3, 208	1240	mit	mit	0.99
SER	3, 119	1151	ILE	3, 208	1240	mit	mit	0.78
VAL	3, 137	1169	ILE	3, 208	1240	mit	mit	0.81
ILE	3, 141	1173	ILE	3, 208	1240	mit	mit	0.79
TRP	3, 162	1194	ILE	3, 208	1240	mit	mit	0.98
ALA	3, 163	1195	ILE	3, 208	1240	mit	mit	0.93
VAL	3, 164	1196	ILE	3, 208	1240	mit	mit	0.99
TYR	3, 192	1224	ILE	3, 208	1240	mit	mit	0.96
GLY	3, 193	1225	ILE	3, 208	1240	mit	mit	1
GLN	3, 194	1226	ILE	3, 208	1240	mit	mit	0.99
CYS	3, 195	1227	ILE	3, 208	1240	mit	mit	0.9
MET	3, 206	1238	ILE	3, 208	1240	mit	mit	0.61
PRO	3, 207	1239	ILE	3, 208	1240	mit	mit	1
SER	3, 119	1151	VAL	3, 209	1241	mit	mit	0.75
LEU	3, 135	1167	VAL	3, 209	1241	mit	mit	0.92
GLU	3, 136	1168	VAL	3, 209	1241	mit	mit	0.93
VAL	3, 137	1169	VAL	3, 209	1241	mit	mit	1
ARG	3, 140	1172	VAL	3, 209	1241	mit	mit	0.99
ILE	3, 141	1173	VAL	3, 209	1241	mit	mit	0.98
VAL	3, 190	1222	VAL	3, 209	1241	mit	mit	0.99
PHE	3, 191	1223	VAL	3, 209	1241	mit	mit	0.95
TYR	3, 192	1224	VAL	3, 209	1241	mit	mit	1
GLY	3, 193	1225	VAL	3, 209	1241	mit	mit	0.97
PRO	3, 207	1239	VAL	3, 209	1241	mit	mit	1
ILE	3, 208	1240	VAL	3, 209	1241	mit	mit	1
ARG	3, 140	1172	VAL	3, 210	1242	mit	mit	0.89
ILE	3, 141	1173	VAL	3, 210	1242	mit	mit	1
ILE	3, 143	1175	VAL	3, 210	1242	mit	mit	0.99
VAL	3, 164	1196	VAL	3, 210	1242	mit	mit	0.99
LEU	3, 167	1199	VAL	3, 210	1242	mit	mit	0.87
VAL	3, 190	1222	VAL	3, 210	1242	mit	mit	0.97
PHE	3, 191	1223	VAL	3, 210	1242	mit	mit	1
ILE	3, 208	1240	VAL	3, 210	1242	mit	mit	0.99
VAL	3, 209	1241	VAL	3, 210	1242	mit	mit	1
ARG	3, 140	1172	GLU	3, 211	1243	mit	mit	1
ILE	3, 141	1173	GLU	3, 211	1243	mit	mit	0.99
VAL	3, 142	1174	GLU	3, 211	1243	mit	mit	1
ILE	3, 143	1175	GLU	3, 211	1243	mit	mit	0.96
GLY	3, 189	1221	GLU	3, 211	1243	mit	mit	0.99
VAL	3, 190	1222	GLU	3, 211	1243	mit	mit	1
PHE	3, 191	1223	GLU	3, 211	1243	mit	mit	0.58
VAL	3, 209	1241	GLU	3, 211	1243	mit	mit	0.99
VAL	3, 210	1242	GLU	3, 211	1243	mit	mit	1
VAL	3, 142	1174	SER	3, 212	1244	mit	mit	0.59
ILE	3, 143	1175	SER	3, 212	1244	mit	mit	1
PRO	3, 144	1176	SER	3, 212	1244	mit	mit	0.89
MET	3, 145	1177	SER	3, 212	1244	mit	mit	0.99
THR	3, 185	1217	SER	3, 212	1244	mit	mit	1
ARG	3, 187	1219	SER	3, 212	1244	mit	mit	0.87
PRO	3, 188	1220	SER	3, 212	1244	mit	mit	1
GLY	3, 189	1221	SER	3, 212	1244	mit	mit	1
VAL	3, 190	1222	SER	3, 212	1244	mit	mit	0.73
PHE	3, 191	1223	SER	3, 212	1244	mit	mit	0.9
VAL	3, 210	1242	SER	3, 212	1244	mit	mit	0.99
GLU	3, 211	1243	SER	3, 212	1244	mit	mit	1
VAL	3, 142	1174	THR	3, 213	1245	mit	mit	0.99
ILE	3, 143	1175	THR	3, 213	1245	mit	mit	0.75
PRO	3, 144	1176	THR	3, 213	1245	mit	mit	0.96
MET	3, 145	1177	THR	3, 213	1245	mit	mit	0.97
PRO	3, 188	1220	THR	3, 213	1245	mit	mit	0.97
GLY	3, 189	1221	THR	3, 213	1245	mit	mit	0.67
GLU	3, 211	1243	THR	3, 213	1245	mit	mit	1
SER	3, 212	1244	THR	3, 213	1245	mit	mit	1
PRO	3, 144	1176	PRO	3, 214	1246	mit	mit	0.92
MET	3, 145	1177	PRO	3, 214	1246	mit	mit	0.99
PRO	3, 188	1220	PRO	3, 214	1246	mit	mit	0.88
THR	3, 213	1245	PRO	3, 214	1246	mit	mit	1
PRO	3, 144	1176	LEU	3, 215	1247	mit	mit	0.99
MET	3, 145	1177	LEU	3, 215	1247	mit	mit	0.66
SER	3, 147	1179	LEU	3, 215	1247	mit	mit	0.84
PRO	3, 214	1246	LEU	3, 215	1247	mit	mit	1
PRO	3, 214	1246	LYS	3, 216	1248	mit	mit	0.99
LEU	3, 215	1247	LYS	3, 216	1248	mit	mit	1
THR	3, 213	1245	HIS	3, 217	1249	mit	mit	0.99
PRO	3, 214	1246	HIS	3, 217	1249	mit	mit	0.99
LEU	3, 215	1247	HIS	3, 217	1249	mit	mit	0.93
LYS	3, 216	1248	HIS	3, 217	1249	mit	mit	1
VAL	3, 142	1174	PHE	3, 218	1250	mit	mit	0.99
ILE	3, 143	1175	PHE	3, 218	1250	mit	mit	0.93
PRO	3, 144	1176	PHE	3, 218	1250	mit	mit	0.99
THR	3, 213	1245	PHE	3, 218	1250	mit	mit	0.99
PRO	3, 214	1246	PHE	3, 218	1250	mit	mit	0.96
LEU	3, 215	1247	PHE	3, 218	1250	mit	mit	0.99
LYS	3, 216	1248	PHE	3, 218	1250	mit	mit	0.99
HIS	3, 217	1249	PHE	3, 218	1250	mit	mit	1
LEU	3, 215	1247	GLU	3, 219	1251	mit	mit	0.98
LYS	3, 216	1248	GLU	3, 219	1251	mit	mit	0.99
HIS	3, 217	1249	GLU	3, 219	1251	mit	mit	0.97
PHE	3, 218	1250	GLU	3, 219	1251	mit	mit	1
LYS	3, 216	1248	ALA	3, 220	1252	mit	mit	0.95
HIS	3, 217	1249	ALA	3, 220	1252	mit	mit	0.99
PHE	3, 218	1250	ALA	3, 220	1252	mit	mit	0.98
GLU	3, 219	1251	ALA	3, 220	1252	mit	mit	1
VAL	3, 142	1174	TRP	3, 221	1253	mit	mit	0.98
THR	3, 213	1245	TRP	3, 221	1253	mit	mit	0.68
HIS	3, 217	1249	TRP	3, 221	1253	mit	mit	0.98
PHE	3, 218	1250	TRP	3, 221	1253	mit	mit	0.99
GLU	3, 219	1251	TRP	3, 221	1253	mit	mit	0.97
ALA	3, 220	1252	TRP	3, 221	1253	mit	mit	1
TYR	3, 109	1141	SER	3, 222	1254	mit	mit	0.83
LYS	3, 113	1145	SER	3, 222	1254	mit	mit	0.56
LEU	3, 115	1147	SER	3, 222	1254	mit	mit	0.86
VAL	3, 142	1174	SER	3, 222	1254	mit	mit	0.54
PHE	3, 218	1250	SER	3, 222	1254	mit	mit	0.97
GLU	3, 219	1251	SER	3, 222	1254	mit	mit	0.99
ALA	3, 220	1252	SER	3, 222	1254	mit	mit	0.96
TRP	3, 221	1253	SER	3, 222	1254	mit	mit	1
GLU	3, 219	1251	SER	3, 223	1255	mit	mit	0.93
ALA	3, 220	1252	SER	3, 223	1255	mit	mit	0.97
TRP	3, 221	1253	SER	3, 223	1255	mit	mit	0.95
SER	3, 222	1254	SER	3, 223	1255	mit	mit	1
ALA	3, 220	1252	LEU	3, 224	1256	mit	mit	0.86
TRP	3, 221	1253	LEU	3, 224	1256	mit	mit	0.95
SER	3, 222	1254	LEU	3, 224	1256	mit	mit	0.92
SER	3, 223	1255	LEU	3, 224	1256	mit	mit	1
LEU	3, 115	1147	LEU	3, 225	1257	mit	mit	0.9
PHE	3, 117	1149	LEU	3, 225	1257	mit	mit	0.66
TRP	3, 221	1253	LEU	3, 225	1257	mit	mit	0.8
SER	3, 222	1254	LEU	3, 225	1257	mit	mit	0.88
SER	3, 223	1255	LEU	3, 225	1257	mit	mit	0.75
LEU	3, 224	1256	LEU	3, 225	1257	mit	mit	1
LYS	3, 113	1145	SER	3, 226	1258	mit	mit	0.56
LEU	3, 115	1147	SER	3, 226	1258	mit	mit	0.73
SER	3, 222	1254	SER	3, 226	1258	mit	mit	0.56
SER	3, 223	1255	SER	3, 226	1258	mit	mit	0.6
LEU	3, 224	1256	SER	3, 226	1258	mit	mit	0.73
LEU	3, 225	1257	SER	3, 226	1258	mit	mit	1
LEU	3, 225	1257	SER	3, 227	1259	mit	mit	0.68
SER	3, 226	1258	SER	3, 227	1259	mit	mit	1
ALA	2, 447	963	MET	4, 1	1260	mit	mit	0.77
ALA	2, 435	951	ALA	4, 2	1261	mit	mit	0.96
GLY	2, 436	952	ALA	4, 2	1261	mit	mit	0.9
PRO	2, 445	961	ALA	4, 2	1261	mit	mit	0.79
ALA	2, 447	963	ALA	4, 2	1261	mit	mit	0.98
TYR	2, 448	964	ALA	4, 2	1261	mit	mit	0.87
MET	4, 1	1260	ALA	4, 2	1261	mit	mit	1
ALA	2, 447	963	ASN	4, 3	1262	mit	mit	0.98
MET	4, 1	1260	ASN	4, 3	1262	mit	mit	0.79
ALA	4, 2	1261	ASN	4, 3	1262	mit	mit	1
ASP	2, 446	962	HIS	4, 4	1263	mit	mit	0.74
ALA	2, 447	963	HIS	4, 4	1263	mit	mit	0.98
THR	2, 449	965	HIS	4, 4	1263	mit	mit	0.68
LEU	2, 450	966	HIS	4, 4	1263	mit	mit	0.88
ASN	4, 3	1262	HIS	4, 4	1263	mit	mit	1
LEU	2, 450	966	SER	4, 5	1264	mit	mit	0.97
TRP	2, 451	967	SER	4, 5	1264	mit	mit	0.58
ASN	4, 3	1262	SER	4, 5	1264	mit	mit	0.93
HIS	4, 4	1263	SER	4, 5	1264	mit	mit	1
PHE	2, 431	947	GLN	4, 6	1265	mit	mit	0.83
ALA	2, 435	951	GLN	4, 6	1265	mit	mit	0.97
ALA	2, 447	963	GLN	4, 6	1265	mit	mit	0.84
ALA	4, 2	1261	GLN	4, 6	1265	mit	mit	0.95
ASN	4, 3	1262	GLN	4, 6	1265	mit	mit	0.99
HIS	4, 4	1263	GLN	4, 6	1265	mit	mit	0.95
SER	4, 5	1264	GLN	4, 6	1265	mit	mit	1
PHE	2, 431	947	LEU	4, 7	1266	mit	mit	0.98
LEU	2, 434	950	LEU	4, 7	1266	mit	mit	0.88
ALA	2, 435	951	LEU	4, 7	1266	mit	mit	0.65
SER	4, 5	1264	LEU	4, 7	1266	mit	mit	0.8
GLN	4, 6	1265	LEU	4, 7	1266	mit	mit	1
PHE	2, 431	947	GLY	4, 8	1267	mit	mit	0.94
LEU	2, 434	950	GLY	4, 8	1267	mit	mit	0.99
ALA	2, 435	951	GLY	4, 8	1267	mit	mit	0.98
GLN	4, 6	1265	GLY	4, 8	1267	mit	mit	1
LEU	4, 7	1266	GLY	4, 8	1267	mit	mit	1
ALA	2, 367	883	PHE	4, 9	1268	mit	mit	0.83
LEU	2, 434	950	PHE	4, 9	1268	mit	mit	0.99
ALA	2, 435	951	PHE	4, 9	1268	mit	mit	0.79
GLY	4, 8	1267	PHE	4, 9	1268	mit	mit	1
ALA	2, 435	951	GLN	4, 10	1269	mit	mit	0.94
GLY	2, 436	952	GLN	4, 10	1269	mit	mit	0.82
MET	4, 1	1260	GLN	4, 10	1269	mit	mit	0.89
ALA	4, 2	1261	GLN	4, 10	1269	mit	mit	0.97
GLN	4, 6	1265	GLN	4, 10	1269	mit	mit	0.73
GLY	4, 8	1267	GLN	4, 10	1269	mit	mit	0.72
PHE	4, 9	1268	GLN	4, 10	1269	mit	mit	1
PHE	4, 9	1268	ASP	4, 11	1270	mit	mit	0.77
GLN	4, 10	1269	ASP	4, 11	1270	mit	mit	1
PHE	4, 9	1268	ALA	4, 12	1271	mit	mit	0.75
GLN	4, 10	1269	ALA	4, 12	1271	mit	mit	0.78
ASP	4, 11	1270	ALA	4, 12	1271	mit	mit	1
ASP	4, 11	1270	SER	4, 13	1272	mit	mit	0.98
ALA	4, 12	1271	SER	4, 13	1272	mit	mit	1
ALA	4, 12	1271	SER	4, 14	1273	mit	mit	0.99
SER	4, 13	1272	SER	4, 14	1273	mit	mit	1
SER	4, 14	1273	PRO	4, 15	1274	mit	mit	1
SER	4, 14	1273	ILE	4, 16	1275	mit	mit	1
PRO	4, 15	1274	ILE	4, 16	1275	mit	mit	1
ALA	2, 367	883	MET	4, 17	1276	mit	mit	0.67
PHE	4, 9	1268	MET	4, 17	1276	mit	mit	0.56
ALA	4, 12	1271	MET	4, 17	1276	mit	mit	0.99
SER	4, 13	1272	MET	4, 17	1276	mit	mit	0.98
SER	4, 14	1273	MET	4, 17	1276	mit	mit	1
PRO	4, 15	1274	MET	4, 17	1276	mit	mit	0.98
ILE	4, 16	1275	MET	4, 17	1276	mit	mit	1
ALA	4, 12	1271	GLU	4, 18	1277	mit	mit	0.99
SER	4, 14	1273	GLU	4, 18	1277	mit	mit	0.95
PRO	4, 15	1274	GLU	4, 18	1277	mit	mit	1
ILE	4, 16	1275	GLU	4, 18	1277	mit	mit	0.99
MET	4, 17	1276	GLU	4, 18	1277	mit	mit	1
PRO	4, 15	1274	GLU	4, 19	1278	mit	mit	0.98
ILE	4, 16	1275	GLU	4, 19	1278	mit	mit	1
MET	4, 17	1276	GLU	4, 19	1278	mit	mit	0.99
GLU	4, 18	1277	GLU	4, 19	1278	mit	mit	1
SER	2, 363	879	LEU	4, 20	1279	mit	mit	0.97
LEU	2, 364	880	LEU	4, 20	1279	mit	mit	0.97
ILE	2, 366	882	LEU	4, 20	1279	mit	mit	0.52
ALA	2, 367	883	LEU	4, 20	1279	mit	mit	0.96
PHE	4, 9	1268	LEU	4, 20	1279	mit	mit	0.58
ALA	4, 12	1271	LEU	4, 20	1279	mit	mit	0.7
ILE	4, 16	1275	LEU	4, 20	1279	mit	mit	0.99
MET	4, 17	1276	LEU	4, 20	1279	mit	mit	1
GLU	4, 18	1277	LEU	4, 20	1279	mit	mit	0.99
GLU	4, 19	1278	LEU	4, 20	1279	mit	mit	1
PHE	4, 9	1268	VAL	4, 21	1280	mit	mit	0.99
ALA	4, 12	1271	VAL	4, 21	1280	mit	mit	0.98
MET	4, 17	1276	VAL	4, 21	1280	mit	mit	0.99
GLU	4, 18	1277	VAL	4, 21	1280	mit	mit	1
GLU	4, 19	1278	VAL	4, 21	1280	mit	mit	0.98
LEU	4, 20	1279	VAL	4, 21	1280	mit	mit	1
GLU	4, 18	1277	GLU	4, 22	1281	mit	mit	0.99
GLU	4, 19	1278	GLU	4, 22	1281	mit	mit	1
LEU	4, 20	1279	GLU	4, 22	1281	mit	mit	0.99
VAL	4, 21	1280	GLU	4, 22	1281	mit	mit	1
ASN	2, 361	877	PHE	4, 23	1282	mit	mit	0.73
SER	2, 363	879	PHE	4, 23	1282	mit	mit	0.93
LEU	2, 364	880	PHE	4, 23	1282	mit	mit	0.96
GLU	4, 19	1278	PHE	4, 23	1282	mit	mit	1
LEU	4, 20	1279	PHE	4, 23	1282	mit	mit	1
VAL	4, 21	1280	PHE	4, 23	1282	mit	mit	0.99
GLU	4, 22	1281	PHE	4, 23	1282	mit	mit	1
VAL	2, 358	874	HIS	4, 24	1283	mit	mit	0.81
LEU	2, 364	880	HIS	4, 24	1283	mit	mit	0.98
PHE	4, 9	1268	HIS	4, 24	1283	mit	mit	0.96
LEU	4, 20	1279	HIS	4, 24	1283	mit	mit	1
VAL	4, 21	1280	HIS	4, 24	1283	mit	mit	1
GLU	4, 22	1281	HIS	4, 24	1283	mit	mit	0.99
PHE	4, 23	1282	HIS	4, 24	1283	mit	mit	1
VAL	4, 21	1280	ASP	4, 25	1284	mit	mit	0.99
GLU	4, 22	1281	ASP	4, 25	1284	mit	mit	1
PHE	4, 23	1282	ASP	4, 25	1284	mit	mit	0.99
HIS	4, 24	1283	ASP	4, 25	1284	mit	mit	1
GLU	4, 22	1281	HIS	4, 26	1285	mit	mit	0.99
PHE	4, 23	1282	HIS	4, 26	1285	mit	mit	1
HIS	4, 24	1283	HIS	4, 26	1285	mit	mit	1
ASP	4, 25	1284	HIS	4, 26	1285	mit	mit	1
ILE	2, 357	873	ALA	4, 27	1286	mit	mit	0.7
VAL	2, 358	874	ALA	4, 27	1286	mit	mit	0.99
ASN	2, 361	877	ALA	4, 27	1286	mit	mit	0.89
LEU	2, 364	880	ALA	4, 27	1286	mit	mit	0.88
PHE	4, 23	1282	ALA	4, 27	1286	mit	mit	1
HIS	4, 24	1283	ALA	4, 27	1286	mit	mit	1
ASP	4, 25	1284	ALA	4, 27	1286	mit	mit	0.99
HIS	4, 26	1285	ALA	4, 27	1286	mit	mit	1
VAL	2, 358	874	LEU	4, 28	1287	mit	mit	0.8
HIS	4, 24	1283	LEU	4, 28	1287	mit	mit	1
ASP	4, 25	1284	LEU	4, 28	1287	mit	mit	1
HIS	4, 26	1285	LEU	4, 28	1287	mit	mit	0.98
ALA	4, 27	1286	LEU	4, 28	1287	mit	mit	1
ASP	4, 25	1284	MET	4, 29	1288	mit	mit	0.99
HIS	4, 26	1285	MET	4, 29	1288	mit	mit	1
ALA	4, 27	1286	MET	4, 29	1288	mit	mit	1
LEU	4, 28	1287	MET	4, 29	1288	mit	mit	1
HIS	4, 26	1285	VAL	4, 30	1289	mit	mit	0.98
ALA	4, 27	1286	VAL	4, 30	1289	mit	mit	1
LEU	4, 28	1287	VAL	4, 30	1289	mit	mit	0.99
MET	4, 29	1288	VAL	4, 30	1289	mit	mit	1
LEU	2, 354	870	ALA	4, 31	1290	mit	mit	0.99
THR	2, 355	871	ALA	4, 31	1290	mit	mit	0.74
ILE	2, 357	873	ALA	4, 31	1290	mit	mit	0.81
VAL	2, 358	874	ALA	4, 31	1290	mit	mit	0.95
ALA	4, 27	1286	ALA	4, 31	1290	mit	mit	1
LEU	4, 28	1287	ALA	4, 31	1290	mit	mit	1
MET	4, 29	1288	ALA	4, 31	1290	mit	mit	0.99
VAL	4, 30	1289	ALA	4, 31	1290	mit	mit	1
LEU	4, 28	1287	LEU	4, 32	1291	mit	mit	1
MET	4, 29	1288	LEU	4, 32	1291	mit	mit	1
VAL	4, 30	1289	LEU	4, 32	1291	mit	mit	0.99
ALA	4, 31	1290	LEU	4, 32	1291	mit	mit	1
MET	4, 29	1288	ALA	4, 33	1292	mit	mit	0.99
VAL	4, 30	1289	ALA	4, 33	1292	mit	mit	1
ALA	4, 31	1290	ALA	4, 33	1292	mit	mit	1
LEU	4, 32	1291	ALA	4, 33	1292	mit	mit	1
THR	2, 350	866	ILE	4, 34	1293	mit	mit	0.75
LEU	2, 354	870	ILE	4, 34	1293	mit	mit	0.98
VAL	4, 30	1289	ILE	4, 34	1293	mit	mit	1
ALA	4, 31	1290	ILE	4, 34	1293	mit	mit	1
LEU	4, 32	1291	ILE	4, 34	1293	mit	mit	0.98
ALA	4, 33	1292	ILE	4, 34	1293	mit	mit	1
THR	2, 350	866	CYS	4, 35	1294	mit	mit	0.96
ILE	2, 351	867	CYS	4, 35	1294	mit	mit	0.98
LEU	2, 354	870	CYS	4, 35	1294	mit	mit	0.97
ALA	4, 31	1290	CYS	4, 35	1294	mit	mit	1
LEU	4, 32	1291	CYS	4, 35	1294	mit	mit	1
ALA	4, 33	1292	CYS	4, 35	1294	mit	mit	0.98
ILE	4, 34	1293	CYS	4, 35	1294	mit	mit	1
LEU	4, 32	1291	SER	4, 36	1295	mit	mit	1
ALA	4, 33	1292	SER	4, 36	1295	mit	mit	1
ILE	4, 34	1293	SER	4, 36	1295	mit	mit	0.98
CYS	4, 35	1294	SER	4, 36	1295	mit	mit	1
ALA	4, 33	1292	LEU	4, 37	1296	mit	mit	0.99
ILE	4, 34	1293	LEU	4, 37	1296	mit	mit	1
CYS	4, 35	1294	LEU	4, 37	1296	mit	mit	1
SER	4, 36	1295	LEU	4, 37	1296	mit	mit	1
VAL	2, 321	837	VAL	4, 38	1297	mit	mit	0.92
LEU	2, 325	841	VAL	4, 38	1297	mit	mit	0.88
ILE	2, 346	862	VAL	4, 38	1297	mit	mit	0.56
PHE	2, 347	863	VAL	4, 38	1297	mit	mit	0.92
THR	2, 350	866	VAL	4, 38	1297	mit	mit	0.99
ILE	4, 34	1293	VAL	4, 38	1297	mit	mit	1
CYS	4, 35	1294	VAL	4, 38	1297	mit	mit	1
SER	4, 36	1295	VAL	4, 38	1297	mit	mit	0.98
LEU	4, 37	1296	VAL	4, 38	1297	mit	mit	1
PHE	2, 347	863	LEU	4, 39	1298	mit	mit	0.96
CYS	4, 35	1294	LEU	4, 39	1298	mit	mit	1
SER	4, 36	1295	LEU	4, 39	1298	mit	mit	1
LEU	4, 37	1296	LEU	4, 39	1298	mit	mit	0.99
VAL	4, 38	1297	LEU	4, 39	1298	mit	mit	1
SER	4, 36	1295	TYR	4, 40	1299	mit	mit	1
LEU	4, 37	1296	TYR	4, 40	1299	mit	mit	1
VAL	4, 38	1297	TYR	4, 40	1299	mit	mit	0.99
LEU	4, 39	1298	TYR	4, 40	1299	mit	mit	1
LEU	2, 325	841	LEU	4, 41	1300	mit	mit	0.98
LEU	4, 37	1296	LEU	4, 41	1300	mit	mit	1
VAL	4, 38	1297	LEU	4, 41	1300	mit	mit	1
LEU	4, 39	1298	LEU	4, 41	1300	mit	mit	0.99
TYR	4, 40	1299	LEU	4, 41	1300	mit	mit	1
LEU	2, 325	841	LEU	4, 42	1301	mit	mit	0.97
LEU	2, 328	844	LEU	4, 42	1301	mit	mit	0.59
LEU	2, 343	859	LEU	4, 42	1301	mit	mit	0.94
ILE	2, 346	862	LEU	4, 42	1301	mit	mit	0.94
PHE	2, 347	863	LEU	4, 42	1301	mit	mit	0.97
VAL	4, 38	1297	LEU	4, 42	1301	mit	mit	1
LEU	4, 39	1298	LEU	4, 42	1301	mit	mit	1
TYR	4, 40	1299	LEU	4, 42	1301	mit	mit	0.99
LEU	4, 41	1300	LEU	4, 42	1301	mit	mit	1
LEU	4, 39	1298	THR	4, 43	1302	mit	mit	0.99
TYR	4, 40	1299	THR	4, 43	1302	mit	mit	1
LEU	4, 41	1300	THR	4, 43	1302	mit	mit	0.97
LEU	4, 42	1301	THR	4, 43	1302	mit	mit	1
TYR	4, 40	1299	LEU	4, 44	1303	mit	mit	0.99
LEU	4, 41	1300	LEU	4, 44	1303	mit	mit	0.99
LEU	4, 42	1301	LEU	4, 44	1303	mit	mit	0.99
THR	4, 43	1302	LEU	4, 44	1303	mit	mit	1
LEU	2, 325	841	MET	4, 45	1304	mit	mit	0.94
LEU	2, 328	844	MET	4, 45	1304	mit	mit	0.99
HIS	2, 329	845	MET	4, 45	1304	mit	mit	0.97
GLY	2, 330	846	MET	4, 45	1304	mit	mit	0.73
LEU	4, 41	1300	MET	4, 45	1304	mit	mit	0.99
LEU	4, 42	1301	MET	4, 45	1304	mit	mit	0.99
THR	4, 43	1302	MET	4, 45	1304	mit	mit	0.95
LEU	4, 44	1303	MET	4, 45	1304	mit	mit	1
LEU	2, 328	844	LEU	4, 46	1305	mit	mit	0.88
ILE	2, 333	849	LEU	4, 46	1305	mit	mit	0.94
LEU	2, 343	859	LEU	4, 46	1305	mit	mit	0.72
LEU	4, 42	1301	LEU	4, 46	1305	mit	mit	0.99
THR	4, 43	1302	LEU	4, 46	1305	mit	mit	1
LEU	4, 44	1303	LEU	4, 46	1305	mit	mit	0.98
MET	4, 45	1304	LEU	4, 46	1305	mit	mit	1
THR	4, 43	1302	MET	4, 47	1306	mit	mit	0.97
LEU	4, 44	1303	MET	4, 47	1306	mit	mit	0.98
MET	4, 45	1304	MET	4, 47	1306	mit	mit	0.8
LEU	4, 46	1305	MET	4, 47	1306	mit	mit	1
GLY	2, 330	846	GLU	4, 48	1307	mit	mit	0.84
LEU	4, 44	1303	GLU	4, 48	1307	mit	mit	0.83
MET	4, 45	1304	GLU	4, 48	1307	mit	mit	0.91
LEU	4, 46	1305	GLU	4, 48	1307	mit	mit	0.88
MET	4, 47	1306	GLU	4, 48	1307	mit	mit	1
GLU	4, 48	1307	LYS	4, 49	1308	mit	mit	1
GLY	2, 330	846	LEU	4, 50	1309	mit	mit	0.89
GLU	4, 48	1307	LEU	4, 50	1309	mit	mit	0.99
LYS	4, 49	1308	LEU	4, 50	1309	mit	mit	1
GLY	2, 330	846	SER	4, 51	1310	mit	mit	0.97
GLY	2, 331	847	SER	4, 51	1310	mit	mit	0.98
THR	2, 332	848	SER	4, 51	1310	mit	mit	0.96
LYS	4, 49	1308	SER	4, 51	1310	mit	mit	0.56
LEU	4, 50	1309	SER	4, 51	1310	mit	mit	1
HIS	2, 329	845	SER	4, 52	1311	mit	mit	0.59
GLY	2, 330	846	SER	4, 52	1311	mit	mit	0.98
GLY	2, 331	847	SER	4, 52	1311	mit	mit	0.83
LEU	4, 50	1309	SER	4, 52	1311	mit	mit	0.95
SER	4, 51	1310	SER	4, 52	1311	mit	mit	1
LYS	2, 265	781	ASN	4, 53	1312	mit	mit	0.92
LYS	2, 266	782	ASN	4, 53	1312	mit	mit	0.76
GLY	2, 330	846	ASN	4, 53	1312	mit	mit	0.74
GLY	2, 331	847	ASN	4, 53	1312	mit	mit	0.67
SER	4, 51	1310	ASN	4, 53	1312	mit	mit	0.75
SER	4, 52	1311	ASN	4, 53	1312	mit	mit	1
SER	4, 52	1311	THR	4, 54	1313	mit	mit	0.93
ASN	4, 53	1312	THR	4, 54	1313	mit	mit	1
PHE	2, 269	785	VAL	4, 55	1314	mit	mit	0.8
ASN	4, 53	1312	VAL	4, 55	1314	mit	mit	0.51
THR	4, 54	1313	VAL	4, 55	1314	mit	mit	1
THR	4, 54	1313	ASP	4, 56	1315	mit	mit	0.65
VAL	4, 55	1314	ASP	4, 56	1315	mit	mit	1
PHE	2, 269	785	ALA	4, 57	1316	mit	mit	0.8
GLY	2, 270	786	ALA	4, 57	1316	mit	mit	0.84
VAL	4, 55	1314	ALA	4, 57	1316	mit	mit	0.89
ASP	4, 56	1315	ALA	4, 57	1316	mit	mit	1
ASP	4, 56	1315	GLN	4, 58	1317	mit	mit	0.9
ALA	4, 57	1316	GLN	4, 58	1317	mit	mit	1
ASP	4, 56	1315	GLU	4, 59	1318	mit	mit	0.73
ALA	4, 57	1316	GLU	4, 59	1318	mit	mit	0.79
GLN	4, 58	1317	GLU	4, 59	1318	mit	mit	1
ALA	2, 326	842	VAL	4, 60	1319	mit	mit	0.78
ALA	4, 57	1316	VAL	4, 60	1319	mit	mit	0.9
GLN	4, 58	1317	VAL	4, 60	1319	mit	mit	0.76
GLU	4, 59	1318	VAL	4, 60	1319	mit	mit	1
GLY	2, 270	786	GLU	4, 61	1320	mit	mit	0.84
GLY	2, 273	789	GLU	4, 61	1320	mit	mit	0.88
ILE	2, 319	835	GLU	4, 61	1320	mit	mit	0.8
ALA	4, 57	1316	GLU	4, 61	1320	mit	mit	0.9
GLN	4, 58	1317	GLU	4, 61	1320	mit	mit	0.97
GLU	4, 59	1318	GLU	4, 61	1320	mit	mit	0.97
VAL	4, 60	1319	GLU	4, 61	1320	mit	mit	1
GLN	4, 58	1317	LEU	4, 62	1321	mit	mit	0.8
GLU	4, 59	1318	LEU	4, 62	1321	mit	mit	0.95
VAL	4, 60	1319	LEU	4, 62	1321	mit	mit	0.97
GLU	4, 61	1320	LEU	4, 62	1321	mit	mit	1
GLU	4, 59	1318	ILE	4, 63	1322	mit	mit	0.74
VAL	4, 60	1319	ILE	4, 63	1322	mit	mit	0.99
GLU	4, 61	1320	ILE	4, 63	1322	mit	mit	0.97
LEU	4, 62	1321	ILE	4, 63	1322	mit	mit	1
GLY	2, 318	834	TRP	4, 64	1323	mit	mit	0.86
ILE	2, 319	835	TRP	4, 64	1323	mit	mit	0.95
PHE	2, 322	838	TRP	4, 64	1323	mit	mit	0.98
VAL	4, 60	1319	TRP	4, 64	1323	mit	mit	0.96
GLU	4, 61	1320	TRP	4, 64	1323	mit	mit	0.99
LEU	4, 62	1321	TRP	4, 64	1323	mit	mit	0.68
ILE	4, 63	1322	TRP	4, 64	1323	mit	mit	1
ILE	2, 315	831	THR	4, 65	1324	mit	mit	0.94
ILE	2, 319	835	THR	4, 65	1324	mit	mit	0.97
GLU	4, 61	1320	THR	4, 65	1324	mit	mit	0.97
LEU	4, 62	1321	THR	4, 65	1324	mit	mit	0.99
ILE	4, 63	1322	THR	4, 65	1324	mit	mit	0.98
TRP	4, 64	1323	THR	4, 65	1324	mit	mit	1
LEU	4, 62	1321	ILE	4, 66	1325	mit	mit	0.98
ILE	4, 63	1322	ILE	4, 66	1325	mit	mit	0.99
TRP	4, 64	1323	ILE	4, 66	1325	mit	mit	0.64
THR	4, 65	1324	ILE	4, 66	1325	mit	mit	1
ILE	4, 63	1322	LEU	4, 67	1326	mit	mit	0.98
TRP	4, 64	1323	LEU	4, 67	1326	mit	mit	0.99
THR	4, 65	1324	LEU	4, 67	1326	mit	mit	0.87
ILE	4, 66	1325	LEU	4, 67	1326	mit	mit	1
ALA	2, 314	830	PRO	4, 68	1327	mit	mit	0.91
ILE	2, 315	831	PRO	4, 68	1327	mit	mit	0.98
GLY	2, 318	834	PRO	4, 68	1327	mit	mit	0.97
TRP	4, 64	1323	PRO	4, 68	1327	mit	mit	0.95
THR	4, 65	1324	PRO	4, 68	1327	mit	mit	0.97
ILE	4, 66	1325	PRO	4, 68	1327	mit	mit	0.89
LEU	4, 67	1326	PRO	4, 68	1327	mit	mit	1
ILE	2, 315	831	ALA	4, 69	1328	mit	mit	0.97
THR	4, 65	1324	ALA	4, 69	1328	mit	mit	0.96
ILE	4, 66	1325	ALA	4, 69	1328	mit	mit	1
LEU	4, 67	1326	ALA	4, 69	1328	mit	mit	0.99
PRO	4, 68	1327	ALA	4, 69	1328	mit	mit	1
ILE	4, 66	1325	ILE	4, 70	1329	mit	mit	0.98
LEU	4, 67	1326	ILE	4, 70	1329	mit	mit	1
PRO	4, 68	1327	ILE	4, 70	1329	mit	mit	0.98
ALA	4, 69	1328	ILE	4, 70	1329	mit	mit	1
VAL	4, 30	1289	VAL	4, 71	1330	mit	mit	0.98
LEU	4, 67	1326	VAL	4, 71	1330	mit	mit	0.98
PRO	4, 68	1327	VAL	4, 71	1330	mit	mit	1
ALA	4, 69	1328	VAL	4, 71	1330	mit	mit	0.99
ILE	4, 70	1329	VAL	4, 71	1330	mit	mit	1
MET	2, 311	827	LEU	4, 72	1331	mit	mit	0.99
ILE	2, 312	828	LEU	4, 72	1331	mit	mit	0.85
ALA	2, 314	830	LEU	4, 72	1331	mit	mit	0.95
ILE	2, 315	831	LEU	4, 72	1331	mit	mit	0.92
PRO	4, 68	1327	LEU	4, 72	1331	mit	mit	0.99
ALA	4, 69	1328	LEU	4, 72	1331	mit	mit	1
ILE	4, 70	1329	LEU	4, 72	1331	mit	mit	0.99
VAL	4, 71	1330	LEU	4, 72	1331	mit	mit	1
ALA	4, 69	1328	VAL	4, 73	1332	mit	mit	0.98
ILE	4, 70	1329	VAL	4, 73	1332	mit	mit	1
VAL	4, 71	1330	VAL	4, 73	1332	mit	mit	0.99
LEU	4, 72	1331	VAL	4, 73	1332	mit	mit	1
VAL	4, 30	1289	LEU	4, 74	1333	mit	mit	0.68
ILE	4, 70	1329	LEU	4, 74	1333	mit	mit	0.98
VAL	4, 71	1330	LEU	4, 74	1333	mit	mit	1
LEU	4, 72	1331	LEU	4, 74	1333	mit	mit	0.99
VAL	4, 73	1332	LEU	4, 74	1333	mit	mit	1
MET	2, 311	827	LEU	4, 75	1334	mit	mit	0.89
ILE	2, 357	873	LEU	4, 75	1334	mit	mit	0.77
ASN	2, 361	877	LEU	4, 75	1334	mit	mit	0.74
HIS	4, 26	1285	LEU	4, 75	1334	mit	mit	0.81
ALA	4, 27	1286	LEU	4, 75	1334	mit	mit	0.99
VAL	4, 30	1289	LEU	4, 75	1334	mit	mit	0.98
VAL	4, 71	1330	LEU	4, 75	1334	mit	mit	0.99
LEU	4, 72	1331	LEU	4, 75	1334	mit	mit	1
VAL	4, 73	1332	LEU	4, 75	1334	mit	mit	0.99
LEU	4, 74	1333	LEU	4, 75	1334	mit	mit	1
THR	2, 307	823	ALA	4, 76	1335	mit	mit	0.85
SER	2, 308	824	ALA	4, 76	1335	mit	mit	0.98
MET	2, 311	827	ALA	4, 76	1335	mit	mit	0.98
LEU	4, 72	1331	ALA	4, 76	1335	mit	mit	1
VAL	4, 73	1332	ALA	4, 76	1335	mit	mit	1
LEU	4, 74	1333	ALA	4, 76	1335	mit	mit	0.91
LEU	4, 75	1334	ALA	4, 76	1335	mit	mit	1
VAL	4, 73	1332	LEU	4, 77	1336	mit	mit	0.98
LEU	4, 74	1333	LEU	4, 77	1336	mit	mit	0.98
LEU	4, 75	1334	LEU	4, 77	1336	mit	mit	0.9
ALA	4, 76	1335	LEU	4, 77	1336	mit	mit	1
PHE	4, 23	1282	PRO	4, 78	1337	mit	mit	0.99
HIS	4, 26	1285	PRO	4, 78	1337	mit	mit	0.95
LEU	4, 74	1333	PRO	4, 78	1337	mit	mit	0.56
LEU	4, 75	1334	PRO	4, 78	1337	mit	mit	0.96
ALA	4, 76	1335	PRO	4, 78	1337	mit	mit	0.87
LEU	4, 77	1336	PRO	4, 78	1337	mit	mit	1
THR	2, 307	823	SER	4, 79	1338	mit	mit	0.96
ASN	2, 361	877	SER	4, 79	1338	mit	mit	0.99
SER	2, 362	878	SER	4, 79	1338	mit	mit	0.77
SER	2, 363	879	SER	4, 79	1338	mit	mit	0.98
LEU	2, 364	880	SER	4, 79	1338	mit	mit	0.79
PHE	4, 23	1282	SER	4, 79	1338	mit	mit	0.98
LEU	4, 75	1334	SER	4, 79	1338	mit	mit	0.98
ALA	4, 76	1335	SER	4, 79	1338	mit	mit	1
LEU	4, 77	1336	SER	4, 79	1338	mit	mit	0.99
PRO	4, 78	1337	SER	4, 79	1338	mit	mit	1
ALA	2, 304	820	LEU	4, 80	1339	mit	mit	0.98
THR	2, 307	823	LEU	4, 80	1339	mit	mit	0.89
SER	2, 308	824	LEU	4, 80	1339	mit	mit	0.71
ALA	4, 76	1335	LEU	4, 80	1339	mit	mit	0.99
LEU	4, 77	1336	LEU	4, 80	1339	mit	mit	0.99
PRO	4, 78	1337	LEU	4, 80	1339	mit	mit	0.96
SER	4, 79	1338	LEU	4, 80	1339	mit	mit	1
LEU	4, 77	1336	GLN	4, 81	1340	mit	mit	0.98
PRO	4, 78	1337	GLN	4, 81	1340	mit	mit	1
SER	4, 79	1338	GLN	4, 81	1340	mit	mit	0.99
LEU	4, 80	1339	GLN	4, 81	1340	mit	mit	1
SER	2, 363	879	ILE	4, 82	1341	mit	mit	0.98
ILE	4, 16	1275	ILE	4, 82	1341	mit	mit	0.75
GLU	4, 19	1278	ILE	4, 82	1341	mit	mit	0.99
LEU	4, 20	1279	ILE	4, 82	1341	mit	mit	0.96
PHE	4, 23	1282	ILE	4, 82	1341	mit	mit	0.98
PRO	4, 78	1337	ILE	4, 82	1341	mit	mit	0.98
SER	4, 79	1338	ILE	4, 82	1341	mit	mit	1
LEU	4, 80	1339	ILE	4, 82	1341	mit	mit	0.97
GLN	4, 81	1340	ILE	4, 82	1341	mit	mit	1
VAL	2, 300	816	LEU	4, 83	1342	mit	mit	0.94
ARG	2, 303	819	LEU	4, 83	1342	mit	mit	0.94
ALA	2, 304	820	LEU	4, 83	1342	mit	mit	0.96
THR	2, 307	823	LEU	4, 83	1342	mit	mit	0.85
SER	2, 362	878	LEU	4, 83	1342	mit	mit	0.97
SER	2, 363	879	LEU	4, 83	1342	mit	mit	0.98
SER	4, 79	1338	LEU	4, 83	1342	mit	mit	0.99
LEU	4, 80	1339	LEU	4, 83	1342	mit	mit	1
GLN	4, 81	1340	LEU	4, 83	1342	mit	mit	0.99
ILE	4, 82	1341	LEU	4, 83	1342	mit	mit	1
VAL	2, 300	816	TYR	4, 84	1343	mit	mit	0.94
ALA	2, 304	820	TYR	4, 84	1343	mit	mit	0.71
LEU	4, 80	1339	TYR	4, 84	1343	mit	mit	0.99
GLN	4, 81	1340	TYR	4, 84	1343	mit	mit	0.99
ILE	4, 82	1341	TYR	4, 84	1343	mit	mit	0.95
LEU	4, 83	1342	TYR	4, 84	1343	mit	mit	1
ILE	4, 16	1275	MET	4, 85	1344	mit	mit	0.88
GLU	4, 19	1278	MET	4, 85	1344	mit	mit	0.86
GLN	4, 81	1340	MET	4, 85	1344	mit	mit	0.98
ILE	4, 82	1341	MET	4, 85	1344	mit	mit	1
LEU	4, 83	1342	MET	4, 85	1344	mit	mit	0.99
TYR	4, 84	1343	MET	4, 85	1344	mit	mit	1
SER	2, 363	879	MET	4, 86	1345	mit	mit	0.92
ILE	2, 366	882	MET	4, 86	1345	mit	mit	0.74
ILE	4, 16	1275	MET	4, 86	1345	mit	mit	0.99
ILE	4, 82	1341	MET	4, 86	1345	mit	mit	0.99
LEU	4, 83	1342	MET	4, 86	1345	mit	mit	0.99
TYR	4, 84	1343	MET	4, 86	1345	mit	mit	0.98
MET	4, 85	1344	MET	4, 86	1345	mit	mit	1
VAL	2, 300	816	ASP	4, 87	1346	mit	mit	0.95
LEU	4, 83	1342	ASP	4, 87	1346	mit	mit	0.91
TYR	4, 84	1343	ASP	4, 87	1346	mit	mit	0.98
MET	4, 85	1344	ASP	4, 87	1346	mit	mit	0.88
MET	4, 86	1345	ASP	4, 87	1346	mit	mit	1
TYR	4, 84	1343	GLU	4, 88	1347	mit	mit	0.93
MET	4, 85	1344	GLU	4, 88	1347	mit	mit	0.97
MET	4, 86	1345	GLU	4, 88	1347	mit	mit	0.9
ASP	4, 87	1346	GLU	4, 88	1347	mit	mit	1
ASP	4, 87	1346	ILE	4, 89	1348	mit	mit	0.67
GLU	4, 88	1347	ILE	4, 89	1348	mit	mit	1
GLU	4, 88	1347	ASP	4, 90	1349	mit	mit	0.94
ILE	4, 89	1348	ASP	4, 90	1349	mit	mit	1
ILE	4, 89	1348	GLU	4, 91	1350	mit	mit	0.56
ASP	4, 90	1349	GLU	4, 91	1350	mit	mit	1
ILE	4, 89	1348	PRO	4, 92	1351	mit	mit	0.75
ASP	4, 90	1349	PRO	4, 92	1351	mit	mit	0.77
GLU	4, 91	1350	PRO	4, 92	1351	mit	mit	1
GLU	4, 91	1350	ASP	4, 93	1352	mit	mit	0.78
PRO	4, 92	1351	ASP	4, 93	1352	mit	mit	1
PRO	4, 92	1351	LEU	4, 94	1353	mit	mit	0.96
ASP	4, 93	1352	LEU	4, 94	1353	mit	mit	1
PRO	4, 92	1351	THR	4, 95	1354	mit	mit	0.95
LEU	4, 94	1353	THR	4, 95	1354	mit	mit	1
LEU	4, 94	1353	LEU	4, 96	1355	mit	mit	1
THR	4, 95	1354	LEU	4, 96	1355	mit	mit	1
THR	4, 95	1354	LYS	4, 97	1356	mit	mit	0.99
LEU	4, 96	1355	LYS	4, 97	1356	mit	mit	1
LEU	4, 96	1355	ALA	4, 98	1357	mit	mit	1
LYS	4, 97	1356	ALA	4, 98	1357	mit	mit	1
LYS	4, 97	1356	ILE	4, 99	1358	mit	mit	1
ALA	4, 98	1357	ILE	4, 99	1358	mit	mit	1
ALA	4, 98	1357	GLY	4, 100	1359	mit	mit	1
ILE	4, 99	1358	GLY	4, 100	1359	mit	mit	1
ILE	4, 99	1358	HIS	4, 101	1360	mit	mit	1
GLY	4, 100	1359	HIS	4, 101	1360	mit	mit	1
ALA	2, 138	654	GLN	4, 102	1361	mit	mit	0.51
HIS	4, 101	1360	GLN	4, 102	1361	mit	mit	1
HIS	4, 101	1360	TRP	4, 103	1362	mit	mit	0.94
GLN	4, 102	1361	TRP	4, 103	1362	mit	mit	1
GLY	4, 100	1359	TYR	4, 104	1363	mit	mit	0.87
HIS	4, 101	1360	TYR	4, 104	1363	mit	mit	0.99
GLN	4, 102	1361	TYR	4, 104	1363	mit	mit	0.75
TRP	4, 103	1362	TYR	4, 104	1363	mit	mit	1
ALA	4, 98	1357	TRP	4, 105	1364	mit	mit	0.99
ILE	4, 99	1358	TRP	4, 105	1364	mit	mit	0.98
GLY	4, 100	1359	TRP	4, 105	1364	mit	mit	1
HIS	4, 101	1360	TRP	4, 105	1364	mit	mit	0.96
TYR	4, 104	1363	TRP	4, 105	1364	mit	mit	1
ALA	4, 98	1357	THR	4, 106	1365	mit	mit	0.82
ILE	4, 99	1358	THR	4, 106	1365	mit	mit	1
GLY	4, 100	1359	THR	4, 106	1365	mit	mit	1
HIS	4, 101	1360	THR	4, 106	1365	mit	mit	0.99
TYR	4, 104	1363	THR	4, 106	1365	mit	mit	0.99
TRP	4, 105	1364	THR	4, 106	1365	mit	mit	1
LEU	4, 96	1355	TYR	4, 107	1366	mit	mit	0.99
LYS	4, 97	1356	TYR	4, 107	1366	mit	mit	0.97
ALA	4, 98	1357	TYR	4, 107	1366	mit	mit	1
ILE	4, 99	1358	TYR	4, 107	1366	mit	mit	0.81
TRP	4, 105	1364	TYR	4, 107	1366	mit	mit	1
THR	4, 106	1365	TYR	4, 107	1366	mit	mit	1
LEU	4, 96	1355	GLU	4, 108	1367	mit	mit	0.88
LYS	4, 97	1356	GLU	4, 108	1367	mit	mit	1
ILE	4, 99	1358	GLU	4, 108	1367	mit	mit	0.95
THR	4, 106	1365	GLU	4, 108	1367	mit	mit	1
TYR	4, 107	1366	GLU	4, 108	1367	mit	mit	1
LEU	4, 94	1353	TYR	4, 109	1368	mit	mit	0.58
LEU	4, 96	1355	TYR	4, 109	1368	mit	mit	0.99
LYS	4, 97	1356	TYR	4, 109	1368	mit	mit	0.66
TYR	4, 107	1366	TYR	4, 109	1368	mit	mit	0.97
GLU	4, 108	1367	TYR	4, 109	1368	mit	mit	1
THR	4, 95	1354	THR	4, 110	1369	mit	mit	0.55
LYS	4, 97	1356	THR	4, 110	1369	mit	mit	0.92
GLU	4, 108	1367	THR	4, 110	1369	mit	mit	1
TYR	4, 109	1368	THR	4, 110	1369	mit	mit	1
LEU	4, 94	1353	ASP	4, 111	1370	mit	mit	0.94
THR	4, 95	1354	ASP	4, 111	1370	mit	mit	0.98
TYR	4, 109	1368	ASP	4, 111	1370	mit	mit	0.99
THR	4, 110	1369	ASP	4, 111	1370	mit	mit	1
ASP	4, 111	1370	PHE	4, 112	1371	mit	mit	1
TYR	4, 109	1368	LYS	4, 113	1372	mit	mit	0.67
THR	4, 110	1369	LYS	4, 113	1372	mit	mit	0.59
PHE	4, 112	1371	LYS	4, 113	1372	mit	mit	1
GLU	4, 108	1367	ASP	4, 114	1373	mit	mit	0.56
TYR	4, 109	1368	ASP	4, 114	1373	mit	mit	0.52
THR	4, 110	1369	ASP	4, 114	1373	mit	mit	0.96
LYS	4, 113	1372	ASP	4, 114	1373	mit	mit	1
GLU	4, 108	1367	LEU	4, 115	1374	mit	mit	0.95
TYR	4, 109	1368	LEU	4, 115	1374	mit	mit	0.99
THR	4, 110	1369	LEU	4, 115	1374	mit	mit	0.82
LYS	4, 113	1372	LEU	4, 115	1374	mit	mit	0.97
ASP	4, 114	1373	LEU	4, 115	1374	mit	mit	1
THR	4, 106	1365	SER	4, 116	1375	mit	mit	0.97
TYR	4, 107	1366	SER	4, 116	1375	mit	mit	0.94
GLU	4, 108	1367	SER	4, 116	1375	mit	mit	1
TYR	4, 109	1368	SER	4, 116	1375	mit	mit	0.82
THR	4, 110	1369	SER	4, 116	1375	mit	mit	0.55
ASP	4, 114	1373	SER	4, 116	1375	mit	mit	0.96
LEU	4, 115	1374	SER	4, 116	1375	mit	mit	1
THR	4, 106	1365	PHE	4, 117	1376	mit	mit	0.94
TYR	4, 107	1366	PHE	4, 117	1376	mit	mit	0.99
LEU	4, 115	1374	PHE	4, 117	1376	mit	mit	0.96
SER	4, 116	1375	PHE	4, 117	1376	mit	mit	1
TYR	4, 104	1363	ASP	4, 118	1377	mit	mit	0.99
TRP	4, 105	1364	ASP	4, 118	1377	mit	mit	0.89
THR	4, 106	1365	ASP	4, 118	1377	mit	mit	1
PHE	4, 117	1376	ASP	4, 118	1377	mit	mit	1
TYR	4, 104	1363	SER	4, 119	1378	mit	mit	0.99
TRP	4, 105	1364	SER	4, 119	1378	mit	mit	1
THR	4, 106	1365	SER	4, 119	1378	mit	mit	0.9
TYR	4, 107	1366	SER	4, 119	1378	mit	mit	0.98
PHE	4, 117	1376	SER	4, 119	1378	mit	mit	0.98
ASP	4, 118	1377	SER	4, 119	1378	mit	mit	1
TYR	4, 104	1363	TYR	4, 120	1379	mit	mit	0.99
ASP	4, 118	1377	TYR	4, 120	1379	mit	mit	0.99
SER	4, 119	1378	TYR	4, 120	1379	mit	mit	1
TYR	4, 104	1363	MET	4, 121	1380	mit	mit	0.67
TYR	4, 120	1379	MET	4, 121	1380	mit	mit	1
TYR	4, 120	1379	THR	4, 122	1381	mit	mit	0.84
MET	4, 121	1380	THR	4, 122	1381	mit	mit	1
MET	4, 121	1380	PRO	4, 123	1382	mit	mit	0.97
THR	4, 122	1381	PRO	4, 123	1382	mit	mit	1
PRO	4, 123	1382	THR	4, 124	1383	mit	mit	1
PRO	4, 123	1382	THR	4, 125	1384	mit	mit	0.99
THR	4, 124	1383	THR	4, 125	1384	mit	mit	1
THR	4, 122	1381	ASP	4, 126	1385	mit	mit	0.96
PRO	4, 123	1382	ASP	4, 126	1385	mit	mit	0.99
THR	4, 124	1383	ASP	4, 126	1385	mit	mit	0.83
THR	4, 125	1384	ASP	4, 126	1385	mit	mit	1
THR	4, 122	1381	LEU	4, 127	1386	mit	mit	0.98
PRO	4, 123	1382	LEU	4, 127	1386	mit	mit	0.88
THR	4, 124	1383	LEU	4, 127	1386	mit	mit	0.99
THR	4, 125	1384	LEU	4, 127	1386	mit	mit	0.95
ASP	4, 126	1385	LEU	4, 127	1386	mit	mit	1
LEU	4, 127	1386	PRO	4, 128	1387	mit	mit	1
PRO	4, 128	1387	LEU	4, 129	1388	mit	mit	1
LEU	4, 127	1386	GLY	4, 130	1389	mit	mit	0.76
PRO	4, 128	1387	GLY	4, 130	1389	mit	mit	1
LEU	4, 129	1388	GLY	4, 130	1389	mit	mit	1
THR	4, 122	1381	HIS	4, 131	1390	mit	mit	0.83
LEU	4, 127	1386	HIS	4, 131	1390	mit	mit	0.99
PRO	4, 128	1387	HIS	4, 131	1390	mit	mit	0.98
LEU	4, 129	1388	HIS	4, 131	1390	mit	mit	0.97
GLY	4, 130	1389	HIS	4, 131	1390	mit	mit	1
PRO	2, 445	961	PHE	4, 132	1391	mit	mit	0.94
ASP	2, 446	962	PHE	4, 132	1391	mit	mit	0.82
MET	4, 1	1260	PHE	4, 132	1391	mit	mit	0.73
GLY	4, 130	1389	PHE	4, 132	1391	mit	mit	0.92
HIS	4, 131	1390	PHE	4, 132	1391	mit	mit	1
PRO	2, 445	961	ARG	4, 133	1392	mit	mit	0.96
ASP	2, 446	962	ARG	4, 133	1392	mit	mit	0.98
THR	4, 124	1383	ARG	4, 133	1392	mit	mit	0.97
LEU	4, 127	1386	ARG	4, 133	1392	mit	mit	0.92
HIS	4, 131	1390	ARG	4, 133	1392	mit	mit	0.72
PHE	4, 132	1391	ARG	4, 133	1392	mit	mit	1
ASP	2, 443	959	LEU	4, 134	1393	mit	mit	0.96
TYR	2, 444	960	LEU	4, 134	1393	mit	mit	0.76
PRO	2, 445	961	LEU	4, 134	1393	mit	mit	0.97
MET	4, 121	1380	LEU	4, 134	1393	mit	mit	0.91
THR	4, 124	1383	LEU	4, 134	1393	mit	mit	0.72
PHE	4, 132	1391	LEU	4, 134	1393	mit	mit	0.95
ARG	4, 133	1392	LEU	4, 134	1393	mit	mit	1
PRO	2, 445	961	LEU	4, 135	1394	mit	mit	0.98
MET	4, 1	1260	LEU	4, 135	1394	mit	mit	0.8
PHE	4, 132	1391	LEU	4, 135	1394	mit	mit	0.99
ARG	4, 133	1392	LEU	4, 135	1394	mit	mit	0.98
LEU	4, 134	1393	LEU	4, 135	1394	mit	mit	1
MET	4, 121	1380	GLU	4, 136	1395	mit	mit	0.93
THR	4, 122	1381	GLU	4, 136	1395	mit	mit	0.99
LEU	4, 127	1386	GLU	4, 136	1395	mit	mit	0.93
HIS	4, 131	1390	GLU	4, 136	1395	mit	mit	0.99
PHE	4, 132	1391	GLU	4, 136	1395	mit	mit	0.98
LEU	4, 135	1394	GLU	4, 136	1395	mit	mit	1
SER	4, 119	1378	VAL	4, 137	1396	mit	mit	1
TYR	4, 120	1379	VAL	4, 137	1396	mit	mit	0.98
MET	4, 121	1380	VAL	4, 137	1396	mit	mit	0.99
THR	4, 122	1381	VAL	4, 137	1396	mit	mit	0.98
GLU	4, 136	1395	VAL	4, 137	1396	mit	mit	1
SER	4, 119	1378	ASP	4, 138	1397	mit	mit	0.98
TYR	4, 120	1379	ASP	4, 138	1397	mit	mit	0.99
MET	4, 121	1380	ASP	4, 138	1397	mit	mit	0.54
THR	4, 122	1381	ASP	4, 138	1397	mit	mit	0.98
VAL	4, 137	1396	ASP	4, 138	1397	mit	mit	1
PHE	4, 117	1376	HIS	4, 139	1398	mit	mit	0.99
ASP	4, 118	1377	HIS	4, 139	1398	mit	mit	0.91
SER	4, 119	1378	HIS	4, 139	1398	mit	mit	0.99
TYR	4, 120	1379	HIS	4, 139	1398	mit	mit	0.54
VAL	4, 137	1396	HIS	4, 139	1398	mit	mit	0.99
ASP	4, 138	1397	HIS	4, 139	1398	mit	mit	1
SER	4, 119	1378	ARG	4, 140	1399	mit	mit	0.81
VAL	4, 137	1396	ARG	4, 140	1399	mit	mit	0.98
HIS	4, 139	1398	ARG	4, 140	1399	mit	mit	1
LEU	4, 96	1355	ILE	4, 141	1400	mit	mit	0.9
TYR	4, 107	1366	ILE	4, 141	1400	mit	mit	0.99
SER	4, 119	1378	ILE	4, 141	1400	mit	mit	0.84
ARG	4, 140	1399	ILE	4, 141	1400	mit	mit	1
ARG	4, 140	1399	VAL	4, 142	1401	mit	mit	0.99
ILE	4, 141	1400	VAL	4, 142	1401	mit	mit	1
LEU	4, 94	1353	ILE	4, 143	1402	mit	mit	0.85
LEU	4, 96	1355	ILE	4, 143	1402	mit	mit	0.88
ILE	4, 141	1400	ILE	4, 143	1402	mit	mit	1
VAL	4, 142	1401	ILE	4, 143	1402	mit	mit	1
ASP	4, 93	1352	PRO	4, 144	1403	mit	mit	0.82
LEU	4, 94	1353	PRO	4, 144	1403	mit	mit	0.95
ILE	4, 143	1402	PRO	4, 144	1403	mit	mit	1
ILE	4, 143	1402	MET	4, 145	1404	mit	mit	0.83
PRO	4, 144	1403	MET	4, 145	1404	mit	mit	1
PRO	4, 144	1403	GLU	4, 146	1405	mit	mit	0.86
MET	4, 145	1404	GLU	4, 146	1405	mit	mit	1
ASP	4, 93	1352	SER	4, 147	1406	mit	mit	0.99
LEU	4, 94	1353	SER	4, 147	1406	mit	mit	0.93
ILE	4, 143	1402	SER	4, 147	1406	mit	mit	0.65
PRO	4, 144	1403	SER	4, 147	1406	mit	mit	0.99
MET	4, 145	1404	SER	4, 147	1406	mit	mit	0.98
GLU	4, 146	1405	SER	4, 147	1406	mit	mit	1
ASP	4, 90	1349	PRO	4, 148	1407	mit	mit	0.82
GLU	4, 91	1350	PRO	4, 148	1407	mit	mit	0.93
PRO	4, 92	1351	PRO	4, 148	1407	mit	mit	0.99
ASP	4, 93	1352	PRO	4, 148	1407	mit	mit	0.99
SER	4, 147	1406	PRO	4, 148	1407	mit	mit	1
PRO	4, 92	1351	ILE	4, 149	1408	mit	mit	0.94
ASP	4, 93	1352	ILE	4, 149	1408	mit	mit	0.93
LEU	4, 94	1353	ILE	4, 149	1408	mit	mit	0.99
THR	4, 95	1354	ILE	4, 149	1408	mit	mit	0.59
LEU	4, 96	1355	ILE	4, 149	1408	mit	mit	0.98
ILE	4, 143	1402	ILE	4, 149	1408	mit	mit	0.99
PRO	4, 144	1403	ILE	4, 149	1408	mit	mit	0.78
SER	4, 147	1406	ILE	4, 149	1408	mit	mit	0.99
PRO	4, 148	1407	ILE	4, 149	1408	mit	mit	1
ILE	4, 89	1348	ARG	4, 150	1409	mit	mit	0.65
PRO	4, 92	1351	ARG	4, 150	1409	mit	mit	0.99
LEU	4, 94	1353	ARG	4, 150	1409	mit	mit	0.96
THR	4, 95	1354	ARG	4, 150	1409	mit	mit	1
LEU	4, 96	1355	ARG	4, 150	1409	mit	mit	0.95
PRO	4, 148	1407	ARG	4, 150	1409	mit	mit	0.93
ILE	4, 149	1408	ARG	4, 150	1409	mit	mit	1
THR	4, 95	1354	VAL	4, 151	1410	mit	mit	0.72
LEU	4, 96	1355	VAL	4, 151	1410	mit	mit	1
LYS	4, 97	1356	VAL	4, 151	1410	mit	mit	0.85
ALA	4, 98	1357	VAL	4, 151	1410	mit	mit	0.99
ILE	4, 149	1408	VAL	4, 151	1410	mit	mit	1
ARG	4, 150	1409	VAL	4, 151	1410	mit	mit	1
THR	4, 95	1354	ILE	4, 152	1411	mit	mit	0.99
LEU	4, 96	1355	ILE	4, 152	1411	mit	mit	0.98
LYS	4, 97	1356	ILE	4, 152	1411	mit	mit	1
ALA	4, 98	1357	ILE	4, 152	1411	mit	mit	0.98
ARG	4, 150	1409	ILE	4, 152	1411	mit	mit	0.99
VAL	4, 151	1410	ILE	4, 152	1411	mit	mit	1
LYS	4, 97	1356	ILE	4, 153	1412	mit	mit	0.59
ALA	4, 98	1357	ILE	4, 153	1412	mit	mit	1
VAL	4, 151	1410	ILE	4, 153	1412	mit	mit	1
ILE	4, 152	1411	ILE	4, 153	1412	mit	mit	1
LYS	4, 97	1356	THR	4, 154	1413	mit	mit	0.86
ALA	4, 98	1357	THR	4, 154	1413	mit	mit	0.84
ILE	4, 99	1358	THR	4, 154	1413	mit	mit	1
GLY	4, 100	1359	THR	4, 154	1413	mit	mit	0.93
ILE	4, 152	1411	THR	4, 154	1413	mit	mit	1
ILE	4, 153	1412	THR	4, 154	1413	mit	mit	1
ILE	4, 99	1358	ALA	4, 155	1414	mit	mit	0.99
GLY	4, 100	1359	ALA	4, 155	1414	mit	mit	1
HIS	4, 101	1360	ALA	4, 155	1414	mit	mit	0.86
ILE	4, 153	1412	ALA	4, 155	1414	mit	mit	0.53
THR	4, 154	1413	ALA	4, 155	1414	mit	mit	1
ILE	4, 99	1358	ASP	4, 156	1415	mit	mit	0.99
GLY	4, 100	1359	ASP	4, 156	1415	mit	mit	0.98
HIS	4, 101	1360	ASP	4, 156	1415	mit	mit	0.99
THR	4, 154	1413	ASP	4, 156	1415	mit	mit	0.88
ALA	4, 155	1414	ASP	4, 156	1415	mit	mit	1
PRO	2, 132	648	ASP	4, 157	1416	mit	mit	0.86
ALA	2, 138	654	ASP	4, 157	1416	mit	mit	0.77
GLY	4, 100	1359	ASP	4, 157	1416	mit	mit	0.68
HIS	4, 101	1360	ASP	4, 157	1416	mit	mit	0.98
GLN	4, 102	1361	ASP	4, 157	1416	mit	mit	0.99
ALA	4, 155	1414	ASP	4, 157	1416	mit	mit	0.99
ASP	4, 156	1415	ASP	4, 157	1416	mit	mit	1
PRO	2, 132	648	VAL	4, 158	1417	mit	mit	0.98
LEU	2, 133	649	VAL	4, 158	1417	mit	mit	0.97
ALA	2, 138	654	VAL	4, 158	1417	mit	mit	0.96
GLN	4, 102	1361	VAL	4, 158	1417	mit	mit	0.97
ALA	4, 155	1414	VAL	4, 158	1417	mit	mit	0.98
ASP	4, 157	1416	VAL	4, 158	1417	mit	mit	1
TYR	2, 130	646	LEU	4, 159	1418	mit	mit	0.95
PRO	2, 132	648	LEU	4, 159	1418	mit	mit	0.97
LEU	2, 133	649	LEU	4, 159	1418	mit	mit	0.95
PRO	2, 229	745	LEU	4, 159	1418	mit	mit	0.94
ALA	4, 155	1414	LEU	4, 159	1418	mit	mit	0.98
VAL	4, 158	1417	LEU	4, 159	1418	mit	mit	1
GLY	4, 100	1359	HIS	4, 160	1419	mit	mit	1
ALA	4, 155	1414	HIS	4, 160	1419	mit	mit	0.99
VAL	4, 158	1417	HIS	4, 160	1419	mit	mit	0.99
LEU	4, 159	1418	HIS	4, 160	1419	mit	mit	1
THR	2, 295	811	SER	4, 161	1420	mit	mit	0.91
ASP	2, 370	886	SER	4, 161	1420	mit	mit	0.94
LEU	4, 159	1418	SER	4, 161	1420	mit	mit	0.92
HIS	4, 160	1419	SER	4, 161	1420	mit	mit	1
ALA	4, 98	1357	TRP	4, 162	1421	mit	mit	1
GLY	4, 100	1359	TRP	4, 162	1421	mit	mit	0.63
TRP	4, 105	1364	TRP	4, 162	1421	mit	mit	0.67
VAL	4, 151	1410	TRP	4, 162	1421	mit	mit	0.88
ILE	4, 153	1412	TRP	4, 162	1421	mit	mit	1
HIS	4, 160	1419	TRP	4, 162	1421	mit	mit	0.98
SER	4, 161	1420	TRP	4, 162	1421	mit	mit	1
PRO	2, 438	954	ALA	4, 163	1422	mit	mit	0.79
SER	4, 161	1420	ALA	4, 163	1422	mit	mit	1
TRP	4, 162	1421	ALA	4, 163	1422	mit	mit	1
TRP	4, 162	1421	VAL	4, 164	1423	mit	mit	0.79
ALA	4, 163	1422	VAL	4, 164	1423	mit	mit	1
ALA	2, 367	883	PRO	4, 165	1424	mit	mit	0.96
GLY	2, 436	952	PRO	4, 165	1424	mit	mit	0.99
PHE	4, 9	1268	PRO	4, 165	1424	mit	mit	0.64
GLN	4, 10	1269	PRO	4, 165	1424	mit	mit	0.99
ALA	4, 163	1422	PRO	4, 165	1424	mit	mit	1
VAL	4, 164	1423	PRO	4, 165	1424	mit	mit	1
MET	4, 1	1260	ALA	4, 166	1425	mit	mit	0.78
GLN	4, 10	1269	ALA	4, 166	1425	mit	mit	0.99
ASP	4, 11	1270	ALA	4, 166	1425	mit	mit	0.93
ALA	4, 12	1271	ALA	4, 166	1425	mit	mit	0.89
SER	4, 13	1272	ALA	4, 166	1425	mit	mit	0.99
SER	4, 14	1273	ALA	4, 166	1425	mit	mit	0.61
MET	4, 17	1276	ALA	4, 166	1425	mit	mit	0.94
VAL	4, 164	1423	ALA	4, 166	1425	mit	mit	1
PRO	4, 165	1424	ALA	4, 166	1425	mit	mit	1
SER	4, 13	1272	LEU	4, 167	1426	mit	mit	0.99
SER	4, 14	1273	LEU	4, 167	1426	mit	mit	0.99
MET	4, 17	1276	LEU	4, 167	1426	mit	mit	0.97
VAL	4, 164	1423	LEU	4, 167	1426	mit	mit	1
PRO	4, 165	1424	LEU	4, 167	1426	mit	mit	0.96
ALA	4, 166	1425	LEU	4, 167	1426	mit	mit	1
ILE	2, 366	882	GLY	4, 168	1427	mit	mit	0.96
ALA	2, 367	883	GLY	4, 168	1427	mit	mit	0.98
SER	4, 14	1273	GLY	4, 168	1427	mit	mit	0.98
ILE	4, 16	1275	GLY	4, 168	1427	mit	mit	0.97
MET	4, 17	1276	GLY	4, 168	1427	mit	mit	0.99
LEU	4, 20	1279	GLY	4, 168	1427	mit	mit	0.96
VAL	4, 164	1423	GLY	4, 168	1427	mit	mit	0.99
PRO	4, 165	1424	GLY	4, 168	1427	mit	mit	0.99
ALA	4, 166	1425	GLY	4, 168	1427	mit	mit	0.99
LEU	4, 167	1426	GLY	4, 168	1427	mit	mit	1
ILE	2, 366	882	VAL	4, 169	1428	mit	mit	0.82
VAL	4, 151	1410	VAL	4, 169	1428	mit	mit	0.76
TRP	4, 162	1421	VAL	4, 169	1428	mit	mit	0.84
ALA	4, 163	1422	VAL	4, 169	1428	mit	mit	0.98
VAL	4, 164	1423	VAL	4, 169	1428	mit	mit	0.99
LEU	4, 167	1426	VAL	4, 169	1428	mit	mit	1
GLY	4, 168	1427	VAL	4, 169	1428	mit	mit	1
THR	2, 295	811	LYS	4, 170	1429	mit	mit	0.97
ILE	2, 366	882	LYS	4, 170	1429	mit	mit	0.98
ALA	2, 367	883	LYS	4, 170	1429	mit	mit	0.94
HIS	2, 369	885	LYS	4, 170	1429	mit	mit	0.96
ASP	2, 370	886	LYS	4, 170	1429	mit	mit	0.56
SER	4, 161	1420	LYS	4, 170	1429	mit	mit	0.99
TRP	4, 162	1421	LYS	4, 170	1429	mit	mit	0.96
ALA	4, 163	1422	LYS	4, 170	1429	mit	mit	1
VAL	4, 164	1423	LYS	4, 170	1429	mit	mit	0.63
PRO	4, 165	1424	LYS	4, 170	1429	mit	mit	0.54
GLY	4, 168	1427	LYS	4, 170	1429	mit	mit	0.99
VAL	4, 169	1428	LYS	4, 170	1429	mit	mit	1
THR	2, 295	811	THR	4, 171	1430	mit	mit	0.97
GLY	2, 297	813	THR	4, 171	1430	mit	mit	0.88
VAL	4, 151	1410	THR	4, 171	1430	mit	mit	0.58
ILE	4, 153	1412	THR	4, 171	1430	mit	mit	1
SER	4, 161	1420	THR	4, 171	1430	mit	mit	0.99
TRP	4, 162	1421	THR	4, 171	1430	mit	mit	0.99
ALA	4, 163	1422	THR	4, 171	1430	mit	mit	0.65
VAL	4, 169	1428	THR	4, 171	1430	mit	mit	1
LYS	4, 170	1429	THR	4, 171	1430	mit	mit	1
THR	2, 295	811	ASP	4, 172	1431	mit	mit	0.98
VAL	2, 296	812	ASP	4, 172	1431	mit	mit	0.97
GLY	2, 297	813	ASP	4, 172	1431	mit	mit	0.86
ILE	4, 153	1412	ASP	4, 172	1431	mit	mit	0.81
LEU	4, 159	1418	ASP	4, 172	1431	mit	mit	0.98
HIS	4, 160	1419	ASP	4, 172	1431	mit	mit	0.91
SER	4, 161	1420	ASP	4, 172	1431	mit	mit	1
TRP	4, 162	1421	ASP	4, 172	1431	mit	mit	0.57
LYS	4, 170	1429	ASP	4, 172	1431	mit	mit	0.52
THR	4, 171	1430	ASP	4, 172	1431	mit	mit	1
ALA	4, 98	1357	ALA	4, 173	1432	mit	mit	0.9
ILE	4, 99	1358	ALA	4, 173	1432	mit	mit	0.76
GLY	4, 100	1359	ALA	4, 173	1432	mit	mit	0.99
ILE	4, 153	1412	ALA	4, 173	1432	mit	mit	1
THR	4, 154	1413	ALA	4, 173	1432	mit	mit	1
ALA	4, 155	1414	ALA	4, 173	1432	mit	mit	1
LEU	4, 159	1418	ALA	4, 173	1432	mit	mit	0.98
HIS	4, 160	1419	ALA	4, 173	1432	mit	mit	1
SER	4, 161	1420	ALA	4, 173	1432	mit	mit	0.99
TRP	4, 162	1421	ALA	4, 173	1432	mit	mit	0.99
THR	4, 171	1430	ALA	4, 173	1432	mit	mit	0.97
ASP	4, 172	1431	ALA	4, 173	1432	mit	mit	1
PRO	2, 229	745	ILE	4, 174	1433	mit	mit	0.98
ILE	2, 230	746	ILE	4, 174	1433	mit	mit	0.95
VAL	2, 296	812	ILE	4, 174	1433	mit	mit	0.91
THR	4, 154	1413	ILE	4, 174	1433	mit	mit	0.91
ALA	4, 155	1414	ILE	4, 174	1433	mit	mit	0.99
LEU	4, 159	1418	ILE	4, 174	1433	mit	mit	0.99
ASP	4, 172	1431	ILE	4, 174	1433	mit	mit	1
ALA	4, 173	1432	ILE	4, 174	1433	mit	mit	1
PRO	2, 132	648	PRO	4, 175	1434	mit	mit	0.96
PRO	2, 223	739	PRO	4, 175	1434	mit	mit	0.99
PRO	2, 229	745	PRO	4, 175	1434	mit	mit	0.94
THR	4, 154	1413	PRO	4, 175	1434	mit	mit	0.92
ALA	4, 155	1414	PRO	4, 175	1434	mit	mit	0.99
ASP	4, 156	1415	PRO	4, 175	1434	mit	mit	0.97
ASP	4, 157	1416	PRO	4, 175	1434	mit	mit	0.97
VAL	4, 158	1417	PRO	4, 175	1434	mit	mit	0.88
LEU	4, 159	1418	PRO	4, 175	1434	mit	mit	0.89
ALA	4, 173	1432	PRO	4, 175	1434	mit	mit	0.65
ILE	4, 174	1433	PRO	4, 175	1434	mit	mit	1
PRO	2, 223	739	GLY	4, 176	1435	mit	mit	0.99
THR	4, 154	1413	GLY	4, 176	1435	mit	mit	0.98
ALA	4, 155	1414	GLY	4, 176	1435	mit	mit	0.59
ILE	4, 174	1433	GLY	4, 176	1435	mit	mit	1
PRO	4, 175	1434	GLY	4, 176	1435	mit	mit	1
ASP	2, 228	744	ARG	4, 177	1436	mit	mit	0.58
ILE	2, 230	746	ARG	4, 177	1436	mit	mit	0.69
GLY	2, 297	813	ARG	4, 177	1436	mit	mit	0.55
THR	4, 154	1413	ARG	4, 177	1436	mit	mit	0.96
ILE	4, 174	1433	ARG	4, 177	1436	mit	mit	1
PRO	4, 175	1434	ARG	4, 177	1436	mit	mit	0.97
GLY	4, 176	1435	ARG	4, 177	1436	mit	mit	1
ILE	4, 152	1411	LEU	4, 178	1437	mit	mit	1
ILE	4, 153	1412	LEU	4, 178	1437	mit	mit	0.89
THR	4, 154	1413	LEU	4, 178	1437	mit	mit	1
GLY	4, 176	1435	LEU	4, 178	1437	mit	mit	0.97
ARG	4, 177	1436	LEU	4, 178	1437	mit	mit	1
GLY	2, 297	813	ASN	4, 179	1438	mit	mit	0.98
ILE	4, 152	1411	ASN	4, 179	1438	mit	mit	0.97
ILE	4, 153	1412	ASN	4, 179	1438	mit	mit	1
THR	4, 154	1413	ASN	4, 179	1438	mit	mit	0.93
THR	4, 171	1430	ASN	4, 179	1438	mit	mit	1
ASP	4, 172	1431	ASN	4, 179	1438	mit	mit	0.95
ALA	4, 173	1432	ASN	4, 179	1438	mit	mit	0.9
ILE	4, 174	1433	ASN	4, 179	1438	mit	mit	0.96
ARG	4, 177	1436	ASN	4, 179	1438	mit	mit	1
LEU	4, 178	1437	ASN	4, 179	1438	mit	mit	1
ARG	4, 150	1409	GLN	4, 180	1439	mit	mit	0.99
VAL	4, 151	1410	GLN	4, 180	1439	mit	mit	0.95
ILE	4, 152	1411	GLN	4, 180	1439	mit	mit	1
ILE	4, 153	1412	GLN	4, 180	1439	mit	mit	0.69
LEU	4, 178	1437	GLN	4, 180	1439	mit	mit	0.98
ASN	4, 179	1438	GLN	4, 180	1439	mit	mit	1
ARG	4, 150	1409	THR	4, 181	1440	mit	mit	0.85
VAL	4, 151	1410	THR	4, 181	1440	mit	mit	1
ILE	4, 153	1412	THR	4, 181	1440	mit	mit	0.95
VAL	4, 169	1428	THR	4, 181	1440	mit	mit	1
THR	4, 171	1430	THR	4, 181	1440	mit	mit	1
ASN	4, 179	1438	THR	4, 181	1440	mit	mit	0.99
GLN	4, 180	1439	THR	4, 181	1440	mit	mit	1
ILE	4, 89	1348	SER	4, 182	1441	mit	mit	0.87
PRO	4, 92	1351	SER	4, 182	1441	mit	mit	0.92
PRO	4, 148	1407	SER	4, 182	1441	mit	mit	0.98
ILE	4, 149	1408	SER	4, 182	1441	mit	mit	0.98
ARG	4, 150	1409	SER	4, 182	1441	mit	mit	1
VAL	4, 151	1410	SER	4, 182	1441	mit	mit	0.92
GLN	4, 180	1439	SER	4, 182	1441	mit	mit	0.98
THR	4, 181	1440	SER	4, 182	1441	mit	mit	1
SER	4, 14	1273	PHE	4, 183	1442	mit	mit	0.98
ILE	4, 16	1275	PHE	4, 183	1442	mit	mit	0.89
PRO	4, 148	1407	PHE	4, 183	1442	mit	mit	0.57
ILE	4, 149	1408	PHE	4, 183	1442	mit	mit	0.99
VAL	4, 151	1410	PHE	4, 183	1442	mit	mit	0.84
LEU	4, 167	1426	PHE	4, 183	1442	mit	mit	0.99
GLY	4, 168	1427	PHE	4, 183	1442	mit	mit	0.9
VAL	4, 169	1428	PHE	4, 183	1442	mit	mit	0.99
THR	4, 181	1440	PHE	4, 183	1442	mit	mit	0.99
SER	4, 182	1441	PHE	4, 183	1442	mit	mit	1
SER	4, 14	1273	ILE	4, 184	1443	mit	mit	0.99
PRO	4, 15	1274	ILE	4, 184	1443	mit	mit	0.97
GLU	4, 146	1405	ILE	4, 184	1443	mit	mit	0.96
SER	4, 147	1406	ILE	4, 184	1443	mit	mit	0.95
PRO	4, 148	1407	ILE	4, 184	1443	mit	mit	1
ILE	4, 149	1408	ILE	4, 184	1443	mit	mit	0.94
SER	4, 182	1441	ILE	4, 184	1443	mit	mit	0.75
PHE	4, 183	1442	ILE	4, 184	1443	mit	mit	1
SER	4, 13	1272	THR	4, 185	1444	mit	mit	0.98
SER	4, 14	1273	THR	4, 185	1444	mit	mit	0.98
ILE	4, 143	1402	THR	4, 185	1444	mit	mit	0.95
MET	4, 145	1404	THR	4, 185	1444	mit	mit	0.98
GLU	4, 146	1405	THR	4, 185	1444	mit	mit	0.95
ILE	4, 149	1408	THR	4, 185	1444	mit	mit	0.57
LEU	4, 167	1426	THR	4, 185	1444	mit	mit	0.95
PHE	4, 183	1442	THR	4, 185	1444	mit	mit	0.99
ILE	4, 184	1443	THR	4, 185	1444	mit	mit	1
SER	4, 13	1272	THR	4, 186	1445	mit	mit	0.98
SER	4, 14	1273	THR	4, 186	1445	mit	mit	0.98
PRO	4, 15	1274	THR	4, 186	1445	mit	mit	0.96
MET	4, 145	1404	THR	4, 186	1445	mit	mit	0.62
GLU	4, 146	1405	THR	4, 186	1445	mit	mit	0.91
ILE	4, 184	1443	THR	4, 186	1445	mit	mit	0.97
THR	4, 185	1444	THR	4, 186	1445	mit	mit	1
SER	4, 13	1272	ARG	4, 187	1446	mit	mit	0.99
MET	4, 145	1404	ARG	4, 187	1446	mit	mit	0.81
THR	4, 185	1444	ARG	4, 187	1446	mit	mit	0.99
THR	4, 186	1445	ARG	4, 187	1446	mit	mit	1
MET	4, 145	1404	PRO	4, 188	1447	mit	mit	0.98
THR	4, 185	1444	PRO	4, 188	1447	mit	mit	0.67
ARG	4, 187	1446	PRO	4, 188	1447	mit	mit	1
ARG	4, 187	1446	GLY	4, 189	1448	mit	mit	1
PRO	4, 188	1447	GLY	4, 189	1448	mit	mit	1
ARG	4, 140	1399	VAL	4, 190	1449	mit	mit	0.86
GLY	4, 189	1448	VAL	4, 190	1449	mit	mit	1
MET	4, 1	1260	PHE	4, 191	1450	mit	mit	0.74
SER	4, 13	1272	PHE	4, 191	1450	mit	mit	0.97
VAL	4, 164	1423	PHE	4, 191	1450	mit	mit	0.99
ALA	4, 166	1425	PHE	4, 191	1450	mit	mit	1
LEU	4, 167	1426	PHE	4, 191	1450	mit	mit	0.99
GLY	4, 189	1448	PHE	4, 191	1450	mit	mit	1
VAL	4, 190	1449	PHE	4, 191	1450	mit	mit	1
MET	4, 1	1260	TYR	4, 192	1451	mit	mit	0.98
PHE	4, 132	1391	TYR	4, 192	1451	mit	mit	0.85
LEU	4, 135	1394	TYR	4, 192	1451	mit	mit	1
VAL	4, 164	1423	TYR	4, 192	1451	mit	mit	0.87
ALA	4, 166	1425	TYR	4, 192	1451	mit	mit	0.74
VAL	4, 190	1449	TYR	4, 192	1451	mit	mit	0.99
PHE	4, 191	1450	TYR	4, 192	1451	mit	mit	1
MET	4, 1	1260	GLY	4, 193	1452	mit	mit	0.54
LEU	4, 135	1394	GLY	4, 193	1452	mit	mit	0.89
ALA	4, 163	1422	GLY	4, 193	1452	mit	mit	1
VAL	4, 164	1423	GLY	4, 193	1452	mit	mit	1
PRO	4, 165	1424	GLY	4, 193	1452	mit	mit	0.99
ALA	4, 166	1425	GLY	4, 193	1452	mit	mit	0.61
PHE	4, 191	1450	GLY	4, 193	1452	mit	mit	1
TYR	4, 192	1451	GLY	4, 193	1452	mit	mit	1
PRO	2, 438	954	GLN	4, 194	1453	mit	mit	0.99
LEU	4, 135	1394	GLN	4, 194	1453	mit	mit	0.81
ALA	4, 163	1422	GLN	4, 194	1453	mit	mit	0.98
TYR	4, 192	1451	GLN	4, 194	1453	mit	mit	0.87
GLY	4, 193	1452	GLN	4, 194	1453	mit	mit	1
PRO	2, 438	954	CYS	4, 195	1454	mit	mit	0.93
HIS	4, 160	1419	CYS	4, 195	1454	mit	mit	0.99
SER	4, 161	1420	CYS	4, 195	1454	mit	mit	0.99
TRP	4, 162	1421	CYS	4, 195	1454	mit	mit	0.72
ALA	4, 163	1422	CYS	4, 195	1454	mit	mit	0.94
GLN	4, 194	1453	CYS	4, 195	1454	mit	mit	1
HIS	2, 369	885	SER	4, 196	1455	mit	mit	0.85
ASP	2, 370	886	SER	4, 196	1455	mit	mit	0.99
THR	2, 371	887	SER	4, 196	1455	mit	mit	0.87
PRO	2, 438	954	SER	4, 196	1455	mit	mit	0.99
ARG	2, 439	955	SER	4, 196	1455	mit	mit	0.69
SER	4, 161	1420	SER	4, 196	1455	mit	mit	1
ALA	4, 163	1422	SER	4, 196	1455	mit	mit	0.99
LYS	4, 170	1429	SER	4, 196	1455	mit	mit	0.97
GLN	4, 194	1453	SER	4, 196	1455	mit	mit	0.99
CYS	4, 195	1454	SER	4, 196	1455	mit	mit	1
ASP	2, 370	886	GLU	4, 197	1456	mit	mit	0.96
LEU	4, 159	1418	GLU	4, 197	1456	mit	mit	0.99
HIS	4, 160	1419	GLU	4, 197	1456	mit	mit	0.98
SER	4, 161	1420	GLU	4, 197	1456	mit	mit	1
ASP	4, 172	1431	GLU	4, 197	1456	mit	mit	0.98
ALA	4, 173	1432	GLU	4, 197	1456	mit	mit	0.61
CYS	4, 195	1454	GLU	4, 197	1456	mit	mit	0.99
SER	4, 196	1455	GLU	4, 197	1456	mit	mit	1
ASN	2, 56	572	ILE	4, 198	1457	mit	mit	0.95
GLY	2, 124	640	ILE	4, 198	1457	mit	mit	0.6
THR	2, 125	641	ILE	4, 198	1457	mit	mit	0.87
GLY	2, 126	642	ILE	4, 198	1457	mit	mit	0.97
TYR	2, 130	646	ILE	4, 198	1457	mit	mit	0.76
LEU	2, 133	649	ILE	4, 198	1457	mit	mit	0.95
ARG	2, 440	956	ILE	4, 198	1457	mit	mit	0.98
LEU	4, 159	1418	ILE	4, 198	1457	mit	mit	0.57
GLU	4, 197	1456	ILE	4, 198	1457	mit	mit	1
LEU	2, 133	649	CYS	4, 199	1458	mit	mit	0.93
GLN	4, 102	1361	CYS	4, 199	1458	mit	mit	0.96
TRP	4, 103	1362	CYS	4, 199	1458	mit	mit	0.89
VAL	4, 158	1417	CYS	4, 199	1458	mit	mit	0.97
LEU	4, 159	1418	CYS	4, 199	1458	mit	mit	0.9
HIS	4, 160	1419	CYS	4, 199	1458	mit	mit	0.98
CYS	4, 195	1454	CYS	4, 199	1458	mit	mit	0.96
GLU	4, 197	1456	CYS	4, 199	1458	mit	mit	0.99
ILE	4, 198	1457	CYS	4, 199	1458	mit	mit	1
ASP	2, 52	568	GLY	4, 200	1459	mit	mit	0.94
GLN	2, 53	569	GLY	4, 200	1459	mit	mit	0.95
ASN	2, 56	572	GLY	4, 200	1459	mit	mit	0.89
GLY	2, 124	640	GLY	4, 200	1459	mit	mit	0.83
LEU	2, 133	649	GLY	4, 200	1459	mit	mit	0.96
ALA	2, 138	654	GLY	4, 200	1459	mit	mit	0.73
GLN	4, 102	1361	GLY	4, 200	1459	mit	mit	0.88
TRP	4, 103	1362	GLY	4, 200	1459	mit	mit	0.7
VAL	4, 158	1417	GLY	4, 200	1459	mit	mit	0.79
ILE	4, 198	1457	GLY	4, 200	1459	mit	mit	0.99
CYS	4, 199	1458	GLY	4, 200	1459	mit	mit	1
ASP	2, 51	567	ALA	4, 201	1460	mit	mit	0.94
ASP	2, 52	568	ALA	4, 201	1460	mit	mit	0.98
GLN	2, 53	569	ALA	4, 201	1460	mit	mit	0.98
TRP	4, 103	1362	ALA	4, 201	1460	mit	mit	0.7
GLY	4, 200	1459	ALA	4, 201	1460	mit	mit	1
ASP	2, 51	567	ASN	4, 202	1461	mit	mit	0.66
ASP	2, 52	568	ASN	4, 202	1461	mit	mit	0.95
GLN	4, 102	1361	ASN	4, 202	1461	mit	mit	0.7
TRP	4, 103	1362	ASN	4, 202	1461	mit	mit	0.99
GLY	4, 200	1459	ASN	4, 202	1461	mit	mit	0.99
ALA	4, 201	1460	ASN	4, 202	1461	mit	mit	1
ASP	2, 52	568	HIS	4, 203	1462	mit	mit	0.96
ASN	2, 56	572	HIS	4, 203	1462	mit	mit	0.71
ARG	2, 440	956	HIS	4, 203	1462	mit	mit	0.92
TYR	2, 441	957	HIS	4, 203	1462	mit	mit	0.93
TRP	4, 103	1362	HIS	4, 203	1462	mit	mit	0.7
CYS	4, 195	1454	HIS	4, 203	1462	mit	mit	0.97
ILE	4, 198	1457	HIS	4, 203	1462	mit	mit	0.98
CYS	4, 199	1458	HIS	4, 203	1462	mit	mit	0.99
GLY	4, 200	1459	HIS	4, 203	1462	mit	mit	0.99
ALA	4, 201	1460	HIS	4, 203	1462	mit	mit	0.95
ASN	4, 202	1461	HIS	4, 203	1462	mit	mit	1
ASP	2, 52	568	SER	4, 204	1463	mit	mit	0.96
TYR	2, 441	957	SER	4, 204	1463	mit	mit	0.98
SER	2, 442	958	SER	4, 204	1463	mit	mit	0.99
ASP	2, 443	959	SER	4, 204	1463	mit	mit	0.98
TYR	2, 444	960	SER	4, 204	1463	mit	mit	0.63
LEU	4, 134	1393	SER	4, 204	1463	mit	mit	0.9
GLN	4, 194	1453	SER	4, 204	1463	mit	mit	0.57
ASN	4, 202	1461	SER	4, 204	1463	mit	mit	0.98
HIS	4, 203	1462	SER	4, 204	1463	mit	mit	1
TRP	4, 103	1362	TYR	4, 205	1464	mit	mit	0.96
MET	4, 121	1380	TYR	4, 205	1464	mit	mit	0.99
LEU	4, 134	1393	TYR	4, 205	1464	mit	mit	0.96
ASN	4, 202	1461	TYR	4, 205	1464	mit	mit	0.99
HIS	4, 203	1462	TYR	4, 205	1464	mit	mit	0.95
SER	4, 204	1463	TYR	4, 205	1464	mit	mit	1
TRP	4, 103	1362	MET	4, 206	1465	mit	mit	0.99
TYR	4, 104	1363	MET	4, 206	1465	mit	mit	0.97
TRP	4, 105	1364	MET	4, 206	1465	mit	mit	0.98
MET	4, 121	1380	MET	4, 206	1465	mit	mit	0.97
HIS	4, 160	1419	MET	4, 206	1465	mit	mit	0.66
GLN	4, 194	1453	MET	4, 206	1465	mit	mit	0.83
CYS	4, 195	1454	MET	4, 206	1465	mit	mit	1
CYS	4, 199	1458	MET	4, 206	1465	mit	mit	0.85
ASN	4, 202	1461	MET	4, 206	1465	mit	mit	0.93
HIS	4, 203	1462	MET	4, 206	1465	mit	mit	0.96
SER	4, 204	1463	MET	4, 206	1465	mit	mit	0.72
TYR	4, 205	1464	MET	4, 206	1465	mit	mit	1
MET	4, 121	1380	PRO	4, 207	1466	mit	mit	0.99
LEU	4, 134	1393	PRO	4, 207	1466	mit	mit	0.98
LEU	4, 135	1394	PRO	4, 207	1466	mit	mit	1
GLU	4, 136	1395	PRO	4, 207	1466	mit	mit	0.88
VAL	4, 137	1396	PRO	4, 207	1466	mit	mit	0.99
TYR	4, 192	1451	PRO	4, 207	1466	mit	mit	0.97
GLY	4, 193	1452	PRO	4, 207	1466	mit	mit	0.99
GLN	4, 194	1453	PRO	4, 207	1466	mit	mit	1
CYS	4, 195	1454	PRO	4, 207	1466	mit	mit	0.87
TYR	4, 205	1464	PRO	4, 207	1466	mit	mit	0.88
MET	4, 206	1465	PRO	4, 207	1466	mit	mit	1
TRP	4, 105	1364	ILE	4, 208	1467	mit	mit	0.99
SER	4, 119	1378	ILE	4, 208	1467	mit	mit	0.78
VAL	4, 137	1396	ILE	4, 208	1467	mit	mit	0.8
ILE	4, 141	1400	ILE	4, 208	1467	mit	mit	0.78
TRP	4, 162	1421	ILE	4, 208	1467	mit	mit	0.98
ALA	4, 163	1422	ILE	4, 208	1467	mit	mit	0.93
VAL	4, 164	1423	ILE	4, 208	1467	mit	mit	0.99
TYR	4, 192	1451	ILE	4, 208	1467	mit	mit	0.95
GLY	4, 193	1452	ILE	4, 208	1467	mit	mit	1
GLN	4, 194	1453	ILE	4, 208	1467	mit	mit	0.99
CYS	4, 195	1454	ILE	4, 208	1467	mit	mit	0.9
MET	4, 206	1465	ILE	4, 208	1467	mit	mit	0.63
PRO	4, 207	1466	ILE	4, 208	1467	mit	mit	1
SER	4, 119	1378	VAL	4, 209	1468	mit	mit	0.76
LEU	4, 135	1394	VAL	4, 209	1468	mit	mit	0.91
GLU	4, 136	1395	VAL	4, 209	1468	mit	mit	0.93
VAL	4, 137	1396	VAL	4, 209	1468	mit	mit	1
ARG	4, 140	1399	VAL	4, 209	1468	mit	mit	0.99
ILE	4, 141	1400	VAL	4, 209	1468	mit	mit	0.98
VAL	4, 190	1449	VAL	4, 209	1468	mit	mit	0.99
PHE	4, 191	1450	VAL	4, 209	1468	mit	mit	0.95
TYR	4, 192	1451	VAL	4, 209	1468	mit	mit	1
GLY	4, 193	1452	VAL	4, 209	1468	mit	mit	0.96
PRO	4, 207	1466	VAL	4, 209	1468	mit	mit	1
ILE	4, 208	1467	VAL	4, 209	1468	mit	mit	1
ARG	4, 140	1399	VAL	4, 210	1469	mit	mit	0.89
ILE	4, 141	1400	VAL	4, 210	1469	mit	mit	1
ILE	4, 143	1402	VAL	4, 210	1469	mit	mit	0.99
VAL	4, 164	1423	VAL	4, 210	1469	mit	mit	0.99
LEU	4, 167	1426	VAL	4, 210	1469	mit	mit	0.86
VAL	4, 190	1449	VAL	4, 210	1469	mit	mit	0.96
PHE	4, 191	1450	VAL	4, 210	1469	mit	mit	1
ILE	4, 208	1467	VAL	4, 210	1469	mit	mit	0.99
VAL	4, 209	1468	VAL	4, 210	1469	mit	mit	1
ARG	4, 140	1399	GLU	4, 211	1470	mit	mit	1
ILE	4, 141	1400	GLU	4, 211	1470	mit	mit	0.99
VAL	4, 142	1401	GLU	4, 211	1470	mit	mit	1
ILE	4, 143	1402	GLU	4, 211	1470	mit	mit	0.96
GLY	4, 189	1448	GLU	4, 211	1470	mit	mit	0.99
VAL	4, 190	1449	GLU	4, 211	1470	mit	mit	1
PHE	4, 191	1450	GLU	4, 211	1470	mit	mit	0.59
VAL	4, 209	1468	GLU	4, 211	1470	mit	mit	0.99
VAL	4, 210	1469	GLU	4, 211	1470	mit	mit	1
VAL	4, 142	1401	SER	4, 212	1471	mit	mit	0.59
ILE	4, 143	1402	SER	4, 212	1471	mit	mit	1
PRO	4, 144	1403	SER	4, 212	1471	mit	mit	0.89
MET	4, 145	1404	SER	4, 212	1471	mit	mit	0.99
THR	4, 185	1444	SER	4, 212	1471	mit	mit	1
ARG	4, 187	1446	SER	4, 212	1471	mit	mit	0.87
PRO	4, 188	1447	SER	4, 212	1471	mit	mit	1
GLY	4, 189	1448	SER	4, 212	1471	mit	mit	1
VAL	4, 190	1449	SER	4, 212	1471	mit	mit	0.73
PHE	4, 191	1450	SER	4, 212	1471	mit	mit	0.91
VAL	4, 210	1469	SER	4, 212	1471	mit	mit	0.99
GLU	4, 211	1470	SER	4, 212	1471	mit	mit	1
VAL	4, 142	1401	THR	4, 213	1472	mit	mit	0.99
ILE	4, 143	1402	THR	4, 213	1472	mit	mit	0.75
PRO	4, 144	1403	THR	4, 213	1472	mit	mit	0.96
MET	4, 145	1404	THR	4, 213	1472	mit	mit	0.97
PRO	4, 188	1447	THR	4, 213	1472	mit	mit	0.97
GLY	4, 189	1448	THR	4, 213	1472	mit	mit	0.68
GLU	4, 211	1470	THR	4, 213	1472	mit	mit	1
SER	4, 212	1471	THR	4, 213	1472	mit	mit	1
PRO	4, 144	1403	PRO	4, 214	1473	mit	mit	0.92
MET	4, 145	1404	PRO	4, 214	1473	mit	mit	0.99
PRO	4, 188	1447	PRO	4, 214	1473	mit	mit	0.88
THR	4, 213	1472	PRO	4, 214	1473	mit	mit	1
PRO	4, 144	1403	LEU	4, 215	1474	mit	mit	0.99
MET	4, 145	1404	LEU	4, 215	1474	mit	mit	0.65
SER	4, 147	1406	LEU	4, 215	1474	mit	mit	0.84
PRO	4, 214	1473	LEU	4, 215	1474	mit	mit	1
PRO	4, 214	1473	LYS	4, 216	1475	mit	mit	0.99
LEU	4, 215	1474	LYS	4, 216	1475	mit	mit	1
THR	4, 213	1472	HIS	4, 217	1476	mit	mit	0.99
PRO	4, 214	1473	HIS	4, 217	1476	mit	mit	0.99
LEU	4, 215	1474	HIS	4, 217	1476	mit	mit	0.94
LYS	4, 216	1475	HIS	4, 217	1476	mit	mit	1
VAL	4, 142	1401	PHE	4, 218	1477	mit	mit	0.99
ILE	4, 143	1402	PHE	4, 218	1477	mit	mit	0.93
PRO	4, 144	1403	PHE	4, 218	1477	mit	mit	0.99
THR	4, 213	1472	PHE	4, 218	1477	mit	mit	0.99
PRO	4, 214	1473	PHE	4, 218	1477	mit	mit	0.96
LEU	4, 215	1474	PHE	4, 218	1477	mit	mit	0.99
LYS	4, 216	1475	PHE	4, 218	1477	mit	mit	0.98
HIS	4, 217	1476	PHE	4, 218	1477	mit	mit	1
LEU	4, 215	1474	GLU	4, 219	1478	mit	mit	0.98
LYS	4, 216	1475	GLU	4, 219	1478	mit	mit	0.99
HIS	4, 217	1476	GLU	4, 219	1478	mit	mit	0.97
PHE	4, 218	1477	GLU	4, 219	1478	mit	mit	1
LYS	4, 216	1475	ALA	4, 220	1479	mit	mit	0.95
HIS	4, 217	1476	ALA	4, 220	1479	mit	mit	0.99
PHE	4, 218	1477	ALA	4, 220	1479	mit	mit	0.98
GLU	4, 219	1478	ALA	4, 220	1479	mit	mit	1
VAL	4, 142	1401	TRP	4, 221	1480	mit	mit	0.98
THR	4, 213	1472	TRP	4, 221	1480	mit	mit	0.69
HIS	4, 217	1476	TRP	4, 221	1480	mit	mit	0.98
PHE	4, 218	1477	TRP	4, 221	1480	mit	mit	0.99
GLU	4, 219	1478	TRP	4, 221	1480	mit	mit	0.97
ALA	4, 220	1479	TRP	4, 221	1480	mit	mit	1
TYR	4, 109	1368	SER	4, 222	1481	mit	mit	0.83
LYS	4, 113	1372	SER	4, 222	1481	mit	mit	0.56
LEU	4, 115	1374	SER	4, 222	1481	mit	mit	0.86
VAL	4, 142	1401	SER	4, 222	1481	mit	mit	0.54
PHE	4, 218	1477	SER	4, 222	1481	mit	mit	0.97
GLU	4, 219	1478	SER	4, 222	1481	mit	mit	0.99
ALA	4, 220	1479	SER	4, 222	1481	mit	mit	0.96
TRP	4, 221	1480	SER	4, 222	1481	mit	mit	1
GLU	4, 219	1478	SER	4, 223	1482	mit	mit	0.93
ALA	4, 220	1479	SER	4, 223	1482	mit	mit	0.97
TRP	4, 221	1480	SER	4, 223	1482	mit	mit	0.95
SER	4, 222	1481	SER	4, 223	1482	mit	mit	1
ALA	4, 220	1479	LEU	4, 224	1483	mit	mit	0.85
TRP	4, 221	1480	LEU	4, 224	1483	mit	mit	0.95
SER	4, 222	1481	LEU	4, 224	1483	mit	mit	0.91
SER	4, 223	1482	LEU	4, 224	1483	mit	mit	1
LEU	4, 115	1374	LEU	4, 225	1484	mit	mit	0.9
PHE	4, 117	1376	LEU	4, 225	1484	mit	mit	0.65
TRP	4, 221	1480	LEU	4, 225	1484	mit	mit	0.8
SER	4, 222	1481	LEU	4, 225	1484	mit	mit	0.87
SER	4, 223	1482	LEU	4, 225	1484	mit	mit	0.75
LEU	4, 224	1483	LEU	4, 225	1484	mit	mit	1
LYS	4, 113	1372	SER	4, 226	1485	mit	mit	0.56
LEU	4, 115	1374	SER	4, 226	1485	mit	mit	0.74
SER	4, 222	1481	SER	4, 226	1485	mit	mit	0.56
SER	4, 223	1482	SER	4, 226	1485	mit	mit	0.59
LEU	4, 224	1483	SER	4, 226	1485	mit	mit	0.72
LEU	4, 225	1484	SER	4, 226	1485	mit	mit	1
LEU	4, 225	1484	SER	4, 227	1486	mit	mit	0.68
SER	4, 226	1485	SER	4, 227	1486	mit	mit	1
GLU	1, 507	507	ALA	5, 2	1488	mit	mit	0.61
MET	5, 1	1487	ALA	5, 2	1488	mit	mit	1
GLU	1, 507	507	HIS	5, 3	1489	mit	mit	0.6
MET	5, 1	1487	HIS	5, 3	1489	mit	mit	0.74
ALA	5, 2	1488	HIS	5, 3	1489	mit	mit	1
GLU	1, 507	507	GLN	5, 4	1490	mit	mit	0.92
ALA	5, 2	1488	GLN	5, 4	1490	mit	mit	0.72
HIS	5, 3	1489	GLN	5, 4	1490	mit	mit	1
GLU	1, 507	507	ALA	5, 5	1491	mit	mit	0.91
GLU	1, 508	508	ALA	5, 5	1491	mit	mit	0.94
PRO	1, 509	509	ALA	5, 5	1491	mit	mit	0.9
HIS	5, 3	1489	ALA	5, 5	1491	mit	mit	0.82
GLN	5, 4	1490	ALA	5, 5	1491	mit	mit	1
PRO	1, 91	91	HIS	5, 6	1492	mit	mit	0.94
PHE	1, 506	506	HIS	5, 6	1492	mit	mit	0.78
GLU	1, 507	507	HIS	5, 6	1492	mit	mit	0.8
GLU	1, 508	508	HIS	5, 6	1492	mit	mit	0.82
PRO	1, 509	509	HIS	5, 6	1492	mit	mit	0.95
GLN	5, 4	1490	HIS	5, 6	1492	mit	mit	0.97
ALA	5, 5	1491	HIS	5, 6	1492	mit	mit	1
HIS	5, 6	1492	SER	5, 7	1493	mit	mit	1
ALA	1, 90	90	TYR	5, 8	1494	mit	mit	0.7
PRO	1, 91	91	TYR	5, 8	1494	mit	mit	0.96
ASP	1, 92	92	TYR	5, 8	1494	mit	mit	0.83
MET	1, 172	172	TYR	5, 8	1494	mit	mit	0.92
HIS	5, 6	1492	TYR	5, 8	1494	mit	mit	0.98
SER	5, 7	1493	TYR	5, 8	1494	mit	mit	1
TYR	5, 8	1494	HIS	5, 9	1495	mit	mit	1
THR	1, 11	11	MET	5, 10	1496	mit	mit	0.65
PRO	1, 91	91	MET	5, 10	1496	mit	mit	0.91
ASP	1, 92	92	MET	5, 10	1496	mit	mit	0.94
PRO	1, 96	96	MET	5, 10	1496	mit	mit	0.69
GLN	5, 4	1490	MET	5, 10	1496	mit	mit	0.86
TYR	5, 8	1494	MET	5, 10	1496	mit	mit	0.97
HIS	5, 9	1495	MET	5, 10	1496	mit	mit	1
THR	1, 11	11	VAL	5, 11	1497	mit	mit	0.97
PRO	1, 96	96	VAL	5, 11	1497	mit	mit	0.98
ARG	1, 97	97	VAL	5, 11	1497	mit	mit	0.97
HIS	5, 9	1495	VAL	5, 11	1497	mit	mit	0.99
MET	5, 10	1496	VAL	5, 11	1497	mit	mit	1
THR	1, 11	11	ASP	5, 12	1498	mit	mit	0.91
MET	5, 10	1496	ASP	5, 12	1498	mit	mit	0.59
VAL	5, 11	1497	ASP	5, 12	1498	mit	mit	1
ASN	1, 5	5	PRO	5, 13	1499	mit	mit	0.98
PHE	1, 9	9	PRO	5, 13	1499	mit	mit	0.98
SER	1, 10	10	PRO	5, 13	1499	mit	mit	0.94
THR	1, 11	11	PRO	5, 13	1499	mit	mit	0.98
VAL	5, 11	1497	PRO	5, 13	1499	mit	mit	0.61
ASP	5, 12	1498	PRO	5, 13	1499	mit	mit	1
PHE	1, 9	9	SER	5, 14	1500	mit	mit	0.97
THR	1, 11	11	SER	5, 14	1500	mit	mit	0.91
ARG	1, 97	97	SER	5, 14	1500	mit	mit	0.98
ASN	1, 100	100	SER	5, 14	1500	mit	mit	0.76
VAL	5, 11	1497	SER	5, 14	1500	mit	mit	0.95
ASP	5, 12	1498	SER	5, 14	1500	mit	mit	0.98
PRO	5, 13	1499	SER	5, 14	1500	mit	mit	1
LEU	1, 8	8	PRO	5, 15	1501	mit	mit	0.51
PHE	1, 9	9	PRO	5, 15	1501	mit	mit	0.98
SER	5, 14	1500	PRO	5, 15	1501	mit	mit	1
ARG	1, 97	97	TRP	5, 16	1502	mit	mit	0.92
SER	5, 14	1500	TRP	5, 16	1502	mit	mit	1
PRO	5, 15	1501	TRP	5, 16	1502	mit	mit	1
PHE	1, 9	9	PRO	5, 17	1503	mit	mit	0.75
ARG	1, 97	97	PRO	5, 17	1503	mit	mit	0.96
MET	1, 98	98	PRO	5, 17	1503	mit	mit	0.79
ASN	1, 100	100	PRO	5, 17	1503	mit	mit	0.99
MET	1, 101	101	PRO	5, 17	1503	mit	mit	0.99
TRP	1, 104	104	PRO	5, 17	1503	mit	mit	0.97
SER	5, 14	1500	PRO	5, 17	1503	mit	mit	0.98
PRO	5, 15	1501	PRO	5, 17	1503	mit	mit	0.97
TRP	5, 16	1502	PRO	5, 17	1503	mit	mit	1
LEU	1, 8	8	ILE	5, 18	1504	mit	mit	0.97
PHE	1, 9	9	ILE	5, 18	1504	mit	mit	0.93
ASN	1, 100	100	ILE	5, 18	1504	mit	mit	0.84
TRP	1, 104	104	ILE	5, 18	1504	mit	mit	0.99
PRO	5, 15	1501	ILE	5, 18	1504	mit	mit	0.99
TRP	5, 16	1502	ILE	5, 18	1504	mit	mit	0.79
PRO	5, 17	1503	ILE	5, 18	1504	mit	mit	1
PRO	5, 15	1501	PHE	5, 19	1505	mit	mit	0.99
TRP	5, 16	1502	PHE	5, 19	1505	mit	mit	1
PRO	5, 17	1503	PHE	5, 19	1505	mit	mit	0.98
ILE	5, 18	1504	PHE	5, 19	1505	mit	mit	1
MET	1, 101	101	GLY	5, 20	1506	mit	mit	0.97
TRP	1, 104	104	GLY	5, 20	1506	mit	mit	0.64
TRP	5, 16	1502	GLY	5, 20	1506	mit	mit	0.99
PRO	5, 17	1503	GLY	5, 20	1506	mit	mit	1
ILE	5, 18	1504	GLY	5, 20	1506	mit	mit	1
PHE	5, 19	1505	GLY	5, 20	1506	mit	mit	1
MET	1, 101	101	ALA	5, 21	1507	mit	mit	0.97
TRP	1, 104	104	ALA	5, 21	1507	mit	mit	0.99
LEU	1, 105	105	ALA	5, 21	1507	mit	mit	0.99
PRO	1, 107	107	ALA	5, 21	1507	mit	mit	0.66
PRO	1, 108	108	ALA	5, 21	1507	mit	mit	0.98
PRO	5, 17	1503	ALA	5, 21	1507	mit	mit	0.99
ILE	5, 18	1504	ALA	5, 21	1507	mit	mit	1
PHE	5, 19	1505	ALA	5, 21	1507	mit	mit	0.99
GLY	5, 20	1506	ALA	5, 21	1507	mit	mit	1
PRO	1, 108	108	ALA	5, 22	1508	mit	mit	0.93
ILE	5, 18	1504	ALA	5, 22	1508	mit	mit	0.99
PHE	5, 19	1505	ALA	5, 22	1508	mit	mit	1
GLY	5, 20	1506	ALA	5, 22	1508	mit	mit	1
ALA	5, 21	1507	ALA	5, 22	1508	mit	mit	1
PHE	5, 19	1505	ALA	5, 23	1509	mit	mit	1
GLY	5, 20	1506	ALA	5, 23	1509	mit	mit	1
ALA	5, 21	1507	ALA	5, 23	1509	mit	mit	1
ALA	5, 22	1508	ALA	5, 23	1509	mit	mit	1
LEU	1, 105	105	ALA	5, 24	1510	mit	mit	0.98
PRO	1, 108	108	ALA	5, 24	1510	mit	mit	0.96
LEU	1, 153	153	ALA	5, 24	1510	mit	mit	0.99
VAL	1, 156	156	ALA	5, 24	1510	mit	mit	0.83
GLY	5, 20	1506	ALA	5, 24	1510	mit	mit	1
ALA	5, 21	1507	ALA	5, 24	1510	mit	mit	1
ALA	5, 22	1508	ALA	5, 24	1510	mit	mit	1
ALA	5, 23	1509	ALA	5, 24	1510	mit	mit	1
PRO	1, 108	108	LEU	5, 25	1511	mit	mit	0.99
LEU	1, 111	111	LEU	5, 25	1511	mit	mit	0.83
LEU	1, 112	112	LEU	5, 25	1511	mit	mit	0.83
LEU	1, 153	153	LEU	5, 25	1511	mit	mit	0.79
ALA	5, 21	1507	LEU	5, 25	1511	mit	mit	0.99
ALA	5, 22	1508	LEU	5, 25	1511	mit	mit	1
ALA	5, 23	1509	LEU	5, 25	1511	mit	mit	1
ALA	5, 24	1510	LEU	5, 25	1511	mit	mit	1
ALA	5, 22	1508	LEU	5, 26	1512	mit	mit	1
ALA	5, 23	1509	LEU	5, 26	1512	mit	mit	1
ALA	5, 24	1510	LEU	5, 26	1512	mit	mit	0.99
LEU	5, 25	1511	LEU	5, 26	1512	mit	mit	1
ALA	5, 23	1509	THR	5, 27	1513	mit	mit	0.99
ALA	5, 24	1510	THR	5, 27	1513	mit	mit	1
LEU	5, 25	1511	THR	5, 27	1513	mit	mit	0.98
LEU	5, 26	1512	THR	5, 27	1513	mit	mit	1
LEU	1, 112	112	THR	5, 28	1514	mit	mit	0.94
PHE	1, 149	149	THR	5, 28	1514	mit	mit	0.99
HIS	1, 152	152	THR	5, 28	1514	mit	mit	0.93
LEU	1, 153	153	THR	5, 28	1514	mit	mit	0.98
ALA	5, 24	1510	THR	5, 28	1514	mit	mit	1
LEU	5, 25	1511	THR	5, 28	1514	mit	mit	1
LEU	5, 26	1512	THR	5, 28	1514	mit	mit	0.96
THR	5, 27	1513	THR	5, 28	1514	mit	mit	1
LEU	1, 112	112	SER	5, 29	1515	mit	mit	0.88
PHE	1, 149	149	SER	5, 29	1515	mit	mit	0.65
LEU	5, 25	1511	SER	5, 29	1515	mit	mit	1
LEU	5, 26	1512	SER	5, 29	1515	mit	mit	1
THR	5, 27	1513	SER	5, 29	1515	mit	mit	0.97
THR	5, 28	1514	SER	5, 29	1515	mit	mit	1
LEU	5, 26	1512	GLY	5, 30	1516	mit	mit	0.99
THR	5, 27	1513	GLY	5, 30	1516	mit	mit	1
THR	5, 28	1514	GLY	5, 30	1516	mit	mit	1
SER	5, 29	1515	GLY	5, 30	1516	mit	mit	1
PHE	1, 149	149	LEU	5, 31	1517	mit	mit	0.89
THR	5, 27	1513	LEU	5, 31	1517	mit	mit	0.99
THR	5, 28	1514	LEU	5, 31	1517	mit	mit	1
SER	5, 29	1515	LEU	5, 31	1517	mit	mit	0.99
GLY	5, 30	1516	LEU	5, 31	1517	mit	mit	1
ALA	1, 142	142	ILE	5, 32	1518	mit	mit	0.98
ASP	1, 145	145	ILE	5, 32	1518	mit	mit	0.98
LEU	1, 146	146	ILE	5, 32	1518	mit	mit	0.98
PHE	1, 149	149	ILE	5, 32	1518	mit	mit	0.96
THR	5, 28	1514	ILE	5, 32	1518	mit	mit	0.97
SER	5, 29	1515	ILE	5, 32	1518	mit	mit	1
GLY	5, 30	1516	ILE	5, 32	1518	mit	mit	1
LEU	5, 31	1517	ILE	5, 32	1518	mit	mit	1
SER	5, 29	1515	MET	5, 33	1519	mit	mit	0.99
GLY	5, 30	1516	MET	5, 33	1519	mit	mit	1
LEU	5, 31	1517	MET	5, 33	1519	mit	mit	0.99
ILE	5, 32	1518	MET	5, 33	1519	mit	mit	1
GLY	5, 30	1516	TRP	5, 34	1520	mit	mit	1
LEU	5, 31	1517	TRP	5, 34	1520	mit	mit	1
ILE	5, 32	1518	TRP	5, 34	1520	mit	mit	0.99
MET	5, 33	1519	TRP	5, 34	1520	mit	mit	1
ALA	1, 142	142	PHE	5, 35	1521	mit	mit	0.68
ASP	1, 145	145	PHE	5, 35	1521	mit	mit	0.94
ASN	1, 215	215	PHE	5, 35	1521	mit	mit	0.99
LEU	5, 31	1517	PHE	5, 35	1521	mit	mit	0.99
ILE	5, 32	1518	PHE	5, 35	1521	mit	mit	1
MET	5, 33	1519	PHE	5, 35	1521	mit	mit	0.94
TRP	5, 34	1520	PHE	5, 35	1521	mit	mit	1
GLY	1, 141	141	HIS	5, 36	1522	mit	mit	0.95
ALA	1, 142	142	HIS	5, 36	1522	mit	mit	0.98
ASP	1, 145	145	HIS	5, 36	1522	mit	mit	0.83
ILE	5, 32	1518	HIS	5, 36	1522	mit	mit	0.99
MET	5, 33	1519	HIS	5, 36	1522	mit	mit	0.98
TRP	5, 34	1520	HIS	5, 36	1522	mit	mit	0.55
PHE	5, 35	1521	HIS	5, 36	1522	mit	mit	1
MET	5, 33	1519	TYR	5, 37	1523	mit	mit	0.99
TRP	5, 34	1520	TYR	5, 37	1523	mit	mit	0.71
HIS	5, 36	1522	TYR	5, 37	1523	mit	mit	1
TRP	5, 34	1520	SER	5, 38	1524	mit	mit	0.86
TYR	5, 37	1523	SER	5, 38	1524	mit	mit	1
GLY	5, 30	1516	SER	5, 39	1525	mit	mit	0.52
MET	5, 33	1519	SER	5, 39	1525	mit	mit	0.98
TRP	5, 34	1520	SER	5, 39	1525	mit	mit	0.97
TYR	5, 37	1523	SER	5, 39	1525	mit	mit	0.99
SER	5, 38	1524	SER	5, 39	1525	mit	mit	1
GLY	5, 30	1516	THR	5, 40	1526	mit	mit	0.52
MET	5, 33	1519	THR	5, 40	1526	mit	mit	0.64
TRP	5, 34	1520	THR	5, 40	1526	mit	mit	0.98
SER	5, 39	1525	THR	5, 40	1526	mit	mit	1
MET	5, 33	1519	THR	5, 41	1527	mit	mit	0.59
SER	5, 39	1525	THR	5, 41	1527	mit	mit	0.99
THR	5, 40	1526	THR	5, 41	1527	mit	mit	1
LEU	5, 26	1512	LEU	5, 42	1528	mit	mit	0.99
SER	5, 29	1515	LEU	5, 42	1528	mit	mit	0.98
GLY	5, 30	1516	LEU	5, 42	1528	mit	mit	1
MET	5, 33	1519	LEU	5, 42	1528	mit	mit	0.99
TRP	5, 34	1520	LEU	5, 42	1528	mit	mit	0.58
SER	5, 39	1525	LEU	5, 42	1528	mit	mit	0.95
THR	5, 40	1526	LEU	5, 42	1528	mit	mit	0.88
THR	5, 41	1527	LEU	5, 42	1528	mit	mit	1
THR	5, 27	1513	LEU	5, 43	1529	mit	mit	0.97
GLY	5, 30	1516	LEU	5, 43	1529	mit	mit	1
LEU	5, 31	1517	LEU	5, 43	1529	mit	mit	0.98
MET	5, 33	1519	LEU	5, 43	1529	mit	mit	0.91
TRP	5, 34	1520	LEU	5, 43	1529	mit	mit	0.98
THR	5, 40	1526	LEU	5, 43	1529	mit	mit	0.99
THR	5, 41	1527	LEU	5, 43	1529	mit	mit	0.98
LEU	5, 42	1528	LEU	5, 43	1529	mit	mit	1
THR	5, 40	1526	THR	5, 44	1530	mit	mit	0.98
THR	5, 41	1527	THR	5, 44	1530	mit	mit	0.99
LEU	5, 42	1528	THR	5, 44	1530	mit	mit	0.98
LEU	5, 43	1529	THR	5, 44	1530	mit	mit	1
LEU	5, 26	1512	MET	5, 45	1531	mit	mit	0.99
THR	5, 41	1527	MET	5, 45	1531	mit	mit	0.98
LEU	5, 42	1528	MET	5, 45	1531	mit	mit	1
LEU	5, 43	1529	MET	5, 45	1531	mit	mit	0.99
THR	5, 44	1530	MET	5, 45	1531	mit	mit	1
ALA	5, 23	1509	GLY	5, 46	1532	mit	mit	0.99
LEU	5, 26	1512	GLY	5, 46	1532	mit	mit	1
THR	5, 27	1513	GLY	5, 46	1532	mit	mit	0.99
GLY	5, 30	1516	GLY	5, 46	1532	mit	mit	0.94
LEU	5, 42	1528	GLY	5, 46	1532	mit	mit	0.98
LEU	5, 43	1529	GLY	5, 46	1532	mit	mit	1
THR	5, 44	1530	GLY	5, 46	1532	mit	mit	1
MET	5, 45	1531	GLY	5, 46	1532	mit	mit	1
THR	5, 27	1513	LEU	5, 47	1533	mit	mit	0.99
LEU	5, 43	1529	LEU	5, 47	1533	mit	mit	0.99
THR	5, 44	1530	LEU	5, 47	1533	mit	mit	1
MET	5, 45	1531	LEU	5, 47	1533	mit	mit	0.96
GLY	5, 46	1532	LEU	5, 47	1533	mit	mit	1
THR	5, 44	1530	LEU	5, 48	1534	mit	mit	0.99
MET	5, 45	1531	LEU	5, 48	1534	mit	mit	1
GLY	5, 46	1532	LEU	5, 48	1534	mit	mit	1
LEU	5, 47	1533	LEU	5, 48	1534	mit	mit	1
PHE	5, 19	1505	SER	5, 49	1535	mit	mit	0.93
GLY	5, 20	1506	SER	5, 49	1535	mit	mit	0.83
ALA	5, 22	1508	SER	5, 49	1535	mit	mit	0.89
ALA	5, 23	1509	SER	5, 49	1535	mit	mit	1
LEU	5, 26	1512	SER	5, 49	1535	mit	mit	0.98
MET	5, 45	1531	SER	5, 49	1535	mit	mit	0.99
GLY	5, 46	1532	SER	5, 49	1535	mit	mit	1
LEU	5, 47	1533	SER	5, 49	1535	mit	mit	0.98
LEU	5, 48	1534	SER	5, 49	1535	mit	mit	1
GLY	5, 20	1506	MET	5, 50	1536	mit	mit	0.94
ALA	5, 23	1509	MET	5, 50	1536	mit	mit	1
ALA	5, 24	1510	MET	5, 50	1536	mit	mit	0.87
THR	5, 27	1513	MET	5, 50	1536	mit	mit	0.99
GLY	5, 46	1532	MET	5, 50	1536	mit	mit	1
LEU	5, 47	1533	MET	5, 50	1536	mit	mit	1
LEU	5, 48	1534	MET	5, 50	1536	mit	mit	0.99
SER	5, 49	1535	MET	5, 50	1536	mit	mit	1
LEU	5, 47	1533	LEU	5, 51	1537	mit	mit	0.99
LEU	5, 48	1534	LEU	5, 51	1537	mit	mit	1
SER	5, 49	1535	LEU	5, 51	1537	mit	mit	0.99
MET	5, 50	1536	LEU	5, 51	1537	mit	mit	1
LEU	5, 48	1534	LEU	5, 52	1538	mit	mit	1
SER	5, 49	1535	LEU	5, 52	1538	mit	mit	1
MET	5, 50	1536	LEU	5, 52	1538	mit	mit	0.99
LEU	5, 51	1537	LEU	5, 52	1538	mit	mit	1
TRP	5, 16	1502	VAL	5, 53	1539	mit	mit	0.99
PHE	5, 19	1505	VAL	5, 53	1539	mit	mit	0.99
GLY	5, 20	1506	VAL	5, 53	1539	mit	mit	1
ALA	5, 23	1509	VAL	5, 53	1539	mit	mit	0.99
SER	5, 49	1535	VAL	5, 53	1539	mit	mit	1
MET	5, 50	1536	VAL	5, 53	1539	mit	mit	1
LEU	5, 51	1537	VAL	5, 53	1539	mit	mit	0.98
LEU	5, 52	1538	VAL	5, 53	1539	mit	mit	1
MET	5, 50	1536	MET	5, 54	1540	mit	mit	1
LEU	5, 51	1537	MET	5, 54	1540	mit	mit	1
LEU	5, 52	1538	MET	5, 54	1540	mit	mit	0.98
VAL	5, 53	1539	MET	5, 54	1540	mit	mit	1
LEU	5, 51	1537	LEU	5, 55	1541	mit	mit	1
LEU	5, 52	1538	LEU	5, 55	1541	mit	mit	1
VAL	5, 53	1539	LEU	5, 55	1541	mit	mit	0.99
MET	5, 54	1540	LEU	5, 55	1541	mit	mit	1
TRP	5, 16	1502	GLN	5, 56	1542	mit	mit	0.99
LEU	5, 52	1538	GLN	5, 56	1542	mit	mit	0.99
VAL	5, 53	1539	GLN	5, 56	1542	mit	mit	1
MET	5, 54	1540	GLN	5, 56	1542	mit	mit	0.93
LEU	5, 55	1541	GLN	5, 56	1542	mit	mit	1
ARG	1, 97	97	TRP	5, 57	1543	mit	mit	0.65
TRP	5, 16	1502	TRP	5, 57	1543	mit	mit	1
VAL	5, 53	1539	TRP	5, 57	1543	mit	mit	0.99
MET	5, 54	1540	TRP	5, 57	1543	mit	mit	1
LEU	5, 55	1541	TRP	5, 57	1543	mit	mit	0.98
GLN	5, 56	1542	TRP	5, 57	1543	mit	mit	1
MET	5, 54	1540	TRP	5, 58	1544	mit	mit	1
LEU	5, 55	1541	TRP	5, 58	1544	mit	mit	1
GLN	5, 56	1542	TRP	5, 58	1544	mit	mit	0.88
TRP	5, 57	1543	TRP	5, 58	1544	mit	mit	1
LEU	5, 55	1541	ARG	5, 59	1545	mit	mit	0.99
GLN	5, 56	1542	ARG	5, 59	1545	mit	mit	1
TRP	5, 57	1543	ARG	5, 59	1545	mit	mit	0.99
TRP	5, 58	1544	ARG	5, 59	1545	mit	mit	1
SER	5, 14	1500	ASP	5, 60	1546	mit	mit	0.9
TRP	5, 16	1502	ASP	5, 60	1546	mit	mit	0.9
GLN	5, 56	1542	ASP	5, 60	1546	mit	mit	0.99
TRP	5, 57	1543	ASP	5, 60	1546	mit	mit	1
TRP	5, 58	1544	ASP	5, 60	1546	mit	mit	0.99
ARG	5, 59	1545	ASP	5, 60	1546	mit	mit	1
TRP	5, 57	1543	VAL	5, 61	1547	mit	mit	0.99
TRP	5, 58	1544	VAL	5, 61	1547	mit	mit	1
ARG	5, 59	1545	VAL	5, 61	1547	mit	mit	0.99
ASP	5, 60	1546	VAL	5, 61	1547	mit	mit	1
TRP	5, 58	1544	VAL	5, 62	1548	mit	mit	0.99
ARG	5, 59	1545	VAL	5, 62	1548	mit	mit	1
ASP	5, 60	1546	VAL	5, 62	1548	mit	mit	0.99
VAL	5, 61	1547	VAL	5, 62	1548	mit	mit	1
ARG	5, 59	1545	ARG	5, 63	1549	mit	mit	0.99
ASP	5, 60	1546	ARG	5, 63	1549	mit	mit	1
VAL	5, 61	1547	ARG	5, 63	1549	mit	mit	0.99
VAL	5, 62	1548	ARG	5, 63	1549	mit	mit	1
HIS	5, 9	1495	GLU	5, 64	1550	mit	mit	0.86
VAL	5, 11	1497	GLU	5, 64	1550	mit	mit	0.76
ASP	5, 60	1546	GLU	5, 64	1550	mit	mit	0.99
VAL	5, 61	1547	GLU	5, 64	1550	mit	mit	1
VAL	5, 62	1548	GLU	5, 64	1550	mit	mit	0.98
ARG	5, 63	1549	GLU	5, 64	1550	mit	mit	1
VAL	5, 61	1547	SER	5, 65	1551	mit	mit	0.99
VAL	5, 62	1548	SER	5, 65	1551	mit	mit	1
ARG	5, 63	1549	SER	5, 65	1551	mit	mit	0.92
GLU	5, 64	1550	SER	5, 65	1551	mit	mit	1
VAL	5, 62	1548	THR	5, 66	1552	mit	mit	0.99
ARG	5, 63	1549	THR	5, 66	1552	mit	mit	0.93
SER	5, 65	1551	THR	5, 66	1552	mit	mit	1
VAL	5, 62	1548	PHE	5, 67	1553	mit	mit	0.86
ARG	5, 63	1549	PHE	5, 67	1553	mit	mit	0.99
GLU	5, 64	1550	PHE	5, 67	1553	mit	mit	0.86
SER	5, 65	1551	PHE	5, 67	1553	mit	mit	0.83
THR	5, 66	1552	PHE	5, 67	1553	mit	mit	1
ARG	5, 63	1549	GLN	5, 68	1554	mit	mit	0.98
GLU	5, 64	1550	GLN	5, 68	1554	mit	mit	0.99
SER	5, 65	1551	GLN	5, 68	1554	mit	mit	0.88
PHE	5, 67	1553	GLN	5, 68	1554	mit	mit	1
GLU	5, 64	1550	GLY	5, 69	1555	mit	mit	0.95
SER	5, 65	1551	GLY	5, 69	1555	mit	mit	0.98
THR	5, 66	1552	GLY	5, 69	1555	mit	mit	0.94
PHE	5, 67	1553	GLY	5, 69	1555	mit	mit	0.99
GLN	5, 68	1554	GLY	5, 69	1555	mit	mit	1
HIS	5, 9	1495	HIS	5, 70	1556	mit	mit	0.98
GLU	5, 64	1550	HIS	5, 70	1556	mit	mit	0.99
SER	5, 65	1551	HIS	5, 70	1556	mit	mit	0.96
GLN	5, 68	1554	HIS	5, 70	1556	mit	mit	1
GLY	5, 69	1555	HIS	5, 70	1556	mit	mit	1
HIS	5, 9	1495	HIS	5, 71	1557	mit	mit	0.87
GLU	5, 64	1550	HIS	5, 71	1557	mit	mit	0.89
SER	5, 65	1551	HIS	5, 71	1557	mit	mit	0.99
GLY	5, 69	1555	HIS	5, 71	1557	mit	mit	1
HIS	5, 70	1556	HIS	5, 71	1557	mit	mit	1
SER	5, 7	1493	THR	5, 72	1558	mit	mit	0.99
TYR	5, 8	1494	THR	5, 72	1558	mit	mit	0.71
HIS	5, 9	1495	THR	5, 72	1558	mit	mit	0.73
HIS	5, 70	1556	THR	5, 72	1558	mit	mit	0.95
HIS	5, 71	1557	THR	5, 72	1558	mit	mit	1
SER	5, 7	1493	PRO	5, 73	1559	mit	mit	0.75
THR	5, 72	1558	PRO	5, 73	1559	mit	mit	1
ASN	1, 171	171	THR	5, 74	1560	mit	mit	0.87
SER	5, 7	1493	THR	5, 74	1560	mit	mit	0.98
TYR	5, 8	1494	THR	5, 74	1560	mit	mit	0.96
THR	5, 72	1558	THR	5, 74	1560	mit	mit	1
PRO	5, 73	1559	THR	5, 74	1560	mit	mit	1
SER	5, 7	1493	VAL	5, 75	1561	mit	mit	0.87
TYR	5, 8	1494	VAL	5, 75	1561	mit	mit	0.97
HIS	5, 9	1495	VAL	5, 75	1561	mit	mit	0.99
HIS	5, 70	1556	VAL	5, 75	1561	mit	mit	0.92
HIS	5, 71	1557	VAL	5, 75	1561	mit	mit	1
THR	5, 72	1558	VAL	5, 75	1561	mit	mit	1
PRO	5, 73	1559	VAL	5, 75	1561	mit	mit	0.98
THR	5, 74	1560	VAL	5, 75	1561	mit	mit	1
HIS	5, 71	1557	GLN	5, 76	1562	mit	mit	0.99
THR	5, 72	1558	GLN	5, 76	1562	mit	mit	0.98
PRO	5, 73	1559	GLN	5, 76	1562	mit	mit	1
THR	5, 74	1560	GLN	5, 76	1562	mit	mit	0.99
VAL	5, 75	1561	GLN	5, 76	1562	mit	mit	1
ASN	1, 171	171	LYS	5, 77	1563	mit	mit	0.97
PRO	5, 73	1559	LYS	5, 77	1563	mit	mit	0.99
THR	5, 74	1560	LYS	5, 77	1563	mit	mit	1
VAL	5, 75	1561	LYS	5, 77	1563	mit	mit	0.99
GLN	5, 76	1562	LYS	5, 77	1563	mit	mit	1
ALA	1, 94	94	GLY	5, 78	1564	mit	mit	0.97
THR	1, 167	167	GLY	5, 78	1564	mit	mit	0.98
ASN	1, 171	171	GLY	5, 78	1564	mit	mit	0.97
THR	5, 74	1560	GLY	5, 78	1564	mit	mit	0.95
VAL	5, 75	1561	GLY	5, 78	1564	mit	mit	1
GLN	5, 76	1562	GLY	5, 78	1564	mit	mit	1
LYS	5, 77	1563	GLY	5, 78	1564	mit	mit	1
HIS	5, 71	1557	LEU	5, 79	1565	mit	mit	0.78
VAL	5, 75	1561	LEU	5, 79	1565	mit	mit	0.99
GLN	5, 76	1562	LEU	5, 79	1565	mit	mit	1
LYS	5, 77	1563	LEU	5, 79	1565	mit	mit	0.99
GLY	5, 78	1564	LEU	5, 79	1565	mit	mit	1
GLN	5, 76	1562	ARG	5, 80	1566	mit	mit	1
LYS	5, 77	1563	ARG	5, 80	1566	mit	mit	1
GLY	5, 78	1564	ARG	5, 80	1566	mit	mit	1
LEU	5, 79	1565	ARG	5, 80	1566	mit	mit	1
ILE	1, 166	166	TYR	5, 81	1567	mit	mit	0.88
THR	1, 167	167	TYR	5, 81	1567	mit	mit	0.98
ILE	1, 170	170	TYR	5, 81	1567	mit	mit	0.96
ASN	1, 171	171	TYR	5, 81	1567	mit	mit	0.96
LYS	5, 77	1563	TYR	5, 81	1567	mit	mit	0.99
GLY	5, 78	1564	TYR	5, 81	1567	mit	mit	1
LEU	5, 79	1565	TYR	5, 81	1567	mit	mit	0.99
ARG	5, 80	1566	TYR	5, 81	1567	mit	mit	1
ALA	1, 94	94	GLY	5, 82	1568	mit	mit	0.55
PHE	1, 95	95	GLY	5, 82	1568	mit	mit	0.61
ILE	1, 163	163	GLY	5, 82	1568	mit	mit	0.98
THR	1, 167	167	GLY	5, 82	1568	mit	mit	0.98
GLY	5, 78	1564	GLY	5, 82	1568	mit	mit	1
LEU	5, 79	1565	GLY	5, 82	1568	mit	mit	1
ARG	5, 80	1566	GLY	5, 82	1568	mit	mit	1
TYR	5, 81	1567	GLY	5, 82	1568	mit	mit	1
LEU	5, 79	1565	MET	5, 83	1569	mit	mit	0.99
ARG	5, 80	1566	MET	5, 83	1569	mit	mit	1
TYR	5, 81	1567	MET	5, 83	1569	mit	mit	0.98
GLY	5, 82	1568	MET	5, 83	1569	mit	mit	1
ARG	5, 80	1566	ILE	5, 84	1570	mit	mit	0.99
TYR	5, 81	1567	ILE	5, 84	1570	mit	mit	1
GLY	5, 82	1568	ILE	5, 84	1570	mit	mit	1
MET	5, 83	1569	ILE	5, 84	1570	mit	mit	1
ALA	1, 162	162	LEU	5, 85	1571	mit	mit	0.64
ILE	1, 163	163	LEU	5, 85	1571	mit	mit	0.98
ILE	1, 166	166	LEU	5, 85	1571	mit	mit	0.98
THR	1, 167	167	LEU	5, 85	1571	mit	mit	0.93
LEU	1, 197	197	LEU	5, 85	1571	mit	mit	0.97
TYR	5, 81	1567	LEU	5, 85	1571	mit	mit	1
GLY	5, 82	1568	LEU	5, 85	1571	mit	mit	1
MET	5, 83	1569	LEU	5, 85	1571	mit	mit	0.99
ILE	5, 84	1570	LEU	5, 85	1571	mit	mit	1
ILE	1, 163	163	PHE	5, 86	1572	mit	mit	0.97
GLY	5, 82	1568	PHE	5, 86	1572	mit	mit	1
MET	5, 83	1569	PHE	5, 86	1572	mit	mit	1
ILE	5, 84	1570	PHE	5, 86	1572	mit	mit	1
LEU	5, 85	1571	PHE	5, 86	1572	mit	mit	1
MET	5, 83	1569	ILE	5, 87	1573	mit	mit	1
ILE	5, 84	1570	ILE	5, 87	1573	mit	mit	1
LEU	5, 85	1571	ILE	5, 87	1573	mit	mit	0.99
PHE	5, 86	1572	ILE	5, 87	1573	mit	mit	1
LEU	1, 197	197	THR	5, 88	1574	mit	mit	0.95
LEU	1, 198	198	THR	5, 88	1574	mit	mit	0.72
ILE	5, 84	1570	THR	5, 88	1574	mit	mit	0.99
LEU	5, 85	1571	THR	5, 88	1574	mit	mit	1
PHE	5, 86	1572	THR	5, 88	1574	mit	mit	1
ILE	5, 87	1573	THR	5, 88	1574	mit	mit	1
ILE	1, 159	159	SER	5, 89	1575	mit	mit	0.99
ILE	1, 163	163	SER	5, 89	1575	mit	mit	0.79
LEU	1, 197	197	SER	5, 89	1575	mit	mit	0.98
LEU	1, 198	198	SER	5, 89	1575	mit	mit	0.59
LEU	1, 200	200	SER	5, 89	1575	mit	mit	0.57
PRO	1, 201	201	SER	5, 89	1575	mit	mit	0.98
LEU	5, 85	1571	SER	5, 89	1575	mit	mit	0.99
PHE	5, 86	1572	SER	5, 89	1575	mit	mit	1
ILE	5, 87	1573	SER	5, 89	1575	mit	mit	0.99
THR	5, 88	1574	SER	5, 89	1575	mit	mit	1
PRO	1, 201	201	GLU	5, 90	1576	mit	mit	0.9
PHE	5, 86	1572	GLU	5, 90	1576	mit	mit	1
ILE	5, 87	1573	GLU	5, 90	1576	mit	mit	1
THR	5, 88	1574	GLU	5, 90	1576	mit	mit	0.99
SER	5, 89	1575	GLU	5, 90	1576	mit	mit	1
ILE	5, 87	1573	ALA	5, 91	1577	mit	mit	1
THR	5, 88	1574	ALA	5, 91	1577	mit	mit	1
SER	5, 89	1575	ALA	5, 91	1577	mit	mit	1
GLU	5, 90	1576	ALA	5, 91	1577	mit	mit	1
LEU	1, 198	198	PHE	5, 92	1578	mit	mit	0.98
PRO	1, 201	201	PHE	5, 92	1578	mit	mit	0.99
VAL	1, 202	202	PHE	5, 92	1578	mit	mit	0.98
THR	5, 88	1574	PHE	5, 92	1578	mit	mit	0.99
SER	5, 89	1575	PHE	5, 92	1578	mit	mit	1
GLU	5, 90	1576	PHE	5, 92	1578	mit	mit	0.99
ALA	5, 91	1577	PHE	5, 92	1578	mit	mit	1
PRO	1, 201	201	PHE	5, 93	1579	mit	mit	0.99
VAL	1, 202	202	PHE	5, 93	1579	mit	mit	0.85
ALA	1, 204	204	PHE	5, 93	1579	mit	mit	0.97
ALA	1, 205	205	PHE	5, 93	1579	mit	mit	0.99
SER	5, 89	1575	PHE	5, 93	1579	mit	mit	0.99
GLU	5, 90	1576	PHE	5, 93	1579	mit	mit	1
ALA	5, 91	1577	PHE	5, 93	1579	mit	mit	1
PHE	5, 92	1578	PHE	5, 93	1579	mit	mit	1
ALA	1, 205	205	PHE	5, 94	1580	mit	mit	0.53
GLU	5, 90	1576	PHE	5, 94	1580	mit	mit	0.99
ALA	5, 91	1577	PHE	5, 94	1580	mit	mit	1
PHE	5, 92	1578	PHE	5, 94	1580	mit	mit	0.99
PHE	5, 93	1579	PHE	5, 94	1580	mit	mit	1
PRO	1, 201	201	LEU	5, 95	1581	mit	mit	0.56
VAL	1, 202	202	LEU	5, 95	1581	mit	mit	0.95
ALA	1, 205	205	LEU	5, 95	1581	mit	mit	0.69
ALA	5, 91	1577	LEU	5, 95	1581	mit	mit	0.99
PHE	5, 92	1578	LEU	5, 95	1581	mit	mit	1
PHE	5, 93	1579	LEU	5, 95	1581	mit	mit	1
PHE	5, 94	1580	LEU	5, 95	1581	mit	mit	1
VAL	1, 202	202	GLY	5, 96	1582	mit	mit	0.99
ALA	1, 205	205	GLY	5, 96	1582	mit	mit	0.99
GLY	1, 206	206	GLY	5, 96	1582	mit	mit	0.94
LEU	1, 235	235	GLY	5, 96	1582	mit	mit	0.97
PHE	5, 92	1578	GLY	5, 96	1582	mit	mit	0.94
PHE	5, 93	1579	GLY	5, 96	1582	mit	mit	0.99
PHE	5, 94	1580	GLY	5, 96	1582	mit	mit	1
LEU	5, 95	1581	GLY	5, 96	1582	mit	mit	1
ALA	1, 205	205	PHE	5, 97	1583	mit	mit	0.98
PHE	5, 93	1579	PHE	5, 97	1583	mit	mit	0.74
PHE	5, 94	1580	PHE	5, 97	1583	mit	mit	1
LEU	5, 95	1581	PHE	5, 97	1583	mit	mit	0.98
GLY	5, 96	1582	PHE	5, 97	1583	mit	mit	1
PHE	5, 94	1580	PHE	5, 98	1584	mit	mit	1
LEU	5, 95	1581	PHE	5, 98	1584	mit	mit	1
GLY	5, 96	1582	PHE	5, 98	1584	mit	mit	1
PHE	5, 97	1583	PHE	5, 98	1584	mit	mit	1
HIS	1, 234	234	TRP	5, 99	1585	mit	mit	0.84
LEU	1, 235	235	TRP	5, 99	1585	mit	mit	0.95
LEU	5, 95	1581	TRP	5, 99	1585	mit	mit	1
GLY	5, 96	1582	TRP	5, 99	1585	mit	mit	1
PHE	5, 97	1583	TRP	5, 99	1585	mit	mit	1
PHE	5, 98	1584	TRP	5, 99	1585	mit	mit	1
ALA	1, 205	205	ALA	5, 100	1586	mit	mit	0.65
MET	1, 209	209	ALA	5, 100	1586	mit	mit	0.97
PHE	1, 220	220	ALA	5, 100	1586	mit	mit	0.97
LEU	1, 231	231	ALA	5, 100	1586	mit	mit	0.98
LEU	1, 235	235	ALA	5, 100	1586	mit	mit	0.8
GLY	5, 96	1582	ALA	5, 100	1586	mit	mit	1
PHE	5, 97	1583	ALA	5, 100	1586	mit	mit	1
PHE	5, 98	1584	ALA	5, 100	1586	mit	mit	1
TRP	5, 99	1585	ALA	5, 100	1586	mit	mit	1
PHE	5, 97	1583	PHE	5, 101	1587	mit	mit	0.99
PHE	5, 98	1584	PHE	5, 101	1587	mit	mit	1
TRP	5, 99	1585	PHE	5, 101	1587	mit	mit	0.99
ALA	5, 100	1586	PHE	5, 101	1587	mit	mit	1
PHE	5, 98	1584	PHE	5, 102	1588	mit	mit	1
TRP	5, 99	1585	PHE	5, 102	1588	mit	mit	1
ALA	5, 100	1586	PHE	5, 102	1588	mit	mit	0.92
PHE	5, 101	1587	PHE	5, 102	1588	mit	mit	1
ASP	1, 228	228	HIS	5, 103	1589	mit	mit	0.94
LEU	1, 231	231	HIS	5, 103	1589	mit	mit	0.99
HIS	1, 234	234	HIS	5, 103	1589	mit	mit	0.81
TRP	5, 99	1585	HIS	5, 103	1589	mit	mit	1
ALA	5, 100	1586	HIS	5, 103	1589	mit	mit	1
PHE	5, 101	1587	HIS	5, 103	1589	mit	mit	0.99
PHE	5, 102	1588	HIS	5, 103	1589	mit	mit	1
GLY	1, 226	226	SER	5, 104	1590	mit	mit	0.89
GLY	1, 227	227	SER	5, 104	1590	mit	mit	0.97
ASP	1, 228	228	SER	5, 104	1590	mit	mit	0.91
LEU	1, 231	231	SER	5, 104	1590	mit	mit	0.8
ALA	5, 100	1586	SER	5, 104	1590	mit	mit	0.99
PHE	5, 101	1587	SER	5, 104	1590	mit	mit	1
PHE	5, 102	1588	SER	5, 104	1590	mit	mit	0.96
HIS	5, 103	1589	SER	5, 104	1590	mit	mit	1
PHE	5, 101	1587	SER	5, 105	1591	mit	mit	0.99
PHE	5, 102	1588	SER	5, 105	1591	mit	mit	1
HIS	5, 103	1589	SER	5, 105	1591	mit	mit	0.92
SER	5, 104	1590	SER	5, 105	1591	mit	mit	1
PHE	5, 102	1588	LEU	5, 106	1592	mit	mit	0.99
HIS	5, 103	1589	LEU	5, 106	1592	mit	mit	0.99
SER	5, 104	1590	LEU	5, 106	1592	mit	mit	0.84
SER	5, 105	1591	LEU	5, 106	1592	mit	mit	1
HIS	5, 103	1589	ALA	5, 107	1593	mit	mit	0.91
SER	5, 104	1590	ALA	5, 107	1593	mit	mit	0.82
LEU	5, 106	1592	ALA	5, 107	1593	mit	mit	1
SER	5, 104	1590	PRO	5, 108	1594	mit	mit	0.88
SER	5, 105	1591	PRO	5, 108	1594	mit	mit	0.93
LEU	5, 106	1592	PRO	5, 108	1594	mit	mit	0.57
ALA	5, 107	1593	PRO	5, 108	1594	mit	mit	1
PRO	1, 223	223	THR	5, 109	1595	mit	mit	0.8
GLY	1, 226	226	THR	5, 109	1595	mit	mit	0.98
GLY	1, 227	227	THR	5, 109	1595	mit	mit	0.95
ASP	1, 228	228	THR	5, 109	1595	mit	mit	0.92
GLY	3, 176	1208	THR	5, 109	1595	mit	mit	0.72
ALA	5, 107	1593	THR	5, 109	1595	mit	mit	0.89
PRO	5, 108	1594	THR	5, 109	1595	mit	mit	1
THR	5, 109	1595	PRO	5, 110	1596	mit	mit	1
PRO	1, 223	223	GLU	5, 111	1597	mit	mit	0.91
ALA	1, 224	224	GLU	5, 111	1597	mit	mit	0.9
GLY	1, 225	225	GLU	5, 111	1597	mit	mit	0.96
GLY	1, 226	226	GLU	5, 111	1597	mit	mit	0.97
THR	5, 109	1595	GLU	5, 111	1597	mit	mit	0.99
PRO	5, 110	1596	GLU	5, 111	1597	mit	mit	1
GLY	1, 225	225	LEU	5, 112	1598	mit	mit	0.83
GLY	1, 226	226	LEU	5, 112	1598	mit	mit	0.98
PRO	5, 108	1594	LEU	5, 112	1598	mit	mit	0.98
THR	5, 109	1595	LEU	5, 112	1598	mit	mit	0.99
PRO	5, 110	1596	LEU	5, 112	1598	mit	mit	0.98
GLU	5, 111	1597	LEU	5, 112	1598	mit	mit	1
PRO	5, 108	1594	GLY	5, 113	1599	mit	mit	0.94
THR	5, 109	1595	GLY	5, 113	1599	mit	mit	0.57
PRO	5, 110	1596	GLY	5, 113	1599	mit	mit	0.98
GLU	5, 111	1597	GLY	5, 113	1599	mit	mit	0.99
LEU	5, 112	1598	GLY	5, 113	1599	mit	mit	1
PRO	5, 108	1594	GLY	5, 114	1600	mit	mit	0.99
THR	5, 109	1595	GLY	5, 114	1600	mit	mit	0.93
PRO	5, 110	1596	GLY	5, 114	1600	mit	mit	0.97
LEU	5, 112	1598	GLY	5, 114	1600	mit	mit	1
GLY	5, 113	1599	GLY	5, 114	1600	mit	mit	1
PRO	5, 108	1594	GLN	5, 115	1601	mit	mit	0.98
LEU	5, 112	1598	GLN	5, 115	1601	mit	mit	0.92
GLY	5, 113	1599	GLN	5, 115	1601	mit	mit	1
GLY	5, 114	1600	GLN	5, 115	1601	mit	mit	1
SER	5, 105	1591	TRP	5, 116	1602	mit	mit	0.98
PRO	5, 108	1594	TRP	5, 116	1602	mit	mit	0.99
LEU	5, 112	1598	TRP	5, 116	1602	mit	mit	0.81
GLY	5, 114	1600	TRP	5, 116	1602	mit	mit	0.85
GLN	5, 115	1601	TRP	5, 116	1602	mit	mit	1
GLN	5, 115	1601	PRO	5, 117	1603	mit	mit	0.97
TRP	5, 116	1602	PRO	5, 117	1603	mit	mit	1
GLY	1, 226	226	PRO	5, 118	1604	mit	mit	0.51
PRO	5, 108	1594	PRO	5, 118	1604	mit	mit	0.77
LEU	5, 112	1598	PRO	5, 118	1604	mit	mit	0.99
GLY	5, 113	1599	PRO	5, 118	1604	mit	mit	0.94
GLN	5, 115	1601	PRO	5, 118	1604	mit	mit	0.93
TRP	5, 116	1602	PRO	5, 118	1604	mit	mit	0.98
PRO	5, 117	1603	PRO	5, 118	1604	mit	mit	1
LEU	5, 112	1598	THR	5, 119	1605	mit	mit	0.92
GLY	5, 113	1599	THR	5, 119	1605	mit	mit	0.98
GLN	5, 115	1601	THR	5, 119	1605	mit	mit	0.93
PRO	5, 118	1604	THR	5, 119	1605	mit	mit	1
PRO	5, 118	1604	GLY	5, 120	1606	mit	mit	1
THR	5, 119	1605	GLY	5, 120	1606	mit	mit	1
PRO	5, 117	1603	VAL	5, 121	1607	mit	mit	0.98
PRO	5, 118	1604	VAL	5, 121	1607	mit	mit	0.98
THR	5, 119	1605	VAL	5, 121	1607	mit	mit	0.95
GLY	5, 120	1606	VAL	5, 121	1607	mit	mit	1
GLY	5, 120	1606	LYS	5, 122	1608	mit	mit	0.99
VAL	5, 121	1607	LYS	5, 122	1608	mit	mit	1
PRO	5, 117	1603	PRO	5, 123	1609	mit	mit	0.98
VAL	5, 121	1607	PRO	5, 123	1609	mit	mit	0.98
LYS	5, 122	1608	PRO	5, 123	1609	mit	mit	1
PRO	5, 123	1609	LEU	5, 124	1610	mit	mit	1
PRO	5, 123	1609	ASN	5, 125	1611	mit	mit	0.75
LEU	5, 124	1610	ASN	5, 125	1611	mit	mit	1
LEU	5, 124	1610	PRO	5, 126	1612	mit	mit	0.95
ASN	5, 125	1611	PRO	5, 126	1612	mit	mit	1
ASN	5, 125	1611	LEU	5, 127	1613	mit	mit	0.99
PRO	5, 126	1612	LEU	5, 127	1613	mit	mit	1
LEU	5, 124	1610	GLU	5, 128	1614	mit	mit	0.81
ASN	5, 125	1611	GLU	5, 128	1614	mit	mit	0.99
PRO	5, 126	1612	GLU	5, 128	1614	mit	mit	0.89
LEU	5, 127	1613	GLU	5, 128	1614	mit	mit	1
LEU	5, 124	1610	VAL	5, 129	1615	mit	mit	0.82
GLU	5, 128	1614	VAL	5, 129	1615	mit	mit	1
LEU	5, 124	1610	PRO	5, 130	1616	mit	mit	0.96
ASN	5, 125	1611	PRO	5, 130	1616	mit	mit	0.78
PRO	5, 126	1612	PRO	5, 130	1616	mit	mit	0.98
LEU	5, 127	1613	PRO	5, 130	1616	mit	mit	0.72
GLU	5, 128	1614	PRO	5, 130	1616	mit	mit	0.99
VAL	5, 129	1615	PRO	5, 130	1616	mit	mit	1
PRO	5, 126	1612	LEU	5, 131	1617	mit	mit	0.95
LEU	5, 127	1613	LEU	5, 131	1617	mit	mit	0.98
GLU	5, 128	1614	LEU	5, 131	1617	mit	mit	0.98
VAL	5, 129	1615	LEU	5, 131	1617	mit	mit	0.97
PRO	5, 130	1616	LEU	5, 131	1617	mit	mit	1
GLU	5, 128	1614	LEU	5, 132	1618	mit	mit	0.87
VAL	5, 129	1615	LEU	5, 132	1618	mit	mit	1
PRO	5, 130	1616	LEU	5, 132	1618	mit	mit	0.99
LEU	5, 131	1617	LEU	5, 132	1618	mit	mit	1
VAL	5, 129	1615	ASN	5, 133	1619	mit	mit	0.98
PRO	5, 130	1616	ASN	5, 133	1619	mit	mit	1
LEU	5, 131	1617	ASN	5, 133	1619	mit	mit	0.99
LEU	5, 132	1618	ASN	5, 133	1619	mit	mit	1
PRO	5, 130	1616	THR	5, 134	1620	mit	mit	0.98
LEU	5, 131	1617	THR	5, 134	1620	mit	mit	1
LEU	5, 132	1618	THR	5, 134	1620	mit	mit	0.99
ASN	5, 133	1619	THR	5, 134	1620	mit	mit	1
LEU	5, 131	1617	ALA	5, 135	1621	mit	mit	0.99
LEU	5, 132	1618	ALA	5, 135	1621	mit	mit	1
ASN	5, 133	1619	ALA	5, 135	1621	mit	mit	0.99
THR	5, 134	1620	ALA	5, 135	1621	mit	mit	1
LEU	5, 132	1618	ILE	5, 136	1622	mit	mit	0.99
ASN	5, 133	1619	ILE	5, 136	1622	mit	mit	1
THR	5, 134	1620	ILE	5, 136	1622	mit	mit	0.99
ALA	5, 135	1621	ILE	5, 136	1622	mit	mit	1
ASN	5, 133	1619	LEU	5, 137	1623	mit	mit	0.99
THR	5, 134	1620	LEU	5, 137	1623	mit	mit	1
ALA	5, 135	1621	LEU	5, 137	1623	mit	mit	0.95
ILE	5, 136	1622	LEU	5, 137	1623	mit	mit	1
THR	5, 134	1620	LEU	5, 138	1624	mit	mit	1
ALA	5, 135	1621	LEU	5, 138	1624	mit	mit	1
ILE	5, 136	1622	LEU	5, 138	1624	mit	mit	0.98
LEU	5, 137	1623	LEU	5, 138	1624	mit	mit	1
ALA	5, 135	1621	ALA	5, 139	1625	mit	mit	1
ILE	5, 136	1622	ALA	5, 139	1625	mit	mit	1
LEU	5, 137	1623	ALA	5, 139	1625	mit	mit	0.99
LEU	5, 138	1624	ALA	5, 139	1625	mit	mit	1
ILE	5, 136	1622	SER	5, 140	1626	mit	mit	0.99
LEU	5, 137	1623	SER	5, 140	1626	mit	mit	1
LEU	5, 138	1624	SER	5, 140	1626	mit	mit	0.99
ALA	5, 139	1625	SER	5, 140	1626	mit	mit	1
LEU	5, 137	1623	GLY	5, 141	1627	mit	mit	0.98
LEU	5, 138	1624	GLY	5, 141	1627	mit	mit	1
ALA	5, 139	1625	GLY	5, 141	1627	mit	mit	1
SER	5, 140	1626	GLY	5, 141	1627	mit	mit	1
LEU	5, 138	1624	VAL	5, 142	1628	mit	mit	0.97
ALA	5, 139	1625	VAL	5, 142	1628	mit	mit	1
SER	5, 140	1626	VAL	5, 142	1628	mit	mit	0.99
GLY	5, 141	1627	VAL	5, 142	1628	mit	mit	1
ALA	5, 139	1625	THR	5, 143	1629	mit	mit	0.99
SER	5, 140	1626	THR	5, 143	1629	mit	mit	1
GLY	5, 141	1627	THR	5, 143	1629	mit	mit	1
VAL	5, 142	1628	THR	5, 143	1629	mit	mit	1
SER	5, 140	1626	VAL	5, 144	1630	mit	mit	0.99
GLY	5, 141	1627	VAL	5, 144	1630	mit	mit	1
VAL	5, 142	1628	VAL	5, 144	1630	mit	mit	0.96
THR	5, 143	1629	VAL	5, 144	1630	mit	mit	1
GLY	5, 141	1627	THR	5, 145	1631	mit	mit	0.99
VAL	5, 142	1628	THR	5, 145	1631	mit	mit	1
THR	5, 143	1629	THR	5, 145	1631	mit	mit	0.99
VAL	5, 144	1630	THR	5, 145	1631	mit	mit	1
VAL	5, 142	1628	TRP	5, 146	1632	mit	mit	0.99
THR	5, 143	1629	TRP	5, 146	1632	mit	mit	1
VAL	5, 144	1630	TRP	5, 146	1632	mit	mit	1
THR	5, 145	1631	TRP	5, 146	1632	mit	mit	1
THR	5, 143	1629	ALA	5, 147	1633	mit	mit	0.99
VAL	5, 144	1630	ALA	5, 147	1633	mit	mit	1
THR	5, 145	1631	ALA	5, 147	1633	mit	mit	1
TRP	5, 146	1632	ALA	5, 147	1633	mit	mit	1
VAL	5, 144	1630	HIS	5, 148	1634	mit	mit	0.99
THR	5, 145	1631	HIS	5, 148	1634	mit	mit	1
TRP	5, 146	1632	HIS	5, 148	1634	mit	mit	0.99
ALA	5, 147	1633	HIS	5, 148	1634	mit	mit	1
THR	5, 145	1631	HIS	5, 149	1635	mit	mit	0.99
TRP	5, 146	1632	HIS	5, 149	1635	mit	mit	1
ALA	5, 147	1633	HIS	5, 149	1635	mit	mit	0.97
HIS	5, 148	1634	HIS	5, 149	1635	mit	mit	1
TRP	5, 146	1632	SER	5, 150	1636	mit	mit	0.99
ALA	5, 147	1633	SER	5, 150	1636	mit	mit	1
HIS	5, 148	1634	SER	5, 150	1636	mit	mit	0.99
HIS	5, 149	1635	SER	5, 150	1636	mit	mit	1
ALA	5, 147	1633	ILE	5, 151	1637	mit	mit	0.99
HIS	5, 148	1634	ILE	5, 151	1637	mit	mit	1
HIS	5, 149	1635	ILE	5, 151	1637	mit	mit	0.98
SER	5, 150	1636	ILE	5, 151	1637	mit	mit	1
HIS	5, 148	1634	THR	5, 152	1638	mit	mit	0.99
HIS	5, 149	1635	THR	5, 152	1638	mit	mit	1
SER	5, 150	1636	THR	5, 152	1638	mit	mit	0.96
ILE	5, 151	1637	THR	5, 152	1638	mit	mit	1
HIS	5, 149	1635	GLU	5, 153	1639	mit	mit	0.98
SER	5, 150	1636	GLU	5, 153	1639	mit	mit	0.99
ILE	5, 151	1637	GLU	5, 153	1639	mit	mit	0.96
THR	5, 152	1638	GLU	5, 153	1639	mit	mit	1
SER	5, 150	1636	GLY	5, 154	1640	mit	mit	0.97
ILE	5, 151	1637	GLY	5, 154	1640	mit	mit	0.99
THR	5, 152	1638	GLY	5, 154	1640	mit	mit	0.99
GLU	5, 153	1639	GLY	5, 154	1640	mit	mit	1
SER	5, 150	1636	ASN	5, 155	1641	mit	mit	0.99
ILE	5, 151	1637	ASN	5, 155	1641	mit	mit	0.6
GLU	5, 153	1639	ASN	5, 155	1641	mit	mit	0.99
GLY	5, 154	1640	ASN	5, 155	1641	mit	mit	1
GLY	5, 154	1640	ARG	5, 156	1642	mit	mit	0.99
ASN	5, 155	1641	ARG	5, 156	1642	mit	mit	1
ASN	5, 155	1641	LYS	5, 157	1643	mit	mit	0.99
ARG	5, 156	1642	LYS	5, 157	1643	mit	mit	1
TRP	5, 146	1632	GLN	5, 158	1644	mit	mit	0.6
SER	5, 150	1636	GLN	5, 158	1644	mit	mit	0.99
ASN	5, 155	1641	GLN	5, 158	1644	mit	mit	0.99
ARG	5, 156	1642	GLN	5, 158	1644	mit	mit	0.9
LYS	5, 157	1643	GLN	5, 158	1644	mit	mit	1
ALA	5, 147	1633	ALA	5, 159	1645	mit	mit	1
SER	5, 150	1636	ALA	5, 159	1645	mit	mit	1
ILE	5, 151	1637	ALA	5, 159	1645	mit	mit	0.99
GLY	5, 154	1640	ALA	5, 159	1645	mit	mit	0.8
ASN	5, 155	1641	ALA	5, 159	1645	mit	mit	0.99
ARG	5, 156	1642	ALA	5, 159	1645	mit	mit	1
LYS	5, 157	1643	ALA	5, 159	1645	mit	mit	0.99
GLN	5, 158	1644	ALA	5, 159	1645	mit	mit	1
ARG	5, 156	1642	ILE	5, 160	1646	mit	mit	0.99
LYS	5, 157	1643	ILE	5, 160	1646	mit	mit	0.99
GLN	5, 158	1644	ILE	5, 160	1646	mit	mit	0.98
ALA	5, 159	1645	ILE	5, 160	1646	mit	mit	1
LYS	5, 157	1643	HIS	5, 161	1647	mit	mit	0.98
GLN	5, 158	1644	HIS	5, 161	1647	mit	mit	1
ALA	5, 159	1645	HIS	5, 161	1647	mit	mit	0.99
ILE	5, 160	1646	HIS	5, 161	1647	mit	mit	1
THR	5, 143	1629	ALA	5, 162	1648	mit	mit	0.99
VAL	5, 144	1630	ALA	5, 162	1648	mit	mit	0.85
TRP	5, 146	1632	ALA	5, 162	1648	mit	mit	0.99
ALA	5, 147	1633	ALA	5, 162	1648	mit	mit	1
SER	5, 150	1636	ALA	5, 162	1648	mit	mit	0.98
GLN	5, 158	1644	ALA	5, 162	1648	mit	mit	0.99
ALA	5, 159	1645	ALA	5, 162	1648	mit	mit	1
ILE	5, 160	1646	ALA	5, 162	1648	mit	mit	0.98
HIS	5, 161	1647	ALA	5, 162	1648	mit	mit	1
VAL	5, 144	1630	LEU	5, 163	1649	mit	mit	0.81
ALA	5, 147	1633	LEU	5, 163	1649	mit	mit	1
ALA	5, 159	1645	LEU	5, 163	1649	mit	mit	0.99
ILE	5, 160	1646	LEU	5, 163	1649	mit	mit	1
HIS	5, 161	1647	LEU	5, 163	1649	mit	mit	0.97
ALA	5, 162	1648	LEU	5, 163	1649	mit	mit	1
ILE	5, 160	1646	THR	5, 164	1650	mit	mit	0.99
HIS	5, 161	1647	THR	5, 164	1650	mit	mit	1
ALA	5, 162	1648	THR	5, 164	1650	mit	mit	0.99
LEU	5, 163	1649	THR	5, 164	1650	mit	mit	1
THR	5, 143	1629	LEU	5, 165	1651	mit	mit	0.99
HIS	5, 161	1647	LEU	5, 165	1651	mit	mit	0.99
ALA	5, 162	1648	LEU	5, 165	1651	mit	mit	1
LEU	5, 163	1649	LEU	5, 165	1651	mit	mit	0.99
THR	5, 164	1650	LEU	5, 165	1651	mit	mit	1
SER	5, 140	1626	THR	5, 166	1652	mit	mit	1
GLY	5, 141	1627	THR	5, 166	1652	mit	mit	0.91
THR	5, 143	1629	THR	5, 166	1652	mit	mit	1
VAL	5, 144	1630	THR	5, 166	1652	mit	mit	0.99
ALA	5, 147	1633	THR	5, 166	1652	mit	mit	0.98
ALA	5, 162	1648	THR	5, 166	1652	mit	mit	0.99
LEU	5, 163	1649	THR	5, 166	1652	mit	mit	1
THR	5, 164	1650	THR	5, 166	1652	mit	mit	0.99
LEU	5, 165	1651	THR	5, 166	1652	mit	mit	1
LEU	5, 163	1649	ILE	5, 167	1653	mit	mit	0.99
THR	5, 164	1650	ILE	5, 167	1653	mit	mit	1
LEU	5, 165	1651	ILE	5, 167	1653	mit	mit	0.99
THR	5, 166	1652	ILE	5, 167	1653	mit	mit	1
THR	5, 164	1650	LEU	5, 168	1654	mit	mit	1
LEU	5, 165	1651	LEU	5, 168	1654	mit	mit	1
THR	5, 166	1652	LEU	5, 168	1654	mit	mit	0.99
ILE	5, 167	1653	LEU	5, 168	1654	mit	mit	1
ILE	5, 136	1622	LEU	5, 169	1655	mit	mit	0.99
LEU	5, 137	1623	LEU	5, 169	1655	mit	mit	0.66
ALA	5, 139	1625	LEU	5, 169	1655	mit	mit	0.98
SER	5, 140	1626	LEU	5, 169	1655	mit	mit	1
THR	5, 143	1629	LEU	5, 169	1655	mit	mit	0.95
LEU	5, 165	1651	LEU	5, 169	1655	mit	mit	0.99
THR	5, 166	1652	LEU	5, 169	1655	mit	mit	1
ILE	5, 167	1653	LEU	5, 169	1655	mit	mit	0.99
LEU	5, 168	1654	LEU	5, 169	1655	mit	mit	1
ILE	5, 136	1622	GLY	5, 170	1656	mit	mit	0.92
LEU	5, 137	1623	GLY	5, 170	1656	mit	mit	0.59
SER	5, 140	1626	GLY	5, 170	1656	mit	mit	0.99
THR	5, 166	1652	GLY	5, 170	1656	mit	mit	0.99
ILE	5, 167	1653	GLY	5, 170	1656	mit	mit	1
LEU	5, 168	1654	GLY	5, 170	1656	mit	mit	1
LEU	5, 169	1655	GLY	5, 170	1656	mit	mit	1
ILE	5, 167	1653	PHE	5, 171	1657	mit	mit	0.99
LEU	5, 168	1654	PHE	5, 171	1657	mit	mit	1
LEU	5, 169	1655	PHE	5, 171	1657	mit	mit	0.98
GLY	5, 170	1656	PHE	5, 171	1657	mit	mit	1
ILE	5, 136	1622	TYR	5, 172	1658	mit	mit	0.97
LEU	5, 168	1654	TYR	5, 172	1658	mit	mit	0.99
LEU	5, 169	1655	TYR	5, 172	1658	mit	mit	1
GLY	5, 170	1656	TYR	5, 172	1658	mit	mit	1
PHE	5, 171	1657	TYR	5, 172	1658	mit	mit	1
ASN	5, 133	1619	PHE	5, 173	1659	mit	mit	0.99
ILE	5, 136	1622	PHE	5, 173	1659	mit	mit	0.99
LEU	5, 137	1623	PHE	5, 173	1659	mit	mit	0.98
SER	5, 140	1626	PHE	5, 173	1659	mit	mit	0.81
LEU	5, 169	1655	PHE	5, 173	1659	mit	mit	0.99
GLY	5, 170	1656	PHE	5, 173	1659	mit	mit	1
PHE	5, 171	1657	PHE	5, 173	1659	mit	mit	0.99
TYR	5, 172	1658	PHE	5, 173	1659	mit	mit	1
GLY	5, 170	1656	THR	5, 174	1660	mit	mit	1
PHE	5, 171	1657	THR	5, 174	1660	mit	mit	1
TYR	5, 172	1658	THR	5, 174	1660	mit	mit	0.99
PHE	5, 173	1659	THR	5, 174	1660	mit	mit	1
PHE	5, 171	1657	ALA	5, 175	1661	mit	mit	0.99
TYR	5, 172	1658	ALA	5, 175	1661	mit	mit	1
PHE	5, 173	1659	ALA	5, 175	1661	mit	mit	0.99
THR	5, 174	1660	ALA	5, 175	1661	mit	mit	1
VAL	5, 129	1615	LEU	5, 176	1662	mit	mit	0.96
LEU	5, 132	1618	LEU	5, 176	1662	mit	mit	0.95
ASN	5, 133	1619	LEU	5, 176	1662	mit	mit	0.99
ILE	5, 136	1622	LEU	5, 176	1662	mit	mit	0.82
TYR	5, 172	1658	LEU	5, 176	1662	mit	mit	1
PHE	5, 173	1659	LEU	5, 176	1662	mit	mit	1
THR	5, 174	1660	LEU	5, 176	1662	mit	mit	0.98
ALA	5, 175	1661	LEU	5, 176	1662	mit	mit	1
ASN	5, 133	1619	GLN	5, 177	1663	mit	mit	0.96
PHE	5, 173	1659	GLN	5, 177	1663	mit	mit	1
THR	5, 174	1660	GLN	5, 177	1663	mit	mit	1
ALA	5, 175	1661	GLN	5, 177	1663	mit	mit	0.99
LEU	5, 176	1662	GLN	5, 177	1663	mit	mit	1
THR	5, 174	1660	ALA	5, 178	1664	mit	mit	0.99
ALA	5, 175	1661	ALA	5, 178	1664	mit	mit	1
LEU	5, 176	1662	ALA	5, 178	1664	mit	mit	0.99
GLN	5, 177	1663	ALA	5, 178	1664	mit	mit	1
VAL	5, 129	1615	MET	5, 179	1665	mit	mit	0.72
ALA	5, 175	1661	MET	5, 179	1665	mit	mit	0.99
LEU	5, 176	1662	MET	5, 179	1665	mit	mit	1
GLN	5, 177	1663	MET	5, 179	1665	mit	mit	0.99
ALA	5, 178	1664	MET	5, 179	1665	mit	mit	1
LEU	5, 124	1610	GLU	5, 180	1666	mit	mit	0.93
VAL	5, 129	1615	GLU	5, 180	1666	mit	mit	0.98
PRO	5, 130	1616	GLU	5, 180	1666	mit	mit	0.74
LEU	5, 176	1662	GLU	5, 180	1666	mit	mit	0.99
GLN	5, 177	1663	GLU	5, 180	1666	mit	mit	1
ALA	5, 178	1664	GLU	5, 180	1666	mit	mit	0.99
MET	5, 179	1665	GLU	5, 180	1666	mit	mit	1
GLN	5, 177	1663	TYR	5, 181	1667	mit	mit	0.99
ALA	5, 178	1664	TYR	5, 181	1667	mit	mit	1
MET	5, 179	1665	TYR	5, 181	1667	mit	mit	0.99
GLU	5, 180	1666	TYR	5, 181	1667	mit	mit	1
ALA	5, 178	1664	HIS	5, 182	1668	mit	mit	0.98
MET	5, 179	1665	HIS	5, 182	1668	mit	mit	1
GLU	5, 180	1666	HIS	5, 182	1668	mit	mit	0.98
TYR	5, 181	1667	HIS	5, 182	1668	mit	mit	1
MET	5, 179	1665	GLU	5, 183	1669	mit	mit	0.98
GLU	5, 180	1666	GLU	5, 183	1669	mit	mit	1
TYR	5, 181	1667	GLU	5, 183	1669	mit	mit	0.88
HIS	5, 182	1668	GLU	5, 183	1669	mit	mit	1
LEU	5, 124	1610	ALA	5, 184	1670	mit	mit	0.97
GLU	5, 180	1666	ALA	5, 184	1670	mit	mit	0.99
TYR	5, 181	1667	ALA	5, 184	1670	mit	mit	0.99
HIS	5, 182	1668	ALA	5, 184	1670	mit	mit	0.97
GLU	5, 183	1669	ALA	5, 184	1670	mit	mit	1
VAL	5, 121	1607	SER	5, 185	1671	mit	mit	0.7
LYS	5, 122	1608	SER	5, 185	1671	mit	mit	0.98
ALA	5, 184	1670	SER	5, 185	1671	mit	mit	1
VAL	5, 121	1607	PHE	5, 186	1672	mit	mit	0.98
LYS	5, 122	1608	PHE	5, 186	1672	mit	mit	0.85
ALA	5, 184	1670	PHE	5, 186	1672	mit	mit	1
SER	5, 185	1671	PHE	5, 186	1672	mit	mit	1
ALA	5, 184	1670	SER	5, 187	1673	mit	mit	0.83
PHE	5, 186	1672	SER	5, 187	1673	mit	mit	1
LEU	1, 216	216	ILE	5, 188	1674	mit	mit	0.95
ASN	1, 217	217	ILE	5, 188	1674	mit	mit	0.86
THR	1, 218	218	ILE	5, 188	1674	mit	mit	0.98
SER	5, 187	1673	ILE	5, 188	1674	mit	mit	1
ASN	1, 217	217	ALA	5, 189	1675	mit	mit	0.98
THR	1, 218	218	ALA	5, 189	1675	mit	mit	0.87
THR	1, 219	219	ALA	5, 189	1675	mit	mit	0.58
SER	5, 187	1673	ALA	5, 189	1675	mit	mit	1
ILE	5, 188	1674	ALA	5, 189	1675	mit	mit	1
VAL	5, 121	1607	ASP	5, 190	1676	mit	mit	0.96
PHE	5, 186	1672	ASP	5, 190	1676	mit	mit	0.99
SER	5, 187	1673	ASP	5, 190	1676	mit	mit	0.99
ILE	5, 188	1674	ASP	5, 190	1676	mit	mit	0.95
ALA	5, 189	1675	ASP	5, 190	1676	mit	mit	1
THR	1, 219	219	SER	5, 191	1677	mit	mit	0.97
GLY	1, 225	225	SER	5, 191	1677	mit	mit	0.97
GLY	1, 226	226	SER	5, 191	1677	mit	mit	0.96
LEU	5, 112	1598	SER	5, 191	1677	mit	mit	0.95
PRO	5, 118	1604	SER	5, 191	1677	mit	mit	0.98
VAL	5, 121	1607	SER	5, 191	1677	mit	mit	0.84
ASP	5, 190	1676	SER	5, 191	1677	mit	mit	1
THR	1, 219	219	VAL	5, 192	1678	mit	mit	0.97
PHE	1, 220	220	VAL	5, 192	1678	mit	mit	0.95
GLY	1, 225	225	VAL	5, 192	1678	mit	mit	0.97
GLY	1, 226	226	VAL	5, 192	1678	mit	mit	0.98
GLY	1, 227	227	VAL	5, 192	1678	mit	mit	0.98
SER	5, 104	1590	VAL	5, 192	1678	mit	mit	0.99
LEU	5, 112	1598	VAL	5, 192	1678	mit	mit	0.85
PRO	5, 118	1604	VAL	5, 192	1678	mit	mit	0.73
SER	5, 191	1677	VAL	5, 192	1678	mit	mit	1
TRP	5, 116	1602	TYR	5, 193	1679	mit	mit	0.63
PRO	5, 117	1603	TYR	5, 193	1679	mit	mit	0.97
PRO	5, 118	1604	TYR	5, 193	1679	mit	mit	0.99
VAL	5, 121	1607	TYR	5, 193	1679	mit	mit	0.97
PHE	5, 186	1672	TYR	5, 193	1679	mit	mit	0.94
ASP	5, 190	1676	TYR	5, 193	1679	mit	mit	0.96
SER	5, 191	1677	TYR	5, 193	1679	mit	mit	1
VAL	5, 192	1678	TYR	5, 193	1679	mit	mit	1
VAL	5, 121	1607	GLY	5, 194	1680	mit	mit	0.58
PHE	5, 186	1672	GLY	5, 194	1680	mit	mit	0.99
SER	5, 187	1673	GLY	5, 194	1680	mit	mit	0.96
ILE	5, 188	1674	GLY	5, 194	1680	mit	mit	0.99
ALA	5, 189	1675	GLY	5, 194	1680	mit	mit	0.76
ASP	5, 190	1676	GLY	5, 194	1680	mit	mit	0.99
SER	5, 191	1677	GLY	5, 194	1680	mit	mit	0.99
VAL	5, 192	1678	GLY	5, 194	1680	mit	mit	1
TYR	5, 193	1679	GLY	5, 194	1680	mit	mit	1
THR	1, 212	212	SER	5, 195	1681	mit	mit	0.78
THR	1, 218	218	SER	5, 195	1681	mit	mit	0.99
THR	1, 219	219	SER	5, 195	1681	mit	mit	0.98
PHE	1, 220	220	SER	5, 195	1681	mit	mit	0.98
ILE	5, 188	1674	SER	5, 195	1681	mit	mit	0.99
ALA	5, 189	1675	SER	5, 195	1681	mit	mit	0.56
SER	5, 191	1677	SER	5, 195	1681	mit	mit	0.98
VAL	5, 192	1678	SER	5, 195	1681	mit	mit	1
TYR	5, 193	1679	SER	5, 195	1681	mit	mit	0.99
GLY	5, 194	1680	SER	5, 195	1681	mit	mit	1
PHE	1, 220	220	THR	5, 196	1682	mit	mit	0.81
PHE	5, 97	1583	THR	5, 196	1682	mit	mit	0.92
ALA	5, 100	1586	THR	5, 196	1682	mit	mit	0.99
PHE	5, 101	1587	THR	5, 196	1682	mit	mit	1
SER	5, 104	1590	THR	5, 196	1682	mit	mit	0.98
SER	5, 105	1591	THR	5, 196	1682	mit	mit	0.55
VAL	5, 192	1678	THR	5, 196	1682	mit	mit	1
TYR	5, 193	1679	THR	5, 196	1682	mit	mit	1
GLY	5, 194	1680	THR	5, 196	1682	mit	mit	1
SER	5, 195	1681	THR	5, 196	1682	mit	mit	1
PHE	5, 186	1672	PHE	5, 197	1683	mit	mit	0.78
TYR	5, 193	1679	PHE	5, 197	1683	mit	mit	1
GLY	5, 194	1680	PHE	5, 197	1683	mit	mit	1
SER	5, 195	1681	PHE	5, 197	1683	mit	mit	0.99
THR	5, 196	1682	PHE	5, 197	1683	mit	mit	1
TYR	5, 181	1667	PHE	5, 198	1684	mit	mit	0.73
SER	5, 187	1673	PHE	5, 198	1684	mit	mit	0.79
ILE	5, 188	1674	PHE	5, 198	1684	mit	mit	1
GLY	5, 194	1680	PHE	5, 198	1684	mit	mit	1
SER	5, 195	1681	PHE	5, 198	1684	mit	mit	0.99
THR	5, 196	1682	PHE	5, 198	1684	mit	mit	0.61
PHE	5, 197	1683	PHE	5, 198	1684	mit	mit	1
MET	1, 209	209	VAL	5, 199	1685	mit	mit	0.92
THR	1, 212	212	VAL	5, 199	1685	mit	mit	0.98
THR	1, 218	218	VAL	5, 199	1685	mit	mit	0.94
PHE	5, 97	1583	VAL	5, 199	1685	mit	mit	0.98
ILE	5, 188	1674	VAL	5, 199	1685	mit	mit	0.85
SER	5, 195	1681	VAL	5, 199	1685	mit	mit	0.99
THR	5, 196	1682	VAL	5, 199	1685	mit	mit	1
PHE	5, 197	1683	VAL	5, 199	1685	mit	mit	0.92
PHE	5, 198	1684	VAL	5, 199	1685	mit	mit	1
PHE	5, 94	1580	ALA	5, 200	1686	mit	mit	0.86
PHE	5, 97	1583	ALA	5, 200	1686	mit	mit	1
PHE	5, 98	1584	ALA	5, 200	1686	mit	mit	0.89
PHE	5, 101	1587	ALA	5, 200	1686	mit	mit	0.98
THR	5, 196	1682	ALA	5, 200	1686	mit	mit	1
PHE	5, 197	1683	ALA	5, 200	1686	mit	mit	1
PHE	5, 198	1684	ALA	5, 200	1686	mit	mit	0.91
VAL	5, 199	1685	ALA	5, 200	1686	mit	mit	1
GLN	5, 177	1663	THR	5, 201	1687	mit	mit	0.89
PHE	5, 197	1683	THR	5, 201	1687	mit	mit	1
PHE	5, 198	1684	THR	5, 201	1687	mit	mit	1
VAL	5, 199	1685	THR	5, 201	1687	mit	mit	0.86
ALA	5, 200	1686	THR	5, 201	1687	mit	mit	1
PHE	5, 198	1684	GLY	5, 202	1688	mit	mit	1
VAL	5, 199	1685	GLY	5, 202	1688	mit	mit	1
ALA	5, 200	1686	GLY	5, 202	1688	mit	mit	1
THR	5, 201	1687	GLY	5, 202	1688	mit	mit	1
PHE	5, 94	1580	PHE	5, 203	1689	mit	mit	0.91
PHE	5, 97	1583	PHE	5, 203	1689	mit	mit	0.97
VAL	5, 199	1685	PHE	5, 203	1689	mit	mit	1
ALA	5, 200	1686	PHE	5, 203	1689	mit	mit	1
THR	5, 201	1687	PHE	5, 203	1689	mit	mit	0.96
GLY	5, 202	1688	PHE	5, 203	1689	mit	mit	1
PHE	5, 94	1580	HIS	5, 204	1690	mit	mit	0.75
ALA	5, 200	1686	HIS	5, 204	1690	mit	mit	0.99
THR	5, 201	1687	HIS	5, 204	1690	mit	mit	1
GLY	5, 202	1688	HIS	5, 204	1690	mit	mit	1
PHE	5, 203	1689	HIS	5, 204	1690	mit	mit	1
THR	5, 174	1660	GLY	5, 205	1691	mit	mit	0.97
GLN	5, 177	1663	GLY	5, 205	1691	mit	mit	0.99
THR	5, 201	1687	GLY	5, 205	1691	mit	mit	0.99
GLY	5, 202	1688	GLY	5, 205	1691	mit	mit	1
PHE	5, 203	1689	GLY	5, 205	1691	mit	mit	1
HIS	5, 204	1690	GLY	5, 205	1691	mit	mit	1
GLY	5, 202	1688	LEU	5, 206	1692	mit	mit	1
PHE	5, 203	1689	LEU	5, 206	1692	mit	mit	1
HIS	5, 204	1690	LEU	5, 206	1692	mit	mit	1
GLY	5, 205	1691	LEU	5, 206	1692	mit	mit	1
GLU	5, 90	1576	HIS	5, 207	1693	mit	mit	0.8
PHE	5, 203	1689	HIS	5, 207	1693	mit	mit	0.99
HIS	5, 204	1690	HIS	5, 207	1693	mit	mit	1
GLY	5, 205	1691	HIS	5, 207	1693	mit	mit	1
LEU	5, 206	1692	HIS	5, 207	1693	mit	mit	1
GLY	5, 170	1656	VAL	5, 208	1694	mit	mit	0.98
PHE	5, 173	1659	VAL	5, 208	1694	mit	mit	0.99
THR	5, 174	1660	VAL	5, 208	1694	mit	mit	0.99
GLN	5, 177	1663	VAL	5, 208	1694	mit	mit	0.63
HIS	5, 204	1690	VAL	5, 208	1694	mit	mit	1
GLY	5, 205	1691	VAL	5, 208	1694	mit	mit	1
LEU	5, 206	1692	VAL	5, 208	1694	mit	mit	1
HIS	5, 207	1693	VAL	5, 208	1694	mit	mit	1
THR	5, 174	1660	ILE	5, 209	1695	mit	mit	0.99
GLY	5, 205	1691	ILE	5, 209	1695	mit	mit	0.99
LEU	5, 206	1692	ILE	5, 209	1695	mit	mit	1
HIS	5, 207	1693	ILE	5, 209	1695	mit	mit	0.99
VAL	5, 208	1694	ILE	5, 209	1695	mit	mit	1
LEU	5, 206	1692	ILE	5, 210	1696	mit	mit	1
HIS	5, 207	1693	ILE	5, 210	1696	mit	mit	1
VAL	5, 208	1694	ILE	5, 210	1696	mit	mit	0.99
ILE	5, 209	1695	ILE	5, 210	1696	mit	mit	1
HIS	5, 207	1693	GLY	5, 211	1697	mit	mit	1
VAL	5, 208	1694	GLY	5, 211	1697	mit	mit	1
ILE	5, 209	1695	GLY	5, 211	1697	mit	mit	1
ILE	5, 210	1696	GLY	5, 211	1697	mit	mit	1
ILE	5, 167	1653	SER	5, 212	1698	mit	mit	0.99
GLY	5, 170	1656	SER	5, 212	1698	mit	mit	1
PHE	5, 171	1657	SER	5, 212	1698	mit	mit	0.99
THR	5, 174	1660	SER	5, 212	1698	mit	mit	0.95
VAL	5, 208	1694	SER	5, 212	1698	mit	mit	1
ILE	5, 209	1695	SER	5, 212	1698	mit	mit	1
ILE	5, 210	1696	SER	5, 212	1698	mit	mit	0.98
GLY	5, 211	1697	SER	5, 212	1698	mit	mit	1
ILE	5, 209	1695	SER	5, 213	1699	mit	mit	0.99
ILE	5, 210	1696	SER	5, 213	1699	mit	mit	1
GLY	5, 211	1697	SER	5, 213	1699	mit	mit	1
SER	5, 212	1698	SER	5, 213	1699	mit	mit	1
ILE	5, 210	1696	PHE	5, 214	1700	mit	mit	1
GLY	5, 211	1697	PHE	5, 214	1700	mit	mit	1
SER	5, 212	1698	PHE	5, 214	1700	mit	mit	1
SER	5, 213	1699	PHE	5, 214	1700	mit	mit	1
VAL	5, 144	1630	LEU	5, 215	1701	mit	mit	0.66
LEU	5, 163	1649	LEU	5, 215	1701	mit	mit	0.98
THR	5, 166	1652	LEU	5, 215	1701	mit	mit	0.99
ILE	5, 167	1653	LEU	5, 215	1701	mit	mit	0.99
GLY	5, 211	1697	LEU	5, 215	1701	mit	mit	1
SER	5, 212	1698	LEU	5, 215	1701	mit	mit	1
SER	5, 213	1699	LEU	5, 215	1701	mit	mit	0.99
PHE	5, 214	1700	LEU	5, 215	1701	mit	mit	1
ILE	5, 167	1653	THR	5, 216	1702	mit	mit	0.99
SER	5, 212	1698	THR	5, 216	1702	mit	mit	0.99
SER	5, 213	1699	THR	5, 216	1702	mit	mit	1
PHE	5, 214	1700	THR	5, 216	1702	mit	mit	0.99
LEU	5, 215	1701	THR	5, 216	1702	mit	mit	1
TRP	5, 58	1544	VAL	5, 217	1703	mit	mit	0.72
SER	5, 213	1699	VAL	5, 217	1703	mit	mit	0.99
PHE	5, 214	1700	VAL	5, 217	1703	mit	mit	1
LEU	5, 215	1701	VAL	5, 217	1703	mit	mit	0.99
THR	5, 216	1702	VAL	5, 217	1703	mit	mit	1
LEU	5, 163	1649	CYS	5, 218	1704	mit	mit	0.96
PHE	5, 214	1700	CYS	5, 218	1704	mit	mit	1
LEU	5, 215	1701	CYS	5, 218	1704	mit	mit	1
THR	5, 216	1702	CYS	5, 218	1704	mit	mit	1
VAL	5, 217	1703	CYS	5, 218	1704	mit	mit	1
ILE	5, 160	1646	LEU	5, 219	1705	mit	mit	0.93
LEU	5, 163	1649	LEU	5, 219	1705	mit	mit	1
THR	5, 164	1650	LEU	5, 219	1705	mit	mit	0.98
ILE	5, 167	1653	LEU	5, 219	1705	mit	mit	0.98
LEU	5, 215	1701	LEU	5, 219	1705	mit	mit	0.99
THR	5, 216	1702	LEU	5, 219	1705	mit	mit	1
VAL	5, 217	1703	LEU	5, 219	1705	mit	mit	1
CYS	5, 218	1704	LEU	5, 219	1705	mit	mit	1
THR	5, 216	1702	LEU	5, 220	1706	mit	mit	0.99
VAL	5, 217	1703	LEU	5, 220	1706	mit	mit	1
CYS	5, 218	1704	LEU	5, 220	1706	mit	mit	0.99
LEU	5, 219	1705	LEU	5, 220	1706	mit	mit	1
VAL	5, 62	1548	ARG	5, 221	1707	mit	mit	0.91
VAL	5, 217	1703	ARG	5, 221	1707	mit	mit	0.99
CYS	5, 218	1704	ARG	5, 221	1707	mit	mit	1
LEU	5, 219	1705	ARG	5, 221	1707	mit	mit	0.99
LEU	5, 220	1706	ARG	5, 221	1707	mit	mit	1
ILE	5, 151	1637	LEU	5, 222	1708	mit	mit	0.73
ARG	5, 156	1642	LEU	5, 222	1708	mit	mit	0.86
ALA	5, 159	1645	LEU	5, 222	1708	mit	mit	0.98
ILE	5, 160	1646	LEU	5, 222	1708	mit	mit	0.98
LEU	5, 163	1649	LEU	5, 222	1708	mit	mit	0.96
CYS	5, 218	1704	LEU	5, 222	1708	mit	mit	0.99
LEU	5, 219	1705	LEU	5, 222	1708	mit	mit	1
LEU	5, 220	1706	LEU	5, 222	1708	mit	mit	0.99
ARG	5, 221	1707	LEU	5, 222	1708	mit	mit	1
ILE	5, 160	1646	ILE	5, 223	1709	mit	mit	0.97
LEU	5, 219	1705	ILE	5, 223	1709	mit	mit	0.99
LEU	5, 220	1706	ILE	5, 223	1709	mit	mit	1
ARG	5, 221	1707	ILE	5, 223	1709	mit	mit	0.97
LEU	5, 222	1708	ILE	5, 223	1709	mit	mit	1
LEU	5, 220	1706	LYS	5, 224	1710	mit	mit	0.99
ARG	5, 221	1707	LYS	5, 224	1710	mit	mit	0.99
LEU	5, 222	1708	LYS	5, 224	1710	mit	mit	0.97
ILE	5, 223	1709	LYS	5, 224	1710	mit	mit	1
ARG	5, 156	1642	PHE	5, 225	1711	mit	mit	0.58
LEU	5, 222	1708	PHE	5, 225	1711	mit	mit	0.75
ILE	5, 223	1709	PHE	5, 225	1711	mit	mit	0.76
LYS	5, 224	1710	PHE	5, 225	1711	mit	mit	1
VAL	5, 62	1548	HIS	5, 226	1712	mit	mit	0.9
THR	5, 66	1552	HIS	5, 226	1712	mit	mit	0.99
ARG	5, 221	1707	HIS	5, 226	1712	mit	mit	0.99
LEU	5, 222	1708	HIS	5, 226	1712	mit	mit	0.96
LYS	5, 224	1710	HIS	5, 226	1712	mit	mit	1
PHE	5, 225	1711	HIS	5, 226	1712	mit	mit	1
ILE	5, 151	1637	PHE	5, 227	1713	mit	mit	0.97
ARG	5, 221	1707	PHE	5, 227	1713	mit	mit	0.98
LEU	5, 222	1708	PHE	5, 227	1713	mit	mit	0.99
PHE	5, 225	1711	PHE	5, 227	1713	mit	mit	0.93
HIS	5, 226	1712	PHE	5, 227	1713	mit	mit	1
PHE	5, 227	1713	THR	5, 228	1714	mit	mit	1
ILE	5, 151	1637	PRO	5, 229	1715	mit	mit	0.96
THR	5, 152	1638	PRO	5, 229	1715	mit	mit	0.98
GLU	5, 153	1639	PRO	5, 229	1715	mit	mit	0.86
GLY	5, 154	1640	PRO	5, 229	1715	mit	mit	0.98
THR	5, 228	1714	PRO	5, 229	1715	mit	mit	1
THR	5, 228	1714	ASN	5, 230	1716	mit	mit	0.99
PRO	5, 229	1715	ASN	5, 230	1716	mit	mit	1
HIS	5, 71	1557	HIS	5, 231	1717	mit	mit	0.75
GLN	5, 76	1562	HIS	5, 231	1717	mit	mit	0.77
PHE	5, 227	1713	HIS	5, 231	1717	mit	mit	0.91
THR	5, 228	1714	HIS	5, 231	1717	mit	mit	1
ASN	5, 230	1716	HIS	5, 231	1717	mit	mit	1
ILE	5, 151	1637	HIS	5, 232	1718	mit	mit	0.98
PHE	5, 227	1713	HIS	5, 232	1718	mit	mit	0.98
THR	5, 228	1714	HIS	5, 232	1718	mit	mit	0.97
PRO	5, 229	1715	HIS	5, 232	1718	mit	mit	0.69
ASN	5, 230	1716	HIS	5, 232	1718	mit	mit	0.63
HIS	5, 231	1717	HIS	5, 232	1718	mit	mit	1
HIS	5, 71	1557	PHE	5, 233	1719	mit	mit	0.78
GLN	5, 76	1562	PHE	5, 233	1719	mit	mit	1
LEU	5, 79	1565	PHE	5, 233	1719	mit	mit	0.99
ARG	5, 80	1566	PHE	5, 233	1719	mit	mit	0.96
HIS	5, 231	1717	PHE	5, 233	1719	mit	mit	0.99
HIS	5, 232	1718	PHE	5, 233	1719	mit	mit	1
CYS	5, 218	1704	GLY	5, 234	1720	mit	mit	0.99
HIS	5, 232	1718	GLY	5, 234	1720	mit	mit	1
PHE	5, 233	1719	GLY	5, 234	1720	mit	mit	1
ALA	5, 147	1633	PHE	5, 235	1721	mit	mit	0.67
HIS	5, 148	1634	PHE	5, 235	1721	mit	mit	0.94
ILE	5, 151	1637	PHE	5, 235	1721	mit	mit	0.97
CYS	5, 218	1704	PHE	5, 235	1721	mit	mit	1
LEU	5, 222	1708	PHE	5, 235	1721	mit	mit	0.77
PHE	5, 227	1713	PHE	5, 235	1721	mit	mit	0.98
HIS	5, 232	1718	PHE	5, 235	1721	mit	mit	1
PHE	5, 233	1719	PHE	5, 235	1721	mit	mit	0.99
GLY	5, 234	1720	PHE	5, 235	1721	mit	mit	1
ARG	5, 80	1566	GLU	5, 236	1722	mit	mit	0.76
HIS	5, 148	1634	GLU	5, 236	1722	mit	mit	0.83
HIS	5, 232	1718	GLU	5, 236	1722	mit	mit	0.99
PHE	5, 233	1719	GLU	5, 236	1722	mit	mit	1
GLY	5, 234	1720	GLU	5, 236	1722	mit	mit	1
PHE	5, 235	1721	GLU	5, 236	1722	mit	mit	1
LEU	5, 79	1565	ALA	5, 237	1723	mit	mit	0.78
MET	5, 83	1569	ALA	5, 237	1723	mit	mit	1
PHE	5, 214	1700	ALA	5, 237	1723	mit	mit	0.52
PHE	5, 233	1719	ALA	5, 237	1723	mit	mit	1
GLY	5, 234	1720	ALA	5, 237	1723	mit	mit	1
PHE	5, 235	1721	ALA	5, 237	1723	mit	mit	0.99
GLU	5, 236	1722	ALA	5, 237	1723	mit	mit	1
GLY	5, 211	1697	ALA	5, 238	1724	mit	mit	0.98
PHE	5, 214	1700	ALA	5, 238	1724	mit	mit	1
LEU	5, 215	1701	ALA	5, 238	1724	mit	mit	0.99
CYS	5, 218	1704	ALA	5, 238	1724	mit	mit	1
GLY	5, 234	1720	ALA	5, 238	1724	mit	mit	1
PHE	5, 235	1721	ALA	5, 238	1724	mit	mit	1
GLU	5, 236	1722	ALA	5, 238	1724	mit	mit	0.99
ALA	5, 237	1723	ALA	5, 238	1724	mit	mit	1
VAL	5, 144	1630	ALA	5, 239	1725	mit	mit	1
THR	5, 145	1631	ALA	5, 239	1725	mit	mit	0.68
ALA	5, 147	1633	ALA	5, 239	1725	mit	mit	0.55
HIS	5, 148	1634	ALA	5, 239	1725	mit	mit	0.99
PHE	5, 235	1721	ALA	5, 239	1725	mit	mit	1
GLU	5, 236	1722	ALA	5, 239	1725	mit	mit	1
ALA	5, 237	1723	ALA	5, 239	1725	mit	mit	1
ALA	5, 238	1724	ALA	5, 239	1725	mit	mit	1
MET	5, 83	1569	TRP	5, 240	1726	mit	mit	0.99
ILE	5, 84	1570	TRP	5, 240	1726	mit	mit	0.84
ILE	5, 87	1573	TRP	5, 240	1726	mit	mit	0.98
GLU	5, 236	1722	TRP	5, 240	1726	mit	mit	1
ALA	5, 237	1723	TRP	5, 240	1726	mit	mit	1
ALA	5, 238	1724	TRP	5, 240	1726	mit	mit	0.99
ALA	5, 239	1725	TRP	5, 240	1726	mit	mit	1
MET	5, 83	1569	TYR	5, 241	1727	mit	mit	0.77
ILE	5, 87	1573	TYR	5, 241	1727	mit	mit	0.98
GLY	5, 211	1697	TYR	5, 241	1727	mit	mit	0.99
PHE	5, 214	1700	TYR	5, 241	1727	mit	mit	0.98
ALA	5, 237	1723	TYR	5, 241	1727	mit	mit	0.99
ALA	5, 238	1724	TYR	5, 241	1727	mit	mit	1
ALA	5, 239	1725	TYR	5, 241	1727	mit	mit	1
TRP	5, 240	1726	TYR	5, 241	1727	mit	mit	1
SER	5, 140	1626	TRP	5, 242	1728	mit	mit	0.97
GLY	5, 141	1627	TRP	5, 242	1728	mit	mit	0.97
VAL	5, 144	1630	TRP	5, 242	1728	mit	mit	0.99
THR	5, 166	1652	TRP	5, 242	1728	mit	mit	0.78
GLY	5, 211	1697	TRP	5, 242	1728	mit	mit	0.99
LEU	5, 215	1701	TRP	5, 242	1728	mit	mit	0.97
ALA	5, 238	1724	TRP	5, 242	1728	mit	mit	1
ALA	5, 239	1725	TRP	5, 242	1728	mit	mit	1
TRP	5, 240	1726	TRP	5, 242	1728	mit	mit	1
TYR	5, 241	1727	TRP	5, 242	1728	mit	mit	1
GLY	5, 141	1627	HIS	5, 243	1729	mit	mit	0.97
VAL	5, 144	1630	HIS	5, 243	1729	mit	mit	0.69
ALA	5, 239	1725	HIS	5, 243	1729	mit	mit	1
TRP	5, 240	1726	HIS	5, 243	1729	mit	mit	1
TYR	5, 241	1727	HIS	5, 243	1729	mit	mit	0.98
TRP	5, 242	1728	HIS	5, 243	1729	mit	mit	1
ILE	5, 87	1573	PHE	5, 244	1730	mit	mit	1
GLU	5, 90	1576	PHE	5, 244	1730	mit	mit	0.93
ALA	5, 91	1577	PHE	5, 244	1730	mit	mit	0.94
TRP	5, 240	1726	PHE	5, 244	1730	mit	mit	0.99
TYR	5, 241	1727	PHE	5, 244	1730	mit	mit	1
TRP	5, 242	1728	PHE	5, 244	1730	mit	mit	1
HIS	5, 243	1729	PHE	5, 244	1730	mit	mit	1
LEU	5, 137	1623	VAL	5, 245	1731	mit	mit	0.76
HIS	5, 204	1690	VAL	5, 245	1731	mit	mit	0.96
HIS	5, 207	1693	VAL	5, 245	1731	mit	mit	1
VAL	5, 208	1694	VAL	5, 245	1731	mit	mit	1
GLY	5, 211	1697	VAL	5, 245	1731	mit	mit	0.97
TYR	5, 241	1727	VAL	5, 245	1731	mit	mit	0.99
TRP	5, 242	1728	VAL	5, 245	1731	mit	mit	1
HIS	5, 243	1729	VAL	5, 245	1731	mit	mit	0.98
PHE	5, 244	1730	VAL	5, 245	1731	mit	mit	1
LEU	5, 137	1623	ASP	5, 246	1732	mit	mit	1
LEU	5, 138	1624	ASP	5, 246	1732	mit	mit	0.95
SER	5, 140	1626	ASP	5, 246	1732	mit	mit	0.92
GLY	5, 141	1627	ASP	5, 246	1732	mit	mit	0.99
TRP	5, 242	1728	ASP	5, 246	1732	mit	mit	0.99
HIS	5, 243	1729	ASP	5, 246	1732	mit	mit	1
PHE	5, 244	1730	ASP	5, 246	1732	mit	mit	0.99
VAL	5, 245	1731	ASP	5, 246	1732	mit	mit	1
HIS	5, 243	1729	ILE	5, 247	1733	mit	mit	0.99
PHE	5, 244	1730	ILE	5, 247	1733	mit	mit	1
VAL	5, 245	1731	ILE	5, 247	1733	mit	mit	0.95
ASP	5, 246	1732	ILE	5, 247	1733	mit	mit	1
ALA	5, 91	1577	ILE	5, 248	1734	mit	mit	0.71
PHE	5, 94	1580	ILE	5, 248	1734	mit	mit	0.99
HIS	5, 204	1690	ILE	5, 248	1734	mit	mit	0.98
HIS	5, 207	1693	ILE	5, 248	1734	mit	mit	0.82
PHE	5, 244	1730	ILE	5, 248	1734	mit	mit	1
VAL	5, 245	1731	ILE	5, 248	1734	mit	mit	1
ASP	5, 246	1732	ILE	5, 248	1734	mit	mit	0.98
ILE	5, 247	1733	ILE	5, 248	1734	mit	mit	1
ASN	5, 133	1619	TRP	5, 249	1735	mit	mit	0.85
THR	5, 134	1620	TRP	5, 249	1735	mit	mit	0.98
LEU	5, 137	1623	TRP	5, 249	1735	mit	mit	0.99
HIS	5, 204	1690	TRP	5, 249	1735	mit	mit	0.98
VAL	5, 245	1731	TRP	5, 249	1735	mit	mit	0.99
ASP	5, 246	1732	TRP	5, 249	1735	mit	mit	1
ILE	5, 247	1733	TRP	5, 249	1735	mit	mit	0.99
ILE	5, 248	1734	TRP	5, 249	1735	mit	mit	1
THR	5, 134	1620	LEU	5, 250	1736	mit	mit	0.96
ASP	5, 246	1732	LEU	5, 250	1736	mit	mit	0.99
ILE	5, 247	1733	LEU	5, 250	1736	mit	mit	1
ILE	5, 248	1734	LEU	5, 250	1736	mit	mit	0.99
TRP	5, 249	1735	LEU	5, 250	1736	mit	mit	1
PHE	5, 98	1584	PHE	5, 251	1737	mit	mit	0.94
ILE	5, 247	1733	PHE	5, 251	1737	mit	mit	0.99
ILE	5, 248	1734	PHE	5, 251	1737	mit	mit	1
TRP	5, 249	1735	PHE	5, 251	1737	mit	mit	0.99
LEU	5, 250	1736	PHE	5, 251	1737	mit	mit	1
ALA	5, 200	1686	LEU	5, 252	1738	mit	mit	0.99
THR	5, 201	1687	LEU	5, 252	1738	mit	mit	0.97
HIS	5, 204	1690	LEU	5, 252	1738	mit	mit	0.97
ILE	5, 248	1734	LEU	5, 252	1738	mit	mit	1
TRP	5, 249	1735	LEU	5, 252	1738	mit	mit	1
LEU	5, 250	1736	LEU	5, 252	1738	mit	mit	0.99
PHE	5, 251	1737	LEU	5, 252	1738	mit	mit	1
PRO	5, 126	1612	TYR	5, 253	1739	mit	mit	0.73
PRO	5, 130	1616	TYR	5, 253	1739	mit	mit	0.97
ASN	5, 133	1619	TYR	5, 253	1739	mit	mit	0.55
THR	5, 134	1620	TYR	5, 253	1739	mit	mit	0.99
TRP	5, 249	1735	TYR	5, 253	1739	mit	mit	1
LEU	5, 250	1736	TYR	5, 253	1739	mit	mit	1
PHE	5, 251	1737	TYR	5, 253	1739	mit	mit	0.99
LEU	5, 252	1738	TYR	5, 253	1739	mit	mit	1
LEU	5, 250	1736	MET	5, 254	1740	mit	mit	0.99
PHE	5, 251	1737	MET	5, 254	1740	mit	mit	1
LEU	5, 252	1738	MET	5, 254	1740	mit	mit	0.95
TYR	5, 253	1739	MET	5, 254	1740	mit	mit	1
PHE	5, 98	1584	SER	5, 255	1741	mit	mit	0.96
PHE	5, 101	1587	SER	5, 255	1741	mit	mit	0.97
PHE	5, 102	1588	SER	5, 255	1741	mit	mit	0.75
PHE	5, 251	1737	SER	5, 255	1741	mit	mit	0.99
LEU	5, 252	1738	SER	5, 255	1741	mit	mit	0.99
TYR	5, 253	1739	SER	5, 255	1741	mit	mit	0.9
MET	5, 254	1740	SER	5, 255	1741	mit	mit	1
PHE	5, 101	1587	MET	5, 256	1742	mit	mit	0.98
THR	5, 196	1682	MET	5, 256	1742	mit	mit	0.79
PHE	5, 197	1683	MET	5, 256	1742	mit	mit	0.98
ALA	5, 200	1686	MET	5, 256	1742	mit	mit	0.94
THR	5, 201	1687	MET	5, 256	1742	mit	mit	0.78
LEU	5, 252	1738	MET	5, 256	1742	mit	mit	0.99
TYR	5, 253	1739	MET	5, 256	1742	mit	mit	0.93
SER	5, 255	1741	MET	5, 256	1742	mit	mit	1
LEU	5, 124	1610	TYR	5, 257	1743	mit	mit	0.9
PRO	5, 126	1612	TYR	5, 257	1743	mit	mit	0.98
PRO	5, 130	1616	TYR	5, 257	1743	mit	mit	0.99
LEU	5, 252	1738	TYR	5, 257	1743	mit	mit	0.94
TYR	5, 253	1739	TYR	5, 257	1743	mit	mit	1
MET	5, 254	1740	TYR	5, 257	1743	mit	mit	0.79
SER	5, 255	1741	TYR	5, 257	1743	mit	mit	0.6
MET	5, 256	1742	TYR	5, 257	1743	mit	mit	1
PRO	5, 126	1612	TRP	5, 258	1744	mit	mit	0.98
TYR	5, 253	1739	TRP	5, 258	1744	mit	mit	0.98
MET	5, 254	1740	TRP	5, 258	1744	mit	mit	0.99
SER	5, 255	1741	TRP	5, 258	1744	mit	mit	0.89
MET	5, 256	1742	TRP	5, 258	1744	mit	mit	0.64
TYR	5, 257	1743	TRP	5, 258	1744	mit	mit	1
MET	5, 254	1740	TRP	5, 259	1745	mit	mit	0.97
SER	5, 255	1741	TRP	5, 259	1745	mit	mit	0.99
MET	5, 256	1742	TRP	5, 259	1745	mit	mit	0.84
TRP	5, 258	1744	TRP	5, 259	1745	mit	mit	1
SER	5, 105	1591	GLY	5, 260	1746	mit	mit	0.93
TRP	5, 116	1602	GLY	5, 260	1746	mit	mit	0.94
PRO	5, 117	1603	GLY	5, 260	1746	mit	mit	0.94
PRO	5, 123	1609	GLY	5, 260	1746	mit	mit	0.88
SER	5, 255	1741	GLY	5, 260	1746	mit	mit	0.87
MET	5, 256	1742	GLY	5, 260	1746	mit	mit	0.97
TYR	5, 257	1743	GLY	5, 260	1746	mit	mit	0.93
TRP	5, 258	1744	GLY	5, 260	1746	mit	mit	1
TRP	5, 259	1745	GLY	5, 260	1746	mit	mit	1
PRO	5, 117	1603	SER	5, 261	1747	mit	mit	0.9
PRO	5, 123	1609	SER	5, 261	1747	mit	mit	0.98
LEU	5, 124	1610	SER	5, 261	1747	mit	mit	0.7
ASN	5, 125	1611	SER	5, 261	1747	mit	mit	0.54
PRO	5, 126	1612	SER	5, 261	1747	mit	mit	0.94
TYR	5, 257	1743	SER	5, 261	1747	mit	mit	0.91
TRP	5, 258	1744	SER	5, 261	1747	mit	mit	0.94
TRP	5, 259	1745	SER	5, 261	1747	mit	mit	0.9
GLY	5, 260	1746	SER	5, 261	1747	mit	mit	1
GLU	2, 507	1023	ALA	6, 2	1749	mit	mit	0.6
MET	6, 1	1748	ALA	6, 2	1749	mit	mit	1
GLU	2, 507	1023	HIS	6, 3	1750	mit	mit	0.59
MET	6, 1	1748	HIS	6, 3	1750	mit	mit	0.74
ALA	6, 2	1749	HIS	6, 3	1750	mit	mit	1
GLU	2, 507	1023	GLN	6, 4	1751	mit	mit	0.91
ALA	6, 2	1749	GLN	6, 4	1751	mit	mit	0.72
HIS	6, 3	1750	GLN	6, 4	1751	mit	mit	1
GLU	2, 507	1023	ALA	6, 5	1752	mit	mit	0.9
GLU	2, 508	1024	ALA	6, 5	1752	mit	mit	0.92
PRO	2, 509	1025	ALA	6, 5	1752	mit	mit	0.89
HIS	6, 3	1750	ALA	6, 5	1752	mit	mit	0.81
GLN	6, 4	1751	ALA	6, 5	1752	mit	mit	1
PRO	2, 91	607	HIS	6, 6	1753	mit	mit	0.93
PHE	2, 506	1022	HIS	6, 6	1753	mit	mit	0.77
GLU	2, 507	1023	HIS	6, 6	1753	mit	mit	0.78
GLU	2, 508	1024	HIS	6, 6	1753	mit	mit	0.8
PRO	2, 509	1025	HIS	6, 6	1753	mit	mit	0.94
GLN	6, 4	1751	HIS	6, 6	1753	mit	mit	0.97
ALA	6, 5	1752	HIS	6, 6	1753	mit	mit	1
HIS	6, 6	1753	SER	6, 7	1754	mit	mit	1
ALA	2, 90	606	TYR	6, 8	1755	mit	mit	0.69
PRO	2, 91	607	TYR	6, 8	1755	mit	mit	0.96
ASP	2, 92	608	TYR	6, 8	1755	mit	mit	0.82
MET	2, 172	688	TYR	6, 8	1755	mit	mit	0.91
HIS	6, 6	1753	TYR	6, 8	1755	mit	mit	0.98
SER	6, 7	1754	TYR	6, 8	1755	mit	mit	1
TYR	6, 8	1755	HIS	6, 9	1756	mit	mit	1
THR	2, 11	527	MET	6, 10	1757	mit	mit	0.64
PRO	2, 91	607	MET	6, 10	1757	mit	mit	0.91
ASP	2, 92	608	MET	6, 10	1757	mit	mit	0.94
PRO	2, 96	612	MET	6, 10	1757	mit	mit	0.69
GLN	6, 4	1751	MET	6, 10	1757	mit	mit	0.85
TYR	6, 8	1755	MET	6, 10	1757	mit	mit	0.97
HIS	6, 9	1756	MET	6, 10	1757	mit	mit	1
THR	2, 11	527	VAL	6, 11	1758	mit	mit	0.96
PRO	2, 96	612	VAL	6, 11	1758	mit	mit	0.97
ARG	2, 97	613	VAL	6, 11	1758	mit	mit	0.96
HIS	6, 9	1756	VAL	6, 11	1758	mit	mit	0.99
MET	6, 10	1757	VAL	6, 11	1758	mit	mit	1
THR	2, 11	527	ASP	6, 12	1759	mit	mit	0.9
MET	6, 10	1757	ASP	6, 12	1759	mit	mit	0.59
VAL	6, 11	1758	ASP	6, 12	1759	mit	mit	1
ASN	2, 5	521	PRO	6, 13	1760	mit	mit	0.97
PHE	2, 9	525	PRO	6, 13	1760	mit	mit	0.97
SER	2, 10	526	PRO	6, 13	1760	mit	mit	0.93
THR	2, 11	527	PRO	6, 13	1760	mit	mit	0.98
VAL	6, 11	1758	PRO	6, 13	1760	mit	mit	0.6
ASP	6, 12	1759	PRO	6, 13	1760	mit	mit	1
PHE	2, 9	525	SER	6, 14	1761	mit	mit	0.97
THR	2, 11	527	SER	6, 14	1761	mit	mit	0.9
ARG	2, 97	613	SER	6, 14	1761	mit	mit	0.98
ASN	2, 100	616	SER	6, 14	1761	mit	mit	0.75
VAL	6, 11	1758	SER	6, 14	1761	mit	mit	0.95
ASP	6, 12	1759	SER	6, 14	1761	mit	mit	0.98
PRO	6, 13	1760	SER	6, 14	1761	mit	mit	1
PHE	2, 9	525	PRO	6, 15	1762	mit	mit	0.97
SER	6, 14	1761	PRO	6, 15	1762	mit	mit	1
ARG	2, 97	613	TRP	6, 16	1763	mit	mit	0.91
SER	6, 14	1761	TRP	6, 16	1763	mit	mit	1
PRO	6, 15	1762	TRP	6, 16	1763	mit	mit	1
PHE	2, 9	525	PRO	6, 17	1764	mit	mit	0.75
ARG	2, 97	613	PRO	6, 17	1764	mit	mit	0.96
MET	2, 98	614	PRO	6, 17	1764	mit	mit	0.79
ASN	2, 100	616	PRO	6, 17	1764	mit	mit	0.99
MET	2, 101	617	PRO	6, 17	1764	mit	mit	0.99
TRP	2, 104	620	PRO	6, 17	1764	mit	mit	0.96
SER	6, 14	1761	PRO	6, 17	1764	mit	mit	0.98
PRO	6, 15	1762	PRO	6, 17	1764	mit	mit	0.97
TRP	6, 16	1763	PRO	6, 17	1764	mit	mit	1
LEU	2, 8	524	ILE	6, 18	1765	mit	mit	0.96
PHE	2, 9	525	ILE	6, 18	1765	mit	mit	0.93
ASN	2, 100	616	ILE	6, 18	1765	mit	mit	0.83
TRP	2, 104	620	ILE	6, 18	1765	mit	mit	0.98
PRO	6, 15	1762	ILE	6, 18	1765	mit	mit	0.99
TRP	6, 16	1763	ILE	6, 18	1765	mit	mit	0.78
PRO	6, 17	1764	ILE	6, 18	1765	mit	mit	1
PRO	6, 15	1762	PHE	6, 19	1766	mit	mit	0.99
TRP	6, 16	1763	PHE	6, 19	1766	mit	mit	1
PRO	6, 17	1764	PHE	6, 19	1766	mit	mit	0.98
ILE	6, 18	1765	PHE	6, 19	1766	mit	mit	1
MET	2, 101	617	GLY	6, 20	1767	mit	mit	0.96
TRP	2, 104	620	GLY	6, 20	1767	mit	mit	0.62
TRP	6, 16	1763	GLY	6, 20	1767	mit	mit	0.99
PRO	6, 17	1764	GLY	6, 20	1767	mit	mit	1
ILE	6, 18	1765	GLY	6, 20	1767	mit	mit	1
PHE	6, 19	1766	GLY	6, 20	1767	mit	mit	1
MET	2, 101	617	ALA	6, 21	1768	mit	mit	0.97
TRP	2, 104	620	ALA	6, 21	1768	mit	mit	0.99
LEU	2, 105	621	ALA	6, 21	1768	mit	mit	0.98
PRO	2, 107	623	ALA	6, 21	1768	mit	mit	0.63
PRO	2, 108	624	ALA	6, 21	1768	mit	mit	0.97
PRO	6, 17	1764	ALA	6, 21	1768	mit	mit	0.99
ILE	6, 18	1765	ALA	6, 21	1768	mit	mit	1
PHE	6, 19	1766	ALA	6, 21	1768	mit	mit	0.99
GLY	6, 20	1767	ALA	6, 21	1768	mit	mit	1
PRO	2, 108	624	ALA	6, 22	1769	mit	mit	0.92
ILE	6, 18	1765	ALA	6, 22	1769	mit	mit	0.99
PHE	6, 19	1766	ALA	6, 22	1769	mit	mit	1
GLY	6, 20	1767	ALA	6, 22	1769	mit	mit	1
ALA	6, 21	1768	ALA	6, 22	1769	mit	mit	1
PHE	6, 19	1766	ALA	6, 23	1770	mit	mit	1
GLY	6, 20	1767	ALA	6, 23	1770	mit	mit	1
ALA	6, 21	1768	ALA	6, 23	1770	mit	mit	1
ALA	6, 22	1769	ALA	6, 23	1770	mit	mit	1
LEU	2, 105	621	ALA	6, 24	1771	mit	mit	0.97
PRO	2, 108	624	ALA	6, 24	1771	mit	mit	0.95
LEU	2, 153	669	ALA	6, 24	1771	mit	mit	0.99
VAL	2, 156	672	ALA	6, 24	1771	mit	mit	0.82
GLY	6, 20	1767	ALA	6, 24	1771	mit	mit	1
ALA	6, 21	1768	ALA	6, 24	1771	mit	mit	1
ALA	6, 22	1769	ALA	6, 24	1771	mit	mit	1
ALA	6, 23	1770	ALA	6, 24	1771	mit	mit	1
PRO	2, 108	624	LEU	6, 25	1772	mit	mit	0.99
LEU	2, 111	627	LEU	6, 25	1772	mit	mit	0.82
LEU	2, 112	628	LEU	6, 25	1772	mit	mit	0.81
LEU	2, 153	669	LEU	6, 25	1772	mit	mit	0.77
ALA	6, 21	1768	LEU	6, 25	1772	mit	mit	0.99
ALA	6, 22	1769	LEU	6, 25	1772	mit	mit	1
ALA	6, 23	1770	LEU	6, 25	1772	mit	mit	1
ALA	6, 24	1771	LEU	6, 25	1772	mit	mit	1
ALA	6, 22	1769	LEU	6, 26	1773	mit	mit	0.99
ALA	6, 23	1770	LEU	6, 26	1773	mit	mit	1
ALA	6, 24	1771	LEU	6, 26	1773	mit	mit	0.99
LEU	6, 25	1772	LEU	6, 26	1773	mit	mit	1
ALA	6, 23	1770	THR	6, 27	1774	mit	mit	0.99
ALA	6, 24	1771	THR	6, 27	1774	mit	mit	1
LEU	6, 25	1772	THR	6, 27	1774	mit	mit	0.98
LEU	6, 26	1773	THR	6, 27	1774	mit	mit	1
LEU	2, 112	628	THR	6, 28	1775	mit	mit	0.93
PHE	2, 149	665	THR	6, 28	1775	mit	mit	0.99
HIS	2, 152	668	THR	6, 28	1775	mit	mit	0.92
LEU	2, 153	669	THR	6, 28	1775	mit	mit	0.97
ALA	6, 24	1771	THR	6, 28	1775	mit	mit	1
LEU	6, 25	1772	THR	6, 28	1775	mit	mit	1
LEU	6, 26	1773	THR	6, 28	1775	mit	mit	0.95
THR	6, 27	1774	THR	6, 28	1775	mit	mit	1
LEU	2, 112	628	SER	6, 29	1776	mit	mit	0.86
PHE	2, 149	665	SER	6, 29	1776	mit	mit	0.65
LEU	6, 25	1772	SER	6, 29	1776	mit	mit	1
LEU	6, 26	1773	SER	6, 29	1776	mit	mit	1
THR	6, 27	1774	SER	6, 29	1776	mit	mit	0.97
THR	6, 28	1775	SER	6, 29	1776	mit	mit	1
LEU	6, 26	1773	GLY	6, 30	1777	mit	mit	0.99
THR	6, 27	1774	GLY	6, 30	1777	mit	mit	1
THR	6, 28	1775	GLY	6, 30	1777	mit	mit	1
SER	6, 29	1776	GLY	6, 30	1777	mit	mit	1
PHE	2, 149	665	LEU	6, 31	1778	mit	mit	0.89
THR	6, 27	1774	LEU	6, 31	1778	mit	mit	0.99
THR	6, 28	1775	LEU	6, 31	1778	mit	mit	1
SER	6, 29	1776	LEU	6, 31	1778	mit	mit	0.99
GLY	6, 30	1777	LEU	6, 31	1778	mit	mit	1
ALA	2, 142	658	ILE	6, 32	1779	mit	mit	0.97
ASP	2, 145	661	ILE	6, 32	1779	mit	mit	0.98
LEU	2, 146	662	ILE	6, 32	1779	mit	mit	0.97
PHE	2, 149	665	ILE	6, 32	1779	mit	mit	0.95
THR	6, 28	1775	ILE	6, 32	1779	mit	mit	0.98
SER	6, 29	1776	ILE	6, 32	1779	mit	mit	1
GLY	6, 30	1777	ILE	6, 32	1779	mit	mit	1
LEU	6, 31	1778	ILE	6, 32	1779	mit	mit	1
SER	6, 29	1776	MET	6, 33	1780	mit	mit	0.99
GLY	6, 30	1777	MET	6, 33	1780	mit	mit	1
LEU	6, 31	1778	MET	6, 33	1780	mit	mit	0.99
ILE	6, 32	1779	MET	6, 33	1780	mit	mit	1
GLY	6, 30	1777	TRP	6, 34	1781	mit	mit	1
LEU	6, 31	1778	TRP	6, 34	1781	mit	mit	1
ILE	6, 32	1779	TRP	6, 34	1781	mit	mit	0.99
MET	6, 33	1780	TRP	6, 34	1781	mit	mit	1
ALA	2, 142	658	PHE	6, 35	1782	mit	mit	0.66
ASP	2, 145	661	PHE	6, 35	1782	mit	mit	0.93
ASN	2, 215	731	PHE	6, 35	1782	mit	mit	0.99
LEU	6, 31	1778	PHE	6, 35	1782	mit	mit	0.99
ILE	6, 32	1779	PHE	6, 35	1782	mit	mit	1
MET	6, 33	1780	PHE	6, 35	1782	mit	mit	0.93
TRP	6, 34	1781	PHE	6, 35	1782	mit	mit	1
GLY	2, 141	657	HIS	6, 36	1783	mit	mit	0.94
ALA	2, 142	658	HIS	6, 36	1783	mit	mit	0.98
ASP	2, 145	661	HIS	6, 36	1783	mit	mit	0.82
ILE	6, 32	1779	HIS	6, 36	1783	mit	mit	0.99
MET	6, 33	1780	HIS	6, 36	1783	mit	mit	0.98
TRP	6, 34	1781	HIS	6, 36	1783	mit	mit	0.54
PHE	6, 35	1782	HIS	6, 36	1783	mit	mit	1
MET	6, 33	1780	TYR	6, 37	1784	mit	mit	0.99
TRP	6, 34	1781	TYR	6, 37	1784	mit	mit	0.71
HIS	6, 36	1783	TYR	6, 37	1784	mit	mit	1
TRP	6, 34	1781	SER	6, 38	1785	mit	mit	0.86
TYR	6, 37	1784	SER	6, 38	1785	mit	mit	1
GLY	6, 30	1777	SER	6, 39	1786	mit	mit	0.53
MET	6, 33	1780	SER	6, 39	1786	mit	mit	0.98
TRP	6, 34	1781	SER	6, 39	1786	mit	mit	0.97
TYR	6, 37	1784	SER	6, 39	1786	mit	mit	0.99
SER	6, 38	1785	SER	6, 39	1786	mit	mit	1
GLY	6, 30	1777	THR	6, 40	1787	mit	mit	0.51
MET	6, 33	1780	THR	6, 40	1787	mit	mit	0.64
TRP	6, 34	1781	THR	6, 40	1787	mit	mit	0.98
SER	6, 39	1786	THR	6, 40	1787	mit	mit	1
MET	6, 33	1780	THR	6, 41	1788	mit	mit	0.59
SER	6, 39	1786	THR	6, 41	1788	mit	mit	0.99
THR	6, 40	1787	THR	6, 41	1788	mit	mit	1
LEU	6, 26	1773	LEU	6, 42	1789	mit	mit	0.99
SER	6, 29	1776	LEU	6, 42	1789	mit	mit	0.98
GLY	6, 30	1777	LEU	6, 42	1789	mit	mit	1
MET	6, 33	1780	LEU	6, 42	1789	mit	mit	0.99
TRP	6, 34	1781	LEU	6, 42	1789	mit	mit	0.57
SER	6, 39	1786	LEU	6, 42	1789	mit	mit	0.95
THR	6, 40	1787	LEU	6, 42	1789	mit	mit	0.88
THR	6, 41	1788	LEU	6, 42	1789	mit	mit	1
THR	6, 27	1774	LEU	6, 43	1790	mit	mit	0.97
GLY	6, 30	1777	LEU	6, 43	1790	mit	mit	1
LEU	6, 31	1778	LEU	6, 43	1790	mit	mit	0.99
MET	6, 33	1780	LEU	6, 43	1790	mit	mit	0.91
TRP	6, 34	1781	LEU	6, 43	1790	mit	mit	0.98
THR	6, 40	1787	LEU	6, 43	1790	mit	mit	0.99
THR	6, 41	1788	LEU	6, 43	1790	mit	mit	0.98
LEU	6, 42	1789	LEU	6, 43	1790	mit	mit	1
THR	6, 40	1787	THR	6, 44	1791	mit	mit	0.98
THR	6, 41	1788	THR	6, 44	1791	mit	mit	0.99
LEU	6, 42	1789	THR	6, 44	1791	mit	mit	0.98
LEU	6, 43	1790	THR	6, 44	1791	mit	mit	1
LEU	6, 26	1773	MET	6, 45	1792	mit	mit	0.98
THR	6, 41	1788	MET	6, 45	1792	mit	mit	0.98
LEU	6, 42	1789	MET	6, 45	1792	mit	mit	1
LEU	6, 43	1790	MET	6, 45	1792	mit	mit	0.99
THR	6, 44	1791	MET	6, 45	1792	mit	mit	1
ALA	6, 23	1770	GLY	6, 46	1793	mit	mit	0.99
LEU	6, 26	1773	GLY	6, 46	1793	mit	mit	1
THR	6, 27	1774	GLY	6, 46	1793	mit	mit	0.99
GLY	6, 30	1777	GLY	6, 46	1793	mit	mit	0.94
LEU	6, 42	1789	GLY	6, 46	1793	mit	mit	0.98
LEU	6, 43	1790	GLY	6, 46	1793	mit	mit	1
THR	6, 44	1791	GLY	6, 46	1793	mit	mit	1
MET	6, 45	1792	GLY	6, 46	1793	mit	mit	1
THR	6, 27	1774	LEU	6, 47	1794	mit	mit	0.99
LEU	6, 43	1790	LEU	6, 47	1794	mit	mit	0.99
THR	6, 44	1791	LEU	6, 47	1794	mit	mit	1
MET	6, 45	1792	LEU	6, 47	1794	mit	mit	0.96
GLY	6, 46	1793	LEU	6, 47	1794	mit	mit	1
THR	6, 44	1791	LEU	6, 48	1795	mit	mit	0.99
MET	6, 45	1792	LEU	6, 48	1795	mit	mit	1
GLY	6, 46	1793	LEU	6, 48	1795	mit	mit	1
LEU	6, 47	1794	LEU	6, 48	1795	mit	mit	1
PHE	6, 19	1766	SER	6, 49	1796	mit	mit	0.92
GLY	6, 20	1767	SER	6, 49	1796	mit	mit	0.83
ALA	6, 22	1769	SER	6, 49	1796	mit	mit	0.89
ALA	6, 23	1770	SER	6, 49	1796	mit	mit	1
LEU	6, 26	1773	SER	6, 49	1796	mit	mit	0.98
MET	6, 45	1792	SER	6, 49	1796	mit	mit	0.99
GLY	6, 46	1793	SER	6, 49	1796	mit	mit	1
LEU	6, 47	1794	SER	6, 49	1796	mit	mit	0.98
LEU	6, 48	1795	SER	6, 49	1796	mit	mit	1
GLY	6, 20	1767	MET	6, 50	1797	mit	mit	0.94
ALA	6, 23	1770	MET	6, 50	1797	mit	mit	1
ALA	6, 24	1771	MET	6, 50	1797	mit	mit	0.87
THR	6, 27	1774	MET	6, 50	1797	mit	mit	0.99
GLY	6, 46	1793	MET	6, 50	1797	mit	mit	1
LEU	6, 47	1794	MET	6, 50	1797	mit	mit	1
LEU	6, 48	1795	MET	6, 50	1797	mit	mit	0.99
SER	6, 49	1796	MET	6, 50	1797	mit	mit	1
LEU	6, 47	1794	LEU	6, 51	1798	mit	mit	0.99
LEU	6, 48	1795	LEU	6, 51	1798	mit	mit	1
SER	6, 49	1796	LEU	6, 51	1798	mit	mit	0.99
MET	6, 50	1797	LEU	6, 51	1798	mit	mit	1
LEU	6, 48	1795	LEU	6, 52	1799	mit	mit	0.99
SER	6, 49	1796	LEU	6, 52	1799	mit	mit	1
MET	6, 50	1797	LEU	6, 52	1799	mit	mit	0.99
LEU	6, 51	1798	LEU	6, 52	1799	mit	mit	1
TRP	6, 16	1763	VAL	6, 53	1800	mit	mit	0.99
PHE	6, 19	1766	VAL	6, 53	1800	mit	mit	0.99
GLY	6, 20	1767	VAL	6, 53	1800	mit	mit	1
ALA	6, 23	1770	VAL	6, 53	1800	mit	mit	0.99
SER	6, 49	1796	VAL	6, 53	1800	mit	mit	1
MET	6, 50	1797	VAL	6, 53	1800	mit	mit	1
LEU	6, 51	1798	VAL	6, 53	1800	mit	mit	0.98
LEU	6, 52	1799	VAL	6, 53	1800	mit	mit	1
MET	6, 50	1797	MET	6, 54	1801	mit	mit	1
LEU	6, 51	1798	MET	6, 54	1801	mit	mit	1
LEU	6, 52	1799	MET	6, 54	1801	mit	mit	0.99
VAL	6, 53	1800	MET	6, 54	1801	mit	mit	1
LEU	6, 51	1798	LEU	6, 55	1802	mit	mit	1
LEU	6, 52	1799	LEU	6, 55	1802	mit	mit	1
VAL	6, 53	1800	LEU	6, 55	1802	mit	mit	0.99
MET	6, 54	1801	LEU	6, 55	1802	mit	mit	1
TRP	6, 16	1763	GLN	6, 56	1803	mit	mit	0.99
LEU	6, 52	1799	GLN	6, 56	1803	mit	mit	0.99
VAL	6, 53	1800	GLN	6, 56	1803	mit	mit	1
MET	6, 54	1801	GLN	6, 56	1803	mit	mit	0.93
LEU	6, 55	1802	GLN	6, 56	1803	mit	mit	1
ARG	2, 97	613	TRP	6, 57	1804	mit	mit	0.65
TRP	6, 16	1763	TRP	6, 57	1804	mit	mit	1
VAL	6, 53	1800	TRP	6, 57	1804	mit	mit	0.99
MET	6, 54	1801	TRP	6, 57	1804	mit	mit	1
LEU	6, 55	1802	TRP	6, 57	1804	mit	mit	0.98
GLN	6, 56	1803	TRP	6, 57	1804	mit	mit	1
MET	6, 54	1801	TRP	6, 58	1805	mit	mit	1
LEU	6, 55	1802	TRP	6, 58	1805	mit	mit	1
GLN	6, 56	1803	TRP	6, 58	1805	mit	mit	0.87
TRP	6, 57	1804	TRP	6, 58	1805	mit	mit	1
LEU	6, 55	1802	ARG	6, 59	1806	mit	mit	0.99
GLN	6, 56	1803	ARG	6, 59	1806	mit	mit	1
TRP	6, 57	1804	ARG	6, 59	1806	mit	mit	0.99
TRP	6, 58	1805	ARG	6, 59	1806	mit	mit	1
SER	6, 14	1761	ASP	6, 60	1807	mit	mit	0.89
TRP	6, 16	1763	ASP	6, 60	1807	mit	mit	0.9
GLN	6, 56	1803	ASP	6, 60	1807	mit	mit	0.99
TRP	6, 57	1804	ASP	6, 60	1807	mit	mit	1
TRP	6, 58	1805	ASP	6, 60	1807	mit	mit	0.99
ARG	6, 59	1806	ASP	6, 60	1807	mit	mit	1
TRP	6, 57	1804	VAL	6, 61	1808	mit	mit	0.99
TRP	6, 58	1805	VAL	6, 61	1808	mit	mit	1
ARG	6, 59	1806	VAL	6, 61	1808	mit	mit	0.99
ASP	6, 60	1807	VAL	6, 61	1808	mit	mit	1
TRP	6, 58	1805	VAL	6, 62	1809	mit	mit	0.99
ARG	6, 59	1806	VAL	6, 62	1809	mit	mit	1
ASP	6, 60	1807	VAL	6, 62	1809	mit	mit	0.99
VAL	6, 61	1808	VAL	6, 62	1809	mit	mit	1
ARG	6, 59	1806	ARG	6, 63	1810	mit	mit	0.99
ASP	6, 60	1807	ARG	6, 63	1810	mit	mit	1
VAL	6, 61	1808	ARG	6, 63	1810	mit	mit	0.99
VAL	6, 62	1809	ARG	6, 63	1810	mit	mit	1
HIS	6, 9	1756	GLU	6, 64	1811	mit	mit	0.86
VAL	6, 11	1758	GLU	6, 64	1811	mit	mit	0.76
ASP	6, 60	1807	GLU	6, 64	1811	mit	mit	0.99
VAL	6, 61	1808	GLU	6, 64	1811	mit	mit	1
VAL	6, 62	1809	GLU	6, 64	1811	mit	mit	0.98
ARG	6, 63	1810	GLU	6, 64	1811	mit	mit	1
VAL	6, 61	1808	SER	6, 65	1812	mit	mit	0.99
VAL	6, 62	1809	SER	6, 65	1812	mit	mit	1
ARG	6, 63	1810	SER	6, 65	1812	mit	mit	0.92
GLU	6, 64	1811	SER	6, 65	1812	mit	mit	1
VAL	6, 62	1809	THR	6, 66	1813	mit	mit	0.99
ARG	6, 63	1810	THR	6, 66	1813	mit	mit	0.93
SER	6, 65	1812	THR	6, 66	1813	mit	mit	1
VAL	6, 62	1809	PHE	6, 67	1814	mit	mit	0.86
ARG	6, 63	1810	PHE	6, 67	1814	mit	mit	0.99
GLU	6, 64	1811	PHE	6, 67	1814	mit	mit	0.86
SER	6, 65	1812	PHE	6, 67	1814	mit	mit	0.83
THR	6, 66	1813	PHE	6, 67	1814	mit	mit	1
ARG	6, 63	1810	GLN	6, 68	1815	mit	mit	0.98
GLU	6, 64	1811	GLN	6, 68	1815	mit	mit	0.99
SER	6, 65	1812	GLN	6, 68	1815	mit	mit	0.88
PHE	6, 67	1814	GLN	6, 68	1815	mit	mit	1
GLU	6, 64	1811	GLY	6, 69	1816	mit	mit	0.95
SER	6, 65	1812	GLY	6, 69	1816	mit	mit	0.98
THR	6, 66	1813	GLY	6, 69	1816	mit	mit	0.94
PHE	6, 67	1814	GLY	6, 69	1816	mit	mit	0.98
GLN	6, 68	1815	GLY	6, 69	1816	mit	mit	1
HIS	6, 9	1756	HIS	6, 70	1817	mit	mit	0.98
GLU	6, 64	1811	HIS	6, 70	1817	mit	mit	0.99
SER	6, 65	1812	HIS	6, 70	1817	mit	mit	0.96
GLN	6, 68	1815	HIS	6, 70	1817	mit	mit	1
GLY	6, 69	1816	HIS	6, 70	1817	mit	mit	1
HIS	6, 9	1756	HIS	6, 71	1818	mit	mit	0.86
GLU	6, 64	1811	HIS	6, 71	1818	mit	mit	0.88
SER	6, 65	1812	HIS	6, 71	1818	mit	mit	0.99
GLY	6, 69	1816	HIS	6, 71	1818	mit	mit	1
HIS	6, 70	1817	HIS	6, 71	1818	mit	mit	1
SER	6, 7	1754	THR	6, 72	1819	mit	mit	0.99
TYR	6, 8	1755	THR	6, 72	1819	mit	mit	0.71
HIS	6, 9	1756	THR	6, 72	1819	mit	mit	0.73
HIS	6, 70	1817	THR	6, 72	1819	mit	mit	0.95
HIS	6, 71	1818	THR	6, 72	1819	mit	mit	1
SER	6, 7	1754	PRO	6, 73	1820	mit	mit	0.75
THR	6, 72	1819	PRO	6, 73	1820	mit	mit	1
ASN	2, 171	687	THR	6, 74	1821	mit	mit	0.86
SER	6, 7	1754	THR	6, 74	1821	mit	mit	0.99
TYR	6, 8	1755	THR	6, 74	1821	mit	mit	0.96
THR	6, 72	1819	THR	6, 74	1821	mit	mit	1
PRO	6, 73	1820	THR	6, 74	1821	mit	mit	1
SER	6, 7	1754	VAL	6, 75	1822	mit	mit	0.87
TYR	6, 8	1755	VAL	6, 75	1822	mit	mit	0.97
HIS	6, 9	1756	VAL	6, 75	1822	mit	mit	0.99
HIS	6, 70	1817	VAL	6, 75	1822	mit	mit	0.92
HIS	6, 71	1818	VAL	6, 75	1822	mit	mit	1
THR	6, 72	1819	VAL	6, 75	1822	mit	mit	1
PRO	6, 73	1820	VAL	6, 75	1822	mit	mit	0.98
THR	6, 74	1821	VAL	6, 75	1822	mit	mit	1
HIS	6, 71	1818	GLN	6, 76	1823	mit	mit	0.99
THR	6, 72	1819	GLN	6, 76	1823	mit	mit	0.98
PRO	6, 73	1820	GLN	6, 76	1823	mit	mit	1
THR	6, 74	1821	GLN	6, 76	1823	mit	mit	0.99
VAL	6, 75	1822	GLN	6, 76	1823	mit	mit	1
ASN	2, 171	687	LYS	6, 77	1824	mit	mit	0.96
PRO	6, 73	1820	LYS	6, 77	1824	mit	mit	0.99
THR	6, 74	1821	LYS	6, 77	1824	mit	mit	1
VAL	6, 75	1822	LYS	6, 77	1824	mit	mit	0.99
GLN	6, 76	1823	LYS	6, 77	1824	mit	mit	1
ALA	2, 94	610	GLY	6, 78	1825	mit	mit	0.96
THR	2, 167	683	GLY	6, 78	1825	mit	mit	0.97
ASN	2, 171	687	GLY	6, 78	1825	mit	mit	0.97
THR	6, 74	1821	GLY	6, 78	1825	mit	mit	0.95
VAL	6, 75	1822	GLY	6, 78	1825	mit	mit	1
GLN	6, 76	1823	GLY	6, 78	1825	mit	mit	1
LYS	6, 77	1824	GLY	6, 78	1825	mit	mit	1
HIS	6, 71	1818	LEU	6, 79	1826	mit	mit	0.78
VAL	6, 75	1822	LEU	6, 79	1826	mit	mit	1
GLN	6, 76	1823	LEU	6, 79	1826	mit	mit	1
LYS	6, 77	1824	LEU	6, 79	1826	mit	mit	0.99
GLY	6, 78	1825	LEU	6, 79	1826	mit	mit	1
GLN	6, 76	1823	ARG	6, 80	1827	mit	mit	1
LYS	6, 77	1824	ARG	6, 80	1827	mit	mit	1
GLY	6, 78	1825	ARG	6, 80	1827	mit	mit	1
LEU	6, 79	1826	ARG	6, 80	1827	mit	mit	1
ILE	2, 166	682	TYR	6, 81	1828	mit	mit	0.86
THR	2, 167	683	TYR	6, 81	1828	mit	mit	0.98
ILE	2, 170	686	TYR	6, 81	1828	mit	mit	0.96
ASN	2, 171	687	TYR	6, 81	1828	mit	mit	0.96
LYS	6, 77	1824	TYR	6, 81	1828	mit	mit	0.99
GLY	6, 78	1825	TYR	6, 81	1828	mit	mit	1
LEU	6, 79	1826	TYR	6, 81	1828	mit	mit	0.99
ARG	6, 80	1827	TYR	6, 81	1828	mit	mit	1
ALA	2, 94	610	GLY	6, 82	1829	mit	mit	0.54
PHE	2, 95	611	GLY	6, 82	1829	mit	mit	0.61
ILE	2, 163	679	GLY	6, 82	1829	mit	mit	0.98
THR	2, 167	683	GLY	6, 82	1829	mit	mit	0.98
GLY	6, 78	1825	GLY	6, 82	1829	mit	mit	1
LEU	6, 79	1826	GLY	6, 82	1829	mit	mit	1
ARG	6, 80	1827	GLY	6, 82	1829	mit	mit	1
TYR	6, 81	1828	GLY	6, 82	1829	mit	mit	1
LEU	6, 79	1826	MET	6, 83	1830	mit	mit	0.99
ARG	6, 80	1827	MET	6, 83	1830	mit	mit	1
TYR	6, 81	1828	MET	6, 83	1830	mit	mit	0.98
GLY	6, 82	1829	MET	6, 83	1830	mit	mit	1
ARG	6, 80	1827	ILE	6, 84	1831	mit	mit	0.99
TYR	6, 81	1828	ILE	6, 84	1831	mit	mit	1
GLY	6, 82	1829	ILE	6, 84	1831	mit	mit	1
MET	6, 83	1830	ILE	6, 84	1831	mit	mit	1
ALA	2, 162	678	LEU	6, 85	1832	mit	mit	0.61
ILE	2, 163	679	LEU	6, 85	1832	mit	mit	0.98
ILE	2, 166	682	LEU	6, 85	1832	mit	mit	0.97
THR	2, 167	683	LEU	6, 85	1832	mit	mit	0.93
LEU	2, 197	713	LEU	6, 85	1832	mit	mit	0.96
TYR	6, 81	1828	LEU	6, 85	1832	mit	mit	1
GLY	6, 82	1829	LEU	6, 85	1832	mit	mit	1
MET	6, 83	1830	LEU	6, 85	1832	mit	mit	0.99
ILE	6, 84	1831	LEU	6, 85	1832	mit	mit	1
ILE	2, 163	679	PHE	6, 86	1833	mit	mit	0.97
GLY	6, 82	1829	PHE	6, 86	1833	mit	mit	1
MET	6, 83	1830	PHE	6, 86	1833	mit	mit	1
ILE	6, 84	1831	PHE	6, 86	1833	mit	mit	1
LEU	6, 85	1832	PHE	6, 86	1833	mit	mit	1
MET	6, 83	1830	ILE	6, 87	1834	mit	mit	1
ILE	6, 84	1831	ILE	6, 87	1834	mit	mit	1
LEU	6, 85	1832	ILE	6, 87	1834	mit	mit	0.99
PHE	6, 86	1833	ILE	6, 87	1834	mit	mit	1
LEU	2, 197	713	THR	6, 88	1835	mit	mit	0.94
LEU	2, 198	714	THR	6, 88	1835	mit	mit	0.7
ILE	6, 84	1831	THR	6, 88	1835	mit	mit	0.99
LEU	6, 85	1832	THR	6, 88	1835	mit	mit	1
PHE	6, 86	1833	THR	6, 88	1835	mit	mit	0.99
ILE	6, 87	1834	THR	6, 88	1835	mit	mit	1
ILE	2, 159	675	SER	6, 89	1836	mit	mit	0.99
ILE	2, 163	679	SER	6, 89	1836	mit	mit	0.79
LEU	2, 197	713	SER	6, 89	1836	mit	mit	0.98
LEU	2, 198	714	SER	6, 89	1836	mit	mit	0.57
LEU	2, 200	716	SER	6, 89	1836	mit	mit	0.55
PRO	2, 201	717	SER	6, 89	1836	mit	mit	0.98
LEU	6, 85	1832	SER	6, 89	1836	mit	mit	0.99
PHE	6, 86	1833	SER	6, 89	1836	mit	mit	1
ILE	6, 87	1834	SER	6, 89	1836	mit	mit	0.99
THR	6, 88	1835	SER	6, 89	1836	mit	mit	1
PRO	2, 201	717	GLU	6, 90	1837	mit	mit	0.89
PHE	6, 86	1833	GLU	6, 90	1837	mit	mit	1
ILE	6, 87	1834	GLU	6, 90	1837	mit	mit	1
THR	6, 88	1835	GLU	6, 90	1837	mit	mit	0.99
SER	6, 89	1836	GLU	6, 90	1837	mit	mit	1
ILE	6, 87	1834	ALA	6, 91	1838	mit	mit	1
THR	6, 88	1835	ALA	6, 91	1838	mit	mit	1
SER	6, 89	1836	ALA	6, 91	1838	mit	mit	1
GLU	6, 90	1837	ALA	6, 91	1838	mit	mit	1
LEU	2, 198	714	PHE	6, 92	1839	mit	mit	0.98
PRO	2, 201	717	PHE	6, 92	1839	mit	mit	0.99
VAL	2, 202	718	PHE	6, 92	1839	mit	mit	0.97
THR	6, 88	1835	PHE	6, 92	1839	mit	mit	0.99
SER	6, 89	1836	PHE	6, 92	1839	mit	mit	1
GLU	6, 90	1837	PHE	6, 92	1839	mit	mit	0.99
ALA	6, 91	1838	PHE	6, 92	1839	mit	mit	1
PRO	2, 201	717	PHE	6, 93	1840	mit	mit	0.99
VAL	2, 202	718	PHE	6, 93	1840	mit	mit	0.83
ALA	2, 204	720	PHE	6, 93	1840	mit	mit	0.97
ALA	2, 205	721	PHE	6, 93	1840	mit	mit	0.99
SER	6, 89	1836	PHE	6, 93	1840	mit	mit	0.99
GLU	6, 90	1837	PHE	6, 93	1840	mit	mit	1
ALA	6, 91	1838	PHE	6, 93	1840	mit	mit	1
PHE	6, 92	1839	PHE	6, 93	1840	mit	mit	1
ALA	2, 205	721	PHE	6, 94	1841	mit	mit	0.53
GLU	6, 90	1837	PHE	6, 94	1841	mit	mit	0.99
ALA	6, 91	1838	PHE	6, 94	1841	mit	mit	1
PHE	6, 92	1839	PHE	6, 94	1841	mit	mit	0.99
PHE	6, 93	1840	PHE	6, 94	1841	mit	mit	1
PRO	2, 201	717	LEU	6, 95	1842	mit	mit	0.54
VAL	2, 202	718	LEU	6, 95	1842	mit	mit	0.94
ALA	2, 205	721	LEU	6, 95	1842	mit	mit	0.69
ALA	6, 91	1838	LEU	6, 95	1842	mit	mit	0.99
PHE	6, 92	1839	LEU	6, 95	1842	mit	mit	1
PHE	6, 93	1840	LEU	6, 95	1842	mit	mit	1
PHE	6, 94	1841	LEU	6, 95	1842	mit	mit	1
VAL	2, 202	718	GLY	6, 96	1843	mit	mit	0.99
ALA	2, 205	721	GLY	6, 96	1843	mit	mit	0.99
GLY	2, 206	722	GLY	6, 96	1843	mit	mit	0.93
LEU	2, 235	751	GLY	6, 96	1843	mit	mit	0.97
PHE	6, 92	1839	GLY	6, 96	1843	mit	mit	0.94
PHE	6, 93	1840	GLY	6, 96	1843	mit	mit	0.99
PHE	6, 94	1841	GLY	6, 96	1843	mit	mit	1
LEU	6, 95	1842	GLY	6, 96	1843	mit	mit	1
ALA	2, 205	721	PHE	6, 97	1844	mit	mit	0.98
PHE	6, 93	1840	PHE	6, 97	1844	mit	mit	0.75
PHE	6, 94	1841	PHE	6, 97	1844	mit	mit	1
LEU	6, 95	1842	PHE	6, 97	1844	mit	mit	0.98
GLY	6, 96	1843	PHE	6, 97	1844	mit	mit	1
PHE	6, 94	1841	PHE	6, 98	1845	mit	mit	1
LEU	6, 95	1842	PHE	6, 98	1845	mit	mit	1
GLY	6, 96	1843	PHE	6, 98	1845	mit	mit	1
PHE	6, 97	1844	PHE	6, 98	1845	mit	mit	1
HIS	2, 234	750	TRP	6, 99	1846	mit	mit	0.82
LEU	2, 235	751	TRP	6, 99	1846	mit	mit	0.94
LEU	6, 95	1842	TRP	6, 99	1846	mit	mit	1
GLY	6, 96	1843	TRP	6, 99	1846	mit	mit	1
PHE	6, 97	1844	TRP	6, 99	1846	mit	mit	1
PHE	6, 98	1845	TRP	6, 99	1846	mit	mit	1
ALA	2, 205	721	ALA	6, 100	1847	mit	mit	0.64
MET	2, 209	725	ALA	6, 100	1847	mit	mit	0.97
PHE	2, 220	736	ALA	6, 100	1847	mit	mit	0.97
LEU	2, 231	747	ALA	6, 100	1847	mit	mit	0.98
LEU	2, 235	751	ALA	6, 100	1847	mit	mit	0.78
GLY	6, 96	1843	ALA	6, 100	1847	mit	mit	1
PHE	6, 97	1844	ALA	6, 100	1847	mit	mit	1
PHE	6, 98	1845	ALA	6, 100	1847	mit	mit	1
TRP	6, 99	1846	ALA	6, 100	1847	mit	mit	1
PHE	6, 97	1844	PHE	6, 101	1848	mit	mit	0.99
PHE	6, 98	1845	PHE	6, 101	1848	mit	mit	1
TRP	6, 99	1846	PHE	6, 101	1848	mit	mit	0.99
ALA	6, 100	1847	PHE	6, 101	1848	mit	mit	1
PHE	6, 98	1845	PHE	6, 102	1849	mit	mit	1
TRP	6, 99	1846	PHE	6, 102	1849	mit	mit	1
ALA	6, 100	1847	PHE	6, 102	1849	mit	mit	0.92
PHE	6, 101	1848	PHE	6, 102	1849	mit	mit	1
ASP	2, 228	744	HIS	6, 103	1850	mit	mit	0.93
LEU	2, 231	747	HIS	6, 103	1850	mit	mit	0.98
HIS	2, 234	750	HIS	6, 103	1850	mit	mit	0.8
TRP	6, 99	1846	HIS	6, 103	1850	mit	mit	1
ALA	6, 100	1847	HIS	6, 103	1850	mit	mit	1
PHE	6, 101	1848	HIS	6, 103	1850	mit	mit	0.99
PHE	6, 102	1849	HIS	6, 103	1850	mit	mit	1
GLY	2, 226	742	SER	6, 104	1851	mit	mit	0.88
GLY	2, 227	743	SER	6, 104	1851	mit	mit	0.97
ASP	2, 228	744	SER	6, 104	1851	mit	mit	0.9
LEU	2, 231	747	SER	6, 104	1851	mit	mit	0.78
ALA	6, 100	1847	SER	6, 104	1851	mit	mit	0.99
PHE	6, 101	1848	SER	6, 104	1851	mit	mit	1
PHE	6, 102	1849	SER	6, 104	1851	mit	mit	0.96
HIS	6, 103	1850	SER	6, 104	1851	mit	mit	1
PHE	6, 101	1848	SER	6, 105	1852	mit	mit	0.99
PHE	6, 102	1849	SER	6, 105	1852	mit	mit	1
HIS	6, 103	1850	SER	6, 105	1852	mit	mit	0.92
SER	6, 104	1851	SER	6, 105	1852	mit	mit	1
PHE	6, 102	1849	LEU	6, 106	1853	mit	mit	0.99
HIS	6, 103	1850	LEU	6, 106	1853	mit	mit	0.99
SER	6, 104	1851	LEU	6, 106	1853	mit	mit	0.84
SER	6, 105	1852	LEU	6, 106	1853	mit	mit	1
HIS	6, 103	1850	ALA	6, 107	1854	mit	mit	0.91
SER	6, 104	1851	ALA	6, 107	1854	mit	mit	0.81
LEU	6, 106	1853	ALA	6, 107	1854	mit	mit	1
SER	6, 104	1851	PRO	6, 108	1855	mit	mit	0.88
SER	6, 105	1852	PRO	6, 108	1855	mit	mit	0.93
LEU	6, 106	1853	PRO	6, 108	1855	mit	mit	0.56
ALA	6, 107	1854	PRO	6, 108	1855	mit	mit	1
PRO	2, 223	739	THR	6, 109	1856	mit	mit	0.79
GLY	2, 226	742	THR	6, 109	1856	mit	mit	0.97
GLY	2, 227	743	THR	6, 109	1856	mit	mit	0.95
ASP	2, 228	744	THR	6, 109	1856	mit	mit	0.91
GLY	4, 176	1435	THR	6, 109	1856	mit	mit	0.69
ALA	6, 107	1854	THR	6, 109	1856	mit	mit	0.9
PRO	6, 108	1855	THR	6, 109	1856	mit	mit	1
THR	6, 109	1856	PRO	6, 110	1857	mit	mit	1
PRO	2, 223	739	GLU	6, 111	1858	mit	mit	0.9
ALA	2, 224	740	GLU	6, 111	1858	mit	mit	0.89
GLY	2, 225	741	GLU	6, 111	1858	mit	mit	0.95
GLY	2, 226	742	GLU	6, 111	1858	mit	mit	0.96
THR	6, 109	1856	GLU	6, 111	1858	mit	mit	0.99
PRO	6, 110	1857	GLU	6, 111	1858	mit	mit	1
GLY	2, 225	741	LEU	6, 112	1859	mit	mit	0.82
GLY	2, 226	742	LEU	6, 112	1859	mit	mit	0.98
PRO	6, 108	1855	LEU	6, 112	1859	mit	mit	0.98
THR	6, 109	1856	LEU	6, 112	1859	mit	mit	0.99
PRO	6, 110	1857	LEU	6, 112	1859	mit	mit	0.98
GLU	6, 111	1858	LEU	6, 112	1859	mit	mit	1
PRO	6, 108	1855	GLY	6, 113	1860	mit	mit	0.94
THR	6, 109	1856	GLY	6, 113	1860	mit	mit	0.57
PRO	6, 110	1857	GLY	6, 113	1860	mit	mit	0.98
GLU	6, 111	1858	GLY	6, 113	1860	mit	mit	0.99
LEU	6, 112	1859	GLY	6, 113	1860	mit	mit	1
PRO	6, 108	1855	GLY	6, 114	1861	mit	mit	0.99
THR	6, 109	1856	GLY	6, 114	1861	mit	mit	0.93
PRO	6, 110	1857	GLY	6, 114	1861	mit	mit	0.97
LEU	6, 112	1859	GLY	6, 114	1861	mit	mit	1
GLY	6, 113	1860	GLY	6, 114	1861	mit	mit	1
PRO	6, 108	1855	GLN	6, 115	1862	mit	mit	0.97
LEU	6, 112	1859	GLN	6, 115	1862	mit	mit	0.92
GLY	6, 113	1860	GLN	6, 115	1862	mit	mit	1
GLY	6, 114	1861	GLN	6, 115	1862	mit	mit	1
SER	6, 105	1852	TRP	6, 116	1863	mit	mit	0.98
PRO	6, 108	1855	TRP	6, 116	1863	mit	mit	0.99
LEU	6, 112	1859	TRP	6, 116	1863	mit	mit	0.8
GLY	6, 114	1861	TRP	6, 116	1863	mit	mit	0.84
GLN	6, 115	1862	TRP	6, 116	1863	mit	mit	1
GLN	6, 115	1862	PRO	6, 117	1864	mit	mit	0.96
TRP	6, 116	1863	PRO	6, 117	1864	mit	mit	1
PRO	6, 108	1855	PRO	6, 118	1865	mit	mit	0.78
LEU	6, 112	1859	PRO	6, 118	1865	mit	mit	0.99
GLY	6, 113	1860	PRO	6, 118	1865	mit	mit	0.94
GLN	6, 115	1862	PRO	6, 118	1865	mit	mit	0.93
TRP	6, 116	1863	PRO	6, 118	1865	mit	mit	0.98
PRO	6, 117	1864	PRO	6, 118	1865	mit	mit	1
LEU	6, 112	1859	THR	6, 119	1866	mit	mit	0.92
GLY	6, 113	1860	THR	6, 119	1866	mit	mit	0.98
GLN	6, 115	1862	THR	6, 119	1866	mit	mit	0.93
PRO	6, 118	1865	THR	6, 119	1866	mit	mit	1
PRO	6, 118	1865	GLY	6, 120	1867	mit	mit	1
THR	6, 119	1866	GLY	6, 120	1867	mit	mit	1
PRO	6, 117	1864	VAL	6, 121	1868	mit	mit	0.98
PRO	6, 118	1865	VAL	6, 121	1868	mit	mit	0.99
THR	6, 119	1866	VAL	6, 121	1868	mit	mit	0.94
GLY	6, 120	1867	VAL	6, 121	1868	mit	mit	1
GLY	6, 120	1867	LYS	6, 122	1869	mit	mit	0.99
VAL	6, 121	1868	LYS	6, 122	1869	mit	mit	1
PRO	6, 117	1864	PRO	6, 123	1870	mit	mit	0.98
VAL	6, 121	1868	PRO	6, 123	1870	mit	mit	0.98
LYS	6, 122	1869	PRO	6, 123	1870	mit	mit	1
PRO	6, 123	1870	LEU	6, 124	1871	mit	mit	1
PRO	6, 123	1870	ASN	6, 125	1872	mit	mit	0.75
LEU	6, 124	1871	ASN	6, 125	1872	mit	mit	1
LEU	6, 124	1871	PRO	6, 126	1873	mit	mit	0.95
ASN	6, 125	1872	PRO	6, 126	1873	mit	mit	1
ASN	6, 125	1872	LEU	6, 127	1874	mit	mit	0.99
PRO	6, 126	1873	LEU	6, 127	1874	mit	mit	1
LEU	6, 124	1871	GLU	6, 128	1875	mit	mit	0.8
ASN	6, 125	1872	GLU	6, 128	1875	mit	mit	0.99
PRO	6, 126	1873	GLU	6, 128	1875	mit	mit	0.89
LEU	6, 127	1874	GLU	6, 128	1875	mit	mit	1
LEU	6, 124	1871	VAL	6, 129	1876	mit	mit	0.81
GLU	6, 128	1875	VAL	6, 129	1876	mit	mit	1
LEU	6, 124	1871	PRO	6, 130	1877	mit	mit	0.96
ASN	6, 125	1872	PRO	6, 130	1877	mit	mit	0.78
PRO	6, 126	1873	PRO	6, 130	1877	mit	mit	0.98
LEU	6, 127	1874	PRO	6, 130	1877	mit	mit	0.72
GLU	6, 128	1875	PRO	6, 130	1877	mit	mit	0.99
VAL	6, 129	1876	PRO	6, 130	1877	mit	mit	1
PRO	6, 126	1873	LEU	6, 131	1878	mit	mit	0.95
LEU	6, 127	1874	LEU	6, 131	1878	mit	mit	0.98
GLU	6, 128	1875	LEU	6, 131	1878	mit	mit	0.98
VAL	6, 129	1876	LEU	6, 131	1878	mit	mit	0.97
PRO	6, 130	1877	LEU	6, 131	1878	mit	mit	1
GLU	6, 128	1875	LEU	6, 132	1879	mit	mit	0.87
VAL	6, 129	1876	LEU	6, 132	1879	mit	mit	1
PRO	6, 130	1877	LEU	6, 132	1879	mit	mit	0.99
LEU	6, 131	1878	LEU	6, 132	1879	mit	mit	1
VAL	6, 129	1876	ASN	6, 133	1880	mit	mit	0.98
PRO	6, 130	1877	ASN	6, 133	1880	mit	mit	1
LEU	6, 131	1878	ASN	6, 133	1880	mit	mit	0.99
LEU	6, 132	1879	ASN	6, 133	1880	mit	mit	1
PRO	6, 130	1877	THR	6, 134	1881	mit	mit	0.98
LEU	6, 131	1878	THR	6, 134	1881	mit	mit	1
LEU	6, 132	1879	THR	6, 134	1881	mit	mit	0.99
ASN	6, 133	1880	THR	6, 134	1881	mit	mit	1
LEU	6, 131	1878	ALA	6, 135	1882	mit	mit	0.99
LEU	6, 132	1879	ALA	6, 135	1882	mit	mit	1
ASN	6, 133	1880	ALA	6, 135	1882	mit	mit	0.99
THR	6, 134	1881	ALA	6, 135	1882	mit	mit	1
LEU	6, 132	1879	ILE	6, 136	1883	mit	mit	0.99
ASN	6, 133	1880	ILE	6, 136	1883	mit	mit	1
THR	6, 134	1881	ILE	6, 136	1883	mit	mit	0.99
ALA	6, 135	1882	ILE	6, 136	1883	mit	mit	1
ASN	6, 133	1880	LEU	6, 137	1884	mit	mit	0.99
THR	6, 134	1881	LEU	6, 137	1884	mit	mit	1
ALA	6, 135	1882	LEU	6, 137	1884	mit	mit	0.95
ILE	6, 136	1883	LEU	6, 137	1884	mit	mit	1
THR	6, 134	1881	LEU	6, 138	1885	mit	mit	1
ALA	6, 135	1882	LEU	6, 138	1885	mit	mit	1
ILE	6, 136	1883	LEU	6, 138	1885	mit	mit	0.98
LEU	6, 137	1884	LEU	6, 138	1885	mit	mit	1
ALA	6, 135	1882	ALA	6, 139	1886	mit	mit	1
ILE	6, 136	1883	ALA	6, 139	1886	mit	mit	1
LEU	6, 137	1884	ALA	6, 139	1886	mit	mit	0.99
LEU	6, 138	1885	ALA	6, 139	1886	mit	mit	1
ILE	6, 136	1883	SER	6, 140	1887	mit	mit	0.99
LEU	6, 137	1884	SER	6, 140	1887	mit	mit	1
LEU	6, 138	1885	SER	6, 140	1887	mit	mit	0.99
ALA	6, 139	1886	SER	6, 140	1887	mit	mit	1
LEU	6, 137	1884	GLY	6, 141	1888	mit	mit	0.98
LEU	6, 138	1885	GLY	6, 141	1888	mit	mit	1
ALA	6, 139	1886	GLY	6, 141	1888	mit	mit	1
SER	6, 140	1887	GLY	6, 141	1888	mit	mit	1
LEU	6, 138	1885	VAL	6, 142	1889	mit	mit	0.98
ALA	6, 139	1886	VAL	6, 142	1889	mit	mit	1
SER	6, 140	1887	VAL	6, 142	1889	mit	mit	0.99
GLY	6, 141	1888	VAL	6, 142	1889	mit	mit	1
ALA	6, 139	1886	THR	6, 143	1890	mit	mit	0.99
SER	6, 140	1887	THR	6, 143	1890	mit	mit	1
GLY	6, 141	1888	THR	6, 143	1890	mit	mit	1
VAL	6, 142	1889	THR	6, 143	1890	mit	mit	1
SER	6, 140	1887	VAL	6, 144	1891	mit	mit	0.99
GLY	6, 141	1888	VAL	6, 144	1891	mit	mit	1
VAL	6, 142	1889	VAL	6, 144	1891	mit	mit	0.96
THR	6, 143	1890	VAL	6, 144	1891	mit	mit	1
GLY	6, 141	1888	THR	6, 145	1892	mit	mit	0.99
VAL	6, 142	1889	THR	6, 145	1892	mit	mit	1
THR	6, 143	1890	THR	6, 145	1892	mit	mit	0.99
VAL	6, 144	1891	THR	6, 145	1892	mit	mit	1
VAL	6, 142	1889	TRP	6, 146	1893	mit	mit	0.99
THR	6, 143	1890	TRP	6, 146	1893	mit	mit	1
VAL	6, 144	1891	TRP	6, 146	1893	mit	mit	1
THR	6, 145	1892	TRP	6, 146	1893	mit	mit	1
THR	6, 143	1890	ALA	6, 147	1894	mit	mit	0.99
VAL	6, 144	1891	ALA	6, 147	1894	mit	mit	1
THR	6, 145	1892	ALA	6, 147	1894	mit	mit	1
TRP	6, 146	1893	ALA	6, 147	1894	mit	mit	1
VAL	6, 144	1891	HIS	6, 148	1895	mit	mit	0.99
THR	6, 145	1892	HIS	6, 148	1895	mit	mit	1
TRP	6, 146	1893	HIS	6, 148	1895	mit	mit	0.99
ALA	6, 147	1894	HIS	6, 148	1895	mit	mit	1
THR	6, 145	1892	HIS	6, 149	1896	mit	mit	0.99
TRP	6, 146	1893	HIS	6, 149	1896	mit	mit	1
ALA	6, 147	1894	HIS	6, 149	1896	mit	mit	0.97
HIS	6, 148	1895	HIS	6, 149	1896	mit	mit	1
TRP	6, 146	1893	SER	6, 150	1897	mit	mit	0.99
ALA	6, 147	1894	SER	6, 150	1897	mit	mit	1
HIS	6, 148	1895	SER	6, 150	1897	mit	mit	0.99
HIS	6, 149	1896	SER	6, 150	1897	mit	mit	1
ALA	6, 147	1894	ILE	6, 151	1898	mit	mit	0.99
HIS	6, 148	1895	ILE	6, 151	1898	mit	mit	1
HIS	6, 149	1896	ILE	6, 151	1898	mit	mit	0.98
SER	6, 150	1897	ILE	6, 151	1898	mit	mit	1
HIS	6, 148	1895	THR	6, 152	1899	mit	mit	0.99
HIS	6, 149	1896	THR	6, 152	1899	mit	mit	1
SER	6, 150	1897	THR	6, 152	1899	mit	mit	0.96
ILE	6, 151	1898	THR	6, 152	1899	mit	mit	1
HIS	6, 149	1896	GLU	6, 153	1900	mit	mit	0.98
SER	6, 150	1897	GLU	6, 153	1900	mit	mit	0.99
ILE	6, 151	1898	GLU	6, 153	1900	mit	mit	0.96
THR	6, 152	1899	GLU	6, 153	1900	mit	mit	1
SER	6, 150	1897	GLY	6, 154	1901	mit	mit	0.97
ILE	6, 151	1898	GLY	6, 154	1901	mit	mit	0.99
THR	6, 152	1899	GLY	6, 154	1901	mit	mit	0.99
GLU	6, 153	1900	GLY	6, 154	1901	mit	mit	1
SER	6, 150	1897	ASN	6, 155	1902	mit	mit	0.99
ILE	6, 151	1898	ASN	6, 155	1902	mit	mit	0.6
GLU	6, 153	1900	ASN	6, 155	1902	mit	mit	0.99
GLY	6, 154	1901	ASN	6, 155	1902	mit	mit	1
GLY	6, 154	1901	ARG	6, 156	1903	mit	mit	0.99
ASN	6, 155	1902	ARG	6, 156	1903	mit	mit	1
ASN	6, 155	1902	LYS	6, 157	1904	mit	mit	0.99
ARG	6, 156	1903	LYS	6, 157	1904	mit	mit	1
TRP	6, 146	1893	GLN	6, 158	1905	mit	mit	0.59
SER	6, 150	1897	GLN	6, 158	1905	mit	mit	0.99
ASN	6, 155	1902	GLN	6, 158	1905	mit	mit	0.99
ARG	6, 156	1903	GLN	6, 158	1905	mit	mit	0.9
LYS	6, 157	1904	GLN	6, 158	1905	mit	mit	1
ALA	6, 147	1894	ALA	6, 159	1906	mit	mit	0.99
SER	6, 150	1897	ALA	6, 159	1906	mit	mit	1
ILE	6, 151	1898	ALA	6, 159	1906	mit	mit	0.99
GLY	6, 154	1901	ALA	6, 159	1906	mit	mit	0.8
ASN	6, 155	1902	ALA	6, 159	1906	mit	mit	0.99
ARG	6, 156	1903	ALA	6, 159	1906	mit	mit	1
LYS	6, 157	1904	ALA	6, 159	1906	mit	mit	0.99
GLN	6, 158	1905	ALA	6, 159	1906	mit	mit	1
ARG	6, 156	1903	ILE	6, 160	1907	mit	mit	0.99
LYS	6, 157	1904	ILE	6, 160	1907	mit	mit	0.99
GLN	6, 158	1905	ILE	6, 160	1907	mit	mit	0.98
ALA	6, 159	1906	ILE	6, 160	1907	mit	mit	1
LYS	6, 157	1904	HIS	6, 161	1908	mit	mit	0.98
GLN	6, 158	1905	HIS	6, 161	1908	mit	mit	1
ALA	6, 159	1906	HIS	6, 161	1908	mit	mit	0.99
ILE	6, 160	1907	HIS	6, 161	1908	mit	mit	1
THR	6, 143	1890	ALA	6, 162	1909	mit	mit	0.99
VAL	6, 144	1891	ALA	6, 162	1909	mit	mit	0.84
TRP	6, 146	1893	ALA	6, 162	1909	mit	mit	0.99
ALA	6, 147	1894	ALA	6, 162	1909	mit	mit	1
SER	6, 150	1897	ALA	6, 162	1909	mit	mit	0.98
GLN	6, 158	1905	ALA	6, 162	1909	mit	mit	0.99
ALA	6, 159	1906	ALA	6, 162	1909	mit	mit	1
ILE	6, 160	1907	ALA	6, 162	1909	mit	mit	0.98
HIS	6, 161	1908	ALA	6, 162	1909	mit	mit	1
VAL	6, 144	1891	LEU	6, 163	1910	mit	mit	0.81
ALA	6, 147	1894	LEU	6, 163	1910	mit	mit	1
ALA	6, 159	1906	LEU	6, 163	1910	mit	mit	0.99
ILE	6, 160	1907	LEU	6, 163	1910	mit	mit	1
HIS	6, 161	1908	LEU	6, 163	1910	mit	mit	0.96
ALA	6, 162	1909	LEU	6, 163	1910	mit	mit	1
ILE	6, 160	1907	THR	6, 164	1911	mit	mit	0.99
HIS	6, 161	1908	THR	6, 164	1911	mit	mit	1
ALA	6, 162	1909	THR	6, 164	1911	mit	mit	0.99
LEU	6, 163	1910	THR	6, 164	1911	mit	mit	1
THR	6, 143	1890	LEU	6, 165	1912	mit	mit	1
HIS	6, 161	1908	LEU	6, 165	1912	mit	mit	0.99
ALA	6, 162	1909	LEU	6, 165	1912	mit	mit	1
LEU	6, 163	1910	LEU	6, 165	1912	mit	mit	0.99
THR	6, 164	1911	LEU	6, 165	1912	mit	mit	1
SER	6, 140	1887	THR	6, 166	1913	mit	mit	1
GLY	6, 141	1888	THR	6, 166	1913	mit	mit	0.9
THR	6, 143	1890	THR	6, 166	1913	mit	mit	1
VAL	6, 144	1891	THR	6, 166	1913	mit	mit	0.99
ALA	6, 147	1894	THR	6, 166	1913	mit	mit	0.98
ALA	6, 162	1909	THR	6, 166	1913	mit	mit	0.99
LEU	6, 163	1910	THR	6, 166	1913	mit	mit	1
THR	6, 164	1911	THR	6, 166	1913	mit	mit	0.99
LEU	6, 165	1912	THR	6, 166	1913	mit	mit	1
LEU	6, 163	1910	ILE	6, 167	1914	mit	mit	0.99
THR	6, 164	1911	ILE	6, 167	1914	mit	mit	1
LEU	6, 165	1912	ILE	6, 167	1914	mit	mit	0.99
THR	6, 166	1913	ILE	6, 167	1914	mit	mit	1
THR	6, 164	1911	LEU	6, 168	1915	mit	mit	1
LEU	6, 165	1912	LEU	6, 168	1915	mit	mit	1
THR	6, 166	1913	LEU	6, 168	1915	mit	mit	0.99
ILE	6, 167	1914	LEU	6, 168	1915	mit	mit	1
ILE	6, 136	1883	LEU	6, 169	1916	mit	mit	0.99
LEU	6, 137	1884	LEU	6, 169	1916	mit	mit	0.66
ALA	6, 139	1886	LEU	6, 169	1916	mit	mit	0.98
SER	6, 140	1887	LEU	6, 169	1916	mit	mit	1
THR	6, 143	1890	LEU	6, 169	1916	mit	mit	0.95
LEU	6, 165	1912	LEU	6, 169	1916	mit	mit	0.99
THR	6, 166	1913	LEU	6, 169	1916	mit	mit	1
ILE	6, 167	1914	LEU	6, 169	1916	mit	mit	0.99
LEU	6, 168	1915	LEU	6, 169	1916	mit	mit	1
ILE	6, 136	1883	GLY	6, 170	1917	mit	mit	0.93
LEU	6, 137	1884	GLY	6, 170	1917	mit	mit	0.59
SER	6, 140	1887	GLY	6, 170	1917	mit	mit	0.99
THR	6, 166	1913	GLY	6, 170	1917	mit	mit	0.99
ILE	6, 167	1914	GLY	6, 170	1917	mit	mit	1
LEU	6, 168	1915	GLY	6, 170	1917	mit	mit	1
LEU	6, 169	1916	GLY	6, 170	1917	mit	mit	1
ILE	6, 167	1914	PHE	6, 171	1918	mit	mit	0.99
LEU	6, 168	1915	PHE	6, 171	1918	mit	mit	1
LEU	6, 169	1916	PHE	6, 171	1918	mit	mit	0.98
GLY	6, 170	1917	PHE	6, 171	1918	mit	mit	1
ILE	6, 136	1883	TYR	6, 172	1919	mit	mit	0.97
LEU	6, 168	1915	TYR	6, 172	1919	mit	mit	0.99
LEU	6, 169	1916	TYR	6, 172	1919	mit	mit	1
GLY	6, 170	1917	TYR	6, 172	1919	mit	mit	1
PHE	6, 171	1918	TYR	6, 172	1919	mit	mit	1
ASN	6, 133	1880	PHE	6, 173	1920	mit	mit	0.99
ILE	6, 136	1883	PHE	6, 173	1920	mit	mit	0.99
LEU	6, 137	1884	PHE	6, 173	1920	mit	mit	0.99
SER	6, 140	1887	PHE	6, 173	1920	mit	mit	0.81
LEU	6, 169	1916	PHE	6, 173	1920	mit	mit	0.99
GLY	6, 170	1917	PHE	6, 173	1920	mit	mit	1
PHE	6, 171	1918	PHE	6, 173	1920	mit	mit	0.99
TYR	6, 172	1919	PHE	6, 173	1920	mit	mit	1
GLY	6, 170	1917	THR	6, 174	1921	mit	mit	0.99
PHE	6, 171	1918	THR	6, 174	1921	mit	mit	1
TYR	6, 172	1919	THR	6, 174	1921	mit	mit	0.99
PHE	6, 173	1920	THR	6, 174	1921	mit	mit	1
PHE	6, 171	1918	ALA	6, 175	1922	mit	mit	0.99
TYR	6, 172	1919	ALA	6, 175	1922	mit	mit	1
PHE	6, 173	1920	ALA	6, 175	1922	mit	mit	0.99
THR	6, 174	1921	ALA	6, 175	1922	mit	mit	1
VAL	6, 129	1876	LEU	6, 176	1923	mit	mit	0.96
LEU	6, 132	1879	LEU	6, 176	1923	mit	mit	0.95
ASN	6, 133	1880	LEU	6, 176	1923	mit	mit	0.99
ILE	6, 136	1883	LEU	6, 176	1923	mit	mit	0.82
TYR	6, 172	1919	LEU	6, 176	1923	mit	mit	1
PHE	6, 173	1920	LEU	6, 176	1923	mit	mit	1
THR	6, 174	1921	LEU	6, 176	1923	mit	mit	0.98
ALA	6, 175	1922	LEU	6, 176	1923	mit	mit	1
ASN	6, 133	1880	GLN	6, 177	1924	mit	mit	0.96
PHE	6, 173	1920	GLN	6, 177	1924	mit	mit	1
THR	6, 174	1921	GLN	6, 177	1924	mit	mit	1
ALA	6, 175	1922	GLN	6, 177	1924	mit	mit	0.99
LEU	6, 176	1923	GLN	6, 177	1924	mit	mit	1
THR	6, 174	1921	ALA	6, 178	1925	mit	mit	0.99
ALA	6, 175	1922	ALA	6, 178	1925	mit	mit	1
LEU	6, 176	1923	ALA	6, 178	1925	mit	mit	0.99
GLN	6, 177	1924	ALA	6, 178	1925	mit	mit	1
VAL	6, 129	1876	MET	6, 179	1926	mit	mit	0.71
ALA	6, 175	1922	MET	6, 179	1926	mit	mit	0.99
LEU	6, 176	1923	MET	6, 179	1926	mit	mit	1
GLN	6, 177	1924	MET	6, 179	1926	mit	mit	0.99
ALA	6, 178	1925	MET	6, 179	1926	mit	mit	1
LEU	6, 124	1871	GLU	6, 180	1927	mit	mit	0.93
VAL	6, 129	1876	GLU	6, 180	1927	mit	mit	0.98
PRO	6, 130	1877	GLU	6, 180	1927	mit	mit	0.73
LEU	6, 176	1923	GLU	6, 180	1927	mit	mit	0.99
GLN	6, 177	1924	GLU	6, 180	1927	mit	mit	1
ALA	6, 178	1925	GLU	6, 180	1927	mit	mit	0.99
MET	6, 179	1926	GLU	6, 180	1927	mit	mit	1
GLN	6, 177	1924	TYR	6, 181	1928	mit	mit	0.99
ALA	6, 178	1925	TYR	6, 181	1928	mit	mit	1
MET	6, 179	1926	TYR	6, 181	1928	mit	mit	0.99
GLU	6, 180	1927	TYR	6, 181	1928	mit	mit	1
ALA	6, 178	1925	HIS	6, 182	1929	mit	mit	0.98
MET	6, 179	1926	HIS	6, 182	1929	mit	mit	1
GLU	6, 180	1927	HIS	6, 182	1929	mit	mit	0.98
TYR	6, 181	1928	HIS	6, 182	1929	mit	mit	1
MET	6, 179	1926	GLU	6, 183	1930	mit	mit	0.98
GLU	6, 180	1927	GLU	6, 183	1930	mit	mit	1
TYR	6, 181	1928	GLU	6, 183	1930	mit	mit	0.88
HIS	6, 182	1929	GLU	6, 183	1930	mit	mit	1
LEU	6, 124	1871	ALA	6, 184	1931	mit	mit	0.97
GLU	6, 180	1927	ALA	6, 184	1931	mit	mit	0.99
TYR	6, 181	1928	ALA	6, 184	1931	mit	mit	0.99
HIS	6, 182	1929	ALA	6, 184	1931	mit	mit	0.97
GLU	6, 183	1930	ALA	6, 184	1931	mit	mit	1
VAL	6, 121	1868	SER	6, 185	1932	mit	mit	0.7
LYS	6, 122	1869	SER	6, 185	1932	mit	mit	0.98
ALA	6, 184	1931	SER	6, 185	1932	mit	mit	1
VAL	6, 121	1868	PHE	6, 186	1933	mit	mit	0.98
LYS	6, 122	1869	PHE	6, 186	1933	mit	mit	0.84
ALA	6, 184	1931	PHE	6, 186	1933	mit	mit	1
SER	6, 185	1932	PHE	6, 186	1933	mit	mit	1
ALA	6, 184	1931	SER	6, 187	1934	mit	mit	0.82
PHE	6, 186	1933	SER	6, 187	1934	mit	mit	1
LEU	2, 216	732	ILE	6, 188	1935	mit	mit	0.95
ASN	2, 217	733	ILE	6, 188	1935	mit	mit	0.86
THR	2, 218	734	ILE	6, 188	1935	mit	mit	0.97
SER	6, 187	1934	ILE	6, 188	1935	mit	mit	1
ASN	2, 217	733	ALA	6, 189	1936	mit	mit	0.97
THR	2, 218	734	ALA	6, 189	1936	mit	mit	0.86
THR	2, 219	735	ALA	6, 189	1936	mit	mit	0.58
SER	6, 187	1934	ALA	6, 189	1936	mit	mit	1
ILE	6, 188	1935	ALA	6, 189	1936	mit	mit	1
VAL	6, 121	1868	ASP	6, 190	1937	mit	mit	0.96
PHE	6, 186	1933	ASP	6, 190	1937	mit	mit	0.99
SER	6, 187	1934	ASP	6, 190	1937	mit	mit	0.99
ILE	6, 188	1935	ASP	6, 190	1937	mit	mit	0.95
ALA	6, 189	1936	ASP	6, 190	1937	mit	mit	1
THR	2, 219	735	SER	6, 191	1938	mit	mit	0.96
GLY	2, 225	741	SER	6, 191	1938	mit	mit	0.97
GLY	2, 226	742	SER	6, 191	1938	mit	mit	0.95
LEU	6, 112	1859	SER	6, 191	1938	mit	mit	0.95
PRO	6, 118	1865	SER	6, 191	1938	mit	mit	0.98
VAL	6, 121	1868	SER	6, 191	1938	mit	mit	0.84
ASP	6, 190	1937	SER	6, 191	1938	mit	mit	1
THR	2, 219	735	VAL	6, 192	1939	mit	mit	0.97
PHE	2, 220	736	VAL	6, 192	1939	mit	mit	0.94
GLY	2, 225	741	VAL	6, 192	1939	mit	mit	0.96
GLY	2, 226	742	VAL	6, 192	1939	mit	mit	0.97
GLY	2, 227	743	VAL	6, 192	1939	mit	mit	0.98
SER	6, 104	1851	VAL	6, 192	1939	mit	mit	0.99
LEU	6, 112	1859	VAL	6, 192	1939	mit	mit	0.85
PRO	6, 118	1865	VAL	6, 192	1939	mit	mit	0.73
SER	6, 191	1938	VAL	6, 192	1939	mit	mit	1
TRP	6, 116	1863	TYR	6, 193	1940	mit	mit	0.64
PRO	6, 117	1864	TYR	6, 193	1940	mit	mit	0.97
PRO	6, 118	1865	TYR	6, 193	1940	mit	mit	0.99
VAL	6, 121	1868	TYR	6, 193	1940	mit	mit	0.97
PHE	6, 186	1933	TYR	6, 193	1940	mit	mit	0.94
ASP	6, 190	1937	TYR	6, 193	1940	mit	mit	0.96
SER	6, 191	1938	TYR	6, 193	1940	mit	mit	1
VAL	6, 192	1939	TYR	6, 193	1940	mit	mit	1
VAL	6, 121	1868	GLY	6, 194	1941	mit	mit	0.58
PHE	6, 186	1933	GLY	6, 194	1941	mit	mit	0.99
SER	6, 187	1934	GLY	6, 194	1941	mit	mit	0.96
ILE	6, 188	1935	GLY	6, 194	1941	mit	mit	0.99
ALA	6, 189	1936	GLY	6, 194	1941	mit	mit	0.75
ASP	6, 190	1937	GLY	6, 194	1941	mit	mit	0.99
SER	6, 191	1938	GLY	6, 194	1941	mit	mit	0.99
VAL	6, 192	1939	GLY	6, 194	1941	mit	mit	1
TYR	6, 193	1940	GLY	6, 194	1941	mit	mit	1
THR	2, 212	728	SER	6, 195	1942	mit	mit	0.76
THR	2, 218	734	SER	6, 195	1942	mit	mit	0.98
THR	2, 219	735	SER	6, 195	1942	mit	mit	0.98
PHE	2, 220	736	SER	6, 195	1942	mit	mit	0.98
ILE	6, 188	1935	SER	6, 195	1942	mit	mit	0.99
ALA	6, 189	1936	SER	6, 195	1942	mit	mit	0.56
SER	6, 191	1938	SER	6, 195	1942	mit	mit	0.97
VAL	6, 192	1939	SER	6, 195	1942	mit	mit	1
TYR	6, 193	1940	SER	6, 195	1942	mit	mit	0.99
GLY	6, 194	1941	SER	6, 195	1942	mit	mit	1
PHE	2, 220	736	THR	6, 196	1943	mit	mit	0.8
PHE	6, 97	1844	THR	6, 196	1943	mit	mit	0.92
ALA	6, 100	1847	THR	6, 196	1943	mit	mit	0.99
PHE	6, 101	1848	THR	6, 196	1943	mit	mit	1
SER	6, 104	1851	THR	6, 196	1943	mit	mit	0.98
SER	6, 105	1852	THR	6, 196	1943	mit	mit	0.54
VAL	6, 192	1939	THR	6, 196	1943	mit	mit	1
TYR	6, 193	1940	THR	6, 196	1943	mit	mit	1
GLY	6, 194	1941	THR	6, 196	1943	mit	mit	1
SER	6, 195	1942	THR	6, 196	1943	mit	mit	1
PHE	6, 186	1933	PHE	6, 197	1944	mit	mit	0.78
TYR	6, 193	1940	PHE	6, 197	1944	mit	mit	1
GLY	6, 194	1941	PHE	6, 197	1944	mit	mit	1
SER	6, 195	1942	PHE	6, 197	1944	mit	mit	0.99
THR	6, 196	1943	PHE	6, 197	1944	mit	mit	1
TYR	6, 181	1928	PHE	6, 198	1945	mit	mit	0.73
SER	6, 187	1934	PHE	6, 198	1945	mit	mit	0.79
ILE	6, 188	1935	PHE	6, 198	1945	mit	mit	1
GLY	6, 194	1941	PHE	6, 198	1945	mit	mit	1
SER	6, 195	1942	PHE	6, 198	1945	mit	mit	0.99
THR	6, 196	1943	PHE	6, 198	1945	mit	mit	0.62
PHE	6, 197	1944	PHE	6, 198	1945	mit	mit	1
MET	2, 209	725	VAL	6, 199	1946	mit	mit	0.91
THR	2, 212	728	VAL	6, 199	1946	mit	mit	0.97
THR	2, 218	734	VAL	6, 199	1946	mit	mit	0.94
PHE	6, 97	1844	VAL	6, 199	1946	mit	mit	0.98
ILE	6, 188	1935	VAL	6, 199	1946	mit	mit	0.85
SER	6, 195	1942	VAL	6, 199	1946	mit	mit	0.99
THR	6, 196	1943	VAL	6, 199	1946	mit	mit	1
PHE	6, 197	1944	VAL	6, 199	1946	mit	mit	0.92
PHE	6, 198	1945	VAL	6, 199	1946	mit	mit	1
PHE	6, 94	1841	ALA	6, 200	1947	mit	mit	0.87
PHE	6, 97	1844	ALA	6, 200	1947	mit	mit	1
PHE	6, 98	1845	ALA	6, 200	1947	mit	mit	0.89
PHE	6, 101	1848	ALA	6, 200	1947	mit	mit	0.98
THR	6, 196	1943	ALA	6, 200	1947	mit	mit	1
PHE	6, 197	1944	ALA	6, 200	1947	mit	mit	1
PHE	6, 198	1945	ALA	6, 200	1947	mit	mit	0.91
VAL	6, 199	1946	ALA	6, 200	1947	mit	mit	1
GLN	6, 177	1924	THR	6, 201	1948	mit	mit	0.89
PHE	6, 197	1944	THR	6, 201	1948	mit	mit	1
PHE	6, 198	1945	THR	6, 201	1948	mit	mit	1
VAL	6, 199	1946	THR	6, 201	1948	mit	mit	0.85
ALA	6, 200	1947	THR	6, 201	1948	mit	mit	1
PHE	6, 198	1945	GLY	6, 202	1949	mit	mit	1
VAL	6, 199	1946	GLY	6, 202	1949	mit	mit	1
ALA	6, 200	1947	GLY	6, 202	1949	mit	mit	1
THR	6, 201	1948	GLY	6, 202	1949	mit	mit	1
PHE	6, 94	1841	PHE	6, 203	1950	mit	mit	0.91
PHE	6, 97	1844	PHE	6, 203	1950	mit	mit	0.97
VAL	6, 199	1946	PHE	6, 203	1950	mit	mit	1
ALA	6, 200	1947	PHE	6, 203	1950	mit	mit	1
THR	6, 201	1948	PHE	6, 203	1950	mit	mit	0.96
GLY	6, 202	1949	PHE	6, 203	1950	mit	mit	1
PHE	6, 94	1841	HIS	6, 204	1951	mit	mit	0.75
ALA	6, 200	1947	HIS	6, 204	1951	mit	mit	0.99
THR	6, 201	1948	HIS	6, 204	1951	mit	mit	1
GLY	6, 202	1949	HIS	6, 204	1951	mit	mit	1
PHE	6, 203	1950	HIS	6, 204	1951	mit	mit	1
THR	6, 174	1921	GLY	6, 205	1952	mit	mit	0.97
GLN	6, 177	1924	GLY	6, 205	1952	mit	mit	0.99
THR	6, 201	1948	GLY	6, 205	1952	mit	mit	0.99
GLY	6, 202	1949	GLY	6, 205	1952	mit	mit	1
PHE	6, 203	1950	GLY	6, 205	1952	mit	mit	1
HIS	6, 204	1951	GLY	6, 205	1952	mit	mit	1
GLY	6, 202	1949	LEU	6, 206	1953	mit	mit	1
PHE	6, 203	1950	LEU	6, 206	1953	mit	mit	1
HIS	6, 204	1951	LEU	6, 206	1953	mit	mit	1
GLY	6, 205	1952	LEU	6, 206	1953	mit	mit	1
GLU	6, 90	1837	HIS	6, 207	1954	mit	mit	0.8
PHE	6, 203	1950	HIS	6, 207	1954	mit	mit	0.99
HIS	6, 204	1951	HIS	6, 207	1954	mit	mit	1
GLY	6, 205	1952	HIS	6, 207	1954	mit	mit	1
LEU	6, 206	1953	HIS	6, 207	1954	mit	mit	1
GLY	6, 170	1917	VAL	6, 208	1955	mit	mit	0.98
PHE	6, 173	1920	VAL	6, 208	1955	mit	mit	0.99
THR	6, 174	1921	VAL	6, 208	1955	mit	mit	0.99
GLN	6, 177	1924	VAL	6, 208	1955	mit	mit	0.63
HIS	6, 204	1951	VAL	6, 208	1955	mit	mit	1
GLY	6, 205	1952	VAL	6, 208	1955	mit	mit	1
LEU	6, 206	1953	VAL	6, 208	1955	mit	mit	1
HIS	6, 207	1954	VAL	6, 208	1955	mit	mit	1
THR	6, 174	1921	ILE	6, 209	1956	mit	mit	0.99
GLY	6, 205	1952	ILE	6, 209	1956	mit	mit	0.99
LEU	6, 206	1953	ILE	6, 209	1956	mit	mit	1
HIS	6, 207	1954	ILE	6, 209	1956	mit	mit	0.99
VAL	6, 208	1955	ILE	6, 209	1956	mit	mit	1
LEU	6, 206	1953	ILE	6, 210	1957	mit	mit	1
HIS	6, 207	1954	ILE	6, 210	1957	mit	mit	1
VAL	6, 208	1955	ILE	6, 210	1957	mit	mit	0.99
ILE	6, 209	1956	ILE	6, 210	1957	mit	mit	1
HIS	6, 207	1954	GLY	6, 211	1958	mit	mit	1
VAL	6, 208	1955	GLY	6, 211	1958	mit	mit	1
ILE	6, 209	1956	GLY	6, 211	1958	mit	mit	1
ILE	6, 210	1957	GLY	6, 211	1958	mit	mit	1
ILE	6, 167	1914	SER	6, 212	1959	mit	mit	0.99
GLY	6, 170	1917	SER	6, 212	1959	mit	mit	1
PHE	6, 171	1918	SER	6, 212	1959	mit	mit	0.99
THR	6, 174	1921	SER	6, 212	1959	mit	mit	0.95
VAL	6, 208	1955	SER	6, 212	1959	mit	mit	1
ILE	6, 209	1956	SER	6, 212	1959	mit	mit	1
ILE	6, 210	1957	SER	6, 212	1959	mit	mit	0.98
GLY	6, 211	1958	SER	6, 212	1959	mit	mit	1
ILE	6, 209	1956	SER	6, 213	1960	mit	mit	0.99
ILE	6, 210	1957	SER	6, 213	1960	mit	mit	1
GLY	6, 211	1958	SER	6, 213	1960	mit	mit	1
SER	6, 212	1959	SER	6, 213	1960	mit	mit	1
ILE	6, 210	1957	PHE	6, 214	1961	mit	mit	1
GLY	6, 211	1958	PHE	6, 214	1961	mit	mit	1
SER	6, 212	1959	PHE	6, 214	1961	mit	mit	1
SER	6, 213	1960	PHE	6, 214	1961	mit	mit	1
VAL	6, 144	1891	LEU	6, 215	1962	mit	mit	0.66
LEU	6, 163	1910	LEU	6, 215	1962	mit	mit	0.98
THR	6, 166	1913	LEU	6, 215	1962	mit	mit	0.99
ILE	6, 167	1914	LEU	6, 215	1962	mit	mit	0.99
GLY	6, 211	1958	LEU	6, 215	1962	mit	mit	1
SER	6, 212	1959	LEU	6, 215	1962	mit	mit	1
SER	6, 213	1960	LEU	6, 215	1962	mit	mit	0.99
PHE	6, 214	1961	LEU	6, 215	1962	mit	mit	1
ILE	6, 167	1914	THR	6, 216	1963	mit	mit	0.99
SER	6, 212	1959	THR	6, 216	1963	mit	mit	0.99
SER	6, 213	1960	THR	6, 216	1963	mit	mit	1
PHE	6, 214	1961	THR	6, 216	1963	mit	mit	0.99
LEU	6, 215	1962	THR	6, 216	1963	mit	mit	1
TRP	6, 58	1805	VAL	6, 217	1964	mit	mit	0.71
SER	6, 213	1960	VAL	6, 217	1964	mit	mit	0.99
PHE	6, 214	1961	VAL	6, 217	1964	mit	mit	1
LEU	6, 215	1962	VAL	6, 217	1964	mit	mit	0.99
THR	6, 216	1963	VAL	6, 217	1964	mit	mit	1
LEU	6, 163	1910	CYS	6, 218	1965	mit	mit	0.96
PHE	6, 214	1961	CYS	6, 218	1965	mit	mit	1
LEU	6, 215	1962	CYS	6, 218	1965	mit	mit	1
THR	6, 216	1963	CYS	6, 218	1965	mit	mit	1
VAL	6, 217	1964	CYS	6, 218	1965	mit	mit	1
ILE	6, 160	1907	LEU	6, 219	1966	mit	mit	0.93
LEU	6, 163	1910	LEU	6, 219	1966	mit	mit	1
THR	6, 164	1911	LEU	6, 219	1966	mit	mit	0.98
ILE	6, 167	1914	LEU	6, 219	1966	mit	mit	0.98
LEU	6, 215	1962	LEU	6, 219	1966	mit	mit	0.99
THR	6, 216	1963	LEU	6, 219	1966	mit	mit	1
VAL	6, 217	1964	LEU	6, 219	1966	mit	mit	1
CYS	6, 218	1965	LEU	6, 219	1966	mit	mit	1
THR	6, 216	1963	LEU	6, 220	1967	mit	mit	0.99
VAL	6, 217	1964	LEU	6, 220	1967	mit	mit	1
CYS	6, 218	1965	LEU	6, 220	1967	mit	mit	0.99
LEU	6, 219	1966	LEU	6, 220	1967	mit	mit	1
VAL	6, 62	1809	ARG	6, 221	1968	mit	mit	0.91
VAL	6, 217	1964	ARG	6, 221	1968	mit	mit	0.99
CYS	6, 218	1965	ARG	6, 221	1968	mit	mit	1
LEU	6, 219	1966	ARG	6, 221	1968	mit	mit	0.99
LEU	6, 220	1967	ARG	6, 221	1968	mit	mit	1
ILE	6, 151	1898	LEU	6, 222	1969	mit	mit	0.74
ARG	6, 156	1903	LEU	6, 222	1969	mit	mit	0.86
ALA	6, 159	1906	LEU	6, 222	1969	mit	mit	0.98
ILE	6, 160	1907	LEU	6, 222	1969	mit	mit	0.98
LEU	6, 163	1910	LEU	6, 222	1969	mit	mit	0.96
CYS	6, 218	1965	LEU	6, 222	1969	mit	mit	0.99
LEU	6, 219	1966	LEU	6, 222	1969	mit	mit	1
LEU	6, 220	1967	LEU	6, 222	1969	mit	mit	0.99
ARG	6, 221	1968	LEU	6, 222	1969	mit	mit	1
ILE	6, 160	1907	ILE	6, 223	1970	mit	mit	0.97
LEU	6, 219	1966	ILE	6, 223	1970	mit	mit	0.99
LEU	6, 220	1967	ILE	6, 223	1970	mit	mit	1
ARG	6, 221	1968	ILE	6, 223	1970	mit	mit	0.97
LEU	6, 222	1969	ILE	6, 223	1970	mit	mit	1
LEU	6, 220	1967	LYS	6, 224	1971	mit	mit	0.99
ARG	6, 221	1968	LYS	6, 224	1971	mit	mit	0.99
LEU	6, 222	1969	LYS	6, 224	1971	mit	mit	0.97
ILE	6, 223	1970	LYS	6, 224	1971	mit	mit	1
ARG	6, 156	1903	PHE	6, 225	1972	mit	mit	0.57
LEU	6, 222	1969	PHE	6, 225	1972	mit	mit	0.74
ILE	6, 223	1970	PHE	6, 225	1972	mit	mit	0.76
LYS	6, 224	1971	PHE	6, 225	1972	mit	mit	1
VAL	6, 62	1809	HIS	6, 226	1973	mit	mit	0.9
THR	6, 66	1813	HIS	6, 226	1973	mit	mit	0.99
ARG	6, 221	1968	HIS	6, 226	1973	mit	mit	0.99
LEU	6, 222	1969	HIS	6, 226	1973	mit	mit	0.96
LYS	6, 224	1971	HIS	6, 226	1973	mit	mit	1
PHE	6, 225	1972	HIS	6, 226	1973	mit	mit	1
ILE	6, 151	1898	PHE	6, 227	1974	mit	mit	0.97
ARG	6, 221	1968	PHE	6, 227	1974	mit	mit	0.98
LEU	6, 222	1969	PHE	6, 227	1974	mit	mit	0.99
PHE	6, 225	1972	PHE	6, 227	1974	mit	mit	0.93
HIS	6, 226	1973	PHE	6, 227	1974	mit	mit	1
PHE	6, 227	1974	THR	6, 228	1975	mit	mit	1
ILE	6, 151	1898	PRO	6, 229	1976	mit	mit	0.96
THR	6, 152	1899	PRO	6, 229	1976	mit	mit	0.98
GLU	6, 153	1900	PRO	6, 229	1976	mit	mit	0.86
GLY	6, 154	1901	PRO	6, 229	1976	mit	mit	0.98
THR	6, 228	1975	PRO	6, 229	1976	mit	mit	1
THR	6, 228	1975	ASN	6, 230	1977	mit	mit	0.99
PRO	6, 229	1976	ASN	6, 230	1977	mit	mit	1
HIS	6, 71	1818	HIS	6, 231	1978	mit	mit	0.75
GLN	6, 76	1823	HIS	6, 231	1978	mit	mit	0.78
PHE	6, 227	1974	HIS	6, 231	1978	mit	mit	0.91
THR	6, 228	1975	HIS	6, 231	1978	mit	mit	1
ASN	6, 230	1977	HIS	6, 231	1978	mit	mit	1
ILE	6, 151	1898	HIS	6, 232	1979	mit	mit	0.98
PHE	6, 227	1974	HIS	6, 232	1979	mit	mit	0.98
THR	6, 228	1975	HIS	6, 232	1979	mit	mit	0.97
PRO	6, 229	1976	HIS	6, 232	1979	mit	mit	0.69
ASN	6, 230	1977	HIS	6, 232	1979	mit	mit	0.62
HIS	6, 231	1978	HIS	6, 232	1979	mit	mit	1
HIS	6, 71	1818	PHE	6, 233	1980	mit	mit	0.77
GLN	6, 76	1823	PHE	6, 233	1980	mit	mit	1
LEU	6, 79	1826	PHE	6, 233	1980	mit	mit	0.99
ARG	6, 80	1827	PHE	6, 233	1980	mit	mit	0.96
HIS	6, 231	1978	PHE	6, 233	1980	mit	mit	0.99
HIS	6, 232	1979	PHE	6, 233	1980	mit	mit	1
CYS	6, 218	1965	GLY	6, 234	1981	mit	mit	0.99
HIS	6, 232	1979	GLY	6, 234	1981	mit	mit	1
PHE	6, 233	1980	GLY	6, 234	1981	mit	mit	1
ALA	6, 147	1894	PHE	6, 235	1982	mit	mit	0.67
HIS	6, 148	1895	PHE	6, 235	1982	mit	mit	0.94
ILE	6, 151	1898	PHE	6, 235	1982	mit	mit	0.97
CYS	6, 218	1965	PHE	6, 235	1982	mit	mit	1
LEU	6, 222	1969	PHE	6, 235	1982	mit	mit	0.77
PHE	6, 227	1974	PHE	6, 235	1982	mit	mit	0.98
HIS	6, 232	1979	PHE	6, 235	1982	mit	mit	1
PHE	6, 233	1980	PHE	6, 235	1982	mit	mit	0.99
GLY	6, 234	1981	PHE	6, 235	1982	mit	mit	1
ARG	6, 80	1827	GLU	6, 236	1983	mit	mit	0.75
HIS	6, 148	1895	GLU	6, 236	1983	mit	mit	0.82
HIS	6, 232	1979	GLU	6, 236	1983	mit	mit	0.99
PHE	6, 233	1980	GLU	6, 236	1983	mit	mit	1
GLY	6, 234	1981	GLU	6, 236	1983	mit	mit	1
PHE	6, 235	1982	GLU	6, 236	1983	mit	mit	1
LEU	6, 79	1826	ALA	6, 237	1984	mit	mit	0.78
MET	6, 83	1830	ALA	6, 237	1984	mit	mit	1
PHE	6, 214	1961	ALA	6, 237	1984	mit	mit	0.53
PHE	6, 233	1980	ALA	6, 237	1984	mit	mit	1
GLY	6, 234	1981	ALA	6, 237	1984	mit	mit	1
PHE	6, 235	1982	ALA	6, 237	1984	mit	mit	0.99
GLU	6, 236	1983	ALA	6, 237	1984	mit	mit	1
GLY	6, 211	1958	ALA	6, 238	1985	mit	mit	0.98
PHE	6, 214	1961	ALA	6, 238	1985	mit	mit	1
LEU	6, 215	1962	ALA	6, 238	1985	mit	mit	0.99
CYS	6, 218	1965	ALA	6, 238	1985	mit	mit	1
GLY	6, 234	1981	ALA	6, 238	1985	mit	mit	1
PHE	6, 235	1982	ALA	6, 238	1985	mit	mit	1
GLU	6, 236	1983	ALA	6, 238	1985	mit	mit	0.99
ALA	6, 237	1984	ALA	6, 238	1985	mit	mit	1
VAL	6, 144	1891	ALA	6, 239	1986	mit	mit	1
THR	6, 145	1892	ALA	6, 239	1986	mit	mit	0.68
ALA	6, 147	1894	ALA	6, 239	1986	mit	mit	0.55
HIS	6, 148	1895	ALA	6, 239	1986	mit	mit	0.99
PHE	6, 235	1982	ALA	6, 239	1986	mit	mit	1
GLU	6, 236	1983	ALA	6, 239	1986	mit	mit	1
ALA	6, 237	1984	ALA	6, 239	1986	mit	mit	1
ALA	6, 238	1985	ALA	6, 239	1986	mit	mit	1
MET	6, 83	1830	TRP	6, 240	1987	mit	mit	0.99
ILE	6, 84	1831	TRP	6, 240	1987	mit	mit	0.85
ILE	6, 87	1834	TRP	6, 240	1987	mit	mit	0.98
GLU	6, 236	1983	TRP	6, 240	1987	mit	mit	1
ALA	6, 237	1984	TRP	6, 240	1987	mit	mit	1
ALA	6, 238	1985	TRP	6, 240	1987	mit	mit	0.99
ALA	6, 239	1986	TRP	6, 240	1987	mit	mit	1
MET	6, 83	1830	TYR	6, 241	1988	mit	mit	0.77
ILE	6, 87	1834	TYR	6, 241	1988	mit	mit	0.98
GLY	6, 211	1958	TYR	6, 241	1988	mit	mit	0.99
PHE	6, 214	1961	TYR	6, 241	1988	mit	mit	0.98
ALA	6, 237	1984	TYR	6, 241	1988	mit	mit	0.99
ALA	6, 238	1985	TYR	6, 241	1988	mit	mit	1
ALA	6, 239	1986	TYR	6, 241	1988	mit	mit	1
TRP	6, 240	1987	TYR	6, 241	1988	mit	mit	1
SER	6, 140	1887	TRP	6, 242	1989	mit	mit	0.97
GLY	6, 141	1888	TRP	6, 242	1989	mit	mit	0.97
VAL	6, 144	1891	TRP	6, 242	1989	mit	mit	0.99
THR	6, 166	1913	TRP	6, 242	1989	mit	mit	0.78
GLY	6, 211	1958	TRP	6, 242	1989	mit	mit	0.99
LEU	6, 215	1962	TRP	6, 242	1989	mit	mit	0.97
ALA	6, 238	1985	TRP	6, 242	1989	mit	mit	1
ALA	6, 239	1986	TRP	6, 242	1989	mit	mit	1
TRP	6, 240	1987	TRP	6, 242	1989	mit	mit	1
TYR	6, 241	1988	TRP	6, 242	1989	mit	mit	1
GLY	6, 141	1888	HIS	6, 243	1990	mit	mit	0.97
VAL	6, 144	1891	HIS	6, 243	1990	mit	mit	0.68
ALA	6, 239	1986	HIS	6, 243	1990	mit	mit	1
TRP	6, 240	1987	HIS	6, 243	1990	mit	mit	1
TYR	6, 241	1988	HIS	6, 243	1990	mit	mit	0.98
TRP	6, 242	1989	HIS	6, 243	1990	mit	mit	1
ILE	6, 87	1834	PHE	6, 244	1991	mit	mit	1
GLU	6, 90	1837	PHE	6, 244	1991	mit	mit	0.93
ALA	6, 91	1838	PHE	6, 244	1991	mit	mit	0.94
TRP	6, 240	1987	PHE	6, 244	1991	mit	mit	0.99
TYR	6, 241	1988	PHE	6, 244	1991	mit	mit	1
TRP	6, 242	1989	PHE	6, 244	1991	mit	mit	1
HIS	6, 243	1990	PHE	6, 244	1991	mit	mit	1
LEU	6, 137	1884	VAL	6, 245	1992	mit	mit	0.77
HIS	6, 204	1951	VAL	6, 245	1992	mit	mit	0.96
HIS	6, 207	1954	VAL	6, 245	1992	mit	mit	1
VAL	6, 208	1955	VAL	6, 245	1992	mit	mit	1
GLY	6, 211	1958	VAL	6, 245	1992	mit	mit	0.97
TYR	6, 241	1988	VAL	6, 245	1992	mit	mit	0.99
TRP	6, 242	1989	VAL	6, 245	1992	mit	mit	1
HIS	6, 243	1990	VAL	6, 245	1992	mit	mit	0.98
PHE	6, 244	1991	VAL	6, 245	1992	mit	mit	1
LEU	6, 137	1884	ASP	6, 246	1993	mit	mit	1
LEU	6, 138	1885	ASP	6, 246	1993	mit	mit	0.95
SER	6, 140	1887	ASP	6, 246	1993	mit	mit	0.92
GLY	6, 141	1888	ASP	6, 246	1993	mit	mit	0.99
TRP	6, 242	1989	ASP	6, 246	1993	mit	mit	0.99
HIS	6, 243	1990	ASP	6, 246	1993	mit	mit	1
PHE	6, 244	1991	ASP	6, 246	1993	mit	mit	0.99
VAL	6, 245	1992	ASP	6, 246	1993	mit	mit	1
HIS	6, 243	1990	ILE	6, 247	1994	mit	mit	0.99
PHE	6, 244	1991	ILE	6, 247	1994	mit	mit	1
VAL	6, 245	1992	ILE	6, 247	1994	mit	mit	0.95
ASP	6, 246	1993	ILE	6, 247	1994	mit	mit	1
ALA	6, 91	1838	ILE	6, 248	1995	mit	mit	0.71
PHE	6, 94	1841	ILE	6, 248	1995	mit	mit	0.99
HIS	6, 204	1951	ILE	6, 248	1995	mit	mit	0.98
HIS	6, 207	1954	ILE	6, 248	1995	mit	mit	0.83
PHE	6, 244	1991	ILE	6, 248	1995	mit	mit	1
VAL	6, 245	1992	ILE	6, 248	1995	mit	mit	1
ASP	6, 246	1993	ILE	6, 248	1995	mit	mit	0.98
ILE	6, 247	1994	ILE	6, 248	1995	mit	mit	1
ASN	6, 133	1880	TRP	6, 249	1996	mit	mit	0.85
THR	6, 134	1881	TRP	6, 249	1996	mit	mit	0.98
LEU	6, 137	1884	TRP	6, 249	1996	mit	mit	0.99
HIS	6, 204	1951	TRP	6, 249	1996	mit	mit	0.98
VAL	6, 245	1992	TRP	6, 249	1996	mit	mit	0.99
ASP	6, 246	1993	TRP	6, 249	1996	mit	mit	1
ILE	6, 247	1994	TRP	6, 249	1996	mit	mit	0.99
ILE	6, 248	1995	TRP	6, 249	1996	mit	mit	1
THR	6, 134	1881	LEU	6, 250	1997	mit	mit	0.96
ASP	6, 246	1993	LEU	6, 250	1997	mit	mit	0.98
ILE	6, 247	1994	LEU	6, 250	1997	mit	mit	1
ILE	6, 248	1995	LEU	6, 250	1997	mit	mit	0.99
TRP	6, 249	1996	LEU	6, 250	1997	mit	mit	1
PHE	6, 98	1845	PHE	6, 251	1998	mit	mit	0.94
ILE	6, 247	1994	PHE	6, 251	1998	mit	mit	0.99
ILE	6, 248	1995	PHE	6, 251	1998	mit	mit	1
TRP	6, 249	1996	PHE	6, 251	1998	mit	mit	0.99
LEU	6, 250	1997	PHE	6, 251	1998	mit	mit	1
ALA	6, 200	1947	LEU	6, 252	1999	mit	mit	0.99
THR	6, 201	1948	LEU	6, 252	1999	mit	mit	0.97
HIS	6, 204	1951	LEU	6, 252	1999	mit	mit	0.97
ILE	6, 248	1995	LEU	6, 252	1999	mit	mit	1
TRP	6, 249	1996	LEU	6, 252	1999	mit	mit	1
LEU	6, 250	1997	LEU	6, 252	1999	mit	mit	0.99
PHE	6, 251	1998	LEU	6, 252	1999	mit	mit	1
PRO	6, 126	1873	TYR	6, 253	2000	mit	mit	0.74
PRO	6, 130	1877	TYR	6, 253	2000	mit	mit	0.97
ASN	6, 133	1880	TYR	6, 253	2000	mit	mit	0.55
THR	6, 134	1881	TYR	6, 253	2000	mit	mit	0.99
TRP	6, 249	1996	TYR	6, 253	2000	mit	mit	1
LEU	6, 250	1997	TYR	6, 253	2000	mit	mit	1
PHE	6, 251	1998	TYR	6, 253	2000	mit	mit	0.99
LEU	6, 252	1999	TYR	6, 253	2000	mit	mit	1
LEU	6, 250	1997	MET	6, 254	2001	mit	mit	0.99
PHE	6, 251	1998	MET	6, 254	2001	mit	mit	1
LEU	6, 252	1999	MET	6, 254	2001	mit	mit	0.95
TYR	6, 253	2000	MET	6, 254	2001	mit	mit	1
PHE	6, 98	1845	SER	6, 255	2002	mit	mit	0.96
PHE	6, 101	1848	SER	6, 255	2002	mit	mit	0.97
PHE	6, 102	1849	SER	6, 255	2002	mit	mit	0.74
PHE	6, 251	1998	SER	6, 255	2002	mit	mit	0.99
LEU	6, 252	1999	SER	6, 255	2002	mit	mit	0.99
TYR	6, 253	2000	SER	6, 255	2002	mit	mit	0.9
MET	6, 254	2001	SER	6, 255	2002	mit	mit	1
PHE	6, 101	1848	MET	6, 256	2003	mit	mit	0.98
THR	6, 196	1943	MET	6, 256	2003	mit	mit	0.79
PHE	6, 197	1944	MET	6, 256	2003	mit	mit	0.98
ALA	6, 200	1947	MET	6, 256	2003	mit	mit	0.94
THR	6, 201	1948	MET	6, 256	2003	mit	mit	0.78
LEU	6, 252	1999	MET	6, 256	2003	mit	mit	0.99
TYR	6, 253	2000	MET	6, 256	2003	mit	mit	0.93
SER	6, 255	2002	MET	6, 256	2003	mit	mit	1
LEU	6, 124	1871	TYR	6, 257	2004	mit	mit	0.9
PRO	6, 126	1873	TYR	6, 257	2004	mit	mit	0.98
PRO	6, 130	1877	TYR	6, 257	2004	mit	mit	0.99
LEU	6, 252	1999	TYR	6, 257	2004	mit	mit	0.94
TYR	6, 253	2000	TYR	6, 257	2004	mit	mit	1
MET	6, 254	2001	TYR	6, 257	2004	mit	mit	0.79
SER	6, 255	2002	TYR	6, 257	2004	mit	mit	0.6
MET	6, 256	2003	TYR	6, 257	2004	mit	mit	1
PRO	6, 126	1873	TRP	6, 258	2005	mit	mit	0.98
TYR	6, 253	2000	TRP	6, 258	2005	mit	mit	0.98
MET	6, 254	2001	TRP	6, 258	2005	mit	mit	0.99
SER	6, 255	2002	TRP	6, 258	2005	mit	mit	0.88
MET	6, 256	2003	TRP	6, 258	2005	mit	mit	0.65
TYR	6, 257	2004	TRP	6, 258	2005	mit	mit	1
MET	6, 254	2001	TRP	6, 259	2006	mit	mit	0.97
SER	6, 255	2002	TRP	6, 259	2006	mit	mit	0.99
MET	6, 256	2003	TRP	6, 259	2006	mit	mit	0.83
TRP	6, 258	2005	TRP	6, 259	2006	mit	mit	1
SER	6, 105	1852	GLY	6, 260	2007	mit	mit	0.93
TRP	6, 116	1863	GLY	6, 260	2007	mit	mit	0.94
PRO	6, 117	1864	GLY	6, 260	2007	mit	mit	0.94
PRO	6, 123	1870	GLY	6, 260	2007	mit	mit	0.88
SER	6, 255	2002	GLY	6, 260	2007	mit	mit	0.87
MET	6, 256	2003	GLY	6, 260	2007	mit	mit	0.97
TYR	6, 257	2004	GLY	6, 260	2007	mit	mit	0.93
TRP	6, 258	2005	GLY	6, 260	2007	mit	mit	1
TRP	6, 259	2006	GLY	6, 260	2007	mit	mit	1
PRO	6, 117	1864	SER	6, 261	2008	mit	mit	0.9
PRO	6, 123	1870	SER	6, 261	2008	mit	mit	0.98
LEU	6, 124	1871	SER	6, 261	2008	mit	mit	0.7
ASN	6, 125	1872	SER	6, 261	2008	mit	mit	0.53
PRO	6, 126	1873	SER	6, 261	2008	mit	mit	0.94
TYR	6, 257	2004	SER	6, 261	2008	mit	mit	0.91
TRP	6, 258	2005	SER	6, 261	2008	mit	mit	0.93
TRP	6, 259	2006	SER	6, 261	2008	mit	mit	0.9
GLY	6, 260	2007	SER	6, 261	2008	mit	mit	1
ALA	7, 1	2009	HIS	7, 2	2010	nuc	nuc	1
ALA	7, 1	2009	GLY	7, 3	2011	nuc	nuc	0.94
HIS	7, 2	2010	GLY	7, 3	2011	nuc	nuc	1
HIS	7, 2	2010	HIS	7, 4	2012	nuc	nuc	0.68
GLY	7, 3	2011	HIS	7, 4	2012	nuc	nuc	1
GLY	7, 3	2011	ALA	7, 5	2013	nuc	nuc	0.91
HIS	7, 4	2012	ALA	7, 5	2013	nuc	nuc	1
HIS	7, 4	2012	GLY	7, 6	2014	nuc	nuc	0.93
ALA	7, 5	2013	GLY	7, 6	2014	nuc	nuc	1
ALA	7, 5	2013	VAL	7, 7	2015	nuc	nuc	0.63
GLY	7, 6	2014	VAL	7, 7	2015	nuc	nuc	1
LEU	1, 484	484	VAL	7, 8	2016	mit	nuc	0.71
GLN	1, 485	485	VAL	7, 8	2016	mit	nuc	0.58
GLY	7, 6	2014	VAL	7, 8	2016	nuc	nuc	0.92
VAL	7, 7	2015	VAL	7, 8	2016	nuc	nuc	1
VAL	7, 7	2015	LYS	7, 9	2017	nuc	nuc	0.85
VAL	7, 8	2016	LYS	7, 9	2017	nuc	nuc	1
LEU	1, 484	484	ALA	7, 10	2018	mit	nuc	0.61
VAL	7, 8	2016	ALA	7, 10	2018	nuc	nuc	0.56
LYS	7, 9	2017	ALA	7, 10	2018	nuc	nuc	1
LYS	7, 9	2017	ASP	7, 11	2019	nuc	nuc	0.88
ALA	7, 10	2018	ASP	7, 11	2019	nuc	nuc	1
VAL	7, 8	2016	ASP	7, 12	2020	nuc	nuc	0.55
LYS	7, 9	2017	ASP	7, 12	2020	nuc	nuc	0.73
ALA	7, 10	2018	ASP	7, 12	2020	nuc	nuc	0.87
ASP	7, 11	2019	ASP	7, 12	2020	nuc	nuc	1
GLN	1, 485	485	PHE	7, 13	2021	mit	nuc	0.75
PRO	1, 486	486	PHE	7, 13	2021	mit	nuc	0.71
HIS	1, 497	497	PHE	7, 13	2021	mit	nuc	0.52
GLY	1, 498	498	PHE	7, 13	2021	mit	nuc	0.96
ALA	7, 10	2018	PHE	7, 13	2021	nuc	nuc	0.69
ASP	7, 11	2019	PHE	7, 13	2021	nuc	nuc	0.85
ASP	7, 12	2020	PHE	7, 13	2021	nuc	nuc	1
ASP	7, 12	2020	SER	7, 14	2022	nuc	nuc	0.95
PHE	7, 13	2021	SER	7, 14	2022	nuc	nuc	1
ASP	7, 12	2020	HIS	7, 15	2023	nuc	nuc	0.89
PHE	7, 13	2021	HIS	7, 15	2023	nuc	nuc	0.82
SER	7, 14	2022	HIS	7, 15	2023	nuc	nuc	1
HIS	7, 15	2023	PRO	7, 16	2024	nuc	nuc	1
GLN	1, 485	485	ALA	7, 17	2025	mit	nuc	0.97
HIS	7, 15	2023	ALA	7, 17	2025	nuc	nuc	0.95
PRO	7, 16	2024	ALA	7, 17	2025	nuc	nuc	1
ALA	7, 17	2025	TYR	7, 18	2026	nuc	nuc	1
GLU	1, 487	487	VAL	7, 19	2027	mit	nuc	0.91
ALA	7, 17	2025	VAL	7, 19	2027	nuc	nuc	0.99
TYR	7, 18	2026	VAL	7, 19	2027	nuc	nuc	1
TYR	7, 18	2026	ASP	7, 20	2028	nuc	nuc	0.89
VAL	7, 19	2027	ASP	7, 20	2028	nuc	nuc	1
THR	1, 332	332	ARG	7, 21	2029	mit	nuc	0.8
GLU	1, 487	487	ARG	7, 21	2029	mit	nuc	0.52
VAL	7, 19	2027	ARG	7, 21	2029	nuc	nuc	1
ASP	7, 20	2028	ARG	7, 21	2029	nuc	nuc	1
THR	1, 332	332	ARG	7, 22	2030	mit	nuc	0.97
SER	3, 51	1083	ARG	7, 22	2030	mit	nuc	0.7
ARG	7, 21	2029	ARG	7, 22	2030	nuc	nuc	1
GLY	1, 264	264	ASP	7, 23	2031	mit	nuc	0.93
THR	1, 332	332	ASP	7, 23	2031	mit	nuc	0.98
SER	3, 51	1083	ASP	7, 23	2031	mit	nuc	0.88
ASN	3, 53	1085	ASP	7, 23	2031	mit	nuc	0.54
ARG	7, 21	2029	ASP	7, 23	2031	nuc	nuc	1
ARG	7, 22	2030	ASP	7, 23	2031	nuc	nuc	1
VAL	7, 19	2027	VAL	7, 24	2032	nuc	nuc	0.94
ARG	7, 21	2029	VAL	7, 24	2032	nuc	nuc	0.99
ARG	7, 22	2030	VAL	7, 24	2032	nuc	nuc	0.62
ASP	7, 23	2031	VAL	7, 24	2032	nuc	nuc	1
ARG	7, 22	2030	PRO	7, 25	2033	nuc	nuc	0.73
ASP	7, 23	2031	PRO	7, 25	2033	nuc	nuc	0.76
VAL	7, 24	2032	PRO	7, 25	2033	nuc	nuc	1
VAL	7, 24	2032	LEU	7, 26	2034	nuc	nuc	0.96
PRO	7, 25	2033	LEU	7, 26	2034	nuc	nuc	1
TYR	7, 18	2026	PRO	7, 27	2035	nuc	nuc	0.98
VAL	7, 19	2027	PRO	7, 27	2035	nuc	nuc	0.98
ASP	7, 20	2028	PRO	7, 27	2035	nuc	nuc	0.68
VAL	7, 24	2032	PRO	7, 27	2035	nuc	nuc	0.95
LEU	7, 26	2034	PRO	7, 27	2035	nuc	nuc	1
PRO	7, 16	2024	GLU	7, 28	2036	nuc	nuc	0.97
ALA	7, 17	2025	GLU	7, 28	2036	nuc	nuc	0.78
TYR	7, 18	2026	GLU	7, 28	2036	nuc	nuc	0.75
PRO	7, 27	2035	GLU	7, 28	2036	nuc	nuc	1
PRO	7, 16	2024	VAL	7, 29	2037	nuc	nuc	0.98
ALA	7, 17	2025	VAL	7, 29	2037	nuc	nuc	0.91
TYR	7, 18	2026	VAL	7, 29	2037	nuc	nuc	0.98
PRO	7, 27	2035	VAL	7, 29	2037	nuc	nuc	0.99
GLU	7, 28	2036	VAL	7, 29	2037	nuc	nuc	1
TYR	7, 18	2026	ALA	7, 30	2038	nuc	nuc	0.82
PRO	7, 27	2035	ALA	7, 30	2038	nuc	nuc	0.65
VAL	7, 29	2037	ALA	7, 30	2038	nuc	nuc	1
TYR	7, 18	2026	PHE	7, 31	2039	nuc	nuc	0.98
VAL	7, 29	2037	PHE	7, 31	2039	nuc	nuc	0.54
ALA	7, 30	2038	PHE	7, 31	2039	nuc	nuc	1
ALA	7, 5	2013	VAL	7, 32	2040	nuc	nuc	0.51
ALA	7, 30	2038	VAL	7, 32	2040	nuc	nuc	0.98
PHE	7, 31	2039	VAL	7, 32	2040	nuc	nuc	1
VAL	7, 29	2037	LYS	7, 33	2041	nuc	nuc	0.81
ALA	7, 30	2038	LYS	7, 33	2041	nuc	nuc	0.93
PHE	7, 31	2039	LYS	7, 33	2041	nuc	nuc	0.52
VAL	7, 32	2040	LYS	7, 33	2041	nuc	nuc	1
VAL	7, 32	2040	GLU	7, 34	2042	nuc	nuc	0.97
LYS	7, 33	2041	GLU	7, 34	2042	nuc	nuc	1
VAL	7, 32	2040	LEU	7, 35	2043	nuc	nuc	0.88
GLU	7, 34	2042	LEU	7, 35	2043	nuc	nuc	1
GLU	7, 34	2042	SER	7, 36	2044	nuc	nuc	0.61
LEU	7, 35	2043	SER	7, 36	2044	nuc	nuc	1
SER	7, 36	2044	ALA	7, 37	2045	nuc	nuc	1
SER	7, 36	2044	GLN	7, 38	2046	nuc	nuc	0.98
ALA	7, 37	2045	GLN	7, 38	2046	nuc	nuc	1
VAL	7, 32	2040	GLN	7, 39	2047	nuc	nuc	0.59
LEU	7, 35	2043	GLN	7, 39	2047	nuc	nuc	0.96
SER	7, 36	2044	GLN	7, 39	2047	nuc	nuc	0.97
ALA	7, 37	2045	GLN	7, 39	2047	nuc	nuc	0.95
GLN	7, 38	2046	GLN	7, 39	2047	nuc	nuc	1
LEU	7, 35	2043	LYS	7, 40	2048	nuc	nuc	0.95
SER	7, 36	2044	LYS	7, 40	2048	nuc	nuc	0.95
ALA	7, 37	2045	LYS	7, 40	2048	nuc	nuc	0.98
GLN	7, 38	2046	LYS	7, 40	2048	nuc	nuc	0.96
GLN	7, 39	2047	LYS	7, 40	2048	nuc	nuc	1
ALA	7, 37	2045	ALA	7, 41	2049	nuc	nuc	0.93
GLN	7, 38	2046	ALA	7, 41	2049	nuc	nuc	0.98
GLN	7, 39	2047	ALA	7, 41	2049	nuc	nuc	0.98
LYS	7, 40	2048	ALA	7, 41	2049	nuc	nuc	1
GLN	7, 38	2046	LEU	7, 42	2050	nuc	nuc	0.95
GLN	7, 39	2047	LEU	7, 42	2050	nuc	nuc	0.99
LYS	7, 40	2048	LEU	7, 42	2050	nuc	nuc	0.98
ALA	7, 41	2049	LEU	7, 42	2050	nuc	nuc	1
LEU	7, 35	2043	LYS	7, 43	2051	nuc	nuc	0.86
GLN	7, 39	2047	LYS	7, 43	2051	nuc	nuc	0.96
LYS	7, 40	2048	LYS	7, 43	2051	nuc	nuc	0.99
ALA	7, 41	2049	LYS	7, 43	2051	nuc	nuc	0.97
LEU	7, 42	2050	LYS	7, 43	2051	nuc	nuc	1
LYS	7, 40	2048	GLU	7, 44	2052	nuc	nuc	0.94
ALA	7, 41	2049	GLU	7, 44	2052	nuc	nuc	0.99
LEU	7, 42	2050	GLU	7, 44	2052	nuc	nuc	0.98
LYS	7, 43	2051	GLU	7, 44	2052	nuc	nuc	1
ALA	7, 41	2049	LYS	7, 45	2053	nuc	nuc	0.95
LEU	7, 42	2050	LYS	7, 45	2053	nuc	nuc	0.99
LYS	7, 43	2051	LYS	7, 45	2053	nuc	nuc	0.97
GLU	7, 44	2052	LYS	7, 45	2053	nuc	nuc	1
LEU	7, 42	2050	GLU	7, 46	2054	nuc	nuc	0.95
LYS	7, 43	2051	GLU	7, 46	2054	nuc	nuc	0.99
GLU	7, 44	2052	GLU	7, 46	2054	nuc	nuc	0.99
LYS	7, 45	2053	GLU	7, 46	2054	nuc	nuc	1
LYS	7, 43	2051	LYS	7, 47	2055	nuc	nuc	0.67
GLU	7, 44	2052	LYS	7, 47	2055	nuc	nuc	0.97
LYS	7, 45	2053	LYS	7, 47	2055	nuc	nuc	0.97
GLU	7, 46	2054	LYS	7, 47	2055	nuc	nuc	1
LYS	7, 45	2053	ALA	7, 48	2056	nuc	nuc	0.97
GLU	7, 46	2054	ALA	7, 48	2056	nuc	nuc	0.91
LYS	7, 47	2055	ALA	7, 48	2056	nuc	nuc	1
ALA	7, 48	2056	SER	7, 49	2057	nuc	nuc	1
GLU	7, 46	2054	TRP	7, 50	2058	nuc	nuc	0.77
SER	7, 49	2057	TRP	7, 50	2058	nuc	nuc	1
SER	7, 49	2057	THR	7, 51	2059	nuc	nuc	0.99
TRP	7, 50	2058	THR	7, 51	2059	nuc	nuc	1
LYS	7, 45	2053	ALA	7, 52	2060	nuc	nuc	0.64
ALA	7, 48	2056	ALA	7, 52	2060	nuc	nuc	0.91
SER	7, 49	2057	ALA	7, 52	2060	nuc	nuc	0.96
TRP	7, 50	2058	ALA	7, 52	2060	nuc	nuc	0.93
THR	7, 51	2059	ALA	7, 52	2060	nuc	nuc	1
LYS	7, 45	2053	LEU	7, 53	2061	nuc	nuc	0.88
GLU	7, 46	2054	LEU	7, 53	2061	nuc	nuc	0.74
TRP	7, 50	2058	LEU	7, 53	2061	nuc	nuc	0.95
THR	7, 51	2059	LEU	7, 53	2061	nuc	nuc	0.92
ALA	7, 52	2060	LEU	7, 53	2061	nuc	nuc	1
LEU	7, 53	2061	SER	7, 54	2062	nuc	nuc	1
SER	7, 54	2062	VAL	7, 55	2063	nuc	nuc	1
SER	7, 54	2062	ASP	7, 56	2064	nuc	nuc	0.99
VAL	7, 55	2063	ASP	7, 56	2064	nuc	nuc	1
LEU	7, 42	2050	GLU	7, 57	2065	nuc	nuc	0.95
LYS	7, 45	2053	GLU	7, 57	2065	nuc	nuc	0.73
LEU	7, 53	2061	GLU	7, 57	2065	nuc	nuc	0.97
SER	7, 54	2062	GLU	7, 57	2065	nuc	nuc	0.98
VAL	7, 55	2063	GLU	7, 57	2065	nuc	nuc	0.96
ASP	7, 56	2064	GLU	7, 57	2065	nuc	nuc	1
TRP	7, 50	2058	LYS	7, 58	2066	nuc	nuc	0.54
LEU	7, 53	2061	LYS	7, 58	2066	nuc	nuc	0.95
SER	7, 54	2062	LYS	7, 58	2066	nuc	nuc	0.95
VAL	7, 55	2063	LYS	7, 58	2066	nuc	nuc	0.99
ASP	7, 56	2064	LYS	7, 58	2066	nuc	nuc	0.98
GLU	7, 57	2065	LYS	7, 58	2066	nuc	nuc	1
VAL	7, 55	2063	VAL	7, 59	2067	nuc	nuc	0.97
ASP	7, 56	2064	VAL	7, 59	2067	nuc	nuc	0.99
GLU	7, 57	2065	VAL	7, 59	2067	nuc	nuc	0.97
LYS	7, 58	2066	VAL	7, 59	2067	nuc	nuc	1
GLN	7, 39	2047	GLU	7, 60	2068	nuc	nuc	0.67
LEU	7, 42	2050	GLU	7, 60	2068	nuc	nuc	0.93
ASP	7, 56	2064	GLU	7, 60	2068	nuc	nuc	0.98
GLU	7, 57	2065	GLU	7, 60	2068	nuc	nuc	0.99
LYS	7, 58	2066	GLU	7, 60	2068	nuc	nuc	0.98
VAL	7, 59	2067	GLU	7, 60	2068	nuc	nuc	1
LEU	7, 42	2050	LEU	7, 61	2069	nuc	nuc	0.95
LYS	7, 43	2051	LEU	7, 61	2069	nuc	nuc	0.53
GLU	7, 46	2054	LEU	7, 61	2069	nuc	nuc	0.93
LEU	7, 53	2061	LEU	7, 61	2069	nuc	nuc	0.52
GLU	7, 57	2065	LEU	7, 61	2069	nuc	nuc	0.97
LYS	7, 58	2066	LEU	7, 61	2069	nuc	nuc	0.99
VAL	7, 59	2067	LEU	7, 61	2069	nuc	nuc	0.98
GLU	7, 60	2068	LEU	7, 61	2069	nuc	nuc	1
LYS	7, 58	2066	TYR	7, 62	2070	nuc	nuc	0.99
VAL	7, 59	2067	TYR	7, 62	2070	nuc	nuc	1
GLU	7, 60	2068	TYR	7, 62	2070	nuc	nuc	0.99
LEU	7, 61	2069	TYR	7, 62	2070	nuc	nuc	1
PHE	7, 31	2039	ARG	7, 63	2071	nuc	nuc	0.68
VAL	7, 59	2067	ARG	7, 63	2071	nuc	nuc	0.98
GLU	7, 60	2068	ARG	7, 63	2071	nuc	nuc	1
LEU	7, 61	2069	ARG	7, 63	2071	nuc	nuc	0.94
TYR	7, 62	2070	ARG	7, 63	2071	nuc	nuc	1
ALA	7, 30	2038	ILE	7, 64	2072	nuc	nuc	0.88
PHE	7, 31	2039	ILE	7, 64	2072	nuc	nuc	0.94
VAL	7, 32	2040	ILE	7, 64	2072	nuc	nuc	0.97
LEU	7, 35	2043	ILE	7, 64	2072	nuc	nuc	0.68
GLN	7, 39	2047	ILE	7, 64	2072	nuc	nuc	0.92
GLU	7, 60	2068	ILE	7, 64	2072	nuc	nuc	0.98
LEU	7, 61	2069	ILE	7, 64	2072	nuc	nuc	0.99
TYR	7, 62	2070	ILE	7, 64	2072	nuc	nuc	0.98
ARG	7, 63	2071	ILE	7, 64	2072	nuc	nuc	1
ALA	7, 30	2038	LYS	7, 65	2073	nuc	nuc	0.98
PHE	7, 31	2039	LYS	7, 65	2073	nuc	nuc	0.97
VAL	7, 32	2040	LYS	7, 65	2073	nuc	nuc	0.57
LEU	7, 61	2069	LYS	7, 65	2073	nuc	nuc	0.95
TYR	7, 62	2070	LYS	7, 65	2073	nuc	nuc	0.98
ARG	7, 63	2071	LYS	7, 65	2073	nuc	nuc	0.89
ILE	7, 64	2072	LYS	7, 65	2073	nuc	nuc	1
ASP	7, 20	2028	PHE	7, 66	2074	nuc	nuc	0.74
PRO	7, 27	2035	PHE	7, 66	2074	nuc	nuc	0.7
PHE	7, 31	2039	PHE	7, 66	2074	nuc	nuc	0.96
TYR	7, 62	2070	PHE	7, 66	2074	nuc	nuc	0.99
ARG	7, 63	2071	PHE	7, 66	2074	nuc	nuc	0.95
LYS	7, 65	2073	PHE	7, 66	2074	nuc	nuc	1
TYR	7, 18	2026	ASN	7, 67	2075	nuc	nuc	0.87
ASP	7, 20	2028	ASN	7, 67	2075	nuc	nuc	0.96
PHE	7, 31	2039	ASN	7, 67	2075	nuc	nuc	0.97
ARG	7, 63	2071	ASN	7, 67	2075	nuc	nuc	0.73
PHE	7, 66	2074	ASN	7, 67	2075	nuc	nuc	1
ASP	7, 20	2028	GLU	7, 68	2076	nuc	nuc	0.97
PHE	7, 66	2074	GLU	7, 68	2076	nuc	nuc	0.96
ASN	7, 67	2075	GLU	7, 68	2076	nuc	nuc	1
TYR	7, 62	2070	SER	7, 69	2077	nuc	nuc	0.57
PHE	7, 66	2074	SER	7, 69	2077	nuc	nuc	0.88
GLU	7, 68	2076	SER	7, 69	2077	nuc	nuc	1
ARG	7, 22	2030	TYR	7, 70	2078	nuc	nuc	0.87
SER	7, 69	2077	TYR	7, 70	2078	nuc	nuc	1
SER	7, 69	2077	ALA	7, 71	2079	nuc	nuc	1
TYR	7, 70	2078	ALA	7, 71	2079	nuc	nuc	1
GLU	7, 68	2076	GLU	7, 72	2080	nuc	nuc	0.98
SER	7, 69	2077	GLU	7, 72	2080	nuc	nuc	0.99
TYR	7, 70	2078	GLU	7, 72	2080	nuc	nuc	0.96
ALA	7, 71	2079	GLU	7, 72	2080	nuc	nuc	1
ASP	7, 20	2028	MET	7, 73	2081	nuc	nuc	0.97
ARG	7, 22	2030	MET	7, 73	2081	nuc	nuc	0.88
GLU	7, 68	2076	MET	7, 73	2081	nuc	nuc	0.97
SER	7, 69	2077	MET	7, 73	2081	nuc	nuc	0.96
TYR	7, 70	2078	MET	7, 73	2081	nuc	nuc	0.99
ALA	7, 71	2079	MET	7, 73	2081	nuc	nuc	0.92
GLU	7, 72	2080	MET	7, 73	2081	nuc	nuc	1
ARG	7, 22	2030	ASN	7, 74	2082	nuc	nuc	0.81
TYR	7, 70	2078	ASN	7, 74	2082	nuc	nuc	0.95
ALA	7, 71	2079	ASN	7, 74	2082	nuc	nuc	0.97
GLU	7, 72	2080	ASN	7, 74	2082	nuc	nuc	0.85
MET	7, 73	2081	ASN	7, 74	2082	nuc	nuc	1
ALA	7, 71	2079	LYS	7, 75	2083	nuc	nuc	0.9
GLU	7, 72	2080	LYS	7, 75	2083	nuc	nuc	0.97
MET	7, 73	2081	LYS	7, 75	2083	nuc	nuc	0.95
ASN	7, 74	2082	LYS	7, 75	2083	nuc	nuc	1
ASN	7, 74	2082	GLY	7, 76	2084	nuc	nuc	0.95
LYS	7, 75	2083	GLY	7, 76	2084	nuc	nuc	1
LYS	7, 75	2083	THR	7, 77	2085	nuc	nuc	0.91
GLY	7, 76	2084	THR	7, 77	2085	nuc	nuc	1
GLY	7, 76	2084	ASN	7, 78	2086	nuc	nuc	0.53
THR	7, 77	2085	ASN	7, 78	2086	nuc	nuc	1
SER	1, 409	409	GLU	7, 79	2087	mit	nuc	0.96
LYS	1, 412	412	GLU	7, 79	2087	mit	nuc	0.72
THR	7, 77	2085	GLU	7, 79	2087	nuc	nuc	1
ASN	7, 78	2086	GLU	7, 79	2087	nuc	nuc	1
THR	7, 77	2085	TRP	7, 80	2088	nuc	nuc	0.64
ASN	7, 78	2086	TRP	7, 80	2088	nuc	nuc	0.99
GLU	7, 79	2087	TRP	7, 80	2088	nuc	nuc	1
ASN	7, 78	2086	LYS	7, 81	2089	nuc	nuc	0.99
GLU	7, 79	2087	LYS	7, 81	2089	nuc	nuc	0.99
TRP	7, 80	2088	LYS	7, 81	2089	nuc	nuc	1
SER	1, 409	409	THR	7, 82	2090	mit	nuc	0.98
ASN	7, 78	2086	THR	7, 82	2090	nuc	nuc	0.87
GLU	7, 79	2087	THR	7, 82	2090	nuc	nuc	0.99
TRP	7, 80	2088	THR	7, 82	2090	nuc	nuc	0.98
LYS	7, 81	2089	THR	7, 82	2090	nuc	nuc	1
SER	1, 409	409	VAL	7, 83	2091	mit	nuc	0.97
LYS	1, 412	412	VAL	7, 83	2091	mit	nuc	0.99
ALA	1, 413	413	VAL	7, 83	2091	mit	nuc	0.99
GLY	1, 416	416	VAL	7, 83	2091	mit	nuc	0.64
GLU	7, 79	2087	VAL	7, 83	2091	nuc	nuc	0.99
TRP	7, 80	2088	VAL	7, 83	2091	nuc	nuc	1
LYS	7, 81	2089	VAL	7, 83	2091	nuc	nuc	0.98
THR	7, 82	2090	VAL	7, 83	2091	nuc	nuc	1
TRP	7, 80	2088	LEU	7, 84	2092	nuc	nuc	0.99
LYS	7, 81	2089	LEU	7, 84	2092	nuc	nuc	1
THR	7, 82	2090	LEU	7, 84	2092	nuc	nuc	0.95
VAL	7, 83	2091	LEU	7, 84	2092	nuc	nuc	1
ALA	1, 413	413	GLY	7, 85	2093	mit	nuc	0.57
LYS	7, 81	2089	GLY	7, 85	2093	nuc	nuc	0.98
THR	7, 82	2090	GLY	7, 85	2093	nuc	nuc	1
VAL	7, 83	2091	GLY	7, 85	2093	nuc	nuc	1
LEU	7, 84	2092	GLY	7, 85	2093	nuc	nuc	1
ALA	1, 413	413	GLY	7, 86	2094	mit	nuc	0.99
THR	7, 82	2090	GLY	7, 86	2094	nuc	nuc	0.99
VAL	7, 83	2091	GLY	7, 86	2094	nuc	nuc	1
LEU	7, 84	2092	GLY	7, 86	2094	nuc	nuc	1
GLY	7, 85	2093	GLY	7, 86	2094	nuc	nuc	1
ALA	1, 413	413	VAL	7, 87	2095	mit	nuc	0.99
GLY	1, 416	416	VAL	7, 87	2095	mit	nuc	0.99
VAL	1, 417	417	VAL	7, 87	2095	mit	nuc	0.99
THR	1, 420	420	VAL	7, 87	2095	mit	nuc	0.88
VAL	7, 83	2091	VAL	7, 87	2095	nuc	nuc	1
LEU	7, 84	2092	VAL	7, 87	2095	nuc	nuc	1
GLY	7, 85	2093	VAL	7, 87	2095	nuc	nuc	1
GLY	7, 86	2094	VAL	7, 87	2095	nuc	nuc	1
LEU	7, 84	2092	LEU	7, 88	2096	nuc	nuc	0.99
GLY	7, 85	2093	LEU	7, 88	2096	nuc	nuc	1
GLY	7, 86	2094	LEU	7, 88	2096	nuc	nuc	1
VAL	7, 87	2095	LEU	7, 88	2096	nuc	nuc	1
GLY	7, 85	2093	PHE	7, 89	2097	nuc	nuc	1
GLY	7, 86	2094	PHE	7, 89	2097	nuc	nuc	1
VAL	7, 87	2095	PHE	7, 89	2097	nuc	nuc	0.99
LEU	7, 88	2096	PHE	7, 89	2097	nuc	nuc	1
ALA	1, 413	413	PHE	7, 90	2098	mit	nuc	0.9
VAL	1, 417	417	PHE	7, 90	2098	mit	nuc	0.99
THR	1, 464	464	PHE	7, 90	2098	mit	nuc	0.99
ALA	1, 465	465	PHE	7, 90	2098	mit	nuc	0.68
MET	1, 468	468	PHE	7, 90	2098	mit	nuc	0.97
GLY	7, 86	2094	PHE	7, 90	2098	nuc	nuc	1
VAL	7, 87	2095	PHE	7, 90	2098	nuc	nuc	1
LEU	7, 88	2096	PHE	7, 90	2098	nuc	nuc	0.93
PHE	7, 89	2097	PHE	7, 90	2098	nuc	nuc	1
VAL	1, 417	417	LEU	7, 91	2099	mit	nuc	0.97
THR	1, 420	420	LEU	7, 91	2099	mit	nuc	0.95
ILE	1, 461	461	LEU	7, 91	2099	mit	nuc	0.99
VAL	7, 87	2095	LEU	7, 91	2099	nuc	nuc	0.99
LEU	7, 88	2096	LEU	7, 91	2099	nuc	nuc	1
PHE	7, 89	2097	LEU	7, 91	2099	nuc	nuc	1
PHE	7, 90	2098	LEU	7, 91	2099	nuc	nuc	1
LEU	7, 88	2096	GLY	7, 92	2100	nuc	nuc	0.98
PHE	7, 89	2097	GLY	7, 92	2100	nuc	nuc	1
PHE	7, 90	2098	GLY	7, 92	2100	nuc	nuc	1
LEU	7, 91	2099	GLY	7, 92	2100	nuc	nuc	1
THR	1, 464	464	VAL	7, 93	2101	mit	nuc	0.98
PHE	7, 89	2097	VAL	7, 93	2101	nuc	nuc	0.99
PHE	7, 90	2098	VAL	7, 93	2101	nuc	nuc	1
LEU	7, 91	2099	VAL	7, 93	2101	nuc	nuc	0.99
GLY	7, 92	2100	VAL	7, 93	2101	nuc	nuc	1
ILE	1, 457	457	SER	7, 94	2102	mit	nuc	0.62
LEU	1, 460	460	SER	7, 94	2102	mit	nuc	0.99
ILE	1, 461	461	SER	7, 94	2102	mit	nuc	0.99
MET	1, 463	463	SER	7, 94	2102	mit	nuc	0.62
THR	1, 464	464	SER	7, 94	2102	mit	nuc	0.99
PHE	7, 90	2098	SER	7, 94	2102	nuc	nuc	0.99
LEU	7, 91	2099	SER	7, 94	2102	nuc	nuc	1
GLY	7, 92	2100	SER	7, 94	2102	nuc	nuc	1
VAL	7, 93	2101	SER	7, 94	2102	nuc	nuc	1
LEU	1, 460	460	GLY	7, 95	2103	mit	nuc	0.9
LEU	7, 91	2099	GLY	7, 95	2103	nuc	nuc	0.9
GLY	7, 92	2100	GLY	7, 95	2103	nuc	nuc	1
VAL	7, 93	2101	GLY	7, 95	2103	nuc	nuc	1
SER	7, 94	2102	GLY	7, 95	2103	nuc	nuc	1
GLY	7, 92	2100	LEU	7, 96	2104	nuc	nuc	0.99
VAL	7, 93	2101	LEU	7, 96	2104	nuc	nuc	1
SER	7, 94	2102	LEU	7, 96	2104	nuc	nuc	0.99
GLY	7, 95	2103	LEU	7, 96	2104	nuc	nuc	1
LEU	1, 460	460	ILE	7, 97	2105	mit	nuc	0.99
THR	1, 464	464	ILE	7, 97	2105	mit	nuc	0.8
VAL	7, 93	2101	ILE	7, 97	2105	nuc	nuc	0.97
SER	7, 94	2102	ILE	7, 97	2105	nuc	nuc	1
GLY	7, 95	2103	ILE	7, 97	2105	nuc	nuc	1
LEU	7, 96	2104	ILE	7, 97	2105	nuc	nuc	1
ILE	1, 457	457	LEU	7, 98	2106	mit	nuc	0.98
LEU	1, 460	460	LEU	7, 98	2106	mit	nuc	0.98
SER	7, 94	2102	LEU	7, 98	2106	nuc	nuc	0.98
GLY	7, 95	2103	LEU	7, 98	2106	nuc	nuc	1
LEU	7, 96	2104	LEU	7, 98	2106	nuc	nuc	0.99
ILE	7, 97	2105	LEU	7, 98	2106	nuc	nuc	1
GLY	7, 95	2103	ILE	7, 99	2107	nuc	nuc	0.99
LEU	7, 96	2104	ILE	7, 99	2107	nuc	nuc	1
ILE	7, 97	2105	ILE	7, 99	2107	nuc	nuc	0.99
LEU	7, 98	2106	ILE	7, 99	2107	nuc	nuc	1
LEU	7, 96	2104	TRP	7, 100	2108	nuc	nuc	0.99
ILE	7, 97	2105	TRP	7, 100	2108	nuc	nuc	1
LEU	7, 98	2106	TRP	7, 100	2108	nuc	nuc	0.99
ILE	7, 99	2107	TRP	7, 100	2108	nuc	nuc	1
ALA	1, 40	40	GLN	7, 101	2109	mit	nuc	0.77
ILE	7, 97	2105	GLN	7, 101	2109	nuc	nuc	0.99
LEU	7, 98	2106	GLN	7, 101	2109	nuc	nuc	1
ILE	7, 99	2107	GLN	7, 101	2109	nuc	nuc	0.99
TRP	7, 100	2108	GLN	7, 101	2109	nuc	nuc	1
LEU	7, 98	2106	LYS	7, 102	2110	nuc	nuc	0.99
ILE	7, 99	2107	LYS	7, 102	2110	nuc	nuc	1
TRP	7, 100	2108	LYS	7, 102	2110	nuc	nuc	0.98
GLN	7, 101	2109	LYS	7, 102	2110	nuc	nuc	1
ILE	7, 99	2107	MET	7, 103	2111	nuc	nuc	0.98
TRP	7, 100	2108	MET	7, 103	2111	nuc	nuc	0.99
GLN	7, 101	2109	MET	7, 103	2111	nuc	nuc	0.94
LYS	7, 102	2110	MET	7, 103	2111	nuc	nuc	1
TRP	7, 100	2108	TYR	7, 104	2112	nuc	nuc	0.99
GLN	7, 101	2109	TYR	7, 104	2112	nuc	nuc	0.94
MET	7, 103	2111	TYR	7, 104	2112	nuc	nuc	1
ALA	1, 40	40	MET	7, 105	2113	mit	nuc	0.81
TRP	7, 100	2108	MET	7, 105	2113	nuc	nuc	0.75
GLN	7, 101	2109	MET	7, 105	2113	nuc	nuc	0.98
LYS	7, 102	2110	MET	7, 105	2113	nuc	nuc	0.9
MET	7, 103	2111	MET	7, 105	2113	nuc	nuc	0.62
TYR	7, 104	2112	MET	7, 105	2113	nuc	nuc	1
GLN	1, 44	44	TYR	7, 106	2114	mit	nuc	0.98
LEU	1, 48	48	TYR	7, 106	2114	mit	nuc	0.71
GLN	7, 101	2109	TYR	7, 106	2114	nuc	nuc	0.97
LYS	7, 102	2110	TYR	7, 106	2114	nuc	nuc	0.99
MET	7, 105	2113	TYR	7, 106	2114	nuc	nuc	1
GLN	1, 44	44	GLY	7, 107	2115	mit	nuc	0.7
MET	7, 105	2113	GLY	7, 107	2115	nuc	nuc	0.91
TYR	7, 106	2114	GLY	7, 107	2115	nuc	nuc	1
GLY	7, 107	2115	PRO	7, 108	2116	nuc	nuc	1
GLN	1, 44	44	ILE	7, 109	2117	mit	nuc	0.94
PRO	1, 45	45	ILE	7, 109	2117	mit	nuc	0.94
GLY	1, 46	46	ILE	7, 109	2117	mit	nuc	0.67
GLY	7, 107	2115	ILE	7, 109	2117	nuc	nuc	0.88
PRO	7, 108	2116	ILE	7, 109	2117	nuc	nuc	1
PRO	1, 45	45	PRO	7, 110	2118	mit	nuc	0.98
GLY	1, 46	46	PRO	7, 110	2118	mit	nuc	0.98
ASP	1, 446	446	PRO	7, 110	2118	mit	nuc	0.56
THR	3, 124	1156	PRO	7, 110	2118	mit	nuc	0.9
ARG	3, 133	1165	PRO	7, 110	2118	mit	nuc	0.94
PRO	7, 108	2116	PRO	7, 110	2118	nuc	nuc	0.58
ILE	7, 109	2117	PRO	7, 110	2118	nuc	nuc	1
PRO	7, 110	2118	HIS	7, 111	2119	nuc	nuc	1
ASP	1, 446	446	THR	7, 112	2120	mit	nuc	0.96
THR	3, 124	1156	THR	7, 112	2120	mit	nuc	0.72
LEU	3, 127	1159	THR	7, 112	2120	mit	nuc	0.64
ARG	3, 133	1165	THR	7, 112	2120	mit	nuc	0.98
PRO	7, 110	2118	THR	7, 112	2120	nuc	nuc	1
HIS	7, 111	2119	THR	7, 112	2120	nuc	nuc	1
PRO	1, 45	45	PHE	7, 113	2121	mit	nuc	0.77
ASP	1, 446	446	PHE	7, 113	2121	mit	nuc	0.94
ILE	7, 109	2117	PHE	7, 113	2121	nuc	nuc	0.98
PRO	7, 110	2118	PHE	7, 113	2121	nuc	nuc	0.98
HIS	7, 111	2119	PHE	7, 113	2121	nuc	nuc	0.96
THR	7, 112	2120	PHE	7, 113	2121	nuc	nuc	1
HIS	7, 111	2119	SER	7, 114	2122	nuc	nuc	0.98
THR	7, 112	2120	SER	7, 114	2122	nuc	nuc	0.96
PHE	7, 113	2121	SER	7, 114	2122	nuc	nuc	1
SER	7, 114	2122	ASP	7, 115	2123	nuc	nuc	1
SER	7, 114	2122	GLU	7, 116	2124	nuc	nuc	1
ASP	7, 115	2123	GLU	7, 116	2124	nuc	nuc	1
LEU	3, 129	1161	TRP	7, 117	2125	mit	nuc	0.75
GLY	3, 130	1162	TRP	7, 117	2125	mit	nuc	0.95
HIS	7, 111	2119	TRP	7, 117	2125	nuc	nuc	0.97
THR	7, 112	2120	TRP	7, 117	2125	nuc	nuc	0.99
PHE	7, 113	2121	TRP	7, 117	2125	nuc	nuc	0.95
SER	7, 114	2122	TRP	7, 117	2125	nuc	nuc	1
ASP	7, 115	2123	TRP	7, 117	2125	nuc	nuc	0.95
GLU	7, 116	2124	TRP	7, 117	2125	nuc	nuc	1
THR	7, 112	2120	LEU	7, 118	2126	nuc	nuc	0.64
PHE	7, 113	2121	LEU	7, 118	2126	nuc	nuc	0.97
SER	7, 114	2122	LEU	7, 118	2126	nuc	nuc	0.98
ASP	7, 115	2123	LEU	7, 118	2126	nuc	nuc	1
GLU	7, 116	2124	LEU	7, 118	2126	nuc	nuc	0.97
TRP	7, 117	2125	LEU	7, 118	2126	nuc	nuc	1
ASP	7, 115	2123	SER	7, 119	2127	nuc	nuc	0.98
GLU	7, 116	2124	SER	7, 119	2127	nuc	nuc	1
TRP	7, 117	2125	SER	7, 119	2127	nuc	nuc	0.99
LEU	7, 118	2126	SER	7, 119	2127	nuc	nuc	1
LEU	3, 129	1161	MET	7, 120	2128	mit	nuc	0.96
GLY	3, 130	1162	MET	7, 120	2128	mit	nuc	0.99
GLU	7, 116	2124	MET	7, 120	2128	nuc	nuc	0.98
TRP	7, 117	2125	MET	7, 120	2128	nuc	nuc	1
LEU	7, 118	2126	MET	7, 120	2128	nuc	nuc	0.97
SER	7, 119	2127	MET	7, 120	2128	nuc	nuc	1
GLY	3, 130	1162	GLN	7, 121	2129	mit	nuc	0.98
HIS	3, 131	1163	GLN	7, 121	2129	mit	nuc	0.67
PHE	3, 132	1164	GLN	7, 121	2129	mit	nuc	0.95
THR	7, 112	2120	GLN	7, 121	2129	nuc	nuc	0.88
TRP	7, 117	2125	GLN	7, 121	2129	nuc	nuc	1
LEU	7, 118	2126	GLN	7, 121	2129	nuc	nuc	1
SER	7, 119	2127	GLN	7, 121	2129	nuc	nuc	0.98
MET	7, 120	2128	GLN	7, 121	2129	nuc	nuc	1
LEU	7, 118	2126	THR	7, 122	2130	nuc	nuc	0.99
SER	7, 119	2127	THR	7, 122	2130	nuc	nuc	1
MET	7, 120	2128	THR	7, 122	2130	nuc	nuc	0.98
GLN	7, 121	2129	THR	7, 122	2130	nuc	nuc	1
SER	7, 119	2127	LYS	7, 123	2131	nuc	nuc	0.98
MET	7, 120	2128	LYS	7, 123	2131	nuc	nuc	1
GLN	7, 121	2129	LYS	7, 123	2131	nuc	nuc	0.99
THR	7, 122	2130	LYS	7, 123	2131	nuc	nuc	1
GLY	3, 130	1162	ARG	7, 124	2132	mit	nuc	0.98
HIS	3, 131	1163	ARG	7, 124	2132	mit	nuc	0.86
MET	7, 120	2128	ARG	7, 124	2132	nuc	nuc	0.99
GLN	7, 121	2129	ARG	7, 124	2132	nuc	nuc	1
THR	7, 122	2130	ARG	7, 124	2132	nuc	nuc	0.99
LYS	7, 123	2131	ARG	7, 124	2132	nuc	nuc	1
ASN	3, 3	1035	MET	7, 125	2133	mit	nuc	0.6
GLN	7, 121	2129	MET	7, 125	2133	nuc	nuc	0.99
THR	7, 122	2130	MET	7, 125	2133	nuc	nuc	1
LYS	7, 123	2131	MET	7, 125	2133	nuc	nuc	0.99
ARG	7, 124	2132	MET	7, 125	2133	nuc	nuc	1
THR	7, 122	2130	LEU	7, 126	2134	nuc	nuc	0.99
LYS	7, 123	2131	LEU	7, 126	2134	nuc	nuc	1
ARG	7, 124	2132	LEU	7, 126	2134	nuc	nuc	0.99
MET	7, 125	2133	LEU	7, 126	2134	nuc	nuc	1
LYS	7, 123	2131	ASP	7, 127	2135	nuc	nuc	0.99
ARG	7, 124	2132	ASP	7, 127	2135	nuc	nuc	1
MET	7, 125	2133	ASP	7, 127	2135	nuc	nuc	0.98
LEU	7, 126	2134	ASP	7, 127	2135	nuc	nuc	1
GLY	3, 189	1221	MET	7, 128	2136	mit	nuc	0.96
VAL	3, 190	1222	MET	7, 128	2136	mit	nuc	0.98
ARG	7, 124	2132	MET	7, 128	2136	nuc	nuc	0.99
MET	7, 125	2133	MET	7, 128	2136	nuc	nuc	0.99
LEU	7, 126	2134	MET	7, 128	2136	nuc	nuc	0.96
ASP	7, 127	2135	MET	7, 128	2136	nuc	nuc	1
GLY	3, 189	1221	ARG	7, 129	2137	mit	nuc	0.87
LEU	7, 126	2134	ARG	7, 129	2137	nuc	nuc	0.92
ASP	7, 127	2135	ARG	7, 129	2137	nuc	nuc	0.95
MET	7, 128	2136	ARG	7, 129	2137	nuc	nuc	1
MET	3, 1	1033	ILE	7, 130	2138	mit	nuc	0.96
ASN	3, 3	1035	ILE	7, 130	2138	mit	nuc	0.83
MET	7, 125	2133	ILE	7, 130	2138	nuc	nuc	0.99
LEU	7, 126	2134	ILE	7, 130	2138	nuc	nuc	0.77
MET	7, 128	2136	ILE	7, 130	2138	nuc	nuc	1
ARG	7, 129	2137	ILE	7, 130	2138	nuc	nuc	1
MET	3, 1	1033	ASN	7, 131	2139	mit	nuc	0.61
ASN	3, 3	1035	ASN	7, 131	2139	mit	nuc	0.93
GLN	3, 10	1042	ASN	7, 131	2139	mit	nuc	0.96
ASP	3, 11	1043	ASN	7, 131	2139	mit	nuc	0.98
ILE	7, 130	2138	ASN	7, 131	2139	nuc	nuc	1
ASP	3, 11	1043	PRO	7, 132	2140	mit	nuc	0.94
ARG	3, 187	1219	PRO	7, 132	2140	mit	nuc	0.69
ARG	7, 129	2137	PRO	7, 132	2140	nuc	nuc	0.98
ILE	7, 130	2138	PRO	7, 132	2140	nuc	nuc	0.95
ASN	7, 131	2139	PRO	7, 132	2140	nuc	nuc	1
ASP	3, 11	1043	VAL	7, 133	2141	mit	nuc	0.97
ALA	3, 12	1044	VAL	7, 133	2141	mit	nuc	0.72
ASN	7, 131	2139	VAL	7, 133	2141	nuc	nuc	0.98
PRO	7, 132	2140	VAL	7, 133	2141	nuc	nuc	1
ASP	3, 11	1043	GLU	7, 134	2142	mit	nuc	0.94
ASN	7, 131	2139	GLU	7, 134	2142	nuc	nuc	0.94
VAL	7, 133	2141	GLU	7, 134	2142	nuc	nuc	1
ASN	3, 3	1035	GLY	7, 135	2143	mit	nuc	0.95
GLN	3, 6	1038	GLY	7, 135	2143	mit	nuc	0.69
ASP	3, 11	1043	GLY	7, 135	2143	mit	nuc	0.95
ILE	7, 130	2138	GLY	7, 135	2143	nuc	nuc	0.61
ASN	7, 131	2139	GLY	7, 135	2143	nuc	nuc	0.98
PRO	7, 132	2140	GLY	7, 135	2143	nuc	nuc	0.84
VAL	7, 133	2141	GLY	7, 135	2143	nuc	nuc	0.98
GLU	7, 134	2142	GLY	7, 135	2143	nuc	nuc	1
ASN	3, 3	1035	ILE	7, 136	2144	mit	nuc	0.97
MET	7, 125	2133	ILE	7, 136	2144	nuc	nuc	0.96
LEU	7, 126	2134	ILE	7, 136	2144	nuc	nuc	0.84
ILE	7, 130	2138	ILE	7, 136	2144	nuc	nuc	0.95
ASN	7, 131	2139	ILE	7, 136	2144	nuc	nuc	0.97
GLY	7, 135	2143	ILE	7, 136	2144	nuc	nuc	1
MET	7, 125	2133	SER	7, 137	2145	nuc	nuc	0.82
LEU	7, 126	2134	SER	7, 137	2145	nuc	nuc	0.98
ARG	7, 129	2137	SER	7, 137	2145	nuc	nuc	0.99
ILE	7, 130	2138	SER	7, 137	2145	nuc	nuc	0.98
ASN	7, 131	2139	SER	7, 137	2145	nuc	nuc	0.98
PRO	7, 132	2140	SER	7, 137	2145	nuc	nuc	0.98
GLY	7, 135	2143	SER	7, 137	2145	nuc	nuc	0.99
ILE	7, 136	2144	SER	7, 137	2145	nuc	nuc	1
ASN	7, 131	2139	ALA	7, 138	2146	nuc	nuc	0.86
PRO	7, 132	2140	ALA	7, 138	2146	nuc	nuc	0.97
VAL	7, 133	2141	ALA	7, 138	2146	nuc	nuc	0.97
GLU	7, 134	2142	ALA	7, 138	2146	nuc	nuc	0.98
GLY	7, 135	2143	ALA	7, 138	2146	nuc	nuc	0.99
ILE	7, 136	2144	ALA	7, 138	2146	nuc	nuc	0.97
SER	7, 137	2145	ALA	7, 138	2146	nuc	nuc	1
GLY	7, 135	2143	GLN	7, 139	2147	nuc	nuc	0.98
ILE	7, 136	2144	GLN	7, 139	2147	nuc	nuc	0.98
SER	7, 137	2145	GLN	7, 139	2147	nuc	nuc	0.96
ALA	7, 138	2146	GLN	7, 139	2147	nuc	nuc	1
LEU	7, 126	2134	TRP	7, 140	2148	nuc	nuc	0.98
ILE	7, 136	2144	TRP	7, 140	2148	nuc	nuc	0.9
SER	7, 137	2145	TRP	7, 140	2148	nuc	nuc	0.99
ALA	7, 138	2146	TRP	7, 140	2148	nuc	nuc	0.95
GLN	7, 139	2147	TRP	7, 140	2148	nuc	nuc	1
TRP	7, 140	2148	ASP	7, 141	2149	nuc	nuc	1
TRP	7, 140	2148	TYR	7, 142	2150	nuc	nuc	0.98
ASP	7, 141	2149	TYR	7, 142	2150	nuc	nuc	1
ASP	7, 141	2149	GLU	7, 143	2151	nuc	nuc	0.99
TYR	7, 142	2150	GLU	7, 143	2151	nuc	nuc	1
ASP	7, 141	2149	LYS	7, 144	2152	nuc	nuc	0.96
GLU	7, 143	2151	LYS	7, 144	2152	nuc	nuc	1
ASP	7, 141	2149	ASN	7, 145	2153	nuc	nuc	0.87
TYR	7, 142	2150	ASN	7, 145	2153	nuc	nuc	0.85
GLU	7, 143	2151	ASN	7, 145	2153	nuc	nuc	0.73
LYS	7, 144	2152	ASN	7, 145	2153	nuc	nuc	1
ASP	7, 141	2149	GLU	7, 146	2154	nuc	nuc	0.95
LYS	7, 144	2152	GLU	7, 146	2154	nuc	nuc	0.97
ASN	7, 145	2153	GLU	7, 146	2154	nuc	nuc	1
GLN	7, 139	2147	TRP	7, 147	2155	nuc	nuc	0.97
TRP	7, 140	2148	TRP	7, 147	2155	nuc	nuc	0.97
ASP	7, 141	2149	TRP	7, 147	2155	nuc	nuc	0.89
GLU	7, 146	2154	TRP	7, 147	2155	nuc	nuc	1
GLN	7, 139	2147	LYS	7, 148	2156	nuc	nuc	0.99
TRP	7, 140	2148	LYS	7, 148	2156	nuc	nuc	0.95
ASP	7, 141	2149	LYS	7, 148	2156	nuc	nuc	0.97
GLU	7, 146	2154	LYS	7, 148	2156	nuc	nuc	0.65
TRP	7, 147	2155	LYS	7, 148	2156	nuc	nuc	1
TRP	7, 147	2155	LYS	7, 149	2157	nuc	nuc	0.87
LYS	7, 148	2156	LYS	7, 149	2157	nuc	nuc	1
ALA	8, 1	2158	HIS	8, 2	2159	nuc	nuc	1
ALA	8, 1	2158	GLY	8, 3	2160	nuc	nuc	0.94
HIS	8, 2	2159	GLY	8, 3	2160	nuc	nuc	1
HIS	8, 2	2159	HIS	8, 4	2161	nuc	nuc	0.67
GLY	8, 3	2160	HIS	8, 4	2161	nuc	nuc	1
GLY	8, 3	2160	ALA	8, 5	2162	nuc	nuc	0.91
HIS	8, 4	2161	ALA	8, 5	2162	nuc	nuc	1
HIS	8, 4	2161	GLY	8, 6	2163	nuc	nuc	0.93
ALA	8, 5	2162	GLY	8, 6	2163	nuc	nuc	1
ALA	8, 5	2162	VAL	8, 7	2164	nuc	nuc	0.64
GLY	8, 6	2163	VAL	8, 7	2164	nuc	nuc	1
LEU	2, 484	1000	VAL	8, 8	2165	mit	nuc	0.7
GLN	2, 485	1001	VAL	8, 8	2165	mit	nuc	0.57
GLY	8, 6	2163	VAL	8, 8	2165	nuc	nuc	0.91
VAL	8, 7	2164	VAL	8, 8	2165	nuc	nuc	1
VAL	8, 7	2164	LYS	8, 9	2166	nuc	nuc	0.85
VAL	8, 8	2165	LYS	8, 9	2166	nuc	nuc	1
LEU	2, 484	1000	ALA	8, 10	2167	mit	nuc	0.61
VAL	8, 8	2165	ALA	8, 10	2167	nuc	nuc	0.55
LYS	8, 9	2166	ALA	8, 10	2167	nuc	nuc	1
LYS	8, 9	2166	ASP	8, 11	2168	nuc	nuc	0.87
ALA	8, 10	2167	ASP	8, 11	2168	nuc	nuc	1
VAL	8, 8	2165	ASP	8, 12	2169	nuc	nuc	0.53
LYS	8, 9	2166	ASP	8, 12	2169	nuc	nuc	0.72
ALA	8, 10	2167	ASP	8, 12	2169	nuc	nuc	0.87
ASP	8, 11	2168	ASP	8, 12	2169	nuc	nuc	1
GLN	2, 485	1001	PHE	8, 13	2170	mit	nuc	0.74
PRO	2, 486	1002	PHE	8, 13	2170	mit	nuc	0.7
HIS	2, 497	1013	PHE	8, 13	2170	mit	nuc	0.52
GLY	2, 498	1014	PHE	8, 13	2170	mit	nuc	0.96
ALA	8, 10	2167	PHE	8, 13	2170	nuc	nuc	0.68
ASP	8, 11	2168	PHE	8, 13	2170	nuc	nuc	0.84
ASP	8, 12	2169	PHE	8, 13	2170	nuc	nuc	1
ASP	8, 12	2169	SER	8, 14	2171	nuc	nuc	0.95
PHE	8, 13	2170	SER	8, 14	2171	nuc	nuc	1
ASP	8, 12	2169	HIS	8, 15	2172	nuc	nuc	0.89
PHE	8, 13	2170	HIS	8, 15	2172	nuc	nuc	0.81
SER	8, 14	2171	HIS	8, 15	2172	nuc	nuc	1
HIS	8, 15	2172	PRO	8, 16	2173	nuc	nuc	1
GLN	2, 485	1001	ALA	8, 17	2174	mit	nuc	0.96
HIS	8, 15	2172	ALA	8, 17	2174	nuc	nuc	0.95
PRO	8, 16	2173	ALA	8, 17	2174	nuc	nuc	1
ALA	8, 17	2174	TYR	8, 18	2175	nuc	nuc	1
GLU	2, 487	1003	VAL	8, 19	2176	mit	nuc	0.91
ALA	8, 17	2174	VAL	8, 19	2176	nuc	nuc	0.99
TYR	8, 18	2175	VAL	8, 19	2176	nuc	nuc	1
TYR	8, 18	2175	ASP	8, 20	2177	nuc	nuc	0.89
VAL	8, 19	2176	ASP	8, 20	2177	nuc	nuc	1
THR	2, 332	848	ARG	8, 21	2178	mit	nuc	0.8
GLU	2, 487	1003	ARG	8, 21	2178	mit	nuc	0.51
VAL	8, 19	2176	ARG	8, 21	2178	nuc	nuc	1
ASP	8, 20	2177	ARG	8, 21	2178	nuc	nuc	1
THR	2, 332	848	ARG	8, 22	2179	mit	nuc	0.97
SER	4, 51	1310	ARG	8, 22	2179	mit	nuc	0.68
ARG	8, 21	2178	ARG	8, 22	2179	nuc	nuc	1
GLY	2, 264	780	ASP	8, 23	2180	mit	nuc	0.92
THR	2, 332	848	ASP	8, 23	2180	mit	nuc	0.97
SER	4, 51	1310	ASP	8, 23	2180	mit	nuc	0.88
ASN	4, 53	1312	ASP	8, 23	2180	mit	nuc	0.53
ARG	8, 21	2178	ASP	8, 23	2180	nuc	nuc	1
ARG	8, 22	2179	ASP	8, 23	2180	nuc	nuc	1
VAL	8, 19	2176	VAL	8, 24	2181	nuc	nuc	0.93
ARG	8, 21	2178	VAL	8, 24	2181	nuc	nuc	0.99
ARG	8, 22	2179	VAL	8, 24	2181	nuc	nuc	0.61
ASP	8, 23	2180	VAL	8, 24	2181	nuc	nuc	1
ARG	8, 22	2179	PRO	8, 25	2182	nuc	nuc	0.72
ASP	8, 23	2180	PRO	8, 25	2182	nuc	nuc	0.75
VAL	8, 24	2181	PRO	8, 25	2182	nuc	nuc	1
VAL	8, 24	2181	LEU	8, 26	2183	nuc	nuc	0.96
PRO	8, 25	2182	LEU	8, 26	2183	nuc	nuc	1
TYR	8, 18	2175	PRO	8, 27	2184	nuc	nuc	0.98
VAL	8, 19	2176	PRO	8, 27	2184	nuc	nuc	0.98
ASP	8, 20	2177	PRO	8, 27	2184	nuc	nuc	0.68
VAL	8, 24	2181	PRO	8, 27	2184	nuc	nuc	0.95
LEU	8, 26	2183	PRO	8, 27	2184	nuc	nuc	1
PRO	8, 16	2173	GLU	8, 28	2185	nuc	nuc	0.97
ALA	8, 17	2174	GLU	8, 28	2185	nuc	nuc	0.78
TYR	8, 18	2175	GLU	8, 28	2185	nuc	nuc	0.75
PRO	8, 27	2184	GLU	8, 28	2185	nuc	nuc	1
PRO	8, 16	2173	VAL	8, 29	2186	nuc	nuc	0.98
ALA	8, 17	2174	VAL	8, 29	2186	nuc	nuc	0.91
TYR	8, 18	2175	VAL	8, 29	2186	nuc	nuc	0.98
PRO	8, 27	2184	VAL	8, 29	2186	nuc	nuc	0.99
GLU	8, 28	2185	VAL	8, 29	2186	nuc	nuc	1
TYR	8, 18	2175	ALA	8, 30	2187	nuc	nuc	0.82
PRO	8, 27	2184	ALA	8, 30	2187	nuc	nuc	0.65
VAL	8, 29	2186	ALA	8, 30	2187	nuc	nuc	1
TYR	8, 18	2175	PHE	8, 31	2188	nuc	nuc	0.98
VAL	8, 29	2186	PHE	8, 31	2188	nuc	nuc	0.54
ALA	8, 30	2187	PHE	8, 31	2188	nuc	nuc	1
ALA	8, 30	2187	VAL	8, 32	2189	nuc	nuc	0.98
PHE	8, 31	2188	VAL	8, 32	2189	nuc	nuc	1
VAL	8, 29	2186	LYS	8, 33	2190	nuc	nuc	0.8
ALA	8, 30	2187	LYS	8, 33	2190	nuc	nuc	0.93
PHE	8, 31	2188	LYS	8, 33	2190	nuc	nuc	0.51
VAL	8, 32	2189	LYS	8, 33	2190	nuc	nuc	1
VAL	8, 32	2189	GLU	8, 34	2191	nuc	nuc	0.97
LYS	8, 33	2190	GLU	8, 34	2191	nuc	nuc	1
VAL	8, 32	2189	LEU	8, 35	2192	nuc	nuc	0.87
GLU	8, 34	2191	LEU	8, 35	2192	nuc	nuc	1
GLU	8, 34	2191	SER	8, 36	2193	nuc	nuc	0.61
LEU	8, 35	2192	SER	8, 36	2193	nuc	nuc	1
SER	8, 36	2193	ALA	8, 37	2194	nuc	nuc	1
SER	8, 36	2193	GLN	8, 38	2195	nuc	nuc	0.98
ALA	8, 37	2194	GLN	8, 38	2195	nuc	nuc	1
VAL	8, 32	2189	GLN	8, 39	2196	nuc	nuc	0.59
LEU	8, 35	2192	GLN	8, 39	2196	nuc	nuc	0.96
SER	8, 36	2193	GLN	8, 39	2196	nuc	nuc	0.97
ALA	8, 37	2194	GLN	8, 39	2196	nuc	nuc	0.94
GLN	8, 38	2195	GLN	8, 39	2196	nuc	nuc	1
LEU	8, 35	2192	LYS	8, 40	2197	nuc	nuc	0.95
SER	8, 36	2193	LYS	8, 40	2197	nuc	nuc	0.94
ALA	8, 37	2194	LYS	8, 40	2197	nuc	nuc	0.98
GLN	8, 38	2195	LYS	8, 40	2197	nuc	nuc	0.96
GLN	8, 39	2196	LYS	8, 40	2197	nuc	nuc	1
ALA	8, 37	2194	ALA	8, 41	2198	nuc	nuc	0.93
GLN	8, 38	2195	ALA	8, 41	2198	nuc	nuc	0.98
GLN	8, 39	2196	ALA	8, 41	2198	nuc	nuc	0.98
LYS	8, 40	2197	ALA	8, 41	2198	nuc	nuc	1
GLN	8, 38	2195	LEU	8, 42	2199	nuc	nuc	0.95
GLN	8, 39	2196	LEU	8, 42	2199	nuc	nuc	0.99
LYS	8, 40	2197	LEU	8, 42	2199	nuc	nuc	0.98
ALA	8, 41	2198	LEU	8, 42	2199	nuc	nuc	1
LEU	8, 35	2192	LYS	8, 43	2200	nuc	nuc	0.86
GLN	8, 39	2196	LYS	8, 43	2200	nuc	nuc	0.96
LYS	8, 40	2197	LYS	8, 43	2200	nuc	nuc	0.99
ALA	8, 41	2198	LYS	8, 43	2200	nuc	nuc	0.97
LEU	8, 42	2199	LYS	8, 43	2200	nuc	nuc	1
LYS	8, 40	2197	GLU	8, 44	2201	nuc	nuc	0.94
ALA	8, 41	2198	GLU	8, 44	2201	nuc	nuc	0.99
LEU	8, 42	2199	GLU	8, 44	2201	nuc	nuc	0.98
LYS	8, 43	2200	GLU	8, 44	2201	nuc	nuc	1
ALA	8, 41	2198	LYS	8, 45	2202	nuc	nuc	0.95
LEU	8, 42	2199	LYS	8, 45	2202	nuc	nuc	0.99
LYS	8, 43	2200	LYS	8, 45	2202	nuc	nuc	0.96
GLU	8, 44	2201	LYS	8, 45	2202	nuc	nuc	1
LEU	8, 42	2199	GLU	8, 46	2203	nuc	nuc	0.94
LYS	8, 43	2200	GLU	8, 46	2203	nuc	nuc	0.99
GLU	8, 44	2201	GLU	8, 46	2203	nuc	nuc	0.99
LYS	8, 45	2202	GLU	8, 46	2203	nuc	nuc	1
LYS	8, 43	2200	LYS	8, 47	2204	nuc	nuc	0.66
GLU	8, 44	2201	LYS	8, 47	2204	nuc	nuc	0.97
LYS	8, 45	2202	LYS	8, 47	2204	nuc	nuc	0.97
GLU	8, 46	2203	LYS	8, 47	2204	nuc	nuc	1
LYS	8, 45	2202	ALA	8, 48	2205	nuc	nuc	0.97
GLU	8, 46	2203	ALA	8, 48	2205	nuc	nuc	0.91
LYS	8, 47	2204	ALA	8, 48	2205	nuc	nuc	1
ALA	8, 48	2205	SER	8, 49	2206	nuc	nuc	1
GLU	8, 46	2203	TRP	8, 50	2207	nuc	nuc	0.76
SER	8, 49	2206	TRP	8, 50	2207	nuc	nuc	1
SER	8, 49	2206	THR	8, 51	2208	nuc	nuc	0.99
TRP	8, 50	2207	THR	8, 51	2208	nuc	nuc	1
LYS	8, 45	2202	ALA	8, 52	2209	nuc	nuc	0.64
ALA	8, 48	2205	ALA	8, 52	2209	nuc	nuc	0.91
SER	8, 49	2206	ALA	8, 52	2209	nuc	nuc	0.96
TRP	8, 50	2207	ALA	8, 52	2209	nuc	nuc	0.93
THR	8, 51	2208	ALA	8, 52	2209	nuc	nuc	1
LYS	8, 45	2202	LEU	8, 53	2210	nuc	nuc	0.88
GLU	8, 46	2203	LEU	8, 53	2210	nuc	nuc	0.74
TRP	8, 50	2207	LEU	8, 53	2210	nuc	nuc	0.95
THR	8, 51	2208	LEU	8, 53	2210	nuc	nuc	0.92
ALA	8, 52	2209	LEU	8, 53	2210	nuc	nuc	1
LEU	8, 53	2210	SER	8, 54	2211	nuc	nuc	1
SER	8, 54	2211	VAL	8, 55	2212	nuc	nuc	1
SER	8, 54	2211	ASP	8, 56	2213	nuc	nuc	0.99
VAL	8, 55	2212	ASP	8, 56	2213	nuc	nuc	1
LEU	8, 42	2199	GLU	8, 57	2214	nuc	nuc	0.95
LYS	8, 45	2202	GLU	8, 57	2214	nuc	nuc	0.72
LEU	8, 53	2210	GLU	8, 57	2214	nuc	nuc	0.97
SER	8, 54	2211	GLU	8, 57	2214	nuc	nuc	0.98
VAL	8, 55	2212	GLU	8, 57	2214	nuc	nuc	0.96
ASP	8, 56	2213	GLU	8, 57	2214	nuc	nuc	1
TRP	8, 50	2207	LYS	8, 58	2215	nuc	nuc	0.53
LEU	8, 53	2210	LYS	8, 58	2215	nuc	nuc	0.95
SER	8, 54	2211	LYS	8, 58	2215	nuc	nuc	0.95
VAL	8, 55	2212	LYS	8, 58	2215	nuc	nuc	0.99
ASP	8, 56	2213	LYS	8, 58	2215	nuc	nuc	0.98
GLU	8, 57	2214	LYS	8, 58	2215	nuc	nuc	1
VAL	8, 55	2212	VAL	8, 59	2216	nuc	nuc	0.97
ASP	8, 56	2213	VAL	8, 59	2216	nuc	nuc	0.99
GLU	8, 57	2214	VAL	8, 59	2216	nuc	nuc	0.97
LYS	8, 58	2215	VAL	8, 59	2216	nuc	nuc	1
GLN	8, 39	2196	GLU	8, 60	2217	nuc	nuc	0.67
LEU	8, 42	2199	GLU	8, 60	2217	nuc	nuc	0.93
ASP	8, 56	2213	GLU	8, 60	2217	nuc	nuc	0.98
GLU	8, 57	2214	GLU	8, 60	2217	nuc	nuc	0.99
LYS	8, 58	2215	GLU	8, 60	2217	nuc	nuc	0.98
VAL	8, 59	2216	GLU	8, 60	2217	nuc	nuc	1
LEU	8, 42	2199	LEU	8, 61	2218	nuc	nuc	0.95
LYS	8, 43	2200	LEU	8, 61	2218	nuc	nuc	0.53
GLU	8, 46	2203	LEU	8, 61	2218	nuc	nuc	0.93
LEU	8, 53	2210	LEU	8, 61	2218	nuc	nuc	0.51
GLU	8, 57	2214	LEU	8, 61	2218	nuc	nuc	0.97
LYS	8, 58	2215	LEU	8, 61	2218	nuc	nuc	0.99
VAL	8, 59	2216	LEU	8, 61	2218	nuc	nuc	0.98
GLU	8, 60	2217	LEU	8, 61	2218	nuc	nuc	1
LYS	8, 58	2215	TYR	8, 62	2219	nuc	nuc	0.99
VAL	8, 59	2216	TYR	8, 62	2219	nuc	nuc	1
GLU	8, 60	2217	TYR	8, 62	2219	nuc	nuc	0.99
LEU	8, 61	2218	TYR	8, 62	2219	nuc	nuc	1
PHE	8, 31	2188	ARG	8, 63	2220	nuc	nuc	0.68
VAL	8, 59	2216	ARG	8, 63	2220	nuc	nuc	0.98
GLU	8, 60	2217	ARG	8, 63	2220	nuc	nuc	1
LEU	8, 61	2218	ARG	8, 63	2220	nuc	nuc	0.94
TYR	8, 62	2219	ARG	8, 63	2220	nuc	nuc	1
ALA	8, 30	2187	ILE	8, 64	2221	nuc	nuc	0.88
PHE	8, 31	2188	ILE	8, 64	2221	nuc	nuc	0.94
VAL	8, 32	2189	ILE	8, 64	2221	nuc	nuc	0.97
LEU	8, 35	2192	ILE	8, 64	2221	nuc	nuc	0.68
GLN	8, 39	2196	ILE	8, 64	2221	nuc	nuc	0.92
GLU	8, 60	2217	ILE	8, 64	2221	nuc	nuc	0.98
LEU	8, 61	2218	ILE	8, 64	2221	nuc	nuc	0.99
TYR	8, 62	2219	ILE	8, 64	2221	nuc	nuc	0.98
ARG	8, 63	2220	ILE	8, 64	2221	nuc	nuc	1
ALA	8, 30	2187	LYS	8, 65	2222	nuc	nuc	0.98
PHE	8, 31	2188	LYS	8, 65	2222	nuc	nuc	0.97
VAL	8, 32	2189	LYS	8, 65	2222	nuc	nuc	0.57
LEU	8, 61	2218	LYS	8, 65	2222	nuc	nuc	0.95
TYR	8, 62	2219	LYS	8, 65	2222	nuc	nuc	0.98
ARG	8, 63	2220	LYS	8, 65	2222	nuc	nuc	0.89
ILE	8, 64	2221	LYS	8, 65	2222	nuc	nuc	1
ASP	8, 20	2177	PHE	8, 66	2223	nuc	nuc	0.73
PRO	8, 27	2184	PHE	8, 66	2223	nuc	nuc	0.71
PHE	8, 31	2188	PHE	8, 66	2223	nuc	nuc	0.96
TYR	8, 62	2219	PHE	8, 66	2223	nuc	nuc	0.99
ARG	8, 63	2220	PHE	8, 66	2223	nuc	nuc	0.95
LYS	8, 65	2222	PHE	8, 66	2223	nuc	nuc	1
TYR	8, 18	2175	ASN	8, 67	2224	nuc	nuc	0.87
ASP	8, 20	2177	ASN	8, 67	2224	nuc	nuc	0.96
PHE	8, 31	2188	ASN	8, 67	2224	nuc	nuc	0.97
ARG	8, 63	2220	ASN	8, 67	2224	nuc	nuc	0.73
PHE	8, 66	2223	ASN	8, 67	2224	nuc	nuc	1
ASP	8, 20	2177	GLU	8, 68	2225	nuc	nuc	0.97
PHE	8, 66	2223	GLU	8, 68	2225	nuc	nuc	0.96
ASN	8, 67	2224	GLU	8, 68	2225	nuc	nuc	1
TYR	8, 62	2219	SER	8, 69	2226	nuc	nuc	0.57
PHE	8, 66	2223	SER	8, 69	2226	nuc	nuc	0.87
GLU	8, 68	2225	SER	8, 69	2226	nuc	nuc	1
ARG	8, 22	2179	TYR	8, 70	2227	nuc	nuc	0.87
SER	8, 69	2226	TYR	8, 70	2227	nuc	nuc	1
SER	8, 69	2226	ALA	8, 71	2228	nuc	nuc	1
TYR	8, 70	2227	ALA	8, 71	2228	nuc	nuc	1
GLU	8, 68	2225	GLU	8, 72	2229	nuc	nuc	0.98
SER	8, 69	2226	GLU	8, 72	2229	nuc	nuc	0.99
TYR	8, 70	2227	GLU	8, 72	2229	nuc	nuc	0.96
ALA	8, 71	2228	GLU	8, 72	2229	nuc	nuc	1
ASP	8, 20	2177	MET	8, 73	2230	nuc	nuc	0.97
ARG	8, 22	2179	MET	8, 73	2230	nuc	nuc	0.88
GLU	8, 68	2225	MET	8, 73	2230	nuc	nuc	0.97
SER	8, 69	2226	MET	8, 73	2230	nuc	nuc	0.95
TYR	8, 70	2227	MET	8, 73	2230	nuc	nuc	0.99
ALA	8, 71	2228	MET	8, 73	2230	nuc	nuc	0.92
GLU	8, 72	2229	MET	8, 73	2230	nuc	nuc	1
ARG	8, 22	2179	ASN	8, 74	2231	nuc	nuc	0.8
TYR	8, 70	2227	ASN	8, 74	2231	nuc	nuc	0.95
ALA	8, 71	2228	ASN	8, 74	2231	nuc	nuc	0.97
GLU	8, 72	2229	ASN	8, 74	2231	nuc	nuc	0.85
MET	8, 73	2230	ASN	8, 74	2231	nuc	nuc	1
ALA	8, 71	2228	LYS	8, 75	2232	nuc	nuc	0.9
GLU	8, 72	2229	LYS	8, 75	2232	nuc	nuc	0.97
MET	8, 73	2230	LYS	8, 75	2232	nuc	nuc	0.94
ASN	8, 74	2231	LYS	8, 75	2232	nuc	nuc	1
ASN	8, 74	2231	GLY	8, 76	2233	nuc	nuc	0.94
LYS	8, 75	2232	GLY	8, 76	2233	nuc	nuc	1
LYS	8, 75	2232	THR	8, 77	2234	nuc	nuc	0.91
GLY	8, 76	2233	THR	8, 77	2234	nuc	nuc	1
GLY	8, 76	2233	ASN	8, 78	2235	nuc	nuc	0.52
THR	8, 77	2234	ASN	8, 78	2235	nuc	nuc	1
SER	2, 409	925	GLU	8, 79	2236	mit	nuc	0.96
LYS	2, 412	928	GLU	8, 79	2236	mit	nuc	0.72
THR	8, 77	2234	GLU	8, 79	2236	nuc	nuc	1
ASN	8, 78	2235	GLU	8, 79	2236	nuc	nuc	1
THR	8, 77	2234	TRP	8, 80	2237	nuc	nuc	0.63
ASN	8, 78	2235	TRP	8, 80	2237	nuc	nuc	0.99
GLU	8, 79	2236	TRP	8, 80	2237	nuc	nuc	1
ASN	8, 78	2235	LYS	8, 81	2238	nuc	nuc	0.99
GLU	8, 79	2236	LYS	8, 81	2238	nuc	nuc	0.99
TRP	8, 80	2237	LYS	8, 81	2238	nuc	nuc	1
SER	2, 409	925	THR	8, 82	2239	mit	nuc	0.98
ASN	8, 78	2235	THR	8, 82	2239	nuc	nuc	0.87
GLU	8, 79	2236	THR	8, 82	2239	nuc	nuc	0.99
TRP	8, 80	2237	THR	8, 82	2239	nuc	nuc	0.97
LYS	8, 81	2238	THR	8, 82	2239	nuc	nuc	1
SER	2, 409	925	VAL	8, 83	2240	mit	nuc	0.97
LYS	2, 412	928	VAL	8, 83	2240	mit	nuc	0.99
ALA	2, 413	929	VAL	8, 83	2240	mit	nuc	0.99
GLY	2, 416	932	VAL	8, 83	2240	mit	nuc	0.64
GLU	8, 79	2236	VAL	8, 83	2240	nuc	nuc	0.99
TRP	8, 80	2237	VAL	8, 83	2240	nuc	nuc	1
LYS	8, 81	2238	VAL	8, 83	2240	nuc	nuc	0.98
THR	8, 82	2239	VAL	8, 83	2240	nuc	nuc	1
TRP	8, 80	2237	LEU	8, 84	2241	nuc	nuc	0.99
LYS	8, 81	2238	LEU	8, 84	2241	nuc	nuc	1
THR	8, 82	2239	LEU	8, 84	2241	nuc	nuc	0.96
VAL	8, 83	2240	LEU	8, 84	2241	nuc	nuc	1
ALA	2, 413	929	GLY	8, 85	2242	mit	nuc	0.56
LYS	8, 81	2238	GLY	8, 85	2242	nuc	nuc	0.98
THR	8, 82	2239	GLY	8, 85	2242	nuc	nuc	1
VAL	8, 83	2240	GLY	8, 85	2242	nuc	nuc	1
LEU	8, 84	2241	GLY	8, 85	2242	nuc	nuc	1
ALA	2, 413	929	GLY	8, 86	2243	mit	nuc	0.99
THR	8, 82	2239	GLY	8, 86	2243	nuc	nuc	0.99
VAL	8, 83	2240	GLY	8, 86	2243	nuc	nuc	1
LEU	8, 84	2241	GLY	8, 86	2243	nuc	nuc	1
GLY	8, 85	2242	GLY	8, 86	2243	nuc	nuc	1
ALA	2, 413	929	VAL	8, 87	2244	mit	nuc	0.99
GLY	2, 416	932	VAL	8, 87	2244	mit	nuc	0.99
VAL	2, 417	933	VAL	8, 87	2244	mit	nuc	0.98
THR	2, 420	936	VAL	8, 87	2244	mit	nuc	0.87
VAL	8, 83	2240	VAL	8, 87	2244	nuc	nuc	1
LEU	8, 84	2241	VAL	8, 87	2244	nuc	nuc	1
GLY	8, 85	2242	VAL	8, 87	2244	nuc	nuc	1
GLY	8, 86	2243	VAL	8, 87	2244	nuc	nuc	1
LEU	8, 84	2241	LEU	8, 88	2245	nuc	nuc	0.99
GLY	8, 85	2242	LEU	8, 88	2245	nuc	nuc	1
GLY	8, 86	2243	LEU	8, 88	2245	nuc	nuc	1
VAL	8, 87	2244	LEU	8, 88	2245	nuc	nuc	1
GLY	8, 85	2242	PHE	8, 89	2246	nuc	nuc	1
GLY	8, 86	2243	PHE	8, 89	2246	nuc	nuc	1
VAL	8, 87	2244	PHE	8, 89	2246	nuc	nuc	0.99
LEU	8, 88	2245	PHE	8, 89	2246	nuc	nuc	1
ALA	2, 413	929	PHE	8, 90	2247	mit	nuc	0.9
VAL	2, 417	933	PHE	8, 90	2247	mit	nuc	0.99
THR	2, 464	980	PHE	8, 90	2247	mit	nuc	0.99
ALA	2, 465	981	PHE	8, 90	2247	mit	nuc	0.68
MET	2, 468	984	PHE	8, 90	2247	mit	nuc	0.97
GLY	8, 86	2243	PHE	8, 90	2247	nuc	nuc	1
VAL	8, 87	2244	PHE	8, 90	2247	nuc	nuc	1
LEU	8, 88	2245	PHE	8, 90	2247	nuc	nuc	0.93
PHE	8, 89	2246	PHE	8, 90	2247	nuc	nuc	1
VAL	2, 417	933	LEU	8, 91	2248	mit	nuc	0.96
THR	2, 420	936	LEU	8, 91	2248	mit	nuc	0.95
ILE	2, 461	977	LEU	8, 91	2248	mit	nuc	0.98
VAL	8, 87	2244	LEU	8, 91	2248	nuc	nuc	0.99
LEU	8, 88	2245	LEU	8, 91	2248	nuc	nuc	1
PHE	8, 89	2246	LEU	8, 91	2248	nuc	nuc	1
PHE	8, 90	2247	LEU	8, 91	2248	nuc	nuc	1
LEU	8, 88	2245	GLY	8, 92	2249	nuc	nuc	0.98
PHE	8, 89	2246	GLY	8, 92	2249	nuc	nuc	1
PHE	8, 90	2247	GLY	8, 92	2249	nuc	nuc	1
LEU	8, 91	2248	GLY	8, 92	2249	nuc	nuc	1
THR	2, 464	980	VAL	8, 93	2250	mit	nuc	0.98
PHE	8, 89	2246	VAL	8, 93	2250	nuc	nuc	0.99
PHE	8, 90	2247	VAL	8, 93	2250	nuc	nuc	1
LEU	8, 91	2248	VAL	8, 93	2250	nuc	nuc	0.99
GLY	8, 92	2249	VAL	8, 93	2250	nuc	nuc	1
ILE	2, 457	973	SER	8, 94	2251	mit	nuc	0.62
LEU	2, 460	976	SER	8, 94	2251	mit	nuc	0.99
ILE	2, 461	977	SER	8, 94	2251	mit	nuc	0.99
MET	2, 463	979	SER	8, 94	2251	mit	nuc	0.61
THR	2, 464	980	SER	8, 94	2251	mit	nuc	0.99
PHE	8, 90	2247	SER	8, 94	2251	nuc	nuc	0.99
LEU	8, 91	2248	SER	8, 94	2251	nuc	nuc	1
GLY	8, 92	2249	SER	8, 94	2251	nuc	nuc	1
VAL	8, 93	2250	SER	8, 94	2251	nuc	nuc	1
LEU	2, 460	976	GLY	8, 95	2252	mit	nuc	0.9
LEU	8, 91	2248	GLY	8, 95	2252	nuc	nuc	0.9
GLY	8, 92	2249	GLY	8, 95	2252	nuc	nuc	1
VAL	8, 93	2250	GLY	8, 95	2252	nuc	nuc	1
SER	8, 94	2251	GLY	8, 95	2252	nuc	nuc	1
GLY	8, 92	2249	LEU	8, 96	2253	nuc	nuc	0.99
VAL	8, 93	2250	LEU	8, 96	2253	nuc	nuc	1
SER	8, 94	2251	LEU	8, 96	2253	nuc	nuc	0.99
GLY	8, 95	2252	LEU	8, 96	2253	nuc	nuc	1
LEU	2, 460	976	ILE	8, 97	2254	mit	nuc	0.99
THR	2, 464	980	ILE	8, 97	2254	mit	nuc	0.79
VAL	8, 93	2250	ILE	8, 97	2254	nuc	nuc	0.97
SER	8, 94	2251	ILE	8, 97	2254	nuc	nuc	1
GLY	8, 95	2252	ILE	8, 97	2254	nuc	nuc	1
LEU	8, 96	2253	ILE	8, 97	2254	nuc	nuc	1
ILE	2, 457	973	LEU	8, 98	2255	mit	nuc	0.98
LEU	2, 460	976	LEU	8, 98	2255	mit	nuc	0.98
SER	8, 94	2251	LEU	8, 98	2255	nuc	nuc	0.98
GLY	8, 95	2252	LEU	8, 98	2255	nuc	nuc	1
LEU	8, 96	2253	LEU	8, 98	2255	nuc	nuc	0.99
ILE	8, 97	2254	LEU	8, 98	2255	nuc	nuc	1
GLY	8, 95	2252	ILE	8, 99	2256	nuc	nuc	0.99
LEU	8, 96	2253	ILE	8, 99	2256	nuc	nuc	1
ILE	8, 97	2254	ILE	8, 99	2256	nuc	nuc	0.99
LEU	8, 98	2255	ILE	8, 99	2256	nuc	nuc	1
LEU	8, 96	2253	TRP	8, 100	2257	nuc	nuc	0.99
ILE	8, 97	2254	TRP	8, 100	2257	nuc	nuc	1
LEU	8, 98	2255	TRP	8, 100	2257	nuc	nuc	0.99
ILE	8, 99	2256	TRP	8, 100	2257	nuc	nuc	1
ALA	2, 40	556	GLN	8, 101	2258	mit	nuc	0.76
ILE	8, 97	2254	GLN	8, 101	2258	nuc	nuc	0.99
LEU	8, 98	2255	GLN	8, 101	2258	nuc	nuc	1
ILE	8, 99	2256	GLN	8, 101	2258	nuc	nuc	0.99
TRP	8, 100	2257	GLN	8, 101	2258	nuc	nuc	1
LEU	8, 98	2255	LYS	8, 102	2259	nuc	nuc	0.99
ILE	8, 99	2256	LYS	8, 102	2259	nuc	nuc	1
TRP	8, 100	2257	LYS	8, 102	2259	nuc	nuc	0.98
GLN	8, 101	2258	LYS	8, 102	2259	nuc	nuc	1
ILE	8, 99	2256	MET	8, 103	2260	nuc	nuc	0.98
TRP	8, 100	2257	MET	8, 103	2260	nuc	nuc	0.99
GLN	8, 101	2258	MET	8, 103	2260	nuc	nuc	0.93
LYS	8, 102	2259	MET	8, 103	2260	nuc	nuc	1
TRP	8, 100	2257	TYR	8, 104	2261	nuc	nuc	0.99
GLN	8, 101	2258	TYR	8, 104	2261	nuc	nuc	0.94
MET	8, 103	2260	TYR	8, 104	2261	nuc	nuc	1
ALA	2, 40	556	MET	8, 105	2262	mit	nuc	0.8
TRP	8, 100	2257	MET	8, 105	2262	nuc	nuc	0.74
GLN	8, 101	2258	MET	8, 105	2262	nuc	nuc	0.98
LYS	8, 102	2259	MET	8, 105	2262	nuc	nuc	0.9
MET	8, 103	2260	MET	8, 105	2262	nuc	nuc	0.63
TYR	8, 104	2261	MET	8, 105	2262	nuc	nuc	1
GLN	2, 44	560	TYR	8, 106	2263	mit	nuc	0.98
LEU	2, 48	564	TYR	8, 106	2263	mit	nuc	0.7
GLN	8, 101	2258	TYR	8, 106	2263	nuc	nuc	0.97
LYS	8, 102	2259	TYR	8, 106	2263	nuc	nuc	0.99
MET	8, 105	2262	TYR	8, 106	2263	nuc	nuc	1
GLN	2, 44	560	GLY	8, 107	2264	mit	nuc	0.69
MET	8, 105	2262	GLY	8, 107	2264	nuc	nuc	0.9
TYR	8, 106	2263	GLY	8, 107	2264	nuc	nuc	1
GLY	8, 107	2264	PRO	8, 108	2265	nuc	nuc	1
GLN	2, 44	560	ILE	8, 109	2266	mit	nuc	0.93
PRO	2, 45	561	ILE	8, 109	2266	mit	nuc	0.94
GLY	2, 46	562	ILE	8, 109	2266	mit	nuc	0.66
GLY	8, 107	2264	ILE	8, 109	2266	nuc	nuc	0.89
PRO	8, 108	2265	ILE	8, 109	2266	nuc	nuc	1
PRO	2, 45	561	PRO	8, 110	2267	mit	nuc	0.97
GLY	2, 46	562	PRO	8, 110	2267	mit	nuc	0.98
ASP	2, 446	962	PRO	8, 110	2267	mit	nuc	0.57
THR	4, 124	1383	PRO	8, 110	2267	mit	nuc	0.9
ARG	4, 133	1392	PRO	8, 110	2267	mit	nuc	0.94
PRO	8, 108	2265	PRO	8, 110	2267	nuc	nuc	0.58
ILE	8, 109	2266	PRO	8, 110	2267	nuc	nuc	1
PRO	8, 110	2267	HIS	8, 111	2268	nuc	nuc	1
ASP	2, 446	962	THR	8, 112	2269	mit	nuc	0.96
THR	4, 124	1383	THR	8, 112	2269	mit	nuc	0.72
LEU	4, 127	1386	THR	8, 112	2269	mit	nuc	0.64
ARG	4, 133	1392	THR	8, 112	2269	mit	nuc	0.98
PRO	8, 110	2267	THR	8, 112	2269	nuc	nuc	1
HIS	8, 111	2268	THR	8, 112	2269	nuc	nuc	1
PRO	2, 45	561	PHE	8, 113	2270	mit	nuc	0.76
ASP	2, 446	962	PHE	8, 113	2270	mit	nuc	0.94
ILE	8, 109	2266	PHE	8, 113	2270	nuc	nuc	0.99
PRO	8, 110	2267	PHE	8, 113	2270	nuc	nuc	0.98
HIS	8, 111	2268	PHE	8, 113	2270	nuc	nuc	0.96
THR	8, 112	2269	PHE	8, 113	2270	nuc	nuc	1
HIS	8, 111	2268	SER	8, 114	2271	nuc	nuc	0.98
THR	8, 112	2269	SER	8, 114	2271	nuc	nuc	0.96
PHE	8, 113	2270	SER	8, 114	2271	nuc	nuc	1
SER	8, 114	2271	ASP	8, 115	2272	nuc	nuc	1
SER	8, 114	2271	GLU	8, 116	2273	nuc	nuc	1
ASP	8, 115	2272	GLU	8, 116	2273	nuc	nuc	1
LEU	4, 129	1388	TRP	8, 117	2274	mit	nuc	0.74
GLY	4, 130	1389	TRP	8, 117	2274	mit	nuc	0.95
HIS	8, 111	2268	TRP	8, 117	2274	nuc	nuc	0.96
THR	8, 112	2269	TRP	8, 117	2274	nuc	nuc	0.99
PHE	8, 113	2270	TRP	8, 117	2274	nuc	nuc	0.95
SER	8, 114	2271	TRP	8, 117	2274	nuc	nuc	1
ASP	8, 115	2272	TRP	8, 117	2274	nuc	nuc	0.95
GLU	8, 116	2273	TRP	8, 117	2274	nuc	nuc	1
THR	8, 112	2269	LEU	8, 118	2275	nuc	nuc	0.64
PHE	8, 113	2270	LEU	8, 118	2275	nuc	nuc	0.97
SER	8, 114	2271	LEU	8, 118	2275	nuc	nuc	0.98
ASP	8, 115	2272	LEU	8, 118	2275	nuc	nuc	1
GLU	8, 116	2273	LEU	8, 118	2275	nuc	nuc	0.98
TRP	8, 117	2274	LEU	8, 118	2275	nuc	nuc	1
ASP	8, 115	2272	SER	8, 119	2276	nuc	nuc	0.98
GLU	8, 116	2273	SER	8, 119	2276	nuc	nuc	1
TRP	8, 117	2274	SER	8, 119	2276	nuc	nuc	0.99
LEU	8, 118	2275	SER	8, 119	2276	nuc	nuc	1
LEU	4, 129	1388	MET	8, 120	2277	mit	nuc	0.96
GLY	4, 130	1389	MET	8, 120	2277	mit	nuc	0.98
GLU	8, 116	2273	MET	8, 120	2277	nuc	nuc	0.98
TRP	8, 117	2274	MET	8, 120	2277	nuc	nuc	1
LEU	8, 118	2275	MET	8, 120	2277	nuc	nuc	0.98
SER	8, 119	2276	MET	8, 120	2277	nuc	nuc	1
GLY	4, 130	1389	GLN	8, 121	2278	mit	nuc	0.98
HIS	4, 131	1390	GLN	8, 121	2278	mit	nuc	0.66
PHE	4, 132	1391	GLN	8, 121	2278	mit	nuc	0.94
THR	8, 112	2269	GLN	8, 121	2278	nuc	nuc	0.88
TRP	8, 117	2274	GLN	8, 121	2278	nuc	nuc	1
LEU	8, 118	2275	GLN	8, 121	2278	nuc	nuc	1
SER	8, 119	2276	GLN	8, 121	2278	nuc	nuc	0.98
MET	8, 120	2277	GLN	8, 121	2278	nuc	nuc	1
LEU	8, 118	2275	THR	8, 122	2279	nuc	nuc	0.99
SER	8, 119	2276	THR	8, 122	2279	nuc	nuc	1
MET	8, 120	2277	THR	8, 122	2279	nuc	nuc	0.98
GLN	8, 121	2278	THR	8, 122	2279	nuc	nuc	1
SER	8, 119	2276	LYS	8, 123	2280	nuc	nuc	0.98
MET	8, 120	2277	LYS	8, 123	2280	nuc	nuc	1
GLN	8, 121	2278	LYS	8, 123	2280	nuc	nuc	0.99
THR	8, 122	2279	LYS	8, 123	2280	nuc	nuc	1
GLY	4, 130	1389	ARG	8, 124	2281	mit	nuc	0.98
HIS	4, 131	1390	ARG	8, 124	2281	mit	nuc	0.86
MET	8, 120	2277	ARG	8, 124	2281	nuc	nuc	0.99
GLN	8, 121	2278	ARG	8, 124	2281	nuc	nuc	1
THR	8, 122	2279	ARG	8, 124	2281	nuc	nuc	0.99
LYS	8, 123	2280	ARG	8, 124	2281	nuc	nuc	1
ASN	4, 3	1262	MET	8, 125	2282	mit	nuc	0.59
GLN	8, 121	2278	MET	8, 125	2282	nuc	nuc	0.99
THR	8, 122	2279	MET	8, 125	2282	nuc	nuc	1
LYS	8, 123	2280	MET	8, 125	2282	nuc	nuc	0.99
ARG	8, 124	2281	MET	8, 125	2282	nuc	nuc	1
THR	8, 122	2279	LEU	8, 126	2283	nuc	nuc	0.99
LYS	8, 123	2280	LEU	8, 126	2283	nuc	nuc	1
ARG	8, 124	2281	LEU	8, 126	2283	nuc	nuc	0.99
MET	8, 125	2282	LEU	8, 126	2283	nuc	nuc	1
LYS	8, 123	2280	ASP	8, 127	2284	nuc	nuc	0.99
ARG	8, 124	2281	ASP	8, 127	2284	nuc	nuc	1
MET	8, 125	2282	ASP	8, 127	2284	nuc	nuc	0.98
LEU	8, 126	2283	ASP	8, 127	2284	nuc	nuc	1
GLY	4, 189	1448	MET	8, 128	2285	mit	nuc	0.95
VAL	4, 190	1449	MET	8, 128	2285	mit	nuc	0.98
ARG	8, 124	2281	MET	8, 128	2285	nuc	nuc	0.99
MET	8, 125	2282	MET	8, 128	2285	nuc	nuc	0.99
LEU	8, 126	2283	MET	8, 128	2285	nuc	nuc	0.96
ASP	8, 127	2284	MET	8, 128	2285	nuc	nuc	1
GLY	4, 189	1448	ARG	8, 129	2286	mit	nuc	0.85
LEU	8, 126	2283	ARG	8, 129	2286	nuc	nuc	0.91
ASP	8, 127	2284	ARG	8, 129	2286	nuc	nuc	0.95
MET	8, 128	2285	ARG	8, 129	2286	nuc	nuc	1
MET	4, 1	1260	ILE	8, 130	2287	mit	nuc	0.96
ASN	4, 3	1262	ILE	8, 130	2287	mit	nuc	0.82
MET	8, 125	2282	ILE	8, 130	2287	nuc	nuc	0.99
LEU	8, 126	2283	ILE	8, 130	2287	nuc	nuc	0.77
MET	8, 128	2285	ILE	8, 130	2287	nuc	nuc	1
ARG	8, 129	2286	ILE	8, 130	2287	nuc	nuc	1
MET	4, 1	1260	ASN	8, 131	2288	mit	nuc	0.62
ASN	4, 3	1262	ASN	8, 131	2288	mit	nuc	0.93
GLN	4, 10	1269	ASN	8, 131	2288	mit	nuc	0.95
ASP	4, 11	1270	ASN	8, 131	2288	mit	nuc	0.98
ILE	8, 130	2287	ASN	8, 131	2288	nuc	nuc	1
ASP	4, 11	1270	PRO	8, 132	2289	mit	nuc	0.93
ARG	4, 187	1446	PRO	8, 132	2289	mit	nuc	0.69
ARG	8, 129	2286	PRO	8, 132	2289	nuc	nuc	0.98
ILE	8, 130	2287	PRO	8, 132	2289	nuc	nuc	0.94
ASN	8, 131	2288	PRO	8, 132	2289	nuc	nuc	1
ASP	4, 11	1270	VAL	8, 133	2290	mit	nuc	0.96
ALA	4, 12	1271	VAL	8, 133	2290	mit	nuc	0.72
ASN	8, 131	2288	VAL	8, 133	2290	nuc	nuc	0.98
PRO	8, 132	2289	VAL	8, 133	2290	nuc	nuc	1
ASP	4, 11	1270	GLU	8, 134	2291	mit	nuc	0.94
ASN	8, 131	2288	GLU	8, 134	2291	nuc	nuc	0.94
VAL	8, 133	2290	GLU	8, 134	2291	nuc	nuc	1
ASN	4, 3	1262	GLY	8, 135	2292	mit	nuc	0.95
GLN	4, 6	1265	GLY	8, 135	2292	mit	nuc	0.69
ASP	4, 11	1270	GLY	8, 135	2292	mit	nuc	0.94
ILE	8, 130	2287	GLY	8, 135	2292	nuc	nuc	0.6
ASN	8, 131	2288	GLY	8, 135	2292	nuc	nuc	0.98
PRO	8, 132	2289	GLY	8, 135	2292	nuc	nuc	0.83
VAL	8, 133	2290	GLY	8, 135	2292	nuc	nuc	0.98
GLU	8, 134	2291	GLY	8, 135	2292	nuc	nuc	1
ASN	4, 3	1262	ILE	8, 136	2293	mit	nuc	0.97
MET	8, 125	2282	ILE	8, 136	2293	nuc	nuc	0.96
LEU	8, 126	2283	ILE	8, 136	2293	nuc	nuc	0.83
ILE	8, 130	2287	ILE	8, 136	2293	nuc	nuc	0.95
ASN	8, 131	2288	ILE	8, 136	2293	nuc	nuc	0.97
GLY	8, 135	2292	ILE	8, 136	2293	nuc	nuc	1
MET	8, 125	2282	SER	8, 137	2294	nuc	nuc	0.81
LEU	8, 126	2283	SER	8, 137	2294	nuc	nuc	0.98
ARG	8, 129	2286	SER	8, 137	2294	nuc	nuc	0.98
ILE	8, 130	2287	SER	8, 137	2294	nuc	nuc	0.98
ASN	8, 131	2288	SER	8, 137	2294	nuc	nuc	0.98
PRO	8, 132	2289	SER	8, 137	2294	nuc	nuc	0.98
GLY	8, 135	2292	SER	8, 137	2294	nuc	nuc	0.99
ILE	8, 136	2293	SER	8, 137	2294	nuc	nuc	1
ASN	8, 131	2288	ALA	8, 138	2295	nuc	nuc	0.85
PRO	8, 132	2289	ALA	8, 138	2295	nuc	nuc	0.97
VAL	8, 133	2290	ALA	8, 138	2295	nuc	nuc	0.96
GLU	8, 134	2291	ALA	8, 138	2295	nuc	nuc	0.98
GLY	8, 135	2292	ALA	8, 138	2295	nuc	nuc	0.99
ILE	8, 136	2293	ALA	8, 138	2295	nuc	nuc	0.97
SER	8, 137	2294	ALA	8, 138	2295	nuc	nuc	1
GLY	8, 135	2292	GLN	8, 139	2296	nuc	nuc	0.98
ILE	8, 136	2293	GLN	8, 139	2296	nuc	nuc	0.97
SER	8, 137	2294	GLN	8, 139	2296	nuc	nuc	0.95
ALA	8, 138	2295	GLN	8, 139	2296	nuc	nuc	1
LEU	8, 126	2283	TRP	8, 140	2297	nuc	nuc	0.98
ILE	8, 136	2293	TRP	8, 140	2297	nuc	nuc	0.9
SER	8, 137	2294	TRP	8, 140	2297	nuc	nuc	0.99
ALA	8, 138	2295	TRP	8, 140	2297	nuc	nuc	0.95
GLN	8, 139	2296	TRP	8, 140	2297	nuc	nuc	1
TRP	8, 140	2297	ASP	8, 141	2298	nuc	nuc	1
TRP	8, 140	2297	TYR	8, 142	2299	nuc	nuc	0.97
ASP	8, 141	2298	TYR	8, 142	2299	nuc	nuc	1
ASP	8, 141	2298	GLU	8, 143	2300	nuc	nuc	0.99
TYR	8, 142	2299	GLU	8, 143	2300	nuc	nuc	1
ASP	8, 141	2298	LYS	8, 144	2301	nuc	nuc	0.95
GLU	8, 143	2300	LYS	8, 144	2301	nuc	nuc	1
ASP	8, 141	2298	ASN	8, 145	2302	nuc	nuc	0.87
TYR	8, 142	2299	ASN	8, 145	2302	nuc	nuc	0.84
GLU	8, 143	2300	ASN	8, 145	2302	nuc	nuc	0.74
LYS	8, 144	2301	ASN	8, 145	2302	nuc	nuc	1
ASP	8, 141	2298	GLU	8, 146	2303	nuc	nuc	0.95
LYS	8, 144	2301	GLU	8, 146	2303	nuc	nuc	0.97
ASN	8, 145	2302	GLU	8, 146	2303	nuc	nuc	1
GLN	8, 139	2296	TRP	8, 147	2304	nuc	nuc	0.96
TRP	8, 140	2297	TRP	8, 147	2304	nuc	nuc	0.97
ASP	8, 141	2298	TRP	8, 147	2304	nuc	nuc	0.88
GLU	8, 146	2303	TRP	8, 147	2304	nuc	nuc	1
GLN	8, 139	2296	LYS	8, 148	2305	nuc	nuc	0.98
TRP	8, 140	2297	LYS	8, 148	2305	nuc	nuc	0.95
ASP	8, 141	2298	LYS	8, 148	2305	nuc	nuc	0.96
GLU	8, 146	2303	LYS	8, 148	2305	nuc	nuc	0.65
TRP	8, 147	2304	LYS	8, 148	2305	nuc	nuc	1
TRP	8, 147	2304	LYS	8, 149	2306	nuc	nuc	0.86
LYS	8, 148	2305	LYS	8, 149	2306	nuc	nuc	1
SER	9, 1	2307	HIS	9, 2	2308	nuc	nuc	1
SER	9, 1	2307	GLY	9, 3	2309	nuc	nuc	0.95
HIS	9, 2	2308	GLY	9, 3	2309	nuc	nuc	1
SER	9, 1	2307	SER	9, 4	2310	nuc	nuc	0.53
HIS	9, 2	2308	SER	9, 4	2310	nuc	nuc	0.66
GLY	9, 3	2309	SER	9, 4	2310	nuc	nuc	1
GLY	9, 3	2309	GLN	9, 5	2311	nuc	nuc	0.93
SER	9, 4	2310	GLN	9, 5	2311	nuc	nuc	1
SER	9, 4	2310	GLU	9, 6	2312	nuc	nuc	0.83
GLN	9, 5	2311	GLU	9, 6	2312	nuc	nuc	1
GLU	9, 6	2312	SER	9, 7	2313	nuc	nuc	1
SER	9, 7	2313	ASP	9, 8	2314	nuc	nuc	1
SER	9, 7	2313	GLU	9, 9	2315	nuc	nuc	0.98
ASP	9, 8	2314	GLU	9, 9	2315	nuc	nuc	1
GLU	9, 6	2312	GLU	9, 10	2316	nuc	nuc	0.94
SER	9, 7	2313	GLU	9, 10	2316	nuc	nuc	0.97
ASP	9, 8	2314	GLU	9, 10	2316	nuc	nuc	0.95
GLU	9, 9	2315	GLU	9, 10	2316	nuc	nuc	1
GLU	9, 6	2312	PHE	9, 11	2317	nuc	nuc	0.93
SER	9, 7	2313	PHE	9, 11	2317	nuc	nuc	0.95
ASP	9, 8	2314	PHE	9, 11	2317	nuc	nuc	0.99
GLU	9, 9	2315	PHE	9, 11	2317	nuc	nuc	0.98
GLU	9, 10	2316	PHE	9, 11	2317	nuc	nuc	1
ASP	9, 8	2314	ASP	9, 12	2318	nuc	nuc	0.96
GLU	9, 9	2315	ASP	9, 12	2318	nuc	nuc	0.99
GLU	9, 10	2316	ASP	9, 12	2318	nuc	nuc	0.97
PHE	9, 11	2317	ASP	9, 12	2318	nuc	nuc	1
GLU	9, 9	2315	ALA	9, 13	2319	nuc	nuc	0.97
GLU	9, 10	2316	ALA	9, 13	2319	nuc	nuc	0.99
PHE	9, 11	2317	ALA	9, 13	2319	nuc	nuc	0.98
ASP	9, 12	2318	ALA	9, 13	2319	nuc	nuc	1
GLU	9, 6	2312	ARG	9, 14	2320	nuc	nuc	0.62
GLU	9, 10	2316	ARG	9, 14	2320	nuc	nuc	0.98
PHE	9, 11	2317	ARG	9, 14	2320	nuc	nuc	0.99
ASP	9, 12	2318	ARG	9, 14	2320	nuc	nuc	0.98
ALA	9, 13	2319	ARG	9, 14	2320	nuc	nuc	1
PHE	9, 11	2317	TRP	9, 15	2321	nuc	nuc	0.97
ASP	9, 12	2318	TRP	9, 15	2321	nuc	nuc	0.99
ALA	9, 13	2319	TRP	9, 15	2321	nuc	nuc	0.96
ARG	9, 14	2320	TRP	9, 15	2321	nuc	nuc	1
ASP	9, 12	2318	VAL	9, 16	2322	nuc	nuc	0.99
ALA	9, 13	2319	VAL	9, 16	2322	nuc	nuc	0.99
ARG	9, 14	2320	VAL	9, 16	2322	nuc	nuc	0.98
TRP	9, 15	2321	VAL	9, 16	2322	nuc	nuc	1
ALA	9, 13	2319	THR	9, 17	2323	nuc	nuc	0.99
ARG	9, 14	2320	THR	9, 17	2323	nuc	nuc	0.99
TRP	9, 15	2321	THR	9, 17	2323	nuc	nuc	0.98
VAL	9, 16	2322	THR	9, 17	2323	nuc	nuc	1
ARG	9, 14	2320	TYR	9, 18	2324	nuc	nuc	0.99
TRP	9, 15	2321	TYR	9, 18	2324	nuc	nuc	1
VAL	9, 16	2322	TYR	9, 18	2324	nuc	nuc	0.99
THR	9, 17	2323	TYR	9, 18	2324	nuc	nuc	1
TRP	9, 15	2321	PHE	9, 19	2325	nuc	nuc	0.98
VAL	9, 16	2322	PHE	9, 19	2325	nuc	nuc	0.99
THR	9, 17	2323	PHE	9, 19	2325	nuc	nuc	0.8
TYR	9, 18	2324	PHE	9, 19	2325	nuc	nuc	1
VAL	9, 16	2322	ASN	9, 20	2326	nuc	nuc	0.98
THR	9, 17	2323	ASN	9, 20	2326	nuc	nuc	0.99
TYR	9, 18	2324	ASN	9, 20	2326	nuc	nuc	0.95
PHE	9, 19	2325	ASN	9, 20	2326	nuc	nuc	1
THR	9, 17	2323	LYS	9, 21	2327	nuc	nuc	0.9
TYR	9, 18	2324	LYS	9, 21	2327	nuc	nuc	0.98
PHE	9, 19	2325	LYS	9, 21	2327	nuc	nuc	0.97
ASN	9, 20	2326	LYS	9, 21	2327	nuc	nuc	1
ASN	9, 20	2326	PRO	9, 22	2328	nuc	nuc	0.7
LYS	9, 21	2327	PRO	9, 22	2328	nuc	nuc	1
LYS	9, 21	2327	ASP	9, 23	2329	nuc	nuc	0.99
PRO	9, 22	2328	ASP	9, 23	2329	nuc	nuc	1
PHE	9, 19	2325	ILE	9, 24	2330	nuc	nuc	0.89
LYS	9, 21	2327	ILE	9, 24	2330	nuc	nuc	0.98
PRO	9, 22	2328	ILE	9, 24	2330	nuc	nuc	0.94
ASP	9, 23	2329	ILE	9, 24	2330	nuc	nuc	1
ASP	9, 23	2329	ASP	9, 25	2331	nuc	nuc	0.87
ILE	9, 24	2330	ASP	9, 25	2331	nuc	nuc	1
ASP	9, 25	2331	ALA	9, 26	2332	nuc	nuc	1
ASP	9, 25	2331	TRP	9, 27	2333	nuc	nuc	1
ALA	9, 26	2332	TRP	9, 27	2333	nuc	nuc	1
LYS	9, 21	2327	GLU	9, 28	2334	nuc	nuc	0.62
ILE	9, 24	2330	GLU	9, 28	2334	nuc	nuc	0.98
ASP	9, 25	2331	GLU	9, 28	2334	nuc	nuc	0.99
ALA	9, 26	2332	GLU	9, 28	2334	nuc	nuc	0.96
TRP	9, 27	2333	GLU	9, 28	2334	nuc	nuc	1
LEU	7, 26	2034	LEU	9, 29	2335	nuc	nuc	0.76
PHE	9, 19	2325	LEU	9, 29	2335	nuc	nuc	0.66
ILE	9, 24	2330	LEU	9, 29	2335	nuc	nuc	0.98
ASP	9, 25	2331	LEU	9, 29	2335	nuc	nuc	0.95
ALA	9, 26	2332	LEU	9, 29	2335	nuc	nuc	1
TRP	9, 27	2333	LEU	9, 29	2335	nuc	nuc	0.99
GLU	9, 28	2334	LEU	9, 29	2335	nuc	nuc	1
LEU	7, 26	2034	ARG	9, 30	2336	nuc	nuc	0.98
GLU	7, 28	2036	ARG	9, 30	2336	nuc	nuc	0.83
ALA	9, 26	2332	ARG	9, 30	2336	nuc	nuc	0.99
TRP	9, 27	2333	ARG	9, 30	2336	nuc	nuc	1
GLU	9, 28	2334	ARG	9, 30	2336	nuc	nuc	0.97
LEU	9, 29	2335	ARG	9, 30	2336	nuc	nuc	1
TRP	9, 27	2333	LYS	9, 31	2337	nuc	nuc	0.99
GLU	9, 28	2334	LYS	9, 31	2337	nuc	nuc	1
LEU	9, 29	2335	LYS	9, 31	2337	nuc	nuc	0.99
ARG	9, 30	2336	LYS	9, 31	2337	nuc	nuc	1
TYR	9, 18	2324	GLY	9, 32	2338	nuc	nuc	0.96
PHE	9, 19	2325	GLY	9, 32	2338	nuc	nuc	0.67
GLU	9, 28	2334	GLY	9, 32	2338	nuc	nuc	0.99
LEU	9, 29	2335	GLY	9, 32	2338	nuc	nuc	1
ARG	9, 30	2336	GLY	9, 32	2338	nuc	nuc	1
LYS	9, 31	2337	GLY	9, 32	2338	nuc	nuc	1
PRO	7, 25	2033	VAL	9, 33	2339	nuc	nuc	0.97
LEU	7, 26	2034	VAL	9, 33	2339	nuc	nuc	0.96
LEU	9, 29	2335	VAL	9, 33	2339	nuc	nuc	0.99
ARG	9, 30	2336	VAL	9, 33	2339	nuc	nuc	0.99
LYS	9, 31	2337	VAL	9, 33	2339	nuc	nuc	0.92
GLY	9, 32	2338	VAL	9, 33	2339	nuc	nuc	1
ASP	7, 23	2031	ASN	9, 34	2340	nuc	nuc	0.51
VAL	7, 24	2032	ASN	9, 34	2340	nuc	nuc	0.97
PRO	7, 25	2033	ASN	9, 34	2340	nuc	nuc	0.96
LEU	7, 26	2034	ASN	9, 34	2340	nuc	nuc	0.95
ARG	9, 30	2336	ASN	9, 34	2340	nuc	nuc	0.99
LYS	9, 31	2337	ASN	9, 34	2340	nuc	nuc	1
GLY	9, 32	2338	ASN	9, 34	2340	nuc	nuc	1
VAL	9, 33	2339	ASN	9, 34	2340	nuc	nuc	1
LYS	9, 31	2337	THR	9, 35	2341	nuc	nuc	0.99
GLY	9, 32	2338	THR	9, 35	2341	nuc	nuc	1
VAL	9, 33	2339	THR	9, 35	2341	nuc	nuc	0.98
ASN	9, 34	2340	THR	9, 35	2341	nuc	nuc	1
TRP	9, 15	2321	LEU	9, 36	2342	nuc	nuc	0.95
GLY	9, 32	2338	LEU	9, 36	2342	nuc	nuc	1
VAL	9, 33	2339	LEU	9, 36	2342	nuc	nuc	1
ASN	9, 34	2340	LEU	9, 36	2342	nuc	nuc	0.98
THR	9, 35	2341	LEU	9, 36	2342	nuc	nuc	1
SER	3, 51	1083	VAL	9, 37	2343	mit	nuc	0.63
ASP	7, 23	2031	VAL	9, 37	2343	nuc	nuc	0.94
PRO	7, 25	2033	VAL	9, 37	2343	nuc	nuc	0.96
VAL	9, 33	2339	VAL	9, 37	2343	nuc	nuc	0.99
ASN	9, 34	2340	VAL	9, 37	2343	nuc	nuc	0.99
THR	9, 35	2341	VAL	9, 37	2343	nuc	nuc	0.96
LEU	9, 36	2342	VAL	9, 37	2343	nuc	nuc	1
SER	3, 51	1083	GLY	9, 38	2344	mit	nuc	0.89
SER	3, 52	1084	GLY	9, 38	2344	mit	nuc	0.96
ASN	3, 53	1085	GLY	9, 38	2344	mit	nuc	0.97
THR	3, 54	1086	GLY	9, 38	2344	mit	nuc	0.7
ASP	7, 23	2031	GLY	9, 38	2344	nuc	nuc	0.84
ASN	9, 34	2340	GLY	9, 38	2344	nuc	nuc	0.61
THR	9, 35	2341	GLY	9, 38	2344	nuc	nuc	0.99
LEU	9, 36	2342	GLY	9, 38	2344	nuc	nuc	1
VAL	9, 37	2343	GLY	9, 38	2344	nuc	nuc	1
SER	3, 52	1084	TYR	9, 39	2345	mit	nuc	0.93
THR	3, 54	1086	TYR	9, 39	2345	mit	nuc	0.73
THR	9, 35	2341	TYR	9, 39	2345	nuc	nuc	0.57
LEU	9, 36	2342	TYR	9, 39	2345	nuc	nuc	0.99
VAL	9, 37	2343	TYR	9, 39	2345	nuc	nuc	0.94
GLY	9, 38	2344	TYR	9, 39	2345	nuc	nuc	1
LEU	3, 50	1082	ASP	9, 40	2346	mit	nuc	0.73
SER	3, 52	1084	ASP	9, 40	2346	mit	nuc	0.98
THR	3, 54	1086	ASP	9, 40	2346	mit	nuc	0.66
GLY	9, 38	2344	ASP	9, 40	2346	nuc	nuc	0.74
TYR	9, 39	2345	ASP	9, 40	2346	nuc	nuc	1
TYR	9, 39	2345	LEU	9, 41	2347	nuc	nuc	1
ASP	9, 40	2346	LEU	9, 41	2347	nuc	nuc	1
LEU	9, 41	2347	VAL	9, 42	2348	nuc	nuc	1
TRP	9, 15	2321	PRO	9, 43	2349	nuc	nuc	0.65
LEU	9, 36	2342	PRO	9, 43	2349	nuc	nuc	0.99
LEU	9, 41	2347	PRO	9, 43	2349	nuc	nuc	0.99
VAL	9, 42	2348	PRO	9, 43	2349	nuc	nuc	1
ASP	9, 12	2318	GLU	9, 44	2350	nuc	nuc	0.97
VAL	9, 42	2348	GLU	9, 44	2350	nuc	nuc	0.57
PRO	9, 43	2349	GLU	9, 44	2350	nuc	nuc	1
GLU	9, 44	2350	PRO	9, 45	2351	nuc	nuc	1
ASP	9, 12	2318	LYS	9, 46	2352	nuc	nuc	0.97
VAL	9, 16	2322	LYS	9, 46	2352	nuc	nuc	0.98
GLU	9, 44	2350	LYS	9, 46	2352	nuc	nuc	1
PRO	9, 45	2351	LYS	9, 46	2352	nuc	nuc	1
ASP	9, 12	2318	ILE	9, 47	2353	nuc	nuc	0.97
TRP	9, 15	2321	ILE	9, 47	2353	nuc	nuc	0.99
VAL	9, 16	2322	ILE	9, 47	2353	nuc	nuc	0.98
PHE	9, 19	2325	ILE	9, 47	2353	nuc	nuc	0.92
LEU	9, 36	2342	ILE	9, 47	2353	nuc	nuc	0.78
PRO	9, 43	2349	ILE	9, 47	2353	nuc	nuc	0.99
GLU	9, 44	2350	ILE	9, 47	2353	nuc	nuc	1
PRO	9, 45	2351	ILE	9, 47	2353	nuc	nuc	0.98
LYS	9, 46	2352	ILE	9, 47	2353	nuc	nuc	1
PRO	9, 43	2349	ILE	9, 48	2354	nuc	nuc	0.99
GLU	9, 44	2350	ILE	9, 48	2354	nuc	nuc	0.93
PRO	9, 45	2351	ILE	9, 48	2354	nuc	nuc	1
LYS	9, 46	2352	ILE	9, 48	2354	nuc	nuc	0.96
ILE	9, 47	2353	ILE	9, 48	2354	nuc	nuc	1
PRO	9, 45	2351	ASP	9, 49	2355	nuc	nuc	0.99
LYS	9, 46	2352	ASP	9, 49	2355	nuc	nuc	1
ILE	9, 47	2353	ASP	9, 49	2355	nuc	nuc	0.99
ILE	9, 48	2354	ASP	9, 49	2355	nuc	nuc	1
TRP	9, 15	2321	ALA	9, 50	2356	nuc	nuc	0.76
VAL	9, 16	2322	ALA	9, 50	2356	nuc	nuc	0.99
PHE	9, 19	2325	ALA	9, 50	2356	nuc	nuc	0.99
ASN	9, 20	2326	ALA	9, 50	2356	nuc	nuc	0.98
LYS	9, 46	2352	ALA	9, 50	2356	nuc	nuc	0.97
ILE	9, 47	2353	ALA	9, 50	2356	nuc	nuc	1
ILE	9, 48	2354	ALA	9, 50	2356	nuc	nuc	0.98
ASP	9, 49	2355	ALA	9, 50	2356	nuc	nuc	1
PHE	9, 19	2325	ALA	9, 51	2357	nuc	nuc	0.98
LEU	9, 29	2335	ALA	9, 51	2357	nuc	nuc	0.79
VAL	9, 33	2339	ALA	9, 51	2357	nuc	nuc	0.96
ILE	9, 47	2353	ALA	9, 51	2357	nuc	nuc	0.99
ILE	9, 48	2354	ALA	9, 51	2357	nuc	nuc	1
ASP	9, 49	2355	ALA	9, 51	2357	nuc	nuc	0.99
ALA	9, 50	2356	ALA	9, 51	2357	nuc	nuc	1
ILE	9, 48	2354	LEU	9, 52	2358	nuc	nuc	1
ASP	9, 49	2355	LEU	9, 52	2358	nuc	nuc	1
ALA	9, 50	2356	LEU	9, 52	2358	nuc	nuc	0.99
ALA	9, 51	2357	LEU	9, 52	2358	nuc	nuc	1
PHE	9, 19	2325	ARG	9, 53	2359	nuc	nuc	0.83
ASN	9, 20	2326	ARG	9, 53	2359	nuc	nuc	0.76
ASP	9, 49	2355	ARG	9, 53	2359	nuc	nuc	0.99
ALA	9, 50	2356	ARG	9, 53	2359	nuc	nuc	1
ALA	9, 51	2357	ARG	9, 53	2359	nuc	nuc	0.99
LEU	9, 52	2358	ARG	9, 53	2359	nuc	nuc	1
PHE	9, 19	2325	ALA	9, 54	2360	nuc	nuc	0.99
ASN	9, 20	2326	ALA	9, 54	2360	nuc	nuc	0.76
ILE	9, 24	2330	ALA	9, 54	2360	nuc	nuc	0.97
LEU	9, 29	2335	ALA	9, 54	2360	nuc	nuc	0.99
ALA	9, 50	2356	ALA	9, 54	2360	nuc	nuc	0.99
ALA	9, 51	2357	ALA	9, 54	2360	nuc	nuc	1
LEU	9, 52	2358	ALA	9, 54	2360	nuc	nuc	0.99
ARG	9, 53	2359	ALA	9, 54	2360	nuc	nuc	1
LEU	9, 29	2335	CYS	9, 55	2361	nuc	nuc	0.93
ALA	9, 51	2357	CYS	9, 55	2361	nuc	nuc	0.99
LEU	9, 52	2358	CYS	9, 55	2361	nuc	nuc	1
ARG	9, 53	2359	CYS	9, 55	2361	nuc	nuc	0.99
ALA	9, 54	2360	CYS	9, 55	2361	nuc	nuc	1
LEU	9, 52	2358	ARG	9, 56	2362	nuc	nuc	0.98
ARG	9, 53	2359	ARG	9, 56	2362	nuc	nuc	1
ALA	9, 54	2360	ARG	9, 56	2362	nuc	nuc	0.99
CYS	9, 55	2361	ARG	9, 56	2362	nuc	nuc	1
PRO	9, 22	2328	ARG	9, 57	2363	nuc	nuc	0.69
ILE	9, 24	2330	ARG	9, 57	2363	nuc	nuc	0.85
ARG	9, 53	2359	ARG	9, 57	2363	nuc	nuc	0.98
ALA	9, 54	2360	ARG	9, 57	2363	nuc	nuc	0.99
CYS	9, 55	2361	ARG	9, 57	2363	nuc	nuc	0.97
ARG	9, 56	2362	ARG	9, 57	2363	nuc	nuc	1
ILE	9, 24	2330	LEU	9, 58	2364	nuc	nuc	0.81
ASP	9, 25	2331	LEU	9, 58	2364	nuc	nuc	0.6
ALA	9, 26	2332	LEU	9, 58	2364	nuc	nuc	0.97
LEU	9, 29	2335	LEU	9, 58	2364	nuc	nuc	0.95
ALA	9, 54	2360	LEU	9, 58	2364	nuc	nuc	0.98
CYS	9, 55	2361	LEU	9, 58	2364	nuc	nuc	0.99
ARG	9, 56	2362	LEU	9, 58	2364	nuc	nuc	0.95
ARG	9, 57	2363	LEU	9, 58	2364	nuc	nuc	1
GLU	7, 46	2054	ASN	9, 59	2365	nuc	nuc	0.93
LYS	7, 47	2055	ASN	9, 59	2365	nuc	nuc	0.96
ARG	9, 56	2362	ASN	9, 59	2365	nuc	nuc	0.9
ARG	9, 57	2363	ASN	9, 59	2365	nuc	nuc	0.83
LEU	9, 58	2364	ASN	9, 59	2365	nuc	nuc	1
LYS	7, 65	2073	ASP	9, 60	2366	nuc	nuc	0.54
ALA	9, 26	2332	ASP	9, 60	2366	nuc	nuc	0.75
CYS	9, 55	2361	ASP	9, 60	2366	nuc	nuc	0.99
LEU	9, 58	2364	ASP	9, 60	2366	nuc	nuc	1
ASN	9, 59	2365	ASP	9, 60	2366	nuc	nuc	1
GLU	7, 46	2054	PHE	9, 61	2367	nuc	nuc	0.9
TRP	7, 50	2058	PHE	9, 61	2367	nuc	nuc	0.93
LEU	7, 53	2061	PHE	9, 61	2367	nuc	nuc	0.64
LYS	7, 58	2066	PHE	9, 61	2367	nuc	nuc	0.89
LEU	7, 61	2069	PHE	9, 61	2367	nuc	nuc	0.94
TYR	7, 62	2070	PHE	9, 61	2367	nuc	nuc	0.53
CYS	9, 55	2361	PHE	9, 61	2367	nuc	nuc	0.84
ASN	9, 59	2365	PHE	9, 61	2367	nuc	nuc	0.73
ASP	9, 60	2366	PHE	9, 61	2367	nuc	nuc	1
LEU	7, 61	2069	ALA	9, 62	2368	nuc	nuc	0.96
TYR	7, 62	2070	ALA	9, 62	2368	nuc	nuc	0.94
ILE	7, 64	2072	ALA	9, 62	2368	nuc	nuc	0.83
LYS	7, 65	2073	ALA	9, 62	2368	nuc	nuc	0.97
PHE	7, 66	2074	ALA	9, 62	2368	nuc	nuc	0.92
ASP	9, 60	2366	ALA	9, 62	2368	nuc	nuc	1
PHE	9, 61	2367	ALA	9, 62	2368	nuc	nuc	1
LEU	7, 26	2034	SER	9, 63	2369	nuc	nuc	0.96
LYS	7, 65	2073	SER	9, 63	2369	nuc	nuc	0.86
LEU	9, 29	2335	SER	9, 63	2369	nuc	nuc	0.88
VAL	9, 33	2339	SER	9, 63	2369	nuc	nuc	0.52
CYS	9, 55	2361	SER	9, 63	2369	nuc	nuc	0.99
ASP	9, 60	2366	SER	9, 63	2369	nuc	nuc	1
PHE	9, 61	2367	SER	9, 63	2369	nuc	nuc	0.96
ALA	9, 62	2368	SER	9, 63	2369	nuc	nuc	1
LEU	9, 52	2358	ALA	9, 64	2370	nuc	nuc	0.99
CYS	9, 55	2361	ALA	9, 64	2370	nuc	nuc	0.99
ARG	9, 56	2362	ALA	9, 64	2370	nuc	nuc	0.72
ASP	9, 60	2366	ALA	9, 64	2370	nuc	nuc	0.96
PHE	9, 61	2367	ALA	9, 64	2370	nuc	nuc	1
ALA	9, 62	2368	ALA	9, 64	2370	nuc	nuc	0.99
SER	9, 63	2369	ALA	9, 64	2370	nuc	nuc	1
LYS	7, 58	2066	VAL	9, 65	2371	nuc	nuc	0.6
TYR	7, 62	2070	VAL	9, 65	2371	nuc	nuc	0.96
PHE	9, 61	2367	VAL	9, 65	2371	nuc	nuc	0.97
ALA	9, 62	2368	VAL	9, 65	2371	nuc	nuc	0.99
SER	9, 63	2369	VAL	9, 65	2371	nuc	nuc	0.97
ALA	9, 64	2370	VAL	9, 65	2371	nuc	nuc	1
PRO	7, 25	2033	ARG	9, 66	2372	nuc	nuc	0.97
LEU	7, 26	2034	ARG	9, 66	2372	nuc	nuc	0.95
TYR	7, 62	2070	ARG	9, 66	2372	nuc	nuc	0.63
PHE	7, 66	2074	ARG	9, 66	2372	nuc	nuc	0.94
ALA	9, 62	2368	ARG	9, 66	2372	nuc	nuc	0.98
SER	9, 63	2369	ARG	9, 66	2372	nuc	nuc	1
ALA	9, 64	2370	ARG	9, 66	2372	nuc	nuc	0.99
VAL	9, 65	2371	ARG	9, 66	2372	nuc	nuc	1
PRO	7, 25	2033	ILE	9, 67	2373	nuc	nuc	0.79
VAL	9, 33	2339	ILE	9, 67	2373	nuc	nuc	0.98
ILE	9, 48	2354	ILE	9, 67	2373	nuc	nuc	0.97
ALA	9, 51	2357	ILE	9, 67	2373	nuc	nuc	0.99
LEU	9, 52	2358	ILE	9, 67	2373	nuc	nuc	0.96
CYS	9, 55	2361	ILE	9, 67	2373	nuc	nuc	0.86
SER	9, 63	2369	ILE	9, 67	2373	nuc	nuc	0.99
ALA	9, 64	2370	ILE	9, 67	2373	nuc	nuc	1
VAL	9, 65	2371	ILE	9, 67	2373	nuc	nuc	0.99
ARG	9, 66	2372	ILE	9, 67	2373	nuc	nuc	1
ILE	9, 48	2354	LEU	9, 68	2374	nuc	nuc	0.55
ALA	9, 64	2370	LEU	9, 68	2374	nuc	nuc	0.96
VAL	9, 65	2371	LEU	9, 68	2374	nuc	nuc	1
ARG	9, 66	2372	LEU	9, 68	2374	nuc	nuc	0.99
ILE	9, 67	2373	LEU	9, 68	2374	nuc	nuc	1
PRO	7, 25	2033	GLU	9, 69	2375	nuc	nuc	0.55
SER	7, 69	2077	GLU	9, 69	2375	nuc	nuc	0.91
TYR	7, 70	2078	GLU	9, 69	2375	nuc	nuc	0.97
VAL	9, 65	2371	GLU	9, 69	2375	nuc	nuc	0.99
ARG	9, 66	2372	GLU	9, 69	2375	nuc	nuc	1
ILE	9, 67	2373	GLU	9, 69	2375	nuc	nuc	0.99
LEU	9, 68	2374	GLU	9, 69	2375	nuc	nuc	1
PRO	7, 25	2033	VAL	9, 70	2376	nuc	nuc	0.98
TYR	7, 70	2078	VAL	9, 70	2376	nuc	nuc	0.73
VAL	9, 33	2339	VAL	9, 70	2376	nuc	nuc	0.9
VAL	9, 37	2343	VAL	9, 70	2376	nuc	nuc	0.99
ARG	9, 66	2372	VAL	9, 70	2376	nuc	nuc	1
ILE	9, 67	2373	VAL	9, 70	2376	nuc	nuc	1
LEU	9, 68	2374	VAL	9, 70	2376	nuc	nuc	0.98
GLU	9, 69	2375	VAL	9, 70	2376	nuc	nuc	1
VAL	9, 42	2348	VAL	9, 71	2377	nuc	nuc	0.98
PRO	9, 43	2349	VAL	9, 71	2377	nuc	nuc	0.96
ILE	9, 48	2354	VAL	9, 71	2377	nuc	nuc	0.97
ILE	9, 67	2373	VAL	9, 71	2377	nuc	nuc	0.98
LEU	9, 68	2374	VAL	9, 71	2377	nuc	nuc	1
GLU	9, 69	2375	VAL	9, 71	2377	nuc	nuc	0.99
VAL	9, 70	2376	VAL	9, 71	2377	nuc	nuc	1
TYR	7, 70	2078	LYS	9, 72	2378	nuc	nuc	0.84
LEU	9, 68	2374	LYS	9, 72	2378	nuc	nuc	0.96
GLU	9, 69	2375	LYS	9, 72	2378	nuc	nuc	1
VAL	9, 70	2376	LYS	9, 72	2378	nuc	nuc	0.99
VAL	9, 71	2377	LYS	9, 72	2378	nuc	nuc	1
ARG	7, 22	2030	ASP	9, 73	2379	nuc	nuc	0.95
TYR	7, 70	2078	ASP	9, 73	2379	nuc	nuc	0.97
ASN	7, 74	2082	ASP	9, 73	2379	nuc	nuc	0.54
GLU	9, 69	2375	ASP	9, 73	2379	nuc	nuc	0.99
VAL	9, 70	2376	ASP	9, 73	2379	nuc	nuc	1
VAL	9, 71	2377	ASP	9, 73	2379	nuc	nuc	0.98
LYS	9, 72	2378	ASP	9, 73	2379	nuc	nuc	1
LEU	3, 50	1082	LYS	9, 74	2380	mit	nuc	0.59
SER	3, 51	1083	LYS	9, 74	2380	mit	nuc	0.77
VAL	9, 37	2343	LYS	9, 74	2380	nuc	nuc	0.96
LEU	9, 41	2347	LYS	9, 74	2380	nuc	nuc	0.51
VAL	9, 42	2348	LYS	9, 74	2380	nuc	nuc	0.99
PRO	9, 43	2349	LYS	9, 74	2380	nuc	nuc	0.68
VAL	9, 70	2376	LYS	9, 74	2380	nuc	nuc	1
VAL	9, 71	2377	LYS	9, 74	2380	nuc	nuc	1
LYS	9, 72	2378	LYS	9, 74	2380	nuc	nuc	0.95
ASP	9, 73	2379	LYS	9, 74	2380	nuc	nuc	1
VAL	9, 42	2348	ALA	9, 75	2381	nuc	nuc	0.98
VAL	9, 71	2377	ALA	9, 75	2381	nuc	nuc	0.97
LYS	9, 72	2378	ALA	9, 75	2381	nuc	nuc	0.99
ASP	9, 73	2379	ALA	9, 75	2381	nuc	nuc	0.99
LYS	9, 74	2380	ALA	9, 75	2381	nuc	nuc	1
LYS	3, 49	1081	GLY	9, 76	2382	mit	nuc	0.96
LEU	3, 50	1082	GLY	9, 76	2382	mit	nuc	0.95
ASP	9, 73	2379	GLY	9, 76	2382	nuc	nuc	0.98
LYS	9, 74	2380	GLY	9, 76	2382	nuc	nuc	0.99
ALA	9, 75	2381	GLY	9, 76	2382	nuc	nuc	1
LYS	3, 49	1081	PRO	9, 77	2383	mit	nuc	0.93
LEU	3, 50	1082	PRO	9, 77	2383	mit	nuc	0.72
ALA	9, 75	2381	PRO	9, 77	2383	nuc	nuc	0.58
GLY	9, 76	2382	PRO	9, 77	2383	nuc	nuc	1
ALA	9, 75	2381	HIS	9, 78	2384	nuc	nuc	0.98
GLY	9, 76	2382	HIS	9, 78	2384	nuc	nuc	0.99
PRO	9, 77	2383	HIS	9, 78	2384	nuc	nuc	1
ALA	9, 75	2381	LYS	9, 79	2385	nuc	nuc	0.79
PRO	9, 77	2383	LYS	9, 79	2385	nuc	nuc	0.88
HIS	9, 78	2384	LYS	9, 79	2385	nuc	nuc	1
HIS	9, 78	2384	GLU	9, 80	2386	nuc	nuc	0.99
LYS	9, 79	2385	GLU	9, 80	2386	nuc	nuc	1
VAL	9, 42	2348	ILE	9, 81	2387	nuc	nuc	0.97
ALA	9, 75	2381	ILE	9, 81	2387	nuc	nuc	0.99
HIS	9, 78	2384	ILE	9, 81	2387	nuc	nuc	0.99
LYS	9, 79	2385	ILE	9, 81	2387	nuc	nuc	0.9
GLU	9, 80	2386	ILE	9, 81	2387	nuc	nuc	1
VAL	9, 71	2377	TYR	9, 82	2388	nuc	nuc	0.97
LYS	9, 72	2378	TYR	9, 82	2388	nuc	nuc	0.99
ALA	9, 75	2381	TYR	9, 82	2388	nuc	nuc	0.99
LYS	9, 79	2385	TYR	9, 82	2388	nuc	nuc	0.93
GLU	9, 80	2386	TYR	9, 82	2388	nuc	nuc	0.62
ILE	9, 81	2387	TYR	9, 82	2388	nuc	nuc	1
LYS	9, 79	2385	PRO	9, 83	2389	nuc	nuc	0.68
GLU	9, 80	2386	PRO	9, 83	2389	nuc	nuc	0.96
ILE	9, 81	2387	PRO	9, 83	2389	nuc	nuc	0.9
TYR	9, 82	2388	PRO	9, 83	2389	nuc	nuc	1
GLU	9, 80	2386	TYR	9, 84	2390	nuc	nuc	0.96
ILE	9, 81	2387	TYR	9, 84	2390	nuc	nuc	0.99
TYR	9, 82	2388	TYR	9, 84	2390	nuc	nuc	0.99
PRO	9, 83	2389	TYR	9, 84	2390	nuc	nuc	1
VAL	9, 42	2348	VAL	9, 85	2391	nuc	nuc	0.82
PRO	9, 45	2351	VAL	9, 85	2391	nuc	nuc	0.98
ILE	9, 48	2354	VAL	9, 85	2391	nuc	nuc	0.95
VAL	9, 71	2377	VAL	9, 85	2391	nuc	nuc	0.99
ILE	9, 81	2387	VAL	9, 85	2391	nuc	nuc	0.99
TYR	9, 82	2388	VAL	9, 85	2391	nuc	nuc	1
PRO	9, 83	2389	VAL	9, 85	2391	nuc	nuc	0.96
TYR	9, 84	2390	VAL	9, 85	2391	nuc	nuc	1
LEU	9, 68	2374	ILE	9, 86	2392	nuc	nuc	0.59
TYR	9, 82	2388	ILE	9, 86	2392	nuc	nuc	0.99
PRO	9, 83	2389	ILE	9, 86	2392	nuc	nuc	0.99
TYR	9, 84	2390	ILE	9, 86	2392	nuc	nuc	0.97
VAL	9, 85	2391	ILE	9, 86	2392	nuc	nuc	1
PRO	9, 83	2389	GLN	9, 87	2393	nuc	nuc	0.98
TYR	9, 84	2390	GLN	9, 87	2393	nuc	nuc	0.99
VAL	9, 85	2391	GLN	9, 87	2393	nuc	nuc	0.99
ILE	9, 86	2392	GLN	9, 87	2393	nuc	nuc	1
PRO	9, 45	2351	GLU	9, 88	2394	nuc	nuc	0.99
TYR	9, 84	2390	GLU	9, 88	2394	nuc	nuc	0.97
VAL	9, 85	2391	GLU	9, 88	2394	nuc	nuc	0.99
ILE	9, 86	2392	GLU	9, 88	2394	nuc	nuc	0.94
GLN	9, 87	2393	GLU	9, 88	2394	nuc	nuc	1
PRO	9, 45	2351	LEU	9, 89	2395	nuc	nuc	0.98
ILE	9, 48	2354	LEU	9, 89	2395	nuc	nuc	0.96
ASP	9, 49	2355	LEU	9, 89	2395	nuc	nuc	0.96
LEU	9, 52	2358	LEU	9, 89	2395	nuc	nuc	0.8
VAL	9, 85	2391	LEU	9, 89	2395	nuc	nuc	0.99
ILE	9, 86	2392	LEU	9, 89	2395	nuc	nuc	0.99
GLN	9, 87	2393	LEU	9, 89	2395	nuc	nuc	0.94
GLU	9, 88	2394	LEU	9, 89	2395	nuc	nuc	1
ILE	9, 86	2392	ARG	9, 90	2396	nuc	nuc	0.98
GLN	9, 87	2393	ARG	9, 90	2396	nuc	nuc	0.99
GLU	9, 88	2394	ARG	9, 90	2396	nuc	nuc	0.96
LEU	9, 89	2395	ARG	9, 90	2396	nuc	nuc	1
LEU	9, 89	2395	PRO	9, 91	2397	nuc	nuc	0.96
ARG	9, 90	2396	PRO	9, 91	2397	nuc	nuc	1
ASP	9, 49	2355	THR	9, 92	2398	nuc	nuc	0.99
LEU	9, 52	2358	THR	9, 92	2398	nuc	nuc	0.97
ARG	9, 53	2359	THR	9, 92	2398	nuc	nuc	0.76
LEU	9, 89	2395	THR	9, 92	2398	nuc	nuc	0.99
ARG	9, 90	2396	THR	9, 92	2398	nuc	nuc	0.92
PRO	9, 91	2397	THR	9, 92	2398	nuc	nuc	1
ILE	9, 86	2392	LEU	9, 93	2399	nuc	nuc	0.63
LEU	9, 89	2395	LEU	9, 93	2399	nuc	nuc	0.98
ARG	9, 90	2396	LEU	9, 93	2399	nuc	nuc	0.99
PRO	9, 91	2397	LEU	9, 93	2399	nuc	nuc	0.97
THR	9, 92	2398	LEU	9, 93	2399	nuc	nuc	1
ARG	9, 90	2396	SER	9, 94	2400	nuc	nuc	0.97
PRO	9, 91	2397	SER	9, 94	2400	nuc	nuc	0.98
THR	9, 92	2398	SER	9, 94	2400	nuc	nuc	0.94
LEU	9, 93	2399	SER	9, 94	2400	nuc	nuc	1
PRO	9, 91	2397	GLU	9, 95	2401	nuc	nuc	0.95
THR	9, 92	2398	GLU	9, 95	2401	nuc	nuc	0.99
LEU	9, 93	2399	GLU	9, 95	2401	nuc	nuc	0.95
SER	9, 94	2400	GLU	9, 95	2401	nuc	nuc	1
TRP	7, 50	2058	LEU	9, 96	2402	nuc	nuc	0.88
LEU	9, 52	2358	LEU	9, 96	2402	nuc	nuc	0.95
ARG	9, 53	2359	LEU	9, 96	2402	nuc	nuc	0.82
ARG	9, 56	2362	LEU	9, 96	2402	nuc	nuc	0.98
ALA	9, 64	2370	LEU	9, 96	2402	nuc	nuc	0.6
THR	9, 92	2398	LEU	9, 96	2402	nuc	nuc	0.97
LEU	9, 93	2399	LEU	9, 96	2402	nuc	nuc	0.98
SER	9, 94	2400	LEU	9, 96	2402	nuc	nuc	0.7
GLU	9, 95	2401	LEU	9, 96	2402	nuc	nuc	1
SER	7, 49	2057	GLY	9, 97	2403	nuc	nuc	0.65
TRP	7, 50	2058	GLY	9, 97	2403	nuc	nuc	0.95
THR	7, 51	2059	GLY	9, 97	2403	nuc	nuc	0.94
LEU	9, 93	2399	GLY	9, 97	2403	nuc	nuc	0.98
SER	9, 94	2400	GLY	9, 97	2403	nuc	nuc	0.98
GLU	9, 95	2401	GLY	9, 97	2403	nuc	nuc	0.99
LEU	9, 96	2402	GLY	9, 97	2403	nuc	nuc	1
TRP	7, 50	2058	ILE	9, 98	2404	nuc	nuc	0.9
LEU	9, 52	2358	ILE	9, 98	2404	nuc	nuc	0.95
PHE	9, 61	2367	ILE	9, 98	2404	nuc	nuc	0.85
ALA	9, 64	2370	ILE	9, 98	2404	nuc	nuc	0.98
VAL	9, 65	2371	ILE	9, 98	2404	nuc	nuc	0.92
LEU	9, 68	2374	ILE	9, 98	2404	nuc	nuc	0.65
THR	9, 92	2398	ILE	9, 98	2404	nuc	nuc	0.56
LEU	9, 93	2399	ILE	9, 98	2404	nuc	nuc	0.99
LEU	9, 96	2402	ILE	9, 98	2404	nuc	nuc	0.98
GLY	9, 97	2403	ILE	9, 98	2404	nuc	nuc	1
VAL	7, 55	2063	SER	9, 99	2405	nuc	nuc	0.79
LYS	7, 58	2066	SER	9, 99	2405	nuc	nuc	0.91
VAL	9, 65	2371	SER	9, 99	2405	nuc	nuc	0.85
LEU	9, 93	2399	SER	9, 99	2405	nuc	nuc	0.65
GLY	9, 97	2403	SER	9, 99	2405	nuc	nuc	0.99
ILE	9, 98	2404	SER	9, 99	2405	nuc	nuc	1
VAL	9, 65	2371	THR	9, 100	2406	nuc	nuc	0.57
LEU	9, 68	2374	THR	9, 100	2406	nuc	nuc	0.97
ILE	9, 86	2392	THR	9, 100	2406	nuc	nuc	0.95
LEU	9, 93	2399	THR	9, 100	2406	nuc	nuc	0.88
ILE	9, 98	2404	THR	9, 100	2406	nuc	nuc	0.79
SER	9, 99	2405	THR	9, 100	2406	nuc	nuc	1
SER	7, 69	2077	PRO	9, 101	2407	nuc	nuc	0.74
VAL	9, 65	2371	PRO	9, 101	2407	nuc	nuc	0.98
LEU	9, 68	2374	PRO	9, 101	2407	nuc	nuc	0.98
GLU	9, 69	2375	PRO	9, 101	2407	nuc	nuc	0.99
LYS	9, 72	2378	PRO	9, 101	2407	nuc	nuc	0.84
THR	9, 100	2406	PRO	9, 101	2407	nuc	nuc	1
THR	9, 100	2406	GLU	9, 102	2408	nuc	nuc	0.99
PRO	9, 101	2407	GLU	9, 102	2408	nuc	nuc	1
VAL	7, 55	2063	GLU	9, 103	2409	nuc	nuc	0.61
SER	9, 99	2405	GLU	9, 103	2409	nuc	nuc	0.97
THR	9, 100	2406	GLU	9, 103	2409	nuc	nuc	0.98
PRO	9, 101	2407	GLU	9, 103	2409	nuc	nuc	0.96
GLU	9, 102	2408	GLU	9, 103	2409	nuc	nuc	1
VAL	7, 55	2063	LEU	9, 104	2410	nuc	nuc	0.91
LYS	7, 58	2066	LEU	9, 104	2410	nuc	nuc	0.94
VAL	7, 59	2067	LEU	9, 104	2410	nuc	nuc	0.94
TYR	7, 62	2070	LEU	9, 104	2410	nuc	nuc	0.83
VAL	9, 65	2371	LEU	9, 104	2410	nuc	nuc	0.9
SER	9, 99	2405	LEU	9, 104	2410	nuc	nuc	0.97
THR	9, 100	2406	LEU	9, 104	2410	nuc	nuc	0.92
PRO	9, 101	2407	LEU	9, 104	2410	nuc	nuc	0.98
GLU	9, 102	2408	LEU	9, 104	2410	nuc	nuc	0.94
GLU	9, 103	2409	LEU	9, 104	2410	nuc	nuc	1
VAL	7, 59	2067	GLY	9, 105	2411	nuc	nuc	0.61
PRO	9, 101	2407	GLY	9, 105	2411	nuc	nuc	0.94
GLU	9, 102	2408	GLY	9, 105	2411	nuc	nuc	0.96
GLU	9, 103	2409	GLY	9, 105	2411	nuc	nuc	0.99
LEU	9, 104	2410	GLY	9, 105	2411	nuc	nuc	1
VAL	7, 59	2067	LEU	9, 106	2412	nuc	nuc	0.79
TYR	7, 62	2070	LEU	9, 106	2412	nuc	nuc	0.87
SER	7, 69	2077	LEU	9, 106	2412	nuc	nuc	0.96
ALA	7, 71	2079	LEU	9, 106	2412	nuc	nuc	0.9
VAL	9, 65	2371	LEU	9, 106	2412	nuc	nuc	0.78
GLU	9, 69	2375	LEU	9, 106	2412	nuc	nuc	0.77
PRO	9, 101	2407	LEU	9, 106	2412	nuc	nuc	0.97
GLU	9, 102	2408	LEU	9, 106	2412	nuc	nuc	0.61
LEU	9, 104	2410	LEU	9, 106	2412	nuc	nuc	0.99
GLY	9, 105	2411	LEU	9, 106	2412	nuc	nuc	1
SER	7, 69	2077	ASP	9, 107	2413	nuc	nuc	0.53
ALA	7, 71	2079	ASP	9, 107	2413	nuc	nuc	0.96
PRO	9, 101	2407	ASP	9, 107	2413	nuc	nuc	0.97
GLU	9, 102	2408	ASP	9, 107	2413	nuc	nuc	0.97
GLY	9, 105	2411	ASP	9, 107	2413	nuc	nuc	0.99
LEU	9, 106	2412	ASP	9, 107	2413	nuc	nuc	1
ALA	7, 71	2079	LYS	9, 108	2414	nuc	nuc	0.89
GLY	9, 105	2411	LYS	9, 108	2414	nuc	nuc	0.93
LEU	9, 106	2412	LYS	9, 108	2414	nuc	nuc	0.85
ASP	9, 107	2413	LYS	9, 108	2414	nuc	nuc	1
ALA	7, 71	2079	ALA	9, 109	2415	nuc	nuc	0.9
GLU	7, 72	2080	ALA	9, 109	2415	nuc	nuc	0.86
LYS	7, 75	2083	ALA	9, 109	2415	nuc	nuc	0.82
LYS	9, 108	2414	ALA	9, 109	2415	nuc	nuc	1
SER	10, 1	2416	HIS	10, 2	2417	nuc	nuc	1
SER	10, 1	2416	GLY	10, 3	2418	nuc	nuc	0.95
HIS	10, 2	2417	GLY	10, 3	2418	nuc	nuc	1
SER	10, 1	2416	SER	10, 4	2419	nuc	nuc	0.54
HIS	10, 2	2417	SER	10, 4	2419	nuc	nuc	0.66
GLY	10, 3	2418	SER	10, 4	2419	nuc	nuc	1
GLY	10, 3	2418	GLN	10, 5	2420	nuc	nuc	0.93
SER	10, 4	2419	GLN	10, 5	2420	nuc	nuc	1
SER	10, 4	2419	GLU	10, 6	2421	nuc	nuc	0.83
GLN	10, 5	2420	GLU	10, 6	2421	nuc	nuc	1
GLU	10, 6	2421	SER	10, 7	2422	nuc	nuc	1
SER	10, 7	2422	ASP	10, 8	2423	nuc	nuc	1
SER	10, 7	2422	GLU	10, 9	2424	nuc	nuc	0.97
ASP	10, 8	2423	GLU	10, 9	2424	nuc	nuc	1
GLU	10, 6	2421	GLU	10, 10	2425	nuc	nuc	0.94
SER	10, 7	2422	GLU	10, 10	2425	nuc	nuc	0.97
ASP	10, 8	2423	GLU	10, 10	2425	nuc	nuc	0.94
GLU	10, 9	2424	GLU	10, 10	2425	nuc	nuc	1
GLU	10, 6	2421	PHE	10, 11	2426	nuc	nuc	0.93
SER	10, 7	2422	PHE	10, 11	2426	nuc	nuc	0.95
ASP	10, 8	2423	PHE	10, 11	2426	nuc	nuc	0.99
GLU	10, 9	2424	PHE	10, 11	2426	nuc	nuc	0.98
GLU	10, 10	2425	PHE	10, 11	2426	nuc	nuc	1
ASP	10, 8	2423	ASP	10, 12	2427	nuc	nuc	0.96
GLU	10, 9	2424	ASP	10, 12	2427	nuc	nuc	0.99
GLU	10, 10	2425	ASP	10, 12	2427	nuc	nuc	0.96
PHE	10, 11	2426	ASP	10, 12	2427	nuc	nuc	1
GLU	10, 9	2424	ALA	10, 13	2428	nuc	nuc	0.97
GLU	10, 10	2425	ALA	10, 13	2428	nuc	nuc	0.99
PHE	10, 11	2426	ALA	10, 13	2428	nuc	nuc	0.98
ASP	10, 12	2427	ALA	10, 13	2428	nuc	nuc	1
GLU	10, 6	2421	ARG	10, 14	2429	nuc	nuc	0.6
GLU	10, 10	2425	ARG	10, 14	2429	nuc	nuc	0.98
PHE	10, 11	2426	ARG	10, 14	2429	nuc	nuc	0.99
ASP	10, 12	2427	ARG	10, 14	2429	nuc	nuc	0.98
ALA	10, 13	2428	ARG	10, 14	2429	nuc	nuc	1
PHE	10, 11	2426	TRP	10, 15	2430	nuc	nuc	0.97
ASP	10, 12	2427	TRP	10, 15	2430	nuc	nuc	0.99
ALA	10, 13	2428	TRP	10, 15	2430	nuc	nuc	0.96
ARG	10, 14	2429	TRP	10, 15	2430	nuc	nuc	1
ASP	10, 12	2427	VAL	10, 16	2431	nuc	nuc	0.99
ALA	10, 13	2428	VAL	10, 16	2431	nuc	nuc	0.99
ARG	10, 14	2429	VAL	10, 16	2431	nuc	nuc	0.98
TRP	10, 15	2430	VAL	10, 16	2431	nuc	nuc	1
ALA	10, 13	2428	THR	10, 17	2432	nuc	nuc	0.99
ARG	10, 14	2429	THR	10, 17	2432	nuc	nuc	0.99
TRP	10, 15	2430	THR	10, 17	2432	nuc	nuc	0.98
VAL	10, 16	2431	THR	10, 17	2432	nuc	nuc	1
ARG	10, 14	2429	TYR	10, 18	2433	nuc	nuc	0.99
TRP	10, 15	2430	TYR	10, 18	2433	nuc	nuc	1
VAL	10, 16	2431	TYR	10, 18	2433	nuc	nuc	0.99
THR	10, 17	2432	TYR	10, 18	2433	nuc	nuc	1
TRP	10, 15	2430	PHE	10, 19	2434	nuc	nuc	0.98
VAL	10, 16	2431	PHE	10, 19	2434	nuc	nuc	0.99
THR	10, 17	2432	PHE	10, 19	2434	nuc	nuc	0.81
TYR	10, 18	2433	PHE	10, 19	2434	nuc	nuc	1
VAL	10, 16	2431	ASN	10, 20	2435	nuc	nuc	0.98
THR	10, 17	2432	ASN	10, 20	2435	nuc	nuc	0.99
TYR	10, 18	2433	ASN	10, 20	2435	nuc	nuc	0.95
PHE	10, 19	2434	ASN	10, 20	2435	nuc	nuc	1
THR	10, 17	2432	LYS	10, 21	2436	nuc	nuc	0.89
TYR	10, 18	2433	LYS	10, 21	2436	nuc	nuc	0.98
PHE	10, 19	2434	LYS	10, 21	2436	nuc	nuc	0.97
ASN	10, 20	2435	LYS	10, 21	2436	nuc	nuc	1
ASN	10, 20	2435	PRO	10, 22	2437	nuc	nuc	0.7
LYS	10, 21	2436	PRO	10, 22	2437	nuc	nuc	1
LYS	10, 21	2436	ASP	10, 23	2438	nuc	nuc	0.99
PRO	10, 22	2437	ASP	10, 23	2438	nuc	nuc	1
PHE	10, 19	2434	ILE	10, 24	2439	nuc	nuc	0.89
LYS	10, 21	2436	ILE	10, 24	2439	nuc	nuc	0.99
PRO	10, 22	2437	ILE	10, 24	2439	nuc	nuc	0.94
ASP	10, 23	2438	ILE	10, 24	2439	nuc	nuc	1
ASP	10, 23	2438	ASP	10, 25	2440	nuc	nuc	0.86
ILE	10, 24	2439	ASP	10, 25	2440	nuc	nuc	1
ASP	10, 25	2440	ALA	10, 26	2441	nuc	nuc	1
ASP	10, 25	2440	TRP	10, 27	2442	nuc	nuc	1
ALA	10, 26	2441	TRP	10, 27	2442	nuc	nuc	1
LYS	10, 21	2436	GLU	10, 28	2443	nuc	nuc	0.62
ILE	10, 24	2439	GLU	10, 28	2443	nuc	nuc	0.98
ASP	10, 25	2440	GLU	10, 28	2443	nuc	nuc	0.99
ALA	10, 26	2441	GLU	10, 28	2443	nuc	nuc	0.96
TRP	10, 27	2442	GLU	10, 28	2443	nuc	nuc	1
LEU	8, 26	2183	LEU	10, 29	2444	nuc	nuc	0.76
PHE	10, 19	2434	LEU	10, 29	2444	nuc	nuc	0.65
ILE	10, 24	2439	LEU	10, 29	2444	nuc	nuc	0.98
ASP	10, 25	2440	LEU	10, 29	2444	nuc	nuc	0.95
ALA	10, 26	2441	LEU	10, 29	2444	nuc	nuc	1
TRP	10, 27	2442	LEU	10, 29	2444	nuc	nuc	0.99
GLU	10, 28	2443	LEU	10, 29	2444	nuc	nuc	1
LEU	8, 26	2183	ARG	10, 30	2445	nuc	nuc	0.98
GLU	8, 28	2185	ARG	10, 30	2445	nuc	nuc	0.82
ALA	10, 26	2441	ARG	10, 30	2445	nuc	nuc	0.99
TRP	10, 27	2442	ARG	10, 30	2445	nuc	nuc	1
GLU	10, 28	2443	ARG	10, 30	2445	nuc	nuc	0.97
LEU	10, 29	2444	ARG	10, 30	2445	nuc	nuc	1
TRP	10, 27	2442	LYS	10, 31	2446	nuc	nuc	0.99
GLU	10, 28	2443	LYS	10, 31	2446	nuc	nuc	1
LEU	10, 29	2444	LYS	10, 31	2446	nuc	nuc	0.99
ARG	10, 30	2445	LYS	10, 31	2446	nuc	nuc	1
TYR	10, 18	2433	GLY	10, 32	2447	nuc	nuc	0.96
PHE	10, 19	2434	GLY	10, 32	2447	nuc	nuc	0.68
GLU	10, 28	2443	GLY	10, 32	2447	nuc	nuc	0.99
LEU	10, 29	2444	GLY	10, 32	2447	nuc	nuc	1
ARG	10, 30	2445	GLY	10, 32	2447	nuc	nuc	1
LYS	10, 31	2446	GLY	10, 32	2447	nuc	nuc	1
PRO	8, 25	2182	VAL	10, 33	2448	nuc	nuc	0.96
LEU	8, 26	2183	VAL	10, 33	2448	nuc	nuc	0.96
LEU	10, 29	2444	VAL	10, 33	2448	nuc	nuc	0.99
ARG	10, 30	2445	VAL	10, 33	2448	nuc	nuc	0.99
LYS	10, 31	2446	VAL	10, 33	2448	nuc	nuc	0.92
GLY	10, 32	2447	VAL	10, 33	2448	nuc	nuc	1
ASP	8, 23	2180	ASN	10, 34	2449	nuc	nuc	0.51
VAL	8, 24	2181	ASN	10, 34	2449	nuc	nuc	0.97
PRO	8, 25	2182	ASN	10, 34	2449	nuc	nuc	0.96
LEU	8, 26	2183	ASN	10, 34	2449	nuc	nuc	0.94
ARG	10, 30	2445	ASN	10, 34	2449	nuc	nuc	0.99
LYS	10, 31	2446	ASN	10, 34	2449	nuc	nuc	1
GLY	10, 32	2447	ASN	10, 34	2449	nuc	nuc	1
VAL	10, 33	2448	ASN	10, 34	2449	nuc	nuc	1
LYS	10, 31	2446	THR	10, 35	2450	nuc	nuc	0.99
GLY	10, 32	2447	THR	10, 35	2450	nuc	nuc	1
VAL	10, 33	2448	THR	10, 35	2450	nuc	nuc	0.98
ASN	10, 34	2449	THR	10, 35	2450	nuc	nuc	1
TRP	10, 15	2430	LEU	10, 36	2451	nuc	nuc	0.95
GLY	10, 32	2447	LEU	10, 36	2451	nuc	nuc	1
VAL	10, 33	2448	LEU	10, 36	2451	nuc	nuc	1
ASN	10, 34	2449	LEU	10, 36	2451	nuc	nuc	0.98
THR	10, 35	2450	LEU	10, 36	2451	nuc	nuc	1
SER	4, 51	1310	VAL	10, 37	2452	mit	nuc	0.62
ASP	8, 23	2180	VAL	10, 37	2452	nuc	nuc	0.93
PRO	8, 25	2182	VAL	10, 37	2452	nuc	nuc	0.96
VAL	10, 33	2448	VAL	10, 37	2452	nuc	nuc	0.98
ASN	10, 34	2449	VAL	10, 37	2452	nuc	nuc	0.99
THR	10, 35	2450	VAL	10, 37	2452	nuc	nuc	0.96
LEU	10, 36	2451	VAL	10, 37	2452	nuc	nuc	1
SER	4, 51	1310	GLY	10, 38	2453	mit	nuc	0.89
SER	4, 52	1311	GLY	10, 38	2453	mit	nuc	0.96
ASN	4, 53	1312	GLY	10, 38	2453	mit	nuc	0.97
THR	4, 54	1313	GLY	10, 38	2453	mit	nuc	0.7
ASP	8, 23	2180	GLY	10, 38	2453	nuc	nuc	0.83
ASN	10, 34	2449	GLY	10, 38	2453	nuc	nuc	0.62
THR	10, 35	2450	GLY	10, 38	2453	nuc	nuc	0.99
LEU	10, 36	2451	GLY	10, 38	2453	nuc	nuc	1
VAL	10, 37	2452	GLY	10, 38	2453	nuc	nuc	1
SER	4, 52	1311	TYR	10, 39	2454	mit	nuc	0.93
THR	4, 54	1313	TYR	10, 39	2454	mit	nuc	0.72
THR	10, 35	2450	TYR	10, 39	2454	nuc	nuc	0.56
LEU	10, 36	2451	TYR	10, 39	2454	nuc	nuc	0.99
VAL	10, 37	2452	TYR	10, 39	2454	nuc	nuc	0.93
GLY	10, 38	2453	TYR	10, 39	2454	nuc	nuc	1
LEU	4, 50	1309	ASP	10, 40	2455	mit	nuc	0.72
SER	4, 52	1311	ASP	10, 40	2455	mit	nuc	0.98
THR	4, 54	1313	ASP	10, 40	2455	mit	nuc	0.66
GLY	10, 38	2453	ASP	10, 40	2455	nuc	nuc	0.74
TYR	10, 39	2454	ASP	10, 40	2455	nuc	nuc	1
TYR	10, 39	2454	LEU	10, 41	2456	nuc	nuc	1
ASP	10, 40	2455	LEU	10, 41	2456	nuc	nuc	1
LEU	10, 41	2456	VAL	10, 42	2457	nuc	nuc	1
TRP	10, 15	2430	PRO	10, 43	2458	nuc	nuc	0.64
LEU	10, 36	2451	PRO	10, 43	2458	nuc	nuc	0.99
LEU	10, 41	2456	PRO	10, 43	2458	nuc	nuc	0.99
VAL	10, 42	2457	PRO	10, 43	2458	nuc	nuc	1
ASP	10, 12	2427	GLU	10, 44	2459	nuc	nuc	0.97
VAL	10, 42	2457	GLU	10, 44	2459	nuc	nuc	0.58
PRO	10, 43	2458	GLU	10, 44	2459	nuc	nuc	1
GLU	10, 44	2459	PRO	10, 45	2460	nuc	nuc	1
ASP	10, 12	2427	LYS	10, 46	2461	nuc	nuc	0.96
VAL	10, 16	2431	LYS	10, 46	2461	nuc	nuc	0.98
GLU	10, 44	2459	LYS	10, 46	2461	nuc	nuc	1
PRO	10, 45	2460	LYS	10, 46	2461	nuc	nuc	1
ASP	10, 12	2427	ILE	10, 47	2462	nuc	nuc	0.97
TRP	10, 15	2430	ILE	10, 47	2462	nuc	nuc	0.99
VAL	10, 16	2431	ILE	10, 47	2462	nuc	nuc	0.98
PHE	10, 19	2434	ILE	10, 47	2462	nuc	nuc	0.92
LEU	10, 36	2451	ILE	10, 47	2462	nuc	nuc	0.78
PRO	10, 43	2458	ILE	10, 47	2462	nuc	nuc	0.99
GLU	10, 44	2459	ILE	10, 47	2462	nuc	nuc	1
PRO	10, 45	2460	ILE	10, 47	2462	nuc	nuc	0.98
LYS	10, 46	2461	ILE	10, 47	2462	nuc	nuc	1
PRO	10, 43	2458	ILE	10, 48	2463	nuc	nuc	0.99
GLU	10, 44	2459	ILE	10, 48	2463	nuc	nuc	0.93
PRO	10, 45	2460	ILE	10, 48	2463	nuc	nuc	1
LYS	10, 46	2461	ILE	10, 48	2463	nuc	nuc	0.96
ILE	10, 47	2462	ILE	10, 48	2463	nuc	nuc	1
PRO	10, 45	2460	ASP	10, 49	2464	nuc	nuc	0.99
LYS	10, 46	2461	ASP	10, 49	2464	nuc	nuc	1
ILE	10, 47	2462	ASP	10, 49	2464	nuc	nuc	0.99
ILE	10, 48	2463	ASP	10, 49	2464	nuc	nuc	1
TRP	10, 15	2430	ALA	10, 50	2465	nuc	nuc	0.75
VAL	10, 16	2431	ALA	10, 50	2465	nuc	nuc	0.99
PHE	10, 19	2434	ALA	10, 50	2465	nuc	nuc	0.99
ASN	10, 20	2435	ALA	10, 50	2465	nuc	nuc	0.98
LYS	10, 46	2461	ALA	10, 50	2465	nuc	nuc	0.97
ILE	10, 47	2462	ALA	10, 50	2465	nuc	nuc	1
ILE	10, 48	2463	ALA	10, 50	2465	nuc	nuc	0.98
ASP	10, 49	2464	ALA	10, 50	2465	nuc	nuc	1
PHE	10, 19	2434	ALA	10, 51	2466	nuc	nuc	0.98
LEU	10, 29	2444	ALA	10, 51	2466	nuc	nuc	0.79
VAL	10, 33	2448	ALA	10, 51	2466	nuc	nuc	0.96
ILE	10, 47	2462	ALA	10, 51	2466	nuc	nuc	0.99
ILE	10, 48	2463	ALA	10, 51	2466	nuc	nuc	1
ASP	10, 49	2464	ALA	10, 51	2466	nuc	nuc	0.99
ALA	10, 50	2465	ALA	10, 51	2466	nuc	nuc	1
ILE	10, 48	2463	LEU	10, 52	2467	nuc	nuc	1
ASP	10, 49	2464	LEU	10, 52	2467	nuc	nuc	1
ALA	10, 50	2465	LEU	10, 52	2467	nuc	nuc	0.99
ALA	10, 51	2466	LEU	10, 52	2467	nuc	nuc	1
PHE	10, 19	2434	ARG	10, 53	2468	nuc	nuc	0.82
ASN	10, 20	2435	ARG	10, 53	2468	nuc	nuc	0.75
ASP	10, 49	2464	ARG	10, 53	2468	nuc	nuc	0.99
ALA	10, 50	2465	ARG	10, 53	2468	nuc	nuc	1
ALA	10, 51	2466	ARG	10, 53	2468	nuc	nuc	0.99
LEU	10, 52	2467	ARG	10, 53	2468	nuc	nuc	1
PHE	10, 19	2434	ALA	10, 54	2469	nuc	nuc	0.99
ASN	10, 20	2435	ALA	10, 54	2469	nuc	nuc	0.76
ILE	10, 24	2439	ALA	10, 54	2469	nuc	nuc	0.97
LEU	10, 29	2444	ALA	10, 54	2469	nuc	nuc	0.99
ALA	10, 50	2465	ALA	10, 54	2469	nuc	nuc	0.99
ALA	10, 51	2466	ALA	10, 54	2469	nuc	nuc	1
LEU	10, 52	2467	ALA	10, 54	2469	nuc	nuc	0.99
ARG	10, 53	2468	ALA	10, 54	2469	nuc	nuc	1
LEU	10, 29	2444	CYS	10, 55	2470	nuc	nuc	0.93
ALA	10, 51	2466	CYS	10, 55	2470	nuc	nuc	0.99
LEU	10, 52	2467	CYS	10, 55	2470	nuc	nuc	1
ARG	10, 53	2468	CYS	10, 55	2470	nuc	nuc	0.99
ALA	10, 54	2469	CYS	10, 55	2470	nuc	nuc	1
TRP	8, 50	2207	ARG	10, 56	2471	nuc	nuc	0.51
LEU	10, 52	2467	ARG	10, 56	2471	nuc	nuc	0.98
ARG	10, 53	2468	ARG	10, 56	2471	nuc	nuc	1
ALA	10, 54	2469	ARG	10, 56	2471	nuc	nuc	0.99
CYS	10, 55	2470	ARG	10, 56	2471	nuc	nuc	1
PRO	10, 22	2437	ARG	10, 57	2472	nuc	nuc	0.68
ILE	10, 24	2439	ARG	10, 57	2472	nuc	nuc	0.85
ARG	10, 53	2468	ARG	10, 57	2472	nuc	nuc	0.98
ALA	10, 54	2469	ARG	10, 57	2472	nuc	nuc	0.99
CYS	10, 55	2470	ARG	10, 57	2472	nuc	nuc	0.97
ARG	10, 56	2471	ARG	10, 57	2472	nuc	nuc	1
ILE	10, 24	2439	LEU	10, 58	2473	nuc	nuc	0.82
ASP	10, 25	2440	LEU	10, 58	2473	nuc	nuc	0.6
ALA	10, 26	2441	LEU	10, 58	2473	nuc	nuc	0.97
LEU	10, 29	2444	LEU	10, 58	2473	nuc	nuc	0.95
ALA	10, 54	2469	LEU	10, 58	2473	nuc	nuc	0.98
CYS	10, 55	2470	LEU	10, 58	2473	nuc	nuc	0.99
ARG	10, 56	2471	LEU	10, 58	2473	nuc	nuc	0.95
ARG	10, 57	2472	LEU	10, 58	2473	nuc	nuc	1
GLU	8, 46	2203	ASN	10, 59	2474	nuc	nuc	0.92
LYS	8, 47	2204	ASN	10, 59	2474	nuc	nuc	0.95
ARG	10, 56	2471	ASN	10, 59	2474	nuc	nuc	0.9
ARG	10, 57	2472	ASN	10, 59	2474	nuc	nuc	0.83
LEU	10, 58	2473	ASN	10, 59	2474	nuc	nuc	1
LYS	8, 65	2222	ASP	10, 60	2475	nuc	nuc	0.53
ALA	10, 26	2441	ASP	10, 60	2475	nuc	nuc	0.74
CYS	10, 55	2470	ASP	10, 60	2475	nuc	nuc	0.99
LEU	10, 58	2473	ASP	10, 60	2475	nuc	nuc	1
ASN	10, 59	2474	ASP	10, 60	2475	nuc	nuc	1
GLU	8, 46	2203	PHE	10, 61	2476	nuc	nuc	0.89
TRP	8, 50	2207	PHE	10, 61	2476	nuc	nuc	0.93
LEU	8, 53	2210	PHE	10, 61	2476	nuc	nuc	0.63
LYS	8, 58	2215	PHE	10, 61	2476	nuc	nuc	0.88
LEU	8, 61	2218	PHE	10, 61	2476	nuc	nuc	0.93
TYR	8, 62	2219	PHE	10, 61	2476	nuc	nuc	0.53
CYS	10, 55	2470	PHE	10, 61	2476	nuc	nuc	0.84
ASN	10, 59	2474	PHE	10, 61	2476	nuc	nuc	0.72
ASP	10, 60	2475	PHE	10, 61	2476	nuc	nuc	1
LEU	8, 61	2218	ALA	10, 62	2477	nuc	nuc	0.95
TYR	8, 62	2219	ALA	10, 62	2477	nuc	nuc	0.93
ILE	8, 64	2221	ALA	10, 62	2477	nuc	nuc	0.82
LYS	8, 65	2222	ALA	10, 62	2477	nuc	nuc	0.97
PHE	8, 66	2223	ALA	10, 62	2477	nuc	nuc	0.91
ASP	10, 60	2475	ALA	10, 62	2477	nuc	nuc	1
PHE	10, 61	2476	ALA	10, 62	2477	nuc	nuc	1
LEU	8, 26	2183	SER	10, 63	2478	nuc	nuc	0.96
LYS	8, 65	2222	SER	10, 63	2478	nuc	nuc	0.85
LEU	10, 29	2444	SER	10, 63	2478	nuc	nuc	0.89
VAL	10, 33	2448	SER	10, 63	2478	nuc	nuc	0.52
CYS	10, 55	2470	SER	10, 63	2478	nuc	nuc	0.99
ASP	10, 60	2475	SER	10, 63	2478	nuc	nuc	1
PHE	10, 61	2476	SER	10, 63	2478	nuc	nuc	0.96
ALA	10, 62	2477	SER	10, 63	2478	nuc	nuc	1
LEU	10, 52	2467	ALA	10, 64	2479	nuc	nuc	0.99
CYS	10, 55	2470	ALA	10, 64	2479	nuc	nuc	1
ARG	10, 56	2471	ALA	10, 64	2479	nuc	nuc	0.72
ASP	10, 60	2475	ALA	10, 64	2479	nuc	nuc	0.96
PHE	10, 61	2476	ALA	10, 64	2479	nuc	nuc	1
ALA	10, 62	2477	ALA	10, 64	2479	nuc	nuc	0.99
SER	10, 63	2478	ALA	10, 64	2479	nuc	nuc	1
LYS	8, 58	2215	VAL	10, 65	2480	nuc	nuc	0.6
TYR	8, 62	2219	VAL	10, 65	2480	nuc	nuc	0.95
PHE	10, 61	2476	VAL	10, 65	2480	nuc	nuc	0.97
ALA	10, 62	2477	VAL	10, 65	2480	nuc	nuc	0.99
SER	10, 63	2478	VAL	10, 65	2480	nuc	nuc	0.97
ALA	10, 64	2479	VAL	10, 65	2480	nuc	nuc	1
PRO	8, 25	2182	ARG	10, 66	2481	nuc	nuc	0.96
LEU	8, 26	2183	ARG	10, 66	2481	nuc	nuc	0.94
TYR	8, 62	2219	ARG	10, 66	2481	nuc	nuc	0.64
PHE	8, 66	2223	ARG	10, 66	2481	nuc	nuc	0.93
ALA	10, 62	2477	ARG	10, 66	2481	nuc	nuc	0.98
SER	10, 63	2478	ARG	10, 66	2481	nuc	nuc	1
ALA	10, 64	2479	ARG	10, 66	2481	nuc	nuc	0.99
VAL	10, 65	2480	ARG	10, 66	2481	nuc	nuc	1
PRO	8, 25	2182	ILE	10, 67	2482	nuc	nuc	0.79
VAL	10, 33	2448	ILE	10, 67	2482	nuc	nuc	0.99
ILE	10, 48	2463	ILE	10, 67	2482	nuc	nuc	0.97
ALA	10, 51	2466	ILE	10, 67	2482	nuc	nuc	0.99
LEU	10, 52	2467	ILE	10, 67	2482	nuc	nuc	0.96
CYS	10, 55	2470	ILE	10, 67	2482	nuc	nuc	0.87
SER	10, 63	2478	ILE	10, 67	2482	nuc	nuc	0.99
ALA	10, 64	2479	ILE	10, 67	2482	nuc	nuc	1
VAL	10, 65	2480	ILE	10, 67	2482	nuc	nuc	0.99
ARG	10, 66	2481	ILE	10, 67	2482	nuc	nuc	1
ILE	10, 48	2463	LEU	10, 68	2483	nuc	nuc	0.55
ALA	10, 64	2479	LEU	10, 68	2483	nuc	nuc	0.96
VAL	10, 65	2480	LEU	10, 68	2483	nuc	nuc	1
ARG	10, 66	2481	LEU	10, 68	2483	nuc	nuc	0.99
ILE	10, 67	2482	LEU	10, 68	2483	nuc	nuc	1
PRO	8, 25	2182	GLU	10, 69	2484	nuc	nuc	0.55
SER	8, 69	2226	GLU	10, 69	2484	nuc	nuc	0.91
TYR	8, 70	2227	GLU	10, 69	2484	nuc	nuc	0.96
VAL	10, 65	2480	GLU	10, 69	2484	nuc	nuc	0.99
ARG	10, 66	2481	GLU	10, 69	2484	nuc	nuc	1
ILE	10, 67	2482	GLU	10, 69	2484	nuc	nuc	0.99
LEU	10, 68	2483	GLU	10, 69	2484	nuc	nuc	1
PRO	8, 25	2182	VAL	10, 70	2485	nuc	nuc	0.97
TYR	8, 70	2227	VAL	10, 70	2485	nuc	nuc	0.72
VAL	10, 33	2448	VAL	10, 70	2485	nuc	nuc	0.9
VAL	10, 37	2452	VAL	10, 70	2485	nuc	nuc	0.99
ARG	10, 66	2481	VAL	10, 70	2485	nuc	nuc	1
ILE	10, 67	2482	VAL	10, 70	2485	nuc	nuc	1
LEU	10, 68	2483	VAL	10, 70	2485	nuc	nuc	0.98
GLU	10, 69	2484	VAL	10, 70	2485	nuc	nuc	1
VAL	10, 42	2457	VAL	10, 71	2486	nuc	nuc	0.98
PRO	10, 43	2458	VAL	10, 71	2486	nuc	nuc	0.96
ILE	10, 48	2463	VAL	10, 71	2486	nuc	nuc	0.96
ILE	10, 67	2482	VAL	10, 71	2486	nuc	nuc	0.98
LEU	10, 68	2483	VAL	10, 71	2486	nuc	nuc	1
GLU	10, 69	2484	VAL	10, 71	2486	nuc	nuc	0.99
VAL	10, 70	2485	VAL	10, 71	2486	nuc	nuc	1
TYR	8, 70	2227	LYS	10, 72	2487	nuc	nuc	0.84
LEU	10, 68	2483	LYS	10, 72	2487	nuc	nuc	0.96
GLU	10, 69	2484	LYS	10, 72	2487	nuc	nuc	1
VAL	10, 70	2485	LYS	10, 72	2487	nuc	nuc	0.99
VAL	10, 71	2486	LYS	10, 72	2487	nuc	nuc	1
ARG	8, 22	2179	ASP	10, 73	2488	nuc	nuc	0.94
TYR	8, 70	2227	ASP	10, 73	2488	nuc	nuc	0.96
ASN	8, 74	2231	ASP	10, 73	2488	nuc	nuc	0.53
GLU	10, 69	2484	ASP	10, 73	2488	nuc	nuc	0.99
VAL	10, 70	2485	ASP	10, 73	2488	nuc	nuc	1
VAL	10, 71	2486	ASP	10, 73	2488	nuc	nuc	0.98
LYS	10, 72	2487	ASP	10, 73	2488	nuc	nuc	1
LEU	4, 50	1309	LYS	10, 74	2489	mit	nuc	0.57
SER	4, 51	1310	LYS	10, 74	2489	mit	nuc	0.76
VAL	10, 37	2452	LYS	10, 74	2489	nuc	nuc	0.96
VAL	10, 42	2457	LYS	10, 74	2489	nuc	nuc	0.99
PRO	10, 43	2458	LYS	10, 74	2489	nuc	nuc	0.68
VAL	10, 70	2485	LYS	10, 74	2489	nuc	nuc	1
VAL	10, 71	2486	LYS	10, 74	2489	nuc	nuc	1
LYS	10, 72	2487	LYS	10, 74	2489	nuc	nuc	0.94
ASP	10, 73	2488	LYS	10, 74	2489	nuc	nuc	1
VAL	10, 42	2457	ALA	10, 75	2490	nuc	nuc	0.98
VAL	10, 71	2486	ALA	10, 75	2490	nuc	nuc	0.97
LYS	10, 72	2487	ALA	10, 75	2490	nuc	nuc	0.99
ASP	10, 73	2488	ALA	10, 75	2490	nuc	nuc	0.99
LYS	10, 74	2489	ALA	10, 75	2490	nuc	nuc	1
LYS	4, 49	1308	GLY	10, 76	2491	mit	nuc	0.96
LEU	4, 50	1309	GLY	10, 76	2491	mit	nuc	0.95
ASP	10, 73	2488	GLY	10, 76	2491	nuc	nuc	0.98
LYS	10, 74	2489	GLY	10, 76	2491	nuc	nuc	0.99
ALA	10, 75	2490	GLY	10, 76	2491	nuc	nuc	1
LYS	4, 49	1308	PRO	10, 77	2492	mit	nuc	0.92
LEU	4, 50	1309	PRO	10, 77	2492	mit	nuc	0.72
ALA	10, 75	2490	PRO	10, 77	2492	nuc	nuc	0.58
GLY	10, 76	2491	PRO	10, 77	2492	nuc	nuc	1
ALA	10, 75	2490	HIS	10, 78	2493	nuc	nuc	0.98
GLY	10, 76	2491	HIS	10, 78	2493	nuc	nuc	0.99
PRO	10, 77	2492	HIS	10, 78	2493	nuc	nuc	1
ALA	10, 75	2490	LYS	10, 79	2494	nuc	nuc	0.78
PRO	10, 77	2492	LYS	10, 79	2494	nuc	nuc	0.88
HIS	10, 78	2493	LYS	10, 79	2494	nuc	nuc	1
HIS	10, 78	2493	GLU	10, 80	2495	nuc	nuc	0.99
LYS	10, 79	2494	GLU	10, 80	2495	nuc	nuc	1
VAL	10, 42	2457	ILE	10, 81	2496	nuc	nuc	0.97
ALA	10, 75	2490	ILE	10, 81	2496	nuc	nuc	0.99
HIS	10, 78	2493	ILE	10, 81	2496	nuc	nuc	0.99
LYS	10, 79	2494	ILE	10, 81	2496	nuc	nuc	0.9
GLU	10, 80	2495	ILE	10, 81	2496	nuc	nuc	1
VAL	10, 71	2486	TYR	10, 82	2497	nuc	nuc	0.97
LYS	10, 72	2487	TYR	10, 82	2497	nuc	nuc	0.99
ALA	10, 75	2490	TYR	10, 82	2497	nuc	nuc	0.99
LYS	10, 79	2494	TYR	10, 82	2497	nuc	nuc	0.93
GLU	10, 80	2495	TYR	10, 82	2497	nuc	nuc	0.62
ILE	10, 81	2496	TYR	10, 82	2497	nuc	nuc	1
LYS	10, 79	2494	PRO	10, 83	2498	nuc	nuc	0.68
GLU	10, 80	2495	PRO	10, 83	2498	nuc	nuc	0.96
ILE	10, 81	2496	PRO	10, 83	2498	nuc	nuc	0.9
TYR	10, 82	2497	PRO	10, 83	2498	nuc	nuc	1
GLU	10, 80	2495	TYR	10, 84	2499	nuc	nuc	0.96
ILE	10, 81	2496	TYR	10, 84	2499	nuc	nuc	0.99
TYR	10, 82	2497	TYR	10, 84	2499	nuc	nuc	0.99
PRO	10, 83	2498	TYR	10, 84	2499	nuc	nuc	1
VAL	10, 42	2457	VAL	10, 85	2500	nuc	nuc	0.82
PRO	10, 45	2460	VAL	10, 85	2500	nuc	nuc	0.98
ILE	10, 48	2463	VAL	10, 85	2500	nuc	nuc	0.94
VAL	10, 71	2486	VAL	10, 85	2500	nuc	nuc	0.99
ILE	10, 81	2496	VAL	10, 85	2500	nuc	nuc	0.99
TYR	10, 82	2497	VAL	10, 85	2500	nuc	nuc	1
PRO	10, 83	2498	VAL	10, 85	2500	nuc	nuc	0.96
TYR	10, 84	2499	VAL	10, 85	2500	nuc	nuc	1
LEU	10, 68	2483	ILE	10, 86	2501	nuc	nuc	0.6
TYR	10, 82	2497	ILE	10, 86	2501	nuc	nuc	0.99
PRO	10, 83	2498	ILE	10, 86	2501	nuc	nuc	0.99
TYR	10, 84	2499	ILE	10, 86	2501	nuc	nuc	0.97
VAL	10, 85	2500	ILE	10, 86	2501	nuc	nuc	1
PRO	10, 83	2498	GLN	10, 87	2502	nuc	nuc	0.98
TYR	10, 84	2499	GLN	10, 87	2502	nuc	nuc	0.99
VAL	10, 85	2500	GLN	10, 87	2502	nuc	nuc	0.99
ILE	10, 86	2501	GLN	10, 87	2502	nuc	nuc	1
PRO	10, 45	2460	GLU	10, 88	2503	nuc	nuc	0.99
TYR	10, 84	2499	GLU	10, 88	2503	nuc	nuc	0.96
VAL	10, 85	2500	GLU	10, 88	2503	nuc	nuc	0.99
ILE	10, 86	2501	GLU	10, 88	2503	nuc	nuc	0.94
GLN	10, 87	2502	GLU	10, 88	2503	nuc	nuc	1
PRO	10, 45	2460	LEU	10, 89	2504	nuc	nuc	0.98
ILE	10, 48	2463	LEU	10, 89	2504	nuc	nuc	0.96
ASP	10, 49	2464	LEU	10, 89	2504	nuc	nuc	0.96
LEU	10, 52	2467	LEU	10, 89	2504	nuc	nuc	0.78
VAL	10, 85	2500	LEU	10, 89	2504	nuc	nuc	0.99
ILE	10, 86	2501	LEU	10, 89	2504	nuc	nuc	0.99
GLN	10, 87	2502	LEU	10, 89	2504	nuc	nuc	0.94
GLU	10, 88	2503	LEU	10, 89	2504	nuc	nuc	1
ILE	10, 86	2501	ARG	10, 90	2505	nuc	nuc	0.98
GLN	10, 87	2502	ARG	10, 90	2505	nuc	nuc	0.99
GLU	10, 88	2503	ARG	10, 90	2505	nuc	nuc	0.96
LEU	10, 89	2504	ARG	10, 90	2505	nuc	nuc	1
LEU	10, 89	2504	PRO	10, 91	2506	nuc	nuc	0.96
ARG	10, 90	2505	PRO	10, 91	2506	nuc	nuc	1
ASP	10, 49	2464	THR	10, 92	2507	nuc	nuc	0.99
LEU	10, 52	2467	THR	10, 92	2507	nuc	nuc	0.97
ARG	10, 53	2468	THR	10, 92	2507	nuc	nuc	0.76
LEU	10, 89	2504	THR	10, 92	2507	nuc	nuc	0.99
ARG	10, 90	2505	THR	10, 92	2507	nuc	nuc	0.92
PRO	10, 91	2506	THR	10, 92	2507	nuc	nuc	1
ILE	10, 86	2501	LEU	10, 93	2508	nuc	nuc	0.62
LEU	10, 89	2504	LEU	10, 93	2508	nuc	nuc	0.98
ARG	10, 90	2505	LEU	10, 93	2508	nuc	nuc	0.99
PRO	10, 91	2506	LEU	10, 93	2508	nuc	nuc	0.97
THR	10, 92	2507	LEU	10, 93	2508	nuc	nuc	1
ARG	10, 90	2505	SER	10, 94	2509	nuc	nuc	0.97
PRO	10, 91	2506	SER	10, 94	2509	nuc	nuc	0.98
THR	10, 92	2507	SER	10, 94	2509	nuc	nuc	0.94
LEU	10, 93	2508	SER	10, 94	2509	nuc	nuc	1
PRO	10, 91	2506	GLU	10, 95	2510	nuc	nuc	0.95
THR	10, 92	2507	GLU	10, 95	2510	nuc	nuc	0.99
LEU	10, 93	2508	GLU	10, 95	2510	nuc	nuc	0.95
SER	10, 94	2509	GLU	10, 95	2510	nuc	nuc	1
TRP	8, 50	2207	LEU	10, 96	2511	nuc	nuc	0.87
LEU	10, 52	2467	LEU	10, 96	2511	nuc	nuc	0.95
ARG	10, 53	2468	LEU	10, 96	2511	nuc	nuc	0.83
ARG	10, 56	2471	LEU	10, 96	2511	nuc	nuc	0.98
ALA	10, 64	2479	LEU	10, 96	2511	nuc	nuc	0.61
THR	10, 92	2507	LEU	10, 96	2511	nuc	nuc	0.97
LEU	10, 93	2508	LEU	10, 96	2511	nuc	nuc	0.98
SER	10, 94	2509	LEU	10, 96	2511	nuc	nuc	0.71
GLU	10, 95	2510	LEU	10, 96	2511	nuc	nuc	1
SER	8, 49	2206	GLY	10, 97	2512	nuc	nuc	0.64
TRP	8, 50	2207	GLY	10, 97	2512	nuc	nuc	0.95
THR	8, 51	2208	GLY	10, 97	2512	nuc	nuc	0.94
LEU	10, 93	2508	GLY	10, 97	2512	nuc	nuc	0.98
SER	10, 94	2509	GLY	10, 97	2512	nuc	nuc	0.98
GLU	10, 95	2510	GLY	10, 97	2512	nuc	nuc	0.98
LEU	10, 96	2511	GLY	10, 97	2512	nuc	nuc	1
TRP	8, 50	2207	ILE	10, 98	2513	nuc	nuc	0.9
LEU	10, 52	2467	ILE	10, 98	2513	nuc	nuc	0.95
PHE	10, 61	2476	ILE	10, 98	2513	nuc	nuc	0.86
ALA	10, 64	2479	ILE	10, 98	2513	nuc	nuc	0.98
VAL	10, 65	2480	ILE	10, 98	2513	nuc	nuc	0.92
LEU	10, 68	2483	ILE	10, 98	2513	nuc	nuc	0.65
THR	10, 92	2507	ILE	10, 98	2513	nuc	nuc	0.56
LEU	10, 93	2508	ILE	10, 98	2513	nuc	nuc	0.99
LEU	10, 96	2511	ILE	10, 98	2513	nuc	nuc	0.98
GLY	10, 97	2512	ILE	10, 98	2513	nuc	nuc	1
VAL	8, 55	2212	SER	10, 99	2514	nuc	nuc	0.79
LYS	8, 58	2215	SER	10, 99	2514	nuc	nuc	0.91
VAL	10, 65	2480	SER	10, 99	2514	nuc	nuc	0.85
LEU	10, 93	2508	SER	10, 99	2514	nuc	nuc	0.64
GLY	10, 97	2512	SER	10, 99	2514	nuc	nuc	0.99
ILE	10, 98	2513	SER	10, 99	2514	nuc	nuc	1
VAL	10, 65	2480	THR	10, 100	2515	nuc	nuc	0.57
LEU	10, 68	2483	THR	10, 100	2515	nuc	nuc	0.97
ILE	10, 86	2501	THR	10, 100	2515	nuc	nuc	0.94
LEU	10, 93	2508	THR	10, 100	2515	nuc	nuc	0.88
ILE	10, 98	2513	THR	10, 100	2515	nuc	nuc	0.79
SER	10, 99	2514	THR	10, 100	2515	nuc	nuc	1
SER	8, 69	2226	PRO	10, 101	2516	nuc	nuc	0.73
VAL	10, 65	2480	PRO	10, 101	2516	nuc	nuc	0.98
LEU	10, 68	2483	PRO	10, 101	2516	nuc	nuc	0.98
GLU	10, 69	2484	PRO	10, 101	2516	nuc	nuc	0.99
LYS	10, 72	2487	PRO	10, 101	2516	nuc	nuc	0.84
THR	10, 100	2515	PRO	10, 101	2516	nuc	nuc	1
THR	10, 100	2515	GLU	10, 102	2517	nuc	nuc	0.99
PRO	10, 101	2516	GLU	10, 102	2517	nuc	nuc	1
VAL	8, 55	2212	GLU	10, 103	2518	nuc	nuc	0.6
SER	10, 99	2514	GLU	10, 103	2518	nuc	nuc	0.97
THR	10, 100	2515	GLU	10, 103	2518	nuc	nuc	0.98
PRO	10, 101	2516	GLU	10, 103	2518	nuc	nuc	0.96
GLU	10, 102	2517	GLU	10, 103	2518	nuc	nuc	1
VAL	8, 55	2212	LEU	10, 104	2519	nuc	nuc	0.9
LYS	8, 58	2215	LEU	10, 104	2519	nuc	nuc	0.93
VAL	8, 59	2216	LEU	10, 104	2519	nuc	nuc	0.93
TYR	8, 62	2219	LEU	10, 104	2519	nuc	nuc	0.83
VAL	10, 65	2480	LEU	10, 104	2519	nuc	nuc	0.9
SER	10, 99	2514	LEU	10, 104	2519	nuc	nuc	0.97
THR	10, 100	2515	LEU	10, 104	2519	nuc	nuc	0.91
PRO	10, 101	2516	LEU	10, 104	2519	nuc	nuc	0.98
GLU	10, 102	2517	LEU	10, 104	2519	nuc	nuc	0.94
GLU	10, 103	2518	LEU	10, 104	2519	nuc	nuc	1
VAL	8, 59	2216	GLY	10, 105	2520	nuc	nuc	0.61
PRO	10, 101	2516	GLY	10, 105	2520	nuc	nuc	0.94
GLU	10, 102	2517	GLY	10, 105	2520	nuc	nuc	0.96
GLU	10, 103	2518	GLY	10, 105	2520	nuc	nuc	0.99
LEU	10, 104	2519	GLY	10, 105	2520	nuc	nuc	1
VAL	8, 59	2216	LEU	10, 106	2521	nuc	nuc	0.78
TYR	8, 62	2219	LEU	10, 106	2521	nuc	nuc	0.87
SER	8, 69	2226	LEU	10, 106	2521	nuc	nuc	0.96
ALA	8, 71	2228	LEU	10, 106	2521	nuc	nuc	0.89
VAL	10, 65	2480	LEU	10, 106	2521	nuc	nuc	0.77
GLU	10, 69	2484	LEU	10, 106	2521	nuc	nuc	0.76
PRO	10, 101	2516	LEU	10, 106	2521	nuc	nuc	0.97
GLU	10, 102	2517	LEU	10, 106	2521	nuc	nuc	0.59
LEU	10, 104	2519	LEU	10, 106	2521	nuc	nuc	0.99
GLY	10, 105	2520	LEU	10, 106	2521	nuc	nuc	1
SER	8, 69	2226	ASP	10, 107	2522	nuc	nuc	0.54
ALA	8, 71	2228	ASP	10, 107	2522	nuc	nuc	0.96
PRO	10, 101	2516	ASP	10, 107	2522	nuc	nuc	0.97
GLU	10, 102	2517	ASP	10, 107	2522	nuc	nuc	0.97
GLY	10, 105	2520	ASP	10, 107	2522	nuc	nuc	0.99
LEU	10, 106	2521	ASP	10, 107	2522	nuc	nuc	1
ALA	8, 71	2228	LYS	10, 108	2523	nuc	nuc	0.89
GLY	10, 105	2520	LYS	10, 108	2523	nuc	nuc	0.93
LEU	10, 106	2521	LYS	10, 108	2523	nuc	nuc	0.85
ASP	10, 107	2522	LYS	10, 108	2523	nuc	nuc	1
ALA	8, 71	2228	ALA	10, 109	2524	nuc	nuc	0.9
GLU	8, 72	2229	ALA	10, 109	2524	nuc	nuc	0.86
LYS	8, 75	2232	ALA	10, 109	2524	nuc	nuc	0.83
LYS	10, 108	2523	ALA	10, 109	2524	nuc	nuc	1
ALA	11, 1	2525	ALA	11, 2	2526	nuc	nuc	1
ALA	11, 1	2525	PRO	11, 3	2527	nuc	nuc	0.55
ALA	11, 2	2526	PRO	11, 3	2527	nuc	nuc	1
ARG	5, 156	1642	GLY	11, 4	2528	mit	nuc	0.84
ALA	11, 2	2526	GLY	11, 4	2528	nuc	nuc	0.98
PRO	11, 3	2527	GLY	11, 4	2528	nuc	nuc	1
GLY	5, 154	1640	ASP	11, 5	2529	mit	nuc	0.84
ASN	5, 155	1641	ASP	11, 5	2529	mit	nuc	0.72
ARG	5, 156	1642	ASP	11, 5	2529	mit	nuc	0.94
ALA	11, 1	2525	ASP	11, 5	2529	nuc	nuc	0.65
ALA	11, 2	2526	ASP	11, 5	2529	nuc	nuc	0.77
PRO	11, 3	2527	ASP	11, 5	2529	nuc	nuc	0.84
GLY	11, 4	2528	ASP	11, 5	2529	nuc	nuc	1
ILE	5, 151	1637	LEU	11, 6	2530	mit	nuc	0.79
GLY	5, 154	1640	LEU	11, 6	2530	mit	nuc	0.93
ASN	5, 155	1641	LEU	11, 6	2530	mit	nuc	0.57
ARG	5, 156	1642	LEU	11, 6	2530	mit	nuc	0.94
PHE	5, 225	1711	LEU	11, 6	2530	mit	nuc	0.86
PHE	5, 227	1713	LEU	11, 6	2530	mit	nuc	0.84
THR	5, 228	1714	LEU	11, 6	2530	mit	nuc	0.9
PRO	5, 229	1715	LEU	11, 6	2530	mit	nuc	0.89
GLY	11, 4	2528	LEU	11, 6	2530	nuc	nuc	0.66
ASP	11, 5	2529	LEU	11, 6	2530	nuc	nuc	1
PHE	5, 225	1711	ALA	11, 7	2531	mit	nuc	0.9
THR	5, 228	1714	ALA	11, 7	2531	mit	nuc	0.94
ASP	11, 5	2529	ALA	11, 7	2531	nuc	nuc	0.51
LEU	11, 6	2530	ALA	11, 7	2531	nuc	nuc	1
THR	5, 228	1714	THR	11, 8	2532	mit	nuc	0.93
PRO	5, 229	1715	THR	11, 8	2532	mit	nuc	0.91
ASN	5, 230	1716	THR	11, 8	2532	mit	nuc	0.53
LEU	11, 6	2530	THR	11, 8	2532	nuc	nuc	0.76
ALA	11, 7	2531	THR	11, 8	2532	nuc	nuc	1
THR	5, 228	1714	ASP	11, 9	2533	mit	nuc	0.96
PRO	5, 229	1715	ASP	11, 9	2533	mit	nuc	0.7
ASN	5, 230	1716	ASP	11, 9	2533	mit	nuc	0.95
HIS	5, 231	1717	ASP	11, 9	2533	mit	nuc	0.92
THR	11, 8	2532	ASP	11, 9	2533	nuc	nuc	1
THR	11, 8	2532	GLU	11, 10	2534	nuc	nuc	0.99
ASP	11, 9	2533	GLU	11, 10	2534	nuc	nuc	1
ALA	11, 7	2531	GLU	11, 11	2535	nuc	nuc	0.93
THR	11, 8	2532	GLU	11, 11	2535	nuc	nuc	0.97
ASP	11, 9	2533	GLU	11, 11	2535	nuc	nuc	0.92
GLU	11, 10	2534	GLU	11, 11	2535	nuc	nuc	1
THR	5, 228	1714	GLN	11, 12	2536	mit	nuc	0.93
ALA	11, 7	2531	GLN	11, 12	2536	nuc	nuc	0.96
THR	11, 8	2532	GLN	11, 12	2536	nuc	nuc	0.9
ASP	11, 9	2533	GLN	11, 12	2536	nuc	nuc	0.97
GLU	11, 11	2535	GLN	11, 12	2536	nuc	nuc	1
GLY	5, 69	1555	ALA	11, 13	2537	mit	nuc	0.85
THR	5, 228	1714	ALA	11, 13	2537	mit	nuc	0.68
HIS	5, 231	1717	ALA	11, 13	2537	mit	nuc	0.72
ASP	11, 9	2533	ALA	11, 13	2537	nuc	nuc	0.97
GLU	11, 10	2534	ALA	11, 13	2537	nuc	nuc	0.93
GLU	11, 11	2535	ALA	11, 13	2537	nuc	nuc	0.71
GLN	11, 12	2536	ALA	11, 13	2537	nuc	nuc	1
PHE	5, 67	1553	THR	11, 14	2538	mit	nuc	0.65
GLN	5, 68	1554	THR	11, 14	2538	mit	nuc	0.82
GLY	5, 69	1555	THR	11, 14	2538	mit	nuc	0.95
GLN	11, 12	2536	THR	11, 14	2538	nuc	nuc	0.89
ALA	11, 13	2537	THR	11, 14	2538	nuc	nuc	1
GLN	5, 68	1554	GLY	11, 15	2539	mit	nuc	0.88
GLY	5, 69	1555	GLY	11, 15	2539	mit	nuc	0.95
HIS	5, 70	1556	GLY	11, 15	2539	mit	nuc	0.7
ALA	11, 13	2537	GLY	11, 15	2539	nuc	nuc	0.94
THR	11, 14	2538	GLY	11, 15	2539	nuc	nuc	1
SER	5, 7	1493	LEU	11, 16	2540	mit	nuc	0.86
GLY	5, 69	1555	LEU	11, 16	2540	mit	nuc	0.96
HIS	5, 70	1556	LEU	11, 16	2540	mit	nuc	0.95
THR	5, 72	1558	LEU	11, 16	2540	mit	nuc	0.94
GLY	11, 15	2539	LEU	11, 16	2540	nuc	nuc	1
GLY	5, 69	1555	GLU	11, 17	2541	mit	nuc	0.94
HIS	5, 70	1556	GLU	11, 17	2541	mit	nuc	0.83
HIS	5, 71	1557	GLU	11, 17	2541	mit	nuc	0.93
THR	5, 72	1558	GLU	11, 17	2541	mit	nuc	0.96
HIS	5, 231	1717	GLU	11, 17	2541	mit	nuc	0.52
ALA	11, 13	2537	GLU	11, 17	2541	nuc	nuc	0.98
THR	11, 14	2538	GLU	11, 17	2541	nuc	nuc	0.96
GLY	11, 15	2539	GLU	11, 17	2541	nuc	nuc	1
LEU	11, 16	2540	GLU	11, 17	2541	nuc	nuc	1
GLY	5, 69	1555	ARG	11, 18	2542	mit	nuc	0.84
ALA	11, 13	2537	ARG	11, 18	2542	nuc	nuc	0.99
THR	11, 14	2538	ARG	11, 18	2542	nuc	nuc	0.99
GLY	11, 15	2539	ARG	11, 18	2542	nuc	nuc	1
LEU	11, 16	2540	ARG	11, 18	2542	nuc	nuc	0.97
GLU	11, 17	2541	ARG	11, 18	2542	nuc	nuc	1
GLY	11, 15	2539	LYS	11, 19	2543	nuc	nuc	0.98
LEU	11, 16	2540	LYS	11, 19	2543	nuc	nuc	1
GLU	11, 17	2541	LYS	11, 19	2543	nuc	nuc	0.98
ARG	11, 18	2542	LYS	11, 19	2543	nuc	nuc	1
SER	5, 7	1493	VAL	11, 20	2544	mit	nuc	0.9
THR	5, 72	1558	VAL	11, 20	2544	mit	nuc	0.95
PRO	5, 73	1559	VAL	11, 20	2544	mit	nuc	0.88
LEU	11, 16	2540	VAL	11, 20	2544	nuc	nuc	0.99
GLU	11, 17	2541	VAL	11, 20	2544	nuc	nuc	0.99
ARG	11, 18	2542	VAL	11, 20	2544	nuc	nuc	0.97
LYS	11, 19	2543	VAL	11, 20	2544	nuc	nuc	1
ASP	11, 9	2533	MET	11, 21	2545	nuc	nuc	0.9
GLU	11, 10	2534	MET	11, 21	2545	nuc	nuc	0.62
ALA	11, 13	2537	MET	11, 21	2545	nuc	nuc	0.95
GLU	11, 17	2541	MET	11, 21	2545	nuc	nuc	0.99
ARG	11, 18	2542	MET	11, 21	2545	nuc	nuc	0.99
LYS	11, 19	2543	MET	11, 21	2545	nuc	nuc	0.98
VAL	11, 20	2544	MET	11, 21	2545	nuc	nuc	1
ARG	11, 18	2542	GLU	11, 22	2546	nuc	nuc	0.98
LYS	11, 19	2543	GLU	11, 22	2546	nuc	nuc	0.99
VAL	11, 20	2544	GLU	11, 22	2546	nuc	nuc	0.96
MET	11, 21	2545	GLU	11, 22	2546	nuc	nuc	1
LYS	11, 19	2543	ALA	11, 23	2547	nuc	nuc	0.99
VAL	11, 20	2544	ALA	11, 23	2547	nuc	nuc	0.99
MET	11, 21	2545	ALA	11, 23	2547	nuc	nuc	0.98
GLU	11, 22	2546	ALA	11, 23	2547	nuc	nuc	1
VAL	11, 20	2544	MET	11, 24	2548	nuc	nuc	0.99
MET	11, 21	2545	MET	11, 24	2548	nuc	nuc	0.99
GLU	11, 22	2546	MET	11, 24	2548	nuc	nuc	0.96
ALA	11, 23	2547	MET	11, 24	2548	nuc	nuc	1
MET	11, 21	2545	ASN	11, 25	2549	nuc	nuc	0.96
GLU	11, 22	2546	ASN	11, 25	2549	nuc	nuc	0.99
ALA	11, 23	2547	ASN	11, 25	2549	nuc	nuc	0.96
MET	11, 24	2548	ASN	11, 25	2549	nuc	nuc	1
GLU	11, 22	2546	LYS	11, 26	2550	nuc	nuc	0.95
ALA	11, 23	2547	LYS	11, 26	2550	nuc	nuc	0.98
MET	11, 24	2548	LYS	11, 26	2550	nuc	nuc	0.95
ASN	11, 25	2549	LYS	11, 26	2550	nuc	nuc	1
ALA	11, 23	2547	GLY	11, 27	2551	nuc	nuc	0.94
MET	11, 24	2548	GLY	11, 27	2551	nuc	nuc	0.98
ASN	11, 25	2549	GLY	11, 27	2551	nuc	nuc	0.99
LYS	11, 26	2550	GLY	11, 27	2551	nuc	nuc	1
ALA	11, 23	2547	LEU	11, 28	2552	nuc	nuc	0.97
MET	11, 24	2548	LEU	11, 28	2552	nuc	nuc	0.71
LYS	11, 26	2550	LEU	11, 28	2552	nuc	nuc	0.97
GLY	11, 27	2551	LEU	11, 28	2552	nuc	nuc	1
ALA	11, 23	2547	ASP	11, 29	2553	nuc	nuc	0.91
MET	11, 24	2548	ASP	11, 29	2553	nuc	nuc	0.65
GLY	11, 27	2551	ASP	11, 29	2553	nuc	nuc	0.98
LEU	11, 28	2552	ASP	11, 29	2553	nuc	nuc	1
ALA	5, 5	1491	PRO	11, 30	2554	mit	nuc	0.67
LYS	11, 19	2543	PRO	11, 30	2554	nuc	nuc	0.51
ALA	11, 23	2547	PRO	11, 30	2554	nuc	nuc	0.97
LEU	11, 28	2552	PRO	11, 30	2554	nuc	nuc	0.97
ASP	11, 29	2553	PRO	11, 30	2554	nuc	nuc	1
ALA	5, 5	1491	TYR	11, 31	2555	mit	nuc	0.93
HIS	5, 6	1492	TYR	11, 31	2555	mit	nuc	0.92
SER	5, 7	1493	TYR	11, 31	2555	mit	nuc	0.95
THR	5, 72	1558	TYR	11, 31	2555	mit	nuc	0.55
VAL	11, 20	2544	TYR	11, 31	2555	nuc	nuc	0.96
ALA	11, 23	2547	TYR	11, 31	2555	nuc	nuc	0.76
ASP	11, 29	2553	TYR	11, 31	2555	nuc	nuc	0.98
PRO	11, 30	2554	TYR	11, 31	2555	nuc	nuc	1
PRO	1, 175	175	SER	11, 32	2556	mit	nuc	0.69
PRO	1, 509	509	SER	11, 32	2556	mit	nuc	0.94
PHE	1, 511	511	SER	11, 32	2556	mit	nuc	0.75
ALA	5, 5	1491	SER	11, 32	2556	mit	nuc	0.81
HIS	5, 6	1492	SER	11, 32	2556	mit	nuc	0.86
SER	5, 7	1493	SER	11, 32	2556	mit	nuc	0.56
ASP	11, 29	2553	SER	11, 32	2556	nuc	nuc	0.96
PRO	11, 30	2554	SER	11, 32	2556	nuc	nuc	0.64
TYR	11, 31	2555	SER	11, 32	2556	nuc	nuc	1
PRO	1, 175	175	MET	11, 33	2557	mit	nuc	0.89
SER	5, 7	1493	MET	11, 33	2557	mit	nuc	0.93
PRO	5, 73	1559	MET	11, 33	2557	mit	nuc	0.7
THR	5, 74	1560	MET	11, 33	2557	mit	nuc	0.91
VAL	11, 20	2544	MET	11, 33	2557	nuc	nuc	0.72
ASP	11, 29	2553	MET	11, 33	2557	nuc	nuc	0.95
TYR	11, 31	2555	MET	11, 33	2557	nuc	nuc	0.99
SER	11, 32	2556	MET	11, 33	2557	nuc	nuc	1
PRO	1, 175	175	PHE	11, 34	2558	mit	nuc	0.94
ASP	11, 29	2553	PHE	11, 34	2558	nuc	nuc	0.96
SER	11, 32	2556	PHE	11, 34	2558	nuc	nuc	0.72
MET	11, 33	2557	PHE	11, 34	2558	nuc	nuc	1
PRO	1, 175	175	ARG	11, 35	2559	mit	nuc	0.96
ALA	1, 176	176	ARG	11, 35	2559	mit	nuc	0.95
PHE	11, 34	2558	ARG	11, 35	2559	nuc	nuc	1
ALA	1, 176	176	PRO	11, 36	2560	mit	nuc	0.86
PHE	1, 511	511	PRO	11, 36	2560	mit	nuc	0.87
VAL	1, 512	512	PRO	11, 36	2560	mit	nuc	0.61
GLN	1, 513	513	PRO	11, 36	2560	mit	nuc	0.88
SER	11, 32	2556	PRO	11, 36	2560	nuc	nuc	0.58
PHE	11, 34	2558	PRO	11, 36	2560	nuc	nuc	0.75
ARG	11, 35	2559	PRO	11, 36	2560	nuc	nuc	1
PRO	11, 36	2560	LYS	11, 37	2561	nuc	nuc	1
GLN	1, 513	513	ARG	11, 38	2562	mit	nuc	0.68
GLU	1, 516	516	ARG	11, 38	2562	mit	nuc	0.52
PRO	11, 36	2560	ARG	11, 38	2562	nuc	nuc	0.75
LYS	11, 37	2561	ARG	11, 38	2562	nuc	nuc	1
LYS	11, 37	2561	TYR	11, 39	2563	nuc	nuc	0.96
ARG	11, 38	2562	TYR	11, 39	2563	nuc	nuc	1
TYR	11, 39	2563	ALA	11, 40	2564	nuc	nuc	1
GLN	1, 515	515	GLY	11, 41	2565	mit	nuc	0.66
TYR	11, 39	2563	GLY	11, 41	2565	nuc	nuc	0.99
ALA	11, 40	2564	GLY	11, 41	2565	nuc	nuc	1
ALA	11, 40	2564	THR	11, 42	2566	nuc	nuc	0.98
GLY	11, 41	2565	THR	11, 42	2566	nuc	nuc	1
THR	11, 42	2566	LYS	11, 43	2567	nuc	nuc	1
THR	11, 42	2566	GLU	11, 44	2568	nuc	nuc	0.98
LYS	11, 43	2567	GLU	11, 44	2568	nuc	nuc	1
TYR	11, 39	2563	ASP	11, 45	2569	nuc	nuc	0.95
ALA	11, 40	2564	ASP	11, 45	2569	nuc	nuc	0.94
GLY	11, 41	2565	ASP	11, 45	2569	nuc	nuc	0.97
THR	11, 42	2566	ASP	11, 45	2569	nuc	nuc	0.97
GLU	11, 44	2568	ASP	11, 45	2569	nuc	nuc	1
TYR	11, 39	2563	PRO	11, 46	2570	nuc	nuc	0.85
GLY	11, 41	2565	PRO	11, 46	2570	nuc	nuc	0.96
THR	11, 42	2566	PRO	11, 46	2570	nuc	nuc	0.84
LYS	11, 43	2567	PRO	11, 46	2570	nuc	nuc	0.89
GLU	11, 44	2568	PRO	11, 46	2570	nuc	nuc	0.68
ASP	11, 45	2569	PRO	11, 46	2570	nuc	nuc	1
GLN	1, 513	513	ASN	11, 47	2571	mit	nuc	0.91
TYR	11, 39	2563	ASN	11, 47	2571	nuc	nuc	0.97
GLY	11, 41	2565	ASN	11, 47	2571	nuc	nuc	0.97
PRO	11, 46	2570	ASN	11, 47	2571	nuc	nuc	1
TYR	11, 39	2563	LEU	11, 48	2572	nuc	nuc	0.89
PRO	11, 46	2570	LEU	11, 48	2572	nuc	nuc	0.98
ASN	11, 47	2571	LEU	11, 48	2572	nuc	nuc	1
PHE	1, 511	511	VAL	11, 49	2573	mit	nuc	0.92
ASN	11, 47	2571	VAL	11, 49	2573	nuc	nuc	0.99
LEU	11, 48	2572	VAL	11, 49	2573	nuc	nuc	1
PHE	1, 511	511	PRO	11, 50	2574	mit	nuc	0.53
LEU	11, 48	2572	PRO	11, 50	2574	nuc	nuc	0.97
VAL	11, 49	2573	PRO	11, 50	2574	nuc	nuc	1
GLU	1, 508	508	SER	11, 51	2575	mit	nuc	0.9
VAL	11, 49	2573	SER	11, 51	2575	nuc	nuc	0.99
PRO	11, 50	2574	SER	11, 51	2575	nuc	nuc	1
GLU	1, 508	508	ILE	11, 52	2576	mit	nuc	0.91
HIS	5, 3	1489	ILE	11, 52	2576	mit	nuc	0.52
ALA	5, 5	1491	ILE	11, 52	2576	mit	nuc	0.91
SER	11, 51	2575	ILE	11, 52	2576	nuc	nuc	1
GLU	1, 508	508	THR	11, 53	2577	mit	nuc	0.84
SER	11, 51	2575	THR	11, 53	2577	nuc	nuc	0.99
ILE	11, 52	2576	THR	11, 53	2577	nuc	nuc	1
SER	11, 51	2575	ASP	11, 54	2578	nuc	nuc	0.88
THR	11, 53	2577	ASP	11, 54	2578	nuc	nuc	1
SER	7, 14	2022	LYS	11, 55	2579	nuc	nuc	0.9
SER	11, 51	2575	LYS	11, 55	2579	nuc	nuc	0.89
THR	11, 53	2577	LYS	11, 55	2579	nuc	nuc	0.99
ASP	11, 54	2578	LYS	11, 55	2579	nuc	nuc	1
GLU	1, 508	508	ARG	11, 56	2580	mit	nuc	0.94
ALA	1, 510	510	ARG	11, 56	2580	mit	nuc	0.68
PHE	1, 511	511	ARG	11, 56	2580	mit	nuc	0.9
VAL	11, 49	2573	ARG	11, 56	2580	nuc	nuc	0.98
SER	11, 51	2575	ARG	11, 56	2580	nuc	nuc	0.98
THR	11, 53	2577	ARG	11, 56	2580	nuc	nuc	0.9
LYS	11, 55	2579	ARG	11, 56	2580	nuc	nuc	1
ILE	1, 496	496	ILE	11, 57	2581	mit	nuc	0.93
PHE	1, 506	506	ILE	11, 57	2581	mit	nuc	0.56
ALA	1, 510	510	ILE	11, 57	2581	mit	nuc	0.92
PHE	1, 511	511	ILE	11, 57	2581	mit	nuc	0.9
ARG	11, 56	2580	ILE	11, 57	2581	nuc	nuc	1
ALA	1, 510	510	VAL	11, 58	2582	mit	nuc	0.87
PHE	1, 511	511	VAL	11, 58	2582	mit	nuc	0.91
VAL	1, 512	512	VAL	11, 58	2582	mit	nuc	0.77
GLN	1, 513	513	VAL	11, 58	2582	mit	nuc	0.72
VAL	11, 49	2573	VAL	11, 58	2582	nuc	nuc	0.98
ARG	11, 56	2580	VAL	11, 58	2582	nuc	nuc	1
ILE	11, 57	2581	VAL	11, 58	2582	nuc	nuc	1
ALA	1, 510	510	GLY	11, 59	2583	mit	nuc	0.89
PHE	1, 511	511	GLY	11, 59	2583	mit	nuc	0.9
VAL	1, 512	512	GLY	11, 59	2583	mit	nuc	0.91
GLN	1, 513	513	GLY	11, 59	2583	mit	nuc	0.87
ILE	11, 57	2581	GLY	11, 59	2583	nuc	nuc	1
VAL	11, 58	2582	GLY	11, 59	2583	nuc	nuc	1
VAL	1, 512	512	CYS	11, 60	2584	mit	nuc	0.67
GLN	1, 513	513	CYS	11, 60	2584	mit	nuc	0.91
GLN	1, 515	515	CYS	11, 60	2584	mit	nuc	0.76
VAL	11, 58	2582	CYS	11, 60	2584	nuc	nuc	0.99
GLY	11, 59	2583	CYS	11, 60	2584	nuc	nuc	1
ALA	1, 176	176	VAL	11, 61	2585	mit	nuc	0.65
GLN	1, 181	181	VAL	11, 61	2585	mit	nuc	0.89
VAL	1, 512	512	VAL	11, 61	2585	mit	nuc	0.86
GLN	1, 513	513	VAL	11, 61	2585	mit	nuc	0.88
VAL	1, 514	514	VAL	11, 61	2585	mit	nuc	0.9
GLN	1, 515	515	VAL	11, 61	2585	mit	nuc	0.87
GLY	11, 59	2583	VAL	11, 61	2585	nuc	nuc	0.98
CYS	11, 60	2584	VAL	11, 61	2585	nuc	nuc	1
GLN	1, 515	515	CYS	11, 62	2586	mit	nuc	0.86
CYS	11, 60	2584	CYS	11, 62	2586	nuc	nuc	0.99
VAL	11, 61	2585	CYS	11, 62	2586	nuc	nuc	1
GLN	1, 515	515	GLU	11, 63	2587	mit	nuc	0.78
VAL	11, 61	2585	GLU	11, 63	2587	nuc	nuc	0.96
CYS	11, 62	2586	GLU	11, 63	2587	nuc	nuc	1
VAL	1, 514	514	GLU	11, 64	2588	mit	nuc	0.89
GLN	1, 515	515	GLU	11, 64	2588	mit	nuc	0.52
GLU	1, 516	516	GLU	11, 64	2588	mit	nuc	0.68
VAL	11, 61	2585	GLU	11, 64	2588	nuc	nuc	0.83
GLU	11, 63	2587	GLU	11, 64	2588	nuc	nuc	1
GLU	11, 63	2587	ASP	11, 65	2589	nuc	nuc	0.97
GLU	11, 64	2588	ASP	11, 65	2589	nuc	nuc	1
GLN	1, 181	181	ASN	11, 66	2590	mit	nuc	0.6
VAL	11, 61	2585	ASN	11, 66	2590	nuc	nuc	0.95
CYS	11, 62	2586	ASN	11, 66	2590	nuc	nuc	0.96
GLU	11, 63	2587	ASN	11, 66	2590	nuc	nuc	0.98
GLU	11, 64	2588	ASN	11, 66	2590	nuc	nuc	0.93
ASP	11, 65	2589	ASN	11, 66	2590	nuc	nuc	1
TYR	1, 180	180	SER	11, 67	2591	mit	nuc	0.9
GLN	1, 181	181	SER	11, 67	2591	mit	nuc	0.95
GLU	1, 267	267	SER	11, 67	2591	mit	nuc	0.91
TYR	1, 271	271	SER	11, 67	2591	mit	nuc	0.96
MET	1, 272	272	SER	11, 67	2591	mit	nuc	0.76
ASN	11, 66	2590	SER	11, 67	2591	nuc	nuc	1
GLN	1, 181	181	CYS	11, 68	2592	mit	nuc	0.6
LYS	1, 266	266	CYS	11, 68	2592	mit	nuc	0.94
GLU	1, 267	267	CYS	11, 68	2592	mit	nuc	0.96
THR	1, 491	491	CYS	11, 68	2592	mit	nuc	0.91
ASN	11, 66	2590	CYS	11, 68	2592	nuc	nuc	0.99
SER	11, 67	2591	CYS	11, 68	2592	nuc	nuc	1
LEU	1, 177	177	VAL	11, 69	2593	mit	nuc	0.86
GLN	1, 181	181	VAL	11, 69	2593	mit	nuc	0.94
ILE	1, 493	493	VAL	11, 69	2593	mit	nuc	0.54
VAL	1, 512	512	VAL	11, 69	2593	mit	nuc	0.83
GLY	11, 59	2583	VAL	11, 69	2593	nuc	nuc	0.99
CYS	11, 60	2584	VAL	11, 69	2593	nuc	nuc	0.97
VAL	11, 61	2585	VAL	11, 69	2593	nuc	nuc	0.99
ASN	11, 66	2590	VAL	11, 69	2593	nuc	nuc	0.57
CYS	11, 68	2592	VAL	11, 69	2593	nuc	nuc	1
ALA	1, 490	490	ILE	11, 70	2594	mit	nuc	0.94
THR	1, 491	491	ILE	11, 70	2594	mit	nuc	0.89
GLY	11, 59	2583	ILE	11, 70	2594	nuc	nuc	0.99
CYS	11, 60	2584	ILE	11, 70	2594	nuc	nuc	0.99
VAL	11, 61	2585	ILE	11, 70	2594	nuc	nuc	0.69
CYS	11, 62	2586	ILE	11, 70	2594	nuc	nuc	0.89
CYS	11, 68	2592	ILE	11, 70	2594	nuc	nuc	0.97
VAL	11, 69	2593	ILE	11, 70	2594	nuc	nuc	1
THR	1, 489	489	TRP	11, 71	2595	mit	nuc	0.84
ALA	1, 490	490	TRP	11, 71	2595	mit	nuc	0.94
THR	1, 491	491	TRP	11, 71	2595	mit	nuc	0.77
ILE	1, 493	493	TRP	11, 71	2595	mit	nuc	0.96
ILE	1, 496	496	TRP	11, 71	2595	mit	nuc	0.92
ALA	1, 510	510	TRP	11, 71	2595	mit	nuc	0.74
ILE	11, 57	2581	TRP	11, 71	2595	nuc	nuc	0.99
VAL	11, 58	2582	TRP	11, 71	2595	nuc	nuc	0.95
GLY	11, 59	2583	TRP	11, 71	2595	nuc	nuc	1
CYS	11, 60	2584	TRP	11, 71	2595	nuc	nuc	0.51
VAL	11, 69	2593	TRP	11, 71	2595	nuc	nuc	0.99
ILE	11, 70	2594	TRP	11, 71	2595	nuc	nuc	1
ALA	1, 490	490	PHE	11, 72	2596	mit	nuc	0.94
ILE	11, 57	2581	PHE	11, 72	2596	nuc	nuc	0.87
VAL	11, 58	2582	PHE	11, 72	2596	nuc	nuc	0.99
GLY	11, 59	2583	PHE	11, 72	2596	nuc	nuc	0.94
CYS	11, 60	2584	PHE	11, 72	2596	nuc	nuc	0.61
ILE	11, 70	2594	PHE	11, 72	2596	nuc	nuc	1
TRP	11, 71	2595	PHE	11, 72	2596	nuc	nuc	1
ILE	1, 496	496	TRP	11, 73	2597	mit	nuc	0.9
SER	7, 14	2022	TRP	11, 73	2597	nuc	nuc	0.93
HIS	7, 15	2023	TRP	11, 73	2597	nuc	nuc	0.64
LYS	11, 55	2579	TRP	11, 73	2597	nuc	nuc	0.98
ARG	11, 56	2580	TRP	11, 73	2597	nuc	nuc	0.9
ILE	11, 57	2581	TRP	11, 73	2597	nuc	nuc	0.99
VAL	11, 58	2582	TRP	11, 73	2597	nuc	nuc	0.86
PHE	11, 72	2596	TRP	11, 73	2597	nuc	nuc	1
VAL	11, 49	2573	LEU	11, 74	2598	nuc	nuc	0.96
SER	11, 51	2575	LEU	11, 74	2598	nuc	nuc	0.57
LYS	11, 55	2579	LEU	11, 74	2598	nuc	nuc	0.97
ARG	11, 56	2580	LEU	11, 74	2598	nuc	nuc	0.99
ILE	11, 57	2581	LEU	11, 74	2598	nuc	nuc	0.83
VAL	11, 58	2582	LEU	11, 74	2598	nuc	nuc	0.99
PHE	11, 72	2596	LEU	11, 74	2598	nuc	nuc	0.99
TRP	11, 73	2597	LEU	11, 74	2598	nuc	nuc	1
SER	7, 14	2022	HIS	11, 75	2599	nuc	nuc	0.74
ASP	11, 54	2578	HIS	11, 75	2599	nuc	nuc	0.93
LYS	11, 55	2579	HIS	11, 75	2599	nuc	nuc	0.98
TRP	11, 73	2597	HIS	11, 75	2599	nuc	nuc	0.99
LEU	11, 74	2598	HIS	11, 75	2599	nuc	nuc	1
SER	11, 51	2575	LYS	11, 76	2600	nuc	nuc	0.56
ASP	11, 54	2578	LYS	11, 76	2600	nuc	nuc	0.98
LYS	11, 55	2579	LYS	11, 76	2600	nuc	nuc	0.86
HIS	11, 75	2599	LYS	11, 76	2600	nuc	nuc	1
HIS	11, 75	2599	GLY	11, 77	2601	nuc	nuc	0.99
LYS	11, 76	2600	GLY	11, 77	2601	nuc	nuc	1
GLY	11, 77	2601	GLU	11, 78	2602	nuc	nuc	1
LYS	11, 43	2567	ALA	11, 79	2603	nuc	nuc	0.79
PRO	11, 46	2570	ALA	11, 79	2603	nuc	nuc	0.96
GLY	11, 77	2601	ALA	11, 79	2603	nuc	nuc	0.72
GLU	11, 78	2602	ALA	11, 79	2603	nuc	nuc	1
PHE	11, 72	2596	GLN	11, 80	2604	nuc	nuc	0.7
LEU	11, 74	2598	GLN	11, 80	2604	nuc	nuc	0.98
HIS	11, 75	2599	GLN	11, 80	2604	nuc	nuc	0.83
GLU	11, 78	2602	GLN	11, 80	2604	nuc	nuc	0.91
ALA	11, 79	2603	GLN	11, 80	2604	nuc	nuc	1
TRP	9, 27	2333	ARG	11, 81	2605	nuc	nuc	0.92
ALA	11, 79	2603	ARG	11, 81	2605	nuc	nuc	0.92
GLN	11, 80	2604	ARG	11, 81	2605	nuc	nuc	1
CYS	11, 60	2584	CYS	11, 82	2606	nuc	nuc	0.99
CYS	11, 62	2586	CYS	11, 82	2606	nuc	nuc	0.85
ILE	11, 70	2594	CYS	11, 82	2606	nuc	nuc	0.97
PHE	11, 72	2596	CYS	11, 82	2606	nuc	nuc	0.89
ARG	11, 81	2605	CYS	11, 82	2606	nuc	nuc	1
ALA	1, 490	490	PRO	11, 83	2607	mit	nuc	0.92
GLU	7, 28	2036	PRO	11, 83	2607	nuc	nuc	0.51
LYS	9, 31	2337	PRO	11, 83	2607	nuc	nuc	0.62
ILE	11, 70	2594	PRO	11, 83	2607	nuc	nuc	0.97
PHE	11, 72	2596	PRO	11, 83	2607	nuc	nuc	0.96
ARG	11, 81	2605	PRO	11, 83	2607	nuc	nuc	0.9
CYS	11, 82	2606	PRO	11, 83	2607	nuc	nuc	1
CYS	11, 60	2584	SER	11, 84	2608	nuc	nuc	0.8
CYS	11, 62	2586	SER	11, 84	2608	nuc	nuc	0.96
ILE	11, 70	2594	SER	11, 84	2608	nuc	nuc	0.98
CYS	11, 82	2606	SER	11, 84	2608	nuc	nuc	0.99
PRO	11, 83	2607	SER	11, 84	2608	nuc	nuc	1
GLN	1, 515	515	CYS	11, 85	2609	mit	nuc	0.74
CYS	11, 60	2584	CYS	11, 85	2609	nuc	nuc	0.95
CYS	11, 62	2586	CYS	11, 85	2609	nuc	nuc	0.99
ILE	11, 70	2594	CYS	11, 85	2609	nuc	nuc	0.61
CYS	11, 82	2606	CYS	11, 85	2609	nuc	nuc	1
SER	11, 84	2608	CYS	11, 85	2609	nuc	nuc	1
LYS	9, 31	2337	GLY	11, 86	2610	nuc	nuc	0.77
ARG	11, 81	2605	GLY	11, 86	2610	nuc	nuc	0.98
CYS	11, 82	2606	GLY	11, 86	2610	nuc	nuc	1
PRO	11, 83	2607	GLY	11, 86	2610	nuc	nuc	0.8
SER	11, 84	2608	GLY	11, 86	2610	nuc	nuc	0.98
CYS	11, 85	2609	GLY	11, 86	2610	nuc	nuc	1
GLN	1, 515	515	SER	11, 87	2611	mit	nuc	0.88
GLY	11, 41	2565	SER	11, 87	2611	nuc	nuc	0.99
ASN	11, 47	2571	SER	11, 87	2611	nuc	nuc	0.92
CYS	11, 60	2584	SER	11, 87	2611	nuc	nuc	0.95
CYS	11, 62	2586	SER	11, 87	2611	nuc	nuc	0.68
ARG	11, 81	2605	SER	11, 87	2611	nuc	nuc	0.98
CYS	11, 82	2606	SER	11, 87	2611	nuc	nuc	0.99
CYS	11, 85	2609	SER	11, 87	2611	nuc	nuc	0.99
GLY	11, 86	2610	SER	11, 87	2611	nuc	nuc	1
GLY	11, 41	2565	HIS	11, 88	2612	nuc	nuc	0.98
THR	11, 42	2566	HIS	11, 88	2612	nuc	nuc	0.93
LYS	11, 43	2567	HIS	11, 88	2612	nuc	nuc	0.97
PRO	11, 46	2570	HIS	11, 88	2612	nuc	nuc	0.99
ASN	11, 47	2571	HIS	11, 88	2612	nuc	nuc	0.95
ALA	11, 79	2603	HIS	11, 88	2612	nuc	nuc	0.99
GLN	11, 80	2604	HIS	11, 88	2612	nuc	nuc	0.9
ARG	11, 81	2605	HIS	11, 88	2612	nuc	nuc	0.99
GLY	11, 86	2610	HIS	11, 88	2612	nuc	nuc	0.96
SER	11, 87	2611	HIS	11, 88	2612	nuc	nuc	1
GLY	11, 41	2565	TYR	11, 89	2613	nuc	nuc	0.51
PRO	11, 46	2570	TYR	11, 89	2613	nuc	nuc	0.97
ASN	11, 47	2571	TYR	11, 89	2613	nuc	nuc	0.99
VAL	11, 49	2573	TYR	11, 89	2613	nuc	nuc	0.98
VAL	11, 58	2582	TYR	11, 89	2613	nuc	nuc	0.99
LEU	11, 74	2598	TYR	11, 89	2613	nuc	nuc	0.99
ALA	11, 79	2603	TYR	11, 89	2613	nuc	nuc	0.96
GLN	11, 80	2604	TYR	11, 89	2613	nuc	nuc	0.99
ARG	11, 81	2605	TYR	11, 89	2613	nuc	nuc	0.83
CYS	11, 82	2606	TYR	11, 89	2613	nuc	nuc	0.93
SER	11, 87	2611	TYR	11, 89	2613	nuc	nuc	0.99
HIS	11, 88	2612	TYR	11, 89	2613	nuc	nuc	1
PRO	11, 46	2570	LYS	11, 90	2614	nuc	nuc	0.99
ASN	11, 47	2571	LYS	11, 90	2614	nuc	nuc	0.94
LEU	11, 48	2572	LYS	11, 90	2614	nuc	nuc	0.98
VAL	11, 49	2573	LYS	11, 90	2614	nuc	nuc	0.97
GLY	11, 77	2601	LYS	11, 90	2614	nuc	nuc	0.69
GLU	11, 78	2602	LYS	11, 90	2614	nuc	nuc	0.58
ALA	11, 79	2603	LYS	11, 90	2614	nuc	nuc	0.99
GLN	11, 80	2604	LYS	11, 90	2614	nuc	nuc	0.58
HIS	11, 88	2612	LYS	11, 90	2614	nuc	nuc	0.99
TYR	11, 89	2613	LYS	11, 90	2614	nuc	nuc	1
VAL	11, 49	2573	LEU	11, 91	2615	nuc	nuc	0.99
SER	11, 51	2575	LEU	11, 91	2615	nuc	nuc	0.99
ASP	11, 54	2578	LEU	11, 91	2615	nuc	nuc	0.61
LYS	11, 55	2579	LEU	11, 91	2615	nuc	nuc	0.59
ARG	11, 56	2580	LEU	11, 91	2615	nuc	nuc	0.95
LEU	11, 74	2598	LEU	11, 91	2615	nuc	nuc	0.99
HIS	11, 75	2599	LEU	11, 91	2615	nuc	nuc	0.89
LYS	11, 76	2600	LEU	11, 91	2615	nuc	nuc	0.99
GLY	11, 77	2601	LEU	11, 91	2615	nuc	nuc	0.94
TYR	11, 89	2613	LEU	11, 91	2615	nuc	nuc	0.87
LYS	11, 90	2614	LEU	11, 91	2615	nuc	nuc	1
LEU	11, 48	2572	ILE	11, 92	2616	nuc	nuc	0.98
VAL	11, 49	2573	ILE	11, 92	2616	nuc	nuc	0.97
PRO	11, 50	2574	ILE	11, 92	2616	nuc	nuc	0.99
SER	11, 51	2575	ILE	11, 92	2616	nuc	nuc	0.89
LYS	11, 90	2614	ILE	11, 92	2616	nuc	nuc	0.99
LEU	11, 91	2615	ILE	11, 92	2616	nuc	nuc	1
PRO	11, 50	2574	PRO	11, 93	2617	nuc	nuc	0.75
SER	11, 51	2575	PRO	11, 93	2617	nuc	nuc	0.93
LEU	11, 91	2615	PRO	11, 93	2617	nuc	nuc	0.63
ILE	11, 92	2616	PRO	11, 93	2617	nuc	nuc	1
PRO	11, 30	2554	HIS	11, 94	2618	nuc	nuc	0.68
PRO	11, 50	2574	HIS	11, 94	2618	nuc	nuc	0.9
SER	11, 51	2575	HIS	11, 94	2618	nuc	nuc	0.9
ILE	11, 52	2576	HIS	11, 94	2618	nuc	nuc	0.93
ILE	11, 92	2616	HIS	11, 94	2618	nuc	nuc	0.95
PRO	11, 93	2617	HIS	11, 94	2618	nuc	nuc	1
ILE	11, 52	2576	GLU	11, 95	2619	nuc	nuc	0.6
PRO	11, 93	2617	GLU	11, 95	2619	nuc	nuc	0.8
HIS	11, 94	2618	GLU	11, 95	2619	nuc	nuc	1
HIS	5, 3	1489	LEU	11, 96	2620	mit	nuc	0.51
ALA	5, 5	1491	LEU	11, 96	2620	mit	nuc	0.74
PRO	11, 30	2554	LEU	11, 96	2620	nuc	nuc	0.86
ILE	11, 52	2576	LEU	11, 96	2620	nuc	nuc	0.82
HIS	11, 94	2618	LEU	11, 96	2620	nuc	nuc	0.88
GLU	11, 95	2619	LEU	11, 96	2620	nuc	nuc	1
LYS	11, 19	2543	PRO	11, 97	2621	nuc	nuc	0.76
ALA	11, 23	2547	PRO	11, 97	2621	nuc	nuc	0.66
PRO	11, 30	2554	PRO	11, 97	2621	nuc	nuc	0.82
GLU	11, 95	2619	PRO	11, 97	2621	nuc	nuc	0.69
LEU	11, 96	2620	PRO	11, 97	2621	nuc	nuc	1
LEU	11, 96	2620	HIS	11, 98	2622	nuc	nuc	0.85
PRO	11, 97	2621	HIS	11, 98	2622	nuc	nuc	1
ALA	12, 1	2623	ALA	12, 2	2624	nuc	nuc	1
ALA	12, 1	2623	PRO	12, 3	2625	nuc	nuc	0.56
ALA	12, 2	2624	PRO	12, 3	2625	nuc	nuc	1
ARG	6, 156	1903	GLY	12, 4	2626	mit	nuc	0.84
ALA	12, 2	2624	GLY	12, 4	2626	nuc	nuc	0.98
PRO	12, 3	2625	GLY	12, 4	2626	nuc	nuc	1
GLY	6, 154	1901	ASP	12, 5	2627	mit	nuc	0.84
ASN	6, 155	1902	ASP	12, 5	2627	mit	nuc	0.72
ARG	6, 156	1903	ASP	12, 5	2627	mit	nuc	0.94
ALA	12, 1	2623	ASP	12, 5	2627	nuc	nuc	0.64
ALA	12, 2	2624	ASP	12, 5	2627	nuc	nuc	0.77
PRO	12, 3	2625	ASP	12, 5	2627	nuc	nuc	0.84
GLY	12, 4	2626	ASP	12, 5	2627	nuc	nuc	1
ILE	6, 151	1898	LEU	12, 6	2628	mit	nuc	0.77
GLY	6, 154	1901	LEU	12, 6	2628	mit	nuc	0.93
ASN	6, 155	1902	LEU	12, 6	2628	mit	nuc	0.57
ARG	6, 156	1903	LEU	12, 6	2628	mit	nuc	0.94
PHE	6, 225	1972	LEU	12, 6	2628	mit	nuc	0.85
PHE	6, 227	1974	LEU	12, 6	2628	mit	nuc	0.82
THR	6, 228	1975	LEU	12, 6	2628	mit	nuc	0.89
PRO	6, 229	1976	LEU	12, 6	2628	mit	nuc	0.88
GLY	12, 4	2626	LEU	12, 6	2628	nuc	nuc	0.66
ASP	12, 5	2627	LEU	12, 6	2628	nuc	nuc	1
PHE	6, 225	1972	ALA	12, 7	2629	mit	nuc	0.89
THR	6, 228	1975	ALA	12, 7	2629	mit	nuc	0.94
LEU	12, 6	2628	ALA	12, 7	2629	nuc	nuc	1
THR	6, 228	1975	THR	12, 8	2630	mit	nuc	0.93
PRO	6, 229	1976	THR	12, 8	2630	mit	nuc	0.9
ASN	6, 230	1977	THR	12, 8	2630	mit	nuc	0.52
LEU	12, 6	2628	THR	12, 8	2630	nuc	nuc	0.76
ALA	12, 7	2629	THR	12, 8	2630	nuc	nuc	1
THR	6, 228	1975	ASP	12, 9	2631	mit	nuc	0.96
PRO	6, 229	1976	ASP	12, 9	2631	mit	nuc	0.68
ASN	6, 230	1977	ASP	12, 9	2631	mit	nuc	0.93
HIS	6, 231	1978	ASP	12, 9	2631	mit	nuc	0.91
THR	12, 8	2630	ASP	12, 9	2631	nuc	nuc	1
THR	12, 8	2630	GLU	12, 10	2632	nuc	nuc	0.99
ASP	12, 9	2631	GLU	12, 10	2632	nuc	nuc	1
ALA	12, 7	2629	GLU	12, 11	2633	nuc	nuc	0.93
THR	12, 8	2630	GLU	12, 11	2633	nuc	nuc	0.97
ASP	12, 9	2631	GLU	12, 11	2633	nuc	nuc	0.92
GLU	12, 10	2632	GLU	12, 11	2633	nuc	nuc	1
THR	6, 228	1975	GLN	12, 12	2634	mit	nuc	0.92
ALA	12, 7	2629	GLN	12, 12	2634	nuc	nuc	0.96
THR	12, 8	2630	GLN	12, 12	2634	nuc	nuc	0.89
ASP	12, 9	2631	GLN	12, 12	2634	nuc	nuc	0.97
GLU	12, 11	2633	GLN	12, 12	2634	nuc	nuc	1
GLY	6, 69	1816	ALA	12, 13	2635	mit	nuc	0.84
THR	6, 228	1975	ALA	12, 13	2635	mit	nuc	0.67
HIS	6, 231	1978	ALA	12, 13	2635	mit	nuc	0.7
ASP	12, 9	2631	ALA	12, 13	2635	nuc	nuc	0.97
GLU	12, 10	2632	ALA	12, 13	2635	nuc	nuc	0.93
GLU	12, 11	2633	ALA	12, 13	2635	nuc	nuc	0.71
GLN	12, 12	2634	ALA	12, 13	2635	nuc	nuc	1
PHE	6, 67	1814	THR	12, 14	2636	mit	nuc	0.64
GLN	6, 68	1815	THR	12, 14	2636	mit	nuc	0.8
GLY	6, 69	1816	THR	12, 14	2636	mit	nuc	0.94
GLN	12, 12	2634	THR	12, 14	2636	nuc	nuc	0.89
ALA	12, 13	2635	THR	12, 14	2636	nuc	nuc	1
GLN	6, 68	1815	GLY	12, 15	2637	mit	nuc	0.87
GLY	6, 69	1816	GLY	12, 15	2637	mit	nuc	0.94
HIS	6, 70	1817	GLY	12, 15	2637	mit	nuc	0.68
ALA	12, 13	2635	GLY	12, 15	2637	nuc	nuc	0.94
THR	12, 14	2636	GLY	12, 15	2637	nuc	nuc	1
SER	6, 7	1754	LEU	12, 16	2638	mit	nuc	0.85
GLY	6, 69	1816	LEU	12, 16	2638	mit	nuc	0.95
HIS	6, 70	1817	LEU	12, 16	2638	mit	nuc	0.94
THR	6, 72	1819	LEU	12, 16	2638	mit	nuc	0.92
GLY	12, 15	2637	LEU	12, 16	2638	nuc	nuc	1
GLY	6, 69	1816	GLU	12, 17	2639	mit	nuc	0.93
HIS	6, 70	1817	GLU	12, 17	2639	mit	nuc	0.83
HIS	6, 71	1818	GLU	12, 17	2639	mit	nuc	0.92
THR	6, 72	1819	GLU	12, 17	2639	mit	nuc	0.95
HIS	6, 231	1978	GLU	12, 17	2639	mit	nuc	0.51
ALA	12, 13	2635	GLU	12, 17	2639	nuc	nuc	0.98
THR	12, 14	2636	GLU	12, 17	2639	nuc	nuc	0.96
GLY	12, 15	2637	GLU	12, 17	2639	nuc	nuc	1
LEU	12, 16	2638	GLU	12, 17	2639	nuc	nuc	1
GLY	6, 69	1816	ARG	12, 18	2640	mit	nuc	0.82
ALA	12, 13	2635	ARG	12, 18	2640	nuc	nuc	0.99
THR	12, 14	2636	ARG	12, 18	2640	nuc	nuc	0.99
GLY	12, 15	2637	ARG	12, 18	2640	nuc	nuc	1
LEU	12, 16	2638	ARG	12, 18	2640	nuc	nuc	0.97
GLU	12, 17	2639	ARG	12, 18	2640	nuc	nuc	1
GLY	12, 15	2637	LYS	12, 19	2641	nuc	nuc	0.99
LEU	12, 16	2638	LYS	12, 19	2641	nuc	nuc	1
GLU	12, 17	2639	LYS	12, 19	2641	nuc	nuc	0.98
ARG	12, 18	2640	LYS	12, 19	2641	nuc	nuc	1
SER	6, 7	1754	VAL	12, 20	2642	mit	nuc	0.89
THR	6, 72	1819	VAL	12, 20	2642	mit	nuc	0.94
PRO	6, 73	1820	VAL	12, 20	2642	mit	nuc	0.87
LEU	12, 16	2638	VAL	12, 20	2642	nuc	nuc	0.99
GLU	12, 17	2639	VAL	12, 20	2642	nuc	nuc	0.99
ARG	12, 18	2640	VAL	12, 20	2642	nuc	nuc	0.97
LYS	12, 19	2641	VAL	12, 20	2642	nuc	nuc	1
ASP	12, 9	2631	MET	12, 21	2643	nuc	nuc	0.9
GLU	12, 10	2632	MET	12, 21	2643	nuc	nuc	0.62
ALA	12, 13	2635	MET	12, 21	2643	nuc	nuc	0.95
GLU	12, 17	2639	MET	12, 21	2643	nuc	nuc	0.99
ARG	12, 18	2640	MET	12, 21	2643	nuc	nuc	0.99
LYS	12, 19	2641	MET	12, 21	2643	nuc	nuc	0.98
VAL	12, 20	2642	MET	12, 21	2643	nuc	nuc	1
ARG	12, 18	2640	GLU	12, 22	2644	nuc	nuc	0.98
LYS	12, 19	2641	GLU	12, 22	2644	nuc	nuc	0.99
VAL	12, 20	2642	GLU	12, 22	2644	nuc	nuc	0.96
MET	12, 21	2643	GLU	12, 22	2644	nuc	nuc	1
LYS	12, 19	2641	ALA	12, 23	2645	nuc	nuc	0.99
VAL	12, 20	2642	ALA	12, 23	2645	nuc	nuc	0.99
MET	12, 21	2643	ALA	12, 23	2645	nuc	nuc	0.98
GLU	12, 22	2644	ALA	12, 23	2645	nuc	nuc	1
VAL	12, 20	2642	MET	12, 24	2646	nuc	nuc	0.99
MET	12, 21	2643	MET	12, 24	2646	nuc	nuc	0.99
GLU	12, 22	2644	MET	12, 24	2646	nuc	nuc	0.96
ALA	12, 23	2645	MET	12, 24	2646	nuc	nuc	1
MET	12, 21	2643	ASN	12, 25	2647	nuc	nuc	0.96
GLU	12, 22	2644	ASN	12, 25	2647	nuc	nuc	0.98
ALA	12, 23	2645	ASN	12, 25	2647	nuc	nuc	0.96
MET	12, 24	2646	ASN	12, 25	2647	nuc	nuc	1
GLU	12, 22	2644	LYS	12, 26	2648	nuc	nuc	0.95
ALA	12, 23	2645	LYS	12, 26	2648	nuc	nuc	0.97
MET	12, 24	2646	LYS	12, 26	2648	nuc	nuc	0.94
ASN	12, 25	2647	LYS	12, 26	2648	nuc	nuc	1
ALA	12, 23	2645	GLY	12, 27	2649	nuc	nuc	0.93
MET	12, 24	2646	GLY	12, 27	2649	nuc	nuc	0.98
ASN	12, 25	2647	GLY	12, 27	2649	nuc	nuc	0.99
LYS	12, 26	2648	GLY	12, 27	2649	nuc	nuc	1
ALA	12, 23	2645	LEU	12, 28	2650	nuc	nuc	0.97
MET	12, 24	2646	LEU	12, 28	2650	nuc	nuc	0.71
LYS	12, 26	2648	LEU	12, 28	2650	nuc	nuc	0.97
GLY	12, 27	2649	LEU	12, 28	2650	nuc	nuc	1
ALA	12, 23	2645	ASP	12, 29	2651	nuc	nuc	0.9
MET	12, 24	2646	ASP	12, 29	2651	nuc	nuc	0.65
GLY	12, 27	2649	ASP	12, 29	2651	nuc	nuc	0.98
LEU	12, 28	2650	ASP	12, 29	2651	nuc	nuc	1
ALA	6, 5	1752	PRO	12, 30	2652	mit	nuc	0.67
LYS	12, 19	2641	PRO	12, 30	2652	nuc	nuc	0.52
ALA	12, 23	2645	PRO	12, 30	2652	nuc	nuc	0.97
LEU	12, 28	2650	PRO	12, 30	2652	nuc	nuc	0.97
ASP	12, 29	2651	PRO	12, 30	2652	nuc	nuc	1
ALA	6, 5	1752	TYR	12, 31	2653	mit	nuc	0.92
HIS	6, 6	1753	TYR	12, 31	2653	mit	nuc	0.91
SER	6, 7	1754	TYR	12, 31	2653	mit	nuc	0.94
THR	6, 72	1819	TYR	12, 31	2653	mit	nuc	0.55
VAL	12, 20	2642	TYR	12, 31	2653	nuc	nuc	0.96
ALA	12, 23	2645	TYR	12, 31	2653	nuc	nuc	0.75
ASP	12, 29	2651	TYR	12, 31	2653	nuc	nuc	0.98
PRO	12, 30	2652	TYR	12, 31	2653	nuc	nuc	1
PRO	2, 175	691	SER	12, 32	2654	mit	nuc	0.67
PRO	2, 509	1025	SER	12, 32	2654	mit	nuc	0.92
PHE	2, 511	1027	SER	12, 32	2654	mit	nuc	0.73
ALA	6, 5	1752	SER	12, 32	2654	mit	nuc	0.79
HIS	6, 6	1753	SER	12, 32	2654	mit	nuc	0.85
SER	6, 7	1754	SER	12, 32	2654	mit	nuc	0.55
ASP	12, 29	2651	SER	12, 32	2654	nuc	nuc	0.96
PRO	12, 30	2652	SER	12, 32	2654	nuc	nuc	0.64
TYR	12, 31	2653	SER	12, 32	2654	nuc	nuc	1
PRO	2, 175	691	MET	12, 33	2655	mit	nuc	0.87
SER	6, 7	1754	MET	12, 33	2655	mit	nuc	0.92
PRO	6, 73	1820	MET	12, 33	2655	mit	nuc	0.7
THR	6, 74	1821	MET	12, 33	2655	mit	nuc	0.9
VAL	12, 20	2642	MET	12, 33	2655	nuc	nuc	0.73
ASP	12, 29	2651	MET	12, 33	2655	nuc	nuc	0.95
TYR	12, 31	2653	MET	12, 33	2655	nuc	nuc	0.99
SER	12, 32	2654	MET	12, 33	2655	nuc	nuc	1
PRO	2, 175	691	PHE	12, 34	2656	mit	nuc	0.93
ASP	12, 29	2651	PHE	12, 34	2656	nuc	nuc	0.96
SER	12, 32	2654	PHE	12, 34	2656	nuc	nuc	0.71
MET	12, 33	2655	PHE	12, 34	2656	nuc	nuc	1
PRO	2, 175	691	ARG	12, 35	2657	mit	nuc	0.95
ALA	2, 176	692	ARG	12, 35	2657	mit	nuc	0.94
PHE	12, 34	2656	ARG	12, 35	2657	nuc	nuc	1
ALA	2, 176	692	PRO	12, 36	2658	mit	nuc	0.84
PHE	2, 511	1027	PRO	12, 36	2658	mit	nuc	0.85
VAL	2, 512	1028	PRO	12, 36	2658	mit	nuc	0.6
GLN	2, 513	1029	PRO	12, 36	2658	mit	nuc	0.86
SER	12, 32	2654	PRO	12, 36	2658	nuc	nuc	0.58
PHE	12, 34	2656	PRO	12, 36	2658	nuc	nuc	0.75
ARG	12, 35	2657	PRO	12, 36	2658	nuc	nuc	1
PRO	12, 36	2658	LYS	12, 37	2659	nuc	nuc	1
GLN	2, 513	1029	ARG	12, 38	2660	mit	nuc	0.67
GLU	2, 516	1032	ARG	12, 38	2660	mit	nuc	0.51
PRO	12, 36	2658	ARG	12, 38	2660	nuc	nuc	0.75
LYS	12, 37	2659	ARG	12, 38	2660	nuc	nuc	1
LYS	12, 37	2659	TYR	12, 39	2661	nuc	nuc	0.95
ARG	12, 38	2660	TYR	12, 39	2661	nuc	nuc	1
TYR	12, 39	2661	ALA	12, 40	2662	nuc	nuc	1
GLN	2, 515	1031	GLY	12, 41	2663	mit	nuc	0.65
TYR	12, 39	2661	GLY	12, 41	2663	nuc	nuc	0.99
ALA	12, 40	2662	GLY	12, 41	2663	nuc	nuc	1
ALA	12, 40	2662	THR	12, 42	2664	nuc	nuc	0.98
GLY	12, 41	2663	THR	12, 42	2664	nuc	nuc	1
THR	12, 42	2664	LYS	12, 43	2665	nuc	nuc	1
THR	12, 42	2664	GLU	12, 44	2666	nuc	nuc	0.98
LYS	12, 43	2665	GLU	12, 44	2666	nuc	nuc	1
TYR	12, 39	2661	ASP	12, 45	2667	nuc	nuc	0.95
ALA	12, 40	2662	ASP	12, 45	2667	nuc	nuc	0.94
GLY	12, 41	2663	ASP	12, 45	2667	nuc	nuc	0.96
THR	12, 42	2664	ASP	12, 45	2667	nuc	nuc	0.97
GLU	12, 44	2666	ASP	12, 45	2667	nuc	nuc	1
TYR	12, 39	2661	PRO	12, 46	2668	nuc	nuc	0.86
GLY	12, 41	2663	PRO	12, 46	2668	nuc	nuc	0.96
THR	12, 42	2664	PRO	12, 46	2668	nuc	nuc	0.84
LYS	12, 43	2665	PRO	12, 46	2668	nuc	nuc	0.89
GLU	12, 44	2666	PRO	12, 46	2668	nuc	nuc	0.68
ASP	12, 45	2667	PRO	12, 46	2668	nuc	nuc	1
GLN	2, 513	1029	ASN	12, 47	2669	mit	nuc	0.9
TYR	12, 39	2661	ASN	12, 47	2669	nuc	nuc	0.97
GLY	12, 41	2663	ASN	12, 47	2669	nuc	nuc	0.97
PRO	12, 46	2668	ASN	12, 47	2669	nuc	nuc	1
TYR	12, 39	2661	LEU	12, 48	2670	nuc	nuc	0.88
PRO	12, 46	2668	LEU	12, 48	2670	nuc	nuc	0.98
ASN	12, 47	2669	LEU	12, 48	2670	nuc	nuc	1
PHE	2, 511	1027	VAL	12, 49	2671	mit	nuc	0.9
ASN	12, 47	2669	VAL	12, 49	2671	nuc	nuc	0.99
LEU	12, 48	2670	VAL	12, 49	2671	nuc	nuc	1
PHE	2, 511	1027	PRO	12, 50	2672	mit	nuc	0.53
LEU	12, 48	2670	PRO	12, 50	2672	nuc	nuc	0.97
VAL	12, 49	2671	PRO	12, 50	2672	nuc	nuc	1
GLU	2, 508	1024	SER	12, 51	2673	mit	nuc	0.88
VAL	12, 49	2671	SER	12, 51	2673	nuc	nuc	0.99
PRO	12, 50	2672	SER	12, 51	2673	nuc	nuc	1
GLU	2, 508	1024	ILE	12, 52	2674	mit	nuc	0.89
ALA	6, 5	1752	ILE	12, 52	2674	mit	nuc	0.89
SER	12, 51	2673	ILE	12, 52	2674	nuc	nuc	1
GLU	2, 508	1024	THR	12, 53	2675	mit	nuc	0.81
SER	12, 51	2673	THR	12, 53	2675	nuc	nuc	0.99
ILE	12, 52	2674	THR	12, 53	2675	nuc	nuc	1
SER	12, 51	2673	ASP	12, 54	2676	nuc	nuc	0.88
THR	12, 53	2675	ASP	12, 54	2676	nuc	nuc	1
SER	8, 14	2171	LYS	12, 55	2677	nuc	nuc	0.89
SER	12, 51	2673	LYS	12, 55	2677	nuc	nuc	0.89
THR	12, 53	2675	LYS	12, 55	2677	nuc	nuc	0.99
ASP	12, 54	2676	LYS	12, 55	2677	nuc	nuc	1
GLU	2, 508	1024	ARG	12, 56	2678	mit	nuc	0.92
ALA	2, 510	1026	ARG	12, 56	2678	mit	nuc	0.69
PHE	2, 511	1027	ARG	12, 56	2678	mit	nuc	0.87
VAL	12, 49	2671	ARG	12, 56	2678	nuc	nuc	0.98
SER	12, 51	2673	ARG	12, 56	2678	nuc	nuc	0.99
THR	12, 53	2675	ARG	12, 56	2678	nuc	nuc	0.9
LYS	12, 55	2677	ARG	12, 56	2678	nuc	nuc	1
ILE	2, 496	1012	ILE	12, 57	2679	mit	nuc	0.92
PHE	2, 506	1022	ILE	12, 57	2679	mit	nuc	0.57
ALA	2, 510	1026	ILE	12, 57	2679	mit	nuc	0.91
PHE	2, 511	1027	ILE	12, 57	2679	mit	nuc	0.89
ARG	12, 56	2678	ILE	12, 57	2679	nuc	nuc	1
ALA	2, 510	1026	VAL	12, 58	2680	mit	nuc	0.85
PHE	2, 511	1027	VAL	12, 58	2680	mit	nuc	0.9
VAL	2, 512	1028	VAL	12, 58	2680	mit	nuc	0.75
GLN	2, 513	1029	VAL	12, 58	2680	mit	nuc	0.7
VAL	12, 49	2671	VAL	12, 58	2680	nuc	nuc	0.98
ARG	12, 56	2678	VAL	12, 58	2680	nuc	nuc	1
ILE	12, 57	2679	VAL	12, 58	2680	nuc	nuc	1
ALA	2, 510	1026	GLY	12, 59	2681	mit	nuc	0.88
PHE	2, 511	1027	GLY	12, 59	2681	mit	nuc	0.89
VAL	2, 512	1028	GLY	12, 59	2681	mit	nuc	0.9
GLN	2, 513	1029	GLY	12, 59	2681	mit	nuc	0.85
ILE	12, 57	2679	GLY	12, 59	2681	nuc	nuc	0.99
VAL	12, 58	2680	GLY	12, 59	2681	nuc	nuc	1
VAL	2, 512	1028	CYS	12, 60	2682	mit	nuc	0.66
GLN	2, 513	1029	CYS	12, 60	2682	mit	nuc	0.89
GLN	2, 515	1031	CYS	12, 60	2682	mit	nuc	0.75
VAL	12, 58	2680	CYS	12, 60	2682	nuc	nuc	0.99
GLY	12, 59	2681	CYS	12, 60	2682	nuc	nuc	1
ALA	2, 176	692	VAL	12, 61	2683	mit	nuc	0.63
GLN	2, 181	697	VAL	12, 61	2683	mit	nuc	0.89
VAL	2, 512	1028	VAL	12, 61	2683	mit	nuc	0.84
GLN	2, 513	1029	VAL	12, 61	2683	mit	nuc	0.86
VAL	2, 514	1030	VAL	12, 61	2683	mit	nuc	0.87
GLN	2, 515	1031	VAL	12, 61	2683	mit	nuc	0.86
GLY	12, 59	2681	VAL	12, 61	2683	nuc	nuc	0.98
CYS	12, 60	2682	VAL	12, 61	2683	nuc	nuc	1
GLN	2, 515	1031	CYS	12, 62	2684	mit	nuc	0.86
CYS	12, 60	2682	CYS	12, 62	2684	nuc	nuc	0.99
VAL	12, 61	2683	CYS	12, 62	2684	nuc	nuc	1
GLN	2, 515	1031	GLU	12, 63	2685	mit	nuc	0.77
VAL	12, 61	2683	GLU	12, 63	2685	nuc	nuc	0.96
CYS	12, 62	2684	GLU	12, 63	2685	nuc	nuc	1
VAL	2, 514	1030	GLU	12, 64	2686	mit	nuc	0.89
GLN	2, 515	1031	GLU	12, 64	2686	mit	nuc	0.51
GLU	2, 516	1032	GLU	12, 64	2686	mit	nuc	0.68
VAL	12, 61	2683	GLU	12, 64	2686	nuc	nuc	0.83
GLU	12, 63	2685	GLU	12, 64	2686	nuc	nuc	1
GLU	12, 63	2685	ASP	12, 65	2687	nuc	nuc	0.97
GLU	12, 64	2686	ASP	12, 65	2687	nuc	nuc	1
GLN	2, 181	697	ASN	12, 66	2688	mit	nuc	0.59
VAL	12, 61	2683	ASN	12, 66	2688	nuc	nuc	0.95
CYS	12, 62	2684	ASN	12, 66	2688	nuc	nuc	0.96
GLU	12, 63	2685	ASN	12, 66	2688	nuc	nuc	0.98
GLU	12, 64	2686	ASN	12, 66	2688	nuc	nuc	0.93
ASP	12, 65	2687	ASN	12, 66	2688	nuc	nuc	1
TYR	2, 180	696	SER	12, 67	2689	mit	nuc	0.89
GLN	2, 181	697	SER	12, 67	2689	mit	nuc	0.95
GLU	2, 267	783	SER	12, 67	2689	mit	nuc	0.91
TYR	2, 271	787	SER	12, 67	2689	mit	nuc	0.96
MET	2, 272	788	SER	12, 67	2689	mit	nuc	0.75
ASN	12, 66	2688	SER	12, 67	2689	nuc	nuc	1
GLN	2, 181	697	CYS	12, 68	2690	mit	nuc	0.59
LYS	2, 266	782	CYS	12, 68	2690	mit	nuc	0.94
GLU	2, 267	783	CYS	12, 68	2690	mit	nuc	0.96
THR	2, 491	1007	CYS	12, 68	2690	mit	nuc	0.9
ASN	12, 66	2688	CYS	12, 68	2690	nuc	nuc	0.98
SER	12, 67	2689	CYS	12, 68	2690	nuc	nuc	1
LEU	2, 177	693	VAL	12, 69	2691	mit	nuc	0.84
GLN	2, 181	697	VAL	12, 69	2691	mit	nuc	0.93
ILE	2, 493	1009	VAL	12, 69	2691	mit	nuc	0.53
VAL	2, 512	1028	VAL	12, 69	2691	mit	nuc	0.81
GLY	12, 59	2681	VAL	12, 69	2691	nuc	nuc	0.99
CYS	12, 60	2682	VAL	12, 69	2691	nuc	nuc	0.97
VAL	12, 61	2683	VAL	12, 69	2691	nuc	nuc	0.99
ASN	12, 66	2688	VAL	12, 69	2691	nuc	nuc	0.57
CYS	12, 68	2690	VAL	12, 69	2691	nuc	nuc	1
ALA	2, 490	1006	ILE	12, 70	2692	mit	nuc	0.93
THR	2, 491	1007	ILE	12, 70	2692	mit	nuc	0.88
GLY	12, 59	2681	ILE	12, 70	2692	nuc	nuc	0.99
CYS	12, 60	2682	ILE	12, 70	2692	nuc	nuc	0.99
VAL	12, 61	2683	ILE	12, 70	2692	nuc	nuc	0.69
CYS	12, 62	2684	ILE	12, 70	2692	nuc	nuc	0.89
CYS	12, 68	2690	ILE	12, 70	2692	nuc	nuc	0.97
VAL	12, 69	2691	ILE	12, 70	2692	nuc	nuc	1
THR	2, 489	1005	TRP	12, 71	2693	mit	nuc	0.82
ALA	2, 490	1006	TRP	12, 71	2693	mit	nuc	0.93
THR	2, 491	1007	TRP	12, 71	2693	mit	nuc	0.76
ILE	2, 493	1009	TRP	12, 71	2693	mit	nuc	0.95
ILE	2, 496	1012	TRP	12, 71	2693	mit	nuc	0.92
ALA	2, 510	1026	TRP	12, 71	2693	mit	nuc	0.73
ILE	12, 57	2679	TRP	12, 71	2693	nuc	nuc	0.99
VAL	12, 58	2680	TRP	12, 71	2693	nuc	nuc	0.95
GLY	12, 59	2681	TRP	12, 71	2693	nuc	nuc	1
CYS	12, 60	2682	TRP	12, 71	2693	nuc	nuc	0.51
VAL	12, 69	2691	TRP	12, 71	2693	nuc	nuc	0.99
ILE	12, 70	2692	TRP	12, 71	2693	nuc	nuc	1
ALA	2, 490	1006	PHE	12, 72	2694	mit	nuc	0.92
ILE	12, 57	2679	PHE	12, 72	2694	nuc	nuc	0.87
VAL	12, 58	2680	PHE	12, 72	2694	nuc	nuc	0.99
GLY	12, 59	2681	PHE	12, 72	2694	nuc	nuc	0.93
CYS	12, 60	2682	PHE	12, 72	2694	nuc	nuc	0.61
ILE	12, 70	2692	PHE	12, 72	2694	nuc	nuc	1
TRP	12, 71	2693	PHE	12, 72	2694	nuc	nuc	1
ILE	2, 496	1012	TRP	12, 73	2695	mit	nuc	0.89
SER	8, 14	2171	TRP	12, 73	2695	nuc	nuc	0.93
HIS	8, 15	2172	TRP	12, 73	2695	nuc	nuc	0.63
LYS	12, 55	2677	TRP	12, 73	2695	nuc	nuc	0.98
ARG	12, 56	2678	TRP	12, 73	2695	nuc	nuc	0.9
ILE	12, 57	2679	TRP	12, 73	2695	nuc	nuc	0.99
VAL	12, 58	2680	TRP	12, 73	2695	nuc	nuc	0.86
PHE	12, 72	2694	TRP	12, 73	2695	nuc	nuc	1
VAL	12, 49	2671	LEU	12, 74	2696	nuc	nuc	0.96
SER	12, 51	2673	LEU	12, 74	2696	nuc	nuc	0.56
LYS	12, 55	2677	LEU	12, 74	2696	nuc	nuc	0.97
ARG	12, 56	2678	LEU	12, 74	2696	nuc	nuc	0.99
ILE	12, 57	2679	LEU	12, 74	2696	nuc	nuc	0.83
VAL	12, 58	2680	LEU	12, 74	2696	nuc	nuc	0.99
PHE	12, 72	2694	LEU	12, 74	2696	nuc	nuc	0.99
TRP	12, 73	2695	LEU	12, 74	2696	nuc	nuc	1
SER	8, 14	2171	HIS	12, 75	2697	nuc	nuc	0.74
ASP	12, 54	2676	HIS	12, 75	2697	nuc	nuc	0.93
LYS	12, 55	2677	HIS	12, 75	2697	nuc	nuc	0.98
TRP	12, 73	2695	HIS	12, 75	2697	nuc	nuc	0.99
LEU	12, 74	2696	HIS	12, 75	2697	nuc	nuc	1
SER	12, 51	2673	LYS	12, 76	2698	nuc	nuc	0.55
ASP	12, 54	2676	LYS	12, 76	2698	nuc	nuc	0.98
LYS	12, 55	2677	LYS	12, 76	2698	nuc	nuc	0.86
HIS	12, 75	2697	LYS	12, 76	2698	nuc	nuc	1
HIS	12, 75	2697	GLY	12, 77	2699	nuc	nuc	0.99
LYS	12, 76	2698	GLY	12, 77	2699	nuc	nuc	1
GLY	12, 77	2699	GLU	12, 78	2700	nuc	nuc	1
LYS	12, 43	2665	ALA	12, 79	2701	nuc	nuc	0.78
PRO	12, 46	2668	ALA	12, 79	2701	nuc	nuc	0.96
GLY	12, 77	2699	ALA	12, 79	2701	nuc	nuc	0.71
GLU	12, 78	2700	ALA	12, 79	2701	nuc	nuc	1
PHE	12, 72	2694	GLN	12, 80	2702	nuc	nuc	0.7
LEU	12, 74	2696	GLN	12, 80	2702	nuc	nuc	0.98
HIS	12, 75	2697	GLN	12, 80	2702	nuc	nuc	0.82
GLU	12, 78	2700	GLN	12, 80	2702	nuc	nuc	0.91
ALA	12, 79	2701	GLN	12, 80	2702	nuc	nuc	1
TRP	10, 27	2442	ARG	12, 81	2703	nuc	nuc	0.91
ALA	12, 79	2701	ARG	12, 81	2703	nuc	nuc	0.92
GLN	12, 80	2702	ARG	12, 81	2703	nuc	nuc	1
CYS	12, 60	2682	CYS	12, 82	2704	nuc	nuc	0.99
CYS	12, 62	2684	CYS	12, 82	2704	nuc	nuc	0.84
ILE	12, 70	2692	CYS	12, 82	2704	nuc	nuc	0.97
PHE	12, 72	2694	CYS	12, 82	2704	nuc	nuc	0.89
ARG	12, 81	2703	CYS	12, 82	2704	nuc	nuc	1
ALA	2, 490	1006	PRO	12, 83	2705	mit	nuc	0.91
LYS	10, 31	2446	PRO	12, 83	2705	nuc	nuc	0.61
ILE	12, 70	2692	PRO	12, 83	2705	nuc	nuc	0.97
PHE	12, 72	2694	PRO	12, 83	2705	nuc	nuc	0.96
ARG	12, 81	2703	PRO	12, 83	2705	nuc	nuc	0.9
CYS	12, 82	2704	PRO	12, 83	2705	nuc	nuc	1
CYS	12, 60	2682	SER	12, 84	2706	nuc	nuc	0.81
CYS	12, 62	2684	SER	12, 84	2706	nuc	nuc	0.96
ILE	12, 70	2692	SER	12, 84	2706	nuc	nuc	0.98
CYS	12, 82	2704	SER	12, 84	2706	nuc	nuc	0.99
PRO	12, 83	2705	SER	12, 84	2706	nuc	nuc	1
GLN	2, 515	1031	CYS	12, 85	2707	mit	nuc	0.75
CYS	12, 60	2682	CYS	12, 85	2707	nuc	nuc	0.94
CYS	12, 62	2684	CYS	12, 85	2707	nuc	nuc	0.99
ILE	12, 70	2692	CYS	12, 85	2707	nuc	nuc	0.61
CYS	12, 82	2704	CYS	12, 85	2707	nuc	nuc	1
SER	12, 84	2706	CYS	12, 85	2707	nuc	nuc	1
LYS	10, 31	2446	GLY	12, 86	2708	nuc	nuc	0.76
ARG	12, 81	2703	GLY	12, 86	2708	nuc	nuc	0.98
CYS	12, 82	2704	GLY	12, 86	2708	nuc	nuc	1
PRO	12, 83	2705	GLY	12, 86	2708	nuc	nuc	0.81
SER	12, 84	2706	GLY	12, 86	2708	nuc	nuc	0.98
CYS	12, 85	2707	GLY	12, 86	2708	nuc	nuc	1
GLN	2, 515	1031	SER	12, 87	2709	mit	nuc	0.88
GLY	12, 41	2663	SER	12, 87	2709	nuc	nuc	0.99
ASN	12, 47	2669	SER	12, 87	2709	nuc	nuc	0.93
CYS	12, 60	2682	SER	12, 87	2709	nuc	nuc	0.95
CYS	12, 62	2684	SER	12, 87	2709	nuc	nuc	0.68
ARG	12, 81	2703	SER	12, 87	2709	nuc	nuc	0.98
CYS	12, 82	2704	SER	12, 87	2709	nuc	nuc	0.99
CYS	12, 85	2707	SER	12, 87	2709	nuc	nuc	0.99
GLY	12, 86	2708	SER	12, 87	2709	nuc	nuc	1
GLY	12, 41	2663	HIS	12, 88	2710	nuc	nuc	0.98
THR	12, 42	2664	HIS	12, 88	2710	nuc	nuc	0.93
LYS	12, 43	2665	HIS	12, 88	2710	nuc	nuc	0.97
PRO	12, 46	2668	HIS	12, 88	2710	nuc	nuc	0.99
ASN	12, 47	2669	HIS	12, 88	2710	nuc	nuc	0.95
ALA	12, 79	2701	HIS	12, 88	2710	nuc	nuc	0.99
GLN	12, 80	2702	HIS	12, 88	2710	nuc	nuc	0.89
ARG	12, 81	2703	HIS	12, 88	2710	nuc	nuc	0.99
GLY	12, 86	2708	HIS	12, 88	2710	nuc	nuc	0.96
SER	12, 87	2709	HIS	12, 88	2710	nuc	nuc	1
GLY	12, 41	2663	TYR	12, 89	2711	nuc	nuc	0.51
PRO	12, 46	2668	TYR	12, 89	2711	nuc	nuc	0.97
ASN	12, 47	2669	TYR	12, 89	2711	nuc	nuc	0.99
VAL	12, 49	2671	TYR	12, 89	2711	nuc	nuc	0.98
VAL	12, 58	2680	TYR	12, 89	2711	nuc	nuc	0.99
LEU	12, 74	2696	TYR	12, 89	2711	nuc	nuc	0.99
ALA	12, 79	2701	TYR	12, 89	2711	nuc	nuc	0.96
GLN	12, 80	2702	TYR	12, 89	2711	nuc	nuc	0.99
ARG	12, 81	2703	TYR	12, 89	2711	nuc	nuc	0.82
CYS	12, 82	2704	TYR	12, 89	2711	nuc	nuc	0.93
SER	12, 87	2709	TYR	12, 89	2711	nuc	nuc	0.99
HIS	12, 88	2710	TYR	12, 89	2711	nuc	nuc	1
PRO	12, 46	2668	LYS	12, 90	2712	nuc	nuc	0.99
ASN	12, 47	2669	LYS	12, 90	2712	nuc	nuc	0.94
LEU	12, 48	2670	LYS	12, 90	2712	nuc	nuc	0.98
VAL	12, 49	2671	LYS	12, 90	2712	nuc	nuc	0.97
GLY	12, 77	2699	LYS	12, 90	2712	nuc	nuc	0.69
GLU	12, 78	2700	LYS	12, 90	2712	nuc	nuc	0.57
ALA	12, 79	2701	LYS	12, 90	2712	nuc	nuc	0.99
GLN	12, 80	2702	LYS	12, 90	2712	nuc	nuc	0.58
HIS	12, 88	2710	LYS	12, 90	2712	nuc	nuc	0.99
TYR	12, 89	2711	LYS	12, 90	2712	nuc	nuc	1
VAL	12, 49	2671	LEU	12, 91	2713	nuc	nuc	0.99
SER	12, 51	2673	LEU	12, 91	2713	nuc	nuc	0.99
ASP	12, 54	2676	LEU	12, 91	2713	nuc	nuc	0.61
LYS	12, 55	2677	LEU	12, 91	2713	nuc	nuc	0.58
ARG	12, 56	2678	LEU	12, 91	2713	nuc	nuc	0.95
LEU	12, 74	2696	LEU	12, 91	2713	nuc	nuc	0.99
HIS	12, 75	2697	LEU	12, 91	2713	nuc	nuc	0.89
LYS	12, 76	2698	LEU	12, 91	2713	nuc	nuc	0.99
GLY	12, 77	2699	LEU	12, 91	2713	nuc	nuc	0.94
TYR	12, 89	2711	LEU	12, 91	2713	nuc	nuc	0.87
LYS	12, 90	2712	LEU	12, 91	2713	nuc	nuc	1
LEU	12, 48	2670	ILE	12, 92	2714	nuc	nuc	0.98
VAL	12, 49	2671	ILE	12, 92	2714	nuc	nuc	0.97
PRO	12, 50	2672	ILE	12, 92	2714	nuc	nuc	0.99
SER	12, 51	2673	ILE	12, 92	2714	nuc	nuc	0.88
LYS	12, 90	2712	ILE	12, 92	2714	nuc	nuc	0.99
LEU	12, 91	2713	ILE	12, 92	2714	nuc	nuc	1
PRO	12, 50	2672	PRO	12, 93	2715	nuc	nuc	0.74
SER	12, 51	2673	PRO	12, 93	2715	nuc	nuc	0.93
LEU	12, 91	2713	PRO	12, 93	2715	nuc	nuc	0.62
ILE	12, 92	2714	PRO	12, 93	2715	nuc	nuc	1
PRO	12, 30	2652	HIS	12, 94	2716	nuc	nuc	0.68
PRO	12, 50	2672	HIS	12, 94	2716	nuc	nuc	0.91
SER	12, 51	2673	HIS	12, 94	2716	nuc	nuc	0.9
ILE	12, 52	2674	HIS	12, 94	2716	nuc	nuc	0.93
ILE	12, 92	2714	HIS	12, 94	2716	nuc	nuc	0.95
PRO	12, 93	2715	HIS	12, 94	2716	nuc	nuc	1
ILE	12, 52	2674	GLU	12, 95	2717	nuc	nuc	0.61
PRO	12, 93	2715	GLU	12, 95	2717	nuc	nuc	0.81
HIS	12, 94	2716	GLU	12, 95	2717	nuc	nuc	1
ALA	6, 5	1752	LEU	12, 96	2718	mit	nuc	0.74
PRO	12, 30	2652	LEU	12, 96	2718	nuc	nuc	0.86
ILE	12, 52	2674	LEU	12, 96	2718	nuc	nuc	0.82
HIS	12, 94	2716	LEU	12, 96	2718	nuc	nuc	0.88
GLU	12, 95	2717	LEU	12, 96	2718	nuc	nuc	1
LYS	12, 19	2641	PRO	12, 97	2719	nuc	nuc	0.76
ALA	12, 23	2645	PRO	12, 97	2719	nuc	nuc	0.66
PRO	12, 30	2652	PRO	12, 97	2719	nuc	nuc	0.82
GLU	12, 95	2717	PRO	12, 97	2719	nuc	nuc	0.69
LEU	12, 96	2718	PRO	12, 97	2719	nuc	nuc	1
LEU	12, 96	2718	HIS	12, 98	2720	nuc	nuc	0.85
PRO	12, 97	2719	HIS	12, 98	2720	nuc	nuc	1
ALA	13, 1	2721	ALA	13, 2	2722	nuc	nuc	1
ALA	13, 1	2721	SER	13, 3	2723	nuc	nuc	0.87
ALA	13, 2	2722	SER	13, 3	2723	nuc	nuc	1
ALA	13, 1	2721	ALA	13, 4	2724	nuc	nuc	0.69
ALA	13, 2	2722	ALA	13, 4	2724	nuc	nuc	0.85
SER	13, 3	2723	ALA	13, 4	2724	nuc	nuc	1
ALA	13, 1	2721	ALA	13, 5	2725	nuc	nuc	0.55
ALA	13, 2	2722	ALA	13, 5	2725	nuc	nuc	0.63
SER	13, 3	2723	ALA	13, 5	2725	nuc	nuc	0.87
ALA	13, 4	2724	ALA	13, 5	2725	nuc	nuc	1
SER	13, 3	2723	HIS	13, 6	2726	nuc	nuc	0.61
ALA	13, 4	2724	HIS	13, 6	2726	nuc	nuc	0.82
ALA	13, 5	2725	HIS	13, 6	2726	nuc	nuc	1
ALA	13, 4	2724	GLU	13, 7	2727	nuc	nuc	0.56
ALA	13, 5	2725	GLU	13, 7	2727	nuc	nuc	0.79
HIS	13, 6	2726	GLU	13, 7	2727	nuc	nuc	1
HIS	13, 6	2726	GLY	13, 8	2728	nuc	nuc	0.94
GLU	13, 7	2727	GLY	13, 8	2728	nuc	nuc	1
HIS	5, 149	1635	GLY	13, 9	2729	mit	nuc	0.71
GLU	13, 7	2727	GLY	13, 9	2729	nuc	nuc	0.92
GLY	13, 8	2728	GLY	13, 9	2729	nuc	nuc	1
HIS	5, 149	1635	GLY	13, 10	2730	mit	nuc	0.95
GLU	5, 153	1639	GLY	13, 10	2730	mit	nuc	0.65
GLY	13, 8	2728	GLY	13, 10	2730	nuc	nuc	0.97
GLY	13, 9	2729	GLY	13, 10	2730	nuc	nuc	1
TRP	5, 146	1632	ALA	13, 11	2731	mit	nuc	0.91
HIS	5, 149	1635	ALA	13, 11	2731	mit	nuc	0.97
SER	5, 150	1636	ALA	13, 11	2731	mit	nuc	0.94
GLU	5, 153	1639	ALA	13, 11	2731	mit	nuc	0.92
ASN	5, 155	1641	ALA	13, 11	2731	mit	nuc	0.84
GLN	5, 158	1644	ALA	13, 11	2731	mit	nuc	0.88
GLY	13, 9	2729	ALA	13, 11	2731	nuc	nuc	0.63
GLY	13, 10	2730	ALA	13, 11	2731	nuc	nuc	1
GLY	13, 9	2729	ARG	13, 12	2732	nuc	nuc	0.53
GLY	13, 10	2730	ARG	13, 12	2732	nuc	nuc	0.99
ALA	13, 11	2731	ARG	13, 12	2732	nuc	nuc	1
GLY	13, 8	2728	LEU	13, 13	2733	nuc	nuc	0.57
GLY	13, 9	2729	LEU	13, 13	2733	nuc	nuc	0.88
GLY	13, 10	2730	LEU	13, 13	2733	nuc	nuc	0.98
ALA	13, 11	2731	LEU	13, 13	2733	nuc	nuc	0.97
ARG	13, 12	2732	LEU	13, 13	2733	nuc	nuc	1
VAL	5, 142	1628	TRP	13, 14	2734	mit	nuc	0.94
THR	5, 145	1631	TRP	13, 14	2734	mit	nuc	0.97
TRP	5, 146	1632	TRP	13, 14	2734	mit	nuc	0.99
HIS	5, 149	1635	TRP	13, 14	2734	mit	nuc	0.96
GLY	13, 9	2729	TRP	13, 14	2734	nuc	nuc	0.56
GLY	13, 10	2730	TRP	13, 14	2734	nuc	nuc	0.97
ALA	13, 11	2731	TRP	13, 14	2734	nuc	nuc	0.99
ARG	13, 12	2732	TRP	13, 14	2734	nuc	nuc	0.91
LEU	13, 13	2733	TRP	13, 14	2734	nuc	nuc	1
TRP	5, 146	1632	LYS	13, 15	2735	mit	nuc	0.96
GLN	5, 158	1644	LYS	13, 15	2735	mit	nuc	0.78
ALA	5, 162	1648	LYS	13, 15	2735	mit	nuc	0.56
ALA	13, 11	2731	LYS	13, 15	2735	nuc	nuc	0.98
ARG	13, 12	2732	LYS	13, 15	2735	nuc	nuc	0.99
LEU	13, 13	2733	LYS	13, 15	2735	nuc	nuc	0.99
TRP	13, 14	2734	LYS	13, 15	2735	nuc	nuc	1
ARG	13, 12	2732	THR	13, 16	2736	nuc	nuc	0.96
LEU	13, 13	2733	THR	13, 16	2736	nuc	nuc	0.99
TRP	13, 14	2734	THR	13, 16	2736	nuc	nuc	0.98
LYS	13, 15	2735	THR	13, 16	2736	nuc	nuc	1
VAL	5, 142	1628	LEU	13, 17	2737	mit	nuc	0.96
TRP	5, 146	1632	LEU	13, 17	2737	mit	nuc	0.53
LEU	13, 13	2733	LEU	13, 17	2737	nuc	nuc	0.98
TRP	13, 14	2734	LEU	13, 17	2737	nuc	nuc	1
LYS	13, 15	2735	LEU	13, 17	2737	nuc	nuc	0.98
THR	13, 16	2736	LEU	13, 17	2737	nuc	nuc	1
ALA	5, 139	1625	SER	13, 18	2738	mit	nuc	0.8
VAL	5, 142	1628	SER	13, 18	2738	mit	nuc	0.97
THR	5, 143	1629	SER	13, 18	2738	mit	nuc	0.97
TRP	5, 146	1632	SER	13, 18	2738	mit	nuc	0.97
ALA	5, 162	1648	SER	13, 18	2738	mit	nuc	0.72
LEU	5, 165	1651	SER	13, 18	2738	mit	nuc	0.65
TRP	13, 14	2734	SER	13, 18	2738	nuc	nuc	0.99
LYS	13, 15	2735	SER	13, 18	2738	nuc	nuc	1
THR	13, 16	2736	SER	13, 18	2738	nuc	nuc	0.99
LEU	13, 17	2737	SER	13, 18	2738	nuc	nuc	1
LYS	13, 15	2735	PHE	13, 19	2739	nuc	nuc	0.97
THR	13, 16	2736	PHE	13, 19	2739	nuc	nuc	0.99
LEU	13, 17	2737	PHE	13, 19	2739	nuc	nuc	0.73
SER	13, 18	2738	PHE	13, 19	2739	nuc	nuc	1
THR	13, 16	2736	VAL	13, 20	2740	nuc	nuc	0.98
LEU	13, 17	2737	VAL	13, 20	2740	nuc	nuc	0.98
SER	13, 18	2738	VAL	13, 20	2740	nuc	nuc	0.79
PHE	13, 19	2739	VAL	13, 20	2740	nuc	nuc	1
VAL	5, 142	1628	VAL	13, 21	2741	mit	nuc	0.65
LEU	13, 17	2737	VAL	13, 21	2741	nuc	nuc	0.98
SER	13, 18	2738	VAL	13, 21	2741	nuc	nuc	0.88
VAL	13, 20	2740	VAL	13, 21	2741	nuc	nuc	1
LEU	5, 138	1624	ALA	13, 22	2742	mit	nuc	0.88
ALA	5, 139	1625	ALA	13, 22	2742	mit	nuc	0.98
VAL	5, 142	1628	ALA	13, 22	2742	mit	nuc	0.97
THR	5, 143	1629	ALA	13, 22	2742	mit	nuc	0.87
LEU	13, 17	2737	ALA	13, 22	2742	nuc	nuc	0.97
SER	13, 18	2738	ALA	13, 22	2742	nuc	nuc	0.99
PHE	13, 19	2739	ALA	13, 22	2742	nuc	nuc	0.76
VAL	13, 21	2741	ALA	13, 22	2742	nuc	nuc	1
ALA	5, 139	1625	LEU	13, 23	2743	mit	nuc	0.94
SER	13, 18	2738	LEU	13, 23	2743	nuc	nuc	0.96
PHE	13, 19	2739	LEU	13, 23	2743	nuc	nuc	0.98
ALA	13, 22	2742	LEU	13, 23	2743	nuc	nuc	1
VAL	13, 20	2740	PRO	13, 24	2744	nuc	nuc	0.95
VAL	13, 21	2741	PRO	13, 24	2744	nuc	nuc	0.97
ALA	13, 22	2742	PRO	13, 24	2744	nuc	nuc	0.97
LEU	13, 23	2743	PRO	13, 24	2744	nuc	nuc	1
ALA	5, 135	1621	ALA	13, 25	2745	mit	nuc	0.98
LEU	5, 138	1624	ALA	13, 25	2745	mit	nuc	0.54
ALA	5, 139	1625	ALA	13, 25	2745	mit	nuc	0.93
VAL	13, 21	2741	ALA	13, 25	2745	nuc	nuc	0.98
ALA	13, 22	2742	ALA	13, 25	2745	nuc	nuc	0.99
LEU	13, 23	2743	ALA	13, 25	2745	nuc	nuc	0.99
PRO	13, 24	2744	ALA	13, 25	2745	nuc	nuc	1
LEU	5, 132	1618	VAL	13, 26	2746	mit	nuc	0.83
ALA	5, 135	1621	VAL	13, 26	2746	mit	nuc	0.98
ILE	5, 136	1622	VAL	13, 26	2746	mit	nuc	0.97
ALA	5, 139	1625	VAL	13, 26	2746	mit	nuc	0.97
ALA	13, 22	2742	VAL	13, 26	2746	nuc	nuc	0.97
LEU	13, 23	2743	VAL	13, 26	2746	nuc	nuc	1
PRO	13, 24	2744	VAL	13, 26	2746	nuc	nuc	0.99
ALA	13, 25	2745	VAL	13, 26	2746	nuc	nuc	1
LEU	13, 23	2743	GLY	13, 27	2747	nuc	nuc	0.97
PRO	13, 24	2744	GLY	13, 27	2747	nuc	nuc	0.99
ALA	13, 25	2745	GLY	13, 27	2747	nuc	nuc	1
VAL	13, 26	2746	GLY	13, 27	2747	nuc	nuc	1
PRO	13, 24	2744	VAL	13, 28	2748	nuc	nuc	0.98
ALA	13, 25	2745	VAL	13, 28	2748	nuc	nuc	0.99
VAL	13, 26	2746	VAL	13, 28	2748	nuc	nuc	0.97
GLY	13, 27	2747	VAL	13, 28	2748	nuc	nuc	1
LEU	5, 131	1617	CYS	13, 29	2749	mit	nuc	0.97
LEU	5, 132	1618	CYS	13, 29	2749	mit	nuc	0.98
ALA	5, 135	1621	CYS	13, 29	2749	mit	nuc	0.98
ALA	13, 25	2745	CYS	13, 29	2749	nuc	nuc	0.99
VAL	13, 26	2746	CYS	13, 29	2749	nuc	nuc	1
GLY	13, 27	2747	CYS	13, 29	2749	nuc	nuc	1
VAL	13, 28	2748	CYS	13, 29	2749	nuc	nuc	1
LEU	5, 132	1618	MET	13, 30	2750	mit	nuc	0.96
VAL	13, 26	2746	MET	13, 30	2750	nuc	nuc	0.99
GLY	13, 27	2747	MET	13, 30	2750	nuc	nuc	1
VAL	13, 28	2748	MET	13, 30	2750	nuc	nuc	0.99
CYS	13, 29	2749	MET	13, 30	2750	nuc	nuc	1
GLY	13, 27	2747	LEU	13, 31	2751	nuc	nuc	0.98
VAL	13, 28	2748	LEU	13, 31	2751	nuc	nuc	0.99
CYS	13, 29	2749	LEU	13, 31	2751	nuc	nuc	0.99
MET	13, 30	2750	LEU	13, 31	2751	nuc	nuc	1
LEU	5, 127	1613	ASN	13, 32	2752	mit	nuc	0.6
GLU	5, 128	1614	ASN	13, 32	2752	mit	nuc	0.66
LEU	5, 131	1617	ASN	13, 32	2752	mit	nuc	0.7
LEU	5, 132	1618	ASN	13, 32	2752	mit	nuc	0.64
VAL	13, 28	2748	ASN	13, 32	2752	nuc	nuc	0.98
CYS	13, 29	2749	ASN	13, 32	2752	nuc	nuc	0.99
MET	13, 30	2750	ASN	13, 32	2752	nuc	nuc	0.98
LEU	13, 31	2751	ASN	13, 32	2752	nuc	nuc	1
GLU	5, 128	1614	CYS	13, 33	2753	mit	nuc	0.96
VAL	5, 129	1615	CYS	13, 33	2753	mit	nuc	0.94
LEU	5, 132	1618	CYS	13, 33	2753	mit	nuc	0.95
CYS	13, 29	2749	CYS	13, 33	2753	nuc	nuc	0.98
MET	13, 30	2750	CYS	13, 33	2753	nuc	nuc	0.99
LEU	13, 31	2751	CYS	13, 33	2753	nuc	nuc	0.97
ASN	13, 32	2752	CYS	13, 33	2753	nuc	nuc	1
MET	13, 30	2750	TYR	13, 34	2754	nuc	nuc	0.98
LEU	13, 31	2751	TYR	13, 34	2754	nuc	nuc	0.98
ASN	13, 32	2752	TYR	13, 34	2754	nuc	nuc	0.97
CYS	13, 33	2753	TYR	13, 34	2754	nuc	nuc	1
LEU	13, 31	2751	LEU	13, 35	2755	nuc	nuc	0.96
ASN	13, 32	2752	LEU	13, 35	2755	nuc	nuc	0.98
CYS	13, 33	2753	LEU	13, 35	2755	nuc	nuc	0.94
TYR	13, 34	2754	LEU	13, 35	2755	nuc	nuc	1
GLU	5, 128	1614	LYS	13, 36	2756	mit	nuc	0.92
ASN	13, 32	2752	LYS	13, 36	2756	nuc	nuc	0.94
CYS	13, 33	2753	LYS	13, 36	2756	nuc	nuc	0.97
TYR	13, 34	2754	LYS	13, 36	2756	nuc	nuc	0.89
LEU	13, 35	2755	LYS	13, 36	2756	nuc	nuc	1
CYS	13, 33	2753	ALA	13, 37	2757	nuc	nuc	0.92
TYR	13, 34	2754	ALA	13, 37	2757	nuc	nuc	0.94
LEU	13, 35	2755	ALA	13, 37	2757	nuc	nuc	0.93
LYS	13, 36	2756	ALA	13, 37	2757	nuc	nuc	1
LEU	13, 35	2755	GLN	13, 38	2758	nuc	nuc	0.65
LYS	13, 36	2756	GLN	13, 38	2758	nuc	nuc	0.85
ALA	13, 37	2757	GLN	13, 38	2758	nuc	nuc	1
LYS	13, 36	2756	HIS	13, 39	2759	nuc	nuc	0.61
ALA	13, 37	2757	HIS	13, 39	2759	nuc	nuc	0.83
GLN	13, 38	2758	HIS	13, 39	2759	nuc	nuc	1
GLN	13, 38	2758	GLU	13, 40	2760	nuc	nuc	0.54
HIS	13, 39	2759	GLU	13, 40	2760	nuc	nuc	1
HIS	13, 39	2759	HIS	13, 41	2761	nuc	nuc	0.82
GLU	13, 40	2760	HIS	13, 41	2761	nuc	nuc	1
GLU	13, 40	2760	GLU	13, 42	2762	nuc	nuc	0.75
HIS	13, 41	2761	GLU	13, 42	2762	nuc	nuc	1
SER	5, 185	1671	ARG	13, 43	2763	mit	nuc	0.51
HIS	13, 41	2761	ARG	13, 43	2763	nuc	nuc	0.71
GLU	13, 42	2762	ARG	13, 43	2763	nuc	nuc	1
GLY	5, 120	1606	PRO	13, 44	2764	mit	nuc	0.61
LYS	5, 122	1608	PRO	13, 44	2764	mit	nuc	0.86
SER	5, 185	1671	PRO	13, 44	2764	mit	nuc	0.62
GLU	13, 42	2762	PRO	13, 44	2764	nuc	nuc	0.64
ARG	13, 43	2763	PRO	13, 44	2764	nuc	nuc	1
PRO	13, 44	2764	GLU	13, 45	2765	nuc	nuc	1
PRO	13, 44	2764	PHE	13, 46	2766	nuc	nuc	0.76
GLU	13, 45	2765	PHE	13, 46	2766	nuc	nuc	1
GLY	5, 120	1606	ILE	13, 47	2767	mit	nuc	0.74
GLU	13, 45	2765	ILE	13, 47	2767	nuc	nuc	0.97
PHE	13, 46	2766	ILE	13, 47	2767	nuc	nuc	1
PHE	13, 46	2766	ARG	13, 48	2768	nuc	nuc	0.94
ILE	13, 47	2767	ARG	13, 48	2768	nuc	nuc	1
THR	5, 119	1605	TYR	13, 49	2769	mit	nuc	0.86
GLY	5, 120	1606	TYR	13, 49	2769	mit	nuc	0.93
ILE	13, 47	2767	TYR	13, 49	2769	nuc	nuc	0.98
ARG	13, 48	2768	TYR	13, 49	2769	nuc	nuc	1
ALA	1, 224	224	ALA	13, 50	2770	mit	nuc	0.82
GLU	5, 111	1597	ALA	13, 50	2770	mit	nuc	0.6
ARG	13, 48	2768	ALA	13, 50	2770	nuc	nuc	0.68
TYR	13, 49	2769	ALA	13, 50	2770	nuc	nuc	1
ALA	1, 224	224	HIS	13, 51	2771	mit	nuc	0.9
GLY	1, 225	225	HIS	13, 51	2771	mit	nuc	0.97
GLY	1, 226	226	HIS	13, 51	2771	mit	nuc	0.92
GLU	5, 111	1597	HIS	13, 51	2771	mit	nuc	0.97
LEU	5, 112	1598	HIS	13, 51	2771	mit	nuc	0.96
PRO	5, 118	1604	HIS	13, 51	2771	mit	nuc	0.91
SER	5, 191	1677	HIS	13, 51	2771	mit	nuc	0.97
TYR	13, 49	2769	HIS	13, 51	2771	nuc	nuc	1
ALA	13, 50	2770	HIS	13, 51	2771	nuc	nuc	1
PRO	5, 118	1604	LEU	13, 52	2772	mit	nuc	0.53
GLY	5, 120	1606	LEU	13, 52	2772	mit	nuc	0.92
VAL	5, 121	1607	LEU	13, 52	2772	mit	nuc	0.77
ASP	5, 190	1676	LEU	13, 52	2772	mit	nuc	0.98
SER	5, 191	1677	LEU	13, 52	2772	mit	nuc	0.97
TYR	13, 49	2769	LEU	13, 52	2772	nuc	nuc	0.98
ALA	13, 50	2770	LEU	13, 52	2772	nuc	nuc	0.89
HIS	13, 51	2771	LEU	13, 52	2772	nuc	nuc	1
SER	5, 187	1673	ARG	13, 53	2773	mit	nuc	0.62
ALA	5, 189	1675	ARG	13, 53	2773	mit	nuc	0.97
ASP	5, 190	1676	ARG	13, 53	2773	mit	nuc	0.96
LEU	13, 52	2772	ARG	13, 53	2773	nuc	nuc	1
ASN	1, 217	217	ILE	13, 54	2774	mit	nuc	0.97
THR	1, 219	219	ILE	13, 54	2774	mit	nuc	0.97
ASP	1, 222	222	ILE	13, 54	2774	mit	nuc	0.63
ALA	1, 224	224	ILE	13, 54	2774	mit	nuc	0.9
GLY	1, 225	225	ILE	13, 54	2774	mit	nuc	0.95
ALA	5, 189	1675	ILE	13, 54	2774	mit	nuc	0.97
ASP	5, 190	1676	ILE	13, 54	2774	mit	nuc	0.67
SER	5, 191	1677	ILE	13, 54	2774	mit	nuc	0.73
HIS	13, 51	2771	ILE	13, 54	2774	nuc	nuc	0.71
LEU	13, 52	2772	ILE	13, 54	2774	nuc	nuc	0.94
ARG	13, 53	2773	ILE	13, 54	2774	nuc	nuc	1
ASN	1, 217	217	ARG	13, 55	2775	mit	nuc	0.97
ALA	5, 189	1675	ARG	13, 55	2775	mit	nuc	0.94
ARG	13, 53	2773	ARG	13, 55	2775	nuc	nuc	0.98
ILE	13, 54	2774	ARG	13, 55	2775	nuc	nuc	1
ASN	1, 136	136	SER	13, 56	2776	mit	nuc	0.94
LEU	1, 137	137	SER	13, 56	2776	mit	nuc	0.8
ASN	1, 217	217	SER	13, 56	2776	mit	nuc	0.96
ASP	1, 222	222	SER	13, 56	2776	mit	nuc	0.64
ILE	13, 54	2774	SER	13, 56	2776	nuc	nuc	0.99
ARG	13, 55	2775	SER	13, 56	2776	nuc	nuc	1
ASN	1, 136	136	LYS	13, 57	2777	mit	nuc	0.96
ARG	1, 214	214	LYS	13, 57	2777	mit	nuc	0.78
ASN	1, 215	215	LYS	13, 57	2777	mit	nuc	0.95
ASN	1, 217	217	LYS	13, 57	2777	mit	nuc	0.96
ARG	13, 55	2775	LYS	13, 57	2777	nuc	nuc	0.86
SER	13, 56	2776	LYS	13, 57	2777	nuc	nuc	1
ARG	13, 55	2775	PRO	13, 58	2778	nuc	nuc	0.9
LYS	13, 57	2777	PRO	13, 58	2778	nuc	nuc	1
LEU	1, 216	216	PHE	13, 59	2779	mit	nuc	0.87
ASN	1, 217	217	PHE	13, 59	2779	mit	nuc	0.87
LYS	13, 57	2777	PHE	13, 59	2779	nuc	nuc	0.64
PRO	13, 58	2778	PHE	13, 59	2779	nuc	nuc	1
ASN	1, 215	215	PRO	13, 60	2780	mit	nuc	0.77
TRP	5, 34	1520	PRO	13, 60	2780	mit	nuc	0.97
PHE	5, 35	1521	PRO	13, 60	2780	mit	nuc	0.96
SER	5, 38	1524	PRO	13, 60	2780	mit	nuc	0.75
PRO	13, 58	2778	PRO	13, 60	2780	nuc	nuc	0.69
PHE	13, 59	2779	PRO	13, 60	2780	nuc	nuc	1
PHE	13, 59	2779	TRP	13, 61	2781	nuc	nuc	0.99
PRO	13, 60	2780	TRP	13, 61	2781	nuc	nuc	1
PHE	13, 59	2779	GLY	13, 62	2782	nuc	nuc	0.86
TRP	13, 61	2781	GLY	13, 62	2782	nuc	nuc	1
GLY	13, 62	2782	ASP	13, 63	2783	nuc	nuc	1
PRO	13, 58	2778	GLY	13, 64	2784	nuc	nuc	0.97
PHE	13, 59	2779	GLY	13, 64	2784	nuc	nuc	0.98
PRO	13, 60	2780	GLY	13, 64	2784	nuc	nuc	0.77
TRP	13, 61	2781	GLY	13, 64	2784	nuc	nuc	0.93
GLY	13, 62	2782	GLY	13, 64	2784	nuc	nuc	1
ASP	13, 63	2783	GLY	13, 64	2784	nuc	nuc	1
ARG	13, 55	2775	ASN	13, 65	2785	nuc	nuc	0.84
PRO	13, 58	2778	ASN	13, 65	2785	nuc	nuc	0.89
PHE	13, 59	2779	ASN	13, 65	2785	nuc	nuc	0.86
ASP	13, 63	2783	ASN	13, 65	2785	nuc	nuc	0.98
GLY	13, 64	2784	ASN	13, 65	2785	nuc	nuc	1
PHE	13, 59	2779	LYS	13, 66	2786	nuc	nuc	0.89
GLY	13, 62	2782	LYS	13, 66	2786	nuc	nuc	0.82
ASP	13, 63	2783	LYS	13, 66	2786	nuc	nuc	0.92
GLY	13, 64	2784	LYS	13, 66	2786	nuc	nuc	1
ASN	13, 65	2785	LYS	13, 66	2786	nuc	nuc	1
SER	5, 187	1673	THR	13, 67	2787	mit	nuc	0.98
ILE	5, 188	1674	THR	13, 67	2787	mit	nuc	0.95
ALA	5, 189	1675	THR	13, 67	2787	mit	nuc	0.91
PHE	13, 59	2779	THR	13, 67	2787	nuc	nuc	0.93
LYS	13, 66	2786	THR	13, 67	2787	nuc	nuc	1
TRP	13, 61	2781	LEU	13, 68	2788	nuc	nuc	0.8
THR	13, 67	2787	LEU	13, 68	2788	nuc	nuc	1
ALA	5, 178	1664	PHE	13, 69	2789	mit	nuc	0.53
TYR	5, 181	1667	PHE	13, 69	2789	mit	nuc	0.98
HIS	5, 182	1668	PHE	13, 69	2789	mit	nuc	0.98
ALA	5, 184	1670	PHE	13, 69	2789	mit	nuc	0.53
SER	5, 187	1673	PHE	13, 69	2789	mit	nuc	0.62
THR	13, 67	2787	PHE	13, 69	2789	nuc	nuc	0.99
LEU	13, 68	2788	PHE	13, 69	2789	nuc	nuc	1
SER	5, 187	1673	HIS	13, 70	2790	mit	nuc	0.79
LYS	13, 66	2786	HIS	13, 70	2790	nuc	nuc	0.98
THR	13, 67	2787	HIS	13, 70	2790	nuc	nuc	0.99
LEU	13, 68	2788	HIS	13, 70	2790	nuc	nuc	0.96
PHE	13, 69	2789	HIS	13, 70	2790	nuc	nuc	1
HIS	5, 182	1668	ASN	13, 71	2791	mit	nuc	0.97
GLU	5, 183	1669	ASN	13, 71	2791	mit	nuc	0.88
PHE	13, 69	2789	ASN	13, 71	2791	nuc	nuc	0.97
HIS	13, 70	2790	ASN	13, 71	2791	nuc	nuc	1
HIS	13, 70	2790	PRO	13, 72	2792	nuc	nuc	0.97
ASN	13, 71	2791	PRO	13, 72	2792	nuc	nuc	1
ARG	13, 43	2763	HIS	13, 73	2793	nuc	nuc	0.75
ASN	13, 71	2791	HIS	13, 73	2793	nuc	nuc	0.99
PRO	13, 72	2792	HIS	13, 73	2793	nuc	nuc	1
GLU	5, 183	1669	VAL	13, 74	2794	mit	nuc	0.88
ALA	5, 184	1670	VAL	13, 74	2794	mit	nuc	0.83
SER	5, 185	1671	VAL	13, 74	2794	mit	nuc	0.98
ARG	13, 43	2763	VAL	13, 74	2794	nuc	nuc	0.82
ASN	13, 71	2791	VAL	13, 74	2794	nuc	nuc	0.99
HIS	13, 73	2793	VAL	13, 74	2794	nuc	nuc	1
SER	5, 185	1671	ASN	13, 75	2795	mit	nuc	0.87
SER	5, 187	1673	ASN	13, 75	2795	mit	nuc	0.97
THR	13, 67	2787	ASN	13, 75	2795	nuc	nuc	0.89
HIS	13, 70	2790	ASN	13, 75	2795	nuc	nuc	0.98
ASN	13, 71	2791	ASN	13, 75	2795	nuc	nuc	0.98
PRO	13, 72	2792	ASN	13, 75	2795	nuc	nuc	0.91
HIS	13, 73	2793	ASN	13, 75	2795	nuc	nuc	0.55
VAL	13, 74	2794	ASN	13, 75	2795	nuc	nuc	1
PHE	13, 46	2766	ALA	13, 76	2796	nuc	nuc	0.93
ARG	13, 53	2773	ALA	13, 76	2796	nuc	nuc	0.88
ASN	13, 75	2795	ALA	13, 76	2796	nuc	nuc	1
ARG	13, 53	2773	LEU	13, 77	2797	nuc	nuc	0.81
ASN	13, 65	2785	LEU	13, 77	2797	nuc	nuc	0.93
LYS	13, 66	2786	LEU	13, 77	2797	nuc	nuc	0.69
ASN	13, 75	2795	LEU	13, 77	2797	nuc	nuc	0.63
ALA	13, 76	2796	LEU	13, 77	2797	nuc	nuc	1
ARG	13, 48	2768	PRO	13, 78	2798	nuc	nuc	0.54
ARG	13, 53	2773	PRO	13, 78	2798	nuc	nuc	0.97
ARG	13, 55	2775	PRO	13, 78	2798	nuc	nuc	0.96
ASN	13, 65	2785	PRO	13, 78	2798	nuc	nuc	0.75
ALA	13, 76	2796	PRO	13, 78	2798	nuc	nuc	0.57
LEU	13, 77	2797	PRO	13, 78	2798	nuc	nuc	1
LEU	13, 77	2797	THR	13, 79	2799	nuc	nuc	0.99
PRO	13, 78	2798	THR	13, 79	2799	nuc	nuc	1
PHE	13, 46	2766	GLY	13, 80	2800	nuc	nuc	0.94
ARG	13, 48	2768	GLY	13, 80	2800	nuc	nuc	0.61
ALA	13, 76	2796	GLY	13, 80	2800	nuc	nuc	0.97
LEU	13, 77	2797	GLY	13, 80	2800	nuc	nuc	0.98
PRO	13, 78	2798	GLY	13, 80	2800	nuc	nuc	0.98
THR	13, 79	2799	GLY	13, 80	2800	nuc	nuc	1
ARG	13, 43	2763	TYR	13, 81	2801	nuc	nuc	0.53
PHE	13, 46	2766	TYR	13, 81	2801	nuc	nuc	0.94
PRO	13, 72	2792	TYR	13, 81	2801	nuc	nuc	0.57
ALA	13, 76	2796	TYR	13, 81	2801	nuc	nuc	0.97
LEU	13, 77	2797	TYR	13, 81	2801	nuc	nuc	0.84
GLY	13, 80	2800	TYR	13, 81	2801	nuc	nuc	1
PRO	13, 72	2792	GLU	13, 82	2802	nuc	nuc	0.93
ALA	13, 76	2796	GLU	13, 82	2802	nuc	nuc	0.52
LEU	13, 77	2797	GLU	13, 82	2802	nuc	nuc	0.93
GLY	13, 80	2800	GLU	13, 82	2802	nuc	nuc	0.87
TYR	13, 81	2801	GLU	13, 82	2802	nuc	nuc	1
PRO	13, 72	2792	ASP	13, 83	2803	nuc	nuc	0.8
HIS	13, 73	2793	ASP	13, 83	2803	nuc	nuc	0.61
TYR	13, 81	2801	ASP	13, 83	2803	nuc	nuc	0.96
GLU	13, 82	2802	ASP	13, 83	2803	nuc	nuc	1
TYR	13, 81	2801	GLU	13, 84	2804	nuc	nuc	0.77
GLU	13, 82	2802	GLU	13, 84	2804	nuc	nuc	0.7
ASP	13, 83	2803	GLU	13, 84	2804	nuc	nuc	1
ASP	13, 83	2803	ASN	13, 85	2805	nuc	nuc	0.71
GLU	13, 84	2804	ASN	13, 85	2805	nuc	nuc	1
ALA	14, 1	2806	ALA	14, 2	2807	nuc	nuc	1
ALA	14, 1	2806	SER	14, 3	2808	nuc	nuc	0.86
ALA	14, 2	2807	SER	14, 3	2808	nuc	nuc	1
ALA	14, 1	2806	ALA	14, 4	2809	nuc	nuc	0.7
ALA	14, 2	2807	ALA	14, 4	2809	nuc	nuc	0.84
SER	14, 3	2808	ALA	14, 4	2809	nuc	nuc	1
ALA	14, 1	2806	ALA	14, 5	2810	nuc	nuc	0.55
ALA	14, 2	2807	ALA	14, 5	2810	nuc	nuc	0.63
SER	14, 3	2808	ALA	14, 5	2810	nuc	nuc	0.87
ALA	14, 4	2809	ALA	14, 5	2810	nuc	nuc	1
SER	14, 3	2808	HIS	14, 6	2811	nuc	nuc	0.61
ALA	14, 4	2809	HIS	14, 6	2811	nuc	nuc	0.82
ALA	14, 5	2810	HIS	14, 6	2811	nuc	nuc	1
ALA	14, 4	2809	GLU	14, 7	2812	nuc	nuc	0.56
ALA	14, 5	2810	GLU	14, 7	2812	nuc	nuc	0.8
HIS	14, 6	2811	GLU	14, 7	2812	nuc	nuc	1
HIS	14, 6	2811	GLY	14, 8	2813	nuc	nuc	0.94
GLU	14, 7	2812	GLY	14, 8	2813	nuc	nuc	1
HIS	6, 149	1896	GLY	14, 9	2814	mit	nuc	0.71
GLU	14, 7	2812	GLY	14, 9	2814	nuc	nuc	0.93
GLY	14, 8	2813	GLY	14, 9	2814	nuc	nuc	1
HIS	6, 149	1896	GLY	14, 10	2815	mit	nuc	0.95
GLU	6, 153	1900	GLY	14, 10	2815	mit	nuc	0.64
GLY	14, 8	2813	GLY	14, 10	2815	nuc	nuc	0.97
GLY	14, 9	2814	GLY	14, 10	2815	nuc	nuc	1
TRP	6, 146	1893	ALA	14, 11	2816	mit	nuc	0.91
HIS	6, 149	1896	ALA	14, 11	2816	mit	nuc	0.97
SER	6, 150	1897	ALA	14, 11	2816	mit	nuc	0.94
GLU	6, 153	1900	ALA	14, 11	2816	mit	nuc	0.91
ASN	6, 155	1902	ALA	14, 11	2816	mit	nuc	0.83
GLN	6, 158	1905	ALA	14, 11	2816	mit	nuc	0.88
GLY	14, 9	2814	ALA	14, 11	2816	nuc	nuc	0.63
GLY	14, 10	2815	ALA	14, 11	2816	nuc	nuc	1
GLY	14, 9	2814	ARG	14, 12	2817	nuc	nuc	0.53
GLY	14, 10	2815	ARG	14, 12	2817	nuc	nuc	0.99
ALA	14, 11	2816	ARG	14, 12	2817	nuc	nuc	1
GLY	14, 8	2813	LEU	14, 13	2818	nuc	nuc	0.56
GLY	14, 9	2814	LEU	14, 13	2818	nuc	nuc	0.88
GLY	14, 10	2815	LEU	14, 13	2818	nuc	nuc	0.98
ALA	14, 11	2816	LEU	14, 13	2818	nuc	nuc	0.97
ARG	14, 12	2817	LEU	14, 13	2818	nuc	nuc	1
VAL	6, 142	1889	TRP	14, 14	2819	mit	nuc	0.93
THR	6, 145	1892	TRP	14, 14	2819	mit	nuc	0.96
TRP	6, 146	1893	TRP	14, 14	2819	mit	nuc	0.99
HIS	6, 149	1896	TRP	14, 14	2819	mit	nuc	0.96
GLY	14, 9	2814	TRP	14, 14	2819	nuc	nuc	0.56
GLY	14, 10	2815	TRP	14, 14	2819	nuc	nuc	0.97
ALA	14, 11	2816	TRP	14, 14	2819	nuc	nuc	0.99
ARG	14, 12	2817	TRP	14, 14	2819	nuc	nuc	0.91
LEU	14, 13	2818	TRP	14, 14	2819	nuc	nuc	1
TRP	6, 146	1893	LYS	14, 15	2820	mit	nuc	0.96
GLN	6, 158	1905	LYS	14, 15	2820	mit	nuc	0.79
ALA	6, 162	1909	LYS	14, 15	2820	mit	nuc	0.56
ALA	14, 11	2816	LYS	14, 15	2820	nuc	nuc	0.98
ARG	14, 12	2817	LYS	14, 15	2820	nuc	nuc	0.99
LEU	14, 13	2818	LYS	14, 15	2820	nuc	nuc	0.99
TRP	14, 14	2819	LYS	14, 15	2820	nuc	nuc	1
ARG	14, 12	2817	THR	14, 16	2821	nuc	nuc	0.96
LEU	14, 13	2818	THR	14, 16	2821	nuc	nuc	0.99
TRP	14, 14	2819	THR	14, 16	2821	nuc	nuc	0.98
LYS	14, 15	2820	THR	14, 16	2821	nuc	nuc	1
VAL	6, 142	1889	LEU	14, 17	2822	mit	nuc	0.95
TRP	6, 146	1893	LEU	14, 17	2822	mit	nuc	0.53
LEU	14, 13	2818	LEU	14, 17	2822	nuc	nuc	0.98
TRP	14, 14	2819	LEU	14, 17	2822	nuc	nuc	1
LYS	14, 15	2820	LEU	14, 17	2822	nuc	nuc	0.98
THR	14, 16	2821	LEU	14, 17	2822	nuc	nuc	1
ALA	6, 139	1886	SER	14, 18	2823	mit	nuc	0.8
VAL	6, 142	1889	SER	14, 18	2823	mit	nuc	0.97
THR	6, 143	1890	SER	14, 18	2823	mit	nuc	0.97
TRP	6, 146	1893	SER	14, 18	2823	mit	nuc	0.96
ALA	6, 162	1909	SER	14, 18	2823	mit	nuc	0.72
LEU	6, 165	1912	SER	14, 18	2823	mit	nuc	0.65
TRP	14, 14	2819	SER	14, 18	2823	nuc	nuc	0.99
LYS	14, 15	2820	SER	14, 18	2823	nuc	nuc	1
THR	14, 16	2821	SER	14, 18	2823	nuc	nuc	0.99
LEU	14, 17	2822	SER	14, 18	2823	nuc	nuc	1
LYS	14, 15	2820	PHE	14, 19	2824	nuc	nuc	0.97
THR	14, 16	2821	PHE	14, 19	2824	nuc	nuc	0.99
LEU	14, 17	2822	PHE	14, 19	2824	nuc	nuc	0.73
SER	14, 18	2823	PHE	14, 19	2824	nuc	nuc	1
THR	14, 16	2821	VAL	14, 20	2825	nuc	nuc	0.98
LEU	14, 17	2822	VAL	14, 20	2825	nuc	nuc	0.98
SER	14, 18	2823	VAL	14, 20	2825	nuc	nuc	0.79
PHE	14, 19	2824	VAL	14, 20	2825	nuc	nuc	1
VAL	6, 142	1889	VAL	14, 21	2826	mit	nuc	0.65
LEU	14, 17	2822	VAL	14, 21	2826	nuc	nuc	0.98
SER	14, 18	2823	VAL	14, 21	2826	nuc	nuc	0.87
VAL	14, 20	2825	VAL	14, 21	2826	nuc	nuc	1
LEU	6, 138	1885	ALA	14, 22	2827	mit	nuc	0.87
ALA	6, 139	1886	ALA	14, 22	2827	mit	nuc	0.98
VAL	6, 142	1889	ALA	14, 22	2827	mit	nuc	0.97
THR	6, 143	1890	ALA	14, 22	2827	mit	nuc	0.87
LEU	14, 17	2822	ALA	14, 22	2827	nuc	nuc	0.97
SER	14, 18	2823	ALA	14, 22	2827	nuc	nuc	0.99
PHE	14, 19	2824	ALA	14, 22	2827	nuc	nuc	0.75
VAL	14, 21	2826	ALA	14, 22	2827	nuc	nuc	1
ALA	6, 139	1886	LEU	14, 23	2828	mit	nuc	0.94
SER	14, 18	2823	LEU	14, 23	2828	nuc	nuc	0.96
PHE	14, 19	2824	LEU	14, 23	2828	nuc	nuc	0.98
ALA	14, 22	2827	LEU	14, 23	2828	nuc	nuc	1
VAL	14, 20	2825	PRO	14, 24	2829	nuc	nuc	0.95
VAL	14, 21	2826	PRO	14, 24	2829	nuc	nuc	0.97
ALA	14, 22	2827	PRO	14, 24	2829	nuc	nuc	0.97
LEU	14, 23	2828	PRO	14, 24	2829	nuc	nuc	1
ALA	6, 135	1882	ALA	14, 25	2830	mit	nuc	0.97
LEU	6, 138	1885	ALA	14, 25	2830	mit	nuc	0.54
ALA	6, 139	1886	ALA	14, 25	2830	mit	nuc	0.92
VAL	14, 21	2826	ALA	14, 25	2830	nuc	nuc	0.98
ALA	14, 22	2827	ALA	14, 25	2830	nuc	nuc	0.99
LEU	14, 23	2828	ALA	14, 25	2830	nuc	nuc	0.99
PRO	14, 24	2829	ALA	14, 25	2830	nuc	nuc	1
LEU	6, 132	1879	VAL	14, 26	2831	mit	nuc	0.83
ALA	6, 135	1882	VAL	14, 26	2831	mit	nuc	0.98
ILE	6, 136	1883	VAL	14, 26	2831	mit	nuc	0.96
ALA	6, 139	1886	VAL	14, 26	2831	mit	nuc	0.97
ALA	14, 22	2827	VAL	14, 26	2831	nuc	nuc	0.97
LEU	14, 23	2828	VAL	14, 26	2831	nuc	nuc	1
PRO	14, 24	2829	VAL	14, 26	2831	nuc	nuc	0.99
ALA	14, 25	2830	VAL	14, 26	2831	nuc	nuc	1
LEU	14, 23	2828	GLY	14, 27	2832	nuc	nuc	0.97
PRO	14, 24	2829	GLY	14, 27	2832	nuc	nuc	0.99
ALA	14, 25	2830	GLY	14, 27	2832	nuc	nuc	1
VAL	14, 26	2831	GLY	14, 27	2832	nuc	nuc	1
PRO	14, 24	2829	VAL	14, 28	2833	nuc	nuc	0.98
ALA	14, 25	2830	VAL	14, 28	2833	nuc	nuc	0.99
VAL	14, 26	2831	VAL	14, 28	2833	nuc	nuc	0.97
GLY	14, 27	2832	VAL	14, 28	2833	nuc	nuc	1
LEU	6, 131	1878	CYS	14, 29	2834	mit	nuc	0.96
LEU	6, 132	1879	CYS	14, 29	2834	mit	nuc	0.98
ALA	6, 135	1882	CYS	14, 29	2834	mit	nuc	0.98
ALA	14, 25	2830	CYS	14, 29	2834	nuc	nuc	0.99
VAL	14, 26	2831	CYS	14, 29	2834	nuc	nuc	1
GLY	14, 27	2832	CYS	14, 29	2834	nuc	nuc	1
VAL	14, 28	2833	CYS	14, 29	2834	nuc	nuc	1
LEU	6, 132	1879	MET	14, 30	2835	mit	nuc	0.95
VAL	14, 26	2831	MET	14, 30	2835	nuc	nuc	0.99
GLY	14, 27	2832	MET	14, 30	2835	nuc	nuc	1
VAL	14, 28	2833	MET	14, 30	2835	nuc	nuc	0.99
CYS	14, 29	2834	MET	14, 30	2835	nuc	nuc	1
GLY	14, 27	2832	LEU	14, 31	2836	nuc	nuc	0.98
VAL	14, 28	2833	LEU	14, 31	2836	nuc	nuc	0.99
CYS	14, 29	2834	LEU	14, 31	2836	nuc	nuc	0.99
MET	14, 30	2835	LEU	14, 31	2836	nuc	nuc	1
LEU	6, 127	1874	ASN	14, 32	2837	mit	nuc	0.6
GLU	6, 128	1875	ASN	14, 32	2837	mit	nuc	0.66
LEU	6, 131	1878	ASN	14, 32	2837	mit	nuc	0.69
LEU	6, 132	1879	ASN	14, 32	2837	mit	nuc	0.64
VAL	14, 28	2833	ASN	14, 32	2837	nuc	nuc	0.98
CYS	14, 29	2834	ASN	14, 32	2837	nuc	nuc	0.99
MET	14, 30	2835	ASN	14, 32	2837	nuc	nuc	0.98
LEU	14, 31	2836	ASN	14, 32	2837	nuc	nuc	1
GLU	6, 128	1875	CYS	14, 33	2838	mit	nuc	0.96
VAL	6, 129	1876	CYS	14, 33	2838	mit	nuc	0.94
LEU	6, 132	1879	CYS	14, 33	2838	mit	nuc	0.95
CYS	14, 29	2834	CYS	14, 33	2838	nuc	nuc	0.98
MET	14, 30	2835	CYS	14, 33	2838	nuc	nuc	0.99
LEU	14, 31	2836	CYS	14, 33	2838	nuc	nuc	0.97
ASN	14, 32	2837	CYS	14, 33	2838	nuc	nuc	1
MET	14, 30	2835	TYR	14, 34	2839	nuc	nuc	0.98
LEU	14, 31	2836	TYR	14, 34	2839	nuc	nuc	0.98
ASN	14, 32	2837	TYR	14, 34	2839	nuc	nuc	0.97
CYS	14, 33	2838	TYR	14, 34	2839	nuc	nuc	1
LEU	14, 31	2836	LEU	14, 35	2840	nuc	nuc	0.96
ASN	14, 32	2837	LEU	14, 35	2840	nuc	nuc	0.98
CYS	14, 33	2838	LEU	14, 35	2840	nuc	nuc	0.94
TYR	14, 34	2839	LEU	14, 35	2840	nuc	nuc	1
GLU	6, 128	1875	LYS	14, 36	2841	mit	nuc	0.92
ASN	14, 32	2837	LYS	14, 36	2841	nuc	nuc	0.94
CYS	14, 33	2838	LYS	14, 36	2841	nuc	nuc	0.97
TYR	14, 34	2839	LYS	14, 36	2841	nuc	nuc	0.89
LEU	14, 35	2840	LYS	14, 36	2841	nuc	nuc	1
CYS	14, 33	2838	ALA	14, 37	2842	nuc	nuc	0.92
TYR	14, 34	2839	ALA	14, 37	2842	nuc	nuc	0.94
LEU	14, 35	2840	ALA	14, 37	2842	nuc	nuc	0.93
LYS	14, 36	2841	ALA	14, 37	2842	nuc	nuc	1
LEU	14, 35	2840	GLN	14, 38	2843	nuc	nuc	0.66
LYS	14, 36	2841	GLN	14, 38	2843	nuc	nuc	0.85
ALA	14, 37	2842	GLN	14, 38	2843	nuc	nuc	1
LYS	14, 36	2841	HIS	14, 39	2844	nuc	nuc	0.61
ALA	14, 37	2842	HIS	14, 39	2844	nuc	nuc	0.82
GLN	14, 38	2843	HIS	14, 39	2844	nuc	nuc	1
GLN	14, 38	2843	GLU	14, 40	2845	nuc	nuc	0.55
HIS	14, 39	2844	GLU	14, 40	2845	nuc	nuc	1
HIS	14, 39	2844	HIS	14, 41	2846	nuc	nuc	0.82
GLU	14, 40	2845	HIS	14, 41	2846	nuc	nuc	1
GLU	14, 40	2845	GLU	14, 42	2847	nuc	nuc	0.75
HIS	14, 41	2846	GLU	14, 42	2847	nuc	nuc	1
HIS	14, 41	2846	ARG	14, 43	2848	nuc	nuc	0.72
GLU	14, 42	2847	ARG	14, 43	2848	nuc	nuc	1
GLY	6, 120	1867	PRO	14, 44	2849	mit	nuc	0.6
LYS	6, 122	1869	PRO	14, 44	2849	mit	nuc	0.86
SER	6, 185	1932	PRO	14, 44	2849	mit	nuc	0.62
GLU	14, 42	2847	PRO	14, 44	2849	nuc	nuc	0.64
ARG	14, 43	2848	PRO	14, 44	2849	nuc	nuc	1
PRO	14, 44	2849	GLU	14, 45	2850	nuc	nuc	1
PRO	14, 44	2849	PHE	14, 46	2851	nuc	nuc	0.76
GLU	14, 45	2850	PHE	14, 46	2851	nuc	nuc	1
GLY	6, 120	1867	ILE	14, 47	2852	mit	nuc	0.74
GLU	14, 45	2850	ILE	14, 47	2852	nuc	nuc	0.97
PHE	14, 46	2851	ILE	14, 47	2852	nuc	nuc	1
PHE	14, 46	2851	ARG	14, 48	2853	nuc	nuc	0.94
ILE	14, 47	2852	ARG	14, 48	2853	nuc	nuc	1
THR	6, 119	1866	TYR	14, 49	2854	mit	nuc	0.85
GLY	6, 120	1867	TYR	14, 49	2854	mit	nuc	0.92
ILE	14, 47	2852	TYR	14, 49	2854	nuc	nuc	0.98
ARG	14, 48	2853	TYR	14, 49	2854	nuc	nuc	1
ALA	2, 224	740	ALA	14, 50	2855	mit	nuc	0.81
GLU	6, 111	1858	ALA	14, 50	2855	mit	nuc	0.59
ARG	14, 48	2853	ALA	14, 50	2855	nuc	nuc	0.68
TYR	14, 49	2854	ALA	14, 50	2855	nuc	nuc	1
ALA	2, 224	740	HIS	14, 51	2856	mit	nuc	0.89
GLY	2, 225	741	HIS	14, 51	2856	mit	nuc	0.97
GLY	2, 226	742	HIS	14, 51	2856	mit	nuc	0.91
GLU	6, 111	1858	HIS	14, 51	2856	mit	nuc	0.97
LEU	6, 112	1859	HIS	14, 51	2856	mit	nuc	0.95
PRO	6, 118	1865	HIS	14, 51	2856	mit	nuc	0.91
SER	6, 191	1938	HIS	14, 51	2856	mit	nuc	0.97
TYR	14, 49	2854	HIS	14, 51	2856	nuc	nuc	1
ALA	14, 50	2855	HIS	14, 51	2856	nuc	nuc	1
PRO	6, 118	1865	LEU	14, 52	2857	mit	nuc	0.53
GLY	6, 120	1867	LEU	14, 52	2857	mit	nuc	0.91
VAL	6, 121	1868	LEU	14, 52	2857	mit	nuc	0.77
ASP	6, 190	1937	LEU	14, 52	2857	mit	nuc	0.98
SER	6, 191	1938	LEU	14, 52	2857	mit	nuc	0.97
TYR	14, 49	2854	LEU	14, 52	2857	nuc	nuc	0.98
ALA	14, 50	2855	LEU	14, 52	2857	nuc	nuc	0.89
HIS	14, 51	2856	LEU	14, 52	2857	nuc	nuc	1
SER	6, 187	1934	ARG	14, 53	2858	mit	nuc	0.63
ALA	6, 189	1936	ARG	14, 53	2858	mit	nuc	0.96
ASP	6, 190	1937	ARG	14, 53	2858	mit	nuc	0.96
LEU	14, 52	2857	ARG	14, 53	2858	nuc	nuc	1
ASN	2, 217	733	ILE	14, 54	2859	mit	nuc	0.97
THR	2, 219	735	ILE	14, 54	2859	mit	nuc	0.97
ASP	2, 222	738	ILE	14, 54	2859	mit	nuc	0.62
ALA	2, 224	740	ILE	14, 54	2859	mit	nuc	0.89
GLY	2, 225	741	ILE	14, 54	2859	mit	nuc	0.95
ALA	6, 189	1936	ILE	14, 54	2859	mit	nuc	0.97
ASP	6, 190	1937	ILE	14, 54	2859	mit	nuc	0.66
SER	6, 191	1938	ILE	14, 54	2859	mit	nuc	0.74
HIS	14, 51	2856	ILE	14, 54	2859	nuc	nuc	0.71
LEU	14, 52	2857	ILE	14, 54	2859	nuc	nuc	0.94
ARG	14, 53	2858	ILE	14, 54	2859	nuc	nuc	1
ASN	2, 217	733	ARG	14, 55	2860	mit	nuc	0.97
ALA	6, 189	1936	ARG	14, 55	2860	mit	nuc	0.93
ARG	14, 53	2858	ARG	14, 55	2860	nuc	nuc	0.98
ILE	14, 54	2859	ARG	14, 55	2860	nuc	nuc	1
ASN	2, 136	652	SER	14, 56	2861	mit	nuc	0.94
LEU	2, 137	653	SER	14, 56	2861	mit	nuc	0.79
ASN	2, 217	733	SER	14, 56	2861	mit	nuc	0.96
ASP	2, 222	738	SER	14, 56	2861	mit	nuc	0.63
ILE	14, 54	2859	SER	14, 56	2861	nuc	nuc	0.99
ARG	14, 55	2860	SER	14, 56	2861	nuc	nuc	1
ASN	2, 136	652	LYS	14, 57	2862	mit	nuc	0.96
ARG	2, 214	730	LYS	14, 57	2862	mit	nuc	0.77
ASN	2, 215	731	LYS	14, 57	2862	mit	nuc	0.94
ASN	2, 217	733	LYS	14, 57	2862	mit	nuc	0.96
ARG	14, 55	2860	LYS	14, 57	2862	nuc	nuc	0.86
SER	14, 56	2861	LYS	14, 57	2862	nuc	nuc	1
ARG	14, 55	2860	PRO	14, 58	2863	nuc	nuc	0.91
LYS	14, 57	2862	PRO	14, 58	2863	nuc	nuc	1
LEU	2, 216	732	PHE	14, 59	2864	mit	nuc	0.87
ASN	2, 217	733	PHE	14, 59	2864	mit	nuc	0.86
LYS	14, 57	2862	PHE	14, 59	2864	nuc	nuc	0.65
PRO	14, 58	2863	PHE	14, 59	2864	nuc	nuc	1
ASN	2, 215	731	PRO	14, 60	2865	mit	nuc	0.76
TRP	6, 34	1781	PRO	14, 60	2865	mit	nuc	0.97
PHE	6, 35	1782	PRO	14, 60	2865	mit	nuc	0.96
SER	6, 38	1785	PRO	14, 60	2865	mit	nuc	0.74
PRO	14, 58	2863	PRO	14, 60	2865	nuc	nuc	0.69
PHE	14, 59	2864	PRO	14, 60	2865	nuc	nuc	1
PHE	14, 59	2864	TRP	14, 61	2866	nuc	nuc	0.99
PRO	14, 60	2865	TRP	14, 61	2866	nuc	nuc	1
PHE	14, 59	2864	GLY	14, 62	2867	nuc	nuc	0.86
TRP	14, 61	2866	GLY	14, 62	2867	nuc	nuc	1
GLY	14, 62	2867	ASP	14, 63	2868	nuc	nuc	1
PRO	14, 58	2863	GLY	14, 64	2869	nuc	nuc	0.97
PHE	14, 59	2864	GLY	14, 64	2869	nuc	nuc	0.98
PRO	14, 60	2865	GLY	14, 64	2869	nuc	nuc	0.76
TRP	14, 61	2866	GLY	14, 64	2869	nuc	nuc	0.93
GLY	14, 62	2867	GLY	14, 64	2869	nuc	nuc	1
ASP	14, 63	2868	GLY	14, 64	2869	nuc	nuc	1
ARG	14, 55	2860	ASN	14, 65	2870	nuc	nuc	0.84
PRO	14, 58	2863	ASN	14, 65	2870	nuc	nuc	0.89
PHE	14, 59	2864	ASN	14, 65	2870	nuc	nuc	0.85
ASP	14, 63	2868	ASN	14, 65	2870	nuc	nuc	0.97
GLY	14, 64	2869	ASN	14, 65	2870	nuc	nuc	1
PHE	14, 59	2864	LYS	14, 66	2871	nuc	nuc	0.89
GLY	14, 62	2867	LYS	14, 66	2871	nuc	nuc	0.81
ASP	14, 63	2868	LYS	14, 66	2871	nuc	nuc	0.91
GLY	14, 64	2869	LYS	14, 66	2871	nuc	nuc	1
ASN	14, 65	2870	LYS	14, 66	2871	nuc	nuc	1
SER	6, 187	1934	THR	14, 67	2872	mit	nuc	0.98
ILE	6, 188	1935	THR	14, 67	2872	mit	nuc	0.95
ALA	6, 189	1936	THR	14, 67	2872	mit	nuc	0.91
PHE	14, 59	2864	THR	14, 67	2872	nuc	nuc	0.93
LYS	14, 66	2871	THR	14, 67	2872	nuc	nuc	1
TRP	14, 61	2866	LEU	14, 68	2873	nuc	nuc	0.8
THR	14, 67	2872	LEU	14, 68	2873	nuc	nuc	1
ALA	6, 178	1925	PHE	14, 69	2874	mit	nuc	0.53
TYR	6, 181	1928	PHE	14, 69	2874	mit	nuc	0.98
HIS	6, 182	1929	PHE	14, 69	2874	mit	nuc	0.98
ALA	6, 184	1931	PHE	14, 69	2874	mit	nuc	0.53
SER	6, 187	1934	PHE	14, 69	2874	mit	nuc	0.62
THR	14, 67	2872	PHE	14, 69	2874	nuc	nuc	0.99
LEU	14, 68	2873	PHE	14, 69	2874	nuc	nuc	1
SER	6, 187	1934	HIS	14, 70	2875	mit	nuc	0.79
LYS	14, 66	2871	HIS	14, 70	2875	nuc	nuc	0.98
THR	14, 67	2872	HIS	14, 70	2875	nuc	nuc	0.99
LEU	14, 68	2873	HIS	14, 70	2875	nuc	nuc	0.96
PHE	14, 69	2874	HIS	14, 70	2875	nuc	nuc	1
HIS	6, 182	1929	ASN	14, 71	2876	mit	nuc	0.97
GLU	6, 183	1930	ASN	14, 71	2876	mit	nuc	0.88
PHE	14, 69	2874	ASN	14, 71	2876	nuc	nuc	0.97
HIS	14, 70	2875	ASN	14, 71	2876	nuc	nuc	1
HIS	14, 70	2875	PRO	14, 72	2877	nuc	nuc	0.96
ASN	14, 71	2876	PRO	14, 72	2877	nuc	nuc	1
ARG	14, 43	2848	HIS	14, 73	2878	nuc	nuc	0.73
ASN	14, 71	2876	HIS	14, 73	2878	nuc	nuc	0.99
PRO	14, 72	2877	HIS	14, 73	2878	nuc	nuc	1
GLU	6, 183	1930	VAL	14, 74	2879	mit	nuc	0.88
ALA	6, 184	1931	VAL	14, 74	2879	mit	nuc	0.83
SER	6, 185	1932	VAL	14, 74	2879	mit	nuc	0.98
ARG	14, 43	2848	VAL	14, 74	2879	nuc	nuc	0.81
ASN	14, 71	2876	VAL	14, 74	2879	nuc	nuc	0.99
HIS	14, 73	2878	VAL	14, 74	2879	nuc	nuc	1
SER	6, 185	1932	ASN	14, 75	2880	mit	nuc	0.87
SER	6, 187	1934	ASN	14, 75	2880	mit	nuc	0.97
THR	14, 67	2872	ASN	14, 75	2880	nuc	nuc	0.88
HIS	14, 70	2875	ASN	14, 75	2880	nuc	nuc	0.98
ASN	14, 71	2876	ASN	14, 75	2880	nuc	nuc	0.98
PRO	14, 72	2877	ASN	14, 75	2880	nuc	nuc	0.9
HIS	14, 73	2878	ASN	14, 75	2880	nuc	nuc	0.54
VAL	14, 74	2879	ASN	14, 75	2880	nuc	nuc	1
PHE	14, 46	2851	ALA	14, 76	2881	nuc	nuc	0.93
ARG	14, 53	2858	ALA	14, 76	2881	nuc	nuc	0.88
ASN	14, 75	2880	ALA	14, 76	2881	nuc	nuc	1
ARG	14, 53	2858	LEU	14, 77	2882	nuc	nuc	0.81
ASN	14, 65	2870	LEU	14, 77	2882	nuc	nuc	0.93
LYS	14, 66	2871	LEU	14, 77	2882	nuc	nuc	0.69
ASN	14, 75	2880	LEU	14, 77	2882	nuc	nuc	0.64
ALA	14, 76	2881	LEU	14, 77	2882	nuc	nuc	1
ARG	14, 48	2853	PRO	14, 78	2883	nuc	nuc	0.54
ARG	14, 53	2858	PRO	14, 78	2883	nuc	nuc	0.97
ARG	14, 55	2860	PRO	14, 78	2883	nuc	nuc	0.95
ASN	14, 65	2870	PRO	14, 78	2883	nuc	nuc	0.74
ALA	14, 76	2881	PRO	14, 78	2883	nuc	nuc	0.57
LEU	14, 77	2882	PRO	14, 78	2883	nuc	nuc	1
LEU	14, 77	2882	THR	14, 79	2884	nuc	nuc	0.99
PRO	14, 78	2883	THR	14, 79	2884	nuc	nuc	1
PHE	14, 46	2851	GLY	14, 80	2885	nuc	nuc	0.94
ARG	14, 48	2853	GLY	14, 80	2885	nuc	nuc	0.61
ALA	14, 76	2881	GLY	14, 80	2885	nuc	nuc	0.97
LEU	14, 77	2882	GLY	14, 80	2885	nuc	nuc	0.98
PRO	14, 78	2883	GLY	14, 80	2885	nuc	nuc	0.98
THR	14, 79	2884	GLY	14, 80	2885	nuc	nuc	1
ARG	14, 43	2848	TYR	14, 81	2886	nuc	nuc	0.53
PHE	14, 46	2851	TYR	14, 81	2886	nuc	nuc	0.94
PRO	14, 72	2877	TYR	14, 81	2886	nuc	nuc	0.56
ALA	14, 76	2881	TYR	14, 81	2886	nuc	nuc	0.97
LEU	14, 77	2882	TYR	14, 81	2886	nuc	nuc	0.84
GLY	14, 80	2885	TYR	14, 81	2886	nuc	nuc	1
PRO	14, 72	2877	GLU	14, 82	2887	nuc	nuc	0.93
ALA	14, 76	2881	GLU	14, 82	2887	nuc	nuc	0.51
LEU	14, 77	2882	GLU	14, 82	2887	nuc	nuc	0.92
GLY	14, 80	2885	GLU	14, 82	2887	nuc	nuc	0.87
TYR	14, 81	2886	GLU	14, 82	2887	nuc	nuc	1
PRO	14, 72	2877	ASP	14, 83	2888	nuc	nuc	0.79
HIS	14, 73	2878	ASP	14, 83	2888	nuc	nuc	0.6
TYR	14, 81	2886	ASP	14, 83	2888	nuc	nuc	0.96
GLU	14, 82	2887	ASP	14, 83	2888	nuc	nuc	1
TYR	14, 81	2886	GLU	14, 84	2889	nuc	nuc	0.76
GLU	14, 82	2887	GLU	14, 84	2889	nuc	nuc	0.7
ASP	14, 83	2888	GLU	14, 84	2889	nuc	nuc	1
ASP	14, 83	2888	ASN	14, 85	2890	nuc	nuc	0.72
GLU	14, 84	2889	ASN	14, 85	2890	nuc	nuc	1
LYS	15, 1	2891	LEU	15, 2	2892	nuc	nuc	1
LYS	15, 1	2891	GLU	15, 3	2893	nuc	nuc	0.86
LEU	15, 2	2892	GLU	15, 3	2893	nuc	nuc	1
LYS	15, 1	2891	HIS	15, 4	2894	nuc	nuc	0.82
LEU	15, 2	2892	HIS	15, 4	2894	nuc	nuc	0.74
GLU	15, 3	2893	HIS	15, 4	2894	nuc	nuc	1
LYS	15, 1	2891	TYR	15, 5	2895	nuc	nuc	0.71
LEU	15, 2	2892	TYR	15, 5	2895	nuc	nuc	0.9
GLU	15, 3	2893	TYR	15, 5	2895	nuc	nuc	0.91
HIS	15, 4	2894	TYR	15, 5	2895	nuc	nuc	1
ASP	3, 93	1125	LYS	15, 6	2896	mit	nuc	0.91
LEU	3, 94	1126	LYS	15, 6	2896	mit	nuc	0.64
ASP	3, 111	1143	LYS	15, 6	2896	mit	nuc	0.73
HIS	15, 4	2894	LYS	15, 6	2896	nuc	nuc	0.84
TYR	15, 5	2895	LYS	15, 6	2896	nuc	nuc	1
PRO	3, 92	1124	THR	15, 7	2897	mit	nuc	0.92
ASP	3, 93	1125	THR	15, 7	2897	mit	nuc	0.9
LEU	3, 94	1126	THR	15, 7	2897	mit	nuc	0.91
THR	3, 95	1127	THR	15, 7	2897	mit	nuc	0.9
ASP	3, 111	1143	THR	15, 7	2897	mit	nuc	0.86
ARG	3, 150	1182	THR	15, 7	2897	mit	nuc	0.82
TYR	15, 5	2895	THR	15, 7	2897	nuc	nuc	0.83
LYS	15, 6	2896	THR	15, 7	2897	nuc	nuc	1
PRO	3, 92	1124	ALA	15, 8	2898	mit	nuc	0.63
THR	3, 95	1127	ALA	15, 8	2898	mit	nuc	0.89
THR	15, 7	2897	ALA	15, 8	2898	nuc	nuc	1
GLU	3, 91	1123	PRO	15, 9	2899	mit	nuc	0.81
PRO	3, 92	1124	PRO	15, 9	2899	mit	nuc	0.58
THR	15, 7	2897	PRO	15, 9	2899	nuc	nuc	0.87
ALA	15, 8	2898	PRO	15, 9	2899	nuc	nuc	1
ILE	3, 89	1121	PHE	15, 10	2900	mit	nuc	0.89
ASP	3, 90	1122	PHE	15, 10	2900	mit	nuc	0.72
GLU	3, 91	1123	PHE	15, 10	2900	mit	nuc	0.84
PRO	3, 92	1124	PHE	15, 10	2900	mit	nuc	0.64
PRO	15, 9	2899	PHE	15, 10	2900	nuc	nuc	1
ALA	15, 8	2898	ASP	15, 11	2901	nuc	nuc	0.58
PRO	15, 9	2899	ASP	15, 11	2901	nuc	nuc	0.98
PHE	15, 10	2900	ASP	15, 11	2901	nuc	nuc	1
PHE	15, 10	2900	SER	15, 12	2902	nuc	nuc	0.92
ASP	15, 11	2901	SER	15, 12	2902	nuc	nuc	1
ASP	15, 11	2901	ARG	15, 13	2903	nuc	nuc	0.99
SER	15, 12	2902	ARG	15, 13	2903	nuc	nuc	1
ASP	15, 11	2901	PHE	15, 14	2904	nuc	nuc	0.99
SER	15, 12	2902	PHE	15, 14	2904	nuc	nuc	0.66
ARG	15, 13	2903	PHE	15, 14	2904	nuc	nuc	1
ASP	15, 11	2901	PRO	15, 15	2905	nuc	nuc	0.64
SER	15, 12	2902	PRO	15, 15	2905	nuc	nuc	0.97
ARG	15, 13	2903	PRO	15, 15	2905	nuc	nuc	0.85
PHE	15, 14	2904	PRO	15, 15	2905	nuc	nuc	1
GLY	1, 297	297	ASN	15, 16	2906	mit	nuc	0.53
ASP	1, 299	299	ASN	15, 16	2906	mit	nuc	0.97
VAL	1, 300	300	ASN	15, 16	2906	mit	nuc	0.88
PHE	15, 14	2904	ASN	15, 16	2906	nuc	nuc	0.98
PRO	15, 15	2905	ASN	15, 16	2906	nuc	nuc	1
GLY	1, 297	297	GLN	15, 17	2907	mit	nuc	0.98
MET	1, 298	298	GLN	15, 17	2907	mit	nuc	0.85
ASP	1, 299	299	GLN	15, 17	2907	mit	nuc	0.79
VAL	1, 300	300	GLN	15, 17	2907	mit	nuc	0.59
ASP	3, 87	1119	GLN	15, 17	2907	mit	nuc	0.81
THR	3, 171	1203	GLN	15, 17	2907	mit	nuc	0.6
ASN	3, 179	1211	GLN	15, 17	2907	mit	nuc	0.98
GLN	3, 180	1212	GLN	15, 17	2907	mit	nuc	0.98
THR	3, 181	1213	GLN	15, 17	2907	mit	nuc	0.75
ASN	15, 16	2906	GLN	15, 17	2907	nuc	nuc	1
GLY	1, 297	297	ASN	15, 18	2908	mit	nuc	0.96
ARG	3, 177	1209	ASN	15, 18	2908	mit	nuc	0.97
LEU	3, 178	1210	ASN	15, 18	2908	mit	nuc	0.94
ASN	3, 179	1211	ASN	15, 18	2908	mit	nuc	0.95
GLN	3, 180	1212	ASN	15, 18	2908	mit	nuc	0.64
ASN	15, 16	2906	ASN	15, 18	2908	nuc	nuc	1
GLN	15, 17	2907	ASN	15, 18	2908	nuc	nuc	1
ILE	3, 152	1184	GLN	15, 19	2909	mit	nuc	0.92
LEU	3, 178	1210	GLN	15, 19	2909	mit	nuc	0.96
ASN	3, 179	1211	GLN	15, 19	2909	mit	nuc	0.87
GLN	3, 180	1212	GLN	15, 19	2909	mit	nuc	0.98
PHE	15, 14	2904	GLN	15, 19	2909	nuc	nuc	0.97
GLN	15, 17	2907	GLN	15, 19	2909	nuc	nuc	0.91
ASN	15, 18	2908	GLN	15, 19	2909	nuc	nuc	1
GLY	3, 176	1208	THR	15, 20	2910	mit	nuc	0.94
ARG	3, 177	1209	THR	15, 20	2910	mit	nuc	0.98
LEU	3, 178	1210	THR	15, 20	2910	mit	nuc	0.96
THR	5, 109	1595	THR	15, 20	2910	mit	nuc	0.68
PRO	5, 110	1596	THR	15, 20	2910	mit	nuc	0.93
ASN	15, 18	2908	THR	15, 20	2910	nuc	nuc	1
GLN	15, 19	2909	THR	15, 20	2910	nuc	nuc	1
PRO	5, 110	1596	ARG	15, 21	2911	mit	nuc	0.73
PHE	15, 14	2904	ARG	15, 21	2911	nuc	nuc	0.98
ASN	15, 18	2908	ARG	15, 21	2911	nuc	nuc	0.89
GLN	15, 19	2909	ARG	15, 21	2911	nuc	nuc	0.97
THR	15, 20	2910	ARG	15, 21	2911	nuc	nuc	1
LEU	3, 178	1210	ASN	15, 22	2912	mit	nuc	0.59
ASP	15, 11	2901	ASN	15, 22	2912	nuc	nuc	0.97
ARG	15, 13	2903	ASN	15, 22	2912	nuc	nuc	0.55
PHE	15, 14	2904	ASN	15, 22	2912	nuc	nuc	0.99
GLN	15, 19	2909	ASN	15, 22	2912	nuc	nuc	1
THR	15, 20	2910	ASN	15, 22	2912	nuc	nuc	0.99
ARG	15, 21	2911	ASN	15, 22	2912	nuc	nuc	1
LEU	3, 178	1210	CYS	15, 23	2913	mit	nuc	0.95
GLN	15, 19	2909	CYS	15, 23	2913	nuc	nuc	0.98
THR	15, 20	2910	CYS	15, 23	2913	nuc	nuc	0.99
ARG	15, 21	2911	CYS	15, 23	2913	nuc	nuc	0.98
ASN	15, 22	2912	CYS	15, 23	2913	nuc	nuc	1
PRO	5, 110	1596	TRP	15, 24	2914	mit	nuc	0.94
GLY	5, 114	1600	TRP	15, 24	2914	mit	nuc	0.7
THR	15, 20	2910	TRP	15, 24	2914	nuc	nuc	0.99
ARG	15, 21	2911	TRP	15, 24	2914	nuc	nuc	1
ASN	15, 22	2912	TRP	15, 24	2914	nuc	nuc	0.99
CYS	15, 23	2913	TRP	15, 24	2914	nuc	nuc	1
ARG	15, 13	2903	GLN	15, 25	2915	nuc	nuc	0.54
ARG	15, 21	2911	GLN	15, 25	2915	nuc	nuc	1
ASN	15, 22	2912	GLN	15, 25	2915	nuc	nuc	1
CYS	15, 23	2913	GLN	15, 25	2915	nuc	nuc	0.97
TRP	15, 24	2914	GLN	15, 25	2915	nuc	nuc	1
ASN	15, 22	2912	ASN	15, 26	2916	nuc	nuc	0.99
CYS	15, 23	2913	ASN	15, 26	2916	nuc	nuc	1
TRP	15, 24	2914	ASN	15, 26	2916	nuc	nuc	0.97
GLN	15, 25	2915	ASN	15, 26	2916	nuc	nuc	1
CYS	15, 23	2913	TYR	15, 27	2917	nuc	nuc	1
TRP	15, 24	2914	TYR	15, 27	2917	nuc	nuc	1
GLN	15, 25	2915	TYR	15, 27	2917	nuc	nuc	0.99
ASN	15, 26	2916	TYR	15, 27	2917	nuc	nuc	1
TRP	15, 24	2914	LEU	15, 28	2918	nuc	nuc	0.99
GLN	15, 25	2915	LEU	15, 28	2918	nuc	nuc	1
ASN	15, 26	2916	LEU	15, 28	2918	nuc	nuc	0.99
TYR	15, 27	2917	LEU	15, 28	2918	nuc	nuc	1
GLN	15, 25	2915	ASP	15, 29	2919	nuc	nuc	0.99
ASN	15, 26	2916	ASP	15, 29	2919	nuc	nuc	1
TYR	15, 27	2917	ASP	15, 29	2919	nuc	nuc	0.98
LEU	15, 28	2918	ASP	15, 29	2919	nuc	nuc	1
ASN	15, 26	2916	PHE	15, 30	2920	nuc	nuc	0.99
TYR	15, 27	2917	PHE	15, 30	2920	nuc	nuc	1
LEU	15, 28	2918	PHE	15, 30	2920	nuc	nuc	0.99
ASP	15, 29	2919	PHE	15, 30	2920	nuc	nuc	1
TYR	15, 27	2917	HIS	15, 31	2921	nuc	nuc	0.96
LEU	15, 28	2918	HIS	15, 31	2921	nuc	nuc	0.99
ASP	15, 29	2919	HIS	15, 31	2921	nuc	nuc	0.89
PHE	15, 30	2920	HIS	15, 31	2921	nuc	nuc	1
LEU	15, 28	2918	ARG	15, 32	2922	nuc	nuc	0.99
ASP	15, 29	2919	ARG	15, 32	2922	nuc	nuc	1
PHE	15, 30	2920	ARG	15, 32	2922	nuc	nuc	0.99
HIS	15, 31	2921	ARG	15, 32	2922	nuc	nuc	1
ASP	15, 29	2919	CYS	15, 33	2923	nuc	nuc	0.99
PHE	15, 30	2920	CYS	15, 33	2923	nuc	nuc	0.99
HIS	15, 31	2921	CYS	15, 33	2923	nuc	nuc	0.98
ARG	15, 32	2922	CYS	15, 33	2923	nuc	nuc	1
PHE	15, 30	2920	GLU	15, 34	2924	nuc	nuc	0.99
HIS	15, 31	2921	GLU	15, 34	2924	nuc	nuc	1
ARG	15, 32	2922	GLU	15, 34	2924	nuc	nuc	0.97
CYS	15, 33	2923	GLU	15, 34	2924	nuc	nuc	1
HIS	15, 31	2921	LYS	15, 35	2925	nuc	nuc	0.98
ARG	15, 32	2922	LYS	15, 35	2925	nuc	nuc	0.99
CYS	15, 33	2923	LYS	15, 35	2925	nuc	nuc	0.97
GLU	15, 34	2924	LYS	15, 35	2925	nuc	nuc	1
ARG	15, 32	2922	ALA	15, 36	2926	nuc	nuc	0.98
CYS	15, 33	2923	ALA	15, 36	2926	nuc	nuc	0.99
GLU	15, 34	2924	ALA	15, 36	2926	nuc	nuc	0.96
LYS	15, 35	2925	ALA	15, 36	2926	nuc	nuc	1
CYS	15, 33	2923	MET	15, 37	2927	nuc	nuc	0.97
GLU	15, 34	2924	MET	15, 37	2927	nuc	nuc	0.98
LYS	15, 35	2925	MET	15, 37	2927	nuc	nuc	0.93
ALA	15, 36	2926	MET	15, 37	2927	nuc	nuc	1
GLU	15, 34	2924	ALA	15, 38	2928	nuc	nuc	0.95
LYS	15, 35	2925	ALA	15, 38	2928	nuc	nuc	0.97
ALA	15, 36	2926	ALA	15, 38	2928	nuc	nuc	0.95
MET	15, 37	2927	ALA	15, 38	2928	nuc	nuc	1
LYS	15, 35	2925	ALA	15, 39	2929	nuc	nuc	0.93
ALA	15, 36	2926	ALA	15, 39	2929	nuc	nuc	0.95
MET	15, 37	2927	ALA	15, 39	2929	nuc	nuc	0.94
ALA	15, 38	2928	ALA	15, 39	2929	nuc	nuc	1
ALA	15, 36	2926	LYS	15, 40	2930	nuc	nuc	0.9
MET	15, 37	2927	LYS	15, 40	2930	nuc	nuc	0.92
ALA	15, 38	2928	LYS	15, 40	2930	nuc	nuc	0.86
ALA	15, 39	2929	LYS	15, 40	2930	nuc	nuc	1
MET	15, 37	2927	GLY	15, 41	2931	nuc	nuc	0.9
ALA	15, 38	2928	GLY	15, 41	2931	nuc	nuc	0.92
ALA	15, 39	2929	GLY	15, 41	2931	nuc	nuc	0.97
LYS	15, 40	2930	GLY	15, 41	2931	nuc	nuc	1
MET	15, 37	2927	ALA	15, 42	2932	nuc	nuc	0.85
LYS	15, 40	2930	ALA	15, 42	2932	nuc	nuc	0.93
GLY	15, 41	2931	ALA	15, 42	2932	nuc	nuc	1
MET	15, 37	2927	ASP	15, 43	2933	nuc	nuc	0.78
GLY	15, 41	2931	ASP	15, 43	2933	nuc	nuc	0.66
ALA	15, 42	2932	ASP	15, 43	2933	nuc	nuc	1
GLU	15, 34	2924	ALA	15, 44	2934	nuc	nuc	0.67
MET	15, 37	2927	ALA	15, 44	2934	nuc	nuc	0.84
ALA	15, 38	2928	ALA	15, 44	2934	nuc	nuc	0.53
ALA	15, 42	2932	ALA	15, 44	2934	nuc	nuc	0.72
ASP	15, 43	2933	ALA	15, 44	2934	nuc	nuc	1
ASP	15, 43	2933	THR	15, 45	2935	nuc	nuc	0.92
ALA	15, 44	2934	THR	15, 45	2935	nuc	nuc	1
CYS	15, 33	2923	PRO	15, 46	2936	nuc	nuc	0.72
MET	15, 37	2927	PRO	15, 46	2936	nuc	nuc	0.55
ASP	15, 43	2933	PRO	15, 46	2936	nuc	nuc	0.57
ALA	15, 44	2934	PRO	15, 46	2936	nuc	nuc	0.87
THR	15, 45	2935	PRO	15, 46	2936	nuc	nuc	1
PHE	15, 30	2920	CYS	15, 47	2937	nuc	nuc	0.94
CYS	15, 33	2923	CYS	15, 47	2937	nuc	nuc	0.97
GLU	15, 34	2924	CYS	15, 47	2937	nuc	nuc	0.93
MET	15, 37	2927	CYS	15, 47	2937	nuc	nuc	0.88
ALA	15, 44	2934	CYS	15, 47	2937	nuc	nuc	0.82
THR	15, 45	2935	CYS	15, 47	2937	nuc	nuc	0.93
PRO	15, 46	2936	CYS	15, 47	2937	nuc	nuc	1
LEU	15, 2	2892	GLN	15, 48	2938	nuc	nuc	0.73
ALA	15, 44	2934	GLN	15, 48	2938	nuc	nuc	0.58
THR	15, 45	2935	GLN	15, 48	2938	nuc	nuc	0.85
PRO	15, 46	2936	GLN	15, 48	2938	nuc	nuc	0.96
CYS	15, 47	2937	GLN	15, 48	2938	nuc	nuc	1
LYS	15, 1	2891	TRP	15, 49	2939	nuc	nuc	0.53
LEU	15, 2	2892	TRP	15, 49	2939	nuc	nuc	0.82
PRO	15, 46	2936	TRP	15, 49	2939	nuc	nuc	0.83
CYS	15, 47	2937	TRP	15, 49	2939	nuc	nuc	0.98
GLN	15, 48	2938	TRP	15, 49	2939	nuc	nuc	1
ASN	15, 26	2916	TYR	15, 50	2940	nuc	nuc	0.99
ASP	15, 29	2919	TYR	15, 50	2940	nuc	nuc	0.98
PHE	15, 30	2920	TYR	15, 50	2940	nuc	nuc	1
CYS	15, 33	2923	TYR	15, 50	2940	nuc	nuc	0.97
CYS	15, 47	2937	TYR	15, 50	2940	nuc	nuc	0.98
GLN	15, 48	2938	TYR	15, 50	2940	nuc	nuc	0.96
TRP	15, 49	2939	TYR	15, 50	2940	nuc	nuc	1
PHE	15, 30	2920	TYR	15, 51	2941	nuc	nuc	0.98
CYS	15, 47	2937	TYR	15, 51	2941	nuc	nuc	0.94
GLN	15, 48	2938	TYR	15, 51	2941	nuc	nuc	0.99
TRP	15, 49	2939	TYR	15, 51	2941	nuc	nuc	0.99
TYR	15, 50	2940	TYR	15, 51	2941	nuc	nuc	1
LEU	15, 2	2892	ARG	15, 52	2942	nuc	nuc	0.6
TYR	15, 5	2895	ARG	15, 52	2942	nuc	nuc	0.94
ALA	15, 8	2898	ARG	15, 52	2942	nuc	nuc	0.65
GLN	15, 48	2938	ARG	15, 52	2942	nuc	nuc	0.97
TRP	15, 49	2939	ARG	15, 52	2942	nuc	nuc	1
TYR	15, 50	2940	ARG	15, 52	2942	nuc	nuc	0.97
TYR	15, 51	2941	ARG	15, 52	2942	nuc	nuc	1
ALA	15, 8	2898	VAL	15, 53	2943	nuc	nuc	0.98
ASN	15, 26	2916	VAL	15, 53	2943	nuc	nuc	0.99
TRP	15, 49	2939	VAL	15, 53	2943	nuc	nuc	0.99
TYR	15, 50	2940	VAL	15, 53	2943	nuc	nuc	1
TYR	15, 51	2941	VAL	15, 53	2943	nuc	nuc	0.97
ARG	15, 52	2942	VAL	15, 53	2943	nuc	nuc	1
CYS	15, 23	2913	TYR	15, 54	2944	nuc	nuc	0.97
ASN	15, 26	2916	TYR	15, 54	2944	nuc	nuc	0.99
TYR	15, 27	2917	TYR	15, 54	2944	nuc	nuc	0.99
PHE	15, 30	2920	TYR	15, 54	2944	nuc	nuc	0.97
TYR	15, 50	2940	TYR	15, 54	2944	nuc	nuc	0.99
TYR	15, 51	2941	TYR	15, 54	2944	nuc	nuc	0.99
ARG	15, 52	2942	TYR	15, 54	2944	nuc	nuc	0.72
VAL	15, 53	2943	TYR	15, 54	2944	nuc	nuc	1
THR	3, 110	1142	LYS	15, 55	2945	mit	nuc	0.96
ASP	3, 111	1143	LYS	15, 55	2945	mit	nuc	0.64
TYR	15, 51	2941	LYS	15, 55	2945	nuc	nuc	0.98
ARG	15, 52	2942	LYS	15, 55	2945	nuc	nuc	0.99
VAL	15, 53	2943	LYS	15, 55	2945	nuc	nuc	0.98
TYR	15, 54	2944	LYS	15, 55	2945	nuc	nuc	1
THR	3, 95	1127	SER	15, 56	2946	mit	nuc	0.95
THR	3, 110	1142	SER	15, 56	2946	mit	nuc	0.93
ASP	3, 111	1143	SER	15, 56	2946	mit	nuc	0.94
THR	15, 7	2897	SER	15, 56	2946	nuc	nuc	0.96
ALA	15, 8	2898	SER	15, 56	2946	nuc	nuc	0.98
ARG	15, 52	2942	SER	15, 56	2946	nuc	nuc	0.98
VAL	15, 53	2943	SER	15, 56	2946	nuc	nuc	0.99
TYR	15, 54	2944	SER	15, 56	2946	nuc	nuc	0.98
LYS	15, 55	2945	SER	15, 56	2946	nuc	nuc	1
THR	3, 95	1127	ILE	15, 57	2947	mit	nuc	0.89
ILE	3, 152	1184	ILE	15, 57	2947	mit	nuc	0.93
LEU	3, 178	1210	ILE	15, 57	2947	mit	nuc	0.78
ALA	15, 8	2898	ILE	15, 57	2947	nuc	nuc	0.97
GLN	15, 19	2909	ILE	15, 57	2947	nuc	nuc	0.97
ASN	15, 22	2912	ILE	15, 57	2947	nuc	nuc	0.98
CYS	15, 23	2913	ILE	15, 57	2947	nuc	nuc	1
ASN	15, 26	2916	ILE	15, 57	2947	nuc	nuc	0.91
VAL	15, 53	2943	ILE	15, 57	2947	nuc	nuc	0.99
TYR	15, 54	2944	ILE	15, 57	2947	nuc	nuc	0.99
LYS	15, 55	2945	ILE	15, 57	2947	nuc	nuc	0.62
SER	15, 56	2946	ILE	15, 57	2947	nuc	nuc	1
CYS	15, 23	2913	CYS	15, 58	2948	nuc	nuc	1
ASN	15, 26	2916	CYS	15, 58	2948	nuc	nuc	0.58
TYR	15, 27	2917	CYS	15, 58	2948	nuc	nuc	0.98
TYR	15, 54	2944	CYS	15, 58	2948	nuc	nuc	0.99
LYS	15, 55	2945	CYS	15, 58	2948	nuc	nuc	0.98
SER	15, 56	2946	CYS	15, 58	2948	nuc	nuc	0.68
ILE	15, 57	2947	CYS	15, 58	2948	nuc	nuc	1
LYS	3, 97	1129	PRO	15, 59	2949	mit	nuc	0.96
ILE	3, 99	1131	PRO	15, 59	2949	mit	nuc	0.94
GLU	3, 108	1140	PRO	15, 59	2949	mit	nuc	0.9
ILE	3, 152	1184	PRO	15, 59	2949	mit	nuc	0.61
THR	3, 154	1186	PRO	15, 59	2949	mit	nuc	0.95
LEU	3, 178	1210	PRO	15, 59	2949	mit	nuc	0.76
CYS	15, 58	2948	PRO	15, 59	2949	nuc	nuc	1
GLU	3, 108	1140	THR	15, 60	2950	mit	nuc	0.93
THR	3, 110	1142	THR	15, 60	2950	mit	nuc	0.87
ASP	3, 114	1146	THR	15, 60	2950	mit	nuc	0.73
SER	3, 116	1148	THR	15, 60	2950	mit	nuc	0.87
CYS	15, 58	2948	THR	15, 60	2950	nuc	nuc	0.74
PRO	15, 59	2949	THR	15, 60	2950	nuc	nuc	1
ILE	3, 99	1131	SER	15, 61	2951	mit	nuc	0.73
ASP	3, 156	1188	SER	15, 61	2951	mit	nuc	0.87
PRO	15, 59	2949	SER	15, 61	2951	nuc	nuc	1
THR	15, 60	2950	SER	15, 61	2951	nuc	nuc	1
CYS	15, 23	2913	TRP	15, 62	2952	nuc	nuc	0.89
CYS	15, 58	2948	TRP	15, 62	2952	nuc	nuc	0.99
PRO	15, 59	2949	TRP	15, 62	2952	nuc	nuc	1
THR	15, 60	2950	TRP	15, 62	2952	nuc	nuc	0.98
SER	15, 61	2951	TRP	15, 62	2952	nuc	nuc	1
TYR	15, 27	2917	VAL	15, 63	2953	nuc	nuc	0.88
TYR	15, 54	2944	VAL	15, 63	2953	nuc	nuc	0.85
LYS	15, 55	2945	VAL	15, 63	2953	nuc	nuc	0.81
CYS	15, 58	2948	VAL	15, 63	2953	nuc	nuc	0.99
PRO	15, 59	2949	VAL	15, 63	2953	nuc	nuc	0.96
THR	15, 60	2950	VAL	15, 63	2953	nuc	nuc	1
SER	15, 61	2951	VAL	15, 63	2953	nuc	nuc	0.97
TRP	15, 62	2952	VAL	15, 63	2953	nuc	nuc	1
THR	15, 60	2950	THR	15, 64	2954	nuc	nuc	0.99
SER	15, 61	2951	THR	15, 64	2954	nuc	nuc	0.99
TRP	15, 62	2952	THR	15, 64	2954	nuc	nuc	0.96
VAL	15, 63	2953	THR	15, 64	2954	nuc	nuc	1
SER	15, 61	2951	THR	15, 65	2955	nuc	nuc	0.99
TRP	15, 62	2952	THR	15, 65	2955	nuc	nuc	1
VAL	15, 63	2953	THR	15, 65	2955	nuc	nuc	0.98
THR	15, 64	2954	THR	15, 65	2955	nuc	nuc	1
TYR	15, 27	2917	TRP	15, 66	2956	nuc	nuc	0.97
TRP	15, 62	2952	TRP	15, 66	2956	nuc	nuc	0.99
VAL	15, 63	2953	TRP	15, 66	2956	nuc	nuc	1
THR	15, 64	2954	TRP	15, 66	2956	nuc	nuc	0.97
THR	15, 65	2955	TRP	15, 66	2956	nuc	nuc	1
VAL	15, 63	2953	ASP	15, 67	2957	nuc	nuc	0.99
THR	15, 64	2954	ASP	15, 67	2957	nuc	nuc	1
THR	15, 65	2955	ASP	15, 67	2957	nuc	nuc	0.98
TRP	15, 66	2956	ASP	15, 67	2957	nuc	nuc	1
THR	15, 64	2954	GLU	15, 68	2958	nuc	nuc	0.99
THR	15, 65	2955	GLU	15, 68	2958	nuc	nuc	1
TRP	15, 66	2956	GLU	15, 68	2958	nuc	nuc	0.99
ASP	15, 67	2957	GLU	15, 68	2958	nuc	nuc	1
ALA	13, 50	2770	TYR	15, 69	2959	nuc	nuc	0.78
THR	15, 65	2955	TYR	15, 69	2959	nuc	nuc	0.99
TRP	15, 66	2956	TYR	15, 69	2959	nuc	nuc	1
ASP	15, 67	2957	TYR	15, 69	2959	nuc	nuc	0.99
GLU	15, 68	2958	TYR	15, 69	2959	nuc	nuc	1
HIS	15, 31	2921	ARG	15, 70	2960	nuc	nuc	0.7
TRP	15, 66	2956	ARG	15, 70	2960	nuc	nuc	0.99
ASP	15, 67	2957	ARG	15, 70	2960	nuc	nuc	0.99
GLU	15, 68	2958	ARG	15, 70	2960	nuc	nuc	0.98
TYR	15, 69	2959	ARG	15, 70	2960	nuc	nuc	1
ASP	15, 67	2957	GLU	15, 71	2961	nuc	nuc	0.97
GLU	15, 68	2958	GLU	15, 71	2961	nuc	nuc	0.99
TYR	15, 69	2959	GLU	15, 71	2961	nuc	nuc	0.95
ARG	15, 70	2960	GLU	15, 71	2961	nuc	nuc	1
ARG	13, 48	2768	GLU	15, 72	2962	nuc	nuc	0.53
GLU	15, 68	2958	GLU	15, 72	2962	nuc	nuc	0.97
TYR	15, 69	2959	GLU	15, 72	2962	nuc	nuc	0.97
ARG	15, 70	2960	GLU	15, 72	2962	nuc	nuc	0.91
GLU	15, 71	2961	GLU	15, 72	2962	nuc	nuc	1
ILE	13, 47	2767	GLY	15, 73	2963	nuc	nuc	0.7
TYR	15, 69	2959	GLY	15, 73	2963	nuc	nuc	0.97
ARG	15, 70	2960	GLY	15, 73	2963	nuc	nuc	0.98
GLU	15, 71	2961	GLY	15, 73	2963	nuc	nuc	0.99
GLU	15, 72	2962	GLY	15, 73	2963	nuc	nuc	1
ILE	13, 47	2767	THR	15, 74	2964	nuc	nuc	0.91
ARG	13, 48	2768	THR	15, 74	2964	nuc	nuc	0.93
TYR	13, 49	2769	THR	15, 74	2964	nuc	nuc	0.95
ALA	13, 50	2770	THR	15, 74	2964	nuc	nuc	0.83
TYR	15, 69	2959	THR	15, 74	2964	nuc	nuc	0.98
GLU	15, 72	2962	THR	15, 74	2964	nuc	nuc	0.99
GLY	15, 73	2963	THR	15, 74	2964	nuc	nuc	1
TRP	15, 66	2956	PHE	15, 75	2965	nuc	nuc	0.95
TYR	15, 69	2959	PHE	15, 75	2965	nuc	nuc	0.98
ARG	15, 70	2960	PHE	15, 75	2965	nuc	nuc	0.98
GLY	15, 73	2963	PHE	15, 75	2965	nuc	nuc	1
THR	15, 74	2964	PHE	15, 75	2965	nuc	nuc	1
GLU	5, 111	1597	PRO	15, 76	2966	mit	nuc	0.87
LEU	5, 112	1598	PRO	15, 76	2966	mit	nuc	0.9
GLY	5, 113	1599	PRO	15, 76	2966	mit	nuc	0.98
GLY	5, 114	1600	PRO	15, 76	2966	mit	nuc	0.62
PRO	5, 118	1604	PRO	15, 76	2966	mit	nuc	0.59
THR	5, 119	1605	PRO	15, 76	2966	mit	nuc	0.92
TYR	13, 49	2769	PRO	15, 76	2966	nuc	nuc	0.89
HIS	13, 51	2771	PRO	15, 76	2966	nuc	nuc	0.87
TYR	15, 69	2959	PRO	15, 76	2966	nuc	nuc	0.78
THR	15, 74	2964	PRO	15, 76	2966	nuc	nuc	0.75
PHE	15, 75	2965	PRO	15, 76	2966	nuc	nuc	1
GLY	5, 113	1599	GLY	15, 77	2967	mit	nuc	0.96
GLY	5, 114	1600	GLY	15, 77	2967	mit	nuc	0.86
GLN	5, 115	1601	GLY	15, 77	2967	mit	nuc	0.58
THR	5, 119	1605	GLY	15, 77	2967	mit	nuc	0.92
LEU	15, 28	2918	GLY	15, 77	2967	nuc	nuc	0.94
PHE	15, 75	2965	GLY	15, 77	2967	nuc	nuc	0.99
PRO	15, 76	2966	GLY	15, 77	2967	nuc	nuc	1
GLY	5, 113	1599	LYS	15, 78	2968	mit	nuc	0.62
GLN	5, 115	1601	LYS	15, 78	2968	mit	nuc	0.54
LEU	15, 28	2918	LYS	15, 78	2968	nuc	nuc	0.59
GLY	15, 77	2967	LYS	15, 78	2968	nuc	nuc	1
LEU	15, 28	2918	ILE	15, 79	2969	nuc	nuc	0.9
HIS	15, 31	2921	ILE	15, 79	2969	nuc	nuc	0.97
ARG	15, 32	2922	ILE	15, 79	2969	nuc	nuc	0.97
LYS	15, 35	2925	ILE	15, 79	2969	nuc	nuc	0.92
PHE	15, 75	2965	ILE	15, 79	2969	nuc	nuc	0.69
GLY	15, 77	2967	ILE	15, 79	2969	nuc	nuc	0.99
LYS	15, 78	2968	ILE	15, 79	2969	nuc	nuc	1
LYS	16, 1	2970	LEU	16, 2	2971	nuc	nuc	1
LYS	16, 1	2970	GLU	16, 3	2972	nuc	nuc	0.86
LEU	16, 2	2971	GLU	16, 3	2972	nuc	nuc	1
LYS	16, 1	2970	HIS	16, 4	2973	nuc	nuc	0.81
LEU	16, 2	2971	HIS	16, 4	2973	nuc	nuc	0.73
GLU	16, 3	2972	HIS	16, 4	2973	nuc	nuc	1
LYS	16, 1	2970	TYR	16, 5	2974	nuc	nuc	0.71
LEU	16, 2	2971	TYR	16, 5	2974	nuc	nuc	0.9
GLU	16, 3	2972	TYR	16, 5	2974	nuc	nuc	0.91
HIS	16, 4	2973	TYR	16, 5	2974	nuc	nuc	1
ASP	4, 93	1352	LYS	16, 6	2975	mit	nuc	0.89
LEU	4, 94	1353	LYS	16, 6	2975	mit	nuc	0.63
ASP	4, 111	1370	LYS	16, 6	2975	mit	nuc	0.72
HIS	16, 4	2973	LYS	16, 6	2975	nuc	nuc	0.83
TYR	16, 5	2974	LYS	16, 6	2975	nuc	nuc	1
PRO	4, 92	1351	THR	16, 7	2976	mit	nuc	0.91
ASP	4, 93	1352	THR	16, 7	2976	mit	nuc	0.88
LEU	4, 94	1353	THR	16, 7	2976	mit	nuc	0.9
THR	4, 95	1354	THR	16, 7	2976	mit	nuc	0.88
ASP	4, 111	1370	THR	16, 7	2976	mit	nuc	0.84
ARG	4, 150	1409	THR	16, 7	2976	mit	nuc	0.8
TYR	16, 5	2974	THR	16, 7	2976	nuc	nuc	0.84
LYS	16, 6	2975	THR	16, 7	2976	nuc	nuc	1
PRO	4, 92	1351	ALA	16, 8	2977	mit	nuc	0.61
THR	4, 95	1354	ALA	16, 8	2977	mit	nuc	0.88
THR	16, 7	2976	ALA	16, 8	2977	nuc	nuc	1
GLU	4, 91	1350	PRO	16, 9	2978	mit	nuc	0.8
PRO	4, 92	1351	PRO	16, 9	2978	mit	nuc	0.58
THR	16, 7	2976	PRO	16, 9	2978	nuc	nuc	0.87
ALA	16, 8	2977	PRO	16, 9	2978	nuc	nuc	1
ILE	4, 89	1348	PHE	16, 10	2979	mit	nuc	0.89
ASP	4, 90	1349	PHE	16, 10	2979	mit	nuc	0.72
GLU	4, 91	1350	PHE	16, 10	2979	mit	nuc	0.83
PRO	4, 92	1351	PHE	16, 10	2979	mit	nuc	0.64
PRO	16, 9	2978	PHE	16, 10	2979	nuc	nuc	1
ALA	16, 8	2977	ASP	16, 11	2980	nuc	nuc	0.59
PRO	16, 9	2978	ASP	16, 11	2980	nuc	nuc	0.98
PHE	16, 10	2979	ASP	16, 11	2980	nuc	nuc	1
PHE	16, 10	2979	SER	16, 12	2981	nuc	nuc	0.92
ASP	16, 11	2980	SER	16, 12	2981	nuc	nuc	1
ASP	16, 11	2980	ARG	16, 13	2982	nuc	nuc	0.99
SER	16, 12	2981	ARG	16, 13	2982	nuc	nuc	1
ASP	16, 11	2980	PHE	16, 14	2983	nuc	nuc	0.99
SER	16, 12	2981	PHE	16, 14	2983	nuc	nuc	0.66
ARG	16, 13	2982	PHE	16, 14	2983	nuc	nuc	1
ASP	16, 11	2980	PRO	16, 15	2984	nuc	nuc	0.63
SER	16, 12	2981	PRO	16, 15	2984	nuc	nuc	0.96
ARG	16, 13	2982	PRO	16, 15	2984	nuc	nuc	0.83
PHE	16, 14	2983	PRO	16, 15	2984	nuc	nuc	1
GLY	2, 297	813	ASN	16, 16	2985	mit	nuc	0.52
ASP	2, 299	815	ASN	16, 16	2985	mit	nuc	0.97
VAL	2, 300	816	ASN	16, 16	2985	mit	nuc	0.87
PHE	16, 14	2983	ASN	16, 16	2985	nuc	nuc	0.98
PRO	16, 15	2984	ASN	16, 16	2985	nuc	nuc	1
GLY	2, 297	813	GLN	16, 17	2986	mit	nuc	0.98
MET	2, 298	814	GLN	16, 17	2986	mit	nuc	0.84
ASP	2, 299	815	GLN	16, 17	2986	mit	nuc	0.79
VAL	2, 300	816	GLN	16, 17	2986	mit	nuc	0.59
ASP	4, 87	1346	GLN	16, 17	2986	mit	nuc	0.8
THR	4, 171	1430	GLN	16, 17	2986	mit	nuc	0.59
ASN	4, 179	1438	GLN	16, 17	2986	mit	nuc	0.97
GLN	4, 180	1439	GLN	16, 17	2986	mit	nuc	0.97
THR	4, 181	1440	GLN	16, 17	2986	mit	nuc	0.73
ASN	16, 16	2985	GLN	16, 17	2986	nuc	nuc	1
GLY	2, 297	813	ASN	16, 18	2987	mit	nuc	0.95
ARG	4, 177	1436	ASN	16, 18	2987	mit	nuc	0.96
LEU	4, 178	1437	ASN	16, 18	2987	mit	nuc	0.94
ASN	4, 179	1438	ASN	16, 18	2987	mit	nuc	0.94
GLN	4, 180	1439	ASN	16, 18	2987	mit	nuc	0.62
ASN	16, 16	2985	ASN	16, 18	2987	nuc	nuc	1
GLN	16, 17	2986	ASN	16, 18	2987	nuc	nuc	1
ILE	4, 152	1411	GLN	16, 19	2988	mit	nuc	0.91
LEU	4, 178	1437	GLN	16, 19	2988	mit	nuc	0.96
ASN	4, 179	1438	GLN	16, 19	2988	mit	nuc	0.85
GLN	4, 180	1439	GLN	16, 19	2988	mit	nuc	0.97
PHE	16, 14	2983	GLN	16, 19	2988	nuc	nuc	0.97
GLN	16, 17	2986	GLN	16, 19	2988	nuc	nuc	0.9
ASN	16, 18	2987	GLN	16, 19	2988	nuc	nuc	1
GLY	4, 176	1435	THR	16, 20	2989	mit	nuc	0.93
ARG	4, 177	1436	THR	16, 20	2989	mit	nuc	0.97
LEU	4, 178	1437	THR	16, 20	2989	mit	nuc	0.96
THR	6, 109	1856	THR	16, 20	2989	mit	nuc	0.65
PRO	6, 110	1857	THR	16, 20	2989	mit	nuc	0.93
ASN	16, 18	2987	THR	16, 20	2989	nuc	nuc	1
GLN	16, 19	2988	THR	16, 20	2989	nuc	nuc	1
PRO	6, 110	1857	ARG	16, 21	2990	mit	nuc	0.7
PHE	16, 14	2983	ARG	16, 21	2990	nuc	nuc	0.98
ASN	16, 18	2987	ARG	16, 21	2990	nuc	nuc	0.9
GLN	16, 19	2988	ARG	16, 21	2990	nuc	nuc	0.97
THR	16, 20	2989	ARG	16, 21	2990	nuc	nuc	1
LEU	4, 178	1437	ASN	16, 22	2991	mit	nuc	0.58
ASP	16, 11	2980	ASN	16, 22	2991	nuc	nuc	0.96
ARG	16, 13	2982	ASN	16, 22	2991	nuc	nuc	0.53
PHE	16, 14	2983	ASN	16, 22	2991	nuc	nuc	0.99
GLN	16, 19	2988	ASN	16, 22	2991	nuc	nuc	1
THR	16, 20	2989	ASN	16, 22	2991	nuc	nuc	0.99
ARG	16, 21	2990	ASN	16, 22	2991	nuc	nuc	1
LEU	4, 178	1437	CYS	16, 23	2992	mit	nuc	0.94
GLN	16, 19	2988	CYS	16, 23	2992	nuc	nuc	0.98
THR	16, 20	2989	CYS	16, 23	2992	nuc	nuc	0.99
ARG	16, 21	2990	CYS	16, 23	2992	nuc	nuc	0.98
ASN	16, 22	2991	CYS	16, 23	2992	nuc	nuc	1
PRO	6, 110	1857	TRP	16, 24	2993	mit	nuc	0.93
GLY	6, 114	1861	TRP	16, 24	2993	mit	nuc	0.68
THR	16, 20	2989	TRP	16, 24	2993	nuc	nuc	0.99
ARG	16, 21	2990	TRP	16, 24	2993	nuc	nuc	1
ASN	16, 22	2991	TRP	16, 24	2993	nuc	nuc	0.99
CYS	16, 23	2992	TRP	16, 24	2993	nuc	nuc	1
ARG	16, 13	2982	GLN	16, 25	2994	nuc	nuc	0.54
ARG	16, 21	2990	GLN	16, 25	2994	nuc	nuc	1
ASN	16, 22	2991	GLN	16, 25	2994	nuc	nuc	1
CYS	16, 23	2992	GLN	16, 25	2994	nuc	nuc	0.97
TRP	16, 24	2993	GLN	16, 25	2994	nuc	nuc	1
ASN	16, 22	2991	ASN	16, 26	2995	nuc	nuc	0.99
CYS	16, 23	2992	ASN	16, 26	2995	nuc	nuc	1
TRP	16, 24	2993	ASN	16, 26	2995	nuc	nuc	0.97
GLN	16, 25	2994	ASN	16, 26	2995	nuc	nuc	1
CYS	16, 23	2992	TYR	16, 27	2996	nuc	nuc	1
TRP	16, 24	2993	TYR	16, 27	2996	nuc	nuc	1
GLN	16, 25	2994	TYR	16, 27	2996	nuc	nuc	0.99
ASN	16, 26	2995	TYR	16, 27	2996	nuc	nuc	1
TRP	16, 24	2993	LEU	16, 28	2997	nuc	nuc	0.99
GLN	16, 25	2994	LEU	16, 28	2997	nuc	nuc	1
ASN	16, 26	2995	LEU	16, 28	2997	nuc	nuc	0.99
TYR	16, 27	2996	LEU	16, 28	2997	nuc	nuc	1
GLN	16, 25	2994	ASP	16, 29	2998	nuc	nuc	0.99
ASN	16, 26	2995	ASP	16, 29	2998	nuc	nuc	1
TYR	16, 27	2996	ASP	16, 29	2998	nuc	nuc	0.98
LEU	16, 28	2997	ASP	16, 29	2998	nuc	nuc	1
ASN	16, 26	2995	PHE	16, 30	2999	nuc	nuc	0.99
TYR	16, 27	2996	PHE	16, 30	2999	nuc	nuc	1
LEU	16, 28	2997	PHE	16, 30	2999	nuc	nuc	0.99
ASP	16, 29	2998	PHE	16, 30	2999	nuc	nuc	1
TYR	16, 27	2996	HIS	16, 31	3000	nuc	nuc	0.96
LEU	16, 28	2997	HIS	16, 31	3000	nuc	nuc	0.99
ASP	16, 29	2998	HIS	16, 31	3000	nuc	nuc	0.88
PHE	16, 30	2999	HIS	16, 31	3000	nuc	nuc	1
LEU	16, 28	2997	ARG	16, 32	3001	nuc	nuc	0.99
ASP	16, 29	2998	ARG	16, 32	3001	nuc	nuc	1
PHE	16, 30	2999	ARG	16, 32	3001	nuc	nuc	0.99
HIS	16, 31	3000	ARG	16, 32	3001	nuc	nuc	1
ASP	16, 29	2998	CYS	16, 33	3002	nuc	nuc	0.99
PHE	16, 30	2999	CYS	16, 33	3002	nuc	nuc	0.99
HIS	16, 31	3000	CYS	16, 33	3002	nuc	nuc	0.98
ARG	16, 32	3001	CYS	16, 33	3002	nuc	nuc	1
PHE	16, 30	2999	GLU	16, 34	3003	nuc	nuc	0.98
HIS	16, 31	3000	GLU	16, 34	3003	nuc	nuc	1
ARG	16, 32	3001	GLU	16, 34	3003	nuc	nuc	0.97
CYS	16, 33	3002	GLU	16, 34	3003	nuc	nuc	1
HIS	16, 31	3000	LYS	16, 35	3004	nuc	nuc	0.98
ARG	16, 32	3001	LYS	16, 35	3004	nuc	nuc	0.99
CYS	16, 33	3002	LYS	16, 35	3004	nuc	nuc	0.97
GLU	16, 34	3003	LYS	16, 35	3004	nuc	nuc	1
ARG	16, 32	3001	ALA	16, 36	3005	nuc	nuc	0.98
CYS	16, 33	3002	ALA	16, 36	3005	nuc	nuc	0.99
GLU	16, 34	3003	ALA	16, 36	3005	nuc	nuc	0.95
LYS	16, 35	3004	ALA	16, 36	3005	nuc	nuc	1
CYS	16, 33	3002	MET	16, 37	3006	nuc	nuc	0.97
GLU	16, 34	3003	MET	16, 37	3006	nuc	nuc	0.98
LYS	16, 35	3004	MET	16, 37	3006	nuc	nuc	0.93
ALA	16, 36	3005	MET	16, 37	3006	nuc	nuc	1
GLU	16, 34	3003	ALA	16, 38	3007	nuc	nuc	0.95
LYS	16, 35	3004	ALA	16, 38	3007	nuc	nuc	0.97
ALA	16, 36	3005	ALA	16, 38	3007	nuc	nuc	0.95
MET	16, 37	3006	ALA	16, 38	3007	nuc	nuc	1
LYS	16, 35	3004	ALA	16, 39	3008	nuc	nuc	0.93
ALA	16, 36	3005	ALA	16, 39	3008	nuc	nuc	0.95
MET	16, 37	3006	ALA	16, 39	3008	nuc	nuc	0.94
ALA	16, 38	3007	ALA	16, 39	3008	nuc	nuc	1
ALA	16, 36	3005	LYS	16, 40	3009	nuc	nuc	0.9
MET	16, 37	3006	LYS	16, 40	3009	nuc	nuc	0.92
ALA	16, 38	3007	LYS	16, 40	3009	nuc	nuc	0.86
ALA	16, 39	3008	LYS	16, 40	3009	nuc	nuc	1
MET	16, 37	3006	GLY	16, 41	3010	nuc	nuc	0.9
ALA	16, 38	3007	GLY	16, 41	3010	nuc	nuc	0.92
ALA	16, 39	3008	GLY	16, 41	3010	nuc	nuc	0.97
LYS	16, 40	3009	GLY	16, 41	3010	nuc	nuc	1
MET	16, 37	3006	ALA	16, 42	3011	nuc	nuc	0.85
LYS	16, 40	3009	ALA	16, 42	3011	nuc	nuc	0.93
GLY	16, 41	3010	ALA	16, 42	3011	nuc	nuc	1
MET	16, 37	3006	ASP	16, 43	3012	nuc	nuc	0.78
GLY	16, 41	3010	ASP	16, 43	3012	nuc	nuc	0.65
ALA	16, 42	3011	ASP	16, 43	3012	nuc	nuc	1
GLU	16, 34	3003	ALA	16, 44	3013	nuc	nuc	0.67
MET	16, 37	3006	ALA	16, 44	3013	nuc	nuc	0.83
ALA	16, 38	3007	ALA	16, 44	3013	nuc	nuc	0.52
ALA	16, 42	3011	ALA	16, 44	3013	nuc	nuc	0.72
ASP	16, 43	3012	ALA	16, 44	3013	nuc	nuc	1
ASP	16, 43	3012	THR	16, 45	3014	nuc	nuc	0.92
ALA	16, 44	3013	THR	16, 45	3014	nuc	nuc	1
CYS	16, 33	3002	PRO	16, 46	3015	nuc	nuc	0.72
MET	16, 37	3006	PRO	16, 46	3015	nuc	nuc	0.55
ASP	16, 43	3012	PRO	16, 46	3015	nuc	nuc	0.57
ALA	16, 44	3013	PRO	16, 46	3015	nuc	nuc	0.87
THR	16, 45	3014	PRO	16, 46	3015	nuc	nuc	1
PHE	16, 30	2999	CYS	16, 47	3016	nuc	nuc	0.94
CYS	16, 33	3002	CYS	16, 47	3016	nuc	nuc	0.97
GLU	16, 34	3003	CYS	16, 47	3016	nuc	nuc	0.93
MET	16, 37	3006	CYS	16, 47	3016	nuc	nuc	0.88
ALA	16, 44	3013	CYS	16, 47	3016	nuc	nuc	0.83
THR	16, 45	3014	CYS	16, 47	3016	nuc	nuc	0.93
PRO	16, 46	3015	CYS	16, 47	3016	nuc	nuc	1
LEU	16, 2	2971	GLN	16, 48	3017	nuc	nuc	0.71
ALA	16, 44	3013	GLN	16, 48	3017	nuc	nuc	0.58
THR	16, 45	3014	GLN	16, 48	3017	nuc	nuc	0.85
PRO	16, 46	3015	GLN	16, 48	3017	nuc	nuc	0.96
CYS	16, 47	3016	GLN	16, 48	3017	nuc	nuc	1
LEU	16, 2	2971	TRP	16, 49	3018	nuc	nuc	0.81
PRO	16, 46	3015	TRP	16, 49	3018	nuc	nuc	0.83
CYS	16, 47	3016	TRP	16, 49	3018	nuc	nuc	0.98
GLN	16, 48	3017	TRP	16, 49	3018	nuc	nuc	1
ASN	16, 26	2995	TYR	16, 50	3019	nuc	nuc	0.99
ASP	16, 29	2998	TYR	16, 50	3019	nuc	nuc	0.98
PHE	16, 30	2999	TYR	16, 50	3019	nuc	nuc	1
CYS	16, 33	3002	TYR	16, 50	3019	nuc	nuc	0.97
CYS	16, 47	3016	TYR	16, 50	3019	nuc	nuc	0.98
GLN	16, 48	3017	TYR	16, 50	3019	nuc	nuc	0.96
TRP	16, 49	3018	TYR	16, 50	3019	nuc	nuc	1
PHE	16, 30	2999	TYR	16, 51	3020	nuc	nuc	0.98
CYS	16, 47	3016	TYR	16, 51	3020	nuc	nuc	0.94
GLN	16, 48	3017	TYR	16, 51	3020	nuc	nuc	0.99
TRP	16, 49	3018	TYR	16, 51	3020	nuc	nuc	0.99
TYR	16, 50	3019	TYR	16, 51	3020	nuc	nuc	1
LEU	16, 2	2971	ARG	16, 52	3021	nuc	nuc	0.59
TYR	16, 5	2974	ARG	16, 52	3021	nuc	nuc	0.94
ALA	16, 8	2977	ARG	16, 52	3021	nuc	nuc	0.64
GLN	16, 48	3017	ARG	16, 52	3021	nuc	nuc	0.98
TRP	16, 49	3018	ARG	16, 52	3021	nuc	nuc	0.99
TYR	16, 50	3019	ARG	16, 52	3021	nuc	nuc	0.97
TYR	16, 51	3020	ARG	16, 52	3021	nuc	nuc	1
ALA	16, 8	2977	VAL	16, 53	3022	nuc	nuc	0.98
ASN	16, 26	2995	VAL	16, 53	3022	nuc	nuc	0.99
TRP	16, 49	3018	VAL	16, 53	3022	nuc	nuc	0.99
TYR	16, 50	3019	VAL	16, 53	3022	nuc	nuc	1
TYR	16, 51	3020	VAL	16, 53	3022	nuc	nuc	0.96
ARG	16, 52	3021	VAL	16, 53	3022	nuc	nuc	1
CYS	16, 23	2992	TYR	16, 54	3023	nuc	nuc	0.97
ASN	16, 26	2995	TYR	16, 54	3023	nuc	nuc	0.99
TYR	16, 27	2996	TYR	16, 54	3023	nuc	nuc	0.99
PHE	16, 30	2999	TYR	16, 54	3023	nuc	nuc	0.97
TYR	16, 50	3019	TYR	16, 54	3023	nuc	nuc	0.99
TYR	16, 51	3020	TYR	16, 54	3023	nuc	nuc	0.99
ARG	16, 52	3021	TYR	16, 54	3023	nuc	nuc	0.71
VAL	16, 53	3022	TYR	16, 54	3023	nuc	nuc	1
THR	4, 110	1369	LYS	16, 55	3024	mit	nuc	0.94
ASP	4, 111	1370	LYS	16, 55	3024	mit	nuc	0.62
TYR	16, 51	3020	LYS	16, 55	3024	nuc	nuc	0.98
ARG	16, 52	3021	LYS	16, 55	3024	nuc	nuc	0.99
VAL	16, 53	3022	LYS	16, 55	3024	nuc	nuc	0.98
TYR	16, 54	3023	LYS	16, 55	3024	nuc	nuc	1
THR	4, 95	1354	SER	16, 56	3025	mit	nuc	0.94
THR	4, 110	1369	SER	16, 56	3025	mit	nuc	0.92
ASP	4, 111	1370	SER	16, 56	3025	mit	nuc	0.92
THR	16, 7	2976	SER	16, 56	3025	nuc	nuc	0.96
ALA	16, 8	2977	SER	16, 56	3025	nuc	nuc	0.98
ARG	16, 52	3021	SER	16, 56	3025	nuc	nuc	0.98
VAL	16, 53	3022	SER	16, 56	3025	nuc	nuc	0.99
TYR	16, 54	3023	SER	16, 56	3025	nuc	nuc	0.98
LYS	16, 55	3024	SER	16, 56	3025	nuc	nuc	1
THR	4, 95	1354	ILE	16, 57	3026	mit	nuc	0.88
ILE	4, 152	1411	ILE	16, 57	3026	mit	nuc	0.91
LEU	4, 178	1437	ILE	16, 57	3026	mit	nuc	0.77
ALA	16, 8	2977	ILE	16, 57	3026	nuc	nuc	0.97
GLN	16, 19	2988	ILE	16, 57	3026	nuc	nuc	0.97
ASN	16, 22	2991	ILE	16, 57	3026	nuc	nuc	0.98
CYS	16, 23	2992	ILE	16, 57	3026	nuc	nuc	1
ASN	16, 26	2995	ILE	16, 57	3026	nuc	nuc	0.9
VAL	16, 53	3022	ILE	16, 57	3026	nuc	nuc	0.99
TYR	16, 54	3023	ILE	16, 57	3026	nuc	nuc	0.99
LYS	16, 55	3024	ILE	16, 57	3026	nuc	nuc	0.62
SER	16, 56	3025	ILE	16, 57	3026	nuc	nuc	1
CYS	16, 23	2992	CYS	16, 58	3027	nuc	nuc	1
ASN	16, 26	2995	CYS	16, 58	3027	nuc	nuc	0.58
TYR	16, 27	2996	CYS	16, 58	3027	nuc	nuc	0.97
TYR	16, 54	3023	CYS	16, 58	3027	nuc	nuc	0.99
LYS	16, 55	3024	CYS	16, 58	3027	nuc	nuc	0.98
SER	16, 56	3025	CYS	16, 58	3027	nuc	nuc	0.67
ILE	16, 57	3026	CYS	16, 58	3027	nuc	nuc	1
LYS	4, 97	1356	PRO	16, 59	3028	mit	nuc	0.94
ILE	4, 99	1358	PRO	16, 59	3028	mit	nuc	0.93
GLU	4, 108	1367	PRO	16, 59	3028	mit	nuc	0.88
ILE	4, 152	1411	PRO	16, 59	3028	mit	nuc	0.6
THR	4, 154	1413	PRO	16, 59	3028	mit	nuc	0.94
LEU	4, 178	1437	PRO	16, 59	3028	mit	nuc	0.75
CYS	16, 58	3027	PRO	16, 59	3028	nuc	nuc	1
GLU	4, 108	1367	THR	16, 60	3029	mit	nuc	0.91
THR	4, 110	1369	THR	16, 60	3029	mit	nuc	0.85
ASP	4, 114	1373	THR	16, 60	3029	mit	nuc	0.71
SER	4, 116	1375	THR	16, 60	3029	mit	nuc	0.84
CYS	16, 58	3027	THR	16, 60	3029	nuc	nuc	0.75
PRO	16, 59	3028	THR	16, 60	3029	nuc	nuc	1
ILE	4, 99	1358	SER	16, 61	3030	mit	nuc	0.71
ASP	4, 156	1415	SER	16, 61	3030	mit	nuc	0.85
PRO	16, 59	3028	SER	16, 61	3030	nuc	nuc	1
THR	16, 60	3029	SER	16, 61	3030	nuc	nuc	1
CYS	16, 23	2992	TRP	16, 62	3031	nuc	nuc	0.89
CYS	16, 58	3027	TRP	16, 62	3031	nuc	nuc	0.99
PRO	16, 59	3028	TRP	16, 62	3031	nuc	nuc	1
THR	16, 60	3029	TRP	16, 62	3031	nuc	nuc	0.98
SER	16, 61	3030	TRP	16, 62	3031	nuc	nuc	1
TYR	16, 27	2996	VAL	16, 63	3032	nuc	nuc	0.88
TYR	16, 54	3023	VAL	16, 63	3032	nuc	nuc	0.85
LYS	16, 55	3024	VAL	16, 63	3032	nuc	nuc	0.8
CYS	16, 58	3027	VAL	16, 63	3032	nuc	nuc	0.99
PRO	16, 59	3028	VAL	16, 63	3032	nuc	nuc	0.96
THR	16, 60	3029	VAL	16, 63	3032	nuc	nuc	1
SER	16, 61	3030	VAL	16, 63	3032	nuc	nuc	0.97
TRP	16, 62	3031	VAL	16, 63	3032	nuc	nuc	1
THR	16, 60	3029	THR	16, 64	3033	nuc	nuc	0.99
SER	16, 61	3030	THR	16, 64	3033	nuc	nuc	0.99
TRP	16, 62	3031	THR	16, 64	3033	nuc	nuc	0.96
VAL	16, 63	3032	THR	16, 64	3033	nuc	nuc	1
SER	16, 61	3030	THR	16, 65	3034	nuc	nuc	0.99
TRP	16, 62	3031	THR	16, 65	3034	nuc	nuc	1
VAL	16, 63	3032	THR	16, 65	3034	nuc	nuc	0.98
THR	16, 64	3033	THR	16, 65	3034	nuc	nuc	1
TYR	16, 27	2996	TRP	16, 66	3035	nuc	nuc	0.98
TRP	16, 62	3031	TRP	16, 66	3035	nuc	nuc	0.99
VAL	16, 63	3032	TRP	16, 66	3035	nuc	nuc	1
THR	16, 64	3033	TRP	16, 66	3035	nuc	nuc	0.97
THR	16, 65	3034	TRP	16, 66	3035	nuc	nuc	1
VAL	16, 63	3032	ASP	16, 67	3036	nuc	nuc	0.99
THR	16, 64	3033	ASP	16, 67	3036	nuc	nuc	1
THR	16, 65	3034	ASP	16, 67	3036	nuc	nuc	0.98
TRP	16, 66	3035	ASP	16, 67	3036	nuc	nuc	1
THR	16, 64	3033	GLU	16, 68	3037	nuc	nuc	0.99
THR	16, 65	3034	GLU	16, 68	3037	nuc	nuc	1
TRP	16, 66	3035	GLU	16, 68	3037	nuc	nuc	0.99
ASP	16, 67	3036	GLU	16, 68	3037	nuc	nuc	1
ALA	14, 50	2855	TYR	16, 69	3038	nuc	nuc	0.76
THR	16, 65	3034	TYR	16, 69	3038	nuc	nuc	0.99
TRP	16, 66	3035	TYR	16, 69	3038	nuc	nuc	1
ASP	16, 67	3036	TYR	16, 69	3038	nuc	nuc	0.99
GLU	16, 68	3037	TYR	16, 69	3038	nuc	nuc	1
HIS	16, 31	3000	ARG	16, 70	3039	nuc	nuc	0.69
TRP	16, 66	3035	ARG	16, 70	3039	nuc	nuc	0.99
ASP	16, 67	3036	ARG	16, 70	3039	nuc	nuc	0.99
GLU	16, 68	3037	ARG	16, 70	3039	nuc	nuc	0.98
TYR	16, 69	3038	ARG	16, 70	3039	nuc	nuc	1
ASP	16, 67	3036	GLU	16, 71	3040	nuc	nuc	0.97
GLU	16, 68	3037	GLU	16, 71	3040	nuc	nuc	0.99
TYR	16, 69	3038	GLU	16, 71	3040	nuc	nuc	0.95
ARG	16, 70	3039	GLU	16, 71	3040	nuc	nuc	1
ARG	14, 48	2853	GLU	16, 72	3041	nuc	nuc	0.51
GLU	16, 68	3037	GLU	16, 72	3041	nuc	nuc	0.97
TYR	16, 69	3038	GLU	16, 72	3041	nuc	nuc	0.97
ARG	16, 70	3039	GLU	16, 72	3041	nuc	nuc	0.91
GLU	16, 71	3040	GLU	16, 72	3041	nuc	nuc	1
ILE	14, 47	2852	GLY	16, 73	3042	nuc	nuc	0.69
TYR	16, 69	3038	GLY	16, 73	3042	nuc	nuc	0.96
ARG	16, 70	3039	GLY	16, 73	3042	nuc	nuc	0.98
GLU	16, 71	3040	GLY	16, 73	3042	nuc	nuc	0.99
GLU	16, 72	3041	GLY	16, 73	3042	nuc	nuc	1
ILE	14, 47	2852	THR	16, 74	3043	nuc	nuc	0.89
ARG	14, 48	2853	THR	16, 74	3043	nuc	nuc	0.92
TYR	14, 49	2854	THR	16, 74	3043	nuc	nuc	0.94
ALA	14, 50	2855	THR	16, 74	3043	nuc	nuc	0.82
TYR	16, 69	3038	THR	16, 74	3043	nuc	nuc	0.98
GLU	16, 72	3041	THR	16, 74	3043	nuc	nuc	0.99
GLY	16, 73	3042	THR	16, 74	3043	nuc	nuc	1
TRP	16, 66	3035	PHE	16, 75	3044	nuc	nuc	0.95
TYR	16, 69	3038	PHE	16, 75	3044	nuc	nuc	0.98
ARG	16, 70	3039	PHE	16, 75	3044	nuc	nuc	0.98
GLY	16, 73	3042	PHE	16, 75	3044	nuc	nuc	0.99
THR	16, 74	3043	PHE	16, 75	3044	nuc	nuc	1
GLU	6, 111	1858	PRO	16, 76	3045	mit	nuc	0.86
LEU	6, 112	1859	PRO	16, 76	3045	mit	nuc	0.89
GLY	6, 113	1860	PRO	16, 76	3045	mit	nuc	0.97
GLY	6, 114	1861	PRO	16, 76	3045	mit	nuc	0.62
PRO	6, 118	1865	PRO	16, 76	3045	mit	nuc	0.57
THR	6, 119	1866	PRO	16, 76	3045	mit	nuc	0.91
TYR	14, 49	2854	PRO	16, 76	3045	nuc	nuc	0.87
HIS	14, 51	2856	PRO	16, 76	3045	nuc	nuc	0.86
TYR	16, 69	3038	PRO	16, 76	3045	nuc	nuc	0.78
THR	16, 74	3043	PRO	16, 76	3045	nuc	nuc	0.75
PHE	16, 75	3044	PRO	16, 76	3045	nuc	nuc	1
GLY	6, 113	1860	GLY	16, 77	3046	mit	nuc	0.95
GLY	6, 114	1861	GLY	16, 77	3046	mit	nuc	0.85
GLN	6, 115	1862	GLY	16, 77	3046	mit	nuc	0.56
THR	6, 119	1866	GLY	16, 77	3046	mit	nuc	0.91
LEU	16, 28	2997	GLY	16, 77	3046	nuc	nuc	0.94
PHE	16, 75	3044	GLY	16, 77	3046	nuc	nuc	0.99
PRO	16, 76	3045	GLY	16, 77	3046	nuc	nuc	1
GLY	6, 113	1860	LYS	16, 78	3047	mit	nuc	0.61
GLN	6, 115	1862	LYS	16, 78	3047	mit	nuc	0.52
LEU	16, 28	2997	LYS	16, 78	3047	nuc	nuc	0.58
GLY	16, 77	3046	LYS	16, 78	3047	nuc	nuc	1
LEU	16, 28	2997	ILE	16, 79	3048	nuc	nuc	0.9
HIS	16, 31	3000	ILE	16, 79	3048	nuc	nuc	0.97
ARG	16, 32	3001	ILE	16, 79	3048	nuc	nuc	0.97
LYS	16, 35	3004	ILE	16, 79	3048	nuc	nuc	0.92
PHE	16, 75	3044	ILE	16, 79	3048	nuc	nuc	0.68
GLY	16, 77	3046	ILE	16, 79	3048	nuc	nuc	0.99
LYS	16, 78	3047	ILE	16, 79	3048	nuc	nuc	1
SER	17, 1	3049	SER	17, 2	3050	nuc	nuc	1
SER	17, 1	3049	ALA	17, 3	3051	nuc	nuc	0.79
SER	17, 2	3050	ALA	17, 3	3051	nuc	nuc	1
GLN	9, 87	2393	LEU	17, 4	3052	nuc	nuc	0.77
SER	17, 2	3050	LEU	17, 4	3052	nuc	nuc	0.66
ALA	17, 3	3051	LEU	17, 4	3052	nuc	nuc	1
GLU	9, 80	2386	LEU	17, 5	3053	nuc	nuc	0.57
PRO	9, 83	2389	LEU	17, 5	3053	nuc	nuc	0.79
TYR	9, 84	2390	LEU	17, 5	3053	nuc	nuc	0.89
GLN	9, 87	2393	LEU	17, 5	3053	nuc	nuc	0.84
ALA	17, 3	3051	LEU	17, 5	3053	nuc	nuc	0.62
LEU	17, 4	3052	LEU	17, 5	3053	nuc	nuc	1
LEU	17, 4	3052	PRO	17, 6	3054	nuc	nuc	0.71
LEU	17, 5	3053	PRO	17, 6	3054	nuc	nuc	1
TYR	9, 84	2390	LYS	17, 7	3055	nuc	nuc	0.86
PRO	17, 6	3054	LYS	17, 7	3055	nuc	nuc	1
HIS	9, 78	2384	PRO	17, 8	3056	nuc	nuc	0.76
GLU	9, 80	2386	PRO	17, 8	3056	nuc	nuc	0.94
ILE	9, 81	2387	PRO	17, 8	3056	nuc	nuc	0.93
TYR	9, 84	2390	PRO	17, 8	3056	nuc	nuc	0.91
PRO	17, 6	3054	PRO	17, 8	3056	nuc	nuc	0.94
LYS	17, 7	3055	PRO	17, 8	3056	nuc	nuc	1
PRO	17, 8	3056	GLN	17, 9	3057	nuc	nuc	1
LEU	9, 41	2347	MET	17, 10	3058	nuc	nuc	0.9
VAL	9, 42	2348	MET	17, 10	3058	nuc	nuc	0.95
GLU	9, 44	2350	MET	17, 10	3058	nuc	nuc	0.9
ILE	9, 81	2387	MET	17, 10	3058	nuc	nuc	0.91
LYS	17, 7	3055	MET	17, 10	3058	nuc	nuc	0.61
PRO	17, 8	3056	MET	17, 10	3058	nuc	nuc	0.97
GLN	17, 9	3057	MET	17, 10	3058	nuc	nuc	1
ASP	9, 8	2314	ARG	17, 11	3059	nuc	nuc	0.89
ASP	9, 40	2346	ARG	17, 11	3059	nuc	nuc	0.71
LEU	9, 41	2347	ARG	17, 11	3059	nuc	nuc	0.95
VAL	9, 42	2348	ARG	17, 11	3059	nuc	nuc	0.69
GLN	17, 9	3057	ARG	17, 11	3059	nuc	nuc	0.94
MET	17, 10	3058	ARG	17, 11	3059	nuc	nuc	1
ASP	9, 40	2346	ARG	17, 12	3060	nuc	nuc	0.94
LEU	9, 41	2347	ARG	17, 12	3060	nuc	nuc	0.84
GLN	17, 9	3057	ARG	17, 12	3060	nuc	nuc	0.51
ARG	17, 11	3059	ARG	17, 12	3060	nuc	nuc	1
LEU	3, 50	1082	LEU	17, 13	3061	mit	nuc	0.94
ASP	9, 40	2346	LEU	17, 13	3061	nuc	nuc	0.93
LEU	9, 41	2347	LEU	17, 13	3061	nuc	nuc	0.64
VAL	9, 42	2348	LEU	17, 13	3061	nuc	nuc	0.68
HIS	9, 78	2384	LEU	17, 13	3061	nuc	nuc	0.88
GLN	17, 9	3057	LEU	17, 13	3061	nuc	nuc	0.89
MET	17, 10	3058	LEU	17, 13	3061	nuc	nuc	0.71
ARG	17, 11	3059	LEU	17, 13	3061	nuc	nuc	0.93
ARG	17, 12	3060	LEU	17, 13	3061	nuc	nuc	1
GLY	1, 330	330	LEU	17, 14	3062	mit	nuc	0.93
GLU	3, 48	1080	LEU	17, 14	3062	mit	nuc	0.61
LEU	3, 50	1082	LEU	17, 14	3062	mit	nuc	0.96
SER	3, 51	1083	LEU	17, 14	3062	mit	nuc	0.54
SER	3, 52	1084	LEU	17, 14	3062	mit	nuc	0.96
ASP	9, 40	2346	LEU	17, 14	3062	nuc	nuc	0.95
ARG	17, 12	3060	LEU	17, 14	3062	nuc	nuc	0.95
LEU	17, 13	3061	LEU	17, 14	3062	nuc	nuc	1
ASP	9, 40	2346	ALA	17, 15	3063	nuc	nuc	0.9
ARG	17, 12	3060	ALA	17, 15	3063	nuc	nuc	0.98
LEU	17, 13	3061	ALA	17, 15	3063	nuc	nuc	0.97
LEU	17, 14	3062	ALA	17, 15	3063	nuc	nuc	1
ARG	17, 12	3060	ARG	17, 16	3064	nuc	nuc	0.98
LEU	17, 13	3061	ARG	17, 16	3064	nuc	nuc	0.99
LEU	17, 14	3062	ARG	17, 16	3064	nuc	nuc	0.98
ALA	17, 15	3063	ARG	17, 16	3064	nuc	nuc	1
GLU	3, 48	1080	ARG	17, 17	3065	mit	nuc	0.74
LEU	3, 50	1082	ARG	17, 17	3065	mit	nuc	0.83
LEU	17, 13	3061	ARG	17, 17	3065	nuc	nuc	0.97
LEU	17, 14	3062	ARG	17, 17	3065	nuc	nuc	0.99
ALA	17, 15	3063	ARG	17, 17	3065	nuc	nuc	0.98
ARG	17, 16	3064	ARG	17, 17	3065	nuc	nuc	1
HIS	1, 329	329	MET	17, 18	3066	mit	nuc	0.87
LEU	17, 14	3062	MET	17, 18	3066	nuc	nuc	0.99
ALA	17, 15	3063	MET	17, 18	3066	nuc	nuc	1
ARG	17, 16	3064	MET	17, 18	3066	nuc	nuc	0.99
ARG	17, 17	3065	MET	17, 18	3066	nuc	nuc	1
ALA	17, 15	3063	LYS	17, 19	3067	nuc	nuc	0.98
ARG	17, 16	3064	LYS	17, 19	3067	nuc	nuc	0.99
ARG	17, 17	3065	LYS	17, 19	3067	nuc	nuc	0.97
MET	17, 18	3066	LYS	17, 19	3067	nuc	nuc	1
ARG	17, 16	3064	PHE	17, 20	3068	nuc	nuc	0.98
ARG	17, 17	3065	PHE	17, 20	3068	nuc	nuc	0.99
MET	17, 18	3066	PHE	17, 20	3068	nuc	nuc	0.98
LYS	17, 19	3067	PHE	17, 20	3068	nuc	nuc	1
TYR	3, 40	1072	HIS	17, 21	3069	mit	nuc	0.51
LEU	3, 44	1076	HIS	17, 21	3069	mit	nuc	0.98
ARG	17, 17	3065	HIS	17, 21	3069	nuc	nuc	0.99
MET	17, 18	3066	HIS	17, 21	3069	nuc	nuc	1
LYS	17, 19	3067	HIS	17, 21	3069	nuc	nuc	0.83
PHE	17, 20	3068	HIS	17, 21	3069	nuc	nuc	1
MET	17, 18	3066	LEU	17, 22	3070	nuc	nuc	0.99
LYS	17, 19	3067	LEU	17, 22	3070	nuc	nuc	1
PHE	17, 20	3068	LEU	17, 22	3070	nuc	nuc	0.99
HIS	17, 21	3069	LEU	17, 22	3070	nuc	nuc	1
LYS	17, 19	3067	PHE	17, 23	3071	nuc	nuc	0.95
PHE	17, 20	3068	PHE	17, 23	3071	nuc	nuc	0.99
HIS	17, 21	3069	PHE	17, 23	3071	nuc	nuc	0.98
LEU	17, 22	3070	PHE	17, 23	3071	nuc	nuc	1
TYR	3, 40	1072	GLY	17, 24	3072	mit	nuc	0.71
PHE	17, 20	3068	GLY	17, 24	3072	nuc	nuc	0.93
HIS	17, 21	3069	GLY	17, 24	3072	nuc	nuc	1
LEU	17, 22	3070	GLY	17, 24	3072	nuc	nuc	1
PHE	17, 23	3071	GLY	17, 24	3072	nuc	nuc	1
LEU	3, 37	1069	ALA	17, 25	3073	mit	nuc	0.98
TYR	3, 40	1072	ALA	17, 25	3073	mit	nuc	0.98
LEU	3, 41	1073	ALA	17, 25	3073	mit	nuc	0.98
LEU	3, 44	1076	ALA	17, 25	3073	mit	nuc	0.85
HIS	17, 21	3069	ALA	17, 25	3073	nuc	nuc	0.99
LEU	17, 22	3070	ALA	17, 25	3073	nuc	nuc	1
PHE	17, 23	3071	ALA	17, 25	3073	nuc	nuc	0.99
GLY	17, 24	3072	ALA	17, 25	3073	nuc	nuc	1
LEU	3, 37	1069	PHE	17, 26	3074	mit	nuc	0.89
LEU	17, 22	3070	PHE	17, 26	3074	nuc	nuc	0.99
PHE	17, 23	3071	PHE	17, 26	3074	nuc	nuc	1
GLY	17, 24	3072	PHE	17, 26	3074	nuc	nuc	1
ALA	17, 25	3073	PHE	17, 26	3074	nuc	nuc	1
PHE	17, 23	3071	LEU	17, 27	3075	nuc	nuc	0.98
GLY	17, 24	3072	LEU	17, 27	3075	nuc	nuc	1
ALA	17, 25	3073	LEU	17, 27	3075	nuc	nuc	0.99
PHE	17, 26	3074	LEU	17, 27	3075	nuc	nuc	1
SER	3, 36	1068	VAL	17, 28	3076	mit	nuc	0.97
LEU	3, 37	1069	VAL	17, 28	3076	mit	nuc	0.75
TYR	3, 40	1072	VAL	17, 28	3076	mit	nuc	0.97
GLY	17, 24	3072	VAL	17, 28	3076	nuc	nuc	0.99
ALA	17, 25	3073	VAL	17, 28	3076	nuc	nuc	1
PHE	17, 26	3074	VAL	17, 28	3076	nuc	nuc	0.97
LEU	17, 27	3075	VAL	17, 28	3076	nuc	nuc	1
ALA	3, 33	1065	SER	17, 29	3077	mit	nuc	0.99
ILE	3, 34	1066	SER	17, 29	3077	mit	nuc	0.84
SER	3, 36	1068	SER	17, 29	3077	mit	nuc	0.98
LEU	3, 37	1069	SER	17, 29	3077	mit	nuc	0.99
TYR	3, 40	1072	SER	17, 29	3077	mit	nuc	0.83
ALA	17, 25	3073	SER	17, 29	3077	nuc	nuc	0.99
PHE	17, 26	3074	SER	17, 29	3077	nuc	nuc	1
LEU	17, 27	3075	SER	17, 29	3077	nuc	nuc	0.99
VAL	17, 28	3076	SER	17, 29	3077	nuc	nuc	1
ALA	3, 33	1065	LEU	17, 30	3078	mit	nuc	0.89
PHE	17, 26	3074	LEU	17, 30	3078	nuc	nuc	0.99
LEU	17, 27	3075	LEU	17, 30	3078	nuc	nuc	1
VAL	17, 28	3076	LEU	17, 30	3078	nuc	nuc	0.98
SER	17, 29	3077	LEU	17, 30	3078	nuc	nuc	1
LEU	17, 27	3075	GLY	17, 31	3079	nuc	nuc	0.99
VAL	17, 28	3076	GLY	17, 31	3079	nuc	nuc	1
SER	17, 29	3077	GLY	17, 31	3079	nuc	nuc	1
LEU	17, 30	3078	GLY	17, 31	3079	nuc	nuc	1
LEU	3, 32	1064	CYS	17, 32	3080	mit	nuc	0.98
ALA	3, 33	1065	CYS	17, 32	3080	mit	nuc	0.97
SER	3, 36	1068	CYS	17, 32	3080	mit	nuc	0.99
VAL	17, 28	3076	CYS	17, 32	3080	nuc	nuc	0.99
SER	17, 29	3077	CYS	17, 32	3080	nuc	nuc	1
LEU	17, 30	3078	CYS	17, 32	3080	nuc	nuc	0.98
GLY	17, 31	3079	CYS	17, 32	3080	nuc	nuc	1
MET	3, 29	1061	ALA	17, 33	3081	mit	nuc	0.99
VAL	3, 30	1062	ALA	17, 33	3081	mit	nuc	0.84
LEU	3, 32	1064	ALA	17, 33	3081	mit	nuc	0.95
ALA	3, 33	1065	ALA	17, 33	3081	mit	nuc	0.99
SER	17, 29	3077	ALA	17, 33	3081	nuc	nuc	0.99
LEU	17, 30	3078	ALA	17, 33	3081	nuc	nuc	1
GLY	17, 31	3079	ALA	17, 33	3081	nuc	nuc	1
CYS	17, 32	3080	ALA	17, 33	3081	nuc	nuc	1
LEU	17, 30	3078	ALA	17, 34	3082	nuc	nuc	0.99
GLY	17, 31	3079	ALA	17, 34	3082	nuc	nuc	1
CYS	17, 32	3080	ALA	17, 34	3082	nuc	nuc	0.99
ALA	17, 33	3081	ALA	17, 34	3082	nuc	nuc	1
GLY	17, 31	3079	LEU	17, 35	3083	nuc	nuc	0.99
CYS	17, 32	3080	LEU	17, 35	3083	nuc	nuc	1
ALA	17, 33	3081	LEU	17, 35	3083	nuc	nuc	0.99
ALA	17, 34	3082	LEU	17, 35	3083	nuc	nuc	1
ASP	3, 25	1057	TYR	17, 36	3084	mit	nuc	0.58
LEU	3, 28	1060	TYR	17, 36	3084	mit	nuc	0.94
MET	3, 29	1061	TYR	17, 36	3084	mit	nuc	0.99
LEU	3, 32	1064	TYR	17, 36	3084	mit	nuc	0.98
CYS	17, 32	3080	TYR	17, 36	3084	nuc	nuc	0.99
ALA	17, 33	3081	TYR	17, 36	3084	nuc	nuc	1
ALA	17, 34	3082	TYR	17, 36	3084	nuc	nuc	0.98
LEU	17, 35	3083	TYR	17, 36	3084	nuc	nuc	1
MET	3, 29	1061	LYS	17, 37	3085	mit	nuc	0.98
ALA	17, 33	3081	LYS	17, 37	3085	nuc	nuc	0.99
ALA	17, 34	3082	LYS	17, 37	3085	nuc	nuc	1
LEU	17, 35	3083	LYS	17, 37	3085	nuc	nuc	0.98
TYR	17, 36	3084	LYS	17, 37	3085	nuc	nuc	1
ALA	17, 34	3082	PHE	17, 38	3086	nuc	nuc	0.98
LEU	17, 35	3083	PHE	17, 38	3086	nuc	nuc	0.99
TYR	17, 36	3084	PHE	17, 38	3086	nuc	nuc	0.67
LYS	17, 37	3085	PHE	17, 38	3086	nuc	nuc	1
LEU	17, 35	3083	GLY	17, 39	3087	nuc	nuc	0.99
TYR	17, 36	3084	GLY	17, 39	3087	nuc	nuc	0.99
LYS	17, 37	3085	GLY	17, 39	3087	nuc	nuc	0.99
PHE	17, 38	3086	GLY	17, 39	3087	nuc	nuc	1
ASP	3, 25	1057	VAL	17, 40	3088	mit	nuc	0.91
TYR	17, 36	3084	VAL	17, 40	3088	nuc	nuc	0.99
LYS	17, 37	3085	VAL	17, 40	3088	nuc	nuc	0.77
GLY	17, 39	3087	VAL	17, 40	3088	nuc	nuc	1
GLU	3, 22	1054	ALA	17, 41	3089	mit	nuc	0.64
ASP	3, 25	1057	ALA	17, 41	3089	mit	nuc	0.99
HIS	3, 26	1058	ALA	17, 41	3089	mit	nuc	0.86
MET	3, 29	1061	ALA	17, 41	3089	mit	nuc	0.94
TYR	17, 36	3084	ALA	17, 41	3089	nuc	nuc	0.98
LYS	17, 37	3085	ALA	17, 41	3089	nuc	nuc	0.99
PHE	17, 38	3086	ALA	17, 41	3089	nuc	nuc	0.71
GLY	17, 39	3087	ALA	17, 41	3089	nuc	nuc	0.99
VAL	17, 40	3088	ALA	17, 41	3089	nuc	nuc	1
LYS	17, 37	3085	GLU	17, 42	3090	nuc	nuc	0.97
PHE	17, 38	3086	GLU	17, 42	3090	nuc	nuc	0.98
GLY	17, 39	3087	GLU	17, 42	3090	nuc	nuc	0.98
VAL	17, 40	3088	GLU	17, 42	3090	nuc	nuc	0.56
ALA	17, 41	3089	GLU	17, 42	3090	nuc	nuc	1
GLY	17, 39	3087	PRO	17, 43	3091	nuc	nuc	0.98
VAL	17, 40	3088	PRO	17, 43	3091	nuc	nuc	0.98
ALA	17, 41	3089	PRO	17, 43	3091	nuc	nuc	0.97
GLU	17, 42	3090	PRO	17, 43	3091	nuc	nuc	1
VAL	3, 21	1053	ARG	17, 44	3092	mit	nuc	0.87
ASP	3, 25	1057	ARG	17, 44	3092	mit	nuc	0.95
GLU	7, 134	2142	ARG	17, 44	3092	nuc	nuc	0.92
VAL	17, 40	3088	ARG	17, 44	3092	nuc	nuc	0.98
ALA	17, 41	3089	ARG	17, 44	3092	nuc	nuc	0.99
GLU	17, 42	3090	ARG	17, 44	3092	nuc	nuc	0.99
PRO	17, 43	3091	ARG	17, 44	3092	nuc	nuc	1
GLU	3, 22	1054	LYS	17, 45	3093	mit	nuc	0.94
ALA	17, 41	3089	LYS	17, 45	3093	nuc	nuc	0.98
GLU	17, 42	3090	LYS	17, 45	3093	nuc	nuc	0.99
PRO	17, 43	3091	LYS	17, 45	3093	nuc	nuc	0.98
ARG	17, 44	3092	LYS	17, 45	3093	nuc	nuc	1
GLU	17, 42	3090	ARG	17, 46	3094	nuc	nuc	0.98
PRO	17, 43	3091	ARG	17, 46	3094	nuc	nuc	1
ARG	17, 44	3092	ARG	17, 46	3094	nuc	nuc	0.99
LYS	17, 45	3093	ARG	17, 46	3094	nuc	nuc	1
VAL	7, 133	2141	ALA	17, 47	3095	nuc	nuc	0.96
GLU	7, 134	2142	ALA	17, 47	3095	nuc	nuc	0.96
PRO	17, 43	3091	ALA	17, 47	3095	nuc	nuc	0.99
ARG	17, 44	3092	ALA	17, 47	3095	nuc	nuc	1
LYS	17, 45	3093	ALA	17, 47	3095	nuc	nuc	0.99
ARG	17, 46	3094	ALA	17, 47	3095	nuc	nuc	1
ALA	3, 12	1044	TYR	17, 48	3096	mit	nuc	0.82
GLU	3, 18	1050	TYR	17, 48	3096	mit	nuc	0.96
VAL	7, 133	2141	TYR	17, 48	3096	nuc	nuc	0.95
ARG	17, 44	3092	TYR	17, 48	3096	nuc	nuc	0.99
LYS	17, 45	3093	TYR	17, 48	3096	nuc	nuc	1
ARG	17, 46	3094	TYR	17, 48	3096	nuc	nuc	0.97
ALA	17, 47	3095	TYR	17, 48	3096	nuc	nuc	1
LYS	17, 45	3093	ALA	17, 49	3097	nuc	nuc	0.98
ARG	17, 46	3094	ALA	17, 49	3097	nuc	nuc	1
ALA	17, 47	3095	ALA	17, 49	3097	nuc	nuc	0.99
TYR	17, 48	3096	ALA	17, 49	3097	nuc	nuc	1
ARG	17, 46	3094	GLU	17, 50	3098	nuc	nuc	0.99
ALA	17, 47	3095	GLU	17, 50	3098	nuc	nuc	0.99
TYR	17, 48	3096	GLU	17, 50	3098	nuc	nuc	0.95
ALA	17, 49	3097	GLU	17, 50	3098	nuc	nuc	1
PRO	7, 132	2140	PHE	17, 51	3099	nuc	nuc	0.84
VAL	7, 133	2141	PHE	17, 51	3099	nuc	nuc	0.95
ALA	17, 47	3095	PHE	17, 51	3099	nuc	nuc	0.99
TYR	17, 48	3096	PHE	17, 51	3099	nuc	nuc	0.99
ALA	17, 49	3097	PHE	17, 51	3099	nuc	nuc	0.98
GLU	17, 50	3098	PHE	17, 51	3099	nuc	nuc	1
THR	3, 186	1218	TYR	17, 52	3100	mit	nuc	0.59
TYR	17, 48	3096	TYR	17, 52	3100	nuc	nuc	0.98
ALA	17, 49	3097	TYR	17, 52	3100	nuc	nuc	0.99
GLU	17, 50	3098	TYR	17, 52	3100	nuc	nuc	0.71
PHE	17, 51	3099	TYR	17, 52	3100	nuc	nuc	1
ALA	17, 49	3097	LYS	17, 53	3101	nuc	nuc	0.95
GLU	17, 50	3098	LYS	17, 53	3101	nuc	nuc	0.98
PHE	17, 51	3099	LYS	17, 53	3101	nuc	nuc	0.96
TYR	17, 52	3100	LYS	17, 53	3101	nuc	nuc	1
LYS	17, 53	3101	ASN	17, 54	3102	nuc	nuc	1
ARG	3, 187	1219	TYR	17, 55	3103	mit	nuc	0.53
PHE	17, 51	3099	TYR	17, 55	3103	nuc	nuc	0.97
TYR	17, 52	3100	TYR	17, 55	3103	nuc	nuc	0.98
LYS	17, 53	3101	TYR	17, 55	3103	nuc	nuc	0.96
ASN	17, 54	3102	TYR	17, 55	3103	nuc	nuc	1
ASN	17, 54	3102	ASP	17, 56	3104	nuc	nuc	0.8
TYR	17, 55	3103	ASP	17, 56	3104	nuc	nuc	1
MET	3, 145	1177	PRO	17, 57	3105	mit	nuc	0.91
GLU	3, 146	1178	PRO	17, 57	3105	mit	nuc	0.76
THR	3, 186	1218	PRO	17, 57	3105	mit	nuc	0.54
ARG	3, 187	1219	PRO	17, 57	3105	mit	nuc	0.89
PRO	3, 188	1220	PRO	17, 57	3105	mit	nuc	0.94
TYR	17, 55	3103	PRO	17, 57	3105	nuc	nuc	0.99
ASP	17, 56	3104	PRO	17, 57	3105	nuc	nuc	1
PRO	3, 214	1246	MET	17, 58	3106	mit	nuc	0.79
ASP	17, 56	3104	MET	17, 58	3106	nuc	nuc	0.99
PRO	17, 57	3105	MET	17, 58	3106	nuc	nuc	1
ASP	17, 56	3104	LYS	17, 59	3107	nuc	nuc	0.99
PRO	17, 57	3105	LYS	17, 59	3107	nuc	nuc	0.94
MET	17, 58	3106	LYS	17, 59	3107	nuc	nuc	1
ARG	3, 187	1219	ASP	17, 60	3108	mit	nuc	0.86
PRO	3, 188	1220	ASP	17, 60	3108	mit	nuc	0.96
ARG	7, 129	2137	ASP	17, 60	3108	nuc	nuc	0.92
TYR	17, 55	3103	ASP	17, 60	3108	nuc	nuc	0.8
ASP	17, 56	3104	ASP	17, 60	3108	nuc	nuc	0.94
PRO	17, 57	3105	ASP	17, 60	3108	nuc	nuc	0.99
MET	17, 58	3106	ASP	17, 60	3108	nuc	nuc	0.97
LYS	17, 59	3107	ASP	17, 60	3108	nuc	nuc	1
PRO	3, 188	1220	PHE	17, 61	3109	mit	nuc	0.97
THR	3, 213	1245	PHE	17, 61	3109	mit	nuc	0.83
PRO	3, 214	1246	PHE	17, 61	3109	mit	nuc	0.95
PRO	17, 57	3105	PHE	17, 61	3109	nuc	nuc	0.98
MET	17, 58	3106	PHE	17, 61	3109	nuc	nuc	0.99
LYS	17, 59	3107	PHE	17, 61	3109	nuc	nuc	0.99
ASP	17, 60	3108	PHE	17, 61	3109	nuc	nuc	1
MET	17, 58	3106	GLU	17, 62	3110	nuc	nuc	0.97
LYS	17, 59	3107	GLU	17, 62	3110	nuc	nuc	0.99
ASP	17, 60	3108	GLU	17, 62	3110	nuc	nuc	0.96
PHE	17, 61	3109	GLU	17, 62	3110	nuc	nuc	1
LYS	17, 59	3107	ALA	17, 63	3111	nuc	nuc	0.97
ASP	17, 60	3108	ALA	17, 63	3111	nuc	nuc	1
PHE	17, 61	3109	ALA	17, 63	3111	nuc	nuc	0.98
GLU	17, 62	3110	ALA	17, 63	3111	nuc	nuc	1
PRO	3, 188	1220	MET	17, 64	3112	mit	nuc	0.92
GLY	3, 189	1221	MET	17, 64	3112	mit	nuc	0.96
ASP	7, 127	2135	MET	17, 64	3112	nuc	nuc	0.91
MET	7, 128	2136	MET	17, 64	3112	nuc	nuc	0.93
ARG	7, 129	2137	MET	17, 64	3112	nuc	nuc	0.9
ASP	17, 60	3108	MET	17, 64	3112	nuc	nuc	0.99
PHE	17, 61	3109	MET	17, 64	3112	nuc	nuc	1
GLU	17, 62	3110	MET	17, 64	3112	nuc	nuc	0.97
ALA	17, 63	3111	MET	17, 64	3112	nuc	nuc	1
PHE	17, 61	3109	ARG	17, 65	3113	nuc	nuc	0.99
GLU	17, 62	3110	ARG	17, 65	3113	nuc	nuc	0.99
ALA	17, 63	3111	ARG	17, 65	3113	nuc	nuc	0.98
MET	17, 64	3112	ARG	17, 65	3113	nuc	nuc	1
GLU	17, 62	3110	ALA	17, 66	3114	nuc	nuc	0.97
ALA	17, 63	3111	ALA	17, 66	3114	nuc	nuc	0.99
MET	17, 64	3112	ALA	17, 66	3114	nuc	nuc	0.97
ARG	17, 65	3113	ALA	17, 66	3114	nuc	nuc	1
ASP	7, 127	2135	ALA	17, 67	3115	nuc	nuc	0.98
MET	7, 128	2136	ALA	17, 67	3115	nuc	nuc	0.54
ALA	17, 63	3111	ALA	17, 67	3115	nuc	nuc	0.95
MET	17, 64	3112	ALA	17, 67	3115	nuc	nuc	0.99
ARG	17, 65	3113	ALA	17, 67	3115	nuc	nuc	0.98
ALA	17, 66	3114	ALA	17, 67	3115	nuc	nuc	1
ASP	7, 127	2135	GLY	17, 68	3116	nuc	nuc	0.74
MET	17, 64	3112	GLY	17, 68	3116	nuc	nuc	0.91
ARG	17, 65	3113	GLY	17, 68	3116	nuc	nuc	0.97
ALA	17, 66	3114	GLY	17, 68	3116	nuc	nuc	0.99
ALA	17, 67	3115	GLY	17, 68	3116	nuc	nuc	1
GLY	3, 189	1221	VAL	17, 69	3117	mit	nuc	0.77
VAL	3, 190	1222	VAL	17, 69	3117	mit	nuc	0.94
ARG	7, 124	2132	VAL	17, 69	3117	nuc	nuc	0.62
ASP	7, 127	2135	VAL	17, 69	3117	nuc	nuc	0.94
MET	7, 128	2136	VAL	17, 69	3117	nuc	nuc	0.97
MET	17, 64	3112	VAL	17, 69	3117	nuc	nuc	0.97
ARG	17, 65	3113	VAL	17, 69	3117	nuc	nuc	0.66
ALA	17, 67	3115	VAL	17, 69	3117	nuc	nuc	0.99
GLY	17, 68	3116	VAL	17, 69	3117	nuc	nuc	1
GLY	3, 189	1221	PHE	17, 70	3118	mit	nuc	0.61
VAL	3, 190	1222	PHE	17, 70	3118	mit	nuc	0.69
GLU	3, 211	1243	PHE	17, 70	3118	mit	nuc	0.96
THR	3, 213	1245	PHE	17, 70	3118	mit	nuc	0.93
MET	17, 64	3112	PHE	17, 70	3118	nuc	nuc	0.94
ARG	17, 65	3113	PHE	17, 70	3118	nuc	nuc	0.95
GLY	17, 68	3116	PHE	17, 70	3118	nuc	nuc	0.99
VAL	17, 69	3117	PHE	17, 70	3118	nuc	nuc	1
ARG	3, 140	1172	GLU	17, 71	3119	mit	nuc	0.94
VAL	3, 142	1174	GLU	17, 71	3119	mit	nuc	0.67
GLU	3, 211	1243	GLU	17, 71	3119	mit	nuc	0.91
PHE	17, 70	3118	GLU	17, 71	3119	nuc	nuc	1
VAL	3, 142	1174	SER	17, 72	3120	mit	nuc	0.95
GLU	3, 211	1243	SER	17, 72	3120	mit	nuc	0.88
THR	3, 213	1245	SER	17, 72	3120	mit	nuc	0.93
HIS	3, 217	1249	SER	17, 72	3120	mit	nuc	0.93
PHE	3, 218	1250	SER	17, 72	3120	mit	nuc	0.77
ALA	3, 220	1252	SER	17, 72	3120	mit	nuc	0.63
TRP	3, 221	1253	SER	17, 72	3120	mit	nuc	0.95
PHE	17, 70	3118	SER	17, 72	3120	nuc	nuc	0.99
GLU	17, 71	3119	SER	17, 72	3120	nuc	nuc	1
THR	3, 213	1245	ALA	17, 73	3121	mit	nuc	0.9
HIS	3, 217	1249	ALA	17, 73	3121	mit	nuc	0.94
ARG	17, 65	3113	ALA	17, 73	3121	nuc	nuc	0.92
PHE	17, 70	3118	ALA	17, 73	3121	nuc	nuc	0.95
GLU	17, 71	3119	ALA	17, 73	3121	nuc	nuc	0.57
SER	17, 72	3120	ALA	17, 73	3121	nuc	nuc	1
ARG	17, 65	3113	PRO	17, 74	3122	nuc	nuc	0.53
GLY	17, 68	3116	PRO	17, 74	3122	nuc	nuc	0.71
PHE	17, 70	3118	PRO	17, 74	3122	nuc	nuc	0.73
ALA	17, 73	3121	PRO	17, 74	3122	nuc	nuc	1
ARG	17, 65	3113	PRO	17, 75	3123	nuc	nuc	0.9
ALA	17, 66	3114	PRO	17, 75	3123	nuc	nuc	0.83
GLY	17, 68	3116	PRO	17, 75	3123	nuc	nuc	0.89
ALA	17, 73	3121	PRO	17, 75	3123	nuc	nuc	0.52
PRO	17, 74	3122	PRO	17, 75	3123	nuc	nuc	1
ALA	17, 66	3114	LYS	17, 76	3124	nuc	nuc	0.53
PRO	17, 74	3122	LYS	17, 76	3124	nuc	nuc	0.68
PRO	17, 75	3123	LYS	17, 76	3124	nuc	nuc	1
SER	18, 1	3125	SER	18, 2	3126	nuc	nuc	1
SER	18, 1	3125	ALA	18, 3	3127	nuc	nuc	0.79
SER	18, 2	3126	ALA	18, 3	3127	nuc	nuc	1
GLN	10, 87	2502	LEU	18, 4	3128	nuc	nuc	0.76
SER	18, 2	3126	LEU	18, 4	3128	nuc	nuc	0.67
ALA	18, 3	3127	LEU	18, 4	3128	nuc	nuc	1
GLU	10, 80	2495	LEU	18, 5	3129	nuc	nuc	0.57
PRO	10, 83	2498	LEU	18, 5	3129	nuc	nuc	0.79
TYR	10, 84	2499	LEU	18, 5	3129	nuc	nuc	0.88
GLN	10, 87	2502	LEU	18, 5	3129	nuc	nuc	0.83
ALA	18, 3	3127	LEU	18, 5	3129	nuc	nuc	0.61
LEU	18, 4	3128	LEU	18, 5	3129	nuc	nuc	1
LEU	18, 4	3128	PRO	18, 6	3130	nuc	nuc	0.71
LEU	18, 5	3129	PRO	18, 6	3130	nuc	nuc	1
TYR	10, 84	2499	LYS	18, 7	3131	nuc	nuc	0.85
PRO	18, 6	3130	LYS	18, 7	3131	nuc	nuc	1
HIS	10, 78	2493	PRO	18, 8	3132	nuc	nuc	0.76
GLU	10, 80	2495	PRO	18, 8	3132	nuc	nuc	0.93
ILE	10, 81	2496	PRO	18, 8	3132	nuc	nuc	0.93
TYR	10, 84	2499	PRO	18, 8	3132	nuc	nuc	0.9
PRO	18, 6	3130	PRO	18, 8	3132	nuc	nuc	0.93
LYS	18, 7	3131	PRO	18, 8	3132	nuc	nuc	1
PRO	18, 8	3132	GLN	18, 9	3133	nuc	nuc	1
LEU	10, 41	2456	MET	18, 10	3134	nuc	nuc	0.9
VAL	10, 42	2457	MET	18, 10	3134	nuc	nuc	0.95
GLU	10, 44	2459	MET	18, 10	3134	nuc	nuc	0.9
ILE	10, 81	2496	MET	18, 10	3134	nuc	nuc	0.91
LYS	18, 7	3131	MET	18, 10	3134	nuc	nuc	0.59
PRO	18, 8	3132	MET	18, 10	3134	nuc	nuc	0.96
GLN	18, 9	3133	MET	18, 10	3134	nuc	nuc	1
ASP	10, 8	2423	ARG	18, 11	3135	nuc	nuc	0.88
ASP	10, 40	2455	ARG	18, 11	3135	nuc	nuc	0.71
LEU	10, 41	2456	ARG	18, 11	3135	nuc	nuc	0.95
VAL	10, 42	2457	ARG	18, 11	3135	nuc	nuc	0.67
GLN	18, 9	3133	ARG	18, 11	3135	nuc	nuc	0.94
MET	18, 10	3134	ARG	18, 11	3135	nuc	nuc	1
ASP	10, 40	2455	ARG	18, 12	3136	nuc	nuc	0.94
LEU	10, 41	2456	ARG	18, 12	3136	nuc	nuc	0.84
ARG	18, 11	3135	ARG	18, 12	3136	nuc	nuc	1
LEU	4, 50	1309	LEU	18, 13	3137	mit	nuc	0.94
ASP	10, 40	2455	LEU	18, 13	3137	nuc	nuc	0.92
LEU	10, 41	2456	LEU	18, 13	3137	nuc	nuc	0.63
VAL	10, 42	2457	LEU	18, 13	3137	nuc	nuc	0.68
HIS	10, 78	2493	LEU	18, 13	3137	nuc	nuc	0.87
GLN	18, 9	3133	LEU	18, 13	3137	nuc	nuc	0.89
MET	18, 10	3134	LEU	18, 13	3137	nuc	nuc	0.71
ARG	18, 11	3135	LEU	18, 13	3137	nuc	nuc	0.93
ARG	18, 12	3136	LEU	18, 13	3137	nuc	nuc	1
GLY	2, 330	846	LEU	18, 14	3138	mit	nuc	0.93
GLU	4, 48	1307	LEU	18, 14	3138	mit	nuc	0.61
LEU	4, 50	1309	LEU	18, 14	3138	mit	nuc	0.96
SER	4, 51	1310	LEU	18, 14	3138	mit	nuc	0.54
SER	4, 52	1311	LEU	18, 14	3138	mit	nuc	0.96
ASP	10, 40	2455	LEU	18, 14	3138	nuc	nuc	0.95
ARG	18, 12	3136	LEU	18, 14	3138	nuc	nuc	0.95
LEU	18, 13	3137	LEU	18, 14	3138	nuc	nuc	1
ASP	10, 40	2455	ALA	18, 15	3139	nuc	nuc	0.9
ARG	18, 12	3136	ALA	18, 15	3139	nuc	nuc	0.98
LEU	18, 13	3137	ALA	18, 15	3139	nuc	nuc	0.96
LEU	18, 14	3138	ALA	18, 15	3139	nuc	nuc	1
ARG	18, 12	3136	ARG	18, 16	3140	nuc	nuc	0.98
LEU	18, 13	3137	ARG	18, 16	3140	nuc	nuc	0.99
LEU	18, 14	3138	ARG	18, 16	3140	nuc	nuc	0.98
ALA	18, 15	3139	ARG	18, 16	3140	nuc	nuc	1
GLU	4, 48	1307	ARG	18, 17	3141	mit	nuc	0.73
LEU	4, 50	1309	ARG	18, 17	3141	mit	nuc	0.83
LEU	18, 13	3137	ARG	18, 17	3141	nuc	nuc	0.97
LEU	18, 14	3138	ARG	18, 17	3141	nuc	nuc	0.99
ALA	18, 15	3139	ARG	18, 17	3141	nuc	nuc	0.98
ARG	18, 16	3140	ARG	18, 17	3141	nuc	nuc	1
HIS	2, 329	845	MET	18, 18	3142	mit	nuc	0.86
LEU	18, 14	3138	MET	18, 18	3142	nuc	nuc	0.99
ALA	18, 15	3139	MET	18, 18	3142	nuc	nuc	1
ARG	18, 16	3140	MET	18, 18	3142	nuc	nuc	0.99
ARG	18, 17	3141	MET	18, 18	3142	nuc	nuc	1
ALA	18, 15	3139	LYS	18, 19	3143	nuc	nuc	0.98
ARG	18, 16	3140	LYS	18, 19	3143	nuc	nuc	0.99
ARG	18, 17	3141	LYS	18, 19	3143	nuc	nuc	0.96
MET	18, 18	3142	LYS	18, 19	3143	nuc	nuc	1
ARG	18, 16	3140	PHE	18, 20	3144	nuc	nuc	0.97
ARG	18, 17	3141	PHE	18, 20	3144	nuc	nuc	0.99
MET	18, 18	3142	PHE	18, 20	3144	nuc	nuc	0.98
LYS	18, 19	3143	PHE	18, 20	3144	nuc	nuc	1
TYR	4, 40	1299	HIS	18, 21	3145	mit	nuc	0.51
LEU	4, 44	1303	HIS	18, 21	3145	mit	nuc	0.98
ARG	18, 17	3141	HIS	18, 21	3145	nuc	nuc	0.99
MET	18, 18	3142	HIS	18, 21	3145	nuc	nuc	0.99
LYS	18, 19	3143	HIS	18, 21	3145	nuc	nuc	0.82
PHE	18, 20	3144	HIS	18, 21	3145	nuc	nuc	1
MET	18, 18	3142	LEU	18, 22	3146	nuc	nuc	0.99
LYS	18, 19	3143	LEU	18, 22	3146	nuc	nuc	1
PHE	18, 20	3144	LEU	18, 22	3146	nuc	nuc	0.99
HIS	18, 21	3145	LEU	18, 22	3146	nuc	nuc	1
LYS	18, 19	3143	PHE	18, 23	3147	nuc	nuc	0.95
PHE	18, 20	3144	PHE	18, 23	3147	nuc	nuc	0.99
HIS	18, 21	3145	PHE	18, 23	3147	nuc	nuc	0.98
LEU	18, 22	3146	PHE	18, 23	3147	nuc	nuc	1
TYR	4, 40	1299	GLY	18, 24	3148	mit	nuc	0.71
PHE	18, 20	3144	GLY	18, 24	3148	nuc	nuc	0.92
HIS	18, 21	3145	GLY	18, 24	3148	nuc	nuc	0.99
LEU	18, 22	3146	GLY	18, 24	3148	nuc	nuc	1
PHE	18, 23	3147	GLY	18, 24	3148	nuc	nuc	1
LEU	4, 37	1296	ALA	18, 25	3149	mit	nuc	0.98
TYR	4, 40	1299	ALA	18, 25	3149	mit	nuc	0.98
LEU	4, 41	1300	ALA	18, 25	3149	mit	nuc	0.98
LEU	4, 44	1303	ALA	18, 25	3149	mit	nuc	0.84
HIS	18, 21	3145	ALA	18, 25	3149	nuc	nuc	0.99
LEU	18, 22	3146	ALA	18, 25	3149	nuc	nuc	1
PHE	18, 23	3147	ALA	18, 25	3149	nuc	nuc	0.99
GLY	18, 24	3148	ALA	18, 25	3149	nuc	nuc	1
LEU	4, 37	1296	PHE	18, 26	3150	mit	nuc	0.88
LEU	18, 22	3146	PHE	18, 26	3150	nuc	nuc	0.99
PHE	18, 23	3147	PHE	18, 26	3150	nuc	nuc	1
GLY	18, 24	3148	PHE	18, 26	3150	nuc	nuc	1
ALA	18, 25	3149	PHE	18, 26	3150	nuc	nuc	1
PHE	18, 23	3147	LEU	18, 27	3151	nuc	nuc	0.98
GLY	18, 24	3148	LEU	18, 27	3151	nuc	nuc	1
ALA	18, 25	3149	LEU	18, 27	3151	nuc	nuc	0.99
PHE	18, 26	3150	LEU	18, 27	3151	nuc	nuc	1
SER	4, 36	1295	VAL	18, 28	3152	mit	nuc	0.97
LEU	4, 37	1296	VAL	18, 28	3152	mit	nuc	0.74
TYR	4, 40	1299	VAL	18, 28	3152	mit	nuc	0.97
GLY	18, 24	3148	VAL	18, 28	3152	nuc	nuc	0.99
ALA	18, 25	3149	VAL	18, 28	3152	nuc	nuc	1
PHE	18, 26	3150	VAL	18, 28	3152	nuc	nuc	0.97
LEU	18, 27	3151	VAL	18, 28	3152	nuc	nuc	1
ALA	4, 33	1292	SER	18, 29	3153	mit	nuc	0.99
ILE	4, 34	1293	SER	18, 29	3153	mit	nuc	0.83
SER	4, 36	1295	SER	18, 29	3153	mit	nuc	0.98
LEU	4, 37	1296	SER	18, 29	3153	mit	nuc	0.99
TYR	4, 40	1299	SER	18, 29	3153	mit	nuc	0.83
ALA	18, 25	3149	SER	18, 29	3153	nuc	nuc	0.99
PHE	18, 26	3150	SER	18, 29	3153	nuc	nuc	1
LEU	18, 27	3151	SER	18, 29	3153	nuc	nuc	0.99
VAL	18, 28	3152	SER	18, 29	3153	nuc	nuc	1
ALA	4, 33	1292	LEU	18, 30	3154	mit	nuc	0.88
PHE	18, 26	3150	LEU	18, 30	3154	nuc	nuc	0.99
LEU	18, 27	3151	LEU	18, 30	3154	nuc	nuc	1
VAL	18, 28	3152	LEU	18, 30	3154	nuc	nuc	0.98
SER	18, 29	3153	LEU	18, 30	3154	nuc	nuc	1
LEU	18, 27	3151	GLY	18, 31	3155	nuc	nuc	0.99
VAL	18, 28	3152	GLY	18, 31	3155	nuc	nuc	1
SER	18, 29	3153	GLY	18, 31	3155	nuc	nuc	1
LEU	18, 30	3154	GLY	18, 31	3155	nuc	nuc	1
LEU	4, 32	1291	CYS	18, 32	3156	mit	nuc	0.98
ALA	4, 33	1292	CYS	18, 32	3156	mit	nuc	0.97
SER	4, 36	1295	CYS	18, 32	3156	mit	nuc	0.99
VAL	18, 28	3152	CYS	18, 32	3156	nuc	nuc	0.99
SER	18, 29	3153	CYS	18, 32	3156	nuc	nuc	1
LEU	18, 30	3154	CYS	18, 32	3156	nuc	nuc	0.98
GLY	18, 31	3155	CYS	18, 32	3156	nuc	nuc	1
MET	4, 29	1288	ALA	18, 33	3157	mit	nuc	0.98
VAL	4, 30	1289	ALA	18, 33	3157	mit	nuc	0.84
LEU	4, 32	1291	ALA	18, 33	3157	mit	nuc	0.95
ALA	4, 33	1292	ALA	18, 33	3157	mit	nuc	0.99
SER	18, 29	3153	ALA	18, 33	3157	nuc	nuc	0.99
LEU	18, 30	3154	ALA	18, 33	3157	nuc	nuc	1
GLY	18, 31	3155	ALA	18, 33	3157	nuc	nuc	1
CYS	18, 32	3156	ALA	18, 33	3157	nuc	nuc	1
LEU	18, 30	3154	ALA	18, 34	3158	nuc	nuc	0.99
GLY	18, 31	3155	ALA	18, 34	3158	nuc	nuc	1
CYS	18, 32	3156	ALA	18, 34	3158	nuc	nuc	0.99
ALA	18, 33	3157	ALA	18, 34	3158	nuc	nuc	1
GLY	18, 31	3155	LEU	18, 35	3159	nuc	nuc	0.99
CYS	18, 32	3156	LEU	18, 35	3159	nuc	nuc	1
ALA	18, 33	3157	LEU	18, 35	3159	nuc	nuc	0.98
ALA	18, 34	3158	LEU	18, 35	3159	nuc	nuc	1
ASP	4, 25	1284	TYR	18, 36	3160	mit	nuc	0.59
LEU	4, 28	1287	TYR	18, 36	3160	mit	nuc	0.94
MET	4, 29	1288	TYR	18, 36	3160	mit	nuc	0.99
LEU	4, 32	1291	TYR	18, 36	3160	mit	nuc	0.97
CYS	18, 32	3156	TYR	18, 36	3160	nuc	nuc	0.99
ALA	18, 33	3157	TYR	18, 36	3160	nuc	nuc	1
ALA	18, 34	3158	TYR	18, 36	3160	nuc	nuc	0.98
LEU	18, 35	3159	TYR	18, 36	3160	nuc	nuc	1
MET	4, 29	1288	LYS	18, 37	3161	mit	nuc	0.97
ALA	18, 33	3157	LYS	18, 37	3161	nuc	nuc	0.99
ALA	18, 34	3158	LYS	18, 37	3161	nuc	nuc	1
LEU	18, 35	3159	LYS	18, 37	3161	nuc	nuc	0.98
TYR	18, 36	3160	LYS	18, 37	3161	nuc	nuc	1
ALA	18, 34	3158	PHE	18, 38	3162	nuc	nuc	0.98
LEU	18, 35	3159	PHE	18, 38	3162	nuc	nuc	0.99
TYR	18, 36	3160	PHE	18, 38	3162	nuc	nuc	0.67
LYS	18, 37	3161	PHE	18, 38	3162	nuc	nuc	1
LEU	18, 35	3159	GLY	18, 39	3163	nuc	nuc	0.99
TYR	18, 36	3160	GLY	18, 39	3163	nuc	nuc	0.99
LYS	18, 37	3161	GLY	18, 39	3163	nuc	nuc	0.99
PHE	18, 38	3162	GLY	18, 39	3163	nuc	nuc	1
ASP	4, 25	1284	VAL	18, 40	3164	mit	nuc	0.91
TYR	18, 36	3160	VAL	18, 40	3164	nuc	nuc	0.99
LYS	18, 37	3161	VAL	18, 40	3164	nuc	nuc	0.76
GLY	18, 39	3163	VAL	18, 40	3164	nuc	nuc	1
GLU	4, 22	1281	ALA	18, 41	3165	mit	nuc	0.64
ASP	4, 25	1284	ALA	18, 41	3165	mit	nuc	0.99
HIS	4, 26	1285	ALA	18, 41	3165	mit	nuc	0.85
MET	4, 29	1288	ALA	18, 41	3165	mit	nuc	0.94
TYR	18, 36	3160	ALA	18, 41	3165	nuc	nuc	0.98
LYS	18, 37	3161	ALA	18, 41	3165	nuc	nuc	0.99
PHE	18, 38	3162	ALA	18, 41	3165	nuc	nuc	0.71
GLY	18, 39	3163	ALA	18, 41	3165	nuc	nuc	0.99
VAL	18, 40	3164	ALA	18, 41	3165	nuc	nuc	1
LYS	18, 37	3161	GLU	18, 42	3166	nuc	nuc	0.97
PHE	18, 38	3162	GLU	18, 42	3166	nuc	nuc	0.98
GLY	18, 39	3163	GLU	18, 42	3166	nuc	nuc	0.98
VAL	18, 40	3164	GLU	18, 42	3166	nuc	nuc	0.57
ALA	18, 41	3165	GLU	18, 42	3166	nuc	nuc	1
GLY	18, 39	3163	PRO	18, 43	3167	nuc	nuc	0.98
VAL	18, 40	3164	PRO	18, 43	3167	nuc	nuc	0.98
ALA	18, 41	3165	PRO	18, 43	3167	nuc	nuc	0.97
GLU	18, 42	3166	PRO	18, 43	3167	nuc	nuc	1
VAL	4, 21	1280	ARG	18, 44	3168	mit	nuc	0.86
ASP	4, 25	1284	ARG	18, 44	3168	mit	nuc	0.95
GLU	8, 134	2291	ARG	18, 44	3168	nuc	nuc	0.91
VAL	18, 40	3164	ARG	18, 44	3168	nuc	nuc	0.98
ALA	18, 41	3165	ARG	18, 44	3168	nuc	nuc	0.99
GLU	18, 42	3166	ARG	18, 44	3168	nuc	nuc	0.99
PRO	18, 43	3167	ARG	18, 44	3168	nuc	nuc	1
GLU	4, 22	1281	LYS	18, 45	3169	mit	nuc	0.94
ALA	18, 41	3165	LYS	18, 45	3169	nuc	nuc	0.97
GLU	18, 42	3166	LYS	18, 45	3169	nuc	nuc	0.99
PRO	18, 43	3167	LYS	18, 45	3169	nuc	nuc	0.98
ARG	18, 44	3168	LYS	18, 45	3169	nuc	nuc	1
GLU	18, 42	3166	ARG	18, 46	3170	nuc	nuc	0.98
PRO	18, 43	3167	ARG	18, 46	3170	nuc	nuc	0.99
ARG	18, 44	3168	ARG	18, 46	3170	nuc	nuc	0.99
LYS	18, 45	3169	ARG	18, 46	3170	nuc	nuc	1
VAL	8, 133	2290	ALA	18, 47	3171	nuc	nuc	0.96
GLU	8, 134	2291	ALA	18, 47	3171	nuc	nuc	0.96
PRO	18, 43	3167	ALA	18, 47	3171	nuc	nuc	0.99
ARG	18, 44	3168	ALA	18, 47	3171	nuc	nuc	1
LYS	18, 45	3169	ALA	18, 47	3171	nuc	nuc	0.99
ARG	18, 46	3170	ALA	18, 47	3171	nuc	nuc	1
ALA	4, 12	1271	TYR	18, 48	3172	mit	nuc	0.82
GLU	4, 18	1277	TYR	18, 48	3172	mit	nuc	0.96
VAL	8, 133	2290	TYR	18, 48	3172	nuc	nuc	0.95
ARG	18, 44	3168	TYR	18, 48	3172	nuc	nuc	0.99
LYS	18, 45	3169	TYR	18, 48	3172	nuc	nuc	1
ARG	18, 46	3170	TYR	18, 48	3172	nuc	nuc	0.97
ALA	18, 47	3171	TYR	18, 48	3172	nuc	nuc	1
LYS	18, 45	3169	ALA	18, 49	3173	nuc	nuc	0.98
ARG	18, 46	3170	ALA	18, 49	3173	nuc	nuc	1
ALA	18, 47	3171	ALA	18, 49	3173	nuc	nuc	0.99
TYR	18, 48	3172	ALA	18, 49	3173	nuc	nuc	1
ARG	18, 46	3170	GLU	18, 50	3174	nuc	nuc	0.99
ALA	18, 47	3171	GLU	18, 50	3174	nuc	nuc	0.99
TYR	18, 48	3172	GLU	18, 50	3174	nuc	nuc	0.95
ALA	18, 49	3173	GLU	18, 50	3174	nuc	nuc	1
PRO	8, 132	2289	PHE	18, 51	3175	nuc	nuc	0.83
VAL	8, 133	2290	PHE	18, 51	3175	nuc	nuc	0.94
ALA	18, 47	3171	PHE	18, 51	3175	nuc	nuc	0.99
TYR	18, 48	3172	PHE	18, 51	3175	nuc	nuc	0.99
ALA	18, 49	3173	PHE	18, 51	3175	nuc	nuc	0.98
GLU	18, 50	3174	PHE	18, 51	3175	nuc	nuc	1
THR	4, 186	1445	TYR	18, 52	3176	mit	nuc	0.58
TYR	18, 48	3172	TYR	18, 52	3176	nuc	nuc	0.98
ALA	18, 49	3173	TYR	18, 52	3176	nuc	nuc	0.98
GLU	18, 50	3174	TYR	18, 52	3176	nuc	nuc	0.71
PHE	18, 51	3175	TYR	18, 52	3176	nuc	nuc	1
ALA	18, 49	3173	LYS	18, 53	3177	nuc	nuc	0.95
GLU	18, 50	3174	LYS	18, 53	3177	nuc	nuc	0.98
PHE	18, 51	3175	LYS	18, 53	3177	nuc	nuc	0.96
TYR	18, 52	3176	LYS	18, 53	3177	nuc	nuc	1
LYS	18, 53	3177	ASN	18, 54	3178	nuc	nuc	1
ARG	4, 187	1446	TYR	18, 55	3179	mit	nuc	0.52
PHE	18, 51	3175	TYR	18, 55	3179	nuc	nuc	0.97
TYR	18, 52	3176	TYR	18, 55	3179	nuc	nuc	0.98
LYS	18, 53	3177	TYR	18, 55	3179	nuc	nuc	0.96
ASN	18, 54	3178	TYR	18, 55	3179	nuc	nuc	1
ASN	18, 54	3178	ASP	18, 56	3180	nuc	nuc	0.8
TYR	18, 55	3179	ASP	18, 56	3180	nuc	nuc	1
MET	4, 145	1404	PRO	18, 57	3181	mit	nuc	0.9
GLU	4, 146	1405	PRO	18, 57	3181	mit	nuc	0.75
THR	4, 186	1445	PRO	18, 57	3181	mit	nuc	0.53
ARG	4, 187	1446	PRO	18, 57	3181	mit	nuc	0.88
PRO	4, 188	1447	PRO	18, 57	3181	mit	nuc	0.93
TYR	18, 55	3179	PRO	18, 57	3181	nuc	nuc	0.99
ASP	18, 56	3180	PRO	18, 57	3181	nuc	nuc	1
PRO	4, 214	1473	MET	18, 58	3182	mit	nuc	0.78
ASP	18, 56	3180	MET	18, 58	3182	nuc	nuc	0.99
PRO	18, 57	3181	MET	18, 58	3182	nuc	nuc	1
ASP	18, 56	3180	LYS	18, 59	3183	nuc	nuc	0.99
PRO	18, 57	3181	LYS	18, 59	3183	nuc	nuc	0.94
MET	18, 58	3182	LYS	18, 59	3183	nuc	nuc	1
ARG	4, 187	1446	ASP	18, 60	3184	mit	nuc	0.85
PRO	4, 188	1447	ASP	18, 60	3184	mit	nuc	0.95
ARG	8, 129	2286	ASP	18, 60	3184	nuc	nuc	0.91
TYR	18, 55	3179	ASP	18, 60	3184	nuc	nuc	0.8
ASP	18, 56	3180	ASP	18, 60	3184	nuc	nuc	0.94
PRO	18, 57	3181	ASP	18, 60	3184	nuc	nuc	0.99
MET	18, 58	3182	ASP	18, 60	3184	nuc	nuc	0.97
LYS	18, 59	3183	ASP	18, 60	3184	nuc	nuc	1
PRO	4, 188	1447	PHE	18, 61	3185	mit	nuc	0.97
THR	4, 213	1472	PHE	18, 61	3185	mit	nuc	0.83
PRO	4, 214	1473	PHE	18, 61	3185	mit	nuc	0.95
PRO	18, 57	3181	PHE	18, 61	3185	nuc	nuc	0.98
MET	18, 58	3182	PHE	18, 61	3185	nuc	nuc	0.99
LYS	18, 59	3183	PHE	18, 61	3185	nuc	nuc	0.99
ASP	18, 60	3184	PHE	18, 61	3185	nuc	nuc	1
MET	18, 58	3182	GLU	18, 62	3186	nuc	nuc	0.97
LYS	18, 59	3183	GLU	18, 62	3186	nuc	nuc	0.99
ASP	18, 60	3184	GLU	18, 62	3186	nuc	nuc	0.96
PHE	18, 61	3185	GLU	18, 62	3186	nuc	nuc	1
LYS	18, 59	3183	ALA	18, 63	3187	nuc	nuc	0.97
ASP	18, 60	3184	ALA	18, 63	3187	nuc	nuc	1
PHE	18, 61	3185	ALA	18, 63	3187	nuc	nuc	0.98
GLU	18, 62	3186	ALA	18, 63	3187	nuc	nuc	1
PRO	4, 188	1447	MET	18, 64	3188	mit	nuc	0.91
GLY	4, 189	1448	MET	18, 64	3188	mit	nuc	0.95
ASP	8, 127	2284	MET	18, 64	3188	nuc	nuc	0.91
MET	8, 128	2285	MET	18, 64	3188	nuc	nuc	0.92
ARG	8, 129	2286	MET	18, 64	3188	nuc	nuc	0.89
ASP	18, 60	3184	MET	18, 64	3188	nuc	nuc	0.99
PHE	18, 61	3185	MET	18, 64	3188	nuc	nuc	1
GLU	18, 62	3186	MET	18, 64	3188	nuc	nuc	0.97
ALA	18, 63	3187	MET	18, 64	3188	nuc	nuc	1
PHE	18, 61	3185	ARG	18, 65	3189	nuc	nuc	0.98
GLU	18, 62	3186	ARG	18, 65	3189	nuc	nuc	0.99
ALA	18, 63	3187	ARG	18, 65	3189	nuc	nuc	0.98
MET	18, 64	3188	ARG	18, 65	3189	nuc	nuc	1
GLU	18, 62	3186	ALA	18, 66	3190	nuc	nuc	0.97
ALA	18, 63	3187	ALA	18, 66	3190	nuc	nuc	0.99
MET	18, 64	3188	ALA	18, 66	3190	nuc	nuc	0.97
ARG	18, 65	3189	ALA	18, 66	3190	nuc	nuc	1
ASP	8, 127	2284	ALA	18, 67	3191	nuc	nuc	0.97
MET	8, 128	2285	ALA	18, 67	3191	nuc	nuc	0.53
ALA	18, 63	3187	ALA	18, 67	3191	nuc	nuc	0.95
MET	18, 64	3188	ALA	18, 67	3191	nuc	nuc	0.99
ARG	18, 65	3189	ALA	18, 67	3191	nuc	nuc	0.97
ALA	18, 66	3190	ALA	18, 67	3191	nuc	nuc	1
ASP	8, 127	2284	GLY	18, 68	3192	nuc	nuc	0.73
MET	18, 64	3188	GLY	18, 68	3192	nuc	nuc	0.91
ARG	18, 65	3189	GLY	18, 68	3192	nuc	nuc	0.97
ALA	18, 66	3190	GLY	18, 68	3192	nuc	nuc	0.99
ALA	18, 67	3191	GLY	18, 68	3192	nuc	nuc	1
GLY	4, 189	1448	VAL	18, 69	3193	mit	nuc	0.76
VAL	4, 190	1449	VAL	18, 69	3193	mit	nuc	0.93
ARG	8, 124	2281	VAL	18, 69	3193	nuc	nuc	0.62
ASP	8, 127	2284	VAL	18, 69	3193	nuc	nuc	0.94
MET	8, 128	2285	VAL	18, 69	3193	nuc	nuc	0.96
MET	18, 64	3188	VAL	18, 69	3193	nuc	nuc	0.97
ARG	18, 65	3189	VAL	18, 69	3193	nuc	nuc	0.65
ALA	18, 67	3191	VAL	18, 69	3193	nuc	nuc	0.99
GLY	18, 68	3192	VAL	18, 69	3193	nuc	nuc	1
GLY	4, 189	1448	PHE	18, 70	3194	mit	nuc	0.61
VAL	4, 190	1449	PHE	18, 70	3194	mit	nuc	0.68
GLU	4, 211	1470	PHE	18, 70	3194	mit	nuc	0.95
THR	4, 213	1472	PHE	18, 70	3194	mit	nuc	0.92
MET	18, 64	3188	PHE	18, 70	3194	nuc	nuc	0.93
ARG	18, 65	3189	PHE	18, 70	3194	nuc	nuc	0.95
GLY	18, 68	3192	PHE	18, 70	3194	nuc	nuc	0.99
VAL	18, 69	3193	PHE	18, 70	3194	nuc	nuc	1
ARG	4, 140	1399	GLU	18, 71	3195	mit	nuc	0.94
VAL	4, 142	1401	GLU	18, 71	3195	mit	nuc	0.66
GLU	4, 211	1470	GLU	18, 71	3195	mit	nuc	0.91
PHE	18, 70	3194	GLU	18, 71	3195	nuc	nuc	1
VAL	4, 142	1401	SER	18, 72	3196	mit	nuc	0.95
GLU	4, 211	1470	SER	18, 72	3196	mit	nuc	0.87
THR	4, 213	1472	SER	18, 72	3196	mit	nuc	0.93
HIS	4, 217	1476	SER	18, 72	3196	mit	nuc	0.93
PHE	4, 218	1477	SER	18, 72	3196	mit	nuc	0.76
ALA	4, 220	1479	SER	18, 72	3196	mit	nuc	0.62
TRP	4, 221	1480	SER	18, 72	3196	mit	nuc	0.95
PHE	18, 70	3194	SER	18, 72	3196	nuc	nuc	0.99
GLU	18, 71	3195	SER	18, 72	3196	nuc	nuc	1
THR	4, 213	1472	ALA	18, 73	3197	mit	nuc	0.9
HIS	4, 217	1476	ALA	18, 73	3197	mit	nuc	0.94
ARG	18, 65	3189	ALA	18, 73	3197	nuc	nuc	0.92
PHE	18, 70	3194	ALA	18, 73	3197	nuc	nuc	0.95
GLU	18, 71	3195	ALA	18, 73	3197	nuc	nuc	0.56
SER	18, 72	3196	ALA	18, 73	3197	nuc	nuc	1
ARG	18, 65	3189	PRO	18, 74	3198	nuc	nuc	0.53
GLY	18, 68	3192	PRO	18, 74	3198	nuc	nuc	0.71
PHE	18, 70	3194	PRO	18, 74	3198	nuc	nuc	0.74
ALA	18, 73	3197	PRO	18, 74	3198	nuc	nuc	1
ARG	18, 65	3189	PRO	18, 75	3199	nuc	nuc	0.9
ALA	18, 66	3190	PRO	18, 75	3199	nuc	nuc	0.82
GLY	18, 68	3192	PRO	18, 75	3199	nuc	nuc	0.89
ALA	18, 73	3197	PRO	18, 75	3199	nuc	nuc	0.53
PRO	18, 74	3198	PRO	18, 75	3199	nuc	nuc	1
ALA	18, 66	3190	LYS	18, 76	3200	nuc	nuc	0.53
PRO	18, 74	3198	LYS	18, 76	3200	nuc	nuc	0.68
PRO	18, 75	3199	LYS	18, 76	3200	nuc	nuc	1
LEU	19, 1	3201	GLU	19, 2	3202	nuc	nuc	1
PHE	5, 225	1711	ASN	19, 3	3203	mit	nuc	0.92
ALA	11, 7	2531	ASN	19, 3	3203	nuc	nuc	0.79
GLU	19, 2	3202	ASN	19, 3	3203	nuc	nuc	1
LYS	5, 224	1710	ARG	19, 4	3204	mit	nuc	0.66
GLU	19, 2	3202	ARG	19, 4	3204	nuc	nuc	0.93
ASN	19, 3	3203	ARG	19, 4	3204	nuc	nuc	1
THR	5, 66	1552	VAL	19, 5	3205	mit	nuc	0.89
PHE	5, 67	1553	VAL	19, 5	3205	mit	nuc	0.78
LYS	5, 224	1710	VAL	19, 5	3205	mit	nuc	0.71
PHE	5, 225	1711	VAL	19, 5	3205	mit	nuc	0.93
HIS	5, 226	1712	VAL	19, 5	3205	mit	nuc	0.9
ALA	11, 7	2531	VAL	19, 5	3205	nuc	nuc	0.65
GLN	11, 12	2536	VAL	19, 5	3205	nuc	nuc	0.92
ASN	19, 3	3203	VAL	19, 5	3205	nuc	nuc	0.98
ARG	19, 4	3204	VAL	19, 5	3205	nuc	nuc	1
GLN	11, 12	2536	PRO	19, 6	3206	nuc	nuc	0.68
ASN	19, 3	3203	PRO	19, 6	3206	nuc	nuc	0.84
ARG	19, 4	3204	PRO	19, 6	3206	nuc	nuc	0.95
VAL	19, 5	3205	PRO	19, 6	3206	nuc	nuc	1
ARG	19, 4	3204	GLU	19, 7	3207	nuc	nuc	0.94
VAL	19, 5	3205	GLU	19, 7	3207	nuc	nuc	0.97
PRO	19, 6	3206	GLU	19, 7	3207	nuc	nuc	1
PHE	5, 67	1553	LYS	19, 8	3208	mit	nuc	0.96
ARG	19, 4	3204	LYS	19, 8	3208	nuc	nuc	0.95
VAL	19, 5	3205	LYS	19, 8	3208	nuc	nuc	0.99
PRO	19, 6	3206	LYS	19, 8	3208	nuc	nuc	0.96
GLU	19, 7	3207	LYS	19, 8	3208	nuc	nuc	1
PHE	5, 67	1553	GLN	19, 9	3209	mit	nuc	0.97
GLN	5, 68	1554	GLN	19, 9	3209	mit	nuc	0.59
THR	11, 14	2538	GLN	19, 9	3209	nuc	nuc	0.96
VAL	19, 5	3205	GLN	19, 9	3209	nuc	nuc	0.98
PRO	19, 6	3206	GLN	19, 9	3209	nuc	nuc	0.99
GLU	19, 7	3207	GLN	19, 9	3209	nuc	nuc	0.99
LYS	19, 8	3208	GLN	19, 9	3209	nuc	nuc	1
PRO	19, 6	3206	LYS	19, 10	3210	nuc	nuc	0.95
GLU	19, 7	3207	LYS	19, 10	3210	nuc	nuc	0.99
LYS	19, 8	3208	LYS	19, 10	3210	nuc	nuc	0.98
GLN	19, 9	3209	LYS	19, 10	3210	nuc	nuc	1
PHE	5, 67	1553	LEU	19, 11	3211	mit	nuc	0.62
GLU	19, 7	3207	LEU	19, 11	3211	nuc	nuc	0.96
LYS	19, 8	3208	LEU	19, 11	3211	nuc	nuc	0.99
GLN	19, 9	3209	LEU	19, 11	3211	nuc	nuc	0.98
LYS	19, 10	3210	LEU	19, 11	3211	nuc	nuc	1
ARG	5, 63	1549	PHE	19, 12	3212	mit	nuc	0.94
PHE	5, 67	1553	PHE	19, 12	3212	mit	nuc	0.97
GLN	5, 68	1554	PHE	19, 12	3212	mit	nuc	0.97
LYS	19, 8	3208	PHE	19, 12	3212	nuc	nuc	0.97
GLN	19, 9	3209	PHE	19, 12	3212	nuc	nuc	0.99
LYS	19, 10	3210	PHE	19, 12	3212	nuc	nuc	0.77
LEU	19, 11	3211	PHE	19, 12	3212	nuc	nuc	1
PHE	5, 67	1553	GLN	19, 13	3213	mit	nuc	0.77
GLN	5, 68	1554	GLN	19, 13	3213	mit	nuc	0.94
THR	11, 14	2538	GLN	19, 13	3213	nuc	nuc	0.83
GLY	11, 15	2539	GLN	19, 13	3213	nuc	nuc	0.67
GLN	19, 9	3209	GLN	19, 13	3213	nuc	nuc	0.98
LYS	19, 10	3210	GLN	19, 13	3213	nuc	nuc	0.99
LEU	19, 11	3211	GLN	19, 13	3213	nuc	nuc	0.88
PHE	19, 12	3212	GLN	19, 13	3213	nuc	nuc	1
LYS	19, 10	3210	GLU	19, 14	3214	nuc	nuc	0.92
LEU	19, 11	3211	GLU	19, 14	3214	nuc	nuc	0.97
PHE	19, 12	3212	GLU	19, 14	3214	nuc	nuc	0.95
GLN	19, 13	3213	GLU	19, 14	3214	nuc	nuc	1
GLN	19, 13	3213	ASP	19, 15	3215	nuc	nuc	0.57
GLU	19, 14	3214	ASP	19, 15	3215	nuc	nuc	1
GLU	19, 14	3214	ASN	19, 16	3216	nuc	nuc	0.96
ASP	19, 15	3215	ASN	19, 16	3216	nuc	nuc	1
ASP	19, 15	3215	GLY	19, 17	3217	nuc	nuc	0.98
ASN	19, 16	3216	GLY	19, 17	3217	nuc	nuc	1
ASN	19, 16	3216	LEU	19, 18	3218	nuc	nuc	0.97
GLY	19, 17	3217	LEU	19, 18	3218	nuc	nuc	1
ASP	5, 12	1498	PRO	19, 19	3219	mit	nuc	0.98
PRO	5, 13	1499	PRO	19, 19	3219	mit	nuc	0.87
GLY	19, 17	3217	PRO	19, 19	3219	nuc	nuc	0.92
LEU	19, 18	3218	PRO	19, 19	3219	nuc	nuc	1
ASP	5, 12	1498	VAL	19, 20	3220	mit	nuc	0.96
ASP	5, 60	1546	VAL	19, 20	3220	mit	nuc	0.97
ARG	5, 63	1549	VAL	19, 20	3220	mit	nuc	0.95
GLU	5, 64	1550	VAL	19, 20	3220	mit	nuc	0.93
GLN	5, 68	1554	VAL	19, 20	3220	mit	nuc	0.78
PHE	19, 12	3212	VAL	19, 20	3220	nuc	nuc	0.81
PRO	19, 19	3219	VAL	19, 20	3220	nuc	nuc	1
SER	5, 14	1500	TYR	19, 21	3221	mit	nuc	0.94
PRO	5, 15	1501	TYR	19, 21	3221	mit	nuc	0.92
TRP	5, 16	1502	TYR	19, 21	3221	mit	nuc	0.83
GLN	5, 56	1542	TYR	19, 21	3221	mit	nuc	0.85
ASP	5, 60	1546	TYR	19, 21	3221	mit	nuc	0.95
PRO	19, 19	3219	TYR	19, 21	3221	nuc	nuc	0.99
VAL	19, 20	3220	TYR	19, 21	3221	nuc	nuc	1
LEU	19, 18	3218	LEU	19, 22	3222	nuc	nuc	0.97
PRO	19, 19	3219	LEU	19, 22	3222	nuc	nuc	0.98
VAL	19, 20	3220	LEU	19, 22	3222	nuc	nuc	0.88
TYR	19, 21	3221	LEU	19, 22	3222	nuc	nuc	1
ARG	5, 63	1549	LYS	19, 23	3223	mit	nuc	0.68
LEU	19, 11	3211	LYS	19, 23	3223	nuc	nuc	0.75
PHE	19, 12	3212	LYS	19, 23	3223	nuc	nuc	0.97
GLU	19, 14	3214	LYS	19, 23	3223	nuc	nuc	0.58
ASN	19, 16	3216	LYS	19, 23	3223	nuc	nuc	0.72
LEU	19, 18	3218	LYS	19, 23	3223	nuc	nuc	0.96
PRO	19, 19	3219	LYS	19, 23	3223	nuc	nuc	0.93
VAL	19, 20	3220	LYS	19, 23	3223	nuc	nuc	0.98
TYR	19, 21	3221	LYS	19, 23	3223	nuc	nuc	0.86
LEU	19, 22	3222	LYS	19, 23	3223	nuc	nuc	1
LEU	19, 11	3211	GLY	19, 24	3224	nuc	nuc	0.88
PHE	19, 12	3212	GLY	19, 24	3224	nuc	nuc	0.81
LEU	19, 22	3222	GLY	19, 24	3224	nuc	nuc	0.98
LYS	19, 23	3223	GLY	19, 24	3224	nuc	nuc	1
LEU	19, 22	3222	GLY	19, 25	3225	nuc	nuc	0.82
LYS	19, 23	3223	GLY	19, 25	3225	nuc	nuc	0.97
GLY	19, 24	3224	GLY	19, 25	3225	nuc	nuc	1
GLY	19, 25	3225	ILE	19, 26	3226	nuc	nuc	1
GLY	19, 24	3224	MET	19, 27	3227	nuc	nuc	0.83
GLY	19, 25	3225	MET	19, 27	3227	nuc	nuc	0.99
ILE	19, 26	3226	MET	19, 27	3227	nuc	nuc	1
TYR	19, 21	3221	ASP	19, 28	3228	nuc	nuc	0.91
LEU	19, 22	3222	ASP	19, 28	3228	nuc	nuc	0.96
LYS	19, 23	3223	ASP	19, 28	3228	nuc	nuc	0.85
GLY	19, 24	3224	ASP	19, 28	3228	nuc	nuc	0.98
GLY	19, 25	3225	ASP	19, 28	3228	nuc	nuc	0.99
ILE	19, 26	3226	ASP	19, 28	3228	nuc	nuc	0.96
MET	19, 27	3227	ASP	19, 28	3228	nuc	nuc	1
LEU	19, 22	3222	GLY	19, 29	3229	nuc	nuc	0.96
GLY	19, 25	3225	GLY	19, 29	3229	nuc	nuc	0.91
ILE	19, 26	3226	GLY	19, 29	3229	nuc	nuc	0.98
MET	19, 27	3227	GLY	19, 29	3229	nuc	nuc	1
ASP	19, 28	3228	GLY	19, 29	3229	nuc	nuc	1
ILE	19, 26	3226	LEU	19, 30	3230	nuc	nuc	0.95
MET	19, 27	3227	LEU	19, 30	3230	nuc	nuc	0.99
ASP	19, 28	3228	LEU	19, 30	3230	nuc	nuc	0.97
GLY	19, 29	3229	LEU	19, 30	3230	nuc	nuc	1
LEU	5, 52	1538	LEU	19, 31	3231	mit	nuc	0.9
GLN	5, 56	1542	LEU	19, 31	3231	mit	nuc	0.96
MET	19, 27	3227	LEU	19, 31	3231	nuc	nuc	0.98
ASP	19, 28	3228	LEU	19, 31	3231	nuc	nuc	0.99
GLY	19, 29	3229	LEU	19, 31	3231	nuc	nuc	1
LEU	19, 30	3230	LEU	19, 31	3231	nuc	nuc	1
PRO	5, 15	1501	TYR	19, 32	3232	mit	nuc	0.9
GLN	5, 56	1542	TYR	19, 32	3232	mit	nuc	0.72
TYR	19, 21	3221	TYR	19, 32	3232	nuc	nuc	0.95
LEU	19, 22	3222	TYR	19, 32	3232	nuc	nuc	0.94
ASP	19, 28	3228	TYR	19, 32	3232	nuc	nuc	0.98
GLY	19, 29	3229	TYR	19, 32	3232	nuc	nuc	1
LEU	19, 30	3230	TYR	19, 32	3232	nuc	nuc	0.99
LEU	19, 31	3231	TYR	19, 32	3232	nuc	nuc	1
GLY	19, 29	3229	ARG	19, 33	3233	nuc	nuc	0.99
LEU	19, 30	3230	ARG	19, 33	3233	nuc	nuc	0.99
LEU	19, 31	3231	ARG	19, 33	3233	nuc	nuc	0.95
TYR	19, 32	3232	ARG	19, 33	3233	nuc	nuc	1
LEU	5, 52	1538	VAL	19, 34	3234	mit	nuc	0.8
LEU	19, 30	3230	VAL	19, 34	3234	nuc	nuc	0.99
LEU	19, 31	3231	VAL	19, 34	3234	nuc	nuc	1
TYR	19, 32	3232	VAL	19, 34	3234	nuc	nuc	0.98
ARG	19, 33	3233	VAL	19, 34	3234	nuc	nuc	1
PHE	5, 19	1505	THR	19, 35	3235	mit	nuc	0.98
SER	5, 49	1535	THR	19, 35	3235	mit	nuc	0.96
LEU	5, 52	1538	THR	19, 35	3235	mit	nuc	0.98
VAL	5, 53	1539	THR	19, 35	3235	mit	nuc	0.96
GLN	5, 56	1542	THR	19, 35	3235	mit	nuc	0.93
LEU	19, 31	3231	THR	19, 35	3235	nuc	nuc	0.99
TYR	19, 32	3232	THR	19, 35	3235	nuc	nuc	1
ARG	19, 33	3233	THR	19, 35	3235	nuc	nuc	0.98
VAL	19, 34	3234	THR	19, 35	3235	nuc	nuc	1
PRO	5, 15	1501	MET	19, 36	3236	mit	nuc	0.8
PHE	5, 19	1505	MET	19, 36	3236	mit	nuc	0.95
TYR	19, 32	3232	MET	19, 36	3236	nuc	nuc	0.99
ARG	19, 33	3233	MET	19, 36	3236	nuc	nuc	1
VAL	19, 34	3234	MET	19, 36	3236	nuc	nuc	0.99
THR	19, 35	3235	MET	19, 36	3236	nuc	nuc	1
ARG	19, 33	3233	GLY	19, 37	3237	nuc	nuc	0.99
VAL	19, 34	3234	GLY	19, 37	3237	nuc	nuc	1
THR	19, 35	3235	GLY	19, 37	3237	nuc	nuc	1
MET	19, 36	3236	GLY	19, 37	3237	nuc	nuc	1
MET	5, 45	1531	LEU	19, 38	3238	mit	nuc	0.97
LEU	5, 48	1534	LEU	19, 38	3238	mit	nuc	0.9
SER	5, 49	1535	LEU	19, 38	3238	mit	nuc	0.98
LEU	5, 52	1538	LEU	19, 38	3238	mit	nuc	0.74
VAL	19, 34	3234	LEU	19, 38	3238	nuc	nuc	0.99
THR	19, 35	3235	LEU	19, 38	3238	nuc	nuc	1
MET	19, 36	3236	LEU	19, 38	3238	nuc	nuc	0.98
GLY	19, 37	3237	LEU	19, 38	3238	nuc	nuc	1
PHE	5, 19	1505	THR	19, 39	3239	mit	nuc	0.99
GLY	5, 20	1506	THR	19, 39	3239	mit	nuc	0.75
ALA	5, 22	1508	THR	19, 39	3239	mit	nuc	0.98
ALA	5, 23	1509	THR	19, 39	3239	mit	nuc	0.96
LEU	5, 26	1512	THR	19, 39	3239	mit	nuc	0.85
SER	5, 49	1535	THR	19, 39	3239	mit	nuc	0.98
THR	19, 35	3235	THR	19, 39	3239	nuc	nuc	1
MET	19, 36	3236	THR	19, 39	3239	nuc	nuc	1
GLY	19, 37	3237	THR	19, 39	3239	nuc	nuc	1
LEU	19, 38	3238	THR	19, 39	3239	nuc	nuc	1
ALA	5, 22	1508	VAL	19, 40	3240	mit	nuc	0.7
MET	19, 36	3236	VAL	19, 40	3240	nuc	nuc	0.99
GLY	19, 37	3237	VAL	19, 40	3240	nuc	nuc	1
LEU	19, 38	3238	VAL	19, 40	3240	nuc	nuc	0.91
THR	19, 39	3239	VAL	19, 40	3240	nuc	nuc	1
GLY	19, 37	3237	PHE	19, 41	3241	nuc	nuc	1
LEU	19, 38	3238	PHE	19, 41	3241	nuc	nuc	1
THR	19, 39	3239	PHE	19, 41	3241	nuc	nuc	0.97
VAL	19, 40	3240	PHE	19, 41	3241	nuc	nuc	1
ALA	5, 22	1508	GLY	19, 42	3242	mit	nuc	0.75
LEU	5, 26	1512	GLY	19, 42	3242	mit	nuc	0.98
LEU	5, 42	1528	GLY	19, 42	3242	mit	nuc	0.79
MET	5, 45	1531	GLY	19, 42	3242	mit	nuc	0.97
LEU	19, 38	3238	GLY	19, 42	3242	nuc	nuc	0.99
THR	19, 39	3239	GLY	19, 42	3242	nuc	nuc	1
VAL	19, 40	3240	GLY	19, 42	3242	nuc	nuc	1
PHE	19, 41	3241	GLY	19, 42	3242	nuc	nuc	1
ALA	5, 22	1508	THR	19, 43	3243	mit	nuc	0.98
LEU	5, 25	1511	THR	19, 43	3243	mit	nuc	0.94
LEU	5, 26	1512	THR	19, 43	3243	mit	nuc	0.9
THR	19, 39	3239	THR	19, 43	3243	nuc	nuc	0.99
VAL	19, 40	3240	THR	19, 43	3243	nuc	nuc	1
PHE	19, 41	3241	THR	19, 43	3243	nuc	nuc	0.98
GLY	19, 42	3242	THR	19, 43	3243	nuc	nuc	1
VAL	19, 40	3240	GLY	19, 44	3244	nuc	nuc	0.96
PHE	19, 41	3241	GLY	19, 44	3244	nuc	nuc	1
GLY	19, 42	3242	GLY	19, 44	3244	nuc	nuc	1
THR	19, 43	3243	GLY	19, 44	3244	nuc	nuc	1
LEU	5, 42	1528	TYR	19, 45	3245	mit	nuc	0.93
MET	5, 45	1531	TYR	19, 45	3245	mit	nuc	0.63
PHE	19, 41	3241	TYR	19, 45	3245	nuc	nuc	0.99
GLY	19, 42	3242	TYR	19, 45	3245	nuc	nuc	1
THR	19, 43	3243	TYR	19, 45	3245	nuc	nuc	0.99
GLY	19, 44	3244	TYR	19, 45	3245	nuc	nuc	1
LEU	5, 25	1511	VAL	19, 46	3246	mit	nuc	0.96
LEU	5, 26	1512	VAL	19, 46	3246	mit	nuc	0.96
SER	5, 29	1515	VAL	19, 46	3246	mit	nuc	0.99
LEU	5, 42	1528	VAL	19, 46	3246	mit	nuc	0.94
GLY	19, 42	3242	VAL	19, 46	3246	nuc	nuc	1
THR	19, 43	3243	VAL	19, 46	3246	nuc	nuc	1
GLY	19, 44	3244	VAL	19, 46	3246	nuc	nuc	1
TYR	19, 45	3245	VAL	19, 46	3246	nuc	nuc	1
THR	19, 43	3243	LEU	19, 47	3247	nuc	nuc	0.99
GLY	19, 44	3244	LEU	19, 47	3247	nuc	nuc	1
TYR	19, 45	3245	LEU	19, 47	3247	nuc	nuc	0.99
VAL	19, 46	3246	LEU	19, 47	3247	nuc	nuc	1
GLY	19, 44	3244	TYR	19, 48	3248	nuc	nuc	0.99
TYR	19, 45	3245	TYR	19, 48	3248	nuc	nuc	1
VAL	19, 46	3246	TYR	19, 48	3248	nuc	nuc	0.99
LEU	19, 47	3247	TYR	19, 48	3248	nuc	nuc	1
SER	5, 29	1515	GLU	19, 49	3249	mit	nuc	0.84
MET	5, 33	1519	GLU	19, 49	3249	mit	nuc	0.95
LEU	5, 42	1528	GLU	19, 49	3249	mit	nuc	0.85
TYR	19, 45	3245	GLU	19, 49	3249	nuc	nuc	0.99
VAL	19, 46	3246	GLU	19, 49	3249	nuc	nuc	1
LEU	19, 47	3247	GLU	19, 49	3249	nuc	nuc	0.96
TYR	19, 48	3248	GLU	19, 49	3249	nuc	nuc	1
ALA	1, 115	115	LEU	19, 50	3250	mit	nuc	0.98
VAL	1, 119	119	LEU	19, 50	3250	mit	nuc	0.64
SER	5, 29	1515	LEU	19, 50	3250	mit	nuc	0.85
VAL	19, 46	3246	LEU	19, 50	3250	nuc	nuc	0.99
LEU	19, 47	3247	LEU	19, 50	3250	nuc	nuc	1
TYR	19, 48	3248	LEU	19, 50	3250	nuc	nuc	0.98
GLU	19, 49	3249	LEU	19, 50	3250	nuc	nuc	1
LEU	19, 47	3247	MET	19, 51	3251	nuc	nuc	0.99
TYR	19, 48	3248	MET	19, 51	3251	nuc	nuc	1
GLU	19, 49	3249	MET	19, 51	3251	nuc	nuc	0.98
LEU	19, 50	3250	MET	19, 51	3251	nuc	nuc	1
TYR	19, 48	3248	MET	19, 52	3252	nuc	nuc	0.98
GLU	19, 49	3249	MET	19, 52	3252	nuc	nuc	0.99
LEU	19, 50	3250	MET	19, 52	3252	nuc	nuc	0.98
MET	19, 51	3251	MET	19, 52	3252	nuc	nuc	1
VAL	1, 119	119	ALA	19, 53	3253	mit	nuc	0.96
ALA	1, 142	142	ALA	19, 53	3253	mit	nuc	0.83
TYR	5, 37	1523	ALA	19, 53	3253	mit	nuc	0.75
GLU	19, 49	3249	ALA	19, 53	3253	nuc	nuc	0.99
LEU	19, 50	3250	ALA	19, 53	3253	nuc	nuc	0.99
MET	19, 51	3251	ALA	19, 53	3253	nuc	nuc	0.97
MET	19, 52	3252	ALA	19, 53	3253	nuc	nuc	1
ALA	1, 115	115	SER	19, 54	3254	mit	nuc	0.83
THR	1, 118	118	SER	19, 54	3254	mit	nuc	0.97
VAL	1, 119	119	SER	19, 54	3254	mit	nuc	0.96
LEU	19, 50	3250	SER	19, 54	3254	nuc	nuc	0.98
MET	19, 51	3251	SER	19, 54	3254	nuc	nuc	0.99
MET	19, 52	3252	SER	19, 54	3254	nuc	nuc	0.98
ALA	19, 53	3253	SER	19, 54	3254	nuc	nuc	1
MET	19, 51	3251	MET	19, 55	3255	nuc	nuc	0.87
MET	19, 52	3252	MET	19, 55	3255	nuc	nuc	0.96
ALA	19, 53	3253	MET	19, 55	3255	nuc	nuc	0.91
SER	19, 54	3254	MET	19, 55	3255	nuc	nuc	1
MET	19, 55	3255	PRO	19, 56	3256	nuc	nuc	1
MET	19, 55	3255	LYS	19, 57	3257	nuc	nuc	0.76
PRO	19, 56	3256	LYS	19, 57	3257	nuc	nuc	1
PRO	19, 56	3256	LYS	19, 58	3258	nuc	nuc	0.75
LYS	19, 57	3257	LYS	19, 58	3258	nuc	nuc	1
LYS	19, 57	3257	GLN	19, 59	3259	nuc	nuc	0.79
LYS	19, 58	3258	GLN	19, 59	3259	nuc	nuc	1
LYS	19, 58	3258	LYS	19, 60	3260	nuc	nuc	0.79
GLN	19, 59	3259	LYS	19, 60	3260	nuc	nuc	1
LEU	20, 1	3261	GLU	20, 2	3262	nuc	nuc	1
PHE	6, 225	1972	ASN	20, 3	3263	mit	nuc	0.92
ALA	12, 7	2629	ASN	20, 3	3263	nuc	nuc	0.78
GLU	20, 2	3262	ASN	20, 3	3263	nuc	nuc	1
LYS	6, 224	1971	ARG	20, 4	3264	mit	nuc	0.65
GLU	20, 2	3262	ARG	20, 4	3264	nuc	nuc	0.93
ASN	20, 3	3263	ARG	20, 4	3264	nuc	nuc	1
THR	6, 66	1813	VAL	20, 5	3265	mit	nuc	0.88
PHE	6, 67	1814	VAL	20, 5	3265	mit	nuc	0.77
LYS	6, 224	1971	VAL	20, 5	3265	mit	nuc	0.7
PHE	6, 225	1972	VAL	20, 5	3265	mit	nuc	0.92
HIS	6, 226	1973	VAL	20, 5	3265	mit	nuc	0.9
ALA	12, 7	2629	VAL	20, 5	3265	nuc	nuc	0.63
GLN	12, 12	2634	VAL	20, 5	3265	nuc	nuc	0.9
ASN	20, 3	3263	VAL	20, 5	3265	nuc	nuc	0.98
ARG	20, 4	3264	VAL	20, 5	3265	nuc	nuc	1
GLN	12, 12	2634	PRO	20, 6	3266	nuc	nuc	0.67
ASN	20, 3	3263	PRO	20, 6	3266	nuc	nuc	0.83
ARG	20, 4	3264	PRO	20, 6	3266	nuc	nuc	0.95
VAL	20, 5	3265	PRO	20, 6	3266	nuc	nuc	1
ARG	20, 4	3264	GLU	20, 7	3267	nuc	nuc	0.94
VAL	20, 5	3265	GLU	20, 7	3267	nuc	nuc	0.97
PRO	20, 6	3266	GLU	20, 7	3267	nuc	nuc	1
PHE	6, 67	1814	LYS	20, 8	3268	mit	nuc	0.95
ARG	20, 4	3264	LYS	20, 8	3268	nuc	nuc	0.94
VAL	20, 5	3265	LYS	20, 8	3268	nuc	nuc	0.99
PRO	20, 6	3266	LYS	20, 8	3268	nuc	nuc	0.96
GLU	20, 7	3267	LYS	20, 8	3268	nuc	nuc	1
PHE	6, 67	1814	GLN	20, 9	3269	mit	nuc	0.97
GLN	6, 68	1815	GLN	20, 9	3269	mit	nuc	0.6
THR	12, 14	2636	GLN	20, 9	3269	nuc	nuc	0.95
VAL	20, 5	3265	GLN	20, 9	3269	nuc	nuc	0.98
PRO	20, 6	3266	GLN	20, 9	3269	nuc	nuc	0.99
GLU	20, 7	3267	GLN	20, 9	3269	nuc	nuc	0.99
LYS	20, 8	3268	GLN	20, 9	3269	nuc	nuc	1
PRO	20, 6	3266	LYS	20, 10	3270	nuc	nuc	0.94
GLU	20, 7	3267	LYS	20, 10	3270	nuc	nuc	0.99
LYS	20, 8	3268	LYS	20, 10	3270	nuc	nuc	0.98
GLN	20, 9	3269	LYS	20, 10	3270	nuc	nuc	1
PHE	6, 67	1814	LEU	20, 11	3271	mit	nuc	0.61
GLU	20, 7	3267	LEU	20, 11	3271	nuc	nuc	0.95
LYS	20, 8	3268	LEU	20, 11	3271	nuc	nuc	0.99
GLN	20, 9	3269	LEU	20, 11	3271	nuc	nuc	0.98
LYS	20, 10	3270	LEU	20, 11	3271	nuc	nuc	1
ARG	6, 63	1810	PHE	20, 12	3272	mit	nuc	0.93
PHE	6, 67	1814	PHE	20, 12	3272	mit	nuc	0.97
GLN	6, 68	1815	PHE	20, 12	3272	mit	nuc	0.96
LYS	20, 8	3268	PHE	20, 12	3272	nuc	nuc	0.97
GLN	20, 9	3269	PHE	20, 12	3272	nuc	nuc	0.99
LYS	20, 10	3270	PHE	20, 12	3272	nuc	nuc	0.78
LEU	20, 11	3271	PHE	20, 12	3272	nuc	nuc	1
PHE	6, 67	1814	GLN	20, 13	3273	mit	nuc	0.77
GLN	6, 68	1815	GLN	20, 13	3273	mit	nuc	0.94
THR	12, 14	2636	GLN	20, 13	3273	nuc	nuc	0.81
GLY	12, 15	2637	GLN	20, 13	3273	nuc	nuc	0.65
GLN	20, 9	3269	GLN	20, 13	3273	nuc	nuc	0.98
LYS	20, 10	3270	GLN	20, 13	3273	nuc	nuc	0.99
LEU	20, 11	3271	GLN	20, 13	3273	nuc	nuc	0.88
PHE	20, 12	3272	GLN	20, 13	3273	nuc	nuc	1
LYS	20, 10	3270	GLU	20, 14	3274	nuc	nuc	0.92
LEU	20, 11	3271	GLU	20, 14	3274	nuc	nuc	0.97
PHE	20, 12	3272	GLU	20, 14	3274	nuc	nuc	0.95
GLN	20, 13	3273	GLU	20, 14	3274	nuc	nuc	1
GLN	20, 13	3273	ASP	20, 15	3275	nuc	nuc	0.57
GLU	20, 14	3274	ASP	20, 15	3275	nuc	nuc	1
GLU	20, 14	3274	ASN	20, 16	3276	nuc	nuc	0.96
ASP	20, 15	3275	ASN	20, 16	3276	nuc	nuc	1
ASP	20, 15	3275	GLY	20, 17	3277	nuc	nuc	0.98
ASN	20, 16	3276	GLY	20, 17	3277	nuc	nuc	1
ASN	20, 16	3276	LEU	20, 18	3278	nuc	nuc	0.97
GLY	20, 17	3277	LEU	20, 18	3278	nuc	nuc	1
ASP	6, 12	1759	PRO	20, 19	3279	mit	nuc	0.97
PRO	6, 13	1760	PRO	20, 19	3279	mit	nuc	0.86
GLY	20, 17	3277	PRO	20, 19	3279	nuc	nuc	0.91
LEU	20, 18	3278	PRO	20, 19	3279	nuc	nuc	1
ASP	6, 12	1759	VAL	20, 20	3280	mit	nuc	0.95
ASP	6, 60	1807	VAL	20, 20	3280	mit	nuc	0.96
ARG	6, 63	1810	VAL	20, 20	3280	mit	nuc	0.95
GLU	6, 64	1811	VAL	20, 20	3280	mit	nuc	0.93
GLN	6, 68	1815	VAL	20, 20	3280	mit	nuc	0.77
PHE	20, 12	3272	VAL	20, 20	3280	nuc	nuc	0.81
PRO	20, 19	3279	VAL	20, 20	3280	nuc	nuc	1
SER	6, 14	1761	TYR	20, 21	3281	mit	nuc	0.93
PRO	6, 15	1762	TYR	20, 21	3281	mit	nuc	0.92
TRP	6, 16	1763	TYR	20, 21	3281	mit	nuc	0.82
GLN	6, 56	1803	TYR	20, 21	3281	mit	nuc	0.85
ASP	6, 60	1807	TYR	20, 21	3281	mit	nuc	0.95
PRO	20, 19	3279	TYR	20, 21	3281	nuc	nuc	0.99
VAL	20, 20	3280	TYR	20, 21	3281	nuc	nuc	1
LEU	20, 18	3278	LEU	20, 22	3282	nuc	nuc	0.97
PRO	20, 19	3279	LEU	20, 22	3282	nuc	nuc	0.98
VAL	20, 20	3280	LEU	20, 22	3282	nuc	nuc	0.88
TYR	20, 21	3281	LEU	20, 22	3282	nuc	nuc	1
ARG	6, 63	1810	LYS	20, 23	3283	mit	nuc	0.68
LEU	20, 11	3271	LYS	20, 23	3283	nuc	nuc	0.74
PHE	20, 12	3272	LYS	20, 23	3283	nuc	nuc	0.97
GLU	20, 14	3274	LYS	20, 23	3283	nuc	nuc	0.57
ASN	20, 16	3276	LYS	20, 23	3283	nuc	nuc	0.71
LEU	20, 18	3278	LYS	20, 23	3283	nuc	nuc	0.96
PRO	20, 19	3279	LYS	20, 23	3283	nuc	nuc	0.93
VAL	20, 20	3280	LYS	20, 23	3283	nuc	nuc	0.98
TYR	20, 21	3281	LYS	20, 23	3283	nuc	nuc	0.85
LEU	20, 22	3282	LYS	20, 23	3283	nuc	nuc	1
LEU	20, 11	3271	GLY	20, 24	3284	nuc	nuc	0.87
PHE	20, 12	3272	GLY	20, 24	3284	nuc	nuc	0.81
LEU	20, 22	3282	GLY	20, 24	3284	nuc	nuc	0.98
LYS	20, 23	3283	GLY	20, 24	3284	nuc	nuc	1
LEU	20, 22	3282	GLY	20, 25	3285	nuc	nuc	0.82
LYS	20, 23	3283	GLY	20, 25	3285	nuc	nuc	0.97
GLY	20, 24	3284	GLY	20, 25	3285	nuc	nuc	1
GLY	20, 25	3285	ILE	20, 26	3286	nuc	nuc	1
GLY	20, 24	3284	MET	20, 27	3287	nuc	nuc	0.82
GLY	20, 25	3285	MET	20, 27	3287	nuc	nuc	0.99
ILE	20, 26	3286	MET	20, 27	3287	nuc	nuc	1
TYR	20, 21	3281	ASP	20, 28	3288	nuc	nuc	0.91
LEU	20, 22	3282	ASP	20, 28	3288	nuc	nuc	0.96
LYS	20, 23	3283	ASP	20, 28	3288	nuc	nuc	0.85
GLY	20, 24	3284	ASP	20, 28	3288	nuc	nuc	0.98
GLY	20, 25	3285	ASP	20, 28	3288	nuc	nuc	0.99
ILE	20, 26	3286	ASP	20, 28	3288	nuc	nuc	0.96
MET	20, 27	3287	ASP	20, 28	3288	nuc	nuc	1
LEU	20, 22	3282	GLY	20, 29	3289	nuc	nuc	0.96
GLY	20, 25	3285	GLY	20, 29	3289	nuc	nuc	0.91
ILE	20, 26	3286	GLY	20, 29	3289	nuc	nuc	0.98
MET	20, 27	3287	GLY	20, 29	3289	nuc	nuc	1
ASP	20, 28	3288	GLY	20, 29	3289	nuc	nuc	1
ILE	20, 26	3286	LEU	20, 30	3290	nuc	nuc	0.95
MET	20, 27	3287	LEU	20, 30	3290	nuc	nuc	0.99
ASP	20, 28	3288	LEU	20, 30	3290	nuc	nuc	0.97
GLY	20, 29	3289	LEU	20, 30	3290	nuc	nuc	1
LEU	6, 52	1799	LEU	20, 31	3291	mit	nuc	0.9
GLN	6, 56	1803	LEU	20, 31	3291	mit	nuc	0.95
MET	20, 27	3287	LEU	20, 31	3291	nuc	nuc	0.97
ASP	20, 28	3288	LEU	20, 31	3291	nuc	nuc	0.99
GLY	20, 29	3289	LEU	20, 31	3291	nuc	nuc	1
LEU	20, 30	3290	LEU	20, 31	3291	nuc	nuc	1
PRO	6, 15	1762	TYR	20, 32	3292	mit	nuc	0.89
GLN	6, 56	1803	TYR	20, 32	3292	mit	nuc	0.71
TYR	20, 21	3281	TYR	20, 32	3292	nuc	nuc	0.95
LEU	20, 22	3282	TYR	20, 32	3292	nuc	nuc	0.93
ASP	20, 28	3288	TYR	20, 32	3292	nuc	nuc	0.98
GLY	20, 29	3289	TYR	20, 32	3292	nuc	nuc	1
LEU	20, 30	3290	TYR	20, 32	3292	nuc	nuc	0.99
LEU	20, 31	3291	TYR	20, 32	3292	nuc	nuc	1
GLY	20, 29	3289	ARG	20, 33	3293	nuc	nuc	0.99
LEU	20, 30	3290	ARG	20, 33	3293	nuc	nuc	0.99
LEU	20, 31	3291	ARG	20, 33	3293	nuc	nuc	0.95
TYR	20, 32	3292	ARG	20, 33	3293	nuc	nuc	1
LEU	6, 52	1799	VAL	20, 34	3294	mit	nuc	0.79
LEU	20, 30	3290	VAL	20, 34	3294	nuc	nuc	0.99
LEU	20, 31	3291	VAL	20, 34	3294	nuc	nuc	1
TYR	20, 32	3292	VAL	20, 34	3294	nuc	nuc	0.98
ARG	20, 33	3293	VAL	20, 34	3294	nuc	nuc	1
PHE	6, 19	1766	THR	20, 35	3295	mit	nuc	0.97
SER	6, 49	1796	THR	20, 35	3295	mit	nuc	0.95
LEU	6, 52	1799	THR	20, 35	3295	mit	nuc	0.98
VAL	6, 53	1800	THR	20, 35	3295	mit	nuc	0.96
GLN	6, 56	1803	THR	20, 35	3295	mit	nuc	0.92
LEU	20, 31	3291	THR	20, 35	3295	nuc	nuc	0.99
TYR	20, 32	3292	THR	20, 35	3295	nuc	nuc	1
ARG	20, 33	3293	THR	20, 35	3295	nuc	nuc	0.98
VAL	20, 34	3294	THR	20, 35	3295	nuc	nuc	1
PRO	6, 15	1762	MET	20, 36	3296	mit	nuc	0.79
PHE	6, 19	1766	MET	20, 36	3296	mit	nuc	0.94
TYR	20, 32	3292	MET	20, 36	3296	nuc	nuc	0.99
ARG	20, 33	3293	MET	20, 36	3296	nuc	nuc	1
VAL	20, 34	3294	MET	20, 36	3296	nuc	nuc	0.99
THR	20, 35	3295	MET	20, 36	3296	nuc	nuc	1
ARG	20, 33	3293	GLY	20, 37	3297	nuc	nuc	0.99
VAL	20, 34	3294	GLY	20, 37	3297	nuc	nuc	1
THR	20, 35	3295	GLY	20, 37	3297	nuc	nuc	1
MET	20, 36	3296	GLY	20, 37	3297	nuc	nuc	1
MET	6, 45	1792	LEU	20, 38	3298	mit	nuc	0.96
LEU	6, 48	1795	LEU	20, 38	3298	mit	nuc	0.89
SER	6, 49	1796	LEU	20, 38	3298	mit	nuc	0.98
LEU	6, 52	1799	LEU	20, 38	3298	mit	nuc	0.73
VAL	20, 34	3294	LEU	20, 38	3298	nuc	nuc	0.99
THR	20, 35	3295	LEU	20, 38	3298	nuc	nuc	1
MET	20, 36	3296	LEU	20, 38	3298	nuc	nuc	0.98
GLY	20, 37	3297	LEU	20, 38	3298	nuc	nuc	1
PHE	6, 19	1766	THR	20, 39	3299	mit	nuc	0.99
GLY	6, 20	1767	THR	20, 39	3299	mit	nuc	0.74
ALA	6, 22	1769	THR	20, 39	3299	mit	nuc	0.98
ALA	6, 23	1770	THR	20, 39	3299	mit	nuc	0.95
LEU	6, 26	1773	THR	20, 39	3299	mit	nuc	0.85
SER	6, 49	1796	THR	20, 39	3299	mit	nuc	0.98
THR	20, 35	3295	THR	20, 39	3299	nuc	nuc	1
MET	20, 36	3296	THR	20, 39	3299	nuc	nuc	1
GLY	20, 37	3297	THR	20, 39	3299	nuc	nuc	1
LEU	20, 38	3298	THR	20, 39	3299	nuc	nuc	1
ALA	6, 22	1769	VAL	20, 40	3300	mit	nuc	0.7
MET	20, 36	3296	VAL	20, 40	3300	nuc	nuc	0.99
GLY	20, 37	3297	VAL	20, 40	3300	nuc	nuc	1
LEU	20, 38	3298	VAL	20, 40	3300	nuc	nuc	0.91
THR	20, 39	3299	VAL	20, 40	3300	nuc	nuc	1
GLY	20, 37	3297	PHE	20, 41	3301	nuc	nuc	1
LEU	20, 38	3298	PHE	20, 41	3301	nuc	nuc	1
THR	20, 39	3299	PHE	20, 41	3301	nuc	nuc	0.97
VAL	20, 40	3300	PHE	20, 41	3301	nuc	nuc	1
ALA	6, 22	1769	GLY	20, 42	3302	mit	nuc	0.74
LEU	6, 26	1773	GLY	20, 42	3302	mit	nuc	0.97
LEU	6, 42	1789	GLY	20, 42	3302	mit	nuc	0.78
MET	6, 45	1792	GLY	20, 42	3302	mit	nuc	0.96
LEU	20, 38	3298	GLY	20, 42	3302	nuc	nuc	0.99
THR	20, 39	3299	GLY	20, 42	3302	nuc	nuc	1
VAL	20, 40	3300	GLY	20, 42	3302	nuc	nuc	1
PHE	20, 41	3301	GLY	20, 42	3302	nuc	nuc	1
ALA	6, 22	1769	THR	20, 43	3303	mit	nuc	0.98
LEU	6, 25	1772	THR	20, 43	3303	mit	nuc	0.94
LEU	6, 26	1773	THR	20, 43	3303	mit	nuc	0.89
THR	20, 39	3299	THR	20, 43	3303	nuc	nuc	0.99
VAL	20, 40	3300	THR	20, 43	3303	nuc	nuc	1
PHE	20, 41	3301	THR	20, 43	3303	nuc	nuc	0.98
GLY	20, 42	3302	THR	20, 43	3303	nuc	nuc	1
VAL	20, 40	3300	GLY	20, 44	3304	nuc	nuc	0.96
PHE	20, 41	3301	GLY	20, 44	3304	nuc	nuc	0.99
GLY	20, 42	3302	GLY	20, 44	3304	nuc	nuc	1
THR	20, 43	3303	GLY	20, 44	3304	nuc	nuc	1
LEU	6, 42	1789	TYR	20, 45	3305	mit	nuc	0.93
MET	6, 45	1792	TYR	20, 45	3305	mit	nuc	0.63
PHE	20, 41	3301	TYR	20, 45	3305	nuc	nuc	0.99
GLY	20, 42	3302	TYR	20, 45	3305	nuc	nuc	1
THR	20, 43	3303	TYR	20, 45	3305	nuc	nuc	0.99
GLY	20, 44	3304	TYR	20, 45	3305	nuc	nuc	1
LEU	6, 25	1772	VAL	20, 46	3306	mit	nuc	0.96
LEU	6, 26	1773	VAL	20, 46	3306	mit	nuc	0.96
SER	6, 29	1776	VAL	20, 46	3306	mit	nuc	0.98
LEU	6, 42	1789	VAL	20, 46	3306	mit	nuc	0.93
GLY	20, 42	3302	VAL	20, 46	3306	nuc	nuc	1
THR	20, 43	3303	VAL	20, 46	3306	nuc	nuc	1
GLY	20, 44	3304	VAL	20, 46	3306	nuc	nuc	1
TYR	20, 45	3305	VAL	20, 46	3306	nuc	nuc	1
THR	20, 43	3303	LEU	20, 47	3307	nuc	nuc	0.99
GLY	20, 44	3304	LEU	20, 47	3307	nuc	nuc	1
TYR	20, 45	3305	LEU	20, 47	3307	nuc	nuc	0.99
VAL	20, 46	3306	LEU	20, 47	3307	nuc	nuc	1
GLY	20, 44	3304	TYR	20, 48	3308	nuc	nuc	0.99
TYR	20, 45	3305	TYR	20, 48	3308	nuc	nuc	1
VAL	20, 46	3306	TYR	20, 48	3308	nuc	nuc	0.99
LEU	20, 47	3307	TYR	20, 48	3308	nuc	nuc	1
SER	6, 29	1776	GLU	20, 49	3309	mit	nuc	0.83
MET	6, 33	1780	GLU	20, 49	3309	mit	nuc	0.95
LEU	6, 42	1789	GLU	20, 49	3309	mit	nuc	0.84
TYR	20, 45	3305	GLU	20, 49	3309	nuc	nuc	0.99
VAL	20, 46	3306	GLU	20, 49	3309	nuc	nuc	1
LEU	20, 47	3307	GLU	20, 49	3309	nuc	nuc	0.96
TYR	20, 48	3308	GLU	20, 49	3309	nuc	nuc	1
ALA	2, 115	631	LEU	20, 50	3310	mit	nuc	0.98
VAL	2, 119	635	LEU	20, 50	3310	mit	nuc	0.63
SER	6, 29	1776	LEU	20, 50	3310	mit	nuc	0.84
VAL	20, 46	3306	LEU	20, 50	3310	nuc	nuc	0.99
LEU	20, 47	3307	LEU	20, 50	3310	nuc	nuc	1
TYR	20, 48	3308	LEU	20, 50	3310	nuc	nuc	0.98
GLU	20, 49	3309	LEU	20, 50	3310	nuc	nuc	1
LEU	20, 47	3307	MET	20, 51	3311	nuc	nuc	0.99
TYR	20, 48	3308	MET	20, 51	3311	nuc	nuc	1
GLU	20, 49	3309	MET	20, 51	3311	nuc	nuc	0.98
LEU	20, 50	3310	MET	20, 51	3311	nuc	nuc	1
TYR	20, 48	3308	MET	20, 52	3312	nuc	nuc	0.98
GLU	20, 49	3309	MET	20, 52	3312	nuc	nuc	0.99
LEU	20, 50	3310	MET	20, 52	3312	nuc	nuc	0.97
MET	20, 51	3311	MET	20, 52	3312	nuc	nuc	1
VAL	2, 119	635	ALA	20, 53	3313	mit	nuc	0.96
ALA	2, 142	658	ALA	20, 53	3313	mit	nuc	0.82
TYR	6, 37	1784	ALA	20, 53	3313	mit	nuc	0.74
GLU	20, 49	3309	ALA	20, 53	3313	nuc	nuc	0.99
LEU	20, 50	3310	ALA	20, 53	3313	nuc	nuc	0.99
MET	20, 51	3311	ALA	20, 53	3313	nuc	nuc	0.97
MET	20, 52	3312	ALA	20, 53	3313	nuc	nuc	1
ALA	2, 115	631	SER	20, 54	3314	mit	nuc	0.82
THR	2, 118	634	SER	20, 54	3314	mit	nuc	0.97
VAL	2, 119	635	SER	20, 54	3314	mit	nuc	0.96
LEU	20, 50	3310	SER	20, 54	3314	nuc	nuc	0.98
MET	20, 51	3311	SER	20, 54	3314	nuc	nuc	0.99
MET	20, 52	3312	SER	20, 54	3314	nuc	nuc	0.98
ALA	20, 53	3313	SER	20, 54	3314	nuc	nuc	1
MET	20, 51	3311	MET	20, 55	3315	nuc	nuc	0.86
MET	20, 52	3312	MET	20, 55	3315	nuc	nuc	0.96
ALA	20, 53	3313	MET	20, 55	3315	nuc	nuc	0.9
SER	20, 54	3314	MET	20, 55	3315	nuc	nuc	1
MET	20, 55	3315	PRO	20, 56	3316	nuc	nuc	1
MET	20, 55	3315	LYS	20, 57	3317	nuc	nuc	0.76
PRO	20, 56	3316	LYS	20, 57	3317	nuc	nuc	1
PRO	20, 56	3316	LYS	20, 58	3318	nuc	nuc	0.75
LYS	20, 57	3317	LYS	20, 58	3318	nuc	nuc	1
LYS	20, 57	3317	GLN	20, 59	3319	nuc	nuc	0.79
LYS	20, 58	3318	GLN	20, 59	3319	nuc	nuc	1
LYS	20, 58	3318	LYS	20, 60	3320	nuc	nuc	0.79
GLN	20, 59	3319	LYS	20, 60	3320	nuc	nuc	1
VAL	7, 59	2067	HIS	21, 2	3322	nuc	nuc	0.61
THR	21, 1	3321	HIS	21, 2	3322	nuc	nuc	1
LYS	9, 108	2414	HIS	21, 3	3323	nuc	nuc	0.57
THR	21, 1	3321	HIS	21, 3	3323	nuc	nuc	0.77
HIS	21, 2	3322	HIS	21, 3	3323	nuc	nuc	1
HIS	21, 2	3322	ARG	21, 4	3324	nuc	nuc	0.6
HIS	21, 3	3323	ARG	21, 4	3324	nuc	nuc	1
HIS	21, 3	3323	LYS	21, 5	3325	nuc	nuc	0.78
ARG	21, 4	3324	LYS	21, 5	3325	nuc	nuc	1
ARG	21, 4	3324	HIS	21, 6	3326	nuc	nuc	0.83
LYS	21, 5	3325	HIS	21, 6	3326	nuc	nuc	1
LYS	21, 5	3325	GLU	21, 7	3327	nuc	nuc	0.81
HIS	21, 6	3326	GLU	21, 7	3327	nuc	nuc	1
HIS	21, 6	3326	PRO	21, 8	3328	nuc	nuc	0.73
GLU	21, 7	3327	PRO	21, 8	3328	nuc	nuc	1
THR	7, 77	2085	ASN	21, 9	3329	nuc	nuc	0.58
GLU	21, 7	3327	ASN	21, 9	3329	nuc	nuc	0.83
PRO	21, 8	3328	ASN	21, 9	3329	nuc	nuc	1
THR	7, 82	2090	PHE	21, 10	3330	nuc	nuc	0.76
ASN	21, 9	3329	PHE	21, 10	3330	nuc	nuc	1
SER	1, 409	409	HIS	21, 11	3331	mit	nuc	0.61
THR	7, 77	2085	HIS	21, 11	3331	nuc	nuc	0.9
ASN	7, 78	2086	HIS	21, 11	3331	nuc	nuc	0.97
GLU	7, 79	2087	HIS	21, 11	3331	nuc	nuc	0.96
LYS	7, 81	2089	HIS	21, 11	3331	nuc	nuc	0.88
THR	7, 82	2090	HIS	21, 11	3331	nuc	nuc	0.96
ASN	21, 9	3329	HIS	21, 11	3331	nuc	nuc	0.98
PHE	21, 10	3330	HIS	21, 11	3331	nuc	nuc	1
ASN	7, 78	2086	ASP	21, 12	3332	nuc	nuc	0.94
PRO	21, 8	3328	ASP	21, 12	3332	nuc	nuc	0.92
ASN	21, 9	3329	ASP	21, 12	3332	nuc	nuc	0.97
PHE	21, 10	3330	ASP	21, 12	3332	nuc	nuc	0.94
HIS	21, 11	3331	ASP	21, 12	3332	nuc	nuc	1
PRO	21, 8	3328	LYS	21, 13	3333	nuc	nuc	0.9
ASN	21, 9	3329	LYS	21, 13	3333	nuc	nuc	0.87
PHE	21, 10	3330	LYS	21, 13	3333	nuc	nuc	0.96
HIS	21, 11	3331	LYS	21, 13	3333	nuc	nuc	0.89
ASP	21, 12	3332	LYS	21, 13	3333	nuc	nuc	1
THR	7, 82	2090	TYR	21, 14	3334	nuc	nuc	0.75
PHE	21, 10	3330	TYR	21, 14	3334	nuc	nuc	0.96
HIS	21, 11	3331	TYR	21, 14	3334	nuc	nuc	0.91
LYS	21, 13	3333	TYR	21, 14	3334	nuc	nuc	1
ASN	7, 78	2086	GLY	21, 15	3335	nuc	nuc	0.92
LYS	7, 81	2089	GLY	21, 15	3335	nuc	nuc	0.98
THR	7, 82	2090	GLY	21, 15	3335	nuc	nuc	0.97
PHE	21, 10	3330	GLY	21, 15	3335	nuc	nuc	0.65
HIS	21, 11	3331	GLY	21, 15	3335	nuc	nuc	0.97
ASP	21, 12	3332	GLY	21, 15	3335	nuc	nuc	0.94
LYS	21, 13	3333	GLY	21, 15	3335	nuc	nuc	0.98
TYR	21, 14	3334	GLY	21, 15	3335	nuc	nuc	1
LYS	7, 81	2089	ASN	21, 16	3336	nuc	nuc	0.94
TYR	21, 14	3334	ASN	21, 16	3336	nuc	nuc	0.88
GLY	21, 15	3335	ASN	21, 16	3336	nuc	nuc	1
TYR	21, 14	3334	LEU	21, 17	3337	nuc	nuc	0.98
GLY	21, 15	3335	LEU	21, 17	3337	nuc	nuc	1
ASN	21, 16	3336	LEU	21, 17	3337	nuc	nuc	1
LYS	7, 81	2089	VAL	21, 18	3338	nuc	nuc	0.88
THR	7, 82	2090	VAL	21, 18	3338	nuc	nuc	0.97
GLY	7, 85	2093	VAL	21, 18	3338	nuc	nuc	0.98
GLY	7, 86	2094	VAL	21, 18	3338	nuc	nuc	0.96
PHE	7, 89	2097	VAL	21, 18	3338	nuc	nuc	0.67
TYR	21, 14	3334	VAL	21, 18	3338	nuc	nuc	0.98
GLY	21, 15	3335	VAL	21, 18	3338	nuc	nuc	1
ASN	21, 16	3336	VAL	21, 18	3338	nuc	nuc	0.95
LEU	21, 17	3337	VAL	21, 18	3338	nuc	nuc	1
LYS	7, 81	2089	LEU	21, 19	3339	nuc	nuc	0.97
THR	7, 82	2090	LEU	21, 19	3339	nuc	nuc	0.83
LEU	7, 84	2092	LEU	21, 19	3339	nuc	nuc	0.96
GLY	7, 85	2093	LEU	21, 19	3339	nuc	nuc	0.98
LEU	7, 88	2096	LEU	21, 19	3339	nuc	nuc	0.56
GLY	21, 15	3335	LEU	21, 19	3339	nuc	nuc	0.98
ASN	21, 16	3336	LEU	21, 19	3339	nuc	nuc	0.99
LEU	21, 17	3337	LEU	21, 19	3339	nuc	nuc	0.98
VAL	21, 18	3338	LEU	21, 19	3339	nuc	nuc	1
ASN	21, 16	3336	ILE	21, 20	3340	nuc	nuc	0.97
LEU	21, 17	3337	ILE	21, 20	3340	nuc	nuc	0.99
VAL	21, 18	3338	ILE	21, 20	3340	nuc	nuc	0.88
LEU	21, 19	3339	ILE	21, 20	3340	nuc	nuc	1
GLY	7, 85	2093	GLY	21, 21	3341	nuc	nuc	0.89
PHE	7, 89	2097	GLY	21, 21	3341	nuc	nuc	0.88
LEU	21, 17	3337	GLY	21, 21	3341	nuc	nuc	0.98
VAL	21, 18	3338	GLY	21, 21	3341	nuc	nuc	0.99
LEU	21, 19	3339	GLY	21, 21	3341	nuc	nuc	1
ILE	21, 20	3340	GLY	21, 21	3341	nuc	nuc	1
GLY	7, 85	2093	GLY	21, 22	3342	nuc	nuc	0.98
GLY	7, 86	2094	GLY	21, 22	3342	nuc	nuc	0.96
LEU	7, 88	2096	GLY	21, 22	3342	nuc	nuc	0.98
PHE	7, 89	2097	GLY	21, 22	3342	nuc	nuc	0.98
GLY	7, 92	2100	GLY	21, 22	3342	nuc	nuc	0.54
VAL	21, 18	3338	GLY	21, 22	3342	nuc	nuc	0.98
LEU	21, 19	3339	GLY	21, 22	3342	nuc	nuc	0.99
ILE	21, 20	3340	GLY	21, 22	3342	nuc	nuc	1
GLY	21, 21	3341	GLY	21, 22	3342	nuc	nuc	1
GLY	7, 85	2093	ALA	21, 23	3343	nuc	nuc	0.94
LEU	7, 88	2096	ALA	21, 23	3343	nuc	nuc	0.98
LEU	21, 19	3339	ALA	21, 23	3343	nuc	nuc	0.99
ILE	21, 20	3340	ALA	21, 23	3343	nuc	nuc	0.99
GLY	21, 21	3341	ALA	21, 23	3343	nuc	nuc	1
GLY	21, 22	3342	ALA	21, 23	3343	nuc	nuc	1
ILE	21, 20	3340	ALA	21, 24	3344	nuc	nuc	0.99
GLY	21, 21	3341	ALA	21, 24	3344	nuc	nuc	1
GLY	21, 22	3342	ALA	21, 24	3344	nuc	nuc	1
ALA	21, 23	3343	ALA	21, 24	3344	nuc	nuc	1
LEU	7, 88	2096	VAL	21, 25	3345	nuc	nuc	0.88
PHE	7, 89	2097	VAL	21, 25	3345	nuc	nuc	0.97
GLY	7, 92	2100	VAL	21, 25	3345	nuc	nuc	0.98
GLY	21, 21	3341	VAL	21, 25	3345	nuc	nuc	0.99
GLY	21, 22	3342	VAL	21, 25	3345	nuc	nuc	1
ALA	21, 23	3343	VAL	21, 25	3345	nuc	nuc	0.96
ALA	21, 24	3344	VAL	21, 25	3345	nuc	nuc	1
LEU	7, 88	2096	PHE	21, 26	3346	nuc	nuc	0.98
PHE	7, 89	2097	PHE	21, 26	3346	nuc	nuc	0.92
LEU	7, 91	2099	PHE	21, 26	3346	nuc	nuc	0.98
GLY	7, 92	2100	PHE	21, 26	3346	nuc	nuc	0.99
GLY	21, 22	3342	PHE	21, 26	3346	nuc	nuc	0.99
ALA	21, 23	3343	PHE	21, 26	3346	nuc	nuc	0.99
ALA	21, 24	3344	PHE	21, 26	3346	nuc	nuc	0.99
VAL	21, 25	3345	PHE	21, 26	3346	nuc	nuc	1
ALA	21, 23	3343	ALA	21, 27	3347	nuc	nuc	0.99
ALA	21, 24	3344	ALA	21, 27	3347	nuc	nuc	0.99
VAL	21, 25	3345	ALA	21, 27	3347	nuc	nuc	0.96
PHE	21, 26	3346	ALA	21, 27	3347	nuc	nuc	1
ALA	21, 24	3344	THR	21, 28	3348	nuc	nuc	0.99
VAL	21, 25	3345	THR	21, 28	3348	nuc	nuc	1
PHE	21, 26	3346	THR	21, 28	3348	nuc	nuc	0.96
ALA	21, 27	3347	THR	21, 28	3348	nuc	nuc	1
GLY	7, 92	2100	VAL	21, 29	3349	nuc	nuc	0.98
GLY	7, 95	2103	VAL	21, 29	3349	nuc	nuc	0.98
LEU	7, 96	2104	VAL	21, 29	3349	nuc	nuc	0.98
ILE	7, 99	2107	VAL	21, 29	3349	nuc	nuc	0.7
VAL	21, 25	3345	VAL	21, 29	3349	nuc	nuc	0.99
PHE	21, 26	3346	VAL	21, 29	3349	nuc	nuc	0.99
ALA	21, 27	3347	VAL	21, 29	3349	nuc	nuc	0.84
THR	21, 28	3348	VAL	21, 29	3349	nuc	nuc	1
LEU	7, 91	2099	TRP	21, 30	3350	nuc	nuc	0.61
GLY	7, 92	2100	TRP	21, 30	3350	nuc	nuc	0.94
GLY	7, 95	2103	TRP	21, 30	3350	nuc	nuc	0.95
PHE	21, 26	3346	TRP	21, 30	3350	nuc	nuc	0.99
ALA	21, 27	3347	TRP	21, 30	3350	nuc	nuc	0.99
THR	21, 28	3348	TRP	21, 30	3350	nuc	nuc	0.82
VAL	21, 29	3349	TRP	21, 30	3350	nuc	nuc	1
ALA	21, 27	3347	GLY	21, 31	3351	nuc	nuc	0.98
THR	21, 28	3348	GLY	21, 31	3351	nuc	nuc	0.99
VAL	21, 29	3349	GLY	21, 31	3351	nuc	nuc	1
TRP	21, 30	3350	GLY	21, 31	3351	nuc	nuc	1
ILE	7, 99	2107	TYR	21, 32	3352	nuc	nuc	0.84
THR	21, 28	3348	TYR	21, 32	3352	nuc	nuc	0.98
VAL	21, 29	3349	TYR	21, 32	3352	nuc	nuc	0.99
TRP	21, 30	3350	TYR	21, 32	3352	nuc	nuc	0.99
GLY	21, 31	3351	TYR	21, 32	3352	nuc	nuc	1
GLY	7, 95	2103	VAL	21, 33	3353	nuc	nuc	0.96
LEU	7, 98	2106	VAL	21, 33	3353	nuc	nuc	0.96
ILE	7, 99	2107	VAL	21, 33	3353	nuc	nuc	0.96
VAL	21, 29	3349	VAL	21, 33	3353	nuc	nuc	0.98
TRP	21, 30	3350	VAL	21, 33	3353	nuc	nuc	0.99
GLY	21, 31	3351	VAL	21, 33	3353	nuc	nuc	1
TYR	21, 32	3352	VAL	21, 33	3353	nuc	nuc	1
TRP	21, 30	3350	PHE	21, 34	3354	nuc	nuc	0.97
GLY	21, 31	3351	PHE	21, 34	3354	nuc	nuc	1
TYR	21, 32	3352	PHE	21, 34	3354	nuc	nuc	0.89
VAL	21, 33	3353	PHE	21, 34	3354	nuc	nuc	1
GLY	21, 31	3351	THR	21, 35	3355	nuc	nuc	0.97
TYR	21, 32	3352	THR	21, 35	3355	nuc	nuc	0.97
VAL	21, 33	3353	THR	21, 35	3355	nuc	nuc	0.68
PHE	21, 34	3354	THR	21, 35	3355	nuc	nuc	1
TYR	21, 32	3352	LYS	21, 36	3356	nuc	nuc	0.94
VAL	21, 33	3353	LYS	21, 36	3356	nuc	nuc	0.55
THR	21, 35	3355	LYS	21, 36	3356	nuc	nuc	1
ILE	7, 99	2107	SER	21, 37	3357	nuc	nuc	0.9
LYS	7, 102	2110	SER	21, 37	3357	nuc	nuc	0.94
TYR	21, 32	3352	SER	21, 37	3357	nuc	nuc	0.89
VAL	21, 33	3353	SER	21, 37	3357	nuc	nuc	0.93
PHE	21, 34	3354	SER	21, 37	3357	nuc	nuc	0.73
THR	21, 35	3355	SER	21, 37	3357	nuc	nuc	0.76
LYS	21, 36	3356	SER	21, 37	3357	nuc	nuc	1
LYS	7, 102	2110	GLY	21, 38	3358	nuc	nuc	0.85
LYS	21, 36	3356	GLY	21, 38	3358	nuc	nuc	0.96
SER	21, 37	3357	GLY	21, 38	3358	nuc	nuc	1
THR	1, 453	453	MET	21, 39	3359	mit	nuc	0.83
LYS	7, 102	2110	MET	21, 39	3359	nuc	nuc	0.95
VAL	21, 33	3353	MET	21, 39	3359	nuc	nuc	0.81
SER	21, 37	3357	MET	21, 39	3359	nuc	nuc	0.97
GLY	21, 38	3358	MET	21, 39	3359	nuc	nuc	1
THR	1, 449	449	GLU	21, 40	3360	mit	nuc	0.9
ILE	7, 109	2117	GLU	21, 40	3360	nuc	nuc	0.96
PHE	7, 113	2121	GLU	21, 40	3360	nuc	nuc	0.96
GLY	21, 38	3358	GLU	21, 40	3360	nuc	nuc	0.97
MET	21, 39	3359	GLU	21, 40	3360	nuc	nuc	1
THR	1, 449	449	TRP	21, 41	3361	mit	nuc	0.88
LEU	1, 450	450	TRP	21, 41	3361	mit	nuc	0.97
THR	1, 453	453	TRP	21, 41	3361	mit	nuc	0.96
MET	21, 39	3359	TRP	21, 41	3361	nuc	nuc	0.97
GLU	21, 40	3360	TRP	21, 41	3361	nuc	nuc	1
ASP	1, 446	446	GLY	21, 42	3362	mit	nuc	0.68
THR	1, 449	449	GLY	21, 42	3362	mit	nuc	0.98
LEU	1, 450	450	GLY	21, 42	3362	mit	nuc	0.99
HIS	3, 4	1036	GLY	21, 42	3362	mit	nuc	0.95
SER	3, 5	1037	GLY	21, 42	3362	mit	nuc	0.78
PHE	7, 113	2121	GLY	21, 42	3362	nuc	nuc	0.62
GLU	21, 40	3360	GLY	21, 42	3362	nuc	nuc	0.99
TRP	21, 41	3361	GLY	21, 42	3362	nuc	nuc	1
LEU	1, 450	450	LEU	21, 43	3363	mit	nuc	0.95
HIS	3, 4	1036	LEU	21, 43	3363	mit	nuc	0.92
SER	3, 5	1037	LEU	21, 43	3363	mit	nuc	0.94
TRP	21, 41	3361	LEU	21, 43	3363	nuc	nuc	0.99
GLY	21, 42	3362	LEU	21, 43	3363	nuc	nuc	1
ASN	3, 3	1035	SER	21, 44	3364	mit	nuc	0.8
HIS	3, 4	1036	SER	21, 44	3364	mit	nuc	0.97
SER	3, 5	1037	SER	21, 44	3364	mit	nuc	0.97
ILE	7, 136	2144	SER	21, 44	3364	nuc	nuc	0.58
GLY	21, 42	3362	SER	21, 44	3364	nuc	nuc	0.61
LEU	21, 43	3363	SER	21, 44	3364	nuc	nuc	1
HIS	3, 4	1036	PRO	21, 45	3365	mit	nuc	0.94
LEU	7, 118	2126	PRO	21, 45	3365	nuc	nuc	0.87
THR	7, 122	2130	PRO	21, 45	3365	nuc	nuc	0.98
ILE	7, 136	2144	PRO	21, 45	3365	nuc	nuc	0.83
LEU	21, 43	3363	PRO	21, 45	3365	nuc	nuc	0.69
SER	21, 44	3364	PRO	21, 45	3365	nuc	nuc	1
ILE	7, 136	2144	VAL	21, 46	3366	nuc	nuc	0.9
GLN	7, 139	2147	VAL	21, 46	3366	nuc	nuc	0.95
TRP	7, 147	2155	VAL	21, 46	3366	nuc	nuc	0.92
SER	21, 44	3364	VAL	21, 46	3366	nuc	nuc	0.99
PRO	21, 45	3365	VAL	21, 46	3366	nuc	nuc	1
TRP	7, 147	2155	GLY	21, 47	3367	nuc	nuc	0.95
SER	21, 44	3364	GLY	21, 47	3367	nuc	nuc	0.56
PRO	21, 45	3365	GLY	21, 47	3367	nuc	nuc	0.99
VAL	21, 46	3366	GLY	21, 47	3367	nuc	nuc	1
LEU	21, 43	3363	ARG	21, 48	3368	nuc	nuc	0.85
SER	21, 44	3364	ARG	21, 48	3368	nuc	nuc	0.79
PRO	21, 45	3365	ARG	21, 48	3368	nuc	nuc	0.96
VAL	21, 46	3366	ARG	21, 48	3368	nuc	nuc	0.93
GLY	21, 47	3367	ARG	21, 48	3368	nuc	nuc	1
ASP	7, 115	2123	VAL	21, 49	3369	nuc	nuc	0.59
LEU	7, 118	2126	VAL	21, 49	3369	nuc	nuc	0.95
SER	7, 119	2127	VAL	21, 49	3369	nuc	nuc	0.96
THR	7, 122	2130	VAL	21, 49	3369	nuc	nuc	0.95
PRO	21, 45	3365	VAL	21, 49	3369	nuc	nuc	0.94
GLY	21, 47	3367	VAL	21, 49	3369	nuc	nuc	0.97
ARG	21, 48	3368	VAL	21, 49	3369	nuc	nuc	1
SER	7, 119	2127	THR	21, 50	3370	nuc	nuc	0.96
VAL	21, 49	3369	THR	21, 50	3370	nuc	nuc	1
SER	7, 119	2127	PRO	21, 51	3371	nuc	nuc	0.97
THR	7, 122	2130	PRO	21, 51	3371	nuc	nuc	0.97
LYS	7, 123	2131	PRO	21, 51	3371	nuc	nuc	0.98
LEU	7, 126	2134	PRO	21, 51	3371	nuc	nuc	0.92
VAL	21, 49	3369	PRO	21, 51	3371	nuc	nuc	0.94
THR	21, 50	3370	PRO	21, 51	3371	nuc	nuc	1
GLU	7, 116	2124	LYS	21, 52	3372	nuc	nuc	0.78
SER	7, 119	2127	LYS	21, 52	3372	nuc	nuc	0.99
MET	7, 120	2128	LYS	21, 52	3372	nuc	nuc	0.96
LYS	7, 123	2131	LYS	21, 52	3372	nuc	nuc	0.97
THR	21, 50	3370	LYS	21, 52	3372	nuc	nuc	0.97
PRO	21, 51	3371	LYS	21, 52	3372	nuc	nuc	1
MET	7, 120	2128	GLU	21, 53	3373	nuc	nuc	0.79
LYS	7, 123	2131	GLU	21, 53	3373	nuc	nuc	0.96
LYS	21, 52	3372	GLU	21, 53	3373	nuc	nuc	1
LEU	3, 129	1161	TRP	21, 54	3374	mit	nuc	0.95
GLY	3, 130	1162	TRP	21, 54	3374	mit	nuc	0.96
MET	7, 120	2128	TRP	21, 54	3374	nuc	nuc	0.97
GLN	7, 121	2129	TRP	21, 54	3374	nuc	nuc	0.73
LYS	7, 123	2131	TRP	21, 54	3374	nuc	nuc	0.95
ARG	7, 124	2132	TRP	21, 54	3374	nuc	nuc	0.94
LYS	21, 52	3372	TRP	21, 54	3374	nuc	nuc	0.9
GLU	21, 53	3373	TRP	21, 54	3374	nuc	nuc	1
LEU	3, 129	1161	ARG	21, 55	3375	mit	nuc	0.52
GLY	17, 68	3116	ARG	21, 55	3375	nuc	nuc	0.71
GLU	21, 53	3373	ARG	21, 55	3375	nuc	nuc	0.97
TRP	21, 54	3374	ARG	21, 55	3375	nuc	nuc	1
GLU	21, 53	3373	GLU	21, 56	3376	nuc	nuc	0.52
ARG	21, 55	3375	GLU	21, 56	3376	nuc	nuc	1
VAL	8, 59	2216	HIS	22, 2	3378	nuc	nuc	0.61
THR	22, 1	3377	HIS	22, 2	3378	nuc	nuc	1
LYS	10, 108	2523	HIS	22, 3	3379	nuc	nuc	0.57
THR	22, 1	3377	HIS	22, 3	3379	nuc	nuc	0.77
HIS	22, 2	3378	HIS	22, 3	3379	nuc	nuc	1
GLU	8, 72	2229	ARG	22, 4	3380	nuc	nuc	0.51
HIS	22, 2	3378	ARG	22, 4	3380	nuc	nuc	0.59
HIS	22, 3	3379	ARG	22, 4	3380	nuc	nuc	1
HIS	22, 3	3379	LYS	22, 5	3381	nuc	nuc	0.79
ARG	22, 4	3380	LYS	22, 5	3381	nuc	nuc	1
ARG	22, 4	3380	HIS	22, 6	3382	nuc	nuc	0.83
LYS	22, 5	3381	HIS	22, 6	3382	nuc	nuc	1
LYS	22, 5	3381	GLU	22, 7	3383	nuc	nuc	0.81
HIS	22, 6	3382	GLU	22, 7	3383	nuc	nuc	1
HIS	22, 6	3382	PRO	22, 8	3384	nuc	nuc	0.73
GLU	22, 7	3383	PRO	22, 8	3384	nuc	nuc	1
THR	8, 77	2234	ASN	22, 9	3385	nuc	nuc	0.58
GLU	22, 7	3383	ASN	22, 9	3385	nuc	nuc	0.83
PRO	22, 8	3384	ASN	22, 9	3385	nuc	nuc	1
THR	8, 82	2239	PHE	22, 10	3386	nuc	nuc	0.76
ASN	22, 9	3385	PHE	22, 10	3386	nuc	nuc	1
SER	2, 409	925	HIS	22, 11	3387	mit	nuc	0.61
THR	8, 77	2234	HIS	22, 11	3387	nuc	nuc	0.89
ASN	8, 78	2235	HIS	22, 11	3387	nuc	nuc	0.97
GLU	8, 79	2236	HIS	22, 11	3387	nuc	nuc	0.96
LYS	8, 81	2238	HIS	22, 11	3387	nuc	nuc	0.87
THR	8, 82	2239	HIS	22, 11	3387	nuc	nuc	0.96
ASN	22, 9	3385	HIS	22, 11	3387	nuc	nuc	0.98
PHE	22, 10	3386	HIS	22, 11	3387	nuc	nuc	1
ASN	8, 78	2235	ASP	22, 12	3388	nuc	nuc	0.94
PRO	22, 8	3384	ASP	22, 12	3388	nuc	nuc	0.92
ASN	22, 9	3385	ASP	22, 12	3388	nuc	nuc	0.97
PHE	22, 10	3386	ASP	22, 12	3388	nuc	nuc	0.94
HIS	22, 11	3387	ASP	22, 12	3388	nuc	nuc	1
PRO	22, 8	3384	LYS	22, 13	3389	nuc	nuc	0.9
ASN	22, 9	3385	LYS	22, 13	3389	nuc	nuc	0.87
PHE	22, 10	3386	LYS	22, 13	3389	nuc	nuc	0.96
HIS	22, 11	3387	LYS	22, 13	3389	nuc	nuc	0.89
ASP	22, 12	3388	LYS	22, 13	3389	nuc	nuc	1
THR	8, 82	2239	TYR	22, 14	3390	nuc	nuc	0.74
PHE	22, 10	3386	TYR	22, 14	3390	nuc	nuc	0.96
HIS	22, 11	3387	TYR	22, 14	3390	nuc	nuc	0.91
LYS	22, 13	3389	TYR	22, 14	3390	nuc	nuc	1
ASN	8, 78	2235	GLY	22, 15	3391	nuc	nuc	0.92
LYS	8, 81	2238	GLY	22, 15	3391	nuc	nuc	0.97
THR	8, 82	2239	GLY	22, 15	3391	nuc	nuc	0.97
PHE	22, 10	3386	GLY	22, 15	3391	nuc	nuc	0.64
HIS	22, 11	3387	GLY	22, 15	3391	nuc	nuc	0.97
ASP	22, 12	3388	GLY	22, 15	3391	nuc	nuc	0.94
LYS	22, 13	3389	GLY	22, 15	3391	nuc	nuc	0.98
TYR	22, 14	3390	GLY	22, 15	3391	nuc	nuc	1
LYS	8, 81	2238	ASN	22, 16	3392	nuc	nuc	0.94
TYR	22, 14	3390	ASN	22, 16	3392	nuc	nuc	0.88
GLY	22, 15	3391	ASN	22, 16	3392	nuc	nuc	1
TYR	22, 14	3390	LEU	22, 17	3393	nuc	nuc	0.98
GLY	22, 15	3391	LEU	22, 17	3393	nuc	nuc	1
ASN	22, 16	3392	LEU	22, 17	3393	nuc	nuc	1
LYS	8, 81	2238	VAL	22, 18	3394	nuc	nuc	0.87
THR	8, 82	2239	VAL	22, 18	3394	nuc	nuc	0.97
GLY	8, 85	2242	VAL	22, 18	3394	nuc	nuc	0.98
GLY	8, 86	2243	VAL	22, 18	3394	nuc	nuc	0.95
PHE	8, 89	2246	VAL	22, 18	3394	nuc	nuc	0.67
TYR	22, 14	3390	VAL	22, 18	3394	nuc	nuc	0.98
GLY	22, 15	3391	VAL	22, 18	3394	nuc	nuc	1
ASN	22, 16	3392	VAL	22, 18	3394	nuc	nuc	0.95
LEU	22, 17	3393	VAL	22, 18	3394	nuc	nuc	1
LYS	8, 81	2238	LEU	22, 19	3395	nuc	nuc	0.97
THR	8, 82	2239	LEU	22, 19	3395	nuc	nuc	0.81
LEU	8, 84	2241	LEU	22, 19	3395	nuc	nuc	0.96
GLY	8, 85	2242	LEU	22, 19	3395	nuc	nuc	0.98
LEU	8, 88	2245	LEU	22, 19	3395	nuc	nuc	0.56
GLY	22, 15	3391	LEU	22, 19	3395	nuc	nuc	0.98
ASN	22, 16	3392	LEU	22, 19	3395	nuc	nuc	0.99
LEU	22, 17	3393	LEU	22, 19	3395	nuc	nuc	0.98
VAL	22, 18	3394	LEU	22, 19	3395	nuc	nuc	1
ASN	22, 16	3392	ILE	22, 20	3396	nuc	nuc	0.97
LEU	22, 17	3393	ILE	22, 20	3396	nuc	nuc	0.99
VAL	22, 18	3394	ILE	22, 20	3396	nuc	nuc	0.88
LEU	22, 19	3395	ILE	22, 20	3396	nuc	nuc	1
GLY	8, 85	2242	GLY	22, 21	3397	nuc	nuc	0.89
PHE	8, 89	2246	GLY	22, 21	3397	nuc	nuc	0.87
LEU	22, 17	3393	GLY	22, 21	3397	nuc	nuc	0.98
VAL	22, 18	3394	GLY	22, 21	3397	nuc	nuc	0.99
LEU	22, 19	3395	GLY	22, 21	3397	nuc	nuc	1
ILE	22, 20	3396	GLY	22, 21	3397	nuc	nuc	1
GLY	8, 85	2242	GLY	22, 22	3398	nuc	nuc	0.98
GLY	8, 86	2243	GLY	22, 22	3398	nuc	nuc	0.96
LEU	8, 88	2245	GLY	22, 22	3398	nuc	nuc	0.98
PHE	8, 89	2246	GLY	22, 22	3398	nuc	nuc	0.98
GLY	8, 92	2249	GLY	22, 22	3398	nuc	nuc	0.55
VAL	22, 18	3394	GLY	22, 22	3398	nuc	nuc	0.98
LEU	22, 19	3395	GLY	22, 22	3398	nuc	nuc	0.99
ILE	22, 20	3396	GLY	22, 22	3398	nuc	nuc	1
GLY	22, 21	3397	GLY	22, 22	3398	nuc	nuc	1
GLY	8, 85	2242	ALA	22, 23	3399	nuc	nuc	0.93
LEU	8, 88	2245	ALA	22, 23	3399	nuc	nuc	0.98
LEU	22, 19	3395	ALA	22, 23	3399	nuc	nuc	0.99
ILE	22, 20	3396	ALA	22, 23	3399	nuc	nuc	0.99
GLY	22, 21	3397	ALA	22, 23	3399	nuc	nuc	1
GLY	22, 22	3398	ALA	22, 23	3399	nuc	nuc	1
ILE	22, 20	3396	ALA	22, 24	3400	nuc	nuc	0.99
GLY	22, 21	3397	ALA	22, 24	3400	nuc	nuc	1
GLY	22, 22	3398	ALA	22, 24	3400	nuc	nuc	1
ALA	22, 23	3399	ALA	22, 24	3400	nuc	nuc	1
LEU	8, 88	2245	VAL	22, 25	3401	nuc	nuc	0.88
PHE	8, 89	2246	VAL	22, 25	3401	nuc	nuc	0.97
GLY	8, 92	2249	VAL	22, 25	3401	nuc	nuc	0.98
GLY	22, 21	3397	VAL	22, 25	3401	nuc	nuc	0.99
GLY	22, 22	3398	VAL	22, 25	3401	nuc	nuc	1
ALA	22, 23	3399	VAL	22, 25	3401	nuc	nuc	0.97
ALA	22, 24	3400	VAL	22, 25	3401	nuc	nuc	1
LEU	8, 88	2245	PHE	22, 26	3402	nuc	nuc	0.98
PHE	8, 89	2246	PHE	22, 26	3402	nuc	nuc	0.92
LEU	8, 91	2248	PHE	22, 26	3402	nuc	nuc	0.98
GLY	8, 92	2249	PHE	22, 26	3402	nuc	nuc	0.99
GLY	22, 22	3398	PHE	22, 26	3402	nuc	nuc	0.99
ALA	22, 23	3399	PHE	22, 26	3402	nuc	nuc	0.99
ALA	22, 24	3400	PHE	22, 26	3402	nuc	nuc	0.99
VAL	22, 25	3401	PHE	22, 26	3402	nuc	nuc	1
ALA	22, 23	3399	ALA	22, 27	3403	nuc	nuc	0.99
ALA	22, 24	3400	ALA	22, 27	3403	nuc	nuc	0.99
VAL	22, 25	3401	ALA	22, 27	3403	nuc	nuc	0.96
PHE	22, 26	3402	ALA	22, 27	3403	nuc	nuc	1
ALA	22, 24	3400	THR	22, 28	3404	nuc	nuc	0.99
VAL	22, 25	3401	THR	22, 28	3404	nuc	nuc	0.99
PHE	22, 26	3402	THR	22, 28	3404	nuc	nuc	0.96
ALA	22, 27	3403	THR	22, 28	3404	nuc	nuc	1
GLY	8, 92	2249	VAL	22, 29	3405	nuc	nuc	0.98
GLY	8, 95	2252	VAL	22, 29	3405	nuc	nuc	0.98
LEU	8, 96	2253	VAL	22, 29	3405	nuc	nuc	0.97
ILE	8, 99	2256	VAL	22, 29	3405	nuc	nuc	0.69
VAL	22, 25	3401	VAL	22, 29	3405	nuc	nuc	0.99
PHE	22, 26	3402	VAL	22, 29	3405	nuc	nuc	0.99
ALA	22, 27	3403	VAL	22, 29	3405	nuc	nuc	0.84
THR	22, 28	3404	VAL	22, 29	3405	nuc	nuc	1
LEU	8, 91	2248	TRP	22, 30	3406	nuc	nuc	0.61
GLY	8, 92	2249	TRP	22, 30	3406	nuc	nuc	0.94
GLY	8, 95	2252	TRP	22, 30	3406	nuc	nuc	0.95
PHE	22, 26	3402	TRP	22, 30	3406	nuc	nuc	0.99
ALA	22, 27	3403	TRP	22, 30	3406	nuc	nuc	0.99
THR	22, 28	3404	TRP	22, 30	3406	nuc	nuc	0.82
VAL	22, 29	3405	TRP	22, 30	3406	nuc	nuc	1
ALA	22, 27	3403	GLY	22, 31	3407	nuc	nuc	0.98
THR	22, 28	3404	GLY	22, 31	3407	nuc	nuc	0.99
VAL	22, 29	3405	GLY	22, 31	3407	nuc	nuc	1
TRP	22, 30	3406	GLY	22, 31	3407	nuc	nuc	1
ILE	8, 99	2256	TYR	22, 32	3408	nuc	nuc	0.83
THR	22, 28	3404	TYR	22, 32	3408	nuc	nuc	0.98
VAL	22, 29	3405	TYR	22, 32	3408	nuc	nuc	0.99
TRP	22, 30	3406	TYR	22, 32	3408	nuc	nuc	0.99
GLY	22, 31	3407	TYR	22, 32	3408	nuc	nuc	1
GLY	8, 95	2252	VAL	22, 33	3409	nuc	nuc	0.95
LEU	8, 98	2255	VAL	22, 33	3409	nuc	nuc	0.95
ILE	8, 99	2256	VAL	22, 33	3409	nuc	nuc	0.95
VAL	22, 29	3405	VAL	22, 33	3409	nuc	nuc	0.98
TRP	22, 30	3406	VAL	22, 33	3409	nuc	nuc	0.99
GLY	22, 31	3407	VAL	22, 33	3409	nuc	nuc	1
TYR	22, 32	3408	VAL	22, 33	3409	nuc	nuc	1
TRP	22, 30	3406	PHE	22, 34	3410	nuc	nuc	0.97
GLY	22, 31	3407	PHE	22, 34	3410	nuc	nuc	1
TYR	22, 32	3408	PHE	22, 34	3410	nuc	nuc	0.89
VAL	22, 33	3409	PHE	22, 34	3410	nuc	nuc	1
GLY	22, 31	3407	THR	22, 35	3411	nuc	nuc	0.97
TYR	22, 32	3408	THR	22, 35	3411	nuc	nuc	0.97
VAL	22, 33	3409	THR	22, 35	3411	nuc	nuc	0.68
PHE	22, 34	3410	THR	22, 35	3411	nuc	nuc	1
TYR	22, 32	3408	LYS	22, 36	3412	nuc	nuc	0.94
VAL	22, 33	3409	LYS	22, 36	3412	nuc	nuc	0.55
THR	22, 35	3411	LYS	22, 36	3412	nuc	nuc	1
ILE	8, 99	2256	SER	22, 37	3413	nuc	nuc	0.89
LYS	8, 102	2259	SER	22, 37	3413	nuc	nuc	0.94
TYR	22, 32	3408	SER	22, 37	3413	nuc	nuc	0.88
VAL	22, 33	3409	SER	22, 37	3413	nuc	nuc	0.92
PHE	22, 34	3410	SER	22, 37	3413	nuc	nuc	0.73
THR	22, 35	3411	SER	22, 37	3413	nuc	nuc	0.76
LYS	22, 36	3412	SER	22, 37	3413	nuc	nuc	1
LYS	8, 102	2259	GLY	22, 38	3414	nuc	nuc	0.85
LYS	22, 36	3412	GLY	22, 38	3414	nuc	nuc	0.96
SER	22, 37	3413	GLY	22, 38	3414	nuc	nuc	1
THR	2, 453	969	MET	22, 39	3415	mit	nuc	0.83
LYS	8, 102	2259	MET	22, 39	3415	nuc	nuc	0.95
VAL	22, 33	3409	MET	22, 39	3415	nuc	nuc	0.8
SER	22, 37	3413	MET	22, 39	3415	nuc	nuc	0.97
GLY	22, 38	3414	MET	22, 39	3415	nuc	nuc	1
THR	2, 449	965	GLU	22, 40	3416	mit	nuc	0.89
ILE	8, 109	2266	GLU	22, 40	3416	nuc	nuc	0.95
PHE	8, 113	2270	GLU	22, 40	3416	nuc	nuc	0.96
GLY	22, 38	3414	GLU	22, 40	3416	nuc	nuc	0.97
MET	22, 39	3415	GLU	22, 40	3416	nuc	nuc	1
THR	2, 449	965	TRP	22, 41	3417	mit	nuc	0.87
LEU	2, 450	966	TRP	22, 41	3417	mit	nuc	0.97
THR	2, 453	969	TRP	22, 41	3417	mit	nuc	0.96
MET	22, 39	3415	TRP	22, 41	3417	nuc	nuc	0.97
GLU	22, 40	3416	TRP	22, 41	3417	nuc	nuc	1
ASP	2, 446	962	GLY	22, 42	3418	mit	nuc	0.67
THR	2, 449	965	GLY	22, 42	3418	mit	nuc	0.98
LEU	2, 450	966	GLY	22, 42	3418	mit	nuc	0.99
HIS	4, 4	1263	GLY	22, 42	3418	mit	nuc	0.95
SER	4, 5	1264	GLY	22, 42	3418	mit	nuc	0.78
PHE	8, 113	2270	GLY	22, 42	3418	nuc	nuc	0.62
GLU	22, 40	3416	GLY	22, 42	3418	nuc	nuc	0.99
TRP	22, 41	3417	GLY	22, 42	3418	nuc	nuc	1
LEU	2, 450	966	LEU	22, 43	3419	mit	nuc	0.95
HIS	4, 4	1263	LEU	22, 43	3419	mit	nuc	0.92
SER	4, 5	1264	LEU	22, 43	3419	mit	nuc	0.94
TRP	22, 41	3417	LEU	22, 43	3419	nuc	nuc	0.99
GLY	22, 42	3418	LEU	22, 43	3419	nuc	nuc	1
ASN	4, 3	1262	SER	22, 44	3420	mit	nuc	0.8
HIS	4, 4	1263	SER	22, 44	3420	mit	nuc	0.97
SER	4, 5	1264	SER	22, 44	3420	mit	nuc	0.97
ILE	8, 136	2293	SER	22, 44	3420	nuc	nuc	0.58
GLY	22, 42	3418	SER	22, 44	3420	nuc	nuc	0.62
LEU	22, 43	3419	SER	22, 44	3420	nuc	nuc	1
HIS	4, 4	1263	PRO	22, 45	3421	mit	nuc	0.94
LEU	8, 118	2275	PRO	22, 45	3421	nuc	nuc	0.87
THR	8, 122	2279	PRO	22, 45	3421	nuc	nuc	0.97
ILE	8, 136	2293	PRO	22, 45	3421	nuc	nuc	0.83
LEU	22, 43	3419	PRO	22, 45	3421	nuc	nuc	0.69
SER	22, 44	3420	PRO	22, 45	3421	nuc	nuc	1
ILE	8, 136	2293	VAL	22, 46	3422	nuc	nuc	0.9
GLN	8, 139	2296	VAL	22, 46	3422	nuc	nuc	0.94
TRP	8, 147	2304	VAL	22, 46	3422	nuc	nuc	0.91
SER	22, 44	3420	VAL	22, 46	3422	nuc	nuc	0.99
PRO	22, 45	3421	VAL	22, 46	3422	nuc	nuc	1
TRP	8, 147	2304	GLY	22, 47	3423	nuc	nuc	0.95
SER	22, 44	3420	GLY	22, 47	3423	nuc	nuc	0.57
PRO	22, 45	3421	GLY	22, 47	3423	nuc	nuc	0.99
VAL	22, 46	3422	GLY	22, 47	3423	nuc	nuc	1
LEU	22, 43	3419	ARG	22, 48	3424	nuc	nuc	0.84
SER	22, 44	3420	ARG	22, 48	3424	nuc	nuc	0.79
PRO	22, 45	3421	ARG	22, 48	3424	nuc	nuc	0.96
VAL	22, 46	3422	ARG	22, 48	3424	nuc	nuc	0.93
GLY	22, 47	3423	ARG	22, 48	3424	nuc	nuc	1
ASP	8, 115	2272	VAL	22, 49	3425	nuc	nuc	0.58
LEU	8, 118	2275	VAL	22, 49	3425	nuc	nuc	0.94
SER	8, 119	2276	VAL	22, 49	3425	nuc	nuc	0.96
THR	8, 122	2279	VAL	22, 49	3425	nuc	nuc	0.95
PRO	22, 45	3421	VAL	22, 49	3425	nuc	nuc	0.94
GLY	22, 47	3423	VAL	22, 49	3425	nuc	nuc	0.97
ARG	22, 48	3424	VAL	22, 49	3425	nuc	nuc	1
SER	8, 119	2276	THR	22, 50	3426	nuc	nuc	0.96
VAL	22, 49	3425	THR	22, 50	3426	nuc	nuc	1
SER	8, 119	2276	PRO	22, 51	3427	nuc	nuc	0.97
THR	8, 122	2279	PRO	22, 51	3427	nuc	nuc	0.96
LYS	8, 123	2280	PRO	22, 51	3427	nuc	nuc	0.98
LEU	8, 126	2283	PRO	22, 51	3427	nuc	nuc	0.91
VAL	22, 49	3425	PRO	22, 51	3427	nuc	nuc	0.94
THR	22, 50	3426	PRO	22, 51	3427	nuc	nuc	1
GLU	8, 116	2273	LYS	22, 52	3428	nuc	nuc	0.77
SER	8, 119	2276	LYS	22, 52	3428	nuc	nuc	0.98
MET	8, 120	2277	LYS	22, 52	3428	nuc	nuc	0.95
LYS	8, 123	2280	LYS	22, 52	3428	nuc	nuc	0.97
THR	22, 50	3426	LYS	22, 52	3428	nuc	nuc	0.96
PRO	22, 51	3427	LYS	22, 52	3428	nuc	nuc	1
MET	8, 120	2277	GLU	22, 53	3429	nuc	nuc	0.79
LYS	8, 123	2280	GLU	22, 53	3429	nuc	nuc	0.96
LYS	22, 52	3428	GLU	22, 53	3429	nuc	nuc	1
LEU	4, 129	1388	TRP	22, 54	3430	mit	nuc	0.94
GLY	4, 130	1389	TRP	22, 54	3430	mit	nuc	0.96
MET	8, 120	2277	TRP	22, 54	3430	nuc	nuc	0.96
GLN	8, 121	2278	TRP	22, 54	3430	nuc	nuc	0.73
LYS	8, 123	2280	TRP	22, 54	3430	nuc	nuc	0.95
ARG	8, 124	2281	TRP	22, 54	3430	nuc	nuc	0.94
LYS	22, 52	3428	TRP	22, 54	3430	nuc	nuc	0.89
GLU	22, 53	3429	TRP	22, 54	3430	nuc	nuc	1
LEU	4, 129	1388	ARG	22, 55	3431	mit	nuc	0.52
GLY	18, 68	3192	ARG	22, 55	3431	nuc	nuc	0.7
GLU	22, 53	3429	ARG	22, 55	3431	nuc	nuc	0.97
TRP	22, 54	3430	ARG	22, 55	3431	nuc	nuc	1
GLU	22, 53	3429	GLU	22, 56	3432	nuc	nuc	0.51
ARG	22, 55	3431	GLU	22, 56	3432	nuc	nuc	1
TYR	1, 503	503	SER	23, 1	3433	mit	nuc	0.7
HIS	1, 504	504	SER	23, 1	3433	mit	nuc	0.57
SER	23, 1	3433	HIS	23, 2	3434	nuc	nuc	1
ARG	1, 6	6	TYR	23, 3	3435	mit	nuc	0.92
TYR	1, 503	503	TYR	23, 3	3435	mit	nuc	0.93
SER	23, 1	3433	TYR	23, 3	3435	nuc	nuc	0.88
HIS	23, 2	3434	TYR	23, 3	3435	nuc	nuc	1
TYR	23, 3	3435	GLU	23, 4	3436	nuc	nuc	1
PRO	1, 500	500	ASP	23, 5	3437	mit	nuc	0.72
PRO	1, 502	502	ASP	23, 5	3437	mit	nuc	0.96
TYR	1, 503	503	ASP	23, 5	3437	mit	nuc	0.95
TYR	23, 3	3435	ASP	23, 5	3437	nuc	nuc	0.97
GLU	23, 4	3436	ASP	23, 5	3437	nuc	nuc	1
GLY	1, 403	403	GLY	23, 6	3438	mit	nuc	0.67
PRO	1, 500	500	GLY	23, 6	3438	mit	nuc	0.97
GLU	23, 4	3436	GLY	23, 6	3438	nuc	nuc	0.97
ASP	23, 5	3437	GLY	23, 6	3438	nuc	nuc	1
THR	1, 402	402	PRO	23, 7	3439	mit	nuc	0.88
GLY	1, 403	403	PRO	23, 7	3439	mit	nuc	0.96
PHE	1, 404	404	PRO	23, 7	3439	mit	nuc	0.93
LYS	1, 480	480	PRO	23, 7	3439	mit	nuc	0.68
LYS	1, 482	482	PRO	23, 7	3439	mit	nuc	0.94
CYS	1, 499	499	PRO	23, 7	3439	mit	nuc	0.55
PRO	1, 500	500	PRO	23, 7	3439	mit	nuc	0.96
GLY	23, 6	3438	PRO	23, 7	3439	nuc	nuc	1
THR	1, 402	402	GLY	23, 8	3440	mit	nuc	0.88
GLY	1, 403	403	GLY	23, 8	3440	mit	nuc	0.72
PHE	1, 404	404	GLY	23, 8	3440	mit	nuc	0.62
PHE	1, 477	477	GLY	23, 8	3440	mit	nuc	0.54
GLY	23, 6	3438	GLY	23, 8	3440	nuc	nuc	1
PRO	23, 7	3439	GLY	23, 8	3440	nuc	nuc	1
GLU	23, 4	3436	LYS	23, 9	3441	nuc	nuc	0.97
ASP	23, 5	3437	LYS	23, 9	3441	nuc	nuc	0.96
GLY	23, 6	3438	LYS	23, 9	3441	nuc	nuc	0.99
PRO	23, 7	3439	LYS	23, 9	3441	nuc	nuc	0.96
GLY	23, 8	3440	LYS	23, 9	3441	nuc	nuc	1
LYS	1, 14	14	ASN	23, 10	3442	mit	nuc	0.82
ASP	1, 15	15	ASN	23, 10	3442	mit	nuc	0.63
THR	1, 18	18	ASN	23, 10	3442	mit	nuc	0.86
THR	1, 402	402	ASN	23, 10	3442	mit	nuc	0.7
PRO	1, 500	500	ASN	23, 10	3442	mit	nuc	0.97
ASP	23, 5	3437	ASN	23, 10	3442	nuc	nuc	0.86
GLY	23, 6	3438	ASN	23, 10	3442	nuc	nuc	0.95
PRO	23, 7	3439	ASN	23, 10	3442	nuc	nuc	0.64
GLY	23, 8	3440	ASN	23, 10	3442	nuc	nuc	1
LYS	23, 9	3441	ASN	23, 10	3442	nuc	nuc	1
THR	1, 18	18	LEU	23, 11	3443	mit	nuc	0.95
THR	1, 402	402	LEU	23, 11	3443	mit	nuc	0.79
GLY	23, 8	3440	LEU	23, 11	3443	nuc	nuc	0.97
LYS	23, 9	3441	LEU	23, 11	3443	nuc	nuc	0.94
ASN	23, 10	3442	LEU	23, 11	3443	nuc	nuc	1
TRP	1, 7	7	PRO	23, 12	3444	mit	nuc	0.97
THR	1, 18	18	PRO	23, 12	3444	mit	nuc	0.87
LEU	1, 19	19	PRO	23, 12	3444	mit	nuc	0.85
ILE	1, 22	22	PRO	23, 12	3444	mit	nuc	0.86
LEU	23, 11	3443	PRO	23, 12	3444	nuc	nuc	1
LEU	23, 11	3443	PHE	23, 13	3445	nuc	nuc	0.99
PRO	23, 12	3444	PHE	23, 13	3445	nuc	nuc	1
PHE	23, 13	3445	SER	23, 14	3446	nuc	nuc	1
PHE	1, 477	477	VAL	23, 15	3447	mit	nuc	0.96
SER	1, 478	478	VAL	23, 15	3447	mit	nuc	0.55
LYS	1, 480	480	VAL	23, 15	3447	mit	nuc	0.54
GLY	23, 8	3440	VAL	23, 15	3447	nuc	nuc	0.98
LEU	23, 11	3443	VAL	23, 15	3447	nuc	nuc	0.91
PHE	23, 13	3445	VAL	23, 15	3447	nuc	nuc	0.96
SER	23, 14	3446	VAL	23, 15	3447	nuc	nuc	1
SER	23, 14	3446	GLU	23, 16	3448	nuc	nuc	0.99
VAL	23, 15	3447	GLU	23, 16	3448	nuc	nuc	1
SER	23, 14	3446	ASN	23, 17	3449	nuc	nuc	0.83
GLU	23, 16	3448	ASN	23, 17	3449	nuc	nuc	1
PHE	1, 477	477	LYS	23, 18	3450	mit	nuc	0.54
SER	1, 478	478	LYS	23, 18	3450	mit	nuc	0.97
ASN	23, 17	3449	LYS	23, 18	3450	nuc	nuc	1
ASN	23, 17	3449	TRP	23, 19	3451	nuc	nuc	1
LYS	23, 18	3450	TRP	23, 19	3451	nuc	nuc	1
SER	23, 14	3446	ARG	23, 20	3452	nuc	nuc	0.84
GLU	23, 16	3448	ARG	23, 20	3452	nuc	nuc	0.56
ASN	23, 17	3449	ARG	23, 20	3452	nuc	nuc	0.99
LYS	23, 18	3450	ARG	23, 20	3452	nuc	nuc	0.95
TRP	23, 19	3451	ARG	23, 20	3452	nuc	nuc	1
TRP	1, 474	474	LEU	23, 21	3453	mit	nuc	0.94
PHE	1, 477	477	LEU	23, 21	3453	mit	nuc	0.97
SER	1, 478	478	LEU	23, 21	3453	mit	nuc	0.92
PHE	23, 13	3445	LEU	23, 21	3453	nuc	nuc	0.82
SER	23, 14	3446	LEU	23, 21	3453	nuc	nuc	0.85
VAL	23, 15	3447	LEU	23, 21	3453	nuc	nuc	0.97
ASN	23, 17	3449	LEU	23, 21	3453	nuc	nuc	0.98
LYS	23, 18	3450	LEU	23, 21	3453	nuc	nuc	1
TRP	23, 19	3451	LEU	23, 21	3453	nuc	nuc	0.99
ARG	23, 20	3452	LEU	23, 21	3453	nuc	nuc	1
TRP	1, 474	474	LEU	23, 22	3454	mit	nuc	0.98
SER	1, 478	478	LEU	23, 22	3454	mit	nuc	0.61
LYS	23, 18	3450	LEU	23, 22	3454	nuc	nuc	0.98
TRP	23, 19	3451	LEU	23, 22	3454	nuc	nuc	1
ARG	23, 20	3452	LEU	23, 22	3454	nuc	nuc	0.99
LEU	23, 21	3453	LEU	23, 22	3454	nuc	nuc	1
TRP	23, 19	3451	ALA	23, 23	3455	nuc	nuc	0.98
ARG	23, 20	3452	ALA	23, 23	3455	nuc	nuc	1
LEU	23, 21	3453	ALA	23, 23	3455	nuc	nuc	0.99
LEU	23, 22	3454	ALA	23, 23	3455	nuc	nuc	1
PHE	23, 13	3445	MET	23, 24	3456	nuc	nuc	0.97
ARG	23, 20	3452	MET	23, 24	3456	nuc	nuc	0.99
LEU	23, 21	3453	MET	23, 24	3456	nuc	nuc	1
LEU	23, 22	3454	MET	23, 24	3456	nuc	nuc	0.99
ALA	23, 23	3455	MET	23, 24	3456	nuc	nuc	1
MET	1, 470	470	MET	23, 25	3457	mit	nuc	0.96
VAL	1, 473	473	MET	23, 25	3457	mit	nuc	0.76
TRP	1, 474	474	MET	23, 25	3457	mit	nuc	0.98
LEU	23, 21	3453	MET	23, 25	3457	nuc	nuc	1
LEU	23, 22	3454	MET	23, 25	3457	nuc	nuc	1
ALA	23, 23	3455	MET	23, 25	3457	nuc	nuc	0.97
MET	23, 24	3456	MET	23, 25	3457	nuc	nuc	1
LEU	23, 22	3454	CYS	23, 26	3458	nuc	nuc	1
ALA	23, 23	3455	CYS	23, 26	3458	nuc	nuc	1
MET	23, 24	3456	CYS	23, 26	3458	nuc	nuc	0.99
MET	23, 25	3457	CYS	23, 26	3458	nuc	nuc	1
ALA	23, 23	3455	ALA	23, 27	3459	nuc	nuc	0.99
MET	23, 24	3456	ALA	23, 27	3459	nuc	nuc	1
MET	23, 25	3457	ALA	23, 27	3459	nuc	nuc	0.99
CYS	23, 26	3458	ALA	23, 27	3459	nuc	nuc	1
TRP	1, 26	26	PHE	23, 28	3460	mit	nuc	0.97
MET	23, 24	3456	PHE	23, 28	3460	nuc	nuc	1
MET	23, 25	3457	PHE	23, 28	3460	nuc	nuc	1
CYS	23, 26	3458	PHE	23, 28	3460	nuc	nuc	0.99
ALA	23, 27	3459	PHE	23, 28	3460	nuc	nuc	1
THR	1, 25	25	PHE	23, 29	3461	mit	nuc	0.66
TRP	1, 26	26	PHE	23, 29	3461	mit	nuc	0.87
MET	1, 29	29	PHE	23, 29	3461	mit	nuc	0.99
MET	1, 470	470	PHE	23, 29	3461	mit	nuc	0.99
MET	23, 25	3457	PHE	23, 29	3461	nuc	nuc	0.99
CYS	23, 26	3458	PHE	23, 29	3461	nuc	nuc	0.99
ALA	23, 27	3459	PHE	23, 29	3461	nuc	nuc	0.54
PHE	23, 28	3460	PHE	23, 29	3461	nuc	nuc	1
MET	1, 29	29	GLY	23, 30	3462	mit	nuc	0.95
CYS	23, 26	3458	GLY	23, 30	3462	nuc	nuc	0.99
ALA	23, 27	3459	GLY	23, 30	3462	nuc	nuc	1
PHE	23, 28	3460	GLY	23, 30	3462	nuc	nuc	1
PHE	23, 29	3461	GLY	23, 30	3462	nuc	nuc	1
ALA	23, 27	3459	SER	23, 31	3463	nuc	nuc	0.99
PHE	23, 28	3460	SER	23, 31	3463	nuc	nuc	1
PHE	23, 29	3461	SER	23, 31	3463	nuc	nuc	0.97
GLY	23, 30	3462	SER	23, 31	3463	nuc	nuc	1
TRP	1, 26	26	GLY	23, 32	3464	mit	nuc	0.99
MET	1, 29	29	GLY	23, 32	3464	mit	nuc	0.99
ALA	1, 30	30	GLY	23, 32	3464	mit	nuc	0.99
ALA	1, 33	33	GLY	23, 32	3464	mit	nuc	0.93
PHE	23, 28	3460	GLY	23, 32	3464	nuc	nuc	0.85
PHE	23, 29	3461	GLY	23, 32	3464	nuc	nuc	0.99
GLY	23, 30	3462	GLY	23, 32	3464	nuc	nuc	1
SER	23, 31	3463	GLY	23, 32	3464	nuc	nuc	1
MET	1, 29	29	PHE	23, 33	3465	mit	nuc	0.98
ALA	1, 30	30	PHE	23, 33	3465	mit	nuc	0.94
THR	1, 32	32	PHE	23, 33	3465	mit	nuc	0.9
ALA	1, 33	33	PHE	23, 33	3465	mit	nuc	0.99
PHE	23, 29	3461	PHE	23, 33	3465	nuc	nuc	0.99
GLY	23, 30	3462	PHE	23, 33	3465	nuc	nuc	1
SER	23, 31	3463	PHE	23, 33	3465	nuc	nuc	0.98
GLY	23, 32	3464	PHE	23, 33	3465	nuc	nuc	1
ALA	1, 33	33	ALA	23, 34	3466	mit	nuc	0.84
GLY	23, 30	3462	ALA	23, 34	3466	nuc	nuc	1
SER	23, 31	3463	ALA	23, 34	3466	nuc	nuc	1
GLY	23, 32	3464	ALA	23, 34	3466	nuc	nuc	1
PHE	23, 33	3465	ALA	23, 34	3466	nuc	nuc	1
ALA	1, 30	30	ALA	23, 35	3467	mit	nuc	0.98
ALA	1, 33	33	ALA	23, 35	3467	mit	nuc	0.89
LEU	1, 114	114	ALA	23, 35	3467	mit	nuc	0.89
SER	23, 31	3463	ALA	23, 35	3467	nuc	nuc	0.99
GLY	23, 32	3464	ALA	23, 35	3467	nuc	nuc	1
PHE	23, 33	3465	ALA	23, 35	3467	nuc	nuc	0.98
ALA	23, 34	3466	ALA	23, 35	3467	nuc	nuc	1
ALA	1, 30	30	PRO	23, 36	3468	mit	nuc	0.98
GLY	1, 31	31	PRO	23, 36	3468	mit	nuc	0.91
ALA	1, 33	33	PRO	23, 36	3468	mit	nuc	0.98
LEU	1, 34	34	PRO	23, 36	3468	mit	nuc	0.99
LEU	1, 37	37	PRO	23, 36	3468	mit	nuc	0.97
ILE	1, 58	58	PRO	23, 36	3468	mit	nuc	0.79
ALA	1, 61	61	PRO	23, 36	3468	mit	nuc	0.7
GLY	23, 32	3464	PRO	23, 36	3468	nuc	nuc	0.52
PHE	23, 33	3465	PRO	23, 36	3468	nuc	nuc	0.7
ALA	23, 34	3466	PRO	23, 36	3468	nuc	nuc	0.92
ALA	23, 35	3467	PRO	23, 36	3468	nuc	nuc	1
ALA	1, 33	33	PHE	23, 37	3469	mit	nuc	0.97
LEU	1, 37	37	PHE	23, 37	3469	mit	nuc	0.86
ALA	23, 34	3466	PHE	23, 37	3469	nuc	nuc	1
ALA	23, 35	3467	PHE	23, 37	3469	nuc	nuc	0.99
PRO	23, 36	3468	PHE	23, 37	3469	nuc	nuc	1
ALA	23, 34	3466	PHE	23, 38	3470	nuc	nuc	0.99
ALA	23, 35	3467	PHE	23, 38	3470	nuc	nuc	1
PRO	23, 36	3468	PHE	23, 38	3470	nuc	nuc	0.99
PHE	23, 37	3469	PHE	23, 38	3470	nuc	nuc	1
LEU	1, 114	114	ILE	23, 39	3471	mit	nuc	0.93
SER	1, 117	117	ILE	23, 39	3471	mit	nuc	0.98
THR	1, 118	118	ILE	23, 39	3471	mit	nuc	0.97
ALA	23, 35	3467	ILE	23, 39	3471	nuc	nuc	1
PRO	23, 36	3468	ILE	23, 39	3471	nuc	nuc	1
PHE	23, 37	3469	ILE	23, 39	3471	nuc	nuc	0.99
PHE	23, 38	3470	ILE	23, 39	3471	nuc	nuc	1
LEU	1, 37	37	VAL	23, 40	3472	mit	nuc	0.97
LEU	1, 49	49	VAL	23, 40	3472	mit	nuc	0.86
ILE	1, 54	54	VAL	23, 40	3472	mit	nuc	0.9
ILE	1, 58	58	VAL	23, 40	3472	mit	nuc	0.93
PRO	23, 36	3468	VAL	23, 40	3472	nuc	nuc	0.99
PHE	23, 37	3469	VAL	23, 40	3472	nuc	nuc	1
PHE	23, 38	3470	VAL	23, 40	3472	nuc	nuc	0.99
ILE	23, 39	3471	VAL	23, 40	3472	nuc	nuc	1
PHE	23, 37	3469	ARG	23, 41	3473	nuc	nuc	0.99
PHE	23, 38	3470	ARG	23, 41	3473	nuc	nuc	1
ILE	23, 39	3471	ARG	23, 41	3473	nuc	nuc	0.99
VAL	23, 40	3472	ARG	23, 41	3473	nuc	nuc	1
THR	1, 118	118	HIS	23, 42	3474	mit	nuc	0.96
SER	19, 54	3254	HIS	23, 42	3474	nuc	nuc	0.8
PHE	23, 38	3470	HIS	23, 42	3474	nuc	nuc	0.99
ILE	23, 39	3471	HIS	23, 42	3474	nuc	nuc	1
VAL	23, 40	3472	HIS	23, 42	3474	nuc	nuc	0.99
ARG	23, 41	3473	HIS	23, 42	3474	nuc	nuc	1
ILE	1, 54	54	GLN	23, 43	3475	mit	nuc	0.97
VAL	1, 57	57	GLN	23, 43	3475	mit	nuc	0.75
SER	1, 117	117	GLN	23, 43	3475	mit	nuc	0.58
THR	1, 118	118	GLN	23, 43	3475	mit	nuc	0.82
ALA	1, 121	121	GLN	23, 43	3475	mit	nuc	0.7
GLY	1, 122	122	GLN	23, 43	3475	mit	nuc	0.79
ILE	23, 39	3471	GLN	23, 43	3475	nuc	nuc	0.99
VAL	23, 40	3472	GLN	23, 43	3475	nuc	nuc	1
ARG	23, 41	3473	GLN	23, 43	3475	nuc	nuc	0.98
HIS	23, 42	3474	GLN	23, 43	3475	nuc	nuc	1
LEU	1, 49	49	LEU	23, 44	3476	mit	nuc	0.68
ILE	1, 54	54	LEU	23, 44	3476	mit	nuc	0.74
VAL	23, 40	3472	LEU	23, 44	3476	nuc	nuc	1
ARG	23, 41	3473	LEU	23, 44	3476	nuc	nuc	0.99
HIS	23, 42	3474	LEU	23, 44	3476	nuc	nuc	0.98
GLN	23, 43	3475	LEU	23, 44	3476	nuc	nuc	1
ARG	23, 41	3473	LEU	23, 45	3477	nuc	nuc	0.98
HIS	23, 42	3474	LEU	23, 45	3477	nuc	nuc	0.99
GLN	23, 43	3475	LEU	23, 45	3477	nuc	nuc	0.96
LEU	23, 44	3476	LEU	23, 45	3477	nuc	nuc	1
PRO	19, 56	3256	LYS	23, 46	3478	nuc	nuc	0.87
HIS	23, 42	3474	LYS	23, 46	3478	nuc	nuc	0.95
GLN	23, 43	3475	LYS	23, 46	3478	nuc	nuc	0.99
LEU	23, 44	3476	LYS	23, 46	3478	nuc	nuc	0.96
LEU	23, 45	3477	LYS	23, 46	3478	nuc	nuc	1
GLN	23, 43	3475	LYS	23, 47	3479	nuc	nuc	0.53
LEU	23, 44	3476	LYS	23, 47	3479	nuc	nuc	0.73
LEU	23, 45	3477	LYS	23, 47	3479	nuc	nuc	0.78
LYS	23, 46	3478	LYS	23, 47	3479	nuc	nuc	1
TYR	2, 503	1019	SER	24, 1	3480	mit	nuc	0.7
HIS	2, 504	1020	SER	24, 1	3480	mit	nuc	0.56
SER	24, 1	3480	HIS	24, 2	3481	nuc	nuc	1
ARG	2, 6	522	TYR	24, 3	3482	mit	nuc	0.91
TYR	2, 503	1019	TYR	24, 3	3482	mit	nuc	0.93
SER	24, 1	3480	TYR	24, 3	3482	nuc	nuc	0.87
HIS	24, 2	3481	TYR	24, 3	3482	nuc	nuc	1
TYR	24, 3	3482	GLU	24, 4	3483	nuc	nuc	1
PRO	2, 500	1016	ASP	24, 5	3484	mit	nuc	0.72
PRO	2, 502	1018	ASP	24, 5	3484	mit	nuc	0.96
TYR	2, 503	1019	ASP	24, 5	3484	mit	nuc	0.95
TYR	24, 3	3482	ASP	24, 5	3484	nuc	nuc	0.97
GLU	24, 4	3483	ASP	24, 5	3484	nuc	nuc	1
GLY	2, 403	919	GLY	24, 6	3485	mit	nuc	0.67
PRO	2, 500	1016	GLY	24, 6	3485	mit	nuc	0.97
GLU	24, 4	3483	GLY	24, 6	3485	nuc	nuc	0.97
ASP	24, 5	3484	GLY	24, 6	3485	nuc	nuc	1
THR	2, 402	918	PRO	24, 7	3486	mit	nuc	0.87
GLY	2, 403	919	PRO	24, 7	3486	mit	nuc	0.95
PHE	2, 404	920	PRO	24, 7	3486	mit	nuc	0.93
LYS	2, 480	996	PRO	24, 7	3486	mit	nuc	0.69
LYS	2, 482	998	PRO	24, 7	3486	mit	nuc	0.93
CYS	2, 499	1015	PRO	24, 7	3486	mit	nuc	0.55
PRO	2, 500	1016	PRO	24, 7	3486	mit	nuc	0.96
GLY	24, 6	3485	PRO	24, 7	3486	nuc	nuc	1
THR	2, 402	918	GLY	24, 8	3487	mit	nuc	0.87
GLY	2, 403	919	GLY	24, 8	3487	mit	nuc	0.71
PHE	2, 404	920	GLY	24, 8	3487	mit	nuc	0.62
PHE	2, 477	993	GLY	24, 8	3487	mit	nuc	0.55
GLY	24, 6	3485	GLY	24, 8	3487	nuc	nuc	1
PRO	24, 7	3486	GLY	24, 8	3487	nuc	nuc	1
GLU	24, 4	3483	LYS	24, 9	3488	nuc	nuc	0.97
ASP	24, 5	3484	LYS	24, 9	3488	nuc	nuc	0.96
GLY	24, 6	3485	LYS	24, 9	3488	nuc	nuc	0.99
PRO	24, 7	3486	LYS	24, 9	3488	nuc	nuc	0.96
GLY	24, 8	3487	LYS	24, 9	3488	nuc	nuc	1
LYS	2, 14	530	ASN	24, 10	3489	mit	nuc	0.81
ASP	2, 15	531	ASN	24, 10	3489	mit	nuc	0.62
THR	2, 18	534	ASN	24, 10	3489	mit	nuc	0.86
THR	2, 402	918	ASN	24, 10	3489	mit	nuc	0.7
PRO	2, 500	1016	ASN	24, 10	3489	mit	nuc	0.97
ASP	24, 5	3484	ASN	24, 10	3489	nuc	nuc	0.86
GLY	24, 6	3485	ASN	24, 10	3489	nuc	nuc	0.95
PRO	24, 7	3486	ASN	24, 10	3489	nuc	nuc	0.64
GLY	24, 8	3487	ASN	24, 10	3489	nuc	nuc	1
LYS	24, 9	3488	ASN	24, 10	3489	nuc	nuc	1
THR	2, 18	534	LEU	24, 11	3490	mit	nuc	0.94
THR	2, 402	918	LEU	24, 11	3490	mit	nuc	0.77
GLY	24, 8	3487	LEU	24, 11	3490	nuc	nuc	0.97
LYS	24, 9	3488	LEU	24, 11	3490	nuc	nuc	0.94
ASN	24, 10	3489	LEU	24, 11	3490	nuc	nuc	1
TRP	2, 7	523	PRO	24, 12	3491	mit	nuc	0.96
THR	2, 18	534	PRO	24, 12	3491	mit	nuc	0.87
LEU	2, 19	535	PRO	24, 12	3491	mit	nuc	0.84
ILE	2, 22	538	PRO	24, 12	3491	mit	nuc	0.85
LEU	24, 11	3490	PRO	24, 12	3491	nuc	nuc	1
LEU	24, 11	3490	PHE	24, 13	3492	nuc	nuc	0.99
PRO	24, 12	3491	PHE	24, 13	3492	nuc	nuc	1
PHE	24, 13	3492	SER	24, 14	3493	nuc	nuc	1
PHE	2, 477	993	VAL	24, 15	3494	mit	nuc	0.96
SER	2, 478	994	VAL	24, 15	3494	mit	nuc	0.56
LYS	2, 480	996	VAL	24, 15	3494	mit	nuc	0.54
GLY	24, 8	3487	VAL	24, 15	3494	nuc	nuc	0.98
LEU	24, 11	3490	VAL	24, 15	3494	nuc	nuc	0.91
PHE	24, 13	3492	VAL	24, 15	3494	nuc	nuc	0.96
SER	24, 14	3493	VAL	24, 15	3494	nuc	nuc	1
SER	24, 14	3493	GLU	24, 16	3495	nuc	nuc	0.99
VAL	24, 15	3494	GLU	24, 16	3495	nuc	nuc	1
SER	24, 14	3493	ASN	24, 17	3496	nuc	nuc	0.82
GLU	24, 16	3495	ASN	24, 17	3496	nuc	nuc	1
PHE	2, 477	993	LYS	24, 18	3497	mit	nuc	0.52
SER	2, 478	994	LYS	24, 18	3497	mit	nuc	0.96
ASN	24, 17	3496	LYS	24, 18	3497	nuc	nuc	1
ASN	24, 17	3496	TRP	24, 19	3498	nuc	nuc	1
LYS	24, 18	3497	TRP	24, 19	3498	nuc	nuc	1
SER	24, 14	3493	ARG	24, 20	3499	nuc	nuc	0.84
GLU	24, 16	3495	ARG	24, 20	3499	nuc	nuc	0.55
ASN	24, 17	3496	ARG	24, 20	3499	nuc	nuc	0.99
LYS	24, 18	3497	ARG	24, 20	3499	nuc	nuc	0.95
TRP	24, 19	3498	ARG	24, 20	3499	nuc	nuc	1
TRP	2, 474	990	LEU	24, 21	3500	mit	nuc	0.93
PHE	2, 477	993	LEU	24, 21	3500	mit	nuc	0.96
SER	2, 478	994	LEU	24, 21	3500	mit	nuc	0.91
PHE	24, 13	3492	LEU	24, 21	3500	nuc	nuc	0.82
SER	24, 14	3493	LEU	24, 21	3500	nuc	nuc	0.85
VAL	24, 15	3494	LEU	24, 21	3500	nuc	nuc	0.97
ASN	24, 17	3496	LEU	24, 21	3500	nuc	nuc	0.98
LYS	24, 18	3497	LEU	24, 21	3500	nuc	nuc	0.99
TRP	24, 19	3498	LEU	24, 21	3500	nuc	nuc	0.99
ARG	24, 20	3499	LEU	24, 21	3500	nuc	nuc	1
TRP	2, 474	990	LEU	24, 22	3501	mit	nuc	0.97
SER	2, 478	994	LEU	24, 22	3501	mit	nuc	0.6
LYS	24, 18	3497	LEU	24, 22	3501	nuc	nuc	0.98
TRP	24, 19	3498	LEU	24, 22	3501	nuc	nuc	1
ARG	24, 20	3499	LEU	24, 22	3501	nuc	nuc	0.99
LEU	24, 21	3500	LEU	24, 22	3501	nuc	nuc	1
TRP	24, 19	3498	ALA	24, 23	3502	nuc	nuc	0.98
ARG	24, 20	3499	ALA	24, 23	3502	nuc	nuc	1
LEU	24, 21	3500	ALA	24, 23	3502	nuc	nuc	0.99
LEU	24, 22	3501	ALA	24, 23	3502	nuc	nuc	1
PHE	24, 13	3492	MET	24, 24	3503	nuc	nuc	0.97
ARG	24, 20	3499	MET	24, 24	3503	nuc	nuc	0.99
LEU	24, 21	3500	MET	24, 24	3503	nuc	nuc	1
LEU	24, 22	3501	MET	24, 24	3503	nuc	nuc	0.99
ALA	24, 23	3502	MET	24, 24	3503	nuc	nuc	1
MET	2, 470	986	MET	24, 25	3504	mit	nuc	0.95
VAL	2, 473	989	MET	24, 25	3504	mit	nuc	0.75
TRP	2, 474	990	MET	24, 25	3504	mit	nuc	0.98
LEU	24, 21	3500	MET	24, 25	3504	nuc	nuc	1
LEU	24, 22	3501	MET	24, 25	3504	nuc	nuc	1
ALA	24, 23	3502	MET	24, 25	3504	nuc	nuc	0.97
MET	24, 24	3503	MET	24, 25	3504	nuc	nuc	1
LEU	24, 22	3501	CYS	24, 26	3505	nuc	nuc	1
ALA	24, 23	3502	CYS	24, 26	3505	nuc	nuc	1
MET	24, 24	3503	CYS	24, 26	3505	nuc	nuc	0.99
MET	24, 25	3504	CYS	24, 26	3505	nuc	nuc	1
ALA	24, 23	3502	ALA	24, 27	3506	nuc	nuc	0.99
MET	24, 24	3503	ALA	24, 27	3506	nuc	nuc	1
MET	24, 25	3504	ALA	24, 27	3506	nuc	nuc	0.99
CYS	24, 26	3505	ALA	24, 27	3506	nuc	nuc	1
TRP	2, 26	542	PHE	24, 28	3507	mit	nuc	0.97
MET	24, 24	3503	PHE	24, 28	3507	nuc	nuc	1
MET	24, 25	3504	PHE	24, 28	3507	nuc	nuc	1
CYS	24, 26	3505	PHE	24, 28	3507	nuc	nuc	0.99
ALA	24, 27	3506	PHE	24, 28	3507	nuc	nuc	1
THR	2, 25	541	PHE	24, 29	3508	mit	nuc	0.65
TRP	2, 26	542	PHE	24, 29	3508	mit	nuc	0.86
MET	2, 29	545	PHE	24, 29	3508	mit	nuc	0.99
MET	2, 470	986	PHE	24, 29	3508	mit	nuc	0.98
MET	24, 25	3504	PHE	24, 29	3508	nuc	nuc	0.99
CYS	24, 26	3505	PHE	24, 29	3508	nuc	nuc	0.99
ALA	24, 27	3506	PHE	24, 29	3508	nuc	nuc	0.55
PHE	24, 28	3507	PHE	24, 29	3508	nuc	nuc	1
MET	2, 29	545	GLY	24, 30	3509	mit	nuc	0.94
CYS	24, 26	3505	GLY	24, 30	3509	nuc	nuc	0.99
ALA	24, 27	3506	GLY	24, 30	3509	nuc	nuc	1
PHE	24, 28	3507	GLY	24, 30	3509	nuc	nuc	1
PHE	24, 29	3508	GLY	24, 30	3509	nuc	nuc	1
ALA	24, 27	3506	SER	24, 31	3510	nuc	nuc	0.99
PHE	24, 28	3507	SER	24, 31	3510	nuc	nuc	1
PHE	24, 29	3508	SER	24, 31	3510	nuc	nuc	0.97
GLY	24, 30	3509	SER	24, 31	3510	nuc	nuc	1
TRP	2, 26	542	GLY	24, 32	3511	mit	nuc	0.99
MET	2, 29	545	GLY	24, 32	3511	mit	nuc	0.99
ALA	2, 30	546	GLY	24, 32	3511	mit	nuc	0.99
ALA	2, 33	549	GLY	24, 32	3511	mit	nuc	0.92
PHE	24, 28	3507	GLY	24, 32	3511	nuc	nuc	0.84
PHE	24, 29	3508	GLY	24, 32	3511	nuc	nuc	0.99
GLY	24, 30	3509	GLY	24, 32	3511	nuc	nuc	1
SER	24, 31	3510	GLY	24, 32	3511	nuc	nuc	1
MET	2, 29	545	PHE	24, 33	3512	mit	nuc	0.98
ALA	2, 30	546	PHE	24, 33	3512	mit	nuc	0.94
THR	2, 32	548	PHE	24, 33	3512	mit	nuc	0.89
ALA	2, 33	549	PHE	24, 33	3512	mit	nuc	0.99
PHE	24, 29	3508	PHE	24, 33	3512	nuc	nuc	0.99
GLY	24, 30	3509	PHE	24, 33	3512	nuc	nuc	1
SER	24, 31	3510	PHE	24, 33	3512	nuc	nuc	0.98
GLY	24, 32	3511	PHE	24, 33	3512	nuc	nuc	1
ALA	2, 33	549	ALA	24, 34	3513	mit	nuc	0.83
GLY	24, 30	3509	ALA	24, 34	3513	nuc	nuc	1
SER	24, 31	3510	ALA	24, 34	3513	nuc	nuc	1
GLY	24, 32	3511	ALA	24, 34	3513	nuc	nuc	1
PHE	24, 33	3512	ALA	24, 34	3513	nuc	nuc	1
ALA	2, 30	546	ALA	24, 35	3514	mit	nuc	0.98
ALA	2, 33	549	ALA	24, 35	3514	mit	nuc	0.89
LEU	2, 114	630	ALA	24, 35	3514	mit	nuc	0.88
SER	24, 31	3510	ALA	24, 35	3514	nuc	nuc	0.99
GLY	24, 32	3511	ALA	24, 35	3514	nuc	nuc	1
PHE	24, 33	3512	ALA	24, 35	3514	nuc	nuc	0.97
ALA	24, 34	3513	ALA	24, 35	3514	nuc	nuc	1
ALA	2, 30	546	PRO	24, 36	3515	mit	nuc	0.98
GLY	2, 31	547	PRO	24, 36	3515	mit	nuc	0.9
ALA	2, 33	549	PRO	24, 36	3515	mit	nuc	0.98
LEU	2, 34	550	PRO	24, 36	3515	mit	nuc	0.99
LEU	2, 37	553	PRO	24, 36	3515	mit	nuc	0.97
ILE	2, 58	574	PRO	24, 36	3515	mit	nuc	0.78
ALA	2, 61	577	PRO	24, 36	3515	mit	nuc	0.69
GLY	24, 32	3511	PRO	24, 36	3515	nuc	nuc	0.54
PHE	24, 33	3512	PRO	24, 36	3515	nuc	nuc	0.7
ALA	24, 34	3513	PRO	24, 36	3515	nuc	nuc	0.92
ALA	24, 35	3514	PRO	24, 36	3515	nuc	nuc	1
ALA	2, 33	549	PHE	24, 37	3516	mit	nuc	0.97
LEU	2, 37	553	PHE	24, 37	3516	mit	nuc	0.86
ALA	24, 34	3513	PHE	24, 37	3516	nuc	nuc	1
ALA	24, 35	3514	PHE	24, 37	3516	nuc	nuc	0.99
PRO	24, 36	3515	PHE	24, 37	3516	nuc	nuc	1
ALA	24, 34	3513	PHE	24, 38	3517	nuc	nuc	0.99
ALA	24, 35	3514	PHE	24, 38	3517	nuc	nuc	1
PRO	24, 36	3515	PHE	24, 38	3517	nuc	nuc	0.98
PHE	24, 37	3516	PHE	24, 38	3517	nuc	nuc	1
LEU	2, 114	630	ILE	24, 39	3518	mit	nuc	0.92
SER	2, 117	633	ILE	24, 39	3518	mit	nuc	0.98
THR	2, 118	634	ILE	24, 39	3518	mit	nuc	0.97
ALA	24, 35	3514	ILE	24, 39	3518	nuc	nuc	0.99
PRO	24, 36	3515	ILE	24, 39	3518	nuc	nuc	1
PHE	24, 37	3516	ILE	24, 39	3518	nuc	nuc	0.99
PHE	24, 38	3517	ILE	24, 39	3518	nuc	nuc	1
LEU	2, 37	553	VAL	24, 40	3519	mit	nuc	0.96
LEU	2, 49	565	VAL	24, 40	3519	mit	nuc	0.86
ILE	2, 54	570	VAL	24, 40	3519	mit	nuc	0.9
ILE	2, 58	574	VAL	24, 40	3519	mit	nuc	0.92
PRO	24, 36	3515	VAL	24, 40	3519	nuc	nuc	0.99
PHE	24, 37	3516	VAL	24, 40	3519	nuc	nuc	1
PHE	24, 38	3517	VAL	24, 40	3519	nuc	nuc	0.99
ILE	24, 39	3518	VAL	24, 40	3519	nuc	nuc	1
PHE	24, 37	3516	ARG	24, 41	3520	nuc	nuc	0.99
PHE	24, 38	3517	ARG	24, 41	3520	nuc	nuc	1
ILE	24, 39	3518	ARG	24, 41	3520	nuc	nuc	0.99
VAL	24, 40	3519	ARG	24, 41	3520	nuc	nuc	1
THR	2, 118	634	HIS	24, 42	3521	mit	nuc	0.96
SER	20, 54	3314	HIS	24, 42	3521	nuc	nuc	0.79
PHE	24, 38	3517	HIS	24, 42	3521	nuc	nuc	0.99
ILE	24, 39	3518	HIS	24, 42	3521	nuc	nuc	1
VAL	24, 40	3519	HIS	24, 42	3521	nuc	nuc	0.99
ARG	24, 41	3520	HIS	24, 42	3521	nuc	nuc	1
ILE	2, 54	570	GLN	24, 43	3522	mit	nuc	0.97
VAL	2, 57	573	GLN	24, 43	3522	mit	nuc	0.74
SER	2, 117	633	GLN	24, 43	3522	mit	nuc	0.58
THR	2, 118	634	GLN	24, 43	3522	mit	nuc	0.81
ALA	2, 121	637	GLN	24, 43	3522	mit	nuc	0.7
GLY	2, 122	638	GLN	24, 43	3522	mit	nuc	0.78
ILE	24, 39	3518	GLN	24, 43	3522	nuc	nuc	0.99
VAL	24, 40	3519	GLN	24, 43	3522	nuc	nuc	1
ARG	24, 41	3520	GLN	24, 43	3522	nuc	nuc	0.98
HIS	24, 42	3521	GLN	24, 43	3522	nuc	nuc	1
LEU	2, 49	565	LEU	24, 44	3523	mit	nuc	0.67
ILE	2, 54	570	LEU	24, 44	3523	mit	nuc	0.72
VAL	24, 40	3519	LEU	24, 44	3523	nuc	nuc	1
ARG	24, 41	3520	LEU	24, 44	3523	nuc	nuc	0.99
HIS	24, 42	3521	LEU	24, 44	3523	nuc	nuc	0.98
GLN	24, 43	3522	LEU	24, 44	3523	nuc	nuc	1
ARG	24, 41	3520	LEU	24, 45	3524	nuc	nuc	0.98
HIS	24, 42	3521	LEU	24, 45	3524	nuc	nuc	0.99
GLN	24, 43	3522	LEU	24, 45	3524	nuc	nuc	0.96
LEU	24, 44	3523	LEU	24, 45	3524	nuc	nuc	1
PRO	20, 56	3316	LYS	24, 46	3525	nuc	nuc	0.86
HIS	24, 42	3521	LYS	24, 46	3525	nuc	nuc	0.95
GLN	24, 43	3522	LYS	24, 46	3525	nuc	nuc	0.99
LEU	24, 44	3523	LYS	24, 46	3525	nuc	nuc	0.96
LEU	24, 45	3524	LYS	24, 46	3525	nuc	nuc	1
GLN	24, 43	3522	LYS	24, 47	3526	nuc	nuc	0.53
LEU	24, 44	3523	LYS	24, 47	3526	nuc	nuc	0.74
LEU	24, 45	3524	LYS	24, 47	3526	nuc	nuc	0.78
LYS	24, 46	3525	LYS	24, 47	3526	nuc	nuc	1
PRO	1, 399	399	ILE	25, 1	3527	mit	nuc	0.88
THR	1, 405	405	ILE	25, 1	3527	mit	nuc	0.82
VAL	1, 483	483	ILE	25, 1	3527	mit	nuc	0.86
GLN	1, 485	485	ILE	25, 1	3527	mit	nuc	0.64
PRO	1, 486	486	ILE	25, 1	3527	mit	nuc	0.86
GLU	1, 487	487	ILE	25, 1	3527	mit	nuc	0.9
VAL	1, 483	483	VAL	25, 2	3528	mit	nuc	0.73
LEU	1, 484	484	VAL	25, 2	3528	mit	nuc	0.92
GLN	1, 485	485	VAL	25, 2	3528	mit	nuc	0.86
GLU	1, 487	487	VAL	25, 2	3528	mit	nuc	0.58
ILE	25, 1	3527	VAL	25, 2	3528	nuc	nuc	1
THR	1, 405	405	SER	25, 3	3529	mit	nuc	0.97
ARG	1, 481	481	SER	25, 3	3529	mit	nuc	0.95
LYS	1, 482	482	SER	25, 3	3529	mit	nuc	0.85
VAL	1, 483	483	SER	25, 3	3529	mit	nuc	0.95
LEU	1, 484	484	SER	25, 3	3529	mit	nuc	0.92
ILE	25, 1	3527	SER	25, 3	3529	nuc	nuc	0.94
VAL	25, 2	3528	SER	25, 3	3529	nuc	nuc	1
ARG	1, 481	481	GLY	25, 4	3530	mit	nuc	0.96
LYS	1, 482	482	GLY	25, 4	3530	mit	nuc	0.95
VAL	1, 483	483	GLY	25, 4	3530	mit	nuc	0.75
LEU	1, 484	484	GLY	25, 4	3530	mit	nuc	0.96
VAL	25, 2	3528	GLY	25, 4	3530	nuc	nuc	0.97
SER	25, 3	3529	GLY	25, 4	3530	nuc	nuc	1
ARG	1, 481	481	PRO	25, 5	3531	mit	nuc	0.84
GLY	25, 4	3530	PRO	25, 5	3531	nuc	nuc	1
ALA	1, 479	479	PRO	25, 6	3532	mit	nuc	0.93
LYS	1, 480	480	PRO	25, 6	3532	mit	nuc	0.93
ARG	1, 481	481	PRO	25, 6	3532	mit	nuc	0.97
GLY	25, 4	3530	PRO	25, 6	3532	nuc	nuc	0.8
PRO	25, 5	3531	PRO	25, 6	3532	nuc	nuc	1
ALA	1, 479	479	GLN	25, 7	3533	mit	nuc	0.74
LYS	1, 480	480	GLN	25, 7	3533	mit	nuc	0.96
ARG	1, 481	481	GLN	25, 7	3533	mit	nuc	0.71
LYS	1, 482	482	GLN	25, 7	3533	mit	nuc	0.78
PRO	25, 5	3531	GLN	25, 7	3533	nuc	nuc	0.75
PRO	25, 6	3532	GLN	25, 7	3533	nuc	nuc	1
SER	1, 478	478	HIS	25, 8	3534	mit	nuc	0.86
ALA	1, 479	479	HIS	25, 8	3534	mit	nuc	0.92
LYS	1, 480	480	HIS	25, 8	3534	mit	nuc	0.92
LYS	23, 18	3450	HIS	25, 8	3534	nuc	nuc	0.79
PRO	25, 6	3532	HIS	25, 8	3534	nuc	nuc	0.96
GLN	25, 7	3533	HIS	25, 8	3534	nuc	nuc	1
ALA	1, 479	479	PRO	25, 9	3535	mit	nuc	0.88
PRO	25, 6	3532	PRO	25, 9	3535	nuc	nuc	0.93
HIS	25, 8	3534	PRO	25, 9	3535	nuc	nuc	1
GLU	1, 475	475	LEU	25, 10	3536	mit	nuc	0.9
SER	1, 478	478	LEU	25, 10	3536	mit	nuc	0.95
ALA	1, 479	479	LEU	25, 10	3536	mit	nuc	0.95
PRO	25, 6	3532	LEU	25, 10	3536	nuc	nuc	0.64
HIS	25, 8	3534	LEU	25, 10	3536	nuc	nuc	0.92
PRO	25, 9	3535	LEU	25, 10	3536	nuc	nuc	1
PRO	25, 9	3535	GLY	25, 11	3537	nuc	nuc	0.99
LEU	25, 10	3536	GLY	25, 11	3537	nuc	nuc	1
GLY	25, 11	3537	THR	25, 12	3538	nuc	nuc	1
GLY	25, 11	3537	ALA	25, 13	3539	nuc	nuc	0.99
THR	25, 12	3538	ALA	25, 13	3539	nuc	nuc	1
LYS	23, 18	3450	GLU	25, 14	3540	nuc	nuc	0.52
LEU	25, 10	3536	GLU	25, 14	3540	nuc	nuc	0.97
GLY	25, 11	3537	GLU	25, 14	3540	nuc	nuc	0.99
THR	25, 12	3538	GLU	25, 14	3540	nuc	nuc	0.95
ALA	25, 13	3539	GLU	25, 14	3540	nuc	nuc	1
GLU	1, 475	475	SER	25, 15	3541	mit	nuc	0.89
LEU	25, 10	3536	SER	25, 15	3541	nuc	nuc	0.95
GLY	25, 11	3537	SER	25, 15	3541	nuc	nuc	0.99
THR	25, 12	3538	SER	25, 15	3541	nuc	nuc	0.99
ALA	25, 13	3539	SER	25, 15	3541	nuc	nuc	0.98
GLU	25, 14	3540	SER	25, 15	3541	nuc	nuc	1
THR	25, 12	3538	VAL	25, 16	3542	nuc	nuc	0.97
ALA	25, 13	3539	VAL	25, 16	3542	nuc	nuc	0.99
GLU	25, 14	3540	VAL	25, 16	3542	nuc	nuc	0.97
SER	25, 15	3541	VAL	25, 16	3542	nuc	nuc	1
ALA	25, 13	3539	VAL	25, 17	3543	nuc	nuc	0.97
GLU	25, 14	3540	VAL	25, 17	3543	nuc	nuc	0.99
SER	25, 15	3541	VAL	25, 17	3543	nuc	nuc	0.97
VAL	25, 16	3542	VAL	25, 17	3543	nuc	nuc	1
PHE	1, 471	471	GLY	25, 18	3544	mit	nuc	0.95
TRP	1, 474	474	GLY	25, 18	3544	mit	nuc	0.92
LEU	23, 22	3454	GLY	25, 18	3544	nuc	nuc	0.97
GLU	25, 14	3540	GLY	25, 18	3544	nuc	nuc	0.96
SER	25, 15	3541	GLY	25, 18	3544	nuc	nuc	0.99
VAL	25, 16	3542	GLY	25, 18	3544	nuc	nuc	1
VAL	25, 17	3543	GLY	25, 18	3544	nuc	nuc	1
PHE	1, 471	471	LEU	25, 19	3545	mit	nuc	0.99
SER	25, 15	3541	LEU	25, 19	3545	nuc	nuc	0.99
VAL	25, 16	3542	LEU	25, 19	3545	nuc	nuc	1
VAL	25, 17	3543	LEU	25, 19	3545	nuc	nuc	0.98
GLY	25, 18	3544	LEU	25, 19	3545	nuc	nuc	1
VAL	25, 16	3542	LEU	25, 20	3546	nuc	nuc	0.99
VAL	25, 17	3543	LEU	25, 20	3546	nuc	nuc	1
GLY	25, 18	3544	LEU	25, 20	3546	nuc	nuc	1
LEU	25, 19	3545	LEU	25, 20	3546	nuc	nuc	1
LEU	23, 22	3454	ALA	25, 21	3547	nuc	nuc	0.96
CYS	23, 26	3458	ALA	25, 21	3547	nuc	nuc	0.96
VAL	25, 17	3543	ALA	25, 21	3547	nuc	nuc	0.99
GLY	25, 18	3544	ALA	25, 21	3547	nuc	nuc	1
LEU	25, 19	3545	ALA	25, 21	3547	nuc	nuc	0.99
LEU	25, 20	3546	ALA	25, 21	3547	nuc	nuc	1
ILE	1, 467	467	MET	25, 22	3548	mit	nuc	0.98
MET	1, 470	470	MET	25, 22	3548	mit	nuc	0.97
PHE	1, 471	471	MET	25, 22	3548	mit	nuc	0.99
TRP	1, 474	474	MET	25, 22	3548	mit	nuc	0.85
MET	23, 25	3457	MET	25, 22	3548	nuc	nuc	0.62
CYS	23, 26	3458	MET	25, 22	3548	nuc	nuc	0.96
PHE	23, 29	3461	MET	25, 22	3548	nuc	nuc	0.69
GLY	25, 18	3544	MET	25, 22	3548	nuc	nuc	1
LEU	25, 19	3545	MET	25, 22	3548	nuc	nuc	1
LEU	25, 20	3546	MET	25, 22	3548	nuc	nuc	0.99
ALA	25, 21	3547	MET	25, 22	3548	nuc	nuc	1
ILE	1, 467	467	PHE	25, 23	3549	mit	nuc	0.98
LEU	25, 19	3545	PHE	25, 23	3549	nuc	nuc	0.99
LEU	25, 20	3546	PHE	25, 23	3549	nuc	nuc	1
ALA	25, 21	3547	PHE	25, 23	3549	nuc	nuc	0.98
MET	25, 22	3548	PHE	25, 23	3549	nuc	nuc	1
LEU	25, 20	3546	VAL	25, 24	3550	nuc	nuc	0.99
ALA	25, 21	3547	VAL	25, 24	3550	nuc	nuc	1
MET	25, 22	3548	VAL	25, 24	3550	nuc	nuc	0.95
PHE	25, 23	3549	VAL	25, 24	3550	nuc	nuc	1
CYS	23, 26	3458	THR	25, 25	3551	nuc	nuc	0.98
ALA	23, 27	3459	THR	25, 25	3551	nuc	nuc	0.58
PHE	23, 29	3461	THR	25, 25	3551	nuc	nuc	0.66
GLY	23, 30	3462	THR	25, 25	3551	nuc	nuc	0.98
ALA	25, 21	3547	THR	25, 25	3551	nuc	nuc	0.99
MET	25, 22	3548	THR	25, 25	3551	nuc	nuc	0.99
PHE	25, 23	3549	THR	25, 25	3551	nuc	nuc	0.96
VAL	25, 24	3550	THR	25, 25	3551	nuc	nuc	1
ILE	1, 467	467	CYS	25, 26	3552	mit	nuc	0.98
PHE	23, 29	3461	CYS	25, 26	3552	nuc	nuc	0.91
GLY	23, 30	3462	CYS	25, 26	3552	nuc	nuc	0.98
PHE	23, 33	3465	CYS	25, 26	3552	nuc	nuc	0.98
ALA	23, 34	3466	CYS	25, 26	3552	nuc	nuc	0.57
MET	25, 22	3548	CYS	25, 26	3552	nuc	nuc	0.99
PHE	25, 23	3549	CYS	25, 26	3552	nuc	nuc	0.99
VAL	25, 24	3550	CYS	25, 26	3552	nuc	nuc	0.94
THR	25, 25	3551	CYS	25, 26	3552	nuc	nuc	1
ILE	7, 97	2105	LEU	25, 27	3553	nuc	nuc	0.87
PHE	25, 23	3549	LEU	25, 27	3553	nuc	nuc	0.99
VAL	25, 24	3550	LEU	25, 27	3553	nuc	nuc	0.99
THR	25, 25	3551	LEU	25, 27	3553	nuc	nuc	0.66
CYS	25, 26	3552	LEU	25, 27	3553	nuc	nuc	1
VAL	25, 24	3550	GLY	25, 28	3554	nuc	nuc	0.99
THR	25, 25	3551	GLY	25, 28	3554	nuc	nuc	0.98
CYS	25, 26	3552	GLY	25, 28	3554	nuc	nuc	1
LEU	25, 27	3553	GLY	25, 28	3554	nuc	nuc	1
GLY	23, 30	3462	PRO	25, 29	3555	nuc	nuc	0.72
PHE	23, 33	3465	PRO	25, 29	3555	nuc	nuc	0.54
ALA	23, 34	3466	PRO	25, 29	3555	nuc	nuc	0.99
PHE	23, 37	3469	PRO	25, 29	3555	nuc	nuc	0.94
PHE	23, 38	3470	PRO	25, 29	3555	nuc	nuc	0.51
THR	25, 25	3551	PRO	25, 29	3555	nuc	nuc	0.67
CYS	25, 26	3552	PRO	25, 29	3555	nuc	nuc	0.67
LEU	25, 27	3553	PRO	25, 29	3555	nuc	nuc	0.67
GLY	25, 28	3554	PRO	25, 29	3555	nuc	nuc	1
ALA	1, 33	33	ALA	25, 30	3556	mit	nuc	0.87
PHE	23, 33	3465	ALA	25, 30	3556	nuc	nuc	0.93
ALA	23, 34	3466	ALA	25, 30	3556	nuc	nuc	0.95
PHE	23, 37	3469	ALA	25, 30	3556	nuc	nuc	0.97
CYS	25, 26	3552	ALA	25, 30	3556	nuc	nuc	0.94
LEU	25, 27	3553	ALA	25, 30	3556	nuc	nuc	1
GLY	25, 28	3554	ALA	25, 30	3556	nuc	nuc	1
PRO	25, 29	3555	ALA	25, 30	3556	nuc	nuc	1
TRP	7, 100	2108	ALA	25, 31	3557	nuc	nuc	0.84
TYR	7, 104	2112	ALA	25, 31	3557	nuc	nuc	0.58
LEU	25, 27	3553	ALA	25, 31	3557	nuc	nuc	0.99
GLY	25, 28	3554	ALA	25, 31	3557	nuc	nuc	1
PRO	25, 29	3555	ALA	25, 31	3557	nuc	nuc	0.99
ALA	25, 30	3556	ALA	25, 31	3557	nuc	nuc	1
GLY	25, 28	3554	TRP	25, 32	3558	nuc	nuc	0.99
PRO	25, 29	3555	TRP	25, 32	3558	nuc	nuc	1
ALA	25, 30	3556	TRP	25, 32	3558	nuc	nuc	0.99
ALA	25, 31	3557	TRP	25, 32	3558	nuc	nuc	1
PHE	23, 37	3469	VAL	25, 33	3559	nuc	nuc	0.98
PHE	23, 38	3470	VAL	25, 33	3559	nuc	nuc	0.92
VAL	23, 40	3472	VAL	25, 33	3559	nuc	nuc	0.83
ARG	23, 41	3473	VAL	25, 33	3559	nuc	nuc	0.97
PRO	25, 29	3555	VAL	25, 33	3559	nuc	nuc	0.98
ALA	25, 30	3556	VAL	25, 33	3559	nuc	nuc	0.99
ALA	25, 31	3557	VAL	25, 33	3559	nuc	nuc	0.96
TRP	25, 32	3558	VAL	25, 33	3559	nuc	nuc	1
ALA	1, 40	40	LEU	25, 34	3560	mit	nuc	0.88
GLN	7, 101	2109	LEU	25, 34	3560	nuc	nuc	0.66
MET	7, 105	2113	LEU	25, 34	3560	nuc	nuc	0.97
PHE	23, 37	3469	LEU	25, 34	3560	nuc	nuc	0.85
ALA	25, 30	3556	LEU	25, 34	3560	nuc	nuc	0.99
ALA	25, 31	3557	LEU	25, 34	3560	nuc	nuc	1
TRP	25, 32	3558	LEU	25, 34	3560	nuc	nuc	0.96
VAL	25, 33	3559	LEU	25, 34	3560	nuc	nuc	1
TYR	7, 104	2112	SER	25, 35	3561	nuc	nuc	0.97
MET	7, 105	2113	SER	25, 35	3561	nuc	nuc	0.94
ALA	25, 31	3557	SER	25, 35	3561	nuc	nuc	0.99
TRP	25, 32	3558	SER	25, 35	3561	nuc	nuc	0.99
VAL	25, 33	3559	SER	25, 35	3561	nuc	nuc	0.95
LEU	25, 34	3560	SER	25, 35	3561	nuc	nuc	1
TRP	25, 32	3558	HIS	25, 36	3562	nuc	nuc	0.97
VAL	25, 33	3559	HIS	25, 36	3562	nuc	nuc	0.98
LEU	25, 34	3560	HIS	25, 36	3562	nuc	nuc	0.82
SER	25, 35	3561	HIS	25, 36	3562	nuc	nuc	1
LEU	1, 48	48	LEU	25, 37	3563	mit	nuc	0.88
LEU	1, 49	49	LEU	25, 37	3563	mit	nuc	0.71
MET	7, 105	2113	LEU	25, 37	3563	nuc	nuc	0.73
LEU	23, 44	3476	LEU	25, 37	3563	nuc	nuc	0.81
VAL	25, 33	3559	LEU	25, 37	3563	nuc	nuc	0.92
LEU	25, 34	3560	LEU	25, 37	3563	nuc	nuc	0.99
SER	25, 35	3561	LEU	25, 37	3563	nuc	nuc	0.96
HIS	25, 36	3562	LEU	25, 37	3563	nuc	nuc	1
HIS	25, 36	3562	GLU	25, 38	3564	nuc	nuc	0.95
LEU	25, 37	3563	GLU	25, 38	3564	nuc	nuc	1
HIS	25, 36	3562	ASP	25, 39	3565	nuc	nuc	0.97
LEU	25, 37	3563	ASP	25, 39	3565	nuc	nuc	0.97
GLU	25, 38	3564	ASP	25, 39	3565	nuc	nuc	1
ARG	23, 41	3473	TYR	25, 40	3566	nuc	nuc	0.9
LEU	23, 44	3476	TYR	25, 40	3566	nuc	nuc	0.95
LEU	23, 45	3477	TYR	25, 40	3566	nuc	nuc	0.94
HIS	25, 36	3562	TYR	25, 40	3566	nuc	nuc	0.96
LEU	25, 37	3563	TYR	25, 40	3566	nuc	nuc	0.99
GLU	25, 38	3564	TYR	25, 40	3566	nuc	nuc	0.96
ASP	25, 39	3565	TYR	25, 40	3566	nuc	nuc	1
GLY	1, 50	50	LYS	25, 41	3567	mit	nuc	0.71
LEU	23, 44	3476	LYS	25, 41	3567	nuc	nuc	0.94
LEU	25, 37	3563	LYS	25, 41	3567	nuc	nuc	0.95
GLU	25, 38	3564	LYS	25, 41	3567	nuc	nuc	0.97
ASP	25, 39	3565	LYS	25, 41	3567	nuc	nuc	0.93
TYR	25, 40	3566	LYS	25, 41	3567	nuc	nuc	1
GLU	25, 38	3564	LYS	25, 42	3568	nuc	nuc	0.79
ASP	25, 39	3565	LYS	25, 42	3568	nuc	nuc	0.88
TYR	25, 40	3566	LYS	25, 42	3568	nuc	nuc	0.84
LYS	25, 41	3567	LYS	25, 42	3568	nuc	nuc	1
ASP	25, 39	3565	ARG	25, 43	3569	nuc	nuc	0.58
TYR	25, 40	3566	ARG	25, 43	3569	nuc	nuc	0.61
LYS	25, 41	3567	ARG	25, 43	3569	nuc	nuc	0.75
LYS	25, 42	3568	ARG	25, 43	3569	nuc	nuc	1
LYS	25, 42	3568	GLU	25, 44	3570	nuc	nuc	0.71
ARG	25, 43	3569	GLU	25, 44	3570	nuc	nuc	1
PRO	2, 399	915	ILE	26, 1	3571	mit	nuc	0.88
THR	2, 405	921	ILE	26, 1	3571	mit	nuc	0.81
VAL	2, 483	999	ILE	26, 1	3571	mit	nuc	0.85
GLN	2, 485	1001	ILE	26, 1	3571	mit	nuc	0.64
PRO	2, 486	1002	ILE	26, 1	3571	mit	nuc	0.86
GLU	2, 487	1003	ILE	26, 1	3571	mit	nuc	0.9
VAL	2, 483	999	VAL	26, 2	3572	mit	nuc	0.73
LEU	2, 484	1000	VAL	26, 2	3572	mit	nuc	0.92
GLN	2, 485	1001	VAL	26, 2	3572	mit	nuc	0.86
GLU	2, 487	1003	VAL	26, 2	3572	mit	nuc	0.57
ILE	26, 1	3571	VAL	26, 2	3572	nuc	nuc	1
THR	2, 405	921	SER	26, 3	3573	mit	nuc	0.97
ARG	2, 481	997	SER	26, 3	3573	mit	nuc	0.95
LYS	2, 482	998	SER	26, 3	3573	mit	nuc	0.84
VAL	2, 483	999	SER	26, 3	3573	mit	nuc	0.95
LEU	2, 484	1000	SER	26, 3	3573	mit	nuc	0.92
ILE	26, 1	3571	SER	26, 3	3573	nuc	nuc	0.94
VAL	26, 2	3572	SER	26, 3	3573	nuc	nuc	1
ARG	2, 481	997	GLY	26, 4	3574	mit	nuc	0.96
LYS	2, 482	998	GLY	26, 4	3574	mit	nuc	0.95
VAL	2, 483	999	GLY	26, 4	3574	mit	nuc	0.74
LEU	2, 484	1000	GLY	26, 4	3574	mit	nuc	0.96
VAL	26, 2	3572	GLY	26, 4	3574	nuc	nuc	0.97
SER	26, 3	3573	GLY	26, 4	3574	nuc	nuc	1
ARG	2, 481	997	PRO	26, 5	3575	mit	nuc	0.84
GLY	26, 4	3574	PRO	26, 5	3575	nuc	nuc	1
ALA	2, 479	995	PRO	26, 6	3576	mit	nuc	0.93
LYS	2, 480	996	PRO	26, 6	3576	mit	nuc	0.93
ARG	2, 481	997	PRO	26, 6	3576	mit	nuc	0.97
GLY	26, 4	3574	PRO	26, 6	3576	nuc	nuc	0.79
PRO	26, 5	3575	PRO	26, 6	3576	nuc	nuc	1
ALA	2, 479	995	GLN	26, 7	3577	mit	nuc	0.74
LYS	2, 480	996	GLN	26, 7	3577	mit	nuc	0.96
ARG	2, 481	997	GLN	26, 7	3577	mit	nuc	0.7
LYS	2, 482	998	GLN	26, 7	3577	mit	nuc	0.77
PRO	26, 5	3575	GLN	26, 7	3577	nuc	nuc	0.76
PRO	26, 6	3576	GLN	26, 7	3577	nuc	nuc	1
SER	2, 478	994	HIS	26, 8	3578	mit	nuc	0.86
ALA	2, 479	995	HIS	26, 8	3578	mit	nuc	0.92
LYS	2, 480	996	HIS	26, 8	3578	mit	nuc	0.92
LYS	24, 18	3497	HIS	26, 8	3578	nuc	nuc	0.78
PRO	26, 6	3576	HIS	26, 8	3578	nuc	nuc	0.96
GLN	26, 7	3577	HIS	26, 8	3578	nuc	nuc	1
ALA	2, 479	995	PRO	26, 9	3579	mit	nuc	0.87
PRO	26, 6	3576	PRO	26, 9	3579	nuc	nuc	0.94
HIS	26, 8	3578	PRO	26, 9	3579	nuc	nuc	1
GLU	2, 475	991	LEU	26, 10	3580	mit	nuc	0.89
SER	2, 478	994	LEU	26, 10	3580	mit	nuc	0.94
ALA	2, 479	995	LEU	26, 10	3580	mit	nuc	0.95
PRO	26, 6	3576	LEU	26, 10	3580	nuc	nuc	0.63
HIS	26, 8	3578	LEU	26, 10	3580	nuc	nuc	0.92
PRO	26, 9	3579	LEU	26, 10	3580	nuc	nuc	1
PRO	26, 9	3579	GLY	26, 11	3581	nuc	nuc	0.99
LEU	26, 10	3580	GLY	26, 11	3581	nuc	nuc	1
GLY	26, 11	3581	THR	26, 12	3582	nuc	nuc	1
GLY	26, 11	3581	ALA	26, 13	3583	nuc	nuc	0.99
THR	26, 12	3582	ALA	26, 13	3583	nuc	nuc	1
LEU	26, 10	3580	GLU	26, 14	3584	nuc	nuc	0.97
GLY	26, 11	3581	GLU	26, 14	3584	nuc	nuc	0.99
THR	26, 12	3582	GLU	26, 14	3584	nuc	nuc	0.95
ALA	26, 13	3583	GLU	26, 14	3584	nuc	nuc	1
GLU	2, 475	991	SER	26, 15	3585	mit	nuc	0.89
LEU	26, 10	3580	SER	26, 15	3585	nuc	nuc	0.95
GLY	26, 11	3581	SER	26, 15	3585	nuc	nuc	0.99
THR	26, 12	3582	SER	26, 15	3585	nuc	nuc	0.99
ALA	26, 13	3583	SER	26, 15	3585	nuc	nuc	0.98
GLU	26, 14	3584	SER	26, 15	3585	nuc	nuc	1
THR	26, 12	3582	VAL	26, 16	3586	nuc	nuc	0.97
ALA	26, 13	3583	VAL	26, 16	3586	nuc	nuc	0.99
GLU	26, 14	3584	VAL	26, 16	3586	nuc	nuc	0.97
SER	26, 15	3585	VAL	26, 16	3586	nuc	nuc	1
ALA	26, 13	3583	VAL	26, 17	3587	nuc	nuc	0.97
GLU	26, 14	3584	VAL	26, 17	3587	nuc	nuc	0.99
SER	26, 15	3585	VAL	26, 17	3587	nuc	nuc	0.97
VAL	26, 16	3586	VAL	26, 17	3587	nuc	nuc	1
PHE	2, 471	987	GLY	26, 18	3588	mit	nuc	0.95
TRP	2, 474	990	GLY	26, 18	3588	mit	nuc	0.91
LEU	24, 22	3501	GLY	26, 18	3588	nuc	nuc	0.96
GLU	26, 14	3584	GLY	26, 18	3588	nuc	nuc	0.96
SER	26, 15	3585	GLY	26, 18	3588	nuc	nuc	0.99
VAL	26, 16	3586	GLY	26, 18	3588	nuc	nuc	1
VAL	26, 17	3587	GLY	26, 18	3588	nuc	nuc	1
PHE	2, 471	987	LEU	26, 19	3589	mit	nuc	0.98
SER	26, 15	3585	LEU	26, 19	3589	nuc	nuc	0.99
VAL	26, 16	3586	LEU	26, 19	3589	nuc	nuc	1
VAL	26, 17	3587	LEU	26, 19	3589	nuc	nuc	0.97
GLY	26, 18	3588	LEU	26, 19	3589	nuc	nuc	1
VAL	26, 16	3586	LEU	26, 20	3590	nuc	nuc	0.99
VAL	26, 17	3587	LEU	26, 20	3590	nuc	nuc	1
GLY	26, 18	3588	LEU	26, 20	3590	nuc	nuc	1
LEU	26, 19	3589	LEU	26, 20	3590	nuc	nuc	1
LEU	24, 22	3501	ALA	26, 21	3591	nuc	nuc	0.96
CYS	24, 26	3505	ALA	26, 21	3591	nuc	nuc	0.96
VAL	26, 17	3587	ALA	26, 21	3591	nuc	nuc	0.99
GLY	26, 18	3588	ALA	26, 21	3591	nuc	nuc	1
LEU	26, 19	3589	ALA	26, 21	3591	nuc	nuc	0.99
LEU	26, 20	3590	ALA	26, 21	3591	nuc	nuc	1
ILE	2, 467	983	MET	26, 22	3592	mit	nuc	0.98
MET	2, 470	986	MET	26, 22	3592	mit	nuc	0.96
PHE	2, 471	987	MET	26, 22	3592	mit	nuc	0.99
TRP	2, 474	990	MET	26, 22	3592	mit	nuc	0.84
MET	24, 25	3504	MET	26, 22	3592	nuc	nuc	0.62
CYS	24, 26	3505	MET	26, 22	3592	nuc	nuc	0.96
PHE	24, 29	3508	MET	26, 22	3592	nuc	nuc	0.7
GLY	26, 18	3588	MET	26, 22	3592	nuc	nuc	1
LEU	26, 19	3589	MET	26, 22	3592	nuc	nuc	1
LEU	26, 20	3590	MET	26, 22	3592	nuc	nuc	0.99
ALA	26, 21	3591	MET	26, 22	3592	nuc	nuc	1
ILE	2, 467	983	PHE	26, 23	3593	mit	nuc	0.98
LEU	26, 19	3589	PHE	26, 23	3593	nuc	nuc	0.99
LEU	26, 20	3590	PHE	26, 23	3593	nuc	nuc	1
ALA	26, 21	3591	PHE	26, 23	3593	nuc	nuc	0.98
MET	26, 22	3592	PHE	26, 23	3593	nuc	nuc	1
LEU	26, 20	3590	VAL	26, 24	3594	nuc	nuc	0.99
ALA	26, 21	3591	VAL	26, 24	3594	nuc	nuc	1
MET	26, 22	3592	VAL	26, 24	3594	nuc	nuc	0.95
PHE	26, 23	3593	VAL	26, 24	3594	nuc	nuc	1
CYS	24, 26	3505	THR	26, 25	3595	nuc	nuc	0.98
ALA	24, 27	3506	THR	26, 25	3595	nuc	nuc	0.56
PHE	24, 29	3508	THR	26, 25	3595	nuc	nuc	0.66
GLY	24, 30	3509	THR	26, 25	3595	nuc	nuc	0.98
ALA	26, 21	3591	THR	26, 25	3595	nuc	nuc	0.99
MET	26, 22	3592	THR	26, 25	3595	nuc	nuc	0.99
PHE	26, 23	3593	THR	26, 25	3595	nuc	nuc	0.96
VAL	26, 24	3594	THR	26, 25	3595	nuc	nuc	1
ILE	2, 467	983	CYS	26, 26	3596	mit	nuc	0.97
PHE	24, 29	3508	CYS	26, 26	3596	nuc	nuc	0.91
GLY	24, 30	3509	CYS	26, 26	3596	nuc	nuc	0.98
PHE	24, 33	3512	CYS	26, 26	3596	nuc	nuc	0.98
ALA	24, 34	3513	CYS	26, 26	3596	nuc	nuc	0.57
MET	26, 22	3592	CYS	26, 26	3596	nuc	nuc	0.99
PHE	26, 23	3593	CYS	26, 26	3596	nuc	nuc	0.99
VAL	26, 24	3594	CYS	26, 26	3596	nuc	nuc	0.94
THR	26, 25	3595	CYS	26, 26	3596	nuc	nuc	1
ILE	8, 97	2254	LEU	26, 27	3597	nuc	nuc	0.86
PHE	26, 23	3593	LEU	26, 27	3597	nuc	nuc	0.99
VAL	26, 24	3594	LEU	26, 27	3597	nuc	nuc	0.99
THR	26, 25	3595	LEU	26, 27	3597	nuc	nuc	0.66
CYS	26, 26	3596	LEU	26, 27	3597	nuc	nuc	1
VAL	26, 24	3594	GLY	26, 28	3598	nuc	nuc	0.99
THR	26, 25	3595	GLY	26, 28	3598	nuc	nuc	0.97
CYS	26, 26	3596	GLY	26, 28	3598	nuc	nuc	0.99
LEU	26, 27	3597	GLY	26, 28	3598	nuc	nuc	1
GLY	24, 30	3509	PRO	26, 29	3599	nuc	nuc	0.72
PHE	24, 33	3512	PRO	26, 29	3599	nuc	nuc	0.54
ALA	24, 34	3513	PRO	26, 29	3599	nuc	nuc	0.98
PHE	24, 37	3516	PRO	26, 29	3599	nuc	nuc	0.93
PHE	24, 38	3517	PRO	26, 29	3599	nuc	nuc	0.51
THR	26, 25	3595	PRO	26, 29	3599	nuc	nuc	0.66
CYS	26, 26	3596	PRO	26, 29	3599	nuc	nuc	0.67
LEU	26, 27	3597	PRO	26, 29	3599	nuc	nuc	0.67
GLY	26, 28	3598	PRO	26, 29	3599	nuc	nuc	1
ALA	2, 33	549	ALA	26, 30	3600	mit	nuc	0.86
PHE	24, 33	3512	ALA	26, 30	3600	nuc	nuc	0.93
ALA	24, 34	3513	ALA	26, 30	3600	nuc	nuc	0.95
PHE	24, 37	3516	ALA	26, 30	3600	nuc	nuc	0.96
CYS	26, 26	3596	ALA	26, 30	3600	nuc	nuc	0.93
LEU	26, 27	3597	ALA	26, 30	3600	nuc	nuc	1
GLY	26, 28	3598	ALA	26, 30	3600	nuc	nuc	1
PRO	26, 29	3599	ALA	26, 30	3600	nuc	nuc	1
TRP	8, 100	2257	ALA	26, 31	3601	nuc	nuc	0.82
TYR	8, 104	2261	ALA	26, 31	3601	nuc	nuc	0.57
LEU	26, 27	3597	ALA	26, 31	3601	nuc	nuc	0.99
GLY	26, 28	3598	ALA	26, 31	3601	nuc	nuc	1
PRO	26, 29	3599	ALA	26, 31	3601	nuc	nuc	0.99
ALA	26, 30	3600	ALA	26, 31	3601	nuc	nuc	1
GLY	26, 28	3598	TRP	26, 32	3602	nuc	nuc	0.99
PRO	26, 29	3599	TRP	26, 32	3602	nuc	nuc	1
ALA	26, 30	3600	TRP	26, 32	3602	nuc	nuc	0.99
ALA	26, 31	3601	TRP	26, 32	3602	nuc	nuc	1
PHE	24, 37	3516	VAL	26, 33	3603	nuc	nuc	0.98
PHE	24, 38	3517	VAL	26, 33	3603	nuc	nuc	0.91
VAL	24, 40	3519	VAL	26, 33	3603	nuc	nuc	0.82
ARG	24, 41	3520	VAL	26, 33	3603	nuc	nuc	0.97
PRO	26, 29	3599	VAL	26, 33	3603	nuc	nuc	0.98
ALA	26, 30	3600	VAL	26, 33	3603	nuc	nuc	0.99
ALA	26, 31	3601	VAL	26, 33	3603	nuc	nuc	0.96
TRP	26, 32	3602	VAL	26, 33	3603	nuc	nuc	1
ALA	2, 40	556	LEU	26, 34	3604	mit	nuc	0.87
GLN	8, 101	2258	LEU	26, 34	3604	nuc	nuc	0.65
TYR	8, 104	2261	LEU	26, 34	3604	nuc	nuc	0.51
MET	8, 105	2262	LEU	26, 34	3604	nuc	nuc	0.97
PHE	24, 37	3516	LEU	26, 34	3604	nuc	nuc	0.85
ALA	26, 30	3600	LEU	26, 34	3604	nuc	nuc	0.99
ALA	26, 31	3601	LEU	26, 34	3604	nuc	nuc	1
TRP	26, 32	3602	LEU	26, 34	3604	nuc	nuc	0.96
VAL	26, 33	3603	LEU	26, 34	3604	nuc	nuc	1
TYR	8, 104	2261	SER	26, 35	3605	nuc	nuc	0.97
MET	8, 105	2262	SER	26, 35	3605	nuc	nuc	0.94
ALA	26, 31	3601	SER	26, 35	3605	nuc	nuc	0.99
TRP	26, 32	3602	SER	26, 35	3605	nuc	nuc	0.99
VAL	26, 33	3603	SER	26, 35	3605	nuc	nuc	0.95
LEU	26, 34	3604	SER	26, 35	3605	nuc	nuc	1
TRP	26, 32	3602	HIS	26, 36	3606	nuc	nuc	0.97
VAL	26, 33	3603	HIS	26, 36	3606	nuc	nuc	0.97
LEU	26, 34	3604	HIS	26, 36	3606	nuc	nuc	0.82
SER	26, 35	3605	HIS	26, 36	3606	nuc	nuc	1
LEU	2, 48	564	LEU	26, 37	3607	mit	nuc	0.88
LEU	2, 49	565	LEU	26, 37	3607	mit	nuc	0.71
MET	8, 105	2262	LEU	26, 37	3607	nuc	nuc	0.72
LEU	24, 44	3523	LEU	26, 37	3607	nuc	nuc	0.8
VAL	26, 33	3603	LEU	26, 37	3607	nuc	nuc	0.92
LEU	26, 34	3604	LEU	26, 37	3607	nuc	nuc	0.99
SER	26, 35	3605	LEU	26, 37	3607	nuc	nuc	0.96
HIS	26, 36	3606	LEU	26, 37	3607	nuc	nuc	1
HIS	26, 36	3606	GLU	26, 38	3608	nuc	nuc	0.95
LEU	26, 37	3607	GLU	26, 38	3608	nuc	nuc	1
HIS	26, 36	3606	ASP	26, 39	3609	nuc	nuc	0.97
LEU	26, 37	3607	ASP	26, 39	3609	nuc	nuc	0.97
GLU	26, 38	3608	ASP	26, 39	3609	nuc	nuc	1
ARG	24, 41	3520	TYR	26, 40	3610	nuc	nuc	0.89
LEU	24, 44	3523	TYR	26, 40	3610	nuc	nuc	0.95
LEU	24, 45	3524	TYR	26, 40	3610	nuc	nuc	0.93
HIS	26, 36	3606	TYR	26, 40	3610	nuc	nuc	0.96
LEU	26, 37	3607	TYR	26, 40	3610	nuc	nuc	0.99
GLU	26, 38	3608	TYR	26, 40	3610	nuc	nuc	0.96
ASP	26, 39	3609	TYR	26, 40	3610	nuc	nuc	1
GLY	2, 50	566	LYS	26, 41	3611	mit	nuc	0.7
LEU	24, 44	3523	LYS	26, 41	3611	nuc	nuc	0.93
LEU	26, 37	3607	LYS	26, 41	3611	nuc	nuc	0.95
GLU	26, 38	3608	LYS	26, 41	3611	nuc	nuc	0.97
ASP	26, 39	3609	LYS	26, 41	3611	nuc	nuc	0.93
TYR	26, 40	3610	LYS	26, 41	3611	nuc	nuc	1
GLU	26, 38	3608	LYS	26, 42	3612	nuc	nuc	0.78
ASP	26, 39	3609	LYS	26, 42	3612	nuc	nuc	0.87
TYR	26, 40	3610	LYS	26, 42	3612	nuc	nuc	0.84
LYS	26, 41	3611	LYS	26, 42	3612	nuc	nuc	1
ASP	26, 39	3609	ARG	26, 43	3613	nuc	nuc	0.58
TYR	26, 40	3610	ARG	26, 43	3613	nuc	nuc	0.6
LYS	26, 41	3611	ARG	26, 43	3613	nuc	nuc	0.76
LYS	26, 42	3612	ARG	26, 43	3613	nuc	nuc	1
LYS	26, 42	3612	GLU	26, 44	3614	nuc	nuc	0.71
ARG	26, 43	3613	GLU	26, 44	3614	nuc	nuc	1
ILE	1, 287	287	ALA	27, 1	3615	mit	nuc	0.66
ALA	27, 1	3615	LEU	27, 2	3616	nuc	nuc	1
TYR	1, 305	305	TYR	27, 3	3617	mit	nuc	0.88
ALA	27, 1	3615	TYR	27, 3	3617	nuc	nuc	0.97
LEU	27, 2	3616	TYR	27, 3	3617	nuc	nuc	1
ALA	27, 1	3615	VAL	27, 4	3618	nuc	nuc	0.95
LEU	27, 2	3616	VAL	27, 4	3618	nuc	nuc	0.95
TYR	27, 3	3617	VAL	27, 4	3618	nuc	nuc	1
ALA	27, 1	3615	MET	27, 5	3619	nuc	nuc	0.79
LEU	27, 2	3616	MET	27, 5	3619	nuc	nuc	0.98
TYR	27, 3	3617	MET	27, 5	3619	nuc	nuc	0.98
VAL	27, 4	3618	MET	27, 5	3619	nuc	nuc	1
LEU	27, 2	3616	ARG	27, 6	3620	nuc	nuc	0.91
TYR	27, 3	3617	ARG	27, 6	3620	nuc	nuc	0.97
VAL	27, 4	3618	ARG	27, 6	3620	nuc	nuc	0.97
MET	27, 5	3619	ARG	27, 6	3620	nuc	nuc	1
THR	1, 302	302	LEU	27, 7	3621	mit	nuc	0.77
TYR	27, 3	3617	LEU	27, 7	3621	nuc	nuc	0.94
VAL	27, 4	3618	LEU	27, 7	3621	nuc	nuc	0.98
MET	27, 5	3619	LEU	27, 7	3621	nuc	nuc	0.97
ARG	27, 6	3620	LEU	27, 7	3621	nuc	nuc	1
LEU	5, 106	1592	ALA	27, 8	3622	mit	nuc	0.6
VAL	27, 4	3618	ALA	27, 8	3622	nuc	nuc	0.95
MET	27, 5	3619	ALA	27, 8	3622	nuc	nuc	0.97
ARG	27, 6	3620	ALA	27, 8	3622	nuc	nuc	0.94
LEU	27, 7	3621	ALA	27, 8	3622	nuc	nuc	1
MET	27, 5	3619	VAL	27, 9	3623	nuc	nuc	0.94
ARG	27, 6	3620	VAL	27, 9	3623	nuc	nuc	0.95
LEU	27, 7	3621	VAL	27, 9	3623	nuc	nuc	0.69
ALA	27, 8	3622	VAL	27, 9	3623	nuc	nuc	1
ARG	27, 6	3620	PHE	27, 10	3624	nuc	nuc	0.94
LEU	27, 7	3621	PHE	27, 10	3624	nuc	nuc	0.83
VAL	27, 9	3623	PHE	27, 10	3624	nuc	nuc	1
LEU	27, 7	3621	ASN	27, 11	3625	nuc	nuc	0.91
ALA	27, 8	3622	ASN	27, 11	3625	nuc	nuc	0.8
VAL	27, 9	3623	ASN	27, 11	3625	nuc	nuc	0.76
PHE	27, 10	3624	ASN	27, 11	3625	nuc	nuc	1
ARG	15, 13	2903	PRO	27, 12	3626	nuc	nuc	0.6
ASN	27, 11	3625	PRO	27, 12	3626	nuc	nuc	1
ALA	5, 107	1593	ASP	27, 13	3627	mit	nuc	0.86
ARG	15, 21	2911	ASP	27, 13	3627	nuc	nuc	0.74
ASN	27, 11	3625	ASP	27, 13	3627	nuc	nuc	0.97
PRO	27, 12	3626	ASP	27, 13	3627	nuc	nuc	1
LEU	5, 106	1592	VAL	27, 14	3628	mit	nuc	0.88
ALA	5, 107	1593	VAL	27, 14	3628	mit	nuc	0.81
ALA	27, 8	3622	VAL	27, 14	3628	nuc	nuc	0.82
VAL	27, 9	3623	VAL	27, 14	3628	nuc	nuc	0.59
ASN	27, 11	3625	VAL	27, 14	3628	nuc	nuc	0.94
PRO	27, 12	3626	VAL	27, 14	3628	nuc	nuc	0.85
ASP	27, 13	3627	VAL	27, 14	3628	nuc	nuc	1
LEU	5, 106	1592	CYS	27, 15	3629	mit	nuc	0.83
ALA	5, 107	1593	CYS	27, 15	3629	mit	nuc	0.66
PRO	5, 108	1594	CYS	27, 15	3629	mit	nuc	0.64
TRP	5, 116	1602	CYS	27, 15	3629	mit	nuc	0.63
ASP	27, 13	3627	CYS	27, 15	3629	nuc	nuc	0.52
VAL	27, 14	3628	CYS	27, 15	3629	nuc	nuc	1
LEU	5, 106	1592	TRP	27, 16	3630	mit	nuc	0.72
VAL	27, 9	3623	TRP	27, 16	3630	nuc	nuc	0.53
VAL	27, 14	3628	TRP	27, 16	3630	nuc	nuc	0.96
CYS	27, 15	3629	TRP	27, 16	3630	nuc	nuc	1
CYS	27, 15	3629	ASP	27, 17	3631	nuc	nuc	0.9
TRP	27, 16	3630	ASP	27, 17	3631	nuc	nuc	1
GLN	5, 115	1601	LYS	27, 18	3632	mit	nuc	0.55
TRP	5, 116	1602	LYS	27, 18	3632	mit	nuc	0.71
CYS	27, 15	3629	LYS	27, 18	3632	nuc	nuc	0.79
TRP	27, 16	3630	LYS	27, 18	3632	nuc	nuc	0.72
ASP	27, 17	3631	LYS	27, 18	3632	nuc	nuc	1
ASP	27, 17	3631	LYS	27, 19	3633	nuc	nuc	0.93
LYS	27, 18	3632	LYS	27, 19	3633	nuc	nuc	1
ASP	27, 17	3631	ASN	27, 20	3634	nuc	nuc	0.83
LYS	27, 19	3633	ASN	27, 20	3634	nuc	nuc	1
CYS	27, 15	3629	ASN	27, 21	3635	nuc	nuc	0.53
ASP	27, 17	3631	ASN	27, 21	3635	nuc	nuc	0.71
ASN	27, 20	3634	ASN	27, 21	3635	nuc	nuc	1
GLN	5, 115	1601	PRO	27, 22	3636	mit	nuc	0.65
CYS	27, 15	3629	PRO	27, 22	3636	nuc	nuc	0.69
LYS	27, 18	3632	PRO	27, 22	3636	nuc	nuc	0.74
LYS	27, 19	3633	PRO	27, 22	3636	nuc	nuc	0.52
ASN	27, 20	3634	PRO	27, 22	3636	nuc	nuc	0.51
ASN	27, 21	3635	PRO	27, 22	3636	nuc	nuc	1
ASN	27, 21	3635	GLU	27, 23	3637	nuc	nuc	0.88
PRO	27, 22	3636	GLU	27, 23	3637	nuc	nuc	1
PRO	27, 12	3626	PRO	27, 24	3638	nuc	nuc	0.64
VAL	27, 14	3628	PRO	27, 24	3638	nuc	nuc	0.52
CYS	27, 15	3629	PRO	27, 24	3638	nuc	nuc	0.76
ASN	27, 21	3635	PRO	27, 24	3638	nuc	nuc	0.72
PRO	27, 22	3636	PRO	27, 24	3638	nuc	nuc	0.64
GLU	27, 23	3637	PRO	27, 24	3638	nuc	nuc	1
ARG	15, 13	2903	TRP	27, 25	3639	nuc	nuc	0.77
PHE	15, 14	2904	TRP	27, 25	3639	nuc	nuc	0.66
ARG	15, 21	2911	TRP	27, 25	3639	nuc	nuc	0.68
GLN	15, 25	2915	TRP	27, 25	3639	nuc	nuc	0.57
PRO	27, 12	3626	TRP	27, 25	3639	nuc	nuc	0.68
ASP	27, 13	3627	TRP	27, 25	3639	nuc	nuc	0.69
GLU	27, 23	3637	TRP	27, 25	3639	nuc	nuc	0.93
PRO	27, 24	3638	TRP	27, 25	3639	nuc	nuc	1
ARG	15, 13	2903	ASN	27, 26	3640	nuc	nuc	0.66
GLU	27, 23	3637	ASN	27, 26	3640	nuc	nuc	0.8
PRO	27, 24	3638	ASN	27, 26	3640	nuc	nuc	0.92
TRP	27, 25	3639	ASN	27, 26	3640	nuc	nuc	1
ASN	27, 21	3635	LYS	27, 27	3641	nuc	nuc	0.55
GLU	27, 23	3637	LYS	27, 27	3641	nuc	nuc	0.53
PRO	27, 24	3638	LYS	27, 27	3641	nuc	nuc	0.85
TRP	27, 25	3639	LYS	27, 27	3641	nuc	nuc	0.9
ASN	27, 26	3640	LYS	27, 27	3641	nuc	nuc	1
SER	15, 12	2902	LEU	27, 28	3642	nuc	nuc	0.59
ARG	15, 13	2903	LEU	27, 28	3642	nuc	nuc	0.72
PRO	27, 12	3626	LEU	27, 28	3642	nuc	nuc	0.58
TRP	27, 25	3639	LEU	27, 28	3642	nuc	nuc	0.78
ASN	27, 26	3640	LEU	27, 28	3642	nuc	nuc	0.87
LYS	27, 27	3641	LEU	27, 28	3642	nuc	nuc	1
LEU	27, 28	3642	ALA	27, 29	3643	nuc	nuc	1
SER	15, 12	2902	PRO	27, 30	3644	nuc	nuc	0.78
LEU	27, 28	3642	PRO	27, 30	3644	nuc	nuc	0.52
ALA	27, 29	3643	PRO	27, 30	3644	nuc	nuc	1
SER	15, 12	2902	ASN	27, 31	3645	nuc	nuc	0.62
ALA	27, 29	3643	ASN	27, 31	3645	nuc	nuc	0.91
PRO	27, 30	3644	ASN	27, 31	3645	nuc	nuc	1
SER	15, 12	2902	ASP	27, 32	3646	nuc	nuc	0.75
LEU	27, 28	3642	ASP	27, 32	3646	nuc	nuc	0.78
ALA	27, 29	3643	ASP	27, 32	3646	nuc	nuc	0.82
PRO	27, 30	3644	ASP	27, 32	3646	nuc	nuc	0.85
ASN	27, 31	3645	ASP	27, 32	3646	nuc	nuc	1
SER	15, 12	2902	GLN	27, 33	3647	nuc	nuc	0.51
ASN	27, 31	3645	GLN	27, 33	3647	nuc	nuc	0.62
ASP	27, 32	3646	GLN	27, 33	3647	nuc	nuc	1
PRO	15, 15	2905	TYR	27, 34	3648	nuc	nuc	0.77
PRO	27, 12	3626	TYR	27, 34	3648	nuc	nuc	0.73
ASP	27, 32	3646	TYR	27, 34	3648	nuc	nuc	0.9
GLN	27, 33	3647	TYR	27, 34	3648	nuc	nuc	1
VAL	1, 300	300	LYS	27, 35	3649	mit	nuc	0.78
ASP	1, 301	301	LYS	27, 35	3649	mit	nuc	0.83
TYR	3, 84	1116	LYS	27, 35	3649	mit	nuc	0.57
PRO	15, 15	2905	LYS	27, 35	3649	nuc	nuc	0.79
GLN	27, 33	3647	LYS	27, 35	3649	nuc	nuc	0.93
TYR	27, 34	3648	LYS	27, 35	3649	nuc	nuc	1
ASP	1, 301	301	PHE	27, 36	3650	mit	nuc	0.84
ALA	1, 304	304	PHE	27, 36	3650	mit	nuc	0.51
LYS	27, 35	3649	PHE	27, 36	3650	nuc	nuc	1
TYR	3, 84	1116	TYR	27, 37	3651	mit	nuc	0.81
LYS	27, 35	3649	TYR	27, 37	3651	nuc	nuc	0.9
PHE	27, 36	3650	TYR	27, 37	3651	nuc	nuc	1
TYR	3, 84	1116	SER	27, 38	3652	mit	nuc	0.72
GLU	3, 88	1120	SER	27, 38	3652	mit	nuc	0.6
GLN	27, 33	3647	SER	27, 38	3652	nuc	nuc	0.6
LYS	27, 35	3649	SER	27, 38	3652	nuc	nuc	0.79
TYR	27, 37	3651	SER	27, 38	3652	nuc	nuc	1
GLN	3, 81	1113	VAL	27, 39	3653	mit	nuc	0.58
TYR	3, 84	1116	VAL	27, 39	3653	mit	nuc	0.8
MET	3, 85	1117	VAL	27, 39	3653	mit	nuc	0.72
GLU	3, 88	1120	VAL	27, 39	3653	mit	nuc	0.73
TYR	27, 37	3651	VAL	27, 39	3653	nuc	nuc	0.84
SER	27, 38	3652	VAL	27, 39	3653	nuc	nuc	1
GLU	3, 88	1120	ASN	27, 40	3654	mit	nuc	0.75
SER	27, 38	3652	ASN	27, 40	3654	nuc	nuc	0.86
VAL	27, 39	3653	ASN	27, 40	3654	nuc	nuc	1
GLU	3, 88	1120	VAL	27, 41	3655	mit	nuc	0.69
ASP	3, 90	1122	VAL	27, 41	3655	mit	nuc	0.58
SER	27, 38	3652	VAL	27, 41	3655	nuc	nuc	0.75
VAL	27, 39	3653	VAL	27, 41	3655	nuc	nuc	0.75
ASN	27, 40	3654	VAL	27, 41	3655	nuc	nuc	1
ASN	27, 40	3654	ASP	27, 42	3656	nuc	nuc	0.51
VAL	27, 41	3655	ASP	27, 42	3656	nuc	nuc	1
SER	15, 12	2902	TYR	27, 43	3657	nuc	nuc	0.55
ASN	27, 31	3645	TYR	27, 43	3657	nuc	nuc	0.62
GLN	27, 33	3647	TYR	27, 43	3657	nuc	nuc	0.71
SER	27, 38	3652	TYR	27, 43	3657	nuc	nuc	0.55
VAL	27, 41	3655	TYR	27, 43	3657	nuc	nuc	0.85
ASP	27, 42	3656	TYR	27, 43	3657	nuc	nuc	1
ASN	27, 31	3645	SER	27, 44	3658	nuc	nuc	0.67
ASP	27, 42	3656	SER	27, 44	3658	nuc	nuc	0.91
TYR	27, 43	3657	SER	27, 44	3658	nuc	nuc	1
ASP	27, 42	3656	LYS	27, 45	3659	nuc	nuc	0.75
TYR	27, 43	3657	LYS	27, 45	3659	nuc	nuc	0.8
SER	27, 44	3658	LYS	27, 45	3659	nuc	nuc	1
SER	15, 12	2902	LEU	27, 46	3660	nuc	nuc	0.67
PRO	27, 30	3644	LEU	27, 46	3660	nuc	nuc	0.62
ASN	27, 31	3645	LEU	27, 46	3660	nuc	nuc	0.67
ASP	27, 42	3656	LEU	27, 46	3660	nuc	nuc	0.53
TYR	27, 43	3657	LEU	27, 46	3660	nuc	nuc	0.76
SER	27, 44	3658	LEU	27, 46	3660	nuc	nuc	0.8
LYS	27, 45	3659	LEU	27, 46	3660	nuc	nuc	1
PRO	27, 30	3644	LYS	27, 47	3661	nuc	nuc	0.63
LYS	27, 45	3659	LYS	27, 47	3661	nuc	nuc	0.64
LEU	27, 46	3660	LYS	27, 47	3661	nuc	nuc	1
PRO	27, 30	3644	LYS	27, 48	3662	nuc	nuc	0.64
LEU	27, 46	3660	LYS	27, 48	3662	nuc	nuc	0.52
LYS	27, 47	3661	LYS	27, 48	3662	nuc	nuc	1
PRO	15, 9	2899	ASP	27, 49	3663	nuc	nuc	0.65
LYS	27, 47	3661	ASP	27, 49	3663	nuc	nuc	0.88
LYS	27, 48	3662	ASP	27, 49	3663	nuc	nuc	1
TRP	15, 49	2939	ARG	27, 50	3664	nuc	nuc	0.7
TYR	15, 50	2940	ARG	27, 50	3664	nuc	nuc	0.57
LYS	27, 48	3662	ARG	27, 50	3664	nuc	nuc	0.93
ASP	27, 49	3663	ARG	27, 50	3664	nuc	nuc	1
PRO	15, 46	2936	PRO	27, 51	3665	nuc	nuc	0.67
TRP	15, 49	2939	PRO	27, 51	3665	nuc	nuc	0.75
ARG	27, 50	3664	PRO	27, 51	3665	nuc	nuc	1
ARG	27, 50	3664	ASP	27, 52	3666	nuc	nuc	0.82
PRO	27, 51	3665	ASP	27, 52	3666	nuc	nuc	1
CYS	15, 33	2923	PHE	27, 53	3667	nuc	nuc	0.73
ALA	15, 36	2926	PHE	27, 53	3667	nuc	nuc	0.72
MET	15, 37	2927	PHE	27, 53	3667	nuc	nuc	0.55
PRO	27, 51	3665	PHE	27, 53	3667	nuc	nuc	0.89
ASP	27, 52	3666	PHE	27, 53	3667	nuc	nuc	1
ILE	2, 287	803	ALA	28, 1	3668	mit	nuc	0.65
ALA	28, 1	3668	LEU	28, 2	3669	nuc	nuc	1
TYR	2, 305	821	TYR	28, 3	3670	mit	nuc	0.88
ALA	28, 1	3668	TYR	28, 3	3670	nuc	nuc	0.96
LEU	28, 2	3669	TYR	28, 3	3670	nuc	nuc	1
ALA	28, 1	3668	VAL	28, 4	3671	nuc	nuc	0.95
LEU	28, 2	3669	VAL	28, 4	3671	nuc	nuc	0.95
TYR	28, 3	3670	VAL	28, 4	3671	nuc	nuc	1
ALA	28, 1	3668	MET	28, 5	3672	nuc	nuc	0.79
LEU	28, 2	3669	MET	28, 5	3672	nuc	nuc	0.97
TYR	28, 3	3670	MET	28, 5	3672	nuc	nuc	0.98
VAL	28, 4	3671	MET	28, 5	3672	nuc	nuc	1
LEU	28, 2	3669	ARG	28, 6	3673	nuc	nuc	0.91
TYR	28, 3	3670	ARG	28, 6	3673	nuc	nuc	0.97
VAL	28, 4	3671	ARG	28, 6	3673	nuc	nuc	0.96
MET	28, 5	3672	ARG	28, 6	3673	nuc	nuc	1
THR	2, 302	818	LEU	28, 7	3674	mit	nuc	0.76
TYR	28, 3	3670	LEU	28, 7	3674	nuc	nuc	0.94
VAL	28, 4	3671	LEU	28, 7	3674	nuc	nuc	0.98
MET	28, 5	3672	LEU	28, 7	3674	nuc	nuc	0.97
ARG	28, 6	3673	LEU	28, 7	3674	nuc	nuc	1
LEU	6, 106	1853	ALA	28, 8	3675	mit	nuc	0.59
VAL	28, 4	3671	ALA	28, 8	3675	nuc	nuc	0.94
MET	28, 5	3672	ALA	28, 8	3675	nuc	nuc	0.97
ARG	28, 6	3673	ALA	28, 8	3675	nuc	nuc	0.93
LEU	28, 7	3674	ALA	28, 8	3675	nuc	nuc	1
MET	28, 5	3672	VAL	28, 9	3676	nuc	nuc	0.94
ARG	28, 6	3673	VAL	28, 9	3676	nuc	nuc	0.95
LEU	28, 7	3674	VAL	28, 9	3676	nuc	nuc	0.69
ALA	28, 8	3675	VAL	28, 9	3676	nuc	nuc	1
ARG	28, 6	3673	PHE	28, 10	3677	nuc	nuc	0.94
LEU	28, 7	3674	PHE	28, 10	3677	nuc	nuc	0.82
VAL	28, 9	3676	PHE	28, 10	3677	nuc	nuc	1
LEU	28, 7	3674	ASN	28, 11	3678	nuc	nuc	0.9
ALA	28, 8	3675	ASN	28, 11	3678	nuc	nuc	0.79
VAL	28, 9	3676	ASN	28, 11	3678	nuc	nuc	0.75
PHE	28, 10	3677	ASN	28, 11	3678	nuc	nuc	1
ARG	16, 13	2982	PRO	28, 12	3679	nuc	nuc	0.6
ASN	28, 11	3678	PRO	28, 12	3679	nuc	nuc	1
ALA	6, 107	1854	ASP	28, 13	3680	mit	nuc	0.85
ARG	16, 21	2990	ASP	28, 13	3680	nuc	nuc	0.73
ASN	28, 11	3678	ASP	28, 13	3680	nuc	nuc	0.97
PRO	28, 12	3679	ASP	28, 13	3680	nuc	nuc	1
LEU	6, 106	1853	VAL	28, 14	3681	mit	nuc	0.88
ALA	6, 107	1854	VAL	28, 14	3681	mit	nuc	0.8
ALA	28, 8	3675	VAL	28, 14	3681	nuc	nuc	0.82
VAL	28, 9	3676	VAL	28, 14	3681	nuc	nuc	0.58
ASN	28, 11	3678	VAL	28, 14	3681	nuc	nuc	0.94
PRO	28, 12	3679	VAL	28, 14	3681	nuc	nuc	0.85
ASP	28, 13	3680	VAL	28, 14	3681	nuc	nuc	1
LEU	6, 106	1853	CYS	28, 15	3682	mit	nuc	0.83
ALA	6, 107	1854	CYS	28, 15	3682	mit	nuc	0.66
PRO	6, 108	1855	CYS	28, 15	3682	mit	nuc	0.63
TRP	6, 116	1863	CYS	28, 15	3682	mit	nuc	0.62
ASP	28, 13	3680	CYS	28, 15	3682	nuc	nuc	0.52
VAL	28, 14	3681	CYS	28, 15	3682	nuc	nuc	1
LEU	6, 106	1853	TRP	28, 16	3683	mit	nuc	0.71
VAL	28, 9	3676	TRP	28, 16	3683	nuc	nuc	0.54
VAL	28, 14	3681	TRP	28, 16	3683	nuc	nuc	0.96
CYS	28, 15	3682	TRP	28, 16	3683	nuc	nuc	1
CYS	28, 15	3682	ASP	28, 17	3684	nuc	nuc	0.9
TRP	28, 16	3683	ASP	28, 17	3684	nuc	nuc	1
GLN	6, 115	1862	LYS	28, 18	3685	mit	nuc	0.54
TRP	6, 116	1863	LYS	28, 18	3685	mit	nuc	0.72
CYS	28, 15	3682	LYS	28, 18	3685	nuc	nuc	0.79
TRP	28, 16	3683	LYS	28, 18	3685	nuc	nuc	0.73
ASP	28, 17	3684	LYS	28, 18	3685	nuc	nuc	1
ASP	28, 17	3684	LYS	28, 19	3686	nuc	nuc	0.92
LYS	28, 18	3685	LYS	28, 19	3686	nuc	nuc	1
ASP	28, 17	3684	ASN	28, 20	3687	nuc	nuc	0.84
LYS	28, 19	3686	ASN	28, 20	3687	nuc	nuc	1
CYS	28, 15	3682	ASN	28, 21	3688	nuc	nuc	0.53
ASP	28, 17	3684	ASN	28, 21	3688	nuc	nuc	0.71
ASN	28, 20	3687	ASN	28, 21	3688	nuc	nuc	1
GLN	6, 115	1862	PRO	28, 22	3689	mit	nuc	0.65
CYS	28, 15	3682	PRO	28, 22	3689	nuc	nuc	0.68
LYS	28, 18	3685	PRO	28, 22	3689	nuc	nuc	0.74
LYS	28, 19	3686	PRO	28, 22	3689	nuc	nuc	0.52
ASN	28, 21	3688	PRO	28, 22	3689	nuc	nuc	1
GLN	16, 25	2994	GLU	28, 23	3690	nuc	nuc	0.51
ASN	28, 21	3688	GLU	28, 23	3690	nuc	nuc	0.88
PRO	28, 22	3689	GLU	28, 23	3690	nuc	nuc	1
PRO	28, 12	3679	PRO	28, 24	3691	nuc	nuc	0.63
VAL	28, 14	3681	PRO	28, 24	3691	nuc	nuc	0.52
CYS	28, 15	3682	PRO	28, 24	3691	nuc	nuc	0.76
ASN	28, 21	3688	PRO	28, 24	3691	nuc	nuc	0.72
PRO	28, 22	3689	PRO	28, 24	3691	nuc	nuc	0.64
GLU	28, 23	3690	PRO	28, 24	3691	nuc	nuc	1
ARG	16, 13	2982	TRP	28, 25	3692	nuc	nuc	0.77
PHE	16, 14	2983	TRP	28, 25	3692	nuc	nuc	0.66
ARG	16, 21	2990	TRP	28, 25	3692	nuc	nuc	0.68
GLN	16, 25	2994	TRP	28, 25	3692	nuc	nuc	0.56
PRO	28, 12	3679	TRP	28, 25	3692	nuc	nuc	0.68
ASP	28, 13	3680	TRP	28, 25	3692	nuc	nuc	0.68
GLU	28, 23	3690	TRP	28, 25	3692	nuc	nuc	0.94
PRO	28, 24	3691	TRP	28, 25	3692	nuc	nuc	1
ARG	16, 13	2982	ASN	28, 26	3693	nuc	nuc	0.64
GLU	28, 23	3690	ASN	28, 26	3693	nuc	nuc	0.81
PRO	28, 24	3691	ASN	28, 26	3693	nuc	nuc	0.92
TRP	28, 25	3692	ASN	28, 26	3693	nuc	nuc	1
ASN	28, 21	3688	LYS	28, 27	3694	nuc	nuc	0.56
GLU	28, 23	3690	LYS	28, 27	3694	nuc	nuc	0.52
PRO	28, 24	3691	LYS	28, 27	3694	nuc	nuc	0.85
TRP	28, 25	3692	LYS	28, 27	3694	nuc	nuc	0.9
ASN	28, 26	3693	LYS	28, 27	3694	nuc	nuc	1
SER	16, 12	2981	LEU	28, 28	3695	nuc	nuc	0.57
ARG	16, 13	2982	LEU	28, 28	3695	nuc	nuc	0.7
PRO	28, 12	3679	LEU	28, 28	3695	nuc	nuc	0.58
TRP	28, 25	3692	LEU	28, 28	3695	nuc	nuc	0.77
ASN	28, 26	3693	LEU	28, 28	3695	nuc	nuc	0.86
LYS	28, 27	3694	LEU	28, 28	3695	nuc	nuc	1
LEU	28, 28	3695	ALA	28, 29	3696	nuc	nuc	1
SER	16, 12	2981	PRO	28, 30	3697	nuc	nuc	0.77
LEU	28, 28	3695	PRO	28, 30	3697	nuc	nuc	0.52
ALA	28, 29	3696	PRO	28, 30	3697	nuc	nuc	1
SER	16, 12	2981	ASN	28, 31	3698	nuc	nuc	0.6
ALA	28, 29	3696	ASN	28, 31	3698	nuc	nuc	0.91
PRO	28, 30	3697	ASN	28, 31	3698	nuc	nuc	1
SER	16, 12	2981	ASP	28, 32	3699	nuc	nuc	0.73
LEU	28, 28	3695	ASP	28, 32	3699	nuc	nuc	0.77
ALA	28, 29	3696	ASP	28, 32	3699	nuc	nuc	0.81
PRO	28, 30	3697	ASP	28, 32	3699	nuc	nuc	0.84
ASN	28, 31	3698	ASP	28, 32	3699	nuc	nuc	1
ASN	28, 31	3698	GLN	28, 33	3700	nuc	nuc	0.61
ASP	28, 32	3699	GLN	28, 33	3700	nuc	nuc	1
PRO	16, 15	2984	TYR	28, 34	3701	nuc	nuc	0.75
PRO	28, 12	3679	TYR	28, 34	3701	nuc	nuc	0.73
ASP	28, 32	3699	TYR	28, 34	3701	nuc	nuc	0.9
GLN	28, 33	3700	TYR	28, 34	3701	nuc	nuc	1
VAL	2, 300	816	LYS	28, 35	3702	mit	nuc	0.78
ASP	2, 301	817	LYS	28, 35	3702	mit	nuc	0.82
TYR	4, 84	1343	LYS	28, 35	3702	mit	nuc	0.56
PRO	16, 15	2984	LYS	28, 35	3702	nuc	nuc	0.78
GLN	28, 33	3700	LYS	28, 35	3702	nuc	nuc	0.93
TYR	28, 34	3701	LYS	28, 35	3702	nuc	nuc	1
ASP	2, 301	817	PHE	28, 36	3703	mit	nuc	0.84
LYS	28, 35	3702	PHE	28, 36	3703	nuc	nuc	1
TYR	4, 84	1343	TYR	28, 37	3704	mit	nuc	0.81
LYS	28, 35	3702	TYR	28, 37	3704	nuc	nuc	0.9
PHE	28, 36	3703	TYR	28, 37	3704	nuc	nuc	1
TYR	4, 84	1343	SER	28, 38	3705	mit	nuc	0.72
GLU	4, 88	1347	SER	28, 38	3705	mit	nuc	0.59
GLN	28, 33	3700	SER	28, 38	3705	nuc	nuc	0.59
LYS	28, 35	3702	SER	28, 38	3705	nuc	nuc	0.79
TYR	28, 37	3704	SER	28, 38	3705	nuc	nuc	1
GLN	4, 81	1340	VAL	28, 39	3706	mit	nuc	0.57
TYR	4, 84	1343	VAL	28, 39	3706	mit	nuc	0.8
MET	4, 85	1344	VAL	28, 39	3706	mit	nuc	0.72
GLU	4, 88	1347	VAL	28, 39	3706	mit	nuc	0.72
TYR	28, 37	3704	VAL	28, 39	3706	nuc	nuc	0.84
SER	28, 38	3705	VAL	28, 39	3706	nuc	nuc	1
GLU	4, 88	1347	ASN	28, 40	3707	mit	nuc	0.74
SER	28, 38	3705	ASN	28, 40	3707	nuc	nuc	0.86
VAL	28, 39	3706	ASN	28, 40	3707	nuc	nuc	1
GLU	4, 88	1347	VAL	28, 41	3708	mit	nuc	0.69
ASP	4, 90	1349	VAL	28, 41	3708	mit	nuc	0.58
SER	28, 38	3705	VAL	28, 41	3708	nuc	nuc	0.73
VAL	28, 39	3706	VAL	28, 41	3708	nuc	nuc	0.74
ASN	28, 40	3707	VAL	28, 41	3708	nuc	nuc	1
ASN	28, 40	3707	ASP	28, 42	3709	nuc	nuc	0.51
VAL	28, 41	3708	ASP	28, 42	3709	nuc	nuc	1
SER	16, 12	2981	TYR	28, 43	3710	nuc	nuc	0.54
ASN	28, 31	3698	TYR	28, 43	3710	nuc	nuc	0.61
GLN	28, 33	3700	TYR	28, 43	3710	nuc	nuc	0.7
SER	28, 38	3705	TYR	28, 43	3710	nuc	nuc	0.55
VAL	28, 41	3708	TYR	28, 43	3710	nuc	nuc	0.85
ASP	28, 42	3709	TYR	28, 43	3710	nuc	nuc	1
ASN	28, 31	3698	SER	28, 44	3711	nuc	nuc	0.67
ASP	28, 42	3709	SER	28, 44	3711	nuc	nuc	0.91
TYR	28, 43	3710	SER	28, 44	3711	nuc	nuc	1
ASP	28, 42	3709	LYS	28, 45	3712	nuc	nuc	0.75
TYR	28, 43	3710	LYS	28, 45	3712	nuc	nuc	0.81
SER	28, 44	3711	LYS	28, 45	3712	nuc	nuc	1
SER	16, 12	2981	LEU	28, 46	3713	nuc	nuc	0.66
PRO	28, 30	3697	LEU	28, 46	3713	nuc	nuc	0.62
ASN	28, 31	3698	LEU	28, 46	3713	nuc	nuc	0.65
ASP	28, 42	3709	LEU	28, 46	3713	nuc	nuc	0.53
TYR	28, 43	3710	LEU	28, 46	3713	nuc	nuc	0.76
SER	28, 44	3711	LEU	28, 46	3713	nuc	nuc	0.79
LYS	28, 45	3712	LEU	28, 46	3713	nuc	nuc	1
PRO	28, 30	3697	LYS	28, 47	3714	nuc	nuc	0.63
LYS	28, 45	3712	LYS	28, 47	3714	nuc	nuc	0.65
LEU	28, 46	3713	LYS	28, 47	3714	nuc	nuc	1
PRO	28, 30	3697	LYS	28, 48	3715	nuc	nuc	0.64
LYS	28, 47	3714	LYS	28, 48	3715	nuc	nuc	1
PRO	16, 9	2978	ASP	28, 49	3716	nuc	nuc	0.63
LYS	28, 47	3714	ASP	28, 49	3716	nuc	nuc	0.88
LYS	28, 48	3715	ASP	28, 49	3716	nuc	nuc	1
TRP	16, 49	3018	ARG	28, 50	3717	nuc	nuc	0.7
TYR	16, 50	3019	ARG	28, 50	3717	nuc	nuc	0.55
LYS	28, 48	3715	ARG	28, 50	3717	nuc	nuc	0.93
ASP	28, 49	3716	ARG	28, 50	3717	nuc	nuc	1
PRO	16, 46	3015	PRO	28, 51	3718	nuc	nuc	0.67
TRP	16, 49	3018	PRO	28, 51	3718	nuc	nuc	0.74
ARG	28, 50	3717	PRO	28, 51	3718	nuc	nuc	1
ARG	28, 50	3717	ASP	28, 52	3719	nuc	nuc	0.82
PRO	28, 51	3718	ASP	28, 52	3719	nuc	nuc	1
CYS	16, 33	3002	PHE	28, 53	3720	nuc	nuc	0.71
ALA	16, 36	3005	PHE	28, 53	3720	nuc	nuc	0.7
MET	16, 37	3006	PHE	28, 53	3720	nuc	nuc	0.56
PRO	28, 51	3718	PHE	28, 53	3720	nuc	nuc	0.89
ASP	28, 52	3719	PHE	28, 53	3720	nuc	nuc	1
