Site	Parent	Child	Recurrence	Reversion	P-Value	Adjusted P-Value	AllSiteSubs	SiteComposition
30	H	Y	45	13	4.771e-05	0.0005555	H>Y:45,Y>H:13,H>R:1	H:169,Y:90,R:1
138	N	S	44	8	4.771e-05	0.0005555	N>S:44,S>N:8,S>T:2,N>T:1,N>A:1	N:179,S:77,T:3,A:1
418	M	T	44	9	4.771e-05	0.0005555	M>T:44,T>M:9,T>S:5,M>I:5,T>A:3,M>V:3,T>V:2,I>V:1,S>T:1,M>S:1,T>I:1	M:118,T:103,S:14,A:9,V:8,I:8
36	T	A	38	2	4.771e-05	0.0005555	T>A:38,T>S:9,T>L:6,S>F:3,S>T:2,L>S:2,T>F:2,A>T:2,T>I:2,S>A:1,S>C:1,L>M:1,L>F:1	T:161,A:49,S:19,L:16,F:8,I:3,C:3,M:1
362	T	I	37	1	4.771e-05	0.0005555	T>I:37,T>L:4,T>S:3,T>V:2,I>L:1,V>A:1,I>V:1,T>A:1,I>T:1	T:188,I:57,S:5,L:5,V:3,A:2
250	I	V	34	13	4.771e-05	0.0005555	I>V:34,V>I:13,I>L:9,I>M:8,I>T:5,V>M:3,V>T:2,L>F:2,I>F:1,M>I:1	I:137,V:73,L:19,M:19,T:9,F:3
94	I	T	34	1	4.771e-05	0.0005555	I>T:34,I>V:13,I>M:6,I>L:3,T>M:2,M>T:2,V>I:2,T>I:1,I>A:1,V>A:1	I:174,T:45,V:17,M:17,L:5,A:2
403	T	A	34	10	4.771e-05	0.0005555	T>A:34,T>I:20,A>T:10,T>S:10,T>L:5,I>T:4,T>M:4,T>V:3,I>M:2,M>L:2,A>G:2,M>I:1,A>M:1,A>S:1,I>A:1	T:117,A:60,I:38,L:21,S:11,M:8,V:3,G:2
423	T	P	30	2	4.771e-05	0.0005555	T>P:30,T>A:20,T>V:18,T>M:10,T>I:7,T>S:4,S>P:2,P>T:2,V>S:1,V>I:1,V>A:1,T>N:1,P>Q:1,P>A:1,I>T:1,P>I:1,T>Q:1,T>H:1	T:120,P:55,V:25,A:22,M:14,I:11,S:9,Q:2,N:1,H:1
195	T	S	27	0	4.771e-05	0.0005555	T>S:27,T>A:9,T>P:5	T:177,S:69,A:9,P:5
176	F	L	24	16	4.771e-05	0.0005555	F>L:24,L>F:16,L>M:3,L>I:3,F>Y:3,M>L:1,M>I:1	L:182,F:61,M:8,I:6,Y:3
417	M	T	24	1	4.771e-05	0.0005555	M>T:24,M>I:18,L>T:3,L>Q:2,M>V:2,M>L:2,L>S:1,T>M:1,L>M:1	L:137,M:57,T:38,I:21,Q:3,V:2,S:2
27	T	I	23	8	4.771e-05	0.0005555	T>I:23,I>T:8,I>V:6,T>V:5,T>A:3,T>S:2,I>L:2,I>M:1,T>M:1,T>L:1	T:170,I:68,V:11,A:3,L:3,S:2,M:2,P:1
168	H	Q	23	0	4.771e-05	0.0005555	H>Q:23,H>N:6,H>Y:4,H>D:1	H:196,Q:39,Y:13,N:11,D:1
6	L	I	23	6	4.771e-05	0.0005555	L>I:23,I>M:9,I>V:8,I>L:6,I>A:6,I>T:2,I>F:1,L>F:1	I:128,L:102,M:11,V:9,A:6,F:2,T:2
200	S	G	22	2	4.771e-05	0.0005555	S>G:22,S>N:12,S>T:11,S>A:4,G>S:2,S>E:1,A>T:1,N>D:1	S:167,G:46,N:23,T:17,A:4,D:1,E:1,W:1
389	A	S	21	0	4.771e-05	0.0005555	A>S:21,A>T:21,S>T:1,T>S:1	A:192,S:34,T:34
259	S	L	21	6	4.771e-05	0.0005555	S>L:21,S>P:17,S>T:7,L>S:6,L>T:2,T>N:1,C>Y:1,S>C:1,M>T:1,S>M:1,P>Q:1,N>S:1,N>T:1,N>I:1,S>N:1,S>Q:1,T>V:1,S>H:1	S:128,L:59,T:31,P:20,N:8,M:4,V:4,Q:2,H:1,Y:1,C:1,I:1
323	S	A	20	3	4.771e-05	0.0005555	S>A:20,A>S:3	S:221,A:39
396	L	F	19	16	4.771e-05	0.0005555	L>F:19,F>L:16,P>F:8,L>P:8,P>L:6,L>I:6,F>P:2,L>M:2,F>Y:1,L>T:1,F>I:1,L>V:1	L:111,F:86,P:49,I:8,Y:2,M:2,T:1,V:1
22	H	Y	19	6	4.771e-05	0.0005555	F>L:19,H>Y:19,F>S:7,Y>H:6,F>Y:5,F>H:4,H>F:4,Y>F:3,S>T:1,S>F:1,L>S:1,L>H:1,F>N:1,H>N:1	H:100,F:79,Y:38,L:27,S:11,N:3,T:2
423	T	V	18	0	4.771e-05	0.0005555	T>P:30,T>A:20,T>V:18,T>M:10,T>I:7,T>S:4,S>P:2,P>T:2,V>S:1,V>I:1,V>A:1,T>N:1,P>Q:1,P>A:1,I>T:1,P>I:1,T>Q:1,T>H:1	T:120,P:55,V:25,A:22,M:14,I:11,S:9,Q:2,N:1,H:1
185	T	P	18	1	4.771e-05	0.0005555	T>P:18,T>S:15,T>A:14,T>M:7,T>L:5,S>P:4,S>L:3,P>S:3,T>V:3,S>T:2,S>N:2,P>L:2,T>I:2,P>H:2,L>F:1,T>E:1,P>T:1,A>V:1,T>N:1,S>M:1	T:135,S:39,P:31,A:14,L:10,M:9,N:9,V:6,I:3,H:2,E:1,F:1
417	M	I	18	0	4.771e-05	0.0005555	M>T:24,M>I:18,L>T:3,L>Q:2,M>V:2,M>L:2,L>S:1,T>M:1,L>M:1	L:137,M:57,T:38,I:21,Q:3,V:2,S:2
259	S	P	17	0	4.771e-05	0.0005555	S>L:21,S>P:17,S>T:7,L>S:6,L>T:2,T>N:1,C>Y:1,S>C:1,M>T:1,S>M:1,P>Q:1,N>S:1,N>T:1,N>I:1,S>N:1,S>Q:1,T>V:1,S>H:1	S:128,L:59,T:31,P:20,N:8,M:4,V:4,Q:2,H:1,Y:1,C:1,I:1
144	N	S	17	7	4.771e-05	0.0005555	N>S:17,S>N:7,S>T:5,N>T:2,N>D:1,N>K:1,N>G:1	S:152,N:94,T:10,G:2,D:1,K:1
454	L	F	16	9	4.771e-05	0.0005555	L>F:16,F>L:9,L>M:3,L>T:2,L>A:2,M>T:1,F>S:1,F>T:1	L:208,F:39,T:6,A:3,M:3,S:1
89	T	I	16	2	4.771e-05	0.0005555	T>I:16,T>A:13,T>P:12,P>L:10,L>P:9,P>T:8,T>M:7,L>M:4,L>S:4,T>N:4,T>V:3,L>T:3,T>S:3,P>Y:2,S>T:2,L>Q:2,I>T:2,P>S:2,H>N:1,H>Y:1,H>Q:1,L>H:1,P>V:1,L>I:1,L>F:1,S>Q:1,S>P:1,M>T:1,T>H:1,I>A:1,A>T:1,P>I:1,T>E:1,P>H:1	P:62,T:51,L:44,I:37,A:20,M:12,S:9,H:7,N:5,V:4,Q:4,Y:3,E:1,F:1
396	F	L	16	19	4.771e-05	0.0005555	L>F:19,F>L:16,P>F:8,L>P:8,P>L:6,L>I:6,F>P:2,L>M:2,F>Y:1,L>T:1,F>I:1,L>V:1	L:111,F:86,P:49,I:8,Y:2,M:2,T:1,V:1
255	N	D	16	3	4.771e-05	0.0005555	N>D:16,N>S:11,G>N:8,G>S:6,G>T:4,S>T:4,N>T:4,D>N:3,N>G:3,S>P:2,A>T:2,N>H:2,E>N:1,E>Q:1,G>E:1,S>G:1,A>H:1,A>G:1,G>A:1,G>D:1,N>A:1,N>Y:1,N>P:1,D>A:1	N:107,G:71,D:27,T:24,S:16,P:4,H:3,A:3,E:2,Q:2,Y:1
49	N	S	16	12	4.771e-05	0.0005555	H>Y:18,N>S:16,S>N:12,N>G:6,S>G:4,L>S:3,H>L:3,H>N:3,N>H:3,T>I:2,N>Y:2,H>R:1,L>T:1,H>Q:1,Y>H:1,H>S:1,T>S:1,N>T:1	H:69,S:63,N:55,Y:41,G:15,L:7,T:5,I:2,R:1,Q:1,M:1
387	V	M	15	1	4.771e-05	0.0005555	V>M:15,V>I:10,M>I:2,M>L:1,M>V:1	M:164,V:81,I:14,L:1
57	S	A	15	0	4.771e-05	0.0005555	S>A:15,G>S:13,G>A:3,S>N:2,S>T:2,G>N:1,G>C:1,S>Y:1,S>H:1,S>F:1	G:124,S:108,A:19,N:3,T:2,Y:1,F:1,H:1,C:1
102	A	V	15	1	4.771e-05	0.0005555	A>V:15,I>V:11,T>A:4,V>I:3,V>T:3,T>V:2,I>T:1,T>S:1,V>A:1,A>T:1	A:92,I:76,V:69,T:21,S:1,L:1
196	N	S	14	4	4.771e-05	0.0005555	N>S:14,G>N:13,G>S:13,N>G:10,N>T:7,N>D:7,S>G:5,S>N:4,G>D:3,S>T:2,N>H:2,N>Y:2,D>G:1,Y>H:1,Y>F:1,T>A:1,T>S:1,G>E:1,G>Y:1	G:133,N:52,S:37,D:15,T:15,H:3,Y:2,A:1,E:1,F:1
105	F	S	14	0	4.771e-05	0.0005555	F>L:15,F>S:14,F>C:2,F>A:1	F:197,L:33,S:26,A:2,C:2
51	G	S	14	3	4.771e-05	0.0005555	G>S:14,N>T:9,N>Y:5,N>H:5,N>S:5,G>T:4,G>N:4,S>G:3,S>T:3,H>F:2,N>D:2,N>A:2,T>A:2,S>Y:2,H>Y:1,H>C:1,Y>F:1,S>A:1,N>I:1,G>Y:1,T>F:1,S>N:1,G>D:1,N>G:1	N:106,G:59,T:29,S:27,F:12,Y:9,H:8,A:5,D:3,C:1,I:1
196	G	N	13	10	4.771e-05	0.0005555	N>S:14,G>N:13,G>S:13,N>G:10,N>T:7,N>D:7,S>G:5,S>N:4,G>D:3,S>T:2,N>H:2,N>Y:2,D>G:1,Y>H:1,Y>F:1,T>A:1,T>S:1,G>E:1,G>Y:1	G:133,N:52,S:37,D:15,T:15,H:3,Y:2,A:1,E:1,F:1
183	H	P	13	0	4.771e-05	0.0005555	H>P:13,H>Y:5,H>N:4,H>Q:4,H>R:3,P>S:1,H>L:1,N>S:1,H>S:1,H>I:1	H:194,P:34,N:11,Y:7,Q:6,R:3,S:3,L:1,I:1
43	T	V	13	12	4.771e-05	0.0005555	T>V:13,T>A:12,V>T:12,T>L:10,T>S:5,T>I:4,V>A:3,Y>H:2,I>L:2,A>V:2,H>Y:1,N>H:1,T>N:1,T>P:1,L>T:1,L>S:1,L>Q:1,S>L:1,V>I:1	T:106,L:49,V:47,A:15,I:13,S:13,H:8,Y:5,N:2,P:1,Q:1
54	Q	P	12	1	4.771e-05	0.0005555	Q>P:12,H>P:9,H>Y:8,Q>H:6,P>L:4,P>F:4,Q>N:2,P>S:2,P>H:2,Q>E:2,P>T:1,Q>V:1,N>T:1,N>D:1,N>H:1,Q>Y:1,P>Q:1,P>Y:1,L>F:1,H>S:1,H>Q:1,Y>F:1,H>F:1,H>N:1	Q:98,P:89,H:33,Y:10,F:8,L:7,N:6,S:3,T:2,E:2,D:1,V:1
171	I	M	12	0	4.771e-05	0.0005555	T>I:17,I>T:12,I>M:12,T>M:4,T>A:4,I>V:4,T>V:1,T>N:1,T>S:1,I>L:1	I:128,T:102,M:16,V:5,A:4,N:2,L:1,S:1,K:1
182	S	H	12	1	4.771e-05	0.0005555	S>H:12,S>T:8,T>I:6,S>F:6,T>S:5,T>N:5,T>M:3,T>V:3,S>Y:3,L>S:3,S>L:3,T>A:2,S>A:2,M>Q:1,M>L:1,M>T:1,T>H:1,S>N:1,S>Q:1,H>Y:1,H>S:1,L>I:1	S:98,T:86,H:16,L:13,M:11,N:9,I:7,F:6,A:4,Y:4,V:3,Q:3
43	V	T	12	13	4.771e-05	0.0005555	T>V:13,T>A:12,V>T:12,T>L:10,T>S:5,T>I:4,V>A:3,Y>H:2,I>L:2,A>V:2,H>Y:1,N>H:1,T>N:1,T>P:1,L>T:1,L>S:1,L>Q:1,S>L:1,V>I:1	T:106,L:49,V:47,A:15,I:13,S:13,H:8,Y:5,N:2,P:1,Q:1
89	T	P	12	8	4.771e-05	0.0005555	T>I:16,T>A:13,T>P:12,P>L:10,L>P:9,P>T:8,T>M:7,L>M:4,L>S:4,T>N:4,T>V:3,L>T:3,T>S:3,P>Y:2,S>T:2,L>Q:2,I>T:2,P>S:2,H>N:1,H>Y:1,H>Q:1,L>H:1,P>V:1,L>I:1,L>F:1,S>Q:1,S>P:1,M>T:1,T>H:1,I>A:1,A>T:1,P>I:1,T>E:1,P>H:1	P:62,T:51,L:44,I:37,A:20,M:12,S:9,H:7,N:5,V:4,Q:4,Y:3,E:1,F:1
49	S	N	12	16	4.771e-05	0.0005555	H>Y:18,N>S:16,S>N:12,N>G:6,S>G:4,L>S:3,H>L:3,H>N:3,N>H:3,T>I:2,N>Y:2,H>R:1,L>T:1,H>Q:1,Y>H:1,H>S:1,T>S:1,N>T:1	H:69,S:63,N:55,Y:41,G:15,L:7,T:5,I:2,R:1,Q:1,M:1
9	I	A	11	0	4.771e-05	0.0005555	I>A:11,I>M:11,I>L:9,I>T:8,I>V:7,A>T:5,I>F:3,V>I:1,M>V:1,A>S:1,T>M:1,T>I:1	I:174,A:29,T:17,M:16,L:12,V:8,F:3,S:1
395	S	P	11	0	4.771e-05	0.0005555	S>P:11,T>A:9,S>A:8,T>S:7,S>T:6,T>M:5,T>I:5,T>N:4,T>P:3,S>N:3,S>F:2,P>N:2,F>L:1,S>Y:1,T>V:1,N>Y:1,A>S:1	S:103,P:47,A:45,T:34,N:12,I:6,M:5,Y:3,F:2,V:1,L:1,D:1
191	T	P	11	0	4.771e-05	0.0005555	T>S:13,S>T:11,T>P:11,T>N:9,T>A:8,S>N:6,T>L:3,S>P:2,T>M:2,T>I:2,S>L:2,N>S:1,N>G:1,N>T:1,T>F:1,P>S:1,S>D:1	T:119,N:63,S:33,P:22,A:8,L:6,I:2,M:2,F:2,D:1,-:1,G:1
20	Q	P	11	2	4.771e-05	0.0005555	Q>P:11,C>R:6,Q>K:5,P>L:5,P>T:5,R>H:5,C>H:5,C>S:4,H>C:4,P>A:3,C>Y:3,H>P:3,H>R:3,S>P:3,A>T:2,P>Q:2,R>S:2,C>P:2,H>Q:2,H>S:2,H>N:2,P>S:2,T>L:2,K>Q:1,T>I:1,T>S:1,K>T:1,K>P:1,Q>T:1,Q>A:1,Q>R:1,T>A:1,T>M:1,R>C:1,R>Q:1,C>L:1,Y>Q:1,H>L:1,H>I:1,C>G:1,P>H:1,P>I:1,P>M:1,S>T:1	P:62,Q:41,C:30,R:22,H:19,S:18,K:16,T:16,L:13,A:10,I:4,N:3,Y:3,M:2,G:1
177	T	P	11	1	4.771e-05	0.0005555	T>P:11,T>M:10,T>A:7,T>I:4,M>T:1,M>L:1,I>T:1,T>L:1,P>T:1	P:168,T:58,M:15,A:7,I:7,L:5
37	I	A	11	1	4.771e-05	0.0005555	I>V:22,I>L:11,L>I:11,I>A:11,V>I:6,I>M:5,V>A:4,M>I:2,L>A:2,V>L:1,L>M:1,L>S:1,I>T:1,A>I:1	I:109,L:85,V:36,A:20,M:7,T:2,S:1
196	N	G	10	13	4.771e-05	0.0005555	N>S:14,G>N:13,G>S:13,N>G:10,N>T:7,N>D:7,S>G:5,S>N:4,G>D:3,S>T:2,N>H:2,N>Y:2,D>G:1,Y>H:1,Y>F:1,T>A:1,T>S:1,G>E:1,G>Y:1	G:133,N:52,S:37,D:15,T:15,H:3,Y:2,A:1,E:1,F:1
89	P	L	10	9	4.771e-05	0.0005555	T>I:16,T>A:13,T>P:12,P>L:10,L>P:9,P>T:8,T>M:7,L>M:4,L>S:4,T>N:4,T>V:3,L>T:3,T>S:3,P>Y:2,S>T:2,L>Q:2,I>T:2,P>S:2,H>N:1,H>Y:1,H>Q:1,L>H:1,P>V:1,L>I:1,L>F:1,S>Q:1,S>P:1,M>T:1,T>H:1,I>A:1,A>T:1,P>I:1,T>E:1,P>H:1	P:62,T:51,L:44,I:37,A:20,M:12,S:9,H:7,N:5,V:4,Q:4,Y:3,E:1,F:1
54	H	P	9	2	4.771e-05	0.0005555	Q>P:12,H>P:9,H>Y:8,Q>H:6,P>L:4,P>F:4,Q>N:2,P>S:2,P>H:2,Q>E:2,P>T:1,Q>V:1,N>T:1,N>D:1,N>H:1,Q>Y:1,P>Q:1,P>Y:1,L>F:1,H>S:1,H>Q:1,Y>F:1,H>F:1,H>N:1	Q:98,P:89,H:33,Y:10,F:8,L:7,N:6,S:3,T:2,E:2,D:1,V:1
89	L	P	9	10	4.771e-05	0.0005555	T>I:16,T>A:13,T>P:12,P>L:10,L>P:9,P>T:8,T>M:7,L>M:4,L>S:4,T>N:4,T>V:3,L>T:3,T>S:3,P>Y:2,S>T:2,L>Q:2,I>T:2,P>S:2,H>N:1,H>Y:1,H>Q:1,L>H:1,P>V:1,L>I:1,L>F:1,S>Q:1,S>P:1,M>T:1,T>H:1,I>A:1,A>T:1,P>I:1,T>E:1,P>H:1	P:62,T:51,L:44,I:37,A:20,M:12,S:9,H:7,N:5,V:4,Q:4,Y:3,E:1,F:1
191	T	N	9	1	4.771e-05	0.0005555	T>S:13,S>T:11,T>P:11,T>N:9,T>A:8,S>N:6,T>L:3,S>P:2,T>M:2,T>I:2,S>L:2,N>S:1,N>G:1,N>T:1,T>F:1,P>S:1,S>D:1	T:119,N:63,S:33,P:22,A:8,L:6,I:2,M:2,F:2,D:1,-:1,G:1
101	L	M	9	0	4.771e-05	0.0005555	T>M:17,L>M:9,T>A:6,T>I:5,T>L:5,L>S:5,L>T:5,L>F:3,T>S:2,L>A:2,L>I:2,M>V:1,I>T:1,S>A:1,A>V:1,A>S:1,A>T:1,A>L:1,L>V:1	L:111,T:79,M:30,I:14,A:12,S:8,V:3,F:3
450	I	A	9	0	4.771e-05	0.0005555	I>A:9,I>L:6,L>I:5,I>M:5,I>V:5,L>F:4,M>A:4,M>L:4,L>M:2,I>G:2,I>T:2,M>I:2,M>F:2,I>F:2,F>A:1,A>G:1	L:137,I:61,M:19,F:17,A:15,V:5,G:4,T:2
396	P	F	8	2	4.771e-05	0.0005555	L>F:19,F>L:16,P>F:8,L>P:8,P>L:6,L>I:6,F>P:2,L>M:2,F>Y:1,L>T:1,F>I:1,L>V:1	L:111,F:86,P:49,I:8,Y:2,M:2,T:1,V:1
186	L	P	8	1	4.771e-05	0.0005555	M>V:9,L>P:8,M>T:7,L>M:5,L>S:5,L>T:5,M>L:4,V>M:2,L>F:1,P>L:1,P>S:1,L>Y:1,L>I:1,L>H:1,M>S:1,M>I:1,A>S:1,A>I:1,M>A:1,I>A:1,T>I:1,T>A:1,M>P:1,V>T:1,L>V:1	L:143,M:41,T:19,P:19,V:15,S:11,I:5,A:3,H:2,F:1,Y:1
89	P	T	8	12	4.771e-05	0.0005555	T>I:16,T>A:13,T>P:12,P>L:10,L>P:9,P>T:8,T>M:7,L>M:4,L>S:4,T>N:4,T>V:3,L>T:3,T>S:3,P>Y:2,S>T:2,L>Q:2,I>T:2,P>S:2,H>N:1,H>Y:1,H>Q:1,L>H:1,P>V:1,L>I:1,L>F:1,S>Q:1,S>P:1,M>T:1,T>H:1,I>A:1,A>T:1,P>I:1,T>E:1,P>H:1	P:62,T:51,L:44,I:37,A:20,M:12,S:9,H:7,N:5,V:4,Q:4,Y:3,E:1,F:1
396	L	P	8	6	4.771e-05	0.0005555	L>F:19,F>L:16,P>F:8,L>P:8,P>L:6,L>I:6,F>P:2,L>M:2,F>Y:1,L>T:1,F>I:1,L>V:1	L:111,F:86,P:49,I:8,Y:2,M:2,T:1,V:1
255	G	N	8	3	4.771e-05	0.0005555	N>D:16,N>S:11,G>N:8,G>S:6,G>T:4,S>T:4,N>T:4,D>N:3,N>G:3,S>P:2,A>T:2,N>H:2,E>N:1,E>Q:1,G>E:1,S>G:1,A>H:1,A>G:1,G>A:1,G>D:1,N>A:1,N>Y:1,N>P:1,D>A:1	N:107,G:71,D:27,T:24,S:16,P:4,H:3,A:3,E:2,Q:2,Y:1
464	S	L	8	5	4.771e-05	0.0005555	S>L:8,M>V:6,L>S:5,S>T:5,M>T:5,M>A:3,L>M:2,T>A:2,S>A:1,S>W:1,M>S:1,S>M:1	M:98,S:56,-:39,L:37,T:12,A:6,V:6,Q:4,W:2
196	N	T	7	0	4.771e-05	0.0005555	N>S:14,G>N:13,G>S:13,N>G:10,N>T:7,N>D:7,S>G:5,S>N:4,G>D:3,S>T:2,N>H:2,N>Y:2,D>G:1,Y>H:1,Y>F:1,T>A:1,T>S:1,G>E:1,G>Y:1	G:133,N:52,S:37,D:15,T:15,H:3,Y:2,A:1,E:1,F:1
426	T	P	7	1	4.771e-05	0.0005555	T>S:14,S>P:8,T>P:7,T>A:4,T>N:3,T>I:1,T>D:1,S>N:1,N>S:1,P>T:1,P>H:1,P>S:1,S>A:1	S:130,T:95,P:22,A:5,N:5,H:1,I:1,D:1
16	F	I	7	0	4.771e-05	0.0005555	F>L:18,L>F:16,L>I:9,F>I:7,F>V:5,L>M:4,L>V:3,V>I:1,F>S:1,L>T:1	L:174,F:53,I:17,V:9,M:4,S:1,T:1,C:1
199	S	C	7	0	4.771e-05	0.0005555	S>A:11,S>L:11,S>T:8,S>C:7,S>F:1,S>M:1,S>I:1,S>Y:1,A>T:1	S:164,A:44,L:25,T:12,C:11,Y:1,I:1,F:1,M:1
90	I	A	6	1	4.771e-05	0.0005555	I>T:15,T>S:12,T>A:10,T>V:9,I>V:7,I>A:6,T>P:5,T>I:4,I>S:3,T>M:2,V>T:2,S>P:2,V>M:1,S>Q:1,V>K:1,V>I:1,V>L:1,M>V:1,P>L:1,I>M:1,V>A:1,I>N:1,T>N:1,I>P:1,A>I:1,A>V:1	T:90,I:70,S:27,V:23,A:22,P:12,N:7,M:4,Q:2,L:2,K:1
182	S	F	6	0	4.771e-05	0.0005555	S>H:12,S>T:8,T>I:6,S>F:6,T>S:5,T>N:5,T>M:3,T>V:3,S>Y:3,L>S:3,S>L:3,T>A:2,S>A:2,M>Q:1,M>L:1,M>T:1,T>H:1,S>N:1,S>Q:1,H>Y:1,H>S:1,L>I:1	S:98,T:86,H:16,L:13,M:11,N:9,I:7,F:6,A:4,Y:4,V:3,Q:3
20	C	R	6	1	4.771e-05	0.0005555	Q>P:11,C>R:6,Q>K:5,P>L:5,P>T:5,R>H:5,C>H:5,C>S:4,H>C:4,P>A:3,C>Y:3,H>P:3,H>R:3,S>P:3,A>T:2,P>Q:2,R>S:2,C>P:2,H>Q:2,H>S:2,H>N:2,P>S:2,T>L:2,K>Q:1,T>I:1,T>S:1,K>T:1,K>P:1,Q>T:1,Q>A:1,Q>R:1,T>A:1,T>M:1,R>C:1,R>Q:1,C>L:1,Y>Q:1,H>L:1,H>I:1,C>G:1,P>H:1,P>I:1,P>M:1,S>T:1	P:62,Q:41,C:30,R:22,H:19,S:18,K:16,T:16,L:13,A:10,I:4,N:3,Y:3,M:2,G:1
6	I	A	6	0	4.771e-05	0.0005555	L>I:23,I>M:9,I>V:8,I>L:6,I>A:6,I>T:2,I>F:1,L>F:1	I:128,L:102,M:11,V:9,A:6,F:2,T:2
49	N	G	6	0	4.771e-05	0.0005555	H>Y:18,N>S:16,S>N:12,N>G:6,S>G:4,L>S:3,H>L:3,H>N:3,N>H:3,T>I:2,N>Y:2,H>R:1,L>T:1,H>Q:1,Y>H:1,H>S:1,T>S:1,N>T:1	H:69,S:63,N:55,Y:41,G:15,L:7,T:5,I:2,R:1,Q:1,M:1
432	H	P	5	0	4.771e-05	0.0005555	H>P:5,Q>P:2,Y>C:1,H>Y:1,Q>H:1,P>M:1,P>L:1,Q>L:1	Q:235,P:13,H:6,L:2,M:1,C:1,Y:1,S:1
261	Y	L	5	0	4.771e-05	0.0005555	H>Y:11,Y>H:6,H>L:5,Y>L:5,H>N:4,H>Q:4,H>S:3,Y>F:3,Y>I:2,L>F:2,H>F:2,L>P:2,I>V:1,H>R:1,L>I:1,L>H:1,L>V:1,H>C:1,N>D:1,N>S:1,F>S:1,P>S:1,H>P:1,N>G:1,N>H:1	N:122,H:48,Y:34,L:22,F:8,S:7,Q:5,P:4,I:3,V:3,D:1,C:1,R:1,G:1
16	F	V	5	0	4.771e-05	0.0005555	F>L:18,L>F:16,L>I:9,F>I:7,F>V:5,L>M:4,L>V:3,V>I:1,F>S:1,L>T:1	L:174,F:53,I:17,V:9,M:4,S:1,T:1,C:1
20	C	H	5	4	4.771e-05	0.0005555	Q>P:11,C>R:6,Q>K:5,P>L:5,P>T:5,R>H:5,C>H:5,C>S:4,H>C:4,P>A:3,C>Y:3,H>P:3,H>R:3,S>P:3,A>T:2,P>Q:2,R>S:2,C>P:2,H>Q:2,H>S:2,H>N:2,P>S:2,T>L:2,K>Q:1,T>I:1,T>S:1,K>T:1,K>P:1,Q>T:1,Q>A:1,Q>R:1,T>A:1,T>M:1,R>C:1,R>Q:1,C>L:1,Y>Q:1,H>L:1,H>I:1,C>G:1,P>H:1,P>I:1,P>M:1,S>T:1	P:62,Q:41,C:30,R:22,H:19,S:18,K:16,T:16,L:13,A:10,I:4,N:3,Y:3,M:2,G:1
101	L	T	5	5	4.771e-05	0.0005555	T>M:17,L>M:9,T>A:6,T>I:5,T>L:5,L>S:5,L>T:5,L>F:3,T>S:2,L>A:2,L>I:2,M>V:1,I>T:1,S>A:1,A>V:1,A>S:1,A>T:1,A>L:1,L>V:1	L:111,T:79,M:30,I:14,A:12,S:8,V:3,F:3
89	T	N	4	0	4.771e-05	0.0005555	T>I:16,T>A:13,T>P:12,P>L:10,L>P:9,P>T:8,T>M:7,L>M:4,L>S:4,T>N:4,T>V:3,L>T:3,T>S:3,P>Y:2,S>T:2,L>Q:2,I>T:2,P>S:2,H>N:1,H>Y:1,H>Q:1,L>H:1,P>V:1,L>I:1,L>F:1,S>Q:1,S>P:1,M>T:1,T>H:1,I>A:1,A>T:1,P>I:1,T>E:1,P>H:1	P:62,T:51,L:44,I:37,A:20,M:12,S:9,H:7,N:5,V:4,Q:4,Y:3,E:1,F:1
192	S	H	4	0	4.771e-05	0.0005555	S>T:15,N>T:14,T>S:8,N>S:8,N>D:7,N>H:5,T>A:5,T>N:5,S>N:5,S>H:4,S>A:3,S>P:3,N>Y:3,P>L:2,Y>N:2,L>F:1,H>L:1,P>T:1,H>P:1,H>Y:1,T>V:1,N>P:1,K>E:1,N>K:1,S>E:1,P>Q:1,A>T:1,T>D:1,T>M:1,T>H:1,N>A:1,Y>H:1,Y>L:1,N>L:1,Q>L:1,Q>P:1,N>Q:1	N:91,T:72,S:34,H:14,A:10,L:9,P:8,D:8,Y:6,E:2,Q:2,K:1,F:1,V:1,M:1
51	G	T	4	0	4.771e-05	0.0005555	G>S:14,N>T:9,N>Y:5,N>H:5,N>S:5,G>T:4,G>N:4,S>G:3,S>T:3,H>F:2,N>D:2,N>A:2,T>A:2,S>Y:2,H>Y:1,H>C:1,Y>F:1,S>A:1,N>I:1,G>Y:1,T>F:1,S>N:1,G>D:1,N>G:1	N:106,G:59,T:29,S:27,F:12,Y:9,H:8,A:5,D:3,C:1,I:1
54	P	F	4	0	4.771e-05	0.0005555	Q>P:12,H>P:9,H>Y:8,Q>H:6,P>L:4,P>F:4,Q>N:2,P>S:2,P>H:2,Q>E:2,P>T:1,Q>V:1,N>T:1,N>D:1,N>H:1,Q>Y:1,P>Q:1,P>Y:1,L>F:1,H>S:1,H>Q:1,Y>F:1,H>F:1,H>N:1	Q:98,P:89,H:33,Y:10,F:8,L:7,N:6,S:3,T:2,E:2,D:1,V:1
22	H	F	4	4	4.771e-05	0.0005555	F>L:19,H>Y:19,F>S:7,Y>H:6,F>Y:5,F>H:4,H>F:4,Y>F:3,S>T:1,S>F:1,L>S:1,L>H:1,F>N:1,H>N:1	H:100,F:79,Y:38,L:27,S:11,N:3,T:2
90	I	S	3	0	4.771e-05	0.0005555	I>T:15,T>S:12,T>A:10,T>V:9,I>V:7,I>A:6,T>P:5,T>I:4,I>S:3,T>M:2,V>T:2,S>P:2,V>M:1,S>Q:1,V>K:1,V>I:1,V>L:1,M>V:1,P>L:1,I>M:1,V>A:1,I>N:1,T>N:1,I>P:1,A>I:1,A>V:1	T:90,I:70,S:27,V:23,A:22,P:12,N:7,M:4,Q:2,L:2,K:1
396	F	P	2	8	4.771e-05	0.0005555	L>F:19,F>L:16,P>F:8,L>P:8,P>L:6,L>I:6,F>P:2,L>M:2,F>Y:1,L>T:1,F>I:1,L>V:1	L:111,F:86,P:49,I:8,Y:2,M:2,T:1,V:1
89	P	Y	2	0	4.771e-05	0.0005555	T>I:16,T>A:13,T>P:12,P>L:10,L>P:9,P>T:8,T>M:7,L>M:4,L>S:4,T>N:4,T>V:3,L>T:3,T>S:3,P>Y:2,S>T:2,L>Q:2,I>T:2,P>S:2,H>N:1,H>Y:1,H>Q:1,L>H:1,P>V:1,L>I:1,L>F:1,S>Q:1,S>P:1,M>T:1,T>H:1,I>A:1,A>T:1,P>I:1,T>E:1,P>H:1	P:62,T:51,L:44,I:37,A:20,M:12,S:9,H:7,N:5,V:4,Q:4,Y:3,E:1,F:1
395	P	N	2	0	4.771e-05	0.0005555	S>P:11,T>A:9,S>A:8,T>S:7,S>T:6,T>M:5,T>I:5,T>N:4,T>P:3,S>N:3,S>F:2,P>N:2,F>L:1,S>Y:1,T>V:1,N>Y:1,A>S:1	S:103,P:47,A:45,T:34,N:12,I:6,M:5,Y:3,F:2,V:1,L:1,D:1
450	I	G	2	0	4.771e-05	0.0005555	I>A:9,I>L:6,L>I:5,I>M:5,I>V:5,L>F:4,M>A:4,M>L:4,L>M:2,I>G:2,I>T:2,M>I:2,M>F:2,I>F:2,F>A:1,A>G:1	L:137,I:61,M:19,F:17,A:15,V:5,G:4,T:2
20	C	P	2	0	4.771e-05	0.0005555	Q>P:11,C>R:6,Q>K:5,P>L:5,P>T:5,R>H:5,C>H:5,C>S:4,H>C:4,P>A:3,C>Y:3,H>P:3,H>R:3,S>P:3,A>T:2,P>Q:2,R>S:2,C>P:2,H>Q:2,H>S:2,H>N:2,P>S:2,T>L:2,K>Q:1,T>I:1,T>S:1,K>T:1,K>P:1,Q>T:1,Q>A:1,Q>R:1,T>A:1,T>M:1,R>C:1,R>Q:1,C>L:1,Y>Q:1,H>L:1,H>I:1,C>G:1,P>H:1,P>I:1,P>M:1,S>T:1	P:62,Q:41,C:30,R:22,H:19,S:18,K:16,T:16,L:13,A:10,I:4,N:3,Y:3,M:2,G:1
15	T	A	26	37	9.542e-05	0.0009090	A>T:37,T>A:26,T>V:2,A>V:1	T:129,A:128,V:3
16	L	F	16	18	9.542e-05	0.0009090	F>L:18,L>F:16,L>I:9,F>I:7,F>V:5,L>M:4,L>V:3,V>I:1,F>S:1,L>T:1	L:174,F:53,I:17,V:9,M:4,S:1,T:1,C:1
90	I	T	15	4	9.542e-05	0.0009090	I>T:15,T>S:12,T>A:10,T>V:9,I>V:7,I>A:6,T>P:5,T>I:4,I>S:3,T>M:2,V>T:2,S>P:2,V>M:1,S>Q:1,V>K:1,V>I:1,V>L:1,M>V:1,P>L:1,I>M:1,V>A:1,I>N:1,T>N:1,I>P:1,A>I:1,A>V:1	T:90,I:70,S:27,V:23,A:22,P:12,N:7,M:4,Q:2,L:2,K:1
107	L	I	12	15	9.542e-05	0.0009090	I>L:15,L>I:12,I>V:4,I>M:3	L:160,I:92,M:4,V:4
198	M	V	11	1	9.542e-05	0.0009090	M>V:11,M>L:9,M>I:8,L>M:7,M>A:5,L>I:4,I>A:4,V>A:3,L>F:2,A>V:2,L>S:1,A>T:1,A>I:1,A>F:1,I>V:1,V>M:1,V>L:1,M>F:1	L:134,M:50,I:31,A:23,V:16,F:4,T:1,S:1
37	L	I	11	11	9.542e-05	0.0009090	I>V:22,I>L:11,L>I:11,I>A:11,V>I:6,I>M:5,V>A:4,M>I:2,L>A:2,V>L:1,L>M:1,L>S:1,I>T:1,A>I:1	I:109,L:85,V:36,A:20,M:7,T:2,S:1
43	T	L	10	1	9.542e-05	0.0009090	T>V:13,T>A:12,V>T:12,T>L:10,T>S:5,T>I:4,V>A:3,Y>H:2,I>L:2,A>V:2,H>Y:1,N>H:1,T>N:1,T>P:1,L>T:1,L>S:1,L>Q:1,S>L:1,V>I:1	T:106,L:49,V:47,A:15,I:13,S:13,H:8,Y:5,N:2,P:1,Q:1
177	T	M	10	1	9.542e-05	0.0009090	T>P:11,T>M:10,T>A:7,T>I:4,M>T:1,M>L:1,I>T:1,T>L:1,P>T:1	P:168,T:58,M:15,A:7,I:7,L:5
197	L	T	9	0	9.542e-05	0.0009090	L>I:12,L>T:9,L>M:7,L>F:3,I>M:2,I>V:2,L>P:2,L>V:2,T>I:1,T>M:1,I>T:1,L>Y:1,I>L:1	L:196,I:24,T:17,M:12,V:4,F:3,P:3,Y:1
29	T	L	9	1	9.542e-05	0.0009090	T>A:30,T>M:14,T>L:9,T>S:6,A>T:6,L>M:3,S>L:3,L>F:3,S>A:2,S>F:2,T>F:1,A>M:1,S>M:1,T>I:1,M>T:1,M>A:1,L>T:1,T>G:1,L>I:1,S>T:1	T:113,L:47,A:43,M:29,S:17,F:7,I:3,G:1
259	L	S	6	21	9.542e-05	0.0009090	S>L:21,S>P:17,S>T:7,L>S:6,L>T:2,T>N:1,C>Y:1,S>C:1,M>T:1,S>M:1,P>Q:1,N>S:1,N>T:1,N>I:1,S>N:1,S>Q:1,T>V:1,S>H:1	S:128,L:59,T:31,P:20,N:8,M:4,V:4,Q:2,H:1,Y:1,C:1,I:1
101	L	S	5	0	9.542e-05	0.0009090	T>M:17,L>M:9,T>A:6,T>I:5,T>L:5,L>S:5,L>T:5,L>F:3,T>S:2,L>A:2,L>I:2,M>V:1,I>T:1,S>A:1,A>V:1,A>S:1,A>T:1,A>L:1,L>V:1	L:111,T:79,M:30,I:14,A:12,S:8,V:3,F:3
113	L	S	5	1	9.542e-05	0.0009090	L>S:5,T>S:3,T>M:2,T>I:1,L>M:1,L>T:1,S>L:1	T:122,S:121,L:13,M:3,I:1
22	F	H	4	4	9.542e-05	0.0009090	F>L:19,H>Y:19,F>S:7,Y>H:6,F>Y:5,F>H:4,H>F:4,Y>F:3,S>T:1,S>F:1,L>S:1,L>H:1,F>N:1,H>N:1	H:100,F:79,Y:38,L:27,S:11,N:3,T:2
51	G	N	4	1	9.542e-05	0.0009090	G>S:14,N>T:9,N>Y:5,N>H:5,N>S:5,G>T:4,G>N:4,S>G:3,S>T:3,H>F:2,N>D:2,N>A:2,T>A:2,S>Y:2,H>Y:1,H>C:1,Y>F:1,S>A:1,N>I:1,G>Y:1,T>F:1,S>N:1,G>D:1,N>G:1	N:106,G:59,T:29,S:27,F:12,Y:9,H:8,A:5,D:3,C:1,I:1
20	C	S	4	0	9.542e-05	0.0009090	Q>P:11,C>R:6,Q>K:5,P>L:5,P>T:5,R>H:5,C>H:5,C>S:4,H>C:4,P>A:3,C>Y:3,H>P:3,H>R:3,S>P:3,A>T:2,P>Q:2,R>S:2,C>P:2,H>Q:2,H>S:2,H>N:2,P>S:2,T>L:2,K>Q:1,T>I:1,T>S:1,K>T:1,K>P:1,Q>T:1,Q>A:1,Q>R:1,T>A:1,T>M:1,R>C:1,R>Q:1,C>L:1,Y>Q:1,H>L:1,H>I:1,C>G:1,P>H:1,P>I:1,P>M:1,S>T:1	P:62,Q:41,C:30,R:22,H:19,S:18,K:16,T:16,L:13,A:10,I:4,N:3,Y:3,M:2,G:1
20	H	C	4	5	9.542e-05	0.0009090	Q>P:11,C>R:6,Q>K:5,P>L:5,P>T:5,R>H:5,C>H:5,C>S:4,H>C:4,P>A:3,C>Y:3,H>P:3,H>R:3,S>P:3,A>T:2,P>Q:2,R>S:2,C>P:2,H>Q:2,H>S:2,H>N:2,P>S:2,T>L:2,K>Q:1,T>I:1,T>S:1,K>T:1,K>P:1,Q>T:1,Q>A:1,Q>R:1,T>A:1,T>M:1,R>C:1,R>Q:1,C>L:1,Y>Q:1,H>L:1,H>I:1,C>G:1,P>H:1,P>I:1,P>M:1,S>T:1	P:62,Q:41,C:30,R:22,H:19,S:18,K:16,T:16,L:13,A:10,I:4,N:3,Y:3,M:2,G:1
20	P	A	3	0	9.542e-05	0.0009090	Q>P:11,C>R:6,Q>K:5,P>L:5,P>T:5,R>H:5,C>H:5,C>S:4,H>C:4,P>A:3,C>Y:3,H>P:3,H>R:3,S>P:3,A>T:2,P>Q:2,R>S:2,C>P:2,H>Q:2,H>S:2,H>N:2,P>S:2,T>L:2,K>Q:1,T>I:1,T>S:1,K>T:1,K>P:1,Q>T:1,Q>A:1,Q>R:1,T>A:1,T>M:1,R>C:1,R>Q:1,C>L:1,Y>Q:1,H>L:1,H>I:1,C>G:1,P>H:1,P>I:1,P>M:1,S>T:1	P:62,Q:41,C:30,R:22,H:19,S:18,K:16,T:16,L:13,A:10,I:4,N:3,Y:3,M:2,G:1
182	S	Y	3	0	9.542e-05	0.0009090	S>H:12,S>T:8,T>I:6,S>F:6,T>S:5,T>N:5,T>M:3,T>V:3,S>Y:3,L>S:3,S>L:3,T>A:2,S>A:2,M>Q:1,M>L:1,M>T:1,T>H:1,S>N:1,S>Q:1,H>Y:1,H>S:1,L>I:1	S:98,T:86,H:16,L:13,M:11,N:9,I:7,F:6,A:4,Y:4,V:3,Q:3
101	L	A	2	1	9.542e-05	0.0009090	T>M:17,L>M:9,T>A:6,T>I:5,T>L:5,L>S:5,L>T:5,L>F:3,T>S:2,L>A:2,L>I:2,M>V:1,I>T:1,S>A:1,A>V:1,A>S:1,A>T:1,A>L:1,L>V:1	L:111,T:79,M:30,I:14,A:12,S:8,V:3,F:3
16	F	L	18	16	1.431e-04	0.0012195	F>L:18,L>F:16,L>I:9,F>I:7,F>V:5,L>M:4,L>V:3,V>I:1,F>S:1,L>T:1	L:174,F:53,I:17,V:9,M:4,S:1,T:1,C:1
192	N	T	14	5	1.431e-04	0.0012195	S>T:15,N>T:14,T>S:8,N>S:8,N>D:7,N>H:5,T>A:5,T>N:5,S>N:5,S>H:4,S>A:3,S>P:3,N>Y:3,P>L:2,Y>N:2,L>F:1,H>L:1,P>T:1,H>P:1,H>Y:1,T>V:1,N>P:1,K>E:1,N>K:1,S>E:1,P>Q:1,A>T:1,T>D:1,T>M:1,T>H:1,N>A:1,Y>H:1,Y>L:1,N>L:1,Q>L:1,Q>P:1,N>Q:1	N:91,T:72,S:34,H:14,A:10,L:9,P:8,D:8,Y:6,E:2,Q:2,K:1,F:1,V:1,M:1
199	S	L	11	0	1.431e-04	0.0012195	S>A:11,S>L:11,S>T:8,S>C:7,S>F:1,S>M:1,S>I:1,S>Y:1,A>T:1	S:164,A:44,L:25,T:12,C:11,Y:1,I:1,F:1,M:1
99	M	V	11	2	1.431e-04	0.0012195	M>V:11,M>L:11,M>I:7,L>M:5,V>I:5,L>I:2,V>L:2,V>M:2,M>T:2,L>V:1,I>L:1,I>V:1	L:149,M:50,V:32,I:27,T:2
180	K	E	10	2	1.431e-04	0.0012195	K>E:10,K>N:5,E>K:2,E>G:2,K>Q:2,N>K:2,E>Q:1,N>S:1,N>D:1,G>E:1,N>G:1,K>T:1	K:197,E:36,N:14,G:6,Q:4,D:1,S:1,T:1
314	F	I	9	0	1.431e-04	0.0012195	F>I:9,F>L:6,F>Y:3	F:239,I:10,L:7,Y:3,P:1
424	L	P	7	2	1.431e-04	0.0012195	L>I:14,L>P:7,L>T:5,L>M:3,P>S:2,P>L:2,L>S:2,T>P:2,T>I:2,T>M:2,I>T:1,M>T:1,M>I:1,M>L:1,L>V:1,T>S:1,T>L:1	L:181,I:26,T:21,P:20,M:6,S:5,V:1
258	S	P	6	0	1.431e-04	0.0012195	L>I:9,L>M:8,S>T:8,L>S:6,S>P:6,S>A:5,L>T:4,S>L:4,L>V:3,T>A:3,L>F:2,I>T:2,T>S:2,M>V:1,V>T:1,S>Y:1,L>P:1,S>Q:1,S>M:1,S>F:1,T>V:1,P>L:1,I>L:1,M>S:1	L:102,S:80,T:28,I:13,P:10,M:9,A:8,V:5,F:3,Y:1,Q:1
192	T	N	5	14	1.431e-04	0.0012195	S>T:15,N>T:14,T>S:8,N>S:8,N>D:7,N>H:5,T>A:5,T>N:5,S>N:5,S>H:4,S>A:3,S>P:3,N>Y:3,P>L:2,Y>N:2,L>F:1,H>L:1,P>T:1,H>P:1,H>Y:1,T>V:1,N>P:1,K>E:1,N>K:1,S>E:1,P>Q:1,A>T:1,T>D:1,T>M:1,T>H:1,N>A:1,Y>H:1,Y>L:1,N>L:1,Q>L:1,Q>P:1,N>Q:1	N:91,T:72,S:34,H:14,A:10,L:9,P:8,D:8,Y:6,E:2,Q:2,K:1,F:1,V:1,M:1
198	M	A	5	0	1.431e-04	0.0012195	M>V:11,M>L:9,M>I:8,L>M:7,M>A:5,L>I:4,I>A:4,V>A:3,L>F:2,A>V:2,L>S:1,A>T:1,A>I:1,A>F:1,I>V:1,V>M:1,V>L:1,M>F:1	L:134,M:50,I:31,A:23,V:16,F:4,T:1,S:1
86	Q	T	3	0	1.431e-04	0.0012195	H>Q:13,P>S:4,Q>P:4,Q>R:4,Q>T:3,Q>K:3,H>N:2,H>P:2,Q>L:2,Q>H:2,P>L:1,S>L:1,S>P:1,E>G:1,Q>E:1,H>C:1,H>Y:1,Q>S:1,H>R:1,P>T:1	Q:137,H:83,P:10,S:6,R:5,T:5,L:4,N:3,K:3,Y:1,E:1,G:1,C:1
20	C	Y	3	0	1.431e-04	0.0012195	Q>P:11,C>R:6,Q>K:5,P>L:5,P>T:5,R>H:5,C>H:5,C>S:4,H>C:4,P>A:3,C>Y:3,H>P:3,H>R:3,S>P:3,A>T:2,P>Q:2,R>S:2,C>P:2,H>Q:2,H>S:2,H>N:2,P>S:2,T>L:2,K>Q:1,T>I:1,T>S:1,K>T:1,K>P:1,Q>T:1,Q>A:1,Q>R:1,T>A:1,T>M:1,R>C:1,R>Q:1,C>L:1,Y>Q:1,H>L:1,H>I:1,C>G:1,P>H:1,P>I:1,P>M:1,S>T:1	P:62,Q:41,C:30,R:22,H:19,S:18,K:16,T:16,L:13,A:10,I:4,N:3,Y:3,M:2,G:1
20	R	S	2	0	1.431e-04	0.0012195	Q>P:11,C>R:6,Q>K:5,P>L:5,P>T:5,R>H:5,C>H:5,C>S:4,H>C:4,P>A:3,C>Y:3,H>P:3,H>R:3,S>P:3,A>T:2,P>Q:2,R>S:2,C>P:2,H>Q:2,H>S:2,H>N:2,P>S:2,T>L:2,K>Q:1,T>I:1,T>S:1,K>T:1,K>P:1,Q>T:1,Q>A:1,Q>R:1,T>A:1,T>M:1,R>C:1,R>Q:1,C>L:1,Y>Q:1,H>L:1,H>I:1,C>G:1,P>H:1,P>I:1,P>M:1,S>T:1	P:62,Q:41,C:30,R:22,H:19,S:18,K:16,T:16,L:13,A:10,I:4,N:3,Y:3,M:2,G:1
29	T	A	30	6	1.908e-04	0.0015266	T>A:30,T>M:14,T>L:9,T>S:6,A>T:6,L>M:3,S>L:3,L>F:3,S>A:2,S>F:2,T>F:1,A>M:1,S>M:1,T>I:1,M>T:1,M>A:1,L>T:1,T>G:1,L>I:1,S>T:1	T:113,L:47,A:43,M:29,S:17,F:7,I:3,G:1
5	I	L	23	0	1.908e-04	0.0015266	I>L:23,I>M:12,I>F:2,L>M:2,M>I:2,L>F:1,I>V:1,M>L:1	I:203,L:35,M:18,F:3,V:1
306	S	G	9	1	1.908e-04	0.0015266	S>G:9,S>C:5,S>T:5,T>A:5,S>A:2,T>V:2,C>S:1,G>E:1,G>S:1,T>G:1,T>S:1,A>V:1	T:121,S:78,G:22,C:20,A:13,V:4,E:1,I:1
6	I	M	9	0	1.908e-04	0.0015266	L>I:23,I>M:9,I>V:8,I>L:6,I>A:6,I>T:2,I>F:1,L>F:1	I:128,L:102,M:11,V:9,A:6,F:2,T:2
426	S	P	8	1	1.908e-04	0.0015266	T>S:14,S>P:8,T>P:7,T>A:4,T>N:3,T>I:1,T>D:1,S>N:1,N>S:1,P>T:1,P>H:1,P>S:1,S>A:1	S:130,T:95,P:22,A:5,N:5,H:1,I:1,D:1
20	R	H	5	3	1.908e-04	0.0015266	Q>P:11,C>R:6,Q>K:5,P>L:5,P>T:5,R>H:5,C>H:5,C>S:4,H>C:4,P>A:3,C>Y:3,H>P:3,H>R:3,S>P:3,A>T:2,P>Q:2,R>S:2,C>P:2,H>Q:2,H>S:2,H>N:2,P>S:2,T>L:2,K>Q:1,T>I:1,T>S:1,K>T:1,K>P:1,Q>T:1,Q>A:1,Q>R:1,T>A:1,T>M:1,R>C:1,R>Q:1,C>L:1,Y>Q:1,H>L:1,H>I:1,C>G:1,P>H:1,P>I:1,P>M:1,S>T:1	P:62,Q:41,C:30,R:22,H:19,S:18,K:16,T:16,L:13,A:10,I:4,N:3,Y:3,M:2,G:1
429	T	K	4	0	1.908e-04	0.0015266	T>M:5,T>S:4,T>K:4,S>T:3,T>Q:1	T:241,S:8,M:5,K:4,Q:1,I:1
198	I	A	4	1	1.908e-04	0.0015266	M>V:11,M>L:9,M>I:8,L>M:7,M>A:5,L>I:4,I>A:4,V>A:3,L>F:2,A>V:2,L>S:1,A>T:1,A>I:1,A>F:1,I>V:1,V>M:1,V>L:1,M>F:1	L:134,M:50,I:31,A:23,V:16,F:4,T:1,S:1
176	L	F	16	24	2.385e-04	0.0017605	F>L:24,L>F:16,L>M:3,L>I:3,F>Y:3,M>L:1,M>I:1	L:182,F:61,M:8,I:6,Y:3
89	T	A	13	1	2.385e-04	0.0017605	T>I:16,T>A:13,T>P:12,P>L:10,L>P:9,P>T:8,T>M:7,L>M:4,L>S:4,T>N:4,T>V:3,L>T:3,T>S:3,P>Y:2,S>T:2,L>Q:2,I>T:2,P>S:2,H>N:1,H>Y:1,H>Q:1,L>H:1,P>V:1,L>I:1,L>F:1,S>Q:1,S>P:1,M>T:1,T>H:1,I>A:1,A>T:1,P>I:1,T>E:1,P>H:1	P:62,T:51,L:44,I:37,A:20,M:12,S:9,H:7,N:5,V:4,Q:4,Y:3,E:1,F:1
260	N	T	12	0	2.385e-04	0.0017605	N>S:24,N>T:12,N>D:6,N>E:4,S>P:2,N>P:2,S>T:1,S>C:1,T>P:1,N>Y:1,S>N:1	N:191,S:34,T:13,P:8,E:6,D:6,C:1,Y:1
255	N	S	11	0	2.385e-04	0.0017605	N>D:16,N>S:11,G>N:8,G>S:6,G>T:4,S>T:4,N>T:4,D>N:3,N>G:3,S>P:2,A>T:2,N>H:2,E>N:1,E>Q:1,G>E:1,S>G:1,A>H:1,A>G:1,G>A:1,G>D:1,N>A:1,N>Y:1,N>P:1,D>A:1	N:107,G:71,D:27,T:24,S:16,P:4,H:3,A:3,E:2,Q:2,Y:1
20	P	L	5	0	2.385e-04	0.0017605	Q>P:11,C>R:6,Q>K:5,P>L:5,P>T:5,R>H:5,C>H:5,C>S:4,H>C:4,P>A:3,C>Y:3,H>P:3,H>R:3,S>P:3,A>T:2,P>Q:2,R>S:2,C>P:2,H>Q:2,H>S:2,H>N:2,P>S:2,T>L:2,K>Q:1,T>I:1,T>S:1,K>T:1,K>P:1,Q>T:1,Q>A:1,Q>R:1,T>A:1,T>M:1,R>C:1,R>Q:1,C>L:1,Y>Q:1,H>L:1,H>I:1,C>G:1,P>H:1,P>I:1,P>M:1,S>T:1	P:62,Q:41,C:30,R:22,H:19,S:18,K:16,T:16,L:13,A:10,I:4,N:3,Y:3,M:2,G:1
196	S	G	5	13	2.385e-04	0.0017605	N>S:14,G>N:13,G>S:13,N>G:10,N>T:7,N>D:7,S>G:5,S>N:4,G>D:3,S>T:2,N>H:2,N>Y:2,D>G:1,Y>H:1,Y>F:1,T>A:1,T>S:1,G>E:1,G>Y:1	G:133,N:52,S:37,D:15,T:15,H:3,Y:2,A:1,E:1,F:1
20	P	T	5	0	2.385e-04	0.0017605	Q>P:11,C>R:6,Q>K:5,P>L:5,P>T:5,R>H:5,C>H:5,C>S:4,H>C:4,P>A:3,C>Y:3,H>P:3,H>R:3,S>P:3,A>T:2,P>Q:2,R>S:2,C>P:2,H>Q:2,H>S:2,H>N:2,P>S:2,T>L:2,K>Q:1,T>I:1,T>S:1,K>T:1,K>P:1,Q>T:1,Q>A:1,Q>R:1,T>A:1,T>M:1,R>C:1,R>Q:1,C>L:1,Y>Q:1,H>L:1,H>I:1,C>G:1,P>H:1,P>I:1,P>M:1,S>T:1	P:62,Q:41,C:30,R:22,H:19,S:18,K:16,T:16,L:13,A:10,I:4,N:3,Y:3,M:2,G:1
457	E	S	4	0	2.385e-04	0.0017605	E>D:12,E>Q:4,E>S:4,S>N:2,E>G:2,D>N:1,N>S:1,E>N:1,S>T:1,S>A:1	E:212,D:14,S:10,N:10,Q:9,T:2,G:2,A:1
49	S	G	4	0	2.385e-04	0.0017605	H>Y:18,N>S:16,S>N:12,N>G:6,S>G:4,L>S:3,H>L:3,H>N:3,N>H:3,T>I:2,N>Y:2,H>R:1,L>T:1,H>Q:1,Y>H:1,H>S:1,T>S:1,N>T:1	H:69,S:63,N:55,Y:41,G:15,L:7,T:5,I:2,R:1,Q:1,M:1
255	N	G	3	8	2.385e-04	0.0017605	N>D:16,N>S:11,G>N:8,G>S:6,G>T:4,S>T:4,N>T:4,D>N:3,N>G:3,S>P:2,A>T:2,N>H:2,E>N:1,E>Q:1,G>E:1,S>G:1,A>H:1,A>G:1,G>A:1,G>D:1,N>A:1,N>Y:1,N>P:1,D>A:1	N:107,G:71,D:27,T:24,S:16,P:4,H:3,A:3,E:2,Q:2,Y:1
51	H	F	2	0	2.385e-04	0.0017605	G>S:14,N>T:9,N>Y:5,N>H:5,N>S:5,G>T:4,G>N:4,S>G:3,S>T:3,H>F:2,N>D:2,N>A:2,T>A:2,S>Y:2,H>Y:1,H>C:1,Y>F:1,S>A:1,N>I:1,G>Y:1,T>F:1,S>N:1,G>D:1,N>G:1	N:106,G:59,T:29,S:27,F:12,Y:9,H:8,A:5,D:3,C:1,I:1
398	I	L	23	1	2.862e-04	0.0020547	I>L:23,I>M:3,L>I:1	I:219,L:37,M:4
403	T	I	20	4	2.862e-04	0.0020547	T>A:34,T>I:20,A>T:10,T>S:10,T>L:5,I>T:4,T>M:4,T>V:3,I>M:2,M>L:2,A>G:2,M>I:1,A>M:1,A>S:1,I>A:1	T:117,A:60,I:38,L:21,S:11,M:8,V:3,G:2
166	Y	H	14	16	2.862e-04	0.0020547	H>Y:16,Y>H:14,Y>F:6,H>N:6,Y>N:3,H>C:3,H>F:2,Y>C:2,H>Q:1,H>A:1,H>T:1,H>L:1,H>S:1	H:168,Y:59,N:10,F:9,C:5,A:4,L:1,T:1,S:1,Q:1,W:1
196	N	D	7	0	2.862e-04	0.0020547	N>S:14,G>N:13,G>S:13,N>G:10,N>T:7,N>D:7,S>G:5,S>N:4,G>D:3,S>T:2,N>H:2,N>Y:2,D>G:1,Y>H:1,Y>F:1,T>A:1,T>S:1,G>E:1,G>Y:1	G:133,N:52,S:37,D:15,T:15,H:3,Y:2,A:1,E:1,F:1
116	M	T	26	2	3.340e-04	0.0022580	M>T:26,M>I:4,M>A:3,I>T:2,T>M:2,M>L:2,I>S:1,T>A:1,M>V:1	M:180,T:50,A:12,I:10,S:5,L:2,V:1
42	L	F	15	1	3.340e-04	0.0022580	L>F:15,L>M:3,L>I:1,L>T:1,F>L:1	L:235,F:17,M:4,T:3,I:1
171	I	T	12	17	3.340e-04	0.0022580	T>I:17,I>T:12,I>M:12,T>M:4,T>A:4,I>V:4,T>V:1,T>N:1,T>S:1,I>L:1	I:128,T:102,M:16,V:5,A:4,N:2,L:1,S:1,K:1
414	F	S	10	0	3.340e-04	0.0022580	F>S:10,F>Y:10,Y>H:4,S>T:1	Y:137,F:100,S:12,H:10,T:1
89	T	M	7	1	3.340e-04	0.0022580	T>I:16,T>A:13,T>P:12,P>L:10,L>P:9,P>T:8,T>M:7,L>M:4,L>S:4,T>N:4,T>V:3,L>T:3,T>S:3,P>Y:2,S>T:2,L>Q:2,I>T:2,P>S:2,H>N:1,H>Y:1,H>Q:1,L>H:1,P>V:1,L>I:1,L>F:1,S>Q:1,S>P:1,M>T:1,T>H:1,I>A:1,A>T:1,P>I:1,T>E:1,P>H:1	P:62,T:51,L:44,I:37,A:20,M:12,S:9,H:7,N:5,V:4,Q:4,Y:3,E:1,F:1
86	Q	R	4	0	3.340e-04	0.0022580	H>Q:13,P>S:4,Q>P:4,Q>R:4,Q>T:3,Q>K:3,H>N:2,H>P:2,Q>L:2,Q>H:2,P>L:1,S>L:1,S>P:1,E>G:1,Q>E:1,H>C:1,H>Y:1,Q>S:1,H>R:1,P>T:1	Q:137,H:83,P:10,S:6,R:5,T:5,L:4,N:3,K:3,Y:1,E:1,G:1,C:1
260	N	E	4	0	3.340e-04	0.0022580	N>S:24,N>T:12,N>D:6,N>E:4,S>P:2,N>P:2,S>T:1,S>C:1,T>P:1,N>Y:1,S>N:1	N:191,S:34,T:13,P:8,E:6,D:6,C:1,Y:1
49	L	S	3	0	3.340e-04	0.0022580	H>Y:18,N>S:16,S>N:12,N>G:6,S>G:4,L>S:3,H>L:3,H>N:3,N>H:3,T>I:2,N>Y:2,H>R:1,L>T:1,H>Q:1,Y>H:1,H>S:1,T>S:1,N>T:1	H:69,S:63,N:55,Y:41,G:15,L:7,T:5,I:2,R:1,Q:1,M:1
182	L	S	3	3	3.340e-04	0.0022580	S>H:12,S>T:8,T>I:6,S>F:6,T>S:5,T>N:5,T>M:3,T>V:3,S>Y:3,L>S:3,S>L:3,T>A:2,S>A:2,M>Q:1,M>L:1,M>T:1,T>H:1,S>N:1,S>Q:1,H>Y:1,H>S:1,L>I:1	S:98,T:86,H:16,L:13,M:11,N:9,I:7,F:6,A:4,Y:4,V:3,Q:3
378	T	I	19	2	3.817e-04	0.0024690	T>I:19,I>T:2	T:224,I:36
101	T	M	17	0	3.817e-04	0.0024690	T>M:17,L>M:9,T>A:6,T>I:5,T>L:5,L>S:5,L>T:5,L>F:3,T>S:2,L>A:2,L>I:2,M>V:1,I>T:1,S>A:1,A>V:1,A>S:1,A>T:1,A>L:1,L>V:1	L:111,T:79,M:30,I:14,A:12,S:8,V:3,F:3
192	S	T	15	8	3.817e-04	0.0024690	S>T:15,N>T:14,T>S:8,N>S:8,N>D:7,N>H:5,T>A:5,T>N:5,S>N:5,S>H:4,S>A:3,S>P:3,N>Y:3,P>L:2,Y>N:2,L>F:1,H>L:1,P>T:1,H>P:1,H>Y:1,T>V:1,N>P:1,K>E:1,N>K:1,S>E:1,P>Q:1,A>T:1,T>D:1,T>M:1,T>H:1,N>A:1,Y>H:1,Y>L:1,N>L:1,Q>L:1,Q>P:1,N>Q:1	N:91,T:72,S:34,H:14,A:10,L:9,P:8,D:8,Y:6,E:2,Q:2,K:1,F:1,V:1,M:1
30	Y	H	13	45	3.817e-04	0.0024690	H>Y:45,Y>H:13,H>R:1	H:169,Y:90,R:1
186	M	V	9	2	3.817e-04	0.0024690	M>V:9,L>P:8,M>T:7,L>M:5,L>S:5,L>T:5,M>L:4,V>M:2,L>F:1,P>L:1,P>S:1,L>Y:1,L>I:1,L>H:1,M>S:1,M>I:1,A>S:1,A>I:1,M>A:1,I>A:1,T>I:1,T>A:1,M>P:1,V>T:1,L>V:1	L:143,M:41,T:19,P:19,V:15,S:11,I:5,A:3,H:2,F:1,Y:1
52	L	S	7	0	3.817e-04	0.0024690	L>S:7,L>M:4,L>T:3,L>I:2,L>P:2,M>L:1,M>A:1,L>Q:1,L>V:1	L:235,S:7,M:7,T:4,I:2,P:2,A:1,V:1,Q:1
396	L	I	6	0	3.817e-04	0.0024690	L>F:19,F>L:16,P>F:8,L>P:8,P>L:6,L>I:6,F>P:2,L>M:2,F>Y:1,L>T:1,F>I:1,L>V:1	L:111,F:86,P:49,I:8,Y:2,M:2,T:1,V:1
196	G	S	13	5	4.294e-04	0.0027107	N>S:14,G>N:13,G>S:13,N>G:10,N>T:7,N>D:7,S>G:5,S>N:4,G>D:3,S>T:2,N>H:2,N>Y:2,D>G:1,Y>H:1,Y>F:1,T>A:1,T>S:1,G>E:1,G>Y:1	G:133,N:52,S:37,D:15,T:15,H:3,Y:2,A:1,E:1,F:1
86	H	Q	13	2	4.294e-04	0.0027107	H>Q:13,P>S:4,Q>P:4,Q>R:4,Q>T:3,Q>K:3,H>N:2,H>P:2,Q>L:2,Q>H:2,P>L:1,S>L:1,S>P:1,E>G:1,Q>E:1,H>C:1,H>Y:1,Q>S:1,H>R:1,P>T:1	Q:137,H:83,P:10,S:6,R:5,T:5,L:4,N:3,K:3,Y:1,E:1,G:1,C:1
97	T	L	8	0	4.294e-04	0.0027107	T>A:25,T>M:14,T>S:13,T>L:8,M>L:7,M>T:5,T>I:4,T>V:4,A>S:3,S>L:2,M>A:2,T>C:1,S>A:1,S>T:1,M>S:1,T>F:1,M>V:1,M>I:1,L>I:1	T:119,S:48,A:32,L:23,M:22,I:7,V:5,C:3,F:1
306	S	C	5	1	4.294e-04	0.0027107	S>G:9,S>C:5,S>T:5,T>A:5,S>A:2,T>V:2,C>S:1,G>E:1,G>S:1,T>G:1,T>S:1,A>V:1	T:121,S:78,G:22,C:20,A:13,V:4,E:1,I:1
205	T	M	11	14	4.771e-04	0.0029068	M>T:14,T>M:11,L>M:10,M>L:4,M>V:4,L>I:4,L>T:4,M>I:3,L>V:3,I>T:1,T>A:1,T>I:1,T>L:1	L:114,M:75,T:55,I:8,V:7,A:1
268	T	V	9	0	4.771e-04	0.0029068	T>A:19,T>V:9,T>I:9,A>T:3,T>S:1	T:213,A:25,V:11,I:10,S:1
54	P	L	4	0	4.771e-04	0.0029068	Q>P:12,H>P:9,H>Y:8,Q>H:6,P>L:4,P>F:4,Q>N:2,P>S:2,P>H:2,Q>E:2,P>T:1,Q>V:1,N>T:1,N>D:1,N>H:1,Q>Y:1,P>Q:1,P>Y:1,L>F:1,H>S:1,H>Q:1,Y>F:1,H>F:1,H>N:1	Q:98,P:89,H:33,Y:10,F:8,L:7,N:6,S:3,T:2,E:2,D:1,V:1
192	P	L	2	0	4.771e-04	0.0029068	S>T:15,N>T:14,T>S:8,N>S:8,N>D:7,N>H:5,T>A:5,T>N:5,S>N:5,S>H:4,S>A:3,S>P:3,N>Y:3,P>L:2,Y>N:2,L>F:1,H>L:1,P>T:1,H>P:1,H>Y:1,T>V:1,N>P:1,K>E:1,N>K:1,S>E:1,P>Q:1,A>T:1,T>D:1,T>M:1,T>H:1,N>A:1,Y>H:1,Y>L:1,N>L:1,Q>L:1,Q>P:1,N>Q:1	N:91,T:72,S:34,H:14,A:10,L:9,P:8,D:8,Y:6,E:2,Q:2,K:1,F:1,V:1,M:1
261	Y	I	2	0	4.771e-04	0.0029068	H>Y:11,Y>H:6,H>L:5,Y>L:5,H>N:4,H>Q:4,H>S:3,Y>F:3,Y>I:2,L>F:2,H>F:2,L>P:2,I>V:1,H>R:1,L>I:1,L>H:1,L>V:1,H>C:1,N>D:1,N>S:1,F>S:1,P>S:1,H>P:1,N>G:1,N>H:1	N:122,H:48,Y:34,L:22,F:8,S:7,Q:5,P:4,I:3,V:3,D:1,C:1,R:1,G:1
54	P	H	2	9	4.771e-04	0.0029068	Q>P:12,H>P:9,H>Y:8,Q>H:6,P>L:4,P>F:4,Q>N:2,P>S:2,P>H:2,Q>E:2,P>T:1,Q>V:1,N>T:1,N>D:1,N>H:1,Q>Y:1,P>Q:1,P>Y:1,L>F:1,H>S:1,H>Q:1,Y>F:1,H>F:1,H>N:1	Q:98,P:89,H:33,Y:10,F:8,L:7,N:6,S:3,T:2,E:2,D:1,V:1
90	T	V	9	2	5.248e-04	0.0031608	I>T:15,T>S:12,T>A:10,T>V:9,I>V:7,I>A:6,T>P:5,T>I:4,I>S:3,T>M:2,V>T:2,S>P:2,V>M:1,S>Q:1,V>K:1,V>I:1,V>L:1,M>V:1,P>L:1,I>M:1,V>A:1,I>N:1,T>N:1,I>P:1,A>I:1,A>V:1	T:90,I:70,S:27,V:23,A:22,P:12,N:7,M:4,Q:2,L:2,K:1
261	L	P	2	0	5.248e-04	0.0031608	H>Y:11,Y>H:6,H>L:5,Y>L:5,H>N:4,H>Q:4,H>S:3,Y>F:3,Y>I:2,L>F:2,H>F:2,L>P:2,I>V:1,H>R:1,L>I:1,L>H:1,L>V:1,H>C:1,N>D:1,N>S:1,F>S:1,P>S:1,H>P:1,N>G:1,N>H:1	N:122,H:48,Y:34,L:22,F:8,S:7,Q:5,P:4,I:3,V:3,D:1,C:1,R:1,G:1
388	I	V	35	1	5.725e-04	0.0033706	I>V:35,I>T:20,T>I:2,V>I:1	I:181,V:47,T:32
258	S	L	4	6	5.725e-04	0.0033706	L>I:9,L>M:8,S>T:8,L>S:6,S>P:6,S>A:5,L>T:4,S>L:4,L>V:3,T>A:3,L>F:2,I>T:2,T>S:2,M>V:1,V>T:1,S>Y:1,L>P:1,S>Q:1,S>M:1,S>F:1,T>V:1,P>L:1,I>L:1,M>S:1	L:102,S:80,T:28,I:13,P:10,M:9,A:8,V:5,F:3,Y:1,Q:1
20	H	R	3	5	5.725e-04	0.0033706	Q>P:11,C>R:6,Q>K:5,P>L:5,P>T:5,R>H:5,C>H:5,C>S:4,H>C:4,P>A:3,C>Y:3,H>P:3,H>R:3,S>P:3,A>T:2,P>Q:2,R>S:2,C>P:2,H>Q:2,H>S:2,H>N:2,P>S:2,T>L:2,K>Q:1,T>I:1,T>S:1,K>T:1,K>P:1,Q>T:1,Q>A:1,Q>R:1,T>A:1,T>M:1,R>C:1,R>Q:1,C>L:1,Y>Q:1,H>L:1,H>I:1,C>G:1,P>H:1,P>I:1,P>M:1,S>T:1	P:62,Q:41,C:30,R:22,H:19,S:18,K:16,T:16,L:13,A:10,I:4,N:3,Y:3,M:2,G:1
185	P	H	2	0	5.725e-04	0.0033706	T>P:18,T>S:15,T>A:14,T>M:7,T>L:5,S>P:4,S>L:3,P>S:3,T>V:3,S>T:2,S>N:2,P>L:2,T>I:2,P>H:2,L>F:1,T>E:1,P>T:1,A>V:1,T>N:1,S>M:1	T:135,S:39,P:31,A:14,L:10,M:9,N:9,V:6,I:3,H:2,E:1,F:1
57	G	S	13	0	6.202e-04	0.0035517	S>A:15,G>S:13,G>A:3,S>N:2,S>T:2,G>N:1,G>C:1,S>Y:1,S>H:1,S>F:1	G:124,S:108,A:19,N:3,T:2,Y:1,F:1,H:1,C:1
121	A	S	9	10	6.202e-04	0.0035517	S>A:10,A>S:9,A>T:7,S>T:3,T>M:1,T>A:1	A:131,S:108,T:20,M:1
196	N	Y	2	0	6.202e-04	0.0035517	N>S:14,G>N:13,G>S:13,N>G:10,N>T:7,N>D:7,S>G:5,S>N:4,G>D:3,S>T:2,N>H:2,N>Y:2,D>G:1,Y>H:1,Y>F:1,T>A:1,T>S:1,G>E:1,G>Y:1	G:133,N:52,S:37,D:15,T:15,H:3,Y:2,A:1,E:1,F:1
450	M	F	2	0	6.202e-04	0.0035517	I>A:9,I>L:6,L>I:5,I>M:5,I>V:5,L>F:4,M>A:4,M>L:4,L>M:2,I>G:2,I>T:2,M>I:2,M>F:2,I>F:2,F>A:1,A>G:1	L:137,I:61,M:19,F:17,A:15,V:5,G:4,T:2
20	T	L	2	0	6.202e-04	0.0035517	Q>P:11,C>R:6,Q>K:5,P>L:5,P>T:5,R>H:5,C>H:5,C>S:4,H>C:4,P>A:3,C>Y:3,H>P:3,H>R:3,S>P:3,A>T:2,P>Q:2,R>S:2,C>P:2,H>Q:2,H>S:2,H>N:2,P>S:2,T>L:2,K>Q:1,T>I:1,T>S:1,K>T:1,K>P:1,Q>T:1,Q>A:1,Q>R:1,T>A:1,T>M:1,R>C:1,R>Q:1,C>L:1,Y>Q:1,H>L:1,H>I:1,C>G:1,P>H:1,P>I:1,P>M:1,S>T:1	P:62,Q:41,C:30,R:22,H:19,S:18,K:16,T:16,L:13,A:10,I:4,N:3,Y:3,M:2,G:1
205	L	T	4	1	6.679e-04	0.0037836	M>T:14,T>M:11,L>M:10,M>L:4,M>V:4,L>I:4,L>T:4,M>I:3,L>V:3,I>T:1,T>A:1,T>I:1,T>L:1	L:114,M:75,T:55,I:8,V:7,A:1
43	Y	H	2	1	6.679e-04	0.0037836	T>V:13,T>A:12,V>T:12,T>L:10,T>S:5,T>I:4,V>A:3,Y>H:2,I>L:2,A>V:2,H>Y:1,N>H:1,T>N:1,T>P:1,L>T:1,L>S:1,L>Q:1,S>L:1,V>I:1	T:106,L:49,V:47,A:15,I:13,S:13,H:8,Y:5,N:2,P:1,Q:1
388	I	T	20	2	7.156e-04	0.0040105	I>V:35,I>T:20,T>I:2,V>I:1	I:181,V:47,T:32
258	S	T	8	2	7.156e-04	0.0040105	L>I:9,L>M:8,S>T:8,L>S:6,S>P:6,S>A:5,L>T:4,S>L:4,L>V:3,T>A:3,L>F:2,I>T:2,T>S:2,M>V:1,V>T:1,S>Y:1,L>P:1,S>Q:1,S>M:1,S>F:1,T>V:1,P>L:1,I>L:1,M>S:1	L:102,S:80,T:28,I:13,P:10,M:9,A:8,V:5,F:3,Y:1,Q:1
260	N	S	24	1	7.633e-04	0.0042103	N>S:24,N>T:12,N>D:6,N>E:4,S>P:2,N>P:2,S>T:1,S>C:1,T>P:1,N>Y:1,S>N:1	N:191,S:34,T:13,P:8,E:6,D:6,C:1,Y:1
424	L	I	14	0	7.633e-04	0.0042103	L>I:14,L>P:7,L>T:5,L>M:3,P>S:2,P>L:2,L>S:2,T>P:2,T>I:2,T>M:2,I>T:1,M>T:1,M>I:1,M>L:1,L>V:1,T>S:1,T>L:1	L:181,I:26,T:21,P:20,M:6,S:5,V:1
20	H	P	3	1	7.633e-04	0.0042103	Q>P:11,C>R:6,Q>K:5,P>L:5,P>T:5,R>H:5,C>H:5,C>S:4,H>C:4,P>A:3,C>Y:3,H>P:3,H>R:3,S>P:3,A>T:2,P>Q:2,R>S:2,C>P:2,H>Q:2,H>S:2,H>N:2,P>S:2,T>L:2,K>Q:1,T>I:1,T>S:1,K>T:1,K>P:1,Q>T:1,Q>A:1,Q>R:1,T>A:1,T>M:1,R>C:1,R>Q:1,C>L:1,Y>Q:1,H>L:1,H>I:1,C>G:1,P>H:1,P>I:1,P>M:1,S>T:1	P:62,Q:41,C:30,R:22,H:19,S:18,K:16,T:16,L:13,A:10,I:4,N:3,Y:3,M:2,G:1
86	Q	P	4	0	8.110e-04	0.0044500	H>Q:13,P>S:4,Q>P:4,Q>R:4,Q>T:3,Q>K:3,H>N:2,H>P:2,Q>L:2,Q>H:2,P>L:1,S>L:1,S>P:1,E>G:1,Q>E:1,H>C:1,H>Y:1,Q>S:1,H>R:1,P>T:1	Q:137,H:83,P:10,S:6,R:5,T:5,L:4,N:3,K:3,Y:1,E:1,G:1,C:1
192	T	S	8	15	8.587e-04	0.0046873	S>T:15,N>T:14,T>S:8,N>S:8,N>D:7,N>H:5,T>A:5,T>N:5,S>N:5,S>H:4,S>A:3,S>P:3,N>Y:3,P>L:2,Y>N:2,L>F:1,H>L:1,P>T:1,H>P:1,H>Y:1,T>V:1,N>P:1,K>E:1,N>K:1,S>E:1,P>Q:1,A>T:1,T>D:1,T>M:1,T>H:1,N>A:1,Y>H:1,Y>L:1,N>L:1,Q>L:1,Q>P:1,N>Q:1	N:91,T:72,S:34,H:14,A:10,L:9,P:8,D:8,Y:6,E:2,Q:2,K:1,F:1,V:1,M:1
258	S	A	5	0	9.064e-04	0.0048967	L>I:9,L>M:8,S>T:8,L>S:6,S>P:6,S>A:5,L>T:4,S>L:4,L>V:3,T>A:3,L>F:2,I>T:2,T>S:2,M>V:1,V>T:1,S>Y:1,L>P:1,S>Q:1,S>M:1,S>F:1,T>V:1,P>L:1,I>L:1,M>S:1	L:102,S:80,T:28,I:13,P:10,M:9,A:8,V:5,F:3,Y:1,Q:1
255	N	T	4	0	9.064e-04	0.0048967	N>D:16,N>S:11,G>N:8,G>S:6,G>T:4,S>T:4,N>T:4,D>N:3,N>G:3,S>P:2,A>T:2,N>H:2,E>N:1,E>Q:1,G>E:1,S>G:1,A>H:1,A>G:1,G>A:1,G>D:1,N>A:1,N>Y:1,N>P:1,D>A:1	N:107,G:71,D:27,T:24,S:16,P:4,H:3,A:3,E:2,Q:2,Y:1
45	T	S	17	0	9.542e-04	0.0050759	T>S:17	T:215,S:44,G:1
285	I	M	7	0	9.542e-04	0.0050759	I>T:9,I>M:7,I>V:5,T>S:1,T>A:1,I>L:1,T>I:1	T:121,I:120,M:10,V:6,L:1,S:1,A:1
446	M	A	4	0	9.542e-04	0.0050759	I>T:10,M>T:9,M>V:6,I>M:4,M>A:4,I>L:3,T>A:2,T>I:2,I>G:1,L>I:1,M>I:1,M>L:1	I:123,M:92,T:21,L:10,V:6,A:6,G:1,S:1
201	L	M	17	1	1.002e-03	0.0051978	L>M:17,L>T:6,M>T:2,L>F:2,L>A:2,M>I:1,L>I:1,L>V:1,M>L:1,L>S:1	L:223,M:19,T:10,A:2,F:2,I:2,S:1,V:1
51	N	Y	5	0	1.002e-03	0.0051978	G>S:14,N>T:9,N>Y:5,N>H:5,N>S:5,G>T:4,G>N:4,S>G:3,S>T:3,H>F:2,N>D:2,N>A:2,T>A:2,S>Y:2,H>Y:1,H>C:1,Y>F:1,S>A:1,N>I:1,G>Y:1,T>F:1,S>N:1,G>D:1,N>G:1	N:106,G:59,T:29,S:27,F:12,Y:9,H:8,A:5,D:3,C:1,I:1
450	M	A	4	0	1.002e-03	0.0051978	I>A:9,I>L:6,L>I:5,I>M:5,I>V:5,L>F:4,M>A:4,M>L:4,L>M:2,I>G:2,I>T:2,M>I:2,M>F:2,I>F:2,F>A:1,A>G:1	L:137,I:61,M:19,F:17,A:15,V:5,G:4,T:2
37	L	A	2	0	1.002e-03	0.0051978	I>V:22,I>L:11,L>I:11,I>A:11,V>I:6,I>M:5,V>A:4,M>I:2,L>A:2,V>L:1,L>M:1,L>S:1,I>T:1,A>I:1	I:109,L:85,V:36,A:20,M:7,T:2,S:1
424	T	P	2	0	1.002e-03	0.0051978	L>I:14,L>P:7,L>T:5,L>M:3,P>S:2,P>L:2,L>S:2,T>P:2,T>I:2,T>M:2,I>T:1,M>T:1,M>I:1,M>L:1,L>V:1,T>S:1,T>L:1	L:181,I:26,T:21,P:20,M:6,S:5,V:1
78	M	L	32	0	1.050e-03	0.0053656	M>L:32,M>I:8,I>L:1,L>I:1,I>V:1	M:181,L:55,I:23,V:1
96	I	A	7	0	1.050e-03	0.0053656	I>L:8,I>T:7,I>V:7,I>A:7,A>T:6,T>A:2,A>V:2,I>M:1,T>M:1,L>A:1,V>I:1,T>L:1	I:171,A:42,T:21,L:13,V:9,M:4
20	S	P	3	2	1.050e-03	0.0053656	Q>P:11,C>R:6,Q>K:5,P>L:5,P>T:5,R>H:5,C>H:5,C>S:4,H>C:4,P>A:3,C>Y:3,H>P:3,H>R:3,S>P:3,A>T:2,P>Q:2,R>S:2,C>P:2,H>Q:2,H>S:2,H>N:2,P>S:2,T>L:2,K>Q:1,T>I:1,T>S:1,K>T:1,K>P:1,Q>T:1,Q>A:1,Q>R:1,T>A:1,T>M:1,R>C:1,R>Q:1,C>L:1,Y>Q:1,H>L:1,H>I:1,C>G:1,P>H:1,P>I:1,P>M:1,S>T:1	P:62,Q:41,C:30,R:22,H:19,S:18,K:16,T:16,L:13,A:10,I:4,N:3,Y:3,M:2,G:1
255	G	T	4	0	1.097e-03	0.0055553	N>D:16,N>S:11,G>N:8,G>S:6,G>T:4,S>T:4,N>T:4,D>N:3,N>G:3,S>P:2,A>T:2,N>H:2,E>N:1,E>Q:1,G>E:1,S>G:1,A>H:1,A>G:1,G>A:1,G>D:1,N>A:1,N>Y:1,N>P:1,D>A:1	N:107,G:71,D:27,T:24,S:16,P:4,H:3,A:3,E:2,Q:2,Y:1
89	T	V	3	0	1.097e-03	0.0055553	T>I:16,T>A:13,T>P:12,P>L:10,L>P:9,P>T:8,T>M:7,L>M:4,L>S:4,T>N:4,T>V:3,L>T:3,T>S:3,P>Y:2,S>T:2,L>Q:2,I>T:2,P>S:2,H>N:1,H>Y:1,H>Q:1,L>H:1,P>V:1,L>I:1,L>F:1,S>Q:1,S>P:1,M>T:1,T>H:1,I>A:1,A>T:1,P>I:1,T>E:1,P>H:1	P:62,T:51,L:44,I:37,A:20,M:12,S:9,H:7,N:5,V:4,Q:4,Y:3,E:1,F:1
15	A	T	37	26	1.145e-03	0.0056601	A>T:37,T>A:26,T>V:2,A>V:1	T:129,A:128,V:3
171	T	I	17	12	1.145e-03	0.0056601	T>I:17,I>T:12,I>M:12,T>M:4,T>A:4,I>V:4,T>V:1,T>N:1,T>S:1,I>L:1	I:128,T:102,M:16,V:5,A:4,N:2,L:1,S:1,K:1
462	I	A	6	2	1.145e-03	0.0056601	I>V:14,I>L:9,V>I:9,V>A:8,I>T:8,I>A:6,I>M:6,V>T:5,A>T:3,T>A:2,A>I:2,I>Y:1,M>T:1,A>L:1,P>S:1,S>P:1,S>L:1,V>M:1,L>I:1,V>L:1,I>F:1	I:110,V:34,A:28,T:27,-:21,L:15,M:14,P:5,S:2,F:2,Y:1,Q:1
256	P	L	2	0	1.145e-03	0.0056601	P>L:2,P>Q:1	-:251,P:5,L:2,Q:1,E:1
192	Y	N	2	3	1.145e-03	0.0056601	S>T:15,N>T:14,T>S:8,N>S:8,N>D:7,N>H:5,T>A:5,T>N:5,S>N:5,S>H:4,S>A:3,S>P:3,N>Y:3,P>L:2,Y>N:2,L>F:1,H>L:1,P>T:1,H>P:1,H>Y:1,T>V:1,N>P:1,K>E:1,N>K:1,S>E:1,P>Q:1,A>T:1,T>D:1,T>M:1,T>H:1,N>A:1,Y>H:1,Y>L:1,N>L:1,Q>L:1,Q>P:1,N>Q:1	N:91,T:72,S:34,H:14,A:10,L:9,P:8,D:8,Y:6,E:2,Q:2,K:1,F:1,V:1,M:1
395	S	A	8	1	1.240e-03	0.0061030	S>P:11,T>A:9,S>A:8,T>S:7,S>T:6,T>M:5,T>I:5,T>N:4,T>P:3,S>N:3,S>F:2,P>N:2,F>L:1,S>Y:1,T>V:1,N>Y:1,A>S:1	S:103,P:47,A:45,T:34,N:12,I:6,M:5,Y:3,F:2,V:1,L:1,D:1
191	S	T	11	13	1.288e-03	0.0063081	T>S:13,S>T:11,T>P:11,T>N:9,T>A:8,S>N:6,T>L:3,S>P:2,T>M:2,T>I:2,S>L:2,N>S:1,N>G:1,N>T:1,T>F:1,P>S:1,S>D:1	T:119,N:63,S:33,P:22,A:8,L:6,I:2,M:2,F:2,D:1,-:1,G:1
201	L	T	6	0	1.336e-03	0.0064812	L>M:17,L>T:6,M>T:2,L>F:2,L>A:2,M>I:1,L>I:1,L>V:1,M>L:1,L>S:1	L:223,M:19,T:10,A:2,F:2,I:2,S:1,V:1
49	N	Y	2	0	1.336e-03	0.0064812	H>Y:18,N>S:16,S>N:12,N>G:6,S>G:4,L>S:3,H>L:3,H>N:3,N>H:3,T>I:2,N>Y:2,H>R:1,L>T:1,H>Q:1,Y>H:1,H>S:1,T>S:1,N>T:1	H:69,S:63,N:55,Y:41,G:15,L:7,T:5,I:2,R:1,Q:1,M:1
97	T	A	25	0	1.384e-03	0.0066511	T>A:25,T>M:14,T>S:13,T>L:8,M>L:7,M>T:5,T>I:4,T>V:4,A>S:3,S>L:2,M>A:2,T>C:1,S>A:1,S>T:1,M>S:1,T>F:1,M>V:1,M>I:1,L>I:1	T:119,S:48,A:32,L:23,M:22,I:7,V:5,C:3,F:1
36	L	S	2	0	1.384e-03	0.0066511	T>A:38,T>S:9,T>L:6,S>F:3,S>T:2,L>S:2,T>F:2,A>T:2,T>I:2,S>A:1,S>C:1,L>M:1,L>F:1	T:161,A:49,S:19,L:16,F:8,I:3,C:3,M:1
447	L	T	3	0	1.431e-03	0.0068490	I>L:15,I>T:8,I>A:6,L>I:4,M>L:3,M>T:3,L>T:3,I>M:2,L>F:1,I>F:1,T>A:1,M>I:1,L>M:1	I:179,L:47,T:20,A:8,M:4,F:2
457	E	D	12	0	1.479e-03	0.0070451	E>D:12,E>Q:4,E>S:4,S>N:2,E>G:2,D>N:1,N>S:1,E>N:1,S>T:1,S>A:1	E:212,D:14,S:10,N:10,Q:9,T:2,G:2,A:1
418	T	M	9	44	1.527e-03	0.0072395	M>T:44,T>M:9,T>S:5,M>I:5,T>A:3,M>V:3,T>V:2,I>V:1,S>T:1,M>S:1,T>I:1	M:118,T:103,S:14,A:9,V:8,I:8
399	I	L	19	3	1.574e-03	0.0073988	I>L:19,I>V:6,I>M:3,L>I:3,I>F:2,I>A:1	I:219,L:27,V:6,M:4,F:3,A:1
205	L	M	10	4	1.574e-03	0.0073988	M>T:14,T>M:11,L>M:10,M>L:4,M>V:4,L>I:4,L>T:4,M>I:3,L>V:3,I>T:1,T>A:1,T>I:1,T>L:1	L:114,M:75,T:55,I:8,V:7,A:1
106	I	L	19	0	1.622e-03	0.0075889	I>L:19,I>T:3,I>M:1,I>V:1	I:216,L:39,T:3,V:1,M:1
464	M	V	6	0	1.717e-03	0.0079996	S>L:8,M>V:6,L>S:5,S>T:5,M>T:5,M>A:3,L>M:2,T>A:2,S>A:1,S>W:1,M>S:1,S>M:1	M:98,S:56,-:39,L:37,T:12,A:6,V:6,Q:4,W:2
258	L	S	6	4	1.765e-03	0.0080782	L>I:9,L>M:8,S>T:8,L>S:6,S>P:6,S>A:5,L>T:4,S>L:4,L>V:3,T>A:3,L>F:2,I>T:2,T>S:2,M>V:1,V>T:1,S>Y:1,L>P:1,S>Q:1,S>M:1,S>F:1,T>V:1,P>L:1,I>L:1,M>S:1	L:102,S:80,T:28,I:13,P:10,M:9,A:8,V:5,F:3,Y:1,Q:1
464	L	S	5	8	1.765e-03	0.0080782	S>L:8,M>V:6,L>S:5,S>T:5,M>T:5,M>A:3,L>M:2,T>A:2,S>A:1,S>W:1,M>S:1,S>M:1	M:98,S:56,-:39,L:37,T:12,A:6,V:6,Q:4,W:2
424	P	L	2	7	1.765e-03	0.0080782	L>I:14,L>P:7,L>T:5,L>M:3,P>S:2,P>L:2,L>S:2,T>P:2,T>I:2,T>M:2,I>T:1,M>T:1,M>I:1,M>L:1,L>V:1,T>S:1,T>L:1	L:181,I:26,T:21,P:20,M:6,S:5,V:1
196	N	H	2	0	1.765e-03	0.0080782	N>S:14,G>N:13,G>S:13,N>G:10,N>T:7,N>D:7,S>G:5,S>N:4,G>D:3,S>T:2,N>H:2,N>Y:2,D>G:1,Y>H:1,Y>F:1,T>A:1,T>S:1,G>E:1,G>Y:1	G:133,N:52,S:37,D:15,T:15,H:3,Y:2,A:1,E:1,F:1
252	I	A	3	0	1.813e-03	0.0082605	I>V:11,L>M:7,I>L:7,L>I:6,M>I:4,M>L:4,I>A:3,I>M:3,M>A:2,T>I:2,M>T:2,I>T:2,L>P:1,L>F:1,T>A:1,L>T:1,S>T:1,L>S:1,C>H:1,Y>H:1,C>Y:1,I>C:1,V>M:1	L:95,I:94,M:34,V:12,T:9,A:6,C:3,H:2,Y:1,P:1,F:1,S:1,N:1
40	Q	H	12	0	1.861e-03	0.0083329	Q>H:12,Q>Y:3,Q>L:2,Q>K:2,H>N:1,Q>T:1,Q>R:1	Q:224,H:25,Y:3,L:3,K:2,T:1,N:1,R:1
462	V	A	8	0	1.861e-03	0.0083329	I>V:14,I>L:9,V>I:9,V>A:8,I>T:8,I>A:6,I>M:6,V>T:5,A>T:3,T>A:2,A>I:2,I>Y:1,M>T:1,A>L:1,P>S:1,S>P:1,S>L:1,V>M:1,L>I:1,V>L:1,I>F:1	I:110,V:34,A:28,T:27,-:21,L:15,M:14,P:5,S:2,F:2,Y:1,Q:1
20	P	Q	2	11	1.861e-03	0.0083329	Q>P:11,C>R:6,Q>K:5,P>L:5,P>T:5,R>H:5,C>H:5,C>S:4,H>C:4,P>A:3,C>Y:3,H>P:3,H>R:3,S>P:3,A>T:2,P>Q:2,R>S:2,C>P:2,H>Q:2,H>S:2,H>N:2,P>S:2,T>L:2,K>Q:1,T>I:1,T>S:1,K>T:1,K>P:1,Q>T:1,Q>A:1,Q>R:1,T>A:1,T>M:1,R>C:1,R>Q:1,C>L:1,Y>Q:1,H>L:1,H>I:1,C>G:1,P>H:1,P>I:1,P>M:1,S>T:1	P:62,Q:41,C:30,R:22,H:19,S:18,K:16,T:16,L:13,A:10,I:4,N:3,Y:3,M:2,G:1
51	S	Y	2	0	1.861e-03	0.0083329	G>S:14,N>T:9,N>Y:5,N>H:5,N>S:5,G>T:4,G>N:4,S>G:3,S>T:3,H>F:2,N>D:2,N>A:2,T>A:2,S>Y:2,H>Y:1,H>C:1,Y>F:1,S>A:1,N>I:1,G>Y:1,T>F:1,S>N:1,G>D:1,N>G:1	N:106,G:59,T:29,S:27,F:12,Y:9,H:8,A:5,D:3,C:1,I:1
193	H	Y	3	0	1.908e-03	0.0084742	S>T:7,S>P:5,H>Y:3,S>H:2,S>C:1,S>Q:1,S>N:1	S:233,T:7,P:6,H:5,Y:4,Q:2,N:1,C:1,F:1
259	L	T	2	0	1.908e-03	0.0084742	S>L:21,S>P:17,S>T:7,L>S:6,L>T:2,T>N:1,C>Y:1,S>C:1,M>T:1,S>M:1,P>Q:1,N>S:1,N>T:1,N>I:1,S>N:1,S>Q:1,T>V:1,S>H:1	S:128,L:59,T:31,P:20,N:8,M:4,V:4,Q:2,H:1,Y:1,C:1,I:1
54	H	Y	8	0	2.004e-03	0.0087862	Q>P:12,H>P:9,H>Y:8,Q>H:6,P>L:4,P>F:4,Q>N:2,P>S:2,P>H:2,Q>E:2,P>T:1,Q>V:1,N>T:1,N>D:1,N>H:1,Q>Y:1,P>Q:1,P>Y:1,L>F:1,H>S:1,H>Q:1,Y>F:1,H>F:1,H>N:1	Q:98,P:89,H:33,Y:10,F:8,L:7,N:6,S:3,T:2,E:2,D:1,V:1
195	T	P	5	0	2.004e-03	0.0087862	T>S:27,T>A:9,T>P:5	T:177,S:69,A:9,P:5
36	S	F	3	0	2.004e-03	0.0087862	T>A:38,T>S:9,T>L:6,S>F:3,S>T:2,L>S:2,T>F:2,A>T:2,T>I:2,S>A:1,S>C:1,L>M:1,L>F:1	T:161,A:49,S:19,L:16,F:8,I:3,C:3,M:1
263	C	S	3	0	2.051e-03	0.0089579	H>Y:15,H>Q:5,C>S:3,H>C:3,H>L:2,C>H:1,H>P:1,H>S:1,H>T:1,L>A:1,Q>L:1,H>N:1	H:216,Y:15,C:8,S:7,Q:6,L:3,P:1,N:1,A:1,T:1,I:1
67	V	T	12	0	2.099e-03	0.0090160	V>T:12,V>I:7,V>A:3,A>T:1	V:230,T:19,I:7,A:3,M:1
138	S	N	8	44	2.099e-03	0.0090160	N>S:44,S>N:8,S>T:2,N>T:1,N>A:1	N:179,S:77,T:3,A:1
464	M	A	3	0	2.099e-03	0.0090160	S>L:8,M>V:6,L>S:5,S>T:5,M>T:5,M>A:3,L>M:2,T>A:2,S>A:1,S>W:1,M>S:1,S>M:1	M:98,S:56,-:39,L:37,T:12,A:6,V:6,Q:4,W:2
198	A	V	2	3	2.099e-03	0.0090160	M>V:11,M>L:9,M>I:8,L>M:7,M>A:5,L>I:4,I>A:4,V>A:3,L>F:2,A>V:2,L>S:1,A>T:1,A>I:1,A>F:1,I>V:1,V>M:1,V>L:1,M>F:1	L:134,M:50,I:31,A:23,V:16,F:4,T:1,S:1
255	N	H	2	0	2.147e-03	0.0091832	N>D:16,N>S:11,G>N:8,G>S:6,G>T:4,S>T:4,N>T:4,D>N:3,N>G:3,S>P:2,A>T:2,N>H:2,E>N:1,E>Q:1,G>E:1,S>G:1,A>H:1,A>G:1,G>A:1,G>D:1,N>A:1,N>Y:1,N>P:1,D>A:1	N:107,G:71,D:27,T:24,S:16,P:4,H:3,A:3,E:2,Q:2,Y:1
184	P	H	4	0	2.195e-03	0.0093113	P>S:10,P>T:5,P>L:5,P>H:4,H>Y:2,S>F:1,S>P:1,P>F:1,P>Q:1	P:220,S:15,H:8,T:6,L:5,Y:3,F:2,Q:1
450	I	F	2	0	2.195e-03	0.0093113	I>A:9,I>L:6,L>I:5,I>M:5,I>V:5,L>F:4,M>A:4,M>L:4,L>M:2,I>G:2,I>T:2,M>I:2,M>F:2,I>F:2,F>A:1,A>G:1	L:137,I:61,M:19,F:17,A:15,V:5,G:4,T:2
155	A	V	4	1	2.242e-03	0.0094373	I>M:6,A>V:4,I>A:3,I>V:2,I>T:2,A>I:2,V>A:1,A>T:1	I:127,A:110,V:12,M:7,T:4
185	P	L	2	0	2.242e-03	0.0094373	T>P:18,T>S:15,T>A:14,T>M:7,T>L:5,S>P:4,S>L:3,P>S:3,T>V:3,S>T:2,S>N:2,P>L:2,T>I:2,P>H:2,L>F:1,T>E:1,P>T:1,A>V:1,T>N:1,S>M:1	T:135,S:39,P:31,A:14,L:10,M:9,N:9,V:6,I:3,H:2,E:1,F:1
90	T	P	5	0	2.290e-03	0.0095995	I>T:15,T>S:12,T>A:10,T>V:9,I>V:7,I>A:6,T>P:5,T>I:4,I>S:3,T>M:2,V>T:2,S>P:2,V>M:1,S>Q:1,V>K:1,V>I:1,V>L:1,M>V:1,P>L:1,I>M:1,V>A:1,I>N:1,T>N:1,I>P:1,A>I:1,A>V:1	T:90,I:70,S:27,V:23,A:22,P:12,N:7,M:4,Q:2,L:2,K:1
14	L	T	2	1	2.385e-03	0.0099597	T>M:11,M>T:8,T>V:4,L>M:4,M>L:3,L>T:2,M>I:1,V>M:1,T>I:1,M>V:1,T>L:1	L:111,T:108,M:31,V:7,I:2,S:1
198	M	I	8	0	2.433e-03	0.0101186	M>V:11,M>L:9,M>I:8,L>M:7,M>A:5,L>I:4,I>A:4,V>A:3,L>F:2,A>V:2,L>S:1,A>T:1,A>I:1,A>F:1,I>V:1,V>M:1,V>L:1,M>F:1	L:134,M:50,I:31,A:23,V:16,F:4,T:1,S:1
55	W	Y	3	0	2.481e-03	0.0102762	W>Y:3,W>L:1	W:255,Y:3,L:2
446	M	V	6	0	2.529e-03	0.0103917	I>T:10,M>T:9,M>V:6,I>M:4,M>A:4,I>L:3,T>A:2,T>I:2,I>G:1,L>I:1,M>I:1,M>L:1	I:123,M:92,T:21,L:10,V:6,A:6,G:1,S:1
261	H	L	5	1	2.529e-03	0.0103917	H>Y:11,Y>H:6,H>L:5,Y>L:5,H>N:4,H>Q:4,H>S:3,Y>F:3,Y>I:2,L>F:2,H>F:2,L>P:2,I>V:1,H>R:1,L>I:1,L>H:1,L>V:1,H>C:1,N>D:1,N>S:1,F>S:1,P>S:1,H>P:1,N>G:1,N>H:1	N:122,H:48,Y:34,L:22,F:8,S:7,Q:5,P:4,I:3,V:3,D:1,C:1,R:1,G:1
457	S	N	2	1	2.576e-03	0.0105464	E>D:12,E>Q:4,E>S:4,S>N:2,E>G:2,D>N:1,N>S:1,E>N:1,S>T:1,S>A:1	E:212,D:14,S:10,N:10,Q:9,T:2,G:2,A:1
463	P	L	8	1	2.624e-03	0.0106999	P>L:8,P>S:4,L>F:3,P>I:2,F>S:1,L>M:1,F>Y:1,L>P:1,I>L:1,P>T:1	P:199,L:23,-:22,I:5,S:5,F:3,T:1,Y:1,M:1
285	I	T	9	1	2.719e-03	0.0110033	I>T:9,I>M:7,I>V:5,T>S:1,T>A:1,I>L:1,T>I:1	T:121,I:120,M:10,V:6,L:1,S:1,A:1
180	E	G	2	1	2.719e-03	0.0110033	K>E:10,K>N:5,E>K:2,E>G:2,K>Q:2,N>K:2,E>Q:1,N>S:1,N>D:1,G>E:1,N>G:1,K>T:1	K:197,E:36,N:14,G:6,Q:4,D:1,S:1,T:1
410	S	A	14	0	2.767e-03	0.0110682	S>A:14,S>T:6,S>L:5,A>T:3,S>C:2,S>M:2,A>M:1,T>A:1	S:210,A:27,T:11,L:5,M:4,C:2,I:1
464	S	T	5	0	2.767e-03	0.0110682	S>L:8,M>V:6,L>S:5,S>T:5,M>T:5,M>A:3,L>M:2,T>A:2,S>A:1,S>W:1,M>S:1,S>M:1	M:98,S:56,-:39,L:37,T:12,A:6,V:6,Q:4,W:2
166	Y	N	3	0	2.767e-03	0.0110682	H>Y:16,Y>H:14,Y>F:6,H>N:6,Y>N:3,H>C:3,H>F:2,Y>C:2,H>Q:1,H>A:1,H>T:1,H>L:1,H>S:1	H:168,Y:59,N:10,F:9,C:5,A:4,L:1,T:1,S:1,Q:1,W:1
86	P	S	4	1	2.862e-03	0.0112354	H>Q:13,P>S:4,Q>P:4,Q>R:4,Q>T:3,Q>K:3,H>N:2,H>P:2,Q>L:2,Q>H:2,P>L:1,S>L:1,S>P:1,E>G:1,Q>E:1,H>C:1,H>Y:1,Q>S:1,H>R:1,P>T:1	Q:137,H:83,P:10,S:6,R:5,T:5,L:4,N:3,K:3,Y:1,E:1,G:1,C:1
40	Q	Y	3	0	2.862e-03	0.0112354	Q>H:12,Q>Y:3,Q>L:2,Q>K:2,H>N:1,Q>T:1,Q>R:1	Q:224,H:25,Y:3,L:3,K:2,T:1,N:1,R:1
185	P	S	3	4	2.862e-03	0.0112354	T>P:18,T>S:15,T>A:14,T>M:7,T>L:5,S>P:4,S>L:3,P>S:3,T>V:3,S>T:2,S>N:2,P>L:2,T>I:2,P>H:2,L>F:1,T>E:1,P>T:1,A>V:1,T>N:1,S>M:1	T:135,S:39,P:31,A:14,L:10,M:9,N:9,V:6,I:3,H:2,E:1,F:1
166	H	C	3	0	2.862e-03	0.0112354	H>Y:16,Y>H:14,Y>F:6,H>N:6,Y>N:3,H>C:3,H>F:2,Y>C:2,H>Q:1,H>A:1,H>T:1,H>L:1,H>S:1	H:168,Y:59,N:10,F:9,C:5,A:4,L:1,T:1,S:1,Q:1,W:1
20	A	T	2	1	2.862e-03	0.0112354	Q>P:11,C>R:6,Q>K:5,P>L:5,P>T:5,R>H:5,C>H:5,C>S:4,H>C:4,P>A:3,C>Y:3,H>P:3,H>R:3,S>P:3,A>T:2,P>Q:2,R>S:2,C>P:2,H>Q:2,H>S:2,H>N:2,P>S:2,T>L:2,K>Q:1,T>I:1,T>S:1,K>T:1,K>P:1,Q>T:1,Q>A:1,Q>R:1,T>A:1,T>M:1,R>C:1,R>Q:1,C>L:1,Y>Q:1,H>L:1,H>I:1,C>G:1,P>H:1,P>I:1,P>M:1,S>T:1	P:62,Q:41,C:30,R:22,H:19,S:18,K:16,T:16,L:13,A:10,I:4,N:3,Y:3,M:2,G:1
447	I	A	6	0	2.910e-03	0.0112958	I>L:15,I>T:8,I>A:6,L>I:4,M>L:3,M>T:3,L>T:3,I>M:2,L>F:1,I>F:1,T>A:1,M>I:1,L>M:1	I:179,L:47,T:20,A:8,M:4,F:2
49	N	H	3	3	2.910e-03	0.0112958	H>Y:18,N>S:16,S>N:12,N>G:6,S>G:4,L>S:3,H>L:3,H>N:3,N>H:3,T>I:2,N>Y:2,H>R:1,L>T:1,H>Q:1,Y>H:1,H>S:1,T>S:1,N>T:1	H:69,S:63,N:55,Y:41,G:15,L:7,T:5,I:2,R:1,Q:1,M:1
253	I	F	2	0	2.910e-03	0.0112958	L>F:7,L>M:6,L>I:2,I>F:2,I>L:1	L:229,F:12,I:12,M:7
36	T	L	6	0	2.958e-03	0.0113965	T>A:38,T>S:9,T>L:6,S>F:3,S>T:2,L>S:2,T>F:2,A>T:2,T>I:2,S>A:1,S>C:1,L>M:1,L>F:1	T:161,A:49,S:19,L:16,F:8,I:3,C:3,M:1
263	H	C	3	1	2.958e-03	0.0113965	H>Y:15,H>Q:5,C>S:3,H>C:3,H>L:2,C>H:1,H>P:1,H>S:1,H>T:1,L>A:1,Q>L:1,H>N:1	H:216,Y:15,C:8,S:7,Q:6,L:3,P:1,N:1,A:1,T:1,I:1
450	I	M	5	2	3.006e-03	0.0115379	I>A:9,I>L:6,L>I:5,I>M:5,I>V:5,L>F:4,M>A:4,M>L:4,L>M:2,I>G:2,I>T:2,M>I:2,M>F:2,I>F:2,F>A:1,A>G:1	L:137,I:61,M:19,F:17,A:15,V:5,G:4,T:2
462	A	I	2	6	3.101e-03	0.0118176	I>V:14,I>L:9,V>I:9,V>A:8,I>T:8,I>A:6,I>M:6,V>T:5,A>T:3,T>A:2,A>I:2,I>Y:1,M>T:1,A>L:1,P>S:1,S>P:1,S>L:1,V>M:1,L>I:1,V>L:1,I>F:1	I:110,V:34,A:28,T:27,-:21,L:15,M:14,P:5,S:2,F:2,Y:1,Q:1
20	H	S	2	0	3.101e-03	0.0118176	Q>P:11,C>R:6,Q>K:5,P>L:5,P>T:5,R>H:5,C>H:5,C>S:4,H>C:4,P>A:3,C>Y:3,H>P:3,H>R:3,S>P:3,A>T:2,P>Q:2,R>S:2,C>P:2,H>Q:2,H>S:2,H>N:2,P>S:2,T>L:2,K>Q:1,T>I:1,T>S:1,K>T:1,K>P:1,Q>T:1,Q>A:1,Q>R:1,T>A:1,T>M:1,R>C:1,R>Q:1,C>L:1,Y>Q:1,H>L:1,H>I:1,C>G:1,P>H:1,P>I:1,P>M:1,S>T:1	P:62,Q:41,C:30,R:22,H:19,S:18,K:16,T:16,L:13,A:10,I:4,N:3,Y:3,M:2,G:1
86	Q	K	3	0	3.149e-03	0.0119128	H>Q:13,P>S:4,Q>P:4,Q>R:4,Q>T:3,Q>K:3,H>N:2,H>P:2,Q>L:2,Q>H:2,P>L:1,S>L:1,S>P:1,E>G:1,Q>E:1,H>C:1,H>Y:1,Q>S:1,H>R:1,P>T:1	Q:137,H:83,P:10,S:6,R:5,T:5,L:4,N:3,K:3,Y:1,E:1,G:1,C:1
463	P	I	2	0	3.149e-03	0.0119128	P>L:8,P>S:4,L>F:3,P>I:2,F>S:1,L>M:1,F>Y:1,L>P:1,I>L:1,P>T:1	P:199,L:23,-:22,I:5,S:5,F:3,T:1,Y:1,M:1
435	S	T	10	0	3.196e-03	0.0120498	N>S:15,N>T:10,S>T:10	S:120,N:93,T:46,Q:1
435	N	T	10	0	3.244e-03	0.0121858	N>S:15,N>T:10,S>T:10	S:120,N:93,T:46,Q:1
185	T	S	15	2	3.435e-03	0.0126755	T>P:18,T>S:15,T>A:14,T>M:7,T>L:5,S>P:4,S>L:3,P>S:3,T>V:3,S>T:2,S>N:2,P>L:2,T>I:2,P>H:2,L>F:1,T>E:1,P>T:1,A>V:1,T>N:1,S>M:1	T:135,S:39,P:31,A:14,L:10,M:9,N:9,V:6,I:3,H:2,E:1,F:1
32	L	F	12	0	3.435e-03	0.0126755	L>F:12,L>T:3,L>I:2,L>M:2,M>T:1	L:224,F:14,I:13,T:5,M:3,A:1
254	T	M	8	19	3.435e-03	0.0126755	M>T:19,T>M:8,V>I:8,V>T:5,M>I:3,V>M:3,T>I:2,M>L:2,M>A:1,T>L:1,I>T:1,V>A:1,I>V:1,I>L:1	V:92,M:71,T:69,I:19,L:7,A:2
99	M	I	7	0	3.435e-03	0.0126755	M>V:11,M>L:11,M>I:7,L>M:5,V>I:5,L>I:2,V>L:2,V>M:2,M>T:2,L>V:1,I>L:1,I>V:1	L:149,M:50,V:32,I:27,T:2
255	D	N	3	16	3.387e-03	0.0126755	N>D:16,N>S:11,G>N:8,G>S:6,G>T:4,S>T:4,N>T:4,D>N:3,N>G:3,S>P:2,A>T:2,N>H:2,E>N:1,E>Q:1,G>E:1,S>G:1,A>H:1,A>G:1,G>A:1,G>D:1,N>A:1,N>Y:1,N>P:1,D>A:1	N:107,G:71,D:27,T:24,S:16,P:4,H:3,A:3,E:2,Q:2,Y:1
252	I	L	7	6	3.483e-03	0.0127172	I>V:11,L>M:7,I>L:7,L>I:6,M>I:4,M>L:4,I>A:3,I>M:3,M>A:2,T>I:2,M>T:2,I>T:2,L>P:1,L>F:1,T>A:1,L>T:1,S>T:1,L>S:1,C>H:1,Y>H:1,C>Y:1,I>C:1,V>M:1	L:95,I:94,M:34,V:12,T:9,A:6,C:3,H:2,Y:1,P:1,F:1,S:1,N:1
191	S	N	6	1	3.483e-03	0.0127172	T>S:13,S>T:11,T>P:11,T>N:9,T>A:8,S>N:6,T>L:3,S>P:2,T>M:2,T>I:2,S>L:2,N>S:1,N>G:1,N>T:1,T>F:1,P>S:1,S>D:1	T:119,N:63,S:33,P:22,A:8,L:6,I:2,M:2,F:2,D:1,-:1,G:1
423	P	T	2	30	3.483e-03	0.0127172	T>P:30,T>A:20,T>V:18,T>M:10,T>I:7,T>S:4,S>P:2,P>T:2,V>S:1,V>I:1,V>A:1,T>N:1,P>Q:1,P>A:1,I>T:1,P>I:1,T>Q:1,T>H:1	T:120,P:55,V:25,A:22,M:14,I:11,S:9,Q:2,N:1,H:1
100	I	V	30	1	3.626e-03	0.0131028	I>V:30,I>T:10,I>L:8,V>I:1,V>L:1,V>M:1	I:195,V:36,L:14,T:13,M:1,A:1
163	A	T	18	21	3.626e-03	0.0131028	T>A:21,A>T:18,T>S:4,A>V:4,T>V:3,V>A:3,A>I:3,A>S:1,S>A:1,S>T:1,T>I:1,I>M:1,V>I:1	A:136,T:94,V:14,S:10,I:5,M:1
14	L	M	4	3	3.626e-03	0.0131028	T>M:11,M>T:8,T>V:4,L>M:4,M>L:3,L>T:2,M>I:1,V>M:1,T>I:1,M>V:1,T>L:1	L:111,T:108,M:31,V:7,I:2,S:1
5	I	M	12	2	3.721e-03	0.0133555	I>L:23,I>M:12,I>F:2,L>M:2,M>I:2,L>F:1,I>V:1,M>L:1	I:203,L:35,M:18,F:3,V:1
184	H	Y	2	0	3.721e-03	0.0133555	P>S:10,P>T:5,P>L:5,P>H:4,H>Y:2,S>F:1,S>P:1,P>F:1,P>Q:1	P:220,S:15,H:8,T:6,L:5,Y:3,F:2,Q:1
97	T	M	14	5	3.817e-03	0.0136512	T>A:25,T>M:14,T>S:13,T>L:8,M>L:7,M>T:5,T>I:4,T>V:4,A>S:3,S>L:2,M>A:2,T>C:1,S>A:1,S>T:1,M>S:1,T>F:1,M>V:1,M>I:1,L>I:1	T:119,S:48,A:32,L:23,M:22,I:7,V:5,C:3,F:1
29	T	M	14	1	3.864e-03	0.0137282	T>A:30,T>M:14,T>L:9,T>S:6,A>T:6,L>M:3,S>L:3,L>F:3,S>A:2,S>F:2,T>F:1,A>M:1,S>M:1,T>I:1,M>T:1,M>A:1,L>T:1,T>G:1,L>I:1,S>T:1	T:113,L:47,A:43,M:29,S:17,F:7,I:3,G:1
89	P	S	2	1	3.864e-03	0.0137282	T>I:16,T>A:13,T>P:12,P>L:10,L>P:9,P>T:8,T>M:7,L>M:4,L>S:4,T>N:4,T>V:3,L>T:3,T>S:3,P>Y:2,S>T:2,L>Q:2,I>T:2,P>S:2,H>N:1,H>Y:1,H>Q:1,L>H:1,P>V:1,L>I:1,L>F:1,S>Q:1,S>P:1,M>T:1,T>H:1,I>A:1,A>T:1,P>I:1,T>E:1,P>H:1	P:62,T:51,L:44,I:37,A:20,M:12,S:9,H:7,N:5,V:4,Q:4,Y:3,E:1,F:1
424	P	S	2	0	4.007e-03	0.0141885	L>I:14,L>P:7,L>T:5,L>M:3,P>S:2,P>L:2,L>S:2,T>P:2,T>I:2,T>M:2,I>T:1,M>T:1,M>I:1,M>L:1,L>V:1,T>S:1,T>L:1	L:181,I:26,T:21,P:20,M:6,S:5,V:1
29	L	F	3	0	4.103e-03	0.0144774	T>A:30,T>M:14,T>L:9,T>S:6,A>T:6,L>M:3,S>L:3,L>F:3,S>A:2,S>F:2,T>F:1,A>M:1,S>M:1,T>I:1,M>T:1,M>A:1,L>T:1,T>G:1,L>I:1,S>T:1	T:113,L:47,A:43,M:29,S:17,F:7,I:3,G:1
424	L	T	5	1	4.198e-03	0.0147150	L>I:14,L>P:7,L>T:5,L>M:3,P>S:2,P>L:2,L>S:2,T>P:2,T>I:2,T>M:2,I>T:1,M>T:1,M>I:1,M>L:1,L>V:1,T>S:1,T>L:1	L:181,I:26,T:21,P:20,M:6,S:5,V:1
254	V	T	5	0	4.198e-03	0.0147150	M>T:19,T>M:8,V>I:8,V>T:5,M>I:3,V>M:3,T>I:2,M>L:2,M>A:1,T>L:1,I>T:1,V>A:1,I>V:1,I>L:1	V:92,M:71,T:69,I:19,L:7,A:2
175	Y	F	7	0	4.294e-03	0.0149993	H>Y:12,H>N:8,Y>F:7,H>S:2,H>Q:2,H>C:1,Y>C:1,N>S:1	Y:121,H:107,N:13,F:8,Q:5,S:4,C:2
185	S	P	4	3	4.437e-03	0.0153966	T>P:18,T>S:15,T>A:14,T>M:7,T>L:5,S>P:4,S>L:3,P>S:3,T>V:3,S>T:2,S>N:2,P>L:2,T>I:2,P>H:2,L>F:1,T>E:1,P>T:1,A>V:1,T>N:1,S>M:1	T:135,S:39,P:31,A:14,L:10,M:9,N:9,V:6,I:3,H:2,E:1,F:1
261	L	F	2	0	4.437e-03	0.0153966	H>Y:11,Y>H:6,H>L:5,Y>L:5,H>N:4,H>Q:4,H>S:3,Y>F:3,Y>I:2,L>F:2,H>F:2,L>P:2,I>V:1,H>R:1,L>I:1,L>H:1,L>V:1,H>C:1,N>D:1,N>S:1,F>S:1,P>S:1,H>P:1,N>G:1,N>H:1	N:122,H:48,Y:34,L:22,F:8,S:7,Q:5,P:4,I:3,V:3,D:1,C:1,R:1,G:1
414	F	Y	10	0	4.532e-03	0.0156243	F>S:10,F>Y:10,Y>H:4,S>T:1	Y:137,F:100,S:12,H:10,T:1
463	L	F	3	0	4.532e-03	0.0156243	P>L:8,P>S:4,L>F:3,P>I:2,F>S:1,L>M:1,F>Y:1,L>P:1,I>L:1,P>T:1	P:199,L:23,-:22,I:5,S:5,F:3,T:1,Y:1,M:1
22	Y	H	6	19	4.628e-03	0.0158489	F>L:19,H>Y:19,F>S:7,Y>H:6,F>Y:5,F>H:4,H>F:4,Y>F:3,S>T:1,S>F:1,L>S:1,L>H:1,F>N:1,H>N:1	H:100,F:79,Y:38,L:27,S:11,N:3,T:2
182	T	N	5	0	4.628e-03	0.0158489	S>H:12,S>T:8,T>I:6,S>F:6,T>S:5,T>N:5,T>M:3,T>V:3,S>Y:3,L>S:3,S>L:3,T>A:2,S>A:2,M>Q:1,M>L:1,M>T:1,T>H:1,S>N:1,S>Q:1,H>Y:1,H>S:1,L>I:1	S:98,T:86,H:16,L:13,M:11,N:9,I:7,F:6,A:4,Y:4,V:3,Q:3
93	R	Q	10	0	4.675e-03	0.0159602	R>Q:10,H>Y:2,R>Y:1,Q>K:1,H>C:1,Q>H:1	R:229,Q:21,H:5,Y:3,K:1,C:1
186	L	T	5	0	4.723e-03	0.0160187	M>V:9,L>P:8,M>T:7,L>M:5,L>S:5,L>T:5,M>L:4,V>M:2,L>F:1,P>L:1,P>S:1,L>Y:1,L>I:1,L>H:1,M>S:1,M>I:1,A>S:1,A>I:1,M>A:1,I>A:1,T>I:1,T>A:1,M>P:1,V>T:1,L>V:1	L:143,M:41,T:19,P:19,V:15,S:11,I:5,A:3,H:2,F:1,Y:1
155	A	I	2	3	4.723e-03	0.0160187	I>M:6,A>V:4,I>A:3,I>V:2,I>T:2,A>I:2,V>A:1,A>T:1	I:127,A:110,V:12,M:7,T:4
177	T	A	7	0	4.771e-03	0.0160764	T>P:11,T>M:10,T>A:7,T>I:4,M>T:1,M>L:1,I>T:1,T>L:1,P>T:1	P:168,T:58,M:15,A:7,I:7,L:5
49	T	I	2	0	4.771e-03	0.0160764	H>Y:18,N>S:16,S>N:12,N>G:6,S>G:4,L>S:3,H>L:3,H>N:3,N>H:3,T>I:2,N>Y:2,H>R:1,L>T:1,H>Q:1,Y>H:1,H>S:1,T>S:1,N>T:1	H:69,S:63,N:55,Y:41,G:15,L:7,T:5,I:2,R:1,Q:1,M:1
446	M	T	9	0	4.866e-03	0.0162932	I>T:10,M>T:9,M>V:6,I>M:4,M>A:4,I>L:3,T>A:2,T>I:2,I>G:1,L>I:1,M>I:1,M>L:1	I:123,M:92,T:21,L:10,V:6,A:6,G:1,S:1
104	P	L	8	0	4.866e-03	0.0162932	P>L:8,P>S:2,L>T:1,P>T:1	P:214,L:42,S:2,T:2
51	S	G	3	14	4.914e-03	0.0164005	G>S:14,N>T:9,N>Y:5,N>H:5,N>S:5,G>T:4,G>N:4,S>G:3,S>T:3,H>F:2,N>D:2,N>A:2,T>A:2,S>Y:2,H>Y:1,H>C:1,Y>F:1,S>A:1,N>I:1,G>Y:1,T>F:1,S>N:1,G>D:1,N>G:1	N:106,G:59,T:29,S:27,F:12,Y:9,H:8,A:5,D:3,C:1,I:1
426	T	S	14	0	5.009e-03	0.0164569	T>S:14,S>P:8,T>P:7,T>A:4,T>N:3,T>I:1,T>D:1,S>N:1,N>S:1,P>T:1,P>H:1,P>S:1,S>A:1	S:130,T:95,P:22,A:5,N:5,H:1,I:1,D:1
77	I	F	4	0	5.009e-03	0.0164569	I>L:13,I>V:8,I>M:8,I>F:4,M>L:2,I>A:1	I:188,L:45,M:13,V:8,F:5,A:1
101	L	F	3	0	5.009e-03	0.0164569	T>M:17,L>M:9,T>A:6,T>I:5,T>L:5,L>S:5,L>T:5,L>F:3,T>S:2,L>A:2,L>I:2,M>V:1,I>T:1,S>A:1,A>V:1,A>S:1,A>T:1,A>L:1,L>V:1	L:111,T:79,M:30,I:14,A:12,S:8,V:3,F:3
180	E	K	2	10	4.962e-03	0.0164569	K>E:10,K>N:5,E>K:2,E>G:2,K>Q:2,N>K:2,E>Q:1,N>S:1,N>D:1,G>E:1,N>G:1,K>T:1	K:197,E:36,N:14,G:6,Q:4,D:1,S:1,T:1
187	S	P	2	0	5.009e-03	0.0164569	S>P:2,S>N:1,S>L:1,P>T:1,S>T:1	-:247,P:6,S:3,T:2,N:1,L:1
27	I	T	8	23	5.057e-03	0.0165101	T>I:23,I>T:8,I>V:6,T>V:5,T>A:3,T>S:2,I>L:2,I>M:1,T>M:1,T>L:1	T:170,I:68,V:11,A:3,L:3,S:2,M:2,P:1
177	T	I	4	1	5.057e-03	0.0165101	T>P:11,T>M:10,T>A:7,T>I:4,M>T:1,M>L:1,I>T:1,T>L:1,P>T:1	P:168,T:58,M:15,A:7,I:7,L:5
356	L	I	12	0	5.105e-03	0.0165116	L>I:12,L>M:3,I>V:1	L:231,I:21,M:6,V:1,T:1
6	I	L	6	23	5.105e-03	0.0165116	L>I:23,I>M:9,I>V:8,I>L:6,I>A:6,I>T:2,I>F:1,L>F:1	I:128,L:102,M:11,V:9,A:6,F:2,T:2
185	S	L	3	0	5.105e-03	0.0165116	T>P:18,T>S:15,T>A:14,T>M:7,T>L:5,S>P:4,S>L:3,P>S:3,T>V:3,S>T:2,S>N:2,P>L:2,T>I:2,P>H:2,L>F:1,T>E:1,P>T:1,A>V:1,T>N:1,S>M:1	T:135,S:39,P:31,A:14,L:10,M:9,N:9,V:6,I:3,H:2,E:1,F:1
196	S	N	4	14	5.152e-03	0.0165636	N>S:14,G>N:13,G>S:13,N>G:10,N>T:7,N>D:7,S>G:5,S>N:4,G>D:3,S>T:2,N>H:2,N>Y:2,D>G:1,Y>H:1,Y>F:1,T>A:1,T>S:1,G>E:1,G>Y:1	G:133,N:52,S:37,D:15,T:15,H:3,Y:2,A:1,E:1,F:1
311	D	N	2	0	5.152e-03	0.0165636	H>Q:10,H>N:6,H>P:3,H>S:3,H>Y:3,D>N:2,H>D:2,D>E:1,H>E:1,H>L:1,Q>P:1	Q:136,H:87,D:12,N:8,P:8,S:3,Y:3,E:2,L:1
36	T	F	2	0	5.391e-03	0.0172775	T>A:38,T>S:9,T>L:6,S>F:3,S>T:2,L>S:2,T>F:2,A>T:2,T>I:2,S>A:1,S>C:1,L>M:1,L>F:1	T:161,A:49,S:19,L:16,F:8,I:3,C:3,M:1
250	I	M	8	1	5.486e-03	0.0175297	I>V:34,V>I:13,I>L:9,I>M:8,I>T:5,V>M:3,V>T:2,L>F:2,I>F:1,M>I:1	I:137,V:73,L:19,M:19,T:9,F:3
182	S	L	3	3	5.534e-03	0.0176283	S>H:12,S>T:8,T>I:6,S>F:6,T>S:5,T>N:5,T>M:3,T>V:3,S>Y:3,L>S:3,S>L:3,T>A:2,S>A:2,M>Q:1,M>L:1,M>T:1,T>H:1,S>N:1,S>Q:1,H>Y:1,H>S:1,L>I:1	S:98,T:86,H:16,L:13,M:11,N:9,I:7,F:6,A:4,Y:4,V:3,Q:3
22	F	S	7	1	5.582e-03	0.0177264	F>L:19,H>Y:19,F>S:7,Y>H:6,F>Y:5,F>H:4,H>F:4,Y>F:3,S>T:1,S>F:1,L>S:1,L>H:1,F>N:1,H>N:1	H:100,F:79,Y:38,L:27,S:11,N:3,T:2
186	L	S	5	0	5.630e-03	0.0178239	M>V:9,L>P:8,M>T:7,L>M:5,L>S:5,L>T:5,M>L:4,V>M:2,L>F:1,P>L:1,P>S:1,L>Y:1,L>I:1,L>H:1,M>S:1,M>I:1,A>S:1,A>I:1,M>A:1,I>A:1,T>I:1,T>A:1,M>P:1,V>T:1,L>V:1	L:143,M:41,T:19,P:19,V:15,S:11,I:5,A:3,H:2,F:1,Y:1
313	S	A	13	2	5.725e-03	0.0179632	S>A:13,A>S:2	A:143,S:117
197	L	I	12	1	5.725e-03	0.0179632	L>I:12,L>T:9,L>M:7,L>F:3,I>M:2,I>V:2,L>P:2,L>V:2,T>I:1,T>M:1,I>T:1,L>Y:1,I>L:1	L:196,I:24,T:17,M:12,V:4,F:3,P:3,Y:1
189	T	S	2	0	5.725e-03	0.0179632	T>S:2,T>P:1,T>I:1	-:252,T:4,S:2,P:1,I:1
252	I	V	11	0	5.916e-03	0.0184515	I>V:11,L>M:7,I>L:7,L>I:6,M>I:4,M>L:4,I>A:3,I>M:3,M>A:2,T>I:2,M>T:2,I>T:2,L>P:1,L>F:1,T>A:1,L>T:1,S>T:1,L>S:1,C>H:1,Y>H:1,C>Y:1,I>C:1,V>M:1	L:95,I:94,M:34,V:12,T:9,A:6,C:3,H:2,Y:1,P:1,F:1,S:1,N:1
89	T	S	3	2	5.916e-03	0.0184515	T>I:16,T>A:13,T>P:12,P>L:10,L>P:9,P>T:8,T>M:7,L>M:4,L>S:4,T>N:4,T>V:3,L>T:3,T>S:3,P>Y:2,S>T:2,L>Q:2,I>T:2,P>S:2,H>N:1,H>Y:1,H>Q:1,L>H:1,P>V:1,L>I:1,L>F:1,S>Q:1,S>P:1,M>T:1,T>H:1,I>A:1,A>T:1,P>I:1,T>E:1,P>H:1	P:62,T:51,L:44,I:37,A:20,M:12,S:9,H:7,N:5,V:4,Q:4,Y:3,E:1,F:1
450	I	L	6	5	6.059e-03	0.0187307	I>A:9,I>L:6,L>I:5,I>M:5,I>V:5,L>F:4,M>A:4,M>L:4,L>M:2,I>G:2,I>T:2,M>I:2,M>F:2,I>F:2,F>A:1,A>G:1	L:137,I:61,M:19,F:17,A:15,V:5,G:4,T:2
205	L	V	3	0	6.059e-03	0.0187307	M>T:14,T>M:11,L>M:10,M>L:4,M>V:4,L>I:4,L>T:4,M>I:3,L>V:3,I>T:1,T>A:1,T>I:1,T>L:1	L:114,M:75,T:55,I:8,V:7,A:1
198	V	A	3	2	6.059e-03	0.0187307	M>V:11,M>L:9,M>I:8,L>M:7,M>A:5,L>I:4,I>A:4,V>A:3,L>F:2,A>V:2,L>S:1,A>T:1,A>I:1,A>F:1,I>V:1,V>M:1,V>L:1,M>F:1	L:134,M:50,I:31,A:23,V:16,F:4,T:1,S:1
9	I	M	11	0	6.154e-03	0.0188587	I>A:11,I>M:11,I>L:9,I>T:8,I>V:7,A>T:5,I>F:3,V>I:1,M>V:1,A>S:1,T>M:1,T>I:1	I:174,A:29,T:17,M:16,L:12,V:8,F:3,S:1
31	S	G	6	0	6.154e-03	0.0188587	S>G:6,S>A:3	S:251,G:6,A:3
86	Q	L	2	0	6.154e-03	0.0188587	H>Q:13,P>S:4,Q>P:4,Q>R:4,Q>T:3,Q>K:3,H>N:2,H>P:2,Q>L:2,Q>H:2,P>L:1,S>L:1,S>P:1,E>G:1,Q>E:1,H>C:1,H>Y:1,Q>S:1,H>R:1,P>T:1	Q:137,H:83,P:10,S:6,R:5,T:5,L:4,N:3,K:3,Y:1,E:1,G:1,C:1
361	G	A	2	5	6.202e-03	0.0189495	A>S:6,A>G:5,A>T:5,G>A:2,C>S:1,S>C:1,S>A:1,G>S:1	A:216,S:19,G:11,C:8,T:6
431	I	M	11	0	6.297e-03	0.0191634	I>L:16,I>M:11,I>T:10,I>V:6,M>L:2,I>A:1,T>I:1,L>M:1,I>P:1	I:185,L:36,T:17,M:14,V:6,A:1,P:1
182	S	T	8	5	6.345e-03	0.0191634	S>H:12,S>T:8,T>I:6,S>F:6,T>S:5,T>N:5,T>M:3,T>V:3,S>Y:3,L>S:3,S>L:3,T>A:2,S>A:2,M>Q:1,M>L:1,M>T:1,T>H:1,S>N:1,S>Q:1,H>Y:1,H>S:1,L>I:1	S:98,T:86,H:16,L:13,M:11,N:9,I:7,F:6,A:4,Y:4,V:3,Q:3
29	S	L	3	0	6.345e-03	0.0191634	T>A:30,T>M:14,T>L:9,T>S:6,A>T:6,L>M:3,S>L:3,L>F:3,S>A:2,S>F:2,T>F:1,A>M:1,S>M:1,T>I:1,M>T:1,M>A:1,L>T:1,T>G:1,L>I:1,S>T:1	T:113,L:47,A:43,M:29,S:17,F:7,I:3,G:1
176	F	Y	3	0	6.345e-03	0.0191634	F>L:24,L>F:16,L>M:3,L>I:3,F>Y:3,M>L:1,M>I:1	L:182,F:61,M:8,I:6,Y:3
29	L	M	3	0	6.488e-03	0.0195393	T>A:30,T>M:14,T>L:9,T>S:6,A>T:6,L>M:3,S>L:3,L>F:3,S>A:2,S>F:2,T>F:1,A>M:1,S>M:1,T>I:1,M>T:1,M>A:1,L>T:1,T>G:1,L>I:1,S>T:1	T:113,L:47,A:43,M:29,S:17,F:7,I:3,G:1
289	S	A	13	3	6.727e-03	0.0201419	S>A:13,A>S:3	S:230,A:30
99	M	L	11	5	6.727e-03	0.0201419	M>V:11,M>L:11,M>I:7,L>M:5,V>I:5,L>I:2,V>L:2,V>M:2,M>T:2,L>V:1,I>L:1,I>V:1	L:149,M:50,V:32,I:27,T:2
431	I	L	16	0	6.774e-03	0.0202270	I>L:16,I>M:11,I>T:10,I>V:6,M>L:2,I>A:1,T>I:1,L>M:1,I>P:1	I:185,L:36,T:17,M:14,V:6,A:1,P:1
395	S	F	2	0	6.965e-03	0.0207376	S>P:11,T>A:9,S>A:8,T>S:7,S>T:6,T>M:5,T>I:5,T>N:4,T>P:3,S>N:3,S>F:2,P>N:2,F>L:1,S>Y:1,T>V:1,N>Y:1,A>S:1	S:103,P:47,A:45,T:34,N:12,I:6,M:5,Y:3,F:2,V:1,L:1,D:1
200	G	S	2	22	7.013e-03	0.0208205	S>G:22,S>N:12,S>T:11,S>A:4,G>S:2,S>E:1,A>T:1,N>D:1	S:167,G:46,N:23,T:17,A:4,D:1,E:1,W:1
49	H	Y	18	1	7.061e-03	0.0208441	H>Y:18,N>S:16,S>N:12,N>G:6,S>G:4,L>S:3,H>L:3,H>N:3,N>H:3,T>I:2,N>Y:2,H>R:1,L>T:1,H>Q:1,Y>H:1,H>S:1,T>S:1,N>T:1	H:69,S:63,N:55,Y:41,G:15,L:7,T:5,I:2,R:1,Q:1,M:1
260	N	P	2	0	7.061e-03	0.0208441	N>S:24,N>T:12,N>D:6,N>E:4,S>P:2,N>P:2,S>T:1,S>C:1,T>P:1,N>Y:1,S>N:1	N:191,S:34,T:13,P:8,E:6,D:6,C:1,Y:1
166	Y	C	2	0	7.108e-03	0.0209260	H>Y:16,Y>H:14,Y>F:6,H>N:6,Y>N:3,H>C:3,H>F:2,Y>C:2,H>Q:1,H>A:1,H>T:1,H>L:1,H>S:1	H:168,Y:59,N:10,F:9,C:5,A:4,L:1,T:1,S:1,Q:1,W:1
200	S	N	12	0	7.299e-03	0.0214275	S>G:22,S>N:12,S>T:11,S>A:4,G>S:2,S>E:1,A>T:1,N>D:1	S:167,G:46,N:23,T:17,A:4,D:1,E:1,W:1
163	A	I	3	0	7.538e-03	0.0220045	T>A:21,A>T:18,T>S:4,A>V:4,T>V:3,V>A:3,A>I:3,A>S:1,S>A:1,S>T:1,T>I:1,I>M:1,V>I:1	A:136,T:94,V:14,S:10,I:5,M:1
43	V	A	3	2	7.538e-03	0.0220045	T>V:13,T>A:12,V>T:12,T>L:10,T>S:5,T>I:4,V>A:3,Y>H:2,I>L:2,A>V:2,H>Y:1,N>H:1,T>N:1,T>P:1,L>T:1,L>S:1,L>Q:1,S>L:1,V>I:1	T:106,L:49,V:47,A:15,I:13,S:13,H:8,Y:5,N:2,P:1,Q:1
258	T	A	3	0	7.729e-03	0.0224989	L>I:9,L>M:8,S>T:8,L>S:6,S>P:6,S>A:5,L>T:4,S>L:4,L>V:3,T>A:3,L>F:2,I>T:2,T>S:2,M>V:1,V>T:1,S>Y:1,L>P:1,S>Q:1,S>M:1,S>F:1,T>V:1,P>L:1,I>L:1,M>S:1	L:102,S:80,T:28,I:13,P:10,M:9,A:8,V:5,F:3,Y:1,Q:1
29	S	F	2	0	8.015e-03	0.0232676	T>A:30,T>M:14,T>L:9,T>S:6,A>T:6,L>M:3,S>L:3,L>F:3,S>A:2,S>F:2,T>F:1,A>M:1,S>M:1,T>I:1,M>T:1,M>A:1,L>T:1,T>G:1,L>I:1,S>T:1	T:113,L:47,A:43,M:29,S:17,F:7,I:3,G:1
51	N	T	9	0	8.110e-03	0.0234149	G>S:14,N>T:9,N>Y:5,N>H:5,N>S:5,G>T:4,G>N:4,S>G:3,S>T:3,H>F:2,N>D:2,N>A:2,T>A:2,S>Y:2,H>Y:1,H>C:1,Y>F:1,S>A:1,N>I:1,G>Y:1,T>F:1,S>N:1,G>D:1,N>G:1	N:106,G:59,T:29,S:27,F:12,Y:9,H:8,A:5,D:3,C:1,I:1
454	F	L	9	16	8.110e-03	0.0234149	L>F:16,F>L:9,L>M:3,L>T:2,L>A:2,M>T:1,F>S:1,F>T:1	L:208,F:39,T:6,A:3,M:3,S:1
163	V	A	3	4	8.253e-03	0.0237626	T>A:21,A>T:18,T>S:4,A>V:4,T>V:3,V>A:3,A>I:3,A>S:1,S>A:1,S>T:1,T>I:1,I>M:1,V>I:1	A:136,T:94,V:14,S:10,I:5,M:1
162	I	V	20	28	8.349e-03	0.0239715	V>I:28,I>V:20,V>T:2,I>T:1	I:163,V:94,T:3
191	T	S	13	11	8.492e-03	0.0242495	T>S:13,S>T:11,T>P:11,T>N:9,T>A:8,S>N:6,T>L:3,S>P:2,T>M:2,T>I:2,S>L:2,N>S:1,N>G:1,N>T:1,T>F:1,P>S:1,S>D:1	T:119,N:63,S:33,P:22,A:8,L:6,I:2,M:2,F:2,D:1,-:1,G:1
170	Q	H	10	0	8.492e-03	0.0242495	Q>H:10,Q>L:4,Q>K:3,Q>E:2,Q>T:2,K>N:1,K>E:1,Q>W:1,H>R:1	Q:212,K:20,H:13,L:5,E:4,T:2,R:1,N:1,W:1,M:1
258	T	S	2	8	8.587e-03	0.0244554	L>I:9,L>M:8,S>T:8,L>S:6,S>P:6,S>A:5,L>T:4,S>L:4,L>V:3,T>A:3,L>F:2,I>T:2,T>S:2,M>V:1,V>T:1,S>Y:1,L>P:1,S>Q:1,S>M:1,S>F:1,T>V:1,P>L:1,I>L:1,M>S:1	L:102,S:80,T:28,I:13,P:10,M:9,A:8,V:5,F:3,Y:1,Q:1
311	H	Q	10	0	8.635e-03	0.0245246	H>Q:10,H>N:6,H>P:3,H>S:3,H>Y:3,D>N:2,H>D:2,D>E:1,H>E:1,H>L:1,Q>P:1	Q:136,H:87,D:12,N:8,P:8,S:3,Y:3,E:2,L:1
56	T	A	21	1	8.730e-03	0.0247285	T>A:21,T>M:7,T>S:6,A>T:1,S>L:1,S>T:1,S>F:1	T:216,A:24,S:9,M:7,L:3,F:1
96	A	V	2	0	8.778e-03	0.0247967	I>L:8,I>T:7,I>V:7,I>A:7,A>T:6,T>A:2,A>V:2,I>M:1,T>M:1,L>A:1,V>I:1,T>L:1	I:171,A:42,T:21,L:13,V:9,M:4
267	L	I	11	0	8.874e-03	0.0249318	L>I:11,L>M:1,I>T:1,L>S:1,I>M:1	I:137,L:118,M:3,T:1,S:1
14	M	T	8	11	8.874e-03	0.0249318	T>M:11,M>T:8,T>V:4,L>M:4,M>L:3,L>T:2,M>I:1,V>M:1,T>I:1,M>V:1,T>L:1	L:111,T:108,M:31,V:7,I:2,S:1
112	T	A	12	15	8.969e-03	0.0249988	A>T:15,T>A:12,A>S:11,T>S:3,S>T:1	A:175,T:62,S:23
361	A	G	5	2	8.921e-03	0.0249988	A>S:6,A>G:5,A>T:5,G>A:2,C>S:1,S>C:1,S>A:1,G>S:1	A:216,S:19,G:11,C:8,T:6
424	T	M	2	1	8.969e-03	0.0249988	L>I:14,L>P:7,L>T:5,L>M:3,P>S:2,P>L:2,L>S:2,T>P:2,T>I:2,T>M:2,I>T:1,M>T:1,M>I:1,M>L:1,L>V:1,T>S:1,T>L:1	L:181,I:26,T:21,P:20,M:6,S:5,V:1
12	L	I	11	0	9.064e-03	0.0251311	L>I:11,L>F:4,L>M:3,L>P:2,M>I:1,L>A:1,L>T:1	L:229,I:17,P:5,F:4,M:3,A:1,T:1
252	M	A	2	0	9.064e-03	0.0251311	I>V:11,L>M:7,I>L:7,L>I:6,M>I:4,M>L:4,I>A:3,I>M:3,M>A:2,T>I:2,M>T:2,I>T:2,L>P:1,L>F:1,T>A:1,L>T:1,S>T:1,L>S:1,C>H:1,Y>H:1,C>Y:1,I>C:1,V>M:1	L:95,I:94,M:34,V:12,T:9,A:6,C:3,H:2,Y:1,P:1,F:1,S:1,N:1
101	T	L	5	5	9.160e-03	0.0253286	T>M:17,L>M:9,T>A:6,T>I:5,T>L:5,L>S:5,L>T:5,L>F:3,T>S:2,L>A:2,L>I:2,M>V:1,I>T:1,S>A:1,A>V:1,A>S:1,A>T:1,A>L:1,L>V:1	L:111,T:79,M:30,I:14,A:12,S:8,V:3,F:3
96	A	T	6	2	9.255e-03	0.0255251	I>L:8,I>T:7,I>V:7,I>A:7,A>T:6,T>A:2,A>V:2,I>M:1,T>M:1,L>A:1,V>I:1,T>L:1	I:171,A:42,T:21,L:13,V:9,M:4
166	Y	F	6	0	9.303e-03	0.0255893	H>Y:16,Y>H:14,Y>F:6,H>N:6,Y>N:3,H>C:3,H>F:2,Y>C:2,H>Q:1,H>A:1,H>T:1,H>L:1,H>S:1	H:168,Y:59,N:10,F:9,C:5,A:4,L:1,T:1,S:1,Q:1,W:1
20	P	S	2	3	9.351e-03	0.0256532	Q>P:11,C>R:6,Q>K:5,P>L:5,P>T:5,R>H:5,C>H:5,C>S:4,H>C:4,P>A:3,C>Y:3,H>P:3,H>R:3,S>P:3,A>T:2,P>Q:2,R>S:2,C>P:2,H>Q:2,H>S:2,H>N:2,P>S:2,T>L:2,K>Q:1,T>I:1,T>S:1,K>T:1,K>P:1,Q>T:1,Q>A:1,Q>R:1,T>A:1,T>M:1,R>C:1,R>Q:1,C>L:1,Y>Q:1,H>L:1,H>I:1,C>G:1,P>H:1,P>I:1,P>M:1,S>T:1	P:62,Q:41,C:30,R:22,H:19,S:18,K:16,T:16,L:13,A:10,I:4,N:3,Y:3,M:2,G:1
84	T	I	2	0	9.494e-03	0.0259779	L>M:3,L>I:2,T>I:2,L>T:1	L:246,T:6,I:4,M:4
405	I	M	4	0	9.542e-03	0.0260404	T>I:4,I>M:4,T>S:3,I>S:1,I>V:1	T:138,I:110,S:5,M:5,V:1,A:1
424	T	I	2	1	9.589e-03	0.0261027	L>I:14,L>P:7,L>T:5,L>M:3,P>S:2,P>L:2,L>S:2,T>P:2,T>I:2,T>M:2,I>T:1,M>T:1,M>I:1,M>L:1,L>V:1,T>S:1,T>L:1	L:181,I:26,T:21,P:20,M:6,S:5,V:1
163	T	A	21	18	9.637e-03	0.0261646	T>A:21,A>T:18,T>S:4,A>V:4,T>V:3,V>A:3,A>I:3,A>S:1,S>A:1,S>T:1,T>I:1,I>M:1,V>I:1	A:136,T:94,V:14,S:10,I:5,M:1
462	V	T	5	0	9.780e-03	0.0263484	I>V:14,I>L:9,V>I:9,V>A:8,I>T:8,I>A:6,I>M:6,V>T:5,A>T:3,T>A:2,A>I:2,I>Y:1,M>T:1,A>L:1,P>S:1,S>P:1,S>L:1,V>M:1,L>I:1,V>L:1,I>F:1	I:110,V:34,A:28,T:27,-:21,L:15,M:14,P:5,S:2,F:2,Y:1,Q:1
414	Y	H	4	0	9.780e-03	0.0263484	F>S:10,F>Y:10,Y>H:4,S>T:1	Y:137,F:100,S:12,H:10,T:1
54	P	S	2	0	9.780e-03	0.0263484	Q>P:12,H>P:9,H>Y:8,Q>H:6,P>L:4,P>F:4,Q>N:2,P>S:2,P>H:2,Q>E:2,P>T:1,Q>V:1,N>T:1,N>D:1,N>H:1,Q>Y:1,P>Q:1,P>Y:1,L>F:1,H>S:1,H>Q:1,Y>F:1,H>F:1,H>N:1	Q:98,P:89,H:33,Y:10,F:8,L:7,N:6,S:3,T:2,E:2,D:1,V:1
447	I	L	15	4	9.875e-03	0.0264693	I>L:15,I>T:8,I>A:6,L>I:4,M>L:3,M>T:3,L>T:3,I>M:2,L>F:1,I>F:1,T>A:1,M>I:1,L>M:1	I:179,L:47,T:20,A:8,M:4,F:2
97	T	S	13	1	9.875e-03	0.0264693	T>A:25,T>M:14,T>S:13,T>L:8,M>L:7,M>T:5,T>I:4,T>V:4,A>S:3,S>L:2,M>A:2,T>C:1,S>A:1,S>T:1,M>S:1,T>F:1,M>V:1,M>I:1,L>I:1	T:119,S:48,A:32,L:23,M:22,I:7,V:5,C:3,F:1
348	L	I	11	1	9.923e-03	0.0265293	L>I:11,L>F:3,I>V:2,I>L:1,F>L:1	L:218,I:30,F:9,V:3
403	T	L	5	0	1.011e-02	0.0269707	T>A:34,T>I:20,A>T:10,T>S:10,T>L:5,I>T:4,T>M:4,T>V:3,I>M:2,M>L:2,A>G:2,M>I:1,A>M:1,A>S:1,I>A:1	T:117,A:60,I:38,L:21,S:11,M:8,V:3,G:2
23	L	M	13	0	1.021e-02	0.0271561	L>M:13,L>I:4,I>T:1,V>M:1,I>V:1,M>V:1,M>I:1,L>V:1	L:223,M:22,I:9,V:4,T:2
47	Y	F	15	2	1.030e-02	0.0273405	Y>F:15,Y>H:6,Y>L:2,F>L:2,F>Y:2	Y:211,F:35,H:8,L:5,T:1
185	T	L	5	0	1.050e-02	0.0277765	T>P:18,T>S:15,T>A:14,T>M:7,T>L:5,S>P:4,S>L:3,P>S:3,T>V:3,S>T:2,S>N:2,P>L:2,T>I:2,P>H:2,L>F:1,T>E:1,P>T:1,A>V:1,T>N:1,S>M:1	T:135,S:39,P:31,A:14,L:10,M:9,N:9,V:6,I:3,H:2,E:1,F:1
255	S	P	2	0	1.064e-02	0.0280137	N>D:16,N>S:11,G>N:8,G>S:6,G>T:4,S>T:4,N>T:4,D>N:3,N>G:3,S>P:2,A>T:2,N>H:2,E>N:1,E>Q:1,G>E:1,S>G:1,A>H:1,A>G:1,G>A:1,G>D:1,N>A:1,N>Y:1,N>P:1,D>A:1	N:107,G:71,D:27,T:24,S:16,P:4,H:3,A:3,E:2,Q:2,Y:1
97	M	A	2	0	1.064e-02	0.0280137	T>A:25,T>M:14,T>S:13,T>L:8,M>L:7,M>T:5,T>I:4,T>V:4,A>S:3,S>L:2,M>A:2,T>C:1,S>A:1,S>T:1,M>S:1,T>F:1,M>V:1,M>I:1,L>I:1	T:119,S:48,A:32,L:23,M:22,I:7,V:5,C:3,F:1
99	V	L	2	1	1.069e-02	0.0280688	M>V:11,M>L:11,M>I:7,L>M:5,V>I:5,L>I:2,V>L:2,V>M:2,M>T:2,L>V:1,I>L:1,I>V:1	L:149,M:50,V:32,I:27,T:2
254	M	T	19	8	1.083e-02	0.0281624	M>T:19,T>M:8,V>I:8,V>T:5,M>I:3,V>M:3,T>I:2,M>L:2,M>A:1,T>L:1,I>T:1,V>A:1,I>V:1,I>L:1	V:92,M:71,T:69,I:19,L:7,A:2
6	I	V	8	0	1.083e-02	0.0281624	L>I:23,I>M:9,I>V:8,I>L:6,I>A:6,I>T:2,I>F:1,L>F:1	I:128,L:102,M:11,V:9,A:6,F:2,T:2
186	M	T	7	0	1.078e-02	0.0281624	M>V:9,L>P:8,M>T:7,L>M:5,L>S:5,L>T:5,M>L:4,V>M:2,L>F:1,P>L:1,P>S:1,L>Y:1,L>I:1,L>H:1,M>S:1,M>I:1,A>S:1,A>I:1,M>A:1,I>A:1,T>I:1,T>A:1,M>P:1,V>T:1,L>V:1	L:143,M:41,T:19,P:19,V:15,S:11,I:5,A:3,H:2,F:1,Y:1
192	T	A	5	1	1.083e-02	0.0281624	S>T:15,N>T:14,T>S:8,N>S:8,N>D:7,N>H:5,T>A:5,T>N:5,S>N:5,S>H:4,S>A:3,S>P:3,N>Y:3,P>L:2,Y>N:2,L>F:1,H>L:1,P>T:1,H>P:1,H>Y:1,T>V:1,N>P:1,K>E:1,N>K:1,S>E:1,P>Q:1,A>T:1,T>D:1,T>M:1,T>H:1,N>A:1,Y>H:1,Y>L:1,N>L:1,Q>L:1,Q>P:1,N>Q:1	N:91,T:72,S:34,H:14,A:10,L:9,P:8,D:8,Y:6,E:2,Q:2,K:1,F:1,V:1,M:1
9	A	T	5	0	1.097e-02	0.0283937	I>A:11,I>M:11,I>L:9,I>T:8,I>V:7,A>T:5,I>F:3,V>I:1,M>V:1,A>S:1,T>M:1,T>I:1	I:174,A:29,T:17,M:16,L:12,V:8,F:3,S:1
89	S	T	2	3	1.097e-02	0.0283937	T>I:16,T>A:13,T>P:12,P>L:10,L>P:9,P>T:8,T>M:7,L>M:4,L>S:4,T>N:4,T>V:3,L>T:3,T>S:3,P>Y:2,S>T:2,L>Q:2,I>T:2,P>S:2,H>N:1,H>Y:1,H>Q:1,L>H:1,P>V:1,L>I:1,L>F:1,S>Q:1,S>P:1,M>T:1,T>H:1,I>A:1,A>T:1,P>I:1,T>E:1,P>H:1	P:62,T:51,L:44,I:37,A:20,M:12,S:9,H:7,N:5,V:4,Q:4,Y:3,E:1,F:1
89	L	Q	2	0	1.107e-02	0.0284999	T>I:16,T>A:13,T>P:12,P>L:10,L>P:9,P>T:8,T>M:7,L>M:4,L>S:4,T>N:4,T>V:3,L>T:3,T>S:3,P>Y:2,S>T:2,L>Q:2,I>T:2,P>S:2,H>N:1,H>Y:1,H>Q:1,L>H:1,P>V:1,L>I:1,L>F:1,S>Q:1,S>P:1,M>T:1,T>H:1,I>A:1,A>T:1,P>I:1,T>E:1,P>H:1	P:62,T:51,L:44,I:37,A:20,M:12,S:9,H:7,N:5,V:4,Q:4,Y:3,E:1,F:1
101	L	I	2	0	1.107e-02	0.0284999	T>M:17,L>M:9,T>A:6,T>I:5,T>L:5,L>S:5,L>T:5,L>F:3,T>S:2,L>A:2,L>I:2,M>V:1,I>T:1,S>A:1,A>V:1,A>S:1,A>T:1,A>L:1,L>V:1	L:111,T:79,M:30,I:14,A:12,S:8,V:3,F:3
252	I	M	3	4	1.116e-02	0.0286751	I>V:11,L>M:7,I>L:7,L>I:6,M>I:4,M>L:4,I>A:3,I>M:3,M>A:2,T>I:2,M>T:2,I>T:2,L>P:1,L>F:1,T>A:1,L>T:1,S>T:1,L>S:1,C>H:1,Y>H:1,C>Y:1,I>C:1,V>M:1	L:95,I:94,M:34,V:12,T:9,A:6,C:3,H:2,Y:1,P:1,F:1,S:1,N:1
180	N	K	2	5	1.131e-02	0.0289011	K>E:10,K>N:5,E>K:2,E>G:2,K>Q:2,N>K:2,E>Q:1,N>S:1,N>D:1,G>E:1,N>G:1,K>T:1	K:197,E:36,N:14,G:6,Q:4,D:1,S:1,T:1
169	N	S	2	0	1.131e-02	0.0289011	T>A:11,T>S:7,T>M:4,T>V:2,N>S:2,T>N:2,M>V:1,S>T:1,T>L:1,T>G:1,S>A:1	N:114,T:87,S:24,A:16,V:10,M:7,G:1,L:1
192	S	N	5	8	1.140e-02	0.0290740	S>T:15,N>T:14,T>S:8,N>S:8,N>D:7,N>H:5,T>A:5,T>N:5,S>N:5,S>H:4,S>A:3,S>P:3,N>Y:3,P>L:2,Y>N:2,L>F:1,H>L:1,P>T:1,H>P:1,H>Y:1,T>V:1,N>P:1,K>E:1,N>K:1,S>E:1,P>Q:1,A>T:1,T>D:1,T>M:1,T>H:1,N>A:1,Y>H:1,Y>L:1,N>L:1,Q>L:1,Q>P:1,N>Q:1	N:91,T:72,S:34,H:14,A:10,L:9,P:8,D:8,Y:6,E:2,Q:2,K:1,F:1,V:1,M:1
107	I	L	15	12	1.155e-02	0.0292964	I>L:15,L>I:12,I>V:4,I>M:3	L:160,I:92,M:4,V:4
198	M	L	9	7	1.155e-02	0.0292964	M>V:11,M>L:9,M>I:8,L>M:7,M>A:5,L>I:4,I>A:4,V>A:3,L>F:2,A>V:2,L>S:1,A>T:1,A>I:1,A>F:1,I>V:1,V>M:1,V>L:1,M>F:1	L:134,M:50,I:31,A:23,V:16,F:4,T:1,S:1
252	T	I	2	2	1.159e-02	0.0293464	I>V:11,L>M:7,I>L:7,L>I:6,M>I:4,M>L:4,I>A:3,I>M:3,M>A:2,T>I:2,M>T:2,I>T:2,L>P:1,L>F:1,T>A:1,L>T:1,S>T:1,L>S:1,C>H:1,Y>H:1,C>Y:1,I>C:1,V>M:1	L:95,I:94,M:34,V:12,T:9,A:6,C:3,H:2,Y:1,P:1,F:1,S:1,N:1
196	G	D	3	1	1.183e-02	0.0298781	N>S:14,G>N:13,G>S:13,N>G:10,N>T:7,N>D:7,S>G:5,S>N:4,G>D:3,S>T:2,N>H:2,N>Y:2,D>G:1,Y>H:1,Y>F:1,T>A:1,T>S:1,G>E:1,G>Y:1	G:133,N:52,S:37,D:15,T:15,H:3,Y:2,A:1,E:1,F:1
443	A	T	14	15	1.217e-02	0.0306476	T>A:15,A>T:14,T>I:10,A>S:5,T>V:3,T>S:3,A>V:2,A>I:1,V>F:1	A:132,T:99,I:14,S:9,V:5,F:1
255	S	T	4	0	1.231e-02	0.0309338	N>D:16,N>S:11,G>N:8,G>S:6,G>T:4,S>T:4,N>T:4,D>N:3,N>G:3,S>P:2,A>T:2,N>H:2,E>N:1,E>Q:1,G>E:1,S>G:1,A>H:1,A>G:1,G>A:1,G>D:1,N>A:1,N>Y:1,N>P:1,D>A:1	N:107,G:71,D:27,T:24,S:16,P:4,H:3,A:3,E:2,Q:2,Y:1
417	L	Q	2	0	1.255e-02	0.0314578	M>T:24,M>I:18,L>T:3,L>Q:2,M>V:2,M>L:2,L>S:1,T>M:1,L>M:1	L:137,M:57,T:38,I:21,Q:3,V:2,S:2
163	A	V	4	3	1.274e-02	0.0318601	T>A:21,A>T:18,T>S:4,A>V:4,T>V:3,V>A:3,A>I:3,A>S:1,S>A:1,S>T:1,T>I:1,I>M:1,V>I:1	A:136,T:94,V:14,S:10,I:5,M:1
464	T	A	2	0	1.288e-02	0.0321413	S>L:8,M>V:6,L>S:5,S>T:5,M>T:5,M>A:3,L>M:2,T>A:2,S>A:1,S>W:1,M>S:1,S>M:1	M:98,S:56,-:39,L:37,T:12,A:6,V:6,Q:4,W:2
261	Y	H	6	11	1.317e-02	0.0325102	H>Y:11,Y>H:6,H>L:5,Y>L:5,H>N:4,H>Q:4,H>S:3,Y>F:3,Y>I:2,L>F:2,H>F:2,L>P:2,I>V:1,H>R:1,L>I:1,L>H:1,L>V:1,H>C:1,N>D:1,N>S:1,F>S:1,P>S:1,H>P:1,N>G:1,N>H:1	N:122,H:48,Y:34,L:22,F:8,S:7,Q:5,P:4,I:3,V:3,D:1,C:1,R:1,G:1
275	L	V	5	0	1.322e-02	0.0325102	L>V:5,L>I:4,L>F:1,L>A:1	L:240,V:14,I:4,A:1,F:1
53	T	N	4	1	1.307e-02	0.0325102	T>S:12,T>A:5,T>N:4,S>T:2,S>N:2,N>T:1	T:217,S:29,N:7,A:6,G:1
108	L	T	4	0	1.322e-02	0.0325102	L>M:5,L>T:4,L>I:4,L>V:1	L:243,M:6,I:5,T:5,V:1
396	L	M	2	0	1.317e-02	0.0325102	L>F:19,F>L:16,P>F:8,L>P:8,P>L:6,L>I:6,F>P:2,L>M:2,F>Y:1,L>T:1,F>I:1,L>V:1	L:111,F:86,P:49,I:8,Y:2,M:2,T:1,V:1
186	V	M	2	9	1.312e-02	0.0325102	M>V:9,L>P:8,M>T:7,L>M:5,L>S:5,L>T:5,M>L:4,V>M:2,L>F:1,P>L:1,P>S:1,L>Y:1,L>I:1,L>H:1,M>S:1,M>I:1,A>S:1,A>I:1,M>A:1,I>A:1,T>I:1,T>A:1,M>P:1,V>T:1,L>V:1	L:143,M:41,T:19,P:19,V:15,S:11,I:5,A:3,H:2,F:1,Y:1
85	H	N	2	0	1.336e-02	0.0327087	Q>H:4,H>N:2,Q>K:2,Q>R:1,H>Y:1,N>S:1,Q>Y:1,Q>T:1,Q>E:1	Q:124,E:111,H:14,N:3,S:2,Y:2,K:2,R:1,T:1
99	V	M	2	11	1.336e-02	0.0327087	M>V:11,M>L:11,M>I:7,L>M:5,V>I:5,L>I:2,V>L:2,V>M:2,M>T:2,L>V:1,I>L:1,I>V:1	L:149,M:50,V:32,I:27,T:2
447	L	I	4	15	1.345e-02	0.0328656	I>L:15,I>T:8,I>A:6,L>I:4,M>L:3,M>T:3,L>T:3,I>M:2,L>F:1,I>F:1,T>A:1,M>I:1,L>M:1	I:179,L:47,T:20,A:8,M:4,F:2
423	T	A	20	0	1.384e-02	0.0337193	T>P:30,T>A:20,T>V:18,T>M:10,T>I:7,T>S:4,S>P:2,P>T:2,V>S:1,V>I:1,V>A:1,T>N:1,P>Q:1,P>A:1,I>T:1,P>I:1,T>Q:1,T>H:1	T:120,P:55,V:25,A:22,M:14,I:11,S:9,Q:2,N:1,H:1
258	L	T	4	0	1.393e-02	0.0338731	L>I:9,L>M:8,S>T:8,L>S:6,S>P:6,S>A:5,L>T:4,S>L:4,L>V:3,T>A:3,L>F:2,I>T:2,T>S:2,M>V:1,V>T:1,S>Y:1,L>P:1,S>Q:1,S>M:1,S>F:1,T>V:1,P>L:1,I>L:1,M>S:1	L:102,S:80,T:28,I:13,P:10,M:9,A:8,V:5,F:3,Y:1,Q:1
395	S	T	6	7	1.417e-02	0.0341363	S>P:11,T>A:9,S>A:8,T>S:7,S>T:6,T>M:5,T>I:5,T>N:4,T>P:3,S>N:3,S>F:2,P>N:2,F>L:1,S>Y:1,T>V:1,N>Y:1,A>S:1	S:103,P:47,A:45,T:34,N:12,I:6,M:5,Y:3,F:2,V:1,L:1,D:1
464	M	T	5	0	1.417e-02	0.0341363	S>L:8,M>V:6,L>S:5,S>T:5,M>T:5,M>A:3,L>M:2,T>A:2,S>A:1,S>W:1,M>S:1,S>M:1	M:98,S:56,-:39,L:37,T:12,A:6,V:6,Q:4,W:2
22	Y	F	3	5	1.417e-02	0.0341363	F>L:19,H>Y:19,F>S:7,Y>H:6,F>Y:5,F>H:4,H>F:4,Y>F:3,S>T:1,S>F:1,L>S:1,L>H:1,F>N:1,H>N:1	H:100,F:79,Y:38,L:27,S:11,N:3,T:2
20	H	N	2	0	1.417e-02	0.0341363	Q>P:11,C>R:6,Q>K:5,P>L:5,P>T:5,R>H:5,C>H:5,C>S:4,H>C:4,P>A:3,C>Y:3,H>P:3,H>R:3,S>P:3,A>T:2,P>Q:2,R>S:2,C>P:2,H>Q:2,H>S:2,H>N:2,P>S:2,T>L:2,K>Q:1,T>I:1,T>S:1,K>T:1,K>P:1,Q>T:1,Q>A:1,Q>R:1,T>A:1,T>M:1,R>C:1,R>Q:1,C>L:1,Y>Q:1,H>L:1,H>I:1,C>G:1,P>H:1,P>I:1,P>M:1,S>T:1	P:62,Q:41,C:30,R:22,H:19,S:18,K:16,T:16,L:13,A:10,I:4,N:3,Y:3,M:2,G:1
105	F	C	2	0	1.436e-02	0.0345167	F>L:15,F>S:14,F>C:2,F>A:1	F:197,L:33,S:26,A:2,C:2
53	T	S	12	2	1.469e-02	0.0352386	T>S:12,T>A:5,T>N:4,S>T:2,S>N:2,N>T:1	T:217,S:29,N:7,A:6,G:1
90	T	S	12	0	1.479e-02	0.0353864	I>T:15,T>S:12,T>A:10,T>V:9,I>V:7,I>A:6,T>P:5,T>I:4,I>S:3,T>M:2,V>T:2,S>P:2,V>M:1,S>Q:1,V>K:1,V>I:1,V>L:1,M>V:1,P>L:1,I>M:1,V>A:1,I>N:1,T>N:1,I>P:1,A>I:1,A>V:1	T:90,I:70,S:27,V:23,A:22,P:12,N:7,M:4,Q:2,L:2,K:1
443	A	S	5	0	1.484e-02	0.0354197	T>A:15,A>T:14,T>I:10,A>S:5,T>V:3,T>S:3,A>V:2,A>I:1,V>F:1	A:132,T:99,I:14,S:9,V:5,F:1
395	T	N	4	0	1.503e-02	0.0357937	S>P:11,T>A:9,S>A:8,T>S:7,S>T:6,T>M:5,T>I:5,T>N:4,T>P:3,S>N:3,S>F:2,P>N:2,F>L:1,S>Y:1,T>V:1,N>Y:1,A>S:1	S:103,P:47,A:45,T:34,N:12,I:6,M:5,Y:3,F:2,V:1,L:1,D:1
97	S	L	2	0	1.512e-02	0.0359393	T>A:25,T>M:14,T>S:13,T>L:8,M>L:7,M>T:5,T>I:4,T>V:4,A>S:3,S>L:2,M>A:2,T>C:1,S>A:1,S>T:1,M>S:1,T>F:1,M>V:1,M>I:1,L>I:1	T:119,S:48,A:32,L:23,M:22,I:7,V:5,C:3,F:1
403	A	G	2	0	1.517e-02	0.0359711	T>A:34,T>I:20,A>T:10,T>S:10,T>L:5,I>T:4,T>M:4,T>V:3,I>M:2,M>L:2,A>G:2,M>I:1,A>M:1,A>S:1,I>A:1	T:117,A:60,I:38,L:21,S:11,M:8,V:3,G:2
252	M	I	4	3	1.531e-02	0.0360657	I>V:11,L>M:7,I>L:7,L>I:6,M>I:4,M>L:4,I>A:3,I>M:3,M>A:2,T>I:2,M>T:2,I>T:2,L>P:1,L>F:1,T>A:1,L>T:1,S>T:1,L>S:1,C>H:1,Y>H:1,C>Y:1,I>C:1,V>M:1	L:95,I:94,M:34,V:12,T:9,A:6,C:3,H:2,Y:1,P:1,F:1,S:1,N:1
90	V	T	2	9	1.531e-02	0.0360657	I>T:15,T>S:12,T>A:10,T>V:9,I>V:7,I>A:6,T>P:5,T>I:4,I>S:3,T>M:2,V>T:2,S>P:2,V>M:1,S>Q:1,V>K:1,V>I:1,V>L:1,M>V:1,P>L:1,I>M:1,V>A:1,I>N:1,T>N:1,I>P:1,A>I:1,A>V:1	T:90,I:70,S:27,V:23,A:22,P:12,N:7,M:4,Q:2,L:2,K:1
20	H	Q	2	0	1.527e-02	0.0360657	Q>P:11,C>R:6,Q>K:5,P>L:5,P>T:5,R>H:5,C>H:5,C>S:4,H>C:4,P>A:3,C>Y:3,H>P:3,H>R:3,S>P:3,A>T:2,P>Q:2,R>S:2,C>P:2,H>Q:2,H>S:2,H>N:2,P>S:2,T>L:2,K>Q:1,T>I:1,T>S:1,K>T:1,K>P:1,Q>T:1,Q>A:1,Q>R:1,T>A:1,T>M:1,R>C:1,R>Q:1,C>L:1,Y>Q:1,H>L:1,H>I:1,C>G:1,P>H:1,P>I:1,P>M:1,S>T:1	P:62,Q:41,C:30,R:22,H:19,S:18,K:16,T:16,L:13,A:10,I:4,N:3,Y:3,M:2,G:1
99	V	I	5	1	1.560e-02	0.0366574	M>V:11,M>L:11,M>I:7,L>M:5,V>I:5,L>I:2,V>L:2,V>M:2,M>T:2,L>V:1,I>L:1,I>V:1	L:149,M:50,V:32,I:27,T:2
93	H	Y	2	0	1.565e-02	0.0366873	R>Q:10,H>Y:2,R>Y:1,Q>K:1,H>C:1,Q>H:1	R:229,Q:21,H:5,Y:3,K:1,C:1
192	S	P	3	0	1.584e-02	0.0370518	S>T:15,N>T:14,T>S:8,N>S:8,N>D:7,N>H:5,T>A:5,T>N:5,S>N:5,S>H:4,S>A:3,S>P:3,N>Y:3,P>L:2,Y>N:2,L>F:1,H>L:1,P>T:1,H>P:1,H>Y:1,T>V:1,N>P:1,K>E:1,N>K:1,S>E:1,P>Q:1,A>T:1,T>D:1,T>M:1,T>H:1,N>A:1,Y>H:1,Y>L:1,N>L:1,Q>L:1,Q>P:1,N>Q:1	N:91,T:72,S:34,H:14,A:10,L:9,P:8,D:8,Y:6,E:2,Q:2,K:1,F:1,V:1,M:1
191	S	L	2	0	1.613e-02	0.0376374	T>S:13,S>T:11,T>P:11,T>N:9,T>A:8,S>N:6,T>L:3,S>P:2,T>M:2,T>I:2,S>L:2,N>S:1,N>G:1,N>T:1,T>F:1,P>S:1,S>D:1	T:119,N:63,S:33,P:22,A:8,L:6,I:2,M:2,F:2,D:1,-:1,G:1
199	S	A	11	0	1.632e-02	0.0379982	S>A:11,S>L:11,S>T:8,S>C:7,S>F:1,S>M:1,S>I:1,S>Y:1,A>T:1	S:164,A:44,L:25,T:12,C:11,Y:1,I:1,F:1,M:1
144	N	T	2	0	1.689e-02	0.0392442	N>S:17,S>N:7,S>T:5,N>T:2,N>D:1,N>K:1,N>G:1	S:152,N:94,T:10,G:2,D:1,K:1
418	T	S	5	1	1.708e-02	0.0395999	M>T:44,T>M:9,T>S:5,M>I:5,T>A:3,M>V:3,T>V:2,I>V:1,S>T:1,M>S:1,T>I:1	M:118,T:103,S:14,A:9,V:8,I:8
86	Q	H	2	13	1.746e-02	0.0403954	H>Q:13,P>S:4,Q>P:4,Q>R:4,Q>T:3,Q>K:3,H>N:2,H>P:2,Q>L:2,Q>H:2,P>L:1,S>L:1,S>P:1,E>G:1,Q>E:1,H>C:1,H>Y:1,Q>S:1,H>R:1,P>T:1	Q:137,H:83,P:10,S:6,R:5,T:5,L:4,N:3,K:3,Y:1,E:1,G:1,C:1
89	L	S	4	0	1.751e-02	0.0404166	T>I:16,T>A:13,T>P:12,P>L:10,L>P:9,P>T:8,T>M:7,L>M:4,L>S:4,T>N:4,T>V:3,L>T:3,T>S:3,P>Y:2,S>T:2,L>Q:2,I>T:2,P>S:2,H>N:1,H>Y:1,H>Q:1,L>H:1,P>V:1,L>I:1,L>F:1,S>Q:1,S>P:1,M>T:1,T>H:1,I>A:1,A>T:1,P>I:1,T>E:1,P>H:1	P:62,T:51,L:44,I:37,A:20,M:12,S:9,H:7,N:5,V:4,Q:4,Y:3,E:1,F:1
462	A	T	3	2	1.775e-02	0.0408772	I>V:14,I>L:9,V>I:9,V>A:8,I>T:8,I>A:6,I>M:6,V>T:5,A>T:3,T>A:2,A>I:2,I>Y:1,M>T:1,A>L:1,P>S:1,S>P:1,S>L:1,V>M:1,L>I:1,V>L:1,I>F:1	I:110,V:34,A:28,T:27,-:21,L:15,M:14,P:5,S:2,F:2,Y:1,Q:1
102	T	V	2	3	1.799e-02	0.0413357	A>V:15,I>V:11,T>A:4,V>I:3,V>T:3,T>V:2,I>T:1,T>S:1,V>A:1,A>T:1	A:92,I:76,V:69,T:21,S:1,L:1
14	T	M	11	8	1.803e-02	0.0413547	T>M:11,M>T:8,T>V:4,L>M:4,M>L:3,L>T:2,M>I:1,V>M:1,T>I:1,M>V:1,T>L:1	L:111,T:108,M:31,V:7,I:2,S:1
57	S	N	2	0	1.808e-02	0.0413736	S>A:15,G>S:13,G>A:3,S>N:2,S>T:2,G>N:1,G>C:1,S>Y:1,S>H:1,S>F:1	G:124,S:108,A:19,N:3,T:2,Y:1,F:1,H:1,C:1
97	M	L	7	0	1.822e-02	0.0416102	T>A:25,T>M:14,T>S:13,T>L:8,M>L:7,M>T:5,T>I:4,T>V:4,A>S:3,S>L:2,M>A:2,T>C:1,S>A:1,S>T:1,M>S:1,T>F:1,M>V:1,M>I:1,L>I:1	T:119,S:48,A:32,L:23,M:22,I:7,V:5,C:3,F:1
250	I	L	9	0	1.832e-02	0.0417371	I>V:34,V>I:13,I>L:9,I>M:8,I>T:5,V>M:3,V>T:2,L>F:2,I>F:1,M>I:1	I:137,V:73,L:19,M:19,T:9,F:3
166	H	Y	16	14	1.899e-02	0.0430715	H>Y:16,Y>H:14,Y>F:6,H>N:6,Y>N:3,H>C:3,H>F:2,Y>C:2,H>Q:1,H>A:1,H>T:1,H>L:1,H>S:1	H:168,Y:59,N:10,F:9,C:5,A:4,L:1,T:1,S:1,Q:1,W:1
201	L	A	2	0	1.899e-02	0.0430715	L>M:17,L>T:6,M>T:2,L>F:2,L>A:2,M>I:1,L>I:1,L>V:1,M>L:1,L>S:1	L:223,M:19,T:10,A:2,F:2,I:2,S:1,V:1
395	S	N	3	0	1.904e-02	0.0430865	S>P:11,T>A:9,S>A:8,T>S:7,S>T:6,T>M:5,T>I:5,T>N:4,T>P:3,S>N:3,S>F:2,P>N:2,F>L:1,S>Y:1,T>V:1,N>Y:1,A>S:1	S:103,P:47,A:45,T:34,N:12,I:6,M:5,Y:3,F:2,V:1,L:1,D:1
25	T	A	19	0	1.913e-02	0.0432091	T>A:19,T>I:5,T>V:4,T>P:3,T>S:3,T>M:2,T>L:2,S>L:1,I>V:1,T>N:1,P>T:1,L>P:1,L>T:1,L>S:1	T:205,A:20,I:9,L:8,P:6,V:5,S:4,M:2,N:1
268	T	A	19	3	1.927e-02	0.0434388	T>A:19,T>V:9,T>I:9,A>T:3,T>S:1	T:213,A:25,V:11,I:10,S:1
306	T	V	2	0	1.951e-02	0.0438820	S>G:9,S>C:5,S>T:5,T>A:5,S>A:2,T>V:2,C>S:1,G>E:1,G>S:1,T>G:1,T>S:1,A>V:1	T:121,S:78,G:22,C:20,A:13,V:4,E:1,I:1
454	L	A	2	0	1.975e-02	0.0443234	L>F:16,F>L:9,L>M:3,L>T:2,L>A:2,M>T:1,F>S:1,F>T:1	L:208,F:39,T:6,A:3,M:3,S:1
112	A	S	11	0	1.999e-02	0.0447628	A>T:15,T>A:12,A>S:11,T>S:3,S>T:1	A:175,T:62,S:23
9	I	F	3	0	2.047e-02	0.0457334	I>A:11,I>M:11,I>L:9,I>T:8,I>V:7,A>T:5,I>F:3,V>I:1,M>V:1,A>S:1,T>M:1,T>I:1	I:174,A:29,T:17,M:16,L:12,V:8,F:3,S:1
205	L	I	4	0	2.075e-02	0.0461761	M>T:14,T>M:11,L>M:10,M>L:4,M>V:4,L>I:4,L>T:4,M>I:3,L>V:3,I>T:1,T>A:1,T>I:1,T>L:1	L:114,M:75,T:55,I:8,V:7,A:1
323	A	S	3	20	2.075e-02	0.0461761	S>A:20,A>S:3	S:221,A:39
192	N	Y	3	2	2.123e-02	0.0471376	S>T:15,N>T:14,T>S:8,N>S:8,N>D:7,N>H:5,T>A:5,T>N:5,S>N:5,S>H:4,S>A:3,S>P:3,N>Y:3,P>L:2,Y>N:2,L>F:1,H>L:1,P>T:1,H>P:1,H>Y:1,T>V:1,N>P:1,K>E:1,N>K:1,S>E:1,P>Q:1,A>T:1,T>D:1,T>M:1,T>H:1,N>A:1,Y>H:1,Y>L:1,N>L:1,Q>L:1,Q>P:1,N>Q:1	N:91,T:72,S:34,H:14,A:10,L:9,P:8,D:8,Y:6,E:2,Q:2,K:1,F:1,V:1,M:1
121	A	T	7	1	2.152e-02	0.0474714	S>A:10,A>S:9,A>T:7,S>T:3,T>M:1,T>A:1	A:131,S:108,T:20,M:1
97	M	T	5	14	2.147e-02	0.0474714	T>A:25,T>M:14,T>S:13,T>L:8,M>L:7,M>T:5,T>I:4,T>V:4,A>S:3,S>L:2,M>A:2,T>C:1,S>A:1,S>T:1,M>S:1,T>F:1,M>V:1,M>I:1,L>I:1	T:119,S:48,A:32,L:23,M:22,I:7,V:5,C:3,F:1
399	L	I	3	19	2.152e-02	0.0474714	I>L:19,I>V:6,I>M:3,L>I:3,I>F:2,I>A:1	I:219,L:27,V:6,M:4,F:3,A:1
82	N	Y	3	0	2.228e-02	0.0490523	N>H:3,N>Y:3,G>N:1,N>G:1	N:246,G:7,H:3,Y:3,S:1
289	A	S	3	13	2.257e-02	0.0495783	S>A:13,A>S:3	S:230,A:30
403	I	T	4	20	2.276e-02	0.0498930	T>A:34,T>I:20,A>T:10,T>S:10,T>L:5,I>T:4,T>M:4,T>V:3,I>M:2,M>L:2,A>G:2,M>I:1,A>M:1,A>S:1,I>A:1	T:117,A:60,I:38,L:21,S:11,M:8,V:3,G:2
197	I	M	2	0	2.300e-02	0.0503108	L>I:12,L>T:9,L>M:7,L>F:3,I>M:2,I>V:2,L>P:2,L>V:2,T>I:1,T>M:1,I>T:1,L>Y:1,I>L:1	L:196,I:24,T:17,M:12,V:4,F:3,P:3,Y:1
387	V	I	10	0	2.319e-02	0.0505173	V>M:15,V>I:10,M>I:2,M>L:1,M>V:1	M:164,V:81,I:14,L:1
193	S	H	2	0	2.319e-02	0.0505173	S>T:7,S>P:5,H>Y:3,S>H:2,S>C:1,S>Q:1,S>N:1	S:233,T:7,P:6,H:5,Y:4,Q:2,N:1,C:1,F:1
450	I	V	5	0	2.352e-02	0.0511386	I>A:9,I>L:6,L>I:5,I>M:5,I>V:5,L>F:4,M>A:4,M>L:4,L>M:2,I>G:2,I>T:2,M>I:2,M>F:2,I>F:2,F>A:1,A>G:1	L:137,I:61,M:19,F:17,A:15,V:5,G:4,T:2
90	I	V	7	1	2.371e-02	0.0514468	I>T:15,T>S:12,T>A:10,T>V:9,I>V:7,I>A:6,T>P:5,T>I:4,I>S:3,T>M:2,V>T:2,S>P:2,V>M:1,S>Q:1,V>K:1,V>I:1,V>L:1,M>V:1,P>L:1,I>M:1,V>A:1,I>N:1,T>N:1,I>P:1,A>I:1,A>V:1	T:90,I:70,S:27,V:23,A:22,P:12,N:7,M:4,Q:2,L:2,K:1
90	S	P	2	0	2.409e-02	0.0521669	I>T:15,T>S:12,T>A:10,T>V:9,I>V:7,I>A:6,T>P:5,T>I:4,I>S:3,T>M:2,V>T:2,S>P:2,V>M:1,S>Q:1,V>K:1,V>I:1,V>L:1,M>V:1,P>L:1,I>M:1,V>A:1,I>N:1,T>N:1,I>P:1,A>I:1,A>V:1	T:90,I:70,S:27,V:23,A:22,P:12,N:7,M:4,Q:2,L:2,K:1
423	S	P	2	0	2.433e-02	0.0523589	T>P:30,T>A:20,T>V:18,T>M:10,T>I:7,T>S:4,S>P:2,P>T:2,V>S:1,V>I:1,V>A:1,T>N:1,P>Q:1,P>A:1,I>T:1,P>I:1,T>Q:1,T>H:1	T:120,P:55,V:25,A:22,M:14,I:11,S:9,Q:2,N:1,H:1
191	S	P	2	1	2.433e-02	0.0523589	T>S:13,S>T:11,T>P:11,T>N:9,T>A:8,S>N:6,T>L:3,S>P:2,T>M:2,T>I:2,S>L:2,N>S:1,N>G:1,N>T:1,T>F:1,P>S:1,S>D:1	T:119,N:63,S:33,P:22,A:8,L:6,I:2,M:2,F:2,D:1,-:1,G:1
430	S	H	2	0	2.428e-02	0.0523589	S>T:13,S>L:3,T>S:2,S>H:2,S>F:2,S>M:1,S>Y:1,S>A:1,S>R:1,S>C:1	S:223,T:25,L:3,F:2,H:2,A:1,M:1,R:1,Y:1,C:1
51	N	H	5	0	2.481e-02	0.0532761	G>S:14,N>T:9,N>Y:5,N>H:5,N>S:5,G>T:4,G>N:4,S>G:3,S>T:3,H>F:2,N>D:2,N>A:2,T>A:2,S>Y:2,H>Y:1,H>C:1,Y>F:1,S>A:1,N>I:1,G>Y:1,T>F:1,S>N:1,G>D:1,N>G:1	N:106,G:59,T:29,S:27,F:12,Y:9,H:8,A:5,D:3,C:1,I:1
362	T	L	4	0	2.505e-02	0.0535689	T>I:37,T>L:4,T>S:3,T>V:2,I>L:1,V>A:1,I>V:1,T>A:1,I>T:1	T:188,I:57,S:5,L:5,V:3,A:2
51	N	A	2	0	2.500e-02	0.0535689	G>S:14,N>T:9,N>Y:5,N>H:5,N>S:5,G>T:4,G>N:4,S>G:3,S>T:3,H>F:2,N>D:2,N>A:2,T>A:2,S>Y:2,H>Y:1,H>C:1,Y>F:1,S>A:1,N>I:1,G>Y:1,T>F:1,S>N:1,G>D:1,N>G:1	N:106,G:59,T:29,S:27,F:12,Y:9,H:8,A:5,D:3,C:1,I:1
254	V	M	3	0	2.519e-02	0.0537653	M>T:19,T>M:8,V>I:8,V>T:5,M>I:3,V>M:3,T>I:2,M>L:2,M>A:1,T>L:1,I>T:1,V>A:1,I>V:1,I>L:1	V:92,M:71,T:69,I:19,L:7,A:2
303	V	I	19	10	2.581e-02	0.0548655	V>I:19,I>V:10	I:173,V:86,T:1
396	P	L	6	8	2.581e-02	0.0548655	L>F:19,F>L:16,P>F:8,L>P:8,P>L:6,L>I:6,F>P:2,L>M:2,F>Y:1,L>T:1,F>I:1,L>V:1	L:111,F:86,P:49,I:8,Y:2,M:2,T:1,V:1
192	N	H	5	0	2.591e-02	0.0549569	S>T:15,N>T:14,T>S:8,N>S:8,N>D:7,N>H:5,T>A:5,T>N:5,S>N:5,S>H:4,S>A:3,S>P:3,N>Y:3,P>L:2,Y>N:2,L>F:1,H>L:1,P>T:1,H>P:1,H>Y:1,T>V:1,N>P:1,K>E:1,N>K:1,S>E:1,P>Q:1,A>T:1,T>D:1,T>M:1,T>H:1,N>A:1,Y>H:1,Y>L:1,N>L:1,Q>L:1,Q>P:1,N>Q:1	N:91,T:72,S:34,H:14,A:10,L:9,P:8,D:8,Y:6,E:2,Q:2,K:1,F:1,V:1,M:1
77	I	L	13	0	2.629e-02	0.0555417	I>L:13,I>V:8,I>M:8,I>F:4,M>L:2,I>A:1	I:188,L:45,M:13,V:8,F:5,A:1
418	T	V	2	0	2.629e-02	0.0555417	M>T:44,T>M:9,T>S:5,M>I:5,T>A:3,M>V:3,T>V:2,I>V:1,S>T:1,M>S:1,T>I:1	M:118,T:103,S:14,A:9,V:8,I:8
63	S	A	10	0	2.653e-02	0.0559329	S>A:10,S>T:4,T>A:2	S:225,A:25,T:10
27	T	V	5	0	2.700e-02	0.0568246	T>I:23,I>T:8,I>V:6,T>V:5,T>A:3,T>S:2,I>L:2,I>M:1,T>M:1,T>L:1	T:170,I:68,V:11,A:3,L:3,S:2,M:2,P:1
121	S	A	10	9	2.738e-02	0.0575123	S>A:10,A>S:9,A>T:7,S>T:3,T>M:1,T>A:1	A:131,S:108,T:20,M:1
403	A	T	10	34	2.805e-02	0.0587972	T>A:34,T>I:20,A>T:10,T>S:10,T>L:5,I>T:4,T>M:4,T>V:3,I>M:2,M>L:2,A>G:2,M>I:1,A>M:1,A>S:1,I>A:1	T:117,A:60,I:38,L:21,S:11,M:8,V:3,G:2
175	H	N	8	0	2.824e-02	0.0589613	H>Y:12,H>N:8,Y>F:7,H>S:2,H>Q:2,H>C:1,Y>C:1,N>S:1	Y:121,H:107,N:13,F:8,Q:5,S:4,C:2
250	L	F	2	0	2.820e-02	0.0589613	I>V:34,V>I:13,I>L:9,I>M:8,I>T:5,V>M:3,V>T:2,L>F:2,I>F:1,M>I:1	I:137,V:73,L:19,M:19,T:9,F:3
263	H	Y	15	0	2.867e-02	0.0597387	H>Y:15,H>Q:5,C>S:3,H>C:3,H>L:2,C>H:1,H>P:1,H>S:1,H>T:1,L>A:1,Q>L:1,H>N:1	H:216,Y:15,C:8,S:7,Q:6,L:3,P:1,N:1,A:1,T:1,I:1
258	L	I	9	1	2.882e-02	0.0598981	L>I:9,L>M:8,S>T:8,L>S:6,S>P:6,S>A:5,L>T:4,S>L:4,L>V:3,T>A:3,L>F:2,I>T:2,T>S:2,M>V:1,V>T:1,S>Y:1,L>P:1,S>Q:1,S>M:1,S>F:1,T>V:1,P>L:1,I>L:1,M>S:1	L:102,S:80,T:28,I:13,P:10,M:9,A:8,V:5,F:3,Y:1,Q:1
27	I	V	6	0	2.886e-02	0.0598981	T>I:23,I>T:8,I>V:6,T>V:5,T>A:3,T>S:2,I>L:2,I>M:1,T>M:1,T>L:1	T:170,I:68,V:11,A:3,L:3,S:2,M:2,P:1
16	L	I	9	0	2.944e-02	0.0609655	F>L:18,L>F:16,L>I:9,F>I:7,F>V:5,L>M:4,L>V:3,V>I:1,F>S:1,L>T:1	L:174,F:53,I:17,V:9,M:4,S:1,T:1,C:1
196	S	T	2	1	2.958e-02	0.0611411	N>S:14,G>N:13,G>S:13,N>G:10,N>T:7,N>D:7,S>G:5,S>N:4,G>D:3,S>T:2,N>H:2,N>Y:2,D>G:1,Y>H:1,Y>F:1,T>A:1,T>S:1,G>E:1,G>Y:1	G:133,N:52,S:37,D:15,T:15,H:3,Y:2,A:1,E:1,F:1
57	S	T	2	0	2.972e-02	0.0613160	S>A:15,G>S:13,G>A:3,S>N:2,S>T:2,G>N:1,G>C:1,S>Y:1,S>H:1,S>F:1	G:124,S:108,A:19,N:3,T:2,Y:1,F:1,H:1,C:1
423	T	M	10	0	2.986e-02	0.0613696	T>P:30,T>A:20,T>V:18,T>M:10,T>I:7,T>S:4,S>P:2,P>T:2,V>S:1,V>I:1,V>A:1,T>N:1,P>Q:1,P>A:1,I>T:1,P>I:1,T>Q:1,T>H:1	T:120,P:55,V:25,A:22,M:14,I:11,S:9,Q:2,N:1,H:1
47	F	Y	2	15	2.986e-02	0.0613696	Y>F:15,Y>H:6,Y>L:2,F>L:2,F>Y:2	Y:211,F:35,H:8,L:5,T:1
192	S	A	3	0	3.101e-02	0.0635977	S>T:15,N>T:14,T>S:8,N>S:8,N>D:7,N>H:5,T>A:5,T>N:5,S>N:5,S>H:4,S>A:3,S>P:3,N>Y:3,P>L:2,Y>N:2,L>F:1,H>L:1,P>T:1,H>P:1,H>Y:1,T>V:1,N>P:1,K>E:1,N>K:1,S>E:1,P>Q:1,A>T:1,T>D:1,T>M:1,T>H:1,N>A:1,Y>H:1,Y>L:1,N>L:1,Q>L:1,Q>P:1,N>Q:1	N:91,T:72,S:34,H:14,A:10,L:9,P:8,D:8,Y:6,E:2,Q:2,K:1,F:1,V:1,M:1
416	F	L	3	8	3.111e-02	0.0636688	L>F:8,F>L:3,L>M:1,F>Y:1	L:238,F:20,M:1,Y:1
410	S	M	2	0	3.187e-02	0.0651041	S>A:14,S>T:6,S>L:5,A>T:3,S>C:2,S>M:2,A>M:1,T>A:1	S:210,A:27,T:11,L:5,M:4,C:2,I:1
25	T	P	3	1	3.230e-02	0.0658529	T>A:19,T>I:5,T>V:4,T>P:3,T>S:3,T>M:2,T>L:2,S>L:1,I>V:1,T>N:1,P>T:1,L>P:1,L>T:1,L>S:1	T:205,A:20,I:9,L:8,P:6,V:5,S:4,M:2,N:1
311	H	D	2	0	3.254e-02	0.0662104	H>Q:10,H>N:6,H>P:3,H>S:3,H>Y:3,D>N:2,H>D:2,D>E:1,H>E:1,H>L:1,Q>P:1	Q:136,H:87,D:12,N:8,P:8,S:3,Y:3,E:2,L:1
49	H	L	3	0	3.273e-02	0.0663411	H>Y:18,N>S:16,S>N:12,N>G:6,S>G:4,L>S:3,H>L:3,H>N:3,N>H:3,T>I:2,N>Y:2,H>R:1,L>T:1,H>Q:1,Y>H:1,H>S:1,T>S:1,N>T:1	H:69,S:63,N:55,Y:41,G:15,L:7,T:5,I:2,R:1,Q:1,M:1
417	M	V	2	0	3.273e-02	0.0663411	M>T:24,M>I:18,L>T:3,L>Q:2,M>V:2,M>L:2,L>S:1,T>M:1,L>M:1	L:137,M:57,T:38,I:21,Q:3,V:2,S:2
254	V	I	8	1	3.292e-02	0.0665991	M>T:19,T>M:8,V>I:8,V>T:5,M>I:3,V>M:3,T>I:2,M>L:2,M>A:1,T>L:1,I>T:1,V>A:1,I>V:1,I>L:1	V:92,M:71,T:69,I:19,L:7,A:2
395	T	P	3	0	3.316e-02	0.0668237	S>P:11,T>A:9,S>A:8,T>S:7,S>T:6,T>M:5,T>I:5,T>N:4,T>P:3,S>N:3,S>F:2,P>N:2,F>L:1,S>Y:1,T>V:1,N>Y:1,A>S:1	S:103,P:47,A:45,T:34,N:12,I:6,M:5,Y:3,F:2,V:1,L:1,D:1
261	Y	F	3	0	3.316e-02	0.0668237	H>Y:11,Y>H:6,H>L:5,Y>L:5,H>N:4,H>Q:4,H>S:3,Y>F:3,Y>I:2,L>F:2,H>F:2,L>P:2,I>V:1,H>R:1,L>I:1,L>H:1,L>V:1,H>C:1,N>D:1,N>S:1,F>S:1,P>S:1,H>P:1,N>G:1,N>H:1	N:122,H:48,Y:34,L:22,F:8,S:7,Q:5,P:4,I:3,V:3,D:1,C:1,R:1,G:1
20	Q	K	5	1	3.416e-02	0.0687107	Q>P:11,C>R:6,Q>K:5,P>L:5,P>T:5,R>H:5,C>H:5,C>S:4,H>C:4,P>A:3,C>Y:3,H>P:3,H>R:3,S>P:3,A>T:2,P>Q:2,R>S:2,C>P:2,H>Q:2,H>S:2,H>N:2,P>S:2,T>L:2,K>Q:1,T>I:1,T>S:1,K>T:1,K>P:1,Q>T:1,Q>A:1,Q>R:1,T>A:1,T>M:1,R>C:1,R>Q:1,C>L:1,Y>Q:1,H>L:1,H>I:1,C>G:1,P>H:1,P>I:1,P>M:1,S>T:1	P:62,Q:41,C:30,R:22,H:19,S:18,K:16,T:16,L:13,A:10,I:4,N:3,Y:3,M:2,G:1
306	T	A	5	0	3.468e-02	0.0693669	S>G:9,S>C:5,S>T:5,T>A:5,S>A:2,T>V:2,C>S:1,G>E:1,G>S:1,T>G:1,T>S:1,A>V:1	T:121,S:78,G:22,C:20,A:13,V:4,E:1,I:1
37	V	A	4	0	3.459e-02	0.0693669	I>V:22,I>L:11,L>I:11,I>A:11,V>I:6,I>M:5,V>A:4,M>I:2,L>A:2,V>L:1,L>M:1,L>S:1,I>T:1,A>I:1	I:109,L:85,V:36,A:20,M:7,T:2,S:1
450	M	L	4	2	3.468e-02	0.0693669	I>A:9,I>L:6,L>I:5,I>M:5,I>V:5,L>F:4,M>A:4,M>L:4,L>M:2,I>G:2,I>T:2,M>I:2,M>F:2,I>F:2,F>A:1,A>G:1	L:137,I:61,M:19,F:17,A:15,V:5,G:4,T:2
252	M	L	4	7	3.483e-02	0.0694834	I>V:11,L>M:7,I>L:7,L>I:6,M>I:4,M>L:4,I>A:3,I>M:3,M>A:2,T>I:2,M>T:2,I>T:2,L>P:1,L>F:1,T>A:1,L>T:1,S>T:1,L>S:1,C>H:1,Y>H:1,C>Y:1,I>C:1,V>M:1	L:95,I:94,M:34,V:12,T:9,A:6,C:3,H:2,Y:1,P:1,F:1,S:1,N:1
166	H	F	2	0	3.487e-02	0.0694834	H>Y:16,Y>H:14,Y>F:6,H>N:6,Y>N:3,H>C:3,H>F:2,Y>C:2,H>Q:1,H>A:1,H>T:1,H>L:1,H>S:1	H:168,Y:59,N:10,F:9,C:5,A:4,L:1,T:1,S:1,Q:1,W:1
53	S	N	2	0	3.497e-02	0.0695413	T>S:12,T>A:5,T>N:4,S>T:2,S>N:2,N>T:1	T:217,S:29,N:7,A:6,G:1
447	M	T	3	0	3.530e-02	0.0700724	I>L:15,I>T:8,I>A:6,L>I:4,M>L:3,M>T:3,L>T:3,I>M:2,L>F:1,I>F:1,T>A:1,M>I:1,L>M:1	I:179,L:47,T:20,A:8,M:4,F:2
427	H	F	2	0	3.549e-02	0.0703180	H>Y:13,Y>H:3,H>F:2,H>P:1,H>Q:1,H>N:1,Y>N:1	H:227,Y:26,P:2,F:2,N:2,Q:1
403	I	M	2	1	3.592e-02	0.0710343	T>A:34,T>I:20,A>T:10,T>S:10,T>L:5,I>T:4,T>M:4,T>V:3,I>M:2,M>L:2,A>G:2,M>I:1,A>M:1,A>S:1,I>A:1	T:117,A:60,I:38,L:21,S:11,M:8,V:3,G:2
285	I	V	5	0	3.626e-02	0.0715597	I>T:9,I>M:7,I>V:5,T>S:1,T>A:1,I>L:1,T>I:1	T:121,I:120,M:10,V:6,L:1,S:1,A:1
58	I	T	12	0	3.659e-02	0.0716788	I>V:17,I>T:12,I>M:5,V>I:2,I>N:1,T>A:1,V>T:1,V>A:1	I:214,V:20,T:14,M:8,A:2,N:1,S:1
260	S	P	2	0	3.650e-02	0.0716788	N>S:24,N>T:12,N>D:6,N>E:4,S>P:2,N>P:2,S>T:1,S>C:1,T>P:1,N>Y:1,S>N:1	N:191,S:34,T:13,P:8,E:6,D:6,C:1,Y:1
261	H	F	2	0	3.645e-02	0.0716788	H>Y:11,Y>H:6,H>L:5,Y>L:5,H>N:4,H>Q:4,H>S:3,Y>F:3,Y>I:2,L>F:2,H>F:2,L>P:2,I>V:1,H>R:1,L>I:1,L>H:1,L>V:1,H>C:1,N>D:1,N>S:1,F>S:1,P>S:1,H>P:1,N>G:1,N>H:1	N:122,H:48,Y:34,L:22,F:8,S:7,Q:5,P:4,I:3,V:3,D:1,C:1,R:1,G:1
385	S	N	2	0	3.659e-02	0.0716788	T>S:4,S>N:2,S>T:1	T:248,S:10,N:2
89	I	T	2	16	3.669e-02	0.0717317	T>I:16,T>A:13,T>P:12,P>L:10,L>P:9,P>T:8,T>M:7,L>M:4,L>S:4,T>N:4,T>V:3,L>T:3,T>S:3,P>Y:2,S>T:2,L>Q:2,I>T:2,P>S:2,H>N:1,H>Y:1,H>Q:1,L>H:1,P>V:1,L>I:1,L>F:1,S>Q:1,S>P:1,M>T:1,T>H:1,I>A:1,A>T:1,P>I:1,T>E:1,P>H:1	P:62,T:51,L:44,I:37,A:20,M:12,S:9,H:7,N:5,V:4,Q:4,Y:3,E:1,F:1
252	I	T	2	2	3.688e-02	0.0719705	I>V:11,L>M:7,I>L:7,L>I:6,M>I:4,M>L:4,I>A:3,I>M:3,M>A:2,T>I:2,M>T:2,I>T:2,L>P:1,L>F:1,T>A:1,L>T:1,S>T:1,L>S:1,C>H:1,Y>H:1,C>Y:1,I>C:1,V>M:1	L:95,I:94,M:34,V:12,T:9,A:6,C:3,H:2,Y:1,P:1,F:1,S:1,N:1
450	I	T	2	0	3.740e-02	0.0728590	I>A:9,I>L:6,L>I:5,I>M:5,I>V:5,L>F:4,M>A:4,M>L:4,L>M:2,I>G:2,I>T:2,M>I:2,M>F:2,I>F:2,F>A:1,A>G:1	L:137,I:61,M:19,F:17,A:15,V:5,G:4,T:2
61	I	T	12	2	3.764e-02	0.0729670	I>T:12,I>M:4,T>I:2,I>L:2,I>V:1,T>M:1,M>I:1	I:217,T:31,M:8,L:3,V:1
186	M	L	4	5	3.774e-02	0.0729670	M>V:9,L>P:8,M>T:7,L>M:5,L>S:5,L>T:5,M>L:4,V>M:2,L>F:1,P>L:1,P>S:1,L>Y:1,L>I:1,L>H:1,M>S:1,M>I:1,A>S:1,A>I:1,M>A:1,I>A:1,T>I:1,T>A:1,M>P:1,V>T:1,L>V:1	L:143,M:41,T:19,P:19,V:15,S:11,I:5,A:3,H:2,F:1,Y:1
258	I	T	2	0	3.759e-02	0.0729670	L>I:9,L>M:8,S>T:8,L>S:6,S>P:6,S>A:5,L>T:4,S>L:4,L>V:3,T>A:3,L>F:2,I>T:2,T>S:2,M>V:1,V>T:1,S>Y:1,L>P:1,S>Q:1,S>M:1,S>F:1,T>V:1,P>L:1,I>L:1,M>S:1	L:102,S:80,T:28,I:13,P:10,M:9,A:8,V:5,F:3,Y:1,Q:1
182	S	A	2	0	3.774e-02	0.0729670	S>H:12,S>T:8,T>I:6,S>F:6,T>S:5,T>N:5,T>M:3,T>V:3,S>Y:3,L>S:3,S>L:3,T>A:2,S>A:2,M>Q:1,M>L:1,M>T:1,T>H:1,S>N:1,S>Q:1,H>Y:1,H>S:1,L>I:1	S:98,T:86,H:16,L:13,M:11,N:9,I:7,F:6,A:4,Y:4,V:3,Q:3
6	I	T	2	0	3.783e-02	0.0730168	L>I:23,I>M:9,I>V:8,I>L:6,I>A:6,I>T:2,I>F:1,L>F:1	I:128,L:102,M:11,V:9,A:6,F:2,T:2
185	S	N	2	0	3.793e-02	0.0730664	T>P:18,T>S:15,T>A:14,T>M:7,T>L:5,S>P:4,S>L:3,P>S:3,T>V:3,S>T:2,S>N:2,P>L:2,T>I:2,P>H:2,L>F:1,T>E:1,P>T:1,A>V:1,T>N:1,S>M:1	T:135,S:39,P:31,A:14,L:10,M:9,N:9,V:6,I:3,H:2,E:1,F:1
184	P	S	10	1	3.831e-02	0.0736662	P>S:10,P>T:5,P>L:5,P>H:4,H>Y:2,S>F:1,S>P:1,P>F:1,P>Q:1	P:220,S:15,H:8,T:6,L:5,Y:3,F:2,Q:1
429	S	T	3	4	3.869e-02	0.0742639	T>M:5,T>S:4,T>K:4,S>T:3,T>Q:1	T:241,S:8,M:5,K:4,Q:1,I:1
173	T	S	10	1	3.907e-02	0.0748593	T>S:10,S>T:1	T:243,S:17
102	T	A	4	1	3.945e-02	0.0754526	A>V:15,I>V:11,T>A:4,V>I:3,V>T:3,T>V:2,I>T:1,T>S:1,V>A:1,A>T:1	A:92,I:76,V:69,T:21,S:1,L:1
435	N	S	15	0	3.965e-02	0.0755419	N>S:15,N>T:10,S>T:10	S:120,N:93,T:46,Q:1
427	Y	H	3	13	3.965e-02	0.0755419	H>Y:13,Y>H:3,H>F:2,H>P:1,H>Q:1,H>N:1,Y>N:1	H:227,Y:26,P:2,F:2,N:2,Q:1
416	L	F	8	3	4.022e-02	0.0763978	L>F:8,F>L:3,L>M:1,F>Y:1	L:238,F:20,M:1,Y:1
77	I	M	8	0	4.031e-02	0.0763978	I>L:13,I>V:8,I>M:8,I>F:4,M>L:2,I>A:1	I:188,L:45,M:13,V:8,F:5,A:1
313	A	S	2	13	4.031e-02	0.0763978	S>A:13,A>S:2	A:143,S:117
51	T	A	2	0	4.046e-02	0.0765306	G>S:14,N>T:9,N>Y:5,N>H:5,N>S:5,G>T:4,G>N:4,S>G:3,S>T:3,H>F:2,N>D:2,N>A:2,T>A:2,S>Y:2,H>Y:1,H>C:1,Y>F:1,S>A:1,N>I:1,G>Y:1,T>F:1,S>N:1,G>D:1,N>G:1	N:106,G:59,T:29,S:27,F:12,Y:9,H:8,A:5,D:3,C:1,I:1
89	L	T	3	0	4.069e-02	0.0768432	T>I:16,T>A:13,T>P:12,P>L:10,L>P:9,P>T:8,T>M:7,L>M:4,L>S:4,T>N:4,T>V:3,L>T:3,T>S:3,P>Y:2,S>T:2,L>Q:2,I>T:2,P>S:2,H>N:1,H>Y:1,H>Q:1,L>H:1,P>V:1,L>I:1,L>F:1,S>Q:1,S>P:1,M>T:1,T>H:1,I>A:1,A>T:1,P>I:1,T>E:1,P>H:1	P:62,T:51,L:44,I:37,A:20,M:12,S:9,H:7,N:5,V:4,Q:4,Y:3,E:1,F:1
97	A	S	3	1	4.122e-02	0.0776444	T>A:25,T>M:14,T>S:13,T>L:8,M>L:7,M>T:5,T>I:4,T>V:4,A>S:3,S>L:2,M>A:2,T>C:1,S>A:1,S>T:1,M>S:1,T>F:1,M>V:1,M>I:1,L>I:1	T:119,S:48,A:32,L:23,M:22,I:7,V:5,C:3,F:1
29	S	A	2	0	4.127e-02	0.0776444	T>A:30,T>M:14,T>L:9,T>S:6,A>T:6,L>M:3,S>L:3,L>F:3,S>A:2,S>F:2,T>F:1,A>M:1,S>M:1,T>I:1,M>T:1,M>A:1,L>T:1,T>G:1,L>I:1,S>T:1	T:113,L:47,A:43,M:29,S:17,F:7,I:3,G:1
170	Q	L	4	0	4.136e-02	0.0776845	Q>H:10,Q>L:4,Q>K:3,Q>E:2,Q>T:2,K>N:1,K>E:1,Q>W:1,H>R:1	Q:212,K:20,H:13,L:5,E:4,T:2,R:1,N:1,W:1,M:1
15	T	V	2	0	4.151e-02	0.0778138	A>T:37,T>A:26,T>V:2,A>V:1	T:129,A:128,V:3
37	I	V	22	6	4.170e-02	0.0778929	I>V:22,I>L:11,L>I:11,I>A:11,V>I:6,I>M:5,V>A:4,M>I:2,L>A:2,V>L:1,L>M:1,L>S:1,I>T:1,A>I:1	I:109,L:85,V:36,A:20,M:7,T:2,S:1
403	T	S	10	0	4.170e-02	0.0778929	T>A:34,T>I:20,A>T:10,T>S:10,T>L:5,I>T:4,T>M:4,T>V:3,I>M:2,M>L:2,A>G:2,M>I:1,A>M:1,A>S:1,I>A:1	T:117,A:60,I:38,L:21,S:11,M:8,V:3,G:2
32	L	T	3	0	4.194e-02	0.0781991	L>F:12,L>T:3,L>I:2,L>M:2,M>T:1	L:224,F:14,I:13,T:5,M:3,A:1
410	S	L	5	0	4.213e-02	0.0783651	S>A:14,S>T:6,S>L:5,A>T:3,S>C:2,S>M:2,A>M:1,T>A:1	S:210,A:27,T:11,L:5,M:4,C:2,I:1
183	H	R	3	0	4.217e-02	0.0783651	H>P:13,H>Y:5,H>N:4,H>Q:4,H>R:3,P>S:1,H>L:1,N>S:1,H>S:1,H>I:1	H:194,P:34,N:11,Y:7,Q:6,R:3,S:3,L:1,I:1
417	L	T	3	0	4.227e-02	0.0784033	M>T:24,M>I:18,L>T:3,L>Q:2,M>V:2,M>L:2,L>S:1,T>M:1,L>M:1	L:137,M:57,T:38,I:21,Q:3,V:2,S:2
170	Q	T	2	0	4.251e-02	0.0787065	Q>H:10,Q>L:4,Q>K:3,Q>E:2,Q>T:2,K>N:1,K>E:1,Q>W:1,H>R:1	Q:212,K:20,H:13,L:5,E:4,T:2,R:1,N:1,W:1,M:1
52	L	T	3	0	4.294e-02	0.0793613	L>S:7,L>M:4,L>T:3,L>I:2,L>P:2,M>L:1,M>A:1,L>Q:1,L>V:1	L:235,S:7,M:7,T:4,I:2,P:2,A:1,V:1,Q:1
450	M	I	2	5	4.318e-02	0.0796617	I>A:9,I>L:6,L>I:5,I>M:5,I>V:5,L>F:4,M>A:4,M>L:4,L>M:2,I>G:2,I>T:2,M>I:2,M>F:2,I>F:2,F>A:1,A>G:1	L:137,I:61,M:19,F:17,A:15,V:5,G:4,T:2
172	G	N	3	0	4.380e-02	0.0806640	G>N:3,G>S:2,G>E:1	G:254,N:3,S:2,E:1
37	M	I	2	5	4.394e-02	0.0807856	I>V:22,I>L:11,L>I:11,I>A:11,V>I:6,I>M:5,V>A:4,M>I:2,L>A:2,V>L:1,L>M:1,L>S:1,I>T:1,A>I:1	I:109,L:85,V:36,A:20,M:7,T:2,S:1
171	I	V	4	0	4.461e-02	0.0818143	T>I:17,I>T:12,I>M:12,T>M:4,T>A:4,I>V:4,T>V:1,T>N:1,T>S:1,I>L:1	I:128,T:102,M:16,V:5,A:4,N:2,L:1,S:1,K:1
255	A	T	2	0	4.465e-02	0.0818143	N>D:16,N>S:11,G>N:8,G>S:6,G>T:4,S>T:4,N>T:4,D>N:3,N>G:3,S>P:2,A>T:2,N>H:2,E>N:1,E>Q:1,G>E:1,S>G:1,A>H:1,A>G:1,G>A:1,G>D:1,N>A:1,N>Y:1,N>P:1,D>A:1	N:107,G:71,D:27,T:24,S:16,P:4,H:3,A:3,E:2,Q:2,Y:1
102	V	T	3	2	4.480e-02	0.0819333	A>V:15,I>V:11,T>A:4,V>I:3,V>T:3,T>V:2,I>T:1,T>S:1,V>A:1,A>T:1	A:92,I:76,V:69,T:21,S:1,L:1
165	L	M	10	0	4.561e-02	0.0832713	L>M:10,L>I:2,L>F:1	L:237,M:20,I:2,F:1
5	M	I	2	12	4.570e-02	0.0833004	I>L:23,I>M:12,I>F:2,L>M:2,M>I:2,L>F:1,I>V:1,M>L:1	I:203,L:35,M:18,F:3,V:1
449	T	S	3	0	4.585e-02	0.0834162	M>L:15,M>T:4,T>A:3,T>S:3,L>M:1,M>A:1,S>L:1	M:191,L:45,S:10,T:9,A:5
5	L	M	2	1	4.685e-02	0.0850913	I>L:23,I>M:12,I>F:2,L>M:2,M>I:2,L>F:1,I>V:1,M>L:1	I:203,L:35,M:18,F:3,V:1
443	T	I	10	0	4.694e-02	0.0851170	T>A:15,A>T:14,T>I:10,A>S:5,T>V:3,T>S:3,A>V:2,A>I:1,V>F:1	A:132,T:99,I:14,S:9,V:5,F:1
447	M	L	3	1	4.709e-02	0.0852291	I>L:15,I>T:8,I>A:6,L>I:4,M>L:3,M>T:3,L>T:3,I>M:2,L>F:1,I>F:1,T>A:1,M>I:1,L>M:1	I:179,L:47,T:20,A:8,M:4,F:2
167	L	I	8	0	4.795e-02	0.0866338	L>I:8,L>T:2,L>M:1,T>A:1	L:245,I:10,T:2,A:1,M:1,V:1
427	H	Y	13	3	4.981e-02	0.0898408	H>Y:13,Y>H:3,H>F:2,H>P:1,H>Q:1,H>N:1,Y>N:1	H:227,Y:26,P:2,F:2,N:2,Q:1
426	T	N	3	0	5.138e-02	0.0925214	T>S:14,S>P:8,T>P:7,T>A:4,T>N:3,T>I:1,T>D:1,S>N:1,N>S:1,P>T:1,P>H:1,P>S:1,S>A:1	S:130,T:95,P:22,A:5,N:5,H:1,I:1,D:1
37	I	L	11	11	5.152e-02	0.0926199	I>V:22,I>L:11,L>I:11,I>A:11,V>I:6,I>M:5,V>A:4,M>I:2,L>A:2,V>L:1,L>M:1,L>S:1,I>T:1,A>I:1	I:109,L:85,V:36,A:20,M:7,T:2,S:1
184	P	L	5	0	5.186e-02	0.0930606	P>S:10,P>T:5,P>L:5,P>H:4,H>Y:2,S>F:1,S>P:1,P>F:1,P>Q:1	P:220,S:15,H:8,T:6,L:5,Y:3,F:2,Q:1
14	M	L	3	4	5.195e-02	0.0930725	T>M:11,M>T:8,T>V:4,L>M:4,M>L:3,L>T:2,M>I:1,V>M:1,T>I:1,M>V:1,T>L:1	L:111,T:108,M:31,V:7,I:2,S:1
94	T	M	2	2	5.353e-02	0.0957292	I>T:34,I>V:13,I>M:6,I>L:3,T>M:2,M>T:2,V>I:2,T>I:1,I>A:1,V>A:1	I:174,T:45,V:17,M:17,L:5,A:2
443	A	V	2	0	5.448e-02	0.0971042	T>A:15,A>T:14,T>I:10,A>S:5,T>V:3,T>S:3,A>V:2,A>I:1,V>F:1	A:132,T:99,I:14,S:9,V:5,F:1
43	A	V	2	3	5.443e-02	0.0971042	T>V:13,T>A:12,V>T:12,T>L:10,T>S:5,T>I:4,V>A:3,Y>H:2,I>L:2,A>V:2,H>Y:1,N>H:1,T>N:1,T>P:1,L>T:1,L>S:1,L>Q:1,S>L:1,V>I:1	T:106,L:49,V:47,A:15,I:13,S:13,H:8,Y:5,N:2,P:1,Q:1
27	I	L	2	0	5.510e-02	0.0980429	T>I:23,I>T:8,I>V:6,T>V:5,T>A:3,T>S:2,I>L:2,I>M:1,T>M:1,T>L:1	T:170,I:68,V:11,A:3,L:3,S:2,M:2,P:1
51	S	T	3	0	5.525e-02	0.0981309	G>S:14,N>T:9,N>Y:5,N>H:5,N>S:5,G>T:4,G>N:4,S>G:3,S>T:3,H>F:2,N>D:2,N>A:2,T>A:2,S>Y:2,H>Y:1,H>C:1,Y>F:1,S>A:1,N>I:1,G>Y:1,T>F:1,S>N:1,G>D:1,N>G:1	N:106,G:59,T:29,S:27,F:12,Y:9,H:8,A:5,D:3,C:1,I:1
184	P	T	5	0	5.539e-02	0.0982187	P>S:10,P>T:5,P>L:5,P>H:4,H>Y:2,S>F:1,S>P:1,P>F:1,P>Q:1	P:220,S:15,H:8,T:6,L:5,Y:3,F:2,Q:1
43	I	L	2	0	5.610e-02	0.0993196	T>V:13,T>A:12,V>T:12,T>L:10,T>S:5,T>I:4,V>A:3,Y>H:2,I>L:2,A>V:2,H>Y:1,N>H:1,T>N:1,T>P:1,L>T:1,L>S:1,L>Q:1,S>L:1,V>I:1	T:106,L:49,V:47,A:15,I:13,S:13,H:8,Y:5,N:2,P:1,Q:1
410	A	T	3	1	5.687e-02	0.1005011	S>A:14,S>T:6,S>L:5,A>T:3,S>C:2,S>M:2,A>M:1,T>A:1	S:210,A:27,T:11,L:5,M:4,C:2,I:1
443	T	A	15	14	5.725e-02	0.1008355	T>A:15,A>T:14,T>I:10,A>S:5,T>V:3,T>S:3,A>V:2,A>I:1,V>F:1	A:132,T:99,I:14,S:9,V:5,F:1
29	A	T	6	30	5.725e-02	0.1008355	T>A:30,T>M:14,T>L:9,T>S:6,A>T:6,L>M:3,S>L:3,L>F:3,S>A:2,S>F:2,T>F:1,A>M:1,S>M:1,T>I:1,M>T:1,M>A:1,L>T:1,T>G:1,L>I:1,S>T:1	T:113,L:47,A:43,M:29,S:17,F:7,I:3,G:1
311	H	S	3	0	5.796e-02	0.1017539	H>Q:10,H>N:6,H>P:3,H>S:3,H>Y:3,D>N:2,H>D:2,D>E:1,H>E:1,H>L:1,Q>P:1	Q:136,H:87,D:12,N:8,P:8,S:3,Y:3,E:2,L:1
378	I	T	2	19	5.792e-02	0.1017539	T>I:19,I>T:2	T:224,I:36
261	H	S	3	0	5.906e-02	0.1035068	H>Y:11,Y>H:6,H>L:5,Y>L:5,H>N:4,H>Q:4,H>S:3,Y>F:3,Y>I:2,L>F:2,H>F:2,L>P:2,I>V:1,H>R:1,L>I:1,L>H:1,L>V:1,H>C:1,N>D:1,N>S:1,F>S:1,P>S:1,H>P:1,N>G:1,N>H:1	N:122,H:48,Y:34,L:22,F:8,S:7,Q:5,P:4,I:3,V:3,D:1,C:1,R:1,G:1
99	M	T	2	0	5.930e-02	0.1037513	M>V:11,M>L:11,M>I:7,L>M:5,V>I:5,L>I:2,V>L:2,V>M:2,M>T:2,L>V:1,I>L:1,I>V:1	L:149,M:50,V:32,I:27,T:2
205	M	T	14	11	5.973e-02	0.1042380	M>T:14,T>M:11,L>M:10,M>L:4,M>V:4,L>I:4,L>T:4,M>I:3,L>V:3,I>T:1,T>A:1,T>I:1,T>L:1	L:114,M:75,T:55,I:8,V:7,A:1
257	P	H	2	0	5.978e-02	0.1042380	P>S:8,P>L:4,P>H:2,P>T:2,P>Y:1,S>P:1	P:232,S:16,L:5,T:2,H:2,-:1,Y:1,Q:1
25	T	V	4	0	6.021e-02	0.1044652	T>A:19,T>I:5,T>V:4,T>P:3,T>S:3,T>M:2,T>L:2,S>L:1,I>V:1,T>N:1,P>T:1,L>P:1,L>T:1,L>S:1	T:205,A:20,I:9,L:8,P:6,V:5,S:4,M:2,N:1
94	M	T	2	2	6.006e-02	0.1044652	I>T:34,I>V:13,I>M:6,I>L:3,T>M:2,M>T:2,V>I:2,T>I:1,I>A:1,V>A:1	I:174,T:45,V:17,M:17,L:5,A:2
17	M	T	2	0	6.011e-02	0.1044652	L>M:5,L>F:5,M>T:2,L>S:1	L:243,M:9,F:5,T:2,S:1
462	I	L	9	1	6.092e-02	0.1051844	I>V:14,I>L:9,V>I:9,V>A:8,I>T:8,I>A:6,I>M:6,V>T:5,A>T:3,T>A:2,A>I:2,I>Y:1,M>T:1,A>L:1,P>S:1,S>P:1,S>L:1,V>M:1,L>I:1,V>L:1,I>F:1	I:110,V:34,A:28,T:27,-:21,L:15,M:14,P:5,S:2,F:2,Y:1,Q:1
36	T	S	9	2	6.087e-02	0.1051844	T>A:38,T>S:9,T>L:6,S>F:3,S>T:2,L>S:2,T>F:2,A>T:2,T>I:2,S>A:1,S>C:1,L>M:1,L>F:1	T:161,A:49,S:19,L:16,F:8,I:3,C:3,M:1
53	S	T	2	12	6.078e-02	0.1051844	T>S:12,T>A:5,T>N:4,S>T:2,S>N:2,N>T:1	T:217,S:29,N:7,A:6,G:1
430	S	T	13	2	6.126e-02	0.1054137	S>T:13,S>L:3,T>S:2,S>H:2,S>F:2,S>M:1,S>Y:1,S>A:1,S>R:1,S>C:1	S:223,T:25,L:3,F:2,H:2,A:1,M:1,R:1,Y:1,C:1
388	T	I	2	20	6.121e-02	0.1054137	I>V:35,I>T:20,T>I:2,V>I:1	I:181,V:47,T:32
201	M	T	2	0	6.145e-02	0.1055687	L>M:17,L>T:6,M>T:2,L>F:2,L>A:2,M>I:1,L>I:1,L>V:1,M>L:1,L>S:1	L:223,M:19,T:10,A:2,F:2,I:2,S:1,V:1
14	T	V	4	0	6.192e-02	0.1062142	T>M:11,M>T:8,T>V:4,L>M:4,M>L:3,L>T:2,M>I:1,V>M:1,T>I:1,M>V:1,T>L:1	L:111,T:108,M:31,V:7,I:2,S:1
192	N	D	7	0	6.250e-02	0.1063261	S>T:15,N>T:14,T>S:8,N>S:8,N>D:7,N>H:5,T>A:5,T>N:5,S>N:5,S>H:4,S>A:3,S>P:3,N>Y:3,P>L:2,Y>N:2,L>F:1,H>L:1,P>T:1,H>P:1,H>Y:1,T>V:1,N>P:1,K>E:1,N>K:1,S>E:1,P>Q:1,A>T:1,T>D:1,T>M:1,T>H:1,N>A:1,Y>H:1,Y>L:1,N>L:1,Q>L:1,Q>P:1,N>Q:1	N:91,T:72,S:34,H:14,A:10,L:9,P:8,D:8,Y:6,E:2,Q:2,K:1,F:1,V:1,M:1
97	T	V	4	0	6.221e-02	0.1063261	T>A:25,T>M:14,T>S:13,T>L:8,M>L:7,M>T:5,T>I:4,T>V:4,A>S:3,S>L:2,M>A:2,T>C:1,S>A:1,S>T:1,M>S:1,T>F:1,M>V:1,M>I:1,L>I:1	T:119,S:48,A:32,L:23,M:22,I:7,V:5,C:3,F:1
252	M	T	2	0	6.245e-02	0.1063261	I>V:11,L>M:7,I>L:7,L>I:6,M>I:4,M>L:4,I>A:3,I>M:3,M>A:2,T>I:2,M>T:2,I>T:2,L>P:1,L>F:1,T>A:1,L>T:1,S>T:1,L>S:1,C>H:1,Y>H:1,C>Y:1,I>C:1,V>M:1	L:95,I:94,M:34,V:12,T:9,A:6,C:3,H:2,Y:1,P:1,F:1,S:1,N:1
61	T	I	2	12	6.216e-02	0.1063261	I>T:12,I>M:4,T>I:2,I>L:2,I>V:1,T>M:1,M>I:1	I:217,T:31,M:8,L:3,V:1
446	T	I	2	10	6.250e-02	0.1063261	I>T:10,M>T:9,M>V:6,I>M:4,M>A:4,I>L:3,T>A:2,T>I:2,I>G:1,L>I:1,M>I:1,M>L:1	I:123,M:92,T:21,L:10,V:6,A:6,G:1,S:1
311	H	P	3	0	6.264e-02	0.1063865	H>Q:10,H>N:6,H>P:3,H>S:3,H>Y:3,D>N:2,H>D:2,D>E:1,H>E:1,H>L:1,Q>P:1	Q:136,H:87,D:12,N:8,P:8,S:3,Y:3,E:2,L:1
185	S	T	2	15	6.274e-02	0.1063865	T>P:18,T>S:15,T>A:14,T>M:7,T>L:5,S>P:4,S>L:3,P>S:3,T>V:3,S>T:2,S>N:2,P>L:2,T>I:2,P>H:2,L>F:1,T>E:1,P>T:1,A>V:1,T>N:1,S>M:1	T:135,S:39,P:31,A:14,L:10,M:9,N:9,V:6,I:3,H:2,E:1,F:1
36	S	T	2	9	6.355e-02	0.1074142	T>A:38,T>S:9,T>L:6,S>F:3,S>T:2,L>S:2,T>F:2,A>T:2,T>I:2,S>A:1,S>C:1,L>M:1,L>F:1	T:161,A:49,S:19,L:16,F:8,I:3,C:3,M:1
117	M	T	2	0	6.355e-02	0.1074142	L>M:8,M>T:2,M>L:1	L:241,M:16,T:3
191	T	L	3	0	6.441e-02	0.1086905	T>S:13,S>T:11,T>P:11,T>N:9,T>A:8,S>N:6,T>L:3,S>P:2,T>M:2,T>I:2,S>L:2,N>S:1,N>G:1,N>T:1,T>F:1,P>S:1,S>D:1	T:119,N:63,S:33,P:22,A:8,L:6,I:2,M:2,F:2,D:1,-:1,G:1
410	S	C	2	0	6.474e-02	0.1090784	S>A:14,S>T:6,S>L:5,A>T:3,S>C:2,S>M:2,A>M:1,T>A:1	S:210,A:27,T:11,L:5,M:4,C:2,I:1
155	I	A	3	2	6.498e-02	0.1093046	I>M:6,A>V:4,I>A:3,I>V:2,I>T:2,A>I:2,V>A:1,A>T:1	I:127,A:110,V:12,M:7,T:4
253	L	F	7	0	6.746e-02	0.1132959	L>F:7,L>M:6,L>I:2,I>F:2,I>L:1	L:229,F:12,I:12,M:7
197	I	V	2	0	6.774e-02	0.1135946	L>I:12,L>T:9,L>M:7,L>F:3,I>M:2,I>V:2,L>P:2,L>V:2,T>I:1,T>M:1,I>T:1,L>Y:1,I>L:1	L:196,I:24,T:17,M:12,V:4,F:3,P:3,Y:1
462	I	M	6	0	6.903e-02	0.1153852	I>V:14,I>L:9,V>I:9,V>A:8,I>T:8,I>A:6,I>M:6,V>T:5,A>T:3,T>A:2,A>I:2,I>Y:1,M>T:1,A>L:1,P>S:1,S>P:1,S>L:1,V>M:1,L>I:1,V>L:1,I>F:1	I:110,V:34,A:28,T:27,-:21,L:15,M:14,P:5,S:2,F:2,Y:1,Q:1
353	I	V	2	0	6.894e-02	0.1153852	L>I:5,L>M:2,I>V:2,L>T:1,I>L:1,I>A:1	L:241,I:11,V:3,M:2,T:2,A:1
116	I	T	2	0	7.018e-02	0.1171122	M>T:26,M>I:4,M>A:3,I>T:2,T>M:2,M>L:2,I>S:1,T>A:1,M>V:1	M:180,T:50,A:12,I:10,S:5,L:2,V:1
175	H	Y	12	0	7.061e-02	0.1176414	H>Y:12,H>N:8,Y>F:7,H>S:2,H>Q:2,H>C:1,Y>C:1,N>S:1	Y:121,H:107,N:13,F:8,Q:5,S:4,C:2
268	T	I	9	0	7.128e-02	0.1183488	T>A:19,T>V:9,T>I:9,A>T:3,T>S:1	T:213,A:25,V:11,I:10,S:1
457	E	Q	4	0	7.137e-02	0.1183488	E>D:12,E>Q:4,E>S:4,S>N:2,E>G:2,D>N:1,N>S:1,E>N:1,S>T:1,S>A:1	E:212,D:14,S:10,N:10,Q:9,T:2,G:2,A:1
348	I	V	2	0	7.137e-02	0.1183488	L>I:11,L>F:3,I>V:2,I>L:1,F>L:1	L:218,I:30,F:9,V:3
430	T	S	2	13	7.232e-02	0.1197415	S>T:13,S>L:3,T>S:2,S>H:2,S>F:2,S>M:1,S>Y:1,S>A:1,S>R:1,S>C:1	S:223,T:25,L:3,F:2,H:2,A:1,M:1,R:1,Y:1,C:1
112	T	S	3	1	7.347e-02	0.1214453	A>T:15,T>A:12,A>S:11,T>S:3,S>T:1	A:175,T:62,S:23
22	F	L	19	0	7.376e-02	0.1217265	F>L:19,H>Y:19,F>S:7,Y>H:6,F>Y:5,F>H:4,H>F:4,Y>F:3,S>T:1,S>F:1,L>S:1,L>H:1,F>N:1,H>N:1	H:100,F:79,Y:38,L:27,S:11,N:3,T:2
60	Q	S	2	0	7.481e-02	0.1232646	Q>H:2,Q>P:2,Q>S:2,S>P:1,S>L:1	Q:247,S:6,P:4,H:2,L:1
255	G	S	6	1	7.509e-02	0.1233118	N>D:16,N>S:11,G>N:8,G>S:6,G>T:4,S>T:4,N>T:4,D>N:3,N>G:3,S>P:2,A>T:2,N>H:2,E>N:1,E>Q:1,G>E:1,S>G:1,A>H:1,A>G:1,G>A:1,G>D:1,N>A:1,N>Y:1,N>P:1,D>A:1	N:107,G:71,D:27,T:24,S:16,P:4,H:3,A:3,E:2,Q:2,Y:1
54	Q	N	2	0	7.500e-02	0.1233118	Q>P:12,H>P:9,H>Y:8,Q>H:6,P>L:4,P>F:4,Q>N:2,P>S:2,P>H:2,Q>E:2,P>T:1,Q>V:1,N>T:1,N>D:1,N>H:1,Q>Y:1,P>Q:1,P>Y:1,L>F:1,H>S:1,H>Q:1,Y>F:1,H>F:1,H>N:1	Q:98,P:89,H:33,Y:10,F:8,L:7,N:6,S:3,T:2,E:2,D:1,V:1
197	L	P	2	0	7.519e-02	0.1233118	L>I:12,L>T:9,L>M:7,L>F:3,I>M:2,I>V:2,L>P:2,L>V:2,T>I:1,T>M:1,I>T:1,L>Y:1,I>L:1	L:196,I:24,T:17,M:12,V:4,F:3,P:3,Y:1
311	H	N	6	0	7.595e-02	0.1241750	H>Q:10,H>N:6,H>P:3,H>S:3,H>Y:3,D>N:2,H>D:2,D>E:1,H>E:1,H>L:1,Q>P:1	Q:136,H:87,D:12,N:8,P:8,S:3,Y:3,E:2,L:1
77	M	L	2	0	7.590e-02	0.1241750	I>L:13,I>V:8,I>M:8,I>F:4,M>L:2,I>A:1	I:188,L:45,M:13,V:8,F:5,A:1
462	V	I	9	14	7.643e-02	0.1247604	I>V:14,I>L:9,V>I:9,V>A:8,I>T:8,I>A:6,I>M:6,V>T:5,A>T:3,T>A:2,A>I:2,I>Y:1,M>T:1,A>L:1,P>S:1,S>P:1,S>L:1,V>M:1,L>I:1,V>L:1,I>F:1	I:110,V:34,A:28,T:27,-:21,L:15,M:14,P:5,S:2,F:2,Y:1,Q:1
168	H	N	6	0	7.657e-02	0.1247996	H>Q:23,H>N:6,H>Y:4,H>D:1	H:196,Q:39,Y:13,N:11,D:1
431	M	L	2	1	7.705e-02	0.1253822	I>L:16,I>M:11,I>T:10,I>V:6,M>L:2,I>A:1,T>I:1,L>M:1,I>P:1	I:185,L:36,T:17,M:14,V:6,A:1,P:1
166	H	N	6	0	7.752e-02	0.1257680	H>Y:16,Y>H:14,Y>F:6,H>N:6,Y>N:3,H>C:3,H>F:2,Y>C:2,H>Q:1,H>A:1,H>T:1,H>L:1,H>S:1	H:168,Y:59,N:10,F:9,C:5,A:4,L:1,T:1,S:1,Q:1,W:1
12	L	P	2	0	7.743e-02	0.1257680	L>I:11,L>F:4,L>M:3,L>P:2,M>I:1,L>A:1,L>T:1	L:229,I:17,P:5,F:4,M:3,A:1,T:1
179	L	I	7	0	7.776e-02	0.1258428	L>I:7,L>M:6,L>F:4,I>M:1,M>T:1,M>I:1	L:215,M:32,I:8,F:4,T:1
250	I	T	5	0	7.781e-02	0.1258428	I>V:34,V>I:13,I>L:9,I>M:8,I>T:5,V>M:3,V>T:2,L>F:2,I>F:1,M>I:1	I:137,V:73,L:19,M:19,T:9,F:3
254	T	I	2	1	7.838e-02	0.1265733	M>T:19,T>M:8,V>I:8,V>T:5,M>I:3,V>M:3,T>I:2,M>L:2,M>A:1,T>L:1,I>T:1,V>A:1,I>V:1,I>L:1	V:92,M:71,T:69,I:19,L:7,A:2
185	T	A	14	0	7.867e-02	0.1266453	T>P:18,T>S:15,T>A:14,T>M:7,T>L:5,S>P:4,S>L:3,P>S:3,T>V:3,S>T:2,S>N:2,P>L:2,T>I:2,P>H:2,L>F:1,T>E:1,P>T:1,A>V:1,T>N:1,S>M:1	T:135,S:39,P:31,A:14,L:10,M:9,N:9,V:6,I:3,H:2,E:1,F:1
431	I	T	10	1	7.867e-02	0.1266453	I>L:16,I>M:11,I>T:10,I>V:6,M>L:2,I>A:1,T>I:1,L>M:1,I>P:1	I:185,L:36,T:17,M:14,V:6,A:1,P:1
100	I	T	10	0	8.005e-02	0.1286748	I>V:30,I>T:10,I>L:8,V>I:1,V>L:1,V>M:1	I:195,V:36,L:14,T:13,M:1,A:1
178	T	A	3	0	8.020e-02	0.1287075	M>L:11,M>T:7,M>I:7,T>A:3,M>A:3,I>V:2,M>V:2,T>M:1,T>F:1,I>T:1,I>A:1,I>M:1,A>P:1,T>V:1,L>M:1,A>I:1	M:180,T:27,I:20,L:15,A:9,V:5,F:3,P:1
52	L	P	2	0	8.063e-02	0.1291987	L>S:7,L>M:4,L>T:3,L>I:2,L>P:2,M>L:1,M>A:1,L>Q:1,L>V:1	L:235,S:7,M:7,T:4,I:2,P:2,A:1,V:1,Q:1
389	A	T	21	0	8.101e-02	0.1294908	A>S:21,A>T:21,S>T:1,T>S:1	A:192,S:34,T:34
147	I	T	10	0	8.106e-02	0.1294908	I>T:10,I>V:4	I:241,T:14,V:4,L:1
417	M	L	2	1	8.148e-02	0.1299786	M>T:24,M>I:18,L>T:3,L>Q:2,M>V:2,M>L:2,L>S:1,T>M:1,L>M:1	L:137,M:57,T:38,I:21,Q:3,V:2,S:2
116	T	M	2	26	8.187e-02	0.1303889	M>T:26,M>I:4,M>A:3,I>T:2,T>M:2,M>L:2,I>S:1,T>A:1,M>V:1	M:180,T:50,A:12,I:10,S:5,L:2,V:1
446	I	T	10	2	8.268e-02	0.1314331	I>T:10,M>T:9,M>V:6,I>M:4,M>A:4,I>L:3,T>A:2,T>I:2,I>G:1,L>I:1,M>I:1,M>L:1	I:123,M:92,T:21,L:10,V:6,A:6,G:1,S:1
449	T	A	3	0	8.277e-02	0.1314331	M>L:15,M>T:4,T>A:3,T>S:3,L>M:1,M>A:1,S>L:1	M:191,L:45,S:10,T:9,A:5
399	I	F	2	0	8.339e-02	0.1322176	I>L:19,I>V:6,I>M:3,L>I:3,I>F:2,I>A:1	I:219,L:27,V:6,M:4,F:3,A:1
5	I	F	2	0	8.435e-02	0.1333270	I>L:23,I>M:12,I>F:2,L>M:2,M>I:2,L>F:1,I>V:1,M>L:1	I:203,L:35,M:18,F:3,V:1
138	S	T	2	0	8.430e-02	0.1333270	N>S:44,S>N:8,S>T:2,N>T:1,N>A:1	N:179,S:77,T:3,A:1
69	S	T	12	0	8.473e-02	0.1337286	S>T:12,S>C:1,T>A:1	S:231,T:16,C:12,A:1
418	T	A	3	0	8.487e-02	0.1337530	M>T:44,T>M:9,T>S:5,M>I:5,T>A:3,M>V:3,T>V:2,I>V:1,S>T:1,M>S:1,T>I:1	M:118,T:103,S:14,A:9,V:8,I:8
257	P	S	8	1	8.506e-02	0.1338525	P>S:8,P>L:4,P>H:2,P>T:2,P>Y:1,S>P:1	P:232,S:16,L:5,T:2,H:2,-:1,Y:1,Q:1
47	F	L	2	0	8.554e-02	0.1344014	Y>F:15,Y>H:6,Y>L:2,F>L:2,F>Y:2	Y:211,F:35,H:8,L:5,T:1
406	L	V	3	0	8.611e-02	0.1350983	L>F:6,L>I:5,L>V:3,V>I:1,I>L:1,I>F:1,I>V:1,L>M:1	L:232,F:12,I:8,V:7,M:1
403	M	L	2	0	8.707e-02	0.1363911	T>A:34,T>I:20,A>T:10,T>S:10,T>L:5,I>T:4,T>M:4,T>V:3,I>M:2,M>L:2,A>G:2,M>I:1,A>M:1,A>S:1,I>A:1	T:117,A:60,I:38,L:21,S:11,M:8,V:3,G:2
193	S	P	5	0	8.754e-02	0.1367297	S>T:7,S>P:5,H>Y:3,S>H:2,S>C:1,S>Q:1,S>N:1	S:233,T:7,P:6,H:5,Y:4,Q:2,N:1,C:1,F:1
462	T	A	2	3	8.750e-02	0.1367297	I>V:14,I>L:9,V>I:9,V>A:8,I>T:8,I>A:6,I>M:6,V>T:5,A>T:3,T>A:2,A>I:2,I>Y:1,M>T:1,A>L:1,P>S:1,S>P:1,S>L:1,V>M:1,L>I:1,V>L:1,I>F:1	I:110,V:34,A:28,T:27,-:21,L:15,M:14,P:5,S:2,F:2,Y:1,Q:1
54	Q	H	6	1	8.793e-02	0.1371214	Q>P:12,H>P:9,H>Y:8,Q>H:6,P>L:4,P>F:4,Q>N:2,P>S:2,P>H:2,Q>E:2,P>T:1,Q>V:1,N>T:1,N>D:1,N>H:1,Q>Y:1,P>Q:1,P>Y:1,L>F:1,H>S:1,H>Q:1,Y>F:1,H>F:1,H>N:1	Q:98,P:89,H:33,Y:10,F:8,L:7,N:6,S:3,T:2,E:2,D:1,V:1
258	L	V	3	0	8.845e-02	0.1377349	L>I:9,L>M:8,S>T:8,L>S:6,S>P:6,S>A:5,L>T:4,S>L:4,L>V:3,T>A:3,L>F:2,I>T:2,T>S:2,M>V:1,V>T:1,S>Y:1,L>P:1,S>Q:1,S>M:1,S>F:1,T>V:1,P>L:1,I>L:1,M>S:1	L:102,S:80,T:28,I:13,P:10,M:9,A:8,V:5,F:3,Y:1,Q:1
261	H	Y	11	6	9.098e-02	0.1413266	H>Y:11,Y>H:6,H>L:5,Y>L:5,H>N:4,H>Q:4,H>S:3,Y>F:3,Y>I:2,L>F:2,H>F:2,L>P:2,I>V:1,H>R:1,L>I:1,L>H:1,L>V:1,H>C:1,N>D:1,N>S:1,F>S:1,P>S:1,H>P:1,N>G:1,N>H:1	N:122,H:48,Y:34,L:22,F:8,S:7,Q:5,P:4,I:3,V:3,D:1,C:1,R:1,G:1
16	L	V	3	0	9.103e-02	0.1413266	F>L:18,L>F:16,L>I:9,F>I:7,F>V:5,L>M:4,L>V:3,V>I:1,F>S:1,L>T:1	L:174,F:53,I:17,V:9,M:4,S:1,T:1,C:1
446	T	A	2	0	9.150e-02	0.1418571	I>T:10,M>T:9,M>V:6,I>M:4,M>A:4,I>L:3,T>A:2,T>I:2,I>G:1,L>I:1,M>I:1,M>L:1	I:123,M:92,T:21,L:10,V:6,A:6,G:1,S:1
96	T	A	2	6	9.274e-02	0.1435677	I>L:8,I>T:7,I>V:7,I>A:7,A>T:6,T>A:2,A>V:2,I>M:1,T>M:1,L>A:1,V>I:1,T>L:1	I:171,A:42,T:21,L:13,V:9,M:4
162	V	I	28	20	9.522e-02	0.1471906	V>I:28,I>V:20,V>T:2,I>T:1	I:163,V:94,T:3
117	L	M	8	1	9.627e-02	0.1485938	L>M:8,M>T:2,M>L:1	L:241,M:16,T:3
98	T	A	13	1	9.723e-02	0.1498458	T>A:13,T>S:5,T>I:2,A>S:1,A>T:1,T>M:1	T:229,A:18,S:10,I:2,M:1
258	L	M	8	0	9.809e-02	0.1509473	L>I:9,L>M:8,S>T:8,L>S:6,S>P:6,S>A:5,L>T:4,S>L:4,L>V:3,T>A:3,L>F:2,I>T:2,T>S:2,M>V:1,V>T:1,S>Y:1,L>P:1,S>Q:1,S>M:1,S>F:1,T>V:1,P>L:1,I>L:1,M>S:1	L:102,S:80,T:28,I:13,P:10,M:9,A:8,V:5,F:3,Y:1,Q:1
144	S	N	7	17	9.856e-02	0.1514590	N>S:17,S>N:7,S>T:5,N>T:2,N>D:1,N>K:1,N>G:1	S:152,N:94,T:10,G:2,D:1,K:1
260	N	D	6	0	9.995e-02	0.1533602	N>S:24,N>T:12,N>D:6,N>E:4,S>P:2,N>P:2,S>T:1,S>C:1,T>P:1,N>Y:1,S>N:1	N:191,S:34,T:13,P:8,E:6,D:6,C:1,Y:1
200	S	T	11	0	1.015e-01	0.1555481	S>G:22,S>N:12,S>T:11,S>A:4,G>S:2,S>E:1,A>T:1,N>D:1	S:167,G:46,N:23,T:17,A:4,D:1,E:1,W:1
9	I	L	9	0	1.020e-01	0.1557422	I>A:11,I>M:11,I>L:9,I>T:8,I>V:7,A>T:5,I>F:3,V>I:1,M>V:1,A>S:1,T>M:1,T>I:1	I:174,A:29,T:17,M:16,L:12,V:8,F:3,S:1
462	I	T	8	0	1.020e-01	0.1557422	I>V:14,I>L:9,V>I:9,V>A:8,I>T:8,I>A:6,I>M:6,V>T:5,A>T:3,T>A:2,A>I:2,I>Y:1,M>T:1,A>L:1,P>S:1,S>P:1,S>L:1,V>M:1,L>I:1,V>L:1,I>F:1	I:110,V:34,A:28,T:27,-:21,L:15,M:14,P:5,S:2,F:2,Y:1,Q:1
257	P	L	4	0	1.021e-01	0.1557422	P>S:8,P>L:4,P>H:2,P>T:2,P>Y:1,S>P:1	P:232,S:16,L:5,T:2,H:2,-:1,Y:1,Q:1
116	M	A	3	0	1.034e-01	0.1574780	M>T:26,M>I:4,M>A:3,I>T:2,T>M:2,M>L:2,I>S:1,T>A:1,M>V:1	M:180,T:50,A:12,I:10,S:5,L:2,V:1
453	I	M	6	1	1.044e-01	0.1583137	I>M:6,M>I:1	I:249,M:11
164	I	M	6	0	1.042e-01	0.1583137	I>L:8,I>M:6,I>V:2,I>F:1	I:228,L:22,M:7,V:2,F:1
319	I	M	6	0	1.043e-01	0.1583137	I>M:6,I>L:5,I>T:3,I>V:3,I>A:1	I:241,M:7,L:5,T:3,V:3,A:1
94	I	M	6	0	1.047e-01	0.1585907	I>T:34,I>V:13,I>M:6,I>L:3,T>M:2,M>T:2,V>I:2,T>I:1,I>A:1,V>A:1	I:174,T:45,V:17,M:17,L:5,A:2
406	L	F	6	0	1.052e-01	0.1586255	L>F:6,L>I:5,L>V:3,V>I:1,I>L:1,I>F:1,I>V:1,L>M:1	L:232,F:12,I:8,V:7,M:1
178	M	A	3	0	1.050e-01	0.1586255	M>L:11,M>T:7,M>I:7,T>A:3,M>A:3,I>V:2,M>V:2,T>M:1,T>F:1,I>T:1,I>A:1,I>M:1,A>P:1,T>V:1,L>M:1,A>I:1	M:180,T:27,I:20,L:15,A:9,V:5,F:3,P:1
47	Y	L	2	0	1.052e-01	0.1586255	Y>F:15,Y>H:6,Y>L:2,F>L:2,F>Y:2	Y:211,F:35,H:8,L:5,T:1
155	I	M	6	0	1.063e-01	0.1600498	I>M:6,A>V:4,I>A:3,I>V:2,I>T:2,A>I:2,V>A:1,A>T:1	I:127,A:110,V:12,M:7,T:4
263	H	L	2	0	1.076e-01	0.1617570	H>Y:15,H>Q:5,C>S:3,H>C:3,H>L:2,C>H:1,H>P:1,H>S:1,H>T:1,L>A:1,Q>L:1,H>N:1	H:216,Y:15,C:8,S:7,Q:6,L:3,P:1,N:1,A:1,T:1,I:1
63	T	A	2	0	1.078e-01	0.1618834	S>A:10,S>T:4,T>A:2	S:225,A:25,T:10
22	F	Y	5	3	1.096e-01	0.1643698	F>L:19,H>Y:19,F>S:7,Y>H:6,F>Y:5,F>H:4,H>F:4,Y>F:3,S>T:1,S>F:1,L>S:1,L>H:1,F>N:1,H>N:1	H:100,F:79,Y:38,L:27,S:11,N:3,T:2
374	L	I	6	1	1.129e-01	0.1689919	L>I:6,I>L:1,L>V:1	L:251,I:7,V:2
252	L	I	6	7	1.134e-01	0.1696067	I>V:11,L>M:7,I>L:7,L>I:6,M>I:4,M>L:4,I>A:3,I>M:3,M>A:2,T>I:2,M>T:2,I>T:2,L>P:1,L>F:1,T>A:1,L>T:1,S>T:1,L>S:1,C>H:1,Y>H:1,C>Y:1,I>C:1,V>M:1	L:95,I:94,M:34,V:12,T:9,A:6,C:3,H:2,Y:1,P:1,F:1,S:1,N:1
58	I	V	17	2	1.138e-01	0.1699349	I>V:17,I>T:12,I>M:5,V>I:2,I>N:1,T>A:1,V>T:1,V>A:1	I:214,V:20,T:14,M:8,A:2,N:1,S:1
56	T	M	7	0	1.158e-01	0.1726091	T>A:21,T>M:7,T>S:6,A>T:1,S>L:1,S>T:1,S>F:1	T:216,A:24,S:9,M:7,L:3,F:1
262	L	I	6	0	1.162e-01	0.1729321	L>I:6,L>M:2,M>V:1,M>I:1,L>F:1	L:246,I:8,M:3,V:1,F:1,Y:1
268	A	T	3	19	1.182e-01	0.1757363	T>A:19,T>V:9,T>I:9,A>T:3,T>S:1	T:213,A:25,V:11,I:10,S:1
78	M	I	8	0	1.190e-01	0.1765828	M>L:32,M>I:8,I>L:1,L>I:1,I>V:1	M:181,L:55,I:23,V:1
454	L	T	2	0	1.191e-01	0.1765828	L>F:16,F>L:9,L>M:3,L>T:2,L>A:2,M>T:1,F>S:1,F>T:1	L:208,F:39,T:6,A:3,M:3,S:1
355	P	S	7	0	1.197e-01	0.1768930	P>S:7	P:251,S:8,L:1
19	P	S	7	0	1.197e-01	0.1768930	P>S:7,A>T:1,P>A:1,P>Q:1,P>N:1,P>H:1,P>R:1,S>K:1,P>V:1,P>T:1,P>L:1	P:240,S:7,T:3,A:2,L:2,R:1,H:1,Q:1,V:1,N:1,K:1
185	T	M	7	0	1.198e-01	0.1768930	T>P:18,T>S:15,T>A:14,T>M:7,T>L:5,S>P:4,S>L:3,P>S:3,T>V:3,S>T:2,S>N:2,P>L:2,T>I:2,P>H:2,L>F:1,T>E:1,P>T:1,A>V:1,T>N:1,S>M:1	T:135,S:39,P:31,A:14,L:10,M:9,N:9,V:6,I:3,H:2,E:1,F:1
167	L	T	2	0	1.204e-01	0.1774177	L>I:8,L>T:2,L>M:1,T>A:1	L:245,I:10,T:2,A:1,M:1,V:1
449	M	L	15	1	1.274e-01	0.1874911	M>L:15,M>T:4,T>A:3,T>S:3,L>M:1,M>A:1,S>L:1	M:191,L:45,S:10,T:9,A:5
178	I	V	2	0	1.278e-01	0.1878592	M>L:11,M>T:7,M>I:7,T>A:3,M>A:3,I>V:2,M>V:2,T>M:1,T>F:1,I>T:1,I>A:1,I>M:1,A>P:1,T>V:1,L>M:1,A>I:1	M:180,T:27,I:20,L:15,A:9,V:5,F:3,P:1
43	T	A	12	0	1.284e-01	0.1884364	T>V:13,T>A:12,V>T:12,T>L:10,T>S:5,T>I:4,V>A:3,Y>H:2,I>L:2,A>V:2,H>Y:1,N>H:1,T>N:1,T>P:1,L>T:1,L>S:1,L>Q:1,S>L:1,V>I:1	T:106,L:49,V:47,A:15,I:13,S:13,H:8,Y:5,N:2,P:1,Q:1
462	I	V	14	9	1.288e-01	0.1888022	I>V:14,I>L:9,V>I:9,V>A:8,I>T:8,I>A:6,I>M:6,V>T:5,A>T:3,T>A:2,A>I:2,I>Y:1,M>T:1,A>L:1,P>S:1,S>P:1,S>L:1,V>M:1,L>I:1,V>L:1,I>F:1	I:110,V:34,A:28,T:27,-:21,L:15,M:14,P:5,S:2,F:2,Y:1,Q:1
182	T	V	3	0	1.300e-01	0.1902144	S>H:12,S>T:8,T>I:6,S>F:6,T>S:5,T>N:5,T>M:3,T>V:3,S>Y:3,L>S:3,S>L:3,T>A:2,S>A:2,M>Q:1,M>L:1,M>T:1,T>H:1,S>N:1,S>Q:1,H>Y:1,H>S:1,L>I:1	S:98,T:86,H:16,L:13,M:11,N:9,I:7,F:6,A:4,Y:4,V:3,Q:3
169	T	S	7	1	1.336e-01	0.1945046	T>A:11,T>S:7,T>M:4,T>V:2,N>S:2,T>N:2,M>V:1,S>T:1,T>L:1,T>G:1,S>A:1	N:114,T:87,S:24,A:16,V:10,M:7,G:1,L:1
443	T	V	3	0	1.336e-01	0.1945046	T>A:15,A>T:14,T>I:10,A>S:5,T>V:3,T>S:3,A>V:2,A>I:1,V>F:1	A:132,T:99,I:14,S:9,V:5,F:1
403	T	V	3	0	1.331e-01	0.1945046	T>A:34,T>I:20,A>T:10,T>S:10,T>L:5,I>T:4,T>M:4,T>V:3,I>M:2,M>L:2,A>G:2,M>I:1,A>M:1,A>S:1,I>A:1	T:117,A:60,I:38,L:21,S:11,M:8,V:3,G:2
185	T	V	3	0	1.335e-01	0.1945046	T>P:18,T>S:15,T>A:14,T>M:7,T>L:5,S>P:4,S>L:3,P>S:3,T>V:3,S>T:2,S>N:2,P>L:2,T>I:2,P>H:2,L>F:1,T>E:1,P>T:1,A>V:1,T>N:1,S>M:1	T:135,S:39,P:31,A:14,L:10,M:9,N:9,V:6,I:3,H:2,E:1,F:1
198	L	M	7	9	1.344e-01	0.1954137	M>V:11,M>L:9,M>I:8,L>M:7,M>A:5,L>I:4,I>A:4,V>A:3,L>F:2,A>V:2,L>S:1,A>T:1,A>I:1,A>F:1,I>V:1,V>M:1,V>L:1,M>F:1	L:134,M:50,I:31,A:23,V:16,F:4,T:1,S:1
82	N	H	3	0	1.355e-01	0.1966665	N>H:3,N>Y:3,G>N:1,N>G:1	N:246,G:7,H:3,Y:3,S:1
347	L	M	7	0	1.360e-01	0.1968138	L>M:7	L:253,M:7
263	H	Q	5	0	1.360e-01	0.1968138	H>Y:15,H>Q:5,C>S:3,H>C:3,H>L:2,C>H:1,H>P:1,H>S:1,H>T:1,L>A:1,Q>L:1,H>N:1	H:216,Y:15,C:8,S:7,Q:6,L:3,P:1,N:1,A:1,T:1,I:1
96	I	L	8	0	1.363e-01	0.1970251	I>L:8,I>T:7,I>V:7,I>A:7,A>T:6,T>A:2,A>V:2,I>M:1,T>M:1,L>A:1,V>I:1,T>L:1	I:171,A:42,T:21,L:13,V:9,M:4
164	I	L	8	0	1.365e-01	0.1970980	I>L:8,I>M:6,I>V:2,I>F:1	I:228,L:22,M:7,V:2,F:1
163	T	V	3	0	1.372e-01	0.1977897	T>A:21,A>T:18,T>S:4,A>V:4,T>V:3,V>A:3,A>I:3,A>S:1,S>A:1,S>T:1,T>I:1,I>M:1,V>I:1	A:136,T:94,V:14,S:10,I:5,M:1
100	I	L	8	0	1.377e-01	0.1980701	I>V:30,I>T:10,I>L:8,V>I:1,V>L:1,V>M:1	I:195,V:36,L:14,T:13,M:1,A:1
395	T	S	7	6	1.378e-01	0.1980701	S>P:11,T>A:9,S>A:8,T>S:7,S>T:6,T>M:5,T>I:5,T>N:4,T>P:3,S>N:3,S>F:2,P>N:2,F>L:1,S>Y:1,T>V:1,N>Y:1,A>S:1	S:103,P:47,A:45,T:34,N:12,I:6,M:5,Y:3,F:2,V:1,L:1,D:1
197	L	M	7	0	1.385e-01	0.1988277	L>I:12,L>T:9,L>M:7,L>F:3,I>M:2,I>V:2,L>P:2,L>V:2,T>I:1,T>M:1,I>T:1,L>Y:1,I>L:1	L:196,I:24,T:17,M:12,V:4,F:3,P:3,Y:1
37	V	I	6	22	1.387e-01	0.1988277	I>V:22,I>L:11,L>I:11,I>A:11,V>I:6,I>M:5,V>A:4,M>I:2,L>A:2,V>L:1,L>M:1,L>S:1,I>T:1,A>I:1	I:109,L:85,V:36,A:20,M:7,T:2,S:1
252	L	M	7	4	1.395e-01	0.1997172	I>V:11,L>M:7,I>L:7,L>I:6,M>I:4,M>L:4,I>A:3,I>M:3,M>A:2,T>I:2,M>T:2,I>T:2,L>P:1,L>F:1,T>A:1,L>T:1,S>T:1,L>S:1,C>H:1,Y>H:1,C>Y:1,I>C:1,V>M:1	L:95,I:94,M:34,V:12,T:9,A:6,C:3,H:2,Y:1,P:1,F:1,S:1,N:1
320	L	M	7	1	1.409e-01	0.2014911	L>M:7,M>L:1	L:247,M:13
105	F	L	15	0	1.453e-01	0.2074833	F>L:15,F>S:14,F>C:2,F>A:1	F:197,L:33,S:26,A:2,C:2
169	T	N	2	0	1.473e-01	0.2099900	T>A:11,T>S:7,T>M:4,T>V:2,N>S:2,T>N:2,M>V:1,S>T:1,T>L:1,T>G:1,S>A:1	N:114,T:87,S:24,A:16,V:10,M:7,G:1,L:1
447	I	T	8	0	1.487e-01	0.2116747	I>L:15,I>T:8,I>A:6,L>I:4,M>L:3,M>T:3,L>T:3,I>M:2,L>F:1,I>F:1,T>A:1,M>I:1,L>M:1	I:179,L:47,T:20,A:8,M:4,F:2
423	T	I	7	1	1.493e-01	0.2122694	T>P:30,T>A:20,T>V:18,T>M:10,T>I:7,T>S:4,S>P:2,P>T:2,V>S:1,V>I:1,V>A:1,T>N:1,P>Q:1,P>A:1,I>T:1,P>I:1,T>Q:1,T>H:1	T:120,P:55,V:25,A:22,M:14,I:11,S:9,Q:2,N:1,H:1
170	Q	K	3	0	1.509e-01	0.2141982	Q>H:10,Q>L:4,Q>K:3,Q>E:2,Q>T:2,K>N:1,K>E:1,Q>W:1,H>R:1	Q:212,K:20,H:13,L:5,E:4,T:2,R:1,N:1,W:1,M:1
424	L	S	2	0	1.510e-01	0.2141982	L>I:14,L>P:7,L>T:5,L>M:3,P>S:2,P>L:2,L>S:2,T>P:2,T>I:2,T>M:2,I>T:1,M>T:1,M>I:1,M>L:1,L>V:1,T>S:1,T>L:1	L:181,I:26,T:21,P:20,M:6,S:5,V:1
9	I	T	8	1	1.516e-01	0.2147195	I>A:11,I>M:11,I>L:9,I>T:8,I>V:7,A>T:5,I>F:3,V>I:1,M>V:1,A>S:1,T>M:1,T>I:1	I:174,A:29,T:17,M:16,L:12,V:8,F:3,S:1
17	L	F	5	0	1.531e-01	0.2165214	L>M:5,L>F:5,M>T:2,L>S:1	L:243,M:9,F:5,T:2,S:1
346	I	T	8	0	1.538e-01	0.2172403	I>T:8,I>V:5	I:242,T:13,V:5
204	L	F	5	0	1.564e-01	0.2206490	L>F:5,L>M:2	L:252,F:5,M:3
169	T	A	11	0	1.571e-01	0.2213604	T>A:11,T>S:7,T>M:4,T>V:2,N>S:2,T>N:2,M>V:1,S>T:1,T>L:1,T>G:1,S>A:1	N:114,T:87,S:24,A:16,V:10,M:7,G:1,L:1
216	L	F	5	0	1.584e-01	0.2228753	L>F:5,L>M:2,L>V:1	L:250,F:5,M:3,V:2
180	K	N	5	2	1.630e-01	0.2287039	K>E:10,K>N:5,E>K:2,E>G:2,K>Q:2,N>K:2,E>Q:1,N>S:1,N>D:1,G>E:1,N>G:1,K>T:1	K:197,E:36,N:14,G:6,Q:4,D:1,S:1,T:1
175	H	S	2	0	1.628e-01	0.2287039	H>Y:12,H>N:8,Y>F:7,H>S:2,H>Q:2,H>C:1,Y>C:1,N>S:1	Y:121,H:107,N:13,F:8,Q:5,S:4,C:2
58	I	M	5	0	1.660e-01	0.2325424	I>V:17,I>T:12,I>M:5,V>I:2,I>N:1,T>A:1,V>T:1,V>A:1	I:214,V:20,T:14,M:8,A:2,N:1,S:1
361	A	S	6	1	1.670e-01	0.2336337	A>S:6,A>G:5,A>T:5,G>A:2,C>S:1,S>C:1,S>A:1,G>S:1	A:216,S:19,G:11,C:8,T:6
25	T	L	2	1	1.675e-01	0.2340555	T>A:19,T>I:5,T>V:4,T>P:3,T>S:3,T>M:2,T>L:2,S>L:1,I>V:1,T>N:1,P>T:1,L>P:1,L>T:1,L>S:1	T:205,A:20,I:9,L:8,P:6,V:5,S:4,M:2,N:1
37	I	M	5	2	1.690e-01	0.2358077	I>V:22,I>L:11,L>I:11,I>A:11,V>I:6,I>M:5,V>A:4,M>I:2,L>A:2,V>L:1,L>M:1,L>S:1,I>T:1,A>I:1	I:109,L:85,V:36,A:20,M:7,T:2,S:1
178	M	I	7	1	1.692e-01	0.2358265	M>L:11,M>T:7,M>I:7,T>A:3,M>A:3,I>V:2,M>V:2,T>M:1,T>F:1,I>T:1,I>A:1,I>M:1,A>P:1,T>V:1,L>M:1,A>I:1	M:180,T:27,I:20,L:15,A:9,V:5,F:3,P:1
248	M	I	7	0	1.704e-01	0.2368587	M>I:7	M:249,I:10,L:1
428	I	M	5	0	1.703e-01	0.2368587	I>L:6,I>M:5,I>T:2,I>F:1,I>V:1	I:244,L:7,M:5,T:2,V:1,F:1
86	H	P	2	0	1.711e-01	0.2374721	H>Q:13,P>S:4,Q>P:4,Q>R:4,Q>T:3,Q>K:3,H>N:2,H>P:2,Q>L:2,Q>H:2,P>L:1,S>L:1,S>P:1,E>G:1,Q>E:1,H>C:1,H>Y:1,Q>S:1,H>R:1,P>T:1	Q:137,H:83,P:10,S:6,R:5,T:5,L:4,N:3,K:3,Y:1,E:1,G:1,C:1
430	S	F	2	0	1.744e-01	0.2417213	S>T:13,S>L:3,T>S:2,S>H:2,S>F:2,S>M:1,S>Y:1,S>A:1,S>R:1,S>C:1	S:223,T:25,L:3,F:2,H:2,A:1,M:1,R:1,Y:1,C:1
450	L	I	5	6	1.748e-01	0.2420624	I>A:9,I>L:6,L>I:5,I>M:5,I>V:5,L>F:4,M>A:4,M>L:4,L>M:2,I>G:2,I>T:2,M>I:2,M>F:2,I>F:2,F>A:1,A>G:1	L:137,I:61,M:19,F:17,A:15,V:5,G:4,T:2
36	A	T	2	38	1.753e-01	0.2424027	T>A:38,T>S:9,T>L:6,S>F:3,S>T:2,L>S:2,T>F:2,A>T:2,T>I:2,S>A:1,S>C:1,L>M:1,L>F:1	T:161,A:49,S:19,L:16,F:8,I:3,C:3,M:1
406	L	I	5	1	1.758e-01	0.2427420	L>F:6,L>I:5,L>V:3,V>I:1,I>L:1,I>F:1,I>V:1,L>M:1	L:232,F:12,I:8,V:7,M:1
353	L	I	5	1	1.769e-01	0.2438699	L>I:5,L>M:2,I>V:2,L>T:1,I>L:1,I>A:1	L:241,I:11,V:3,M:2,T:2,A:1
430	S	L	3	0	1.783e-01	0.2455862	S>T:13,S>L:3,T>S:2,S>H:2,S>F:2,S>M:1,S>Y:1,S>A:1,S>R:1,S>C:1	S:223,T:25,L:3,F:2,H:2,A:1,M:1,R:1,Y:1,C:1
8	T	M	6	0	1.795e-01	0.2468386	T>M:6,T>S:3	T:251,M:6,S:3
315	S	T	9	0	1.815e-01	0.2493328	S>T:9,S>A:5,S>H:1,A>T:1,T>A:1	S:240,T:13,A:6,H:1
404	A	T	16	0	1.822e-01	0.2499881	A>T:16,A>V:1	A:234,T:24,V:1,S:1
140	P	L	3	0	1.869e-01	0.2556667	P>L:3,P>S:2	P:254,L:3,S:2,T:1
41	W	L	2	0	1.866e-01	0.2556667	W>L:2	W:257,L:2,V:1
56	T	S	6	1	1.878e-01	0.2566370	T>A:21,T>M:7,T>S:6,A>T:1,S>L:1,S>T:1,S>F:1	T:216,A:24,S:9,M:7,L:3,F:1
66	L	M	6	0	1.896e-01	0.2587116	L>M:6	L:251,M:9
29	T	S	6	1	1.904e-01	0.2595455	T>A:30,T>M:14,T>L:9,T>S:6,A>T:6,L>M:3,S>L:3,L>F:3,S>A:2,S>F:2,T>F:1,A>M:1,S>M:1,T>I:1,M>T:1,M>A:1,L>T:1,T>G:1,L>I:1,S>T:1	T:113,L:47,A:43,M:29,S:17,F:7,I:3,G:1
150	L	M	6	0	1.911e-01	0.2600525	L>M:6	L:253,M:7
253	L	M	6	0	1.927e-01	0.2619201	L>F:7,L>M:6,L>I:2,I>F:2,I>L:1	L:229,F:12,I:12,M:7
461	G	A	3	0	1.936e-01	0.2628761	G>A:3,G>N:1,G>I:1,G>S:1	G:226,-:22,N:3,S:3,A:3,I:1,M:1,Y:1
179	L	M	6	0	1.942e-01	0.2633121	L>I:7,L>M:6,L>F:4,I>M:1,M>T:1,M>I:1	L:215,M:32,I:8,F:4,T:1
4	I	V	14	0	1.959e-01	0.2652328	I>V:14,I>M:1,I>Y:1	I:244,V:14,Y:1,M:1
96	I	T	7	0	2.020e-01	0.2732128	I>L:8,I>T:7,I>V:7,I>A:7,A>T:6,T>A:2,A>V:2,I>M:1,T>M:1,L>A:1,V>I:1,T>L:1	I:171,A:42,T:21,L:13,V:9,M:4
90	T	A	10	0	2.048e-01	0.2765976	I>T:15,T>S:12,T>A:10,T>V:9,I>V:7,I>A:6,T>P:5,T>I:4,I>S:3,T>M:2,V>T:2,S>P:2,V>M:1,S>Q:1,V>K:1,V>I:1,V>L:1,M>V:1,P>L:1,I>M:1,V>A:1,I>N:1,T>N:1,I>P:1,A>I:1,A>V:1	T:90,I:70,S:27,V:23,A:22,P:12,N:7,M:4,Q:2,L:2,K:1
350	T	A	10	1	2.066e-01	0.2779072	T>A:10,T>M:2,A>T:1,T>S:1	T:239,A:18,M:2,S:1
183	H	N	4	0	2.061e-01	0.2779072	H>P:13,H>Y:5,H>N:4,H>Q:4,H>R:3,P>S:1,H>L:1,N>S:1,H>S:1,H>I:1	H:194,P:34,N:11,Y:7,Q:6,R:3,S:3,L:1,I:1
197	L	V	2	0	2.065e-01	0.2779072	L>I:12,L>T:9,L>M:7,L>F:3,I>M:2,I>V:2,L>P:2,L>V:2,T>I:1,T>M:1,I>T:1,L>Y:1,I>L:1	L:196,I:24,T:17,M:12,V:4,F:3,P:3,Y:1
261	H	N	4	1	2.076e-01	0.2789610	H>Y:11,Y>H:6,H>L:5,Y>L:5,H>N:4,H>Q:4,H>S:3,Y>F:3,Y>I:2,L>F:2,H>F:2,L>P:2,I>V:1,H>R:1,L>I:1,L>H:1,L>V:1,H>C:1,N>D:1,N>S:1,F>S:1,P>S:1,H>P:1,N>G:1,N>H:1	N:122,H:48,Y:34,L:22,F:8,S:7,Q:5,P:4,I:3,V:3,D:1,C:1,R:1,G:1
370	T	A	10	1	2.085e-01	0.2798202	T>A:10,T>M:5,T>S:4,A>T:1	T:223,A:16,S:15,M:6
182	T	I	6	0	2.104e-01	0.2812366	S>H:12,S>T:8,T>I:6,S>F:6,T>S:5,T>N:5,T>M:3,T>V:3,S>Y:3,L>S:3,S>L:3,T>A:2,S>A:2,M>Q:1,M>L:1,M>T:1,T>H:1,S>N:1,S>Q:1,H>Y:1,H>S:1,L>I:1	S:98,T:86,H:16,L:13,M:11,N:9,I:7,F:6,A:4,Y:4,V:3,Q:3
85	Q	H	4	0	2.102e-01	0.2812366	Q>H:4,H>N:2,Q>K:2,Q>R:1,H>Y:1,N>S:1,Q>Y:1,Q>T:1,Q>E:1	Q:124,E:111,H:14,N:3,S:2,Y:2,K:2,R:1,T:1
73	L	V	2	0	2.101e-01	0.2812366	L>V:2,L>T:1	L:256,T:2,V:2
112	A	T	15	12	2.120e-01	0.2829801	A>T:15,T>A:12,A>S:11,T>S:3,S>T:1	A:175,T:62,S:23
261	H	Q	4	0	2.155e-01	0.2873909	H>Y:11,Y>H:6,H>L:5,Y>L:5,H>N:4,H>Q:4,H>S:3,Y>F:3,Y>I:2,L>F:2,H>F:2,L>P:2,I>V:1,H>R:1,L>I:1,L>H:1,L>V:1,H>C:1,N>D:1,N>S:1,F>S:1,P>S:1,H>P:1,N>G:1,N>H:1	N:122,H:48,Y:34,L:22,F:8,S:7,Q:5,P:4,I:3,V:3,D:1,C:1,R:1,G:1
183	H	Q	4	0	2.179e-01	0.2901386	H>P:13,H>Y:5,H>N:4,H>Q:4,H>R:3,P>S:1,H>L:1,N>S:1,H>S:1,H>I:1	H:194,P:34,N:11,Y:7,Q:6,R:3,S:3,L:1,I:1
315	S	A	5	0	2.261e-01	0.3007471	S>T:9,S>A:5,S>H:1,A>T:1,T>A:1	S:240,T:13,A:6,H:1
199	S	T	8	0	2.276e-01	0.3022669	S>A:11,S>L:11,S>T:8,S>C:7,S>F:1,S>M:1,S>I:1,S>Y:1,A>T:1	S:164,A:44,L:25,T:12,C:11,Y:1,I:1,F:1,M:1
170	Q	E	2	0	2.292e-01	0.3040361	Q>H:10,Q>L:4,Q>K:3,Q>E:2,Q>T:2,K>N:1,K>E:1,Q>W:1,H>R:1	Q:212,K:20,H:13,L:5,E:4,T:2,R:1,N:1,W:1,M:1
40	Q	L	2	0	2.312e-01	0.3063065	Q>H:12,Q>Y:3,Q>L:2,Q>K:2,H>N:1,Q>T:1,Q>R:1	Q:224,H:25,Y:3,L:3,K:2,T:1,N:1,R:1
54	Q	E	2	0	2.315e-01	0.3063616	Q>P:12,H>P:9,H>Y:8,Q>H:6,P>L:4,P>F:4,Q>N:2,P>S:2,P>H:2,Q>E:2,P>T:1,Q>V:1,N>T:1,N>D:1,N>H:1,Q>Y:1,P>Q:1,P>Y:1,L>F:1,H>S:1,H>Q:1,Y>F:1,H>F:1,H>N:1	Q:98,P:89,H:33,Y:10,F:8,L:7,N:6,S:3,T:2,E:2,D:1,V:1
450	L	F	4	0	2.367e-01	0.3124536	I>A:9,I>L:6,L>I:5,I>M:5,I>V:5,L>F:4,M>A:4,M>L:4,L>M:2,I>G:2,I>T:2,M>I:2,M>F:2,I>F:2,F>A:1,A>G:1	L:137,I:61,M:19,F:17,A:15,V:5,G:4,T:2
149	L	F	4	0	2.367e-01	0.3124536	L>F:4,L>M:1	L:252,F:7,M:1
94	I	V	13	2	2.381e-01	0.3138844	I>T:34,I>V:13,I>M:6,I>L:3,T>M:2,M>T:2,V>I:2,T>I:1,I>A:1,V>A:1	I:174,T:45,V:17,M:17,L:5,A:2
102	V	I	3	11	2.385e-01	0.3140554	A>V:15,I>V:11,T>A:4,V>I:3,V>T:3,T>V:2,I>T:1,T>S:1,V>A:1,A>T:1	A:92,I:76,V:69,T:21,S:1,L:1
211	A	S	5	0	2.391e-01	0.3141454	A>S:5	A:254,S:5,I:1
57	G	A	3	0	2.392e-01	0.3141454	S>A:15,G>S:13,G>A:3,S>N:2,S>T:2,G>N:1,G>C:1,S>Y:1,S>H:1,S>F:1	G:124,S:108,A:19,N:3,T:2,Y:1,F:1,H:1,C:1
192	N	S	8	5	2.403e-01	0.3143421	S>T:15,N>T:14,T>S:8,N>S:8,N>D:7,N>H:5,T>A:5,T>N:5,S>N:5,S>H:4,S>A:3,S>P:3,N>Y:3,P>L:2,Y>N:2,L>F:1,H>L:1,P>T:1,H>P:1,H>Y:1,T>V:1,N>P:1,K>E:1,N>K:1,S>E:1,P>Q:1,A>T:1,T>D:1,T>M:1,T>H:1,N>A:1,Y>H:1,Y>L:1,N>L:1,Q>L:1,Q>P:1,N>Q:1	N:91,T:72,S:34,H:14,A:10,L:9,P:8,D:8,Y:6,E:2,Q:2,K:1,F:1,V:1,M:1
380	L	F	4	0	2.402e-01	0.3143421	L>F:4,L>S:1	L:254,F:5,S:1
12	L	F	4	0	2.399e-01	0.3143421	L>I:11,L>F:4,L>M:3,L>P:2,M>I:1,L>A:1,L>T:1	L:229,I:17,P:5,F:4,M:3,A:1,T:1
270	A	S	5	1	2.409e-01	0.3145554	A>S:5,S>A:1	A:249,S:11
444	L	F	4	0	2.410e-01	0.3145554	L>F:4,L>M:1,L>C:1	L:254,F:4,M:1,C:1
131	I	V	13	0	2.416e-01	0.3149725	I>V:13,I>A:1,I>L:1	I:241,V:13,A:4,L:1,M:1
179	L	F	4	0	2.423e-01	0.3153887	L>I:7,L>M:6,L>F:4,I>M:1,M>T:1,M>I:1	L:215,M:32,I:8,F:4,T:1
392	N	D	4	0	2.445e-01	0.3179749	N>D:4,N>K:2,N>H:2,K>H:1,K>N:1	N:244,K:7,D:5,H:4
195	T	A	9	0	2.506e-01	0.3254492	T>S:27,T>A:9,T>P:5	T:177,S:69,A:9,P:5
395	T	A	9	0	2.518e-01	0.3266552	S>P:11,T>A:9,S>A:8,T>S:7,S>T:6,T>M:5,T>I:5,T>N:4,T>P:3,S>N:3,S>F:2,P>N:2,F>L:1,S>Y:1,T>V:1,N>Y:1,A>S:1	S:103,P:47,A:45,T:34,N:12,I:6,M:5,Y:3,F:2,V:1,L:1,D:1
61	I	M	4	1	2.530e-01	0.3277965	I>T:12,I>M:4,T>I:2,I>L:2,I>V:1,T>M:1,M>I:1	I:217,T:31,M:8,L:3,V:1
395	T	M	5	0	2.546e-01	0.3293670	S>P:11,T>A:9,S>A:8,T>S:7,S>T:6,T>M:5,T>I:5,T>N:4,T>P:3,S>N:3,S>F:2,P>N:2,F>L:1,S>Y:1,T>V:1,N>Y:1,A>S:1	S:103,P:47,A:45,T:34,N:12,I:6,M:5,Y:3,F:2,V:1,L:1,D:1
275	L	I	4	0	2.555e-01	0.3301939	L>V:5,L>I:4,L>F:1,L>A:1	L:240,V:14,I:4,A:1,F:1
429	T	M	5	0	2.561e-01	0.3305261	T>M:5,T>S:4,T>K:4,S>T:3,T>Q:1	T:241,S:8,M:5,K:4,Q:1,I:1
370	T	M	5	0	2.570e-01	0.3313110	T>A:10,T>M:5,T>S:4,A>T:1	T:223,A:16,S:15,M:6
446	I	M	4	1	2.573e-01	0.3313110	I>T:10,M>T:9,M>V:6,I>M:4,M>A:4,I>L:3,T>A:2,T>I:2,I>G:1,L>I:1,M>I:1,M>L:1	I:123,M:92,T:21,L:10,V:6,A:6,G:1,S:1
17	L	M	5	0	2.583e-01	0.3321927	L>M:5,L>F:5,M>T:2,L>S:1	L:243,M:9,F:5,T:2,S:1
108	L	I	4	0	2.590e-01	0.3325822	L>M:5,L>T:4,L>I:4,L>V:1	L:243,M:6,I:5,T:5,V:1
428	I	L	6	0	2.599e-01	0.3333378	I>L:6,I>M:5,I>T:2,I>F:1,I>V:1	I:244,L:7,M:5,T:2,V:1,F:1
198	L	I	4	0	2.602e-01	0.3334193	M>V:11,M>L:9,M>I:8,L>M:7,M>A:5,L>I:4,I>A:4,V>A:3,L>F:2,A>V:2,L>S:1,A>T:1,A>I:1,A>F:1,I>V:1,V>M:1,V>L:1,M>F:1	L:134,M:50,I:31,A:23,V:16,F:4,T:1,S:1
99	L	M	5	11	2.622e-01	0.3354108	M>V:11,M>L:11,M>I:7,L>M:5,V>I:5,L>I:2,V>L:2,V>M:2,M>T:2,L>V:1,I>L:1,I>V:1	L:149,M:50,V:32,I:27,T:2
432	Q	P	2	0	2.624e-01	0.3354108	H>P:5,Q>P:2,Y>C:1,H>Y:1,Q>H:1,P>M:1,P>L:1,Q>L:1	Q:235,P:13,H:6,L:2,M:1,C:1,Y:1,S:1
186	L	M	5	4	2.634e-01	0.3362203	M>V:9,L>P:8,M>T:7,L>M:5,L>S:5,L>T:5,M>L:4,V>M:2,L>F:1,P>L:1,P>S:1,L>Y:1,L>I:1,L>H:1,M>S:1,M>I:1,A>S:1,A>I:1,M>A:1,I>A:1,T>I:1,T>A:1,M>P:1,V>T:1,L>V:1	L:143,M:41,T:19,P:19,V:15,S:11,I:5,A:3,H:2,F:1,Y:1
178	M	L	11	1	2.643e-01	0.3364967	M>L:11,M>T:7,M>I:7,T>A:3,M>A:3,I>V:2,M>V:2,T>M:1,T>F:1,I>T:1,I>A:1,I>M:1,A>P:1,T>V:1,L>M:1,A>I:1	M:180,T:27,I:20,L:15,A:9,V:5,F:3,P:1
290	L	M	5	0	2.640e-01	0.3364967	L>M:5	L:254,M:6
349	L	M	5	0	2.646e-01	0.3365131	L>M:5	L:252,M:8
108	L	M	5	0	2.654e-01	0.3367273	L>M:5,L>T:4,L>I:4,L>V:1	L:243,M:6,I:5,T:5,V:1
23	L	I	4	0	2.653e-01	0.3367273	L>M:13,L>I:4,I>T:1,V>M:1,I>V:1,M>V:1,M>I:1,L>V:1	L:223,M:22,I:9,V:4,T:2
33	L	M	5	0	2.657e-01	0.3367433	L>M:5,M>A:1,L>I:1,L>F:1	L:245,M:8,I:4,F:1,A:1,V:1
60	Q	P	2	0	2.687e-01	0.3401408	Q>H:2,Q>P:2,Q>S:2,S>P:1,S>L:1	Q:247,S:6,P:4,H:2,L:1
43	T	S	5	0	2.706e-01	0.3415601	T>V:13,T>A:12,V>T:12,T>L:10,T>S:5,T>I:4,V>A:3,Y>H:2,I>L:2,A>V:2,H>Y:1,N>H:1,T>N:1,T>P:1,L>T:1,L>S:1,L>Q:1,S>L:1,V>I:1	T:106,L:49,V:47,A:15,I:13,S:13,H:8,Y:5,N:2,P:1,Q:1
463	P	S	4	0	2.708e-01	0.3415601	P>L:8,P>S:4,L>F:3,P>I:2,F>S:1,L>M:1,F>Y:1,L>P:1,I>L:1,P>T:1	P:199,L:23,-:22,I:5,S:5,F:3,T:1,Y:1,M:1
169	T	V	2	0	2.704e-01	0.3415601	T>A:11,T>S:7,T>M:4,T>V:2,N>S:2,T>N:2,M>V:1,S>T:1,T>L:1,T>G:1,S>A:1	N:114,T:87,S:24,A:16,V:10,M:7,G:1,L:1
98	T	S	5	0	2.722e-01	0.3428322	T>A:13,T>S:5,T>I:2,A>S:1,A>T:1,T>M:1	T:229,A:18,S:10,I:2,M:1
182	T	S	5	8	2.736e-01	0.3441613	S>H:12,S>T:8,T>I:6,S>F:6,T>S:5,T>N:5,T>M:3,T>V:3,S>Y:3,L>S:3,S>L:3,T>A:2,S>A:2,M>Q:1,M>L:1,M>T:1,T>H:1,S>N:1,S>Q:1,H>Y:1,H>S:1,L>I:1	S:98,T:86,H:16,L:13,M:11,N:9,I:7,F:6,A:4,Y:4,V:3,Q:3
10	M	T	8	1	2.763e-01	0.3471657	M>T:8,M>L:4,M>A:1,T>M:1,M>S:1	M:241,T:10,L:7,S:1,A:1
392	N	H	2	0	2.772e-01	0.3479475	N>D:4,N>K:2,N>H:2,K>H:1,K>N:1	N:244,K:7,D:5,H:4
457	E	G	2	0	2.821e-01	0.3536315	E>D:12,E>Q:4,E>S:4,S>N:2,E>G:2,D>N:1,N>S:1,E>N:1,S>T:1,S>A:1	E:212,D:14,S:10,N:10,Q:9,T:2,G:2,A:1
47	Y	H	6	0	2.825e-01	0.3537466	Y>F:15,Y>H:6,Y>L:2,F>L:2,F>Y:2	Y:211,F:35,H:8,L:5,T:1
362	T	V	2	0	2.833e-01	0.3543387	T>I:37,T>L:4,T>S:3,T>V:2,I>L:1,V>A:1,I>V:1,T>A:1,I>T:1	T:188,I:57,S:5,L:5,V:3,A:2
180	K	Q	2	0	2.866e-01	0.3579686	K>E:10,K>N:5,E>K:2,E>G:2,K>Q:2,N>K:2,E>Q:1,N>S:1,N>D:1,G>E:1,N>G:1,K>T:1	K:197,E:36,N:14,G:6,Q:4,D:1,S:1,T:1
101	T	I	5	1	2.874e-01	0.3585543	T>M:17,L>M:9,T>A:6,T>I:5,T>L:5,L>S:5,L>T:5,L>F:3,T>S:2,L>A:2,L>I:2,M>V:1,I>T:1,S>A:1,A>V:1,A>S:1,A>T:1,A>L:1,L>V:1	L:111,T:79,M:30,I:14,A:12,S:8,V:3,F:3
40	Q	K	2	0	2.879e-01	0.3587819	Q>H:12,Q>Y:3,Q>L:2,Q>K:2,H>N:1,Q>T:1,Q>R:1	Q:224,H:25,Y:3,L:3,K:2,T:1,N:1,R:1
193	S	T	7	0	2.892e-01	0.3595321	S>T:7,S>P:5,H>Y:3,S>H:2,S>C:1,S>Q:1,S>N:1	S:233,T:7,P:6,H:5,Y:4,Q:2,N:1,C:1,F:1
25	T	I	5	0	2.889e-01	0.3595321	T>A:19,T>I:5,T>V:4,T>P:3,T>S:3,T>M:2,T>L:2,S>L:1,I>V:1,T>N:1,P>T:1,L>P:1,L>T:1,L>S:1	T:205,A:20,I:9,L:8,P:6,V:5,S:4,M:2,N:1
395	T	I	5	0	2.898e-01	0.3598170	S>P:11,T>A:9,S>A:8,T>S:7,S>T:6,T>M:5,T>I:5,T>N:4,T>P:3,S>N:3,S>F:2,P>N:2,F>L:1,S>Y:1,T>V:1,N>Y:1,A>S:1	S:103,P:47,A:45,T:34,N:12,I:6,M:5,Y:3,F:2,V:1,L:1,D:1
434	S	T	7	0	2.905e-01	0.3603378	S>T:7,S>N:1	S:251,T:8,N:1
85	Q	K	2	0	2.914e-01	0.3609166	Q>H:4,H>N:2,Q>K:2,Q>R:1,H>Y:1,N>S:1,Q>Y:1,Q>T:1,Q>E:1	Q:124,E:111,H:14,N:3,S:2,Y:2,K:2,R:1,T:1
314	F	Y	3	0	2.920e-01	0.3613169	F>I:9,F>L:6,F>Y:3	F:239,I:10,L:7,Y:3,P:1
259	S	T	7	0	2.928e-01	0.3618342	S>L:21,S>P:17,S>T:7,L>S:6,L>T:2,T>N:1,C>Y:1,S>C:1,M>T:1,S>M:1,P>Q:1,N>S:1,N>T:1,N>I:1,S>N:1,S>Q:1,T>V:1,S>H:1	S:128,L:59,T:31,P:20,N:8,M:4,V:4,Q:2,H:1,Y:1,C:1,I:1
352	G	S	3	0	3.007e-01	0.3711248	G>S:3,S>N:1	G:251,S:6,N:3
300	G	S	3	0	3.025e-01	0.3729234	G>S:3,G>A:1	G:255,S:3,A:2
191	T	A	8	0	3.064e-01	0.3773615	T>S:13,S>T:11,T>P:11,T>N:9,T>A:8,S>N:6,T>L:3,S>P:2,T>M:2,T>I:2,S>L:2,N>S:1,N>G:1,N>T:1,T>F:1,P>S:1,S>D:1	T:119,N:63,S:33,P:22,A:8,L:6,I:2,M:2,F:2,D:1,-:1,G:1
114	E	D	3	0	3.101e-01	0.3813785	E>D:3,E>N:1	E:255,D:4,N:1
102	I	V	11	3	3.142e-01	0.3855956	A>V:15,I>V:11,T>A:4,V>I:3,V>T:3,T>V:2,I>T:1,T>S:1,V>A:1,A>T:1	A:92,I:76,V:69,T:21,S:1,L:1
418	M	I	5	0	3.143e-01	0.3855956	M>T:44,T>M:9,T>S:5,M>I:5,T>A:3,M>V:3,T>V:2,I>V:1,S>T:1,M>S:1,T>I:1	M:118,T:103,S:14,A:9,V:8,I:8
94	V	I	2	13	3.146e-01	0.3855956	I>T:34,I>V:13,I>M:6,I>L:3,T>M:2,M>T:2,V>I:2,T>I:1,I>A:1,V>A:1	I:174,T:45,V:17,M:17,L:5,A:2
307	M	I	5	0	3.156e-01	0.3864302	M>L:7,M>I:5,M>T:5	M:234,I:10,T:8,L:8
205	M	V	4	0	3.174e-01	0.3880795	M>T:14,T>M:11,L>M:10,M>L:4,M>V:4,L>I:4,L>T:4,M>I:3,L>V:3,I>T:1,T>A:1,T>I:1,T>L:1	L:114,M:75,T:55,I:8,V:7,A:1
58	V	I	2	17	3.179e-01	0.3883265	I>V:17,I>T:12,I>M:5,V>I:2,I>N:1,T>A:1,V>T:1,V>A:1	I:214,V:20,T:14,M:8,A:2,N:1,S:1
392	N	K	2	1	3.196e-01	0.3899115	N>D:4,N>K:2,N>H:2,K>H:1,K>N:1	N:244,K:7,D:5,H:4
200	S	A	4	0	3.218e-01	0.3917351	S>G:22,S>N:12,S>T:11,S>A:4,G>S:2,S>E:1,A>T:1,N>D:1	S:167,G:46,N:23,T:17,A:4,D:1,E:1,W:1
49	H	N	3	3	3.216e-01	0.3917351	H>Y:18,N>S:16,S>N:12,N>G:6,S>G:4,L>S:3,H>L:3,H>N:3,N>H:3,T>I:2,N>Y:2,H>R:1,L>T:1,H>Q:1,Y>H:1,H>S:1,T>S:1,N>T:1	H:69,S:63,N:55,Y:41,G:15,L:7,T:5,I:2,R:1,Q:1,M:1
460	S	A	4	0	3.261e-01	0.3964428	S>A:4,S>L:1,S>T:1,S>F:1	S:251,A:5,L:1,F:1,T:1,Y:1
319	I	L	5	0	3.325e-01	0.4037467	I>M:6,I>L:5,I>T:3,I>V:3,I>A:1	I:241,M:7,L:5,T:3,V:3,A:1
257	P	T	2	0	3.380e-01	0.4099341	P>S:8,P>L:4,P>H:2,P>T:2,P>Y:1,S>P:1	P:232,S:16,L:5,T:2,H:2,-:1,Y:1,Q:1
178	M	T	7	1	3.443e-01	0.4171477	M>L:11,M>T:7,M>I:7,T>A:3,M>A:3,I>V:2,M>V:2,T>M:1,T>F:1,I>T:1,I>A:1,I>M:1,A>P:1,T>V:1,L>M:1,A>I:1	M:180,T:27,I:20,L:15,A:9,V:5,F:3,P:1
197	L	F	3	0	3.528e-01	0.4268849	L>I:12,L>T:9,L>M:7,L>F:3,I>M:2,I>V:2,L>P:2,L>V:2,T>I:1,T>M:1,I>T:1,L>Y:1,I>L:1	L:196,I:24,T:17,M:12,V:4,F:3,P:3,Y:1
280	I	T	5	0	3.550e-01	0.4287238	I>T:5,I>M:3	I:248,T:6,M:5,V:1
89	L	M	4	0	3.551e-01	0.4287238	T>I:16,T>A:13,T>P:12,P>L:10,L>P:9,P>T:8,T>M:7,L>M:4,L>S:4,T>N:4,T>V:3,L>T:3,T>S:3,P>Y:2,S>T:2,L>Q:2,I>T:2,P>S:2,H>N:1,H>Y:1,H>Q:1,L>H:1,P>V:1,L>I:1,L>F:1,S>Q:1,S>P:1,M>T:1,T>H:1,I>A:1,A>T:1,P>I:1,T>E:1,P>H:1	P:62,T:51,L:44,I:37,A:20,M:12,S:9,H:7,N:5,V:4,Q:4,Y:3,E:1,F:1
410	S	T	6	0	3.576e-01	0.4299909	S>A:14,S>T:6,S>L:5,A>T:3,S>C:2,S>M:2,A>M:1,T>A:1	S:210,A:27,T:11,L:5,M:4,C:2,I:1
169	T	M	4	0	3.566e-01	0.4299909	T>A:11,T>S:7,T>M:4,T>V:2,N>S:2,T>N:2,M>V:1,S>T:1,T>L:1,T>G:1,S>A:1	N:114,T:87,S:24,A:16,V:10,M:7,G:1,L:1
132	L	M	4	0	3.580e-01	0.4299909	L>M:4,L>I:1	L:254,M:4,I:1,V:1
403	T	M	4	0	3.582e-01	0.4299909	T>A:34,T>I:20,A>T:10,T>S:10,T>L:5,I>T:4,T>M:4,T>V:3,I>M:2,M>L:2,A>G:2,M>I:1,A>M:1,A>S:1,I>A:1	T:117,A:60,I:38,L:21,S:11,M:8,V:3,G:2
16	L	M	4	0	3.580e-01	0.4299909	F>L:18,L>F:16,L>I:9,F>I:7,F>V:5,L>M:4,L>V:3,V>I:1,F>S:1,L>T:1	L:174,F:53,I:17,V:9,M:4,S:1,T:1,C:1
366	L	M	4	0	3.597e-01	0.4306872	L>M:4,L>F:1	L:255,M:4,F:1
171	T	M	4	0	3.592e-01	0.4306872	T>I:17,I>T:12,I>M:12,T>M:4,T>A:4,I>V:4,T>V:1,T>N:1,T>S:1,I>L:1	I:128,T:102,M:16,V:5,A:4,N:2,L:1,S:1,K:1
50	K	N	3	0	3.600e-01	0.4306872	K>N:3	K:256,N:4
348	L	F	3	1	3.609e-01	0.4312793	L>I:11,L>F:3,I>V:2,I>L:1,F>L:1	L:218,I:30,F:9,V:3
52	L	M	4	1	3.629e-01	0.4331228	L>S:7,L>M:4,L>T:3,L>I:2,L>P:2,M>L:1,M>A:1,L>Q:1,L>V:1	L:235,S:7,M:7,T:4,I:2,P:2,A:1,V:1,Q:1
322	I	V	10	1	3.649e-01	0.4350191	I>V:10,I>F:1,V>I:1	I:246,V:13,F:1
385	T	S	4	1	3.699e-01	0.4404903	T>S:4,S>N:2,S>T:1	T:248,S:10,N:2
303	I	V	10	19	3.704e-01	0.4406714	V>I:19,I>V:10	I:173,V:86,T:1
436	T	S	4	0	3.717e-01	0.4417023	T>S:4	T:256,S:4
377	T	S	4	0	3.727e-01	0.4418907	T>S:4	T:256,S:4
163	T	S	4	1	3.727e-01	0.4418907	T>A:21,A>T:18,T>S:4,A>V:4,T>V:3,V>A:3,A>I:3,A>S:1,S>A:1,S>T:1,T>I:1,I>M:1,V>I:1	A:136,T:94,V:14,S:10,I:5,M:1
370	T	S	4	0	3.746e-01	0.4435947	T>A:10,T>M:5,T>S:4,A>T:1	T:223,A:16,S:15,M:6
423	T	S	4	0	3.756e-01	0.4442226	T>P:30,T>A:20,T>V:18,T>M:10,T>I:7,T>S:4,S>P:2,P>T:2,V>S:1,V>I:1,V>A:1,T>N:1,P>Q:1,P>A:1,I>T:1,P>I:1,T>Q:1,T>H:1	T:120,P:55,V:25,A:22,M:14,I:11,S:9,Q:2,N:1,H:1
429	T	S	4	3	3.763e-01	0.4444670	T>M:5,T>S:4,T>K:4,S>T:3,T>Q:1	T:241,S:8,M:5,K:4,Q:1,I:1
39	L	I	3	0	3.769e-01	0.4444670	L>I:3,L>F:1	L:255,I:3,F:1,M:1
280	I	M	3	0	3.770e-01	0.4444670	I>T:5,I>M:3	I:248,T:6,M:5,V:1
398	I	M	3	0	3.786e-01	0.4454333	I>L:23,I>M:3,L>I:1	I:219,L:37,M:4
176	L	I	3	0	3.787e-01	0.4454333	F>L:24,L>F:16,L>M:3,L>I:3,F>Y:3,M>L:1,M>I:1	L:182,F:61,M:8,I:6,Y:3
107	I	M	3	0	3.797e-01	0.4461110	I>L:15,L>I:12,I>V:4,I>M:3	L:160,I:92,M:4,V:4
399	I	M	3	0	3.812e-01	0.4474031	I>L:19,I>V:6,I>M:3,L>I:3,I>F:2,I>A:1	I:219,L:27,V:6,M:4,F:3,A:1
405	T	I	4	0	3.829e-01	0.4488600	T>I:4,I>M:4,T>S:3,I>S:1,I>V:1	T:138,I:110,S:5,M:5,V:1,A:1
97	T	I	4	0	3.856e-01	0.4514868	T>A:25,T>M:14,T>S:13,T>L:8,M>L:7,M>T:5,T>I:4,T>V:4,A>S:3,S>L:2,M>A:2,T>C:1,S>A:1,S>T:1,M>S:1,T>F:1,M>V:1,M>I:1,L>I:1	T:119,S:48,A:32,L:23,M:22,I:7,V:5,C:3,F:1
43	T	I	4	0	3.871e-01	0.4527128	T>V:13,T>A:12,V>T:12,T>L:10,T>S:5,T>I:4,V>A:3,Y>H:2,I>L:2,A>V:2,H>Y:1,N>H:1,T>N:1,T>P:1,L>T:1,L>S:1,L>Q:1,S>L:1,V>I:1	T:106,L:49,V:47,A:15,I:13,S:13,H:8,Y:5,N:2,P:1,Q:1
183	H	Y	5	0	3.884e-01	0.4538245	H>P:13,H>Y:5,H>N:4,H>Q:4,H>R:3,P>S:1,H>L:1,N>S:1,H>S:1,H>I:1	H:194,P:34,N:11,Y:7,Q:6,R:3,S:3,L:1,I:1
90	T	I	4	15	3.931e-01	0.4587198	I>T:15,T>S:12,T>A:10,T>V:9,I>V:7,I>A:6,T>P:5,T>I:4,I>S:3,T>M:2,V>T:2,S>P:2,V>M:1,S>Q:1,V>K:1,V>I:1,V>L:1,M>V:1,P>L:1,I>M:1,V>A:1,I>N:1,T>N:1,I>P:1,A>I:1,A>V:1	T:90,I:70,S:27,V:23,A:22,P:12,N:7,M:4,Q:2,L:2,K:1
116	M	I	4	0	4.157e-01	0.4846265	M>T:26,M>I:4,M>A:3,I>T:2,T>M:2,M>L:2,I>S:1,T>A:1,M>V:1	M:180,T:50,A:12,I:10,S:5,L:2,V:1
433	N	T	2	0	4.212e-01	0.4904766	N>T:2,H>P:1,H>Y:1,N>H:1	N:252,H:3,P:2,T:2,Y:1
351	R	Q	2	1	4.354e-01	0.5064131	R>Q:2,Q>R:1	R:251,Q:9
101	T	A	6	1	4.415e-01	0.5120750	T>M:17,L>M:9,T>A:6,T>I:5,T>L:5,L>S:5,L>T:5,L>F:3,T>S:2,L>A:2,L>I:2,M>V:1,I>T:1,S>A:1,A>V:1,A>S:1,A>T:1,A>L:1,L>V:1	L:111,T:79,M:30,I:14,A:12,S:8,V:3,F:3
144	S	T	5	0	4.422e-01	0.5120750	N>S:17,S>N:7,S>T:5,N>T:2,N>D:1,N>K:1,N>G:1	S:152,N:94,T:10,G:2,D:1,K:1
51	N	S	5	1	4.418e-01	0.5120750	G>S:14,N>T:9,N>Y:5,N>H:5,N>S:5,G>T:4,G>N:4,S>G:3,S>T:3,H>F:2,N>D:2,N>A:2,T>A:2,S>Y:2,H>Y:1,H>C:1,Y>F:1,S>A:1,N>I:1,G>Y:1,T>F:1,S>N:1,G>D:1,N>G:1	N:106,G:59,T:29,S:27,F:12,Y:9,H:8,A:5,D:3,C:1,I:1
279	S	A	3	0	4.417e-01	0.5120750	S>A:3,S>L:1	S:141,A:116,L:2,M:1
306	S	T	5	1	4.439e-01	0.5123654	S>G:9,S>C:5,S>T:5,T>A:5,S>A:2,T>V:2,C>S:1,G>E:1,G>S:1,T>G:1,T>S:1,A>V:1	T:121,S:78,G:22,C:20,A:13,V:4,E:1,I:1
67	V	A	3	0	4.437e-01	0.5123654	V>T:12,V>I:7,V>A:3,A>T:1	V:230,T:19,I:7,A:3,M:1
31	S	A	3	0	4.430e-01	0.5123654	S>G:6,S>A:3	S:251,G:6,A:3
418	M	V	3	0	4.451e-01	0.5131218	M>T:44,T>M:9,T>S:5,M>I:5,T>A:3,M>V:3,T>V:2,I>V:1,S>T:1,M>S:1,T>I:1	M:118,T:103,S:14,A:9,V:8,I:8
368	N	S	5	0	4.478e-01	0.5157446	N>S:5	N:253,S:6,C:1
422	G	S	2	0	4.572e-01	0.5259354	G>S:2	G:258,S:2
95	F	Y	2	0	4.581e-01	0.5264551	F>Y:2	F:258,Y:2
172	G	S	2	0	4.593e-01	0.5272476	G>N:3,G>S:2,G>E:1	G:254,N:3,S:2,E:1
42	L	M	3	0	4.740e-01	0.5435189	L>F:15,L>M:3,L>I:1,L>T:1,F>L:1	L:235,F:17,M:4,T:3,I:1
77	I	V	8	0	4.757e-01	0.5442972	I>L:13,I>V:8,I>M:8,I>F:4,M>L:2,I>A:1	I:188,L:45,M:13,V:8,F:5,A:1
176	L	M	3	1	4.755e-01	0.5442972	F>L:24,L>F:16,L>M:3,L>I:3,F>Y:3,M>L:1,M>I:1	L:182,F:61,M:8,I:6,Y:3
34	I	V	8	0	4.780e-01	0.5451144	I>V:8	I:252,V:8
133	I	V	8	0	4.794e-01	0.5451144	I>V:8,V>L:1	I:244,V:15,L:1
307	M	L	7	0	4.808e-01	0.5451144	M>L:7,M>I:5,M>T:5	M:234,I:10,T:8,L:8
424	L	M	3	1	4.817e-01	0.5451144	L>I:14,L>P:7,L>T:5,L>M:3,P>S:2,P>L:2,L>S:2,T>P:2,T>I:2,T>M:2,I>T:1,M>T:1,M>I:1,M>L:1,L>V:1,T>S:1,T>L:1	L:181,I:26,T:21,P:20,M:6,S:5,V:1
12	L	M	3	0	4.814e-01	0.5451144	L>I:11,L>F:4,L>M:3,L>P:2,M>I:1,L>A:1,L>T:1	L:229,I:17,P:5,F:4,M:3,A:1,T:1
400	L	M	3	0	4.771e-01	0.5451144	L>M:3	L:257,M:3
269	L	M	3	0	4.807e-01	0.5451144	L>M:3,L>F:1,L>I:1	L:254,M:3,I:1,F:1,V:1
356	L	M	3	0	4.792e-01	0.5451144	L>I:12,L>M:3,I>V:1	L:231,I:21,M:6,V:1,T:1
407	L	M	3	0	4.792e-01	0.5451144	L>M:3	L:253,M:6,I:1
84	L	M	3	0	4.800e-01	0.5451144	L>M:3,L>I:2,T>I:2,L>T:1	L:246,T:6,I:4,M:4
454	L	M	3	0	4.823e-01	0.5452275	L>F:16,F>L:9,L>M:3,L>T:2,L>A:2,M>T:1,F>S:1,F>T:1	L:208,F:39,T:6,A:3,M:3,S:1
60	Q	H	2	0	4.830e-01	0.5454481	Q>H:2,Q>P:2,Q>S:2,S>P:1,S>L:1	Q:247,S:6,P:4,H:2,L:1
168	H	Y	4	0	4.845e-01	0.5457358	H>Q:23,H>N:6,H>Y:4,H>D:1	H:196,Q:39,Y:13,N:11,D:1
182	T	M	3	1	4.853e-01	0.5457358	S>H:12,S>T:8,T>I:6,S>F:6,T>S:5,T>N:5,T>M:3,T>V:3,S>Y:3,L>S:3,S>L:3,T>A:2,S>A:2,M>Q:1,M>L:1,M>T:1,T>H:1,S>N:1,S>Q:1,H>Y:1,H>S:1,L>I:1	S:98,T:86,H:16,L:13,M:11,N:9,I:7,F:6,A:4,Y:4,V:3,Q:3
342	T	M	3	0	4.853e-01	0.5457358	T>M:3,T>I:1,T>V:1,T>A:1,T>S:1	T:252,M:3,S:2,A:1,V:1,I:1
203	L	M	3	0	4.841e-01	0.5457358	L>M:3	L:257,M:3
343	H	N	2	0	4.860e-01	0.5458475	H>N:2,H>R:1	H:257,N:2,R:1
250	V	M	3	0	4.868e-01	0.5461731	I>V:34,V>I:13,I>L:9,I>M:8,I>T:5,V>M:3,V>T:2,L>F:2,I>F:1,M>I:1	I:137,V:73,L:19,M:19,T:9,F:3
86	H	N	2	0	4.873e-01	0.5461772	H>Q:13,P>S:4,Q>P:4,Q>R:4,Q>T:3,Q>K:3,H>N:2,H>P:2,Q>L:2,Q>H:2,P>L:1,S>L:1,S>P:1,E>G:1,Q>E:1,H>C:1,H>Y:1,Q>S:1,H>R:1,P>T:1	Q:137,H:83,P:10,S:6,R:5,T:5,L:4,N:3,K:3,Y:1,E:1,G:1,C:1
405	T	S	3	0	4.912e-01	0.5499738	T>I:4,I>M:4,T>S:3,I>S:1,I>V:1	T:138,I:110,S:5,M:5,V:1,A:1
162	V	T	2	0	4.929e-01	0.5501867	V>I:28,I>V:20,V>T:2,I>T:1	I:163,V:94,T:3
250	V	T	2	0	4.927e-01	0.5501867	I>V:34,V>I:13,I>L:9,I>M:8,I>T:5,V>M:3,V>T:2,L>F:2,I>F:1,M>I:1	I:137,V:73,L:19,M:19,T:9,F:3
175	H	Q	2	0	4.930e-01	0.5501867	H>Y:12,H>N:8,Y>F:7,H>S:2,H>Q:2,H>C:1,Y>C:1,N>S:1	Y:121,H:107,N:13,F:8,Q:5,S:4,C:2
443	T	S	3	0	4.943e-01	0.5510907	T>A:15,A>T:14,T>I:10,A>S:5,T>V:3,T>S:3,A>V:2,A>I:1,V>F:1	A:132,T:99,I:14,S:9,V:5,F:1
28	T	S	3	0	4.957e-01	0.5520459	T>S:3,T>P:1,T>V:1	T:255,S:3,P:1,V:1
113	T	S	3	0	4.964e-01	0.5522030	L>S:5,T>S:3,T>M:2,T>I:1,L>M:1,L>T:1,S>L:1	T:122,S:121,L:13,M:3,I:1
250	V	I	13	34	4.975e-01	0.5529429	I>V:34,V>I:13,I>L:9,I>M:8,I>T:5,V>M:3,V>T:2,L>F:2,I>F:1,M>I:1	I:137,V:73,L:19,M:19,T:9,F:3
302	V	T	2	0	4.983e-01	0.5532045	V>T:2,V>M:1	V:256,T:2,M:2
307	M	T	5	0	5.003e-01	0.5548413	M>L:7,M>I:5,M>T:5	M:234,I:10,T:8,L:8
8	T	S	3	0	5.032e-01	0.5568900	T>M:6,T>S:3	T:251,M:6,S:3
25	T	S	3	0	5.032e-01	0.5568900	T>A:19,T>I:5,T>V:4,T>P:3,T>S:3,T>M:2,T>L:2,S>L:1,I>V:1,T>N:1,P>T:1,L>P:1,L>T:1,L>S:1	T:205,A:20,I:9,L:8,P:6,V:5,S:4,M:2,N:1
362	T	S	3	0	5.051e-01	0.5584122	T>I:37,T>L:4,T>S:3,T>V:2,I>L:1,V>A:1,I>V:1,T>A:1,I>T:1	T:188,I:57,S:5,L:5,V:3,A:2
21	K	N	2	0	5.073e-01	0.5601946	K>N:2,N>T:1,N>A:1,K>R:1,K>Q:1	K:243,N:13,T:1,R:1,Q:1,A:1
314	F	L	6	0	5.146e-01	0.5676571	F>I:9,F>L:6,F>Y:3	F:239,I:10,L:7,Y:3,P:1
53	T	A	5	0	5.173e-01	0.5689130	T>S:12,T>A:5,T>N:4,S>T:2,S>N:2,N>T:1	T:217,S:29,N:7,A:6,G:1
258	L	F	2	0	5.164e-01	0.5689130	L>I:9,L>M:8,S>T:8,L>S:6,S>P:6,S>A:5,L>T:4,S>L:4,L>V:3,T>A:3,L>F:2,I>T:2,T>S:2,M>V:1,V>T:1,S>Y:1,L>P:1,S>Q:1,S>M:1,S>F:1,T>V:1,P>L:1,I>L:1,M>S:1	L:102,S:80,T:28,I:13,P:10,M:9,A:8,V:5,F:3,Y:1,Q:1
201	L	F	2	0	5.173e-01	0.5689130	L>M:17,L>T:6,M>T:2,L>F:2,L>A:2,M>I:1,L>I:1,L>V:1,M>L:1,L>S:1	L:223,M:19,T:10,A:2,F:2,I:2,S:1,V:1
198	L	F	2	0	5.225e-01	0.5740292	M>V:11,M>L:9,M>I:8,L>M:7,M>A:5,L>I:4,I>A:4,V>A:3,L>F:2,A>V:2,L>S:1,A>T:1,A>I:1,A>F:1,I>V:1,V>M:1,V>L:1,M>F:1	L:134,M:50,I:31,A:23,V:16,F:4,T:1,S:1
51	N	D	2	0	5.243e-01	0.5753129	G>S:14,N>T:9,N>Y:5,N>H:5,N>S:5,G>T:4,G>N:4,S>G:3,S>T:3,H>F:2,N>D:2,N>A:2,T>A:2,S>Y:2,H>Y:1,H>C:1,Y>F:1,S>A:1,N>I:1,G>Y:1,T>F:1,S>N:1,G>D:1,N>G:1	N:106,G:59,T:29,S:27,F:12,Y:9,H:8,A:5,D:3,C:1,I:1
99	L	I	2	1	5.292e-01	0.5796696	M>V:11,M>L:11,M>I:7,L>M:5,V>I:5,L>I:2,V>L:2,V>M:2,M>T:2,L>V:1,I>L:1,I>V:1	L:149,M:50,V:32,I:27,T:2
32	L	I	2	0	5.295e-01	0.5796696	L>F:12,L>T:3,L>I:2,L>M:2,M>T:1	L:224,F:14,I:13,T:5,M:3,A:1
238	L	I	2	0	5.299e-01	0.5796696	L>I:2,L>F:1	L:256,I:3,F:1
165	L	I	2	0	5.314e-01	0.5807335	L>M:10,L>I:2,L>F:1	L:237,M:20,I:2,F:1
441	L	I	2	0	5.323e-01	0.5810660	L>I:2	L:258,I:2
26	N	S	4	0	5.338e-01	0.5814097	N>S:4,N>Y:1,N>T:1,S>T:1,N>I:1	N:251,S:5,T:2,I:1,Y:1
63	S	T	4	0	5.349e-01	0.5814097	S>A:10,S>T:4,T>A:2	S:225,A:25,T:10
254	M	I	3	0	5.358e-01	0.5814097	M>T:19,T>M:8,V>I:8,V>T:5,M>I:3,V>M:3,T>I:2,M>L:2,M>A:1,T>L:1,I>T:1,V>A:1,I>V:1,I>L:1	V:92,M:71,T:69,I:19,L:7,A:2
52	L	I	2	0	5.350e-01	0.5814097	L>S:7,L>M:4,L>T:3,L>I:2,L>P:2,M>L:1,M>A:1,L>Q:1,L>V:1	L:235,S:7,M:7,T:4,I:2,P:2,A:1,V:1,Q:1
253	L	I	2	1	5.364e-01	0.5814097	L>F:7,L>M:6,L>I:2,I>F:2,I>L:1	L:229,F:12,I:12,M:7
84	L	I	2	0	5.365e-01	0.5814097	L>M:3,L>I:2,T>I:2,L>T:1	L:246,T:6,I:4,M:4
440	L	I	2	1	5.354e-01	0.5814097	L>I:2,I>L:1	L:253,I:7
96	I	V	7	1	5.378e-01	0.5820156	I>L:8,I>T:7,I>V:7,I>A:7,A>T:6,T>A:2,A>V:2,I>M:1,T>M:1,L>A:1,V>I:1,T>L:1	I:171,A:42,T:21,L:13,V:9,M:4
94	I	L	3	0	5.381e-01	0.5820156	I>T:34,I>V:13,I>M:6,I>L:3,T>M:2,M>T:2,V>I:2,T>I:1,I>A:1,V>A:1	I:174,T:45,V:17,M:17,L:5,A:2
344	S	T	4	0	5.397e-01	0.5820710	S>T:4	S:254,T:6
205	M	I	3	0	5.393e-01	0.5820710	M>T:14,T>M:11,L>M:10,M>L:4,M>V:4,L>I:4,L>T:4,M>I:3,L>V:3,I>T:1,T>A:1,T>I:1,T>L:1	L:114,M:75,T:55,I:8,V:7,A:1
447	I	M	2	1	5.399e-01	0.5820710	I>L:15,I>T:8,I>A:6,L>I:4,M>L:3,M>T:3,L>T:3,I>M:2,L>F:1,I>F:1,T>A:1,M>I:1,L>M:1	I:179,L:47,T:20,A:8,M:4,F:2
9	I	V	7	1	5.428e-01	0.5846073	I>A:11,I>M:11,I>L:9,I>T:8,I>V:7,A>T:5,I>F:3,V>I:1,M>V:1,A>S:1,T>M:1,T>I:1	I:174,A:29,T:17,M:16,L:12,V:8,F:3,S:1
464	L	M	2	0	5.476e-01	0.5892429	S>L:8,M>V:6,L>S:5,S>T:5,M>T:5,M>A:3,L>M:2,T>A:2,S>A:1,S>W:1,M>S:1,S>M:1	M:98,S:56,-:39,L:37,T:12,A:6,V:6,Q:4,W:2
446	I	L	3	1	5.494e-01	0.5904846	I>T:10,M>T:9,M>V:6,I>M:4,M>A:4,I>L:3,T>A:2,T>I:2,I>G:1,L>I:1,M>I:1,M>L:1	I:123,M:92,T:21,L:10,V:6,A:6,G:1,S:1
46	Y	H	3	0	5.649e-01	0.6065284	Y>H:3	Y:256,H:3,D:1
319	I	T	3	0	5.693e-01	0.6107180	I>M:6,I>L:5,I>T:3,I>V:3,I>A:1	I:241,M:7,L:5,T:3,V:3,A:1
106	I	T	3	0	5.731e-01	0.6140811	I>L:19,I>T:3,I>M:1,I>V:1	I:216,L:39,T:3,V:1,M:1
140	P	S	2	0	5.859e-01	0.6272428	P>L:3,P>S:2	P:254,L:3,S:2,T:1
311	H	Y	3	0	5.873e-01	0.6280313	H>Q:10,H>N:6,H>P:3,H>S:3,H>Y:3,D>N:2,H>D:2,D>E:1,H>E:1,H>L:1,Q>P:1	Q:136,H:87,D:12,N:8,P:8,S:3,Y:3,E:2,L:1
88	P	S	2	0	5.900e-01	0.6303471	P>S:2,P>T:1	P:257,S:2,T:1
431	I	V	6	0	5.931e-01	0.6308015	I>L:16,I>M:11,I>T:10,I>V:6,M>L:2,I>A:1,T>I:1,L>M:1,I>P:1	I:185,L:36,T:17,M:14,V:6,A:1,P:1
151	F	L	5	0	5.913e-01	0.6308015	F>L:5	F:251,L:9
265	P	S	2	0	5.933e-01	0.6308015	P>S:2,P>T:1	P:256,S:2,T:2
425	P	S	2	0	5.931e-01	0.6308015	P>S:2,P>T:1	P:256,S:3,T:1
104	P	S	2	0	5.935e-01	0.6308015	P>L:8,P>S:2,L>T:1,P>T:1	P:214,L:42,S:2,T:2
449	M	T	4	0	5.954e-01	0.6321887	M>L:15,M>T:4,T>A:3,T>S:3,L>M:1,M>A:1,S>L:1	M:191,L:45,S:10,T:9,A:5
306	S	A	2	0	5.998e-01	0.6362551	S>G:9,S>C:5,S>T:5,T>A:5,S>A:2,T>V:2,C>S:1,G>E:1,G>S:1,T>G:1,T>S:1,A>V:1	T:121,S:78,G:22,C:20,A:13,V:4,E:1,I:1
399	I	V	6	0	6.062e-01	0.6410067	I>L:19,I>V:6,I>M:3,L>I:3,I>F:2,I>A:1	I:219,L:27,V:6,M:4,F:3,A:1
426	T	A	4	0	6.071e-01	0.6410067	T>S:14,S>P:8,T>P:7,T>A:4,T>N:3,T>I:1,T>D:1,S>N:1,N>S:1,P>T:1,P>H:1,P>S:1,S>A:1	S:130,T:95,P:22,A:5,N:5,H:1,I:1,D:1
171	T	A	4	0	6.063e-01	0.6410067	T>I:17,I>T:12,I>M:12,T>M:4,T>A:4,I>V:4,T>V:1,T>N:1,T>S:1,I>L:1	I:128,T:102,M:16,V:5,A:4,N:2,L:1,S:1,K:1
305	A	S	2	0	6.074e-01	0.6410067	A>S:2	A:257,S:3
394	S	A	2	0	6.074e-01	0.6410067	S>A:2	S:257,A:3
415	M	V	2	0	6.097e-01	0.6427762	M>V:2,M>I:2,M>L:1	M:252,L:4,V:2,I:2
124	A	S	2	0	6.130e-01	0.6452049	A>S:2	A:257,S:3
178	M	V	2	0	6.137e-01	0.6452049	M>L:11,M>T:7,M>I:7,T>A:3,M>A:3,I>V:2,M>V:2,T>M:1,T>F:1,I>T:1,I>A:1,I>M:1,A>P:1,T>V:1,L>M:1,A>I:1	M:180,T:27,I:20,L:15,A:9,V:5,F:3,P:1
304	A	S	2	0	6.138e-01	0.6452049	A>S:2,A>T:1	A:255,S:4,T:1
35	A	S	2	0	6.161e-01	0.6470132	A>S:2	A:257,S:2,I:1
75	L	M	2	0	6.224e-01	0.6522689	L>M:2	L:258,M:2
262	L	M	2	0	6.220e-01	0.6522689	L>I:6,L>M:2,M>V:1,M>I:1,L>F:1	L:246,I:8,M:3,V:1,F:1,Y:1
216	L	M	2	0	6.236e-01	0.6523095	L>F:5,L>M:2,L>V:1	L:250,F:5,M:3,V:2
32	L	M	2	0	6.237e-01	0.6523095	L>F:12,L>T:3,L>I:2,L>M:2,M>T:1	L:224,F:14,I:13,T:5,M:3,A:1
213	L	M	2	0	6.249e-01	0.6523095	L>M:2	L:257,M:2,I:1
204	L	M	2	0	6.246e-01	0.6523095	L>F:5,L>M:2	L:252,F:5,M:3
174	L	M	2	1	6.259e-01	0.6527052	L>M:2,M>L:1,M>A:1	L:251,M:7,A:2
353	L	M	2	0	6.280e-01	0.6529450	L>I:5,L>M:2,I>V:2,L>T:1,I>L:1,I>A:1	L:241,I:11,V:3,M:2,T:2,A:1
271	L	M	2	0	6.276e-01	0.6529450	L>M:2	L:258,M:2
450	L	M	2	4	6.274e-01	0.6529450	I>A:9,I>L:6,L>I:5,I>M:5,I>V:5,L>F:4,M>A:4,M>L:4,L>M:2,I>G:2,I>T:2,M>I:2,M>F:2,I>F:2,F>A:1,A>G:1	L:137,I:61,M:19,F:17,A:15,V:5,G:4,T:2
25	T	M	2	0	6.334e-01	0.6578477	T>A:19,T>I:5,T>V:4,T>P:3,T>S:3,T>M:2,T>L:2,S>L:1,I>V:1,T>N:1,P>T:1,L>P:1,L>T:1,L>S:1	T:205,A:20,I:9,L:8,P:6,V:5,S:4,M:2,N:1
350	T	M	2	0	6.357e-01	0.6596220	T>A:10,T>M:2,A>T:1,T>S:1	T:239,A:18,M:2,S:1
121	S	T	3	0	6.386e-01	0.6599784	S>A:10,A>S:9,A>T:7,S>T:3,T>M:1,T>A:1	A:131,S:108,T:20,M:1
90	T	M	2	0	6.383e-01	0.6599784	I>T:15,T>S:12,T>A:10,T>V:9,I>V:7,I>A:6,T>P:5,T>I:4,I>S:3,T>M:2,V>T:2,S>P:2,V>M:1,S>Q:1,V>K:1,V>I:1,V>L:1,M>V:1,P>L:1,I>M:1,V>A:1,I>N:1,T>N:1,I>P:1,A>I:1,A>V:1	T:90,I:70,S:27,V:23,A:22,P:12,N:7,M:4,Q:2,L:2,K:1
113	T	M	2	0	6.369e-01	0.6599784	L>S:5,T>S:3,T>M:2,T>I:1,L>M:1,L>T:1,S>L:1	T:122,S:121,L:13,M:3,I:1
191	T	M	2	0	6.375e-01	0.6599784	T>S:13,S>T:11,T>P:11,T>N:9,T>A:8,S>N:6,T>L:3,S>P:2,T>M:2,T>I:2,S>L:2,N>S:1,N>G:1,N>T:1,T>F:1,P>S:1,S>D:1	T:119,N:63,S:33,P:22,A:8,L:6,I:2,M:2,F:2,D:1,-:1,G:1
101	T	S	2	0	6.422e-01	0.6631211	T>M:17,L>M:9,T>A:6,T>I:5,T>L:5,L>S:5,L>T:5,L>F:3,T>S:2,L>A:2,L>I:2,M>V:1,I>T:1,S>A:1,A>V:1,A>S:1,A>T:1,A>L:1,L>V:1	L:111,T:79,M:30,I:14,A:12,S:8,V:3,F:3
27	T	S	2	0	6.467e-01	0.6670449	T>I:23,I>T:8,I>V:6,T>V:5,T>A:3,T>S:2,I>L:2,I>M:1,T>M:1,T>L:1	T:170,I:68,V:11,A:3,L:3,S:2,M:2,P:1
98	T	I	2	0	6.586e-01	0.6786304	T>A:13,T>S:5,T>I:2,A>S:1,A>T:1,T>M:1	T:229,A:18,S:10,I:2,M:1
191	T	I	2	0	6.594e-01	0.6788478	T>S:13,S>T:11,T>P:11,T>N:9,T>A:8,S>N:6,T>L:3,S>P:2,T>M:2,T>I:2,S>L:2,N>S:1,N>G:1,N>T:1,T>F:1,P>S:1,S>D:1	T:119,N:63,S:33,P:22,A:8,L:6,I:2,M:2,F:2,D:1,-:1,G:1
36	T	I	2	0	6.611e-01	0.6798989	T>A:38,T>S:9,T>L:6,S>F:3,S>T:2,L>S:2,T>F:2,A>T:2,T>I:2,S>A:1,S>C:1,L>M:1,L>F:1	T:161,A:49,S:19,L:16,F:8,I:3,C:3,M:1
346	I	V	5	0	6.628e-01	0.6809665	I>T:8,I>V:5	I:242,T:13,V:5
185	T	I	2	0	6.634e-01	0.6809665	T>P:18,T>S:15,T>A:14,T>M:7,T>L:5,S>P:4,S>L:3,P>S:3,T>V:3,S>T:2,S>N:2,P>L:2,T>I:2,P>H:2,L>F:1,T>E:1,P>T:1,A>V:1,T>N:1,S>M:1	T:135,S:39,P:31,A:14,L:10,M:9,N:9,V:6,I:3,H:2,E:1,F:1
120	I	V	5	1	6.654e-01	0.6823549	I>V:5,V>I:1	I:252,V:7,T:1
264	Y	F	2	0	6.663e-01	0.6825676	Y>F:2,Y>R:1	Y:255,F:3,R:1,L:1
387	M	I	2	0	6.734e-01	0.6892249	V>M:15,V>I:10,M>I:2,M>L:1,M>V:1	M:164,V:81,I:14,L:1
308	I	L	2	0	6.800e-01	0.6952351	I>L:2,I>V:1,I>M:1	I:250,L:7,V:1,M:1,T:1
361	A	T	5	0	6.823e-01	0.6962667	A>S:6,A>G:5,A>T:5,G>A:2,C>S:1,S>C:1,S>A:1,G>S:1	A:216,S:19,G:11,C:8,T:6
415	M	I	2	0	6.818e-01	0.6962667	M>V:2,M>I:2,M>L:1	M:252,L:4,V:2,I:2
10	M	L	4	0	6.855e-01	0.6987993	M>T:8,M>L:4,M>A:1,T>M:1,M>S:1	M:241,T:10,L:7,S:1,A:1
61	I	L	2	0	6.873e-01	0.6999666	I>T:12,I>M:4,T>I:2,I>L:2,I>V:1,T>M:1,M>I:1	I:217,T:31,M:8,L:3,V:1
205	M	L	4	10	6.923e-01	0.7043839	M>T:14,T>M:11,L>M:10,M>L:4,M>V:4,L>I:4,L>T:4,M>I:3,L>V:3,I>T:1,T>A:1,T>I:1,T>L:1	L:114,M:75,T:55,I:8,V:7,A:1
27	T	A	3	0	7.021e-01	0.7136905	T>I:23,I>T:8,I>V:6,T>V:5,T>A:3,T>S:2,I>L:2,I>M:1,T>M:1,T>L:1	T:170,I:68,V:11,A:3,L:3,S:2,M:2,P:1
155	I	T	2	0	7.042e-01	0.7150822	I>M:6,A>V:4,I>A:3,I>V:2,I>T:2,A>I:2,V>A:1,A>T:1	I:127,A:110,V:12,M:7,T:4
428	I	T	2	0	7.139e-01	0.7242636	I>L:6,I>M:5,I>T:2,I>F:1,I>V:1	I:244,L:7,M:5,T:2,V:1,F:1
107	I	V	4	0	7.285e-01	0.7383594	I>L:15,L>I:12,I>V:4,I>M:3	L:160,I:92,M:4,V:4
67	V	I	7	0	7.313e-01	0.7404961	V>T:12,V>I:7,V>A:3,A>T:1	V:230,T:19,I:7,A:3,M:1
147	I	V	4	0	7.345e-01	0.7430147	I>T:10,I>V:4	I:241,T:14,V:4,L:1
156	S	T	2	0	7.546e-01	0.7626444	S>T:2,S>G:1	S:256,T:3,G:1
330	M	L	3	1	7.571e-01	0.7644144	M>L:3,L>M:1,M>V:1	M:250,L:9,V:1
319	I	V	3	0	7.945e-01	0.8013573	I>M:6,I>L:5,I>T:3,I>V:3,I>A:1	I:241,M:7,L:5,T:3,V:3,A:1
182	T	A	2	0	7.968e-01	0.8029425	S>H:12,S>T:8,T>I:6,S>F:6,T>S:5,T>N:5,T>M:3,T>V:3,S>Y:3,L>S:3,S>L:3,T>A:2,S>A:2,M>Q:1,M>L:1,M>T:1,T>H:1,S>N:1,S>Q:1,H>Y:1,H>S:1,L>I:1	S:98,T:86,H:16,L:13,M:11,N:9,I:7,F:6,A:4,Y:4,V:3,Q:3
206	A	T	3	0	8.037e-01	0.8091353	A>T:3	A:255,T:5
59	D	N	2	0	8.112e-01	0.8158920	D>N:2	D:258,N:2
254	M	L	2	0	8.416e-01	0.8454099	M>T:19,T>M:8,V>I:8,V>T:5,M>I:3,V>M:3,T>I:2,M>L:2,M>A:1,T>L:1,I>T:1,V>A:1,I>V:1,I>L:1	V:92,M:71,T:69,I:19,L:7,A:2
116	M	L	2	0	8.422e-01	0.8454099	M>T:26,M>I:4,M>A:3,I>T:2,T>M:2,M>L:2,I>S:1,T>A:1,M>V:1	M:180,T:50,A:12,I:10,S:5,L:2,V:1
155	I	V	2	0	8.649e-01	0.8673749	I>M:6,A>V:4,I>A:3,I>V:2,I>T:2,A>I:2,V>A:1,A>T:1	I:127,A:110,V:12,M:7,T:4
409	A	T	2	0	8.688e-01	0.8704174	A>T:2	A:257,T:2,S:1
164	I	V	2	0	8.711e-01	0.8719737	I>L:8,I>M:6,I>V:2,I>F:1	I:228,L:22,M:7,V:2,F:1
296	V	I	2	0	9.390e-01	0.9389819	V>I:2	V:258,I:2
