Site	Parent	Child	Recurrence	Reversion	P-Value	Adjusted P-Value	AllSiteSubs	SiteComposition
357	N	S	43	17	3.014e-05	0.0004202	N>S:43,S>N:17,S>A:4,A>T:1,S>C:1,N>C:1	S:139,N:109,A:8,C:3,T:1
197	M	T	37	5	3.014e-05	0.0004202	M>T:37,M>L:16,T>M:5,L>M:4,M>I:3,T>S:2,M>A:2,I>L:1,L>I:1,L>F:1,T>I:1,M>F:1,M>S:1,L>T:1,T>A:1	M:129,T:60,L:46,F:9,I:9,S:3,A:3,D:1
67	T	I	35	6	3.014e-05	0.0004202	T>I:35,T>V:7,T>S:6,I>T:6,I>V:5,T>A:4,T>Y:1,I>S:1,I>L:1,T>N:1	T:162,I:61,V:16,S:10,L:5,A:4,Y:1,N:1
68	S	T	33	0	3.014e-05	0.0004202	S>T:33,S>L:7,F>L:7,S>F:6,S>C:3,C>Y:2,T>I:2,F>Y:2,S>H:2,S>Y:1,S>A:1,T>L:1,F>T:1,S>N:1,F>I:1,F>S:1	S:156,T:50,L:17,F:13,C:10,Y:7,I:3,H:2,N:1,A:1
39	T	I	31	14	3.014e-05	0.0004202	T>I:31,I>T:14,T>S:13,T>A:4,T>L:3,S>L:2,S>H:2,T>N:2,S>T:1,T>M:1,I>L:1,T>H:1,I>S:1,I>V:1	T:162,I:60,S:20,L:7,A:4,H:3,N:2,V:1,M:1
213	T	I	29	2	3.014e-05	0.0004202	T>I:29,T>A:9,T>M:7,T>V:4,I>T:2,T>L:2,T>P:2,I>M:1,M>V:1,V>L:1,T>S:1,T>D:1	T:190,I:39,A:9,M:9,V:5,L:3,P:3,S:1,D:1
32	N	S	27	0	3.014e-05	0.0004202	N>S:27,N>K:16,N>T:15,K>N:7,N>H:4,S>G:2,N>D:2,K>T:2,T>P:2,T>N:2,N>G:2,N>Q:1,T>I:1	N:123,T:46,S:34,K:32,-:8,H:5,G:4,Q:3,P:2,D:2,I:1
276	N	S	27	9	3.014e-05	0.0004202	N>S:27,T>A:17,T>S:12,S>N:9,N>H:6,T>E:3,N>D:3,S>T:2,S>A:2,A>T:1,N>T:1,N>Y:1,H>N:1,H>Y:1,H>Q:1,C>H:1,C>D:1,S>C:1,S>H:1	S:72,T:64,N:56,A:33,H:15,C:7,E:4,Y:4,D:4,Q:1
26	F	L	27	3	3.014e-05	0.0004202	F>L:27,L>S:4,L>F:3,L>Y:2,L>M:2,Y>R:1,L>P:1,L>T:1,F>Y:1,F>T:1,L>K:1	L:164,F:78,S:4,Y:3,T:3,P:2,M:2,R:2,K:1,-:1
459	T	I	26	12	3.014e-05	0.0004202	T>I:26,I>T:12,T>M:7,T>L:4,T>S:2,L>I:2,S>Y:1,S>L:1,I>L:1,T>V:1,I>M:1,I>V:1,L>T:1,M>L:1	T:137,I:61,L:42,M:8,S:7,V:3,Y:2
590	T	S	26	2	3.014e-05	0.0004202	T>S:26,T>N:11,T>P:10,T>A:9,T>I:6,P>S:4,S>P:3,T>L:3,S>T:2,T>M:2,P>H:1,S>L:1,S>M:1,V>I:1,T>V:1,P>R:1,T>Q:1	T:142,S:41,P:31,N:15,A:9,L:8,I:7,M:3,V:1,Q:1,H:1,R:1
529	P	T	25	14	3.014e-05	0.0004202	P>T:25,T>P:14,P>S:14,P>H:11,T>I:9,P>R:7,T>A:6,P>A:6,T>S:5,P>I:3,S>N:2,S>T:2,P>Q:2,P>M:2,P>L:2,S>L:1,H>R:1,T>M:1,L>P:1,T>L:1,T>K:1,T>H:1,H>P:1,N>H:1,N>S:1,T>N:1,P>K:1,P>Y:1,R>H:1,P>F:1,S>Y:1,S>A:1	P:94,T:66,S:20,H:17,I:15,A:14,R:13,N:7,L:4,M:3,Y:2,Q:2,K:2,F:1
75	I	T	24	3	3.014e-05	0.0004202	I>T:24,I>L:6,T>I:3,I>M:3,I>V:1,V>I:1,T>V:1,I>A:1,I>N:1	I:201,T:45,L:7,M:3,V:2,A:1,N:1
31	D	N	24	4	3.014e-05	0.0004202	D>N:24,K>N:8,K>E:4,K>T:4,N>D:4,K>Q:3,D>S:3,N>K:2,D>E:2,D>K:2,P>T:1,K>S:1,N>S:1,D>P:1,E>T:1,H>P:1,N>H:1,N>M:1,K>D:1,P>K:1	K:105,D:60,N:49,P:14,T:10,S:7,E:7,Q:3,-:3,H:1,M:1
547	F	L	24	14	3.014e-05	0.0004202	F>L:24,L>F:14,L>P:11,L>S:8,L>I:5,I>T:5,F>I:4,F>S:4,L>T:3,S>P:3,P>L:3,F>P:3,L>V:1,T>A:1,L>H:1,F>H:1,F>Y:1,F>M:1	L:128,F:60,P:25,S:16,I:13,T:12,H:2,V:1,Y:1,M:1,A:1
42	N	S	24	0	3.014e-05	0.0004202	N>S:24,R>H:10,N>K:6,H>Y:5,R>L:4,R>N:4,S>T:3,R>K:3,R>Q:3,Q>K:3,Q>H:2,H>Q:2,R>Y:2,L>T:2,N>R:2,T>A:1,S>F:1,Q>T:1,H>R:1,H>T:1,L>Q:1,Q>N:1,H>N:1,H>L:1,Q>R:1,Q>L:1,Q>W:1,S>R:1	N:83,R:57,S:37,H:20,K:19,Q:15,L:10,T:9,Y:7,F:1,A:1,W:1
584	A	M	23	1	3.014e-05	0.0004202	A>M:23,A>T:11,A>V:3,A>C:1,M>A:1,M>T:1,M>I:1,M>L:1,V>I:1,V>A:1,A>L:1	A:198,M:39,T:12,V:4,L:3,C:2,I:2
551	N	K	23	4	3.014e-05	0.0004202	N>K:23,N>T:13,N>S:11,N>G:6,N>A:6,N>I:5,N>H:4,K>N:4,K>S:3,T>A:3,N>Y:3,K>Q:2,S>T:2,H>Y:2,M>T:1,K>M:1,N>D:1,S>G:1,N>E:1,T>I:1,T>M:1,S>L:1,G>S:1,T>N:1,N>Q:1,S>A:1,G>A:1	N:99,K:63,T:28,S:17,I:13,A:12,G:8,Y:5,H:5,Q:4,M:2,D:1,E:1,L:1,-:1
608	L	I	22	1	3.014e-05	0.0004202	L>I:22,L>F:21,L>M:7,F>L:4,L>T:1,I>L:1,F>I:1	L:193,F:31,I:25,M:9,T:2
451	M	I	22	3	3.014e-05	0.0004202	M>I:22,M>V:17,M>T:7,I>M:3,I>T:2,V>I:2,I>V:2,M>A:1	M:155,I:70,V:21,T:12,A:2
579	N	S	22	0	3.014e-05	0.0004202	N>S:22,D>N:21,N>H:6,T>S:4,T>A:4,D>H:3,N>K:3,N>D:3,N>T:3,T>N:3,D>E:2,E>D:1,A>T:1,D>A:1,D>K:1,T>L:1,H>Q:1,S>F:1,T>I:1,D>T:1	N:109,D:72,S:30,T:19,H:10,E:7,A:5,K:4,L:1,Q:1,F:1,I:1
76	M	T	22	9	3.014e-05	0.0004202	M>T:22,T>M:9,M>P:3,M>A:2,T>A:2,P>T:1,P>S:1,P>Q:1,Q>P:1,M>Q:1,T>S:1,M>I:1,T>D:1,P>M:1	M:163,T:67,P:14,A:6,Q:4,S:3,I:1,D:1,G:1
19	T	I	21	23	3.014e-05	0.0004202	I>T:23,T>I:21,I>V:7,T>V:6,I>L:2,I>M:1,I>S:1,T>N:1	T:125,I:102,V:19,L:11,S:1,N:1,M:1
462	I	L	21	1	3.014e-05	0.0004202	I>L:21,I>M:1,I>V:1,L>I:1	I:218,L:40,V:1,M:1
62	G	N	21	1	3.014e-05	0.0004202	G>N:21,G>E:1,G>S:1,G>A:1,N>G:1	G:221,N:35,S:1,A:1,E:1,D:1
21	S	L	20	5	3.014e-05	0.0004202	S>L:20,L>I:11,S>F:7,L>F:5,L>S:5,L>T:4,S>I:3,I>T:2,L>M:2,S>T:2,S>C:2,T>S:1,T>M:1,T>A:1,L>A:1,V>I:1,A>V:1,S>A:1,S>M:1,C>S:1	L:125,S:74,I:25,F:12,T:10,C:5,M:4,A:4,V:1
127	F	L	20	8	3.014e-05	0.0004202	F>L:20,M>T:16,M>L:9,I>T:8,L>F:8,M>I:7,F>I:4,T>I:3,I>V:2,I>L:2,T>A:1,L>I:1,F>V:1,I>M:1	L:62,F:58,M:57,T:49,I:30,V:3,A:1
277	N	T	19	0	3.014e-05	0.0004202	N>T:19,N>S:13,N>H:4,T>S:2,N>D:1,N>Y:1	N:189,T:39,S:26,H:4,D:1,Y:1
209	P	T	19	1	3.014e-05	0.0004202	P>T:19,P>S:18,P>Q:11,P>H:6,T>S:4,S>T:3,P>L:3,P>N:3,S>N:2,P>A:2,H>N:2,N>C:1,E>N:1,E>D:1,S>P:1,T>V:1,T>A:1,Q>Y:1,T>P:1,P>I:1,Q>K:1,P>K:1,E>P:1	P:144,T:33,S:21,Q:18,N:13,H:9,E:8,L:3,A:3,K:2,V:1,D:1,Y:1,C:1,I:1,-:1
528	N	T	18	3	3.014e-05	0.0004202	N>T:18,N>S:14,T>G:5,N>G:4,T>S:3,T>N:3,N>D:2,T>A:2,S>G:1,N>H:1,N>K:1,T>I:1	N:154,T:60,S:21,G:18,A:2,D:2,H:1,K:1,I:1
209	P	S	18	1	3.014e-05	0.0004202	P>T:19,P>S:18,P>Q:11,P>H:6,T>S:4,S>T:3,P>L:3,P>N:3,S>N:2,P>A:2,H>N:2,N>C:1,E>N:1,E>D:1,S>P:1,T>V:1,T>A:1,Q>Y:1,T>P:1,P>I:1,Q>K:1,P>K:1,E>P:1	P:144,T:33,S:21,Q:18,N:13,H:9,E:8,L:3,A:3,K:2,V:1,D:1,Y:1,C:1,I:1,-:1
443	V	T	18	5	3.014e-05	0.0004202	V>T:18,T>P:9,T>V:5,T>N:4,N>T:4,S>T:3,T>I:2,T>C:1,S>P:1,T>S:1,N>S:1,V>I:1,T>A:1	T:127,V:84,P:26,N:11,C:5,I:4,S:2,A:1
611	I	L	17	12	3.014e-05	0.0004202	I>L:17,L>I:12,I>V:3,I>M:2,I>T:1,I>A:1,L>V:1,L>F:1,L>T:1,I>F:1	L:173,I:73,V:4,F:3,M:3,T:2,A:1,S:1
447	T	P	17	7	3.014e-05	0.0004202	T>P:17,P>S:10,P>T:7,T>A:4,T>S:4,P>V:3,S>P:3,T>V:1,P>A:1	P:164,T:65,S:22,A:5,V:4
207	S	P	17	0	3.014e-05	0.0004202	S>P:17,S>T:16,S>F:4,Y>H:3,S>H:3,T>S:3,H>S:2,T>L:2,T>A:2,S>Y:2,S>L:2,Y>N:1,Y>T:1,H>Y:1,H>L:1,H>N:1,H>Q:1,S>Q:1,S>E:1,S>A:1,T>M:1	S:142,T:40,P:18,H:16,Y:14,L:7,-:5,F:5,N:4,Q:4,A:3,M:1,E:1
481	L	P	17	5	3.014e-05	0.0004202	L>P:17,T>P:10,T>L:8,L>I:7,T>I:6,P>L:5,I>T:5,I>L:4,P>T:3,L>V:3,I>V:2,L>T:2,L>M:1,P>I:1,T>V:1	L:93,T:64,P:52,I:42,V:6,M:3
571	M	L	17	0	3.014e-05	0.0004202	M>L:17,M>T:6,M>K:3,M>A:2,M>I:2,K>M:2,K>T:1,L>K:1,L>I:1,M>V:1,T>V:1	K:150,M:53,L:39,T:7,I:6,A:3,V:2
442	F	H	16	0	3.014e-05	0.0004202	F>Y:16,F>H:16,F>S:8,Y>H:5,Q>R:3,F>Q:3,F>T:3,F>P:3,Y>F:2,H>Y:1,S>P:1	F:182,Y:24,H:24,S:10,Q:8,P:5,T:4,R:3
613	S	L	16	2	3.014e-05	0.0004202	S>L:16,S>T:11,L>M:4,M>T:4,S>A:4,S>F:4,T>A:3,L>S:2,T>M:1,V>T:1,L>V:1,M>L:1,M>I:1,S>M:1,S>Y:1,F>Y:1	S:170,L:41,T:24,M:9,A:8,F:4,Y:2,V:1,I:1
49	L	F	16	4	3.014e-05	0.0004202	L>F:16,L>M:14,L>I:5,F>L:4,L>T:1,L>V:1,M>I:1,M>T:1,I>M:1,I>F:1,I>A:1	L:195,F:32,M:19,I:10,T:2,V:1,A:1
207	S	T	16	3	3.014e-05	0.0004202	S>P:17,S>T:16,S>F:4,Y>H:3,S>H:3,T>S:3,H>S:2,T>L:2,T>A:2,S>Y:2,S>L:2,Y>N:1,Y>T:1,H>Y:1,H>L:1,H>N:1,H>Q:1,S>Q:1,S>E:1,S>A:1,T>M:1	S:142,T:40,P:18,H:16,Y:14,L:7,-:5,F:5,N:4,Q:4,A:3,M:1,E:1
5	P	S	16	11	3.014e-05	0.0004202	T>A:19,P>S:16,S>P:11,T>P:7,T>S:6,S>L:6,P>L:3,T>V:2,A>T:2,P>Q:2,S>A:2,S>T:2,S>M:2,T>L:1,T>I:1,T>M:1,A>I:1,L>M:1,L>S:1,P>T:1,S>Y:1	T:74,S:66,P:58,A:33,L:12,M:8,I:2,Q:2,-:2,V:2,Y:1
11	F	S	15	12	3.014e-05	0.0004202	F>L:18,F>S:15,S>L:13,S>F:12,S>T:9,L>F:4,S>C:4,L>S:2,L>M:1,T>M:1,F>T:1,F>A:1,S>M:1	S:108,F:79,L:54,T:10,M:4,C:4,A:1
36	S	T	15	15	3.014e-05	0.0004202	T>S:15,S>T:15,S>P:4,T>N:2,P>L:1,T>P:1,S>Y:1,S>H:1	T:137,S:110,P:7,N:2,L:2,Y:1,H:1
32	N	T	15	2	3.014e-05	0.0004202	N>S:27,N>K:16,N>T:15,K>N:7,N>H:4,S>G:2,N>D:2,K>T:2,T>P:2,T>N:2,N>G:2,N>Q:1,T>I:1	N:123,T:46,S:34,K:32,-:8,H:5,G:4,Q:3,P:2,D:2,I:1
529	T	P	14	25	3.014e-05	0.0004202	P>T:25,T>P:14,P>S:14,P>H:11,T>I:9,P>R:7,T>A:6,P>A:6,T>S:5,P>I:3,S>N:2,S>T:2,P>Q:2,P>M:2,P>L:2,S>L:1,H>R:1,T>M:1,L>P:1,T>L:1,T>K:1,T>H:1,H>P:1,N>H:1,N>S:1,T>N:1,P>K:1,P>Y:1,R>H:1,P>F:1,S>Y:1,S>A:1	P:94,T:66,S:20,H:17,I:15,A:14,R:13,N:7,L:4,M:3,Y:2,Q:2,K:2,F:1
529	P	S	14	0	3.014e-05	0.0004202	P>T:25,T>P:14,P>S:14,P>H:11,T>I:9,P>R:7,T>A:6,P>A:6,T>S:5,P>I:3,S>N:2,S>T:2,P>Q:2,P>M:2,P>L:2,S>L:1,H>R:1,T>M:1,L>P:1,T>L:1,T>K:1,T>H:1,H>P:1,N>H:1,N>S:1,T>N:1,P>K:1,P>Y:1,R>H:1,P>F:1,S>Y:1,S>A:1	P:94,T:66,S:20,H:17,I:15,A:14,R:13,N:7,L:4,M:3,Y:2,Q:2,K:2,F:1
493	S	Y	14	6	3.014e-05	0.0004202	S>Y:14,L>I:13,I>T:7,L>T:6,Y>S:6,L>S:5,I>V:4,I>L:4,L>P:4,S>T:4,S>P:4,S>Q:3,L>H:2,Y>H:2,S>F:2,V>I:2,Y>L:1,L>Y:1,L>A:1,L>F:1,T>S:1,L>M:1,S>H:1,F>L:1,F>Y:1,S>L:1,V>A:1,V>T:1,L>V:1	S:79,L:48,I:44,Y:34,T:19,P:12,H:8,V:7,F:3,Q:3,A:2,M:1
11	S	L	13	2	3.014e-05	0.0004202	F>L:18,F>S:15,S>L:13,S>F:12,S>T:9,L>F:4,S>C:4,L>S:2,L>M:1,T>M:1,F>T:1,F>A:1,S>M:1	S:108,F:79,L:54,T:10,M:4,C:4,A:1
551	N	T	13	1	3.014e-05	0.0004202	N>K:23,N>T:13,N>S:11,N>G:6,N>A:6,N>I:5,N>H:4,K>N:4,K>S:3,T>A:3,N>Y:3,K>Q:2,S>T:2,H>Y:2,M>T:1,K>M:1,N>D:1,S>G:1,N>E:1,T>I:1,T>M:1,S>L:1,G>S:1,T>N:1,N>Q:1,S>A:1,G>A:1	N:99,K:63,T:28,S:17,I:13,A:12,G:8,Y:5,H:5,Q:4,M:2,D:1,E:1,L:1,-:1
582	L	Q	13	0	3.014e-05	0.0004202	L>Q:13,L>T:8,L>V:7,L>M:5,V>I:3,L>R:2,I>T:2,L>I:2,L>A:2,V>M:2,S>T:1,L>S:1,L>H:1,I>L:1,I>V:1,T>I:1,M>V:1,V>T:1	L:171,V:28,T:19,Q:17,M:10,I:8,R:3,A:2,H:1,S:1
518	T	S	13	0	3.014e-05	0.0004202	T>A:16,T>S:13,T>M:6,T>I:6,T>N:3,T>L:2,A>T:2,N>S:1,M>L:1,T>K:1,T>H:1,A>S:1,N>T:1	T:171,A:31,N:17,S:16,M:11,I:7,L:3,H:1,K:1,-:1,Q:1
57	L	I	13	2	3.014e-05	0.0004202	L>I:13,I>T:6,I>M:6,L>M:4,T>A:3,L>T:2,I>L:2,I>V:2,I>F:1,L>V:1	I:139,L:86,T:16,M:11,A:3,V:3,F:1,Y:1
493	L	I	13	4	3.014e-05	0.0004202	S>Y:14,L>I:13,I>T:7,L>T:6,Y>S:6,L>S:5,I>V:4,I>L:4,L>P:4,S>T:4,S>P:4,S>Q:3,L>H:2,Y>H:2,S>F:2,V>I:2,Y>L:1,L>Y:1,L>A:1,L>F:1,T>S:1,L>M:1,S>H:1,F>L:1,F>Y:1,S>L:1,V>A:1,V>T:1,L>V:1	S:79,L:48,I:44,Y:34,T:19,P:12,H:8,V:7,F:3,Q:3,A:2,M:1
492	T	L	12	11	3.014e-05	0.0004202	T>L:12,L>T:11,T>M:8,L>P:6,T>I:5,L>F:3,T>P:3,L>M:3,T>F:2,T>A:2,T>S:2,L>I:2,M>L:1,T>Q:1,L>V:1,M>T:1	L:128,T:89,M:14,P:10,I:7,F:6,S:2,A:2,V:1,Q:1
284	L	T	12	3	3.014e-05	0.0004202	L>T:12,L>I:5,I>T:4,T>L:3,L>S:3,T>A:3,L>F:2,I>L:1,T>I:1,I>A:1,T>M:1,S>T:1,M>T:1,L>M:1,I>V:1	L:192,T:36,I:18,A:6,S:3,F:2,M:2,V:1
531	L	S	12	3	3.014e-05	0.0004202	L>S:12,M>T:11,L>M:5,L>T:5,L>Q:4,S>T:3,S>Y:3,S>L:3,M>L:2,Y>R:2,S>M:1,M>V:1,L>V:1,L>F:1,S>A:1,Y>S:1,S>R:1	S:127,L:60,M:23,T:22,Y:14,Q:4,V:3,R:3,F:2,A:1,-:1
69	L	F	12	2	3.014e-05	0.0004202	H>Y:19,L>F:12,H>N:7,Y>H:5,H>C:5,L>I:5,H>Q:2,Y>C:2,H>S:2,H>F:2,F>L:2,Y>S:1,Y>L:1,H>T:1,H>I:1,N>S:1,H>L:1,S>C:1,L>V:1,I>V:1,L>M:1,C>L:1,S>Y:1	L:86,H:67,Y:39,F:21,C:18,N:8,S:7,I:6,Q:3,V:2,T:1,M:1,E:1
486	P	L	11	2	3.014e-05	0.0004202	P>L:11,L>P:2,P>Y:2,L>T:1,P>H:1,P>N:1,P>M:1,S>T:1,P>S:1,P>T:1	P:229,L:22,T:3,Y:2,S:1,M:1,H:1,N:1
529	P	H	11	1	3.014e-05	0.0004202	P>T:25,T>P:14,P>S:14,P>H:11,T>I:9,P>R:7,T>A:6,P>A:6,T>S:5,P>I:3,S>N:2,S>T:2,P>Q:2,P>M:2,P>L:2,S>L:1,H>R:1,T>M:1,L>P:1,T>L:1,T>K:1,T>H:1,H>P:1,N>H:1,N>S:1,T>N:1,P>K:1,P>Y:1,R>H:1,P>F:1,S>Y:1,S>A:1	P:94,T:66,S:20,H:17,I:15,A:14,R:13,N:7,L:4,M:3,Y:2,Q:2,K:2,F:1
561	S	L	11	0	3.014e-05	0.0004202	S>L:11,S>T:10,S>Y:2,S>C:1,S>Q:1,N>T:1,S>N:1,S>F:1	S:210,L:25,T:14,N:6,Y:2,Q:1,C:1,F:1
569	Y	L	11	0	3.014e-05	0.0004202	Y>F:18,Y>L:11,F>L:3,Y>N:1,Y>G:1,Y>A:1,Y>H:1	Y:212,L:23,F:21,N:1,G:1,H:1,A:1
506	I	A	11	0	3.014e-05	0.0004202	I>V:11,I>A:11,I>L:9,I>T:5,I>M:4,L>F:1,V>L:1,V>M:1,V>I:1,V>A:1	I:211,V:14,A:12,L:12,T:5,M:5,F:1
542	P	L	11	0	3.014e-05	0.0004202	P>L:11,P>H:6,P>S:3,P>F:1,H>Y:1,P>Y:1,P>T:1,P>Q:1,P>I:1	P:227,L:14,H:7,S:3,I:3,F:2,Y:2,Q:1,T:1
492	L	T	11	12	3.014e-05	0.0004202	T>L:12,L>T:11,T>M:8,L>P:6,T>I:5,L>F:3,T>P:3,L>M:3,T>F:2,T>A:2,T>S:2,L>I:2,M>L:1,T>Q:1,L>V:1,M>T:1	L:128,T:89,M:14,P:10,I:7,F:6,S:2,A:2,V:1,Q:1
590	T	N	11	0	3.014e-05	0.0004202	T>S:26,T>N:11,T>P:10,T>A:9,T>I:6,P>S:4,S>P:3,T>L:3,S>T:2,T>M:2,P>H:1,S>L:1,S>M:1,V>I:1,T>V:1,P>R:1,T>Q:1	T:142,S:41,P:31,N:15,A:9,L:8,I:7,M:3,V:1,Q:1,H:1,R:1
547	L	P	11	3	3.014e-05	0.0004202	F>L:24,L>F:14,L>P:11,L>S:8,L>I:5,I>T:5,F>I:4,F>S:4,L>T:3,S>P:3,P>L:3,F>P:3,L>V:1,T>A:1,L>H:1,F>H:1,F>Y:1,F>M:1	L:128,F:60,P:25,S:16,I:13,T:12,H:2,V:1,Y:1,M:1,A:1
209	P	Q	11	0	3.014e-05	0.0004202	P>T:19,P>S:18,P>Q:11,P>H:6,T>S:4,S>T:3,P>L:3,P>N:3,S>N:2,P>A:2,H>N:2,N>C:1,E>N:1,E>D:1,S>P:1,T>V:1,T>A:1,Q>Y:1,T>P:1,P>I:1,Q>K:1,P>K:1,E>P:1	P:144,T:33,S:21,Q:18,N:13,H:9,E:8,L:3,A:3,K:2,V:1,D:1,Y:1,C:1,I:1,-:1
530	Y	L	10	0	3.014e-05	0.0004202	F>L:15,Y>L:10,L>F:8,Y>H:6,Y>F:5,Y>P:4,F>Y:4,F>M:3,H>P:2,Y>I:2,L>P:2,L>A:2,Y>N:1,Y>C:1,Y>T:1,H>Y:1,L>M:1,L>I:1,S>P:1,Y>S:1,Y>W:1,F>T:1,F>S:1,F>V:1	F:85,L:76,Y:61,P:9,M:8,H:7,I:3,T:2,S:2,A:2,W:2,N:1,V:1,C:1
30	S	L	10	1	3.014e-05	0.0004202	S>L:10,S>T:7,S>F:3,L>F:2,T>I:2,S>P:2,S>N:1,F>S:1,P>S:1,L>S:1,T>V:1	S:197,L:26,F:11,T:11,I:6,P:4,-:3,N:1,V:1
481	T	P	10	3	3.014e-05	0.0004202	L>P:17,T>P:10,T>L:8,L>I:7,T>I:6,P>L:5,I>T:5,I>L:4,P>T:3,L>V:3,I>V:2,L>T:2,L>M:1,P>I:1,T>V:1	L:93,T:64,P:52,I:42,V:6,M:3
552	L	S	10	1	3.014e-05	0.0004202	L>S:10,L>I:9,L>F:5,L>M:5,L>T:3,F>S:2,L>P:1,L>V:1,S>L:1,F>L:1,S>F:1	L:211,S:16,F:12,I:10,M:5,T:4,P:1,V:1
590	T	P	10	0	3.014e-05	0.0004202	T>S:26,T>N:11,T>P:10,T>A:9,T>I:6,P>S:4,S>P:3,T>L:3,S>T:2,T>M:2,P>H:1,S>L:1,S>M:1,V>I:1,T>V:1,P>R:1,T>Q:1	T:142,S:41,P:31,N:15,A:9,L:8,I:7,M:3,V:1,Q:1,H:1,R:1
503	A	I	10	7	3.014e-05	0.0004202	I>T:18,A>I:10,I>V:9,V>I:8,I>A:7,A>V:7,T>A:6,I>L:6,V>L:6,I>M:4,V>A:4,I>F:2,T>I:2,T>L:2,T>S:1,A>T:1,M>A:1,T>M:1,L>S:1,A>L:1	I:89,A:77,V:30,T:27,L:20,M:13,S:2,F:2
595	L	S	10	0	3.014e-05	0.0004202	L>S:10,L>M:7,L>Q:5,L>R:1,L>V:1,L>T:1,L>W:1,M>T:1	L:221,Q:13,S:12,M:9,T:2,R:1,W:1,V:1
443	T	P	9	0	3.014e-05	0.0004202	V>T:18,T>P:9,T>V:5,T>N:4,N>T:4,S>T:3,T>I:2,T>C:1,S>P:1,T>S:1,N>S:1,V>I:1,T>A:1	T:127,V:84,P:26,N:11,C:5,I:4,S:2,A:1
507	A	I	9	5	3.014e-05	0.0004202	A>V:10,I>L:10,V>I:10,V>A:10,A>I:9,I>M:7,I>A:5,L>F:3,I>V:3,A>T:3,V>M:3,I>T:2,M>L:2,L>M:1,M>V:1,A>F:1,V>Y:1,A>M:1,V>T:1,I>S:1,L>I:1	I:118,A:74,L:25,V:17,M:14,T:6,F:4,S:1,Y:1
7	V	T	9	0	3.014e-05	0.0004202	V>I:16,V>T:9,I>T:5,L>I:3,L>M:2,V>A:2,L>F:1,L>P:1,I>L:1,I>M:1,I>V:1	L:118,V:72,I:46,T:14,M:3,A:3,-:2,P:1,F:1
535	S	L	8	0	3.014e-05	0.0004202	S>T:12,T>I:9,S>L:8,T>M:7,T>S:7,T>V:6,T>L:5,M>L:4,T>A:2,M>T:1,T>N:1,S>A:1,S>V:1,S>I:1,I>V:1,S>M:1,S>N:1	T:98,S:97,L:22,I:15,M:12,V:10,A:3,N:2,K:1
481	T	L	8	2	3.014e-05	0.0004202	L>P:17,T>P:10,T>L:8,L>I:7,T>I:6,P>L:5,I>T:5,I>L:4,P>T:3,L>V:3,I>V:2,L>T:2,L>M:1,P>I:1,T>V:1	L:93,T:64,P:52,I:42,V:6,M:3
614	T	L	8	0	3.014e-05	0.0004202	T>S:25,T>M:18,T>L:8,T>Q:6,T>I:5,T>H:5,T>A:5,T>N:3,I>T:2,I>L:1,H>Q:1,L>M:1,M>L:1,T>Y:1,S>F:1	T:133,S:36,L:26,M:25,H:12,Q:8,I:7,A:5,N:3,-:2,Y:2,F:1
123	S	F	7	1	3.014e-05	0.0004202	S>F:7,S>L:7,T>I:6,S>Y:5,S>T:5,S>H:4,L>S:2,L>F:2,T>S:2,T>L:1,T>M:1,L>H:1,Y>H:1,Y>N:1,F>S:1,N>H:1,S>N:1,L>T:1	T:131,S:66,F:16,L:15,H:11,I:9,Y:8,N:3,M:1
123	S	L	7	2	3.014e-05	0.0004202	S>F:7,S>L:7,T>I:6,S>Y:5,S>T:5,S>H:4,L>S:2,L>F:2,T>S:2,T>L:1,T>M:1,L>H:1,Y>H:1,Y>N:1,F>S:1,N>H:1,S>N:1,L>T:1	T:131,S:66,F:16,L:15,H:11,I:9,Y:8,N:3,M:1
21	S	F	7	0	3.014e-05	0.0004202	S>L:20,L>I:11,S>F:7,L>F:5,L>S:5,L>T:4,S>I:3,I>T:2,L>M:2,S>T:2,S>C:2,T>S:1,T>M:1,T>A:1,L>A:1,V>I:1,A>V:1,S>A:1,S>M:1,C>S:1	L:125,S:74,I:25,F:12,T:10,C:5,M:4,A:4,V:1
529	P	R	7	0	3.014e-05	0.0004202	P>T:25,T>P:14,P>S:14,P>H:11,T>I:9,P>R:7,T>A:6,P>A:6,T>S:5,P>I:3,S>N:2,S>T:2,P>Q:2,P>M:2,P>L:2,S>L:1,H>R:1,T>M:1,L>P:1,T>L:1,T>K:1,T>H:1,H>P:1,N>H:1,N>S:1,T>N:1,P>K:1,P>Y:1,R>H:1,P>F:1,S>Y:1,S>A:1	P:94,T:66,S:20,H:17,I:15,A:14,R:13,N:7,L:4,M:3,Y:2,Q:2,K:2,F:1
195	S	I	6	0	3.014e-05	0.0004202	S>T:15,S>I:6,S>L:6,S>Y:6,S>C:4,S>A:2,Y>C:2,S>M:1,L>M:1,Y>F:1,S>F:1,T>I:1	S:198,T:17,Y:16,I:10,C:7,L:6,A:2,F:2,M:2
492	L	P	6	0	3.014e-05	0.0004202	T>L:12,L>T:11,T>M:8,L>P:6,T>I:5,L>F:3,T>P:3,L>M:3,T>F:2,T>A:2,T>S:2,L>I:2,M>L:1,T>Q:1,L>V:1,M>T:1	L:128,T:89,M:14,P:10,I:7,F:6,S:2,A:2,V:1,Q:1
493	L	T	6	0	3.014e-05	0.0004202	S>Y:14,L>I:13,I>T:7,L>T:6,Y>S:6,L>S:5,I>V:4,I>L:4,L>P:4,S>T:4,S>P:4,S>Q:3,L>H:2,Y>H:2,S>F:2,V>I:2,Y>L:1,L>Y:1,L>A:1,L>F:1,T>S:1,L>M:1,S>H:1,F>L:1,F>Y:1,S>L:1,V>A:1,V>T:1,L>V:1	S:79,L:48,I:44,Y:34,T:19,P:12,H:8,V:7,F:3,Q:3,A:2,M:1
493	Y	S	6	14	3.014e-05	0.0004202	S>Y:14,L>I:13,I>T:7,L>T:6,Y>S:6,L>S:5,I>V:4,I>L:4,L>P:4,S>T:4,S>P:4,S>Q:3,L>H:2,Y>H:2,S>F:2,V>I:2,Y>L:1,L>Y:1,L>A:1,L>F:1,T>S:1,L>M:1,S>H:1,F>L:1,F>Y:1,S>L:1,V>A:1,V>T:1,L>V:1	S:79,L:48,I:44,Y:34,T:19,P:12,H:8,V:7,F:3,Q:3,A:2,M:1
614	T	Q	6	0	3.014e-05	0.0004202	T>S:25,T>M:18,T>L:8,T>Q:6,T>I:5,T>H:5,T>A:5,T>N:3,I>T:2,I>L:1,H>Q:1,L>M:1,M>L:1,T>Y:1,S>F:1	T:133,S:36,L:26,M:25,H:12,Q:8,I:7,A:5,N:3,-:2,Y:2,F:1
551	N	A	6	0	3.014e-05	0.0004202	N>K:23,N>T:13,N>S:11,N>G:6,N>A:6,N>I:5,N>H:4,K>N:4,K>S:3,T>A:3,N>Y:3,K>Q:2,S>T:2,H>Y:2,M>T:1,K>M:1,N>D:1,S>G:1,N>E:1,T>I:1,T>M:1,S>L:1,G>S:1,T>N:1,N>Q:1,S>A:1,G>A:1	N:99,K:63,T:28,S:17,I:13,A:12,G:8,Y:5,H:5,Q:4,M:2,D:1,E:1,L:1,-:1
209	P	H	6	0	3.014e-05	0.0004202	P>T:19,P>S:18,P>Q:11,P>H:6,T>S:4,S>T:3,P>L:3,P>N:3,S>N:2,P>A:2,H>N:2,N>C:1,E>N:1,E>D:1,S>P:1,T>V:1,T>A:1,Q>Y:1,T>P:1,P>I:1,Q>K:1,P>K:1,E>P:1	P:144,T:33,S:21,Q:18,N:13,H:9,E:8,L:3,A:3,K:2,V:1,D:1,Y:1,C:1,I:1,-:1
529	P	A	6	0	3.014e-05	0.0004202	P>T:25,T>P:14,P>S:14,P>H:11,T>I:9,P>R:7,T>A:6,P>A:6,T>S:5,P>I:3,S>N:2,S>T:2,P>Q:2,P>M:2,P>L:2,S>L:1,H>R:1,T>M:1,L>P:1,T>L:1,T>K:1,T>H:1,H>P:1,N>H:1,N>S:1,T>N:1,P>K:1,P>Y:1,R>H:1,P>F:1,S>Y:1,S>A:1	P:94,T:66,S:20,H:17,I:15,A:14,R:13,N:7,L:4,M:3,Y:2,Q:2,K:2,F:1
210	S	H	6	0	3.014e-05	0.0004202	S>T:11,N>D:7,S>H:6,T>A:5,T>S:5,N>T:4,N>S:4,H>Q:4,T>N:4,T>V:3,S>P:3,S>N:3,D>N:3,N>G:2,H>N:2,T>P:2,T>H:2,S>A:2,G>A:1,N>V:1,H>D:1,H>C:1,N>H:1,T>Q:1,T>L:1,T>G:1,T>M:1,S>L:1,S>Y:1,S>D:1,S>Q:1,A>D:1,A>T:1,N>E:1,T>D:1,N>Y:1,N>C:1	T:89,S:55,N:37,D:22,H:19,A:10,Q:6,P:5,V:4,G:3,-:2,L:2,Y:2,C:2,M:1,E:1
551	N	I	5	0	3.014e-05	0.0004202	N>K:23,N>T:13,N>S:11,N>G:6,N>A:6,N>I:5,N>H:4,K>N:4,K>S:3,T>A:3,N>Y:3,K>Q:2,S>T:2,H>Y:2,M>T:1,K>M:1,N>D:1,S>G:1,N>E:1,T>I:1,T>M:1,S>L:1,G>S:1,T>N:1,N>Q:1,S>A:1,G>A:1	N:99,K:63,T:28,S:17,I:13,A:12,G:8,Y:5,H:5,Q:4,M:2,D:1,E:1,L:1,-:1
4	L	Q	5	4	3.014e-05	0.0004202	T>A:10,T>I:8,T>P:8,T>M:6,L>Q:5,T>L:4,Q>L:4,P>T:2,T>S:2,L>F:2,L>M:2,L>A:2,L>H:2,T>Y:1,P>H:1,Q>T:1,L>V:1	L:103,T:71,Q:28,P:18,A:12,M:10,I:9,H:3,F:2,S:2,V:1,Y:1
481	P	L	5	17	3.014e-05	0.0004202	L>P:17,T>P:10,T>L:8,L>I:7,T>I:6,P>L:5,I>T:5,I>L:4,P>T:3,L>V:3,I>V:2,L>T:2,L>M:1,P>I:1,T>V:1	L:93,T:64,P:52,I:42,V:6,M:3
531	L	T	5	0	3.014e-05	0.0004202	L>S:12,M>T:11,L>M:5,L>T:5,L>Q:4,S>T:3,S>Y:3,S>L:3,M>L:2,Y>R:2,S>M:1,M>V:1,L>V:1,L>F:1,S>A:1,Y>S:1,S>R:1	S:127,L:60,M:23,T:22,Y:14,Q:4,V:3,R:3,F:2,A:1,-:1
528	T	G	5	0	3.014e-05	0.0004202	N>T:18,N>S:14,T>G:5,N>G:4,T>S:3,T>N:3,N>D:2,T>A:2,S>G:1,N>H:1,N>K:1,T>I:1	N:154,T:60,S:21,G:18,A:2,D:2,H:1,K:1,I:1
525	T	K	5	0	3.014e-05	0.0004202	T>K:5,P>S:4,P>T:2,P>H:1,T>A:1,P>Q:1	P:182,T:63,S:6,K:5,A:1,H:1,Q:1,G:1
206	L	P	4	0	3.014e-05	0.0004202	S>T:17,S>P:13,F>L:9,S>L:5,P>S:5,S>Q:4,I>T:4,L>P:4,F>S:4,L>I:3,F>T:3,S>A:3,L>V:2,L>T:2,F>H:2,S>C:2,S>Y:2,V>T:1,L>S:1,L>F:1,T>I:1,F>I:1,L>A:1,S>N:1,S>H:1,S>V:1,T>V:1,S>G:1,S>I:1,S>W:1,S>F:1	S:78,F:37,T:32,P:32,L:31,V:13,I:12,Q:6,-:5,A:4,H:3,C:2,Y:2,N:1,G:1,W:1
42	R	L	4	0	3.014e-05	0.0004202	N>S:24,R>H:10,N>K:6,H>Y:5,R>L:4,R>N:4,S>T:3,R>K:3,R>Q:3,Q>K:3,Q>H:2,H>Q:2,R>Y:2,L>T:2,N>R:2,T>A:1,S>F:1,Q>T:1,H>R:1,H>T:1,L>Q:1,Q>N:1,H>N:1,H>L:1,Q>R:1,Q>L:1,Q>W:1,S>R:1	N:83,R:57,S:37,H:20,K:19,Q:15,L:10,T:9,Y:7,F:1,A:1,W:1
531	L	Q	4	0	3.014e-05	0.0004202	L>S:12,M>T:11,L>M:5,L>T:5,L>Q:4,S>T:3,S>Y:3,S>L:3,M>L:2,Y>R:2,S>M:1,M>V:1,L>V:1,L>F:1,S>A:1,Y>S:1,S>R:1	S:127,L:60,M:23,T:22,Y:14,Q:4,V:3,R:3,F:2,A:1,-:1
31	K	T	4	0	3.014e-05	0.0004202	D>N:24,K>N:8,K>E:4,K>T:4,N>D:4,K>Q:3,D>S:3,N>K:2,D>E:2,D>K:2,P>T:1,K>S:1,N>S:1,D>P:1,E>T:1,H>P:1,N>H:1,N>M:1,K>D:1,P>K:1	K:105,D:60,N:49,P:14,T:10,S:7,E:7,Q:3,-:3,H:1,M:1
127	F	I	4	0	3.014e-05	0.0004202	F>L:20,M>T:16,M>L:9,I>T:8,L>F:8,M>I:7,F>I:4,T>I:3,I>V:2,I>L:2,T>A:1,L>I:1,F>V:1,I>M:1	L:62,F:58,M:57,T:49,I:30,V:3,A:1
4	Q	L	4	5	3.014e-05	0.0004202	T>A:10,T>I:8,T>P:8,T>M:6,L>Q:5,T>L:4,Q>L:4,P>T:2,T>S:2,L>F:2,L>M:2,L>A:2,L>H:2,T>Y:1,P>H:1,Q>T:1,L>V:1	L:103,T:71,Q:28,P:18,A:12,M:10,I:9,H:3,F:2,S:2,V:1,Y:1
209	P	L	3	0	3.014e-05	0.0004202	P>T:19,P>S:18,P>Q:11,P>H:6,T>S:4,S>T:3,P>L:3,P>N:3,S>N:2,P>A:2,H>N:2,N>C:1,E>N:1,E>D:1,S>P:1,T>V:1,T>A:1,Q>Y:1,T>P:1,P>I:1,Q>K:1,P>K:1,E>P:1	P:144,T:33,S:21,Q:18,N:13,H:9,E:8,L:3,A:3,K:2,V:1,D:1,Y:1,C:1,I:1,-:1
206	F	T	3	0	3.014e-05	0.0004202	S>T:17,S>P:13,F>L:9,S>L:5,P>S:5,S>Q:4,I>T:4,L>P:4,F>S:4,L>I:3,F>T:3,S>A:3,L>V:2,L>T:2,F>H:2,S>C:2,S>Y:2,V>T:1,L>S:1,L>F:1,T>I:1,F>I:1,L>A:1,S>N:1,S>H:1,S>V:1,T>V:1,S>G:1,S>I:1,S>W:1,S>F:1	S:78,F:37,T:32,P:32,L:31,V:13,I:12,Q:6,-:5,A:4,H:3,C:2,Y:2,N:1,G:1,W:1
209	P	N	3	0	3.014e-05	0.0004202	P>T:19,P>S:18,P>Q:11,P>H:6,T>S:4,S>T:3,P>L:3,P>N:3,S>N:2,P>A:2,H>N:2,N>C:1,E>N:1,E>D:1,S>P:1,T>V:1,T>A:1,Q>Y:1,T>P:1,P>I:1,Q>K:1,P>K:1,E>P:1	P:144,T:33,S:21,Q:18,N:13,H:9,E:8,L:3,A:3,K:2,V:1,D:1,Y:1,C:1,I:1,-:1
76	M	P	3	1	3.014e-05	0.0004202	M>T:22,T>M:9,M>P:3,M>A:2,T>A:2,P>T:1,P>S:1,P>Q:1,Q>P:1,M>Q:1,T>S:1,M>I:1,T>D:1,P>M:1	M:163,T:67,P:14,A:6,Q:4,S:3,I:1,D:1,G:1
529	P	I	3	0	3.014e-05	0.0004202	P>T:25,T>P:14,P>S:14,P>H:11,T>I:9,P>R:7,T>A:6,P>A:6,T>S:5,P>I:3,S>N:2,S>T:2,P>Q:2,P>M:2,P>L:2,S>L:1,H>R:1,T>M:1,L>P:1,T>L:1,T>K:1,T>H:1,H>P:1,N>H:1,N>S:1,T>N:1,P>K:1,P>Y:1,R>H:1,P>F:1,S>Y:1,S>A:1	P:94,T:66,S:20,H:17,I:15,A:14,R:13,N:7,L:4,M:3,Y:2,Q:2,K:2,F:1
524	K	T	3	0	3.014e-05	0.0004202	Q>H:10,Q>K:8,L>M:5,H>Y:3,Q>R:3,K>T:3,L>S:3,M>K:3,P>S:2,P>H:2,H>P:2,Q>L:2,Q>P:2,L>R:2,M>R:2,S>R:2,K>M:2,K>N:2,P>L:1,Y>H:1,S>Y:1,S>L:1,S>A:1,S>P:1,P>A:1,H>N:1,P>T:1,H>R:1,Q>S:1,Q>T:1,L>K:1,L>W:1,L>I:1,M>Y:1,L>P:1,S>M:1,L>Y:1,M>L:1,K>I:1,K>L:1,K>P:1,P>Q:1	L:87,Q:43,H:34,K:25,P:17,M:13,R:10,S:9,Y:7,T:5,N:3,-:2,I:2,A:2,W:1
21	S	I	3	0	3.014e-05	0.0004202	S>L:20,L>I:11,S>F:7,L>F:5,L>S:5,L>T:4,S>I:3,I>T:2,L>M:2,S>T:2,S>C:2,T>S:1,T>M:1,T>A:1,L>A:1,V>I:1,A>V:1,S>A:1,S>M:1,C>S:1	L:125,S:74,I:25,F:12,T:10,C:5,M:4,A:4,V:1
31	D	S	3	0	3.014e-05	0.0004202	D>N:24,K>N:8,K>E:4,K>T:4,N>D:4,K>Q:3,D>S:3,N>K:2,D>E:2,D>K:2,P>T:1,K>S:1,N>S:1,D>P:1,E>T:1,H>P:1,N>H:1,N>M:1,K>D:1,P>K:1	K:105,D:60,N:49,P:14,T:10,S:7,E:7,Q:3,-:3,H:1,M:1
524	M	K	3	2	3.014e-05	0.0004202	Q>H:10,Q>K:8,L>M:5,H>Y:3,Q>R:3,K>T:3,L>S:3,M>K:3,P>S:2,P>H:2,H>P:2,Q>L:2,Q>P:2,L>R:2,M>R:2,S>R:2,K>M:2,K>N:2,P>L:1,Y>H:1,S>Y:1,S>L:1,S>A:1,S>P:1,P>A:1,H>N:1,P>T:1,H>R:1,Q>S:1,Q>T:1,L>K:1,L>W:1,L>I:1,M>Y:1,L>P:1,S>M:1,L>Y:1,M>L:1,K>I:1,K>L:1,K>P:1,P>Q:1	L:87,Q:43,H:34,K:25,P:17,M:13,R:10,S:9,Y:7,T:5,N:3,-:2,I:2,A:2,W:1
524	L	R	2	0	3.014e-05	0.0004202	Q>H:10,Q>K:8,L>M:5,H>Y:3,Q>R:3,K>T:3,L>S:3,M>K:3,P>S:2,P>H:2,H>P:2,Q>L:2,Q>P:2,L>R:2,M>R:2,S>R:2,K>M:2,K>N:2,P>L:1,Y>H:1,S>Y:1,S>L:1,S>A:1,S>P:1,P>A:1,H>N:1,P>T:1,H>R:1,Q>S:1,Q>T:1,L>K:1,L>W:1,L>I:1,M>Y:1,L>P:1,S>M:1,L>Y:1,M>L:1,K>I:1,K>L:1,K>P:1,P>Q:1	L:87,Q:43,H:34,K:25,P:17,M:13,R:10,S:9,Y:7,T:5,N:3,-:2,I:2,A:2,W:1
524	M	R	2	0	3.014e-05	0.0004202	Q>H:10,Q>K:8,L>M:5,H>Y:3,Q>R:3,K>T:3,L>S:3,M>K:3,P>S:2,P>H:2,H>P:2,Q>L:2,Q>P:2,L>R:2,M>R:2,S>R:2,K>M:2,K>N:2,P>L:1,Y>H:1,S>Y:1,S>L:1,S>A:1,S>P:1,P>A:1,H>N:1,P>T:1,H>R:1,Q>S:1,Q>T:1,L>K:1,L>W:1,L>I:1,M>Y:1,L>P:1,S>M:1,L>Y:1,M>L:1,K>I:1,K>L:1,K>P:1,P>Q:1	L:87,Q:43,H:34,K:25,P:17,M:13,R:10,S:9,Y:7,T:5,N:3,-:2,I:2,A:2,W:1
31	D	K	2	1	3.014e-05	0.0004202	D>N:24,K>N:8,K>E:4,K>T:4,N>D:4,K>Q:3,D>S:3,N>K:2,D>E:2,D>K:2,P>T:1,K>S:1,N>S:1,D>P:1,E>T:1,H>P:1,N>H:1,N>M:1,K>D:1,P>K:1	K:105,D:60,N:49,P:14,T:10,S:7,E:7,Q:3,-:3,H:1,M:1
530	L	A	2	0	3.014e-05	0.0004202	F>L:15,Y>L:10,L>F:8,Y>H:6,Y>F:5,Y>P:4,F>Y:4,F>M:3,H>P:2,Y>I:2,L>P:2,L>A:2,Y>N:1,Y>C:1,Y>T:1,H>Y:1,L>M:1,L>I:1,S>P:1,Y>S:1,Y>W:1,F>T:1,F>S:1,F>V:1	F:85,L:76,Y:61,P:9,M:8,H:7,I:3,T:2,S:2,A:2,W:2,N:1,V:1,C:1
274	M	L	23	10	6.028e-05	0.0006944	M>L:23,L>M:10,L>F:3,L>I:2,M>I:1	L:156,M:98,I:3,F:3
406	N	S	20	23	6.028e-05	0.0006944	S>N:23,N>S:20,S>C:6,S>T:1,S>A:1,N>K:1,N>G:1,N>T:1,N>Y:1	S:161,N:79,C:13,A:2,T:2,K:1,Y:1,G:1
536	S	T	20	13	6.028e-05	0.0006944	S>T:20,T>S:13,S>A:9,S>N:5,S>L:4,T>M:4,S>M:3,T>A:2,T>N:2,M>A:1,L>M:1,S>F:1	S:148,T:65,M:14,A:13,N:10,L:8,F:1,I:1
479	Y	F	19	7	6.028e-05	0.0006944	Y>F:19,F>Y:7,F>L:3,Y>L:2,L>I:1,F>S:1,F>I:1,N>Y:1	Y:149,F:82,N:14,L:10,I:3,S:1,T:1
11	F	L	18	4	6.028e-05	0.0006944	F>L:18,F>S:15,S>L:13,S>F:12,S>T:9,L>F:4,S>C:4,L>S:2,L>M:1,T>M:1,F>T:1,F>A:1,S>M:1	S:108,F:79,L:54,T:10,M:4,C:4,A:1
32	N	K	16	7	6.028e-05	0.0006944	N>S:27,N>K:16,N>T:15,K>N:7,N>H:4,S>G:2,N>D:2,K>T:2,T>P:2,T>N:2,N>G:2,N>Q:1,T>I:1	N:123,T:46,S:34,K:32,-:8,H:5,G:4,Q:3,P:2,D:2,I:1
84	L	F	15	22	6.028e-05	0.0006944	F>L:22,L>F:15,L>I:1	L:192,F:67,I:1
59	M	I	15	7	6.028e-05	0.0006944	M>I:15,I>L:11,M>L:9,I>M:7,M>T:3,I>A:3,I>V:3,I>T:2,M>F:1,I>S:1,M>V:1,M>A:1,T>I:1	I:138,M:78,L:27,T:7,V:4,A:4,F:1,S:1
39	I	T	14	31	6.028e-05	0.0006944	T>I:31,I>T:14,T>S:13,T>A:4,T>L:3,S>L:2,S>H:2,T>N:2,S>T:1,T>M:1,I>L:1,T>H:1,I>S:1,I>V:1	T:162,I:60,S:20,L:7,A:4,H:3,N:2,V:1,M:1
613	S	T	11	0	6.028e-05	0.0006944	S>L:16,S>T:11,L>M:4,M>T:4,S>A:4,S>F:4,T>A:3,L>S:2,T>M:1,V>T:1,L>V:1,M>L:1,M>I:1,S>M:1,S>Y:1,F>Y:1	S:170,L:41,T:24,M:9,A:8,F:4,Y:2,V:1,I:1
42	R	H	10	1	6.028e-05	0.0006944	N>S:24,R>H:10,N>K:6,H>Y:5,R>L:4,R>N:4,S>T:3,R>K:3,R>Q:3,Q>K:3,Q>H:2,H>Q:2,R>Y:2,L>T:2,N>R:2,T>A:1,S>F:1,Q>T:1,H>R:1,H>T:1,L>Q:1,Q>N:1,H>N:1,H>L:1,Q>R:1,Q>L:1,Q>W:1,S>R:1	N:83,R:57,S:37,H:20,K:19,Q:15,L:10,T:9,Y:7,F:1,A:1,W:1
61	S	L	9	0	6.028e-05	0.0006944	S>L:9,S>T:7,S>M:2,L>M:1,S>C:1	S:237,L:10,T:8,M:3,C:1,N:1
418	V	L	9	4	6.028e-05	0.0006944	L>I:9,V>L:9,V>I:8,I>V:7,I>L:7,L>S:6,L>T:5,V>T:5,L>V:4,L>F:3,I>T:2,S>T:1,L>M:1,V>A:1,L>A:1	L:176,V:25,I:23,T:19,S:9,F:4,A:3,M:1
523	I	L	9	0	6.028e-05	0.0006944	T>I:15,I>L:9,T>S:7,T>A:4,I>M:3,I>T:3,I>F:2,T>N:1,S>Y:1,I>V:1,T>M:1	T:116,I:110,L:12,S:7,M:5,A:4,F:2,V:1,-:1,N:1,Y:1
582	L	T	8	0	6.028e-05	0.0006944	L>Q:13,L>T:8,L>V:7,L>M:5,V>I:3,L>R:2,I>T:2,L>I:2,L>A:2,V>M:2,S>T:1,L>S:1,L>H:1,I>L:1,I>V:1,T>I:1,M>V:1,V>T:1	L:171,V:28,T:19,Q:17,M:10,I:8,R:3,A:2,H:1,S:1
71	E	Q	7	0	6.028e-05	0.0006944	E>Q:7,E>D:2,E>K:2,Y>H:1,Y>N:1,E>N:1,E>A:1,Y>E:1	E:231,Y:12,Q:9,K:2,D:2,N:2,H:1,A:1
5	S	L	6	1	6.028e-05	0.0006944	T>A:19,P>S:16,S>P:11,T>P:7,T>S:6,S>L:6,P>L:3,T>V:2,A>T:2,P>Q:2,S>A:2,S>T:2,S>M:2,T>L:1,T>I:1,T>M:1,A>I:1,L>M:1,L>S:1,P>T:1,S>Y:1	T:74,S:66,P:58,A:33,L:12,M:8,I:2,Q:2,-:2,V:2,Y:1
33	F	P	5	0	6.028e-05	0.0006944	F>L:16,L>F:10,Y>H:5,F>P:5,F>Y:4,F>S:4,P>S:2,F>M:2,L>I:1,H>Y:1,L>H:1,S>P:1,L>S:1,F>T:1,H>L:1,F>H:1,P>L:1,L>P:1,L>M:1,Y>S:1	L:136,F:62,P:18,Y:16,S:11,H:9,M:4,-:2,I:1,T:1
42	R	N	4	2	6.028e-05	0.0006944	N>S:24,R>H:10,N>K:6,H>Y:5,R>L:4,R>N:4,S>T:3,R>K:3,R>Q:3,Q>K:3,Q>H:2,H>Q:2,R>Y:2,L>T:2,N>R:2,T>A:1,S>F:1,Q>T:1,H>R:1,H>T:1,L>Q:1,Q>N:1,H>N:1,H>L:1,Q>R:1,Q>L:1,Q>W:1,S>R:1	N:83,R:57,S:37,H:20,K:19,Q:15,L:10,T:9,Y:7,F:1,A:1,W:1
460	S	R	4	0	6.028e-05	0.0006944	N>K:6,S>A:6,N>A:5,N>S:5,S>R:4,N>T:3,S>L:3,S>Y:2,S>H:2,N>G:1,L>I:1,L>S:1,R>L:1,N>R:1,S>T:1,N>Y:1,N>Q:1,N>H:1,S>E:1,S>Q:1,A>S:1	N:101,S:99,A:24,L:9,K:6,R:5,T:4,H:3,Q:3,Y:3,I:1,G:1,E:1
442	F	Q	3	0	6.028e-05	0.0006944	F>Y:16,F>H:16,F>S:8,Y>H:5,Q>R:3,F>Q:3,F>T:3,F>P:3,Y>F:2,H>Y:1,S>P:1	F:182,Y:24,H:24,S:10,Q:8,P:5,T:4,R:3
590	T	L	3	0	6.028e-05	0.0006944	T>S:26,T>N:11,T>P:10,T>A:9,T>I:6,P>S:4,S>P:3,T>L:3,S>T:2,T>M:2,P>H:1,S>L:1,S>M:1,V>I:1,T>V:1,P>R:1,T>Q:1	T:142,S:41,P:31,N:15,A:9,L:8,I:7,M:3,V:1,Q:1,H:1,R:1
547	F	P	3	0	6.028e-05	0.0006944	F>L:24,L>F:14,L>P:11,L>S:8,L>I:5,I>T:5,F>I:4,F>S:4,L>T:3,S>P:3,P>L:3,F>P:3,L>V:1,T>A:1,L>H:1,F>H:1,F>Y:1,F>M:1	L:128,F:60,P:25,S:16,I:13,T:12,H:2,V:1,Y:1,M:1,A:1
493	S	Q	3	0	6.028e-05	0.0006944	S>Y:14,L>I:13,I>T:7,L>T:6,Y>S:6,L>S:5,I>V:4,I>L:4,L>P:4,S>T:4,S>P:4,S>Q:3,L>H:2,Y>H:2,S>F:2,V>I:2,Y>L:1,L>Y:1,L>A:1,L>F:1,T>S:1,L>M:1,S>H:1,F>L:1,F>Y:1,S>L:1,V>A:1,V>T:1,L>V:1	S:79,L:48,I:44,Y:34,T:19,P:12,H:8,V:7,F:3,Q:3,A:2,M:1
529	P	M	2	0	6.028e-05	0.0006944	P>T:25,T>P:14,P>S:14,P>H:11,T>I:9,P>R:7,T>A:6,P>A:6,T>S:5,P>I:3,S>N:2,S>T:2,P>Q:2,P>M:2,P>L:2,S>L:1,H>R:1,T>M:1,L>P:1,T>L:1,T>K:1,T>H:1,H>P:1,N>H:1,N>S:1,T>N:1,P>K:1,P>Y:1,R>H:1,P>F:1,S>Y:1,S>A:1	P:94,T:66,S:20,H:17,I:15,A:14,R:13,N:7,L:4,M:3,Y:2,Q:2,K:2,F:1
34	Q	K	24	1	9.041e-05	0.0009036	Q>K:24,P>S:6,Q>P:5,Q>R:5,K>T:3,Q>S:2,K>Q:1,K>S:1,K>D:1,S>P:1,Q>T:1,Q>L:1,S>L:1,S>T:1	K:169,Q:55,S:12,P:9,T:5,R:5,L:2,D:1,-:1,A:1
92	M	T	21	4	9.041e-05	0.0009036	M>T:21,M>L:5,M>V:4,T>M:4,L>M:3,L>T:1,T>V:1,M>I:1	T:141,M:92,L:20,V:5,I:1,F:1
499	I	L	20	2	9.041e-05	0.0009036	I>L:20,I>M:8,L>M:5,I>V:3,M>L:3,L>I:2,M>T:1,I>T:1,I>A:1	I:150,L:86,M:18,V:3,T:2,A:1
24	I	L	19	0	9.041e-05	0.0009036	I>L:19,I>T:11,I>M:10,I>V:3,M>T:3,T>I:3,T>A:2,M>I:1,T>M:1	I:177,T:32,M:24,L:22,V:3,A:2
65	S	N	18	4	9.041e-05	0.0009036	S>N:18,N>S:4,S>C:3,T>A:2,S>T:2,T>I:1,N>G:1,N>H:1,T>S:1	S:202,N:33,T:14,C:4,I:2,G:2,A:2,H:1
496	I	M	16	1	9.041e-05	0.0009036	I>M:16,T>I:10,I>V:8,T>M:7,I>L:7,I>T:3,T>S:2,I>A:2,L>F:1,T>L:1,M>I:1,M>L:1,I>F:1	T:121,I:71,M:44,L:10,V:8,F:2,S:2,A:2
530	F	L	15	8	9.041e-05	0.0009036	F>L:15,Y>L:10,L>F:8,Y>H:6,Y>F:5,Y>P:4,F>Y:4,F>M:3,H>P:2,Y>I:2,L>P:2,L>A:2,Y>N:1,Y>C:1,Y>T:1,H>Y:1,L>M:1,L>I:1,S>P:1,Y>S:1,Y>W:1,F>T:1,F>S:1,F>V:1	F:85,L:76,Y:61,P:9,M:8,H:7,I:3,T:2,S:2,A:2,W:2,N:1,V:1,C:1
9	N	T	13	0	9.041e-05	0.0009036	N>T:13,N>S:10,N>I:2,N>A:1	N:227,T:14,S:13,I:4,A:1,-:1
11	S	F	12	15	9.041e-05	0.0009036	F>L:18,F>S:15,S>L:13,S>F:12,S>T:9,L>F:4,S>C:4,L>S:2,L>M:1,T>M:1,F>T:1,F>A:1,S>M:1	S:108,F:79,L:54,T:10,M:4,C:4,A:1
5	S	P	11	16	9.041e-05	0.0009036	T>A:19,P>S:16,S>P:11,T>P:7,T>S:6,S>L:6,P>L:3,T>V:2,A>T:2,P>Q:2,S>A:2,S>T:2,S>M:2,T>L:1,T>I:1,T>M:1,A>I:1,L>M:1,L>S:1,P>T:1,S>Y:1	T:74,S:66,P:58,A:33,L:12,M:8,I:2,Q:2,-:2,V:2,Y:1
25	L	I	10	7	9.041e-05	0.0009036	L>I:10,I>L:7,L>F:6,I>V:4,I>T:3,I>M:2,L>V:2,F>L:2,M>I:1,L>T:1,I>F:1,I>A:1,L>M:1	L:120,I:111,F:12,V:7,T:5,M:4,A:1
31	K	N	8	2	9.041e-05	0.0009036	D>N:24,K>N:8,K>E:4,K>T:4,N>D:4,K>Q:3,D>S:3,N>K:2,D>E:2,D>K:2,P>T:1,K>S:1,N>S:1,D>P:1,E>T:1,H>P:1,N>H:1,N>M:1,K>D:1,P>K:1	K:105,D:60,N:49,P:14,T:10,S:7,E:7,Q:3,-:3,H:1,M:1
88	Q	L	7	0	9.041e-05	0.0009036	Q>L:7,F>L:5,L>M:2,Q>E:1,L>S:1,L>F:1,F>M:1,Q>F:1	Q:124,F:107,L:21,M:3,S:2,E:2,I:1
551	N	G	6	0	9.041e-05	0.0009036	N>K:23,N>T:13,N>S:11,N>G:6,N>A:6,N>I:5,N>H:4,K>N:4,K>S:3,T>A:3,N>Y:3,K>Q:2,S>T:2,H>Y:2,M>T:1,K>M:1,N>D:1,S>G:1,N>E:1,T>I:1,T>M:1,S>L:1,G>S:1,T>N:1,N>Q:1,S>A:1,G>A:1	N:99,K:63,T:28,S:17,I:13,A:12,G:8,Y:5,H:5,Q:4,M:2,D:1,E:1,L:1,-:1
205	P	L	4	1	9.041e-05	0.0009036	A>T:19,T>A:16,P>L:4,T>M:4,T>I:3,T>S:3,A>I:3,A>P:3,A>S:3,L>I:3,L>F:3,I>A:3,I>L:3,I>V:3,T>P:2,T>N:2,S>P:2,I>M:2,P>H:2,T>V:1,A>L:1,C>H:1,A>C:1,L>M:1,V>A:1,H>Y:1,H>Q:1,P>T:1,L>P:1,L>S:1	L:72,A:51,I:40,T:38,P:17,M:14,S:7,V:5,H:4,F:3,-:3,N:2,Y:2,C:1,Q:1
493	L	P	4	0	9.041e-05	0.0009036	S>Y:14,L>I:13,I>T:7,L>T:6,Y>S:6,L>S:5,I>V:4,I>L:4,L>P:4,S>T:4,S>P:4,S>Q:3,L>H:2,Y>H:2,S>F:2,V>I:2,Y>L:1,L>Y:1,L>A:1,L>F:1,T>S:1,L>M:1,S>H:1,F>L:1,F>Y:1,S>L:1,V>A:1,V>T:1,L>V:1	S:79,L:48,I:44,Y:34,T:19,P:12,H:8,V:7,F:3,Q:3,A:2,M:1
588	A	L	3	0	9.041e-05	0.0009036	S>T:11,A>T:7,A>S:7,A>M:4,S>Y:3,A>I:3,A>L:3,T>A:2,S>L:2,T>S:2,A>F:2,C>L:1,Y>C:1,T>I:1,T>V:1,S>A:1,S>M:1,F>L:1,S>F:1,M>L:1,I>S:1,A>V:1,T>L:1	S:125,A:80,T:21,L:11,M:8,I:5,Y:4,F:3,V:2,C:1
10	I	S	3	0	9.041e-05	0.0009036	T>S:7,T>A:5,T>V:5,T>L:3,I>T:3,I>S:3,T>I:2,S>T:1,L>T:1,V>I:1,I>V:1,I>M:1	T:212,S:18,I:12,V:8,A:5,L:4,M:1
359	N	A	2	1	9.041e-05	0.0009036	N>G:4,A>G:2,N>A:2,A>N:1,G>A:1,N>S:1,N>Q:1,N>D:1,G>N:1	N:233,A:16,G:8,S:1,D:1,Q:1
209	P	A	2	0	9.041e-05	0.0009036	P>T:19,P>S:18,P>Q:11,P>H:6,T>S:4,S>T:3,P>L:3,P>N:3,S>N:2,P>A:2,H>N:2,N>C:1,E>N:1,E>D:1,S>P:1,T>V:1,T>A:1,Q>Y:1,T>P:1,P>I:1,Q>K:1,P>K:1,E>P:1	P:144,T:33,S:21,Q:18,N:13,H:9,E:8,L:3,A:3,K:2,V:1,D:1,Y:1,C:1,I:1,-:1
555	G	M	2	0	9.041e-05	0.0009036	N>S:16,N>T:7,G>A:6,N>K:4,G>S:4,T>S:3,S>T:3,T>A:2,T>I:2,S>N:2,N>H:2,G>M:2,G>N:2,K>N:1,S>K:1,T>Y:1,N>A:1,G>K:1,G>R:1,G>W:1,N>G:1	G:95,S:53,N:48,T:24,K:17,A:10,H:5,I:3,M:2,Y:1,W:1,R:1
4	L	A	2	0	9.041e-05	0.0009036	T>A:10,T>I:8,T>P:8,T>M:6,L>Q:5,T>L:4,Q>L:4,P>T:2,T>S:2,L>F:2,L>M:2,L>A:2,L>H:2,T>Y:1,P>H:1,Q>T:1,L>V:1	L:103,T:71,Q:28,P:18,A:12,M:10,I:9,H:3,F:2,S:2,V:1,Y:1
614	T	S	25	0	1.206e-04	0.0010752	T>S:25,T>M:18,T>L:8,T>Q:6,T>I:5,T>H:5,T>A:5,T>N:3,I>T:2,I>L:1,H>Q:1,L>M:1,M>L:1,T>Y:1,S>F:1	T:133,S:36,L:26,M:25,H:12,Q:8,I:7,A:5,N:3,-:2,Y:2,F:1
275	F	L	15	18	1.206e-04	0.0010752	L>F:18,F>L:15,F>Y:6,L>I:2,L>M:1,F>M:1	L:129,F:121,Y:6,M:2,I:2
445	T	I	13	4	1.206e-04	0.0010752	T>M:16,T>I:13,M>T:9,M>I:7,I>T:4,T>S:4,I>V:3,T>L:2,L>S:2,L>M:2,M>S:1,T>V:1,M>L:1	I:157,T:56,M:30,S:7,V:5,L:5
459	I	T	12	26	1.206e-04	0.0010752	T>I:26,I>T:12,T>M:7,T>L:4,T>S:2,L>I:2,S>Y:1,S>L:1,I>L:1,T>V:1,I>M:1,I>V:1,L>T:1,M>L:1	T:137,I:61,L:42,M:8,S:7,V:3,Y:2
47	S	A	12	2	1.206e-04	0.0010752	S>A:12,A>S:2	A:137,S:123
507	I	L	10	1	1.206e-04	0.0010752	A>V:10,I>L:10,V>I:10,V>A:10,A>I:9,I>M:7,I>A:5,L>F:3,I>V:3,A>T:3,V>M:3,I>T:2,M>L:2,L>M:1,M>V:1,A>F:1,V>Y:1,A>M:1,V>T:1,I>S:1,L>I:1	I:118,A:74,L:25,V:17,M:14,T:6,F:4,S:1,Y:1
500	V	L	9	1	1.206e-04	0.0010752	I>T:15,I>L:11,V>L:9,I>V:8,V>A:8,V>T:5,I>A:4,V>I:4,I>M:3,L>T:2,V>M:2,L>V:1,T>S:1,M>L:1,T>A:1,A>T:1	I:107,V:59,L:45,T:29,A:13,M:5,S:1,N:1
544	V	T	8	2	1.206e-04	0.0010752	T>M:24,T>A:17,T>I:12,V>T:8,V>I:6,V>M:6,V>A:4,I>V:4,M>V:3,I>M:3,T>L:2,T>V:2,T>S:2,M>T:2,I>T:2,L>F:1,I>L:1,S>T:1,S>L:1,S>A:1,M>A:1,I>A:1	T:114,M:41,V:34,I:29,A:25,S:8,L:7,F:1,H:1
612	M	A	7	0	1.206e-04	0.0010752	M>L:15,L>M:8,M>T:8,M>A:7,M>I:7,M>V:5,L>S:4,L>F:3,L>I:3,I>M:2,L>T:1,L>A:1,A>L:1,M>S:1	L:139,M:70,I:18,T:10,A:9,S:6,V:5,F:3
460	N	A	5	0	1.206e-04	0.0010752	N>K:6,S>A:6,N>A:5,N>S:5,S>R:4,N>T:3,S>L:3,S>Y:2,S>H:2,N>G:1,L>I:1,L>S:1,R>L:1,N>R:1,S>T:1,N>Y:1,N>Q:1,N>H:1,S>E:1,S>Q:1,A>S:1	N:101,S:99,A:24,L:9,K:6,R:5,T:4,H:3,Q:3,Y:3,I:1,G:1,E:1
507	I	A	5	9	1.206e-04	0.0010752	A>V:10,I>L:10,V>I:10,V>A:10,A>I:9,I>M:7,I>A:5,L>F:3,I>V:3,A>T:3,V>M:3,I>T:2,M>L:2,L>M:1,M>V:1,A>F:1,V>Y:1,A>M:1,V>T:1,I>S:1,L>I:1	I:118,A:74,L:25,V:17,M:14,T:6,F:4,S:1,Y:1
123	S	Y	5	0	1.206e-04	0.0010752	S>F:7,S>L:7,T>I:6,S>Y:5,S>T:5,S>H:4,L>S:2,L>F:2,T>S:2,T>L:1,T>M:1,L>H:1,Y>H:1,Y>N:1,F>S:1,N>H:1,S>N:1,L>T:1	T:131,S:66,F:16,L:15,H:11,I:9,Y:8,N:3,M:1
614	T	H	5	0	1.206e-04	0.0010752	T>S:25,T>M:18,T>L:8,T>Q:6,T>I:5,T>H:5,T>A:5,T>N:3,I>T:2,I>L:1,H>Q:1,L>M:1,M>L:1,T>Y:1,S>F:1	T:133,S:36,L:26,M:25,H:12,Q:8,I:7,A:5,N:3,-:2,Y:2,F:1
88	F	L	5	1	1.206e-04	0.0010752	Q>L:7,F>L:5,L>M:2,Q>E:1,L>S:1,L>F:1,F>M:1,Q>F:1	Q:124,F:107,L:21,M:3,S:2,E:2,I:1
69	L	I	5	0	1.206e-04	0.0010752	H>Y:19,L>F:12,H>N:7,Y>H:5,H>C:5,L>I:5,H>Q:2,Y>C:2,H>S:2,H>F:2,F>L:2,Y>S:1,Y>L:1,H>T:1,H>I:1,N>S:1,H>L:1,S>C:1,L>V:1,I>V:1,L>M:1,C>L:1,S>Y:1	L:86,H:67,Y:39,F:21,C:18,N:8,S:7,I:6,Q:3,V:2,T:1,M:1,E:1
530	Y	P	4	0	1.206e-04	0.0010752	F>L:15,Y>L:10,L>F:8,Y>H:6,Y>F:5,Y>P:4,F>Y:4,F>M:3,H>P:2,Y>I:2,L>P:2,L>A:2,Y>N:1,Y>C:1,Y>T:1,H>Y:1,L>M:1,L>I:1,S>P:1,Y>S:1,Y>W:1,F>T:1,F>S:1,F>V:1	F:85,L:76,Y:61,P:9,M:8,H:7,I:3,T:2,S:2,A:2,W:2,N:1,V:1,C:1
554	S	K	4	0	1.206e-04	0.0010752	N>S:17,S>N:11,S>T:7,S>G:7,N>H:6,N>D:4,N>Y:4,N>T:4,S>K:4,G>S:4,N>K:3,T>A:3,S>A:2,N>E:1,H>Y:1,H>L:1,Y>L:1,S>F:1,N>G:1,T>D:1,T>N:1,K>T:1,G>A:1,N>L:1,N>I:1,S>Y:1	N:97,S:62,T:22,G:20,K:15,H:12,E:8,A:6,Y:6,D:5,L:4,F:1,I:1,Q:1
42	R	K	3	0	1.206e-04	0.0010752	N>S:24,R>H:10,N>K:6,H>Y:5,R>L:4,R>N:4,S>T:3,R>K:3,R>Q:3,Q>K:3,Q>H:2,H>Q:2,R>Y:2,L>T:2,N>R:2,T>A:1,S>F:1,Q>T:1,H>R:1,H>T:1,L>Q:1,Q>N:1,H>N:1,H>L:1,Q>R:1,Q>L:1,Q>W:1,S>R:1	N:83,R:57,S:37,H:20,K:19,Q:15,L:10,T:9,Y:7,F:1,A:1,W:1
207	T	L	2	0	1.206e-04	0.0010752	S>P:17,S>T:16,S>F:4,Y>H:3,S>H:3,T>S:3,H>S:2,T>L:2,T>A:2,S>Y:2,S>L:2,Y>N:1,Y>T:1,H>Y:1,H>L:1,H>N:1,H>Q:1,S>Q:1,S>E:1,S>A:1,T>M:1	S:142,T:40,P:18,H:16,Y:14,L:7,-:5,F:5,N:4,Q:4,A:3,M:1,E:1
4	L	H	2	0	1.206e-04	0.0010752	T>A:10,T>I:8,T>P:8,T>M:6,L>Q:5,T>L:4,Q>L:4,P>T:2,T>S:2,L>F:2,L>M:2,L>A:2,L>H:2,T>Y:1,P>H:1,Q>T:1,L>V:1	L:103,T:71,Q:28,P:18,A:12,M:10,I:9,H:3,F:2,S:2,V:1,Y:1
291	L	I	19	1	1.507e-04	0.0012690	L>I:19,L>M:6,M>T:3,I>L:1,I>M:1	L:218,I:28,M:10,T:3,F:1
197	M	L	16	4	1.507e-04	0.0012690	M>T:37,M>L:16,T>M:5,L>M:4,M>I:3,T>S:2,M>A:2,I>L:1,L>I:1,L>F:1,T>I:1,M>F:1,M>S:1,L>T:1,T>A:1	M:129,T:60,L:46,F:9,I:9,S:3,A:3,D:1
531	M	T	11	0	1.507e-04	0.0012690	L>S:12,M>T:11,L>M:5,L>T:5,L>Q:4,S>T:3,S>Y:3,S>L:3,M>L:2,Y>R:2,S>M:1,M>V:1,L>V:1,L>F:1,S>A:1,Y>S:1,S>R:1	S:127,L:60,M:23,T:22,Y:14,Q:4,V:3,R:3,F:2,A:1,-:1
558	N	K	11	6	1.507e-04	0.0012690	N>K:11,K>N:6,K>E:2,N>T:2,K>T:1,K>Q:1	K:142,N:111,E:3,T:3,Q:1
507	A	V	10	10	1.507e-04	0.0012690	A>V:10,I>L:10,V>I:10,V>A:10,A>I:9,I>M:7,I>A:5,L>F:3,I>V:3,A>T:3,V>M:3,I>T:2,M>L:2,L>M:1,M>V:1,A>F:1,V>Y:1,A>M:1,V>T:1,I>S:1,L>I:1	I:118,A:74,L:25,V:17,M:14,T:6,F:4,S:1,Y:1
555	G	A	6	0	1.507e-04	0.0012690	N>S:16,N>T:7,G>A:6,N>K:4,G>S:4,T>S:3,S>T:3,T>A:2,T>I:2,S>N:2,N>H:2,G>M:2,G>N:2,K>N:1,S>K:1,T>Y:1,N>A:1,G>K:1,G>R:1,G>W:1,N>G:1	G:95,S:53,N:48,T:24,K:17,A:10,H:5,I:3,M:2,Y:1,W:1,R:1
493	L	S	5	1	1.507e-04	0.0012690	S>Y:14,L>I:13,I>T:7,L>T:6,Y>S:6,L>S:5,I>V:4,I>L:4,L>P:4,S>T:4,S>P:4,S>Q:3,L>H:2,Y>H:2,S>F:2,V>I:2,Y>L:1,L>Y:1,L>A:1,L>F:1,T>S:1,L>M:1,S>H:1,F>L:1,F>Y:1,S>L:1,V>A:1,V>T:1,L>V:1	S:79,L:48,I:44,Y:34,T:19,P:12,H:8,V:7,F:3,Q:3,A:2,M:1
457	S	L	4	0	1.507e-04	0.0012690	T>A:15,T>M:8,A>T:6,S>L:4,T>S:4,T>L:3,M>T:3,A>N:2,A>S:2,T>K:2,M>A:2,M>L:2,A>M:2,A>L:2,S>P:1,K>N:1,K>T:1,Q>L:1,S>Q:1,A>K:1	A:144,T:41,L:24,M:20,S:13,K:7,Q:6,N:4,P:1
524	L	S	3	1	1.507e-04	0.0012690	Q>H:10,Q>K:8,L>M:5,H>Y:3,Q>R:3,K>T:3,L>S:3,M>K:3,P>S:2,P>H:2,H>P:2,Q>L:2,Q>P:2,L>R:2,M>R:2,S>R:2,K>M:2,K>N:2,P>L:1,Y>H:1,S>Y:1,S>L:1,S>A:1,S>P:1,P>A:1,H>N:1,P>T:1,H>R:1,Q>S:1,Q>T:1,L>K:1,L>W:1,L>I:1,M>Y:1,L>P:1,S>M:1,L>Y:1,M>L:1,K>I:1,K>L:1,K>P:1,P>Q:1	L:87,Q:43,H:34,K:25,P:17,M:13,R:10,S:9,Y:7,T:5,N:3,-:2,I:2,A:2,W:1
549	M	S	2	0	1.507e-04	0.0012690	S>P:13,S>T:10,T>V:8,T>M:7,T>S:7,T>A:4,P>S:2,T>I:2,M>S:2,S>A:1,V>A:1,M>V:1,M>T:1,V>I:1	S:95,T:80,M:33,P:31,V:11,A:6,I:3,X:1
524	K	M	2	3	1.507e-04	0.0012690	Q>H:10,Q>K:8,L>M:5,H>Y:3,Q>R:3,K>T:3,L>S:3,M>K:3,P>S:2,P>H:2,H>P:2,Q>L:2,Q>P:2,L>R:2,M>R:2,S>R:2,K>M:2,K>N:2,P>L:1,Y>H:1,S>Y:1,S>L:1,S>A:1,S>P:1,P>A:1,H>N:1,P>T:1,H>R:1,Q>S:1,Q>T:1,L>K:1,L>W:1,L>I:1,M>Y:1,L>P:1,S>M:1,L>Y:1,M>L:1,K>I:1,K>L:1,K>P:1,P>Q:1	L:87,Q:43,H:34,K:25,P:17,M:13,R:10,S:9,Y:7,T:5,N:3,-:2,I:2,A:2,W:1
117	Y	H	39	15	1.808e-04	0.0014778	Y>H:39,H>Y:15,Y>F:5,F>L:3,H>F:3,S>L:2,H>L:2,H>N:2,H>S:1,Y>L:1,N>S:1,Q>Y:1,H>Q:1	Y:128,H:94,F:14,L:9,Q:7,S:4,N:3,K:1
548	S	T	25	0	1.808e-04	0.0014778	S>T:25,S>N:24,S>A:9,N>S:7,S>G:4,N>T:4,T>I:3,S>I:3,T>A:2,S>H:2,S>L:1,F>C:1,F>L:1,F>Y:1,S>F:1,S>Q:1,T>M:1,T>V:1,A>I:1,S>M:1,S>C:1	S:132,N:40,T:39,A:12,I:11,C:6,G:5,L:4,M:3,F:2,H:2,Y:1,V:1,Q:1,P:1
445	T	M	16	9	1.808e-04	0.0014778	T>M:16,T>I:13,M>T:9,M>I:7,I>T:4,T>S:4,I>V:3,T>L:2,L>S:2,L>M:2,M>S:1,T>V:1,M>L:1	I:157,T:56,M:30,S:7,V:5,L:5
359	N	G	4	1	1.808e-04	0.0014778	N>G:4,A>G:2,N>A:2,A>N:1,G>A:1,N>S:1,N>Q:1,N>D:1,G>N:1	N:233,A:16,G:8,S:1,D:1,Q:1
530	F	M	3	0	1.808e-04	0.0014778	F>L:15,Y>L:10,L>F:8,Y>H:6,Y>F:5,Y>P:4,F>Y:4,F>M:3,H>P:2,Y>I:2,L>P:2,L>A:2,Y>N:1,Y>C:1,Y>T:1,H>Y:1,L>M:1,L>I:1,S>P:1,Y>S:1,Y>W:1,F>T:1,F>S:1,F>V:1	F:85,L:76,Y:61,P:9,M:8,H:7,I:3,T:2,S:2,A:2,W:2,N:1,V:1,C:1
479	Y	L	2	0	1.808e-04	0.0014778	Y>F:19,F>Y:7,F>L:3,Y>L:2,L>I:1,F>S:1,F>I:1,N>Y:1	Y:149,F:82,N:14,L:10,I:3,S:1,T:1
402	L	P	8	0	2.110e-04	0.0016666	L>P:8,L>S:6,L>I:2,L>V:1,S>P:1,I>V:1,I>T:1,Q>R:1,Q>L:1,L>Q:1,A>V:1,L>A:1,L>T:1	L:126,Q:103,P:10,S:6,A:6,T:4,V:3,I:1,R:1
530	L	F	8	15	2.110e-04	0.0016666	F>L:15,Y>L:10,L>F:8,Y>H:6,Y>F:5,Y>P:4,F>Y:4,F>M:3,H>P:2,Y>I:2,L>P:2,L>A:2,Y>N:1,Y>C:1,Y>T:1,H>Y:1,L>M:1,L>I:1,S>P:1,Y>S:1,Y>W:1,F>T:1,F>S:1,F>V:1	F:85,L:76,Y:61,P:9,M:8,H:7,I:3,T:2,S:2,A:2,W:2,N:1,V:1,C:1
20	I	L	8	2	2.110e-04	0.0016666	I>L:8,I>V:3,L>I:2,I>T:1,I>S:1	L:170,I:85,V:3,T:1,S:1
536	S	L	4	0	2.110e-04	0.0016666	S>T:20,T>S:13,S>A:9,S>N:5,S>L:4,T>M:4,S>M:3,T>A:2,T>N:2,M>A:1,L>M:1,S>F:1	S:148,T:65,M:14,A:13,N:10,L:8,F:1,I:1
284	L	S	3	0	2.110e-04	0.0016666	L>T:12,L>I:5,I>T:4,T>L:3,L>S:3,T>A:3,L>F:2,I>L:1,T>I:1,I>A:1,T>M:1,S>T:1,M>T:1,L>M:1,I>V:1	L:192,T:36,I:18,A:6,S:3,F:2,M:2,V:1
210	T	H	2	0	2.110e-04	0.0016666	S>T:11,N>D:7,S>H:6,T>A:5,T>S:5,N>T:4,N>S:4,H>Q:4,T>N:4,T>V:3,S>P:3,S>N:3,D>N:3,N>G:2,H>N:2,T>P:2,T>H:2,S>A:2,G>A:1,N>V:1,H>D:1,H>C:1,N>H:1,T>Q:1,T>L:1,T>G:1,T>M:1,S>L:1,S>Y:1,S>D:1,S>Q:1,A>D:1,A>T:1,N>E:1,T>D:1,N>Y:1,N>C:1	T:89,S:55,N:37,D:22,H:19,A:10,Q:6,P:5,V:4,G:3,-:2,L:2,Y:2,C:2,M:1,E:1
588	A	F	2	0	2.110e-04	0.0016666	S>T:11,A>T:7,A>S:7,A>M:4,S>Y:3,A>I:3,A>L:3,T>A:2,S>L:2,T>S:2,A>F:2,C>L:1,Y>C:1,T>I:1,T>V:1,S>A:1,S>M:1,F>L:1,S>F:1,M>L:1,I>S:1,A>V:1,T>L:1	S:125,A:80,T:21,L:11,M:8,I:5,Y:4,F:3,V:2,C:1
583	M	T	33	7	2.411e-04	0.0018264	M>T:33,T>M:7,M>A:6,M>L:5,T>A:5,M>I:4,T>S:4,M>K:4,M>S:3,K>M:3,L>M:2,T>I:2,T>K:2,K>E:2,L>T:1,I>T:1,T>Q:1,K>T:1,K>N:1	M:131,T:53,K:25,A:18,L:13,I:9,S:7,E:2,N:1,Q:1
518	T	A	16	2	2.411e-04	0.0018264	T>A:16,T>S:13,T>M:6,T>I:6,T>N:3,T>L:2,A>T:2,N>S:1,M>L:1,T>K:1,T>H:1,A>S:1,N>T:1	T:171,A:31,N:17,S:16,M:11,I:7,L:3,H:1,K:1,-:1,Q:1
612	M	L	15	8	2.411e-04	0.0018264	M>L:15,L>M:8,M>T:8,M>A:7,M>I:7,M>V:5,L>S:4,L>F:3,L>I:3,I>M:2,L>T:1,L>A:1,A>L:1,M>S:1	L:139,M:70,I:18,T:10,A:9,S:6,V:5,F:3
549	T	V	8	0	2.411e-04	0.0018264	S>P:13,S>T:10,T>V:8,T>M:7,T>S:7,T>A:4,P>S:2,T>I:2,M>S:2,S>A:1,V>A:1,M>V:1,M>T:1,V>I:1	S:95,T:80,M:33,P:31,V:11,A:6,I:3,X:1
207	S	H	3	2	2.411e-04	0.0018264	S>P:17,S>T:16,S>F:4,Y>H:3,S>H:3,T>S:3,H>S:2,T>L:2,T>A:2,S>Y:2,S>L:2,Y>N:1,Y>T:1,H>Y:1,H>L:1,H>N:1,H>Q:1,S>Q:1,S>E:1,S>A:1,T>M:1	S:142,T:40,P:18,H:16,Y:14,L:7,-:5,F:5,N:4,Q:4,A:3,M:1,E:1
547	P	L	3	11	2.411e-04	0.0018264	F>L:24,L>F:14,L>P:11,L>S:8,L>I:5,I>T:5,F>I:4,F>S:4,L>T:3,S>P:3,P>L:3,F>P:3,L>V:1,T>A:1,L>H:1,F>H:1,F>Y:1,F>M:1	L:128,F:60,P:25,S:16,I:13,T:12,H:2,V:1,Y:1,M:1,A:1
5	P	L	3	0	2.411e-04	0.0018264	T>A:19,P>S:16,S>P:11,T>P:7,T>S:6,S>L:6,P>L:3,T>V:2,A>T:2,P>Q:2,S>A:2,S>T:2,S>M:2,T>L:1,T>I:1,T>M:1,A>I:1,L>M:1,L>S:1,P>T:1,S>Y:1	T:74,S:66,P:58,A:33,L:12,M:8,I:2,Q:2,-:2,V:2,Y:1
42	R	Y	2	0	2.411e-04	0.0018264	N>S:24,R>H:10,N>K:6,H>Y:5,R>L:4,R>N:4,S>T:3,R>K:3,R>Q:3,Q>K:3,Q>H:2,H>Q:2,R>Y:2,L>T:2,N>R:2,T>A:1,S>F:1,Q>T:1,H>R:1,H>T:1,L>Q:1,Q>N:1,H>N:1,H>L:1,Q>R:1,Q>L:1,Q>W:1,S>R:1	N:83,R:57,S:37,H:20,K:19,Q:15,L:10,T:9,Y:7,F:1,A:1,W:1
42	L	T	2	0	2.411e-04	0.0018264	N>S:24,R>H:10,N>K:6,H>Y:5,R>L:4,R>N:4,S>T:3,R>K:3,R>Q:3,Q>K:3,Q>H:2,H>Q:2,R>Y:2,L>T:2,N>R:2,T>A:1,S>F:1,Q>T:1,H>R:1,H>T:1,L>Q:1,Q>N:1,H>N:1,H>L:1,Q>R:1,Q>L:1,Q>W:1,S>R:1	N:83,R:57,S:37,H:20,K:19,Q:15,L:10,T:9,Y:7,F:1,A:1,W:1
18	A	T	23	16	2.712e-04	0.0019911	A>T:23,T>A:16,T>M:10,T>I:5,T>L:5,M>T:3,T>V:3,A>V:3,I>L:2,T>S:2,A>M:2,M>L:1,M>I:1,L>M:1,L>V:1,A>I:1,V>T:1,I>T:1,V>I:1,V>L:1,S>F:1,M>V:1	T:112,A:93,M:18,L:14,V:11,I:9,S:2,F:1
507	V	A	10	10	2.712e-04	0.0019911	A>V:10,I>L:10,V>I:10,V>A:10,A>I:9,I>M:7,I>A:5,L>F:3,I>V:3,A>T:3,V>M:3,I>T:2,M>L:2,L>M:1,M>V:1,A>F:1,V>Y:1,A>M:1,V>T:1,I>S:1,L>I:1	I:118,A:74,L:25,V:17,M:14,T:6,F:4,S:1,Y:1
284	L	I	5	1	2.712e-04	0.0019911	L>T:12,L>I:5,I>T:4,T>L:3,L>S:3,T>A:3,L>F:2,I>L:1,T>I:1,I>A:1,T>M:1,S>T:1,M>T:1,L>M:1,I>V:1	L:192,T:36,I:18,A:6,S:3,F:2,M:2,V:1
123	S	H	4	0	2.712e-04	0.0019911	S>F:7,S>L:7,T>I:6,S>Y:5,S>T:5,S>H:4,L>S:2,L>F:2,T>S:2,T>L:1,T>M:1,L>H:1,Y>H:1,Y>N:1,F>S:1,N>H:1,S>N:1,L>T:1	T:131,S:66,F:16,L:15,H:11,I:9,Y:8,N:3,M:1
613	S	F	4	0	2.712e-04	0.0019911	S>L:16,S>T:11,L>M:4,M>T:4,S>A:4,S>F:4,T>A:3,L>S:2,T>M:1,V>T:1,L>V:1,M>L:1,M>I:1,S>M:1,S>Y:1,F>Y:1	S:170,L:41,T:24,M:9,A:8,F:4,Y:2,V:1,I:1
536	S	M	3	0	2.712e-04	0.0019911	S>T:20,T>S:13,S>A:9,S>N:5,S>L:4,T>M:4,S>M:3,T>A:2,T>N:2,M>A:1,L>M:1,S>F:1	S:148,T:65,M:14,A:13,N:10,L:8,F:1,I:1
583	K	M	3	4	2.712e-04	0.0019911	M>T:33,T>M:7,M>A:6,M>L:5,T>A:5,M>I:4,T>S:4,M>K:4,M>S:3,K>M:3,L>M:2,T>I:2,T>K:2,K>E:2,L>T:1,I>T:1,T>Q:1,K>T:1,K>N:1	M:131,T:53,K:25,A:18,L:13,I:9,S:7,E:2,N:1,Q:1
535	S	T	12	7	3.014e-04	0.0021644	S>T:12,T>I:9,S>L:8,T>M:7,T>S:7,T>V:6,T>L:5,M>L:4,T>A:2,M>T:1,T>N:1,S>A:1,S>V:1,S>I:1,I>V:1,S>M:1,S>N:1	T:98,S:97,L:22,I:15,M:12,V:10,A:3,N:2,K:1
418	I	L	7	9	3.014e-04	0.0021644	L>I:9,V>L:9,V>I:8,I>V:7,I>L:7,L>S:6,L>T:5,V>T:5,L>V:4,L>F:3,I>T:2,S>T:1,L>M:1,V>A:1,L>A:1	L:176,V:25,I:23,T:19,S:9,F:4,A:3,M:1
38	S	L	4	0	3.014e-04	0.0021644	T>A:30,T>S:12,T>I:8,T>N:6,T>L:5,S>L:4,T>D:4,D>N:3,T>P:3,T>H:2,K>Q:2,N>D:2,N>S:2,A>T:1,S>A:1,S>Q:1,M>L:1,M>S:1,M>Q:1,T>M:1,D>S:1,D>T:1,A>D:1,T>V:1,I>A:1,L>Q:1,K>E:1,T>K:1,N>E:1,N>H:1,N>Y:1,T>G:1,H>N:1,H>Y:1,H>T:1	T:122,A:36,S:22,L:15,N:15,D:11,I:9,Q:7,K:6,H:6,P:3,E:2,M:2,Y:2,V:1,G:1
514	K	S	3	0	3.014e-04	0.0021644	N>S:14,N>T:8,K>N:4,K>S:3,N>K:2,K>T:2,N>D:1,N>H:1,T>S:1,T>N:1,T>A:1	K:125,N:87,T:25,S:20,D:1,H:1,A:1
579	T	N	3	3	3.014e-04	0.0021644	N>S:22,D>N:21,N>H:6,T>S:4,T>A:4,D>H:3,N>K:3,N>D:3,N>T:3,T>N:3,D>E:2,E>D:1,A>T:1,D>A:1,D>K:1,T>L:1,H>Q:1,S>F:1,T>I:1,D>T:1	N:109,D:72,S:30,T:19,H:10,E:7,A:5,K:4,L:1,Q:1,F:1,I:1
471	M	T	30	12	3.315e-04	0.0023012	M>T:30,M>L:13,T>M:12,T>V:5,M>A:4,M>I:3,M>V:3,T>I:2,L>T:2,L>F:1,T>A:1,T>L:1	T:117,M:73,L:49,V:8,I:6,A:6,F:1
408	N	S	29	2	3.315e-04	0.0023012	N>S:29,N>T:5,S>N:2,N>C:1	N:220,S:32,T:6,C:2
451	M	V	17	0	3.315e-04	0.0023012	M>I:22,M>V:17,M>T:7,I>M:3,I>T:2,V>I:2,I>V:2,M>A:1	M:155,I:70,V:21,T:12,A:2
479	F	Y	7	19	3.315e-04	0.0023012	Y>F:19,F>Y:7,F>L:3,Y>L:2,L>I:1,F>S:1,F>I:1,N>Y:1	Y:149,F:82,N:14,L:10,I:3,S:1,T:1
447	P	V	3	0	3.315e-04	0.0023012	T>P:17,P>S:10,P>T:7,T>A:4,T>S:4,P>V:3,S>P:3,T>V:1,P>A:1	P:164,T:65,S:22,A:5,V:4
518	T	L	2	0	3.315e-04	0.0023012	T>A:16,T>S:13,T>M:6,T>I:6,T>N:3,T>L:2,A>T:2,N>S:1,M>L:1,T>K:1,T>H:1,A>S:1,N>T:1	T:171,A:31,N:17,S:16,M:11,I:7,L:3,H:1,K:1,-:1,Q:1
206	L	T	2	0	3.315e-04	0.0023012	S>T:17,S>P:13,F>L:9,S>L:5,P>S:5,S>Q:4,I>T:4,L>P:4,F>S:4,L>I:3,F>T:3,S>A:3,L>V:2,L>T:2,F>H:2,S>C:2,S>Y:2,V>T:1,L>S:1,L>F:1,T>I:1,F>I:1,L>A:1,S>N:1,S>H:1,S>V:1,T>V:1,S>G:1,S>I:1,S>W:1,S>F:1	S:78,F:37,T:32,P:32,L:31,V:13,I:12,Q:6,-:5,A:4,H:3,C:2,Y:2,N:1,G:1,W:1
530	L	P	2	0	3.315e-04	0.0023012	F>L:15,Y>L:10,L>F:8,Y>H:6,Y>F:5,Y>P:4,F>Y:4,F>M:3,H>P:2,Y>I:2,L>P:2,L>A:2,Y>N:1,Y>C:1,Y>T:1,H>Y:1,L>M:1,L>I:1,S>P:1,Y>S:1,Y>W:1,F>T:1,F>S:1,F>V:1	F:85,L:76,Y:61,P:9,M:8,H:7,I:3,T:2,S:2,A:2,W:2,N:1,V:1,C:1
547	L	S	8	0	3.617e-04	0.0024589	F>L:24,L>F:14,L>P:11,L>S:8,L>I:5,I>T:5,F>I:4,F>S:4,L>T:3,S>P:3,P>L:3,F>P:3,L>V:1,T>A:1,L>H:1,F>H:1,F>Y:1,F>M:1	L:128,F:60,P:25,S:16,I:13,T:12,H:2,V:1,Y:1,M:1,A:1
524	Q	K	8	0	3.617e-04	0.0024589	Q>H:10,Q>K:8,L>M:5,H>Y:3,Q>R:3,K>T:3,L>S:3,M>K:3,P>S:2,P>H:2,H>P:2,Q>L:2,Q>P:2,L>R:2,M>R:2,S>R:2,K>M:2,K>N:2,P>L:1,Y>H:1,S>Y:1,S>L:1,S>A:1,S>P:1,P>A:1,H>N:1,P>T:1,H>R:1,Q>S:1,Q>T:1,L>K:1,L>W:1,L>I:1,M>Y:1,L>P:1,S>M:1,L>Y:1,M>L:1,K>I:1,K>L:1,K>P:1,P>Q:1	L:87,Q:43,H:34,K:25,P:17,M:13,R:10,S:9,Y:7,T:5,N:3,-:2,I:2,A:2,W:1
432	I	L	7	9	3.617e-04	0.0024589	L>I:9,I>T:8,L>M:7,I>L:7,I>M:6,L>T:5,M>T:4,M>I:1,L>F:1,I>V:1,T>M:1	L:140,I:83,T:19,M:16,F:1,V:1
207	S	F	4	0	3.617e-04	0.0024589	S>P:17,S>T:16,S>F:4,Y>H:3,S>H:3,T>S:3,H>S:2,T>L:2,T>A:2,S>Y:2,S>L:2,Y>N:1,Y>T:1,H>Y:1,H>L:1,H>N:1,H>Q:1,S>Q:1,S>E:1,S>A:1,T>M:1	S:142,T:40,P:18,H:16,Y:14,L:7,-:5,F:5,N:4,Q:4,A:3,M:1,E:1
481	P	T	3	10	3.617e-04	0.0024589	L>P:17,T>P:10,T>L:8,L>I:7,T>I:6,P>L:5,I>T:5,I>L:4,P>T:3,L>V:3,I>V:2,L>T:2,L>M:1,P>I:1,T>V:1	L:93,T:64,P:52,I:42,V:6,M:3
49	L	M	14	0	3.918e-04	0.0025590	L>F:16,L>M:14,L>I:5,F>L:4,L>T:1,L>V:1,M>I:1,M>T:1,I>M:1,I>F:1,I>A:1	L:195,F:32,M:19,I:10,T:2,V:1,A:1
218	T	I	11	2	3.918e-04	0.0025590	T>I:11,T>M:6,M>I:3,T>L:3,M>L:2,I>T:2,T>V:1,L>I:1,M>T:1	T:195,I:25,L:24,M:15,V:1
50	I	T	10	17	3.918e-04	0.0025590	T>I:17,I>T:10,I>V:10,T>V:6,I>L:4,I>M:4,T>L:3,T>A:3,T>M:2,T>S:1,V>A:1,A>I:1,A>T:1	I:156,T:64,V:16,L:11,M:6,A:6,S:1
206	F	L	9	1	3.918e-04	0.0025590	S>T:17,S>P:13,F>L:9,S>L:5,P>S:5,S>Q:4,I>T:4,L>P:4,F>S:4,L>I:3,F>T:3,S>A:3,L>V:2,L>T:2,F>H:2,S>C:2,S>Y:2,V>T:1,L>S:1,L>F:1,T>I:1,F>I:1,L>A:1,S>N:1,S>H:1,S>V:1,T>V:1,S>G:1,S>I:1,S>W:1,S>F:1	S:78,F:37,T:32,P:32,L:31,V:13,I:12,Q:6,-:5,A:4,H:3,C:2,Y:2,N:1,G:1,W:1
68	S	L	7	0	3.918e-04	0.0025590	S>T:33,S>L:7,F>L:7,S>F:6,S>C:3,C>Y:2,T>I:2,F>Y:2,S>H:2,S>Y:1,S>A:1,T>L:1,F>T:1,S>N:1,F>I:1,F>S:1	S:156,T:50,L:17,F:13,C:10,Y:7,I:3,H:2,N:1,A:1
550	T	L	6	0	3.918e-04	0.0025590	T>M:22,T>S:14,T>A:12,T>L:6,T>K:5,M>L:3,M>T:3,T>I:3,M>A:1,S>Y:1,T>E:1,A>S:1,T>H:1,K>T:1,T>N:1	T:155,M:32,K:18,S:18,L:17,A:13,I:3,H:1,Y:1,N:1,E:1
590	T	I	6	0	3.918e-04	0.0025590	T>S:26,T>N:11,T>P:10,T>A:9,T>I:6,P>S:4,S>P:3,T>L:3,S>T:2,T>M:2,P>H:1,S>L:1,S>M:1,V>I:1,T>V:1,P>R:1,T>Q:1	T:142,S:41,P:31,N:15,A:9,L:8,I:7,M:3,V:1,Q:1,H:1,R:1
547	F	I	4	0	3.918e-04	0.0025590	F>L:24,L>F:14,L>P:11,L>S:8,L>I:5,I>T:5,F>I:4,F>S:4,L>T:3,S>P:3,P>L:3,F>P:3,L>V:1,T>A:1,L>H:1,F>H:1,F>Y:1,F>M:1	L:128,F:60,P:25,S:16,I:13,T:12,H:2,V:1,Y:1,M:1,A:1
571	M	K	3	2	3.918e-04	0.0025590	M>L:17,M>T:6,M>K:3,M>A:2,M>I:2,K>M:2,K>T:1,L>K:1,L>I:1,M>V:1,T>V:1	K:150,M:53,L:39,T:7,I:6,A:3,V:2
76	M	A	2	0	3.918e-04	0.0025590	M>T:22,T>M:9,M>P:3,M>A:2,T>A:2,P>T:1,P>S:1,P>Q:1,Q>P:1,M>Q:1,T>S:1,M>I:1,T>D:1,P>M:1	M:163,T:67,P:14,A:6,Q:4,S:3,I:1,D:1,G:1
19	I	T	23	21	4.219e-04	0.0027237	I>T:23,T>I:21,I>V:7,T>V:6,I>L:2,I>M:1,I>S:1,T>N:1	T:125,I:102,V:19,L:11,S:1,N:1,M:1
123	L	S	2	7	4.219e-04	0.0027237	S>F:7,S>L:7,T>I:6,S>Y:5,S>T:5,S>H:4,L>S:2,L>F:2,T>S:2,T>L:1,T>M:1,L>H:1,Y>H:1,Y>N:1,F>S:1,N>H:1,S>N:1,L>T:1	T:131,S:66,F:16,L:15,H:11,I:9,Y:8,N:3,M:1
524	S	R	2	0	4.219e-04	0.0027237	Q>H:10,Q>K:8,L>M:5,H>Y:3,Q>R:3,K>T:3,L>S:3,M>K:3,P>S:2,P>H:2,H>P:2,Q>L:2,Q>P:2,L>R:2,M>R:2,S>R:2,K>M:2,K>N:2,P>L:1,Y>H:1,S>Y:1,S>L:1,S>A:1,S>P:1,P>A:1,H>N:1,P>T:1,H>R:1,Q>S:1,Q>T:1,L>K:1,L>W:1,L>I:1,M>Y:1,L>P:1,S>M:1,L>Y:1,M>L:1,K>I:1,K>L:1,K>P:1,P>Q:1	L:87,Q:43,H:34,K:25,P:17,M:13,R:10,S:9,Y:7,T:5,N:3,-:2,I:2,A:2,W:1
579	T	S	4	0	4.521e-04	0.0028957	N>S:22,D>N:21,N>H:6,T>S:4,T>A:4,D>H:3,N>K:3,N>D:3,N>T:3,T>N:3,D>E:2,E>D:1,A>T:1,D>A:1,D>K:1,T>L:1,H>Q:1,S>F:1,T>I:1,D>T:1	N:109,D:72,S:30,T:19,H:10,E:7,A:5,K:4,L:1,Q:1,F:1,I:1
493	L	H	2	0	4.521e-04	0.0028957	S>Y:14,L>I:13,I>T:7,L>T:6,Y>S:6,L>S:5,I>V:4,I>L:4,L>P:4,S>T:4,S>P:4,S>Q:3,L>H:2,Y>H:2,S>F:2,V>I:2,Y>L:1,L>Y:1,L>A:1,L>F:1,T>S:1,L>M:1,S>H:1,F>L:1,F>Y:1,S>L:1,V>A:1,V>T:1,L>V:1	S:79,L:48,I:44,Y:34,T:19,P:12,H:8,V:7,F:3,Q:3,A:2,M:1
76	T	M	9	22	4.822e-04	0.0030650	M>T:22,T>M:9,M>P:3,M>A:2,T>A:2,P>T:1,P>S:1,P>Q:1,Q>P:1,M>Q:1,T>S:1,M>I:1,T>D:1,P>M:1	M:163,T:67,P:14,A:6,Q:4,S:3,I:1,D:1,G:1
493	S	P	4	0	4.822e-04	0.0030650	S>Y:14,L>I:13,I>T:7,L>T:6,Y>S:6,L>S:5,I>V:4,I>L:4,L>P:4,S>T:4,S>P:4,S>Q:3,L>H:2,Y>H:2,S>F:2,V>I:2,Y>L:1,L>Y:1,L>A:1,L>F:1,T>S:1,L>M:1,S>H:1,F>L:1,F>Y:1,S>L:1,V>A:1,V>T:1,L>V:1	S:79,L:48,I:44,Y:34,T:19,P:12,H:8,V:7,F:3,Q:3,A:2,M:1
94	F	L	26	4	5.123e-04	0.0032196	F>L:26,L>F:4,F>S:1,F>I:1	F:203,L:55,I:1,S:1
554	S	G	7	4	5.123e-04	0.0032196	N>S:17,S>N:11,S>T:7,S>G:7,N>H:6,N>D:4,N>Y:4,N>T:4,S>K:4,G>S:4,N>K:3,T>A:3,S>A:2,N>E:1,H>Y:1,H>L:1,Y>L:1,S>F:1,N>G:1,T>D:1,T>N:1,K>T:1,G>A:1,N>L:1,N>I:1,S>Y:1	N:97,S:62,T:22,G:20,K:15,H:12,E:8,A:6,Y:6,D:5,L:4,F:1,I:1,Q:1
209	T	S	4	3	5.123e-04	0.0032196	P>T:19,P>S:18,P>Q:11,P>H:6,T>S:4,S>T:3,P>L:3,P>N:3,S>N:2,P>A:2,H>N:2,N>C:1,E>N:1,E>D:1,S>P:1,T>V:1,T>A:1,Q>Y:1,T>P:1,P>I:1,Q>K:1,P>K:1,E>P:1	P:144,T:33,S:21,Q:18,N:13,H:9,E:8,L:3,A:3,K:2,V:1,D:1,Y:1,C:1,I:1,-:1
82	L	I	16	2	5.425e-04	0.0033581	L>I:16,I>V:13,L>F:7,L>M:5,I>L:2,M>L:1,M>V:1,L>V:1,I>M:1,I>F:1	I:133,L:92,V:17,M:9,F:9
279	Q	P	12	4	5.425e-04	0.0033581	Q>P:12,P>Q:4,K>N:3,Q>H:3,Q>K:2,P>H:2,Q>E:2,P>A:1,Q>S:1,K>Q:1,N>T:1,Q>N:1	Q:167,P:60,K:17,H:5,E:4,N:4,T:1,S:1,A:1
432	I	T	8	0	5.425e-04	0.0033581	L>I:9,I>T:8,L>M:7,I>L:7,I>M:6,L>T:5,M>T:4,M>I:1,L>F:1,I>V:1,T>M:1	L:140,I:83,T:19,M:16,F:1,V:1
442	Q	R	3	0	5.425e-04	0.0033581	F>Y:16,F>H:16,F>S:8,Y>H:5,Q>R:3,F>Q:3,F>T:3,F>P:3,Y>F:2,H>Y:1,S>P:1	F:182,Y:24,H:24,S:10,Q:8,P:5,T:4,R:3
446	P	S	21	0	5.726e-04	0.0035054	P>S:21,P>L:7,P>T:6,T>A:4,P>Q:3,P>N:2,P>H:2,L>M:2,T>I:2,P>A:2,T>S:1,S>T:1,S>A:1,T>L:1,T>N:1,P>R:1,T>M:1	P:182,S:31,T:11,L:9,A:7,H:5,N:4,Q:4,M:3,I:3,R:1
437	L	M	14	2	5.726e-04	0.0035054	L>M:14,M>L:2,L>F:1,M>T:1,L>Y:1	L:235,M:21,Y:2,T:1,F:1
218	T	L	3	0	5.726e-04	0.0035054	T>I:11,T>M:6,M>I:3,T>L:3,M>L:2,I>T:2,T>V:1,L>I:1,M>T:1	T:195,I:25,L:24,M:15,V:1
210	S	T	11	5	6.028e-04	0.0036363	S>T:11,N>D:7,S>H:6,T>A:5,T>S:5,N>T:4,N>S:4,H>Q:4,T>N:4,T>V:3,S>P:3,S>N:3,D>N:3,N>G:2,H>N:2,T>P:2,T>H:2,S>A:2,G>A:1,N>V:1,H>D:1,H>C:1,N>H:1,T>Q:1,T>L:1,T>G:1,T>M:1,S>L:1,S>Y:1,S>D:1,S>Q:1,A>D:1,A>T:1,N>E:1,T>D:1,N>Y:1,N>C:1	T:89,S:55,N:37,D:22,H:19,A:10,Q:6,P:5,V:4,G:3,-:2,L:2,Y:2,C:2,M:1,E:1
210	T	N	4	4	6.028e-04	0.0036363	S>T:11,N>D:7,S>H:6,T>A:5,T>S:5,N>T:4,N>S:4,H>Q:4,T>N:4,T>V:3,S>P:3,S>N:3,D>N:3,N>G:2,H>N:2,T>P:2,T>H:2,S>A:2,G>A:1,N>V:1,H>D:1,H>C:1,N>H:1,T>Q:1,T>L:1,T>G:1,T>M:1,S>L:1,S>Y:1,S>D:1,S>Q:1,A>D:1,A>T:1,N>E:1,T>D:1,N>Y:1,N>C:1	T:89,S:55,N:37,D:22,H:19,A:10,Q:6,P:5,V:4,G:3,-:2,L:2,Y:2,C:2,M:1,E:1
31	K	E	4	0	6.028e-04	0.0036363	D>N:24,K>N:8,K>E:4,K>T:4,N>D:4,K>Q:3,D>S:3,N>K:2,D>E:2,D>K:2,P>T:1,K>S:1,N>S:1,D>P:1,E>T:1,H>P:1,N>H:1,N>M:1,K>D:1,P>K:1	K:105,D:60,N:49,P:14,T:10,S:7,E:7,Q:3,-:3,H:1,M:1
38	T	D	4	1	6.028e-04	0.0036363	T>A:30,T>S:12,T>I:8,T>N:6,T>L:5,S>L:4,T>D:4,D>N:3,T>P:3,T>H:2,K>Q:2,N>D:2,N>S:2,A>T:1,S>A:1,S>Q:1,M>L:1,M>S:1,M>Q:1,T>M:1,D>S:1,D>T:1,A>D:1,T>V:1,I>A:1,L>Q:1,K>E:1,T>K:1,N>E:1,N>H:1,N>Y:1,T>G:1,H>N:1,H>Y:1,H>T:1	T:122,A:36,S:22,L:15,N:15,D:11,I:9,Q:7,K:6,H:6,P:3,E:2,M:2,Y:2,V:1,G:1
524	Q	H	10	0	6.329e-04	0.0037233	Q>H:10,Q>K:8,L>M:5,H>Y:3,Q>R:3,K>T:3,L>S:3,M>K:3,P>S:2,P>H:2,H>P:2,Q>L:2,Q>P:2,L>R:2,M>R:2,S>R:2,K>M:2,K>N:2,P>L:1,Y>H:1,S>Y:1,S>L:1,S>A:1,S>P:1,P>A:1,H>N:1,P>T:1,H>R:1,Q>S:1,Q>T:1,L>K:1,L>W:1,L>I:1,M>Y:1,L>P:1,S>M:1,L>Y:1,M>L:1,K>I:1,K>L:1,K>P:1,P>Q:1	L:87,Q:43,H:34,K:25,P:17,M:13,R:10,S:9,Y:7,T:5,N:3,-:2,I:2,A:2,W:1
4	T	P	8	2	6.329e-04	0.0037233	T>A:10,T>I:8,T>P:8,T>M:6,L>Q:5,T>L:4,Q>L:4,P>T:2,T>S:2,L>F:2,L>M:2,L>A:2,L>H:2,T>Y:1,P>H:1,Q>T:1,L>V:1	L:103,T:71,Q:28,P:18,A:12,M:10,I:9,H:3,F:2,S:2,V:1,Y:1
481	T	I	6	5	6.329e-04	0.0037233	L>P:17,T>P:10,T>L:8,L>I:7,T>I:6,P>L:5,I>T:5,I>L:4,P>T:3,L>V:3,I>V:2,L>T:2,L>M:1,P>I:1,T>V:1	L:93,T:64,P:52,I:42,V:6,M:3
276	N	H	6	1	6.329e-04	0.0037233	N>S:27,T>A:17,T>S:12,S>N:9,N>H:6,T>E:3,N>D:3,S>T:2,S>A:2,A>T:1,N>T:1,N>Y:1,H>N:1,H>Y:1,H>Q:1,C>H:1,C>D:1,S>C:1,S>H:1	S:72,T:64,N:56,A:33,H:15,C:7,E:4,Y:4,D:4,Q:1
418	V	T	5	0	6.329e-04	0.0037233	L>I:9,V>L:9,V>I:8,I>V:7,I>L:7,L>S:6,L>T:5,V>T:5,L>V:4,L>F:3,I>T:2,S>T:1,L>M:1,V>A:1,L>A:1	L:176,V:25,I:23,T:19,S:9,F:4,A:3,M:1
206	I	T	4	1	6.329e-04	0.0037233	S>T:17,S>P:13,F>L:9,S>L:5,P>S:5,S>Q:4,I>T:4,L>P:4,F>S:4,L>I:3,F>T:3,S>A:3,L>V:2,L>T:2,F>H:2,S>C:2,S>Y:2,V>T:1,L>S:1,L>F:1,T>I:1,F>I:1,L>A:1,S>N:1,S>H:1,S>V:1,T>V:1,S>G:1,S>I:1,S>W:1,S>F:1	S:78,F:37,T:32,P:32,L:31,V:13,I:12,Q:6,-:5,A:4,H:3,C:2,Y:2,N:1,G:1,W:1
531	Y	R	2	0	6.329e-04	0.0037233	L>S:12,M>T:11,L>M:5,L>T:5,L>Q:4,S>T:3,S>Y:3,S>L:3,M>L:2,Y>R:2,S>M:1,M>V:1,L>V:1,L>F:1,S>A:1,Y>S:1,S>R:1	S:127,L:60,M:23,T:22,Y:14,Q:4,V:3,R:3,F:2,A:1,-:1
551	N	S	11	0	6.630e-04	0.0038326	N>K:23,N>T:13,N>S:11,N>G:6,N>A:6,N>I:5,N>H:4,K>N:4,K>S:3,T>A:3,N>Y:3,K>Q:2,S>T:2,H>Y:2,M>T:1,K>M:1,N>D:1,S>G:1,N>E:1,T>I:1,T>M:1,S>L:1,G>S:1,T>N:1,N>Q:1,S>A:1,G>A:1	N:99,K:63,T:28,S:17,I:13,A:12,G:8,Y:5,H:5,Q:4,M:2,D:1,E:1,L:1,-:1
496	I	L	7	0	6.630e-04	0.0038326	I>M:16,T>I:10,I>V:8,T>M:7,I>L:7,I>T:3,T>S:2,I>A:2,L>F:1,T>L:1,M>I:1,M>L:1,I>F:1	T:121,I:71,M:44,L:10,V:8,F:2,S:2,A:2
479	F	L	3	0	6.630e-04	0.0038326	Y>F:19,F>Y:7,F>L:3,Y>L:2,L>I:1,F>S:1,F>I:1,N>Y:1	Y:149,F:82,N:14,L:10,I:3,S:1,T:1
117	S	L	2	0	6.630e-04	0.0038326	Y>H:39,H>Y:15,Y>F:5,F>L:3,H>F:3,S>L:2,H>L:2,H>N:2,H>S:1,Y>L:1,N>S:1,Q>Y:1,H>Q:1	Y:128,H:94,F:14,L:9,Q:7,S:4,N:3,K:1
66	L	Q	2	0	6.630e-04	0.0038326	I>V:4,I>L:3,L>Q:2,L>I:2,L>P:1,L>V:1,I>A:1,I>T:1	I:139,L:110,V:5,Q:2,T:2,A:1,P:1
554	G	S	4	7	6.932e-04	0.0039791	N>S:17,S>N:11,S>T:7,S>G:7,N>H:6,N>D:4,N>Y:4,N>T:4,S>K:4,G>S:4,N>K:3,T>A:3,S>A:2,N>E:1,H>Y:1,H>L:1,Y>L:1,S>F:1,N>G:1,T>D:1,T>N:1,K>T:1,G>A:1,N>L:1,N>I:1,S>Y:1	N:97,S:62,T:22,G:20,K:15,H:12,E:8,A:6,Y:6,D:5,L:4,F:1,I:1,Q:1
524	Q	L	2	0	6.932e-04	0.0039791	Q>H:10,Q>K:8,L>M:5,H>Y:3,Q>R:3,K>T:3,L>S:3,M>K:3,P>S:2,P>H:2,H>P:2,Q>L:2,Q>P:2,L>R:2,M>R:2,S>R:2,K>M:2,K>N:2,P>L:1,Y>H:1,S>Y:1,S>L:1,S>A:1,S>P:1,P>A:1,H>N:1,P>T:1,H>R:1,Q>S:1,Q>T:1,L>K:1,L>W:1,L>I:1,M>Y:1,L>P:1,S>M:1,L>Y:1,M>L:1,K>I:1,K>L:1,K>P:1,P>Q:1	L:87,Q:43,H:34,K:25,P:17,M:13,R:10,S:9,Y:7,T:5,N:3,-:2,I:2,A:2,W:1
33	L	F	10	16	7.233e-04	0.0040954	F>L:16,L>F:10,Y>H:5,F>P:5,F>Y:4,F>S:4,P>S:2,F>M:2,L>I:1,H>Y:1,L>H:1,S>P:1,L>S:1,F>T:1,H>L:1,F>H:1,P>L:1,L>P:1,L>M:1,Y>S:1	L:136,F:62,P:18,Y:16,S:11,H:9,M:4,-:2,I:1,T:1
34	K	T	3	0	7.233e-04	0.0040954	Q>K:24,P>S:6,Q>P:5,Q>R:5,K>T:3,Q>S:2,K>Q:1,K>S:1,K>D:1,S>P:1,Q>T:1,Q>L:1,S>L:1,S>T:1	K:169,Q:55,S:12,P:9,T:5,R:5,L:2,D:1,-:1,A:1
31	K	Q	3	0	7.233e-04	0.0040954	D>N:24,K>N:8,K>E:4,K>T:4,N>D:4,K>Q:3,D>S:3,N>K:2,D>E:2,D>K:2,P>T:1,K>S:1,N>S:1,D>P:1,E>T:1,H>P:1,N>H:1,N>M:1,K>D:1,P>K:1	K:105,D:60,N:49,P:14,T:10,S:7,E:7,Q:3,-:3,H:1,M:1
493	S	F	2	0	7.233e-04	0.0040954	S>Y:14,L>I:13,I>T:7,L>T:6,Y>S:6,L>S:5,I>V:4,I>L:4,L>P:4,S>T:4,S>P:4,S>Q:3,L>H:2,Y>H:2,S>F:2,V>I:2,Y>L:1,L>Y:1,L>A:1,L>F:1,T>S:1,L>M:1,S>H:1,F>L:1,F>Y:1,S>L:1,V>A:1,V>T:1,L>V:1	S:79,L:48,I:44,Y:34,T:19,P:12,H:8,V:7,F:3,Q:3,A:2,M:1
609	I	L	15	0	7.534e-04	0.0042086	I>L:15,I>M:6,I>T:5,I>V:4,M>V:1,T>A:1,M>I:1,T>M:1,M>T:1,M>L:1	I:196,L:30,V:12,T:11,M:10,A:1
68	F	L	7	0	7.534e-04	0.0042086	S>T:33,S>L:7,F>L:7,S>F:6,S>C:3,C>Y:2,T>I:2,F>Y:2,S>H:2,S>Y:1,S>A:1,T>L:1,F>T:1,S>N:1,F>I:1,F>S:1	S:156,T:50,L:17,F:13,C:10,Y:7,I:3,H:2,N:1,A:1
460	S	L	3	1	7.534e-04	0.0042086	N>K:6,S>A:6,N>A:5,N>S:5,S>R:4,N>T:3,S>L:3,S>Y:2,S>H:2,N>G:1,L>I:1,L>S:1,R>L:1,N>R:1,S>T:1,N>Y:1,N>Q:1,N>H:1,S>E:1,S>Q:1,A>S:1	N:101,S:99,A:24,L:9,K:6,R:5,T:4,H:3,Q:3,Y:3,I:1,G:1,E:1
207	T	S	3	16	7.534e-04	0.0042086	S>P:17,S>T:16,S>F:4,Y>H:3,S>H:3,T>S:3,H>S:2,T>L:2,T>A:2,S>Y:2,S>L:2,Y>N:1,Y>T:1,H>Y:1,H>L:1,H>N:1,H>Q:1,S>Q:1,S>E:1,S>A:1,T>M:1	S:142,T:40,P:18,H:16,Y:14,L:7,-:5,F:5,N:4,Q:4,A:3,M:1,E:1
196	T	S	22	3	7.836e-04	0.0043623	T>S:22,T>A:18,S>T:3,S>H:2,T>N:2,T>Y:2,T>I:1,T>V:1,Y>H:1,S>Y:1,T>M:1,A>T:1,S>L:1	T:186,S:37,A:22,Y:5,H:3,N:3,M:1,L:1,V:1,I:1
572	L	M	12	10	8.137e-04	0.0044999	L>M:12,M>I:11,M>L:10,M>T:4,M>V:4,L>F:4,M>A:2,L>V:2,L>A:2,I>F:1,M>F:1,L>S:1,L>I:1,M>S:1	M:134,L:87,I:15,F:8,V:6,A:4,T:4,S:2
493	S	T	4	1	8.137e-04	0.0044999	S>Y:14,L>I:13,I>T:7,L>T:6,Y>S:6,L>S:5,I>V:4,I>L:4,L>P:4,S>T:4,S>P:4,S>Q:3,L>H:2,Y>H:2,S>F:2,V>I:2,Y>L:1,L>Y:1,L>A:1,L>F:1,T>S:1,L>M:1,S>H:1,F>L:1,F>Y:1,S>L:1,V>A:1,V>T:1,L>V:1	S:79,L:48,I:44,Y:34,T:19,P:12,H:8,V:7,F:3,Q:3,A:2,M:1
446	P	L	7	0	8.439e-04	0.0046203	P>S:21,P>L:7,P>T:6,T>A:4,P>Q:3,P>N:2,P>H:2,L>M:2,T>I:2,P>A:2,T>S:1,S>T:1,S>A:1,T>L:1,T>N:1,P>R:1,T>M:1	P:182,S:31,T:11,L:9,A:7,H:5,N:4,Q:4,M:3,I:3,R:1
18	T	L	5	0	8.439e-04	0.0046203	A>T:23,T>A:16,T>M:10,T>I:5,T>L:5,M>T:3,T>V:3,A>V:3,I>L:2,T>S:2,A>M:2,M>L:1,M>I:1,L>M:1,L>V:1,A>I:1,V>T:1,I>T:1,V>I:1,V>L:1,S>F:1,M>V:1	T:112,A:93,M:18,L:14,V:11,I:9,S:2,F:1
529	P	L	2	1	8.439e-04	0.0046203	P>T:25,T>P:14,P>S:14,P>H:11,T>I:9,P>R:7,T>A:6,P>A:6,T>S:5,P>I:3,S>N:2,S>T:2,P>Q:2,P>M:2,P>L:2,S>L:1,H>R:1,T>M:1,L>P:1,T>L:1,T>K:1,T>H:1,H>P:1,N>H:1,N>S:1,T>N:1,P>K:1,P>Y:1,R>H:1,P>F:1,S>Y:1,S>A:1	P:94,T:66,S:20,H:17,I:15,A:14,R:13,N:7,L:4,M:3,Y:2,Q:2,K:2,F:1
585	A	S	11	1	8.740e-04	0.0047384	T>A:22,A>T:19,T>S:17,A>S:11,S>T:4,T>I:1,A>V:1,S>A:1	T:115,S:74,A:69,V:1,I:1
436	V	M	10	0	8.740e-04	0.0047384	L>I:11,V>M:10,V>I:9,L>V:5,L>M:3,L>T:2,L>F:2,L>S:2,V>T:2,I>L:1,I>M:1,I>S:1,S>T:1	L:148,V:53,I:28,M:14,T:7,S:7,F:2,Y:1
19	T	V	6	0	8.740e-04	0.0047384	I>T:23,T>I:21,I>V:7,T>V:6,I>L:2,I>M:1,I>S:1,T>N:1	T:125,I:102,V:19,L:11,S:1,N:1,M:1
474	F	L	10	3	9.041e-04	0.0048542	F>L:10,L>F:3,L>M:2	L:150,F:101,M:9
443	N	T	4	4	9.041e-04	0.0048542	V>T:18,T>P:9,T>V:5,T>N:4,N>T:4,S>T:3,T>I:2,T>C:1,S>P:1,T>S:1,N>S:1,V>I:1,T>A:1	T:127,V:84,P:26,N:11,C:5,I:4,S:2,A:1
500	L	T	2	0	9.041e-04	0.0048542	I>T:15,I>L:11,V>L:9,I>V:8,V>A:8,V>T:5,I>A:4,V>I:4,I>M:3,L>T:2,V>M:2,L>V:1,T>S:1,M>L:1,T>A:1,A>T:1	I:107,V:59,L:45,T:29,A:13,M:5,S:1,N:1
75	I	L	6	0	9.343e-04	0.0049519	I>T:24,I>L:6,T>I:3,I>M:3,I>V:1,V>I:1,T>V:1,I>A:1,I>N:1	I:201,T:45,L:7,M:3,V:2,A:1,N:1
206	F	S	4	1	9.343e-04	0.0049519	S>T:17,S>P:13,F>L:9,S>L:5,P>S:5,S>Q:4,I>T:4,L>P:4,F>S:4,L>I:3,F>T:3,S>A:3,L>V:2,L>T:2,F>H:2,S>C:2,S>Y:2,V>T:1,L>S:1,L>F:1,T>I:1,F>I:1,L>A:1,S>N:1,S>H:1,S>V:1,T>V:1,S>G:1,S>I:1,S>W:1,S>F:1	S:78,F:37,T:32,P:32,L:31,V:13,I:12,Q:6,-:5,A:4,H:3,C:2,Y:2,N:1,G:1,W:1
566	L	H	4	0	9.343e-04	0.0049519	L>S:5,L>H:4,L>F:2,L>Q:2,L>Y:2,L>M:1	L:233,M:10,S:5,H:4,Q:4,F:2,Y:2
206	F	H	2	0	9.343e-04	0.0049519	S>T:17,S>P:13,F>L:9,S>L:5,P>S:5,S>Q:4,I>T:4,L>P:4,F>S:4,L>I:3,F>T:3,S>A:3,L>V:2,L>T:2,F>H:2,S>C:2,S>Y:2,V>T:1,L>S:1,L>F:1,T>I:1,F>I:1,L>A:1,S>N:1,S>H:1,S>V:1,T>V:1,S>G:1,S>I:1,S>W:1,S>F:1	S:78,F:37,T:32,P:32,L:31,V:13,I:12,Q:6,-:5,A:4,H:3,C:2,Y:2,N:1,G:1,W:1
279	P	Q	4	12	9.644e-04	0.0050792	Q>P:12,P>Q:4,K>N:3,Q>H:3,Q>K:2,P>H:2,Q>E:2,P>A:1,Q>S:1,K>Q:1,N>T:1,Q>N:1	Q:167,P:60,K:17,H:5,E:4,N:4,T:1,S:1,A:1
572	L	A	2	0	9.644e-04	0.0050792	L>M:12,M>I:11,M>L:10,M>T:4,M>V:4,L>F:4,M>A:2,L>V:2,L>A:2,I>F:1,M>F:1,L>S:1,L>I:1,M>S:1	M:134,L:87,I:15,F:8,V:6,A:4,T:4,S:2
471	T	M	12	30	9.945e-04	0.0052214	M>T:30,M>L:13,T>M:12,T>V:5,M>A:4,M>I:3,M>V:3,T>I:2,L>T:2,L>F:1,T>A:1,T>L:1	T:117,M:73,L:49,V:8,I:6,A:6,F:1
205	A	T	19	16	1.025e-03	0.0052709	A>T:19,T>A:16,P>L:4,T>M:4,T>I:3,T>S:3,A>I:3,A>P:3,A>S:3,L>I:3,L>F:3,I>A:3,I>L:3,I>V:3,T>P:2,T>N:2,S>P:2,I>M:2,P>H:2,T>V:1,A>L:1,C>H:1,A>C:1,L>M:1,V>A:1,H>Y:1,H>Q:1,P>T:1,L>P:1,L>S:1	L:72,A:51,I:40,T:38,P:17,M:14,S:7,V:5,H:4,F:3,-:3,N:2,Y:2,C:1,Q:1
585	A	T	19	22	1.025e-03	0.0052709	T>A:22,A>T:19,T>S:17,A>S:11,S>T:4,T>I:1,A>V:1,S>A:1	T:115,S:74,A:69,V:1,I:1
536	S	A	9	0	1.025e-03	0.0052709	S>T:20,T>S:13,S>A:9,S>N:5,S>L:4,T>M:4,S>M:3,T>A:2,T>N:2,M>A:1,L>M:1,S>F:1	S:148,T:65,M:14,A:13,N:10,L:8,F:1,I:1
127	I	T	8	3	1.055e-03	0.0052709	F>L:20,M>T:16,M>L:9,I>T:8,L>F:8,M>I:7,F>I:4,T>I:3,I>V:2,I>L:2,T>A:1,L>I:1,F>V:1,I>M:1	L:62,F:58,M:57,T:49,I:30,V:3,A:1
518	T	I	6	0	1.055e-03	0.0052709	T>A:16,T>S:13,T>M:6,T>I:6,T>N:3,T>L:2,A>T:2,N>S:1,M>L:1,T>K:1,T>H:1,A>S:1,N>T:1	T:171,A:31,N:17,S:16,M:11,I:7,L:3,H:1,K:1,-:1,Q:1
38	T	L	5	0	1.055e-03	0.0052709	T>A:30,T>S:12,T>I:8,T>N:6,T>L:5,S>L:4,T>D:4,D>N:3,T>P:3,T>H:2,K>Q:2,N>D:2,N>S:2,A>T:1,S>A:1,S>Q:1,M>L:1,M>S:1,M>Q:1,T>M:1,D>S:1,D>T:1,A>D:1,T>V:1,I>A:1,L>Q:1,K>E:1,T>K:1,N>E:1,N>H:1,N>Y:1,T>G:1,H>N:1,H>Y:1,H>T:1	T:122,A:36,S:22,L:15,N:15,D:11,I:9,Q:7,K:6,H:6,P:3,E:2,M:2,Y:2,V:1,G:1
595	L	Q	5	0	1.055e-03	0.0052709	L>S:10,L>M:7,L>Q:5,L>R:1,L>V:1,L>T:1,L>W:1,M>T:1	L:221,Q:13,S:12,M:9,T:2,R:1,W:1,V:1
443	T	N	4	4	1.055e-03	0.0052709	V>T:18,T>P:9,T>V:5,T>N:4,N>T:4,S>T:3,T>I:2,T>C:1,S>P:1,T>S:1,N>S:1,V>I:1,T>A:1	T:127,V:84,P:26,N:11,C:5,I:4,S:2,A:1
519	L	H	4	0	1.025e-03	0.0052709	L>F:13,L>M:11,L>H:4,L>Y:3,L>I:2,L>P:2,I>M:1,M>L:1	L:208,M:19,F:16,H:7,Y:4,P:3,I:2,-:1
206	L	I	3	0	1.055e-03	0.0052709	S>T:17,S>P:13,F>L:9,S>L:5,P>S:5,S>Q:4,I>T:4,L>P:4,F>S:4,L>I:3,F>T:3,S>A:3,L>V:2,L>T:2,F>H:2,S>C:2,S>Y:2,V>T:1,L>S:1,L>F:1,T>I:1,F>I:1,L>A:1,S>N:1,S>H:1,S>V:1,T>V:1,S>G:1,S>I:1,S>W:1,S>F:1	S:78,F:37,T:32,P:32,L:31,V:13,I:12,Q:6,-:5,A:4,H:3,C:2,Y:2,N:1,G:1,W:1
276	T	E	3	0	1.025e-03	0.0052709	N>S:27,T>A:17,T>S:12,S>N:9,N>H:6,T>E:3,N>D:3,S>T:2,S>A:2,A>T:1,N>T:1,N>Y:1,H>N:1,H>Y:1,H>Q:1,C>H:1,C>D:1,S>C:1,S>H:1	S:72,T:64,N:56,A:33,H:15,C:7,E:4,Y:4,D:4,Q:1
14	P	L	2	1	1.055e-03	0.0052709	L>I:8,L>F:3,L>T:3,P>L:2,L>M:2,T>I:2,T>A:2,L>A:2,P>T:1,P>S:1,L>P:1,L>S:1,L>V:1	L:224,I:14,T:6,A:4,P:4,F:3,S:2,M:2,V:1
486	L	P	2	11	1.055e-03	0.0052709	P>L:11,L>P:2,P>Y:2,L>T:1,P>H:1,P>N:1,P>M:1,S>T:1,P>S:1,P>T:1	P:229,L:22,T:3,Y:2,S:1,M:1,H:1,N:1
33	P	S	2	1	1.055e-03	0.0052709	F>L:16,L>F:10,Y>H:5,F>P:5,F>Y:4,F>S:4,P>S:2,F>M:2,L>I:1,H>Y:1,L>H:1,S>P:1,L>S:1,F>T:1,H>L:1,F>H:1,P>L:1,L>P:1,L>M:1,Y>S:1	L:136,F:62,P:18,Y:16,S:11,H:9,M:4,-:2,I:1,T:1
513	M	A	2	3	1.055e-03	0.0052709	S>T:8,S>A:5,S>L:4,A>M:3,M>A:2,L>A:1,A>T:1,M>T:1,T>M:1,T>A:1,T>V:1	S:217,T:14,L:12,A:10,M:5,V:1,I:1
32	T	P	2	0	1.025e-03	0.0052709	N>S:27,N>K:16,N>T:15,K>N:7,N>H:4,S>G:2,N>D:2,K>T:2,T>P:2,T>N:2,N>G:2,N>Q:1,T>I:1	N:123,T:46,S:34,K:32,-:8,H:5,G:4,Q:3,P:2,D:2,I:1
555	G	S	4	0	1.085e-03	0.0053730	N>S:16,N>T:7,G>A:6,N>K:4,G>S:4,T>S:3,S>T:3,T>A:2,T>I:2,S>N:2,N>H:2,G>M:2,G>N:2,K>N:1,S>K:1,T>Y:1,N>A:1,G>K:1,G>R:1,G>W:1,N>G:1	G:95,S:53,N:48,T:24,K:17,A:10,H:5,I:3,M:2,Y:1,W:1,R:1
42	Q	K	3	0	1.085e-03	0.0053730	N>S:24,R>H:10,N>K:6,H>Y:5,R>L:4,R>N:4,S>T:3,R>K:3,R>Q:3,Q>K:3,Q>H:2,H>Q:2,R>Y:2,L>T:2,N>R:2,T>A:1,S>F:1,Q>T:1,H>R:1,H>T:1,L>Q:1,Q>N:1,H>N:1,H>L:1,Q>R:1,Q>L:1,Q>W:1,S>R:1	N:83,R:57,S:37,H:20,K:19,Q:15,L:10,T:9,Y:7,F:1,A:1,W:1
457	A	N	2	0	1.085e-03	0.0053730	T>A:15,T>M:8,A>T:6,S>L:4,T>S:4,T>L:3,M>T:3,A>N:2,A>S:2,T>K:2,M>A:2,M>L:2,A>M:2,A>L:2,S>P:1,K>N:1,K>T:1,Q>L:1,S>Q:1,A>K:1	A:144,T:41,L:24,M:20,S:13,K:7,Q:6,N:4,P:1
591	L	F	22	1	1.115e-03	0.0054410	L>F:22,L>M:13,L>I:9,L>Y:3,M>A:2,M>I:1,M>T:1,L>T:1,I>L:1,I>A:1,L>A:1,S>Y:1,L>S:1,F>L:1	L:188,F:29,M:17,I:11,A:8,Y:4,T:2,S:1
134	I	T	8	12	1.115e-03	0.0054410	T>I:12,I>T:8,T>L:4,I>L:4,T>M:3,T>A:2,M>T:2,I>V:2,T>V:1,M>I:1,M>L:1,I>M:1,T>S:1	I:126,T:104,L:18,M:6,V:3,A:2,S:1
209	S	T	3	4	1.115e-03	0.0054410	P>T:19,P>S:18,P>Q:11,P>H:6,T>S:4,S>T:3,P>L:3,P>N:3,S>N:2,P>A:2,H>N:2,N>C:1,E>N:1,E>D:1,S>P:1,T>V:1,T>A:1,Q>Y:1,T>P:1,P>I:1,Q>K:1,P>K:1,E>P:1	P:144,T:33,S:21,Q:18,N:13,H:9,E:8,L:3,A:3,K:2,V:1,D:1,Y:1,C:1,I:1,-:1
457	A	L	2	0	1.115e-03	0.0054410	T>A:15,T>M:8,A>T:6,S>L:4,T>S:4,T>L:3,M>T:3,A>N:2,A>S:2,T>K:2,M>A:2,M>L:2,A>M:2,A>L:2,S>P:1,K>N:1,K>T:1,Q>L:1,S>Q:1,A>K:1	A:144,T:41,L:24,M:20,S:13,K:7,Q:6,N:4,P:1
71	E	K	2	0	1.115e-03	0.0054410	E>Q:7,E>D:2,E>K:2,Y>H:1,Y>N:1,E>N:1,E>A:1,Y>E:1	E:231,Y:12,Q:9,K:2,D:2,N:2,H:1,A:1
535	T	L	5	0	1.145e-03	0.0055554	S>T:12,T>I:9,S>L:8,T>M:7,T>S:7,T>V:6,T>L:5,M>L:4,T>A:2,M>T:1,T>N:1,S>A:1,S>V:1,S>I:1,I>V:1,S>M:1,S>N:1	T:98,S:97,L:22,I:15,M:12,V:10,A:3,N:2,K:1
207	S	L	2	0	1.145e-03	0.0055554	S>P:17,S>T:16,S>F:4,Y>H:3,S>H:3,T>S:3,H>S:2,T>L:2,T>A:2,S>Y:2,S>L:2,Y>N:1,Y>T:1,H>Y:1,H>L:1,H>N:1,H>Q:1,S>Q:1,S>E:1,S>A:1,T>M:1	S:142,T:40,P:18,H:16,Y:14,L:7,-:5,F:5,N:4,Q:4,A:3,M:1,E:1
57	L	T	2	0	1.175e-03	0.0056520	L>I:13,I>T:6,I>M:6,L>M:4,T>A:3,L>T:2,I>L:2,I>V:2,I>F:1,L>V:1	I:139,L:86,T:16,M:11,A:3,V:3,F:1,Y:1
42	N	R	2	4	1.175e-03	0.0056520	N>S:24,R>H:10,N>K:6,H>Y:5,R>L:4,R>N:4,S>T:3,R>K:3,R>Q:3,Q>K:3,Q>H:2,H>Q:2,R>Y:2,L>T:2,N>R:2,T>A:1,S>F:1,Q>T:1,H>R:1,H>T:1,L>Q:1,Q>N:1,H>N:1,H>L:1,Q>R:1,Q>L:1,Q>W:1,S>R:1	N:83,R:57,S:37,H:20,K:19,Q:15,L:10,T:9,Y:7,F:1,A:1,W:1
5	S	M	2	0	1.175e-03	0.0056520	T>A:19,P>S:16,S>P:11,T>P:7,T>S:6,S>L:6,P>L:3,T>V:2,A>T:2,P>Q:2,S>A:2,S>T:2,S>M:2,T>L:1,T>I:1,T>M:1,A>I:1,L>M:1,L>S:1,P>T:1,S>Y:1	T:74,S:66,P:58,A:33,L:12,M:8,I:2,Q:2,-:2,V:2,Y:1
508	L	I	15	0	1.236e-03	0.0058403	L>M:16,L>I:15,L>V:3,L>F:1,M>L:1	L:217,I:20,M:18,V:4,F:1
195	S	L	6	0	1.236e-03	0.0058403	S>T:15,S>I:6,S>L:6,S>Y:6,S>C:4,S>A:2,Y>C:2,S>M:1,L>M:1,Y>F:1,S>F:1,T>I:1	S:198,T:17,Y:16,I:10,C:7,L:6,A:2,F:2,M:2
548	N	T	4	0	1.236e-03	0.0058403	S>T:25,S>N:24,S>A:9,N>S:7,S>G:4,N>T:4,T>I:3,S>I:3,T>A:2,S>H:2,S>L:1,F>C:1,F>L:1,F>Y:1,S>F:1,S>Q:1,T>M:1,T>V:1,A>I:1,S>M:1,S>C:1	S:132,N:40,T:39,A:12,I:11,C:6,G:5,L:4,M:3,F:2,H:2,Y:1,V:1,Q:1,P:1
579	T	A	4	1	1.236e-03	0.0058403	N>S:22,D>N:21,N>H:6,T>S:4,T>A:4,D>H:3,N>K:3,N>D:3,N>T:3,T>N:3,D>E:2,E>D:1,A>T:1,D>A:1,D>K:1,T>L:1,H>Q:1,S>F:1,T>I:1,D>T:1	N:109,D:72,S:30,T:19,H:10,E:7,A:5,K:4,L:1,Q:1,F:1,I:1
615	H	T	3	0	1.236e-03	0.0058403	H>Y:13,Y>H:13,H>Q:7,H>R:3,H>T:3,Y>Q:3,Q>P:2,H>L:2,Y>L:2,T>S:2,H>K:1,Y>F:1,T>N:1,T>I:1	Y:82,H:50,-:50,Q:35,T:16,L:9,K:4,P:3,R:3,F:2,S:2,N:2,I:1,V:1
205	L	I	3	3	1.236e-03	0.0058403	A>T:19,T>A:16,P>L:4,T>M:4,T>I:3,T>S:3,A>I:3,A>P:3,A>S:3,L>I:3,L>F:3,I>A:3,I>L:3,I>V:3,T>P:2,T>N:2,S>P:2,I>M:2,P>H:2,T>V:1,A>L:1,C>H:1,A>C:1,L>M:1,V>A:1,H>Y:1,H>Q:1,P>T:1,L>P:1,L>S:1	L:72,A:51,I:40,T:38,P:17,M:14,S:7,V:5,H:4,F:3,-:3,N:2,Y:2,C:1,Q:1
34	P	S	6	1	1.266e-03	0.0058987	Q>K:24,P>S:6,Q>P:5,Q>R:5,K>T:3,Q>S:2,K>Q:1,K>S:1,K>D:1,S>P:1,Q>T:1,Q>L:1,S>L:1,S>T:1	K:169,Q:55,S:12,P:9,T:5,R:5,L:2,D:1,-:1,A:1
531	L	M	5	2	1.266e-03	0.0058987	L>S:12,M>T:11,L>M:5,L>T:5,L>Q:4,S>T:3,S>Y:3,S>L:3,M>L:2,Y>R:2,S>M:1,M>V:1,L>V:1,L>F:1,S>A:1,Y>S:1,S>R:1	S:127,L:60,M:23,T:22,Y:14,Q:4,V:3,R:3,F:2,A:1,-:1
518	T	N	3	1	1.266e-03	0.0058987	T>A:16,T>S:13,T>M:6,T>I:6,T>N:3,T>L:2,A>T:2,N>S:1,M>L:1,T>K:1,T>H:1,A>S:1,N>T:1	T:171,A:31,N:17,S:16,M:11,I:7,L:3,H:1,K:1,-:1,Q:1
528	T	N	3	18	1.266e-03	0.0058987	N>T:18,N>S:14,T>G:5,N>G:4,T>S:3,T>N:3,N>D:2,T>A:2,S>G:1,N>H:1,N>K:1,T>I:1	N:154,T:60,S:21,G:18,A:2,D:2,H:1,K:1,I:1
11	L	S	2	13	1.266e-03	0.0058987	F>L:18,F>S:15,S>L:13,S>F:12,S>T:9,L>F:4,S>C:4,L>S:2,L>M:1,T>M:1,F>T:1,F>A:1,S>M:1	S:108,F:79,L:54,T:10,M:4,C:4,A:1
524	L	M	5	1	1.296e-03	0.0060222	Q>H:10,Q>K:8,L>M:5,H>Y:3,Q>R:3,K>T:3,L>S:3,M>K:3,P>S:2,P>H:2,H>P:2,Q>L:2,Q>P:2,L>R:2,M>R:2,S>R:2,K>M:2,K>N:2,P>L:1,Y>H:1,S>Y:1,S>L:1,S>A:1,S>P:1,P>A:1,H>N:1,P>T:1,H>R:1,Q>S:1,Q>T:1,L>K:1,L>W:1,L>I:1,M>Y:1,L>P:1,S>M:1,L>Y:1,M>L:1,K>I:1,K>L:1,K>P:1,P>Q:1	L:87,Q:43,H:34,K:25,P:17,M:13,R:10,S:9,Y:7,T:5,N:3,-:2,I:2,A:2,W:1
488	M	T	25	1	1.326e-03	0.0060940	M>T:25,M>L:2,T>M:1	M:226,T:31,L:3
548	S	N	24	7	1.326e-03	0.0060940	S>T:25,S>N:24,S>A:9,N>S:7,S>G:4,N>T:4,T>I:3,S>I:3,T>A:2,S>H:2,S>L:1,F>C:1,F>L:1,F>Y:1,S>F:1,S>Q:1,T>M:1,T>V:1,A>I:1,S>M:1,S>C:1	S:132,N:40,T:39,A:12,I:11,C:6,G:5,L:4,M:3,F:2,H:2,Y:1,V:1,Q:1,P:1
590	T	A	9	0	1.326e-03	0.0060940	T>S:26,T>N:11,T>P:10,T>A:9,T>I:6,P>S:4,S>P:3,T>L:3,S>T:2,T>M:2,P>H:1,S>L:1,S>M:1,V>I:1,T>V:1,P>R:1,T>Q:1	T:142,S:41,P:31,N:15,A:9,L:8,I:7,M:3,V:1,Q:1,H:1,R:1
73	K	S	2	0	1.326e-03	0.0060940	K>Q:2,K>S:2,K>E:2,N>S:1,Q>H:1,K>N:1,E>D:1,N>K:1	K:230,N:14,Q:8,S:4,E:2,H:1,D:1
516	T	A	34	7	1.356e-03	0.0061811	T>A:34,T>S:10,A>T:7,A>S:2,T>P:1,T>V:1	T:186,A:59,S:12,P:2,V:1
554	S	N	11	17	1.356e-03	0.0061811	N>S:17,S>N:11,S>T:7,S>G:7,N>H:6,N>D:4,N>Y:4,N>T:4,S>K:4,G>S:4,N>K:3,T>A:3,S>A:2,N>E:1,H>Y:1,H>L:1,Y>L:1,S>F:1,N>G:1,T>D:1,T>N:1,K>T:1,G>A:1,N>L:1,N>I:1,S>Y:1	N:97,S:62,T:22,G:20,K:15,H:12,E:8,A:6,Y:6,D:5,L:4,F:1,I:1,Q:1
503	A	V	7	4	1.356e-03	0.0061811	I>T:18,A>I:10,I>V:9,V>I:8,I>A:7,A>V:7,T>A:6,I>L:6,V>L:6,I>M:4,V>A:4,I>F:2,T>I:2,T>L:2,T>S:1,A>T:1,M>A:1,T>M:1,L>S:1,A>L:1	I:89,A:77,V:30,T:27,L:20,M:13,S:2,F:2
202	I	L	14	0	1.386e-03	0.0062668	I>M:22,I>L:14,M>L:3,I>V:2	I:195,M:41,L:20,V:4
5	T	P	7	1	1.386e-03	0.0062668	T>A:19,P>S:16,S>P:11,T>P:7,T>S:6,S>L:6,P>L:3,T>V:2,A>T:2,P>Q:2,S>A:2,S>T:2,S>M:2,T>L:1,T>I:1,T>M:1,A>I:1,L>M:1,L>S:1,P>T:1,S>Y:1	T:74,S:66,P:58,A:33,L:12,M:8,I:2,Q:2,-:2,V:2,Y:1
615	Y	L	2	0	1.386e-03	0.0062668	H>Y:13,Y>H:13,H>Q:7,H>R:3,H>T:3,Y>Q:3,Q>P:2,H>L:2,Y>L:2,T>S:2,H>K:1,Y>F:1,T>N:1,T>I:1	Y:82,H:50,-:50,Q:35,T:16,L:9,K:4,P:3,R:3,F:2,S:2,N:2,I:1,V:1
58	Y	L	2	0	1.416e-03	0.0063684	Y>H:16,Y>F:11,F>Y:5,F>L:2,Y>L:2,H>Y:2,H>F:1,F>M:1,F>S:1	F:152,Y:62,H:39,L:5,M:1,S:1
503	T	L	2	0	1.416e-03	0.0063684	I>T:18,A>I:10,I>V:9,V>I:8,I>A:7,A>V:7,T>A:6,I>L:6,V>L:6,I>M:4,V>A:4,I>F:2,T>I:2,T>L:2,T>S:1,A>T:1,M>A:1,T>M:1,L>S:1,A>L:1	I:89,A:77,V:30,T:27,L:20,M:13,S:2,F:2
547	S	P	3	0	1.447e-03	0.0064688	F>L:24,L>F:14,L>P:11,L>S:8,L>I:5,I>T:5,F>I:4,F>S:4,L>T:3,S>P:3,P>L:3,F>P:3,L>V:1,T>A:1,L>H:1,F>H:1,F>Y:1,F>M:1	L:128,F:60,P:25,S:16,I:13,T:12,H:2,V:1,Y:1,M:1,A:1
32	T	N	2	15	1.447e-03	0.0064688	N>S:27,N>K:16,N>T:15,K>N:7,N>H:4,S>G:2,N>D:2,K>T:2,T>P:2,T>N:2,N>G:2,N>Q:1,T>I:1	N:123,T:46,S:34,K:32,-:8,H:5,G:4,Q:3,P:2,D:2,I:1
443	T	V	5	18	1.477e-03	0.0065506	V>T:18,T>P:9,T>V:5,T>N:4,N>T:4,S>T:3,T>I:2,T>C:1,S>P:1,T>S:1,N>S:1,V>I:1,T>A:1	T:127,V:84,P:26,N:11,C:5,I:4,S:2,A:1
205	A	P	3	0	1.477e-03	0.0065506	A>T:19,T>A:16,P>L:4,T>M:4,T>I:3,T>S:3,A>I:3,A>P:3,A>S:3,L>I:3,L>F:3,I>A:3,I>L:3,I>V:3,T>P:2,T>N:2,S>P:2,I>M:2,P>H:2,T>V:1,A>L:1,C>H:1,A>C:1,L>M:1,V>A:1,H>Y:1,H>Q:1,P>T:1,L>P:1,L>S:1	L:72,A:51,I:40,T:38,P:17,M:14,S:7,V:5,H:4,F:3,-:3,N:2,Y:2,C:1,Q:1
548	S	I	3	0	1.477e-03	0.0065506	S>T:25,S>N:24,S>A:9,N>S:7,S>G:4,N>T:4,T>I:3,S>I:3,T>A:2,S>H:2,S>L:1,F>C:1,F>L:1,F>Y:1,S>F:1,S>Q:1,T>M:1,T>V:1,A>I:1,S>M:1,S>C:1	S:132,N:40,T:39,A:12,I:11,C:6,G:5,L:4,M:3,F:2,H:2,Y:1,V:1,Q:1,P:1
202	I	M	22	0	1.507e-03	0.0065961	I>M:22,I>L:14,M>L:3,I>V:2	I:195,M:41,L:20,V:4
571	M	T	6	0	1.507e-03	0.0065961	M>L:17,M>T:6,M>K:3,M>A:2,M>I:2,K>M:2,K>T:1,L>K:1,L>I:1,M>V:1,T>V:1	K:150,M:53,L:39,T:7,I:6,A:3,V:2
197	T	M	5	37	1.507e-03	0.0065961	M>T:37,M>L:16,T>M:5,L>M:4,M>I:3,T>S:2,M>A:2,I>L:1,L>I:1,L>F:1,T>I:1,M>F:1,M>S:1,L>T:1,T>A:1	M:129,T:60,L:46,F:9,I:9,S:3,A:3,D:1
588	A	M	4	0	1.507e-03	0.0065961	S>T:11,A>T:7,A>S:7,A>M:4,S>Y:3,A>I:3,A>L:3,T>A:2,S>L:2,T>S:2,A>F:2,C>L:1,Y>C:1,T>I:1,T>V:1,S>A:1,S>M:1,F>L:1,S>F:1,M>L:1,I>S:1,A>V:1,T>L:1	S:125,A:80,T:21,L:11,M:8,I:5,Y:4,F:3,V:2,C:1
206	L	V	2	0	1.507e-03	0.0065961	S>T:17,S>P:13,F>L:9,S>L:5,P>S:5,S>Q:4,I>T:4,L>P:4,F>S:4,L>I:3,F>T:3,S>A:3,L>V:2,L>T:2,F>H:2,S>C:2,S>Y:2,V>T:1,L>S:1,L>F:1,T>I:1,F>I:1,L>A:1,S>N:1,S>H:1,S>V:1,T>V:1,S>G:1,S>I:1,S>W:1,S>F:1	S:78,F:37,T:32,P:32,L:31,V:13,I:12,Q:6,-:5,A:4,H:3,C:2,Y:2,N:1,G:1,W:1
60	H	Y	25	27	1.537e-03	0.0066404	Y>H:27,H>Y:25,Y>F:4,H>Q:3,F>L:2,I>V:1,L>I:1,F>S:1,L>F:1,Y>L:1,Y>W:1,H>S:1,Y>C:1	Y:141,H:97,F:6,L:5,S:4,Q:3,W:1,V:1,I:1,C:1
435	T	I	18	0	1.537e-03	0.0066404	T>I:18,T>A:7,S>T:3,T>M:2,T>S:2,S>A:2,S>F:1	T:220,I:20,A:9,S:8,M:2,F:1
31	N	D	4	24	1.537e-03	0.0066404	D>N:24,K>N:8,K>E:4,K>T:4,N>D:4,K>Q:3,D>S:3,N>K:2,D>E:2,D>K:2,P>T:1,K>S:1,N>S:1,D>P:1,E>T:1,H>P:1,N>H:1,N>M:1,K>D:1,P>K:1	K:105,D:60,N:49,P:14,T:10,S:7,E:7,Q:3,-:3,H:1,M:1
442	F	P	3	0	1.537e-03	0.0066404	F>Y:16,F>H:16,F>S:8,Y>H:5,Q>R:3,F>Q:3,F>T:3,F>P:3,Y>F:2,H>Y:1,S>P:1	F:182,Y:24,H:24,S:10,Q:8,P:5,T:4,R:3
32	S	G	2	0	1.537e-03	0.0066404	N>S:27,N>K:16,N>T:15,K>N:7,N>H:4,S>G:2,N>D:2,K>T:2,T>P:2,T>N:2,N>G:2,N>Q:1,T>I:1	N:123,T:46,S:34,K:32,-:8,H:5,G:4,Q:3,P:2,D:2,I:1
615	Y	Q	3	0	1.567e-03	0.0067530	H>Y:13,Y>H:13,H>Q:7,H>R:3,H>T:3,Y>Q:3,Q>P:2,H>L:2,Y>L:2,T>S:2,H>K:1,Y>F:1,T>N:1,T>I:1	Y:82,H:50,-:50,Q:35,T:16,L:9,K:4,P:3,R:3,F:2,S:2,N:2,I:1,V:1
518	T	M	6	0	1.597e-03	0.0068651	T>A:16,T>S:13,T>M:6,T>I:6,T>N:3,T>L:2,A>T:2,N>S:1,M>L:1,T>K:1,T>H:1,A>S:1,N>T:1	T:171,A:31,N:17,S:16,M:11,I:7,L:3,H:1,K:1,-:1,Q:1
276	S	N	9	27	1.627e-03	0.0069765	N>S:27,T>A:17,T>S:12,S>N:9,N>H:6,T>E:3,N>D:3,S>T:2,S>A:2,A>T:1,N>T:1,N>Y:1,H>N:1,H>Y:1,H>Q:1,C>H:1,C>D:1,S>C:1,S>H:1	S:72,T:64,N:56,A:33,H:15,C:7,E:4,Y:4,D:4,Q:1
84	F	L	22	15	1.658e-03	0.0070511	F>L:22,L>F:15,L>I:1	L:192,F:67,I:1
137	I	T	19	0	1.658e-03	0.0070511	I>V:21,I>T:19,I>L:11,V>I:10,V>A:5,I>A:3,V>L:3,I>M:1,L>I:1,I>S:1	I:158,V:35,T:31,L:24,A:10,S:1,M:1
547	F	S	4	0	1.658e-03	0.0070511	F>L:24,L>F:14,L>P:11,L>S:8,L>I:5,I>T:5,F>I:4,F>S:4,L>T:3,S>P:3,P>L:3,F>P:3,L>V:1,T>A:1,L>H:1,F>H:1,F>Y:1,F>M:1	L:128,F:60,P:25,S:16,I:13,T:12,H:2,V:1,Y:1,M:1,A:1
49	L	I	5	0	1.688e-03	0.0071426	L>F:16,L>M:14,L>I:5,F>L:4,L>T:1,L>V:1,M>I:1,M>T:1,I>M:1,I>F:1,I>A:1	L:195,F:32,M:19,I:10,T:2,V:1,A:1
31	N	K	2	8	1.688e-03	0.0071426	D>N:24,K>N:8,K>E:4,K>T:4,N>D:4,K>Q:3,D>S:3,N>K:2,D>E:2,D>K:2,P>T:1,K>S:1,N>S:1,D>P:1,E>T:1,H>P:1,N>H:1,N>M:1,K>D:1,P>K:1	K:105,D:60,N:49,P:14,T:10,S:7,E:7,Q:3,-:3,H:1,M:1
406	S	N	23	20	1.718e-03	0.0071606	S>N:23,N>S:20,S>C:6,S>T:1,S>A:1,N>K:1,N>G:1,N>T:1,N>Y:1	S:161,N:79,C:13,A:2,T:2,K:1,Y:1,G:1
455	N	D	19	1	1.718e-03	0.0071606	N>D:19,N>S:5,N>H:3,N>T:3,S>N:2,S>M:2,S>T:2,T>A:2,S>H:1,D>N:1,N>Q:1	N:198,D:25,T:14,S:13,H:4,A:3,M:2,Q:1
425	S	A	18	0	1.718e-03	0.0071606	S>A:18,S>T:11,T>A:3,S>M:2,T>M:1,A>M:1,A>T:1,S>L:1	S:204,A:28,T:23,M:4,L:1
418	L	T	5	0	1.718e-03	0.0071606	L>I:9,V>L:9,V>I:8,I>V:7,I>L:7,L>S:6,L>T:5,V>T:5,L>V:4,L>F:3,I>T:2,S>T:1,L>M:1,V>A:1,L>A:1	L:176,V:25,I:23,T:19,S:9,F:4,A:3,M:1
11	L	F	4	18	1.718e-03	0.0071606	F>L:18,F>S:15,S>L:13,S>F:12,S>T:9,L>F:4,S>C:4,L>S:2,L>M:1,T>M:1,F>T:1,F>A:1,S>M:1	S:108,F:79,L:54,T:10,M:4,C:4,A:1
210	T	P	2	0	1.718e-03	0.0071606	S>T:11,N>D:7,S>H:6,T>A:5,T>S:5,N>T:4,N>S:4,H>Q:4,T>N:4,T>V:3,S>P:3,S>N:3,D>N:3,N>G:2,H>N:2,T>P:2,T>H:2,S>A:2,G>A:1,N>V:1,H>D:1,H>C:1,N>H:1,T>Q:1,T>L:1,T>G:1,T>M:1,S>L:1,S>Y:1,S>D:1,S>Q:1,A>D:1,A>T:1,N>E:1,T>D:1,N>Y:1,N>C:1	T:89,S:55,N:37,D:22,H:19,A:10,Q:6,P:5,V:4,G:3,-:2,L:2,Y:2,C:2,M:1,E:1
31	D	E	2	0	1.748e-03	0.0072498	D>N:24,K>N:8,K>E:4,K>T:4,N>D:4,K>Q:3,D>S:3,N>K:2,D>E:2,D>K:2,P>T:1,K>S:1,N>S:1,D>P:1,E>T:1,H>P:1,N>H:1,N>M:1,K>D:1,P>K:1	K:105,D:60,N:49,P:14,T:10,S:7,E:7,Q:3,-:3,H:1,M:1
205	P	H	2	0	1.748e-03	0.0072498	A>T:19,T>A:16,P>L:4,T>M:4,T>I:3,T>S:3,A>I:3,A>P:3,A>S:3,L>I:3,L>F:3,I>A:3,I>L:3,I>V:3,T>P:2,T>N:2,S>P:2,I>M:2,P>H:2,T>V:1,A>L:1,C>H:1,A>C:1,L>M:1,V>A:1,H>Y:1,H>Q:1,P>T:1,L>P:1,L>S:1	L:72,A:51,I:40,T:38,P:17,M:14,S:7,V:5,H:4,F:3,-:3,N:2,Y:2,C:1,Q:1
613	S	A	4	0	1.808e-03	0.0074439	S>L:16,S>T:11,L>M:4,M>T:4,S>A:4,S>F:4,T>A:3,L>S:2,T>M:1,V>T:1,L>V:1,M>L:1,M>I:1,S>M:1,S>Y:1,F>Y:1	S:170,L:41,T:24,M:9,A:8,F:4,Y:2,V:1,I:1
442	F	T	3	0	1.808e-03	0.0074439	F>Y:16,F>H:16,F>S:8,Y>H:5,Q>R:3,F>Q:3,F>T:3,F>P:3,Y>F:2,H>Y:1,S>P:1	F:182,Y:24,H:24,S:10,Q:8,P:5,T:4,R:3
588	A	I	3	0	1.808e-03	0.0074439	S>T:11,A>T:7,A>S:7,A>M:4,S>Y:3,A>I:3,A>L:3,T>A:2,S>L:2,T>S:2,A>F:2,C>L:1,Y>C:1,T>I:1,T>V:1,S>A:1,S>M:1,F>L:1,S>F:1,M>L:1,I>S:1,A>V:1,T>L:1	S:125,A:80,T:21,L:11,M:8,I:5,Y:4,F:3,V:2,C:1
601	G	S	13	0	1.838e-03	0.0075121	G>S:13,G>A:3,G>E:2,G>T:2,G>M:1	G:223,S:21,A:6,E:5,T:3,M:1,K:1
524	K	N	2	0	1.838e-03	0.0075121	Q>H:10,Q>K:8,L>M:5,H>Y:3,Q>R:3,K>T:3,L>S:3,M>K:3,P>S:2,P>H:2,H>P:2,Q>L:2,Q>P:2,L>R:2,M>R:2,S>R:2,K>M:2,K>N:2,P>L:1,Y>H:1,S>Y:1,S>L:1,S>A:1,S>P:1,P>A:1,H>N:1,P>T:1,H>R:1,Q>S:1,Q>T:1,L>K:1,L>W:1,L>I:1,M>Y:1,L>P:1,S>M:1,L>Y:1,M>L:1,K>I:1,K>L:1,K>P:1,P>Q:1	L:87,Q:43,H:34,K:25,P:17,M:13,R:10,S:9,Y:7,T:5,N:3,-:2,I:2,A:2,W:1
615	T	S	2	0	1.838e-03	0.0075121	H>Y:13,Y>H:13,H>Q:7,H>R:3,H>T:3,Y>Q:3,Q>P:2,H>L:2,Y>L:2,T>S:2,H>K:1,Y>F:1,T>N:1,T>I:1	Y:82,H:50,-:50,Q:35,T:16,L:9,K:4,P:3,R:3,F:2,S:2,N:2,I:1,V:1
445	T	L	2	0	1.869e-03	0.0076165	T>M:16,T>I:13,M>T:9,M>I:7,I>T:4,T>S:4,I>V:3,T>L:2,L>S:2,L>M:2,M>S:1,T>V:1,M>L:1	I:157,T:56,M:30,S:7,V:5,L:5
210	T	S	5	11	1.899e-03	0.0077204	S>T:11,N>D:7,S>H:6,T>A:5,T>S:5,N>T:4,N>S:4,H>Q:4,T>N:4,T>V:3,S>P:3,S>N:3,D>N:3,N>G:2,H>N:2,T>P:2,T>H:2,S>A:2,G>A:1,N>V:1,H>D:1,H>C:1,N>H:1,T>Q:1,T>L:1,T>G:1,T>M:1,S>L:1,S>Y:1,S>D:1,S>Q:1,A>D:1,A>T:1,N>E:1,T>D:1,N>Y:1,N>C:1	T:89,S:55,N:37,D:22,H:19,A:10,Q:6,P:5,V:4,G:3,-:2,L:2,Y:2,C:2,M:1,E:1
28	L	P	6	1	1.929e-03	0.0078237	L>M:13,L>F:9,L>P:6,L>I:6,P>L:1,I>T:1,L>T:1,L>S:1	L:203,M:18,P:14,F:12,I:6,-:4,T:2,S:1
598	A	S	9	0	1.959e-03	0.0079266	T>A:22,A>S:9,A>T:5,T>S:2,A>P:2,T>M:2,S>P:1	A:130,T:109,S:14,P:4,M:2,X:1
163	Q	H	12	5	1.989e-03	0.0080095	H>Y:13,Q>H:12,H>Q:5,H>F:1	H:165,Q:78,Y:14,F:2,S:1
53	V	L	6	0	1.989e-03	0.0080095	V>I:23,I>V:22,V>M:7,V>L:6,V>A:5,I>L:4,M>A:3,V>T:2,I>A:2,I>T:1,A>L:1,A>I:1,M>L:1,I>M:1	I:134,V:79,A:18,L:14,M:11,T:4
199	T	S	19	4	2.049e-03	0.0082123	T>S:19,S>T:4,T>P:1	T:222,S:37,P:1
571	M	A	2	0	2.049e-03	0.0082123	M>L:17,M>T:6,M>K:3,M>A:2,M>I:2,K>M:2,K>T:1,L>K:1,L>I:1,M>V:1,T>V:1	K:150,M:53,L:39,T:7,I:6,A:3,V:2
447	T	S	4	0	2.110e-03	0.0083930	T>P:17,P>S:10,P>T:7,T>A:4,T>S:4,P>V:3,S>P:3,T>V:1,P>A:1	P:164,T:65,S:22,A:5,V:4
205	I	A	3	3	2.110e-03	0.0083930	A>T:19,T>A:16,P>L:4,T>M:4,T>I:3,T>S:3,A>I:3,A>P:3,A>S:3,L>I:3,L>F:3,I>A:3,I>L:3,I>V:3,T>P:2,T>N:2,S>P:2,I>M:2,P>H:2,T>V:1,A>L:1,C>H:1,A>C:1,L>M:1,V>A:1,H>Y:1,H>Q:1,P>T:1,L>P:1,L>S:1	L:72,A:51,I:40,T:38,P:17,M:14,S:7,V:5,H:4,F:3,-:3,N:2,Y:2,C:1,Q:1
441	K	E	2	0	2.110e-03	0.0083930	G>N:5,G>K:2,K>E:2,G>A:1,S>N:1,G>S:1	G:240,N:9,K:6,E:3,S:1,A:1
588	A	S	7	1	2.140e-03	0.0084521	S>T:11,A>T:7,A>S:7,A>M:4,S>Y:3,A>I:3,A>L:3,T>A:2,S>L:2,T>S:2,A>F:2,C>L:1,Y>C:1,T>I:1,T>V:1,S>A:1,S>M:1,F>L:1,S>F:1,M>L:1,I>S:1,A>V:1,T>L:1	S:125,A:80,T:21,L:11,M:8,I:5,Y:4,F:3,V:2,C:1
432	L	T	5	0	2.140e-03	0.0084521	L>I:9,I>T:8,L>M:7,I>L:7,I>M:6,L>T:5,M>T:4,M>I:1,L>F:1,I>V:1,T>M:1	L:140,I:83,T:19,M:16,F:1,V:1
459	L	I	2	1	2.140e-03	0.0084521	T>I:26,I>T:12,T>M:7,T>L:4,T>S:2,L>I:2,S>Y:1,S>L:1,I>L:1,T>V:1,I>M:1,I>V:1,L>T:1,M>L:1	T:137,I:61,L:42,M:8,S:7,V:3,Y:2
544	T	M	24	2	2.170e-03	0.0085508	T>M:24,T>A:17,T>I:12,V>T:8,V>I:6,V>M:6,V>A:4,I>V:4,M>V:3,I>M:3,T>L:2,T>V:2,T>S:2,M>T:2,I>T:2,L>F:1,I>L:1,S>T:1,S>L:1,S>A:1,M>A:1,I>A:1	T:114,M:41,V:34,I:29,A:25,S:8,L:7,F:1,H:1
503	I	T	18	2	2.230e-03	0.0087468	I>T:18,A>I:10,I>V:9,V>I:8,I>A:7,A>V:7,T>A:6,I>L:6,V>L:6,I>M:4,V>A:4,I>F:2,T>I:2,T>L:2,T>S:1,A>T:1,M>A:1,T>M:1,L>S:1,A>L:1	I:89,A:77,V:30,T:27,L:20,M:13,S:2,F:2
113	A	H	2	0	2.230e-03	0.0087468	A>S:16,A>T:7,A>E:3,A>N:2,A>H:2,A>Q:1,A>I:1,S>N:1	A:224,S:17,T:7,E:4,N:3,H:3,I:1,Q:1
507	I	M	7	0	2.260e-03	0.0088233	A>V:10,I>L:10,V>I:10,V>A:10,A>I:9,I>M:7,I>A:5,L>F:3,I>V:3,A>T:3,V>M:3,I>T:2,M>L:2,L>M:1,M>V:1,A>F:1,V>Y:1,A>M:1,V>T:1,I>S:1,L>I:1	I:118,A:74,L:25,V:17,M:14,T:6,F:4,S:1,Y:1
92	T	M	4	21	2.260e-03	0.0088233	M>T:21,M>L:5,M>V:4,T>M:4,L>M:3,L>T:1,T>V:1,M>I:1	T:141,M:92,L:20,V:5,I:1,F:1
503	V	L	6	0	2.290e-03	0.0089199	I>T:18,A>I:10,I>V:9,V>I:8,I>A:7,A>V:7,T>A:6,I>L:6,V>L:6,I>M:4,V>A:4,I>F:2,T>I:2,T>L:2,T>S:1,A>T:1,M>A:1,T>M:1,L>S:1,A>L:1	I:89,A:77,V:30,T:27,L:20,M:13,S:2,F:2
514	N	T	8	1	2.321e-03	0.0089741	N>S:14,N>T:8,K>N:4,K>S:3,N>K:2,K>T:2,N>D:1,N>H:1,T>S:1,T>N:1,T>A:1	K:125,N:87,T:25,S:20,D:1,H:1,A:1
143	L	V	4	2	2.321e-03	0.0089741	V>I:17,L>M:4,L>V:4,M>L:3,I>V:2,L>I:2,V>L:2,M>I:1	L:159,V:63,I:24,M:13,Q:1
210	T	V	3	0	2.321e-03	0.0089741	S>T:11,N>D:7,S>H:6,T>A:5,T>S:5,N>T:4,N>S:4,H>Q:4,T>N:4,T>V:3,S>P:3,S>N:3,D>N:3,N>G:2,H>N:2,T>P:2,T>H:2,S>A:2,G>A:1,N>V:1,H>D:1,H>C:1,N>H:1,T>Q:1,T>L:1,T>G:1,T>M:1,S>L:1,S>Y:1,S>D:1,S>Q:1,A>D:1,A>T:1,N>E:1,T>D:1,N>Y:1,N>C:1	T:89,S:55,N:37,D:22,H:19,A:10,Q:6,P:5,V:4,G:3,-:2,L:2,Y:2,C:2,M:1,E:1
418	L	S	6	0	2.351e-03	0.0090067	L>I:9,V>L:9,V>I:8,I>V:7,I>L:7,L>S:6,L>T:5,V>T:5,L>V:4,L>F:3,I>T:2,S>T:1,L>M:1,V>A:1,L>A:1	L:176,V:25,I:23,T:19,S:9,F:4,A:3,M:1
206	S	Q	4	0	2.351e-03	0.0090067	S>T:17,S>P:13,F>L:9,S>L:5,P>S:5,S>Q:4,I>T:4,L>P:4,F>S:4,L>I:3,F>T:3,S>A:3,L>V:2,L>T:2,F>H:2,S>C:2,S>Y:2,V>T:1,L>S:1,L>F:1,T>I:1,F>I:1,L>A:1,S>N:1,S>H:1,S>V:1,T>V:1,S>G:1,S>I:1,S>W:1,S>F:1	S:78,F:37,T:32,P:32,L:31,V:13,I:12,Q:6,-:5,A:4,H:3,C:2,Y:2,N:1,G:1,W:1
71	E	D	2	0	2.351e-03	0.0090067	E>Q:7,E>D:2,E>K:2,Y>H:1,Y>N:1,E>N:1,E>A:1,Y>E:1	E:231,Y:12,Q:9,K:2,D:2,N:2,H:1,A:1
445	L	S	2	0	2.351e-03	0.0090067	T>M:16,T>I:13,M>T:9,M>I:7,I>T:4,T>S:4,I>V:3,T>L:2,L>S:2,L>M:2,M>S:1,T>V:1,M>L:1	I:157,T:56,M:30,S:7,V:5,L:5
50	T	I	17	10	2.381e-03	0.0090594	T>I:17,I>T:10,I>V:10,T>V:6,I>L:4,I>M:4,T>L:3,T>A:3,T>M:2,T>S:1,V>A:1,A>I:1,A>T:1	I:156,T:64,V:16,L:11,M:6,A:6,S:1
471	T	V	5	0	2.381e-03	0.0090594	M>T:30,M>L:13,T>M:12,T>V:5,M>A:4,M>I:3,M>V:3,T>I:2,L>T:2,L>F:1,T>A:1,T>L:1	T:117,M:73,L:49,V:8,I:6,A:6,F:1
524	H	P	2	2	2.381e-03	0.0090594	Q>H:10,Q>K:8,L>M:5,H>Y:3,Q>R:3,K>T:3,L>S:3,M>K:3,P>S:2,P>H:2,H>P:2,Q>L:2,Q>P:2,L>R:2,M>R:2,S>R:2,K>M:2,K>N:2,P>L:1,Y>H:1,S>Y:1,S>L:1,S>A:1,S>P:1,P>A:1,H>N:1,P>T:1,H>R:1,Q>S:1,Q>T:1,L>K:1,L>W:1,L>I:1,M>Y:1,L>P:1,S>M:1,L>Y:1,M>L:1,K>I:1,K>L:1,K>P:1,P>Q:1	L:87,Q:43,H:34,K:25,P:17,M:13,R:10,S:9,Y:7,T:5,N:3,-:2,I:2,A:2,W:1
608	L	F	21	4	2.411e-03	0.0091113	L>I:22,L>F:21,L>M:7,F>L:4,L>T:1,I>L:1,F>I:1	L:193,F:31,I:25,M:9,T:2
432	I	M	6	1	2.411e-03	0.0091113	L>I:9,I>T:8,L>M:7,I>L:7,I>M:6,L>T:5,M>T:4,M>I:1,L>F:1,I>V:1,T>M:1	L:140,I:83,T:19,M:16,F:1,V:1
492	L	I	2	0	2.411e-03	0.0091113	T>L:12,L>T:11,T>M:8,L>P:6,T>I:5,L>F:3,T>P:3,L>M:3,T>F:2,T>A:2,T>S:2,L>I:2,M>L:1,T>Q:1,L>V:1,M>T:1	L:128,T:89,M:14,P:10,I:7,F:6,S:2,A:2,V:1,Q:1
507	A	T	3	0	2.441e-03	0.0092043	A>V:10,I>L:10,V>I:10,V>A:10,A>I:9,I>M:7,I>A:5,L>F:3,I>V:3,A>T:3,V>M:3,I>T:2,M>L:2,L>M:1,M>V:1,A>F:1,V>Y:1,A>M:1,V>T:1,I>S:1,L>I:1	I:118,A:74,L:25,V:17,M:14,T:6,F:4,S:1,Y:1
127	L	F	8	20	2.471e-03	0.0092548	F>L:20,M>T:16,M>L:9,I>T:8,L>F:8,M>I:7,F>I:4,T>I:3,I>V:2,I>L:2,T>A:1,L>I:1,F>V:1,I>M:1	L:62,F:58,M:57,T:49,I:30,V:3,A:1
402	L	S	6	0	2.471e-03	0.0092548	L>P:8,L>S:6,L>I:2,L>V:1,S>P:1,I>V:1,I>T:1,Q>R:1,Q>L:1,L>Q:1,A>V:1,L>A:1,L>T:1	L:126,Q:103,P:10,S:6,A:6,T:4,V:3,I:1,R:1
207	S	Y	2	0	2.471e-03	0.0092548	S>P:17,S>T:16,S>F:4,Y>H:3,S>H:3,T>S:3,H>S:2,T>L:2,T>A:2,S>Y:2,S>L:2,Y>N:1,Y>T:1,H>Y:1,H>L:1,H>N:1,H>Q:1,S>Q:1,S>E:1,S>A:1,T>M:1	S:142,T:40,P:18,H:16,Y:14,L:7,-:5,F:5,N:4,Q:4,A:3,M:1,E:1
59	M	L	9	0	2.501e-03	0.0092631	M>I:15,I>L:11,M>L:9,I>M:7,M>T:3,I>A:3,I>V:3,I>T:2,M>F:1,I>S:1,M>V:1,M>A:1,T>I:1	I:138,M:78,L:27,T:7,V:4,A:4,F:1,S:1
547	I	T	5	0	2.501e-03	0.0092631	F>L:24,L>F:14,L>P:11,L>S:8,L>I:5,I>T:5,F>I:4,F>S:4,L>T:3,S>P:3,P>L:3,F>P:3,L>V:1,T>A:1,L>H:1,F>H:1,F>Y:1,F>M:1	L:128,F:60,P:25,S:16,I:13,T:12,H:2,V:1,Y:1,M:1,A:1
4	P	T	2	8	2.501e-03	0.0092631	T>A:10,T>I:8,T>P:8,T>M:6,L>Q:5,T>L:4,Q>L:4,P>T:2,T>S:2,L>F:2,L>M:2,L>A:2,L>H:2,T>Y:1,P>H:1,Q>T:1,L>V:1	L:103,T:71,Q:28,P:18,A:12,M:10,I:9,H:3,F:2,S:2,V:1,Y:1
471	L	T	2	1	2.501e-03	0.0092631	M>T:30,M>L:13,T>M:12,T>V:5,M>A:4,M>I:3,M>V:3,T>I:2,L>T:2,L>F:1,T>A:1,T>L:1	T:117,M:73,L:49,V:8,I:6,A:6,F:1
555	G	N	2	1	2.501e-03	0.0092631	N>S:16,N>T:7,G>A:6,N>K:4,G>S:4,T>S:3,S>T:3,T>A:2,T>I:2,S>N:2,N>H:2,G>M:2,G>N:2,K>N:1,S>K:1,T>Y:1,N>A:1,G>K:1,G>R:1,G>W:1,N>G:1	G:95,S:53,N:48,T:24,K:17,A:10,H:5,I:3,M:2,Y:1,W:1,R:1
414	T	S	18	0	2.532e-03	0.0093331	T>A:31,T>S:18,A>S:1,S>A:1	T:178,A:49,S:33
42	R	Q	3	1	2.532e-03	0.0093331	N>S:24,R>H:10,N>K:6,H>Y:5,R>L:4,R>N:4,S>T:3,R>K:3,R>Q:3,Q>K:3,Q>H:2,H>Q:2,R>Y:2,L>T:2,N>R:2,T>A:1,S>F:1,Q>T:1,H>R:1,H>T:1,L>Q:1,Q>N:1,H>N:1,H>L:1,Q>R:1,Q>L:1,Q>W:1,S>R:1	N:83,R:57,S:37,H:20,K:19,Q:15,L:10,T:9,Y:7,F:1,A:1,W:1
7	I	T	5	0	2.562e-03	0.0094232	V>I:16,V>T:9,I>T:5,L>I:3,L>M:2,V>A:2,L>F:1,L>P:1,I>L:1,I>M:1,I>V:1	L:118,V:72,I:46,T:14,M:3,A:3,-:2,P:1,F:1
77	N	T	8	0	2.622e-03	0.0095602	N>T:8,N>S:3,N>G:3,N>D:2,N>H:1	N:235,T:14,G:4,S:3,D:2,H:2
67	I	T	6	35	2.622e-03	0.0095602	T>I:35,T>V:7,T>S:6,I>T:6,I>V:5,T>A:4,T>Y:1,I>S:1,I>L:1,T>N:1	T:162,I:61,V:16,S:10,L:5,A:4,Y:1,N:1
481	I	L	4	7	2.622e-03	0.0095602	L>P:17,T>P:10,T>L:8,L>I:7,T>I:6,P>L:5,I>T:5,I>L:4,P>T:3,L>V:3,I>V:2,L>T:2,L>M:1,P>I:1,T>V:1	L:93,T:64,P:52,I:42,V:6,M:3
492	L	F	3	0	2.622e-03	0.0095602	T>L:12,L>T:11,T>M:8,L>P:6,T>I:5,L>F:3,T>P:3,L>M:3,T>F:2,T>A:2,T>S:2,L>I:2,M>L:1,T>Q:1,L>V:1,M>T:1	L:128,T:89,M:14,P:10,I:7,F:6,S:2,A:2,V:1,Q:1
58	Y	F	11	5	2.652e-03	0.0096067	Y>H:16,Y>F:11,F>Y:5,F>L:2,Y>L:2,H>Y:2,H>F:1,F>M:1,F>S:1	F:152,Y:62,H:39,L:5,M:1,S:1
25	L	F	6	2	2.652e-03	0.0096067	L>I:10,I>L:7,L>F:6,I>V:4,I>T:3,I>M:2,L>V:2,F>L:2,M>I:1,L>T:1,I>F:1,I>A:1,L>M:1	L:120,I:111,F:12,V:7,T:5,M:4,A:1
205	L	F	3	0	2.652e-03	0.0096067	A>T:19,T>A:16,P>L:4,T>M:4,T>I:3,T>S:3,A>I:3,A>P:3,A>S:3,L>I:3,L>F:3,I>A:3,I>L:3,I>V:3,T>P:2,T>N:2,S>P:2,I>M:2,P>H:2,T>V:1,A>L:1,C>H:1,A>C:1,L>M:1,V>A:1,H>Y:1,H>Q:1,P>T:1,L>P:1,L>S:1	L:72,A:51,I:40,T:38,P:17,M:14,S:7,V:5,H:4,F:3,-:3,N:2,Y:2,C:1,Q:1
279	P	H	2	0	2.743e-03	0.0098910	Q>P:12,P>Q:4,K>N:3,Q>H:3,Q>K:2,P>H:2,Q>E:2,P>A:1,Q>S:1,K>Q:1,N>T:1,Q>N:1	Q:167,P:60,K:17,H:5,E:4,N:4,T:1,S:1,A:1
209	H	N	2	0	2.743e-03	0.0098910	P>T:19,P>S:18,P>Q:11,P>H:6,T>S:4,S>T:3,P>L:3,P>N:3,S>N:2,P>A:2,H>N:2,N>C:1,E>N:1,E>D:1,S>P:1,T>V:1,T>A:1,Q>Y:1,T>P:1,P>I:1,Q>K:1,P>K:1,E>P:1	P:144,T:33,S:21,Q:18,N:13,H:9,E:8,L:3,A:3,K:2,V:1,D:1,Y:1,C:1,I:1,-:1
5	P	Q	2	0	2.773e-03	0.0099780	T>A:19,P>S:16,S>P:11,T>P:7,T>S:6,S>L:6,P>L:3,T>V:2,A>T:2,P>Q:2,S>A:2,S>T:2,S>M:2,T>L:1,T>I:1,T>M:1,A>I:1,L>M:1,L>S:1,P>T:1,S>Y:1	T:74,S:66,P:58,A:33,L:12,M:8,I:2,Q:2,-:2,V:2,Y:1
414	T	A	31	0	2.803e-03	0.0100212	T>A:31,T>S:18,A>S:1,S>A:1	T:178,A:49,S:33
7	V	I	16	1	2.803e-03	0.0100212	V>I:16,V>T:9,I>T:5,L>I:3,L>M:2,V>A:2,L>F:1,L>P:1,I>L:1,I>M:1,I>V:1	L:118,V:72,I:46,T:14,M:3,A:3,-:2,P:1,F:1
550	T	K	5	1	2.803e-03	0.0100212	T>M:22,T>S:14,T>A:12,T>L:6,T>K:5,M>L:3,M>T:3,T>I:3,M>A:1,S>Y:1,T>E:1,A>S:1,T>H:1,K>T:1,T>N:1	T:155,M:32,K:18,S:18,L:17,A:13,I:3,H:1,Y:1,N:1,E:1
206	S	L	5	1	2.863e-03	0.0102147	S>T:17,S>P:13,F>L:9,S>L:5,P>S:5,S>Q:4,I>T:4,L>P:4,F>S:4,L>I:3,F>T:3,S>A:3,L>V:2,L>T:2,F>H:2,S>C:2,S>Y:2,V>T:1,L>S:1,L>F:1,T>I:1,F>I:1,L>A:1,S>N:1,S>H:1,S>V:1,T>V:1,S>G:1,S>I:1,S>W:1,S>F:1	S:78,F:37,T:32,P:32,L:31,V:13,I:12,Q:6,-:5,A:4,H:3,C:2,Y:2,N:1,G:1,W:1
206	S	T	17	0	2.893e-03	0.0103001	S>T:17,S>P:13,F>L:9,S>L:5,P>S:5,S>Q:4,I>T:4,L>P:4,F>S:4,L>I:3,F>T:3,S>A:3,L>V:2,L>T:2,F>H:2,S>C:2,S>Y:2,V>T:1,L>S:1,L>F:1,T>I:1,F>I:1,L>A:1,S>N:1,S>H:1,S>V:1,T>V:1,S>G:1,S>I:1,S>W:1,S>F:1	S:78,F:37,T:32,P:32,L:31,V:13,I:12,Q:6,-:5,A:4,H:3,C:2,Y:2,N:1,G:1,W:1
607	I	T	17	0	2.923e-03	0.0103851	I>T:17,I>A:4,I>L:2,I>M:2	I:229,T:22,A:4,M:3,L:2
445	M	T	9	16	2.984e-03	0.0105766	T>M:16,T>I:13,M>T:9,M>I:7,I>T:4,T>S:4,I>V:3,T>L:2,L>S:2,L>M:2,M>S:1,T>V:1,M>L:1	I:157,T:56,M:30,S:7,V:5,L:5
554	S	T	7	0	3.014e-03	0.0106154	N>S:17,S>N:11,S>T:7,S>G:7,N>H:6,N>D:4,N>Y:4,N>T:4,S>K:4,G>S:4,N>K:3,T>A:3,S>A:2,N>E:1,H>Y:1,H>L:1,Y>L:1,S>F:1,N>G:1,T>D:1,T>N:1,K>T:1,G>A:1,N>L:1,N>I:1,S>Y:1	N:97,S:62,T:22,G:20,K:15,H:12,E:8,A:6,Y:6,D:5,L:4,F:1,I:1,Q:1
481	I	T	5	6	3.014e-03	0.0106154	L>P:17,T>P:10,T>L:8,L>I:7,T>I:6,P>L:5,I>T:5,I>L:4,P>T:3,L>V:3,I>V:2,L>T:2,L>M:1,P>I:1,T>V:1	L:93,T:64,P:52,I:42,V:6,M:3
513	A	M	3	2	3.014e-03	0.0106154	S>T:8,S>A:5,S>L:4,A>M:3,M>A:2,L>A:1,A>T:1,M>T:1,T>M:1,T>A:1,T>V:1	S:217,T:14,L:12,A:10,M:5,V:1,I:1
204	Q	L	4	0	3.074e-03	0.0108048	Q>H:4,Q>L:4,Q>P:3,P>L:1,Q>T:1,H>Y:1	Q:237,L:8,H:4,-:4,P:4,T:2,Y:1
50	I	L	4	0	3.104e-03	0.0108647	T>I:17,I>T:10,I>V:10,T>V:6,I>L:4,I>M:4,T>L:3,T>A:3,T>M:2,T>S:1,V>A:1,A>I:1,A>T:1	I:156,T:64,V:16,L:11,M:6,A:6,S:1
134	I	L	4	0	3.104e-03	0.0108647	T>I:12,I>T:8,T>L:4,I>L:4,T>M:3,T>A:2,M>T:2,I>V:2,T>V:1,M>I:1,M>L:1,I>M:1,T>S:1	I:126,T:104,L:18,M:6,V:3,A:2,S:1
493	Y	H	2	0	3.134e-03	0.0109470	S>Y:14,L>I:13,I>T:7,L>T:6,Y>S:6,L>S:5,I>V:4,I>L:4,L>P:4,S>T:4,S>P:4,S>Q:3,L>H:2,Y>H:2,S>F:2,V>I:2,Y>L:1,L>Y:1,L>A:1,L>F:1,T>S:1,L>M:1,S>H:1,F>L:1,F>Y:1,S>L:1,V>A:1,V>T:1,L>V:1	S:79,L:48,I:44,Y:34,T:19,P:12,H:8,V:7,F:3,Q:3,A:2,M:1
207	T	A	2	0	3.164e-03	0.0110291	S>P:17,S>T:16,S>F:4,Y>H:3,S>H:3,T>S:3,H>S:2,T>L:2,T>A:2,S>Y:2,S>L:2,Y>N:1,Y>T:1,H>Y:1,H>L:1,H>N:1,H>Q:1,S>Q:1,S>E:1,S>A:1,T>M:1	S:142,T:40,P:18,H:16,Y:14,L:7,-:5,F:5,N:4,Q:4,A:3,M:1,E:1
551	N	Y	3	0	3.195e-03	0.0111108	N>K:23,N>T:13,N>S:11,N>G:6,N>A:6,N>I:5,N>H:4,K>N:4,K>S:3,T>A:3,N>Y:3,K>Q:2,S>T:2,H>Y:2,M>T:1,K>M:1,N>D:1,S>G:1,N>E:1,T>I:1,T>M:1,S>L:1,G>S:1,T>N:1,N>Q:1,S>A:1,G>A:1	N:99,K:63,T:28,S:17,I:13,A:12,G:8,Y:5,H:5,Q:4,M:2,D:1,E:1,L:1,-:1
475	L	I	13	0	3.225e-03	0.0111921	L>I:13,L>F:9,L>V:2,L>A:1	L:221,I:26,F:9,V:2,A:1,M:1
549	T	S	7	10	3.255e-03	0.0112497	S>P:13,S>T:10,T>V:8,T>M:7,T>S:7,T>A:4,P>S:2,T>I:2,M>S:2,S>A:1,V>A:1,M>V:1,M>T:1,V>I:1	S:95,T:80,M:33,P:31,V:11,A:6,I:3,X:1
455	N	T	3	0	3.255e-03	0.0112497	N>D:19,N>S:5,N>H:3,N>T:3,S>N:2,S>M:2,S>T:2,T>A:2,S>H:1,D>N:1,N>Q:1	N:198,D:25,T:14,S:13,H:4,A:3,M:2,Q:1
503	I	A	7	10	3.315e-03	0.0114342	I>T:18,A>I:10,I>V:9,V>I:8,I>A:7,A>V:7,T>A:6,I>L:6,V>L:6,I>M:4,V>A:4,I>F:2,T>I:2,T>L:2,T>S:1,A>T:1,M>A:1,T>M:1,L>S:1,A>L:1	I:89,A:77,V:30,T:27,L:20,M:13,S:2,F:2
196	S	H	2	0	3.345e-03	0.0115142	T>S:22,T>A:18,S>T:3,S>H:2,T>N:2,T>Y:2,T>I:1,T>V:1,Y>H:1,S>Y:1,T>M:1,A>T:1,S>L:1	T:186,S:37,A:22,Y:5,H:3,N:3,M:1,L:1,V:1,I:1
373	M	T	23	7	3.375e-03	0.0115223	M>T:23,M>L:10,T>M:7,T>A:3,M>V:3,T>I:2,M>I:2,L>S:2,I>A:1,T>S:1,T>P:1,M>P:1	M:157,T:55,L:29,I:5,A:5,S:4,V:3,P:2
206	P	S	5	13	3.375e-03	0.0115223	S>T:17,S>P:13,F>L:9,S>L:5,P>S:5,S>Q:4,I>T:4,L>P:4,F>S:4,L>I:3,F>T:3,S>A:3,L>V:2,L>T:2,F>H:2,S>C:2,S>Y:2,V>T:1,L>S:1,L>F:1,T>I:1,F>I:1,L>A:1,S>N:1,S>H:1,S>V:1,T>V:1,S>G:1,S>I:1,S>W:1,S>F:1	S:78,F:37,T:32,P:32,L:31,V:13,I:12,Q:6,-:5,A:4,H:3,C:2,Y:2,N:1,G:1,W:1
117	F	L	3	0	3.375e-03	0.0115223	Y>H:39,H>Y:15,Y>F:5,F>L:3,H>F:3,S>L:2,H>L:2,H>N:2,H>S:1,Y>L:1,N>S:1,Q>Y:1,H>Q:1	Y:128,H:94,F:14,L:9,Q:7,S:4,N:3,K:1
492	L	M	3	1	3.375e-03	0.0115223	T>L:12,L>T:11,T>M:8,L>P:6,T>I:5,L>F:3,T>P:3,L>M:3,T>F:2,T>A:2,T>S:2,L>I:2,M>L:1,T>Q:1,L>V:1,M>T:1	L:128,T:89,M:14,P:10,I:7,F:6,S:2,A:2,V:1,Q:1
39	S	L	2	0	3.406e-03	0.0116013	T>I:31,I>T:14,T>S:13,T>A:4,T>L:3,S>L:2,S>H:2,T>N:2,S>T:1,T>M:1,I>L:1,T>H:1,I>S:1,I>V:1	T:162,I:60,S:20,L:7,A:4,H:3,N:2,V:1,M:1
209	S	N	2	0	3.436e-03	0.0116561	P>T:19,P>S:18,P>Q:11,P>H:6,T>S:4,S>T:3,P>L:3,P>N:3,S>N:2,P>A:2,H>N:2,N>C:1,E>N:1,E>D:1,S>P:1,T>V:1,T>A:1,Q>Y:1,T>P:1,P>I:1,Q>K:1,P>K:1,E>P:1	P:144,T:33,S:21,Q:18,N:13,H:9,E:8,L:3,A:3,K:2,V:1,D:1,Y:1,C:1,I:1,-:1
38	K	Q	2	0	3.436e-03	0.0116561	T>A:30,T>S:12,T>I:8,T>N:6,T>L:5,S>L:4,T>D:4,D>N:3,T>P:3,T>H:2,K>Q:2,N>D:2,N>S:2,A>T:1,S>A:1,S>Q:1,M>L:1,M>S:1,M>Q:1,T>M:1,D>S:1,D>T:1,A>D:1,T>V:1,I>A:1,L>Q:1,K>E:1,T>K:1,N>E:1,N>H:1,N>Y:1,T>G:1,H>N:1,H>Y:1,H>T:1	T:122,A:36,S:22,L:15,N:15,D:11,I:9,Q:7,K:6,H:6,P:3,E:2,M:2,Y:2,V:1,G:1
141	L	F	7	0	3.466e-03	0.0117343	M>L:9,L>F:7,L>M:5,M>I:3	M:130,L:114,F:10,I:6
460	S	A	6	1	3.496e-03	0.0117883	N>K:6,S>A:6,N>A:5,N>S:5,S>R:4,N>T:3,S>L:3,S>Y:2,S>H:2,N>G:1,L>I:1,L>S:1,R>L:1,N>R:1,S>T:1,N>Y:1,N>Q:1,N>H:1,S>E:1,S>Q:1,A>S:1	N:101,S:99,A:24,L:9,K:6,R:5,T:4,H:3,Q:3,Y:3,I:1,G:1,E:1
529	P	Q	2	0	3.496e-03	0.0117883	P>T:25,T>P:14,P>S:14,P>H:11,T>I:9,P>R:7,T>A:6,P>A:6,T>S:5,P>I:3,S>N:2,S>T:2,P>Q:2,P>M:2,P>L:2,S>L:1,H>R:1,T>M:1,L>P:1,T>L:1,T>K:1,T>H:1,H>P:1,N>H:1,N>S:1,T>N:1,P>K:1,P>Y:1,R>H:1,P>F:1,S>Y:1,S>A:1	P:94,T:66,S:20,H:17,I:15,A:14,R:13,N:7,L:4,M:3,Y:2,Q:2,K:2,F:1
612	M	I	7	2	3.526e-03	0.0118658	M>L:15,L>M:8,M>T:8,M>A:7,M>I:7,M>V:5,L>S:4,L>F:3,L>I:3,I>M:2,L>T:1,L>A:1,A>L:1,M>S:1	L:139,M:70,I:18,T:10,A:9,S:6,V:5,F:3
514	K	T	2	0	3.586e-03	0.0120442	N>S:14,N>T:8,K>N:4,K>S:3,N>K:2,K>T:2,N>D:1,N>H:1,T>S:1,T>N:1,T>A:1	K:125,N:87,T:25,S:20,D:1,H:1,A:1
550	T	M	22	3	3.617e-03	0.0120721	T>M:22,T>S:14,T>A:12,T>L:6,T>K:5,M>L:3,M>T:3,T>I:3,M>A:1,S>Y:1,T>E:1,A>S:1,T>H:1,K>T:1,T>N:1	T:155,M:32,K:18,S:18,L:17,A:13,I:3,H:1,Y:1,N:1,E:1
88	L	M	2	0	3.617e-03	0.0120721	Q>L:7,F>L:5,L>M:2,Q>E:1,L>S:1,L>F:1,F>M:1,Q>F:1	Q:124,F:107,L:21,M:3,S:2,E:2,I:1
39	S	H	2	0	3.617e-03	0.0120721	T>I:31,I>T:14,T>S:13,T>A:4,T>L:3,S>L:2,S>H:2,T>N:2,S>T:1,T>M:1,I>L:1,T>H:1,I>S:1,I>V:1	T:162,I:60,S:20,L:7,A:4,H:3,N:2,V:1,M:1
551	S	T	2	0	3.767e-03	0.0125498	N>K:23,N>T:13,N>S:11,N>G:6,N>A:6,N>I:5,N>H:4,K>N:4,K>S:3,T>A:3,N>Y:3,K>Q:2,S>T:2,H>Y:2,M>T:1,K>M:1,N>D:1,S>G:1,N>E:1,T>I:1,T>M:1,S>L:1,G>S:1,T>N:1,N>Q:1,S>A:1,G>A:1	N:99,K:63,T:28,S:17,I:13,A:12,G:8,Y:5,H:5,Q:4,M:2,D:1,E:1,L:1,-:1
602	S	T	17	0	3.827e-03	0.0126239	S>T:17,S>A:11,S>C:3,S>V:2	S:205,T:34,A:15,C:3,V:2,I:1
612	M	T	8	0	3.827e-03	0.0126239	M>L:15,L>M:8,M>T:8,M>A:7,M>I:7,M>V:5,L>S:4,L>F:3,L>I:3,I>M:2,L>T:1,L>A:1,A>L:1,M>S:1	L:139,M:70,I:18,T:10,A:9,S:6,V:5,F:3
459	T	L	4	1	3.797e-03	0.0126239	T>I:26,I>T:12,T>M:7,T>L:4,T>S:2,L>I:2,S>Y:1,S>L:1,I>L:1,T>V:1,I>M:1,I>V:1,L>T:1,M>L:1	T:137,I:61,L:42,M:8,S:7,V:3,Y:2
123	L	F	2	0	3.827e-03	0.0126239	S>F:7,S>L:7,T>I:6,S>Y:5,S>T:5,S>H:4,L>S:2,L>F:2,T>S:2,T>L:1,T>M:1,L>H:1,Y>H:1,Y>N:1,F>S:1,N>H:1,S>N:1,L>T:1	T:131,S:66,F:16,L:15,H:11,I:9,Y:8,N:3,M:1
530	Y	I	2	0	3.827e-03	0.0126239	F>L:15,Y>L:10,L>F:8,Y>H:6,Y>F:5,Y>P:4,F>Y:4,F>M:3,H>P:2,Y>I:2,L>P:2,L>A:2,Y>N:1,Y>C:1,Y>T:1,H>Y:1,L>M:1,L>I:1,S>P:1,Y>S:1,Y>W:1,F>T:1,F>S:1,F>V:1	F:85,L:76,Y:61,P:9,M:8,H:7,I:3,T:2,S:2,A:2,W:2,N:1,V:1,C:1
134	T	L	4	0	3.858e-03	0.0126980	T>I:12,I>T:8,T>L:4,I>L:4,T>M:3,T>A:2,M>T:2,I>V:2,T>V:1,M>I:1,M>L:1,I>M:1,T>S:1	I:126,T:104,L:18,M:6,V:3,A:2,S:1
38	T	A	30	1	3.888e-03	0.0127719	T>A:30,T>S:12,T>I:8,T>N:6,T>L:5,S>L:4,T>D:4,D>N:3,T>P:3,T>H:2,K>Q:2,N>D:2,N>S:2,A>T:1,S>A:1,S>Q:1,M>L:1,M>S:1,M>Q:1,T>M:1,D>S:1,D>T:1,A>D:1,T>V:1,I>A:1,L>Q:1,K>E:1,T>K:1,N>E:1,N>H:1,N>Y:1,T>G:1,H>N:1,H>Y:1,H>T:1	T:122,A:36,S:22,L:15,N:15,D:11,I:9,Q:7,K:6,H:6,P:3,E:2,M:2,Y:2,V:1,G:1
56	T	L	4	0	3.918e-03	0.0128455	T>M:14,T>S:11,T>I:11,T>A:11,T>L:4,T>V:2,S>C:1,A>T:1,S>A:1,S>Y:1,M>V:1	T:194,M:16,S:14,A:12,I:11,L:6,V:5,C:1,Y:1
38	D	N	3	2	3.948e-03	0.0129187	T>A:30,T>S:12,T>I:8,T>N:6,T>L:5,S>L:4,T>D:4,D>N:3,T>P:3,T>H:2,K>Q:2,N>D:2,N>S:2,A>T:1,S>A:1,S>Q:1,M>L:1,M>S:1,M>Q:1,T>M:1,D>S:1,D>T:1,A>D:1,T>V:1,I>A:1,L>Q:1,K>E:1,T>K:1,N>E:1,N>H:1,N>Y:1,T>G:1,H>N:1,H>Y:1,H>T:1	T:122,A:36,S:22,L:15,N:15,D:11,I:9,Q:7,K:6,H:6,P:3,E:2,M:2,Y:2,V:1,G:1
12	M	T	22	2	3.978e-03	0.0129662	M>T:22,M>L:8,M>I:5,M>A:4,T>M:2,T>A:1,I>V:1,T>S:1,M>V:1,M>S:1	M:189,T:46,L:10,I:6,A:5,V:2,S:2
42	N	K	6	0	3.978e-03	0.0129662	N>S:24,R>H:10,N>K:6,H>Y:5,R>L:4,R>N:4,S>T:3,R>K:3,R>Q:3,Q>K:3,Q>H:2,H>Q:2,R>Y:2,L>T:2,N>R:2,T>A:1,S>F:1,Q>T:1,H>R:1,H>T:1,L>Q:1,Q>N:1,H>N:1,H>L:1,Q>R:1,Q>L:1,Q>W:1,S>R:1	N:83,R:57,S:37,H:20,K:19,Q:15,L:10,T:9,Y:7,F:1,A:1,W:1
587	T	A	30	1	4.069e-03	0.0132090	T>A:30,T>I:11,T>S:4,I>T:4,T>N:2,T>F:2,I>V:2,A>T:1,T>M:1,T>K:1,I>L:1	T:176,A:45,I:19,S:7,N:4,L:2,K:2,F:2,V:2,M:1
613	T	A	3	0	4.069e-03	0.0132090	S>L:16,S>T:11,L>M:4,M>T:4,S>A:4,S>F:4,T>A:3,L>S:2,T>M:1,V>T:1,L>V:1,M>L:1,M>I:1,S>M:1,S>Y:1,F>Y:1	S:170,L:41,T:24,M:9,A:8,F:4,Y:2,V:1,I:1
445	M	I	7	0	4.129e-03	0.0133785	T>M:16,T>I:13,M>T:9,M>I:7,I>T:4,T>S:4,I>V:3,T>L:2,L>S:2,L>M:2,M>S:1,T>V:1,M>L:1	I:157,T:56,M:30,S:7,V:5,L:5
531	M	L	2	5	4.159e-03	0.0134237	L>S:12,M>T:11,L>M:5,L>T:5,L>Q:4,S>T:3,S>Y:3,S>L:3,M>L:2,Y>R:2,S>M:1,M>V:1,L>V:1,L>F:1,S>A:1,Y>S:1,S>R:1	S:127,L:60,M:23,T:22,Y:14,Q:4,V:3,R:3,F:2,A:1,-:1
583	K	E	2	0	4.159e-03	0.0134237	M>T:33,T>M:7,M>A:6,M>L:5,T>A:5,M>I:4,T>S:4,M>K:4,M>S:3,K>M:3,L>M:2,T>I:2,T>K:2,K>E:2,L>T:1,I>T:1,T>Q:1,K>T:1,K>N:1	M:131,T:53,K:25,A:18,L:13,I:9,S:7,E:2,N:1,Q:1
58	Y	H	16	2	4.219e-03	0.0135655	Y>H:16,Y>F:11,F>Y:5,F>L:2,Y>L:2,H>Y:2,H>F:1,F>M:1,F>S:1	F:152,Y:62,H:39,L:5,M:1,S:1
4	L	F	2	0	4.219e-03	0.0135655	T>A:10,T>I:8,T>P:8,T>M:6,L>Q:5,T>L:4,Q>L:4,P>T:2,T>S:2,L>F:2,L>M:2,L>A:2,L>H:2,T>Y:1,P>H:1,Q>T:1,L>V:1	L:103,T:71,Q:28,P:18,A:12,M:10,I:9,H:3,F:2,S:2,V:1,Y:1
14	T	I	2	0	4.249e-03	0.0136360	L>I:8,L>F:3,L>T:3,P>L:2,L>M:2,T>I:2,T>A:2,L>A:2,P>T:1,P>S:1,L>P:1,L>S:1,L>V:1	L:224,I:14,T:6,A:4,P:4,F:3,S:2,M:2,V:1
549	T	M	7	1	4.310e-03	0.0137761	S>P:13,S>T:10,T>V:8,T>M:7,T>S:7,T>A:4,P>S:2,T>I:2,M>S:2,S>A:1,V>A:1,M>V:1,M>T:1,V>I:1	S:95,T:80,M:33,P:31,V:11,A:6,I:3,X:1
4	T	L	4	0	4.310e-03	0.0137761	T>A:10,T>I:8,T>P:8,T>M:6,L>Q:5,T>L:4,Q>L:4,P>T:2,T>S:2,L>F:2,L>M:2,L>A:2,L>H:2,T>Y:1,P>H:1,Q>T:1,L>V:1	L:103,T:71,Q:28,P:18,A:12,M:10,I:9,H:3,F:2,S:2,V:1,Y:1
555	N	T	7	0	4.370e-03	0.0139419	N>S:16,N>T:7,G>A:6,N>K:4,G>S:4,T>S:3,S>T:3,T>A:2,T>I:2,S>N:2,N>H:2,G>M:2,G>N:2,K>N:1,S>K:1,T>Y:1,N>A:1,G>K:1,G>R:1,G>W:1,N>G:1	G:95,S:53,N:48,T:24,K:17,A:10,H:5,I:3,M:2,Y:1,W:1,R:1
65	N	S	4	18	4.400e-03	0.0140111	S>N:18,N>S:4,S>C:3,T>A:2,S>T:2,T>I:1,N>G:1,N>H:1,T>S:1	S:202,N:33,T:14,C:4,I:2,G:2,A:2,H:1
585	T	S	17	4	4.430e-03	0.0140800	T>A:22,A>T:19,T>S:17,A>S:11,S>T:4,T>I:1,A>V:1,S>A:1	T:115,S:74,A:69,V:1,I:1
583	T	K	2	1	4.460e-03	0.0141487	M>T:33,T>M:7,M>A:6,M>L:5,T>A:5,M>I:4,T>S:4,M>K:4,M>S:3,K>M:3,L>M:2,T>I:2,T>K:2,K>E:2,L>T:1,I>T:1,T>Q:1,K>T:1,K>N:1	M:131,T:53,K:25,A:18,L:13,I:9,S:7,E:2,N:1,Q:1
284	L	F	2	0	4.491e-03	0.0142171	L>T:12,L>I:5,I>T:4,T>L:3,L>S:3,T>A:3,L>F:2,I>L:1,T>I:1,I>A:1,T>M:1,S>T:1,M>T:1,L>M:1,I>V:1	L:192,T:36,I:18,A:6,S:3,F:2,M:2,V:1
523	I	F	2	0	4.521e-03	0.0142853	T>I:15,I>L:9,T>S:7,T>A:4,I>M:3,I>T:3,I>F:2,T>N:1,S>Y:1,I>V:1,T>M:1	T:116,I:110,L:12,S:7,M:5,A:4,F:2,V:1,-:1,N:1,Y:1
42	Q	H	2	2	4.551e-03	0.0143532	N>S:24,R>H:10,N>K:6,H>Y:5,R>L:4,R>N:4,S>T:3,R>K:3,R>Q:3,Q>K:3,Q>H:2,H>Q:2,R>Y:2,L>T:2,N>R:2,T>A:1,S>F:1,Q>T:1,H>R:1,H>T:1,L>Q:1,Q>N:1,H>N:1,H>L:1,Q>R:1,Q>L:1,Q>W:1,S>R:1	N:83,R:57,S:37,H:20,K:19,Q:15,L:10,T:9,Y:7,F:1,A:1,W:1
197	T	S	2	0	4.611e-03	0.0145157	M>T:37,M>L:16,T>M:5,L>M:4,M>I:3,T>S:2,M>A:2,I>L:1,L>I:1,L>F:1,T>I:1,M>F:1,M>S:1,L>T:1,T>A:1	M:129,T:60,L:46,F:9,I:9,S:3,A:3,D:1
448	I	T	16	1	4.792e-03	0.0150089	I>T:16,I>L:9,I>V:6,I>M:6,T>I:1,T>M:1,M>I:1,I>N:1,I>F:1,T>S:1,T>A:1,L>V:1,I>S:1,I>A:1	L:123,I:74,T:26,M:13,N:12,V:7,S:2,A:2,F:1
195	S	Y	6	0	4.792e-03	0.0150089	S>T:15,S>I:6,S>L:6,S>Y:6,S>C:4,S>A:2,Y>C:2,S>M:1,L>M:1,Y>F:1,S>F:1,T>I:1	S:198,T:17,Y:16,I:10,C:7,L:6,A:2,F:2,M:2
512	I	M	5	0	4.822e-03	0.0150089	L>I:10,L>M:9,I>M:5,I>V:2,I>L:1,L>V:1	L:184,I:55,M:18,V:3
205	A	I	3	3	4.822e-03	0.0150089	A>T:19,T>A:16,P>L:4,T>M:4,T>I:3,T>S:3,A>I:3,A>P:3,A>S:3,L>I:3,L>F:3,I>A:3,I>L:3,I>V:3,T>P:2,T>N:2,S>P:2,I>M:2,P>H:2,T>V:1,A>L:1,C>H:1,A>C:1,L>M:1,V>A:1,H>Y:1,H>Q:1,P>T:1,L>P:1,L>S:1	L:72,A:51,I:40,T:38,P:17,M:14,S:7,V:5,H:4,F:3,-:3,N:2,Y:2,C:1,Q:1
21	S	T	2	1	4.822e-03	0.0150089	S>L:20,L>I:11,S>F:7,L>F:5,L>S:5,L>T:4,S>I:3,I>T:2,L>M:2,S>T:2,S>C:2,T>S:1,T>M:1,T>A:1,L>A:1,V>I:1,A>V:1,S>A:1,S>M:1,C>S:1	L:125,S:74,I:25,F:12,T:10,C:5,M:4,A:4,V:1
460	S	H	2	0	4.822e-03	0.0150089	N>K:6,S>A:6,N>A:5,N>S:5,S>R:4,N>T:3,S>L:3,S>Y:2,S>H:2,N>G:1,L>I:1,L>S:1,R>L:1,N>R:1,S>T:1,N>Y:1,N>Q:1,N>H:1,S>E:1,S>Q:1,A>S:1	N:101,S:99,A:24,L:9,K:6,R:5,T:4,H:3,Q:3,Y:3,I:1,G:1,E:1
53	M	A	3	0	4.852e-03	0.0150745	V>I:23,I>V:22,V>M:7,V>L:6,V>A:5,I>L:4,M>A:3,V>T:2,I>A:2,I>T:1,A>L:1,A>I:1,M>L:1,I>M:1	I:134,V:79,A:18,L:14,M:11,T:4
447	T	A	4	0	4.882e-03	0.0151397	T>P:17,P>S:10,P>T:7,T>A:4,T>S:4,P>V:3,S>P:3,T>V:1,P>A:1	P:164,T:65,S:22,A:5,V:4
35	N	T	7	0	4.912e-03	0.0152048	N>S:15,N>T:7,N>I:2,N>P:2,T>A:1,L>P:1,I>L:1,S>A:1,S>P:1	N:225,S:15,T:7,P:5,I:5,A:2,L:1
30	L	F	2	0	4.943e-03	0.0152696	S>L:10,S>T:7,S>F:3,L>F:2,T>I:2,S>P:2,S>N:1,F>S:1,P>S:1,L>S:1,T>V:1	S:197,L:26,F:11,T:11,I:6,P:4,-:3,N:1,V:1
528	T	S	3	0	4.973e-03	0.0153341	N>T:18,N>S:14,T>G:5,N>G:4,T>S:3,T>N:3,N>D:2,T>A:2,S>G:1,N>H:1,N>K:1,T>I:1	N:154,T:60,S:21,G:18,A:2,D:2,H:1,K:1,I:1
515	M	L	20	0	5.033e-03	0.0154912	M>L:20,M>T:7,M>V:7,M>A:5,M>I:2,T>A:1,T>S:1,L>F:1,V>M:1,V>A:1,L>S:1	M:187,L:38,T:13,V:8,A:7,S:3,I:2,-:1,F:1
206	S	P	13	5	5.063e-03	0.0155263	S>T:17,S>P:13,F>L:9,S>L:5,P>S:5,S>Q:4,I>T:4,L>P:4,F>S:4,L>I:3,F>T:3,S>A:3,L>V:2,L>T:2,F>H:2,S>C:2,S>Y:2,V>T:1,L>S:1,L>F:1,T>I:1,F>I:1,L>A:1,S>N:1,S>H:1,S>V:1,T>V:1,S>G:1,S>I:1,S>W:1,S>F:1	S:78,F:37,T:32,P:32,L:31,V:13,I:12,Q:6,-:5,A:4,H:3,C:2,Y:2,N:1,G:1,W:1
447	P	T	7	17	5.063e-03	0.0155263	T>P:17,P>S:10,P>T:7,T>A:4,T>S:4,P>V:3,S>P:3,T>V:1,P>A:1	P:164,T:65,S:22,A:5,V:4
137	I	L	11	1	5.093e-03	0.0155899	I>V:21,I>T:19,I>L:11,V>I:10,V>A:5,I>A:3,V>L:3,I>M:1,L>I:1,I>S:1	I:158,V:35,T:31,L:24,A:10,S:1,M:1
422	L	T	4	0	5.123e-03	0.0156533	L>I:4,L>M:4,L>T:4,L>V:1	L:244,T:5,I:5,M:4,V:2
611	L	I	12	17	5.154e-03	0.0156876	I>L:17,L>I:12,I>V:3,I>M:2,I>T:1,I>A:1,L>V:1,L>F:1,L>T:1,I>F:1	L:173,I:73,V:4,F:3,M:3,T:2,A:1,S:1
446	T	A	4	0	5.154e-03	0.0156876	P>S:21,P>L:7,P>T:6,T>A:4,P>Q:3,P>N:2,P>H:2,L>M:2,T>I:2,P>A:2,T>S:1,S>T:1,S>A:1,T>L:1,T>N:1,P>R:1,T>M:1	P:182,S:31,T:11,L:9,A:7,H:5,N:4,Q:4,M:3,I:3,R:1
210	T	A	5	1	5.184e-03	0.0157504	S>T:11,N>D:7,S>H:6,T>A:5,T>S:5,N>T:4,N>S:4,H>Q:4,T>N:4,T>V:3,S>P:3,S>N:3,D>N:3,N>G:2,H>N:2,T>P:2,T>H:2,S>A:2,G>A:1,N>V:1,H>D:1,H>C:1,N>H:1,T>Q:1,T>L:1,T>G:1,T>M:1,S>L:1,S>Y:1,S>D:1,S>Q:1,A>D:1,A>T:1,N>E:1,T>D:1,N>Y:1,N>C:1	T:89,S:55,N:37,D:22,H:19,A:10,Q:6,P:5,V:4,G:3,-:2,L:2,Y:2,C:2,M:1,E:1
59	I	L	11	0	5.214e-03	0.0157842	M>I:15,I>L:11,M>L:9,I>M:7,M>T:3,I>A:3,I>V:3,I>T:2,M>F:1,I>S:1,M>V:1,M>A:1,T>I:1	I:138,M:78,L:27,T:7,V:4,A:4,F:1,S:1
32	N	G	2	0	5.214e-03	0.0157842	N>S:27,N>K:16,N>T:15,K>N:7,N>H:4,S>G:2,N>D:2,K>T:2,T>P:2,T>N:2,N>G:2,N>Q:1,T>I:1	N:123,T:46,S:34,K:32,-:8,H:5,G:4,Q:3,P:2,D:2,I:1
229	T	A	29	4	5.274e-03	0.0159376	T>A:29,A>T:4,T>M:3	T:204,A:52,M:4
518	A	T	2	16	5.304e-03	0.0159705	T>A:16,T>S:13,T>M:6,T>I:6,T>N:3,T>L:2,A>T:2,N>S:1,M>L:1,T>K:1,T>H:1,A>S:1,N>T:1	T:171,A:31,N:17,S:16,M:11,I:7,L:3,H:1,K:1,-:1,Q:1
373	L	S	2	0	5.304e-03	0.0159705	M>T:23,M>L:10,T>M:7,T>A:3,M>V:3,T>I:2,M>I:2,L>S:2,I>A:1,T>S:1,T>P:1,M>P:1	M:157,T:55,L:29,I:5,A:5,S:4,V:3,P:2
446	L	M	2	0	5.365e-03	0.0161227	P>S:21,P>L:7,P>T:6,T>A:4,P>Q:3,P>N:2,P>H:2,L>M:2,T>I:2,P>A:2,T>S:1,S>T:1,S>A:1,T>L:1,T>N:1,P>R:1,T>M:1	P:182,S:31,T:11,L:9,A:7,H:5,N:4,Q:4,M:3,I:3,R:1
500	I	L	11	0	5.395e-03	0.0161547	I>T:15,I>L:11,V>L:9,I>V:8,V>A:8,V>T:5,I>A:4,V>I:4,I>M:3,L>T:2,V>M:2,L>V:1,T>S:1,M>L:1,T>A:1,A>T:1	I:107,V:59,L:45,T:29,A:13,M:5,S:1,N:1
551	T	A	3	0	5.395e-03	0.0161547	N>K:23,N>T:13,N>S:11,N>G:6,N>A:6,N>I:5,N>H:4,K>N:4,K>S:3,T>A:3,N>Y:3,K>Q:2,S>T:2,H>Y:2,M>T:1,K>M:1,N>D:1,S>G:1,N>E:1,T>I:1,T>M:1,S>L:1,G>S:1,T>N:1,N>Q:1,S>A:1,G>A:1	N:99,K:63,T:28,S:17,I:13,A:12,G:8,Y:5,H:5,Q:4,M:2,D:1,E:1,L:1,-:1
504	L	T	4	0	5.455e-03	0.0162765	L>M:7,L>T:4,L>I:3,L>S:2,L>A:2,L>F:1,I>L:1,I>T:1	L:237,M:8,T:5,I:5,S:2,A:2,F:1
555	T	S	3	3	5.455e-03	0.0162765	N>S:16,N>T:7,G>A:6,N>K:4,G>S:4,T>S:3,S>T:3,T>A:2,T>I:2,S>N:2,N>H:2,G>M:2,G>N:2,K>N:1,S>K:1,T>Y:1,N>A:1,G>K:1,G>R:1,G>W:1,N>G:1	G:95,S:53,N:48,T:24,K:17,A:10,H:5,I:3,M:2,Y:1,W:1,R:1
524	Q	P	2	1	5.515e-03	0.0164268	Q>H:10,Q>K:8,L>M:5,H>Y:3,Q>R:3,K>T:3,L>S:3,M>K:3,P>S:2,P>H:2,H>P:2,Q>L:2,Q>P:2,L>R:2,M>R:2,S>R:2,K>M:2,K>N:2,P>L:1,Y>H:1,S>Y:1,S>L:1,S>A:1,S>P:1,P>A:1,H>N:1,P>T:1,H>R:1,Q>S:1,Q>T:1,L>K:1,L>W:1,L>I:1,M>Y:1,L>P:1,S>M:1,L>Y:1,M>L:1,K>I:1,K>L:1,K>P:1,P>Q:1	L:87,Q:43,H:34,K:25,P:17,M:13,R:10,S:9,Y:7,T:5,N:3,-:2,I:2,A:2,W:1
36	S	P	4	0	5.545e-03	0.0164870	T>S:15,S>T:15,S>P:4,T>N:2,P>L:1,T>P:1,S>Y:1,S>H:1	T:137,S:110,P:7,N:2,L:2,Y:1,H:1
571	M	I	2	0	5.636e-03	0.0167258	M>L:17,M>T:6,M>K:3,M>A:2,M>I:2,K>M:2,K>T:1,L>K:1,L>I:1,M>V:1,T>V:1	K:150,M:53,L:39,T:7,I:6,A:3,V:2
63	M	T	8	16	5.666e-03	0.0167852	T>M:16,T>A:11,T>S:9,M>T:8,M>L:6,V>L:2,V>M:2,T>V:2,V>A:1,M>A:1,T>P:1,S>L:1,T>L:1,M>S:1,M>V:1,M>I:1	T:144,M:50,L:23,A:19,S:15,V:7,P:1,I:1
549	S	P	13	2	5.726e-03	0.0169335	S>P:13,S>T:10,T>V:8,T>M:7,T>S:7,T>A:4,P>S:2,T>I:2,M>S:2,S>A:1,V>A:1,M>V:1,M>T:1,V>I:1	S:95,T:80,M:33,P:31,V:11,A:6,I:3,X:1
46	T	A	28	1	5.756e-03	0.0169622	T>A:28,T>I:13,T>S:3,T>M:3,S>L:1,A>T:1,M>L:1,S>Y:1,T>V:1	T:190,A:36,I:15,S:7,L:6,M:4,V:1,Y:1
109	T	S	16	0	5.756e-03	0.0169622	T>S:16,T>M:10,T>L:3,M>I:1,T>A:1,L>S:1,S>L:1,M>T:1	T:193,S:38,M:18,L:7,I:2,A:1,V:1
548	N	S	7	24	5.817e-03	0.0171094	S>T:25,S>N:24,S>A:9,N>S:7,S>G:4,N>T:4,T>I:3,S>I:3,T>A:2,S>H:2,S>L:1,F>C:1,F>L:1,F>Y:1,S>F:1,S>Q:1,T>M:1,T>V:1,A>I:1,S>M:1,S>C:1	S:132,N:40,T:39,A:12,I:11,C:6,G:5,L:4,M:3,F:2,H:2,Y:1,V:1,Q:1,P:1
82	I	V	13	0	5.877e-03	0.0172256	L>I:16,I>V:13,L>F:7,L>M:5,I>L:2,M>L:1,M>V:1,L>V:1,I>M:1,I>F:1	I:133,L:92,V:17,M:9,F:9
598	A	P	2	0	5.877e-03	0.0172256	T>A:22,A>S:9,A>T:5,T>S:2,A>P:2,T>M:2,S>P:1	A:130,T:109,S:14,P:4,M:2,X:1
177	L	I	3	1	5.937e-03	0.0173716	L>I:3,I>M:1,L>M:1,I>L:1	L:221,I:37,M:2
21	S	C	2	1	5.997e-03	0.0175171	S>L:20,L>I:11,S>F:7,L>F:5,L>S:5,L>T:4,S>I:3,I>T:2,L>M:2,S>T:2,S>C:2,T>S:1,T>M:1,T>A:1,L>A:1,V>I:1,A>V:1,S>A:1,S>M:1,C>S:1	L:125,S:74,I:25,F:12,T:10,C:5,M:4,A:4,V:1
25	L	V	2	0	6.058e-03	0.0176310	L>I:10,I>L:7,L>F:6,I>V:4,I>T:3,I>M:2,L>V:2,F>L:2,M>I:1,L>T:1,I>F:1,I>A:1,L>M:1	L:120,I:111,F:12,V:7,T:5,M:4,A:1
496	I	A	2	0	6.058e-03	0.0176310	I>M:16,T>I:10,I>V:8,T>M:7,I>L:7,I>T:3,T>S:2,I>A:2,L>F:1,T>L:1,M>I:1,M>L:1,I>F:1	T:121,I:71,M:44,L:10,V:8,F:2,S:2,A:2
500	I	T	15	0	6.118e-03	0.0176824	I>T:15,I>L:11,V>L:9,I>V:8,V>A:8,V>T:5,I>A:4,V>I:4,I>M:3,L>T:2,V>M:2,L>V:1,T>S:1,M>L:1,T>A:1,A>T:1	I:107,V:59,L:45,T:29,A:13,M:5,S:1,N:1
610	I	L	10	1	6.118e-03	0.0176824	I>M:16,I>L:10,I>T:9,I>A:5,M>L:3,T>M:2,T>A:2,I>F:2,I>V:2,L>I:1,L>M:1,M>T:1,T>V:1	I:148,M:32,-:27,L:23,T:15,A:10,V:3,F:2
123	S	T	5	2	6.118e-03	0.0176824	S>F:7,S>L:7,T>I:6,S>Y:5,S>T:5,S>H:4,L>S:2,L>F:2,T>S:2,T>L:1,T>M:1,L>H:1,Y>H:1,Y>N:1,F>S:1,N>H:1,S>N:1,L>T:1	T:131,S:66,F:16,L:15,H:11,I:9,Y:8,N:3,M:1
21	L	T	4	0	6.088e-03	0.0176824	S>L:20,L>I:11,S>F:7,L>F:5,L>S:5,L>T:4,S>I:3,I>T:2,L>M:2,S>T:2,S>C:2,T>S:1,T>M:1,T>A:1,L>A:1,V>I:1,A>V:1,S>A:1,S>M:1,C>S:1	L:125,S:74,I:25,F:12,T:10,C:5,M:4,A:4,V:1
593	S	P	4	0	6.148e-03	0.0177386	T>S:15,S>T:4,S>P:4,T>K:2,T>N:2,T>I:1,T>P:1,T>A:1,S>R:1,S>Q:1	T:145,S:94,K:10,P:5,N:2,Q:1,R:1,A:1,I:1
32	N	H	4	0	6.178e-03	0.0177638	N>S:27,N>K:16,N>T:15,K>N:7,N>H:4,S>G:2,N>D:2,K>T:2,T>P:2,T>N:2,N>G:2,N>Q:1,T>I:1	N:123,T:46,S:34,K:32,-:8,H:5,G:4,Q:3,P:2,D:2,I:1
4	L	M	2	0	6.178e-03	0.0177638	T>A:10,T>I:8,T>P:8,T>M:6,L>Q:5,T>L:4,Q>L:4,P>T:2,T>S:2,L>F:2,L>M:2,L>A:2,L>H:2,T>Y:1,P>H:1,Q>T:1,L>V:1	L:103,T:71,Q:28,P:18,A:12,M:10,I:9,H:3,F:2,S:2,V:1,Y:1
523	T	I	15	3	6.208e-03	0.0177888	T>I:15,I>L:9,T>S:7,T>A:4,I>M:3,I>T:3,I>F:2,T>N:1,S>Y:1,I>V:1,T>M:1	T:116,I:110,L:12,S:7,M:5,A:4,F:2,V:1,-:1,N:1,Y:1
544	V	M	6	3	6.208e-03	0.0177888	T>M:24,T>A:17,T>I:12,V>T:8,V>I:6,V>M:6,V>A:4,I>V:4,M>V:3,I>M:3,T>L:2,T>V:2,T>S:2,M>T:2,I>T:2,L>F:1,I>L:1,S>T:1,S>L:1,S>A:1,M>A:1,I>A:1	T:114,M:41,V:34,I:29,A:25,S:8,L:7,F:1,H:1
181	V	I	28	10	6.239e-03	0.0178136	V>I:28,I>V:10,I>M:2,V>A:1	I:171,V:85,M:2,A:1,L:1
499	L	M	5	3	6.239e-03	0.0178136	I>L:20,I>M:8,L>M:5,I>V:3,M>L:3,L>I:2,M>T:1,I>T:1,I>A:1	I:150,L:86,M:18,V:3,T:2,A:1
113	A	S	16	0	6.269e-03	0.0178689	A>S:16,A>T:7,A>E:3,A>N:2,A>H:2,A>Q:1,A>I:1,S>N:1	A:224,S:17,T:7,E:4,N:3,H:3,I:1,Q:1
42	H	Y	5	0	6.359e-03	0.0180955	N>S:24,R>H:10,N>K:6,H>Y:5,R>L:4,R>N:4,S>T:3,R>K:3,R>Q:3,Q>K:3,Q>H:2,H>Q:2,R>Y:2,L>T:2,N>R:2,T>A:1,S>F:1,Q>T:1,H>R:1,H>T:1,L>Q:1,Q>N:1,H>N:1,H>L:1,Q>R:1,Q>L:1,Q>W:1,S>R:1	N:83,R:57,S:37,H:20,K:19,Q:15,L:10,T:9,Y:7,F:1,A:1,W:1
451	M	T	7	0	6.389e-03	0.0181501	M>I:22,M>V:17,M>T:7,I>M:3,I>T:2,V>I:2,I>V:2,M>A:1	M:155,I:70,V:21,T:12,A:2
507	V	I	10	3	6.449e-03	0.0182900	A>V:10,I>L:10,V>I:10,V>A:10,A>I:9,I>M:7,I>A:5,L>F:3,I>V:3,A>T:3,V>M:3,I>T:2,M>L:2,L>M:1,M>V:1,A>F:1,V>Y:1,A>M:1,V>T:1,I>S:1,L>I:1	I:118,A:74,L:25,V:17,M:14,T:6,F:4,S:1,Y:1
429	V	I	14	0	6.480e-03	0.0183442	V>I:14,T>A:4,T>I:1,V>A:1,T>V:1	T:140,V:99,I:15,A:5,L:1
460	S	Y	2	0	6.510e-03	0.0183981	N>K:6,S>A:6,N>A:5,N>S:5,S>R:4,N>T:3,S>L:3,S>Y:2,S>H:2,N>G:1,L>I:1,L>S:1,R>L:1,N>R:1,S>T:1,N>Y:1,N>Q:1,N>H:1,S>E:1,S>Q:1,A>S:1	N:101,S:99,A:24,L:9,K:6,R:5,T:4,H:3,Q:3,Y:3,I:1,G:1,E:1
195	S	T	15	0	6.540e-03	0.0184518	S>T:15,S>I:6,S>L:6,S>Y:6,S>C:4,S>A:2,Y>C:2,S>M:1,L>M:1,Y>F:1,S>F:1,T>I:1	S:198,T:17,Y:16,I:10,C:7,L:6,A:2,F:2,M:2
519	L	Y	3	0	6.570e-03	0.0185054	L>F:13,L>M:11,L>H:4,L>Y:3,L>I:2,L>P:2,I>M:1,M>L:1	L:208,M:19,F:16,H:7,Y:4,P:3,I:2,-:1
442	F	S	8	0	6.660e-03	0.0186966	F>Y:16,F>H:16,F>S:8,Y>H:5,Q>R:3,F>Q:3,F>T:3,F>P:3,Y>F:2,H>Y:1,S>P:1	F:182,Y:24,H:24,S:10,Q:8,P:5,T:4,R:3
551	N	H	4	0	6.660e-03	0.0186966	N>K:23,N>T:13,N>S:11,N>G:6,N>A:6,N>I:5,N>H:4,K>N:4,K>S:3,T>A:3,N>Y:3,K>Q:2,S>T:2,H>Y:2,M>T:1,K>M:1,N>D:1,S>G:1,N>E:1,T>I:1,T>M:1,S>L:1,G>S:1,T>N:1,N>Q:1,S>A:1,G>A:1	N:99,K:63,T:28,S:17,I:13,A:12,G:8,Y:5,H:5,Q:4,M:2,D:1,E:1,L:1,-:1
205	I	L	3	3	6.691e-03	0.0187178	A>T:19,T>A:16,P>L:4,T>M:4,T>I:3,T>S:3,A>I:3,A>P:3,A>S:3,L>I:3,L>F:3,I>A:3,I>L:3,I>V:3,T>P:2,T>N:2,S>P:2,I>M:2,P>H:2,T>V:1,A>L:1,C>H:1,A>C:1,L>M:1,V>A:1,H>Y:1,H>Q:1,P>T:1,L>P:1,L>S:1	L:72,A:51,I:40,T:38,P:17,M:14,S:7,V:5,H:4,F:3,-:3,N:2,Y:2,C:1,Q:1
446	T	I	2	0	6.691e-03	0.0187178	P>S:21,P>L:7,P>T:6,T>A:4,P>Q:3,P>N:2,P>H:2,L>M:2,T>I:2,P>A:2,T>S:1,S>T:1,S>A:1,T>L:1,T>N:1,P>R:1,T>M:1	P:182,S:31,T:11,L:9,A:7,H:5,N:4,Q:4,M:3,I:3,R:1
544	V	A	4	0	6.751e-03	0.0188547	T>M:24,T>A:17,T>I:12,V>T:8,V>I:6,V>M:6,V>A:4,I>V:4,M>V:3,I>M:3,T>L:2,T>V:2,T>S:2,M>T:2,I>T:2,L>F:1,I>L:1,S>T:1,S>L:1,S>A:1,M>A:1,I>A:1	T:114,M:41,V:34,I:29,A:25,S:8,L:7,F:1,H:1
275	L	F	18	15	6.781e-03	0.0189070	L>F:18,F>L:15,F>Y:6,L>I:2,L>M:1,F>M:1	L:129,F:121,Y:6,M:2,I:2
21	L	S	5	20	6.811e-03	0.0189592	S>L:20,L>I:11,S>F:7,L>F:5,L>S:5,L>T:4,S>I:3,I>T:2,L>M:2,S>T:2,S>C:2,T>S:1,T>M:1,T>A:1,L>A:1,V>I:1,A>V:1,S>A:1,S>M:1,C>S:1	L:125,S:74,I:25,F:12,T:10,C:5,M:4,A:4,V:1
583	T	M	7	33	6.962e-03	0.0193462	M>T:33,T>M:7,M>A:6,M>L:5,T>A:5,M>I:4,T>S:4,M>K:4,M>S:3,K>M:3,L>M:2,T>I:2,T>K:2,K>E:2,L>T:1,I>T:1,T>Q:1,K>T:1,K>N:1	M:131,T:53,K:25,A:18,L:13,I:9,S:7,E:2,N:1,Q:1
436	V	T	2	0	6.992e-03	0.0193650	L>I:11,V>M:10,V>I:9,L>V:5,L>M:3,L>T:2,L>F:2,L>S:2,V>T:2,I>L:1,I>M:1,I>S:1,S>T:1	L:148,V:53,I:28,M:14,T:7,S:7,F:2,Y:1
558	N	T	2	0	6.992e-03	0.0193650	N>K:11,K>N:6,K>E:2,N>T:2,K>T:1,K>Q:1	K:142,N:111,E:3,T:3,Q:1
566	L	S	5	0	7.052e-03	0.0194346	L>S:5,L>H:4,L>F:2,L>Q:2,L>Y:2,L>M:1	L:233,M:10,S:5,H:4,Q:4,F:2,Y:2
591	L	Y	3	0	7.052e-03	0.0194346	L>F:22,L>M:13,L>I:9,L>Y:3,M>A:2,M>I:1,M>T:1,L>T:1,I>L:1,I>A:1,L>A:1,S>Y:1,L>S:1,F>L:1	L:188,F:29,M:17,I:11,A:8,Y:4,T:2,S:1
25	F	L	2	6	7.052e-03	0.0194346	L>I:10,I>L:7,L>F:6,I>V:4,I>T:3,I>M:2,L>V:2,F>L:2,M>I:1,L>T:1,I>F:1,I>A:1,L>M:1	L:120,I:111,F:12,V:7,T:5,M:4,A:1
610	I	M	16	0	7.173e-03	0.0197341	I>M:16,I>L:10,I>T:9,I>A:5,M>L:3,T>M:2,T>A:2,I>F:2,I>V:2,L>I:1,L>M:1,M>T:1,T>V:1	I:148,M:32,-:27,L:23,T:15,A:10,V:3,F:2
63	V	L	2	0	7.203e-03	0.0197515	T>M:16,T>A:11,T>S:9,M>T:8,M>L:6,V>L:2,V>M:2,T>V:2,V>A:1,M>A:1,T>P:1,S>L:1,T>L:1,M>S:1,M>V:1,M>I:1	T:144,M:50,L:23,A:19,S:15,V:7,P:1,I:1
69	F	L	2	12	7.203e-03	0.0197515	H>Y:19,L>F:12,H>N:7,Y>H:5,H>C:5,L>I:5,H>Q:2,Y>C:2,H>S:2,H>F:2,F>L:2,Y>S:1,Y>L:1,H>T:1,H>I:1,N>S:1,H>L:1,S>C:1,L>V:1,I>V:1,L>M:1,C>L:1,S>Y:1	L:86,H:67,Y:39,F:21,C:18,N:8,S:7,I:6,Q:3,V:2,T:1,M:1,E:1
57	L	M	4	0	7.293e-03	0.0199664	L>I:13,I>T:6,I>M:6,L>M:4,T>A:3,L>T:2,I>L:2,I>V:2,I>F:1,L>V:1	I:139,L:86,T:16,M:11,A:3,V:3,F:1,Y:1
63	M	L	6	0	7.354e-03	0.0200982	T>M:16,T>A:11,T>S:9,M>T:8,M>L:6,V>L:2,V>M:2,T>V:2,V>A:1,M>A:1,T>P:1,S>L:1,T>L:1,M>S:1,M>V:1,M>I:1	T:144,M:50,L:23,A:19,S:15,V:7,P:1,I:1
524	Q	R	3	0	7.625e-03	0.0208053	Q>H:10,Q>K:8,L>M:5,H>Y:3,Q>R:3,K>T:3,L>S:3,M>K:3,P>S:2,P>H:2,H>P:2,Q>L:2,Q>P:2,L>R:2,M>R:2,S>R:2,K>M:2,K>N:2,P>L:1,Y>H:1,S>Y:1,S>L:1,S>A:1,S>P:1,P>A:1,H>N:1,P>T:1,H>R:1,Q>S:1,Q>T:1,L>K:1,L>W:1,L>I:1,M>Y:1,L>P:1,S>M:1,L>Y:1,M>L:1,K>I:1,K>L:1,K>P:1,P>Q:1	L:87,Q:43,H:34,K:25,P:17,M:13,R:10,S:9,Y:7,T:5,N:3,-:2,I:2,A:2,W:1
373	T	M	7	23	7.655e-03	0.0208532	M>T:23,M>L:10,T>M:7,T>A:3,M>V:3,T>I:2,M>I:2,L>S:2,I>A:1,T>S:1,T>P:1,M>P:1	M:157,T:55,L:29,I:5,A:5,S:4,V:3,P:2
587	I	T	4	11	7.926e-03	0.0215567	T>A:30,T>I:11,T>S:4,I>T:4,T>N:2,T>F:2,I>V:2,A>T:1,T>M:1,T>K:1,I>L:1	T:176,A:45,I:19,S:7,N:4,L:2,K:2,F:2,V:2,M:1
436	L	I	11	1	8.077e-03	0.0218948	L>I:11,V>M:10,V>I:9,L>V:5,L>M:3,L>T:2,L>F:2,L>S:2,V>T:2,I>L:1,I>M:1,I>S:1,S>T:1	L:148,V:53,I:28,M:14,T:7,S:7,F:2,Y:1
436	V	I	9	0	8.077e-03	0.0218948	L>I:11,V>M:10,V>I:9,L>V:5,L>M:3,L>T:2,L>F:2,L>S:2,V>T:2,I>L:1,I>M:1,I>S:1,S>T:1	L:148,V:53,I:28,M:14,T:7,S:7,F:2,Y:1
21	L	I	11	0	8.137e-03	0.0220222	S>L:20,L>I:11,S>F:7,L>F:5,L>S:5,L>T:4,S>I:3,I>T:2,L>M:2,S>T:2,S>C:2,T>S:1,T>M:1,T>A:1,L>A:1,V>I:1,A>V:1,S>A:1,S>M:1,C>S:1	L:125,S:74,I:25,F:12,T:10,C:5,M:4,A:4,V:1
275	F	Y	6	0	8.288e-03	0.0223935	L>F:18,F>L:15,F>Y:6,L>I:2,L>M:1,F>M:1	L:129,F:121,Y:6,M:2,I:2
418	V	I	8	7	8.318e-03	0.0224383	L>I:9,V>L:9,V>I:8,I>V:7,I>L:7,L>S:6,L>T:5,V>T:5,L>V:4,L>F:3,I>T:2,S>T:1,L>M:1,V>A:1,L>A:1	L:176,V:25,I:23,T:19,S:9,F:4,A:3,M:1
283	T	S	15	0	8.348e-03	0.0224466	T>S:15,T>A:1,T>N:1	T:229,S:29,A:1,N:1
14	T	A	2	0	8.348e-03	0.0224466	L>I:8,L>F:3,L>T:3,P>L:2,L>M:2,T>I:2,T>A:2,L>A:2,P>T:1,P>S:1,L>P:1,L>S:1,L>V:1	L:224,I:14,T:6,A:4,P:4,F:3,S:2,M:2,V:1
555	T	I	2	0	8.378e-03	0.0224912	N>S:16,N>T:7,G>A:6,N>K:4,G>S:4,T>S:3,S>T:3,T>A:2,T>I:2,S>N:2,N>H:2,G>M:2,G>N:2,K>N:1,S>K:1,T>Y:1,N>A:1,G>K:1,G>R:1,G>W:1,N>G:1	G:95,S:53,N:48,T:24,K:17,A:10,H:5,I:3,M:2,Y:1,W:1,R:1
113	A	E	3	0	8.408e-03	0.0225357	A>S:16,A>T:7,A>E:3,A>N:2,A>H:2,A>Q:1,A>I:1,S>N:1	A:224,S:17,T:7,E:4,N:3,H:3,I:1,Q:1
136	T	I	14	0	8.469e-03	0.0226606	T>I:14,I>V:1,T>M:1,T>V:1	T:129,I:126,V:4,M:1
445	T	S	4	0	8.499e-03	0.0227046	T>M:16,T>I:13,M>T:9,M>I:7,I>T:4,T>S:4,I>V:3,T>L:2,L>S:2,L>M:2,M>S:1,T>V:1,M>L:1	I:157,T:56,M:30,S:7,V:5,L:5
36	T	S	15	15	8.559e-03	0.0227923	T>S:15,S>T:15,S>P:4,T>N:2,P>L:1,T>P:1,S>Y:1,S>H:1	T:137,S:110,P:7,N:2,L:2,Y:1,H:1
536	S	N	5	0	8.559e-03	0.0227923	S>T:20,T>S:13,S>A:9,S>N:5,S>L:4,T>M:4,S>M:3,T>A:2,T>N:2,M>A:1,L>M:1,S>F:1	S:148,T:65,M:14,A:13,N:10,L:8,F:1,I:1
583	M	S	3	0	8.619e-03	0.0229160	M>T:33,T>M:7,M>A:6,M>L:5,T>A:5,M>I:4,T>S:4,M>K:4,M>S:3,K>M:3,L>M:2,T>I:2,T>K:2,K>E:2,L>T:1,I>T:1,T>Q:1,K>T:1,K>N:1	M:131,T:53,K:25,A:18,L:13,I:9,S:7,E:2,N:1,Q:1
588	A	T	7	2	8.650e-03	0.0229226	S>T:11,A>T:7,A>S:7,A>M:4,S>Y:3,A>I:3,A>L:3,T>A:2,S>L:2,T>S:2,A>F:2,C>L:1,Y>C:1,T>I:1,T>V:1,S>A:1,S>M:1,F>L:1,S>F:1,M>L:1,I>S:1,A>V:1,T>L:1	S:125,A:80,T:21,L:11,M:8,I:5,Y:4,F:3,V:2,C:1
359	A	G	2	1	8.650e-03	0.0229226	N>G:4,A>G:2,N>A:2,A>N:1,G>A:1,N>S:1,N>Q:1,N>D:1,G>N:1	N:233,A:16,G:8,S:1,D:1,Q:1
284	I	T	4	1	8.680e-03	0.0229658	L>T:12,L>I:5,I>T:4,T>L:3,L>S:3,T>A:3,L>F:2,I>L:1,T>I:1,I>A:1,T>M:1,S>T:1,M>T:1,L>M:1,I>V:1	L:192,T:36,I:18,A:6,S:3,F:2,M:2,V:1
593	T	S	15	4	8.710e-03	0.0230089	T>S:15,S>T:4,S>P:4,T>K:2,T>N:2,T>I:1,T>P:1,T>A:1,S>R:1,S>Q:1	T:145,S:94,K:10,P:5,N:2,Q:1,R:1,A:1,I:1
615	Y	H	13	13	8.770e-03	0.0231313	H>Y:13,Y>H:13,H>Q:7,H>R:3,H>T:3,Y>Q:3,Q>P:2,H>L:2,Y>L:2,T>S:2,H>K:1,Y>F:1,T>N:1,T>I:1	Y:82,H:50,-:50,Q:35,T:16,L:9,K:4,P:3,R:3,F:2,S:2,N:2,I:1,V:1
554	T	A	3	0	8.800e-03	0.0231739	N>S:17,S>N:11,S>T:7,S>G:7,N>H:6,N>D:4,N>Y:4,N>T:4,S>K:4,G>S:4,N>K:3,T>A:3,S>A:2,N>E:1,H>Y:1,H>L:1,Y>L:1,S>F:1,N>G:1,T>D:1,T>N:1,K>T:1,G>A:1,N>L:1,N>I:1,S>Y:1	N:97,S:62,T:22,G:20,K:15,H:12,E:8,A:6,Y:6,D:5,L:4,F:1,I:1,Q:1
449	T	S	15	1	9.102e-03	0.0238917	T>S:15,T>A:11,T>V:9,T>M:4,T>I:3,T>N:2,S>P:2,T>P:2,S>T:1,M>V:1,T>L:1,P>T:1,P>L:1,P>S:1,S>L:1,I>L:1	T:182,S:29,V:13,A:12,P:10,M:5,L:4,I:3,N:2
277	T	S	2	0	9.102e-03	0.0238917	N>T:19,N>S:13,N>H:4,T>S:2,N>D:1,N>Y:1	N:189,T:39,S:26,H:4,D:1,Y:1
143	V	I	17	2	9.162e-03	0.0240119	V>I:17,L>M:4,L>V:4,M>L:3,I>V:2,L>I:2,V>L:2,M>I:1	L:159,V:63,I:24,M:13,Q:1
42	H	Q	2	2	9.252e-03	0.0242106	N>S:24,R>H:10,N>K:6,H>Y:5,R>L:4,R>N:4,S>T:3,R>K:3,R>Q:3,Q>K:3,Q>H:2,H>Q:2,R>Y:2,L>T:2,N>R:2,T>A:1,S>F:1,Q>T:1,H>R:1,H>T:1,L>Q:1,Q>N:1,H>N:1,H>L:1,Q>R:1,Q>L:1,Q>W:1,S>R:1	N:83,R:57,S:37,H:20,K:19,Q:15,L:10,T:9,Y:7,F:1,A:1,W:1
369	G	N	6	0	9.403e-03	0.0245662	G>S:8,G>N:6,G>C:2,C>S:1,C>R:1,C>H:1,S>C:1,G>A:1	G:227,S:12,C:10,N:8,R:1,H:1,A:1
35	N	P	2	0	9.463e-03	0.0246848	N>S:15,N>T:7,N>I:2,N>P:2,T>A:1,L>P:1,I>L:1,S>A:1,S>P:1	N:225,S:15,T:7,P:5,I:5,A:2,L:1
587	T	F	2	0	9.524e-03	0.0248030	T>A:30,T>I:11,T>S:4,I>T:4,T>N:2,T>F:2,I>V:2,A>T:1,T>M:1,T>K:1,I>L:1	T:176,A:45,I:19,S:7,N:4,L:2,K:2,F:2,V:2,M:1
590	S	P	3	4	9.554e-03	0.0248425	T>S:26,T>N:11,T>P:10,T>A:9,T>I:6,P>S:4,S>P:3,T>L:3,S>T:2,T>M:2,P>H:1,S>L:1,S>M:1,V>I:1,T>V:1,P>R:1,T>Q:1	T:142,S:41,P:31,N:15,A:9,L:8,I:7,M:3,V:1,Q:1,H:1,R:1
579	N	H	6	0	9.614e-03	0.0249601	N>S:22,D>N:21,N>H:6,T>S:4,T>A:4,D>H:3,N>K:3,N>D:3,N>T:3,T>N:3,D>E:2,E>D:1,A>T:1,D>A:1,D>K:1,T>L:1,H>Q:1,S>F:1,T>I:1,D>T:1	N:109,D:72,S:30,T:19,H:10,E:7,A:5,K:4,L:1,Q:1,F:1,I:1
552	F	S	2	1	9.644e-03	0.0249992	L>S:10,L>I:9,L>F:5,L>M:5,L>T:3,F>S:2,L>P:1,L>V:1,S>L:1,F>L:1,S>F:1	L:211,S:16,F:12,I:10,M:5,T:4,P:1,V:1
446	P	T	6	0	9.704e-03	0.0250380	P>S:21,P>L:7,P>T:6,T>A:4,P>Q:3,P>N:2,P>H:2,L>M:2,T>I:2,P>A:2,T>S:1,S>T:1,S>A:1,T>L:1,T>N:1,P>R:1,T>M:1	P:182,S:31,T:11,L:9,A:7,H:5,N:4,Q:4,M:3,I:3,R:1
50	I	M	4	0	9.734e-03	0.0250380	T>I:17,I>T:10,I>V:10,T>V:6,I>L:4,I>M:4,T>L:3,T>A:3,T>M:2,T>S:1,V>A:1,A>I:1,A>T:1	I:156,T:64,V:16,L:11,M:6,A:6,S:1
579	N	T	3	3	9.734e-03	0.0250380	N>S:22,D>N:21,N>H:6,T>S:4,T>A:4,D>H:3,N>K:3,N>D:3,N>T:3,T>N:3,D>E:2,E>D:1,A>T:1,D>A:1,D>K:1,T>L:1,H>Q:1,S>F:1,T>I:1,D>T:1	N:109,D:72,S:30,T:19,H:10,E:7,A:5,K:4,L:1,Q:1,F:1,I:1
492	T	F	2	0	9.674e-03	0.0250380	T>L:12,L>T:11,T>M:8,L>P:6,T>I:5,L>F:3,T>P:3,L>M:3,T>F:2,T>A:2,T>S:2,L>I:2,M>L:1,T>Q:1,L>V:1,M>T:1	L:128,T:89,M:14,P:10,I:7,F:6,S:2,A:2,V:1,Q:1
615	H	L	2	0	9.704e-03	0.0250380	H>Y:13,Y>H:13,H>Q:7,H>R:3,H>T:3,Y>Q:3,Q>P:2,H>L:2,Y>L:2,T>S:2,H>K:1,Y>F:1,T>N:1,T>I:1	Y:82,H:50,-:50,Q:35,T:16,L:9,K:4,P:3,R:3,F:2,S:2,N:2,I:1,V:1
447	S	P	3	10	9.765e-03	0.0250766	T>P:17,P>S:10,P>T:7,T>A:4,T>S:4,P>V:3,S>P:3,T>V:1,P>A:1	P:164,T:65,S:22,A:5,V:4
551	H	Y	2	0	9.795e-03	0.0251152	N>K:23,N>T:13,N>S:11,N>G:6,N>A:6,N>I:5,N>H:4,K>N:4,K>S:3,T>A:3,N>Y:3,K>Q:2,S>T:2,H>Y:2,M>T:1,K>M:1,N>D:1,S>G:1,N>E:1,T>I:1,T>M:1,S>L:1,G>S:1,T>N:1,N>Q:1,S>A:1,G>A:1	N:99,K:63,T:28,S:17,I:13,A:12,G:8,Y:5,H:5,Q:4,M:2,D:1,E:1,L:1,-:1
514	K	N	4	2	1.001e-02	0.0256165	N>S:14,N>T:8,K>N:4,K>S:3,N>K:2,K>T:2,N>D:1,N>H:1,T>S:1,T>N:1,T>A:1	K:125,N:87,T:25,S:20,D:1,H:1,A:1
590	T	M	2	0	1.013e-02	0.0258852	T>S:26,T>N:11,T>P:10,T>A:9,T>I:6,P>S:4,S>P:3,T>L:3,S>T:2,T>M:2,P>H:1,S>L:1,S>M:1,V>I:1,T>V:1,P>R:1,T>Q:1	T:142,S:41,P:31,N:15,A:9,L:8,I:7,M:3,V:1,Q:1,H:1,R:1
593	S	T	4	15	1.034e-02	0.0263838	T>S:15,S>T:4,S>P:4,T>K:2,T>N:2,T>I:1,T>P:1,T>A:1,S>R:1,S>Q:1	T:145,S:94,K:10,P:5,N:2,Q:1,R:1,A:1,I:1
601	G	T	2	0	1.049e-02	0.0267273	G>S:13,G>A:3,G>E:2,G>T:2,G>M:1	G:223,S:21,A:6,E:5,T:3,M:1,K:1
500	V	T	5	0	1.055e-02	0.0268397	I>T:15,I>L:11,V>L:9,I>V:8,V>A:8,V>T:5,I>A:4,V>I:4,I>M:3,L>T:2,V>M:2,L>V:1,T>S:1,M>L:1,T>A:1,A>T:1	I:107,V:59,L:45,T:29,A:13,M:5,S:1,N:1
503	T	A	6	1	1.061e-02	0.0269517	I>T:18,A>I:10,I>V:9,V>I:8,I>A:7,A>V:7,T>A:6,I>L:6,V>L:6,I>M:4,V>A:4,I>F:2,T>I:2,T>L:2,T>S:1,A>T:1,M>A:1,T>M:1,L>S:1,A>L:1	I:89,A:77,V:30,T:27,L:20,M:13,S:2,F:2
585	S	T	4	17	1.064e-02	0.0269870	T>A:22,A>T:19,T>S:17,A>S:11,S>T:4,T>I:1,A>V:1,S>A:1	T:115,S:74,A:69,V:1,I:1
46	T	I	13	0	1.070e-02	0.0270984	T>A:28,T>I:13,T>S:3,T>M:3,S>L:1,A>T:1,M>L:1,S>Y:1,T>V:1	T:190,A:36,I:15,S:7,L:6,M:4,V:1,Y:1
218	T	M	6	1	1.076e-02	0.0272095	T>I:11,T>M:6,M>I:3,T>L:3,M>L:2,I>T:2,T>V:1,L>I:1,M>T:1	T:195,I:25,L:24,M:15,V:1
199	S	T	4	19	1.079e-02	0.0272442	T>S:19,S>T:4,T>P:1	T:222,S:37,P:1
614	T	M	18	0	1.082e-02	0.0272788	T>S:25,T>M:18,T>L:8,T>Q:6,T>I:5,T>H:5,T>A:5,T>N:3,I>T:2,I>L:1,H>Q:1,L>M:1,M>L:1,T>Y:1,S>F:1	T:133,S:36,L:26,M:25,H:12,Q:8,I:7,A:5,N:3,-:2,Y:2,F:1
524	H	Y	3	1	1.088e-02	0.0273892	Q>H:10,Q>K:8,L>M:5,H>Y:3,Q>R:3,K>T:3,L>S:3,M>K:3,P>S:2,P>H:2,H>P:2,Q>L:2,Q>P:2,L>R:2,M>R:2,S>R:2,K>M:2,K>N:2,P>L:1,Y>H:1,S>Y:1,S>L:1,S>A:1,S>P:1,P>A:1,H>N:1,P>T:1,H>R:1,Q>S:1,Q>T:1,L>K:1,L>W:1,L>I:1,M>Y:1,L>P:1,S>M:1,L>Y:1,M>L:1,K>I:1,K>L:1,K>P:1,P>Q:1	L:87,Q:43,H:34,K:25,P:17,M:13,R:10,S:9,Y:7,T:5,N:3,-:2,I:2,A:2,W:1
189	C	S	5	4	1.094e-02	0.0274161	C>S:5,S>C:4,S>T:3,S>N:2	C:127,S:127,T:3,N:2,A:1
572	L	F	4	0	1.091e-02	0.0274161	L>M:12,M>I:11,M>L:10,M>T:4,M>V:4,L>F:4,M>A:2,L>V:2,L>A:2,I>F:1,M>F:1,L>S:1,L>I:1,M>S:1	M:134,L:87,I:15,F:8,V:6,A:4,T:4,S:2
196	T	Y	2	0	1.094e-02	0.0274161	T>S:22,T>A:18,S>T:3,S>H:2,T>N:2,T>Y:2,T>I:1,T>V:1,Y>H:1,S>Y:1,T>M:1,A>T:1,S>L:1	T:186,S:37,A:22,Y:5,H:3,N:3,M:1,L:1,V:1,I:1
615	Q	P	2	0	1.109e-02	0.0277518	H>Y:13,Y>H:13,H>Q:7,H>R:3,H>T:3,Y>Q:3,Q>P:2,H>L:2,Y>L:2,T>S:2,H>K:1,Y>F:1,T>N:1,T>I:1	Y:82,H:50,-:50,Q:35,T:16,L:9,K:4,P:3,R:3,F:2,S:2,N:2,I:1,V:1
33	F	L	16	10	1.115e-02	0.0278606	F>L:16,L>F:10,Y>H:5,F>P:5,F>Y:4,F>S:4,P>S:2,F>M:2,L>I:1,H>Y:1,L>H:1,S>P:1,L>S:1,F>T:1,H>L:1,F>H:1,P>L:1,L>P:1,L>M:1,Y>S:1	L:136,F:62,P:18,Y:16,S:11,H:9,M:4,-:2,I:1,T:1
357	S	N	17	43	1.127e-02	0.0281195	N>S:43,S>N:17,S>A:4,A>T:1,S>C:1,N>C:1	S:139,N:109,A:8,C:3,T:1
38	T	N	6	0	1.133e-02	0.0282274	T>A:30,T>S:12,T>I:8,T>N:6,T>L:5,S>L:4,T>D:4,D>N:3,T>P:3,T>H:2,K>Q:2,N>D:2,N>S:2,A>T:1,S>A:1,S>Q:1,M>L:1,M>S:1,M>Q:1,T>M:1,D>S:1,D>T:1,A>D:1,T>V:1,I>A:1,L>Q:1,K>E:1,T>K:1,N>E:1,N>H:1,N>Y:1,T>G:1,H>N:1,H>Y:1,H>T:1	T:122,A:36,S:22,L:15,N:15,D:11,I:9,Q:7,K:6,H:6,P:3,E:2,M:2,Y:2,V:1,G:1
554	N	S	17	11	1.145e-02	0.0284849	N>S:17,S>N:11,S>T:7,S>G:7,N>H:6,N>D:4,N>Y:4,N>T:4,S>K:4,G>S:4,N>K:3,T>A:3,S>A:2,N>E:1,H>Y:1,H>L:1,Y>L:1,S>F:1,N>G:1,T>D:1,T>N:1,K>T:1,G>A:1,N>L:1,N>I:1,S>Y:1	N:97,S:62,T:22,G:20,K:15,H:12,E:8,A:6,Y:6,D:5,L:4,F:1,I:1,Q:1
94	L	F	4	26	1.154e-02	0.0286668	F>L:26,L>F:4,F>S:1,F>I:1	F:203,L:55,I:1,S:1
513	S	L	4	0	1.160e-02	0.0287734	S>T:8,S>A:5,S>L:4,A>M:3,M>A:2,L>A:1,A>T:1,M>T:1,T>M:1,T>A:1,T>V:1	S:217,T:14,L:12,A:10,M:5,V:1,I:1
608	F	L	4	21	1.169e-02	0.0289544	L>I:22,L>F:21,L>M:7,F>L:4,L>T:1,I>L:1,F>I:1	L:193,F:31,I:25,M:9,T:2
483	T	P	5	1	1.178e-02	0.0290482	T>A:16,T>M:11,T>S:6,T>I:5,T>P:5,T>V:5,A>T:2,T>C:1,P>T:1,M>A:1,T>E:1	T:193,A:26,M:14,P:7,V:6,I:6,S:6,E:1,C:1
455	N	S	5	2	1.178e-02	0.0290482	N>D:19,N>S:5,N>H:3,N>T:3,S>N:2,S>M:2,S>T:2,T>A:2,S>H:1,D>N:1,N>Q:1	N:198,D:25,T:14,S:13,H:4,A:3,M:2,Q:1
38	N	S	2	0	1.178e-02	0.0290482	T>A:30,T>S:12,T>I:8,T>N:6,T>L:5,S>L:4,T>D:4,D>N:3,T>P:3,T>H:2,K>Q:2,N>D:2,N>S:2,A>T:1,S>A:1,S>Q:1,M>L:1,M>S:1,M>Q:1,T>M:1,D>S:1,D>T:1,A>D:1,T>V:1,I>A:1,L>Q:1,K>E:1,T>K:1,N>E:1,N>H:1,N>Y:1,T>G:1,H>N:1,H>Y:1,H>T:1	T:122,A:36,S:22,L:15,N:15,D:11,I:9,Q:7,K:6,H:6,P:3,E:2,M:2,Y:2,V:1,G:1
141	L	M	5	9	1.181e-02	0.0290792	M>L:9,L>F:7,L>M:5,M>I:3	M:130,L:114,F:10,I:6
507	V	M	3	1	1.184e-02	0.0291102	A>V:10,I>L:10,V>I:10,V>A:10,A>I:9,I>M:7,I>A:5,L>F:3,I>V:3,A>T:3,V>M:3,I>T:2,M>L:2,L>M:1,M>V:1,A>F:1,V>Y:1,A>M:1,V>T:1,I>S:1,L>I:1	I:118,A:74,L:25,V:17,M:14,T:6,F:4,S:1,Y:1
500	V	A	8	0	1.196e-02	0.0293630	I>T:15,I>L:11,V>L:9,I>V:8,V>A:8,V>T:5,I>A:4,V>I:4,I>M:3,L>T:2,V>M:2,L>V:1,T>S:1,M>L:1,T>A:1,A>T:1	I:107,V:59,L:45,T:29,A:13,M:5,S:1,N:1
92	M	L	5	3	1.199e-02	0.0293935	M>T:21,M>L:5,M>V:4,T>M:4,L>M:3,L>T:1,T>V:1,M>I:1	T:141,M:92,L:20,V:5,I:1,F:1
82	I	L	2	16	1.202e-02	0.0294239	L>I:16,I>V:13,L>F:7,L>M:5,I>L:2,M>L:1,M>V:1,L>V:1,I>M:1,I>F:1	I:133,L:92,V:17,M:9,F:9
559	I	L	9	1	1.206e-02	0.0294542	I>L:9,I>V:6,I>T:4,I>F:3,L>F:2,F>L:1,L>I:1	I:225,L:16,F:9,V:6,T:4
210	H	Q	4	0	1.221e-02	0.0297785	S>T:11,N>D:7,S>H:6,T>A:5,T>S:5,N>T:4,N>S:4,H>Q:4,T>N:4,T>V:3,S>P:3,S>N:3,D>N:3,N>G:2,H>N:2,T>P:2,T>H:2,S>A:2,G>A:1,N>V:1,H>D:1,H>C:1,N>H:1,T>Q:1,T>L:1,T>G:1,T>M:1,S>L:1,S>Y:1,S>D:1,S>Q:1,A>D:1,A>T:1,N>E:1,T>D:1,N>Y:1,N>C:1	T:89,S:55,N:37,D:22,H:19,A:10,Q:6,P:5,V:4,G:3,-:2,L:2,Y:2,C:2,M:1,E:1
582	L	R	2	0	1.224e-02	0.0298082	L>Q:13,L>T:8,L>V:7,L>M:5,V>I:3,L>R:2,I>T:2,L>I:2,L>A:2,V>M:2,S>T:1,L>S:1,L>H:1,I>L:1,I>V:1,T>I:1,M>V:1,V>T:1	L:171,V:28,T:19,Q:17,M:10,I:8,R:3,A:2,H:1,S:1
572	L	V	2	0	1.227e-02	0.0298378	L>M:12,M>I:11,M>L:10,M>T:4,M>V:4,L>F:4,M>A:2,L>V:2,L>A:2,I>F:1,M>F:1,L>S:1,L>I:1,M>S:1	M:134,L:87,I:15,F:8,V:6,A:4,T:4,S:2
197	M	A	2	0	1.233e-02	0.0299405	M>T:37,M>L:16,T>M:5,L>M:4,M>I:3,T>S:2,M>A:2,I>L:1,L>I:1,L>F:1,T>I:1,M>F:1,M>S:1,L>T:1,T>A:1	M:129,T:60,L:46,F:9,I:9,S:3,A:3,D:1
66	L	I	2	3	1.236e-02	0.0299699	I>V:4,I>L:3,L>Q:2,L>I:2,L>P:1,L>V:1,I>A:1,I>T:1	I:139,L:110,V:5,Q:2,T:2,A:1,P:1
279	K	N	3	0	1.248e-02	0.0301740	Q>P:12,P>Q:4,K>N:3,Q>H:3,Q>K:2,P>H:2,Q>E:2,P>A:1,Q>S:1,K>Q:1,N>T:1,Q>N:1	Q:167,P:60,K:17,H:5,E:4,N:4,T:1,S:1,A:1
207	H	S	2	3	1.248e-02	0.0301740	S>P:17,S>T:16,S>F:4,Y>H:3,S>H:3,T>S:3,H>S:2,T>L:2,T>A:2,S>Y:2,S>L:2,Y>N:1,Y>T:1,H>Y:1,H>L:1,H>N:1,H>Q:1,S>Q:1,S>E:1,S>A:1,T>M:1	S:142,T:40,P:18,H:16,Y:14,L:7,-:5,F:5,N:4,Q:4,A:3,M:1,E:1
591	M	A	2	0	1.260e-02	0.0304212	L>F:22,L>M:13,L>I:9,L>Y:3,M>A:2,M>I:1,M>T:1,L>T:1,I>L:1,I>A:1,L>A:1,S>Y:1,L>S:1,F>L:1	L:188,F:29,M:17,I:11,A:8,Y:4,T:2,S:1
480	I	T	13	0	1.266e-02	0.0305223	I>T:13,I>M:8,I>L:4,I>V:3,I>S:1,M>L:1,M>T:1,M>V:1	I:220,T:14,M:13,L:8,V:4,S:1
610	I	A	5	0	1.269e-02	0.0305506	I>M:16,I>L:10,I>T:9,I>A:5,M>L:3,T>M:2,T>A:2,I>F:2,I>V:2,L>I:1,L>M:1,M>T:1,T>V:1	I:148,M:32,-:27,L:23,T:15,A:10,V:3,F:2
548	T	I	3	0	1.272e-02	0.0305788	S>T:25,S>N:24,S>A:9,N>S:7,S>G:4,N>T:4,T>I:3,S>I:3,T>A:2,S>H:2,S>L:1,F>C:1,F>L:1,F>Y:1,S>F:1,S>Q:1,T>M:1,T>V:1,A>I:1,S>M:1,S>C:1	S:132,N:40,T:39,A:12,I:11,C:6,G:5,L:4,M:3,F:2,H:2,Y:1,V:1,Q:1,P:1
550	T	S	14	0	1.275e-02	0.0306069	T>M:22,T>S:14,T>A:12,T>L:6,T>K:5,M>L:3,M>T:3,T>I:3,M>A:1,S>Y:1,T>E:1,A>S:1,T>H:1,K>T:1,T>N:1	T:155,M:32,K:18,S:18,L:17,A:13,I:3,H:1,Y:1,N:1,E:1
512	L	I	10	1	1.287e-02	0.0308517	L>I:10,L>M:9,I>M:5,I>V:2,I>L:1,L>V:1	L:184,I:55,M:18,V:3
506	I	L	9	0	1.299e-02	0.0310163	I>V:11,I>A:11,I>L:9,I>T:5,I>M:4,L>F:1,V>L:1,V>M:1,V>I:1,V>A:1	I:211,V:14,A:12,L:12,T:5,M:5,F:1
449	T	V	9	0	1.305e-02	0.0310163	T>S:15,T>A:11,T>V:9,T>M:4,T>I:3,T>N:2,S>P:2,T>P:2,S>T:1,M>V:1,T>L:1,P>T:1,P>L:1,P>S:1,S>L:1,I>L:1	T:182,S:29,V:13,A:12,P:10,M:5,L:4,I:3,N:2
35	N	I	2	0	1.305e-02	0.0310163	N>S:15,N>T:7,N>I:2,N>P:2,T>A:1,L>P:1,I>L:1,S>A:1,S>P:1	N:225,S:15,T:7,P:5,I:5,A:2,L:1
457	M	A	2	2	1.299e-02	0.0310163	T>A:15,T>M:8,A>T:6,S>L:4,T>S:4,T>L:3,M>T:3,A>N:2,A>S:2,T>K:2,M>A:2,M>L:2,A>M:2,A>L:2,S>P:1,K>N:1,K>T:1,Q>L:1,S>Q:1,A>K:1	A:144,T:41,L:24,M:20,S:13,K:7,Q:6,N:4,P:1
7	V	A	2	0	1.305e-02	0.0310163	V>I:16,V>T:9,I>T:5,L>I:3,L>M:2,V>A:2,L>F:1,L>P:1,I>L:1,I>M:1,I>V:1	L:118,V:72,I:46,T:14,M:3,A:3,-:2,P:1,F:1
499	L	I	2	20	1.305e-02	0.0310163	I>L:20,I>M:8,L>M:5,I>V:3,M>L:3,L>I:2,M>T:1,I>T:1,I>A:1	I:150,L:86,M:18,V:3,T:2,A:1
448	I	L	9	0	1.311e-02	0.0310705	I>T:16,I>L:9,I>V:6,I>M:6,T>I:1,T>M:1,M>I:1,I>N:1,I>F:1,T>S:1,T>A:1,L>V:1,I>S:1,I>A:1	L:123,I:74,T:26,M:13,N:12,V:7,S:2,A:2,F:1
109	T	L	3	0	1.311e-02	0.0310705	T>S:16,T>M:10,T>L:3,M>I:1,T>A:1,L>S:1,S>L:1,M>T:1	T:193,S:38,M:18,L:7,I:2,A:1,V:1
583	T	S	4	0	1.320e-02	0.0312401	M>T:33,T>M:7,M>A:6,M>L:5,T>A:5,M>I:4,T>S:4,M>K:4,M>S:3,K>M:3,L>M:2,T>I:2,T>K:2,K>E:2,L>T:1,I>T:1,T>Q:1,K>T:1,K>N:1	M:131,T:53,K:25,A:18,L:13,I:9,S:7,E:2,N:1,Q:1
280	T	L	3	0	1.326e-02	0.0313381	T>I:5,T>A:4,T>N:4,T>M:3,T>L:3,T>S:2,T>V:2,T>Y:1,L>F:1,N>Y:1,T>P:1	T:233,I:5,N:4,A:4,M:3,L:3,Y:2,S:2,V:2,P:1,F:1
211	Q	P	7	0	1.347e-02	0.0317914	Q>P:7,Q>K:6,Q>H:4,Q>E:4,Q>T:2,E>K:2,Q>M:1,H>Y:1,Q>N:1	Q:221,K:13,P:8,E:7,H:6,T:2,N:1,M:1,Y:1
583	M	K	4	3	1.362e-02	0.0320558	M>T:33,T>M:7,M>A:6,M>L:5,T>A:5,M>I:4,T>S:4,M>K:4,M>S:3,K>M:3,L>M:2,T>I:2,T>K:2,K>E:2,L>T:1,I>T:1,T>Q:1,K>T:1,K>N:1	M:131,T:53,K:25,A:18,L:13,I:9,S:7,E:2,N:1,Q:1
50	T	L	3	0	1.362e-02	0.0320558	T>I:17,I>T:10,I>V:10,T>V:6,I>L:4,I>M:4,T>L:3,T>A:3,T>M:2,T>S:1,V>A:1,A>I:1,A>T:1	I:156,T:64,V:16,L:11,M:6,A:6,S:1
39	T	L	3	0	1.371e-02	0.0322228	T>I:31,I>T:14,T>S:13,T>A:4,T>L:3,S>L:2,S>H:2,T>N:2,S>T:1,T>M:1,I>L:1,T>H:1,I>S:1,I>V:1	T:162,I:60,S:20,L:7,A:4,H:3,N:2,V:1,M:1
1	M	V	21	5	1.386e-02	0.0324391	M>V:21,V>M:5	M:213,V:47
68	S	F	6	1	1.386e-02	0.0324391	S>T:33,S>L:7,F>L:7,S>F:6,S>C:3,C>Y:2,T>I:2,F>Y:2,S>H:2,S>Y:1,S>A:1,T>L:1,F>T:1,S>N:1,F>I:1,F>S:1	S:156,T:50,L:17,F:13,C:10,Y:7,I:3,H:2,N:1,A:1
457	T	L	3	0	1.386e-02	0.0324391	T>A:15,T>M:8,A>T:6,S>L:4,T>S:4,T>L:3,M>T:3,A>N:2,A>S:2,T>K:2,M>A:2,M>L:2,A>M:2,A>L:2,S>P:1,K>N:1,K>T:1,Q>L:1,S>Q:1,A>K:1	A:144,T:41,L:24,M:20,S:13,K:7,Q:6,N:4,P:1
527	R	Q	5	6	1.392e-02	0.0324675	Q>R:6,R>Q:5,Q>P:2,Q>H:2,R>K:1	Q:231,R:16,P:10,H:2,K:1
523	I	T	3	15	1.395e-02	0.0324675	T>I:15,I>L:9,T>S:7,T>A:4,I>M:3,I>T:3,I>F:2,T>N:1,S>Y:1,I>V:1,T>M:1	T:116,I:110,L:12,S:7,M:5,A:4,F:2,V:1,-:1,N:1,Y:1
18	I	L	2	0	1.395e-02	0.0324675	A>T:23,T>A:16,T>M:10,T>I:5,T>L:5,M>T:3,T>V:3,A>V:3,I>L:2,T>S:2,A>M:2,M>L:1,M>I:1,L>M:1,L>V:1,A>I:1,V>T:1,I>T:1,V>I:1,V>L:1,S>F:1,M>V:1	T:112,A:93,M:18,L:14,V:11,I:9,S:2,F:1
9	N	I	2	0	1.392e-02	0.0324675	N>T:13,N>S:10,N>I:2,N>A:1	N:227,T:14,S:13,I:4,A:1,-:1
68	F	Y	2	0	1.401e-02	0.0325620	S>T:33,S>L:7,F>L:7,S>F:6,S>C:3,C>Y:2,T>I:2,F>Y:2,S>H:2,S>Y:1,S>A:1,T>L:1,F>T:1,S>N:1,F>I:1,F>S:1	S:156,T:50,L:17,F:13,C:10,Y:7,I:3,H:2,N:1,A:1
10	T	L	3	1	1.407e-02	0.0326564	T>S:7,T>A:5,T>V:5,T>L:3,I>T:3,I>S:3,T>I:2,S>T:1,L>T:1,V>I:1,I>V:1,I>M:1	T:212,S:18,I:12,V:8,A:5,L:4,M:1
276	N	D	3	0	1.410e-02	0.0326806	N>S:27,T>A:17,T>S:12,S>N:9,N>H:6,T>E:3,N>D:3,S>T:2,S>A:2,A>T:1,N>T:1,N>Y:1,H>N:1,H>Y:1,H>Q:1,C>H:1,C>D:1,S>C:1,S>H:1	S:72,T:64,N:56,A:33,H:15,C:7,E:4,Y:4,D:4,Q:1
53	V	I	23	22	1.423e-02	0.0328224	V>I:23,I>V:22,V>M:7,V>L:6,V>A:5,I>L:4,M>A:3,V>T:2,I>A:2,I>T:1,A>L:1,A>I:1,M>L:1,I>M:1	I:134,V:79,A:18,L:14,M:11,T:4
446	P	N	2	0	1.423e-02	0.0328224	P>S:21,P>L:7,P>T:6,T>A:4,P>Q:3,P>N:2,P>H:2,L>M:2,T>I:2,P>A:2,T>S:1,S>T:1,S>A:1,T>L:1,T>N:1,P>R:1,T>M:1	P:182,S:31,T:11,L:9,A:7,H:5,N:4,Q:4,M:3,I:3,R:1
76	T	A	2	0	1.423e-02	0.0328224	M>T:22,T>M:9,M>P:3,M>A:2,T>A:2,P>T:1,P>S:1,P>Q:1,Q>P:1,M>Q:1,T>S:1,M>I:1,T>D:1,P>M:1	M:163,T:67,P:14,A:6,Q:4,S:3,I:1,D:1,G:1
210	S	P	3	0	1.429e-02	0.0329157	S>T:11,N>D:7,S>H:6,T>A:5,T>S:5,N>T:4,N>S:4,H>Q:4,T>N:4,T>V:3,S>P:3,S>N:3,D>N:3,N>G:2,H>N:2,T>P:2,T>H:2,S>A:2,G>A:1,N>V:1,H>D:1,H>C:1,N>H:1,T>Q:1,T>L:1,T>G:1,T>M:1,S>L:1,S>Y:1,S>D:1,S>Q:1,A>D:1,A>T:1,N>E:1,T>D:1,N>Y:1,N>C:1	T:89,S:55,N:37,D:22,H:19,A:10,Q:6,P:5,V:4,G:3,-:2,L:2,Y:2,C:2,M:1,E:1
50	I	V	10	0	1.432e-02	0.0329394	T>I:17,I>T:10,I>V:10,T>V:6,I>L:4,I>M:4,T>L:3,T>A:3,T>M:2,T>S:1,V>A:1,A>I:1,A>T:1	I:156,T:64,V:16,L:11,M:6,A:6,S:1
612	M	V	5	0	1.444e-02	0.0331707	M>L:15,L>M:8,M>T:8,M>A:7,M>I:7,M>V:5,L>S:4,L>F:3,L>I:3,I>M:2,L>T:1,L>A:1,A>L:1,M>S:1	L:139,M:70,I:18,T:10,A:9,S:6,V:5,F:3
284	T	L	3	12	1.450e-02	0.0332632	L>T:12,L>I:5,I>T:4,T>L:3,L>S:3,T>A:3,L>F:2,I>L:1,T>I:1,I>A:1,T>M:1,S>T:1,M>T:1,L>M:1,I>V:1	L:192,T:36,I:18,A:6,S:3,F:2,M:2,V:1
418	I	V	7	8	1.456e-02	0.0333553	L>I:9,V>L:9,V>I:8,I>V:7,I>L:7,L>S:6,L>T:5,V>T:5,L>V:4,L>F:3,I>T:2,S>T:1,L>M:1,V>A:1,L>A:1	L:176,V:25,I:23,T:19,S:9,F:4,A:3,M:1
41	M	T	5	4	1.459e-02	0.0333783	T>V:7,M>T:5,T>M:4,S>T:2,S>P:1,T>S:1,T>I:1,T>A:1	T:232,M:11,V:8,S:5,I:2,A:1,P:1
10	I	T	3	2	1.465e-02	0.0334701	T>S:7,T>A:5,T>V:5,T>L:3,I>T:3,I>S:3,T>I:2,S>T:1,L>T:1,V>I:1,I>V:1,I>M:1	T:212,S:18,I:12,V:8,A:5,L:4,M:1
494	I	L	2	0	1.471e-02	0.0335616	T>M:5,T>A:2,I>L:2,M>T:1,M>V:1,M>I:1,T>S:1,I>V:1,I>T:1,T>I:1,T>L:1	T:132,I:111,M:8,A:3,L:3,V:2,S:1
24	T	I	3	11	1.486e-02	0.0338589	I>L:19,I>T:11,I>M:10,I>V:3,M>T:3,T>I:3,T>A:2,M>I:1,T>M:1	I:177,T:32,M:24,L:22,V:3,A:2
569	Y	F	18	0	1.498e-02	0.0340868	Y>F:18,Y>L:11,F>L:3,Y>N:1,Y>G:1,Y>A:1,Y>H:1	Y:212,L:23,F:21,N:1,G:1,H:1,A:1
461	P	S	13	0	1.528e-02	0.0345829	P>S:13	P:244,S:16
542	P	H	6	0	1.522e-02	0.0345829	P>L:11,P>H:6,P>S:3,P>F:1,H>Y:1,P>Y:1,P>T:1,P>Q:1,P>I:1	P:227,L:14,H:7,S:3,I:3,F:2,Y:2,Q:1,T:1
523	I	M	3	0	1.528e-02	0.0345829	T>I:15,I>L:9,T>S:7,T>A:4,I>M:3,I>T:3,I>F:2,T>N:1,S>Y:1,I>V:1,T>M:1	T:116,I:110,L:12,S:7,M:5,A:4,F:2,V:1,-:1,N:1,Y:1
21	I	T	2	0	1.525e-02	0.0345829	S>L:20,L>I:11,S>F:7,L>F:5,L>S:5,L>T:4,S>I:3,I>T:2,L>M:2,S>T:2,S>C:2,T>S:1,T>M:1,T>A:1,L>A:1,V>I:1,A>V:1,S>A:1,S>M:1,C>S:1	L:125,S:74,I:25,F:12,T:10,C:5,M:4,A:4,V:1
602	S	V	2	0	1.552e-02	0.0350807	S>T:17,S>A:11,S>C:3,S>V:2	S:205,T:34,A:15,C:3,V:2,I:1
211	Q	T	2	0	1.555e-02	0.0351010	Q>P:7,Q>K:6,Q>H:4,Q>E:4,Q>T:2,E>K:2,Q>M:1,H>Y:1,Q>N:1	Q:221,K:13,P:8,E:7,H:6,T:2,N:1,M:1,Y:1
113	A	N	2	0	1.558e-02	0.0351212	A>S:16,A>T:7,A>E:3,A>N:2,A>H:2,A>Q:1,A>I:1,S>N:1	A:224,S:17,T:7,E:4,N:3,H:3,I:1,Q:1
496	I	T	3	10	1.570e-02	0.0352970	I>M:16,T>I:10,I>V:8,T>M:7,I>L:7,I>T:3,T>S:2,I>A:2,L>F:1,T>L:1,M>I:1,M>L:1,I>F:1	T:121,I:71,M:44,L:10,V:8,F:2,S:2,A:2
195	Y	C	2	0	1.570e-02	0.0352970	S>T:15,S>I:6,S>L:6,S>Y:6,S>C:4,S>A:2,Y>C:2,S>M:1,L>M:1,Y>F:1,S>F:1,T>I:1	S:198,T:17,Y:16,I:10,C:7,L:6,A:2,F:2,M:2
507	I	T	2	0	1.576e-02	0.0353846	A>V:10,I>L:10,V>I:10,V>A:10,A>I:9,I>M:7,I>A:5,L>F:3,I>V:3,A>T:3,V>M:3,I>T:2,M>L:2,L>M:1,M>V:1,A>F:1,V>Y:1,A>M:1,V>T:1,I>S:1,L>I:1	I:118,A:74,L:25,V:17,M:14,T:6,F:4,S:1,Y:1
379	S	A	12	0	1.588e-02	0.0355111	S>A:12,S>T:4,T>A:2,A>T:1	S:227,A:23,T:10
432	M	T	4	1	1.585e-02	0.0355111	L>I:9,I>T:8,L>M:7,I>L:7,I>M:6,L>T:5,M>T:4,M>I:1,L>F:1,I>V:1,T>M:1	L:140,I:83,T:19,M:16,F:1,V:1
455	N	H	3	0	1.588e-02	0.0355111	N>D:19,N>S:5,N>H:3,N>T:3,S>N:2,S>M:2,S>T:2,T>A:2,S>H:1,D>N:1,N>Q:1	N:198,D:25,T:14,S:13,H:4,A:3,M:2,Q:1
555	N	S	16	2	1.603e-02	0.0357228	N>S:16,N>T:7,G>A:6,N>K:4,G>S:4,T>S:3,S>T:3,T>A:2,T>I:2,S>N:2,N>H:2,G>M:2,G>N:2,K>N:1,S>K:1,T>Y:1,N>A:1,G>K:1,G>R:1,G>W:1,N>G:1	G:95,S:53,N:48,T:24,K:17,A:10,H:5,I:3,M:2,Y:1,W:1,R:1
535	M	L	4	0	1.606e-02	0.0357228	S>T:12,T>I:9,S>L:8,T>M:7,T>S:7,T>V:6,T>L:5,M>L:4,T>A:2,M>T:1,T>N:1,S>A:1,S>V:1,S>I:1,I>V:1,S>M:1,S>N:1	T:98,S:97,L:22,I:15,M:12,V:10,A:3,N:2,K:1
15	I	T	2	0	1.606e-02	0.0357228	L>T:3,I>T:2,L>I:2,L>S:1,L>M:1	L:245,I:7,T:6,S:1,M:1
418	I	T	2	0	1.603e-02	0.0357228	L>I:9,V>L:9,V>I:8,I>V:7,I>L:7,L>S:6,L>T:5,V>T:5,L>V:4,L>F:3,I>T:2,S>T:1,L>M:1,V>A:1,L>A:1	L:176,V:25,I:23,T:19,S:9,F:4,A:3,M:1
75	I	M	3	0	1.612e-02	0.0358088	I>T:24,I>L:6,T>I:3,I>M:3,I>V:1,V>I:1,T>V:1,I>A:1,I>N:1	I:201,T:45,L:7,M:3,V:2,A:1,N:1
551	K	S	3	0	1.624e-02	0.0360283	N>K:23,N>T:13,N>S:11,N>G:6,N>A:6,N>I:5,N>H:4,K>N:4,K>S:3,T>A:3,N>Y:3,K>Q:2,S>T:2,H>Y:2,M>T:1,K>M:1,N>D:1,S>G:1,N>E:1,T>I:1,T>M:1,S>L:1,G>S:1,T>N:1,N>Q:1,S>A:1,G>A:1	N:99,K:63,T:28,S:17,I:13,A:12,G:8,Y:5,H:5,Q:4,M:2,D:1,E:1,L:1,-:1
39	T	S	13	1	1.630e-02	0.0361137	T>I:31,I>T:14,T>S:13,T>A:4,T>L:3,S>L:2,S>H:2,T>N:2,S>T:1,T>M:1,I>L:1,T>H:1,I>S:1,I>V:1	T:162,I:60,S:20,L:7,A:4,H:3,N:2,V:1,M:1
528	T	A	2	0	1.639e-02	0.0362656	N>T:18,N>S:14,T>G:5,N>G:4,T>S:3,T>N:3,N>D:2,T>A:2,S>G:1,N>H:1,N>K:1,T>I:1	N:154,T:60,S:21,G:18,A:2,D:2,H:1,K:1,I:1
134	T	I	12	8	1.652e-02	0.0364351	T>I:12,I>T:8,T>L:4,I>L:4,T>M:3,T>A:2,M>T:2,I>V:2,T>V:1,M>I:1,M>L:1,I>M:1,T>S:1	I:126,T:104,L:18,M:6,V:3,A:2,S:1
435	S	T	3	2	1.652e-02	0.0364351	T>I:18,T>A:7,S>T:3,T>M:2,T>S:2,S>A:2,S>F:1	T:220,I:20,A:9,S:8,M:2,F:1
544	I	M	3	0	1.655e-02	0.0364531	T>M:24,T>A:17,T>I:12,V>T:8,V>I:6,V>M:6,V>A:4,I>V:4,M>V:3,I>M:3,T>L:2,T>V:2,T>S:2,M>T:2,I>T:2,L>F:1,I>L:1,S>T:1,S>L:1,S>A:1,M>A:1,I>A:1	T:114,M:41,V:34,I:29,A:25,S:8,L:7,F:1,H:1
582	L	V	7	0	1.691e-02	0.0372005	L>Q:13,L>T:8,L>V:7,L>M:5,V>I:3,L>R:2,I>T:2,L>I:2,L>A:2,V>M:2,S>T:1,L>S:1,L>H:1,I>L:1,I>V:1,T>I:1,M>V:1,V>T:1	L:171,V:28,T:19,Q:17,M:10,I:8,R:3,A:2,H:1,S:1
544	T	I	12	2	1.700e-02	0.0373499	T>M:24,T>A:17,T>I:12,V>T:8,V>I:6,V>M:6,V>A:4,I>V:4,M>V:3,I>M:3,T>L:2,T>V:2,T>S:2,M>T:2,I>T:2,L>F:1,I>L:1,S>T:1,S>L:1,S>A:1,M>A:1,I>A:1	T:114,M:41,V:34,I:29,A:25,S:8,L:7,F:1,H:1
143	L	M	4	3	1.706e-02	0.0374327	V>I:17,L>M:4,L>V:4,M>L:3,I>V:2,L>I:2,V>L:2,M>I:1	L:159,V:63,I:24,M:13,Q:1
143	V	L	2	4	1.718e-02	0.0376475	V>I:17,L>M:4,L>V:4,M>L:3,I>V:2,L>I:2,V>L:2,M>I:1	L:159,V:63,I:24,M:13,Q:1
119	T	D	2	0	1.724e-02	0.0377297	T>N:4,T>S:4,T>M:4,T>K:2,T>D:2,S>T:1,N>S:1,N>K:1	T:234,N:9,S:7,M:5,K:3,D:2
559	L	F	2	1	1.742e-02	0.0380753	I>L:9,I>V:6,I>T:4,I>F:3,L>F:2,F>L:1,L>I:1	I:225,L:16,F:9,V:6,T:4
65	S	C	3	0	1.754e-02	0.0382883	S>N:18,N>S:4,S>C:3,T>A:2,S>T:2,T>I:1,N>G:1,N>H:1,T>S:1	S:202,N:33,T:14,C:4,I:2,G:2,A:2,H:1
613	M	T	4	1	1.757e-02	0.0383037	S>L:16,S>T:11,L>M:4,M>T:4,S>A:4,S>F:4,T>A:3,L>S:2,T>M:1,V>T:1,L>V:1,M>L:1,M>I:1,S>M:1,S>Y:1,F>Y:1	S:170,L:41,T:24,M:9,A:8,F:4,Y:2,V:1,I:1
127	T	I	3	8	1.796e-02	0.0390552	F>L:20,M>T:16,M>L:9,I>T:8,L>F:8,M>I:7,F>I:4,T>I:3,I>V:2,I>L:2,T>A:1,L>I:1,F>V:1,I>M:1	L:62,F:58,M:57,T:49,I:30,V:3,A:1
582	I	T	2	1	1.796e-02	0.0390552	L>Q:13,L>T:8,L>V:7,L>M:5,V>I:3,L>R:2,I>T:2,L>I:2,L>A:2,V>M:2,S>T:1,L>S:1,L>H:1,I>L:1,I>V:1,T>I:1,M>V:1,V>T:1	L:171,V:28,T:19,Q:17,M:10,I:8,R:3,A:2,H:1,S:1
14	L	T	3	0	1.802e-02	0.0391349	L>I:8,L>F:3,L>T:3,P>L:2,L>M:2,T>I:2,T>A:2,L>A:2,P>T:1,P>S:1,L>P:1,L>S:1,L>V:1	L:224,I:14,T:6,A:4,P:4,F:3,S:2,M:2,V:1
196	S	T	3	22	1.811e-02	0.0392799	T>S:22,T>A:18,S>T:3,S>H:2,T>N:2,T>Y:2,T>I:1,T>V:1,Y>H:1,S>Y:1,T>M:1,A>T:1,S>L:1	T:186,S:37,A:22,Y:5,H:3,N:3,M:1,L:1,V:1,I:1
536	T	S	13	20	1.820e-02	0.0394244	S>T:20,T>S:13,S>A:9,S>N:5,S>L:4,T>M:4,S>M:3,T>A:2,T>N:2,M>A:1,L>M:1,S>F:1	S:148,T:65,M:14,A:13,N:10,L:8,F:1,I:1
555	T	A	2	0	1.823e-02	0.0394382	N>S:16,N>T:7,G>A:6,N>K:4,G>S:4,T>S:3,S>T:3,T>A:2,T>I:2,S>N:2,N>H:2,G>M:2,G>N:2,K>N:1,S>K:1,T>Y:1,N>A:1,G>K:1,G>R:1,G>W:1,N>G:1	G:95,S:53,N:48,T:24,K:17,A:10,H:5,I:3,M:2,Y:1,W:1,R:1
26	L	S	4	0	1.826e-02	0.0394519	F>L:27,L>S:4,L>F:3,L>Y:2,L>M:2,Y>R:1,L>P:1,L>T:1,F>Y:1,F>T:1,L>K:1	L:164,F:78,S:4,Y:3,T:3,P:2,M:2,R:2,K:1,-:1
612	L	S	4	0	1.829e-02	0.0394657	M>L:15,L>M:8,M>T:8,M>A:7,M>I:7,M>V:5,L>S:4,L>F:3,L>I:3,I>M:2,L>T:1,L>A:1,A>L:1,M>S:1	L:139,M:70,I:18,T:10,A:9,S:6,V:5,F:3
74	F	Y	20	0	1.853e-02	0.0399339	F>Y:20,F>L:11,F>I:2,L>P:1,L>F:1	F:208,L:24,Y:23,P:2,I:2,Q:1
591	L	I	9	1	1.887e-02	0.0405954	L>F:22,L>M:13,L>I:9,L>Y:3,M>A:2,M>I:1,M>T:1,L>T:1,I>L:1,I>A:1,L>A:1,S>Y:1,L>S:1,F>L:1	L:188,F:29,M:17,I:11,A:8,Y:4,T:2,S:1
544	V	I	6	4	1.896e-02	0.0406964	T>M:24,T>A:17,T>I:12,V>T:8,V>I:6,V>M:6,V>A:4,I>V:4,M>V:3,I>M:3,T>L:2,T>V:2,T>S:2,M>T:2,I>T:2,L>F:1,I>L:1,S>T:1,S>L:1,S>A:1,M>A:1,I>A:1	T:114,M:41,V:34,I:29,A:25,S:8,L:7,F:1,H:1
281	A	I	5	0	1.899e-02	0.0406964	A>V:8,A>I:5,A>T:3	A:243,V:8,I:6,T:3
611	I	M	2	0	1.899e-02	0.0406964	I>L:17,L>I:12,I>V:3,I>M:2,I>T:1,I>A:1,L>V:1,L>F:1,L>T:1,I>F:1	L:173,I:73,V:4,F:3,M:3,T:2,A:1,S:1
458	T	I	2	3	1.902e-02	0.0407085	V>I:20,I>V:10,I>T:3,I>L:3,I>A:2,T>I:2,I>M:1	I:126,V:107,A:11,T:8,L:7,M:1
552	L	I	9	0	1.905e-02	0.0407204	L>S:10,L>I:9,L>F:5,L>M:5,L>T:3,F>S:2,L>P:1,L>V:1,S>L:1,F>L:1,S>F:1	L:211,S:16,F:12,I:10,M:5,T:4,P:1,V:1
612	I	M	2	7	1.908e-02	0.0407324	M>L:15,L>M:8,M>T:8,M>A:7,M>I:7,M>V:5,L>S:4,L>F:3,L>I:3,I>M:2,L>T:1,L>A:1,A>L:1,M>S:1	L:139,M:70,I:18,T:10,A:9,S:6,V:5,F:3
15	L	T	3	0	1.917e-02	0.0408728	L>T:3,I>T:2,L>I:2,L>S:1,L>M:1	L:245,I:7,T:6,S:1,M:1
547	L	T	3	0	1.920e-02	0.0408845	F>L:24,L>F:14,L>P:11,L>S:8,L>I:5,I>T:5,F>I:4,F>S:4,L>T:3,S>P:3,P>L:3,F>P:3,L>V:1,T>A:1,L>H:1,F>H:1,F>Y:1,F>M:1	L:128,F:60,P:25,S:16,I:13,T:12,H:2,V:1,Y:1,M:1,A:1
552	L	T	3	0	1.926e-02	0.0409195	L>S:10,L>I:9,L>F:5,L>M:5,L>T:3,F>S:2,L>P:1,L>V:1,S>L:1,F>L:1,S>F:1	L:211,S:16,F:12,I:10,M:5,T:4,P:1,V:1
504	L	A	2	0	1.929e-02	0.0409195	L>M:7,L>T:4,L>I:3,L>S:2,L>A:2,L>F:1,I>L:1,I>T:1	L:237,M:8,T:5,I:5,S:2,A:2,F:1
127	I	L	2	1	1.929e-02	0.0409195	F>L:20,M>T:16,M>L:9,I>T:8,L>F:8,M>I:7,F>I:4,T>I:3,I>V:2,I>L:2,T>A:1,L>I:1,F>V:1,I>M:1	L:62,F:58,M:57,T:49,I:30,V:3,A:1
137	V	L	3	0	1.941e-02	0.0411226	I>V:21,I>T:19,I>L:11,V>I:10,V>A:5,I>A:3,V>L:3,I>M:1,L>I:1,I>S:1	I:158,V:35,T:31,L:24,A:10,S:1,M:1
496	I	V	8	0	1.950e-02	0.0412089	I>M:16,T>I:10,I>V:8,T>M:7,I>L:7,I>T:3,T>S:2,I>A:2,L>F:1,T>L:1,M>I:1,M>L:1,I>F:1	T:121,I:71,M:44,L:10,V:8,F:2,S:2,A:2
143	L	I	2	0	1.950e-02	0.0412089	V>I:17,L>M:4,L>V:4,M>L:3,I>V:2,L>I:2,V>L:2,M>I:1	L:159,V:63,I:24,M:13,Q:1
211	E	K	2	0	1.965e-02	0.0414746	Q>P:7,Q>K:6,Q>H:4,Q>E:4,Q>T:2,E>K:2,Q>M:1,H>Y:1,Q>N:1	Q:221,K:13,P:8,E:7,H:6,T:2,N:1,M:1,Y:1
63	T	M	16	8	1.974e-02	0.0416125	T>M:16,T>A:11,T>S:9,M>T:8,M>L:6,V>L:2,V>M:2,T>V:2,V>A:1,M>A:1,T>P:1,S>L:1,T>L:1,M>S:1,M>V:1,M>I:1	T:144,M:50,L:23,A:19,S:15,V:7,P:1,I:1
598	T	A	22	5	1.995e-02	0.0420038	T>A:22,A>S:9,A>T:5,T>S:2,A>P:2,T>M:2,S>P:1	A:130,T:109,S:14,P:4,M:2,X:1
18	A	M	2	0	2.013e-02	0.0423308	A>T:23,T>A:16,T>M:10,T>I:5,T>L:5,M>T:3,T>V:3,A>V:3,I>L:2,T>S:2,A>M:2,M>L:1,M>I:1,L>M:1,L>V:1,A>I:1,V>T:1,I>T:1,V>I:1,V>L:1,S>F:1,M>V:1	T:112,A:93,M:18,L:14,V:11,I:9,S:2,F:1
486	P	Y	2	0	2.019e-02	0.0424038	P>L:11,L>P:2,P>Y:2,L>T:1,P>H:1,P>N:1,P>M:1,S>T:1,P>S:1,P>T:1	P:229,L:22,T:3,Y:2,S:1,M:1,H:1,N:1
418	L	I	9	7	2.022e-02	0.0424134	L>I:9,V>L:9,V>I:8,I>V:7,I>L:7,L>S:6,L>T:5,V>T:5,L>V:4,L>F:3,I>T:2,S>T:1,L>M:1,V>A:1,L>A:1	L:176,V:25,I:23,T:19,S:9,F:4,A:3,M:1
583	M	A	6	0	2.025e-02	0.0424230	M>T:33,T>M:7,M>A:6,M>L:5,T>A:5,M>I:4,T>S:4,M>K:4,M>S:3,K>M:3,L>M:2,T>I:2,T>K:2,K>E:2,L>T:1,I>T:1,T>Q:1,K>T:1,K>N:1	M:131,T:53,K:25,A:18,L:13,I:9,S:7,E:2,N:1,Q:1
555	S	T	3	3	2.034e-02	0.0424610	N>S:16,N>T:7,G>A:6,N>K:4,G>S:4,T>S:3,S>T:3,T>A:2,T>I:2,S>N:2,N>H:2,G>M:2,G>N:2,K>N:1,S>K:1,T>Y:1,N>A:1,G>K:1,G>R:1,G>W:1,N>G:1	G:95,S:53,N:48,T:24,K:17,A:10,H:5,I:3,M:2,Y:1,W:1,R:1
29	L	A	2	0	2.037e-02	0.0424610	L>I:7,L>M:6,L>V:4,L>F:2,L>A:2,M>I:1,M>T:1,V>M:1	L:231,I:8,M:7,V:5,-:4,F:2,A:2,T:1
530	H	P	2	0	2.031e-02	0.0424610	F>L:15,Y>L:10,L>F:8,Y>H:6,Y>F:5,Y>P:4,F>Y:4,F>M:3,H>P:2,Y>I:2,L>P:2,L>A:2,Y>N:1,Y>C:1,Y>T:1,H>Y:1,L>M:1,L>I:1,S>P:1,Y>S:1,Y>W:1,F>T:1,F>S:1,F>V:1	F:85,L:76,Y:61,P:9,M:8,H:7,I:3,T:2,S:2,A:2,W:2,N:1,V:1,C:1
457	A	M	2	2	2.037e-02	0.0424610	T>A:15,T>M:8,A>T:6,S>L:4,T>S:4,T>L:3,M>T:3,A>N:2,A>S:2,T>K:2,M>A:2,M>L:2,A>M:2,A>L:2,S>P:1,K>N:1,K>T:1,Q>L:1,S>Q:1,A>K:1	A:144,T:41,L:24,M:20,S:13,K:7,Q:6,N:4,P:1
580	L	T	3	0	2.055e-02	0.0427396	L>M:7,L>T:3,L>S:2,M>T:1,L>I:1,L>F:1,L>A:1,T>M:1	L:239,M:11,T:5,S:2,F:1,A:1,I:1
117	H	L	2	0	2.058e-02	0.0427396	Y>H:39,H>Y:15,Y>F:5,F>L:3,H>F:3,S>L:2,H>L:2,H>N:2,H>S:1,Y>L:1,N>S:1,Q>Y:1,H>Q:1	Y:128,H:94,F:14,L:9,Q:7,S:4,N:3,K:1
582	V	M	2	1	2.058e-02	0.0427396	L>Q:13,L>T:8,L>V:7,L>M:5,V>I:3,L>R:2,I>T:2,L>I:2,L>A:2,V>M:2,S>T:1,L>S:1,L>H:1,I>L:1,I>V:1,T>I:1,M>V:1,V>T:1	L:171,V:28,T:19,Q:17,M:10,I:8,R:3,A:2,H:1,S:1
376	M	T	4	9	2.061e-02	0.0427487	T>M:9,T>I:7,M>T:4,T>V:3,M>S:1,T>K:1	T:224,M:17,V:10,I:7,K:1,S:1
432	L	I	9	7	2.067e-02	0.0428202	L>I:9,I>T:8,L>M:7,I>L:7,I>M:6,L>T:5,M>T:4,M>I:1,L>F:1,I>V:1,T>M:1	L:140,I:83,T:19,M:16,F:1,V:1
14	L	A	2	0	2.076e-02	0.0429003	L>I:8,L>F:3,L>T:3,P>L:2,L>M:2,T>I:2,T>A:2,L>A:2,P>T:1,P>S:1,L>P:1,L>S:1,L>V:1	L:224,I:14,T:6,A:4,P:4,F:3,S:2,M:2,V:1
445	L	M	2	1	2.076e-02	0.0429003	T>M:16,T>I:13,M>T:9,M>I:7,I>T:4,T>S:4,I>V:3,T>L:2,L>S:2,L>M:2,M>S:1,T>V:1,M>L:1	I:157,T:56,M:30,S:7,V:5,L:5
92	M	V	4	0	2.083e-02	0.0429713	M>T:21,M>L:5,M>V:4,T>M:4,L>M:3,L>T:1,T>V:1,M>I:1	T:141,M:92,L:20,V:5,I:1,F:1
585	T	A	22	19	2.107e-02	0.0432002	T>A:22,A>T:19,T>S:17,A>S:11,S>T:4,T>I:1,A>V:1,S>A:1	T:115,S:74,A:69,V:1,I:1
35	N	S	15	0	2.101e-02	0.0432002	N>S:15,N>T:7,N>I:2,N>P:2,T>A:1,L>P:1,I>L:1,S>A:1,S>P:1	N:225,S:15,T:7,P:5,I:5,A:2,L:1
583	T	A	5	0	2.107e-02	0.0432002	M>T:33,T>M:7,M>A:6,M>L:5,T>A:5,M>I:4,T>S:4,M>K:4,M>S:3,K>M:3,L>M:2,T>I:2,T>K:2,K>E:2,L>T:1,I>T:1,T>Q:1,K>T:1,K>N:1	M:131,T:53,K:25,A:18,L:13,I:9,S:7,E:2,N:1,Q:1
197	M	I	3	0	2.101e-02	0.0432002	M>T:37,M>L:16,T>M:5,L>M:4,M>I:3,T>S:2,M>A:2,I>L:1,L>I:1,L>F:1,T>I:1,M>F:1,M>S:1,L>T:1,T>A:1	M:129,T:60,L:46,F:9,I:9,S:3,A:3,D:1
562	H	L	2	0	2.104e-02	0.0432002	H>N:5,H>Q:5,H>L:2,N>S:1,H>F:1,H>S:1	H:243,Q:6,N:6,L:2,S:2,F:1
549	P	S	2	13	2.110e-02	0.0432086	S>P:13,S>T:10,T>V:8,T>M:7,T>S:7,T>A:4,P>S:2,T>I:2,M>S:2,S>A:1,V>A:1,M>V:1,M>T:1,V>I:1	S:95,T:80,M:33,P:31,V:11,A:6,I:3,X:1
58	H	Y	2	16	2.116e-02	0.0432786	Y>H:16,Y>F:11,F>Y:5,F>L:2,Y>L:2,H>Y:2,H>F:1,F>M:1,F>S:1	F:152,Y:62,H:39,L:5,M:1,S:1
582	L	A	2	0	2.134e-02	0.0435947	L>Q:13,L>T:8,L>V:7,L>M:5,V>I:3,L>R:2,I>T:2,L>I:2,L>A:2,V>M:2,S>T:1,L>S:1,L>H:1,I>L:1,I>V:1,T>I:1,M>V:1,V>T:1	L:171,V:28,T:19,Q:17,M:10,I:8,R:3,A:2,H:1,S:1
184	V	I	38	5	2.137e-02	0.0436026	V>I:38,I>V:5,V>L:1	I:194,V:65,L:1
516	A	T	7	34	2.143e-02	0.0436719	T>A:34,T>S:10,A>T:7,A>S:2,T>P:1,T>V:1	T:186,A:59,S:12,P:2,V:1
501	V	I	38	1	2.152e-02	0.0436951	V>I:38,V>A:12,V>L:3,A>V:2,V>M:1,I>A:1,I>L:1,I>V:1,V>T:1	V:172,I:51,A:25,L:10,M:1,T:1
117	H	F	3	0	2.152e-02	0.0436951	Y>H:39,H>Y:15,Y>F:5,F>L:3,H>F:3,S>L:2,H>L:2,H>N:2,H>S:1,Y>L:1,N>S:1,Q>Y:1,H>Q:1	Y:128,H:94,F:14,L:9,Q:7,S:4,N:3,K:1
517	H	L	2	0	2.152e-02	0.0436951	H>Q:8,H>N:5,H>Y:2,H>L:2,Q>H:2,H>P:1,N>T:1,H>R:1,H>K:1,Q>R:1,Q>K:1	H:122,Q:120,N:7,Y:2,K:2,L:2,R:2,T:1,P:1,-:1
547	L	F	14	24	2.167e-02	0.0438937	F>L:24,L>F:14,L>P:11,L>S:8,L>I:5,I>T:5,F>I:4,F>S:4,L>T:3,S>P:3,P>L:3,F>P:3,L>V:1,T>A:1,L>H:1,F>H:1,F>Y:1,F>M:1	L:128,F:60,P:25,S:16,I:13,T:12,H:2,V:1,Y:1,M:1,A:1
205	S	P	2	0	2.167e-02	0.0438937	A>T:19,T>A:16,P>L:4,T>M:4,T>I:3,T>S:3,A>I:3,A>P:3,A>S:3,L>I:3,L>F:3,I>A:3,I>L:3,I>V:3,T>P:2,T>N:2,S>P:2,I>M:2,P>H:2,T>V:1,A>L:1,C>H:1,A>C:1,L>M:1,V>A:1,H>Y:1,H>Q:1,P>T:1,L>P:1,L>S:1	L:72,A:51,I:40,T:38,P:17,M:14,S:7,V:5,H:4,F:3,-:3,N:2,Y:2,C:1,Q:1
73	K	Q	2	0	2.185e-02	0.0442060	K>Q:2,K>S:2,K>E:2,N>S:1,Q>H:1,K>N:1,E>D:1,N>K:1	K:230,N:14,Q:8,S:4,E:2,H:1,D:1
556	G	S	8	0	2.218e-02	0.0448220	G>S:8,S>C:1,G>A:1	G:247,S:11,A:1,C:1
441	G	N	5	0	2.224e-02	0.0448892	G>N:5,G>K:2,K>E:2,G>A:1,S>N:1,G>S:1	G:240,N:9,K:6,E:3,S:1,A:1
549	T	A	4	0	2.230e-02	0.0449561	S>P:13,S>T:10,T>V:8,T>M:7,T>S:7,T>A:4,P>S:2,T>I:2,M>S:2,S>A:1,V>A:1,M>V:1,M>T:1,V>I:1	S:95,T:80,M:33,P:31,V:11,A:6,I:3,X:1
1	V	M	5	21	2.233e-02	0.0449622	M>V:21,V>M:5	M:213,V:47
38	N	D	2	3	2.257e-02	0.0453926	T>A:30,T>S:12,T>I:8,T>N:6,T>L:5,S>L:4,T>D:4,D>N:3,T>P:3,T>H:2,K>Q:2,N>D:2,N>S:2,A>T:1,S>A:1,S>Q:1,M>L:1,M>S:1,M>Q:1,T>M:1,D>S:1,D>T:1,A>D:1,T>V:1,I>A:1,L>Q:1,K>E:1,T>K:1,N>E:1,N>H:1,N>Y:1,T>G:1,H>N:1,H>Y:1,H>T:1	T:122,A:36,S:22,L:15,N:15,D:11,I:9,Q:7,K:6,H:6,P:3,E:2,M:2,Y:2,V:1,G:1
449	S	P	2	1	2.266e-02	0.0455192	T>S:15,T>A:11,T>V:9,T>M:4,T>I:3,T>N:2,S>P:2,T>P:2,S>T:1,M>V:1,T>L:1,P>T:1,P>L:1,P>S:1,S>L:1,I>L:1	T:182,S:29,V:13,A:12,P:10,M:5,L:4,I:3,N:2
408	N	T	5	0	2.272e-02	0.0455851	N>S:29,N>T:5,S>N:2,N>C:1	N:220,S:32,T:6,C:2
73	K	E	2	0	2.275e-02	0.0455904	K>Q:2,K>S:2,K>E:2,N>S:1,Q>H:1,K>N:1,E>D:1,N>K:1	K:230,N:14,Q:8,S:4,E:2,H:1,D:1
38	T	H	2	1	2.296e-02	0.0459576	T>A:30,T>S:12,T>I:8,T>N:6,T>L:5,S>L:4,T>D:4,D>N:3,T>P:3,T>H:2,K>Q:2,N>D:2,N>S:2,A>T:1,S>A:1,S>Q:1,M>L:1,M>S:1,M>Q:1,T>M:1,D>S:1,D>T:1,A>D:1,T>V:1,I>A:1,L>Q:1,K>E:1,T>K:1,N>E:1,N>H:1,N>Y:1,T>G:1,H>N:1,H>Y:1,H>T:1	T:122,A:36,S:22,L:15,N:15,D:11,I:9,Q:7,K:6,H:6,P:3,E:2,M:2,Y:2,V:1,G:1
569	F	L	3	0	2.318e-02	0.0463239	Y>F:18,Y>L:11,F>L:3,Y>N:1,Y>G:1,Y>A:1,Y>H:1	Y:212,L:23,F:21,N:1,G:1,H:1,A:1
610	M	L	3	1	2.321e-02	0.0463283	I>M:16,I>L:10,I>T:9,I>A:5,M>L:3,T>M:2,T>A:2,I>F:2,I>V:2,L>I:1,L>M:1,M>T:1,T>V:1	I:148,M:32,-:27,L:23,T:15,A:10,V:3,F:2
590	S	T	2	26	2.333e-02	0.0465130	T>S:26,T>N:11,T>P:10,T>A:9,T>I:6,P>S:4,S>P:3,T>L:3,S>T:2,T>M:2,P>H:1,S>L:1,S>M:1,V>I:1,T>V:1,P>R:1,T>Q:1	T:142,S:41,P:31,N:15,A:9,L:8,I:7,M:3,V:1,Q:1,H:1,R:1
508	L	M	16	1	2.345e-02	0.0466973	L>M:16,L>I:15,L>V:3,L>F:1,M>L:1	L:217,I:20,M:18,V:4,F:1
587	T	I	11	4	2.351e-02	0.0467612	T>A:30,T>I:11,T>S:4,I>T:4,T>N:2,T>F:2,I>V:2,A>T:1,T>M:1,T>K:1,I>L:1	T:176,A:45,I:19,S:7,N:4,L:2,K:2,F:2,V:2,M:1
602	S	A	11	0	2.372e-02	0.0471243	S>T:17,S>A:11,S>C:3,S>V:2	S:205,T:34,A:15,C:3,V:2,I:1
24	I	T	11	3	2.408e-02	0.0477856	I>L:19,I>T:11,I>M:10,I>V:3,M>T:3,T>I:3,T>A:2,M>I:1,T>M:1	I:177,T:32,M:24,L:22,V:3,A:2
127	M	T	16	0	2.411e-02	0.0477883	F>L:20,M>T:16,M>L:9,I>T:8,L>F:8,M>I:7,F>I:4,T>I:3,I>V:2,I>L:2,T>A:1,L>I:1,F>V:1,I>M:1	L:62,F:58,M:57,T:49,I:30,V:3,A:1
276	T	S	12	2	2.429e-02	0.0480319	N>S:27,T>A:17,T>S:12,S>N:9,N>H:6,T>E:3,N>D:3,S>T:2,S>A:2,A>T:1,N>T:1,N>Y:1,H>N:1,H>Y:1,H>Q:1,C>H:1,C>D:1,S>C:1,S>H:1	S:72,T:64,N:56,A:33,H:15,C:7,E:4,Y:4,D:4,Q:1
202	M	L	3	0	2.429e-02	0.0480319	I>M:22,I>L:14,M>L:3,I>V:2	I:195,M:41,L:20,V:4
369	G	S	8	0	2.432e-02	0.0480343	G>S:8,G>N:6,G>C:2,C>S:1,C>R:1,C>H:1,S>C:1,G>A:1	G:227,S:12,C:10,N:8,R:1,H:1,A:1
38	T	S	12	0	2.438e-02	0.0480961	T>A:30,T>S:12,T>I:8,T>N:6,T>L:5,S>L:4,T>D:4,D>N:3,T>P:3,T>H:2,K>Q:2,N>D:2,N>S:2,A>T:1,S>A:1,S>Q:1,M>L:1,M>S:1,M>Q:1,T>M:1,D>S:1,D>T:1,A>D:1,T>V:1,I>A:1,L>Q:1,K>E:1,T>K:1,N>E:1,N>H:1,N>Y:1,T>G:1,H>N:1,H>Y:1,H>T:1	T:122,A:36,S:22,L:15,N:15,D:11,I:9,Q:7,K:6,H:6,P:3,E:2,M:2,Y:2,V:1,G:1
499	M	L	3	5	2.468e-02	0.0486327	I>L:20,I>M:8,L>M:5,I>V:3,M>L:3,L>I:2,M>T:1,I>T:1,I>A:1	I:150,L:86,M:18,V:3,T:2,A:1
40	I	T	11	0	2.471e-02	0.0486344	I>T:11,I>L:3,I>M:2,I>V:1	I:240,T:12,L:4,M:2,V:1,K:1
210	H	N	2	1	2.474e-02	0.0486360	S>T:11,N>D:7,S>H:6,T>A:5,T>S:5,N>T:4,N>S:4,H>Q:4,T>N:4,T>V:3,S>P:3,S>N:3,D>N:3,N>G:2,H>N:2,T>P:2,T>H:2,S>A:2,G>A:1,N>V:1,H>D:1,H>C:1,N>H:1,T>Q:1,T>L:1,T>G:1,T>M:1,S>L:1,S>Y:1,S>D:1,S>Q:1,A>D:1,A>T:1,N>E:1,T>D:1,N>Y:1,N>C:1	T:89,S:55,N:37,D:22,H:19,A:10,Q:6,P:5,V:4,G:3,-:2,L:2,Y:2,C:2,M:1,E:1
68	T	I	2	0	2.517e-02	0.0494068	S>T:33,S>L:7,F>L:7,S>F:6,S>C:3,C>Y:2,T>I:2,F>Y:2,S>H:2,S>Y:1,S>A:1,T>L:1,F>T:1,S>N:1,F>I:1,F>S:1	S:156,T:50,L:17,F:13,C:10,Y:7,I:3,H:2,N:1,A:1
443	T	I	2	0	2.523e-02	0.0494666	V>T:18,T>P:9,T>V:5,T>N:4,N>T:4,S>T:3,T>I:2,T>C:1,S>P:1,T>S:1,N>S:1,V>I:1,T>A:1	T:127,V:84,P:26,N:11,C:5,I:4,S:2,A:1
276	S	A	2	0	2.532e-02	0.0495853	N>S:27,T>A:17,T>S:12,S>N:9,N>H:6,T>E:3,N>D:3,S>T:2,S>A:2,A>T:1,N>T:1,N>Y:1,H>N:1,H>Y:1,H>Q:1,C>H:1,C>D:1,S>C:1,S>H:1	S:72,T:64,N:56,A:33,H:15,C:7,E:4,Y:4,D:4,Q:1
56	T	I	11	0	2.535e-02	0.0495858	T>M:14,T>S:11,T>I:11,T>A:11,T>L:4,T>V:2,S>C:1,A>T:1,S>A:1,S>Y:1,M>V:1	T:194,M:16,S:14,A:12,I:11,L:6,V:5,C:1,Y:1
291	M	T	3	0	2.559e-02	0.0499985	L>I:19,L>M:6,M>T:3,I>L:1,I>M:1	L:218,I:28,M:10,T:3,F:1
528	N	G	4	0	2.568e-02	0.0501161	N>T:18,N>S:14,T>G:5,N>G:4,T>S:3,T>N:3,N>D:2,T>A:2,S>G:1,N>H:1,N>K:1,T>I:1	N:154,T:60,S:21,G:18,A:2,D:2,H:1,K:1,I:1
441	G	K	2	0	2.595e-02	0.0505266	G>N:5,G>K:2,K>E:2,G>A:1,S>N:1,G>S:1	G:240,N:9,K:6,E:3,S:1,A:1
435	S	A	2	0	2.595e-02	0.0505266	T>I:18,T>A:7,S>T:3,T>M:2,T>S:2,S>A:2,S>F:1	T:220,I:20,A:9,S:8,M:2,F:1
530	F	Y	4	5	2.613e-02	0.0507596	F>L:15,Y>L:10,L>F:8,Y>H:6,Y>F:5,Y>P:4,F>Y:4,F>M:3,H>P:2,Y>I:2,L>P:2,L>A:2,Y>N:1,Y>C:1,Y>T:1,H>Y:1,L>M:1,L>I:1,S>P:1,Y>S:1,Y>W:1,F>T:1,F>S:1,F>V:1	F:85,L:76,Y:61,P:9,M:8,H:7,I:3,T:2,S:2,A:2,W:2,N:1,V:1,C:1
298	I	T	2	7	2.613e-02	0.0507596	T>I:7,T>M:3,I>T:2,T>V:2,T>A:2,M>L:1	T:237,I:13,M:4,A:2,V:2,L:1,S:1
549	T	I	2	0	2.649e-02	0.0514020	S>P:13,S>T:10,T>V:8,T>M:7,T>S:7,T>A:4,P>S:2,T>I:2,M>S:2,S>A:1,V>A:1,M>V:1,M>T:1,V>I:1	S:95,T:80,M:33,P:31,V:11,A:6,I:3,X:1
514	N	S	14	0	2.673e-02	0.0517467	N>S:14,N>T:8,K>N:4,K>S:3,N>K:2,K>T:2,N>D:1,N>H:1,T>S:1,T>N:1,T>A:1	K:125,N:87,T:25,S:20,D:1,H:1,A:1
567	S	F	5	0	2.676e-02	0.0517467	S>A:6,S>F:5,S>Y:3,A>T:2,S>T:2,S>C:1	S:228,F:12,A:11,T:5,Y:3,C:1
30	T	I	2	0	2.673e-02	0.0517467	S>L:10,S>T:7,S>F:3,L>F:2,T>I:2,S>P:2,S>N:1,F>S:1,P>S:1,L>S:1,T>V:1	S:197,L:26,F:11,T:11,I:6,P:4,-:3,N:1,V:1
24	M	T	3	1	2.685e-02	0.0518008	I>L:19,I>T:11,I>M:10,I>V:3,M>T:3,T>I:3,T>A:2,M>I:1,T>M:1	I:177,T:32,M:24,L:22,V:3,A:2
5	S	A	2	0	2.685e-02	0.0518008	T>A:19,P>S:16,S>P:11,T>P:7,T>S:6,S>L:6,P>L:3,T>V:2,A>T:2,P>Q:2,S>A:2,S>T:2,S>M:2,T>L:1,T>I:1,T>M:1,A>I:1,L>M:1,L>S:1,P>T:1,S>Y:1	T:74,S:66,P:58,A:33,L:12,M:8,I:2,Q:2,-:2,V:2,Y:1
519	L	F	13	0	2.737e-02	0.0527278	L>F:13,L>M:11,L>H:4,L>Y:3,L>I:2,L>P:2,I>M:1,M>L:1	L:208,M:19,F:16,H:7,Y:4,P:3,I:2,-:1
59	M	T	3	0	2.752e-02	0.0529566	M>I:15,I>L:11,M>L:9,I>M:7,M>T:3,I>A:3,I>V:3,I>T:2,M>F:1,I>S:1,M>V:1,M>A:1,T>I:1	I:138,M:78,L:27,T:7,V:4,A:4,F:1,S:1
582	V	I	3	1	2.782e-02	0.0534746	L>Q:13,L>T:8,L>V:7,L>M:5,V>I:3,L>R:2,I>T:2,L>I:2,L>A:2,V>M:2,S>T:1,L>S:1,L>H:1,I>L:1,I>V:1,T>I:1,M>V:1,V>T:1	L:171,V:28,T:19,Q:17,M:10,I:8,R:3,A:2,H:1,S:1
57	T	A	3	0	2.788e-02	0.0535285	L>I:13,I>T:6,I>M:6,L>M:4,T>A:3,L>T:2,I>L:2,I>V:2,I>F:1,L>V:1	I:139,L:86,T:16,M:11,A:3,V:3,F:1,Y:1
503	T	I	2	18	2.794e-02	0.0535781	I>T:18,A>I:10,I>V:9,V>I:8,I>A:7,A>V:7,T>A:6,I>L:6,V>L:6,I>M:4,V>A:4,I>F:2,T>I:2,T>L:2,T>S:1,A>T:1,M>A:1,T>M:1,L>S:1,A>L:1	I:89,A:77,V:30,T:27,L:20,M:13,S:2,F:2
614	I	T	2	5	2.797e-02	0.0535781	T>S:25,T>M:18,T>L:8,T>Q:6,T>I:5,T>H:5,T>A:5,T>N:3,I>T:2,I>L:1,H>Q:1,L>M:1,M>L:1,T>Y:1,S>F:1	T:133,S:36,L:26,M:25,H:12,Q:8,I:7,A:5,N:3,-:2,Y:2,F:1
273	P	H	5	0	2.824e-02	0.0540353	P>H:5,P>S:2,P>T:1,P>Y:1,P>D:1	P:248,H:5,S:2,Y:2,D:1,T:1,N:1
528	N	S	14	0	2.845e-02	0.0543762	N>T:18,N>S:14,T>G:5,N>G:4,T>S:3,T>N:3,N>D:2,T>A:2,S>G:1,N>H:1,N>K:1,T>I:1	N:154,T:60,S:21,G:18,A:2,D:2,H:1,K:1,I:1
86	M	I	13	1	2.851e-02	0.0544287	M>I:13,M>L:9,M>T:1,I>F:1,I>M:1,M>F:1	M:209,I:27,L:19,F:4,T:1
213	I	T	2	29	2.857e-02	0.0544811	T>I:29,T>A:9,T>M:7,T>V:4,I>T:2,T>L:2,T>P:2,I>M:1,M>V:1,V>L:1,T>S:1,T>D:1	T:190,I:39,A:9,M:9,V:5,L:3,P:3,S:1,D:1
205	I	M	2	0	2.893e-02	0.0551074	A>T:19,T>A:16,P>L:4,T>M:4,T>I:3,T>S:3,A>I:3,A>P:3,A>S:3,L>I:3,L>F:3,I>A:3,I>L:3,I>V:3,T>P:2,T>N:2,S>P:2,I>M:2,P>H:2,T>V:1,A>L:1,C>H:1,A>C:1,L>M:1,V>A:1,H>Y:1,H>Q:1,P>T:1,L>P:1,L>S:1	L:72,A:51,I:40,T:38,P:17,M:14,S:7,V:5,H:4,F:3,-:3,N:2,Y:2,C:1,Q:1
457	A	T	6	15	2.902e-02	0.0551530	T>A:15,T>M:8,A>T:6,S>L:4,T>S:4,T>L:3,M>T:3,A>N:2,A>S:2,T>K:2,M>A:2,M>L:2,A>M:2,A>L:2,S>P:1,K>N:1,K>T:1,Q>L:1,S>Q:1,A>K:1	A:144,T:41,L:24,M:20,S:13,K:7,Q:6,N:4,P:1
425	T	A	3	1	2.899e-02	0.0551530	S>A:18,S>T:11,T>A:3,S>M:2,T>M:1,A>M:1,A>T:1,S>L:1	S:204,A:28,T:23,M:4,L:1
205	A	S	3	0	2.969e-02	0.0563484	A>T:19,T>A:16,P>L:4,T>M:4,T>I:3,T>S:3,A>I:3,A>P:3,A>S:3,L>I:3,L>F:3,I>A:3,I>L:3,I>V:3,T>P:2,T>N:2,S>P:2,I>M:2,P>H:2,T>V:1,A>L:1,C>H:1,A>C:1,L>M:1,V>A:1,H>Y:1,H>Q:1,P>T:1,L>P:1,L>S:1	L:72,A:51,I:40,T:38,P:17,M:14,S:7,V:5,H:4,F:3,-:3,N:2,Y:2,C:1,Q:1
440	T	A	20	1	2.987e-02	0.0566193	T>A:20,T>S:9,T>M:1,A>T:1,T>V:1,S>A:1	T:209,A:34,S:14,M:1,V:1,L:1
550	M	L	3	0	2.990e-02	0.0566193	T>M:22,T>S:14,T>A:12,T>L:6,T>K:5,M>L:3,M>T:3,T>I:3,M>A:1,S>Y:1,T>E:1,A>S:1,T>H:1,K>T:1,T>N:1	T:155,M:32,K:18,S:18,L:17,A:13,I:3,H:1,Y:1,N:1,E:1
14	L	I	8	0	3.002e-02	0.0567828	L>I:8,L>F:3,L>T:3,P>L:2,L>M:2,T>I:2,T>A:2,L>A:2,P>T:1,P>S:1,L>P:1,L>S:1,L>V:1	L:224,I:14,T:6,A:4,P:4,F:3,S:2,M:2,V:1
544	I	T	2	12	3.011e-02	0.0568889	T>M:24,T>A:17,T>I:12,V>T:8,V>I:6,V>M:6,V>A:4,I>V:4,M>V:3,I>M:3,T>L:2,T>V:2,T>S:2,M>T:2,I>T:2,L>F:1,I>L:1,S>T:1,S>L:1,S>A:1,M>A:1,I>A:1	T:114,M:41,V:34,I:29,A:25,S:8,L:7,F:1,H:1
26	L	Y	2	0	3.020e-02	0.0569949	F>L:27,L>S:4,L>F:3,L>Y:2,L>M:2,Y>R:1,L>P:1,L>T:1,F>Y:1,F>T:1,L>K:1	L:164,F:78,S:4,Y:3,T:3,P:2,M:2,R:2,K:1,-:1
218	I	T	2	11	3.026e-02	0.0570437	T>I:11,T>M:6,M>I:3,T>L:3,M>L:2,I>T:2,T>V:1,L>I:1,M>T:1	T:195,I:25,L:24,M:15,V:1
501	V	A	12	2	3.032e-02	0.0570844	V>I:38,V>A:12,V>L:3,A>V:2,V>M:1,I>A:1,I>L:1,I>V:1,V>T:1	V:172,I:51,A:25,L:10,M:1,T:1
353	T	A	3	1	3.035e-02	0.0570844	S>T:7,T>A:3,S>A:2,S>L:1,A>T:1	S:229,T:14,L:10,A:7
458	I	A	2	0	3.044e-02	0.0571897	V>I:20,I>V:10,I>T:3,I>L:3,I>A:2,T>I:2,I>M:1	I:126,V:107,A:11,T:8,L:7,M:1
210	S	N	3	4	3.053e-02	0.0572947	S>T:11,N>D:7,S>H:6,T>A:5,T>S:5,N>T:4,N>S:4,H>Q:4,T>N:4,T>V:3,S>P:3,S>N:3,D>N:3,N>G:2,H>N:2,T>P:2,T>H:2,S>A:2,G>A:1,N>V:1,H>D:1,H>C:1,N>H:1,T>Q:1,T>L:1,T>G:1,T>M:1,S>L:1,S>Y:1,S>D:1,S>Q:1,A>D:1,A>T:1,N>E:1,T>D:1,N>Y:1,N>C:1	T:89,S:55,N:37,D:22,H:19,A:10,Q:6,P:5,V:4,G:3,-:2,L:2,Y:2,C:2,M:1,E:1
53	V	M	7	0	3.146e-02	0.0589813	V>I:23,I>V:22,V>M:7,V>L:6,V>A:5,I>L:4,M>A:3,V>T:2,I>A:2,I>T:1,A>L:1,A>I:1,M>L:1,I>M:1	I:134,V:79,A:18,L:14,M:11,T:4
588	S	T	11	2	3.161e-02	0.0591969	S>T:11,A>T:7,A>S:7,A>M:4,S>Y:3,A>I:3,A>L:3,T>A:2,S>L:2,T>S:2,A>F:2,C>L:1,Y>C:1,T>I:1,T>V:1,S>A:1,S>M:1,F>L:1,S>F:1,M>L:1,I>S:1,A>V:1,T>L:1	S:125,A:80,T:21,L:11,M:8,I:5,Y:4,F:3,V:2,C:1
67	I	V	5	0	3.170e-02	0.0592992	T>I:35,T>V:7,T>S:6,I>T:6,I>V:5,T>A:4,T>Y:1,I>S:1,I>L:1,T>N:1	T:162,I:61,V:16,S:10,L:5,A:4,Y:1,N:1
425	S	T	11	0	3.204e-02	0.0598518	S>A:18,S>T:11,T>A:3,S>M:2,T>M:1,A>M:1,A>T:1,S>L:1	S:204,A:28,T:23,M:4,L:1
61	S	M	2	0	3.222e-02	0.0601219	S>L:9,S>T:7,S>M:2,L>M:1,S>C:1	S:237,L:10,T:8,M:3,C:1,N:1
560	A	S	11	0	3.228e-02	0.0601667	A>S:11	A:242,S:18
25	I	L	7	10	3.240e-02	0.0601772	L>I:10,I>L:7,L>F:6,I>V:4,I>T:3,I>M:2,L>V:2,F>L:2,M>I:1,L>T:1,I>F:1,I>A:1,L>M:1	L:120,I:111,F:12,V:7,T:5,M:4,A:1
457	M	T	3	8	3.240e-02	0.0601772	T>A:15,T>M:8,A>T:6,S>L:4,T>S:4,T>L:3,M>T:3,A>N:2,A>S:2,T>K:2,M>A:2,M>L:2,A>M:2,A>L:2,S>P:1,K>N:1,K>T:1,Q>L:1,S>Q:1,A>K:1	A:144,T:41,L:24,M:20,S:13,K:7,Q:6,N:4,P:1
63	V	M	2	1	3.243e-02	0.0601772	T>M:16,T>A:11,T>S:9,M>T:8,M>L:6,V>L:2,V>M:2,T>V:2,V>A:1,M>A:1,T>P:1,S>L:1,T>L:1,M>S:1,M>V:1,M>I:1	T:144,M:50,L:23,A:19,S:15,V:7,P:1,I:1
529	S	T	2	5	3.240e-02	0.0601772	P>T:25,T>P:14,P>S:14,P>H:11,T>I:9,P>R:7,T>A:6,P>A:6,T>S:5,P>I:3,S>N:2,S>T:2,P>Q:2,P>M:2,P>L:2,S>L:1,H>R:1,T>M:1,L>P:1,T>L:1,T>K:1,T>H:1,H>P:1,N>H:1,N>S:1,T>N:1,P>K:1,P>Y:1,R>H:1,P>F:1,S>Y:1,S>A:1	P:94,T:66,S:20,H:17,I:15,A:14,R:13,N:7,L:4,M:3,Y:2,Q:2,K:2,F:1
566	L	Y	2	0	3.267e-02	0.0605568	L>S:5,L>H:4,L>F:2,L>Q:2,L>Y:2,L>M:1	L:233,M:10,S:5,H:4,Q:4,F:2,Y:2
60	Y	H	27	25	3.309e-02	0.0612022	Y>H:27,H>Y:25,Y>F:4,H>Q:3,F>L:2,I>V:1,L>I:1,F>S:1,L>F:1,Y>L:1,Y>W:1,H>S:1,Y>C:1	Y:141,H:97,F:6,L:5,S:4,Q:3,W:1,V:1,I:1,C:1
455	S	M	2	0	3.306e-02	0.0612022	N>D:19,N>S:5,N>H:3,N>T:3,S>N:2,S>M:2,S>T:2,T>A:2,S>H:1,D>N:1,N>Q:1	N:198,D:25,T:14,S:13,H:4,A:3,M:2,Q:1
210	S	A	2	0	3.324e-02	0.0614124	S>T:11,N>D:7,S>H:6,T>A:5,T>S:5,N>T:4,N>S:4,H>Q:4,T>N:4,T>V:3,S>P:3,S>N:3,D>N:3,N>G:2,H>N:2,T>P:2,T>H:2,S>A:2,G>A:1,N>V:1,H>D:1,H>C:1,N>H:1,T>Q:1,T>L:1,T>G:1,T>M:1,S>L:1,S>Y:1,S>D:1,S>Q:1,A>D:1,A>T:1,N>E:1,T>D:1,N>Y:1,N>C:1	T:89,S:55,N:37,D:22,H:19,A:10,Q:6,P:5,V:4,G:3,-:2,L:2,Y:2,C:2,M:1,E:1
130	I	A	4	0	3.333e-02	0.0614426	I>V:17,I>M:9,I>T:7,I>A:4,I>L:4,V>I:1	I:210,V:20,M:13,T:8,L:5,A:4
554	S	A	2	0	3.333e-02	0.0614426	N>S:17,S>N:11,S>T:7,S>G:7,N>H:6,N>D:4,N>Y:4,N>T:4,S>K:4,G>S:4,N>K:3,T>A:3,S>A:2,N>E:1,H>Y:1,H>L:1,Y>L:1,S>F:1,N>G:1,T>D:1,T>N:1,K>T:1,G>A:1,N>L:1,N>I:1,S>Y:1	N:97,S:62,T:22,G:20,K:15,H:12,E:8,A:6,Y:6,D:5,L:4,F:1,I:1,Q:1
588	T	S	2	11	3.378e-02	0.0622068	S>T:11,A>T:7,A>S:7,A>M:4,S>Y:3,A>I:3,A>L:3,T>A:2,S>L:2,T>S:2,A>F:2,C>L:1,Y>C:1,T>I:1,T>V:1,S>A:1,S>M:1,F>L:1,S>F:1,M>L:1,I>S:1,A>V:1,T>L:1	S:125,A:80,T:21,L:11,M:8,I:5,Y:4,F:3,V:2,C:1
56	T	S	11	0	3.400e-02	0.0622093	T>M:14,T>S:11,T>I:11,T>A:11,T>L:4,T>V:2,S>C:1,A>T:1,S>A:1,S>Y:1,M>V:1	T:194,M:16,S:14,A:12,I:11,L:6,V:5,C:1,Y:1
496	T	I	10	3	3.387e-02	0.0622093	I>M:16,T>I:10,I>V:8,T>M:7,I>L:7,I>T:3,T>S:2,I>A:2,L>F:1,T>L:1,M>I:1,M>L:1,I>F:1	T:121,I:71,M:44,L:10,V:8,F:2,S:2,A:2
607	I	A	4	0	3.406e-02	0.0622093	I>T:17,I>A:4,I>L:2,I>M:2	I:229,T:22,A:4,M:3,L:2
18	M	T	3	10	3.403e-02	0.0622093	A>T:23,T>A:16,T>M:10,T>I:5,T>L:5,M>T:3,T>V:3,A>V:3,I>L:2,T>S:2,A>M:2,M>L:1,M>I:1,L>M:1,L>V:1,A>I:1,V>T:1,I>T:1,V>I:1,V>L:1,S>F:1,M>V:1	T:112,A:93,M:18,L:14,V:11,I:9,S:2,F:1
65	S	T	2	1	3.384e-02	0.0622093	S>N:18,N>S:4,S>C:3,T>A:2,S>T:2,T>I:1,N>G:1,N>H:1,T>S:1	S:202,N:33,T:14,C:4,I:2,G:2,A:2,H:1
276	S	T	2	12	3.409e-02	0.0622093	N>S:27,T>A:17,T>S:12,S>N:9,N>H:6,T>E:3,N>D:3,S>T:2,S>A:2,A>T:1,N>T:1,N>Y:1,H>N:1,H>Y:1,H>Q:1,C>H:1,C>D:1,S>C:1,S>H:1	S:72,T:64,N:56,A:33,H:15,C:7,E:4,Y:4,D:4,Q:1
5	S	T	2	6	3.403e-02	0.0622093	T>A:19,P>S:16,S>P:11,T>P:7,T>S:6,S>L:6,P>L:3,T>V:2,A>T:2,P>Q:2,S>A:2,S>T:2,S>M:2,T>L:1,T>I:1,T>M:1,A>I:1,L>M:1,L>S:1,P>T:1,S>Y:1	T:74,S:66,P:58,A:33,L:12,M:8,I:2,Q:2,-:2,V:2,Y:1
502	S	T	2	6	3.406e-02	0.0622093	T>S:6,S>T:2	T:249,S:10,L:1
425	S	M	2	0	3.427e-02	0.0624706	S>A:18,S>T:11,T>A:3,S>M:2,T>M:1,A>M:1,A>T:1,S>L:1	S:204,A:28,T:23,M:4,L:1
67	T	V	7	0	3.451e-02	0.0627722	T>I:35,T>V:7,T>S:6,I>T:6,I>V:5,T>A:4,T>Y:1,I>S:1,I>L:1,T>N:1	T:162,I:61,V:16,S:10,L:5,A:4,Y:1,N:1
41	S	T	2	1	3.448e-02	0.0627722	T>V:7,M>T:5,T>M:4,S>T:2,S>P:1,T>S:1,T>I:1,T>A:1	T:232,M:11,V:8,S:5,I:2,A:1,P:1
5	T	A	19	2	3.481e-02	0.0632511	T>A:19,P>S:16,S>P:11,T>P:7,T>S:6,S>L:6,P>L:3,T>V:2,A>T:2,P>Q:2,S>A:2,S>T:2,S>M:2,T>L:1,T>I:1,T>M:1,A>I:1,L>M:1,L>S:1,P>T:1,S>Y:1	T:74,S:66,P:58,A:33,L:12,M:8,I:2,Q:2,-:2,V:2,Y:1
381	L	F	12	0	3.502e-02	0.0634260	L>F:12,L>M:4	L:242,F:14,M:4
583	T	I	2	1	3.502e-02	0.0634260	M>T:33,T>M:7,M>A:6,M>L:5,T>A:5,M>I:4,T>S:4,M>K:4,M>S:3,K>M:3,L>M:2,T>I:2,T>K:2,K>E:2,L>T:1,I>T:1,T>Q:1,K>T:1,K>N:1	M:131,T:53,K:25,A:18,L:13,I:9,S:7,E:2,N:1,Q:1
373	T	I	2	0	3.496e-02	0.0634260	M>T:23,M>L:10,T>M:7,T>A:3,M>V:3,T>I:2,M>I:2,L>S:2,I>A:1,T>S:1,T>P:1,M>P:1	M:157,T:55,L:29,I:5,A:5,S:4,V:3,P:2
53	V	A	5	0	3.508e-02	0.0634659	V>I:23,I>V:22,V>M:7,V>L:6,V>A:5,I>L:4,M>A:3,V>T:2,I>A:2,I>T:1,A>L:1,A>I:1,M>L:1,I>M:1	I:134,V:79,A:18,L:14,M:11,T:4
458	I	L	3	0	3.523e-02	0.0636691	V>I:20,I>V:10,I>T:3,I>L:3,I>A:2,T>I:2,I>M:1	I:126,V:107,A:11,T:8,L:7,M:1
117	Y	F	5	0	3.529e-02	0.0637086	Y>H:39,H>Y:15,Y>F:5,F>L:3,H>F:3,S>L:2,H>L:2,H>N:2,H>S:1,Y>L:1,N>S:1,Q>Y:1,H>Q:1	Y:128,H:94,F:14,L:9,Q:7,S:4,N:3,K:1
515	M	A	5	0	3.571e-02	0.0642297	M>L:20,M>T:7,M>V:7,M>A:5,M>I:2,T>A:1,T>S:1,L>F:1,V>M:1,V>A:1,L>S:1	M:187,L:38,T:13,V:8,A:7,S:3,I:2,-:1,F:1
442	Y	H	5	1	3.565e-02	0.0642297	F>Y:16,F>H:16,F>S:8,Y>H:5,Q>R:3,F>Q:3,F>T:3,F>P:3,Y>F:2,H>Y:1,S>P:1	F:182,Y:24,H:24,S:10,Q:8,P:5,T:4,R:3
507	I	V	3	10	3.574e-02	0.0642297	A>V:10,I>L:10,V>I:10,V>A:10,A>I:9,I>M:7,I>A:5,L>F:3,I>V:3,A>T:3,V>M:3,I>T:2,M>L:2,L>M:1,M>V:1,A>F:1,V>Y:1,A>M:1,V>T:1,I>S:1,L>I:1	I:118,A:74,L:25,V:17,M:14,T:6,F:4,S:1,Y:1
611	I	V	3	0	3.568e-02	0.0642297	I>L:17,L>I:12,I>V:3,I>M:2,I>T:1,I>A:1,L>V:1,L>F:1,L>T:1,I>F:1	L:173,I:73,V:4,F:3,M:3,T:2,A:1,S:1
610	T	M	2	1	3.577e-02	0.0642297	I>M:16,I>L:10,I>T:9,I>A:5,M>L:3,T>M:2,T>A:2,I>F:2,I>V:2,L>I:1,L>M:1,M>T:1,T>V:1	I:148,M:32,-:27,L:23,T:15,A:10,V:3,F:2
137	V	A	5	0	3.595e-02	0.0644845	I>V:21,I>T:19,I>L:11,V>I:10,V>A:5,I>A:3,V>L:3,I>M:1,L>I:1,I>S:1	I:158,V:35,T:31,L:24,A:10,S:1,M:1
56	T	M	14	0	3.604e-02	0.0645612	T>M:14,T>S:11,T>I:11,T>A:11,T>L:4,T>V:2,S>C:1,A>T:1,S>A:1,S>Y:1,M>V:1	T:194,M:16,S:14,A:12,I:11,L:6,V:5,C:1,Y:1
497	T	A	5	11	3.607e-02	0.0645612	A>T:11,T>A:5,T>M:2,A>S:1,A>M:1,T>I:1	T:136,A:118,M:3,S:2,I:1
500	I	A	4	0	3.629e-02	0.0648687	I>T:15,I>L:11,V>L:9,I>V:8,V>A:8,V>T:5,I>A:4,V>I:4,I>M:3,L>T:2,V>M:2,L>V:1,T>S:1,M>L:1,T>A:1,A>T:1	I:107,V:59,L:45,T:29,A:13,M:5,S:1,N:1
335	L	F	12	1	3.650e-02	0.0649659	L>F:12,F>L:1	L:244,F:15,M:1
550	M	T	3	22	3.650e-02	0.0649659	T>M:22,T>S:14,T>A:12,T>L:6,T>K:5,M>L:3,M>T:3,T>I:3,M>A:1,S>Y:1,T>E:1,A>S:1,T>H:1,K>T:1,T>N:1	T:155,M:32,K:18,S:18,L:17,A:13,I:3,H:1,Y:1,N:1,E:1
471	T	I	2	0	3.644e-02	0.0649659	M>T:30,M>L:13,T>M:12,T>V:5,M>A:4,M>I:3,M>V:3,T>I:2,L>T:2,L>F:1,T>A:1,T>L:1	T:117,M:73,L:49,V:8,I:6,A:6,F:1
33	F	M	2	0	3.644e-02	0.0649659	F>L:16,L>F:10,Y>H:5,F>P:5,F>Y:4,F>S:4,P>S:2,F>M:2,L>I:1,H>Y:1,L>H:1,S>P:1,L>S:1,F>T:1,H>L:1,F>H:1,P>L:1,L>P:1,L>M:1,Y>S:1	L:136,F:62,P:18,Y:16,S:11,H:9,M:4,-:2,I:1,T:1
529	S	N	2	1	3.656e-02	0.0650034	P>T:25,T>P:14,P>S:14,P>H:11,T>I:9,P>R:7,T>A:6,P>A:6,T>S:5,P>I:3,S>N:2,S>T:2,P>Q:2,P>M:2,P>L:2,S>L:1,H>R:1,T>M:1,L>P:1,T>L:1,T>K:1,T>H:1,H>P:1,N>H:1,N>S:1,T>N:1,P>K:1,P>Y:1,R>H:1,P>F:1,S>Y:1,S>A:1	P:94,T:66,S:20,H:17,I:15,A:14,R:13,N:7,L:4,M:3,Y:2,Q:2,K:2,F:1
531	S	L	3	12	3.668e-02	0.0651479	L>S:12,M>T:11,L>M:5,L>T:5,L>Q:4,S>T:3,S>Y:3,S>L:3,M>L:2,Y>R:2,S>M:1,M>V:1,L>V:1,L>F:1,S>A:1,Y>S:1,S>R:1	S:127,L:60,M:23,T:22,Y:14,Q:4,V:3,R:3,F:2,A:1,-:1
277	N	S	13	0	3.677e-02	0.0651690	N>T:19,N>S:13,N>H:4,T>S:2,N>D:1,N>Y:1	N:189,T:39,S:26,H:4,D:1,Y:1
544	M	V	3	6	3.677e-02	0.0651690	T>M:24,T>A:17,T>I:12,V>T:8,V>I:6,V>M:6,V>A:4,I>V:4,M>V:3,I>M:3,T>L:2,T>V:2,T>S:2,M>T:2,I>T:2,L>F:1,I>L:1,S>T:1,S>L:1,S>A:1,M>A:1,I>A:1	T:114,M:41,V:34,I:29,A:25,S:8,L:7,F:1,H:1
160	G	S	7	0	3.689e-02	0.0653129	G>S:7,G>N:1	G:133,S:125,N:2
41	T	V	7	0	3.695e-02	0.0653498	T>V:7,M>T:5,T>M:4,S>T:2,S>P:1,T>S:1,T>I:1,T>A:1	T:232,M:11,V:8,S:5,I:2,A:1,P:1
18	A	V	3	0	3.719e-02	0.0657062	A>T:23,T>A:16,T>M:10,T>I:5,T>L:5,M>T:3,T>V:3,A>V:3,I>L:2,T>S:2,A>M:2,M>L:1,M>I:1,L>M:1,L>V:1,A>I:1,V>T:1,I>T:1,V>I:1,V>L:1,S>F:1,M>V:1	T:112,A:93,M:18,L:14,V:11,I:9,S:2,F:1
55	M	T	14	2	3.743e-02	0.0660448	M>T:14,M>L:6,M>A:4,T>A:3,T>M:2,T>S:1,T>L:1,A>T:1,M>S:1,M>I:1	M:207,T:31,L:10,A:8,S:3,I:1
20	I	V	3	0	3.746e-02	0.0660448	I>L:8,I>V:3,L>I:2,I>T:1,I>S:1	L:170,I:85,V:3,T:1,S:1
598	A	T	5	22	3.809e-02	0.0670893	T>A:22,A>S:9,A>T:5,T>S:2,A>P:2,T>M:2,S>P:1	A:130,T:109,S:14,P:4,M:2,X:1
33	Y	H	5	1	3.818e-02	0.0671772	F>L:16,L>F:10,Y>H:5,F>P:5,F>Y:4,F>S:4,P>S:2,F>M:2,L>I:1,H>Y:1,L>H:1,S>P:1,L>S:1,F>T:1,H>L:1,F>H:1,P>L:1,L>P:1,L>M:1,Y>S:1	L:136,F:62,P:18,Y:16,S:11,H:9,M:4,-:2,I:1,T:1
471	M	L	13	0	3.834e-02	0.0673709	M>T:30,M>L:13,T>M:12,T>V:5,M>A:4,M>I:3,M>V:3,T>I:2,L>T:2,L>F:1,T>A:1,T>L:1	T:117,M:73,L:49,V:8,I:6,A:6,F:1
219	L	P	3	0	3.933e-02	0.0690455	L>I:3,L>P:3,L>F:2,L>M:1,I>A:1,L>A:1	L:248,I:4,P:3,F:2,A:2,M:1
124	F	L	2	0	3.984e-02	0.0698710	Y>F:13,Y>H:11,F>L:2	Y:220,F:24,H:13,L:2,Q:1
610	I	T	9	0	3.993e-02	0.0699557	I>M:16,I>L:10,I>T:9,I>A:5,M>L:3,T>M:2,T>A:2,I>F:2,I>V:2,L>I:1,L>M:1,M>T:1,T>V:1	I:148,M:32,-:27,L:23,T:15,A:10,V:3,F:2
85	K	T	3	0	4.075e-02	0.0713059	K>T:3	K:251,T:9
447	P	S	10	3	4.108e-02	0.0718103	T>P:17,P>S:10,P>T:7,T>A:4,T>S:4,P>V:3,S>P:3,T>V:1,P>A:1	P:164,T:65,S:22,A:5,V:4
544	I	V	4	6	4.132e-02	0.0721557	T>M:24,T>A:17,T>I:12,V>T:8,V>I:6,V>M:6,V>A:4,I>V:4,M>V:3,I>M:3,T>L:2,T>V:2,T>S:2,M>T:2,I>T:2,L>F:1,I>L:1,S>T:1,S>L:1,S>A:1,M>A:1,I>A:1	T:114,M:41,V:34,I:29,A:25,S:8,L:7,F:1,H:1
373	T	A	3	0	4.174e-02	0.0728159	M>T:23,M>L:10,T>M:7,T>A:3,M>V:3,T>I:2,M>I:2,L>S:2,I>A:1,T>S:1,T>P:1,M>P:1	M:157,T:55,L:29,I:5,A:5,S:4,V:3,P:2
501	A	V	2	12	4.246e-02	0.0739999	V>I:38,V>A:12,V>L:3,A>V:2,V>M:1,I>A:1,I>L:1,I>V:1,V>T:1	V:172,I:51,A:25,L:10,M:1,T:1
561	S	T	10	0	4.292e-02	0.0746309	S>L:11,S>T:10,S>Y:2,S>C:1,S>Q:1,N>T:1,S>N:1,S>F:1	S:210,L:25,T:14,N:6,Y:2,Q:1,C:1,F:1
60	F	L	2	1	4.292e-02	0.0746309	Y>H:27,H>Y:25,Y>F:4,H>Q:3,F>L:2,I>V:1,L>I:1,F>S:1,L>F:1,Y>L:1,Y>W:1,H>S:1,Y>C:1	Y:141,H:97,F:6,L:5,S:4,Q:3,W:1,V:1,I:1,C:1
55	T	A	3	1	4.343e-02	0.0754428	M>T:14,M>L:6,M>A:4,T>A:3,T>M:2,T>S:1,T>L:1,A>T:1,M>S:1,M>I:1	M:207,T:31,L:10,A:8,S:3,I:1
442	F	Y	16	2	4.379e-02	0.0759914	F>Y:16,F>H:16,F>S:8,Y>H:5,Q>R:3,F>Q:3,F>T:3,F>P:3,Y>F:2,H>Y:1,S>P:1	F:182,Y:24,H:24,S:10,Q:8,P:5,T:4,R:3
579	N	K	3	0	4.388e-02	0.0760688	N>S:22,D>N:21,N>H:6,T>S:4,T>A:4,D>H:3,N>K:3,N>D:3,N>T:3,T>N:3,D>E:2,E>D:1,A>T:1,D>A:1,D>K:1,T>L:1,H>Q:1,S>F:1,T>I:1,D>T:1	N:109,D:72,S:30,T:19,H:10,E:7,A:5,K:4,L:1,Q:1,F:1,I:1
34	Q	P	5	0	4.400e-02	0.0761981	Q>K:24,P>S:6,Q>P:5,Q>R:5,K>T:3,Q>S:2,K>Q:1,K>S:1,K>D:1,S>P:1,Q>T:1,Q>L:1,S>L:1,S>T:1	K:169,Q:55,S:12,P:9,T:5,R:5,L:2,D:1,-:1,A:1
203	Q	H	15	0	4.451e-02	0.0770050	Q>H:15,Q>P:1,Q>L:1,Q>N:1	Q:234,H:21,P:1,N:1,-:1,L:1,K:1
431	S	T	10	1	4.475e-02	0.0772609	S>T:10,T>S:1	T:132,S:128
29	L	I	7	0	4.475e-02	0.0772609	L>I:7,L>M:6,L>V:4,L>F:2,L>A:2,M>I:1,M>T:1,V>M:1	L:231,I:8,M:7,V:5,-:4,F:2,A:2,T:1
549	S	T	10	7	4.481e-02	0.0772846	S>P:13,S>T:10,T>V:8,T>M:7,T>S:7,T>A:4,P>S:2,T>I:2,M>S:2,S>A:1,V>A:1,M>V:1,M>T:1,V>I:1	S:95,T:80,M:33,P:31,V:11,A:6,I:3,X:1
37	P	T	4	0	4.530e-02	0.0780350	P>T:4,P>S:1	P:254,T:4,S:1,L:1
196	T	A	18	1	4.542e-02	0.0781615	T>S:22,T>A:18,S>T:3,S>H:2,T>N:2,T>Y:2,T>I:1,T>V:1,Y>H:1,S>Y:1,T>M:1,A>T:1,S>L:1	T:186,S:37,A:22,Y:5,H:3,N:3,M:1,L:1,V:1,I:1
126	L	S	3	0	4.569e-02	0.0785469	L>S:3,L>M:1,L>T:1	L:241,T:9,S:9,M:1
487	P	T	4	0	4.608e-02	0.0790566	P>T:4,P>I:1,P>S:1	P:248,T:9,I:1,S:1,Q:1
457	M	L	2	0	4.605e-02	0.0790566	T>A:15,T>M:8,A>T:6,S>L:4,T>S:4,T>L:3,M>T:3,A>N:2,A>S:2,T>K:2,M>A:2,M>L:2,A>M:2,A>L:2,S>P:1,K>N:1,K>T:1,Q>L:1,S>Q:1,A>K:1	A:144,T:41,L:24,M:20,S:13,K:7,Q:6,N:4,P:1
74	F	L	11	1	4.623e-02	0.0792331	F>Y:20,F>L:11,F>I:2,L>P:1,L>F:1	F:208,L:24,Y:23,P:2,I:2,Q:1
567	A	T	2	0	4.686e-02	0.0802349	S>A:6,S>F:5,S>Y:3,A>T:2,S>T:2,S>C:1	S:228,F:12,A:11,T:5,Y:3,C:1
529	T	I	9	0	4.708e-02	0.0805130	P>T:25,T>P:14,P>S:14,P>H:11,T>I:9,P>R:7,T>A:6,P>A:6,T>S:5,P>I:3,S>N:2,S>T:2,P>Q:2,P>M:2,P>L:2,S>L:1,H>R:1,T>M:1,L>P:1,T>L:1,T>K:1,T>H:1,H>P:1,N>H:1,N>S:1,T>N:1,P>K:1,P>Y:1,R>H:1,P>F:1,S>Y:1,S>A:1	P:94,T:66,S:20,H:17,I:15,A:14,R:13,N:7,L:4,M:3,Y:2,Q:2,K:2,F:1
118	I	T	9	0	4.762e-02	0.0813570	I>T:9,I>V:6,I>A:3,I>M:3,V>M:2,I>L:2,V>I:1,I>N:1,I>C:1	I:226,T:10,V:10,M:6,A:4,L:2,N:1,C:1
583	L	M	2	5	4.774e-02	0.0814790	M>T:33,T>M:7,M>A:6,M>L:5,T>A:5,M>I:4,T>S:4,M>K:4,M>S:3,K>M:3,L>M:2,T>I:2,T>K:2,K>E:2,L>T:1,I>T:1,T>Q:1,K>T:1,K>N:1	M:131,T:53,K:25,A:18,L:13,I:9,S:7,E:2,N:1,Q:1
210	N	T	4	4	4.780e-02	0.0814981	S>T:11,N>D:7,S>H:6,T>A:5,T>S:5,N>T:4,N>S:4,H>Q:4,T>N:4,T>V:3,S>P:3,S>N:3,D>N:3,N>G:2,H>N:2,T>P:2,T>H:2,S>A:2,G>A:1,N>V:1,H>D:1,H>C:1,N>H:1,T>Q:1,T>L:1,T>G:1,T>M:1,S>L:1,S>Y:1,S>D:1,S>Q:1,A>D:1,A>T:1,N>E:1,T>D:1,N>Y:1,N>C:1	T:89,S:55,N:37,D:22,H:19,A:10,Q:6,P:5,V:4,G:3,-:2,L:2,Y:2,C:2,M:1,E:1
572	M	I	11	0	4.789e-02	0.0815684	L>M:12,M>I:11,M>L:10,M>T:4,M>V:4,L>F:4,M>A:2,L>V:2,L>A:2,I>F:1,M>F:1,L>S:1,L>I:1,M>S:1	M:134,L:87,I:15,F:8,V:6,A:4,T:4,S:2
28	L	M	13	0	4.831e-02	0.0816727	L>M:13,L>F:9,L>P:6,L>I:6,P>L:1,I>T:1,L>T:1,L>S:1	L:203,M:18,P:14,F:12,I:6,-:4,T:2,S:1
516	T	S	10	0	4.843e-02	0.0816727	T>A:34,T>S:10,A>T:7,A>S:2,T>P:1,T>V:1	T:186,A:59,S:12,P:2,V:1
548	S	A	9	0	4.825e-02	0.0816727	S>T:25,S>N:24,S>A:9,N>S:7,S>G:4,N>T:4,T>I:3,S>I:3,T>A:2,S>H:2,S>L:1,F>C:1,F>L:1,F>Y:1,S>F:1,S>Q:1,T>M:1,T>V:1,A>I:1,S>M:1,S>C:1	S:132,N:40,T:39,A:12,I:11,C:6,G:5,L:4,M:3,F:2,H:2,Y:1,V:1,Q:1,P:1
481	L	I	7	4	4.810e-02	0.0816727	L>P:17,T>P:10,T>L:8,L>I:7,T>I:6,P>L:5,I>T:5,I>L:4,P>T:3,L>V:3,I>V:2,L>T:2,L>M:1,P>I:1,T>V:1	L:93,T:64,P:52,I:42,V:6,M:3
221	L	I	7	0	4.828e-02	0.0816727	L>I:7,L>V:3,L>A:1	L:248,I:7,V:3,A:2
554	N	T	4	1	4.846e-02	0.0816727	N>S:17,S>N:11,S>T:7,S>G:7,N>H:6,N>D:4,N>Y:4,N>T:4,S>K:4,G>S:4,N>K:3,T>A:3,S>A:2,N>E:1,H>Y:1,H>L:1,Y>L:1,S>F:1,N>G:1,T>D:1,T>N:1,K>T:1,G>A:1,N>L:1,N>I:1,S>Y:1	N:97,S:62,T:22,G:20,K:15,H:12,E:8,A:6,Y:6,D:5,L:4,F:1,I:1,Q:1
229	A	T	4	29	4.825e-02	0.0816727	T>A:29,A>T:4,T>M:3	T:204,A:52,M:4
27	P	L	3	0	4.834e-02	0.0816727	P>S:8,P>T:3,P>L:3,Q>K:1,P>Q:1,P>A:1	P:238,S:9,L:6,T:3,A:2,K:1,Q:1
294	M	T	2	0	4.828e-02	0.0816727	L>M:7,M>T:2,M>I:1	L:243,M:13,T:3,I:1
507	M	L	2	1	4.849e-02	0.0816727	A>V:10,I>L:10,V>I:10,V>A:10,A>I:9,I>M:7,I>A:5,L>F:3,I>V:3,A>T:3,V>M:3,I>T:2,M>L:2,L>M:1,M>V:1,A>F:1,V>Y:1,A>M:1,V>T:1,I>S:1,L>I:1	I:118,A:74,L:25,V:17,M:14,T:6,F:4,S:1,Y:1
24	T	A	2	0	4.840e-02	0.0816727	I>L:19,I>T:11,I>M:10,I>V:3,M>T:3,T>I:3,T>A:2,M>I:1,T>M:1	I:177,T:32,M:24,L:22,V:3,A:2
610	T	A	2	0	4.876e-02	0.0820462	I>M:16,I>L:10,I>T:9,I>A:5,M>L:3,T>M:2,T>A:2,I>F:2,I>V:2,L>I:1,L>M:1,M>T:1,T>V:1	I:148,M:32,-:27,L:23,T:15,A:10,V:3,F:2
591	L	M	13	0	4.882e-02	0.0820644	L>F:22,L>M:13,L>I:9,L>Y:3,M>A:2,M>I:1,M>T:1,L>T:1,I>L:1,I>A:1,L>A:1,S>Y:1,L>S:1,F>L:1	L:188,F:29,M:17,I:11,A:8,Y:4,T:2,S:1
213	T	L	2	0	4.994e-02	0.0838537	T>I:29,T>A:9,T>M:7,T>V:4,I>T:2,T>L:2,T>P:2,I>M:1,M>V:1,V>L:1,T>S:1,T>D:1	T:190,I:39,A:9,M:9,V:5,L:3,P:3,S:1,D:1
559	I	F	3	0	5.060e-02	0.0848812	I>L:9,I>V:6,I>T:4,I>F:3,L>F:2,F>L:1,L>I:1	I:225,L:16,F:9,V:6,T:4
535	T	I	9	0	5.093e-02	0.0853510	S>T:12,T>I:9,S>L:8,T>M:7,T>S:7,T>V:6,T>L:5,M>L:4,T>A:2,M>T:1,T>N:1,S>A:1,S>V:1,S>I:1,I>V:1,S>M:1,S>N:1	T:98,S:97,L:22,I:15,M:12,V:10,A:3,N:2,K:1
22	T	L	2	0	5.129e-02	0.0857837	T>M:11,T>A:10,T>S:6,T>I:5,T>V:2,T>L:2,T>K:1,A>S:1	T:218,M:12,A:10,S:8,I:5,L:3,V:2,K:2
72	W	L	2	0	5.129e-02	0.0857837	W>L:2	W:258,L:2
463	T	L	2	0	5.135e-02	0.0857980	T>I:8,T>L:2,T>S:1,I>M:1,T>A:1	T:233,I:14,L:10,M:1,A:1,S:1
436	L	V	5	0	5.160e-02	0.0861141	L>I:11,V>M:10,V>I:9,L>V:5,L>M:3,L>T:2,L>F:2,L>S:2,V>T:2,I>L:1,I>M:1,I>S:1,S>T:1	L:148,V:53,I:28,M:14,T:7,S:7,F:2,Y:1
379	T	A	2	1	5.169e-02	0.0861783	S>A:12,S>T:4,T>A:2,A>T:1	S:227,A:23,T:10
503	I	L	6	0	5.184e-02	0.0863428	I>T:18,A>I:10,I>V:9,V>I:8,I>A:7,A>V:7,T>A:6,I>L:6,V>L:6,I>M:4,V>A:4,I>F:2,T>I:2,T>L:2,T>S:1,A>T:1,M>A:1,T>M:1,L>S:1,A>L:1	I:89,A:77,V:30,T:27,L:20,M:13,S:2,F:2
467	L	V	5	0	5.193e-02	0.0864066	L>M:11,L>V:5,L>F:3,L>I:2,M>V:1,M>T:1,M>A:1,L>A:1	L:232,M:11,V:7,I:4,F:3,A:2,T:1
548	T	A	2	0	5.202e-02	0.0864703	S>T:25,S>N:24,S>A:9,N>S:7,S>G:4,N>T:4,T>I:3,S>I:3,T>A:2,S>H:2,S>L:1,F>C:1,F>L:1,F>Y:1,S>F:1,S>Q:1,T>M:1,T>V:1,A>I:1,S>M:1,S>C:1	S:132,N:40,T:39,A:12,I:11,C:6,G:5,L:4,M:3,F:2,H:2,Y:1,V:1,Q:1,P:1
455	T	A	2	0	5.211e-02	0.0865339	N>D:19,N>S:5,N>H:3,N>T:3,S>N:2,S>M:2,S>T:2,T>A:2,S>H:1,D>N:1,N>Q:1	N:198,D:25,T:14,S:13,H:4,A:3,M:2,Q:1
276	T	A	17	1	5.217e-02	0.0865474	N>S:27,T>A:17,T>S:12,S>N:9,N>H:6,T>E:3,N>D:3,S>T:2,S>A:2,A>T:1,N>T:1,N>Y:1,H>N:1,H>Y:1,H>Q:1,C>H:1,C>D:1,S>C:1,S>H:1	S:72,T:64,N:56,A:33,H:15,C:7,E:4,Y:4,D:4,Q:1
503	V	A	4	7	5.250e-02	0.0868369	I>T:18,A>I:10,I>V:9,V>I:8,I>A:7,A>V:7,T>A:6,I>L:6,V>L:6,I>M:4,V>A:4,I>F:2,T>I:2,T>L:2,T>S:1,A>T:1,M>A:1,T>M:1,L>S:1,A>L:1	I:89,A:77,V:30,T:27,L:20,M:13,S:2,F:2
588	T	A	2	7	5.250e-02	0.0868369	S>T:11,A>T:7,A>S:7,A>M:4,S>Y:3,A>I:3,A>L:3,T>A:2,S>L:2,T>S:2,A>F:2,C>L:1,Y>C:1,T>I:1,T>V:1,S>A:1,S>M:1,F>L:1,S>F:1,M>L:1,I>S:1,A>V:1,T>L:1	S:125,A:80,T:21,L:11,M:8,I:5,Y:4,F:3,V:2,C:1
70	W	L	2	0	5.247e-02	0.0868369	W>L:2,W>G:1,W>H:1	W:253,L:4,H:1,G:1,A:1
124	Y	F	13	0	5.274e-02	0.0871488	Y>F:13,Y>H:11,F>L:2	Y:220,F:24,H:13,L:2,Q:1
408	S	N	2	29	5.283e-02	0.0872113	N>S:29,N>T:5,S>N:2,N>C:1	N:220,S:32,T:6,C:2
119	T	N	4	0	5.307e-02	0.0875222	T>N:4,T>S:4,T>M:4,T>K:2,T>D:2,S>T:1,N>S:1,N>K:1	T:234,N:9,S:7,M:5,K:3,D:2
544	T	L	2	0	5.316e-02	0.0875843	T>M:24,T>A:17,T>I:12,V>T:8,V>I:6,V>M:6,V>A:4,I>V:4,M>V:3,I>M:3,T>L:2,T>V:2,T>S:2,M>T:2,I>T:2,L>F:1,I>L:1,S>T:1,S>L:1,S>A:1,M>A:1,I>A:1	T:114,M:41,V:34,I:29,A:25,S:8,L:7,F:1,H:1
554	N	Y	4	0	5.358e-02	0.0881044	N>S:17,S>N:11,S>T:7,S>G:7,N>H:6,N>D:4,N>Y:4,N>T:4,S>K:4,G>S:4,N>K:3,T>A:3,S>A:2,N>E:1,H>Y:1,H>L:1,Y>L:1,S>F:1,N>G:1,T>D:1,T>N:1,K>T:1,G>A:1,N>L:1,N>I:1,S>Y:1	N:97,S:62,T:22,G:20,K:15,H:12,E:8,A:6,Y:6,D:5,L:4,F:1,I:1,Q:1
516	A	S	2	0	5.355e-02	0.0881044	T>A:34,T>S:10,A>T:7,A>S:2,T>P:1,T>V:1	T:186,A:59,S:12,P:2,V:1
68	C	Y	2	0	5.389e-02	0.0885122	S>T:33,S>L:7,F>L:7,S>F:6,S>C:3,C>Y:2,T>I:2,F>Y:2,S>H:2,S>Y:1,S>A:1,T>L:1,F>T:1,S>N:1,F>I:1,F>S:1	S:156,T:50,L:17,F:13,C:10,Y:7,I:3,H:2,N:1,A:1
535	T	V	6	0	5.404e-02	0.0886719	S>T:12,T>I:9,S>L:8,T>M:7,T>S:7,T>V:6,T>L:5,M>L:4,T>A:2,M>T:1,T>N:1,S>A:1,S>V:1,S>I:1,I>V:1,S>M:1,S>N:1	T:98,S:97,L:22,I:15,M:12,V:10,A:3,N:2,K:1
280	T	N	4	0	5.422e-02	0.0888807	T>I:5,T>A:4,T>N:4,T>M:3,T>L:3,T>S:2,T>V:2,T>Y:1,L>F:1,N>Y:1,T>P:1	T:233,I:5,N:4,A:4,M:3,L:3,Y:2,S:2,V:2,P:1,F:1
555	S	N	2	16	5.452e-02	0.0892865	N>S:16,N>T:7,G>A:6,N>K:4,G>S:4,T>S:3,S>T:3,T>A:2,T>I:2,S>N:2,N>H:2,G>M:2,G>N:2,K>N:1,S>K:1,T>Y:1,N>A:1,G>K:1,G>R:1,G>W:1,N>G:1	G:95,S:53,N:48,T:24,K:17,A:10,H:5,I:3,M:2,Y:1,W:1,R:1
457	A	S	2	0	5.494e-02	0.0898888	T>A:15,T>M:8,A>T:6,S>L:4,T>S:4,T>L:3,M>T:3,A>N:2,A>S:2,T>K:2,M>A:2,M>L:2,A>M:2,A>L:2,S>P:1,K>N:1,K>T:1,Q>L:1,S>Q:1,A>K:1	A:144,T:41,L:24,M:20,S:13,K:7,Q:6,N:4,P:1
50	T	V	6	0	5.582e-02	0.0912288	T>I:17,I>T:10,I>V:10,T>V:6,I>L:4,I>M:4,T>L:3,T>A:3,T>M:2,T>S:1,V>A:1,A>I:1,A>T:1	I:156,T:64,V:16,L:11,M:6,A:6,S:1
205	I	V	3	0	5.627e-02	0.0918772	A>T:19,T>A:16,P>L:4,T>M:4,T>I:3,T>S:3,A>I:3,A>P:3,A>S:3,L>I:3,L>F:3,I>A:3,I>L:3,I>V:3,T>P:2,T>N:2,S>P:2,I>M:2,P>H:2,T>V:1,A>L:1,C>H:1,A>C:1,L>M:1,V>A:1,H>Y:1,H>Q:1,P>T:1,L>P:1,L>S:1	L:72,A:51,I:40,T:38,P:17,M:14,S:7,V:5,H:4,F:3,-:3,N:2,Y:2,C:1,Q:1
34	Q	S	2	0	5.663e-02	0.0923768	Q>K:24,P>S:6,Q>P:5,Q>R:5,K>T:3,Q>S:2,K>Q:1,K>S:1,K>D:1,S>P:1,Q>T:1,Q>L:1,S>L:1,S>T:1	K:169,Q:55,S:12,P:9,T:5,R:5,L:2,D:1,-:1,A:1
134	M	T	2	3	5.681e-02	0.0925807	T>I:12,I>T:8,T>L:4,I>L:4,T>M:3,T>A:2,M>T:2,I>V:2,T>V:1,M>I:1,M>L:1,I>M:1,T>S:1	I:126,T:104,L:18,M:6,V:3,A:2,S:1
55	T	M	2	14	5.720e-02	0.0931277	M>T:14,M>L:6,M>A:4,T>A:3,T>M:2,T>S:1,T>L:1,A>T:1,M>S:1,M>I:1	M:207,T:31,L:10,A:8,S:3,I:1
544	T	A	17	0	5.729e-02	0.0931835	T>M:24,T>A:17,T>I:12,V>T:8,V>I:6,V>M:6,V>A:4,I>V:4,M>V:3,I>M:3,T>L:2,T>V:2,T>S:2,M>T:2,I>T:2,L>F:1,I>L:1,S>T:1,S>L:1,S>A:1,M>A:1,I>A:1	T:114,M:41,V:34,I:29,A:25,S:8,L:7,F:1,H:1
24	I	M	10	1	5.771e-02	0.0937778	I>L:19,I>T:11,I>M:10,I>V:3,M>T:3,T>I:3,T>A:2,M>I:1,T>M:1	I:177,T:32,M:24,L:22,V:3,A:2
12	T	M	2	22	5.777e-02	0.0937839	M>T:22,M>L:8,M>I:5,M>A:4,T>M:2,T>A:1,I>V:1,T>S:1,M>V:1,M>S:1	M:189,T:46,L:10,I:6,A:5,V:2,S:2
481	I	V	2	0	5.841e-02	0.0946261	L>P:17,T>P:10,T>L:8,L>I:7,T>I:6,P>L:5,I>T:5,I>L:4,P>T:3,L>V:3,I>V:2,L>T:2,L>M:1,P>I:1,T>V:1	L:93,T:64,P:52,I:42,V:6,M:3
512	I	V	2	0	5.841e-02	0.0946261	L>I:10,L>M:9,I>M:5,I>V:2,I>L:1,L>V:1	L:184,I:55,M:18,V:3
6	L	Q	2	0	5.880e-02	0.0951679	L>M:7,L>Q:2,L>F:2,L>P:1	L:242,M:10,F:3,-:2,Q:2,P:1
566	L	Q	2	0	5.916e-02	0.0956599	L>S:5,L>H:4,L>F:2,L>Q:2,L>Y:2,L>M:1	L:233,M:10,S:5,H:4,Q:4,F:2,Y:2
544	M	T	2	24	5.961e-02	0.0962970	T>M:24,T>A:17,T>I:12,V>T:8,V>I:6,V>M:6,V>A:4,I>V:4,M>V:3,I>M:3,T>L:2,T>V:2,T>S:2,M>T:2,I>T:2,L>F:1,I>L:1,S>T:1,S>L:1,S>A:1,M>A:1,I>A:1	T:114,M:41,V:34,I:29,A:25,S:8,L:7,F:1,H:1
32	N	D	2	0	5.985e-02	0.0965924	N>S:27,N>K:16,N>T:15,K>N:7,N>H:4,S>G:2,N>D:2,K>T:2,T>P:2,T>N:2,N>G:2,N>Q:1,T>I:1	N:123,T:46,S:34,K:32,-:8,H:5,G:4,Q:3,P:2,D:2,I:1
11	S	T	9	0	6.061e-02	0.0977133	F>L:18,F>S:15,S>L:13,S>F:12,S>T:9,L>F:4,S>C:4,L>S:2,L>M:1,T>M:1,F>T:1,F>A:1,S>M:1	S:108,F:79,L:54,T:10,M:4,C:4,A:1
510	L	T	2	0	6.187e-02	0.0996572	L>M:6,L>I:5,L>T:2,I>L:1,L>V:1	L:239,I:10,M:7,T:2,V:1,S:1
38	T	P	3	0	6.284e-02	0.1011124	T>A:30,T>S:12,T>I:8,T>N:6,T>L:5,S>L:4,T>D:4,D>N:3,T>P:3,T>H:2,K>Q:2,N>D:2,N>S:2,A>T:1,S>A:1,S>Q:1,M>L:1,M>S:1,M>Q:1,T>M:1,D>S:1,D>T:1,A>D:1,T>V:1,I>A:1,L>Q:1,K>E:1,T>K:1,N>E:1,N>H:1,N>Y:1,T>G:1,H>N:1,H>Y:1,H>T:1	T:122,A:36,S:22,L:15,N:15,D:11,I:9,Q:7,K:6,H:6,P:3,E:2,M:2,Y:2,V:1,G:1
588	S	Y	3	0	6.323e-02	0.1016426	S>T:11,A>T:7,A>S:7,A>M:4,S>Y:3,A>I:3,A>L:3,T>A:2,S>L:2,T>S:2,A>F:2,C>L:1,Y>C:1,T>I:1,T>V:1,S>A:1,S>M:1,F>L:1,S>F:1,M>L:1,I>S:1,A>V:1,T>L:1	S:125,A:80,T:21,L:11,M:8,I:5,Y:4,F:3,V:2,C:1
481	L	T	2	8	6.329e-02	0.1016426	L>P:17,T>P:10,T>L:8,L>I:7,T>I:6,P>L:5,I>T:5,I>L:4,P>T:3,L>V:3,I>V:2,L>T:2,L>M:1,P>I:1,T>V:1	L:93,T:64,P:52,I:42,V:6,M:3
492	T	P	3	0	6.344e-02	0.1017861	T>L:12,L>T:11,T>M:8,L>P:6,T>I:5,L>F:3,T>P:3,L>M:3,T>F:2,T>A:2,T>S:2,L>I:2,M>L:1,T>Q:1,L>V:1,M>T:1	L:128,T:89,M:14,P:10,I:7,F:6,S:2,A:2,V:1,Q:1
205	T	A	16	19	6.410e-02	0.1025956	A>T:19,T>A:16,P>L:4,T>M:4,T>I:3,T>S:3,A>I:3,A>P:3,A>S:3,L>I:3,L>F:3,I>A:3,I>L:3,I>V:3,T>P:2,T>N:2,S>P:2,I>M:2,P>H:2,T>V:1,A>L:1,C>H:1,A>C:1,L>M:1,V>A:1,H>Y:1,H>Q:1,P>T:1,L>P:1,L>S:1	L:72,A:51,I:40,T:38,P:17,M:14,S:7,V:5,H:4,F:3,-:3,N:2,Y:2,C:1,Q:1
456	P	Q	5	0	6.416e-02	0.1025956	P>Q:5,P>S:5,P>T:2,P>H:1,Q>R:1,K>Q:1,P>K:1	P:238,Q:9,S:6,K:2,R:2,T:2,H:1
77	N	G	3	0	6.416e-02	0.1025956	N>T:8,N>S:3,N>G:3,N>D:2,N>H:1	N:235,T:14,G:4,S:3,D:2,H:2
458	I	T	3	2	6.425e-02	0.1025956	V>I:20,I>V:10,I>T:3,I>L:3,I>A:2,T>I:2,I>M:1	I:126,V:107,A:11,T:8,L:7,M:1
567	S	Y	3	0	6.425e-02	0.1025956	S>A:6,S>F:5,S>Y:3,A>T:2,S>T:2,S>C:1	S:228,F:12,A:11,T:5,Y:3,C:1
63	T	S	9	0	6.474e-02	0.1031669	T>M:16,T>A:11,T>S:9,M>T:8,M>L:6,V>L:2,V>M:2,T>V:2,V>A:1,M>A:1,T>P:1,S>L:1,T>L:1,M>S:1,M>V:1,M>I:1	T:144,M:50,L:23,A:19,S:15,V:7,P:1,I:1
436	L	T	2	0	6.474e-02	0.1031669	L>I:11,V>M:10,V>I:9,L>V:5,L>M:3,L>T:2,L>F:2,L>S:2,V>T:2,I>L:1,I>M:1,I>S:1,S>T:1	L:148,V:53,I:28,M:14,T:7,S:7,F:2,Y:1
324	T	A	16	1	6.483e-02	0.1032119	T>A:16,T>S:2,A>T:1	T:229,A:28,S:3
440	T	S	9	0	6.501e-02	0.1034005	T>A:20,T>S:9,T>M:1,A>T:1,T>V:1,S>A:1	T:209,A:34,S:14,M:1,V:1,L:1
442	Y	F	2	16	6.564e-02	0.1043072	F>Y:16,F>H:16,F>S:8,Y>H:5,Q>R:3,F>Q:3,F>T:3,F>P:3,Y>F:2,H>Y:1,S>P:1	F:182,Y:24,H:24,S:10,Q:8,P:5,T:4,R:3
91	M	T	12	0	6.606e-02	0.1047770	M>T:12,M>L:7,M>I:4,M>V:1,T>V:1,A>S:1,M>A:1,L>I:1,L>M:1	L:145,M:87,T:16,I:8,V:2,S:1,A:1
531	S	Y	3	1	6.606e-02	0.1047770	L>S:12,M>T:11,L>M:5,L>T:5,L>Q:4,S>T:3,S>Y:3,S>L:3,M>L:2,Y>R:2,S>M:1,M>V:1,L>V:1,L>F:1,S>A:1,Y>S:1,S>R:1	S:127,L:60,M:23,T:22,Y:14,Q:4,V:3,R:3,F:2,A:1,-:1
55	M	A	4	0	6.648e-02	0.1053454	M>T:14,M>L:6,M>A:4,T>A:3,T>M:2,T>S:1,T>L:1,A>T:1,M>S:1,M>I:1	M:207,T:31,L:10,A:8,S:3,I:1
18	T	A	16	23	6.660e-02	0.1054358	A>T:23,T>A:16,T>M:10,T>I:5,T>L:5,M>T:3,T>V:3,A>V:3,I>L:2,T>S:2,A>M:2,M>L:1,M>I:1,L>M:1,L>V:1,A>I:1,V>T:1,I>T:1,V>I:1,V>L:1,S>F:1,M>V:1	T:112,A:93,M:18,L:14,V:11,I:9,S:2,F:1
517	Q	H	2	8	6.682e-02	0.1056689	H>Q:8,H>N:5,H>Y:2,H>L:2,Q>H:2,H>P:1,N>T:1,H>R:1,H>K:1,Q>R:1,Q>K:1	H:122,Q:120,N:7,Y:2,K:2,L:2,R:2,T:1,P:1,-:1
4	T	I	8	0	6.697e-02	0.1058063	T>A:10,T>I:8,T>P:8,T>M:6,L>Q:5,T>L:4,Q>L:4,P>T:2,T>S:2,L>F:2,L>M:2,L>A:2,L>H:2,T>Y:1,P>H:1,Q>T:1,L>V:1	L:103,T:71,Q:28,P:18,A:12,M:10,I:9,H:3,F:2,S:2,V:1,Y:1
471	M	A	4	0	6.718e-02	0.1060387	M>T:30,M>L:13,T>M:12,T>V:5,M>A:4,M>I:3,M>V:3,T>I:2,L>T:2,L>F:1,T>A:1,T>L:1	T:117,M:73,L:49,V:8,I:6,A:6,F:1
12	M	A	4	0	6.784e-02	0.1069835	M>T:22,M>L:8,M>I:5,M>A:4,T>M:2,T>A:1,I>V:1,T>S:1,M>V:1,M>S:1	M:189,T:46,L:10,I:6,A:5,V:2,S:2
38	T	I	8	0	6.796e-02	0.1070718	T>A:30,T>S:12,T>I:8,T>N:6,T>L:5,S>L:4,T>D:4,D>N:3,T>P:3,T>H:2,K>Q:2,N>D:2,N>S:2,A>T:1,S>A:1,S>Q:1,M>L:1,M>S:1,M>Q:1,T>M:1,D>S:1,D>T:1,A>D:1,T>V:1,I>A:1,L>Q:1,K>E:1,T>K:1,N>E:1,N>H:1,N>Y:1,T>G:1,H>N:1,H>Y:1,H>T:1	T:122,A:36,S:22,L:15,N:15,D:11,I:9,Q:7,K:6,H:6,P:3,E:2,M:2,Y:2,V:1,G:1
28	L	I	6	0	6.847e-02	0.1077766	L>M:13,L>F:9,L>P:6,L>I:6,P>L:1,I>T:1,L>T:1,L>S:1	L:203,M:18,P:14,F:12,I:6,-:4,T:2,S:1
463	T	I	8	0	6.877e-02	0.1081407	T>I:8,T>L:2,T>S:1,I>M:1,T>A:1	T:233,I:14,L:10,M:1,A:1,S:1
53	V	T	2	0	6.883e-02	0.1081407	V>I:23,I>V:22,V>M:7,V>L:6,V>A:5,I>L:4,M>A:3,V>T:2,I>A:2,I>T:1,A>L:1,A>I:1,M>L:1,I>M:1	I:134,V:79,A:18,L:14,M:11,T:4
483	T	A	16	2	6.956e-02	0.1091736	T>A:16,T>M:11,T>S:6,T>I:5,T>P:5,T>V:5,A>T:2,T>C:1,P>T:1,M>A:1,T>E:1	T:193,A:26,M:14,P:7,V:6,I:6,S:6,E:1,C:1
69	H	F	2	0	7.037e-02	0.1103464	H>Y:19,L>F:12,H>N:7,Y>H:5,H>C:5,L>I:5,H>Q:2,Y>C:2,H>S:2,H>F:2,F>L:2,Y>S:1,Y>L:1,H>T:1,H>I:1,N>S:1,H>L:1,S>C:1,L>V:1,I>V:1,L>M:1,C>L:1,S>Y:1	L:86,H:67,Y:39,F:21,C:18,N:8,S:7,I:6,Q:3,V:2,T:1,M:1,E:1
59	I	A	3	0	7.094e-02	0.1111392	M>I:15,I>L:11,M>L:9,I>M:7,M>T:3,I>A:3,I>V:3,I>T:2,M>F:1,I>S:1,M>V:1,M>A:1,T>I:1	I:138,M:78,L:27,T:7,V:4,A:4,F:1,S:1
60	H	Q	3	0	7.146e-02	0.1118363	Y>H:27,H>Y:25,Y>F:4,H>Q:3,F>L:2,I>V:1,L>I:1,F>S:1,L>F:1,Y>L:1,Y>W:1,H>S:1,Y>C:1	Y:141,H:97,F:6,L:5,S:4,Q:3,W:1,V:1,I:1,C:1
137	I	A	3	0	7.200e-02	0.1125791	I>V:21,I>T:19,I>L:11,V>I:10,V>A:5,I>A:3,V>L:3,I>M:1,L>I:1,I>S:1	I:158,V:35,T:31,L:24,A:10,S:1,M:1
118	I	A	3	0	7.224e-02	0.1128497	I>T:9,I>V:6,I>A:3,I>M:3,V>M:2,I>L:2,V>I:1,I>N:1,I>C:1	I:226,T:10,V:10,M:6,A:4,L:2,N:1,C:1
577	L	I	6	1	7.248e-02	0.1131198	L>I:6,L>F:1,I>L:1	L:250,I:8,F:1,V:1
483	T	M	11	0	7.453e-02	0.1162089	T>A:16,T>M:11,T>S:6,T>I:5,T>P:5,T>V:5,A>T:2,T>C:1,P>T:1,M>A:1,T>E:1	T:193,A:26,M:14,P:7,V:6,I:6,S:6,E:1,C:1
497	T	M	2	0	7.507e-02	0.1169448	A>T:11,T>A:5,T>M:2,A>S:1,A>M:1,T>I:1	T:136,A:118,M:3,S:2,I:1
22	T	M	11	0	7.519e-02	0.1170227	T>M:11,T>A:10,T>S:6,T>I:5,T>V:2,T>L:2,T>K:1,A>S:1	T:218,M:12,A:10,S:8,I:5,L:3,V:2,K:2
164	G	A	5	0	7.556e-02	0.1174754	G>A:5,G>S:2,G>D:1	G:250,A:6,S:2,D:1,F:1
130	I	M	9	0	7.583e-02	0.1177867	I>V:17,I>M:9,I>T:7,I>A:4,I>L:4,V>I:1	I:210,V:20,M:13,T:8,L:5,A:4
458	I	V	10	20	7.598e-02	0.1179104	V>I:20,I>V:10,I>T:3,I>L:3,I>A:2,T>I:2,I>M:1	I:126,V:107,A:11,T:8,L:7,M:1
44	V	I	28	0	7.634e-02	0.1183609	V>I:28,V>T:4,V>G:1	V:204,I:46,T:8,G:1,A:1
137	V	I	10	21	7.643e-02	0.1183905	I>V:21,I>T:19,I>L:11,V>I:10,V>A:5,I>A:3,V>L:3,I>M:1,L>I:1,I>S:1	I:158,V:35,T:31,L:24,A:10,S:1,M:1
33	F	S	4	0	7.667e-02	0.1186531	F>L:16,L>F:10,Y>H:5,F>P:5,F>Y:4,F>S:4,P>S:2,F>M:2,L>I:1,H>Y:1,L>H:1,S>P:1,L>S:1,F>T:1,H>L:1,F>H:1,P>L:1,L>P:1,L>M:1,Y>S:1	L:136,F:62,P:18,Y:16,S:11,H:9,M:4,-:2,I:1,T:1
230	G	A	5	0	7.745e-02	0.1197541	G>A:5	G:252,A:8
519	L	M	11	1	7.827e-02	0.1208801	L>F:13,L>M:11,L>H:4,L>Y:3,L>I:2,L>P:2,I>M:1,M>L:1	L:208,M:19,F:16,H:7,Y:4,P:3,I:2,-:1
188	L	M	11	0	7.833e-02	0.1208801	L>M:11,L>I:3,L>F:2,I>M:1,I>L:1,L>V:1	L:229,M:15,I:11,F:3,V:2
450	P	S	8	0	7.884e-02	0.1215577	P>S:8,P>T:2,P>A:2,A>M:1,P>N:1,P>L:1	P:243,S:8,A:4,T:2,M:1,N:1,L:1
457	T	A	15	6	7.899e-02	0.1216769	T>A:15,T>M:8,A>T:6,S>L:4,T>S:4,T>L:3,M>T:3,A>N:2,A>S:2,T>K:2,M>A:2,M>L:2,A>M:2,A>L:2,S>P:1,K>N:1,K>T:1,Q>L:1,S>Q:1,A>K:1	A:144,T:41,L:24,M:20,S:13,K:7,Q:6,N:4,P:1
69	Y	H	5	19	7.959e-02	0.1224917	H>Y:19,L>F:12,H>N:7,Y>H:5,H>C:5,L>I:5,H>Q:2,Y>C:2,H>S:2,H>F:2,F>L:2,Y>S:1,Y>L:1,H>T:1,H>I:1,N>S:1,H>L:1,S>C:1,L>V:1,I>V:1,L>M:1,C>L:1,S>Y:1	L:86,H:67,Y:39,F:21,C:18,N:8,S:7,I:6,Q:3,V:2,T:1,M:1,E:1
467	L	M	11	0	8.008e-02	0.1229380	L>M:11,L>V:5,L>F:3,L>I:2,M>V:1,M>T:1,M>A:1,L>A:1	L:232,M:11,V:7,I:4,F:3,A:2,T:1
373	M	L	10	0	8.011e-02	0.1229380	M>T:23,M>L:10,T>M:7,T>A:3,M>V:3,T>I:2,M>I:2,L>S:2,I>A:1,T>S:1,T>P:1,M>P:1	M:157,T:55,L:29,I:5,A:5,S:4,V:3,P:2
69	H	N	7	0	8.008e-02	0.1229380	H>Y:19,L>F:12,H>N:7,Y>H:5,H>C:5,L>I:5,H>Q:2,Y>C:2,H>S:2,H>F:2,F>L:2,Y>S:1,Y>L:1,H>T:1,H>I:1,N>S:1,H>L:1,S>C:1,L>V:1,I>V:1,L>M:1,C>L:1,S>Y:1	L:86,H:67,Y:39,F:21,C:18,N:8,S:7,I:6,Q:3,V:2,T:1,M:1,E:1
27	P	S	8	0	8.023e-02	0.1230092	P>S:8,P>T:3,P>L:3,Q>K:1,P>Q:1,P>A:1	P:238,S:9,L:6,T:3,A:2,K:1,Q:1
43	T	A	15	0	8.053e-02	0.1233573	T>A:15,T>S:5,H>S:1,H>Y:1,T>H:1,T>M:1,S>Y:1,T>V:1,A>S:1	T:219,A:23,S:7,H:6,Y:3,M:1,V:1
572	M	L	10	12	8.065e-02	0.1234280	L>M:12,M>I:11,M>L:10,M>T:4,M>V:4,L>F:4,M>A:2,L>V:2,L>A:2,I>F:1,M>F:1,L>S:1,L>I:1,M>S:1	M:134,L:87,I:15,F:8,V:6,A:4,T:4,S:2
272	H	N	7	0	8.107e-02	0.1239594	H>N:7,H>S:1,H>Y:1,H>Q:1	H:247,N:9,S:2,Q:1,Y:1
475	L	F	9	0	8.128e-02	0.1241675	L>I:13,L>F:9,L>V:2,L>A:1	L:221,I:26,F:9,V:2,A:1,M:1
190	M	L	10	0	8.152e-02	0.1244213	M>L:10,M>V:1,M>I:1	M:244,L:14,V:1,I:1
9	N	S	10	0	8.200e-02	0.1250422	N>T:13,N>S:10,N>I:2,N>A:1	N:227,T:14,S:13,I:4,A:1,-:1
385	N	S	10	0	8.210e-02	0.1250651	N>S:10,N>K:1	N:247,S:12,K:1
28	L	F	9	0	8.309e-02	0.1264641	L>M:13,L>F:9,L>P:6,L>I:6,P>L:1,I>T:1,L>T:1,L>S:1	L:203,M:18,P:14,F:12,I:6,-:4,T:2,S:1
69	H	C	5	0	8.493e-02	0.1291437	H>Y:19,L>F:12,H>N:7,Y>H:5,H>C:5,L>I:5,H>Q:2,Y>C:2,H>S:2,H>F:2,F>L:2,Y>S:1,Y>L:1,H>T:1,H>I:1,N>S:1,H>L:1,S>C:1,L>V:1,I>V:1,L>M:1,C>L:1,S>Y:1	L:86,H:67,Y:39,F:21,C:18,N:8,S:7,I:6,Q:3,V:2,T:1,M:1,E:1
10	T	V	5	0	8.505e-02	0.1292086	T>S:7,T>A:5,T>V:5,T>L:3,I>T:3,I>S:3,T>I:2,S>T:1,L>T:1,V>I:1,I>V:1,I>M:1	T:212,S:18,I:12,V:8,A:5,L:4,M:1
579	D	N	21	3	8.535e-02	0.1295478	N>S:22,D>N:21,N>H:6,T>S:4,T>A:4,D>H:3,N>K:3,N>D:3,N>T:3,T>N:3,D>E:2,E>D:1,A>T:1,D>A:1,D>K:1,T>L:1,H>Q:1,S>F:1,T>I:1,D>T:1	N:109,D:72,S:30,T:19,H:10,E:7,A:5,K:4,L:1,Q:1,F:1,I:1
378	T	S	8	0	8.683e-02	0.1316688	T>S:8,T>A:1,T>M:1	T:249,S:9,A:1,M:1
134	I	V	2	0	8.704e-02	0.1318682	T>I:12,I>T:8,T>L:4,I>L:4,T>M:3,T>A:2,M>T:2,I>V:2,T>V:1,M>I:1,M>L:1,I>M:1,T>S:1	I:126,T:104,L:18,M:6,V:3,A:2,S:1
477	T	S	8	1	8.728e-02	0.1320835	T>S:8,S>T:1	T:236,S:24
587	I	V	2	0	8.734e-02	0.1320835	T>A:30,T>I:11,T>S:4,I>T:4,T>N:2,T>F:2,I>V:2,A>T:1,T>M:1,T>K:1,I>L:1	T:176,A:45,I:19,S:7,N:4,L:2,K:2,F:2,V:2,M:1
513	S	T	8	0	8.764e-02	0.1324186	S>T:8,S>A:5,S>L:4,A>M:3,M>A:2,L>A:1,A>T:1,M>T:1,T>M:1,T>A:1,T>V:1	S:217,T:14,L:12,A:10,M:5,V:1,I:1
29	L	V	4	0	8.800e-02	0.1328440	L>I:7,L>M:6,L>V:4,L>F:2,L>A:2,M>I:1,M>T:1,V>M:1	L:231,I:8,M:7,V:5,-:4,F:2,A:2,T:1
483	T	V	5	0	8.812e-02	0.1329051	T>A:16,T>M:11,T>S:6,T>I:5,T>P:5,T>V:5,A>T:2,T>C:1,P>T:1,M>A:1,T>E:1	T:193,A:26,M:14,P:7,V:6,I:6,S:6,E:1,C:1
418	L	V	4	9	8.842e-02	0.1332385	L>I:9,V>L:9,V>I:8,I>V:7,I>L:7,L>S:6,L>T:5,V>T:5,L>V:4,L>F:3,I>T:2,S>T:1,L>M:1,V>A:1,L>A:1	L:176,V:25,I:23,T:19,S:9,F:4,A:3,M:1
615	H	Y	13	13	9.171e-02	0.1380630	H>Y:13,Y>H:13,H>Q:7,H>R:3,H>T:3,Y>Q:3,Q>P:2,H>L:2,Y>L:2,T>S:2,H>K:1,Y>F:1,T>N:1,T>I:1	Y:82,H:50,-:50,Q:35,T:16,L:9,K:4,P:3,R:3,F:2,S:2,N:2,I:1,V:1
493	I	T	7	0	9.334e-02	0.1403856	S>Y:14,L>I:13,I>T:7,L>T:6,Y>S:6,L>S:5,I>V:4,I>L:4,L>P:4,S>T:4,S>P:4,S>Q:3,L>H:2,Y>H:2,S>F:2,V>I:2,Y>L:1,L>Y:1,L>A:1,L>F:1,T>S:1,L>M:1,S>H:1,F>L:1,F>Y:1,S>L:1,V>A:1,V>T:1,L>V:1	S:79,L:48,I:44,Y:34,T:19,P:12,H:8,V:7,F:3,Q:3,A:2,M:1
457	T	K	2	1	9.349e-02	0.1404849	T>A:15,T>M:8,A>T:6,S>L:4,T>S:4,T>L:3,M>T:3,A>N:2,A>S:2,T>K:2,M>A:2,M>L:2,A>M:2,A>L:2,S>P:1,K>N:1,K>T:1,Q>L:1,S>Q:1,A>K:1	A:144,T:41,L:24,M:20,S:13,K:7,Q:6,N:4,P:1
236	G	S	5	0	9.385e-02	0.1409007	G>S:5,G>T:1	G:253,S:6,T:1
27	P	T	3	0	9.424e-02	0.1413610	P>S:8,P>T:3,P>L:3,Q>K:1,P>Q:1,P>A:1	P:238,S:9,L:6,T:3,A:2,K:1,Q:1
298	T	I	7	2	9.457e-02	0.1417301	T>I:7,T>M:3,I>T:2,T>V:2,T>A:2,M>L:1	T:237,I:13,M:4,A:2,V:2,L:1,S:1
593	T	K	2	0	9.533e-02	0.1427304	T>S:15,S>T:4,S>P:4,T>K:2,T>N:2,T>I:1,T>P:1,T>A:1,S>R:1,S>Q:1	T:145,S:94,K:10,P:5,N:2,Q:1,R:1,A:1,I:1
109	T	M	10	1	9.566e-02	0.1428400	T>S:16,T>M:10,T>L:3,M>I:1,T>A:1,L>S:1,S>L:1,M>T:1	T:193,S:38,M:18,L:7,I:2,A:1,V:1
376	T	I	7	0	9.566e-02	0.1428400	T>M:9,T>I:7,M>T:4,T>V:3,M>S:1,T>K:1	T:224,M:17,V:10,I:7,K:1,S:1
119	T	K	2	0	9.557e-02	0.1428400	T>N:4,T>S:4,T>M:4,T>K:2,T>D:2,S>T:1,N>S:1,N>K:1	T:234,N:9,S:7,M:5,K:3,D:2
450	P	A	2	0	9.593e-02	0.1431162	P>S:8,P>T:2,P>A:2,A>M:1,P>N:1,P>L:1	P:243,S:8,A:4,T:2,M:1,N:1,L:1
130	I	T	7	0	9.620e-02	0.1433919	I>V:17,I>M:9,I>T:7,I>A:4,I>L:4,V>I:1	I:210,V:20,M:13,T:8,L:5,A:4
17	L	M	10	0	9.650e-02	0.1437120	L>M:10,L>F:2,M>T:1,L>I:1,L>V:1	L:240,M:15,F:2,T:1,V:1,I:1
18	T	M	10	3	9.741e-02	0.1449284	A>T:23,T>A:16,T>M:10,T>I:5,T>L:5,M>T:3,T>V:3,A>V:3,I>L:2,T>S:2,A>M:2,M>L:1,M>I:1,L>M:1,L>V:1,A>I:1,V>T:1,I>T:1,V>I:1,V>L:1,S>F:1,M>V:1	T:112,A:93,M:18,L:14,V:11,I:9,S:2,F:1
446	P	A	2	0	9.846e-02	0.1463666	P>S:21,P>L:7,P>T:6,T>A:4,P>Q:3,P>N:2,P>H:2,L>M:2,T>I:2,P>A:2,T>S:1,S>T:1,S>A:1,T>L:1,T>N:1,P>R:1,T>M:1	P:182,S:31,T:11,L:9,A:7,H:5,N:4,Q:4,M:3,I:3,R:1
503	V	I	8	9	1.001e-01	0.1486091	I>T:18,A>I:10,I>V:9,V>I:8,I>A:7,A>V:7,T>A:6,I>L:6,V>L:6,I>M:4,V>A:4,I>F:2,T>I:2,T>L:2,T>S:1,A>T:1,M>A:1,T>M:1,L>S:1,A>L:1	I:89,A:77,V:30,T:27,L:20,M:13,S:2,F:2
615	H	Q	7	0	1.001e-01	0.1486091	H>Y:13,Y>H:13,H>Q:7,H>R:3,H>T:3,Y>Q:3,Q>P:2,H>L:2,Y>L:2,T>S:2,H>K:1,Y>F:1,T>N:1,T>I:1	Y:82,H:50,-:50,Q:35,T:16,L:9,K:4,P:3,R:3,F:2,S:2,N:2,I:1,V:1
222	L	M	10	1	1.005e-01	0.1490125	L>M:10,M>L:1,L>I:1	L:243,M:16,I:1
127	M	L	9	0	1.011e-01	0.1498169	F>L:20,M>T:16,M>L:9,I>T:8,L>F:8,M>I:7,F>I:4,T>I:3,I>V:2,I>L:2,T>A:1,L>I:1,F>V:1,I>M:1	L:62,F:58,M:57,T:49,I:30,V:3,A:1
274	L	M	10	23	1.013e-01	0.1499509	M>L:23,L>M:10,L>F:3,L>I:2,M>I:1	L:156,M:98,I:3,F:3
69	H	Y	19	5	1.016e-01	0.1502183	H>Y:19,L>F:12,H>N:7,Y>H:5,H>C:5,L>I:5,H>Q:2,Y>C:2,H>S:2,H>F:2,F>L:2,Y>S:1,Y>L:1,H>T:1,H>I:1,N>S:1,H>L:1,S>C:1,L>V:1,I>V:1,L>M:1,C>L:1,S>Y:1	L:86,H:67,Y:39,F:21,C:18,N:8,S:7,I:6,Q:3,V:2,T:1,M:1,E:1
86	M	L	9	0	1.019e-01	0.1503066	M>I:13,M>L:9,M>T:1,I>F:1,I>M:1,M>F:1	M:209,I:27,L:19,F:4,T:1
480	I	M	8	0	1.018e-01	0.1503066	I>T:13,I>M:8,I>L:4,I>V:3,I>S:1,M>L:1,M>T:1,M>V:1	I:220,T:14,M:13,L:8,V:4,S:1
499	I	M	8	0	1.018e-01	0.1503066	I>L:20,I>M:8,L>M:5,I>V:3,M>L:3,L>I:2,M>T:1,I>T:1,I>A:1	I:150,L:86,M:18,V:3,T:2,A:1
548	S	G	4	0	1.023e-01	0.1505279	S>T:25,S>N:24,S>A:9,N>S:7,S>G:4,N>T:4,T>I:3,S>I:3,T>A:2,S>H:2,S>L:1,F>C:1,F>L:1,F>Y:1,S>F:1,S>Q:1,T>M:1,T>V:1,A>I:1,S>M:1,S>C:1	S:132,N:40,T:39,A:12,I:11,C:6,G:5,L:4,M:3,F:2,H:2,Y:1,V:1,Q:1,P:1
192	W	Y	2	0	1.023e-01	0.1505279	W>Y:2,W>C:1	W:253,Y:6,C:1
460	N	T	3	0	1.024e-01	0.1506160	N>K:6,S>A:6,N>A:5,N>S:5,S>R:4,N>T:3,S>L:3,S>Y:2,S>H:2,N>G:1,L>I:1,L>S:1,R>L:1,N>R:1,S>T:1,N>Y:1,N>Q:1,N>H:1,S>E:1,S>Q:1,A>S:1	N:101,S:99,A:24,L:9,K:6,R:5,T:4,H:3,Q:3,Y:3,I:1,G:1,E:1
141	M	L	9	5	1.028e-01	0.1510583	M>L:9,L>F:7,L>M:5,M>I:3	M:130,L:114,F:10,I:6
114	S	L	2	0	1.031e-01	0.1513229	S>T:6,S>A:3,S>L:2,S>P:2,T>S:1,S>M:1	S:242,T:10,A:3,P:2,L:2,M:1
614	T	N	3	0	1.032e-01	0.1513659	T>S:25,T>M:18,T>L:8,T>Q:6,T>I:5,T>H:5,T>A:5,T>N:3,I>T:2,I>L:1,H>Q:1,L>M:1,M>L:1,T>Y:1,S>F:1	T:133,S:36,L:26,M:25,H:12,Q:8,I:7,A:5,N:3,-:2,Y:2,F:1
588	S	L	2	0	1.034e-01	0.1515855	S>T:11,A>T:7,A>S:7,A>M:4,S>Y:3,A>I:3,A>L:3,T>A:2,S>L:2,T>S:2,A>F:2,C>L:1,Y>C:1,T>I:1,T>V:1,S>A:1,S>M:1,F>L:1,S>F:1,M>L:1,I>S:1,A>V:1,T>L:1	S:125,A:80,T:21,L:11,M:8,I:5,Y:4,F:3,V:2,C:1
547	L	I	5	0	1.050e-01	0.1537906	F>L:24,L>F:14,L>P:11,L>S:8,L>I:5,I>T:5,F>I:4,F>S:4,L>T:3,S>P:3,P>L:3,F>P:3,L>V:1,T>A:1,L>H:1,F>H:1,F>Y:1,F>M:1	L:128,F:60,P:25,S:16,I:13,T:12,H:2,V:1,Y:1,M:1,A:1
483	A	T	2	16	1.061e-01	0.1552422	T>A:16,T>M:11,T>S:6,T>I:5,T>P:5,T>V:5,A>T:2,T>C:1,P>T:1,M>A:1,T>E:1	T:193,A:26,M:14,P:7,V:6,I:6,S:6,E:1,C:1
8	L	I	5	0	1.072e-01	0.1566913	L>M:5,L>I:5,L>F:3,L>P:1	L:236,I:13,M:6,F:4,P:1
5	A	T	2	19	1.081e-01	0.1579178	T>A:19,P>S:16,S>P:11,T>P:7,T>S:6,S>L:6,P>L:3,T>V:2,A>T:2,P>Q:2,S>A:2,S>T:2,S>M:2,T>L:1,T>I:1,T>M:1,A>I:1,L>M:1,L>S:1,P>T:1,S>Y:1	T:74,S:66,P:58,A:33,L:12,M:8,I:2,Q:2,-:2,V:2,Y:1
519	L	P	2	0	1.090e-01	0.1590541	L>F:13,L>M:11,L>H:4,L>Y:3,L>I:2,L>P:2,I>M:1,M>L:1	L:208,M:19,F:16,H:7,Y:4,P:3,I:2,-:1
30	S	F	3	1	1.100e-01	0.1604082	S>L:10,S>T:7,S>F:3,L>F:2,T>I:2,S>P:2,S>N:1,F>S:1,P>S:1,L>S:1,T>V:1	S:197,L:26,F:11,T:11,I:6,P:4,-:3,N:1,V:1
127	I	V	2	0	1.107e-01	0.1612331	F>L:20,M>T:16,M>L:9,I>T:8,L>F:8,M>I:7,F>I:4,T>I:3,I>V:2,I>L:2,T>A:1,L>I:1,F>V:1,I>M:1	L:62,F:58,M:57,T:49,I:30,V:3,A:1
510	L	I	5	1	1.108e-01	0.1612671	L>M:6,L>I:5,L>T:2,I>L:1,L>V:1	L:239,I:10,M:7,T:2,V:1,S:1
143	I	V	2	17	1.116e-01	0.1623089	V>I:17,L>M:4,L>V:4,M>L:3,I>V:2,L>I:2,V>L:2,M>I:1	L:159,V:63,I:24,M:13,Q:1
579	D	H	3	0	1.118e-01	0.1624732	N>S:22,D>N:21,N>H:6,T>S:4,T>A:4,D>H:3,N>K:3,N>D:3,N>T:3,T>N:3,D>E:2,E>D:1,A>T:1,D>A:1,D>K:1,T>L:1,H>Q:1,S>F:1,T>I:1,D>T:1	N:109,D:72,S:30,T:19,H:10,E:7,A:5,K:4,L:1,Q:1,F:1,I:1
214	P	H	3	0	1.125e-01	0.1632497	P>S:4,P>H:3,P>Q:3,P>D:1,P>T:1	P:247,S:4,Q:4,H:3,T:1,D:1
32	K	T	2	0	1.131e-01	0.1639811	N>S:27,N>K:16,N>T:15,K>N:7,N>H:4,S>G:2,N>D:2,K>T:2,T>P:2,T>N:2,N>G:2,N>Q:1,T>I:1	N:123,T:46,S:34,K:32,-:8,H:5,G:4,Q:3,P:2,D:2,I:1
30	S	T	7	0	1.138e-01	0.1648422	S>L:10,S>T:7,S>F:3,L>F:2,T>I:2,S>P:2,S>N:1,F>S:1,P>S:1,L>S:1,T>V:1	S:197,L:26,F:11,T:11,I:6,P:4,-:3,N:1,V:1
61	S	T	7	0	1.146e-01	0.1658763	S>L:9,S>T:7,S>M:2,L>M:1,S>C:1	S:237,L:10,T:8,M:3,C:1,N:1
478	S	T	7	0	1.163e-01	0.1682600	S>T:7	S:252,T:7,A:1
548	S	H	2	0	1.165e-01	0.1684183	S>T:25,S>N:24,S>A:9,N>S:7,S>G:4,N>T:4,T>I:3,S>I:3,T>A:2,S>H:2,S>L:1,F>C:1,F>L:1,F>Y:1,S>F:1,S>Q:1,T>M:1,T>V:1,A>I:1,S>M:1,S>C:1	S:132,N:40,T:39,A:12,I:11,C:6,G:5,L:4,M:3,F:2,H:2,Y:1,V:1,Q:1,P:1
83	S	D	2	0	1.173e-01	0.1691688	S>N:3,S>T:3,S>D:2,T>S:1,S>G:1	S:244,T:10,N:3,D:2,G:1
69	H	S	2	0	1.172e-01	0.1691688	H>Y:19,L>F:12,H>N:7,Y>H:5,H>C:5,L>I:5,H>Q:2,Y>C:2,H>S:2,H>F:2,F>L:2,Y>S:1,Y>L:1,H>T:1,H>I:1,N>S:1,H>L:1,S>C:1,L>V:1,I>V:1,L>M:1,C>L:1,S>Y:1	L:86,H:67,Y:39,F:21,C:18,N:8,S:7,I:6,Q:3,V:2,T:1,M:1,E:1
554	N	H	6	0	1.180e-01	0.1700209	N>S:17,S>N:11,S>T:7,S>G:7,N>H:6,N>D:4,N>Y:4,N>T:4,S>K:4,G>S:4,N>K:3,T>A:3,S>A:2,N>E:1,H>Y:1,H>L:1,Y>L:1,S>F:1,N>G:1,T>D:1,T>N:1,K>T:1,G>A:1,N>L:1,N>I:1,S>Y:1	N:97,S:62,T:22,G:20,K:15,H:12,E:8,A:6,Y:6,D:5,L:4,F:1,I:1,Q:1
292	S	T	7	0	1.183e-01	0.1701073	S>T:7	S:251,T:9
501	V	L	3	0	1.185e-01	0.1701073	V>I:38,V>A:12,V>L:3,A>V:2,V>M:1,I>A:1,I>L:1,I>V:1,V>T:1	V:172,I:51,A:25,L:10,M:1,T:1
610	I	F	2	0	1.185e-01	0.1701073	I>M:16,I>L:10,I>T:9,I>A:5,M>L:3,T>M:2,T>A:2,I>F:2,I>V:2,L>I:1,L>M:1,M>T:1,T>V:1	I:148,M:32,-:27,L:23,T:15,A:10,V:3,F:2
484	K	T	2	0	1.185e-01	0.1701073	K>N:5,K>Q:3,K>E:3,K>T:2,K>H:1,N>S:1,Q>H:1,K>S:1	K:235,Q:10,N:6,E:3,S:2,T:2,H:2
68	S	H	2	0	1.182e-01	0.1701073	S>T:33,S>L:7,F>L:7,S>F:6,S>C:3,C>Y:2,T>I:2,F>Y:2,S>H:2,S>Y:1,S>A:1,T>L:1,F>T:1,S>N:1,F>I:1,F>S:1	S:156,T:50,L:17,F:13,C:10,Y:7,I:3,H:2,N:1,A:1
353	S	T	7	0	1.187e-01	0.1702196	S>T:7,T>A:3,S>A:2,S>L:1,A>T:1	S:229,T:14,L:10,A:7
581	Q	N	2	0	1.191e-01	0.1705907	Q>H:2,Q>N:2,H>N:1,H>Q:1	Q:248,H:9,N:3
3	E	G	4	0	1.194e-01	0.1708749	E>D:9,E>G:4,E>K:4,E>N:2,D>E:2,E>V:1,D>A:1,D>Y:1,D>N:1	D:140,E:95,N:10,G:7,K:4,A:1,V:1,Y:1,T:1
211	Q	K	6	0	1.199e-01	0.1715035	Q>P:7,Q>K:6,Q>H:4,Q>E:4,Q>T:2,E>K:2,Q>M:1,H>Y:1,Q>N:1	Q:221,K:13,P:8,E:7,H:6,T:2,N:1,M:1,Y:1
271	T	M	9	0	1.205e-01	0.1721309	T>M:9,T>I:5,T>S:3,T>L:1,S>T:1	T:230,M:17,I:6,S:6,L:1
613	L	S	2	16	1.212e-01	0.1729724	S>L:16,S>T:11,L>M:4,M>T:4,S>A:4,S>F:4,T>A:3,L>S:2,T>M:1,V>T:1,L>V:1,M>L:1,M>I:1,S>M:1,S>Y:1,F>Y:1	S:170,L:41,T:24,M:9,A:8,F:4,Y:2,V:1,I:1
376	T	M	9	4	1.214e-01	0.1729759	T>M:9,T>I:7,M>T:4,T>V:3,M>S:1,T>K:1	T:224,M:17,V:10,I:7,K:1,S:1
44	V	T	4	0	1.213e-01	0.1729759	V>I:28,V>T:4,V>G:1	V:204,I:46,T:8,G:1,A:1
10	T	S	7	1	1.218e-01	0.1732795	T>S:7,T>A:5,T>V:5,T>L:3,I>T:3,I>S:3,T>I:2,S>T:1,L>T:1,V>I:1,I>V:1,I>M:1	T:212,S:18,I:12,V:8,A:5,L:4,M:1
504	L	S	2	0	1.218e-01	0.1732795	L>M:7,L>T:4,L>I:3,L>S:2,L>A:2,L>F:1,I>L:1,I>T:1	L:237,M:8,T:5,I:5,S:2,A:2,F:1
523	T	S	7	0	1.223e-01	0.1739022	T>I:15,I>L:9,T>S:7,T>A:4,I>M:3,I>T:3,I>F:2,T>N:1,S>Y:1,I>V:1,T>M:1	T:116,I:110,L:12,S:7,M:5,A:4,F:2,V:1,-:1,N:1,Y:1
535	T	S	7	12	1.227e-01	0.1743098	S>T:12,T>I:9,S>L:8,T>M:7,T>S:7,T>V:6,T>L:5,M>L:4,T>A:2,M>T:1,T>N:1,S>A:1,S>V:1,S>I:1,I>V:1,S>M:1,S>N:1	T:98,S:97,L:22,I:15,M:12,V:10,A:3,N:2,K:1
281	A	V	8	0	1.244e-01	0.1765131	A>V:8,A>I:5,A>T:3	A:243,V:8,I:6,T:3
512	L	M	9	0	1.246e-01	0.1766186	L>I:10,L>M:9,I>M:5,I>V:2,I>L:1,L>V:1	L:184,I:55,M:18,V:3
32	K	N	7	16	1.274e-01	0.1803273	N>S:27,N>K:16,N>T:15,K>N:7,N>H:4,S>G:2,N>D:2,K>T:2,T>P:2,T>N:2,N>G:2,N>Q:1,T>I:1	N:123,T:46,S:34,K:32,-:8,H:5,G:4,Q:3,P:2,D:2,I:1
329	L	S	2	0	1.274e-01	0.1803273	L>M:3,L>S:2,L>Q:1	L:253,M:3,S:2,Q:2
323	V	T	4	0	1.277e-01	0.1805998	V>T:4,V>I:1	V:254,T:5,I:1
436	L	S	2	0	1.279e-01	0.1807867	L>I:11,V>M:10,V>I:9,L>V:5,L>M:3,L>T:2,L>F:2,L>S:2,V>T:2,I>L:1,I>M:1,I>S:1,S>T:1	L:148,V:53,I:28,M:14,T:7,S:7,F:2,Y:1
580	L	S	2	0	1.283e-01	0.1811860	L>M:7,L>T:3,L>S:2,M>T:1,L>I:1,L>F:1,L>A:1,T>M:1	L:239,M:11,T:5,S:2,F:1,A:1,I:1
460	N	K	6	0	1.285e-01	0.1812871	N>K:6,S>A:6,N>A:5,N>S:5,S>R:4,N>T:3,S>L:3,S>Y:2,S>H:2,N>G:1,L>I:1,L>S:1,R>L:1,N>R:1,S>T:1,N>Y:1,N>Q:1,N>H:1,S>E:1,S>Q:1,A>S:1	N:101,S:99,A:24,L:9,K:6,R:5,T:4,H:3,Q:3,Y:3,I:1,G:1,E:1
210	D	N	3	7	1.298e-01	0.1829597	S>T:11,N>D:7,S>H:6,T>A:5,T>S:5,N>T:4,N>S:4,H>Q:4,T>N:4,T>V:3,S>P:3,S>N:3,D>N:3,N>G:2,H>N:2,T>P:2,T>H:2,S>A:2,G>A:1,N>V:1,H>D:1,H>C:1,N>H:1,T>Q:1,T>L:1,T>G:1,T>M:1,S>L:1,S>Y:1,S>D:1,S>Q:1,A>D:1,A>T:1,N>E:1,T>D:1,N>Y:1,N>C:1	T:89,S:55,N:37,D:22,H:19,A:10,Q:6,P:5,V:4,G:3,-:2,L:2,Y:2,C:2,M:1,E:1
12	M	L	8	0	1.300e-01	0.1830310	M>T:22,M>L:8,M>I:5,M>A:4,T>M:2,T>A:1,I>V:1,T>S:1,M>V:1,M>S:1	M:189,T:46,L:10,I:6,A:5,V:2,S:2
69	Y	C	2	0	1.301e-01	0.1830310	H>Y:19,L>F:12,H>N:7,Y>H:5,H>C:5,L>I:5,H>Q:2,Y>C:2,H>S:2,H>F:2,F>L:2,Y>S:1,Y>L:1,H>T:1,H>I:1,N>S:1,H>L:1,S>C:1,L>V:1,I>V:1,L>M:1,C>L:1,S>Y:1	L:86,H:67,Y:39,F:21,C:18,N:8,S:7,I:6,Q:3,V:2,T:1,M:1,E:1
166	A	T	13	0	1.305e-01	0.1831163	A>T:13,A>M:1,A>V:1,A>S:1	A:241,T:14,M:2,S:2,V:1
53	I	L	4	0	1.304e-01	0.1831163	V>I:23,I>V:22,V>M:7,V>L:6,V>A:5,I>L:4,M>A:3,V>T:2,I>A:2,I>T:1,A>L:1,A>I:1,M>L:1,I>M:1	I:134,V:79,A:18,L:14,M:11,T:4
571	K	M	2	3	1.304e-01	0.1831163	M>L:17,M>T:6,M>K:3,M>A:2,M>I:2,K>M:2,K>T:1,L>K:1,L>I:1,M>V:1,T>V:1	K:150,M:53,L:39,T:7,I:6,A:3,V:2
16	T	I	6	0	1.320e-01	0.1850747	T>A:7,T>I:6,T>S:2,T>L:1,M>T:1,T>M:1,T>P:1,T>V:1	T:240,A:7,I:6,S:2,P:2,M:1,V:1,L:1
57	I	T	6	0	1.324e-01	0.1855518	L>I:13,I>T:6,I>M:6,L>M:4,T>A:3,L>T:2,I>L:2,I>V:2,I>F:1,L>V:1	I:139,L:86,T:16,M:11,A:3,V:3,F:1,Y:1
372	K	N	7	1	1.326e-01	0.1856062	K>N:7,N>K:1,K>M:1,K>T:1,K>S:1	K:239,N:17,T:2,S:1,M:1
579	N	D	3	21	1.328e-01	0.1857027	N>S:22,D>N:21,N>H:6,T>S:4,T>A:4,D>H:3,N>K:3,N>D:3,N>T:3,T>N:3,D>E:2,E>D:1,A>T:1,D>A:1,D>K:1,T>L:1,H>Q:1,S>F:1,T>I:1,D>T:1	N:109,D:72,S:30,T:19,H:10,E:7,A:5,K:4,L:1,Q:1,F:1,I:1
123	T	I	6	0	1.333e-01	0.1859910	S>F:7,S>L:7,T>I:6,S>Y:5,S>T:5,S>H:4,L>S:2,L>F:2,T>S:2,T>L:1,T>M:1,L>H:1,Y>H:1,Y>N:1,F>S:1,N>H:1,S>N:1,L>T:1	T:131,S:66,F:16,L:15,H:11,I:9,Y:8,N:3,M:1
476	I	L	4	0	1.331e-01	0.1859910	I>L:4	I:256,L:4
130	I	L	4	0	1.333e-01	0.1859910	I>V:17,I>M:9,I>T:7,I>A:4,I>L:4,V>I:1	I:210,V:20,M:13,T:8,L:5,A:4
480	I	L	4	0	1.335e-01	0.1860868	I>T:13,I>M:8,I>L:4,I>V:3,I>S:1,M>L:1,M>T:1,M>V:1	I:220,T:14,M:13,L:8,V:4,S:1
567	S	A	6	0	1.339e-01	0.1864038	S>A:6,S>F:5,S>Y:3,A>T:2,S>T:2,S>C:1	S:228,F:12,A:11,T:5,Y:3,C:1
503	I	F	2	0	1.339e-01	0.1864038	I>T:18,A>I:10,I>V:9,V>I:8,I>A:7,A>V:7,T>A:6,I>L:6,V>L:6,I>M:4,V>A:4,I>F:2,T>I:2,T>L:2,T>S:1,A>T:1,M>A:1,T>M:1,L>S:1,A>L:1	I:89,A:77,V:30,T:27,L:20,M:13,S:2,F:2
493	I	L	4	13	1.345e-01	0.1870857	S>Y:14,L>I:13,I>T:7,L>T:6,Y>S:6,L>S:5,I>V:4,I>L:4,L>P:4,S>T:4,S>P:4,S>Q:3,L>H:2,Y>H:2,S>F:2,V>I:2,Y>L:1,L>Y:1,L>A:1,L>F:1,T>S:1,L>M:1,S>H:1,F>L:1,F>Y:1,S>L:1,V>A:1,V>T:1,L>V:1	S:79,L:48,I:44,Y:34,T:19,P:12,H:8,V:7,F:3,Q:3,A:2,M:1
539	Y	F	9	0	1.348e-01	0.1872640	Y>F:9,Y>H:3	Y:244,F:12,H:3,S:1
59	I	M	7	15	1.363e-01	0.1891575	M>I:15,I>L:11,M>L:9,I>M:7,M>T:3,I>A:3,I>V:3,I>T:2,M>F:1,I>S:1,M>V:1,M>A:1,T>I:1	I:138,M:78,L:27,T:7,V:4,A:4,F:1,S:1
213	T	V	4	0	1.377e-01	0.1909641	T>I:29,T>A:9,T>M:7,T>V:4,I>T:2,T>L:2,T>P:2,I>M:1,M>V:1,V>L:1,T>S:1,T>D:1	T:190,I:39,A:9,M:9,V:5,L:3,P:3,S:1,D:1
550	T	A	12	0	1.378e-01	0.1910552	T>M:22,T>S:14,T>A:12,T>L:6,T>K:5,M>L:3,M>T:3,T>I:3,M>A:1,S>Y:1,T>E:1,A>S:1,T>H:1,K>T:1,T>N:1	T:155,M:32,K:18,S:18,L:17,A:13,I:3,H:1,Y:1,N:1,E:1
82	L	F	7	0	1.382e-01	0.1913548	L>I:16,I>V:13,L>F:7,L>M:5,I>L:2,M>L:1,M>V:1,L>V:1,I>M:1,I>F:1	I:133,L:92,V:17,M:9,F:9
115	E	D	15	0	1.413e-01	0.1953274	E>D:15	D:138,E:122
204	Q	P	3	0	1.413e-01	0.1953274	Q>H:4,Q>L:4,Q>P:3,P>L:1,Q>T:1,H>Y:1	Q:237,L:8,H:4,-:4,P:4,T:2,Y:1
3	D	E	2	9	1.426e-01	0.1970382	E>D:9,E>G:4,E>K:4,E>N:2,D>E:2,E>V:1,D>A:1,D>Y:1,D>N:1	D:140,E:95,N:10,G:7,K:4,A:1,V:1,Y:1,T:1
127	M	I	7	1	1.448e-01	0.1998276	F>L:20,M>T:16,M>L:9,I>T:8,L>F:8,M>I:7,F>I:4,T>I:3,I>V:2,I>L:2,T>A:1,L>I:1,F>V:1,I>M:1	L:62,F:58,M:57,T:49,I:30,V:3,A:1
206	S	Y	2	0	1.454e-01	0.2005343	S>T:17,S>P:13,F>L:9,S>L:5,P>S:5,S>Q:4,I>T:4,L>P:4,F>S:4,L>I:3,F>T:3,S>A:3,L>V:2,L>T:2,F>H:2,S>C:2,S>Y:2,V>T:1,L>S:1,L>F:1,T>I:1,F>I:1,L>A:1,S>N:1,S>H:1,S>V:1,T>V:1,S>G:1,S>I:1,S>W:1,S>F:1	S:78,F:37,T:32,P:32,L:31,V:13,I:12,Q:6,-:5,A:4,H:3,C:2,Y:2,N:1,G:1,W:1
122	F	S	3	0	1.457e-01	0.2006999	F>S:3,F>L:1,F>Y:1	F:254,S:4,L:1,Y:1
210	N	G	2	0	1.483e-01	0.2041847	S>T:11,N>D:7,S>H:6,T>A:5,T>S:5,N>T:4,N>S:4,H>Q:4,T>N:4,T>V:3,S>P:3,S>N:3,D>N:3,N>G:2,H>N:2,T>P:2,T>H:2,S>A:2,G>A:1,N>V:1,H>D:1,H>C:1,N>H:1,T>Q:1,T>L:1,T>G:1,T>M:1,S>L:1,S>Y:1,S>D:1,S>Q:1,A>D:1,A>T:1,N>E:1,T>D:1,N>Y:1,N>C:1	T:89,S:55,N:37,D:22,H:19,A:10,Q:6,P:5,V:4,G:3,-:2,L:2,Y:2,C:2,M:1,E:1
205	T	P	2	1	1.507e-01	0.2073321	A>T:19,T>A:16,P>L:4,T>M:4,T>I:3,T>S:3,A>I:3,A>P:3,A>S:3,L>I:3,L>F:3,I>A:3,I>L:3,I>V:3,T>P:2,T>N:2,S>P:2,I>M:2,P>H:2,T>V:1,A>L:1,C>H:1,A>C:1,L>M:1,V>A:1,H>Y:1,H>Q:1,P>T:1,L>P:1,L>S:1	L:72,A:51,I:40,T:38,P:17,M:14,S:7,V:5,H:4,F:3,-:3,N:2,Y:2,C:1,Q:1
492	T	M	8	1	1.518e-01	0.2086515	T>L:12,L>T:11,T>M:8,L>P:6,T>I:5,L>F:3,T>P:3,L>M:3,T>F:2,T>A:2,T>S:2,L>I:2,M>L:1,T>Q:1,L>V:1,M>T:1	L:128,T:89,M:14,P:10,I:7,F:6,S:2,A:2,V:1,Q:1
184	I	V	5	38	1.528e-01	0.2098861	V>I:38,I>V:5,V>L:1	I:194,V:65,L:1
457	T	M	8	3	1.533e-01	0.2101009	T>A:15,T>M:8,A>T:6,S>L:4,T>S:4,T>L:3,M>T:3,A>N:2,A>S:2,T>K:2,M>A:2,M>L:2,A>M:2,A>L:2,S>P:1,K>N:1,K>T:1,Q>L:1,S>Q:1,A>K:1	A:144,T:41,L:24,M:20,S:13,K:7,Q:6,N:4,P:1
419	L	M	8	0	1.535e-01	0.2101009	L>M:8,L>I:3,I>T:1	L:240,M:13,I:6,T:1
449	T	P	2	1	1.533e-01	0.2101009	T>S:15,T>A:11,T>V:9,T>M:4,T>I:3,T>N:2,S>P:2,T>P:2,S>T:1,M>V:1,T>L:1,P>T:1,P>L:1,P>S:1,S>L:1,I>L:1	T:182,S:29,V:13,A:12,P:10,M:5,L:4,I:3,N:2
561	S	Y	2	0	1.535e-01	0.2101009	S>L:11,S>T:10,S>Y:2,S>C:1,S>Q:1,N>T:1,S>N:1,S>F:1	S:210,L:25,T:14,N:6,Y:2,Q:1,C:1,F:1
108	A	S	6	0	1.546e-01	0.2114116	A>T:9,A>S:6	A:240,T:13,S:7
74	F	I	2	0	1.556e-01	0.2124525	F>Y:20,F>L:11,F>I:2,L>P:1,L>F:1	F:208,L:24,Y:23,P:2,I:2,Q:1
213	T	P	2	0	1.555e-01	0.2124525	T>I:29,T>A:9,T>M:7,T>V:4,I>T:2,T>L:2,T>P:2,I>M:1,M>V:1,V>L:1,T>S:1,T>D:1	T:190,I:39,A:9,M:9,V:5,L:3,P:3,S:1,D:1
53	I	A	2	1	1.557e-01	0.2124525	V>I:23,I>V:22,V>M:7,V>L:6,V>A:5,I>L:4,M>A:3,V>T:2,I>A:2,I>T:1,A>L:1,A>I:1,M>L:1,I>M:1	I:134,V:79,A:18,L:14,M:11,T:4
612	L	M	8	15	1.564e-01	0.2132639	M>L:15,L>M:8,M>T:8,M>A:7,M>I:7,M>V:5,L>S:4,L>F:3,L>I:3,I>M:2,L>T:1,L>A:1,A>L:1,M>S:1	L:139,M:70,I:18,T:10,A:9,S:6,V:5,F:3
508	L	V	3	0	1.567e-01	0.2134583	L>M:16,L>I:15,L>V:3,L>F:1,M>L:1	L:217,I:20,M:18,V:4,F:1
114	S	T	6	1	1.582e-01	0.2151574	S>T:6,S>A:3,S>L:2,S>P:2,T>S:1,S>M:1	S:242,T:10,A:3,P:2,L:2,M:1
64	E	N	2	0	1.581e-01	0.2151574	E>D:11,E>N:2,N>S:1,D>E:1,E>G:1	E:235,D:17,N:4,S:2,G:1,T:1
606	S	T	6	0	1.585e-01	0.2153907	S>T:6	S:247,T:13
221	L	V	3	0	1.587e-01	0.2154600	L>I:7,L>V:3,L>A:1	L:248,I:7,V:3,A:2
481	L	V	3	0	1.589e-01	0.2155700	L>P:17,T>P:10,T>L:8,L>I:7,T>I:6,P>L:5,I>T:5,I>L:4,P>T:3,L>V:3,I>V:2,L>T:2,L>M:1,P>I:1,T>V:1	L:93,T:64,P:52,I:42,V:6,M:3
3	E	N	2	0	1.595e-01	0.2162108	E>D:9,E>G:4,E>K:4,E>N:2,D>E:2,E>V:1,D>A:1,D>Y:1,D>N:1	D:140,E:95,N:10,G:7,K:4,A:1,V:1,Y:1,T:1
449	T	A	11	0	1.617e-01	0.2189322	T>S:15,T>A:11,T>V:9,T>M:4,T>I:3,T>N:2,S>P:2,T>P:2,S>T:1,M>V:1,T>L:1,P>T:1,P>L:1,P>S:1,S>L:1,I>L:1	T:182,S:29,V:13,A:12,P:10,M:5,L:4,I:3,N:2
5	T	S	6	2	1.624e-01	0.2196916	T>A:19,P>S:16,S>P:11,T>P:7,T>S:6,S>L:6,P>L:3,T>V:2,A>T:2,P>Q:2,S>A:2,S>T:2,S>M:2,T>L:1,T>I:1,T>M:1,A>I:1,L>M:1,L>S:1,P>T:1,S>Y:1	T:74,S:66,P:58,A:33,L:12,M:8,I:2,Q:2,-:2,V:2,Y:1
412	L	I	4	0	1.628e-01	0.2201238	L>I:4,L>V:2	L:245,I:11,V:4
56	T	A	11	1	1.641e-01	0.2214393	T>M:14,T>S:11,T>I:11,T>A:11,T>L:4,T>V:2,S>C:1,A>T:1,S>A:1,S>Y:1,M>V:1	T:194,M:16,S:14,A:12,I:11,L:6,V:5,C:1,Y:1
22	T	S	6	0	1.643e-01	0.2214393	T>M:11,T>A:10,T>S:6,T>I:5,T>V:2,T>L:2,T>K:1,A>S:1	T:218,M:12,A:10,S:8,I:5,L:3,V:2,K:2
226	L	I	4	0	1.642e-01	0.2214393	L>I:4	L:254,I:6
422	L	I	4	0	1.640e-01	0.2214393	L>I:4,L>M:4,L>T:4,L>V:1	L:244,T:5,I:5,M:4,V:2
67	T	S	6	0	1.651e-01	0.2222561	T>I:35,T>V:7,T>S:6,I>T:6,I>V:5,T>A:4,T>Y:1,I>S:1,I>L:1,T>N:1	T:162,I:61,V:16,S:10,L:5,A:4,Y:1,N:1
118	V	M	2	0	1.652e-01	0.2222561	I>T:9,I>V:6,I>A:3,I>M:3,V>M:2,I>L:2,V>I:1,I>N:1,I>C:1	I:226,T:10,V:10,M:6,A:4,L:2,N:1,C:1
500	V	M	2	0	1.656e-01	0.2226027	I>T:15,I>L:11,V>L:9,I>V:8,V>A:8,V>T:5,I>A:4,V>I:4,I>M:3,L>T:2,V>M:2,L>V:1,T>S:1,M>L:1,T>A:1,A>T:1	I:107,V:59,L:45,T:29,A:13,M:5,S:1,N:1
53	I	V	22	23	1.659e-01	0.2229083	V>I:23,I>V:22,V>M:7,V>L:6,V>A:5,I>L:4,M>A:3,V>T:2,I>A:2,I>T:1,A>L:1,A>I:1,M>L:1,I>M:1	I:134,V:79,A:18,L:14,M:11,T:4
483	T	S	6	0	1.661e-01	0.2229302	T>A:16,T>M:11,T>S:6,T>I:5,T>P:5,T>V:5,A>T:2,T>C:1,P>T:1,M>A:1,T>E:1	T:193,A:26,M:14,P:7,V:6,I:6,S:6,E:1,C:1
63	T	A	11	0	1.665e-01	0.2232350	T>M:16,T>A:11,T>S:9,M>T:8,M>L:6,V>L:2,V>M:2,T>V:2,V>A:1,M>A:1,T>P:1,S>L:1,T>L:1,M>S:1,M>V:1,M>I:1	T:144,M:50,L:23,A:19,S:15,V:7,P:1,I:1
502	T	S	6	2	1.676e-01	0.2245490	T>S:6,S>T:2	T:249,S:10,L:1
91	M	L	7	1	1.681e-01	0.2251345	M>T:12,M>L:7,M>I:4,M>V:1,T>V:1,A>S:1,M>A:1,L>I:1,L>M:1	L:145,M:87,T:16,I:8,V:2,S:1,A:1
562	H	N	5	0	1.690e-01	0.2259803	H>N:5,H>Q:5,H>L:2,N>S:1,H>F:1,H>S:1	H:243,Q:6,N:6,L:2,S:2,F:1
604	A	I	2	0	1.689e-01	0.2259803	A>T:4,A>I:2,A>V:1	A:252,T:4,I:3,V:1
517	H	N	5	0	1.699e-01	0.2270060	H>Q:8,H>N:5,H>Y:2,H>L:2,Q>H:2,H>P:1,N>T:1,H>R:1,H>K:1,Q>R:1,Q>K:1	H:122,Q:120,N:7,Y:2,K:2,L:2,R:2,T:1,P:1,-:1
117	H	Y	15	39	1.713e-01	0.2286737	Y>H:39,H>Y:15,Y>F:5,F>L:3,H>F:3,S>L:2,H>L:2,H>N:2,H>S:1,Y>L:1,N>S:1,Q>Y:1,H>Q:1	Y:128,H:94,F:14,L:9,Q:7,S:4,N:3,K:1
517	H	Q	8	2	1.721e-01	0.2295751	H>Q:8,H>N:5,H>Y:2,H>L:2,Q>H:2,H>P:1,N>T:1,H>R:1,H>K:1,Q>R:1,Q>K:1	H:122,Q:120,N:7,Y:2,K:2,L:2,R:2,T:1,P:1,-:1
448	I	M	6	1	1.723e-01	0.2296078	I>T:16,I>L:9,I>V:6,I>M:6,T>I:1,T>M:1,M>I:1,I>N:1,I>F:1,T>S:1,T>A:1,L>V:1,I>S:1,I>A:1	L:123,I:74,T:26,M:13,N:12,V:7,S:2,A:2,F:1
214	P	Q	3	0	1.724e-01	0.2296078	P>S:4,P>H:3,P>Q:3,P>D:1,P>T:1	P:247,S:4,Q:4,H:3,T:1,D:1
446	P	Q	3	0	1.750e-01	0.2328719	P>S:21,P>L:7,P>T:6,T>A:4,P>Q:3,P>N:2,P>H:2,L>M:2,T>I:2,P>A:2,T>S:1,S>T:1,S>A:1,T>L:1,T>N:1,P>R:1,T>M:1	P:182,S:31,T:11,L:9,A:7,H:5,N:4,Q:4,M:3,I:3,R:1
558	K	N	6	11	1.762e-01	0.2342477	N>K:11,K>N:6,K>E:2,N>T:2,K>T:1,K>Q:1	K:142,N:111,E:3,T:3,Q:1
57	I	M	6	0	1.774e-01	0.2356614	L>I:13,I>T:6,I>M:6,L>M:4,T>A:3,L>T:2,I>L:2,I>V:2,I>F:1,L>V:1	I:139,L:86,T:16,M:11,A:3,V:3,F:1,Y:1
584	A	T	11	0	1.782e-01	0.2365529	A>M:23,A>T:11,A>V:3,A>C:1,M>A:1,M>T:1,M>I:1,M>L:1,V>I:1,V>A:1,A>L:1	A:198,M:39,T:12,V:4,L:3,C:2,I:2
609	I	M	6	1	1.785e-01	0.2366835	I>L:15,I>M:6,I>T:5,I>V:4,M>V:1,T>A:1,M>I:1,T>M:1,M>T:1,M>L:1	I:196,L:30,V:12,T:11,M:10,A:1
497	A	T	11	5	1.798e-01	0.2380615	A>T:11,T>A:5,T>M:2,A>S:1,A>M:1,T>I:1	T:136,A:118,M:3,S:2,I:1
614	T	I	5	2	1.797e-01	0.2380615	T>S:25,T>M:18,T>L:8,T>Q:6,T>I:5,T>H:5,T>A:5,T>N:3,I>T:2,I>L:1,H>Q:1,L>M:1,M>L:1,T>Y:1,S>F:1	T:133,S:36,L:26,M:25,H:12,Q:8,I:7,A:5,N:3,-:2,Y:2,F:1
137	I	V	21	10	1.822e-01	0.2409091	I>V:21,I>T:19,I>L:11,V>I:10,V>A:5,I>A:3,V>L:3,I>M:1,L>I:1,I>S:1	I:158,V:35,T:31,L:24,A:10,S:1,M:1
458	V	I	20	10	1.822e-01	0.2409091	V>I:20,I>V:10,I>T:3,I>L:3,I>A:2,T>I:2,I>M:1	I:126,V:107,A:11,T:8,L:7,M:1
506	I	T	5	0	1.824e-01	0.2409163	I>V:11,I>A:11,I>L:9,I>T:5,I>M:4,L>F:1,V>L:1,V>M:1,V>I:1,V>A:1	I:211,V:14,A:12,L:12,T:5,M:5,F:1
22	T	I	5	0	1.835e-01	0.2421964	T>M:11,T>A:10,T>S:6,T>I:5,T>V:2,T>L:2,T>K:1,A>S:1	T:218,M:12,A:10,S:8,I:5,L:3,V:2,K:2
328	D	N	2	10	1.841e-01	0.2427192	N>D:10,D>N:2,N>S:1	N:241,D:17,S:1,K:1
492	T	I	5	0	1.853e-01	0.2441944	T>L:12,L>T:11,T>M:8,L>P:6,T>I:5,L>F:3,T>P:3,L>M:3,T>F:2,T>A:2,T>S:2,L>I:2,M>L:1,T>Q:1,L>V:1,M>T:1	L:128,T:89,M:14,P:10,I:7,F:6,S:2,A:2,V:1,Q:1
564	I	T	5	0	1.856e-01	0.2443577	I>V:14,I>T:5,I>M:5,V>I:4,T>A:1,V>M:1,M>T:1,V>A:1	I:202,V:38,T:10,M:8,A:2
485	T	I	5	0	1.865e-01	0.2453931	T>I:5,T>N:2,T>P:1	T:251,I:6,N:2,P:1
609	I	T	5	0	1.871e-01	0.2459118	I>L:15,I>M:6,I>T:5,I>V:4,M>V:1,T>A:1,M>I:1,T>M:1,M>T:1,M>L:1	I:196,L:30,V:12,T:11,M:10,A:1
483	T	I	5	0	1.880e-01	0.2466329	T>A:16,T>M:11,T>S:6,T>I:5,T>P:5,T>V:5,A>T:2,T>C:1,P>T:1,M>A:1,T>E:1	T:193,A:26,M:14,P:7,V:6,I:6,S:6,E:1,C:1
280	T	I	5	0	1.879e-01	0.2466329	T>I:5,T>A:4,T>N:4,T>M:3,T>L:3,T>S:2,T>V:2,T>Y:1,L>F:1,N>Y:1,T>P:1	T:233,I:5,N:4,A:4,M:3,L:3,Y:2,S:2,V:2,P:1,F:1
513	S	A	5	0	1.881e-01	0.2466329	S>T:8,S>A:5,S>L:4,A>M:3,M>A:2,L>A:1,A>T:1,M>T:1,T>M:1,T>A:1,T>V:1	S:217,T:14,L:12,A:10,M:5,V:1,I:1
271	T	I	5	0	1.883e-01	0.2467145	T>M:9,T>I:5,T>S:3,T>L:1,S>T:1	T:230,M:17,I:6,S:6,L:1
6	L	M	7	0	1.887e-01	0.2468774	L>M:7,L>Q:2,L>F:2,L>P:1	L:242,M:10,F:3,-:2,Q:2,P:1
18	T	I	5	1	1.887e-01	0.2468774	A>T:23,T>A:16,T>M:10,T>I:5,T>L:5,M>T:3,T>V:3,A>V:3,I>L:2,T>S:2,A>M:2,M>L:1,M>I:1,L>M:1,L>V:1,A>I:1,V>T:1,I>T:1,V>I:1,V>L:1,S>F:1,M>V:1	T:112,A:93,M:18,L:14,V:11,I:9,S:2,F:1
294	L	M	7	0	1.895e-01	0.2477467	L>M:7,M>T:2,M>I:1	L:243,M:13,T:3,I:1
500	V	I	4	8	1.901e-01	0.2483783	I>T:15,I>L:11,V>L:9,I>V:8,V>A:8,V>T:5,I>A:4,V>I:4,I>M:3,L>T:2,V>M:2,L>V:1,T>S:1,M>L:1,T>A:1,A>T:1	I:107,V:59,L:45,T:29,A:13,M:5,S:1,N:1
525	P	T	2	0	1.908e-01	0.2490877	T>K:5,P>S:4,P>T:2,P>H:1,T>A:1,P>Q:1	P:182,T:63,S:6,K:5,A:1,H:1,Q:1,G:1
504	L	M	7	0	1.911e-01	0.2491284	L>M:7,L>T:4,L>I:3,L>S:2,L>A:2,L>F:1,I>L:1,I>T:1	L:237,M:8,T:5,I:5,S:2,A:2,F:1
450	P	T	2	0	1.912e-01	0.2491284	P>S:8,P>T:2,P>A:2,A>M:1,P>N:1,P>L:1	P:243,S:8,A:4,T:2,M:1,N:1,L:1
456	P	S	5	0	1.918e-01	0.2497570	P>Q:5,P>S:5,P>T:2,P>H:1,Q>R:1,K>Q:1,P>K:1	P:238,Q:9,S:6,K:2,R:2,T:2,H:1
4	T	A	10	0	1.930e-01	0.2499925	T>A:10,T>I:8,T>P:8,T>M:6,L>Q:5,T>L:4,Q>L:4,P>T:2,T>S:2,L>F:2,L>M:2,L>A:2,L>H:2,T>Y:1,P>H:1,Q>T:1,L>V:1	L:103,T:71,Q:28,P:18,A:12,M:10,I:9,H:3,F:2,S:2,V:1,Y:1
133	L	M	7	0	1.925e-01	0.2499925	L>M:7,L>P:1,L>I:1	L:250,M:7,P:1,I:1,V:1
374	L	M	7	0	1.928e-01	0.2499925	L>M:7	L:250,M:10
193	L	M	7	0	1.927e-01	0.2499925	L>M:7,L>F:2,L>S:1	L:244,M:11,F:4,S:1
595	L	M	7	0	1.930e-01	0.2499925	L>S:10,L>M:7,L>Q:5,L>R:1,L>V:1,L>T:1,L>W:1,M>T:1	L:221,Q:13,S:12,M:9,T:2,R:1,W:1,V:1
564	V	I	4	14	1.930e-01	0.2499925	I>V:14,I>T:5,I>M:5,V>I:4,T>A:1,V>M:1,M>T:1,V>A:1	I:202,V:38,T:10,M:8,A:2
456	P	T	2	0	1.929e-01	0.2499925	P>Q:5,P>S:5,P>T:2,P>H:1,Q>R:1,K>Q:1,P>K:1	P:238,Q:9,S:6,K:2,R:2,T:2,H:1
535	T	M	7	1	1.939e-01	0.2502257	S>T:12,T>I:9,S>L:8,T>M:7,T>S:7,T>V:6,T>L:5,M>L:4,T>A:2,M>T:1,T>N:1,S>A:1,S>V:1,S>I:1,I>V:1,S>M:1,S>N:1	T:98,S:97,L:22,I:15,M:12,V:10,A:3,N:2,K:1
608	L	M	7	0	1.937e-01	0.2502257	L>I:22,L>F:21,L>M:7,F>L:4,L>T:1,I>L:1,F>I:1	L:193,F:31,I:25,M:9,T:2
213	T	M	7	0	1.938e-01	0.2502257	T>I:29,T>A:9,T>M:7,T>V:4,I>T:2,T>L:2,T>P:2,I>M:1,M>V:1,V>L:1,T>S:1,T>D:1	T:190,I:39,A:9,M:9,V:5,L:3,P:3,S:1,D:1
580	L	M	7	0	1.937e-01	0.2502257	L>M:7,L>T:3,L>S:2,M>T:1,L>I:1,L>F:1,L>A:1,T>M:1	L:239,M:11,T:5,S:2,F:1,A:1,I:1
432	L	M	7	0	1.940e-01	0.2502257	L>I:9,I>T:8,L>M:7,I>L:7,I>M:6,L>T:5,M>T:4,M>I:1,L>F:1,I>V:1,T>M:1	L:140,I:83,T:19,M:16,F:1,V:1
22	T	A	10	0	1.942e-01	0.2503033	T>M:11,T>A:10,T>S:6,T>I:5,T>V:2,T>L:2,T>K:1,A>S:1	T:218,M:12,A:10,S:8,I:5,L:3,V:2,K:2
459	T	M	7	0	1.953e-01	0.2515064	T>I:26,I>T:12,T>M:7,T>L:4,T>S:2,L>I:2,S>Y:1,S>L:1,I>L:1,T>V:1,I>M:1,I>V:1,L>T:1,M>L:1	T:137,I:61,L:42,M:8,S:7,V:3,Y:2
496	T	M	7	0	1.957e-01	0.2518931	I>M:16,T>I:10,I>V:8,T>M:7,I>L:7,I>T:3,T>S:2,I>A:2,L>F:1,T>L:1,M>I:1,M>L:1,I>F:1	T:121,I:71,M:44,L:10,V:8,F:2,S:2,A:2
615	H	R	3	0	1.967e-01	0.2530156	H>Y:13,Y>H:13,H>Q:7,H>R:3,H>T:3,Y>Q:3,Q>P:2,H>L:2,Y>L:2,T>S:2,H>K:1,Y>F:1,T>N:1,T>I:1	Y:82,H:50,-:50,Q:35,T:16,L:9,K:4,P:3,R:3,F:2,S:2,N:2,I:1,V:1
600	L	M	7	0	1.980e-01	0.2544850	L>M:7	L:253,M:7
601	G	A	3	0	1.985e-01	0.2548685	G>S:13,G>A:3,G>E:2,G>T:2,G>M:1	G:223,S:21,A:6,E:5,T:3,M:1,K:1
406	S	C	6	0	2.000e-01	0.2566048	S>N:23,N>S:20,S>C:6,S>T:1,S>A:1,N>K:1,N>G:1,N>T:1,N>Y:1	S:161,N:79,C:13,A:2,T:2,K:1,Y:1,G:1
515	M	T	7	0	2.015e-01	0.2582998	M>L:20,M>T:7,M>V:7,M>A:5,M>I:2,T>A:1,T>S:1,L>F:1,V>M:1,V>A:1,L>S:1	M:187,L:38,T:13,V:8,A:7,S:3,I:2,-:1,F:1
438	V	T	3	0	2.051e-01	0.2628106	V>T:3,V>I:2	V:255,T:3,I:2
66	I	L	3	2	2.145e-01	0.2746059	I>V:4,I>L:3,L>Q:2,L>I:2,L>P:1,L>V:1,I>A:1,I>T:1	I:139,L:110,V:5,Q:2,T:2,A:1,P:1
40	I	L	3	0	2.151e-01	0.2750881	I>T:11,I>L:3,I>M:2,I>V:1	I:240,T:12,L:4,M:2,V:1,K:1
55	M	L	6	0	2.163e-01	0.2764169	M>T:14,M>L:6,M>A:4,T>A:3,T>M:2,T>S:1,T>L:1,A>T:1,M>S:1,M>I:1	M:207,T:31,L:10,A:8,S:3,I:1
376	T	V	3	0	2.179e-01	0.2779701	T>M:9,T>I:7,M>T:4,T>V:3,M>S:1,T>K:1	T:224,M:17,V:10,I:7,K:1,S:1
524	P	H	2	2	2.180e-01	0.2779701	Q>H:10,Q>K:8,L>M:5,H>Y:3,Q>R:3,K>T:3,L>S:3,M>K:3,P>S:2,P>H:2,H>P:2,Q>L:2,Q>P:2,L>R:2,M>R:2,S>R:2,K>M:2,K>N:2,P>L:1,Y>H:1,S>Y:1,S>L:1,S>A:1,S>P:1,P>A:1,H>N:1,P>T:1,H>R:1,Q>S:1,Q>T:1,L>K:1,L>W:1,L>I:1,M>Y:1,L>P:1,S>M:1,L>Y:1,M>L:1,K>I:1,K>L:1,K>P:1,P>Q:1	L:87,Q:43,H:34,K:25,P:17,M:13,R:10,S:9,Y:7,T:5,N:3,-:2,I:2,A:2,W:1
485	T	N	2	0	2.177e-01	0.2779701	T>I:5,T>N:2,T>P:1	T:251,I:6,N:2,P:1
536	T	N	2	0	2.189e-01	0.2789470	S>T:20,T>S:13,S>A:9,S>N:5,S>L:4,T>M:4,S>M:3,T>A:2,T>N:2,M>A:1,L>M:1,S>F:1	S:148,T:65,M:14,A:13,N:10,L:8,F:1,I:1
205	T	N	2	0	2.203e-01	0.2804513	A>T:19,T>A:16,P>L:4,T>M:4,T>I:3,T>S:3,A>I:3,A>P:3,A>S:3,L>I:3,L>F:3,I>A:3,I>L:3,I>V:3,T>P:2,T>N:2,S>P:2,I>M:2,P>H:2,T>V:1,A>L:1,C>H:1,A>C:1,L>M:1,V>A:1,H>Y:1,H>Q:1,P>T:1,L>P:1,L>S:1	L:72,A:51,I:40,T:38,P:17,M:14,S:7,V:5,H:4,F:3,-:3,N:2,Y:2,C:1,Q:1
593	T	N	2	0	2.206e-01	0.2804513	T>S:15,S>T:4,S>P:4,T>K:2,T>N:2,T>I:1,T>P:1,T>A:1,S>R:1,S>Q:1	T:145,S:94,K:10,P:5,N:2,Q:1,R:1,A:1,I:1
39	T	N	2	0	2.206e-01	0.2804513	T>I:31,I>T:14,T>S:13,T>A:4,T>L:3,S>L:2,S>H:2,T>N:2,S>T:1,T>M:1,I>L:1,T>H:1,I>S:1,I>V:1	T:162,I:60,S:20,L:7,A:4,H:3,N:2,V:1,M:1
163	H	Y	13	0	2.209e-01	0.2805195	H>Y:13,Q>H:12,H>Q:5,H>F:1	H:165,Q:78,Y:14,F:2,S:1
529	T	S	5	2	2.210e-01	0.2805195	P>T:25,T>P:14,P>S:14,P>H:11,T>I:9,P>R:7,T>A:6,P>A:6,T>S:5,P>I:3,S>N:2,S>T:2,P>Q:2,P>M:2,P>L:2,S>L:1,H>R:1,T>M:1,L>P:1,T>L:1,T>K:1,T>H:1,H>P:1,N>H:1,N>S:1,T>N:1,P>K:1,P>Y:1,R>H:1,P>F:1,S>Y:1,S>A:1	P:94,T:66,S:20,H:17,I:15,A:14,R:13,N:7,L:4,M:3,Y:2,Q:2,K:2,F:1
196	T	N	2	0	2.212e-01	0.2805726	T>S:22,T>A:18,S>T:3,S>H:2,T>N:2,T>Y:2,T>I:1,T>V:1,Y>H:1,S>Y:1,T>M:1,A>T:1,S>L:1	T:186,S:37,A:22,Y:5,H:3,N:3,M:1,L:1,V:1,I:1
43	T	S	5	0	2.217e-01	0.2806552	T>A:15,T>S:5,H>S:1,H>Y:1,T>H:1,T>M:1,S>Y:1,T>V:1,A>S:1	T:219,A:23,S:7,H:6,Y:3,M:1,V:1
18	T	V	3	1	2.218e-01	0.2806552	A>T:23,T>A:16,T>M:10,T>I:5,T>L:5,M>T:3,T>V:3,A>V:3,I>L:2,T>S:2,A>M:2,M>L:1,M>I:1,L>M:1,L>V:1,A>I:1,V>T:1,I>T:1,V>I:1,V>L:1,S>F:1,M>V:1	T:112,A:93,M:18,L:14,V:11,I:9,S:2,F:1
446	P	H	2	0	2.215e-01	0.2806552	P>S:21,P>L:7,P>T:6,T>A:4,P>Q:3,P>N:2,P>H:2,L>M:2,T>I:2,P>A:2,T>S:1,S>T:1,S>A:1,T>L:1,T>N:1,P>R:1,T>M:1	P:182,S:31,T:11,L:9,A:7,H:5,N:4,Q:4,M:3,I:3,R:1
449	T	N	2	0	2.220e-01	0.2806699	T>S:15,T>A:11,T>V:9,T>M:4,T>I:3,T>N:2,S>P:2,T>P:2,S>T:1,M>V:1,T>L:1,P>T:1,P>L:1,P>S:1,S>L:1,I>L:1	T:182,S:29,V:13,A:12,P:10,M:5,L:4,I:3,N:2
36	T	N	2	0	2.222e-01	0.2807988	T>S:15,S>T:15,S>P:4,T>N:2,P>L:1,T>P:1,S>Y:1,S>H:1	T:137,S:110,P:7,N:2,L:2,Y:1,H:1
587	T	N	2	0	2.234e-01	0.2820311	T>A:30,T>I:11,T>S:4,I>T:4,T>N:2,T>F:2,I>V:2,A>T:1,T>M:1,T>K:1,I>L:1	T:176,A:45,I:19,S:7,N:4,L:2,K:2,F:2,V:2,M:1
213	T	A	9	0	2.271e-01	0.2865693	T>I:29,T>A:9,T>M:7,T>V:4,I>T:2,T>L:2,T>P:2,I>M:1,M>V:1,V>L:1,T>S:1,T>D:1	T:190,I:39,A:9,M:9,V:5,L:3,P:3,S:1,D:1
211	Q	E	4	0	2.311e-01	0.2913666	Q>P:7,Q>K:6,Q>H:4,Q>E:4,Q>T:2,E>K:2,Q>M:1,H>Y:1,Q>N:1	Q:221,K:13,P:8,E:7,H:6,T:2,N:1,M:1,Y:1
564	I	M	5	0	2.319e-01	0.2921704	I>V:14,I>T:5,I>M:5,V>I:4,T>A:1,V>M:1,M>T:1,V>A:1	I:202,V:38,T:10,M:8,A:2
527	Q	R	6	5	2.324e-01	0.2924097	Q>R:6,R>Q:5,Q>P:2,Q>H:2,R>K:1	Q:231,R:16,P:10,H:2,K:1
484	K	N	5	0	2.325e-01	0.2924097	K>N:5,K>Q:3,K>E:3,K>T:2,K>H:1,N>S:1,Q>H:1,K>S:1	K:235,Q:10,N:6,E:3,S:2,T:2,H:2
21	L	F	5	0	2.327e-01	0.2924154	S>L:20,L>I:11,S>F:7,L>F:5,L>S:5,L>T:4,S>I:3,I>T:2,L>M:2,S>T:2,S>C:2,T>S:1,T>M:1,T>A:1,L>A:1,V>I:1,A>V:1,S>A:1,S>M:1,C>S:1	L:125,S:74,I:25,F:12,T:10,C:5,M:4,A:4,V:1
552	L	F	5	1	2.332e-01	0.2929132	L>S:10,L>I:9,L>F:5,L>M:5,L>T:3,F>S:2,L>P:1,L>V:1,S>L:1,F>L:1,S>F:1	L:211,S:16,F:12,I:10,M:5,T:4,P:1,V:1
64	E	D	11	1	2.352e-01	0.2951500	E>D:11,E>N:2,N>S:1,D>E:1,E>G:1	E:235,D:17,N:4,S:2,G:1,T:1
386	L	M	6	0	2.358e-01	0.2957205	L>M:6,L>F:3	L:250,M:7,F:3
277	N	H	4	0	2.374e-01	0.2973495	N>T:19,N>S:13,N>H:4,T>S:2,N>D:1,N>Y:1	N:189,T:39,S:26,H:4,D:1,Y:1
572	M	A	2	0	2.375e-01	0.2973495	L>M:12,M>I:11,M>L:10,M>T:4,M>V:4,L>F:4,M>A:2,L>V:2,L>A:2,I>F:1,M>F:1,L>S:1,L>I:1,M>S:1	M:134,L:87,I:15,F:8,V:6,A:4,T:4,S:2
99	F	L	5	0	2.379e-01	0.2976909	F>L:5,F>Y:1	F:253,L:6,Y:1
510	L	M	6	0	2.395e-01	0.2993881	L>M:6,L>I:5,L>T:2,I>L:1,L>V:1	L:239,I:10,M:7,T:2,V:1,S:1
291	L	M	6	0	2.403e-01	0.3001792	L>I:19,L>M:6,M>T:3,I>L:1,I>M:1	L:218,I:28,M:10,T:3,F:1
29	L	M	6	0	2.411e-01	0.3009315	L>I:7,L>M:6,L>V:4,L>F:2,L>A:2,M>I:1,M>T:1,V>M:1	L:231,I:8,M:7,V:5,-:4,F:2,A:2,T:1
188	L	I	3	1	2.424e-01	0.3023969	L>M:11,L>I:3,L>F:2,I>M:1,I>L:1,L>V:1	L:229,M:15,I:11,F:3,V:2
108	A	T	9	0	2.435e-01	0.3031041	A>T:9,A>S:6	A:240,T:13,S:7
12	M	I	5	0	2.434e-01	0.3031041	M>T:22,M>L:8,M>I:5,M>A:4,T>M:2,T>A:1,I>V:1,T>S:1,M>V:1,M>S:1	M:189,T:46,L:10,I:6,A:5,V:2,S:2
7	L	I	3	1	2.433e-01	0.3031041	V>I:16,V>T:9,I>T:5,L>I:3,L>M:2,V>A:2,L>F:1,L>P:1,I>L:1,I>M:1,I>V:1	L:118,V:72,I:46,T:14,M:3,A:3,-:2,P:1,F:1
4	T	M	6	0	2.450e-01	0.3047135	T>A:10,T>I:8,T>P:8,T>M:6,L>Q:5,T>L:4,Q>L:4,P>T:2,T>S:2,L>F:2,L>M:2,L>A:2,L>H:2,T>Y:1,P>H:1,Q>T:1,L>V:1	L:103,T:71,Q:28,P:18,A:12,M:10,I:9,H:3,F:2,S:2,V:1,Y:1
612	L	I	3	0	2.461e-01	0.3057960	M>L:15,L>M:8,M>T:8,M>A:7,M>I:7,M>V:5,L>S:4,L>F:3,L>I:3,I>M:2,L>T:1,L>A:1,A>L:1,M>S:1	L:139,M:70,I:18,T:10,A:9,S:6,V:5,F:3
504	L	I	3	1	2.464e-01	0.3060162	L>M:7,L>T:4,L>I:3,L>S:2,L>A:2,L>F:1,I>L:1,I>T:1	L:237,M:8,T:5,I:5,S:2,A:2,F:1
419	L	I	3	0	2.468e-01	0.3062361	L>M:8,L>I:3,I>T:1	L:240,M:13,I:6,T:1
301	L	I	3	0	2.471e-01	0.3063809	L>I:3	L:251,I:9
219	L	I	3	0	2.492e-01	0.3087659	L>I:3,L>P:3,L>F:2,L>M:1,I>A:1,L>A:1	L:248,I:4,P:3,F:2,A:2,M:1
370	L	I	3	0	2.504e-01	0.3099533	L>I:3	L:256,I:4
559	I	T	4	0	2.506e-01	0.3100205	I>L:9,I>V:6,I>T:4,I>F:3,L>F:2,F>L:1,L>I:1	I:225,L:16,F:9,V:6,T:4
555	N	K	4	1	2.514e-01	0.3108327	N>S:16,N>T:7,G>A:6,N>K:4,G>S:4,T>S:3,S>T:3,T>A:2,T>I:2,S>N:2,N>H:2,G>M:2,G>N:2,K>N:1,S>K:1,T>Y:1,N>A:1,G>K:1,G>R:1,G>W:1,N>G:1	G:95,S:53,N:48,T:24,K:17,A:10,H:5,I:3,M:2,Y:1,W:1,R:1
596	I	T	4	0	2.539e-01	0.3136912	I>M:4,I>T:4,L>I:1,I>L:1,I>V:1	I:247,T:5,M:4,L:3,V:1
3	E	K	4	0	2.551e-01	0.3149087	E>D:9,E>G:4,E>K:4,E>N:2,D>E:2,E>V:1,D>A:1,D>Y:1,D>N:1	D:140,E:95,N:10,G:7,K:4,A:1,V:1,Y:1,T:1
515	M	V	7	1	2.558e-01	0.3154924	M>L:20,M>T:7,M>V:7,M>A:5,M>I:2,T>A:1,T>S:1,L>F:1,V>M:1,V>A:1,L>S:1	M:187,L:38,T:13,V:8,A:7,S:3,I:2,-:1,F:1
351	S	A	4	0	2.582e-01	0.3181925	S>A:4	S:254,A:6
525	P	S	4	0	2.606e-01	0.3207618	T>K:5,P>S:4,P>T:2,P>H:1,T>A:1,P>Q:1	P:182,T:63,S:6,K:5,A:1,H:1,Q:1,G:1
357	S	A	4	0	2.606e-01	0.3207618	N>S:43,S>N:17,S>A:4,A>T:1,S>C:1,N>C:1	S:139,N:109,A:8,C:3,T:1
445	I	T	4	13	2.608e-01	0.3207835	T>M:16,T>I:13,M>T:9,M>I:7,I>T:4,T>S:4,I>V:3,T>L:2,L>S:2,L>M:2,M>S:1,T>V:1,M>L:1	I:157,T:56,M:30,S:7,V:5,L:5
130	I	V	17	1	2.618e-01	0.3217681	I>V:17,I>M:9,I>T:7,I>A:4,I>L:4,V>I:1	I:210,V:20,M:13,T:8,L:5,A:4
214	P	S	4	0	2.625e-01	0.3223811	P>S:4,P>H:3,P>Q:3,P>D:1,P>T:1	P:247,S:4,Q:4,H:3,T:1,D:1
411	Y	H	12	1	2.631e-01	0.3228453	Y>H:12,Y>N:1,Y>S:1,H>Y:1	Y:235,H:22,N:2,S:1
590	P	S	4	3	2.661e-01	0.3263390	T>S:26,T>N:11,T>P:10,T>A:9,T>I:6,P>S:4,S>P:3,T>L:3,S>T:2,T>M:2,P>H:1,S>L:1,S>M:1,V>I:1,T>V:1,P>R:1,T>Q:1	T:142,S:41,P:31,N:15,A:9,L:8,I:7,M:3,V:1,Q:1,H:1,R:1
527	Q	P	2	0	2.710e-01	0.3320062	Q>R:6,R>Q:5,Q>P:2,Q>H:2,R>K:1	Q:231,R:16,P:10,H:2,K:1
583	M	L	5	2	2.721e-01	0.3332003	M>T:33,T>M:7,M>A:6,M>L:5,T>A:5,M>I:4,T>S:4,M>K:4,M>S:3,K>M:3,L>M:2,T>I:2,T>K:2,K>E:2,L>T:1,I>T:1,T>Q:1,K>T:1,K>N:1	M:131,T:53,K:25,A:18,L:13,I:9,S:7,E:2,N:1,Q:1
475	L	V	2	0	2.754e-01	0.3368999	L>I:13,L>F:9,L>V:2,L>A:1	L:221,I:26,F:9,V:2,A:1,M:1
412	L	V	2	0	2.787e-01	0.3407045	L>I:4,L>V:2	L:245,I:11,V:4
290	A	S	4	0	2.789e-01	0.3407482	A>S:4	A:255,S:4,X:1
138	A	S	4	0	2.833e-01	0.3457953	A>T:4,A>S:4	A:222,S:32,T:6
460	N	S	5	0	2.889e-01	0.3521202	N>K:6,S>A:6,N>A:5,N>S:5,S>R:4,N>T:3,S>L:3,S>Y:2,S>H:2,N>G:1,L>I:1,L>S:1,R>L:1,N>R:1,S>T:1,N>Y:1,N>Q:1,N>H:1,S>E:1,S>Q:1,A>S:1	N:101,S:99,A:24,L:9,K:6,R:5,T:4,H:3,Q:3,Y:3,I:1,G:1,E:1
379	S	T	4	0	2.887e-01	0.3521202	S>A:12,S>T:4,T>A:2,A>T:1	S:227,A:23,T:10
124	Y	H	11	0	2.894e-01	0.3524857	Y>F:13,Y>H:11,F>L:2	Y:220,F:24,H:13,L:2,Q:1
34	Q	R	5	0	2.901e-01	0.3530685	Q>K:24,P>S:6,Q>P:5,Q>R:5,K>T:3,Q>S:2,K>Q:1,K>S:1,K>D:1,S>P:1,Q>T:1,Q>L:1,S>L:1,S>T:1	K:169,Q:55,S:12,P:9,T:5,R:5,L:2,D:1,-:1,A:1
369	G	C	2	0	2.903e-01	0.3530685	G>S:8,G>N:6,G>C:2,C>S:1,C>R:1,C>H:1,S>C:1,G>A:1	G:227,S:12,C:10,N:8,R:1,H:1,A:1
582	L	M	5	0	2.960e-01	0.3595426	L>Q:13,L>T:8,L>V:7,L>M:5,V>I:3,L>R:2,I>T:2,L>I:2,L>A:2,V>M:2,S>T:1,L>S:1,L>H:1,I>L:1,I>V:1,T>I:1,M>V:1,V>T:1	L:171,V:28,T:19,Q:17,M:10,I:8,R:3,A:2,H:1,S:1
552	L	M	5	0	2.960e-01	0.3595426	L>S:10,L>I:9,L>F:5,L>M:5,L>T:3,F>S:2,L>P:1,L>V:1,S>L:1,F>L:1,S>F:1	L:211,S:16,F:12,I:10,M:5,T:4,P:1,V:1
82	L	M	5	1	2.969e-01	0.3603768	L>I:16,I>V:13,L>F:7,L>M:5,I>L:2,M>L:1,M>V:1,L>V:1,I>M:1,I>F:1	I:133,L:92,V:17,M:9,F:9
146	V	I	2	5	2.975e-01	0.3608078	I>V:5,I>M:2,V>I:2	I:242,V:16,M:2
8	L	M	5	0	2.986e-01	0.3608413	L>M:5,L>I:5,L>F:3,L>P:1	L:236,I:13,M:6,F:4,P:1
119	T	S	4	1	2.982e-01	0.3608413	T>N:4,T>S:4,T>M:4,T>K:2,T>D:2,S>T:1,N>S:1,N>K:1	T:234,N:9,S:7,M:5,K:3,D:2
457	T	S	4	0	2.983e-01	0.3608413	T>A:15,T>M:8,A>T:6,S>L:4,T>S:4,T>L:3,M>T:3,A>N:2,A>S:2,T>K:2,M>A:2,M>L:2,A>M:2,A>L:2,S>P:1,K>N:1,K>T:1,Q>L:1,S>Q:1,A>K:1	A:144,T:41,L:24,M:20,S:13,K:7,Q:6,N:4,P:1
451	V	I	2	2	2.983e-01	0.3608413	M>I:22,M>V:17,M>T:7,I>M:3,I>T:2,V>I:2,I>V:2,M>A:1	M:155,I:70,V:21,T:12,A:2
493	V	I	2	4	2.986e-01	0.3608413	S>Y:14,L>I:13,I>T:7,L>T:6,Y>S:6,L>S:5,I>V:4,I>L:4,L>P:4,S>T:4,S>P:4,S>Q:3,L>H:2,Y>H:2,S>F:2,V>I:2,Y>L:1,L>Y:1,L>A:1,L>F:1,T>S:1,L>M:1,S>H:1,F>L:1,F>Y:1,S>L:1,V>A:1,V>T:1,L>V:1	S:79,L:48,I:44,Y:34,T:19,P:12,H:8,V:7,F:3,Q:3,A:2,M:1
578	A	G	2	0	2.993e-01	0.3614156	A>T:5,A>S:2,A>G:2	A:245,T:10,S:3,G:2
3	E	D	9	2	3.008e-01	0.3628982	E>D:9,E>G:4,E>K:4,E>N:2,D>E:2,E>V:1,D>A:1,D>Y:1,D>N:1	D:140,E:95,N:10,G:7,K:4,A:1,V:1,Y:1,T:1
587	T	S	4	0	3.015e-01	0.3635065	T>A:30,T>I:11,T>S:4,I>T:4,T>N:2,T>F:2,I>V:2,A>T:1,T>M:1,T>K:1,I>L:1	T:176,A:45,I:19,S:7,N:4,L:2,K:2,F:2,V:2,M:1
506	I	M	4	0	3.041e-01	0.3663288	I>V:11,I>A:11,I>L:9,I>T:5,I>M:4,L>F:1,V>L:1,V>M:1,V>I:1,V>A:1	I:211,V:14,A:12,L:12,T:5,M:5,F:1
494	T	M	5	1	3.058e-01	0.3675976	T>M:5,T>A:2,I>L:2,M>T:1,M>V:1,M>I:1,T>S:1,I>V:1,I>T:1,T>I:1,T>L:1	T:132,I:111,M:8,A:3,L:3,V:2,S:1
596	I	M	4	0	3.056e-01	0.3675976	I>M:4,I>T:4,L>I:1,I>L:1,I>V:1	I:247,T:5,M:4,L:3,V:1
551	K	N	4	23	3.055e-01	0.3675976	N>K:23,N>T:13,N>S:11,N>G:6,N>A:6,N>I:5,N>H:4,K>N:4,K>S:3,T>A:3,N>Y:3,K>Q:2,S>T:2,H>Y:2,M>T:1,K>M:1,N>D:1,S>G:1,N>E:1,T>I:1,T>M:1,S>L:1,G>S:1,T>N:1,N>Q:1,S>A:1,G>A:1	N:99,K:63,T:28,S:17,I:13,A:12,G:8,Y:5,H:5,Q:4,M:2,D:1,E:1,L:1,-:1
49	F	L	4	16	3.092e-01	0.3713709	L>F:16,L>M:14,L>I:5,F>L:4,L>T:1,L>V:1,M>I:1,M>T:1,I>M:1,I>F:1,I>A:1	L:195,F:32,M:19,I:10,T:2,V:1,A:1
503	I	M	4	0	3.094e-01	0.3713709	I>T:18,A>I:10,I>V:9,V>I:8,I>A:7,A>V:7,T>A:6,I>L:6,V>L:6,I>M:4,V>A:4,I>F:2,T>I:2,T>L:2,T>S:1,A>T:1,M>A:1,T>M:1,L>S:1,A>L:1	I:89,A:77,V:30,T:27,L:20,M:13,S:2,F:2
328	N	D	10	2	3.109e-01	0.3729823	N>D:10,D>N:2,N>S:1	N:241,D:17,S:1,K:1
91	M	I	4	0	3.115e-01	0.3733992	M>T:12,M>L:7,M>I:4,M>V:1,T>V:1,A>S:1,M>A:1,L>I:1,L>M:1	L:145,M:87,T:16,I:8,V:2,S:1,A:1
16	T	A	7	0	3.121e-01	0.3738343	T>A:7,T>I:6,T>S:2,T>L:1,M>T:1,T>M:1,T>P:1,T>V:1	T:240,A:7,I:6,S:2,P:2,M:1,V:1,L:1
435	T	A	7	0	3.123e-01	0.3738343	T>I:18,T>A:7,S>T:3,T>M:2,T>S:2,S>A:2,S>F:1	T:220,I:20,A:9,S:8,M:2,F:1
583	M	I	4	0	3.177e-01	0.3800174	M>T:33,T>M:7,M>A:6,M>L:5,T>A:5,M>I:4,T>S:4,M>K:4,M>S:3,K>M:3,L>M:2,T>I:2,T>K:2,K>E:2,L>T:1,I>T:1,T>Q:1,K>T:1,K>N:1	M:131,T:53,K:25,A:18,L:13,I:9,S:7,E:2,N:1,Q:1
176	V	I	14	0	3.228e-01	0.3858673	V>I:14,V>M:2	V:232,I:19,M:9
530	Y	F	5	4	3.242e-01	0.3872094	F>L:15,Y>L:10,L>F:8,Y>H:6,Y>F:5,Y>P:4,F>Y:4,F>M:3,H>P:2,Y>I:2,L>P:2,L>A:2,Y>N:1,Y>C:1,Y>T:1,H>Y:1,L>M:1,L>I:1,S>P:1,Y>S:1,Y>W:1,F>T:1,F>S:1,F>V:1	F:85,L:76,Y:61,P:9,M:8,H:7,I:3,T:2,S:2,A:2,W:2,N:1,V:1,C:1
113	A	T	7	0	3.286e-01	0.3922184	A>S:16,A>T:7,A>E:3,A>N:2,A>H:2,A>Q:1,A>I:1,S>N:1	A:224,S:17,T:7,E:4,N:3,H:3,I:1,Q:1
562	H	Q	5	0	3.302e-01	0.3937696	H>N:5,H>Q:5,H>L:2,N>S:1,H>F:1,H>S:1	H:243,Q:6,N:6,L:2,S:2,F:1
163	H	Q	5	12	3.309e-01	0.3943847	H>Y:13,Q>H:12,H>Q:5,H>F:1	H:165,Q:78,Y:14,F:2,S:1
195	S	C	4	0	3.378e-01	0.4022492	S>T:15,S>I:6,S>L:6,S>Y:6,S>C:4,S>A:2,Y>C:2,S>M:1,L>M:1,Y>F:1,S>F:1,T>I:1	S:198,T:17,Y:16,I:10,C:7,L:6,A:2,F:2,M:2
564	I	V	14	4	3.404e-01	0.4050810	I>V:14,I>T:5,I>M:5,V>I:4,T>A:1,V>M:1,M>T:1,V>A:1	I:202,V:38,T:10,M:8,A:2
189	S	C	4	5	3.431e-01	0.4080522	C>S:5,S>C:4,S>T:3,S>N:2	C:127,S:127,T:3,N:2,A:1
11	S	C	4	0	3.440e-01	0.4088344	F>L:18,F>S:15,S>L:13,S>F:12,S>T:9,L>F:4,S>C:4,L>S:2,L>M:1,T>M:1,F>T:1,F>A:1,S>M:1	S:108,F:79,L:54,T:10,M:4,C:4,A:1
554	N	K	3	0	3.450e-01	0.4095659	N>S:17,S>N:11,S>T:7,S>G:7,N>H:6,N>D:4,N>Y:4,N>T:4,S>K:4,G>S:4,N>K:3,T>A:3,S>A:2,N>E:1,H>Y:1,H>L:1,Y>L:1,S>F:1,N>G:1,T>D:1,T>N:1,K>T:1,G>A:1,N>L:1,N>I:1,S>Y:1	N:97,S:62,T:22,G:20,K:15,H:12,E:8,A:6,Y:6,D:5,L:4,F:1,I:1,Q:1
5	T	V	2	0	3.453e-01	0.4095659	T>A:19,P>S:16,S>P:11,T>P:7,T>S:6,S>L:6,P>L:3,T>V:2,A>T:2,P>Q:2,S>A:2,S>T:2,S>M:2,T>L:1,T>I:1,T>M:1,A>I:1,L>M:1,L>S:1,P>T:1,S>Y:1	T:74,S:66,P:58,A:33,L:12,M:8,I:2,Q:2,-:2,V:2,Y:1
19	I	L	2	0	3.454e-01	0.4095659	I>T:23,T>I:21,I>V:7,T>V:6,I>L:2,I>M:1,I>S:1,T>N:1	T:125,I:102,V:19,L:11,S:1,N:1,M:1
57	I	L	2	13	3.459e-01	0.4098805	L>I:13,I>T:6,I>M:6,L>M:4,T>A:3,L>T:2,I>L:2,I>V:2,I>F:1,L>V:1	I:139,L:86,T:16,M:11,A:3,V:3,F:1,Y:1
206	S	A	3	0	3.470e-01	0.4104652	S>T:17,S>P:13,F>L:9,S>L:5,P>S:5,S>Q:4,I>T:4,L>P:4,F>S:4,L>I:3,F>T:3,S>A:3,L>V:2,L>T:2,F>H:2,S>C:2,S>Y:2,V>T:1,L>S:1,L>F:1,T>I:1,F>I:1,L>A:1,S>N:1,S>H:1,S>V:1,T>V:1,S>G:1,S>I:1,S>W:1,S>F:1	S:78,F:37,T:32,P:32,L:31,V:13,I:12,Q:6,-:5,A:4,H:3,C:2,Y:2,N:1,G:1,W:1
118	I	L	2	0	3.471e-01	0.4104652	I>T:9,I>V:6,I>A:3,I>M:3,V>M:2,I>L:2,V>I:1,I>N:1,I>C:1	I:226,T:10,V:10,M:6,A:4,L:2,N:1,C:1
607	I	L	2	0	3.468e-01	0.4104652	I>T:17,I>A:4,I>L:2,I>M:2	I:229,T:22,A:4,M:3,L:2
601	G	E	2	0	3.484e-01	0.4117041	G>S:13,G>A:3,G>E:2,G>T:2,G>M:1	G:223,S:21,A:6,E:5,T:3,M:1,K:1
526	K	Q	3	0	3.487e-01	0.4117314	K>Q:3,K>N:1	K:255,Q:3,N:1,T:1
472	A	V	4	0	3.499e-01	0.4119649	A>V:4,A>T:3,A>S:1,A>M:1	A:245,V:7,S:4,T:3,M:1
434	M	L	4	0	3.502e-01	0.4119649	M>L:4,M>T:1	M:254,L:5,T:1
205	T	I	3	0	3.491e-01	0.4119649	A>T:19,T>A:16,P>L:4,T>M:4,T>I:3,T>S:3,A>I:3,A>P:3,A>S:3,L>I:3,L>F:3,I>A:3,I>L:3,I>V:3,T>P:2,T>N:2,S>P:2,I>M:2,P>H:2,T>V:1,A>L:1,C>H:1,A>C:1,L>M:1,V>A:1,H>Y:1,H>Q:1,P>T:1,L>P:1,L>S:1	L:72,A:51,I:40,T:38,P:17,M:14,S:7,V:5,H:4,F:3,-:3,N:2,Y:2,C:1,Q:1
298	T	V	2	0	3.499e-01	0.4119649	T>I:7,T>M:3,I>T:2,T>V:2,T>A:2,M>L:1	T:237,I:13,M:4,A:2,V:2,L:1,S:1
404	I	L	2	0	3.499e-01	0.4119649	I>L:2,I>M:1	I:256,L:3,M:1
280	T	V	2	0	3.504e-01	0.4119649	T>I:5,T>A:4,T>N:4,T>M:3,T>L:3,T>S:2,T>V:2,T>Y:1,L>F:1,N>Y:1,T>P:1	T:233,I:5,N:4,A:4,M:3,L:3,Y:2,S:2,V:2,P:1,F:1
25	I	T	3	0	3.521e-01	0.4133185	L>I:10,I>L:7,L>F:6,I>V:4,I>T:3,I>M:2,L>V:2,F>L:2,M>I:1,L>T:1,I>F:1,I>A:1,L>M:1	L:120,I:111,F:12,V:7,T:5,M:4,A:1
542	P	S	3	0	3.523e-01	0.4133185	P>L:11,P>H:6,P>S:3,P>F:1,H>Y:1,P>Y:1,P>T:1,P>Q:1,P>I:1	P:227,L:14,H:7,S:3,I:3,F:2,Y:2,Q:1,T:1
544	T	V	2	8	3.523e-01	0.4133185	T>M:24,T>A:17,T>I:12,V>T:8,V>I:6,V>M:6,V>A:4,I>V:4,M>V:3,I>M:3,T>L:2,T>V:2,T>S:2,M>T:2,I>T:2,L>F:1,I>L:1,S>T:1,S>L:1,S>A:1,M>A:1,I>A:1	T:114,M:41,V:34,I:29,A:25,S:8,L:7,F:1,H:1
114	S	A	3	0	3.532e-01	0.4141218	S>T:6,S>A:3,S>L:2,S>P:2,T>S:1,S>M:1	S:242,T:10,A:3,P:2,L:2,M:1
63	T	V	2	0	3.546e-01	0.4153721	T>M:16,T>A:11,T>S:9,M>T:8,M>L:6,V>L:2,V>M:2,T>V:2,V>A:1,M>A:1,T>P:1,S>L:1,T>L:1,M>S:1,M>V:1,M>I:1	T:144,M:50,L:23,A:19,S:15,V:7,P:1,I:1
56	T	V	2	0	3.548e-01	0.4153721	T>M:14,T>S:11,T>I:11,T>A:11,T>L:4,T>V:2,S>C:1,A>T:1,S>A:1,S>Y:1,M>V:1	T:194,M:16,S:14,A:12,I:11,L:6,V:5,C:1,Y:1
484	K	Q	3	0	3.555e-01	0.4157028	K>N:5,K>Q:3,K>E:3,K>T:2,K>H:1,N>S:1,Q>H:1,K>S:1	K:235,Q:10,N:6,E:3,S:2,T:2,H:2
22	T	V	2	0	3.556e-01	0.4157028	T>M:11,T>A:10,T>S:6,T>I:5,T>V:2,T>L:2,T>K:1,A>S:1	T:218,M:12,A:10,S:8,I:5,L:3,V:2,K:2
449	T	I	3	0	3.561e-01	0.4160438	T>S:15,T>A:11,T>V:9,T>M:4,T>I:3,T>N:2,S>P:2,T>P:2,S>T:1,M>V:1,T>L:1,P>T:1,P>L:1,P>S:1,S>L:1,I>L:1	T:182,S:29,V:13,A:12,P:10,M:5,L:4,I:3,N:2
103	S	A	3	0	3.565e-01	0.4162436	S>A:3,S>C:2	S:254,A:4,C:2
550	T	I	3	0	3.573e-01	0.4167948	T>M:22,T>S:14,T>A:12,T>L:6,T>K:5,M>L:3,M>T:3,T>I:3,M>A:1,S>Y:1,T>E:1,A>S:1,T>H:1,K>T:1,T>N:1	T:155,M:32,K:18,S:18,L:17,A:13,I:3,H:1,Y:1,N:1,E:1
75	T	I	3	24	3.586e-01	0.4181181	I>T:24,I>L:6,T>I:3,I>M:3,I>V:1,V>I:1,T>V:1,I>A:1,I>N:1	I:201,T:45,L:7,M:3,V:2,A:1,N:1
164	G	S	2	0	3.599e-01	0.4192640	G>A:5,G>S:2,G>D:1	G:250,A:6,S:2,D:1,F:1
58	F	Y	5	11	3.685e-01	0.4289695	Y>H:16,Y>F:11,F>Y:5,F>L:2,Y>L:2,H>Y:2,H>F:1,F>M:1,F>S:1	F:152,Y:62,H:39,L:5,M:1,S:1
529	T	A	6	0	3.689e-01	0.4292297	P>T:25,T>P:14,P>S:14,P>H:11,T>I:9,P>R:7,T>A:6,P>A:6,T>S:5,P>I:3,S>N:2,S>T:2,P>Q:2,P>M:2,P>L:2,S>L:1,H>R:1,T>M:1,L>P:1,T>L:1,T>K:1,T>H:1,H>P:1,N>H:1,N>S:1,T>N:1,P>K:1,P>Y:1,R>H:1,P>F:1,S>Y:1,S>A:1	P:94,T:66,S:20,H:17,I:15,A:14,R:13,N:7,L:4,M:3,Y:2,Q:2,K:2,F:1
210	N	S	4	3	3.700e-01	0.4298540	S>T:11,N>D:7,S>H:6,T>A:5,T>S:5,N>T:4,N>S:4,H>Q:4,T>N:4,T>V:3,S>P:3,S>N:3,D>N:3,N>G:2,H>N:2,T>P:2,T>H:2,S>A:2,G>A:1,N>V:1,H>D:1,H>C:1,N>H:1,T>Q:1,T>L:1,T>G:1,T>M:1,S>L:1,S>Y:1,S>D:1,S>Q:1,A>D:1,A>T:1,N>E:1,T>D:1,N>Y:1,N>C:1	T:89,S:55,N:37,D:22,H:19,A:10,Q:6,P:5,V:4,G:3,-:2,L:2,Y:2,C:2,M:1,E:1
613	L	M	4	1	3.699e-01	0.4298540	S>L:16,S>T:11,L>M:4,M>T:4,S>A:4,S>F:4,T>A:3,L>S:2,T>M:1,V>T:1,L>V:1,M>L:1,M>I:1,S>M:1,S>Y:1,F>Y:1	S:170,L:41,T:24,M:9,A:8,F:4,Y:2,V:1,I:1
381	L	M	4	0	3.705e-01	0.4301480	L>F:12,L>M:4	L:242,F:14,M:4
197	L	M	4	16	3.727e-01	0.4320275	M>T:37,M>L:16,T>M:5,L>M:4,M>I:3,T>S:2,M>A:2,I>L:1,L>I:1,L>F:1,T>I:1,M>F:1,M>S:1,L>T:1,T>A:1	M:129,T:60,L:46,F:9,I:9,S:3,A:3,D:1
484	K	E	3	0	3.726e-01	0.4320275	K>N:5,K>Q:3,K>E:3,K>T:2,K>H:1,N>S:1,Q>H:1,K>S:1	K:235,Q:10,N:6,E:3,S:2,T:2,H:2
282	L	M	4	0	3.731e-01	0.4322146	L>M:4	L:255,M:4,T:1
105	L	M	4	0	3.753e-01	0.4344011	L>M:4	L:252,M:8
582	L	I	2	1	3.755e-01	0.4344011	L>Q:13,L>T:8,L>V:7,L>M:5,V>I:3,L>R:2,I>T:2,L>I:2,L>A:2,V>M:2,S>T:1,L>S:1,L>H:1,I>L:1,I>V:1,T>I:1,M>V:1,V>T:1	L:171,V:28,T:19,Q:17,M:10,I:8,R:3,A:2,H:1,S:1
422	L	M	4	0	3.778e-01	0.4351117	L>I:4,L>M:4,L>T:4,L>V:1	L:244,T:5,I:5,M:4,V:2
205	T	M	4	0	3.780e-01	0.4351117	A>T:19,T>A:16,P>L:4,T>M:4,T>I:3,T>S:3,A>I:3,A>P:3,A>S:3,L>I:3,L>F:3,I>A:3,I>L:3,I>V:3,T>P:2,T>N:2,S>P:2,I>M:2,P>H:2,T>V:1,A>L:1,C>H:1,A>C:1,L>M:1,V>A:1,H>Y:1,H>Q:1,P>T:1,L>P:1,L>S:1	L:72,A:51,I:40,T:38,P:17,M:14,S:7,V:5,H:4,F:3,-:3,N:2,Y:2,C:1,Q:1
171	A	S	3	0	3.782e-01	0.4351117	A>S:3	A:257,S:3
52	L	I	2	0	3.773e-01	0.4351117	L>I:2,L>T:1	L:257,I:2,T:1
519	L	I	2	0	3.781e-01	0.4351117	L>F:13,L>M:11,L>H:4,L>Y:3,L>I:2,L>P:2,I>M:1,M>L:1	L:208,M:19,F:16,H:7,Y:4,P:3,I:2,-:1
274	L	I	2	0	3.769e-01	0.4351117	M>L:23,L>M:10,L>F:3,L>I:2,M>I:1	L:156,M:98,I:3,F:3
402	L	I	2	0	3.765e-01	0.4351117	L>P:8,L>S:6,L>I:2,L>V:1,S>P:1,I>V:1,I>T:1,Q>R:1,Q>L:1,L>Q:1,A>V:1,L>A:1,L>T:1	L:126,Q:103,P:10,S:6,A:6,T:4,V:3,I:1,R:1
275	L	I	2	0	3.782e-01	0.4351117	L>F:18,F>L:15,F>Y:6,L>I:2,L>M:1,F>M:1	L:129,F:121,Y:6,M:2,I:2
15	L	I	2	0	3.804e-01	0.4373396	L>T:3,I>T:2,L>I:2,L>S:1,L>M:1	L:245,I:7,T:6,S:1,M:1
333	A	T	6	0	3.818e-01	0.4382302	A>T:6	A:254,T:6
449	T	M	4	0	3.820e-01	0.4382302	T>S:15,T>A:11,T>V:9,T>M:4,T>I:3,T>N:2,S>P:2,T>P:2,S>T:1,M>V:1,T>L:1,P>T:1,P>L:1,P>S:1,S>L:1,I>L:1	T:182,S:29,V:13,A:12,P:10,M:5,L:4,I:3,N:2
467	L	I	2	0	3.819e-01	0.4382302	L>M:11,L>V:5,L>F:3,L>I:2,M>V:1,M>T:1,M>A:1,L>A:1	L:232,M:11,V:7,I:4,F:3,A:2,T:1
20	L	I	2	8	3.824e-01	0.4384111	I>L:8,I>V:3,L>I:2,I>T:1,I>S:1	L:170,I:85,V:3,T:1,S:1
41	T	M	4	5	3.830e-01	0.4387989	T>V:7,M>T:5,T>M:4,S>T:2,S>P:1,T>S:1,T>I:1,T>A:1	T:232,M:11,V:8,S:5,I:2,A:1,P:1
536	T	M	4	0	3.846e-01	0.4403249	S>T:20,T>S:13,S>A:9,S>N:5,S>L:4,T>M:4,S>M:3,T>A:2,T>N:2,M>A:1,L>M:1,S>F:1	S:148,T:65,M:14,A:13,N:10,L:8,F:1,I:1
119	T	M	4	0	3.853e-01	0.4408143	T>N:4,T>S:4,T>M:4,T>K:2,T>D:2,S>T:1,N>S:1,N>K:1	T:234,N:9,S:7,M:5,K:3,D:2
90	S	T	3	0	3.891e-01	0.4448867	S>T:3,S>A:2	S:252,T:6,A:2
189	S	T	3	0	3.896e-01	0.4450968	C>S:5,S>C:4,S>T:3,S>N:2	C:127,S:127,T:3,N:2,A:1
167	E	D	7	0	3.920e-01	0.4475433	E>D:7,E>K:1	E:235,D:20,K:4,N:1
205	T	S	3	0	3.924e-01	0.4476825	A>T:19,T>A:16,P>L:4,T>M:4,T>I:3,T>S:3,A>I:3,A>P:3,A>S:3,L>I:3,L>F:3,I>A:3,I>L:3,I>V:3,T>P:2,T>N:2,S>P:2,I>M:2,P>H:2,T>V:1,A>L:1,C>H:1,A>C:1,L>M:1,V>A:1,H>Y:1,H>Q:1,P>T:1,L>P:1,L>S:1	L:72,A:51,I:40,T:38,P:17,M:14,S:7,V:5,H:4,F:3,-:3,N:2,Y:2,C:1,Q:1
443	S	T	3	1	3.928e-01	0.4478216	V>T:18,T>P:9,T>V:5,T>N:4,N>T:4,S>T:3,T>I:2,T>C:1,S>P:1,T>S:1,N>S:1,V>I:1,T>A:1	T:127,V:84,P:26,N:11,C:5,I:4,S:2,A:1
474	L	F	3	10	3.933e-01	0.4481664	F>L:10,L>F:3,L>M:2	L:150,F:101,M:9
46	T	S	3	0	3.937e-01	0.4483050	T>A:28,T>I:13,T>S:3,T>M:3,S>L:1,A>T:1,M>L:1,S>Y:1,T>V:1	T:190,A:36,I:15,S:7,L:6,M:4,V:1,Y:1
42	S	T	3	0	3.945e-01	0.4488891	N>S:24,R>H:10,N>K:6,H>Y:5,R>L:4,R>N:4,S>T:3,R>K:3,R>Q:3,Q>K:3,Q>H:2,H>Q:2,R>Y:2,L>T:2,N>R:2,T>A:1,S>F:1,Q>T:1,H>R:1,H>T:1,L>Q:1,Q>N:1,H>N:1,H>L:1,Q>R:1,Q>L:1,Q>W:1,S>R:1	N:83,R:57,S:37,H:20,K:19,Q:15,L:10,T:9,Y:7,F:1,A:1,W:1
572	M	T	4	0	3.953e-01	0.4489256	L>M:12,M>I:11,M>L:10,M>T:4,M>V:4,L>F:4,M>A:2,L>V:2,L>A:2,I>F:1,M>F:1,L>S:1,L>I:1,M>S:1	M:134,L:87,I:15,F:8,V:6,A:4,T:4,S:2
531	S	T	3	0	3.953e-01	0.4489256	L>S:12,M>T:11,L>M:5,L>T:5,L>Q:4,S>T:3,S>Y:3,S>L:3,M>L:2,Y>R:2,S>M:1,M>V:1,L>V:1,L>F:1,S>A:1,Y>S:1,S>R:1	S:127,L:60,M:23,T:22,Y:14,Q:4,V:3,R:3,F:2,A:1,-:1
83	S	T	3	1	3.953e-01	0.4489256	S>N:3,S>T:3,S>D:2,T>S:1,S>G:1	S:244,T:10,N:3,D:2,G:1
26	L	F	3	27	3.957e-01	0.4490631	F>L:27,L>S:4,L>F:3,L>Y:2,L>M:2,Y>R:1,L>P:1,L>T:1,F>Y:1,F>T:1,L>K:1	L:164,F:78,S:4,Y:3,T:3,P:2,M:2,R:2,K:1,-:1
386	L	F	3	0	3.969e-01	0.4499182	L>M:6,L>F:3	L:250,M:7,F:3
14	L	F	3	0	3.971e-01	0.4499182	L>I:8,L>F:3,L>T:3,P>L:2,L>M:2,T>I:2,T>A:2,L>A:2,P>T:1,P>S:1,L>P:1,L>S:1,L>V:1	L:224,I:14,T:6,A:4,P:4,F:3,S:2,M:2,V:1
612	L	F	3	0	3.976e-01	0.4499182	M>L:15,L>M:8,M>T:8,M>A:7,M>I:7,M>V:5,L>S:4,L>F:3,L>I:3,I>M:2,L>T:1,L>A:1,A>L:1,M>S:1	L:139,M:70,I:18,T:10,A:9,S:6,V:5,F:3
271	T	S	3	1	3.975e-01	0.4499182	T>M:9,T>I:5,T>S:3,T>L:1,S>T:1	T:230,M:17,I:6,S:6,L:1
8	L	F	3	0	3.985e-01	0.4507022	L>M:5,L>I:5,L>F:3,L>P:1	L:236,I:13,M:6,F:4,P:1
60	Y	F	4	0	3.995e-01	0.4511777	Y>H:27,H>Y:25,Y>F:4,H>Q:3,F>L:2,I>V:1,L>I:1,F>S:1,L>F:1,Y>L:1,Y>W:1,H>S:1,Y>C:1	Y:141,H:97,F:6,L:5,S:4,Q:3,W:1,V:1,I:1,C:1
467	L	F	3	0	3.994e-01	0.4511777	L>M:11,L>V:5,L>F:3,L>I:2,M>V:1,M>T:1,M>A:1,L>A:1	L:232,M:11,V:7,I:4,F:3,A:2,T:1
186	L	F	3	1	4.000e-01	0.4514150	L>F:3,L>I:1,F>L:1	L:253,F:5,I:2
418	L	F	3	0	4.005e-01	0.4514470	L>I:9,V>L:9,V>I:8,I>V:7,I>L:7,L>S:6,L>T:5,V>T:5,L>V:4,L>F:3,I>T:2,S>T:1,L>M:1,V>A:1,L>A:1	L:176,V:25,I:23,T:19,S:9,F:4,A:3,M:1
118	I	M	3	0	4.006e-01	0.4514470	I>T:9,I>V:6,I>A:3,I>M:3,V>M:2,I>L:2,V>I:1,I>N:1,I>C:1	I:226,T:10,V:10,M:6,A:4,L:2,N:1,C:1
451	I	M	3	22	4.010e-01	0.4516497	M>I:22,M>V:17,M>T:7,I>M:3,I>T:2,V>I:2,I>V:2,M>A:1	M:155,I:70,V:21,T:12,A:2
78	F	L	3	0	4.017e-01	0.4518508	F>L:3,F>H:1	F:255,L:3,H:1,T:1
507	L	F	3	0	4.017e-01	0.4518508	A>V:10,I>L:10,V>I:10,V>A:10,A>I:9,I>M:7,I>A:5,L>F:3,I>V:3,A>T:3,V>M:3,I>T:2,M>L:2,L>M:1,M>V:1,A>F:1,V>Y:1,A>M:1,V>T:1,I>S:1,L>I:1	I:118,A:74,L:25,V:17,M:14,T:6,F:4,S:1,Y:1
274	L	F	3	0	4.046e-01	0.4544210	M>L:23,L>M:10,L>F:3,L>I:2,M>I:1	L:156,M:98,I:3,F:3
500	I	M	3	0	4.045e-01	0.4544210	I>T:15,I>L:11,V>L:9,I>V:8,V>A:8,V>T:5,I>A:4,V>I:4,I>M:3,L>T:2,V>M:2,L>V:1,T>S:1,M>L:1,T>A:1,A>T:1	I:107,V:59,L:45,T:29,A:13,M:5,S:1,N:1
471	M	I	3	0	4.083e-01	0.4583421	M>T:30,M>L:13,T>M:12,T>V:5,M>A:4,M>I:3,M>V:3,T>I:2,L>T:2,L>F:1,T>A:1,T>L:1	T:117,M:73,L:49,V:8,I:6,A:6,F:1
141	M	I	3	0	4.094e-01	0.4591816	M>L:9,L>F:7,L>M:5,M>I:3	M:130,L:114,F:10,I:6
218	M	I	3	0	4.125e-01	0.4624185	T>I:11,T>M:6,M>I:3,T>L:3,M>L:2,I>T:2,T>V:1,L>I:1,M>T:1	T:195,I:25,L:24,M:15,V:1
614	T	A	5	0	4.216e-01	0.4722680	T>S:25,T>M:18,T>L:8,T>Q:6,T>I:5,T>H:5,T>A:5,T>N:3,I>T:2,I>L:1,H>Q:1,L>M:1,M>L:1,T>Y:1,S>F:1	T:133,S:36,L:26,M:25,H:12,Q:8,I:7,A:5,N:3,-:2,Y:2,F:1
506	I	V	11	1	4.259e-01	0.4768075	I>V:11,I>A:11,I>L:9,I>T:5,I>M:4,L>F:1,V>L:1,V>M:1,V>I:1,V>A:1	I:211,V:14,A:12,L:12,T:5,M:5,F:1
10	T	A	5	0	4.310e-01	0.4821837	T>S:7,T>A:5,T>V:5,T>L:3,I>T:3,I>S:3,T>I:2,S>T:1,L>T:1,V>I:1,I>V:1,I>M:1	T:212,S:18,I:12,V:8,A:5,L:4,M:1
602	S	C	3	0	4.332e-01	0.4839921	S>T:17,S>A:11,S>C:3,S>V:2	S:205,T:34,A:15,C:3,V:2,I:1
30	S	P	2	1	4.331e-01	0.4839921	S>L:10,S>T:7,S>F:3,L>F:2,T>I:2,S>P:2,S>N:1,F>S:1,P>S:1,L>S:1,T>V:1	S:197,L:26,F:11,T:11,I:6,P:4,-:3,N:1,V:1
33	F	Y	4	0	4.354e-01	0.4857621	F>L:16,L>F:10,Y>H:5,F>P:5,F>Y:4,F>S:4,P>S:2,F>M:2,L>I:1,H>Y:1,L>H:1,S>P:1,L>S:1,F>T:1,H>L:1,F>H:1,P>L:1,L>P:1,L>M:1,Y>S:1	L:136,F:62,P:18,Y:16,S:11,H:9,M:4,-:2,I:1,T:1
204	Q	H	4	0	4.351e-01	0.4857621	Q>H:4,Q>L:4,Q>P:3,P>L:1,Q>T:1,H>Y:1	Q:237,L:8,H:4,-:4,P:4,T:2,Y:1
210	N	D	7	3	4.373e-01	0.4874350	S>T:11,N>D:7,S>H:6,T>A:5,T>S:5,N>T:4,N>S:4,H>Q:4,T>N:4,T>V:3,S>P:3,S>N:3,D>N:3,N>G:2,H>N:2,T>P:2,T>H:2,S>A:2,G>A:1,N>V:1,H>D:1,H>C:1,N>H:1,T>Q:1,T>L:1,T>G:1,T>M:1,S>L:1,S>Y:1,S>D:1,S>Q:1,A>D:1,A>T:1,N>E:1,T>D:1,N>Y:1,N>C:1	T:89,S:55,N:37,D:22,H:19,A:10,Q:6,P:5,V:4,G:3,-:2,L:2,Y:2,C:2,M:1,E:1
68	S	C	3	0	4.378e-01	0.4874350	S>T:33,S>L:7,F>L:7,S>F:6,S>C:3,C>Y:2,T>I:2,F>Y:2,S>H:2,S>Y:1,S>A:1,T>L:1,F>T:1,S>N:1,F>I:1,F>S:1	S:156,T:50,L:17,F:13,C:10,Y:7,I:3,H:2,N:1,A:1
114	S	P	2	0	4.376e-01	0.4874350	S>T:6,S>A:3,S>L:2,S>P:2,T>S:1,S>M:1	S:242,T:10,A:3,P:2,L:2,M:1
211	Q	H	4	0	4.390e-01	0.4884159	Q>P:7,Q>K:6,Q>H:4,Q>E:4,Q>T:2,E>K:2,Q>M:1,H>Y:1,Q>N:1	Q:221,K:13,P:8,E:7,H:6,T:2,N:1,M:1,Y:1
143	M	L	3	4	4.397e-01	0.4889263	V>I:17,L>M:4,L>V:4,M>L:3,I>V:2,L>I:2,V>L:2,M>I:1	L:159,V:63,I:24,M:13,Q:1
532	N	D	7	1	4.409e-01	0.4899383	N>D:7,N>S:2,D>N:1	N:246,D:11,S:2,-:1
584	A	V	3	1	4.434e-01	0.4923212	A>M:23,A>T:11,A>V:3,A>C:1,M>A:1,M>T:1,M>I:1,M>L:1,V>I:1,V>A:1,A>L:1	A:198,M:39,T:12,V:4,L:3,C:2,I:2
331	Q	H	4	0	4.440e-01	0.4927276	Q>H:4,Q>E:2	Q:218,E:37,H:5
131	A	T	5	0	4.447e-01	0.4931335	A>T:5,A>S:2	A:252,T:5,S:2,V:1
578	A	T	5	0	4.453e-01	0.4934721	A>T:5,A>S:2,A>G:2	A:245,T:10,S:3,G:2
572	M	V	4	0	4.497e-01	0.4980491	L>M:12,M>I:11,M>L:10,M>T:4,M>V:4,L>F:4,M>A:2,L>V:2,L>A:2,I>F:1,M>F:1,L>S:1,L>I:1,M>S:1	M:134,L:87,I:15,F:8,V:6,A:4,T:4,S:2
279	Q	E	2	0	4.559e-01	0.5045879	Q>P:12,P>Q:4,K>N:3,Q>H:3,Q>K:2,P>H:2,Q>E:2,P>A:1,Q>S:1,K>Q:1,N>T:1,Q>N:1	Q:167,P:60,K:17,H:5,E:4,N:4,T:1,S:1,A:1
181	I	V	10	28	4.604e-01	0.5088121	V>I:28,I>V:10,I>M:2,V>A:1	I:171,V:85,M:2,A:1,L:1
331	Q	E	2	0	4.602e-01	0.5088121	Q>H:4,Q>E:2	Q:218,E:37,H:5
279	Q	K	2	1	4.613e-01	0.5094720	Q>P:12,P>Q:4,K>N:3,Q>H:3,Q>K:2,P>H:2,Q>E:2,P>A:1,Q>S:1,K>Q:1,N>T:1,Q>N:1	Q:167,P:60,K:17,H:5,E:4,N:4,T:1,S:1,A:1
225	I	V	10	0	4.639e-01	0.5120604	I>V:10,I>L:1	I:247,V:11,L:2
288	L	M	3	0	4.644e-01	0.5122186	L>M:3	L:257,M:3
436	L	M	3	0	4.657e-01	0.5133732	L>I:11,V>M:10,V>I:9,L>V:5,L>M:3,L>T:2,L>F:2,L>S:2,V>T:2,I>L:1,I>M:1,I>S:1,S>T:1	L:148,V:53,I:28,M:14,T:7,S:7,F:2,Y:1
92	L	M	3	5	4.689e-01	0.5164741	M>T:21,M>L:5,M>V:4,T>M:4,L>M:3,L>T:1,T>V:1,M>I:1	T:141,M:92,L:20,V:5,I:1,F:1
329	L	M	3	0	4.692e-01	0.5164741	L>M:3,L>S:2,L>Q:1	L:253,M:3,S:2,Q:2
117	H	N	2	0	4.722e-01	0.5195135	Y>H:39,H>Y:15,Y>F:5,F>L:3,H>F:3,S>L:2,H>L:2,H>N:2,H>S:1,Y>L:1,N>S:1,Q>Y:1,H>Q:1	Y:128,H:94,F:14,L:9,Q:7,S:4,N:3,K:1
77	N	S	3	0	4.759e-01	0.5228650	N>T:8,N>S:3,N>G:3,N>D:2,N>H:1	N:235,T:14,G:4,S:3,D:2,H:2
298	T	M	3	0	4.758e-01	0.5228650	T>I:7,T>M:3,I>T:2,T>V:2,T>A:2,M>L:1	T:237,I:13,M:4,A:2,V:2,L:1,S:1
83	S	N	3	0	4.769e-01	0.5232647	S>N:3,S>T:3,S>D:2,T>S:1,S>G:1	S:244,T:10,N:3,D:2,G:1
134	T	M	3	2	4.767e-01	0.5232647	T>I:12,I>T:8,T>L:4,I>L:4,T>M:3,T>A:2,M>T:2,I>V:2,T>V:1,M>I:1,M>L:1,I>M:1,T>S:1	I:126,T:104,L:18,M:6,V:3,A:2,S:1
280	T	M	3	0	4.785e-01	0.5247033	T>I:5,T>A:4,T>N:4,T>M:3,T>L:3,T>S:2,T>V:2,T>Y:1,L>F:1,N>Y:1,T>P:1	T:233,I:5,N:4,A:4,M:3,L:3,Y:2,S:2,V:2,P:1,F:1
46	T	M	3	0	4.789e-01	0.5247200	T>A:28,T>I:13,T>S:3,T>M:3,S>L:1,A>T:1,M>L:1,S>Y:1,T>V:1	T:190,A:36,I:15,S:7,L:6,M:4,V:1,Y:1
229	T	M	3	0	4.806e-01	0.5263208	T>A:29,A>T:4,T>M:3	T:204,A:52,M:4
555	N	H	2	0	4.813e-01	0.5267321	N>S:16,N>T:7,G>A:6,N>K:4,G>S:4,T>S:3,S>T:3,T>A:2,T>I:2,S>N:2,N>H:2,G>M:2,G>N:2,K>N:1,S>K:1,T>Y:1,N>A:1,G>K:1,G>R:1,G>W:1,N>G:1	G:95,S:53,N:48,T:24,K:17,A:10,H:5,I:3,M:2,Y:1,W:1,R:1
95	P	S	2	0	4.822e-01	0.5273078	P>S:2	P:258,S:2
273	P	S	2	0	4.830e-01	0.5278497	P>H:5,P>S:2,P>T:1,P>Y:1,P>D:1	P:248,H:5,S:2,Y:2,D:1,T:1,N:1
524	P	S	2	1	4.838e-01	0.5284238	Q>H:10,Q>K:8,L>M:5,H>Y:3,Q>R:3,K>T:3,L>S:3,M>K:3,P>S:2,P>H:2,H>P:2,Q>L:2,Q>P:2,L>R:2,M>R:2,S>R:2,K>M:2,K>N:2,P>L:1,Y>H:1,S>Y:1,S>L:1,S>A:1,S>P:1,P>A:1,H>N:1,P>T:1,H>R:1,Q>S:1,Q>T:1,L>K:1,L>W:1,L>I:1,M>Y:1,L>P:1,S>M:1,L>Y:1,M>L:1,K>I:1,K>L:1,K>P:1,P>Q:1	L:87,Q:43,H:34,K:25,P:17,M:13,R:10,S:9,Y:7,T:5,N:3,-:2,I:2,A:2,W:1
551	K	Q	2	0	4.855e-01	0.5298525	N>K:23,N>T:13,N>S:11,N>G:6,N>A:6,N>I:5,N>H:4,K>N:4,K>S:3,T>A:3,N>Y:3,K>Q:2,S>T:2,H>Y:2,M>T:1,K>M:1,N>D:1,S>G:1,N>E:1,T>I:1,T>M:1,S>L:1,G>S:1,T>N:1,N>Q:1,S>A:1,G>A:1	N:99,K:63,T:28,S:17,I:13,A:12,G:8,Y:5,H:5,Q:4,M:2,D:1,E:1,L:1,-:1
451	I	T	2	0	4.862e-01	0.5299118	M>I:22,M>V:17,M>T:7,I>M:3,I>T:2,V>I:2,I>V:2,M>A:1	M:155,I:70,V:21,T:12,A:2
514	N	K	2	4	4.860e-01	0.5299118	N>S:14,N>T:8,K>N:4,K>S:3,N>K:2,K>T:2,N>D:1,N>H:1,T>S:1,T>N:1,T>A:1	K:125,N:87,T:25,S:20,D:1,H:1,A:1
80	I	T	2	0	4.884e-01	0.5319603	I>V:2,I>T:2,I>M:1	I:255,V:2,T:2,M:1
470	I	T	2	0	4.890e-01	0.5323330	I>V:2,I>T:2,I>M:1	I:254,V:2,T:2,M:2
389	M	T	3	0	4.903e-01	0.5331425	M>T:3,M>I:2,M>A:1,M>L:1	M:250,I:4,T:3,A:1,L:1,S:1
398	Y	F	3	0	4.904e-01	0.5331425	Y>F:3	Y:250,F:10
195	S	A	2	0	4.913e-01	0.5337429	S>T:15,S>I:6,S>L:6,S>Y:6,S>C:4,S>A:2,Y>C:2,S>M:1,L>M:1,Y>F:1,S>F:1,T>I:1	S:198,T:17,Y:16,I:10,C:7,L:6,A:2,F:2,M:2
59	I	T	2	1	4.928e-01	0.5350951	M>I:15,I>L:11,M>L:9,I>M:7,M>T:3,I>A:3,I>V:3,I>T:2,M>F:1,I>S:1,M>V:1,M>A:1,T>I:1	I:138,M:78,L:27,T:7,V:4,A:4,F:1,S:1
10	T	I	2	3	4.933e-01	0.5352030	T>S:7,T>A:5,T>V:5,T>L:3,I>T:3,I>S:3,T>I:2,S>T:1,L>T:1,V>I:1,I>V:1,I>M:1	T:212,S:18,I:12,V:8,A:5,L:4,M:1
452	N	D	6	0	4.945e-01	0.5358428	N>D:6	N:253,D:6,S:1
90	S	A	2	0	4.943e-01	0.5358428	S>T:3,S>A:2	S:252,T:6,A:2
353	S	A	2	0	4.957e-01	0.5367984	S>T:7,T>A:3,S>A:2,S>L:1,A>T:1	S:229,T:14,L:10,A:7
39	T	A	4	0	4.982e-01	0.5390972	T>I:31,I>T:14,T>S:13,T>A:4,T>L:3,S>L:2,S>H:2,T>N:2,S>T:1,T>M:1,I>L:1,T>H:1,I>S:1,I>V:1	T:162,I:60,S:20,L:7,A:4,H:3,N:2,V:1,M:1
280	T	A	4	0	4.985e-01	0.5390972	T>I:5,T>A:4,T>N:4,T>M:3,T>L:3,T>S:2,T>V:2,T>Y:1,L>F:1,N>Y:1,T>P:1	T:233,I:5,N:4,A:4,M:3,L:3,Y:2,S:2,V:2,P:1,F:1
503	I	V	9	8	4.994e-01	0.5397883	I>T:18,A>I:10,I>V:9,V>I:8,I>A:7,A>V:7,T>A:6,I>L:6,V>L:6,I>M:4,V>A:4,I>F:2,T>I:2,T>L:2,T>S:1,A>T:1,M>A:1,T>M:1,L>S:1,A>L:1	I:89,A:77,V:30,T:27,L:20,M:13,S:2,F:2
523	T	A	4	0	5.006e-01	0.5406413	T>I:15,I>L:9,T>S:7,T>A:4,I>M:3,I>T:3,I>F:2,T>N:1,S>Y:1,I>V:1,T>M:1	T:116,I:110,L:12,S:7,M:5,A:4,F:2,V:1,-:1,N:1,Y:1
558	K	E	2	0	5.016e-01	0.5413955	N>K:11,K>N:6,K>E:2,N>T:2,K>T:1,K>Q:1	K:142,N:111,E:3,T:3,Q:1
67	T	A	4	0	5.021e-01	0.5415962	T>I:35,T>V:7,T>S:6,I>T:6,I>V:5,T>A:4,T>Y:1,I>S:1,I>L:1,T>N:1	T:162,I:61,V:16,S:10,L:5,A:4,Y:1,N:1
429	T	A	4	0	5.026e-01	0.5417640	V>I:14,T>A:4,T>I:1,V>A:1,T>V:1	T:140,V:99,I:15,A:5,L:1
530	Y	H	6	1	5.109e-01	0.5499186	F>L:15,Y>L:10,L>F:8,Y>H:6,Y>F:5,Y>P:4,F>Y:4,F>M:3,H>P:2,Y>I:2,L>P:2,L>A:2,Y>N:1,Y>C:1,Y>T:1,H>Y:1,L>M:1,L>I:1,S>P:1,Y>S:1,Y>W:1,F>T:1,F>S:1,F>V:1	F:85,L:76,Y:61,P:9,M:8,H:7,I:3,T:2,S:2,A:2,W:2,N:1,V:1,C:1
131	A	S	2	0	5.109e-01	0.5499186	A>T:5,A>S:2	A:252,T:5,S:2,V:1
297	A	S	2	0	5.111e-01	0.5499186	A>S:2	A:258,S:2
578	A	S	2	0	5.125e-01	0.5510203	A>T:5,A>S:2,A>G:2	A:245,T:10,S:3,G:2
47	A	S	2	12	5.138e-01	0.5520883	S>A:12,A>S:2	A:137,S:123
243	A	S	2	0	5.156e-01	0.5536079	A>S:2,A>N:1	A:256,N:2,S:2
138	A	T	4	0	5.198e-01	0.5578422	A>T:4,A>S:4	A:222,S:32,T:6
566	L	F	2	0	5.214e-01	0.5587953	L>S:5,L>H:4,L>F:2,L>Q:2,L>Y:2,L>M:1	L:233,M:10,S:5,H:4,Q:4,F:2,Y:2
17	L	F	2	0	5.212e-01	0.5587953	L>M:10,L>F:2,M>T:1,L>I:1,L>V:1	L:240,M:15,F:2,T:1,V:1,I:1
6	L	F	2	0	5.217e-01	0.5587953	L>M:7,L>Q:2,L>F:2,L>P:1	L:242,M:10,F:3,-:2,Q:2,P:1
604	A	T	4	0	5.223e-01	0.5590154	A>T:4,A>I:2,A>V:1	A:252,T:4,I:3,V:1
279	Q	H	3	0	5.306e-01	0.5594572	Q>P:12,P>Q:4,K>N:3,Q>H:3,Q>K:2,P>H:2,Q>E:2,P>A:1,Q>S:1,K>Q:1,N>T:1,Q>N:1	Q:167,P:60,K:17,H:5,E:4,N:4,T:1,S:1,A:1
540	F	Y	3	0	5.316e-01	0.5594572	F>Y:3	F:256,Y:4
534	S	T	2	0	5.249e-01	0.5594572	S>T:2,S>A:1	S:257,T:2,A:1
29	L	F	2	0	5.265e-01	0.5594572	L>I:7,L>M:6,L>V:4,L>F:2,L>A:2,M>I:1,M>T:1,V>M:1	L:231,I:8,M:7,V:5,-:4,F:2,A:2,T:1
280	T	S	2	0	5.308e-01	0.5594572	T>I:5,T>A:4,T>N:4,T>M:3,T>L:3,T>S:2,T>V:2,T>Y:1,L>F:1,N>Y:1,T>P:1	T:233,I:5,N:4,A:4,M:3,L:3,Y:2,S:2,V:2,P:1,F:1
181	I	M	2	0	5.321e-01	0.5594572	V>I:28,I>V:10,I>M:2,V>A:1	I:171,V:85,M:2,A:1,L:1
459	T	S	2	0	5.295e-01	0.5594572	T>I:26,I>T:12,T>M:7,T>L:4,T>S:2,L>I:2,S>Y:1,S>L:1,I>L:1,T>V:1,I>M:1,I>V:1,L>T:1,M>L:1	T:137,I:61,L:42,M:8,S:7,V:3,Y:2
455	S	T	2	0	5.281e-01	0.5594572	N>D:19,N>S:5,N>H:3,N>T:3,S>N:2,S>M:2,S>T:2,T>A:2,S>H:1,D>N:1,N>Q:1	N:198,D:25,T:14,S:13,H:4,A:3,M:2,Q:1
146	I	M	2	0	5.277e-01	0.5594572	I>V:5,I>M:2,V>I:2	I:242,V:16,M:2
101	T	S	2	0	5.297e-01	0.5594572	T>S:2	T:143,S:116,V:1
492	T	S	2	0	5.315e-01	0.5594572	T>L:12,L>T:11,T>M:8,L>P:6,T>I:5,L>F:3,T>P:3,L>M:3,T>F:2,T>A:2,T>S:2,L>I:2,M>L:1,T>Q:1,L>V:1,M>T:1	L:128,T:89,M:14,P:10,I:7,F:6,S:2,A:2,V:1,Q:1
496	T	S	2	0	5.301e-01	0.5594572	I>M:16,T>I:10,I>V:8,T>M:7,I>L:7,I>T:3,T>S:2,I>A:2,L>F:1,T>L:1,M>I:1,M>L:1,I>F:1	T:121,I:71,M:44,L:10,V:8,F:2,S:2,A:2
324	T	S	2	0	5.298e-01	0.5594572	T>A:16,T>S:2,A>T:1	T:229,A:28,S:3
567	S	T	2	0	5.267e-01	0.5594572	S>A:6,S>F:5,S>Y:3,A>T:2,S>T:2,S>C:1	S:228,F:12,A:11,T:5,Y:3,C:1
153	I	M	2	0	5.252e-01	0.5594572	I>M:2,I>V:2,I>L:1	I:244,M:13,V:2,L:1
436	L	F	2	0	5.241e-01	0.5594572	L>I:11,V>M:10,V>I:9,L>V:5,L>M:3,L>T:2,L>F:2,L>S:2,V>T:2,I>L:1,I>M:1,I>S:1,S>T:1	L:148,V:53,I:28,M:14,T:7,S:7,F:2,Y:1
58	F	L	2	0	5.301e-01	0.5594572	Y>H:16,Y>F:11,F>Y:5,F>L:2,Y>L:2,H>Y:2,H>F:1,F>M:1,F>S:1	F:152,Y:62,H:39,L:5,M:1,S:1
426	F	L	2	0	5.267e-01	0.5594572	F>L:2	F:258,L:2
224	L	F	2	0	5.245e-01	0.5594572	L>F:2	L:257,F:3
219	L	F	2	0	5.318e-01	0.5594572	L>I:3,L>P:3,L>F:2,L>M:1,I>A:1,L>A:1	L:248,I:4,P:3,F:2,A:2,M:1
193	L	F	2	0	5.292e-01	0.5594572	L>M:7,L>F:2,L>S:1	L:244,M:11,F:4,S:1
598	T	S	2	0	5.291e-01	0.5594572	T>A:22,A>S:9,A>T:5,T>S:2,A>P:2,T>M:2,S>P:1	A:130,T:109,S:14,P:4,M:2,X:1
40	I	M	2	0	5.295e-01	0.5594572	I>T:11,I>L:3,I>M:2,I>V:1	I:240,T:12,L:4,M:2,V:1,K:1
435	T	S	2	3	5.304e-01	0.5594572	T>I:18,T>A:7,S>T:3,T>M:2,T>S:2,S>A:2,S>F:1	T:220,I:20,A:9,S:8,M:2,F:1
123	T	S	2	5	5.320e-01	0.5594572	S>F:7,S>L:7,T>I:6,S>Y:5,S>T:5,S>H:4,L>S:2,L>F:2,T>S:2,T>L:1,T>M:1,L>H:1,Y>H:1,Y>N:1,F>S:1,N>H:1,S>N:1,L>T:1	T:131,S:66,F:16,L:15,H:11,I:9,Y:8,N:3,M:1
607	I	M	2	0	5.299e-01	0.5594572	I>T:17,I>A:4,I>L:2,I>M:2	I:229,T:22,A:4,M:3,L:2
188	L	F	2	0	5.237e-01	0.5594572	L>M:11,L>I:3,L>F:2,I>M:1,I>L:1,L>V:1	L:229,M:15,I:11,F:3,V:2
16	T	S	2	0	5.308e-01	0.5594572	T>A:7,T>I:6,T>S:2,T>L:1,M>T:1,T>M:1,T>P:1,T>V:1	T:240,A:7,I:6,S:2,P:2,M:1,V:1,L:1
4	T	S	2	0	5.326e-01	0.5596095	T>A:10,T>I:8,T>P:8,T>M:6,L>Q:5,T>L:4,Q>L:4,P>T:2,T>S:2,L>F:2,L>M:2,L>A:2,L>H:2,T>Y:1,P>H:1,Q>T:1,L>V:1	L:103,T:71,Q:28,P:18,A:12,M:10,I:9,H:3,F:2,S:2,V:1,Y:1
25	I	M	2	1	5.339e-01	0.5603563	L>I:10,I>L:7,L>F:6,I>V:4,I>T:3,I>M:2,L>V:2,F>L:2,M>I:1,L>T:1,I>F:1,I>A:1,L>M:1	L:120,I:111,F:12,V:7,T:5,M:4,A:1
187	I	M	2	0	5.340e-01	0.5603563	I>M:2	I:257,M:2,V:1
544	T	S	2	1	5.355e-01	0.5611960	T>M:24,T>A:17,T>I:12,V>T:8,V>I:6,V>M:6,V>A:4,I>V:4,M>V:3,I>M:3,T>L:2,T>V:2,T>S:2,M>T:2,I>T:2,L>F:1,I>L:1,S>T:1,S>L:1,S>A:1,M>A:1,I>A:1	T:114,M:41,V:34,I:29,A:25,S:8,L:7,F:1,H:1
18	T	S	2	0	5.352e-01	0.5611960	A>T:23,T>A:16,T>M:10,T>I:5,T>L:5,M>T:3,T>V:3,A>V:3,I>L:2,T>S:2,A>M:2,M>L:1,M>I:1,L>M:1,L>V:1,A>I:1,V>T:1,I>T:1,V>I:1,V>L:1,S>F:1,M>V:1	T:112,A:93,M:18,L:14,V:11,I:9,S:2,F:1
471	M	V	3	0	5.397e-01	0.5652292	M>T:30,M>L:13,T>M:12,T>V:5,M>A:4,M>I:3,M>V:3,T>I:2,L>T:2,L>F:1,T>A:1,T>L:1	T:117,M:73,L:49,V:8,I:6,A:6,F:1
500	I	V	8	4	5.406e-01	0.5657143	I>T:15,I>L:11,V>L:9,I>V:8,V>A:8,V>T:5,I>A:4,V>I:4,I>M:3,L>T:2,V>M:2,L>V:1,T>S:1,M>L:1,T>A:1,A>T:1	I:107,V:59,L:45,T:29,A:13,M:5,S:1,N:1
373	M	I	2	0	5.408e-01	0.5657143	M>T:23,M>L:10,T>M:7,T>A:3,M>V:3,T>I:2,M>I:2,L>S:2,I>A:1,T>S:1,T>P:1,M>P:1	M:157,T:55,L:29,I:5,A:5,S:4,V:3,P:2
515	M	I	2	0	5.415e-01	0.5660510	M>L:20,M>T:7,M>V:7,M>A:5,M>I:2,T>A:1,T>S:1,L>F:1,V>M:1,V>A:1,L>S:1	M:187,L:38,T:13,V:8,A:7,S:3,I:2,-:1,F:1
373	M	V	3	0	5.449e-01	0.5688627	M>T:23,M>L:10,T>M:7,T>A:3,M>V:3,T>I:2,M>I:2,L>S:2,I>A:1,T>S:1,T>P:1,M>P:1	M:157,T:55,L:29,I:5,A:5,S:4,V:3,P:2
389	M	I	2	0	5.448e-01	0.5688627	M>T:3,M>I:2,M>A:1,M>L:1	M:250,I:4,T:3,A:1,L:1,S:1
206	S	C	2	0	5.599e-01	0.5841648	S>T:17,S>P:13,F>L:9,S>L:5,P>S:5,S>Q:4,I>T:4,L>P:4,F>S:4,L>I:3,F>T:3,S>A:3,L>V:2,L>T:2,F>H:2,S>C:2,S>Y:2,V>T:1,L>S:1,L>F:1,T>I:1,F>I:1,L>A:1,S>N:1,S>H:1,S>V:1,T>V:1,S>G:1,S>I:1,S>W:1,S>F:1	S:78,F:37,T:32,P:32,L:31,V:13,I:12,Q:6,-:5,A:4,H:3,C:2,Y:2,N:1,G:1,W:1
437	M	L	2	14	5.686e-01	0.5928797	L>M:14,M>L:2,L>F:1,M>T:1,L>Y:1	L:235,M:21,Y:2,T:1,F:1
218	M	L	2	0	5.694e-01	0.5933238	T>I:11,T>M:6,M>I:3,T>L:3,M>L:2,I>T:2,T>V:1,L>I:1,M>T:1	T:195,I:25,L:24,M:15,V:1
103	S	C	2	0	5.711e-01	0.5947718	S>A:3,S>C:2	S:254,A:4,C:2
201	E	D	4	0	5.739e-01	0.5973157	E>D:4,E>A:1,E>Q:1	E:251,D:7,A:1,Q:1
488	M	L	2	0	5.751e-01	0.5982265	M>T:25,M>L:2,T>M:1	M:226,T:31,L:3
19	I	V	7	0	5.788e-01	0.6016109	I>T:23,T>I:21,I>V:7,T>V:6,I>L:2,I>M:1,I>S:1,T>N:1	T:125,I:102,V:19,L:11,S:1,N:1,M:1
474	L	M	2	0	5.832e-01	0.6058678	F>L:10,L>F:3,L>M:2	L:150,F:101,M:9
21	L	M	2	0	5.852e-01	0.6071067	S>L:20,L>I:11,S>F:7,L>F:5,L>S:5,L>T:4,S>I:3,I>T:2,L>M:2,S>T:2,S>C:2,T>S:1,T>M:1,T>A:1,L>A:1,V>I:1,A>V:1,S>A:1,S>M:1,C>S:1	L:125,S:74,I:25,F:12,T:10,C:5,M:4,A:4,V:1
26	L	M	2	0	5.855e-01	0.6071067	F>L:27,L>S:4,L>F:3,L>Y:2,L>M:2,Y>R:1,L>P:1,L>T:1,F>Y:1,F>T:1,L>K:1	L:164,F:78,S:4,Y:3,T:3,P:2,M:2,R:2,K:1,-:1
157	L	M	2	0	5.850e-01	0.6071067	L>M:2	L:257,M:3
407	L	M	2	0	5.880e-01	0.6092883	L>M:2	L:244,M:15,I:1
284	T	A	3	0	5.892e-01	0.6097758	L>T:12,L>I:5,I>T:4,T>L:3,L>S:3,T>A:3,L>F:2,I>L:1,T>I:1,I>A:1,T>M:1,S>T:1,M>T:1,L>M:1,I>V:1	L:192,T:36,I:18,A:6,S:3,F:2,M:2,V:1
7	L	M	2	0	5.891e-01	0.6097758	V>I:16,V>T:9,I>T:5,L>I:3,L>M:2,V>A:2,L>F:1,L>P:1,I>L:1,I>M:1,I>V:1	L:118,V:72,I:46,T:14,M:3,A:3,-:2,P:1,F:1
50	T	A	3	1	5.898e-01	0.6100502	T>I:17,I>T:10,I>V:10,T>V:6,I>L:4,I>M:4,T>L:3,T>A:3,T>M:2,T>S:1,V>A:1,A>I:1,A>T:1	I:156,T:64,V:16,L:11,M:6,A:6,S:1
14	L	M	2	0	5.935e-01	0.6134706	L>I:8,L>F:3,L>T:3,P>L:2,L>M:2,T>I:2,T>A:2,L>A:2,P>T:1,P>S:1,L>P:1,L>S:1,L>V:1	L:224,I:14,T:6,A:4,P:4,F:3,S:2,M:2,V:1
198	N	S	2	0	5.991e-01	0.6189104	N>S:2,N>G:1	N:256,S:2,G:1,L:1
50	T	M	2	0	6.006e-01	0.6192480	T>I:17,I>T:10,I>V:10,T>V:6,I>L:4,I>M:4,T>L:3,T>A:3,T>M:2,T>S:1,V>A:1,A>I:1,A>T:1	I:156,T:64,V:16,L:11,M:6,A:6,S:1
532	N	S	2	0	6.003e-01	0.6192480	N>D:7,N>S:2,D>N:1	N:246,D:11,S:2,-:1
598	T	M	2	0	6.003e-01	0.6192480	T>A:22,A>S:9,A>T:5,T>S:2,A>P:2,T>M:2,S>P:1	A:130,T:109,S:14,P:4,M:2,X:1
455	S	N	2	5	6.031e-01	0.6215030	N>D:19,N>S:5,N>H:3,N>T:3,S>N:2,S>M:2,S>T:2,T>A:2,S>H:1,D>N:1,N>Q:1	N:198,D:25,T:14,S:13,H:4,A:3,M:2,Q:1
189	S	N	2	0	6.036e-01	0.6215517	C>S:5,S>C:4,S>T:3,S>N:2	C:127,S:127,T:3,N:2,A:1
472	A	T	3	0	6.051e-01	0.6216221	A>V:4,A>T:3,A>S:1,A>M:1	A:245,V:7,S:4,T:3,M:1
281	A	T	3	0	6.049e-01	0.6216221	A>V:8,A>I:5,A>T:3	A:243,V:8,I:6,T:3
435	T	M	2	0	6.050e-01	0.6216221	T>I:18,T>A:7,S>T:3,T>M:2,T>S:2,S>A:2,S>F:1	T:220,I:20,A:9,S:8,M:2,F:1
391	T	M	2	0	6.041e-01	0.6216221	T>M:2,T>S:1,T>I:1	T:255,M:3,S:1,I:1
554	N	D	4	0	6.124e-01	0.6286630	N>S:17,S>N:11,S>T:7,S>G:7,N>H:6,N>D:4,N>Y:4,N>T:4,S>K:4,G>S:4,N>K:3,T>A:3,S>A:2,N>E:1,H>Y:1,H>L:1,Y>L:1,S>F:1,N>G:1,T>D:1,T>N:1,K>T:1,G>A:1,N>L:1,N>I:1,S>Y:1	N:97,S:62,T:22,G:20,K:15,H:12,E:8,A:6,Y:6,D:5,L:4,F:1,I:1,Q:1
448	I	V	6	0	6.191e-01	0.6351386	I>T:16,I>L:9,I>V:6,I>M:6,T>I:1,T>M:1,M>I:1,I>N:1,I>F:1,T>S:1,T>A:1,L>V:1,I>S:1,I>A:1	L:123,I:74,T:26,M:13,N:12,V:7,S:2,A:2,F:1
118	I	V	6	1	6.230e-01	0.6387941	I>T:9,I>V:6,I>A:3,I>M:3,V>M:2,I>L:2,V>I:1,I>N:1,I>C:1	I:226,T:10,V:10,M:6,A:4,L:2,N:1,C:1
69	H	Q	2	0	6.239e-01	0.6392951	H>Y:19,L>F:12,H>N:7,Y>H:5,H>C:5,L>I:5,H>Q:2,Y>C:2,H>S:2,H>F:2,F>L:2,Y>S:1,Y>L:1,H>T:1,H>I:1,N>S:1,H>L:1,S>C:1,L>V:1,I>V:1,L>M:1,C>L:1,S>Y:1	L:86,H:67,Y:39,F:21,C:18,N:8,S:7,I:6,Q:3,V:2,T:1,M:1,E:1
559	I	V	6	0	6.259e-01	0.6409683	I>L:9,I>V:6,I>T:4,I>F:3,L>F:2,F>L:1,L>I:1	I:225,L:16,F:9,V:6,T:4
176	V	M	2	0	6.362e-01	0.6510908	V>I:14,V>M:2	V:232,I:19,M:9
527	Q	H	2	0	6.482e-01	0.6630195	Q>R:6,R>Q:5,Q>P:2,Q>H:2,R>K:1	Q:231,R:16,P:10,H:2,K:1
581	Q	H	2	1	6.499e-01	0.6643053	Q>H:2,Q>N:2,H>N:1,H>Q:1	Q:248,H:9,N:3
146	I	V	5	2	6.671e-01	0.6815066	I>V:5,I>M:2,V>I:2	I:242,V:16,M:2
298	T	A	2	0	6.882e-01	0.7025634	T>I:7,T>M:3,I>T:2,T>V:2,T>A:2,M>L:1	T:237,I:13,M:4,A:2,V:2,L:1,S:1
207	Y	H	3	1	6.928e-01	0.7050339	S>P:17,S>T:16,S>F:4,Y>H:3,S>H:3,T>S:3,H>S:2,T>L:2,T>A:2,S>Y:2,S>L:2,Y>N:1,Y>T:1,H>Y:1,H>L:1,H>N:1,H>Q:1,S>Q:1,S>E:1,S>A:1,T>M:1	S:142,T:40,P:18,H:16,Y:14,L:7,-:5,F:5,N:4,Q:4,A:3,M:1,E:1
134	T	A	2	0	6.930e-01	0.7050339	T>I:12,I>T:8,T>L:4,I>L:4,T>M:3,T>A:2,M>T:2,I>V:2,T>V:1,M>I:1,M>L:1,I>M:1,T>S:1	I:126,T:104,L:18,M:6,V:3,A:2,S:1
65	T	A	2	0	6.926e-01	0.7050339	S>N:18,N>S:4,S>C:3,T>A:2,S>T:2,T>I:1,N>G:1,N>H:1,T>S:1	S:202,N:33,T:14,C:4,I:2,G:2,A:2,H:1
494	T	A	2	0	6.932e-01	0.7050339	T>M:5,T>A:2,I>L:2,M>T:1,M>V:1,M>I:1,T>S:1,I>V:1,I>T:1,T>I:1,T>L:1	T:132,I:111,M:8,A:3,L:3,V:2,S:1
492	T	A	2	0	6.922e-01	0.7050339	T>L:12,L>T:11,T>M:8,L>P:6,T>I:5,L>F:3,T>P:3,L>M:3,T>F:2,T>A:2,T>S:2,L>I:2,M>L:1,T>Q:1,L>V:1,M>T:1	L:128,T:89,M:14,P:10,I:7,F:6,S:2,A:2,V:1,Q:1
536	T	A	2	0	6.936e-01	0.7050339	S>T:20,T>S:13,S>A:9,S>N:5,S>L:4,T>M:4,S>M:3,T>A:2,T>N:2,M>A:1,L>M:1,S>F:1	S:148,T:65,M:14,A:13,N:10,L:8,F:1,I:1
535	T	A	2	0	6.914e-01	0.7050339	S>T:12,T>I:9,S>L:8,T>M:7,T>S:7,T>V:6,T>L:5,M>L:4,T>A:2,M>T:1,T>N:1,S>A:1,S>V:1,S>I:1,I>V:1,S>M:1,S>N:1	T:98,S:97,L:22,I:15,M:12,V:10,A:3,N:2,K:1
589	T	A	2	0	6.944e-01	0.7054901	T>A:2,T>I:1,T>S:1	T:254,I:3,A:2,S:1
539	Y	H	3	0	6.983e-01	0.7090056	Y>F:9,Y>H:3	Y:244,F:12,H:3,S:1
100	V	I	4	0	7.106e-01	0.7210486	V>I:4	V:256,I:4
96	I	V	4	0	7.203e-01	0.7304181	I>V:4,I>T:1	I:255,V:4,T:1
609	I	V	4	0	7.211e-01	0.7307660	I>L:15,I>M:6,I>T:5,I>V:4,M>V:1,T>A:1,M>I:1,T>M:1,M>T:1,M>L:1	I:196,L:30,V:12,T:11,M:10,A:1
493	I	V	4	2	7.224e-01	0.7314109	S>Y:14,L>I:13,I>T:7,L>T:6,Y>S:6,L>S:5,I>V:4,I>L:4,L>P:4,S>T:4,S>P:4,S>Q:3,L>H:2,Y>H:2,S>F:2,V>I:2,Y>L:1,L>Y:1,L>A:1,L>F:1,T>S:1,L>M:1,S>H:1,F>L:1,F>Y:1,S>L:1,V>A:1,V>T:1,L>V:1	S:79,L:48,I:44,Y:34,T:19,P:12,H:8,V:7,F:3,Q:3,A:2,M:1
25	I	V	4	0	7.230e-01	0.7314109	L>I:10,I>L:7,L>F:6,I>V:4,I>T:3,I>M:2,L>V:2,F>L:2,M>I:1,L>T:1,I>F:1,I>A:1,L>M:1	L:120,I:111,F:12,V:7,T:5,M:4,A:1
66	I	V	4	0	7.226e-01	0.7314109	I>V:4,I>L:3,L>Q:2,L>I:2,L>P:1,L>V:1,I>A:1,I>T:1	I:139,L:110,V:5,Q:2,T:2,A:1,P:1
579	D	E	2	1	7.356e-01	0.7436400	N>S:22,D>N:21,N>H:6,T>S:4,T>A:4,D>H:3,N>K:3,N>D:3,N>T:3,T>N:3,D>E:2,E>D:1,A>T:1,D>A:1,D>K:1,T>L:1,H>Q:1,S>F:1,T>I:1,D>T:1	N:109,D:72,S:30,T:19,H:10,E:7,A:5,K:4,L:1,Q:1,F:1,I:1
528	N	D	2	0	7.754e-01	0.7834112	N>T:18,N>S:14,T>G:5,N>G:4,T>S:3,T>N:3,N>D:2,T>A:2,S>G:1,N>H:1,N>K:1,T>I:1	N:154,T:60,S:21,G:18,A:2,D:2,H:1,K:1,I:1
77	N	D	2	0	7.779e-01	0.7854602	N>T:8,N>S:3,N>G:3,N>D:2,N>H:1	N:235,T:14,G:4,S:3,D:2,H:2
480	I	V	3	0	7.788e-01	0.7859556	I>T:13,I>M:8,I>L:4,I>V:3,I>S:1,M>L:1,M>T:1,M>V:1	I:220,T:14,M:13,L:8,V:4,S:1
499	I	V	3	0	7.795e-01	0.7860857	I>L:20,I>M:8,L>M:5,I>V:3,M>L:3,L>I:2,M>T:1,I>T:1,I>A:1	I:150,L:86,M:18,V:3,T:2,A:1
24	I	V	3	0	7.804e-01	0.7865194	I>L:19,I>T:11,I>M:10,I>V:3,M>T:3,T>I:3,T>A:2,M>I:1,T>M:1	I:177,T:32,M:24,L:22,V:3,A:2
445	I	V	3	0	7.816e-01	0.7870819	T>M:16,T>I:13,M>T:9,M>I:7,I>T:4,T>S:4,I>V:3,T>L:2,L>S:2,L>M:2,M>S:1,T>V:1,M>L:1	I:157,T:56,M:30,S:7,V:5,L:5
517	H	Y	2	0	7.819e-01	0.7870819	H>Q:8,H>N:5,H>Y:2,H>L:2,Q>H:2,H>P:1,N>T:1,H>R:1,H>K:1,Q>R:1,Q>K:1	H:122,Q:120,N:7,Y:2,K:2,L:2,R:2,T:1,P:1,-:1
59	I	V	3	0	7.847e-01	0.7894547	M>I:15,I>L:11,M>L:9,I>M:7,M>T:3,I>A:3,I>V:3,I>T:2,M>F:1,I>S:1,M>V:1,M>A:1,T>I:1	I:138,M:78,L:27,T:7,V:4,A:4,F:1,S:1
610	I	V	2	0	8.359e-01	0.8404292	I>M:16,I>L:10,I>T:9,I>A:5,M>L:3,T>M:2,T>A:2,I>F:2,I>V:2,L>I:1,L>M:1,M>T:1,T>V:1	I:148,M:32,-:27,L:23,T:15,A:10,V:3,F:2
438	V	I	2	0	8.416e-01	0.8456438	V>T:3,V>I:2	V:255,T:3,I:2
470	I	V	2	0	8.441e-01	0.8471312	I>V:2,I>T:2,I>M:1	I:254,V:2,T:2,M:2
153	I	V	2	0	8.439e-01	0.8471312	I>M:2,I>V:2,I>L:1	I:244,M:13,V:2,L:1
364	I	V	2	0	8.459e-01	0.8479805	I>V:2	I:258,V:2
451	I	V	2	2	8.459e-01	0.8479805	M>I:22,M>V:17,M>T:7,I>M:3,I>T:2,V>I:2,I>V:2,M>A:1	M:155,I:70,V:21,T:12,A:2
80	I	V	2	0	8.482e-01	0.8488291	I>V:2,I>T:2,I>M:1	I:255,V:2,T:2,M:1
269	I	V	2	0	8.486e-01	0.8488291	I>V:2,I>L:1	I:257,V:2,L:1
202	I	V	2	0	8.488e-01	0.8488291	I>M:22,I>L:14,M>L:3,I>V:2	I:195,M:41,L:20,V:4
57	I	V	2	0	8.475e-01	0.8488291	L>I:13,I>T:6,I>M:6,L>M:4,T>A:3,L>T:2,I>L:2,I>V:2,I>F:1,L>V:1	I:139,L:86,T:16,M:11,A:3,V:3,F:1,Y:1
