Site	Parent	Child	Recurrence	Reversion	P-Value	Adjusted P-Value	AllSiteSubs	SiteComposition
123	E	G	49	5	8.361e-05	0.0011627	E>G:49,E>D:17,G>E:5,E>K:3,G>D:2,D>E:1,E>S:1,E>N:1	E:123,G:105,D:24,K:3,-:3,S:1,N:1
134	S	G	28	4	8.361e-05	0.0011627	S>G:28,N>S:21,S>N:9,C>S:5,G>S:4,N>G:2,S>C:2,C>W:1,C>Y:1,G>E:1,S>V:1,S>A:1,N>C:1,G>D:1,S>D:1	S:114,N:79,G:46,C:11,D:2,A:2,W:2,E:1,V:1,X:1,Y:1
39	A	G	25	2	8.361e-05	0.0011627	A>G:25,A>S:2,G>A:2,A>T:1	A:196,G:61,S:2,T:1
155	V	A	24	20	8.361e-05	0.0011627	V>A:24,A>V:20,V>G:3,A>S:2,V>M:1,A>G:1	V:138,A:111,S:5,G:4,M:1,W:1
139	S	L	21	1	8.361e-05	0.0011627	S>L:21,S>F:15,S>V:5,S>A:5,S>W:4,F>L:3,A>V:3,V>M:2,S>P:2,S>Y:2,S>T:2,V>I:1,T>V:1,V>T:1,V>L:1,F>S:1,L>V:1,L>S:1,S>M:1,L>T:1,L>F:1	S:140,L:39,F:29,V:16,W:14,T:6,A:5,M:3,P:3,Y:2,I:1,-:1,D:1
38	L	V	21	13	8.361e-05	0.0011627	L>V:21,V>L:13,V>M:9,L>M:3,L>F:2,V>I:2,L>I:1,V>A:1	L:120,V:117,M:13,F:6,I:3,A:1
134	N	S	21	9	8.361e-05	0.0011627	S>G:28,N>S:21,S>N:9,C>S:5,G>S:4,N>G:2,S>C:2,C>W:1,C>Y:1,G>E:1,S>V:1,S>A:1,N>C:1,G>D:1,S>D:1	S:114,N:79,G:46,C:11,D:2,A:2,W:2,E:1,V:1,X:1,Y:1
12	V	L	20	10	8.361e-05	0.0011627	V>L:20,I>V:14,L>V:10,V>M:7,V>I:6,V>F:6,V>A:5,V>G:4,L>F:3,L>M:3,L>I:2,I>L:2,V>S:1,F>L:1,M>V:1,M>A:1,M>L:1,L>G:1,L>A:1,I>T:1	L:103,V:95,I:23,F:12,M:11,A:7,G:6,S:1,T:1,-:1
145	S	G	20	1	8.361e-05	0.0011627	S>G:20,S>D:6,S>V:4,S>N:3,D>E:3,S>E:2,S>T:2,G>D:2,N>S:1,V>S:1,G>E:1,S>C:1,G>N:1,G>S:1,D>N:1	S:199,G:28,D:11,N:7,E:6,V:5,T:2,C:1,L:1
89	A	G	20	3	8.361e-05	0.0011627	A>G:20,A>V:13,G>D:5,A>T:5,G>A:3,G>S:2,G>M:2,A>S:2,A>F:2,G>V:2,G>E:1,G>N:1,V>G:1,A>L:1	G:185,A:31,V:20,T:6,D:6,S:5,M:2,F:2,L:1,N:1,E:1
90	D	S	18	0	8.361e-05	0.0011627	D>S:18,D>N:6,N>S:1,D>E:1,D>G:1,S>N:1	D:195,S:38,E:12,N:10,G:5
105	V	A	18	1	8.361e-05	0.0011627	V>A:18,V>G:17,V>I:17,V>M:15,M>V:7,F>L:5,V>L:4,L>V:2,G>V:2,M>G:2,M>L:2,C>V:1,C>W:1,C>Y:1,F>C:1,A>G:1,A>V:1,V>W:1,V>T:1,L>F:1,I>V:1,F>V:1	V:119,G:28,M:27,A:25,L:23,I:17,F:12,C:4,W:2,T:1,Y:1,-:1
105	V	G	17	2	8.361e-05	0.0011627	V>A:18,V>G:17,V>I:17,V>M:15,M>V:7,F>L:5,V>L:4,L>V:2,G>V:2,M>G:2,M>L:2,C>V:1,C>W:1,C>Y:1,F>C:1,A>G:1,A>V:1,V>W:1,V>T:1,L>F:1,I>V:1,F>V:1	V:119,G:28,M:27,A:25,L:23,I:17,F:12,C:4,W:2,T:1,Y:1,-:1
91	W	L	16	0	8.361e-05	0.0011627	W>L:16,W>R:6,L>V:1,W>P:1,W>F:1	W:228,L:21,R:7,V:1,F:1,P:1,S:1
92	R	G	16	1	8.361e-05	0.0011627	R>G:16,R>Q:7,R>H:5,R>W:2,G>S:2,P>S:1,R>P:1,R>Y:1,R>K:1,H>Y:1,G>N:1,G>R:1	R:134,G:93,P:11,Q:7,H:5,S:3,Y:2,W:2,K:2,N:1
142	L	S	15	14	8.361e-05	0.0011627	L>S:15,S>L:14,L>M:6,L>V:6,S>T:5,L>T:2,M>A:1,M>V:1,M>L:1,L>F:1,L>H:1,L>Q:1,S>V:1,V>M:1,A>V:1,S>A:1,T>M:1,L>A:1	L:169,S:48,M:17,V:10,T:9,A:3,Q:1,H:1,F:1,N:1
135	G	V	14	2	8.361e-05	0.0011627	G>V:14,G>E:14,G>A:14,A>V:9,G>S:8,A>T:4,A>G:4,G>D:2,V>G:2,S>G:2,E>G:1,G>I:1,V>M:1,A>S:1,A>E:1,G>T:1,E>H:1	G:157,V:38,A:22,E:18,S:12,T:6,M:2,D:2,H:1,I:1,W:1
124	C	G	14	0	8.361e-05	0.0011627	C>G:14,C>Y:9,V>L:7,V>G:6,C>S:6,S>F:5,L>F:4,C>W:4,C>V:4,S>V:4,L>V:4,G>E:3,F>Y:3,V>S:2,S>G:2,C>F:2,C>E:2,G>D:2,S>L:2,S>C:2,F>L:2,V>I:2,V>C:2,Y>F:2,M>E:1,L>M:1,S>A:1,C>R:1,C>D:1,C>H:1,C>A:1,L>T:1,V>M:1,L>A:1,L>I:1,S>W:1,F>S:1,F>V:1,V>F:1,V>P:1,V>D:1,V>Y:1,C>L:1,S>N:1,S>P:1	G:45,C:44,V:40,L:38,S:27,F:23,Y:13,E:6,W:5,D:4,A:3,I:3,M:2,P:2,R:1,H:1,T:1,N:1,X:1
142	S	L	14	15	8.361e-05	0.0011627	L>S:15,S>L:14,L>M:6,L>V:6,S>T:5,L>T:2,M>A:1,M>V:1,M>L:1,L>F:1,L>H:1,L>Q:1,S>V:1,V>M:1,A>V:1,S>A:1,T>M:1,L>A:1	L:169,S:48,M:17,V:10,T:9,A:3,Q:1,H:1,F:1,N:1
125	W	L	13	1	8.361e-05	0.0011627	W>L:13,L>V:4,S>F:4,T>V:4,G>E:3,L>S:3,T>S:3,W>G:2,S>T:2,Q>W:2,G>S:1,L>W:1,W>Y:1,W>M:1,G>K:1,V>I:1,G>V:1,L>M:1,S>L:1,S>G:1,F>S:1,F>V:1,F>I:1,F>L:1,F>Y:1,F>P:1,S>D:1,S>V:1,S>Y:1,T>I:1,V>A:1,T>M:1,W>T:1,Q>R:1,E>G:1,Q>E:1,W>Q:1	W:94,L:82,S:16,V:15,G:14,F:9,T:5,Q:5,E:4,Y:3,M:3,I:3,-:2,D:1,R:1,K:1,A:1,P:1
114	F	V	12	1	8.361e-05	0.0011627	F>L:20,F>V:12,V>A:7,L>V:5,L>F:4,F>P:3,V>G:3,A>V:3,F>G:2,A>G:2,F>A:2,V>M:2,L>G:2,S>F:2,F>S:2,L>A:2,F>C:1,F>M:1,V>F:1,F>I:1,L>I:1,L>D:1,G>S:1,G>D:1,L>W:1,M>V:1,G>E:1,V>L:1,G>V:1,S>D:1,S>P:1,L>P:1,L>M:1	F:68,V:67,L:50,G:19,A:15,-:8,M:8,S:6,W:5,P:5,D:3,I:2,C:1,E:1,X:1,Y:1
111	V	L	12	1	8.361e-05	0.0011627	V>M:18,M>V:14,V>I:12,V>L:12,V>A:5,M>L:4,V>F:4,V>G:3,F>L:2,L>A:1,F>W:1,L>W:1,V>C:1,L>I:1,V>S:1,L>V:1,T>V:1,M>T:1,I>V:1,I>G:1	V:146,L:34,M:32,I:20,F:10,A:6,G:4,W:3,T:2,C:1,S:1,-:1
34	V	L	11	1	8.361e-05	0.0011627	V>L:11,V>I:11,V>M:11,L>M:3,I>V:1,L>V:1	V:192,L:40,M:17,I:11
126	K	G	11	0	8.361e-05	0.0011627	K>G:11,V>A:8,M>V:8,K>E:6,V>G:4,L>F:3,K>N:3,V>L:2,L>V:2,M>I:2,M>A:2,M>L:2,L>S:2,W>L:2,G>E:1,K>V:1,K>D:1,K>Q:1,N>G:1,N>D:1,G>S:1,A>G:1,V>M:1,M>S:1,L>M:1,L>P:1,W>G:1,K>W:1	K:72,V:69,G:31,L:17,W:16,M:14,A:11,E:7,N:7,S:7,F:3,D:2,I:2,P:1,Q:1
138	S	L	11	10	8.361e-05	0.0011627	S>L:11,F>L:10,L>S:10,F>S:7,F>V:5,S>A:5,V>M:4,F>C:4,S>F:3,L>M:3,F>A:2,L>V:2,V>A:1,V>G:1,F>T:1,F>G:1,G>S:1,S>G:1,F>W:1,F>I:1,V>F:1	F:72,S:72,L:56,V:25,A:11,M:10,G:5,C:4,T:1,X:1,W:1,I:1,D:1
127	E	G	11	7	8.361e-05	0.0011627	F>L:16,E>G:11,D>G:9,G>E:7,D>E:6,V>I:5,F>V:5,D>S:4,V>F:3,L>F:3,G>D:3,W>G:2,L>W:2,V>A:2,I>V:2,L>P:2,L>V:2,F>Y:2,F>G:2,E>D:2,D>V:2,G>V:2,W>Q:1,W>V:1,V>G:1,F>W:1,L>S:1,L>I:1,I>M:1,A>T:1,G>A:1,D>A:1,G>S:1,V>L:1	F:52,G:46,D:36,V:33,L:31,E:22,W:10,I:7,S:7,A:4,P:4,Q:2,Y:2,M:1,-:1,T:1,C:1
138	L	S	10	11	8.361e-05	0.0011627	S>L:11,F>L:10,L>S:10,F>S:7,F>V:5,S>A:5,V>M:4,F>C:4,S>F:3,L>M:3,F>A:2,L>V:2,V>A:1,V>G:1,F>T:1,F>G:1,G>S:1,S>G:1,F>W:1,F>I:1,V>F:1	F:72,S:72,L:56,V:25,A:11,M:10,G:5,C:4,T:1,X:1,W:1,I:1,D:1
112	G	W	9	0	8.361e-05	0.0011627	G>S:17,G>V:11,G>W:9,G>A:2,S>G:2,G>C:2,G>M:2,M>V:2,G>E:1,G>L:1,G>Y:1,M>L:1,V>I:1,G>F:1	G:192,S:24,V:18,W:12,M:4,C:2,A:2,L:2,E:1,Y:1,F:1,I:1
128	V	G	9	3	8.361e-05	0.0011627	G>E:12,V>G:9,G>W:5,G>A:5,E>V:5,A>V:4,G>S:4,E>G:4,G>V:3,G>M:3,A>G:3,E>D:3,G>D:2,V>A:2,A>S:2,A>T:1,E>S:1,V>N:1,V>D:1,V>E:1,V>L:1,V>S:1	G:154,V:36,E:30,S:10,D:8,A:8,W:6,M:3,T:2,N:1,L:1,F:1
127	D	G	9	3	8.361e-05	0.0011627	F>L:16,E>G:11,D>G:9,G>E:7,D>E:6,V>I:5,F>V:5,D>S:4,V>F:3,L>F:3,G>D:3,W>G:2,L>W:2,V>A:2,I>V:2,L>P:2,L>V:2,F>Y:2,F>G:2,E>D:2,D>V:2,G>V:2,W>Q:1,W>V:1,V>G:1,F>W:1,L>S:1,L>I:1,I>M:1,A>T:1,G>A:1,D>A:1,G>S:1,V>L:1	F:52,G:46,D:36,V:33,L:31,E:22,W:10,I:7,S:7,A:4,P:4,Q:2,Y:2,M:1,-:1,T:1,C:1
126	V	A	8	0	8.361e-05	0.0011627	K>G:11,V>A:8,M>V:8,K>E:6,V>G:4,L>F:3,K>N:3,V>L:2,L>V:2,M>I:2,M>A:2,M>L:2,L>S:2,W>L:2,G>E:1,K>V:1,K>D:1,K>Q:1,N>G:1,N>D:1,G>S:1,A>G:1,V>M:1,M>S:1,L>M:1,L>P:1,W>G:1,K>W:1	K:72,V:69,G:31,L:17,W:16,M:14,A:11,E:7,N:7,S:7,F:3,D:2,I:2,P:1,Q:1
127	G	E	7	11	8.361e-05	0.0011627	F>L:16,E>G:11,D>G:9,G>E:7,D>E:6,V>I:5,F>V:5,D>S:4,V>F:3,L>F:3,G>D:3,W>G:2,L>W:2,V>A:2,I>V:2,L>P:2,L>V:2,F>Y:2,F>G:2,E>D:2,D>V:2,G>V:2,W>Q:1,W>V:1,V>G:1,F>W:1,L>S:1,L>I:1,I>M:1,A>T:1,G>A:1,D>A:1,G>S:1,V>L:1	F:52,G:46,D:36,V:33,L:31,E:22,W:10,I:7,S:7,A:4,P:4,Q:2,Y:2,M:1,-:1,T:1,C:1
130	V	S	5	1	8.361e-05	0.0011627	G>S:10,G>D:8,E>G:8,E>D:7,G>E:6,G>N:5,V>S:5,V>I:5,V>T:4,S>N:4,V>E:4,D>G:4,V>L:3,V>G:3,V>N:2,V>M:2,E>A:2,D>N:2,G>C:1,N>S:1,A>S:1,V>A:1,V>F:1,V>Y:1,S>D:1,V>W:1,E>V:1,D>E:1,S>G:1,D>S:1,S>E:1,S>V:1,G>W:1,G>V:1	G:100,V:54,S:26,D:23,E:20,N:14,I:5,T:4,A:4,L:3,W:2,M:2,F:1,C:1,Y:1
128	E	V	5	1	8.361e-05	0.0011627	G>E:12,V>G:9,G>W:5,G>A:5,E>V:5,A>V:4,G>S:4,E>G:4,G>V:3,G>M:3,A>G:3,E>D:3,G>D:2,V>A:2,A>S:2,A>T:1,E>S:1,V>N:1,V>D:1,V>E:1,V>L:1,V>S:1	G:154,V:36,E:30,S:10,D:8,A:8,W:6,M:3,T:2,N:1,L:1,F:1
126	V	G	4	0	8.361e-05	0.0011627	K>G:11,V>A:8,M>V:8,K>E:6,V>G:4,L>F:3,K>N:3,V>L:2,L>V:2,M>I:2,M>A:2,M>L:2,L>S:2,W>L:2,G>E:1,K>V:1,K>D:1,K>Q:1,N>G:1,N>D:1,G>S:1,A>G:1,V>M:1,M>S:1,L>M:1,L>P:1,W>G:1,K>W:1	K:72,V:69,G:31,L:17,W:16,M:14,A:11,E:7,N:7,S:7,F:3,D:2,I:2,P:1,Q:1
127	D	S	4	0	8.361e-05	0.0011627	F>L:16,E>G:11,D>G:9,G>E:7,D>E:6,V>I:5,F>V:5,D>S:4,V>F:3,L>F:3,G>D:3,W>G:2,L>W:2,V>A:2,I>V:2,L>P:2,L>V:2,F>Y:2,F>G:2,E>D:2,D>V:2,G>V:2,W>Q:1,W>V:1,V>G:1,F>W:1,L>S:1,L>I:1,I>M:1,A>T:1,G>A:1,D>A:1,G>S:1,V>L:1	F:52,G:46,D:36,V:33,L:31,E:22,W:10,I:7,S:7,A:4,P:4,Q:2,Y:2,M:1,-:1,T:1,C:1
124	S	V	4	2	8.361e-05	0.0011627	C>G:14,C>Y:9,V>L:7,V>G:6,C>S:6,S>F:5,L>F:4,C>W:4,C>V:4,S>V:4,L>V:4,G>E:3,F>Y:3,V>S:2,S>G:2,C>F:2,C>E:2,G>D:2,S>L:2,S>C:2,F>L:2,V>I:2,V>C:2,Y>F:2,M>E:1,L>M:1,S>A:1,C>R:1,C>D:1,C>H:1,C>A:1,L>T:1,V>M:1,L>A:1,L>I:1,S>W:1,F>S:1,F>V:1,V>F:1,V>P:1,V>D:1,V>Y:1,C>L:1,S>N:1,S>P:1	G:45,C:44,V:40,L:38,S:27,F:23,Y:13,E:6,W:5,D:4,A:3,I:3,M:2,P:2,R:1,H:1,T:1,N:1,X:1
122	F	P	4	1	8.361e-05	0.0011627	F>L:9,F>S:9,V>I:6,V>M:5,V>A:5,S>F:5,M>V:4,V>G:4,F>P:4,F>Y:3,S>L:3,F>V:3,P>L:3,P>S:3,V>L:2,F>Q:2,S>P:2,M>T:1,V>W:1,V>S:1,S>M:1,L>S:1,L>V:1,F>I:1,S>T:1,S>Y:1,F>T:1,P>F:1,P>M:1,P>V:1,S>C:1,L>Y:1,V>F:1	V:82,F:38,L:32,S:32,-:22,M:13,P:11,I:8,A:6,Y:5,G:4,T:3,Q:2,C:1,W:1
114	L	G	2	0	8.361e-05	0.0011627	F>L:20,F>V:12,V>A:7,L>V:5,L>F:4,F>P:3,V>G:3,A>V:3,F>G:2,A>G:2,F>A:2,V>M:2,L>G:2,S>F:2,F>S:2,L>A:2,F>C:1,F>M:1,V>F:1,F>I:1,L>I:1,L>D:1,G>S:1,G>D:1,L>W:1,M>V:1,G>E:1,V>L:1,G>V:1,S>D:1,S>P:1,L>P:1,L>M:1	F:68,V:67,L:50,G:19,A:15,-:8,M:8,S:6,W:5,P:5,D:3,I:2,C:1,E:1,X:1,Y:1
105	M	G	2	0	8.361e-05	0.0011627	V>A:18,V>G:17,V>I:17,V>M:15,M>V:7,F>L:5,V>L:4,L>V:2,G>V:2,M>G:2,M>L:2,C>V:1,C>W:1,C>Y:1,F>C:1,A>G:1,A>V:1,V>W:1,V>T:1,L>F:1,I>V:1,F>V:1	V:119,G:28,M:27,A:25,L:23,I:17,F:12,C:4,W:2,T:1,Y:1,-:1
89	A	F	2	0	8.361e-05	0.0011627	A>G:20,A>V:13,G>D:5,A>T:5,G>A:3,G>S:2,G>M:2,A>S:2,A>F:2,G>V:2,G>E:1,G>N:1,V>G:1,A>L:1	G:185,A:31,V:20,T:6,D:6,S:5,M:2,F:2,L:1,N:1,E:1
127	D	V	2	0	8.361e-05	0.0011627	F>L:16,E>G:11,D>G:9,G>E:7,D>E:6,V>I:5,F>V:5,D>S:4,V>F:3,L>F:3,G>D:3,W>G:2,L>W:2,V>A:2,I>V:2,L>P:2,L>V:2,F>Y:2,F>G:2,E>D:2,D>V:2,G>V:2,W>Q:1,W>V:1,V>G:1,F>W:1,L>S:1,L>I:1,I>M:1,A>T:1,G>A:1,D>A:1,G>S:1,V>L:1	F:52,G:46,D:36,V:33,L:31,E:22,W:10,I:7,S:7,A:4,P:4,Q:2,Y:2,M:1,-:1,T:1,C:1
122	F	Q	2	0	8.361e-05	0.0011627	F>L:9,F>S:9,V>I:6,V>M:5,V>A:5,S>F:5,M>V:4,V>G:4,F>P:4,F>Y:3,S>L:3,F>V:3,P>L:3,P>S:3,V>L:2,F>Q:2,S>P:2,M>T:1,V>W:1,V>S:1,S>M:1,L>S:1,L>V:1,F>I:1,S>T:1,S>Y:1,F>T:1,P>F:1,P>M:1,P>V:1,S>C:1,L>Y:1,V>F:1	V:82,F:38,L:32,S:32,-:22,M:13,P:11,I:8,A:6,Y:5,G:4,T:3,Q:2,C:1,W:1
139	S	F	15	1	1.672e-04	0.0018517	S>L:21,S>F:15,S>V:5,S>A:5,S>W:4,F>L:3,A>V:3,V>M:2,S>P:2,S>Y:2,S>T:2,V>I:1,T>V:1,V>T:1,V>L:1,F>S:1,L>V:1,L>S:1,S>M:1,L>T:1,L>F:1	S:140,L:39,F:29,V:16,W:14,T:6,A:5,M:3,P:3,Y:2,I:1,-:1,D:1
153	C	W	13	9	1.672e-04	0.0018517	W>R:14,C>W:13,C>Y:9,W>C:9,W>L:5,C>H:4,C>S:4,E>D:4,W>Q:3,C>Q:3,H>Y:2,L>S:2,C>E:2,R>W:2,R>S:1,H>R:1,W>F:1,C>L:1,Y>C:1,H>Q:1,D>E:1,E>Y:1,W>E:1,R>Q:1,L>W:1,Q>R:1,W>D:1	W:112,C:40,R:25,E:23,Y:13,L:11,S:11,Q:9,D:9,H:5,-:1,F:1
98	L	V	10	14	1.672e-04	0.0018517	V>A:17,V>L:14,L>F:14,L>V:10,V>M:7,V>G:6,A>V:5,F>L:5,V>I:3,V>F:2,L>I:2,M>L:1,L>S:1,G>A:1	V:98,L:72,F:47,A:22,G:7,M:7,I:5,S:1,C:1
12	L	V	10	20	1.672e-04	0.0018517	V>L:20,I>V:14,L>V:10,V>M:7,V>I:6,V>F:6,V>A:5,V>G:4,L>F:3,L>M:3,L>I:2,I>L:2,V>S:1,F>L:1,M>V:1,M>A:1,M>L:1,L>G:1,L>A:1,I>T:1	L:103,V:95,I:23,F:12,M:11,A:7,G:6,S:1,T:1,-:1
138	F	S	7	3	1.672e-04	0.0018517	S>L:11,F>L:10,L>S:10,F>S:7,F>V:5,S>A:5,V>M:4,F>C:4,S>F:3,L>M:3,F>A:2,L>V:2,V>A:1,V>G:1,F>T:1,F>G:1,G>S:1,S>G:1,F>W:1,F>I:1,V>F:1	F:72,S:72,L:56,V:25,A:11,M:10,G:5,C:4,T:1,X:1,W:1,I:1,D:1
138	F	V	5	1	1.672e-04	0.0018517	S>L:11,F>L:10,L>S:10,F>S:7,F>V:5,S>A:5,V>M:4,F>C:4,S>F:3,L>M:3,F>A:2,L>V:2,V>A:1,V>G:1,F>T:1,F>G:1,G>S:1,S>G:1,F>W:1,F>I:1,V>F:1	F:72,S:72,L:56,V:25,A:11,M:10,G:5,C:4,T:1,X:1,W:1,I:1,D:1
130	V	E	4	1	1.672e-04	0.0018517	G>S:10,G>D:8,E>G:8,E>D:7,G>E:6,G>N:5,V>S:5,V>I:5,V>T:4,S>N:4,V>E:4,D>G:4,V>L:3,V>G:3,V>N:2,V>M:2,E>A:2,D>N:2,G>C:1,N>S:1,A>S:1,V>A:1,V>F:1,V>Y:1,S>D:1,V>W:1,E>V:1,D>E:1,S>G:1,D>S:1,S>E:1,S>V:1,G>W:1,G>V:1	G:100,V:54,S:26,D:23,E:20,N:14,I:5,T:4,A:4,L:3,W:2,M:2,F:1,C:1,Y:1
122	P	L	3	0	1.672e-04	0.0018517	F>L:9,F>S:9,V>I:6,V>M:5,V>A:5,S>F:5,M>V:4,V>G:4,F>P:4,F>Y:3,S>L:3,F>V:3,P>L:3,P>S:3,V>L:2,F>Q:2,S>P:2,M>T:1,V>W:1,V>S:1,S>M:1,L>S:1,L>V:1,F>I:1,S>T:1,S>Y:1,F>T:1,P>F:1,P>M:1,P>V:1,S>C:1,L>Y:1,V>F:1	V:82,F:38,L:32,S:32,-:22,M:13,P:11,I:8,A:6,Y:5,G:4,T:3,Q:2,C:1,W:1
130	V	N	2	0	1.672e-04	0.0018517	G>S:10,G>D:8,E>G:8,E>D:7,G>E:6,G>N:5,V>S:5,V>I:5,V>T:4,S>N:4,V>E:4,D>G:4,V>L:3,V>G:3,V>N:2,V>M:2,E>A:2,D>N:2,G>C:1,N>S:1,A>S:1,V>A:1,V>F:1,V>Y:1,S>D:1,V>W:1,E>V:1,D>E:1,S>G:1,D>S:1,S>E:1,S>V:1,G>W:1,G>V:1	G:100,V:54,S:26,D:23,E:20,N:14,I:5,T:4,A:4,L:3,W:2,M:2,F:1,C:1,Y:1
124	C	E	2	0	1.672e-04	0.0018517	C>G:14,C>Y:9,V>L:7,V>G:6,C>S:6,S>F:5,L>F:4,C>W:4,C>V:4,S>V:4,L>V:4,G>E:3,F>Y:3,V>S:2,S>G:2,C>F:2,C>E:2,G>D:2,S>L:2,S>C:2,F>L:2,V>I:2,V>C:2,Y>F:2,M>E:1,L>M:1,S>A:1,C>R:1,C>D:1,C>H:1,C>A:1,L>T:1,V>M:1,L>A:1,L>I:1,S>W:1,F>S:1,F>V:1,V>F:1,V>P:1,V>D:1,V>Y:1,C>L:1,S>N:1,S>P:1	G:45,C:44,V:40,L:38,S:27,F:23,Y:13,E:6,W:5,D:4,A:3,I:3,M:2,P:2,R:1,H:1,T:1,N:1,X:1
126	W	L	2	0	1.672e-04	0.0018517	K>G:11,V>A:8,M>V:8,K>E:6,V>G:4,L>F:3,K>N:3,V>L:2,L>V:2,M>I:2,M>A:2,M>L:2,L>S:2,W>L:2,G>E:1,K>V:1,K>D:1,K>Q:1,N>G:1,N>D:1,G>S:1,A>G:1,V>M:1,M>S:1,L>M:1,L>P:1,W>G:1,K>W:1	K:72,V:69,G:31,L:17,W:16,M:14,A:11,E:7,N:7,S:7,F:3,D:2,I:2,P:1,Q:1
76	S	A	25	0	2.508e-04	0.0022386	S>A:25,S>V:1,S>C:1	S:209,A:44,C:5,V:1,G:1
100	F	L	19	12	2.508e-04	0.0022386	F>L:19,L>F:12,M>L:5,L>M:3,M>I:3,M>F:1,M>V:1	M:98,L:97,F:60,I:3,V:1,A:1
153	W	R	14	2	2.508e-04	0.0022386	W>R:14,C>W:13,C>Y:9,W>C:9,W>L:5,C>H:4,C>S:4,E>D:4,W>Q:3,C>Q:3,H>Y:2,L>S:2,C>E:2,R>W:2,R>S:1,H>R:1,W>F:1,C>L:1,Y>C:1,H>Q:1,D>E:1,E>Y:1,W>E:1,R>Q:1,L>W:1,Q>R:1,W>D:1	W:112,C:40,R:25,E:23,Y:13,L:11,S:11,Q:9,D:9,H:5,-:1,F:1
112	G	V	11	0	2.508e-04	0.0022386	G>S:17,G>V:11,G>W:9,G>A:2,S>G:2,G>C:2,G>M:2,M>V:2,G>E:1,G>L:1,G>Y:1,M>L:1,V>I:1,G>F:1	G:192,S:24,V:18,W:12,M:4,C:2,A:2,L:2,E:1,Y:1,F:1,I:1
122	F	S	9	5	2.508e-04	0.0022386	F>L:9,F>S:9,V>I:6,V>M:5,V>A:5,S>F:5,M>V:4,V>G:4,F>P:4,F>Y:3,S>L:3,F>V:3,P>L:3,P>S:3,V>L:2,F>Q:2,S>P:2,M>T:1,V>W:1,V>S:1,S>M:1,L>S:1,L>V:1,F>I:1,S>T:1,S>Y:1,F>T:1,P>F:1,P>M:1,P>V:1,S>C:1,L>Y:1,V>F:1	V:82,F:38,L:32,S:32,-:22,M:13,P:11,I:8,A:6,Y:5,G:4,T:3,Q:2,C:1,W:1
130	E	G	8	6	2.508e-04	0.0022386	G>S:10,G>D:8,E>G:8,E>D:7,G>E:6,G>N:5,V>S:5,V>I:5,V>T:4,S>N:4,V>E:4,D>G:4,V>L:3,V>G:3,V>N:2,V>M:2,E>A:2,D>N:2,G>C:1,N>S:1,A>S:1,V>A:1,V>F:1,V>Y:1,S>D:1,V>W:1,E>V:1,D>E:1,S>G:1,D>S:1,S>E:1,S>V:1,G>W:1,G>V:1	G:100,V:54,S:26,D:23,E:20,N:14,I:5,T:4,A:4,L:3,W:2,M:2,F:1,C:1,Y:1
11	S	G	8	9	2.508e-04	0.0022386	G>S:9,S>G:8,G>A:3,S>C:1	G:210,S:44,A:4,C:1,-:1
127	F	V	5	3	2.508e-04	0.0022386	F>L:16,E>G:11,D>G:9,G>E:7,D>E:6,V>I:5,F>V:5,D>S:4,V>F:3,L>F:3,G>D:3,W>G:2,L>W:2,V>A:2,I>V:2,L>P:2,L>V:2,F>Y:2,F>G:2,E>D:2,D>V:2,G>V:2,W>Q:1,W>V:1,V>G:1,F>W:1,L>S:1,L>I:1,I>M:1,A>T:1,G>A:1,D>A:1,G>S:1,V>L:1	F:52,G:46,D:36,V:33,L:31,E:22,W:10,I:7,S:7,A:4,P:4,Q:2,Y:2,M:1,-:1,T:1,C:1
124	C	V	4	2	2.508e-04	0.0022386	C>G:14,C>Y:9,V>L:7,V>G:6,C>S:6,S>F:5,L>F:4,C>W:4,C>V:4,S>V:4,L>V:4,G>E:3,F>Y:3,V>S:2,S>G:2,C>F:2,C>E:2,G>D:2,S>L:2,S>C:2,F>L:2,V>I:2,V>C:2,Y>F:2,M>E:1,L>M:1,S>A:1,C>R:1,C>D:1,C>H:1,C>A:1,L>T:1,V>M:1,L>A:1,L>I:1,S>W:1,F>S:1,F>V:1,V>F:1,V>P:1,V>D:1,V>Y:1,C>L:1,S>N:1,S>P:1	G:45,C:44,V:40,L:38,S:27,F:23,Y:13,E:6,W:5,D:4,A:3,I:3,M:2,P:2,R:1,H:1,T:1,N:1,X:1
125	S	F	4	1	2.508e-04	0.0022386	W>L:13,L>V:4,S>F:4,T>V:4,G>E:3,L>S:3,T>S:3,W>G:2,S>T:2,Q>W:2,G>S:1,L>W:1,W>Y:1,W>M:1,G>K:1,V>I:1,G>V:1,L>M:1,S>L:1,S>G:1,F>S:1,F>V:1,F>I:1,F>L:1,F>Y:1,F>P:1,S>D:1,S>V:1,S>Y:1,T>I:1,V>A:1,T>M:1,W>T:1,Q>R:1,E>G:1,Q>E:1,W>Q:1	W:94,L:82,S:16,V:15,G:14,F:9,T:5,Q:5,E:4,Y:3,M:3,I:3,-:2,D:1,R:1,K:1,A:1,P:1
125	T	V	4	0	2.508e-04	0.0022386	W>L:13,L>V:4,S>F:4,T>V:4,G>E:3,L>S:3,T>S:3,W>G:2,S>T:2,Q>W:2,G>S:1,L>W:1,W>Y:1,W>M:1,G>K:1,V>I:1,G>V:1,L>M:1,S>L:1,S>G:1,F>S:1,F>V:1,F>I:1,F>L:1,F>Y:1,F>P:1,S>D:1,S>V:1,S>Y:1,T>I:1,V>A:1,T>M:1,W>T:1,Q>R:1,E>G:1,Q>E:1,W>Q:1	W:94,L:82,S:16,V:15,G:14,F:9,T:5,Q:5,E:4,Y:3,M:3,I:3,-:2,D:1,R:1,K:1,A:1,P:1
127	G	D	3	9	2.508e-04	0.0022386	F>L:16,E>G:11,D>G:9,G>E:7,D>E:6,V>I:5,F>V:5,D>S:4,V>F:3,L>F:3,G>D:3,W>G:2,L>W:2,V>A:2,I>V:2,L>P:2,L>V:2,F>Y:2,F>G:2,E>D:2,D>V:2,G>V:2,W>Q:1,W>V:1,V>G:1,F>W:1,L>S:1,L>I:1,I>M:1,A>T:1,G>A:1,D>A:1,G>S:1,V>L:1	F:52,G:46,D:36,V:33,L:31,E:22,W:10,I:7,S:7,A:4,P:4,Q:2,Y:2,M:1,-:1,T:1,C:1
127	F	G	2	0	2.508e-04	0.0022386	F>L:16,E>G:11,D>G:9,G>E:7,D>E:6,V>I:5,F>V:5,D>S:4,V>F:3,L>F:3,G>D:3,W>G:2,L>W:2,V>A:2,I>V:2,L>P:2,L>V:2,F>Y:2,F>G:2,E>D:2,D>V:2,G>V:2,W>Q:1,W>V:1,V>G:1,F>W:1,L>S:1,L>I:1,I>M:1,A>T:1,G>A:1,D>A:1,G>S:1,V>L:1	F:52,G:46,D:36,V:33,L:31,E:22,W:10,I:7,S:7,A:4,P:4,Q:2,Y:2,M:1,-:1,T:1,C:1
122	S	F	5	9	3.344e-04	0.0028167	F>L:9,F>S:9,V>I:6,V>M:5,V>A:5,S>F:5,M>V:4,V>G:4,F>P:4,F>Y:3,S>L:3,F>V:3,P>L:3,P>S:3,V>L:2,F>Q:2,S>P:2,M>T:1,V>W:1,V>S:1,S>M:1,L>S:1,L>V:1,F>I:1,S>T:1,S>Y:1,F>T:1,P>F:1,P>M:1,P>V:1,S>C:1,L>Y:1,V>F:1	V:82,F:38,L:32,S:32,-:22,M:13,P:11,I:8,A:6,Y:5,G:4,T:3,Q:2,C:1,W:1
101	G	V	4	2	3.344e-04	0.0028167	V>I:12,V>A:10,V>L:8,V>M:4,G>V:4,M>L:3,A>V:3,G>C:3,M>V:2,V>F:2,V>G:2,G>S:2,G>A:2,M>A:1,I>A:1,I>M:1,I>T:1	G:102,V:92,A:19,I:14,L:12,M:10,C:5,F:2,S:2,T:1,-:1
94	L	W	3	0	3.344e-04	0.0028167	V>I:16,V>M:14,V>L:8,V>A:7,L>W:3,M>V:3,M>L:3,L>V:2,M>A:1,L>F:1,V>T:1,I>V:1	V:176,L:34,M:19,I:17,A:9,W:3,T:1,F:1
125	L	S	3	1	3.344e-04	0.0028167	W>L:13,L>V:4,S>F:4,T>V:4,G>E:3,L>S:3,T>S:3,W>G:2,S>T:2,Q>W:2,G>S:1,L>W:1,W>Y:1,W>M:1,G>K:1,V>I:1,G>V:1,L>M:1,S>L:1,S>G:1,F>S:1,F>V:1,F>I:1,F>L:1,F>Y:1,F>P:1,S>D:1,S>V:1,S>Y:1,T>I:1,V>A:1,T>M:1,W>T:1,Q>R:1,E>G:1,Q>E:1,W>Q:1	W:94,L:82,S:16,V:15,G:14,F:9,T:5,Q:5,E:4,Y:3,M:3,I:3,-:2,D:1,R:1,K:1,A:1,P:1
127	F	L	16	3	4.180e-04	0.0032892	F>L:16,E>G:11,D>G:9,G>E:7,D>E:6,V>I:5,F>V:5,D>S:4,V>F:3,L>F:3,G>D:3,W>G:2,L>W:2,V>A:2,I>V:2,L>P:2,L>V:2,F>Y:2,F>G:2,E>D:2,D>V:2,G>V:2,W>Q:1,W>V:1,V>G:1,F>W:1,L>S:1,L>I:1,I>M:1,A>T:1,G>A:1,D>A:1,G>S:1,V>L:1	F:52,G:46,D:36,V:33,L:31,E:22,W:10,I:7,S:7,A:4,P:4,Q:2,Y:2,M:1,-:1,T:1,C:1
105	V	M	15	7	4.180e-04	0.0032892	V>A:18,V>G:17,V>I:17,V>M:15,M>V:7,F>L:5,V>L:4,L>V:2,G>V:2,M>G:2,M>L:2,C>V:1,C>W:1,C>Y:1,F>C:1,A>G:1,A>V:1,V>W:1,V>T:1,L>F:1,I>V:1,F>V:1	V:119,G:28,M:27,A:25,L:23,I:17,F:12,C:4,W:2,T:1,Y:1,-:1
98	V	L	14	10	4.180e-04	0.0032892	V>A:17,V>L:14,L>F:14,L>V:10,V>M:7,V>G:6,A>V:5,F>L:5,V>I:3,V>F:2,L>I:2,M>L:1,L>S:1,G>A:1	V:98,L:72,F:47,A:22,G:7,M:7,I:5,S:1,C:1
124	S	F	5	1	4.180e-04	0.0032892	C>G:14,C>Y:9,V>L:7,V>G:6,C>S:6,S>F:5,L>F:4,C>W:4,C>V:4,S>V:4,L>V:4,G>E:3,F>Y:3,V>S:2,S>G:2,C>F:2,C>E:2,G>D:2,S>L:2,S>C:2,F>L:2,V>I:2,V>C:2,Y>F:2,M>E:1,L>M:1,S>A:1,C>R:1,C>D:1,C>H:1,C>A:1,L>T:1,V>M:1,L>A:1,L>I:1,S>W:1,F>S:1,F>V:1,V>F:1,V>P:1,V>D:1,V>Y:1,C>L:1,S>N:1,S>P:1	G:45,C:44,V:40,L:38,S:27,F:23,Y:13,E:6,W:5,D:4,A:3,I:3,M:2,P:2,R:1,H:1,T:1,N:1,X:1
153	C	E	2	0	4.180e-04	0.0032892	W>R:14,C>W:13,C>Y:9,W>C:9,W>L:5,C>H:4,C>S:4,E>D:4,W>Q:3,C>Q:3,H>Y:2,L>S:2,C>E:2,R>W:2,R>S:1,H>R:1,W>F:1,C>L:1,Y>C:1,H>Q:1,D>E:1,E>Y:1,W>E:1,R>Q:1,L>W:1,Q>R:1,W>D:1	W:112,C:40,R:25,E:23,Y:13,L:11,S:11,Q:9,D:9,H:5,-:1,F:1
98	L	F	14	5	5.016e-04	0.0036142	V>A:17,V>L:14,L>F:14,L>V:10,V>M:7,V>G:6,A>V:5,F>L:5,V>I:3,V>F:2,L>I:2,M>L:1,L>S:1,G>A:1	V:98,L:72,F:47,A:22,G:7,M:7,I:5,S:1,C:1
138	F	L	10	0	5.016e-04	0.0036142	S>L:11,F>L:10,L>S:10,F>S:7,F>V:5,S>A:5,V>M:4,F>C:4,S>F:3,L>M:3,F>A:2,L>V:2,V>A:1,V>G:1,F>T:1,F>G:1,G>S:1,S>G:1,F>W:1,F>I:1,V>F:1	F:72,S:72,L:56,V:25,A:11,M:10,G:5,C:4,T:1,X:1,W:1,I:1,D:1
20	G	A	8	1	5.016e-04	0.0036142	G>A:8,G>S:8,A>V:3,A>S:2,V>I:1,V>T:1,A>T:1,A>G:1	G:197,A:36,V:13,S:10,T:2,I:1,-:1
125	L	V	4	0	5.016e-04	0.0036142	W>L:13,L>V:4,S>F:4,T>V:4,G>E:3,L>S:3,T>S:3,W>G:2,S>T:2,Q>W:2,G>S:1,L>W:1,W>Y:1,W>M:1,G>K:1,V>I:1,G>V:1,L>M:1,S>L:1,S>G:1,F>S:1,F>V:1,F>I:1,F>L:1,F>Y:1,F>P:1,S>D:1,S>V:1,S>Y:1,T>I:1,V>A:1,T>M:1,W>T:1,Q>R:1,E>G:1,Q>E:1,W>Q:1	W:94,L:82,S:16,V:15,G:14,F:9,T:5,Q:5,E:4,Y:3,M:3,I:3,-:2,D:1,R:1,K:1,A:1,P:1
114	V	G	3	1	5.016e-04	0.0036142	F>L:20,F>V:12,V>A:7,L>V:5,L>F:4,F>P:3,V>G:3,A>V:3,F>G:2,A>G:2,F>A:2,V>M:2,L>G:2,S>F:2,F>S:2,L>A:2,F>C:1,F>M:1,V>F:1,F>I:1,L>I:1,L>D:1,G>S:1,G>D:1,L>W:1,M>V:1,G>E:1,V>L:1,G>V:1,S>D:1,S>P:1,L>P:1,L>M:1	F:68,V:67,L:50,G:19,A:15,-:8,M:8,S:6,W:5,P:5,D:3,I:2,C:1,E:1,X:1,Y:1
127	G	V	2	1	5.016e-04	0.0036142	F>L:16,E>G:11,D>G:9,G>E:7,D>E:6,V>I:5,F>V:5,D>S:4,V>F:3,L>F:3,G>D:3,W>G:2,L>W:2,V>A:2,I>V:2,L>P:2,L>V:2,F>Y:2,F>G:2,E>D:2,D>V:2,G>V:2,W>Q:1,W>V:1,V>G:1,F>W:1,L>S:1,L>I:1,I>M:1,A>T:1,G>A:1,D>A:1,G>S:1,V>L:1	F:52,G:46,D:36,V:33,L:31,E:22,W:10,I:7,S:7,A:4,P:4,Q:2,Y:2,M:1,-:1,T:1,C:1
125	Q	W	2	1	5.016e-04	0.0036142	W>L:13,L>V:4,S>F:4,T>V:4,G>E:3,L>S:3,T>S:3,W>G:2,S>T:2,Q>W:2,G>S:1,L>W:1,W>Y:1,W>M:1,G>K:1,V>I:1,G>V:1,L>M:1,S>L:1,S>G:1,F>S:1,F>V:1,F>I:1,F>L:1,F>Y:1,F>P:1,S>D:1,S>V:1,S>Y:1,T>I:1,V>A:1,T>M:1,W>T:1,Q>R:1,E>G:1,Q>E:1,W>Q:1	W:94,L:82,S:16,V:15,G:14,F:9,T:5,Q:5,E:4,Y:3,M:3,I:3,-:2,D:1,R:1,K:1,A:1,P:1
139	S	V	5	0	5.852e-04	0.0040694	S>L:21,S>F:15,S>V:5,S>A:5,S>W:4,F>L:3,A>V:3,V>M:2,S>P:2,S>Y:2,S>T:2,V>I:1,T>V:1,V>T:1,V>L:1,F>S:1,L>V:1,L>S:1,S>M:1,L>T:1,L>F:1	S:140,L:39,F:29,V:16,W:14,T:6,A:5,M:3,P:3,Y:2,I:1,-:1,D:1
138	F	A	2	0	5.852e-04	0.0040694	S>L:11,F>L:10,L>S:10,F>S:7,F>V:5,S>A:5,V>M:4,F>C:4,S>F:3,L>M:3,F>A:2,L>V:2,V>A:1,V>G:1,F>T:1,F>G:1,G>S:1,S>G:1,F>W:1,F>I:1,V>F:1	F:72,S:72,L:56,V:25,A:11,M:10,G:5,C:4,T:1,X:1,W:1,I:1,D:1
105	G	V	2	17	5.852e-04	0.0040694	V>A:18,V>G:17,V>I:17,V>M:15,M>V:7,F>L:5,V>L:4,L>V:2,G>V:2,M>G:2,M>L:2,C>V:1,C>W:1,C>Y:1,F>C:1,A>G:1,A>V:1,V>W:1,V>T:1,L>F:1,I>V:1,F>V:1	V:119,G:28,M:27,A:25,L:23,I:17,F:12,C:4,W:2,T:1,Y:1,-:1
89	A	V	13	0	6.688e-04	0.0045451	A>G:20,A>V:13,G>D:5,A>T:5,G>A:3,G>S:2,G>M:2,A>S:2,A>F:2,G>V:2,G>E:1,G>N:1,V>G:1,A>L:1	G:185,A:31,V:20,T:6,D:6,S:5,M:2,F:2,L:1,N:1,E:1
104	L	V	6	3	6.688e-04	0.0045451	V>I:11,L>V:6,I>V:3,L>I:3,L>F:3,V>L:3,V>M:2,V>A:2,L>A:1	V:149,L:87,I:15,A:3,F:3,M:2,-:1
122	S	L	3	1	7.524e-04	0.0049996	F>L:9,F>S:9,V>I:6,V>M:5,V>A:5,S>F:5,M>V:4,V>G:4,F>P:4,F>Y:3,S>L:3,F>V:3,P>L:3,P>S:3,V>L:2,F>Q:2,S>P:2,M>T:1,V>W:1,V>S:1,S>M:1,L>S:1,L>V:1,F>I:1,S>T:1,S>Y:1,F>T:1,P>F:1,P>M:1,P>V:1,S>C:1,L>Y:1,V>F:1	V:82,F:38,L:32,S:32,-:22,M:13,P:11,I:8,A:6,Y:5,G:4,T:3,Q:2,C:1,W:1
126	L	S	2	0	7.524e-04	0.0049996	K>G:11,V>A:8,M>V:8,K>E:6,V>G:4,L>F:3,K>N:3,V>L:2,L>V:2,M>I:2,M>A:2,M>L:2,L>S:2,W>L:2,G>E:1,K>V:1,K>D:1,K>Q:1,N>G:1,N>D:1,G>S:1,A>G:1,V>M:1,M>S:1,L>M:1,L>P:1,W>G:1,K>W:1	K:72,V:69,G:31,L:17,W:16,M:14,A:11,E:7,N:7,S:7,F:3,D:2,I:2,P:1,Q:1
20	G	S	8	0	8.361e-04	0.0053759	G>A:8,G>S:8,A>V:3,A>S:2,V>I:1,V>T:1,A>T:1,A>G:1	G:197,A:36,V:13,S:10,T:2,I:1,-:1
105	V	L	4	2	8.361e-04	0.0053759	V>A:18,V>G:17,V>I:17,V>M:15,M>V:7,F>L:5,V>L:4,L>V:2,G>V:2,M>G:2,M>L:2,C>V:1,C>W:1,C>Y:1,F>C:1,A>G:1,A>V:1,V>W:1,V>T:1,L>F:1,I>V:1,F>V:1	V:119,G:28,M:27,A:25,L:23,I:17,F:12,C:4,W:2,T:1,Y:1,-:1
149	V	E	3	0	8.361e-04	0.0053759	M>L:19,M>V:15,V>M:11,V>L:5,V>A:3,V>E:3,M>T:2,M>E:2,M>G:1,L>M:1,V>T:1,V>G:1,V>F:1,L>E:1	M:143,V:58,L:43,E:6,T:3,A:3,G:2,X:1,F:1
112	G	S	17	2	9.197e-04	0.0055551	G>S:17,G>V:11,G>W:9,G>A:2,S>G:2,G>C:2,G>M:2,M>V:2,G>E:1,G>L:1,G>Y:1,M>L:1,V>I:1,G>F:1	G:192,S:24,V:18,W:12,M:4,C:2,A:2,L:2,E:1,Y:1,F:1,I:1
110	V	F	7	3	9.197e-04	0.0055551	V>A:21,V>I:12,V>M:9,V>F:7,A>V:4,V>G:3,F>V:3,A>S:2,V>L:2,A>T:2,F>L:2,F>Y:2,I>V:1,V>T:1,F>S:1,F>I:1	V:166,A:26,G:15,F:15,I:14,M:11,L:5,T:3,S:3,Y:2
127	V	F	3	5	9.197e-04	0.0055551	F>L:16,E>G:11,D>G:9,G>E:7,D>E:6,V>I:5,F>V:5,D>S:4,V>F:3,L>F:3,G>D:3,W>G:2,L>W:2,V>A:2,I>V:2,L>P:2,L>V:2,F>Y:2,F>G:2,E>D:2,D>V:2,G>V:2,W>Q:1,W>V:1,V>G:1,F>W:1,L>S:1,L>I:1,I>M:1,A>T:1,G>A:1,D>A:1,G>S:1,V>L:1	F:52,G:46,D:36,V:33,L:31,E:22,W:10,I:7,S:7,A:4,P:4,Q:2,Y:2,M:1,-:1,T:1,C:1
153	C	Q	3	0	9.197e-04	0.0055551	W>R:14,C>W:13,C>Y:9,W>C:9,W>L:5,C>H:4,C>S:4,E>D:4,W>Q:3,C>Q:3,H>Y:2,L>S:2,C>E:2,R>W:2,R>S:1,H>R:1,W>F:1,C>L:1,Y>C:1,H>Q:1,D>E:1,E>Y:1,W>E:1,R>Q:1,L>W:1,Q>R:1,W>D:1	W:112,C:40,R:25,E:23,Y:13,L:11,S:11,Q:9,D:9,H:5,-:1,F:1
122	F	V	3	1	9.197e-04	0.0055551	F>L:9,F>S:9,V>I:6,V>M:5,V>A:5,S>F:5,M>V:4,V>G:4,F>P:4,F>Y:3,S>L:3,F>V:3,P>L:3,P>S:3,V>L:2,F>Q:2,S>P:2,M>T:1,V>W:1,V>S:1,S>M:1,L>S:1,L>V:1,F>I:1,S>T:1,S>Y:1,F>T:1,P>F:1,P>M:1,P>V:1,S>C:1,L>Y:1,V>F:1	V:82,F:38,L:32,S:32,-:22,M:13,P:11,I:8,A:6,Y:5,G:4,T:3,Q:2,C:1,W:1
127	W	G	2	0	9.197e-04	0.0055551	F>L:16,E>G:11,D>G:9,G>E:7,D>E:6,V>I:5,F>V:5,D>S:4,V>F:3,L>F:3,G>D:3,W>G:2,L>W:2,V>A:2,I>V:2,L>P:2,L>V:2,F>Y:2,F>G:2,E>D:2,D>V:2,G>V:2,W>Q:1,W>V:1,V>G:1,F>W:1,L>S:1,L>I:1,I>M:1,A>T:1,G>A:1,D>A:1,G>S:1,V>L:1	F:52,G:46,D:36,V:33,L:31,E:22,W:10,I:7,S:7,A:4,P:4,Q:2,Y:2,M:1,-:1,T:1,C:1
130	V	G	3	1	1.003e-03	0.0059401	G>S:10,G>D:8,E>G:8,E>D:7,G>E:6,G>N:5,V>S:5,V>I:5,V>T:4,S>N:4,V>E:4,D>G:4,V>L:3,V>G:3,V>N:2,V>M:2,E>A:2,D>N:2,G>C:1,N>S:1,A>S:1,V>A:1,V>F:1,V>Y:1,S>D:1,V>W:1,E>V:1,D>E:1,S>G:1,D>S:1,S>E:1,S>V:1,G>W:1,G>V:1	G:100,V:54,S:26,D:23,E:20,N:14,I:5,T:4,A:4,L:3,W:2,M:2,F:1,C:1,Y:1
110	F	V	3	7	1.003e-03	0.0059401	V>A:21,V>I:12,V>M:9,V>F:7,A>V:4,V>G:3,F>V:3,A>S:2,V>L:2,A>T:2,F>L:2,F>Y:2,I>V:1,V>T:1,F>S:1,F>I:1	V:166,A:26,G:15,F:15,I:14,M:11,L:5,T:3,S:3,Y:2
38	V	L	13	21	1.170e-03	0.0063058	L>V:21,V>L:13,V>M:9,L>M:3,L>F:2,V>I:2,L>I:1,V>A:1	L:120,V:117,M:13,F:6,I:3,A:1
122	F	L	9	0	1.087e-03	0.0063058	F>L:9,F>S:9,V>I:6,V>M:5,V>A:5,S>F:5,M>V:4,V>G:4,F>P:4,F>Y:3,S>L:3,F>V:3,P>L:3,P>S:3,V>L:2,F>Q:2,S>P:2,M>T:1,V>W:1,V>S:1,S>M:1,L>S:1,L>V:1,F>I:1,S>T:1,S>Y:1,F>T:1,P>F:1,P>M:1,P>V:1,S>C:1,L>Y:1,V>F:1	V:82,F:38,L:32,S:32,-:22,M:13,P:11,I:8,A:6,Y:5,G:4,T:3,Q:2,C:1,W:1
114	V	A	7	3	1.170e-03	0.0063058	F>L:20,F>V:12,V>A:7,L>V:5,L>F:4,F>P:3,V>G:3,A>V:3,F>G:2,A>G:2,F>A:2,V>M:2,L>G:2,S>F:2,F>S:2,L>A:2,F>C:1,F>M:1,V>F:1,F>I:1,L>I:1,L>D:1,G>S:1,G>D:1,L>W:1,M>V:1,G>E:1,V>L:1,G>V:1,S>D:1,S>P:1,L>P:1,L>M:1	F:68,V:67,L:50,G:19,A:15,-:8,M:8,S:6,W:5,P:5,D:3,I:2,C:1,E:1,X:1,Y:1
8	L	V	6	0	1.087e-03	0.0063058	L>F:13,F>L:9,L>V:6,L>I:6,I>V:4,L>M:4,F>V:2,I>L:2,L>S:1,F>M:1,F>I:1,V>I:1,M>V:1	L:177,F:41,V:18,I:18,M:5,S:1
127	D	E	6	2	1.170e-03	0.0063058	F>L:16,E>G:11,D>G:9,G>E:7,D>E:6,V>I:5,F>V:5,D>S:4,V>F:3,L>F:3,G>D:3,W>G:2,L>W:2,V>A:2,I>V:2,L>P:2,L>V:2,F>Y:2,F>G:2,E>D:2,D>V:2,G>V:2,W>Q:1,W>V:1,V>G:1,F>W:1,L>S:1,L>I:1,I>M:1,A>T:1,G>A:1,D>A:1,G>S:1,V>L:1	F:52,G:46,D:36,V:33,L:31,E:22,W:10,I:7,S:7,A:4,P:4,Q:2,Y:2,M:1,-:1,T:1,C:1
13	C	L	5	0	1.170e-03	0.0063058	C>G:8,C>S:7,C>L:5,C>F:4,C>W:2,G>S:2,S>C:1,S>G:1,G>V:1,C>A:1,I>T:1,F>I:1,F>L:1	C:207,S:17,G:16,L:8,F:6,W:2,A:1,V:1,I:1,T:1
111	V	F	4	0	1.170e-03	0.0063058	V>M:18,M>V:14,V>I:12,V>L:12,V>A:5,M>L:4,V>F:4,V>G:3,F>L:2,L>A:1,F>W:1,L>W:1,V>C:1,L>I:1,V>S:1,L>V:1,T>V:1,M>T:1,I>V:1,I>G:1	V:146,L:34,M:32,I:20,F:10,A:6,G:4,W:3,T:2,C:1,S:1,-:1
125	T	S	3	2	1.170e-03	0.0063058	W>L:13,L>V:4,S>F:4,T>V:4,G>E:3,L>S:3,T>S:3,W>G:2,S>T:2,Q>W:2,G>S:1,L>W:1,W>Y:1,W>M:1,G>K:1,V>I:1,G>V:1,L>M:1,S>L:1,S>G:1,F>S:1,F>V:1,F>I:1,F>L:1,F>Y:1,F>P:1,S>D:1,S>V:1,S>Y:1,T>I:1,V>A:1,T>M:1,W>T:1,Q>R:1,E>G:1,Q>E:1,W>Q:1	W:94,L:82,S:16,V:15,G:14,F:9,T:5,Q:5,E:4,Y:3,M:3,I:3,-:2,D:1,R:1,K:1,A:1,P:1
153	L	S	2	0	1.170e-03	0.0063058	W>R:14,C>W:13,C>Y:9,W>C:9,W>L:5,C>H:4,C>S:4,E>D:4,W>Q:3,C>Q:3,H>Y:2,L>S:2,C>E:2,R>W:2,R>S:1,H>R:1,W>F:1,C>L:1,Y>C:1,H>Q:1,D>E:1,E>Y:1,W>E:1,R>Q:1,L>W:1,Q>R:1,W>D:1	W:112,C:40,R:25,E:23,Y:13,L:11,S:11,Q:9,D:9,H:5,-:1,F:1
124	S	L	2	0	1.170e-03	0.0063058	C>G:14,C>Y:9,V>L:7,V>G:6,C>S:6,S>F:5,L>F:4,C>W:4,C>V:4,S>V:4,L>V:4,G>E:3,F>Y:3,V>S:2,S>G:2,C>F:2,C>E:2,G>D:2,S>L:2,S>C:2,F>L:2,V>I:2,V>C:2,Y>F:2,M>E:1,L>M:1,S>A:1,C>R:1,C>D:1,C>H:1,C>A:1,L>T:1,V>M:1,L>A:1,L>I:1,S>W:1,F>S:1,F>V:1,V>F:1,V>P:1,V>D:1,V>Y:1,C>L:1,S>N:1,S>P:1	G:45,C:44,V:40,L:38,S:27,F:23,Y:13,E:6,W:5,D:4,A:3,I:3,M:2,P:2,R:1,H:1,T:1,N:1,X:1
111	V	M	18	14	1.338e-03	0.0070791	V>M:18,M>V:14,V>I:12,V>L:12,V>A:5,M>L:4,V>F:4,V>G:3,F>L:2,L>A:1,F>W:1,L>W:1,V>C:1,L>I:1,V>S:1,L>V:1,T>V:1,M>T:1,I>V:1,I>G:1	V:146,L:34,M:32,I:20,F:10,A:6,G:4,W:3,T:2,C:1,S:1,-:1
12	V	F	6	0	1.338e-03	0.0070791	V>L:20,I>V:14,L>V:10,V>M:7,V>I:6,V>F:6,V>A:5,V>G:4,L>F:3,L>M:3,L>I:2,I>L:2,V>S:1,F>L:1,M>V:1,M>A:1,M>L:1,L>G:1,L>A:1,I>T:1	L:103,V:95,I:23,F:12,M:11,A:7,G:6,S:1,T:1,-:1
124	C	S	6	2	1.421e-03	0.0074555	C>G:14,C>Y:9,V>L:7,V>G:6,C>S:6,S>F:5,L>F:4,C>W:4,C>V:4,S>V:4,L>V:4,G>E:3,F>Y:3,V>S:2,S>G:2,C>F:2,C>E:2,G>D:2,S>L:2,S>C:2,F>L:2,V>I:2,V>C:2,Y>F:2,M>E:1,L>M:1,S>A:1,C>R:1,C>D:1,C>H:1,C>A:1,L>T:1,V>M:1,L>A:1,L>I:1,S>W:1,F>S:1,F>V:1,V>F:1,V>P:1,V>D:1,V>Y:1,C>L:1,S>N:1,S>P:1	G:45,C:44,V:40,L:38,S:27,F:23,Y:13,E:6,W:5,D:4,A:3,I:3,M:2,P:2,R:1,H:1,T:1,N:1,X:1
124	C	Y	9	0	1.505e-03	0.0077580	C>G:14,C>Y:9,V>L:7,V>G:6,C>S:6,S>F:5,L>F:4,C>W:4,C>V:4,S>V:4,L>V:4,G>E:3,F>Y:3,V>S:2,S>G:2,C>F:2,C>E:2,G>D:2,S>L:2,S>C:2,F>L:2,V>I:2,V>C:2,Y>F:2,M>E:1,L>M:1,S>A:1,C>R:1,C>D:1,C>H:1,C>A:1,L>T:1,V>M:1,L>A:1,L>I:1,S>W:1,F>S:1,F>V:1,V>F:1,V>P:1,V>D:1,V>Y:1,C>L:1,S>N:1,S>P:1	G:45,C:44,V:40,L:38,S:27,F:23,Y:13,E:6,W:5,D:4,A:3,I:3,M:2,P:2,R:1,H:1,T:1,N:1,X:1
138	S	F	3	7	1.505e-03	0.0077580	S>L:11,F>L:10,L>S:10,F>S:7,F>V:5,S>A:5,V>M:4,F>C:4,S>F:3,L>M:3,F>A:2,L>V:2,V>A:1,V>G:1,F>T:1,F>G:1,G>S:1,S>G:1,F>W:1,F>I:1,V>F:1	F:72,S:72,L:56,V:25,A:11,M:10,G:5,C:4,T:1,X:1,W:1,I:1,D:1
81	P	L	8	0	1.672e-03	0.0085463	P>L:8,P>V:1,P>A:1	P:246,L:10,-:1,A:1,V:1,K:1
8	L	F	13	9	1.756e-03	0.0088976	L>F:13,F>L:9,L>V:6,L>I:6,I>V:4,L>M:4,F>V:2,I>L:2,L>S:1,F>M:1,F>I:1,V>I:1,M>V:1	L:177,F:41,V:18,I:18,M:5,S:1
145	S	V	4	1	1.839e-03	0.0090901	S>G:20,S>D:6,S>V:4,S>N:3,D>E:3,S>E:2,S>T:2,G>D:2,N>S:1,V>S:1,G>E:1,S>C:1,G>N:1,G>S:1,D>N:1	S:199,G:28,D:11,N:7,E:6,V:5,T:2,C:1,L:1
128	G	M	3	0	1.839e-03	0.0090901	G>E:12,V>G:9,G>W:5,G>A:5,E>V:5,A>V:4,G>S:4,E>G:4,G>V:3,G>M:3,A>G:3,E>D:3,G>D:2,V>A:2,A>S:2,A>T:1,E>S:1,V>N:1,V>D:1,V>E:1,V>L:1,V>S:1	G:154,V:36,E:30,S:10,D:8,A:8,W:6,M:3,T:2,N:1,L:1,F:1
126	L	V	2	2	1.839e-03	0.0090901	K>G:11,V>A:8,M>V:8,K>E:6,V>G:4,L>F:3,K>N:3,V>L:2,L>V:2,M>I:2,M>A:2,M>L:2,L>S:2,W>L:2,G>E:1,K>V:1,K>D:1,K>Q:1,N>G:1,N>D:1,G>S:1,A>G:1,V>M:1,M>S:1,L>M:1,L>P:1,W>G:1,K>W:1	K:72,V:69,G:31,L:17,W:16,M:14,A:11,E:7,N:7,S:7,F:3,D:2,I:2,P:1,Q:1
105	V	I	17	1	1.923e-03	0.0092734	V>A:18,V>G:17,V>I:17,V>M:15,M>V:7,F>L:5,V>L:4,L>V:2,G>V:2,M>G:2,M>L:2,C>V:1,C>W:1,C>Y:1,F>C:1,A>G:1,A>V:1,V>W:1,V>T:1,L>F:1,I>V:1,F>V:1	V:119,G:28,M:27,A:25,L:23,I:17,F:12,C:4,W:2,T:1,Y:1,-:1
122	P	S	3	2	1.923e-03	0.0092734	F>L:9,F>S:9,V>I:6,V>M:5,V>A:5,S>F:5,M>V:4,V>G:4,F>P:4,F>Y:3,S>L:3,F>V:3,P>L:3,P>S:3,V>L:2,F>Q:2,S>P:2,M>T:1,V>W:1,V>S:1,S>M:1,L>S:1,L>V:1,F>I:1,S>T:1,S>Y:1,F>T:1,P>F:1,P>M:1,P>V:1,S>C:1,L>Y:1,V>F:1	V:82,F:38,L:32,S:32,-:22,M:13,P:11,I:8,A:6,Y:5,G:4,T:3,Q:2,C:1,W:1
126	V	L	2	2	1.923e-03	0.0092734	K>G:11,V>A:8,M>V:8,K>E:6,V>G:4,L>F:3,K>N:3,V>L:2,L>V:2,M>I:2,M>A:2,M>L:2,L>S:2,W>L:2,G>E:1,K>V:1,K>D:1,K>Q:1,N>G:1,N>D:1,G>S:1,A>G:1,V>M:1,M>S:1,L>M:1,L>P:1,W>G:1,K>W:1	K:72,V:69,G:31,L:17,W:16,M:14,A:11,E:7,N:7,S:7,F:3,D:2,I:2,P:1,Q:1
137	M	E	3	0	2.007e-03	0.0095992	M>V:26,M>L:7,V>L:5,V>A:5,M>A:4,M>E:3,V>T:3,L>V:3,A>V:2,M>T:2,M>I:2,V>I:2,A>P:1,A>S:1,A>M:1,M>S:1,E>G:1,L>M:1,V>M:1,M>F:1	L:113,V:59,M:54,A:12,I:6,T:5,E:3,S:2,X:2,P:1,F:1,G:1,-:1
138	F	C	4	0	2.090e-03	0.0099198	S>L:11,F>L:10,L>S:10,F>S:7,F>V:5,S>A:5,V>M:4,F>C:4,S>F:3,L>M:3,F>A:2,L>V:2,V>A:1,V>G:1,F>T:1,F>G:1,G>S:1,S>G:1,F>W:1,F>I:1,V>F:1	F:72,S:72,L:56,V:25,A:11,M:10,G:5,C:4,T:1,X:1,W:1,I:1,D:1
135	A	V	9	0	2.174e-03	0.0101554	G>V:14,G>E:14,G>A:14,A>V:9,G>S:8,A>T:4,A>G:4,G>D:2,V>G:2,S>G:2,E>G:1,G>I:1,V>M:1,A>S:1,A>E:1,G>T:1,E>H:1	G:157,V:38,A:22,E:18,S:12,T:6,M:2,D:2,H:1,I:1,W:1
124	C	W	4	0	2.174e-03	0.0101554	C>G:14,C>Y:9,V>L:7,V>G:6,C>S:6,S>F:5,L>F:4,C>W:4,C>V:4,S>V:4,L>V:4,G>E:3,F>Y:3,V>S:2,S>G:2,C>F:2,C>E:2,G>D:2,S>L:2,S>C:2,F>L:2,V>I:2,V>C:2,Y>F:2,M>E:1,L>M:1,S>A:1,C>R:1,C>D:1,C>H:1,C>A:1,L>T:1,V>M:1,L>A:1,L>I:1,S>W:1,F>S:1,F>V:1,V>F:1,V>P:1,V>D:1,V>Y:1,C>L:1,S>N:1,S>P:1	G:45,C:44,V:40,L:38,S:27,F:23,Y:13,E:6,W:5,D:4,A:3,I:3,M:2,P:2,R:1,H:1,T:1,N:1,X:1
138	S	A	5	0	2.341e-03	0.0107683	S>L:11,F>L:10,L>S:10,F>S:7,F>V:5,S>A:5,V>M:4,F>C:4,S>F:3,L>M:3,F>A:2,L>V:2,V>A:1,V>G:1,F>T:1,F>G:1,G>S:1,S>G:1,F>W:1,F>I:1,V>F:1	F:72,S:72,L:56,V:25,A:11,M:10,G:5,C:4,T:1,X:1,W:1,I:1,D:1
101	G	C	3	0	2.341e-03	0.0107683	V>I:12,V>A:10,V>L:8,V>M:4,G>V:4,M>L:3,A>V:3,G>C:3,M>V:2,V>F:2,V>G:2,G>S:2,G>A:2,M>A:1,I>A:1,I>M:1,I>T:1	G:102,V:92,A:19,I:14,L:12,M:10,C:5,F:2,S:2,T:1,-:1
126	L	F	3	0	2.425e-03	0.0109839	K>G:11,V>A:8,M>V:8,K>E:6,V>G:4,L>F:3,K>N:3,V>L:2,L>V:2,M>I:2,M>A:2,M>L:2,L>S:2,W>L:2,G>E:1,K>V:1,K>D:1,K>Q:1,N>G:1,N>D:1,G>S:1,A>G:1,V>M:1,M>S:1,L>M:1,L>P:1,W>G:1,K>W:1	K:72,V:69,G:31,L:17,W:16,M:14,A:11,E:7,N:7,S:7,F:3,D:2,I:2,P:1,Q:1
114	L	A	2	0	2.425e-03	0.0109839	F>L:20,F>V:12,V>A:7,L>V:5,L>F:4,F>P:3,V>G:3,A>V:3,F>G:2,A>G:2,F>A:2,V>M:2,L>G:2,S>F:2,F>S:2,L>A:2,F>C:1,F>M:1,V>F:1,F>I:1,L>I:1,L>D:1,G>S:1,G>D:1,L>W:1,M>V:1,G>E:1,V>L:1,G>V:1,S>D:1,S>P:1,L>P:1,L>M:1	F:68,V:67,L:50,G:19,A:15,-:8,M:8,S:6,W:5,P:5,D:3,I:2,C:1,E:1,X:1,Y:1
130	V	T	4	0	2.508e-03	0.0112773	G>S:10,G>D:8,E>G:8,E>D:7,G>E:6,G>N:5,V>S:5,V>I:5,V>T:4,S>N:4,V>E:4,D>G:4,V>L:3,V>G:3,V>N:2,V>M:2,E>A:2,D>N:2,G>C:1,N>S:1,A>S:1,V>A:1,V>F:1,V>Y:1,S>D:1,V>W:1,E>V:1,D>E:1,S>G:1,D>S:1,S>E:1,S>V:1,G>W:1,G>V:1	G:100,V:54,S:26,D:23,E:20,N:14,I:5,T:4,A:4,L:3,W:2,M:2,F:1,C:1,Y:1
130	E	A	2	0	2.675e-03	0.0119393	G>S:10,G>D:8,E>G:8,E>D:7,G>E:6,G>N:5,V>S:5,V>I:5,V>T:4,S>N:4,V>E:4,D>G:4,V>L:3,V>G:3,V>N:2,V>M:2,E>A:2,D>N:2,G>C:1,N>S:1,A>S:1,V>A:1,V>F:1,V>Y:1,S>D:1,V>W:1,E>V:1,D>E:1,S>G:1,D>S:1,S>E:1,S>V:1,G>W:1,G>V:1	G:100,V:54,S:26,D:23,E:20,N:14,I:5,T:4,A:4,L:3,W:2,M:2,F:1,C:1,Y:1
109	V	L	11	0	2.843e-03	0.0124990	I>V:20,V>M:13,V>A:13,V>I:12,V>L:11,V>G:5,I>A:4,V>C:3,F>L:3,V>F:3,I>L:3,L>F:3,A>G:2,I>F:2,A>V:1,V>D:1,I>S:1,C>Y:1,V>W:1,V>T:1	V:113,L:66,A:19,I:18,M:15,F:13,G:8,C:3,T:1,D:1,S:1,Y:1,W:1
5	E	G	2	0	2.843e-03	0.0124990	N>S:5,N>K:3,N>T:3,E>G:2,Y>S:1,M>A:1,M>Q:1,K>M:1,E>V:1,E>T:1,E>K:1,E>Q:1,K>E:1,N>E:1,N>Y:1,N>D:1,Y>N:1	Y:145,E:43,N:33,K:18,S:6,Q:4,T:4,G:2,D:1,V:1,A:1,M:1,F:1
126	M	V	8	1	2.926e-03	0.0126801	K>G:11,V>A:8,M>V:8,K>E:6,V>G:4,L>F:3,K>N:3,V>L:2,L>V:2,M>I:2,M>A:2,M>L:2,L>S:2,W>L:2,G>E:1,K>V:1,K>D:1,K>Q:1,N>G:1,N>D:1,G>S:1,A>G:1,V>M:1,M>S:1,L>M:1,L>P:1,W>G:1,K>W:1	K:72,V:69,G:31,L:17,W:16,M:14,A:11,E:7,N:7,S:7,F:3,D:2,I:2,P:1,Q:1
125	G	E	3	1	2.926e-03	0.0126801	W>L:13,L>V:4,S>F:4,T>V:4,G>E:3,L>S:3,T>S:3,W>G:2,S>T:2,Q>W:2,G>S:1,L>W:1,W>Y:1,W>M:1,G>K:1,V>I:1,G>V:1,L>M:1,S>L:1,S>G:1,F>S:1,F>V:1,F>I:1,F>L:1,F>Y:1,F>P:1,S>D:1,S>V:1,S>Y:1,T>I:1,V>A:1,T>M:1,W>T:1,Q>R:1,E>G:1,Q>E:1,W>Q:1	W:94,L:82,S:16,V:15,G:14,F:9,T:5,Q:5,E:4,Y:3,M:3,I:3,-:2,D:1,R:1,K:1,A:1,P:1
153	W	L	5	1	3.010e-03	0.0128461	W>R:14,C>W:13,C>Y:9,W>C:9,W>L:5,C>H:4,C>S:4,E>D:4,W>Q:3,C>Q:3,H>Y:2,L>S:2,C>E:2,R>W:2,R>S:1,H>R:1,W>F:1,C>L:1,Y>C:1,H>Q:1,D>E:1,E>Y:1,W>E:1,R>Q:1,L>W:1,Q>R:1,W>D:1	W:112,C:40,R:25,E:23,Y:13,L:11,S:11,Q:9,D:9,H:5,-:1,F:1
114	L	V	5	1	3.093e-03	0.0128461	F>L:20,F>V:12,V>A:7,L>V:5,L>F:4,F>P:3,V>G:3,A>V:3,F>G:2,A>G:2,F>A:2,V>M:2,L>G:2,S>F:2,F>S:2,L>A:2,F>C:1,F>M:1,V>F:1,F>I:1,L>I:1,L>D:1,G>S:1,G>D:1,L>W:1,M>V:1,G>E:1,V>L:1,G>V:1,S>D:1,S>P:1,L>P:1,L>M:1	F:68,V:67,L:50,G:19,A:15,-:8,M:8,S:6,W:5,P:5,D:3,I:2,C:1,E:1,X:1,Y:1
130	D	G	4	8	3.093e-03	0.0128461	G>S:10,G>D:8,E>G:8,E>D:7,G>E:6,G>N:5,V>S:5,V>I:5,V>T:4,S>N:4,V>E:4,D>G:4,V>L:3,V>G:3,V>N:2,V>M:2,E>A:2,D>N:2,G>C:1,N>S:1,A>S:1,V>A:1,V>F:1,V>Y:1,S>D:1,V>W:1,E>V:1,D>E:1,S>G:1,D>S:1,S>E:1,S>V:1,G>W:1,G>V:1	G:100,V:54,S:26,D:23,E:20,N:14,I:5,T:4,A:4,L:3,W:2,M:2,F:1,C:1,Y:1
130	V	L	3	0	3.093e-03	0.0128461	G>S:10,G>D:8,E>G:8,E>D:7,G>E:6,G>N:5,V>S:5,V>I:5,V>T:4,S>N:4,V>E:4,D>G:4,V>L:3,V>G:3,V>N:2,V>M:2,E>A:2,D>N:2,G>C:1,N>S:1,A>S:1,V>A:1,V>F:1,V>Y:1,S>D:1,V>W:1,E>V:1,D>E:1,S>G:1,D>S:1,S>E:1,S>V:1,G>W:1,G>V:1	G:100,V:54,S:26,D:23,E:20,N:14,I:5,T:4,A:4,L:3,W:2,M:2,F:1,C:1,Y:1
155	V	G	3	0	3.010e-03	0.0128461	V>A:24,A>V:20,V>G:3,A>S:2,V>M:1,A>G:1	V:138,A:111,S:5,G:4,M:1,W:1
5	N	T	3	0	3.093e-03	0.0128461	N>S:5,N>K:3,N>T:3,E>G:2,Y>S:1,M>A:1,M>Q:1,K>M:1,E>V:1,E>T:1,E>K:1,E>Q:1,K>E:1,N>E:1,N>Y:1,N>D:1,Y>N:1	Y:145,E:43,N:33,K:18,S:6,Q:4,T:4,G:2,D:1,V:1,A:1,M:1,F:1
135	V	G	2	14	3.177e-03	0.0131024	G>V:14,G>E:14,G>A:14,A>V:9,G>S:8,A>T:4,A>G:4,G>D:2,V>G:2,S>G:2,E>G:1,G>I:1,V>M:1,A>S:1,A>E:1,G>T:1,E>H:1	G:157,V:38,A:22,E:18,S:12,T:6,M:2,D:2,H:1,I:1,W:1
105	M	V	7	15	3.261e-03	0.0132642	V>A:18,V>G:17,V>I:17,V>M:15,M>V:7,F>L:5,V>L:4,L>V:2,G>V:2,M>G:2,M>L:2,C>V:1,C>W:1,C>Y:1,F>C:1,A>G:1,A>V:1,V>W:1,V>T:1,L>F:1,I>V:1,F>V:1	V:119,G:28,M:27,A:25,L:23,I:17,F:12,C:4,W:2,T:1,Y:1,-:1
124	V	G	6	0	3.261e-03	0.0132642	C>G:14,C>Y:9,V>L:7,V>G:6,C>S:6,S>F:5,L>F:4,C>W:4,C>V:4,S>V:4,L>V:4,G>E:3,F>Y:3,V>S:2,S>G:2,C>F:2,C>E:2,G>D:2,S>L:2,S>C:2,F>L:2,V>I:2,V>C:2,Y>F:2,M>E:1,L>M:1,S>A:1,C>R:1,C>D:1,C>H:1,C>A:1,L>T:1,V>M:1,L>A:1,L>I:1,S>W:1,F>S:1,F>V:1,V>F:1,V>P:1,V>D:1,V>Y:1,C>L:1,S>N:1,S>P:1	G:45,C:44,V:40,L:38,S:27,F:23,Y:13,E:6,W:5,D:4,A:3,I:3,M:2,P:2,R:1,H:1,T:1,N:1,X:1
153	E	D	4	1	3.344e-03	0.0135124	W>R:14,C>W:13,C>Y:9,W>C:9,W>L:5,C>H:4,C>S:4,E>D:4,W>Q:3,C>Q:3,H>Y:2,L>S:2,C>E:2,R>W:2,R>S:1,H>R:1,W>F:1,C>L:1,Y>C:1,H>Q:1,D>E:1,E>Y:1,W>E:1,R>Q:1,L>W:1,Q>R:1,W>D:1	W:112,C:40,R:25,E:23,Y:13,L:11,S:11,Q:9,D:9,H:5,-:1,F:1
98	V	G	6	0	3.428e-03	0.0135750	V>A:17,V>L:14,L>F:14,L>V:10,V>M:7,V>G:6,A>V:5,F>L:5,V>I:3,V>F:2,L>I:2,M>L:1,L>S:1,G>A:1	V:98,L:72,F:47,A:22,G:7,M:7,I:5,S:1,C:1
142	S	T	5	0	3.428e-03	0.0135750	L>S:15,S>L:14,L>M:6,L>V:6,S>T:5,L>T:2,M>A:1,M>V:1,M>L:1,L>F:1,L>H:1,L>Q:1,S>V:1,V>M:1,A>V:1,S>A:1,T>M:1,L>A:1	L:169,S:48,M:17,V:10,T:9,A:3,Q:1,H:1,F:1,N:1
114	A	V	3	7	3.428e-03	0.0135750	F>L:20,F>V:12,V>A:7,L>V:5,L>F:4,F>P:3,V>G:3,A>V:3,F>G:2,A>G:2,F>A:2,V>M:2,L>G:2,S>F:2,F>S:2,L>A:2,F>C:1,F>M:1,V>F:1,F>I:1,L>I:1,L>D:1,G>S:1,G>D:1,L>W:1,M>V:1,G>E:1,V>L:1,G>V:1,S>D:1,S>P:1,L>P:1,L>M:1	F:68,V:67,L:50,G:19,A:15,-:8,M:8,S:6,W:5,P:5,D:3,I:2,C:1,E:1,X:1,Y:1
135	G	A	14	4	3.511e-03	0.0137243	G>V:14,G>E:14,G>A:14,A>V:9,G>S:8,A>T:4,A>G:4,G>D:2,V>G:2,S>G:2,E>G:1,G>I:1,V>M:1,A>S:1,A>E:1,G>T:1,E>H:1	G:157,V:38,A:22,E:18,S:12,T:6,M:2,D:2,H:1,I:1,W:1
48	V	A	7	0	3.511e-03	0.0137243	M>V:13,V>M:8,V>A:7,V>L:3,L>V:3,L>M:3,M>L:3,V>I:1	V:154,L:78,M:19,A:8,I:1
48	M	V	13	8	3.595e-03	0.0137809	M>V:13,V>M:8,V>A:7,V>L:3,L>V:3,L>M:3,M>L:3,V>I:1	V:154,L:78,M:19,A:8,I:1
134	G	S	4	28	3.595e-03	0.0137809	S>G:28,N>S:21,S>N:9,C>S:5,G>S:4,N>G:2,S>C:2,C>W:1,C>Y:1,G>E:1,S>V:1,S>A:1,N>C:1,G>D:1,S>D:1	S:114,N:79,G:46,C:11,D:2,A:2,W:2,E:1,V:1,X:1,Y:1
139	S	W	4	0	3.595e-03	0.0137809	S>L:21,S>F:15,S>V:5,S>A:5,S>W:4,F>L:3,A>V:3,V>M:2,S>P:2,S>Y:2,S>T:2,V>I:1,T>V:1,V>T:1,V>L:1,F>S:1,L>V:1,L>S:1,S>M:1,L>T:1,L>F:1	S:140,L:39,F:29,V:16,W:14,T:6,A:5,M:3,P:3,Y:2,I:1,-:1,D:1
149	V	L	5	0	3.679e-03	0.0140116	M>L:19,M>V:15,V>M:11,V>L:5,V>A:3,V>E:3,M>T:2,M>E:2,M>G:1,L>M:1,V>T:1,V>G:1,V>F:1,L>E:1	M:143,V:58,L:43,E:6,T:3,A:3,G:2,X:1,F:1
34	V	M	11	0	3.762e-03	0.0141498	V>L:11,V>I:11,V>M:11,L>M:3,I>V:1,L>V:1	V:192,L:40,M:17,I:11
124	L	V	4	7	3.762e-03	0.0141498	C>G:14,C>Y:9,V>L:7,V>G:6,C>S:6,S>F:5,L>F:4,C>W:4,C>V:4,S>V:4,L>V:4,G>E:3,F>Y:3,V>S:2,S>G:2,C>F:2,C>E:2,G>D:2,S>L:2,S>C:2,F>L:2,V>I:2,V>C:2,Y>F:2,M>E:1,L>M:1,S>A:1,C>R:1,C>D:1,C>H:1,C>A:1,L>T:1,V>M:1,L>A:1,L>I:1,S>W:1,F>S:1,F>V:1,V>F:1,V>P:1,V>D:1,V>Y:1,C>L:1,S>N:1,S>P:1	G:45,C:44,V:40,L:38,S:27,F:23,Y:13,E:6,W:5,D:4,A:3,I:3,M:2,P:2,R:1,H:1,T:1,N:1,X:1
123	G	E	5	49	3.846e-03	0.0141963	E>G:49,E>D:17,G>E:5,E>K:3,G>D:2,D>E:1,E>S:1,E>N:1	E:123,G:105,D:24,K:3,-:3,S:1,N:1
124	G	E	3	0	3.846e-03	0.0141963	C>G:14,C>Y:9,V>L:7,V>G:6,C>S:6,S>F:5,L>F:4,C>W:4,C>V:4,S>V:4,L>V:4,G>E:3,F>Y:3,V>S:2,S>G:2,C>F:2,C>E:2,G>D:2,S>L:2,S>C:2,F>L:2,V>I:2,V>C:2,Y>F:2,M>E:1,L>M:1,S>A:1,C>R:1,C>D:1,C>H:1,C>A:1,L>T:1,V>M:1,L>A:1,L>I:1,S>W:1,F>S:1,F>V:1,V>F:1,V>P:1,V>D:1,V>Y:1,C>L:1,S>N:1,S>P:1	G:45,C:44,V:40,L:38,S:27,F:23,Y:13,E:6,W:5,D:4,A:3,I:3,M:2,P:2,R:1,H:1,T:1,N:1,X:1
114	A	G	2	0	3.846e-03	0.0141963	F>L:20,F>V:12,V>A:7,L>V:5,L>F:4,F>P:3,V>G:3,A>V:3,F>G:2,A>G:2,F>A:2,V>M:2,L>G:2,S>F:2,F>S:2,L>A:2,F>C:1,F>M:1,V>F:1,F>I:1,L>I:1,L>D:1,G>S:1,G>D:1,L>W:1,M>V:1,G>E:1,V>L:1,G>V:1,S>D:1,S>P:1,L>P:1,L>M:1	F:68,V:67,L:50,G:19,A:15,-:8,M:8,S:6,W:5,P:5,D:3,I:2,C:1,E:1,X:1,Y:1
135	A	G	4	14	4.013e-03	0.0147227	G>V:14,G>E:14,G>A:14,A>V:9,G>S:8,A>T:4,A>G:4,G>D:2,V>G:2,S>G:2,E>G:1,G>I:1,V>M:1,A>S:1,A>E:1,G>T:1,E>H:1	G:157,V:38,A:22,E:18,S:12,T:6,M:2,D:2,H:1,I:1,W:1
97	G	V	7	0	4.180e-03	0.0150590	G>A:9,G>S:7,G>V:7,S>G:2,V>I:2,G>M:2,A>T:1,A>I:1,A>V:1,G>C:1,V>A:1,L>M:1,V>L:1	G:204,A:19,V:14,S:13,I:4,M:3,T:1,C:1,L:1
84	E	V	4	0	4.180e-03	0.0150590	E>G:4,E>V:4,E>Q:3,E>A:2,E>K:2,E>D:1	E:232,Q:10,V:6,G:4,A:4,K:3,D:1
114	F	P	3	0	4.180e-03	0.0150590	F>L:20,F>V:12,V>A:7,L>V:5,L>F:4,F>P:3,V>G:3,A>V:3,F>G:2,A>G:2,F>A:2,V>M:2,L>G:2,S>F:2,F>S:2,L>A:2,F>C:1,F>M:1,V>F:1,F>I:1,L>I:1,L>D:1,G>S:1,G>D:1,L>W:1,M>V:1,G>E:1,V>L:1,G>V:1,S>D:1,S>P:1,L>P:1,L>M:1	F:68,V:67,L:50,G:19,A:15,-:8,M:8,S:6,W:5,P:5,D:3,I:2,C:1,E:1,X:1,Y:1
127	E	D	2	6	4.347e-03	0.0155676	F>L:16,E>G:11,D>G:9,G>E:7,D>E:6,V>I:5,F>V:5,D>S:4,V>F:3,L>F:3,G>D:3,W>G:2,L>W:2,V>A:2,I>V:2,L>P:2,L>V:2,F>Y:2,F>G:2,E>D:2,D>V:2,G>V:2,W>Q:1,W>V:1,V>G:1,F>W:1,L>S:1,L>I:1,I>M:1,A>T:1,G>A:1,D>A:1,G>S:1,V>L:1	F:52,G:46,D:36,V:33,L:31,E:22,W:10,I:7,S:7,A:4,P:4,Q:2,Y:2,M:1,-:1,T:1,C:1
124	C	F	2	0	4.515e-03	0.0160701	C>G:14,C>Y:9,V>L:7,V>G:6,C>S:6,S>F:5,L>F:4,C>W:4,C>V:4,S>V:4,L>V:4,G>E:3,F>Y:3,V>S:2,S>G:2,C>F:2,C>E:2,G>D:2,S>L:2,S>C:2,F>L:2,V>I:2,V>C:2,Y>F:2,M>E:1,L>M:1,S>A:1,C>R:1,C>D:1,C>H:1,C>A:1,L>T:1,V>M:1,L>A:1,L>I:1,S>W:1,F>S:1,F>V:1,V>F:1,V>P:1,V>D:1,V>Y:1,C>L:1,S>N:1,S>P:1	G:45,C:44,V:40,L:38,S:27,F:23,Y:13,E:6,W:5,D:4,A:3,I:3,M:2,P:2,R:1,H:1,T:1,N:1,X:1
8	L	I	6	2	4.598e-03	0.0162708	L>F:13,F>L:9,L>V:6,L>I:6,I>V:4,L>M:4,F>V:2,I>L:2,L>S:1,F>M:1,F>I:1,V>I:1,M>V:1	L:177,F:41,V:18,I:18,M:5,S:1
110	V	A	21	4	4.682e-03	0.0164692	V>A:21,V>I:12,V>M:9,V>F:7,A>V:4,V>G:3,F>V:3,A>S:2,V>L:2,A>T:2,F>L:2,F>Y:2,I>V:1,V>T:1,F>S:1,F>I:1	V:166,A:26,G:15,F:15,I:14,M:11,L:5,T:3,S:3,Y:2
137	V	L	5	3	4.849e-03	0.0169576	M>V:26,M>L:7,V>L:5,V>A:5,M>A:4,M>E:3,V>T:3,L>V:3,A>V:2,M>T:2,M>I:2,V>I:2,A>P:1,A>S:1,A>M:1,M>S:1,E>G:1,L>M:1,V>M:1,M>F:1	L:113,V:59,M:54,A:12,I:6,T:5,E:3,S:2,X:2,P:1,F:1,G:1,-:1
135	G	E	14	1	5.351e-03	0.0186031	G>V:14,G>E:14,G>A:14,A>V:9,G>S:8,A>T:4,A>G:4,G>D:2,V>G:2,S>G:2,E>G:1,G>I:1,V>M:1,A>S:1,A>E:1,G>T:1,E>H:1	G:157,V:38,A:22,E:18,S:12,T:6,M:2,D:2,H:1,I:1,W:1
134	S	N	9	21	5.434e-03	0.0186766	S>G:28,N>S:21,S>N:9,C>S:5,G>S:4,N>G:2,S>C:2,C>W:1,C>Y:1,G>E:1,S>V:1,S>A:1,N>C:1,G>D:1,S>D:1	S:114,N:79,G:46,C:11,D:2,A:2,W:2,E:1,V:1,X:1,Y:1
98	F	L	5	14	5.434e-03	0.0186766	V>A:17,V>L:14,L>F:14,L>V:10,V>M:7,V>G:6,A>V:5,F>L:5,V>I:3,V>F:2,L>I:2,M>L:1,L>S:1,G>A:1	V:98,L:72,F:47,A:22,G:7,M:7,I:5,S:1,C:1
134	N	G	2	0	5.518e-03	0.0188556	S>G:28,N>S:21,S>N:9,C>S:5,G>S:4,N>G:2,S>C:2,C>W:1,C>Y:1,G>E:1,S>V:1,S>A:1,N>C:1,G>D:1,S>D:1	S:114,N:79,G:46,C:11,D:2,A:2,W:2,E:1,V:1,X:1,Y:1
102	V	G	2	0	5.685e-03	0.0193166	L>V:10,L>F:7,L>S:5,M>V:2,L>M:2,V>L:2,V>G:2,M>T:1,M>L:1,A>V:1,A>T:1,S>A:1,L>G:1,V>A:1	L:212,V:12,F:8,S:8,A:7,G:6,M:4,T:2,-:1
111	V	G	3	0	5.936e-03	0.0200548	V>M:18,M>V:14,V>I:12,V>L:12,V>A:5,M>L:4,V>F:4,V>G:3,F>L:2,L>A:1,F>W:1,L>W:1,V>C:1,L>I:1,V>S:1,L>V:1,T>V:1,M>T:1,I>V:1,I>G:1	V:146,L:34,M:32,I:20,F:10,A:6,G:4,W:3,T:2,C:1,S:1,-:1
128	E	G	4	12	6.270e-03	0.0210657	G>E:12,V>G:9,G>W:5,G>A:5,E>V:5,A>V:4,G>S:4,E>G:4,G>V:3,G>M:3,A>G:3,E>D:3,G>D:2,V>A:2,A>S:2,A>T:1,E>S:1,V>N:1,V>D:1,V>E:1,V>L:1,V>S:1	G:154,V:36,E:30,S:10,D:8,A:8,W:6,M:3,T:2,N:1,L:1,F:1
157	L	Q	2	1	6.521e-03	0.0217859	M>L:12,L>F:5,L>M:3,L>P:2,L>Q:2,V>I:1,M>V:1,F>L:1,Q>L:1,M>Q:1	L:126,M:99,Q:22,F:7,X:2,P:2,I:1,V:1
124	G	D	2	0	6.605e-03	0.0219426	C>G:14,C>Y:9,V>L:7,V>G:6,C>S:6,S>F:5,L>F:4,C>W:4,C>V:4,S>V:4,L>V:4,G>E:3,F>Y:3,V>S:2,S>G:2,C>F:2,C>E:2,G>D:2,S>L:2,S>C:2,F>L:2,V>I:2,V>C:2,Y>F:2,M>E:1,L>M:1,S>A:1,C>R:1,C>D:1,C>H:1,C>A:1,L>T:1,V>M:1,L>A:1,L>I:1,S>W:1,F>S:1,F>V:1,V>F:1,V>P:1,V>D:1,V>Y:1,C>L:1,S>N:1,S>P:1	G:45,C:44,V:40,L:38,S:27,F:23,Y:13,E:6,W:5,D:4,A:3,I:3,M:2,P:2,R:1,H:1,T:1,N:1,X:1
48	V	M	8	13	6.772e-03	0.0222509	M>V:13,V>M:8,V>A:7,V>L:3,L>V:3,L>M:3,M>L:3,V>I:1	V:154,L:78,M:19,A:8,I:1
101	G	S	2	0	6.772e-03	0.0222509	V>I:12,V>A:10,V>L:8,V>M:4,G>V:4,M>L:3,A>V:3,G>C:3,M>V:2,V>F:2,V>G:2,G>S:2,G>A:2,M>A:1,I>A:1,I>M:1,I>T:1	G:102,V:92,A:19,I:14,L:12,M:10,C:5,F:2,S:2,T:1,-:1
126	M	A	2	0	6.939e-03	0.0226757	K>G:11,V>A:8,M>V:8,K>E:6,V>G:4,L>F:3,K>N:3,V>L:2,L>V:2,M>I:2,M>A:2,M>L:2,L>S:2,W>L:2,G>E:1,K>V:1,K>D:1,K>Q:1,N>G:1,N>D:1,G>S:1,A>G:1,V>M:1,M>S:1,L>M:1,L>P:1,W>G:1,K>W:1	K:72,V:69,G:31,L:17,W:16,M:14,A:11,E:7,N:7,S:7,F:3,D:2,I:2,P:1,Q:1
114	F	G	2	0	7.023e-03	0.0228242	F>L:20,F>V:12,V>A:7,L>V:5,L>F:4,F>P:3,V>G:3,A>V:3,F>G:2,A>G:2,F>A:2,V>M:2,L>G:2,S>F:2,F>S:2,L>A:2,F>C:1,F>M:1,V>F:1,F>I:1,L>I:1,L>D:1,G>S:1,G>D:1,L>W:1,M>V:1,G>E:1,V>L:1,G>V:1,S>D:1,S>P:1,L>P:1,L>M:1	F:68,V:67,L:50,G:19,A:15,-:8,M:8,S:6,W:5,P:5,D:3,I:2,C:1,E:1,X:1,Y:1
92	G	S	2	0	7.190e-03	0.0232413	R>G:16,R>Q:7,R>H:5,R>W:2,G>S:2,P>S:1,R>P:1,R>Y:1,R>K:1,H>Y:1,G>N:1,G>R:1	R:134,G:93,P:11,Q:7,H:5,S:3,Y:2,W:2,K:2,N:1
124	S	G	2	0	7.357e-03	0.0236539	C>G:14,C>Y:9,V>L:7,V>G:6,C>S:6,S>F:5,L>F:4,C>W:4,C>V:4,S>V:4,L>V:4,G>E:3,F>Y:3,V>S:2,S>G:2,C>F:2,C>E:2,G>D:2,S>L:2,S>C:2,F>L:2,V>I:2,V>C:2,Y>F:2,M>E:1,L>M:1,S>A:1,C>R:1,C>D:1,C>H:1,C>A:1,L>T:1,V>M:1,L>A:1,L>I:1,S>W:1,F>S:1,F>V:1,V>F:1,V>P:1,V>D:1,V>Y:1,C>L:1,S>N:1,S>P:1	G:45,C:44,V:40,L:38,S:27,F:23,Y:13,E:6,W:5,D:4,A:3,I:3,M:2,P:2,R:1,H:1,T:1,N:1,X:1
128	G	W	5	0	7.441e-03	0.0237948	G>E:12,V>G:9,G>W:5,G>A:5,E>V:5,A>V:4,G>S:4,E>G:4,G>V:3,G>M:3,A>G:3,E>D:3,G>D:2,V>A:2,A>S:2,A>T:1,E>S:1,V>N:1,V>D:1,V>E:1,V>L:1,V>S:1	G:154,V:36,E:30,S:10,D:8,A:8,W:6,M:3,T:2,N:1,L:1,F:1
85	S	A	6	10	7.608e-03	0.0242001	A>T:16,A>S:10,A>G:8,S>A:6,S>T:4,A>V:3,T>A:1,I>V:1,V>I:1,S>F:1,S>G:1	A:161,S:44,T:25,G:22,V:5,F:2,I:1
109	V	G	5	0	7.942e-03	0.0251302	I>V:20,V>M:13,V>A:13,V>I:12,V>L:11,V>G:5,I>A:4,V>C:3,F>L:3,V>F:3,I>L:3,L>F:3,A>G:2,I>F:2,A>V:1,V>D:1,I>S:1,C>Y:1,V>W:1,V>T:1	V:113,L:66,A:19,I:18,M:15,F:13,G:8,C:3,T:1,D:1,S:1,Y:1,W:1
153	C	Y	9	1	8.026e-03	0.0252610	W>R:14,C>W:13,C>Y:9,W>C:9,W>L:5,C>H:4,C>S:4,E>D:4,W>Q:3,C>Q:3,H>Y:2,L>S:2,C>E:2,R>W:2,R>S:1,H>R:1,W>F:1,C>L:1,Y>C:1,H>Q:1,D>E:1,E>Y:1,W>E:1,R>Q:1,L>W:1,Q>R:1,W>D:1	W:112,C:40,R:25,E:23,Y:13,L:11,S:11,Q:9,D:9,H:5,-:1,F:1
101	G	A	2	0	8.193e-03	0.0256523	V>I:12,V>A:10,V>L:8,V>M:4,G>V:4,M>L:3,A>V:3,G>C:3,M>V:2,V>F:2,V>G:2,G>S:2,G>A:2,M>A:1,I>A:1,I>M:1,I>T:1	G:102,V:92,A:19,I:14,L:12,M:10,C:5,F:2,S:2,T:1,-:1
48	V	L	3	3	8.277e-03	0.0257791	M>V:13,V>M:8,V>A:7,V>L:3,L>V:3,L>M:3,M>L:3,V>I:1	V:154,L:78,M:19,A:8,I:1
124	Y	F	2	3	8.444e-03	0.0261636	C>G:14,C>Y:9,V>L:7,V>G:6,C>S:6,S>F:5,L>F:4,C>W:4,C>V:4,S>V:4,L>V:4,G>E:3,F>Y:3,V>S:2,S>G:2,C>F:2,C>E:2,G>D:2,S>L:2,S>C:2,F>L:2,V>I:2,V>C:2,Y>F:2,M>E:1,L>M:1,S>A:1,C>R:1,C>D:1,C>H:1,C>A:1,L>T:1,V>M:1,L>A:1,L>I:1,S>W:1,F>S:1,F>V:1,V>F:1,V>P:1,V>D:1,V>Y:1,C>L:1,S>N:1,S>P:1	G:45,C:44,V:40,L:38,S:27,F:23,Y:13,E:6,W:5,D:4,A:3,I:3,M:2,P:2,R:1,H:1,T:1,N:1,X:1
5	N	S	5	0	8.695e-03	0.0268019	N>S:5,N>K:3,N>T:3,E>G:2,Y>S:1,M>A:1,M>Q:1,K>M:1,E>V:1,E>T:1,E>K:1,E>Q:1,K>E:1,N>E:1,N>Y:1,N>D:1,Y>N:1	Y:145,E:43,N:33,K:18,S:6,Q:4,T:4,G:2,D:1,V:1,A:1,M:1,F:1
113	D	G	3	11	8.779e-03	0.0269208	G>D:11,G>E:8,G>V:4,D>G:3,G>S:3,D>N:1,G>H:1,A>V:1,G>A:1	G:222,D:12,E:10,V:5,A:3,S:3,H:3,N:1,-:1
145	S	D	6	0	8.946e-03	0.0271551	S>G:20,S>D:6,S>V:4,S>N:3,D>E:3,S>E:2,S>T:2,G>D:2,N>S:1,V>S:1,G>E:1,S>C:1,G>N:1,G>S:1,D>N:1	S:199,G:28,D:11,N:7,E:6,V:5,T:2,C:1,L:1
153	R	W	2	14	8.946e-03	0.0271551	W>R:14,C>W:13,C>Y:9,W>C:9,W>L:5,C>H:4,C>S:4,E>D:4,W>Q:3,C>Q:3,H>Y:2,L>S:2,C>E:2,R>W:2,R>S:1,H>R:1,W>F:1,C>L:1,Y>C:1,H>Q:1,D>E:1,E>Y:1,W>E:1,R>Q:1,L>W:1,Q>R:1,W>D:1	W:112,C:40,R:25,E:23,Y:13,L:11,S:11,Q:9,D:9,H:5,-:1,F:1
153	C	H	4	0	9.029e-03	0.0272704	W>R:14,C>W:13,C>Y:9,W>C:9,W>L:5,C>H:4,C>S:4,E>D:4,W>Q:3,C>Q:3,H>Y:2,L>S:2,C>E:2,R>W:2,R>S:1,H>R:1,W>F:1,C>L:1,Y>C:1,H>Q:1,D>E:1,E>Y:1,W>E:1,R>Q:1,L>W:1,Q>R:1,W>D:1	W:112,C:40,R:25,E:23,Y:13,L:11,S:11,Q:9,D:9,H:5,-:1,F:1
112	M	V	2	0	9.447e-03	0.0283896	G>S:17,G>V:11,G>W:9,G>A:2,S>G:2,G>C:2,G>M:2,M>V:2,G>E:1,G>L:1,G>Y:1,M>L:1,V>I:1,G>F:1	G:192,S:24,V:18,W:12,M:4,C:2,A:2,L:2,E:1,Y:1,F:1,I:1
137	M	V	26	1	9.615e-03	0.0284630	M>V:26,M>L:7,V>L:5,V>A:5,M>A:4,M>E:3,V>T:3,L>V:3,A>V:2,M>T:2,M>I:2,V>I:2,A>P:1,A>S:1,A>M:1,M>S:1,E>G:1,L>M:1,V>M:1,M>F:1	L:113,V:59,M:54,A:12,I:6,T:5,E:3,S:2,X:2,P:1,F:1,G:1,-:1
109	F	L	3	3	9.615e-03	0.0284630	I>V:20,V>M:13,V>A:13,V>I:12,V>L:11,V>G:5,I>A:4,V>C:3,F>L:3,V>F:3,I>L:3,L>F:3,A>G:2,I>F:2,A>V:1,V>D:1,I>S:1,C>Y:1,V>W:1,V>T:1	V:113,L:66,A:19,I:18,M:15,F:13,G:8,C:3,T:1,D:1,S:1,Y:1,W:1
128	A	G	3	5	9.615e-03	0.0284630	G>E:12,V>G:9,G>W:5,G>A:5,E>V:5,A>V:4,G>S:4,E>G:4,G>V:3,G>M:3,A>G:3,E>D:3,G>D:2,V>A:2,A>S:2,A>T:1,E>S:1,V>N:1,V>D:1,V>E:1,V>L:1,V>S:1	G:154,V:36,E:30,S:10,D:8,A:8,W:6,M:3,T:2,N:1,L:1,F:1
125	S	T	2	3	9.949e-03	0.0293079	W>L:13,L>V:4,S>F:4,T>V:4,G>E:3,L>S:3,T>S:3,W>G:2,S>T:2,Q>W:2,G>S:1,L>W:1,W>Y:1,W>M:1,G>K:1,V>I:1,G>V:1,L>M:1,S>L:1,S>G:1,F>S:1,F>V:1,F>I:1,F>L:1,F>Y:1,F>P:1,S>D:1,S>V:1,S>Y:1,T>I:1,V>A:1,T>M:1,W>T:1,Q>R:1,E>G:1,Q>E:1,W>Q:1	W:94,L:82,S:16,V:15,G:14,F:9,T:5,Q:5,E:4,Y:3,M:3,I:3,-:2,D:1,R:1,K:1,A:1,P:1
155	A	V	20	24	1.012e-02	0.0295097	V>A:24,A>V:20,V>G:3,A>S:2,V>M:1,A>G:1	V:138,A:111,S:5,G:4,M:1,W:1
15	V	A	12	1	1.012e-02	0.0295097	I>V:18,V>I:15,V>A:12,V>M:3,V>T:2,M>V:2,A>V:1,V>L:1,A>T:1	V:197,I:27,A:22,M:9,T:3,L:2
114	F	L	20	4	1.079e-02	0.0310070	F>L:20,F>V:12,V>A:7,L>V:5,L>F:4,F>P:3,V>G:3,A>V:3,F>G:2,A>G:2,F>A:2,V>M:2,L>G:2,S>F:2,F>S:2,L>A:2,F>C:1,F>M:1,V>F:1,F>I:1,L>I:1,L>D:1,G>S:1,G>D:1,L>W:1,M>V:1,G>E:1,V>L:1,G>V:1,S>D:1,S>P:1,L>P:1,L>M:1	F:68,V:67,L:50,G:19,A:15,-:8,M:8,S:6,W:5,P:5,D:3,I:2,C:1,E:1,X:1,Y:1
149	V	M	11	15	1.079e-02	0.0310070	M>L:19,M>V:15,V>M:11,V>L:5,V>A:3,V>E:3,M>T:2,M>E:2,M>G:1,L>M:1,V>T:1,V>G:1,V>F:1,L>E:1	M:143,V:58,L:43,E:6,T:3,A:3,G:2,X:1,F:1
122	S	P	2	3	1.079e-02	0.0310070	F>L:9,F>S:9,V>I:6,V>M:5,V>A:5,S>F:5,M>V:4,V>G:4,F>P:4,F>Y:3,S>L:3,F>V:3,P>L:3,P>S:3,V>L:2,F>Q:2,S>P:2,M>T:1,V>W:1,V>S:1,S>M:1,L>S:1,L>V:1,F>I:1,S>T:1,S>Y:1,F>T:1,P>F:1,P>M:1,P>V:1,S>C:1,L>Y:1,V>F:1	V:82,F:38,L:32,S:32,-:22,M:13,P:11,I:8,A:6,Y:5,G:4,T:3,Q:2,C:1,W:1
13	C	G	8	0	1.104e-02	0.0314259	C>G:8,C>S:7,C>L:5,C>F:4,C>W:2,G>S:2,S>C:1,S>G:1,G>V:1,C>A:1,I>T:1,F>I:1,F>L:1	C:207,S:17,G:16,L:8,F:6,W:2,A:1,V:1,I:1,T:1
114	S	F	2	2	1.104e-02	0.0314259	F>L:20,F>V:12,V>A:7,L>V:5,L>F:4,F>P:3,V>G:3,A>V:3,F>G:2,A>G:2,F>A:2,V>M:2,L>G:2,S>F:2,F>S:2,L>A:2,F>C:1,F>M:1,V>F:1,F>I:1,L>I:1,L>D:1,G>S:1,G>D:1,L>W:1,M>V:1,G>E:1,V>L:1,G>V:1,S>D:1,S>P:1,L>P:1,L>M:1	F:68,V:67,L:50,G:19,A:15,-:8,M:8,S:6,W:5,P:5,D:3,I:2,C:1,E:1,X:1,Y:1
94	V	L	8	2	1.120e-02	0.0317509	V>I:16,V>M:14,V>L:8,V>A:7,L>W:3,M>V:3,M>L:3,L>V:2,M>A:1,L>F:1,V>T:1,I>V:1	V:176,L:34,M:19,I:17,A:9,W:3,T:1,F:1
113	G	D	11	3	1.187e-02	0.0334878	G>D:11,G>E:8,G>V:4,D>G:3,G>S:3,D>N:1,G>H:1,A>V:1,G>A:1	G:222,D:12,E:10,V:5,A:3,S:3,H:3,N:1,-:1
102	L	V	10	2	1.212e-02	0.0340347	L>V:10,L>F:7,L>S:5,M>V:2,L>M:2,V>L:2,V>G:2,M>T:1,M>L:1,A>V:1,A>T:1,S>A:1,L>G:1,V>A:1	L:212,V:12,F:8,S:8,A:7,G:6,M:4,T:2,-:1
122	F	Y	3	0	1.221e-02	0.0341093	F>L:9,F>S:9,V>I:6,V>M:5,V>A:5,S>F:5,M>V:4,V>G:4,F>P:4,F>Y:3,S>L:3,F>V:3,P>L:3,P>S:3,V>L:2,F>Q:2,S>P:2,M>T:1,V>W:1,V>S:1,S>M:1,L>S:1,L>V:1,F>I:1,S>T:1,S>Y:1,F>T:1,P>F:1,P>M:1,P>V:1,S>C:1,L>Y:1,V>F:1	V:82,F:38,L:32,S:32,-:22,M:13,P:11,I:8,A:6,Y:5,G:4,T:3,Q:2,C:1,W:1
124	S	C	2	6	1.229e-02	0.0341832	C>G:14,C>Y:9,V>L:7,V>G:6,C>S:6,S>F:5,L>F:4,C>W:4,C>V:4,S>V:4,L>V:4,G>E:3,F>Y:3,V>S:2,S>G:2,C>F:2,C>E:2,G>D:2,S>L:2,S>C:2,F>L:2,V>I:2,V>C:2,Y>F:2,M>E:1,L>M:1,S>A:1,C>R:1,C>D:1,C>H:1,C>A:1,L>T:1,V>M:1,L>A:1,L>I:1,S>W:1,F>S:1,F>V:1,V>F:1,V>P:1,V>D:1,V>Y:1,C>L:1,S>N:1,S>P:1	G:45,C:44,V:40,L:38,S:27,F:23,Y:13,E:6,W:5,D:4,A:3,I:3,M:2,P:2,R:1,H:1,T:1,N:1,X:1
124	F	Y	3	2	1.254e-02	0.0345593	C>G:14,C>Y:9,V>L:7,V>G:6,C>S:6,S>F:5,L>F:4,C>W:4,C>V:4,S>V:4,L>V:4,G>E:3,F>Y:3,V>S:2,S>G:2,C>F:2,C>E:2,G>D:2,S>L:2,S>C:2,F>L:2,V>I:2,V>C:2,Y>F:2,M>E:1,L>M:1,S>A:1,C>R:1,C>D:1,C>H:1,C>A:1,L>T:1,V>M:1,L>A:1,L>I:1,S>W:1,F>S:1,F>V:1,V>F:1,V>P:1,V>D:1,V>Y:1,C>L:1,S>N:1,S>P:1	G:45,C:44,V:40,L:38,S:27,F:23,Y:13,E:6,W:5,D:4,A:3,I:3,M:2,P:2,R:1,H:1,T:1,N:1,X:1
8	I	L	2	6	1.254e-02	0.0345593	L>F:13,F>L:9,L>V:6,L>I:6,I>V:4,L>M:4,F>V:2,I>L:2,L>S:1,F>M:1,F>I:1,V>I:1,M>V:1	L:177,F:41,V:18,I:18,M:5,S:1
101	V	L	8	0	1.262e-02	0.0346301	V>I:12,V>A:10,V>L:8,V>M:4,G>V:4,M>L:3,A>V:3,G>C:3,M>V:2,V>F:2,V>G:2,G>S:2,G>A:2,M>A:1,I>A:1,I>M:1,I>T:1	G:102,V:92,A:19,I:14,L:12,M:10,C:5,F:2,S:2,T:1,-:1
56	S	A	14	0	1.338e-02	0.0365266	S>A:14,A>G:2,S>P:1	S:218,A:37,G:3,P:2
152	F	S	2	3	1.346e-02	0.0365878	S>F:3,S>G:2,F>S:2,S>H:1,S>A:1,S>D:1,S>C:1,F>C:1	S:238,F:14,C:2,G:2,H:1,D:1,A:1,L:1
128	A	V	4	2	1.405e-02	0.0378347	G>E:12,V>G:9,G>W:5,G>A:5,E>V:5,A>V:4,G>S:4,E>G:4,G>V:3,G>M:3,A>G:3,E>D:3,G>D:2,V>A:2,A>S:2,A>T:1,E>S:1,V>N:1,V>D:1,V>E:1,V>L:1,V>S:1	G:154,V:36,E:30,S:10,D:8,A:8,W:6,M:3,T:2,N:1,L:1,F:1
157	L	P	2	0	1.405e-02	0.0378347	M>L:12,L>F:5,L>M:3,L>P:2,L>Q:2,V>I:1,M>V:1,F>L:1,Q>L:1,M>Q:1	L:126,M:99,Q:22,F:7,X:2,P:2,I:1,V:1
149	M	E	2	0	1.430e-02	0.0383376	M>L:19,M>V:15,V>M:11,V>L:5,V>A:3,V>E:3,M>T:2,M>E:2,M>G:1,L>M:1,V>T:1,V>G:1,V>F:1,L>E:1	M:143,V:58,L:43,E:6,T:3,A:3,G:2,X:1,F:1
42	A	V	7	13	1.455e-02	0.0387136	V>A:13,V>M:11,A>V:7,T>S:1,V>T:1	A:140,V:105,M:11,T:2,S:1,F:1
104	L	I	3	0	1.463e-02	0.0387136	V>I:11,L>V:6,I>V:3,L>I:3,L>F:3,V>L:3,V>M:2,V>A:2,L>A:1	V:149,L:87,I:15,A:3,F:3,M:2,-:1
97	G	M	2	0	1.463e-02	0.0387136	G>A:9,G>S:7,G>V:7,S>G:2,V>I:2,G>M:2,A>T:1,A>I:1,A>V:1,G>C:1,V>A:1,L>M:1,V>L:1	G:204,A:19,V:14,S:13,I:4,M:3,T:1,C:1,L:1
5	N	K	3	0	1.471e-02	0.0387633	N>S:5,N>K:3,N>T:3,E>G:2,Y>S:1,M>A:1,M>Q:1,K>M:1,E>V:1,E>T:1,E>K:1,E>Q:1,K>E:1,N>E:1,N>Y:1,N>D:1,Y>N:1	Y:145,E:43,N:33,K:18,S:6,Q:4,T:4,G:2,D:1,V:1,A:1,M:1,F:1
149	M	L	19	1	1.513e-02	0.0393445	M>L:19,M>V:15,V>M:11,V>L:5,V>A:3,V>E:3,M>T:2,M>E:2,M>G:1,L>M:1,V>T:1,V>G:1,V>F:1,L>E:1	M:143,V:58,L:43,E:6,T:3,A:3,G:2,X:1,F:1
89	G	M	2	0	1.505e-02	0.0393445	A>G:20,A>V:13,G>D:5,A>T:5,G>A:3,G>S:2,G>M:2,A>S:2,A>F:2,G>V:2,G>E:1,G>N:1,V>G:1,A>L:1	G:185,A:31,V:20,T:6,D:6,S:5,M:2,F:2,L:1,N:1,E:1
13	G	S	2	1	1.513e-02	0.0393445	C>G:8,C>S:7,C>L:5,C>F:4,C>W:2,G>S:2,S>C:1,S>G:1,G>V:1,C>A:1,I>T:1,F>I:1,F>L:1	C:207,S:17,G:16,L:8,F:6,W:2,A:1,V:1,I:1,T:1
41	I	V	29	12	1.530e-02	0.0396071	I>V:29,V>I:12,V>L:2,V>A:1,I>A:1,V>F:1	V:197,I:51,F:7,A:2,L:2,M:1
128	G	E	12	4	1.538e-02	0.0396519	G>E:12,V>G:9,G>W:5,G>A:5,E>V:5,A>V:4,G>S:4,E>G:4,G>V:3,G>M:3,A>G:3,E>D:3,G>D:2,V>A:2,A>S:2,A>T:1,E>S:1,V>N:1,V>D:1,V>E:1,V>L:1,V>S:1	G:154,V:36,E:30,S:10,D:8,A:8,W:6,M:3,T:2,N:1,L:1,F:1
150	F	L	19	2	1.572e-02	0.0398272	F>L:19,L>F:2,F>M:1	F:205,L:54,M:1
98	V	A	17	5	1.563e-02	0.0398272	V>A:17,V>L:14,L>F:14,L>V:10,V>M:7,V>G:6,A>V:5,F>L:5,V>I:3,V>F:2,L>I:2,M>L:1,L>S:1,G>A:1	V:98,L:72,F:47,A:22,G:7,M:7,I:5,S:1,C:1
139	F	L	3	1	1.563e-02	0.0398272	S>L:21,S>F:15,S>V:5,S>A:5,S>W:4,F>L:3,A>V:3,V>M:2,S>P:2,S>Y:2,S>T:2,V>I:1,T>V:1,V>T:1,V>L:1,F>S:1,L>V:1,L>S:1,S>M:1,L>T:1,L>F:1	S:140,L:39,F:29,V:16,W:14,T:6,A:5,M:3,P:3,Y:2,I:1,-:1,D:1
126	M	I	2	0	1.572e-02	0.0398272	K>G:11,V>A:8,M>V:8,K>E:6,V>G:4,L>F:3,K>N:3,V>L:2,L>V:2,M>I:2,M>A:2,M>L:2,L>S:2,W>L:2,G>E:1,K>V:1,K>D:1,K>Q:1,N>G:1,N>D:1,G>S:1,A>G:1,V>M:1,M>S:1,L>M:1,L>P:1,W>G:1,K>W:1	K:72,V:69,G:31,L:17,W:16,M:14,A:11,E:7,N:7,S:7,F:3,D:2,I:2,P:1,Q:1
124	L	F	4	2	1.597e-02	0.0402920	C>G:14,C>Y:9,V>L:7,V>G:6,C>S:6,S>F:5,L>F:4,C>W:4,C>V:4,S>V:4,L>V:4,G>E:3,F>Y:3,V>S:2,S>G:2,C>F:2,C>E:2,G>D:2,S>L:2,S>C:2,F>L:2,V>I:2,V>C:2,Y>F:2,M>E:1,L>M:1,S>A:1,C>R:1,C>D:1,C>H:1,C>A:1,L>T:1,V>M:1,L>A:1,L>I:1,S>W:1,F>S:1,F>V:1,V>F:1,V>P:1,V>D:1,V>Y:1,C>L:1,S>N:1,S>P:1	G:45,C:44,V:40,L:38,S:27,F:23,Y:13,E:6,W:5,D:4,A:3,I:3,M:2,P:2,R:1,H:1,T:1,N:1,X:1
130	S	N	4	1	1.614e-02	0.0405428	G>S:10,G>D:8,E>G:8,E>D:7,G>E:6,G>N:5,V>S:5,V>I:5,V>T:4,S>N:4,V>E:4,D>G:4,V>L:3,V>G:3,V>N:2,V>M:2,E>A:2,D>N:2,G>C:1,N>S:1,A>S:1,V>A:1,V>F:1,V>Y:1,S>D:1,V>W:1,E>V:1,D>E:1,S>G:1,D>S:1,S>E:1,S>V:1,G>W:1,G>V:1	G:100,V:54,S:26,D:23,E:20,N:14,I:5,T:4,A:4,L:3,W:2,M:2,F:1,C:1,Y:1
61	M	L	7	1	1.639e-02	0.0410008	M>L:7,M>V:1,L>M:1	M:218,L:40,V:1,X:1
145	G	D	2	0	1.672e-02	0.0416632	S>G:20,S>D:6,S>V:4,S>N:3,D>E:3,S>E:2,S>T:2,G>D:2,N>S:1,V>S:1,G>E:1,S>C:1,G>N:1,G>S:1,D>N:1	S:199,G:28,D:11,N:7,E:6,V:5,T:2,C:1,L:1
111	F	L	2	0	1.747e-02	0.0433574	V>M:18,M>V:14,V>I:12,V>L:12,V>A:5,M>L:4,V>F:4,V>G:3,F>L:2,L>A:1,F>W:1,L>W:1,V>C:1,L>I:1,V>S:1,L>V:1,T>V:1,M>T:1,I>V:1,I>G:1	V:146,L:34,M:32,I:20,F:10,A:6,G:4,W:3,T:2,C:1,S:1,-:1
112	G	M	2	0	1.756e-02	0.0433848	G>S:17,G>V:11,G>W:9,G>A:2,S>G:2,G>C:2,G>M:2,M>V:2,G>E:1,G>L:1,G>Y:1,M>L:1,V>I:1,G>F:1	G:192,S:24,V:18,W:12,M:4,C:2,A:2,L:2,E:1,Y:1,F:1,I:1
109	I	A	4	0	1.764e-02	0.0434120	I>V:20,V>M:13,V>A:13,V>I:12,V>L:11,V>G:5,I>A:4,V>C:3,F>L:3,V>F:3,I>L:3,L>F:3,A>G:2,I>F:2,A>V:1,V>D:1,I>S:1,C>Y:1,V>W:1,V>T:1	V:113,L:66,A:19,I:18,M:15,F:13,G:8,C:3,T:1,D:1,S:1,Y:1,W:1
130	V	I	5	0	1.798e-02	0.0438739	G>S:10,G>D:8,E>G:8,E>D:7,G>E:6,G>N:5,V>S:5,V>I:5,V>T:4,S>N:4,V>E:4,D>G:4,V>L:3,V>G:3,V>N:2,V>M:2,E>A:2,D>N:2,G>C:1,N>S:1,A>S:1,V>A:1,V>F:1,V>Y:1,S>D:1,V>W:1,E>V:1,D>E:1,S>G:1,D>S:1,S>E:1,S>V:1,G>W:1,G>V:1	G:100,V:54,S:26,D:23,E:20,N:14,I:5,T:4,A:4,L:3,W:2,M:2,F:1,C:1,Y:1
153	W	Q	3	0	1.798e-02	0.0438739	W>R:14,C>W:13,C>Y:9,W>C:9,W>L:5,C>H:4,C>S:4,E>D:4,W>Q:3,C>Q:3,H>Y:2,L>S:2,C>E:2,R>W:2,R>S:1,H>R:1,W>F:1,C>L:1,Y>C:1,H>Q:1,D>E:1,E>Y:1,W>E:1,R>Q:1,L>W:1,Q>R:1,W>D:1	W:112,C:40,R:25,E:23,Y:13,L:11,S:11,Q:9,D:9,H:5,-:1,F:1
137	L	V	3	5	1.806e-02	0.0438988	M>V:26,M>L:7,V>L:5,V>A:5,M>A:4,M>E:3,V>T:3,L>V:3,A>V:2,M>T:2,M>I:2,V>I:2,A>P:1,A>S:1,A>M:1,M>S:1,E>G:1,L>M:1,V>M:1,M>F:1	L:113,V:59,M:54,A:12,I:6,T:5,E:3,S:2,X:2,P:1,F:1,G:1,-:1
106	A	G	3	0	1.814e-02	0.0439235	V>A:13,V>M:12,V>I:9,I>V:7,V>L:6,A>G:3,V>G:3,A>V:2,V>F:2,V>S:1,V>T:1,M>G:1,M>L:1,M>V:1	V:192,M:16,A:15,I:13,L:11,G:8,F:2,T:1,S:1,-:1
122	V	G	4	0	1.831e-02	0.0441495	F>L:9,F>S:9,V>I:6,V>M:5,V>A:5,S>F:5,M>V:4,V>G:4,F>P:4,F>Y:3,S>L:3,F>V:3,P>L:3,P>S:3,V>L:2,F>Q:2,S>P:2,M>T:1,V>W:1,V>S:1,S>M:1,L>S:1,L>V:1,F>I:1,S>T:1,S>Y:1,F>T:1,P>F:1,P>M:1,P>V:1,S>C:1,L>Y:1,V>F:1	V:82,F:38,L:32,S:32,-:22,M:13,P:11,I:8,A:6,Y:5,G:4,T:3,Q:2,C:1,W:1
126	M	L	2	1	1.848e-02	0.0443738	K>G:11,V>A:8,M>V:8,K>E:6,V>G:4,L>F:3,K>N:3,V>L:2,L>V:2,M>I:2,M>A:2,M>L:2,L>S:2,W>L:2,G>E:1,K>V:1,K>D:1,K>Q:1,N>G:1,N>D:1,G>S:1,A>G:1,V>M:1,M>S:1,L>M:1,L>P:1,W>G:1,K>W:1	K:72,V:69,G:31,L:17,W:16,M:14,A:11,E:7,N:7,S:7,F:3,D:2,I:2,P:1,Q:1
102	L	S	5	0	1.856e-02	0.0443963	L>V:10,L>F:7,L>S:5,M>V:2,L>M:2,V>L:2,V>G:2,M>T:1,M>L:1,A>V:1,A>T:1,S>A:1,L>G:1,V>A:1	L:212,V:12,F:8,S:8,A:7,G:6,M:4,T:2,-:1
123	G	D	2	0	1.864e-02	0.0444186	E>G:49,E>D:17,G>E:5,E>K:3,G>D:2,D>E:1,E>S:1,E>N:1	E:123,G:105,D:24,K:3,-:3,S:1,N:1
34	V	I	11	1	1.873e-02	0.0444407	V>L:11,V>I:11,V>M:11,L>M:3,I>V:1,L>V:1	V:192,L:40,M:17,I:11
105	M	L	2	0	1.898e-02	0.0448579	V>A:18,V>G:17,V>I:17,V>M:15,M>V:7,F>L:5,V>L:4,L>V:2,G>V:2,M>G:2,M>L:2,C>V:1,C>W:1,C>Y:1,F>C:1,A>G:1,A>V:1,V>W:1,V>T:1,L>F:1,I>V:1,F>V:1	V:119,G:28,M:27,A:25,L:23,I:17,F:12,C:4,W:2,T:1,Y:1,-:1
128	V	A	2	4	1.915e-02	0.0450750	G>E:12,V>G:9,G>W:5,G>A:5,E>V:5,A>V:4,G>S:4,E>G:4,G>V:3,G>M:3,A>G:3,E>D:3,G>D:2,V>A:2,A>S:2,A>T:1,E>S:1,V>N:1,V>D:1,V>E:1,V>L:1,V>S:1	G:154,V:36,E:30,S:10,D:8,A:8,W:6,M:3,T:2,N:1,L:1,F:1
130	E	D	7	1	1.940e-02	0.0451324	G>S:10,G>D:8,E>G:8,E>D:7,G>E:6,G>N:5,V>S:5,V>I:5,V>T:4,S>N:4,V>E:4,D>G:4,V>L:3,V>G:3,V>N:2,V>M:2,E>A:2,D>N:2,G>C:1,N>S:1,A>S:1,V>A:1,V>F:1,V>Y:1,S>D:1,V>W:1,E>V:1,D>E:1,S>G:1,D>S:1,S>E:1,S>V:1,G>W:1,G>V:1	G:100,V:54,S:26,D:23,E:20,N:14,I:5,T:4,A:4,L:3,W:2,M:2,F:1,C:1,Y:1
102	V	L	2	10	1.940e-02	0.0451324	L>V:10,L>F:7,L>S:5,M>V:2,L>M:2,V>L:2,V>G:2,M>T:1,M>L:1,A>V:1,A>T:1,S>A:1,L>G:1,V>A:1	L:212,V:12,F:8,S:8,A:7,G:6,M:4,T:2,-:1
32	A	G	2	2	1.940e-02	0.0451324	G>A:2,A>G:2	G:254,A:6
124	F	L	2	4	1.956e-02	0.0453450	C>G:14,C>Y:9,V>L:7,V>G:6,C>S:6,S>F:5,L>F:4,C>W:4,C>V:4,S>V:4,L>V:4,G>E:3,F>Y:3,V>S:2,S>G:2,C>F:2,C>E:2,G>D:2,S>L:2,S>C:2,F>L:2,V>I:2,V>C:2,Y>F:2,M>E:1,L>M:1,S>A:1,C>R:1,C>D:1,C>H:1,C>A:1,L>T:1,V>M:1,L>A:1,L>I:1,S>W:1,F>S:1,F>V:1,V>F:1,V>P:1,V>D:1,V>Y:1,C>L:1,S>N:1,S>P:1	G:45,C:44,V:40,L:38,S:27,F:23,Y:13,E:6,W:5,D:4,A:3,I:3,M:2,P:2,R:1,H:1,T:1,N:1,X:1
12	V	G	4	0	1.965e-02	0.0453630	V>L:20,I>V:14,L>V:10,V>M:7,V>I:6,V>F:6,V>A:5,V>G:4,L>F:3,L>M:3,L>I:2,I>L:2,V>S:1,F>L:1,M>V:1,M>A:1,M>L:1,L>G:1,L>A:1,I>T:1	L:103,V:95,I:23,F:12,M:11,A:7,G:6,S:1,T:1,-:1
94	L	V	2	8	1.973e-02	0.0453808	V>I:16,V>M:14,V>L:8,V>A:7,L>W:3,M>V:3,M>L:3,L>V:2,M>A:1,L>F:1,V>T:1,I>V:1	V:176,L:34,M:19,I:17,A:9,W:3,T:1,F:1
139	V	M	2	0	2.040e-02	0.0467394	S>L:21,S>F:15,S>V:5,S>A:5,S>W:4,F>L:3,A>V:3,V>M:2,S>P:2,S>Y:2,S>T:2,V>I:1,T>V:1,V>T:1,V>L:1,F>S:1,L>V:1,L>S:1,S>M:1,L>T:1,L>F:1	S:140,L:39,F:29,V:16,W:14,T:6,A:5,M:3,P:3,Y:2,I:1,-:1,D:1
110	F	L	2	0	2.048e-02	0.0467518	V>A:21,V>I:12,V>M:9,V>F:7,A>V:4,V>G:3,F>V:3,A>S:2,V>L:2,A>T:2,F>L:2,F>Y:2,I>V:1,V>T:1,F>S:1,F>I:1	V:166,A:26,G:15,F:15,I:14,M:11,L:5,T:3,S:3,Y:2
52	V	L	7	0	2.082e-02	0.0473344	V>A:12,V>L:7,V>M:5,V>I:5,V>G:2,M>L:2,V>T:1,M>E:1,V>E:1	V:209,A:16,L:13,M:10,I:5,G:3,E:2,T:1,-:1
89	A	T	5	0	2.090e-02	0.0473445	A>G:20,A>V:13,G>D:5,A>T:5,G>A:3,G>S:2,G>M:2,A>S:2,A>F:2,G>V:2,G>E:1,G>N:1,V>G:1,A>L:1	G:185,A:31,V:20,T:6,D:6,S:5,M:2,F:2,L:1,N:1,E:1
85	S	T	4	0	2.107e-02	0.0475432	A>T:16,A>S:10,A>G:8,S>A:6,S>T:4,A>V:3,T>A:1,I>V:1,V>I:1,S>F:1,S>G:1	A:161,S:44,T:25,G:22,V:5,F:2,I:1
124	V	L	7	4	2.115e-02	0.0475524	C>G:14,C>Y:9,V>L:7,V>G:6,C>S:6,S>F:5,L>F:4,C>W:4,C>V:4,S>V:4,L>V:4,G>E:3,F>Y:3,V>S:2,S>G:2,C>F:2,C>E:2,G>D:2,S>L:2,S>C:2,F>L:2,V>I:2,V>C:2,Y>F:2,M>E:1,L>M:1,S>A:1,C>R:1,C>D:1,C>H:1,C>A:1,L>T:1,V>M:1,L>A:1,L>I:1,S>W:1,F>S:1,F>V:1,V>F:1,V>P:1,V>D:1,V>Y:1,C>L:1,S>N:1,S>P:1	G:45,C:44,V:40,L:38,S:27,F:23,Y:13,E:6,W:5,D:4,A:3,I:3,M:2,P:2,R:1,H:1,T:1,N:1,X:1
138	L	V	2	0	2.199e-02	0.0492468	S>L:11,F>L:10,L>S:10,F>S:7,F>V:5,S>A:5,V>M:4,F>C:4,S>F:3,L>M:3,F>A:2,L>V:2,V>A:1,V>G:1,F>T:1,F>G:1,G>S:1,S>G:1,F>W:1,F>I:1,V>F:1	F:72,S:72,L:56,V:25,A:11,M:10,G:5,C:4,T:1,X:1,W:1,I:1,D:1
95	G	W	4	0	2.207e-02	0.0492496	G>S:6,G>W:4,G>V:3,G>Q:1,G>I:1,G>M:1,G>A:1	G:235,V:10,S:6,W:4,A:2,Q:1,M:1,I:1
12	L	F	3	1	2.241e-02	0.0498100	V>L:20,I>V:14,L>V:10,V>M:7,V>I:6,V>F:6,V>A:5,V>G:4,L>F:3,L>M:3,L>I:2,I>L:2,V>S:1,F>L:1,M>V:1,M>A:1,M>L:1,L>G:1,L>A:1,I>T:1	L:103,V:95,I:23,F:12,M:11,A:7,G:6,S:1,T:1,-:1
109	L	F	3	3	2.274e-02	0.0503662	I>V:20,V>M:13,V>A:13,V>I:12,V>L:11,V>G:5,I>A:4,V>C:3,F>L:3,V>F:3,I>L:3,L>F:3,A>G:2,I>F:2,A>V:1,V>D:1,I>S:1,C>Y:1,V>W:1,V>T:1	V:113,L:66,A:19,I:18,M:15,F:13,G:8,C:3,T:1,D:1,S:1,Y:1,W:1
153	H	Y	2	0	2.299e-02	0.0507338	W>R:14,C>W:13,C>Y:9,W>C:9,W>L:5,C>H:4,C>S:4,E>D:4,W>Q:3,C>Q:3,H>Y:2,L>S:2,C>E:2,R>W:2,R>S:1,H>R:1,W>F:1,C>L:1,Y>C:1,H>Q:1,D>E:1,E>Y:1,W>E:1,R>Q:1,L>W:1,Q>R:1,W>D:1	W:112,C:40,R:25,E:23,Y:13,L:11,S:11,Q:9,D:9,H:5,-:1,F:1
110	F	Y	2	0	2.324e-02	0.0510987	V>A:21,V>I:12,V>M:9,V>F:7,A>V:4,V>G:3,F>V:3,A>S:2,V>L:2,A>T:2,F>L:2,F>Y:2,I>V:1,V>T:1,F>S:1,F>I:1	V:166,A:26,G:15,F:15,I:14,M:11,L:5,T:3,S:3,Y:2
153	C	S	4	0	2.358e-02	0.0514556	W>R:14,C>W:13,C>Y:9,W>C:9,W>L:5,C>H:4,C>S:4,E>D:4,W>Q:3,C>Q:3,H>Y:2,L>S:2,C>E:2,R>W:2,R>S:1,H>R:1,W>F:1,C>L:1,Y>C:1,H>Q:1,D>E:1,E>Y:1,W>E:1,R>Q:1,L>W:1,Q>R:1,W>D:1	W:112,C:40,R:25,E:23,Y:13,L:11,S:11,Q:9,D:9,H:5,-:1,F:1
130	V	M	2	0	2.349e-02	0.0514556	G>S:10,G>D:8,E>G:8,E>D:7,G>E:6,G>N:5,V>S:5,V>I:5,V>T:4,S>N:4,V>E:4,D>G:4,V>L:3,V>G:3,V>N:2,V>M:2,E>A:2,D>N:2,G>C:1,N>S:1,A>S:1,V>A:1,V>F:1,V>Y:1,S>D:1,V>W:1,E>V:1,D>E:1,S>G:1,D>S:1,S>E:1,S>V:1,G>W:1,G>V:1	G:100,V:54,S:26,D:23,E:20,N:14,I:5,T:4,A:4,L:3,W:2,M:2,F:1,C:1,Y:1
112	S	G	2	17	2.425e-02	0.0525318	G>S:17,G>V:11,G>W:9,G>A:2,S>G:2,G>C:2,G>M:2,M>V:2,G>E:1,G>L:1,G>Y:1,M>L:1,V>I:1,G>F:1	G:192,S:24,V:18,W:12,M:4,C:2,A:2,L:2,E:1,Y:1,F:1,I:1
135	S	G	2	8	2.416e-02	0.0525318	G>V:14,G>E:14,G>A:14,A>V:9,G>S:8,A>T:4,A>G:4,G>D:2,V>G:2,S>G:2,E>G:1,G>I:1,V>M:1,A>S:1,A>E:1,G>T:1,E>H:1	G:157,V:38,A:22,E:18,S:12,T:6,M:2,D:2,H:1,I:1,W:1
147	V	A	15	3	2.441e-02	0.0526838	V>A:15,A>V:3,V>I:1	V:236,A:23,I:1
114	V	M	2	1	2.458e-02	0.0526838	F>L:20,F>V:12,V>A:7,L>V:5,L>F:4,F>P:3,V>G:3,A>V:3,F>G:2,A>G:2,F>A:2,V>M:2,L>G:2,S>F:2,F>S:2,L>A:2,F>C:1,F>M:1,V>F:1,F>I:1,L>I:1,L>D:1,G>S:1,G>D:1,L>W:1,M>V:1,G>E:1,V>L:1,G>V:1,S>D:1,S>P:1,L>P:1,L>M:1	F:68,V:67,L:50,G:19,A:15,-:8,M:8,S:6,W:5,P:5,D:3,I:2,C:1,E:1,X:1,Y:1
97	S	G	2	7	2.458e-02	0.0526838	G>A:9,G>S:7,G>V:7,S>G:2,V>I:2,G>M:2,A>T:1,A>I:1,A>V:1,G>C:1,V>A:1,L>M:1,V>L:1	G:204,A:19,V:14,S:13,I:4,M:3,T:1,C:1,L:1
104	L	F	3	0	2.550e-02	0.0544597	V>I:11,L>V:6,I>V:3,L>I:3,L>F:3,V>L:3,V>M:2,V>A:2,L>A:1	V:149,L:87,I:15,A:3,F:3,M:2,-:1
85	A	G	8	0	2.617e-02	0.0554918	A>T:16,A>S:10,A>G:8,S>A:6,S>T:4,A>V:3,T>A:1,I>V:1,V>I:1,S>F:1,S>G:1	A:161,S:44,T:25,G:22,V:5,F:2,I:1
157	L	F	5	1	2.608e-02	0.0554918	M>L:12,L>F:5,L>M:3,L>P:2,L>Q:2,V>I:1,M>V:1,F>L:1,Q>L:1,M>Q:1	L:126,M:99,Q:22,F:7,X:2,P:2,I:1,V:1
135	A	T	4	0	2.684e-02	0.0567090	G>V:14,G>E:14,G>A:14,A>V:9,G>S:8,A>T:4,A>G:4,G>D:2,V>G:2,S>G:2,E>G:1,G>I:1,V>M:1,A>S:1,A>E:1,G>T:1,E>H:1	G:157,V:38,A:22,E:18,S:12,T:6,M:2,D:2,H:1,I:1,W:1
114	F	A	2	0	2.700e-02	0.0568614	F>L:20,F>V:12,V>A:7,L>V:5,L>F:4,F>P:3,V>G:3,A>V:3,F>G:2,A>G:2,F>A:2,V>M:2,L>G:2,S>F:2,F>S:2,L>A:2,F>C:1,F>M:1,V>F:1,F>I:1,L>I:1,L>D:1,G>S:1,G>D:1,L>W:1,M>V:1,G>E:1,V>L:1,G>V:1,S>D:1,S>P:1,L>P:1,L>M:1	F:68,V:67,L:50,G:19,A:15,-:8,M:8,S:6,W:5,P:5,D:3,I:2,C:1,E:1,X:1,Y:1
12	L	I	2	2	2.717e-02	0.0570128	V>L:20,I>V:14,L>V:10,V>M:7,V>I:6,V>F:6,V>A:5,V>G:4,L>F:3,L>M:3,L>I:2,I>L:2,V>S:1,F>L:1,M>V:1,M>A:1,M>L:1,L>G:1,L>A:1,I>T:1	L:103,V:95,I:23,F:12,M:11,A:7,G:6,S:1,T:1,-:1
98	A	V	5	17	2.792e-02	0.0583867	V>A:17,V>L:14,L>F:14,L>V:10,V>M:7,V>G:6,A>V:5,F>L:5,V>I:3,V>F:2,L>I:2,M>L:1,L>S:1,G>A:1	V:98,L:72,F:47,A:22,G:7,M:7,I:5,S:1,C:1
98	L	I	2	0	2.817e-02	0.0587059	V>A:17,V>L:14,L>F:14,L>V:10,V>M:7,V>G:6,A>V:5,F>L:5,V>I:3,V>F:2,L>I:2,M>L:1,L>S:1,G>A:1	V:98,L:72,F:47,A:22,G:7,M:7,I:5,S:1,C:1
8	I	V	4	1	2.834e-02	0.0588492	L>F:13,F>L:9,L>V:6,L>I:6,I>V:4,L>M:4,F>V:2,I>L:2,L>S:1,F>M:1,F>I:1,V>I:1,M>V:1	L:177,F:41,V:18,I:18,M:5,S:1
130	G	S	10	1	2.893e-02	0.0598566	G>S:10,G>D:8,E>G:8,E>D:7,G>E:6,G>N:5,V>S:5,V>I:5,V>T:4,S>N:4,V>E:4,D>G:4,V>L:3,V>G:3,V>N:2,V>M:2,E>A:2,D>N:2,G>C:1,N>S:1,A>S:1,V>A:1,V>F:1,V>Y:1,S>D:1,V>W:1,E>V:1,D>E:1,S>G:1,D>S:1,S>E:1,S>V:1,G>W:1,G>V:1	G:100,V:54,S:26,D:23,E:20,N:14,I:5,T:4,A:4,L:3,W:2,M:2,F:1,C:1,Y:1
12	L	M	3	1	3.001e-02	0.0618914	V>L:20,I>V:14,L>V:10,V>M:7,V>I:6,V>F:6,V>A:5,V>G:4,L>F:3,L>M:3,L>I:2,I>L:2,V>S:1,F>L:1,M>V:1,M>A:1,M>L:1,L>G:1,L>A:1,I>T:1	L:103,V:95,I:23,F:12,M:11,A:7,G:6,S:1,T:1,-:1
114	L	F	4	20	3.018e-02	0.0620223	F>L:20,F>V:12,V>A:7,L>V:5,L>F:4,F>P:3,V>G:3,A>V:3,F>G:2,A>G:2,F>A:2,V>M:2,L>G:2,S>F:2,F>S:2,L>A:2,F>C:1,F>M:1,V>F:1,F>I:1,L>I:1,L>D:1,G>S:1,G>D:1,L>W:1,M>V:1,G>E:1,V>L:1,G>V:1,S>D:1,S>P:1,L>P:1,L>M:1	F:68,V:67,L:50,G:19,A:15,-:8,M:8,S:6,W:5,P:5,D:3,I:2,C:1,E:1,X:1,Y:1
137	V	A	5	2	3.052e-02	0.0624521	M>V:26,M>L:7,V>L:5,V>A:5,M>A:4,M>E:3,V>T:3,L>V:3,A>V:2,M>T:2,M>I:2,V>I:2,A>P:1,A>S:1,A>M:1,M>S:1,E>G:1,L>M:1,V>M:1,M>F:1	L:113,V:59,M:54,A:12,I:6,T:5,E:3,S:2,X:2,P:1,F:1,G:1,-:1
4	M	L	5	0	3.060e-02	0.0624521	T>A:13,T>M:8,M>L:5,T>I:3,T>V:2,M>V:2,T>S:1,M>T:1	M:117,T:105,A:22,L:6,V:4,I:4,-:1,S:1
105	L	V	2	4	3.085e-02	0.0627499	V>A:18,V>G:17,V>I:17,V>M:15,M>V:7,F>L:5,V>L:4,L>V:2,G>V:2,M>G:2,M>L:2,C>V:1,C>W:1,C>Y:1,F>C:1,A>G:1,A>V:1,V>W:1,V>T:1,L>F:1,I>V:1,F>V:1	V:119,G:28,M:27,A:25,L:23,I:17,F:12,C:4,W:2,T:1,Y:1,-:1
38	L	M	3	0	3.127e-02	0.0633845	L>V:21,V>L:13,V>M:9,L>M:3,L>F:2,V>I:2,L>I:1,V>A:1	L:120,V:117,M:13,F:6,I:3,A:1
97	G	A	9	0	3.144e-02	0.0635082	G>A:9,G>S:7,G>V:7,S>G:2,V>I:2,G>M:2,A>T:1,A>I:1,A>V:1,G>C:1,V>A:1,L>M:1,V>L:1	G:204,A:19,V:14,S:13,I:4,M:3,T:1,C:1,L:1
109	V	C	3	0	3.194e-02	0.0643044	I>V:20,V>M:13,V>A:13,V>I:12,V>L:11,V>G:5,I>A:4,V>C:3,F>L:3,V>F:3,I>L:3,L>F:3,A>G:2,I>F:2,A>V:1,V>D:1,I>S:1,C>Y:1,V>W:1,V>T:1	V:113,L:66,A:19,I:18,M:15,F:13,G:8,C:3,T:1,D:1,S:1,Y:1,W:1
138	L	M	3	0	3.244e-02	0.0650447	S>L:11,F>L:10,L>S:10,F>S:7,F>V:5,S>A:5,V>M:4,F>C:4,S>F:3,L>M:3,F>A:2,L>V:2,V>A:1,V>G:1,F>T:1,F>G:1,G>S:1,S>G:1,F>W:1,F>I:1,V>F:1	F:72,S:72,L:56,V:25,A:11,M:10,G:5,C:4,T:1,X:1,W:1,I:1,D:1
56	A	G	2	0	3.252e-02	0.0650447	S>A:14,A>G:2,S>P:1	S:218,A:37,G:3,P:2
131	T	V	9	0	3.327e-02	0.0663278	T>V:9,T>A:4,T>S:2,T>I:1	T:239,V:13,A:4,S:2,I:1,G:1
7	M	V	7	17	3.411e-02	0.0677684	V>M:17,V>I:8,M>V:7,V>L:3,M>L:3,V>T:1	V:204,M:37,I:11,L:7,T:1
100	M	L	5	3	3.436e-02	0.0680407	F>L:19,L>F:12,M>L:5,L>M:3,M>I:3,M>F:1,M>V:1	M:98,L:97,F:60,I:3,V:1,A:1
145	S	E	2	0	3.453e-02	0.0681461	S>G:20,S>D:6,S>V:4,S>N:3,D>E:3,S>E:2,S>T:2,G>D:2,N>S:1,V>S:1,G>E:1,S>C:1,G>N:1,G>S:1,D>N:1	S:199,G:28,D:11,N:7,E:6,V:5,T:2,C:1,L:1
111	V	A	5	0	3.478e-02	0.0684153	V>M:18,M>V:14,V>I:12,V>L:12,V>A:5,M>L:4,V>F:4,V>G:3,F>L:2,L>A:1,F>W:1,L>W:1,V>C:1,L>I:1,V>S:1,L>V:1,T>V:1,M>T:1,I>V:1,I>G:1	V:146,L:34,M:32,I:20,F:10,A:6,G:4,W:3,T:2,C:1,S:1,-:1
145	D	E	3	0	3.528e-02	0.0689485	S>G:20,S>D:6,S>V:4,S>N:3,D>E:3,S>E:2,S>T:2,G>D:2,N>S:1,V>S:1,G>E:1,S>C:1,G>N:1,G>S:1,D>N:1	S:199,G:28,D:11,N:7,E:6,V:5,T:2,C:1,L:1
39	A	S	2	0	3.528e-02	0.0689485	A>G:25,A>S:2,G>A:2,A>T:1	A:196,G:61,S:2,T:1
124	V	S	2	4	3.545e-02	0.0690496	C>G:14,C>Y:9,V>L:7,V>G:6,C>S:6,S>F:5,L>F:4,C>W:4,C>V:4,S>V:4,L>V:4,G>E:3,F>Y:3,V>S:2,S>G:2,C>F:2,C>E:2,G>D:2,S>L:2,S>C:2,F>L:2,V>I:2,V>C:2,Y>F:2,M>E:1,L>M:1,S>A:1,C>R:1,C>D:1,C>H:1,C>A:1,L>T:1,V>M:1,L>A:1,L>I:1,S>W:1,F>S:1,F>V:1,V>F:1,V>P:1,V>D:1,V>Y:1,C>L:1,S>N:1,S>P:1	G:45,C:44,V:40,L:38,S:27,F:23,Y:13,E:6,W:5,D:4,A:3,I:3,M:2,P:2,R:1,H:1,T:1,N:1,X:1
60	V	I	3	0	3.578e-02	0.0694747	V>I:3,F>L:2,F>V:1	F:143,V:111,I:3,L:3
137	V	T	3	0	3.654e-02	0.0704780	M>V:26,M>L:7,V>L:5,V>A:5,M>A:4,M>E:3,V>T:3,L>V:3,A>V:2,M>T:2,M>I:2,V>I:2,A>P:1,A>S:1,A>M:1,M>S:1,E>G:1,L>M:1,V>M:1,M>F:1	L:113,V:59,M:54,A:12,I:6,T:5,E:3,S:2,X:2,P:1,F:1,G:1,-:1
89	A	S	2	0	3.654e-02	0.0704780	A>G:20,A>V:13,G>D:5,A>T:5,G>A:3,G>S:2,G>M:2,A>S:2,A>F:2,G>V:2,G>E:1,G>N:1,V>G:1,A>L:1	G:185,A:31,V:20,T:6,D:6,S:5,M:2,F:2,L:1,N:1,E:1
128	A	S	2	0	3.679e-02	0.0707336	G>E:12,V>G:9,G>W:5,G>A:5,E>V:5,A>V:4,G>S:4,E>G:4,G>V:3,G>M:3,A>G:3,E>D:3,G>D:2,V>A:2,A>S:2,A>T:1,E>S:1,V>N:1,V>D:1,V>E:1,V>L:1,V>S:1	G:154,V:36,E:30,S:10,D:8,A:8,W:6,M:3,T:2,N:1,L:1,F:1
110	A	V	4	21	3.746e-02	0.0717889	V>A:21,V>I:12,V>M:9,V>F:7,A>V:4,V>G:3,F>V:3,A>S:2,V>L:2,A>T:2,F>L:2,F>Y:2,I>V:1,V>T:1,F>S:1,F>I:1	V:166,A:26,G:15,F:15,I:14,M:11,L:5,T:3,S:3,Y:2
106	V	L	6	0	3.762e-02	0.0718790	V>A:13,V>M:12,V>I:9,I>V:7,V>L:6,A>G:3,V>G:3,A>V:2,V>F:2,V>S:1,V>T:1,M>G:1,M>L:1,M>V:1	V:192,M:16,A:15,I:13,L:11,G:8,F:2,T:1,S:1,-:1
109	A	G	2	0	3.779e-02	0.0719685	I>V:20,V>M:13,V>A:13,V>I:12,V>L:11,V>G:5,I>A:4,V>C:3,F>L:3,V>F:3,I>L:3,L>F:3,A>G:2,I>F:2,A>V:1,V>D:1,I>S:1,C>Y:1,V>W:1,V>T:1	V:113,L:66,A:19,I:18,M:15,F:13,G:8,C:3,T:1,D:1,S:1,Y:1,W:1
8	L	M	4	0	3.796e-02	0.0720575	L>F:13,F>L:9,L>V:6,L>I:6,I>V:4,L>M:4,F>V:2,I>L:2,L>S:1,F>M:1,F>I:1,V>I:1,M>V:1	L:177,F:41,V:18,I:18,M:5,S:1
49	S	G	7	0	3.854e-02	0.0729369	S>G:7,S>N:4	S:244,G:10,N:5,A:1
133	N	D	13	2	3.888e-02	0.0732643	N>D:13,D>N:2,D>A:1,N>G:1	D:159,N:98,A:1,G:1,E:1
109	V	F	3	0	3.896e-02	0.0732643	I>V:20,V>M:13,V>A:13,V>I:12,V>L:11,V>G:5,I>A:4,V>C:3,F>L:3,V>F:3,I>L:3,L>F:3,A>G:2,I>F:2,A>V:1,V>D:1,I>S:1,C>Y:1,V>W:1,V>T:1	V:113,L:66,A:19,I:18,M:15,F:13,G:8,C:3,T:1,D:1,S:1,Y:1,W:1
42	V	A	13	7	4.088e-02	0.0766394	V>A:13,V>M:11,A>V:7,T>S:1,V>T:1	A:140,V:105,M:11,T:2,S:1,F:1
106	V	A	13	2	4.138e-02	0.0770964	V>A:13,V>M:12,V>I:9,I>V:7,V>L:6,A>G:3,V>G:3,A>V:2,V>F:2,V>S:1,V>T:1,M>G:1,M>L:1,M>V:1	V:192,M:16,A:15,I:13,L:11,G:8,F:2,T:1,S:1,-:1
38	L	F	2	0	4.138e-02	0.0770964	L>V:21,V>L:13,V>M:9,L>M:3,L>F:2,V>I:2,L>I:1,V>A:1	L:120,V:117,M:13,F:6,I:3,A:1
139	A	V	3	0	4.155e-02	0.0771675	S>L:21,S>F:15,S>V:5,S>A:5,S>W:4,F>L:3,A>V:3,V>M:2,S>P:2,S>Y:2,S>T:2,V>I:1,T>V:1,V>T:1,V>L:1,F>S:1,L>V:1,L>S:1,S>M:1,L>T:1,L>F:1	S:140,L:39,F:29,V:16,W:14,T:6,A:5,M:3,P:3,Y:2,I:1,-:1,D:1
161	A	G	7	1	4.272e-02	0.0788514	A>G:7,A>V:4,A>S:2,G>A:1,G>S:1,T>A:1,A>T:1	A:168,G:79,V:8,S:4,T:1
99	A	V	2	0	4.272e-02	0.0788514	A>V:2,G>S:2,G>C:2,G>A:1,G>V:1,G>M:1	G:246,A:5,V:4,S:2,C:2,M:1
11	G	S	9	8	4.297e-02	0.0790703	G>S:9,S>G:8,G>A:3,S>C:1	G:210,S:44,A:4,C:1,-:1
109	V	A	13	1	4.314e-02	0.0791345	I>V:20,V>M:13,V>A:13,V>I:12,V>L:11,V>G:5,I>A:4,V>C:3,F>L:3,V>F:3,I>L:3,L>F:3,A>G:2,I>F:2,A>V:1,V>D:1,I>S:1,C>Y:1,V>W:1,V>T:1	V:113,L:66,A:19,I:18,M:15,F:13,G:8,C:3,T:1,D:1,S:1,Y:1,W:1
7	V	M	17	7	4.531e-02	0.0828677	V>M:17,V>I:8,M>V:7,V>L:3,M>L:3,V>T:1	V:204,M:37,I:11,L:7,T:1
130	G	D	8	4	4.548e-02	0.0829199	G>S:10,G>D:8,E>G:8,E>D:7,G>E:6,G>N:5,V>S:5,V>I:5,V>T:4,S>N:4,V>E:4,D>G:4,V>L:3,V>G:3,V>N:2,V>M:2,E>A:2,D>N:2,G>C:1,N>S:1,A>S:1,V>A:1,V>F:1,V>Y:1,S>D:1,V>W:1,E>V:1,D>E:1,S>G:1,D>S:1,S>E:1,S>V:1,G>W:1,G>V:1	G:100,V:54,S:26,D:23,E:20,N:14,I:5,T:4,A:4,L:3,W:2,M:2,F:1,C:1,Y:1
91	W	R	6	0	4.674e-02	0.0844340	W>L:16,W>R:6,L>V:1,W>P:1,W>F:1	W:228,L:21,R:7,V:1,F:1,P:1,S:1
113	G	V	4	0	4.665e-02	0.0844340	G>D:11,G>E:8,G>V:4,D>G:3,G>S:3,D>N:1,G>H:1,A>V:1,G>A:1	G:222,D:12,E:10,V:5,A:3,S:3,H:3,N:1,-:1
127	V	A	2	0	4.674e-02	0.0844340	F>L:16,E>G:11,D>G:9,G>E:7,D>E:6,V>I:5,F>V:5,D>S:4,V>F:3,L>F:3,G>D:3,W>G:2,L>W:2,V>A:2,I>V:2,L>P:2,L>V:2,F>Y:2,F>G:2,E>D:2,D>V:2,G>V:2,W>Q:1,W>V:1,V>G:1,F>W:1,L>S:1,L>I:1,I>M:1,A>T:1,G>A:1,D>A:1,G>S:1,V>L:1	F:52,G:46,D:36,V:33,L:31,E:22,W:10,I:7,S:7,A:4,P:4,Q:2,Y:2,M:1,-:1,T:1,C:1
181	R	C	8	0	4.774e-02	0.0859868	R>C:8,R>S:2,C>G:1,R>W:1,C>Y:1	R:242,C:13,S:2,G:1,Y:1,W:1
97	V	I	2	0	5.008e-02	0.0899324	G>A:9,G>S:7,G>V:7,S>G:2,V>I:2,G>M:2,A>T:1,A>I:1,A>V:1,G>C:1,V>A:1,L>M:1,V>L:1	G:204,A:19,V:14,S:13,I:4,M:3,T:1,C:1,L:1
158	F	L	14	2	5.066e-02	0.0907110	F>L:14,L>F:2	F:208,L:52
109	I	V	20	12	5.100e-02	0.0910372	I>V:20,V>M:13,V>A:13,V>I:12,V>L:11,V>G:5,I>A:4,V>C:3,F>L:3,V>F:3,I>L:3,L>F:3,A>G:2,I>F:2,A>V:1,V>D:1,I>S:1,C>Y:1,V>W:1,V>T:1	V:113,L:66,A:19,I:18,M:15,F:13,G:8,C:3,T:1,D:1,S:1,Y:1,W:1
137	A	V	2	5	5.167e-02	0.0919566	M>V:26,M>L:7,V>L:5,V>A:5,M>A:4,M>E:3,V>T:3,L>V:3,A>V:2,M>T:2,M>I:2,V>I:2,A>P:1,A>S:1,A>M:1,M>S:1,E>G:1,L>M:1,V>M:1,M>F:1	L:113,V:59,M:54,A:12,I:6,T:5,E:3,S:2,X:2,P:1,F:1,G:1,-:1
111	V	I	12	1	5.209e-02	0.0924255	V>M:18,M>V:14,V>I:12,V>L:12,V>A:5,M>L:4,V>F:4,V>G:3,F>L:2,L>A:1,F>W:1,L>W:1,V>C:1,L>I:1,V>S:1,L>V:1,T>V:1,M>T:1,I>V:1,I>G:1	V:146,L:34,M:32,I:20,F:10,A:6,G:4,W:3,T:2,C:1,S:1,-:1
128	E	D	3	0	5.225e-02	0.0924479	G>E:12,V>G:9,G>W:5,G>A:5,E>V:5,A>V:4,G>S:4,E>G:4,G>V:3,G>M:3,A>G:3,E>D:3,G>D:2,V>A:2,A>S:2,A>T:1,E>S:1,V>N:1,V>D:1,V>E:1,V>L:1,V>S:1	G:154,V:36,E:30,S:10,D:8,A:8,W:6,M:3,T:2,N:1,L:1,F:1
140	V	A	12	0	5.284e-02	0.0930805	V>I:14,V>A:12,V>M:8,V>T:5,I>V:4,V>G:3,V>E:1,A>G:1,A>D:1,G>S:1,S>G:1,A>S:1,A>T:1,V>F:1,V>L:1,I>T:1	V:199,I:21,A:13,M:9,T:7,G:5,S:2,E:1,L:1,D:1,F:1
106	V	G	3	0	5.292e-02	0.0930805	V>A:13,V>M:12,V>I:9,I>V:7,V>L:6,A>G:3,V>G:3,A>V:2,V>F:2,V>S:1,V>T:1,M>G:1,M>L:1,M>V:1	V:192,M:16,A:15,I:13,L:11,G:8,F:2,T:1,S:1,-:1
140	V	G	3	0	5.342e-02	0.0936872	V>I:14,V>A:12,V>M:8,V>T:5,I>V:4,V>G:3,V>E:1,A>G:1,A>D:1,G>S:1,S>G:1,A>S:1,A>T:1,V>F:1,V>L:1,I>T:1	V:199,I:21,A:13,M:9,T:7,G:5,S:2,E:1,L:1,D:1,F:1
127	V	I	5	2	5.401e-02	0.0944365	F>L:16,E>G:11,D>G:9,G>E:7,D>E:6,V>I:5,F>V:5,D>S:4,V>F:3,L>F:3,G>D:3,W>G:2,L>W:2,V>A:2,I>V:2,L>P:2,L>V:2,F>Y:2,F>G:2,E>D:2,D>V:2,G>V:2,W>Q:1,W>V:1,V>G:1,F>W:1,L>S:1,L>I:1,I>M:1,A>T:1,G>A:1,D>A:1,G>S:1,V>L:1	F:52,G:46,D:36,V:33,L:31,E:22,W:10,I:7,S:7,A:4,P:4,Q:2,Y:2,M:1,-:1,T:1,C:1
109	I	F	2	0	5.426e-02	0.0945985	I>V:20,V>M:13,V>A:13,V>I:12,V>L:11,V>G:5,I>A:4,V>C:3,F>L:3,V>F:3,I>L:3,L>F:3,A>G:2,I>F:2,A>V:1,V>D:1,I>S:1,C>Y:1,V>W:1,V>T:1	V:113,L:66,A:19,I:18,M:15,F:13,G:8,C:3,T:1,D:1,S:1,Y:1,W:1
101	A	V	3	10	5.560e-02	0.0966489	V>I:12,V>A:10,V>L:8,V>M:4,G>V:4,M>L:3,A>V:3,G>C:3,M>V:2,V>F:2,V>G:2,G>S:2,G>A:2,M>A:1,I>A:1,I>M:1,I>T:1	G:102,V:92,A:19,I:14,L:12,M:10,C:5,F:2,S:2,T:1,-:1
52	V	A	12	0	5.602e-02	0.0970933	V>A:12,V>L:7,V>M:5,V>I:5,V>G:2,M>L:2,V>T:1,M>E:1,V>E:1	V:209,A:16,L:13,M:10,I:5,G:3,E:2,T:1,-:1
110	V	G	3	0	5.719e-02	0.0988357	V>A:21,V>I:12,V>M:9,V>F:7,A>V:4,V>G:3,F>V:3,A>S:2,V>L:2,A>T:2,F>L:2,F>Y:2,I>V:1,V>T:1,F>S:1,F>I:1	V:166,A:26,G:15,F:15,I:14,M:11,L:5,T:3,S:3,Y:2
160	I	V	19	10	5.836e-02	0.1005680	I>V:19,V>I:10,V>A:6,V>M:6,A>V:2,V>L:1,M>V:1,I>L:1,I>A:1	V:144,I:98,A:9,M:6,L:3
58	A	V	3	10	5.969e-02	0.1022837	V>A:10,A>V:3,A>S:1,V>M:1,A>T:1	V:241,A:16,S:1,T:1,M:1
147	A	V	3	15	5.969e-02	0.1022837	V>A:15,A>V:3,V>I:1	V:236,A:23,I:1
130	G	N	5	0	6.237e-02	0.1062589	G>S:10,G>D:8,E>G:8,E>D:7,G>E:6,G>N:5,V>S:5,V>I:5,V>T:4,S>N:4,V>E:4,D>G:4,V>L:3,V>G:3,V>N:2,V>M:2,E>A:2,D>N:2,G>C:1,N>S:1,A>S:1,V>A:1,V>F:1,V>Y:1,S>D:1,V>W:1,E>V:1,D>E:1,S>G:1,D>S:1,S>E:1,S>V:1,G>W:1,G>V:1	G:100,V:54,S:26,D:23,E:20,N:14,I:5,T:4,A:4,L:3,W:2,M:2,F:1,C:1,Y:1
100	M	I	3	0	6.229e-02	0.1062589	F>L:19,L>F:12,M>L:5,L>M:3,M>I:3,M>F:1,M>V:1	M:98,L:97,F:60,I:3,V:1,A:1
135	G	S	8	2	6.312e-02	0.1072354	G>V:14,G>E:14,G>A:14,A>V:9,G>S:8,A>T:4,A>G:4,G>D:2,V>G:2,S>G:2,E>G:1,G>I:1,V>M:1,A>S:1,A>E:1,G>T:1,E>H:1	G:157,V:38,A:22,E:18,S:12,T:6,M:2,D:2,H:1,I:1,W:1
113	G	E	8	0	6.513e-02	0.1099908	G>D:11,G>E:8,G>V:4,D>G:3,G>S:3,D>N:1,G>H:1,A>V:1,G>A:1	G:222,D:12,E:10,V:5,A:3,S:3,H:3,N:1,-:1
103	V	L	5	0	6.530e-02	0.1099908	V>I:7,V>A:6,V>L:5,V>M:2,I>V:1	V:234,I:9,L:8,A:6,M:2,-:1
129	V	L	4	0	6.521e-02	0.1099908	V>A:7,V>L:4,V>M:3,V>I:3,V>G:1	V:127,-:114,A:7,L:4,M:4,I:3,G:1
10	L	M	15	0	7.056e-02	0.1185294	L>M:15,L>F:3,L>I:1,L>V:1,L>W:1	L:205,M:46,F:3,X:2,V:1,I:1,W:1,-:1
22	A	G	6	0	7.115e-02	0.1186012	A>G:6,A>S:1,A>M:1,A>L:1,A>V:1	A:233,G:19,L:5,V:1,M:1,S:1
48	M	L	3	3	7.098e-02	0.1186012	M>V:13,V>M:8,V>A:7,V>L:3,L>V:3,L>M:3,M>L:3,V>I:1	V:154,L:78,M:19,A:8,I:1
157	L	M	3	12	7.132e-02	0.1186012	M>L:12,L>F:5,L>M:3,L>P:2,L>Q:2,V>I:1,M>V:1,F>L:1,Q>L:1,M>Q:1	L:126,M:99,Q:22,F:7,X:2,P:2,I:1,V:1
181	R	S	2	0	7.140e-02	0.1186012	R>C:8,R>S:2,C>G:1,R>W:1,C>Y:1	R:242,C:13,S:2,G:1,Y:1,W:1
168	V	A	2	0	7.165e-02	0.1186881	T>A:10,V>A:2,T>S:1,T>V:1	T:237,A:15,V:7,S:1
110	A	S	2	0	7.223e-02	0.1193270	V>A:21,V>I:12,V>M:9,V>F:7,A>V:4,V>G:3,F>V:3,A>S:2,V>L:2,A>T:2,F>L:2,F>Y:2,I>V:1,V>T:1,F>S:1,F>I:1	V:166,A:26,G:15,F:15,I:14,M:11,L:5,T:3,S:3,Y:2
142	L	V	6	0	7.491e-02	0.1234057	L>S:15,S>L:14,L>M:6,L>V:6,S>T:5,L>T:2,M>A:1,M>V:1,M>L:1,L>F:1,L>H:1,L>Q:1,S>V:1,V>M:1,A>V:1,S>A:1,T>M:1,L>A:1	L:169,S:48,M:17,V:10,T:9,A:3,Q:1,H:1,F:1,N:1
122	M	V	4	5	7.591e-02	0.1247148	F>L:9,F>S:9,V>I:6,V>M:5,V>A:5,S>F:5,M>V:4,V>G:4,F>P:4,F>Y:3,S>L:3,F>V:3,P>L:3,P>S:3,V>L:2,F>Q:2,S>P:2,M>T:1,V>W:1,V>S:1,S>M:1,L>S:1,L>V:1,F>I:1,S>T:1,S>Y:1,F>T:1,P>F:1,P>M:1,P>V:1,S>C:1,L>Y:1,V>F:1	V:82,F:38,L:32,S:32,-:22,M:13,P:11,I:8,A:6,Y:5,G:4,T:3,Q:2,C:1,W:1
84	E	A	2	0	7.650e-02	0.1253320	E>G:4,E>V:4,E>Q:3,E>A:2,E>K:2,E>D:1	E:232,Q:10,V:6,G:4,A:4,K:3,D:1
149	V	A	3	0	7.792e-02	0.1273118	M>L:19,M>V:15,V>M:11,V>L:5,V>A:3,V>E:3,M>T:2,M>E:2,M>G:1,L>M:1,V>T:1,V>G:1,V>F:1,L>E:1	M:143,V:58,L:43,E:6,T:3,A:3,G:2,X:1,F:1
175	L	V	6	0	7.884e-02	0.1284634	L>V:6,L>F:2,L>M:1	L:246,V:10,F:2,M:2
127	L	W	2	0	7.909e-02	0.1285219	F>L:16,E>G:11,D>G:9,G>E:7,D>E:6,V>I:5,F>V:5,D>S:4,V>F:3,L>F:3,G>D:3,W>G:2,L>W:2,V>A:2,I>V:2,L>P:2,L>V:2,F>Y:2,F>G:2,E>D:2,D>V:2,G>V:2,W>Q:1,W>V:1,V>G:1,F>W:1,L>S:1,L>I:1,I>M:1,A>T:1,G>A:1,D>A:1,G>S:1,V>L:1	F:52,G:46,D:36,V:33,L:31,E:22,W:10,I:7,S:7,A:4,P:4,Q:2,Y:2,M:1,-:1,T:1,C:1
158	L	F	2	14	8.218e-02	0.1331867	F>L:14,L>F:2	F:208,L:52
100	L	F	12	19	8.252e-02	0.1333672	F>L:19,L>F:12,M>L:5,L>M:3,M>I:3,M>F:1,M>V:1	M:98,L:97,F:60,I:3,V:1,A:1
7	M	L	3	0	8.327e-02	0.1342206	V>M:17,V>I:8,M>V:7,V>L:3,M>L:3,V>T:1	V:204,M:37,I:11,L:7,T:1
85	A	S	10	6	8.386e-02	0.1348006	A>T:16,A>S:10,A>G:8,S>A:6,S>T:4,A>V:3,T>A:1,I>V:1,V>I:1,S>F:1,S>G:1	A:161,S:44,T:25,G:22,V:5,F:2,I:1
109	I	L	3	0	8.427e-02	0.1351093	I>V:20,V>M:13,V>A:13,V>I:12,V>L:11,V>G:5,I>A:4,V>C:3,F>L:3,V>F:3,I>L:3,L>F:3,A>G:2,I>F:2,A>V:1,V>D:1,I>S:1,C>Y:1,V>W:1,V>T:1	V:113,L:66,A:19,I:18,M:15,F:13,G:8,C:3,T:1,D:1,S:1,Y:1,W:1
101	M	L	3	0	8.461e-02	0.1352828	V>I:12,V>A:10,V>L:8,V>M:4,G>V:4,M>L:3,A>V:3,G>C:3,M>V:2,V>F:2,V>G:2,G>S:2,G>A:2,M>A:1,I>A:1,I>M:1,I>T:1	G:102,V:92,A:19,I:14,L:12,M:10,C:5,F:2,S:2,T:1,-:1
94	V	M	14	3	8.494e-02	0.1354553	V>I:16,V>M:14,V>L:8,V>A:7,L>W:3,M>V:3,M>L:3,L>V:2,M>A:1,L>F:1,V>T:1,I>V:1	V:176,L:34,M:19,I:17,A:9,W:3,T:1,F:1
97	G	S	7	2	8.578e-02	0.1364248	G>A:9,G>S:7,G>V:7,S>G:2,V>I:2,G>M:2,A>T:1,A>I:1,A>V:1,G>C:1,V>A:1,L>M:1,V>L:1	G:204,A:19,V:14,S:13,I:4,M:3,T:1,C:1,L:1
144	F	S	5	0	8.611e-02	0.1365934	F>S:5,F>M:1,F>V:1,F>A:1,F>Y:1	F:251,S:5,Y:1,A:1,M:1,V:1
94	M	L	3	0	8.653e-02	0.1368933	V>I:16,V>M:14,V>L:8,V>A:7,L>W:3,M>V:3,M>L:3,L>V:2,M>A:1,L>F:1,V>T:1,I>V:1	V:176,L:34,M:19,I:17,A:9,W:3,T:1,F:1
150	L	F	2	19	8.703e-02	0.1373236	F>L:19,L>F:2,F>M:1	F:205,L:54,M:1
157	M	L	12	3	8.787e-02	0.1382779	M>L:12,L>F:5,L>M:3,L>P:2,L>Q:2,V>I:1,M>V:1,F>L:1,Q>L:1,M>Q:1	L:126,M:99,Q:22,F:7,X:2,P:2,I:1,V:1
15	V	I	15	18	8.845e-02	0.1388335	I>V:18,V>I:15,V>A:12,V>M:3,V>T:2,M>V:2,A>V:1,V>L:1,A>T:1	V:197,I:27,A:22,M:9,T:3,L:2
130	D	N	2	0	8.954e-02	0.1401715	G>S:10,G>D:8,E>G:8,E>D:7,G>E:6,G>N:5,V>S:5,V>I:5,V>T:4,S>N:4,V>E:4,D>G:4,V>L:3,V>G:3,V>N:2,V>M:2,E>A:2,D>N:2,G>C:1,N>S:1,A>S:1,V>A:1,V>F:1,V>Y:1,S>D:1,V>W:1,E>V:1,D>E:1,S>G:1,D>S:1,S>E:1,S>V:1,G>W:1,G>V:1	G:100,V:54,S:26,D:23,E:20,N:14,I:5,T:4,A:4,L:3,W:2,M:2,F:1,C:1,Y:1
101	V	A	10	3	9.013e-02	0.1407193	V>I:12,V>A:10,V>L:8,V>M:4,G>V:4,M>L:3,A>V:3,G>C:3,M>V:2,V>F:2,V>G:2,G>S:2,G>A:2,M>A:1,I>A:1,I>M:1,I>T:1	G:102,V:92,A:19,I:14,L:12,M:10,C:5,F:2,S:2,T:1,-:1
134	S	C	2	5	9.364e-02	0.1458211	S>G:28,N>S:21,S>N:9,C>S:5,G>S:4,N>G:2,S>C:2,C>W:1,C>Y:1,G>E:1,S>V:1,S>A:1,N>C:1,G>D:1,S>D:1	S:114,N:79,G:46,C:11,D:2,A:2,W:2,E:1,V:1,X:1,Y:1
128	G	V	3	9	9.598e-02	0.1490784	G>E:12,V>G:9,G>W:5,G>A:5,E>V:5,A>V:4,G>S:4,E>G:4,G>V:3,G>M:3,A>G:3,E>D:3,G>D:2,V>A:2,A>S:2,A>T:1,E>S:1,V>N:1,V>D:1,V>E:1,V>L:1,V>S:1	G:154,V:36,E:30,S:10,D:8,A:8,W:6,M:3,T:2,N:1,L:1,F:1
58	V	A	10	3	9.665e-02	0.1497284	V>A:10,A>V:3,A>S:1,V>M:1,A>T:1	V:241,A:16,S:1,T:1,M:1
149	M	V	15	11	9.707e-02	0.1499875	M>L:19,M>V:15,V>M:11,V>L:5,V>A:3,V>E:3,M>T:2,M>E:2,M>G:1,L>M:1,V>T:1,V>G:1,V>F:1,L>E:1	M:143,V:58,L:43,E:6,T:3,A:3,G:2,X:1,F:1
12	I	V	14	6	9.916e-02	0.1528223	V>L:20,I>V:14,L>V:10,V>M:7,V>I:6,V>F:6,V>A:5,V>G:4,L>F:3,L>M:3,L>I:2,I>L:2,V>S:1,F>L:1,M>V:1,M>A:1,M>L:1,L>G:1,L>A:1,I>T:1	L:103,V:95,I:23,F:12,M:11,A:7,G:6,S:1,T:1,-:1
127	F	Y	2	0	9.982e-02	0.1534576	F>L:16,E>G:11,D>G:9,G>E:7,D>E:6,V>I:5,F>V:5,D>S:4,V>F:3,L>F:3,G>D:3,W>G:2,L>W:2,V>A:2,I>V:2,L>P:2,L>V:2,F>Y:2,F>G:2,E>D:2,D>V:2,G>V:2,W>Q:1,W>V:1,V>G:1,F>W:1,L>S:1,L>I:1,I>M:1,A>T:1,G>A:1,D>A:1,G>S:1,V>L:1	F:52,G:46,D:36,V:33,L:31,E:22,W:10,I:7,S:7,A:4,P:4,Q:2,Y:2,M:1,-:1,T:1,C:1
106	A	V	2	13	1.004e-01	0.1535677	V>A:13,V>M:12,V>I:9,I>V:7,V>L:6,A>G:3,V>G:3,A>V:2,V>F:2,V>S:1,V>T:1,M>G:1,M>L:1,M>V:1	V:192,M:16,A:15,I:13,L:11,G:8,F:2,T:1,S:1,-:1
160	A	V	2	6	1.004e-01	0.1535677	I>V:19,V>I:10,V>A:6,V>M:6,A>V:2,V>L:1,M>V:1,I>L:1,I>A:1	V:144,I:98,A:9,M:6,L:3
109	V	M	13	0	1.027e-01	0.1566196	I>V:20,V>M:13,V>A:13,V>I:12,V>L:11,V>G:5,I>A:4,V>C:3,F>L:3,V>F:3,I>L:3,L>F:3,A>G:2,I>F:2,A>V:1,V>D:1,I>S:1,C>Y:1,V>W:1,V>T:1	V:113,L:66,A:19,I:18,M:15,F:13,G:8,C:3,T:1,D:1,S:1,Y:1,W:1
95	G	V	3	0	1.042e-01	0.1585109	G>S:6,G>W:4,G>V:3,G>Q:1,G>I:1,G>M:1,G>A:1	G:235,V:10,S:6,W:4,A:2,Q:1,M:1,I:1
124	V	C	2	4	1.068e-01	0.1620423	C>G:14,C>Y:9,V>L:7,V>G:6,C>S:6,S>F:5,L>F:4,C>W:4,C>V:4,S>V:4,L>V:4,G>E:3,F>Y:3,V>S:2,S>G:2,C>F:2,C>E:2,G>D:2,S>L:2,S>C:2,F>L:2,V>I:2,V>C:2,Y>F:2,M>E:1,L>M:1,S>A:1,C>R:1,C>D:1,C>H:1,C>A:1,L>T:1,V>M:1,L>A:1,L>I:1,S>W:1,F>S:1,F>V:1,V>F:1,V>P:1,V>D:1,V>Y:1,C>L:1,S>N:1,S>P:1	G:45,C:44,V:40,L:38,S:27,F:23,Y:13,E:6,W:5,D:4,A:3,I:3,M:2,P:2,R:1,H:1,T:1,N:1,X:1
111	M	V	14	18	1.118e-01	0.1692264	V>M:18,M>V:14,V>I:12,V>L:12,V>A:5,M>L:4,V>F:4,V>G:3,F>L:2,L>A:1,F>W:1,L>W:1,V>C:1,L>I:1,V>S:1,L>V:1,T>V:1,M>T:1,I>V:1,I>G:1	V:146,L:34,M:32,I:20,F:10,A:6,G:4,W:3,T:2,C:1,S:1,-:1
129	V	A	7	0	1.146e-01	0.1727243	V>A:7,V>L:4,V>M:3,V>I:3,V>G:1	V:127,-:114,A:7,L:4,M:4,I:3,G:1
94	M	V	3	14	1.149e-01	0.1727243	V>I:16,V>M:14,V>L:8,V>A:7,L>W:3,M>V:3,M>L:3,L>V:2,M>A:1,L>F:1,V>T:1,I>V:1	V:176,L:34,M:19,I:17,A:9,W:3,T:1,F:1
101	V	F	2	0	1.150e-01	0.1727243	V>I:12,V>A:10,V>L:8,V>M:4,G>V:4,M>L:3,A>V:3,G>C:3,M>V:2,V>F:2,V>G:2,G>S:2,G>A:2,M>A:1,I>A:1,I>M:1,I>T:1	G:102,V:92,A:19,I:14,L:12,M:10,C:5,F:2,S:2,T:1,-:1
82	Y	H	4	0	1.194e-01	0.1789324	F>Y:6,Y>H:4,Y>F:1	Y:133,F:123,H:4
106	V	F	2	0	1.210e-01	0.1808599	V>A:13,V>M:12,V>I:9,I>V:7,V>L:6,A>G:3,V>G:3,A>V:2,V>F:2,V>S:1,V>T:1,M>G:1,M>L:1,M>V:1	V:192,M:16,A:15,I:13,L:11,G:8,F:2,T:1,S:1,-:1
98	V	F	2	0	1.232e-01	0.1837752	V>A:17,V>L:14,L>F:14,L>V:10,V>M:7,V>G:6,A>V:5,F>L:5,V>I:3,V>F:2,L>I:2,M>L:1,L>S:1,G>A:1	V:98,L:72,F:47,A:22,G:7,M:7,I:5,S:1,C:1
130	G	E	6	8	1.252e-01	0.1863028	G>S:10,G>D:8,E>G:8,E>D:7,G>E:6,G>N:5,V>S:5,V>I:5,V>T:4,S>N:4,V>E:4,D>G:4,V>L:3,V>G:3,V>N:2,V>M:2,E>A:2,D>N:2,G>C:1,N>S:1,A>S:1,V>A:1,V>F:1,V>Y:1,S>D:1,V>W:1,E>V:1,D>E:1,S>G:1,D>S:1,S>E:1,S>V:1,G>W:1,G>V:1	G:100,V:54,S:26,D:23,E:20,N:14,I:5,T:4,A:4,L:3,W:2,M:2,F:1,C:1,Y:1
102	M	V	2	0	1.269e-01	0.1883217	L>V:10,L>F:7,L>S:5,M>V:2,L>M:2,V>L:2,V>G:2,M>T:1,M>L:1,A>V:1,A>T:1,S>A:1,L>G:1,V>A:1	L:212,V:12,F:8,S:8,A:7,G:6,M:4,T:2,-:1
55	V	M	12	0	1.277e-01	0.1888731	V>I:16,V>M:12,I>V:7,V>L:3	V:211,I:32,M:14,L:3
9	F	I	3	0	1.279e-01	0.1888731	F>L:9,F>I:3,F>S:2,M>V:1,F>M:1,F>A:1,F>V:1	F:233,L:15,I:4,S:3,V:2,M:1,A:1,-:1
106	V	M	12	1	1.291e-01	0.1891999	V>A:13,V>M:12,V>I:9,I>V:7,V>L:6,A>G:3,V>G:3,A>V:2,V>F:2,V>S:1,V>T:1,M>G:1,M>L:1,M>V:1	V:192,M:16,A:15,I:13,L:11,G:8,F:2,T:1,S:1,-:1
95	G	S	6	0	1.287e-01	0.1891999	G>S:6,G>W:4,G>V:3,G>Q:1,G>I:1,G>M:1,G>A:1	G:235,V:10,S:6,W:4,A:2,Q:1,M:1,I:1
142	L	T	2	0	1.289e-01	0.1891999	L>S:15,S>L:14,L>M:6,L>V:6,S>T:5,L>T:2,M>A:1,M>V:1,M>L:1,L>F:1,L>H:1,L>Q:1,S>V:1,V>M:1,A>V:1,S>A:1,T>M:1,L>A:1	L:169,S:48,M:17,V:10,T:9,A:3,Q:1,H:1,F:1,N:1
4	M	V	2	0	1.312e-01	0.1917933	T>A:13,T>M:8,M>L:5,T>I:3,T>V:2,M>V:2,T>S:1,M>T:1	M:117,T:105,A:22,L:6,V:4,I:4,-:1,S:1
110	A	T	2	0	1.317e-01	0.1920571	V>A:21,V>I:12,V>M:9,V>F:7,A>V:4,V>G:3,F>V:3,A>S:2,V>L:2,A>T:2,F>L:2,F>Y:2,I>V:1,V>T:1,F>S:1,F>I:1	V:166,A:26,G:15,F:15,I:14,M:11,L:5,T:3,S:3,Y:2
137	M	A	4	1	1.331e-01	0.1929621	M>V:26,M>L:7,V>L:5,V>A:5,M>A:4,M>E:3,V>T:3,L>V:3,A>V:2,M>T:2,M>I:2,V>I:2,A>P:1,A>S:1,A>M:1,M>S:1,E>G:1,L>M:1,V>M:1,M>F:1	L:113,V:59,M:54,A:12,I:6,T:5,E:3,S:2,X:2,P:1,F:1,G:1,-:1
159	M	V	2	0	1.333e-01	0.1929621	L>M:3,M>V:2,L>V:1,L>F:1	L:240,M:10,V:5,F:4,-:1
179	V	I	2	0	1.331e-01	0.1929621	L>M:3,V>I:2,L>V:2,V>L:1,L>S:1	L:246,V:6,M:3,I:3,S:1,R:1
153	W	C	9	13	1.341e-01	0.1932369	W>R:14,C>W:13,C>Y:9,W>C:9,W>L:5,C>H:4,C>S:4,E>D:4,W>Q:3,C>Q:3,H>Y:2,L>S:2,C>E:2,R>W:2,R>S:1,H>R:1,W>F:1,C>L:1,Y>C:1,H>Q:1,D>E:1,E>Y:1,W>E:1,R>Q:1,L>W:1,Q>R:1,W>D:1	W:112,C:40,R:25,E:23,Y:13,L:11,S:11,Q:9,D:9,H:5,-:1,F:1
52	M	L	2	0	1.341e-01	0.1932369	V>A:12,V>L:7,V>M:5,V>I:5,V>G:2,M>L:2,V>T:1,M>E:1,V>E:1	V:209,A:16,L:13,M:10,I:5,G:3,E:2,T:1,-:1
85	A	T	16	1	1.390e-01	0.1998631	A>T:16,A>S:10,A>G:8,S>A:6,S>T:4,A>V:3,T>A:1,I>V:1,V>I:1,S>F:1,S>G:1	A:161,S:44,T:25,G:22,V:5,F:2,I:1
15	M	V	2	3	1.415e-01	0.2029806	I>V:18,V>I:15,V>A:12,V>M:3,V>T:2,M>V:2,A>V:1,V>L:1,A>T:1	V:197,I:27,A:22,M:9,T:3,L:2
140	V	T	5	0	1.439e-01	0.2053528	V>I:14,V>A:12,V>M:8,V>T:5,I>V:4,V>G:3,V>E:1,A>G:1,A>D:1,G>S:1,S>G:1,A>S:1,A>T:1,V>F:1,V>L:1,I>T:1	V:199,I:21,A:13,M:9,T:7,G:5,S:2,E:1,L:1,D:1,F:1
101	V	G	2	4	1.439e-01	0.2053528	V>I:12,V>A:10,V>L:8,V>M:4,G>V:4,M>L:3,A>V:3,G>C:3,M>V:2,V>F:2,V>G:2,G>S:2,G>A:2,M>A:1,I>A:1,I>M:1,I>T:1	G:102,V:92,A:19,I:14,L:12,M:10,C:5,F:2,S:2,T:1,-:1
52	V	G	2	0	1.443e-01	0.2054590	V>A:12,V>L:7,V>M:5,V>I:5,V>G:2,M>L:2,V>T:1,M>E:1,V>E:1	V:209,A:16,L:13,M:10,I:5,G:3,E:2,T:1,-:1
89	G	D	5	0	1.447e-01	0.2055648	A>G:20,A>V:13,G>D:5,A>T:5,G>A:3,G>S:2,G>M:2,A>S:2,A>F:2,G>V:2,G>E:1,G>N:1,V>G:1,A>L:1	G:185,A:31,V:20,T:6,D:6,S:5,M:2,F:2,L:1,N:1,E:1
12	I	L	2	2	1.475e-01	0.2089873	V>L:20,I>V:14,L>V:10,V>M:7,V>I:6,V>F:6,V>A:5,V>G:4,L>F:3,L>M:3,L>I:2,I>L:2,V>S:1,F>L:1,M>V:1,M>A:1,M>L:1,L>G:1,L>A:1,I>T:1	L:103,V:95,I:23,F:12,M:11,A:7,G:6,S:1,T:1,-:1
127	I	V	2	5	1.485e-01	0.2099115	F>L:16,E>G:11,D>G:9,G>E:7,D>E:6,V>I:5,F>V:5,D>S:4,V>F:3,L>F:3,G>D:3,W>G:2,L>W:2,V>A:2,I>V:2,L>P:2,L>V:2,F>Y:2,F>G:2,E>D:2,D>V:2,G>V:2,W>Q:1,W>V:1,V>G:1,F>W:1,L>S:1,L>I:1,I>M:1,A>T:1,G>A:1,D>A:1,G>S:1,V>L:1	F:52,G:46,D:36,V:33,L:31,E:22,W:10,I:7,S:7,A:4,P:4,Q:2,Y:2,M:1,-:1,T:1,C:1
15	V	T	2	0	1.540e-01	0.2171988	I>V:18,V>I:15,V>A:12,V>M:3,V>T:2,M>V:2,A>V:1,V>L:1,A>T:1	V:197,I:27,A:22,M:9,T:3,L:2
42	V	M	11	0	1.559e-01	0.2193934	V>A:13,V>M:11,A>V:7,T>S:1,V>T:1	A:140,V:105,M:11,T:2,S:1,F:1
128	G	A	5	3	1.573e-01	0.2207562	G>E:12,V>G:9,G>W:5,G>A:5,E>V:5,A>V:4,G>S:4,E>G:4,G>V:3,G>M:3,A>G:3,E>D:3,G>D:2,V>A:2,A>S:2,A>T:1,E>S:1,V>N:1,V>D:1,V>E:1,V>L:1,V>S:1	G:154,V:36,E:30,S:10,D:8,A:8,W:6,M:3,T:2,N:1,L:1,F:1
96	Y	Q	2	0	1.607e-01	0.2250397	Y>H:5,Y>C:4,Y>Q:2,Y>S:1,Y>N:1,H>Q:1,Y>R:1,H>R:1	Y:238,C:8,H:5,Q:3,R:2,S:2,N:2
6	F	V	2	0	1.621e-01	0.2264998	F>L:5,F>V:2,F>M:1,F>I:1	F:242,L:14,V:2,M:1,I:1
8	F	L	9	13	1.642e-01	0.2288853	L>F:13,F>L:9,L>V:6,L>I:6,I>V:4,L>M:4,F>V:2,I>L:2,L>S:1,F>M:1,F>I:1,V>I:1,M>V:1	L:177,F:41,V:18,I:18,M:5,S:1
9	F	L	9	0	1.656e-01	0.2303296	F>L:9,F>I:3,F>S:2,M>V:1,F>M:1,F>A:1,F>V:1	F:233,L:15,I:4,S:3,V:2,M:1,A:1,-:1
125	W	G	2	0	1.673e-01	0.2321152	W>L:13,L>V:4,S>F:4,T>V:4,G>E:3,L>S:3,T>S:3,W>G:2,S>T:2,Q>W:2,G>S:1,L>W:1,W>Y:1,W>M:1,G>K:1,V>I:1,G>V:1,L>M:1,S>L:1,S>G:1,F>S:1,F>V:1,F>I:1,F>L:1,F>Y:1,F>P:1,S>D:1,S>V:1,S>Y:1,T>I:1,V>A:1,T>M:1,W>T:1,Q>R:1,E>G:1,Q>E:1,W>Q:1	W:94,L:82,S:16,V:15,G:14,F:9,T:5,Q:5,E:4,Y:3,M:3,I:3,-:2,D:1,R:1,K:1,A:1,P:1
13	C	F	4	0	1.683e-01	0.2329666	C>G:8,C>S:7,C>L:5,C>F:4,C>W:2,G>S:2,S>C:1,S>G:1,G>V:1,C>A:1,I>T:1,F>I:1,F>L:1	C:207,S:17,G:16,L:8,F:6,W:2,A:1,V:1,I:1,T:1
8	F	V	2	0	1.697e-01	0.2343915	L>F:13,F>L:9,L>V:6,L>I:6,I>V:4,L>M:4,F>V:2,I>L:2,L>S:1,F>M:1,F>I:1,V>I:1,M>V:1	L:177,F:41,V:18,I:18,M:5,S:1
101	M	V	2	4	1.730e-01	0.2383441	V>I:12,V>A:10,V>L:8,V>M:4,G>V:4,M>L:3,A>V:3,G>C:3,M>V:2,V>F:2,V>G:2,G>S:2,G>A:2,M>A:1,I>A:1,I>M:1,I>T:1	G:102,V:92,A:19,I:14,L:12,M:10,C:5,F:2,S:2,T:1,-:1
152	S	F	3	2	1.736e-01	0.2387157	S>F:3,S>G:2,F>S:2,S>H:1,S>A:1,S>D:1,S>C:1,F>C:1	S:238,F:14,C:2,G:2,H:1,D:1,A:1,L:1
127	L	P	2	0	1.756e-01	0.2408056	F>L:16,E>G:11,D>G:9,G>E:7,D>E:6,V>I:5,F>V:5,D>S:4,V>F:3,L>F:3,G>D:3,W>G:2,L>W:2,V>A:2,I>V:2,L>P:2,L>V:2,F>Y:2,F>G:2,E>D:2,D>V:2,G>V:2,W>Q:1,W>V:1,V>G:1,F>W:1,L>S:1,L>I:1,I>M:1,A>T:1,G>A:1,D>A:1,G>S:1,V>L:1	F:52,G:46,D:36,V:33,L:31,E:22,W:10,I:7,S:7,A:4,P:4,Q:2,Y:2,M:1,-:1,T:1,C:1
123	E	D	17	1	1.798e-01	0.2460893	E>G:49,E>D:17,G>E:5,E>K:3,G>D:2,D>E:1,E>S:1,E>N:1	E:123,G:105,D:24,K:3,-:3,S:1,N:1
4	T	A	13	0	1.815e-01	0.2478103	T>A:13,T>M:8,M>L:5,T>I:3,T>V:2,M>V:2,T>S:1,M>T:1	M:117,T:105,A:22,L:6,V:4,I:4,-:1,S:1
104	V	L	3	6	1.908e-01	0.2598872	V>I:11,L>V:6,I>V:3,L>I:3,L>F:3,V>L:3,V>M:2,V>A:2,L>A:1	V:149,L:87,I:15,A:3,F:3,M:2,-:1
55	V	L	3	0	1.951e-01	0.2652051	V>I:16,V>M:12,I>V:7,V>L:3	V:211,I:32,M:14,L:3
7	V	L	3	0	1.991e-01	0.2699321	V>M:17,V>I:8,M>V:7,V>L:3,M>L:3,V>T:1	V:204,M:37,I:11,L:7,T:1
94	V	A	7	0	2.017e-01	0.2728279	V>I:16,V>M:14,V>L:8,V>A:7,L>W:3,M>V:3,M>L:3,L>V:2,M>A:1,L>F:1,V>T:1,I>V:1	V:176,L:34,M:19,I:17,A:9,W:3,T:1,F:1
108	G	V	2	0	2.104e-01	0.2840620	G>V:2,V>I:1,G>W:1	G:255,V:2,I:1,X:1,W:1
84	E	G	4	0	2.114e-01	0.2846609	E>G:4,E>V:4,E>Q:3,E>A:2,E>K:2,E>D:1	E:232,Q:10,V:6,G:4,A:4,K:3,D:1
89	G	V	2	1	2.190e-01	0.2942451	A>G:20,A>V:13,G>D:5,A>T:5,G>A:3,G>S:2,G>M:2,A>S:2,A>F:2,G>V:2,G>E:1,G>N:1,V>G:1,A>L:1	G:185,A:31,V:20,T:6,D:6,S:5,M:2,F:2,L:1,N:1,E:1
38	V	M	9	0	2.264e-01	0.3027649	L>V:21,V>L:13,V>M:9,L>M:3,L>F:2,V>I:2,L>I:1,V>A:1	L:120,V:117,M:13,F:6,I:3,A:1
4	T	M	8	1	2.258e-01	0.3027649	T>A:13,T>M:8,M>L:5,T>I:3,T>V:2,M>V:2,T>S:1,M>T:1	M:117,T:105,A:22,L:6,V:4,I:4,-:1,S:1
55	I	V	7	16	2.268e-01	0.3027649	V>I:16,V>M:12,I>V:7,V>L:3	V:211,I:32,M:14,L:3
15	V	M	3	2	2.278e-01	0.3034267	I>V:18,V>I:15,V>A:12,V>M:3,V>T:2,M>V:2,A>V:1,V>L:1,A>T:1	V:197,I:27,A:22,M:9,T:3,L:2
139	S	Y	2	0	2.288e-01	0.3040857	S>L:21,S>F:15,S>V:5,S>A:5,S>W:4,F>L:3,A>V:3,V>M:2,S>P:2,S>Y:2,S>T:2,V>I:1,T>V:1,V>T:1,V>L:1,F>S:1,L>V:1,L>S:1,S>M:1,L>T:1,L>F:1	S:140,L:39,F:29,V:16,W:14,T:6,A:5,M:3,P:3,Y:2,I:1,-:1,D:1
110	V	M	9	0	2.315e-01	0.3069588	V>A:21,V>I:12,V>M:9,V>F:7,A>V:4,V>G:3,F>V:3,A>S:2,V>L:2,A>T:2,F>L:2,F>Y:2,I>V:1,V>T:1,F>S:1,F>I:1	V:166,A:26,G:15,F:15,I:14,M:11,L:5,T:3,S:3,Y:2
106	I	V	7	9	2.328e-01	0.3080495	V>A:13,V>M:12,V>I:9,I>V:7,V>L:6,A>G:3,V>G:3,A>V:2,V>F:2,V>S:1,V>T:1,M>G:1,M>L:1,M>V:1	V:192,M:16,A:15,I:13,L:11,G:8,F:2,T:1,S:1,-:1
102	L	F	7	0	2.364e-01	0.3120048	L>V:10,L>F:7,L>S:5,M>V:2,L>M:2,V>L:2,V>G:2,M>T:1,M>L:1,A>V:1,A>T:1,S>A:1,L>G:1,V>A:1	L:212,V:12,F:8,S:8,A:7,G:6,M:4,T:2,-:1
148	A	S	6	0	2.433e-01	0.3204578	A>S:6,A>G:3	A:248,S:8,G:4
13	C	S	7	1	2.460e-01	0.3226704	C>G:8,C>S:7,C>L:5,C>F:4,C>W:2,G>S:2,S>C:1,S>G:1,G>V:1,C>A:1,I>T:1,F>I:1,F>L:1	C:207,S:17,G:16,L:8,F:6,W:2,A:1,V:1,I:1,T:1
128	G	S	4	0	2.460e-01	0.3226704	G>E:12,V>G:9,G>W:5,G>A:5,E>V:5,A>V:4,G>S:4,E>G:4,G>V:3,G>M:3,A>G:3,E>D:3,G>D:2,V>A:2,A>S:2,A>T:1,E>S:1,V>N:1,V>D:1,V>E:1,V>L:1,V>S:1	G:154,V:36,E:30,S:10,D:8,A:8,W:6,M:3,T:2,N:1,L:1,F:1
137	M	L	7	1	2.569e-01	0.3361863	M>V:26,M>L:7,V>L:5,V>A:5,M>A:4,M>E:3,V>T:3,L>V:3,A>V:2,M>T:2,M>I:2,V>I:2,A>P:1,A>S:1,A>M:1,M>S:1,E>G:1,L>M:1,V>M:1,M>F:1	L:113,V:59,M:54,A:12,I:6,T:5,E:3,S:2,X:2,P:1,F:1,G:1,-:1
160	V	A	6	2	2.593e-01	0.3385088	I>V:19,V>I:10,V>A:6,V>M:6,A>V:2,V>L:1,M>V:1,I>L:1,I>A:1	V:144,I:98,A:9,M:6,L:3
103	V	A	6	0	2.632e-01	0.3428907	V>I:7,V>A:6,V>L:5,V>M:2,I>V:1	V:234,I:9,L:8,A:6,M:2,-:1
48	L	V	3	3	2.655e-01	0.3451885	M>V:13,V>M:8,V>A:7,V>L:3,L>V:3,L>M:3,M>L:3,V>I:1	V:154,L:78,M:19,A:8,I:1
40	S	A	5	0	2.673e-01	0.3467172	S>A:5	S:219,A:40,-:1
140	V	M	8	0	2.685e-01	0.3474818	V>I:14,V>A:12,V>M:8,V>T:5,I>V:4,V>G:3,V>E:1,A>G:1,A>D:1,G>S:1,S>G:1,A>S:1,A>T:1,V>F:1,V>L:1,I>T:1	V:199,I:21,A:13,M:9,T:7,G:5,S:2,E:1,L:1,D:1,F:1
139	S	A	5	0	2.706e-01	0.3495388	S>L:21,S>F:15,S>V:5,S>A:5,S>W:4,F>L:3,A>V:3,V>M:2,S>P:2,S>Y:2,S>T:2,V>I:1,T>V:1,V>T:1,V>L:1,F>S:1,L>V:1,L>S:1,S>M:1,L>T:1,L>F:1	S:140,L:39,F:29,V:16,W:14,T:6,A:5,M:3,P:3,Y:2,I:1,-:1,D:1
148	A	G	3	0	2.734e-01	0.3523412	A>S:6,A>G:3	A:248,S:8,G:4
126	K	E	6	0	2.742e-01	0.3526587	K>G:11,V>A:8,M>V:8,K>E:6,V>G:4,L>F:3,K>N:3,V>L:2,L>V:2,M>I:2,M>A:2,M>L:2,L>S:2,W>L:2,G>E:1,K>V:1,K>D:1,K>Q:1,N>G:1,N>D:1,G>S:1,A>G:1,V>M:1,M>S:1,L>M:1,L>P:1,W>G:1,K>W:1	K:72,V:69,G:31,L:17,W:16,M:14,A:11,E:7,N:7,S:7,F:3,D:2,I:2,P:1,Q:1
92	R	W	2	0	2.804e-01	0.3598412	R>G:16,R>Q:7,R>H:5,R>W:2,G>S:2,P>S:1,R>P:1,R>Y:1,R>K:1,H>Y:1,G>N:1,G>R:1	R:134,G:93,P:11,Q:7,H:5,S:3,Y:2,W:2,K:2,N:1
168	T	A	10	0	2.827e-01	0.3619612	T>A:10,V>A:2,T>S:1,T>V:1	T:237,A:15,V:7,S:1
137	V	I	2	0	2.834e-01	0.3621492	M>V:26,M>L:7,V>L:5,V>A:5,M>A:4,M>E:3,V>T:3,L>V:3,A>V:2,M>T:2,M>I:2,V>I:2,A>P:1,A>S:1,A>M:1,M>S:1,E>G:1,L>M:1,V>M:1,M>F:1	L:113,V:59,M:54,A:12,I:6,T:5,E:3,S:2,X:2,P:1,F:1,G:1,-:1
80	D	E	12	0	2.851e-01	0.3635091	D>E:12	D:237,E:23
122	V	A	5	0	3.011e-01	0.3830531	F>L:9,F>S:9,V>I:6,V>M:5,V>A:5,S>F:5,M>V:4,V>G:4,F>P:4,F>Y:3,S>L:3,F>V:3,P>L:3,P>S:3,V>L:2,F>Q:2,S>P:2,M>T:1,V>W:1,V>S:1,S>M:1,L>S:1,L>V:1,F>I:1,S>T:1,S>Y:1,F>T:1,P>F:1,P>M:1,P>V:1,S>C:1,L>Y:1,V>F:1	V:82,F:38,L:32,S:32,-:22,M:13,P:11,I:8,A:6,Y:5,G:4,T:3,Q:2,C:1,W:1
122	V	L	2	1	3.052e-01	0.3874411	F>L:9,F>S:9,V>I:6,V>M:5,V>A:5,S>F:5,M>V:4,V>G:4,F>P:4,F>Y:3,S>L:3,F>V:3,P>L:3,P>S:3,V>L:2,F>Q:2,S>P:2,M>T:1,V>W:1,V>S:1,S>M:1,L>S:1,L>V:1,F>I:1,S>T:1,S>Y:1,F>T:1,P>F:1,P>M:1,P>V:1,S>C:1,L>Y:1,V>F:1	V:82,F:38,L:32,S:32,-:22,M:13,P:11,I:8,A:6,Y:5,G:4,T:3,Q:2,C:1,W:1
89	G	A	3	20	3.225e-01	0.4086523	A>G:20,A>V:13,G>D:5,A>T:5,G>A:3,G>S:2,G>M:2,A>S:2,A>F:2,G>V:2,G>E:1,G>N:1,V>G:1,A>L:1	G:185,A:31,V:20,T:6,D:6,S:5,M:2,F:2,L:1,N:1,E:1
12	V	M	7	1	3.281e-01	0.4112391	V>L:20,I>V:14,L>V:10,V>M:7,V>I:6,V>F:6,V>A:5,V>G:4,L>F:3,L>M:3,L>I:2,I>L:2,V>S:1,F>L:1,M>V:1,M>A:1,M>L:1,L>G:1,L>A:1,I>T:1	L:103,V:95,I:23,F:12,M:11,A:7,G:6,S:1,T:1,-:1
98	V	M	7	0	3.279e-01	0.4112391	V>A:17,V>L:14,L>F:14,L>V:10,V>M:7,V>G:6,A>V:5,F>L:5,V>I:3,V>F:2,L>I:2,M>L:1,L>S:1,G>A:1	V:98,L:72,F:47,A:22,G:7,M:7,I:5,S:1,C:1
12	V	A	5	0	3.271e-01	0.4112391	V>L:20,I>V:14,L>V:10,V>M:7,V>I:6,V>F:6,V>A:5,V>G:4,L>F:3,L>M:3,L>I:2,I>L:2,V>S:1,F>L:1,M>V:1,M>A:1,M>L:1,L>G:1,L>A:1,I>T:1	L:103,V:95,I:23,F:12,M:11,A:7,G:6,S:1,T:1,-:1
33	V	A	5	0	3.294e-01	0.4112391	V>A:5,V>L:1,V>I:1	V:253,A:5,I:1,L:1
92	R	H	5	0	3.294e-01	0.4112391	R>G:16,R>Q:7,R>H:5,R>W:2,G>S:2,P>S:1,R>P:1,R>Y:1,R>K:1,H>Y:1,G>N:1,G>R:1	R:134,G:93,P:11,Q:7,H:5,S:3,Y:2,W:2,K:2,N:1
11	G	A	3	0	3.264e-01	0.4112391	G>S:9,S>G:8,G>A:3,S>C:1	G:210,S:44,A:4,C:1,-:1
110	V	L	2	0	3.275e-01	0.4112391	V>A:21,V>I:12,V>M:9,V>F:7,A>V:4,V>G:3,F>V:3,A>S:2,V>L:2,A>T:2,F>L:2,F>Y:2,I>V:1,V>T:1,F>S:1,F>I:1	V:166,A:26,G:15,F:15,I:14,M:11,L:5,T:3,S:3,Y:2
92	R	Q	7	0	3.317e-01	0.4132988	R>G:16,R>Q:7,R>H:5,R>W:2,G>S:2,P>S:1,R>P:1,R>Y:1,R>K:1,H>Y:1,G>N:1,G>R:1	R:134,G:93,P:11,Q:7,H:5,S:3,Y:2,W:2,K:2,N:1
41	V	L	2	0	3.327e-01	0.4136868	I>V:29,V>I:12,V>L:2,V>A:1,I>A:1,V>F:1	V:197,I:51,F:7,A:2,L:2,M:1
140	I	V	4	14	3.424e-01	0.4248607	V>I:14,V>A:12,V>M:8,V>T:5,I>V:4,V>G:3,V>E:1,A>G:1,A>D:1,G>S:1,S>G:1,A>S:1,A>T:1,V>F:1,V>L:1,I>T:1	V:199,I:21,A:13,M:9,T:7,G:5,S:2,E:1,L:1,D:1,F:1
15	I	V	18	15	3.513e-01	0.4331597	I>V:18,V>I:15,V>A:12,V>M:3,V>T:2,M>V:2,A>V:1,V>L:1,A>T:1	V:197,I:27,A:22,M:9,T:3,L:2
113	G	S	3	0	3.506e-01	0.4331597	G>D:11,G>E:8,G>V:4,D>G:3,G>S:3,D>N:1,G>H:1,A>V:1,G>A:1	G:222,D:12,E:10,V:5,A:3,S:3,H:3,N:1,-:1
164	G	S	3	0	3.513e-01	0.4331597	G>S:3,G>A:2	G:254,S:3,A:3
16	L	F	5	0	3.537e-01	0.4352517	L>F:5,L>M:4,L>V:2,V>L:1,V>I:1,V>M:1,L>G:1	L:238,F:8,V:6,M:6,I:1,G:1
105	F	L	5	1	3.605e-01	0.4426735	V>A:18,V>G:17,V>I:17,V>M:15,M>V:7,F>L:5,V>L:4,L>V:2,G>V:2,M>G:2,M>L:2,C>V:1,C>W:1,C>Y:1,F>C:1,A>G:1,A>V:1,V>W:1,V>T:1,L>F:1,I>V:1,F>V:1	V:119,G:28,M:27,A:25,L:23,I:17,F:12,C:4,W:2,T:1,Y:1,-:1
6	F	L	5	0	3.623e-01	0.4439178	F>L:5,F>V:2,F>M:1,F>I:1	F:242,L:14,V:2,M:1,I:1
94	V	I	16	1	3.638e-01	0.4444526	V>I:16,V>M:14,V>L:8,V>A:7,L>W:3,M>V:3,M>L:3,L>V:2,M>A:1,L>F:1,V>T:1,I>V:1	V:176,L:34,M:19,I:17,A:9,W:3,T:1,F:1
114	F	S	2	2	3.642e-01	0.4444526	F>L:20,F>V:12,V>A:7,L>V:5,L>F:4,F>P:3,V>G:3,A>V:3,F>G:2,A>G:2,F>A:2,V>M:2,L>G:2,S>F:2,F>S:2,L>A:2,F>C:1,F>M:1,V>F:1,F>I:1,L>I:1,L>D:1,G>S:1,G>D:1,L>W:1,M>V:1,G>E:1,V>L:1,G>V:1,S>D:1,S>P:1,L>P:1,L>M:1	F:68,V:67,L:50,G:19,A:15,-:8,M:8,S:6,W:5,P:5,D:3,I:2,C:1,E:1,X:1,Y:1
55	V	I	16	7	3.654e-01	0.4450748	V>I:16,V>M:12,I>V:7,V>L:3	V:211,I:32,M:14,L:3
142	L	M	6	1	3.696e-01	0.4492511	L>S:15,S>L:14,L>M:6,L>V:6,S>T:5,L>T:2,M>A:1,M>V:1,M>L:1,L>F:1,L>H:1,L>Q:1,S>V:1,V>M:1,A>V:1,S>A:1,T>M:1,L>A:1	L:169,S:48,M:17,V:10,T:9,A:3,Q:1,H:1,F:1,N:1
9	F	S	2	0	3.727e-01	0.4520920	F>L:9,F>I:3,F>S:2,M>V:1,F>M:1,F>A:1,F>V:1	F:233,L:15,I:4,S:3,V:2,M:1,A:1,-:1
134	C	S	5	2	3.750e-01	0.4539094	S>G:28,N>S:21,S>N:9,C>S:5,G>S:4,N>G:2,S>C:2,C>W:1,C>Y:1,G>E:1,S>V:1,S>A:1,N>C:1,G>D:1,S>D:1	S:114,N:79,G:46,C:11,D:2,A:2,W:2,E:1,V:1,X:1,Y:1
160	V	M	6	1	3.800e-01	0.4590525	I>V:19,V>I:10,V>A:6,V>M:6,A>V:2,V>L:1,M>V:1,I>L:1,I>A:1	V:144,I:98,A:9,M:6,L:3
62	I	V	3	2	3.899e-01	0.4700212	I>V:3,V>I:2	V:252,I:7,X:1
104	I	V	3	11	3.907e-01	0.4700814	V>I:11,L>V:6,I>V:3,L>I:3,L>F:3,V>L:3,V>M:2,V>A:2,L>A:1	V:149,L:87,I:15,A:3,F:3,M:2,-:1
99	G	C	2	0	3.999e-01	0.4796192	A>V:2,G>S:2,G>C:2,G>A:1,G>V:1,G>M:1	G:246,A:5,V:4,S:2,C:2,M:1
112	G	C	2	0	4.002e-01	0.4796192	G>S:17,G>V:11,G>W:9,G>A:2,S>G:2,G>C:2,G>M:2,M>V:2,G>E:1,G>L:1,G>Y:1,M>L:1,V>I:1,G>F:1	G:192,S:24,V:18,W:12,M:4,C:2,A:2,L:2,E:1,Y:1,F:1,I:1
179	L	V	2	1	4.053e-01	0.4822658	L>M:3,V>I:2,L>V:2,V>L:1,L>S:1	L:246,V:6,M:3,I:3,S:1,R:1
21	L	V	2	0	4.045e-01	0.4822658	L>V:2,L>M:1	L:255,V:3,-:1,M:1
16	L	V	2	1	4.049e-01	0.4822658	L>F:5,L>M:4,L>V:2,V>L:1,V>I:1,V>M:1,L>G:1	L:238,F:8,V:6,M:6,I:1,G:1
127	L	V	2	1	4.057e-01	0.4822658	F>L:16,E>G:11,D>G:9,G>E:7,D>E:6,V>I:5,F>V:5,D>S:4,V>F:3,L>F:3,G>D:3,W>G:2,L>W:2,V>A:2,I>V:2,L>P:2,L>V:2,F>Y:2,F>G:2,E>D:2,D>V:2,G>V:2,W>Q:1,W>V:1,V>G:1,F>W:1,L>S:1,L>I:1,I>M:1,A>T:1,G>A:1,D>A:1,G>S:1,V>L:1	F:52,G:46,D:36,V:33,L:31,E:22,W:10,I:7,S:7,A:4,P:4,Q:2,Y:2,M:1,-:1,T:1,C:1
183	A	T	8	1	4.065e-01	0.4823009	A>T:8,T>A:1,A>S:1	A:248,T:11,S:1
152	S	G	2	0	4.206e-01	0.4980772	S>F:3,S>G:2,F>S:2,S>H:1,S>A:1,S>D:1,S>C:1,F>C:1	S:238,F:14,C:2,G:2,H:1,D:1,A:1,L:1
122	V	M	5	4	4.238e-01	0.5008475	F>L:9,F>S:9,V>I:6,V>M:5,V>A:5,S>F:5,M>V:4,V>G:4,F>P:4,F>Y:3,S>L:3,F>V:3,P>L:3,P>S:3,V>L:2,F>Q:2,S>P:2,M>T:1,V>W:1,V>S:1,S>M:1,L>S:1,L>V:1,F>I:1,S>T:1,S>Y:1,F>T:1,P>F:1,P>M:1,P>V:1,S>C:1,L>Y:1,V>F:1	V:82,F:38,L:32,S:32,-:22,M:13,P:11,I:8,A:6,Y:5,G:4,T:3,Q:2,C:1,W:1
140	V	I	14	4	4.290e-01	0.5059735	V>I:14,V>A:12,V>M:8,V>T:5,I>V:4,V>G:3,V>E:1,A>G:1,A>D:1,G>S:1,S>G:1,A>S:1,A>T:1,V>F:1,V>L:1,I>T:1	V:199,I:21,A:13,M:9,T:7,G:5,S:2,E:1,L:1,D:1,F:1
82	F	Y	6	1	4.324e-01	0.5090126	F>Y:6,Y>H:4,Y>F:1	Y:133,F:123,H:4
173	L	M	5	0	4.336e-01	0.5093877	L>M:5	L:252,M:7,-:1
128	G	D	2	0	4.425e-01	0.5188782	G>E:12,V>G:9,G>W:5,G>A:5,E>V:5,A>V:4,G>S:4,E>G:4,G>V:3,G>M:3,A>G:3,E>D:3,G>D:2,V>A:2,A>S:2,A>T:1,E>S:1,V>N:1,V>D:1,V>E:1,V>L:1,V>S:1	G:154,V:36,E:30,S:10,D:8,A:8,W:6,M:3,T:2,N:1,L:1,F:1
84	E	Q	3	0	4.440e-01	0.5196239	E>G:4,E>V:4,E>Q:3,E>A:2,E>K:2,E>D:1	E:232,Q:10,V:6,G:4,A:4,K:3,D:1
135	G	D	2	0	4.470e-01	0.5220267	G>V:14,G>E:14,G>A:14,A>V:9,G>S:8,A>T:4,A>G:4,G>D:2,V>G:2,S>G:2,E>G:1,G>I:1,V>M:1,A>S:1,A>E:1,G>T:1,E>H:1	G:157,V:38,A:22,E:18,S:12,T:6,M:2,D:2,H:1,I:1,W:1
171	V	T	2	0	4.485e-01	0.5227633	V>A:3,V>T:2	V:254,T:3,A:3
52	V	M	5	0	4.584e-01	0.5333212	V>A:12,V>L:7,V>M:5,V>I:5,V>G:2,M>L:2,V>T:1,M>E:1,V>E:1	V:209,A:16,L:13,M:10,I:5,G:3,E:2,T:1,-:1
184	I	L	2	0	4.607e-01	0.5338701	I>V:3,I>L:2	I:253,V:4,L:3
32	G	A	2	2	4.604e-01	0.5338701	G>A:2,A>G:2	G:254,A:6
164	G	A	2	0	4.618e-01	0.5341913	G>S:3,G>A:2	G:254,S:3,A:3
112	G	A	2	0	4.629e-01	0.5344148	G>S:17,G>V:11,G>W:9,G>A:2,S>G:2,G>C:2,G>M:2,M>V:2,G>E:1,G>L:1,G>Y:1,M>L:1,V>I:1,G>F:1	G:192,S:24,V:18,W:12,M:4,C:2,A:2,L:2,E:1,Y:1,F:1,I:1
111	M	L	4	0	4.648e-01	0.5344745	V>M:18,M>V:14,V>I:12,V>L:12,V>A:5,M>L:4,V>F:4,V>G:3,F>L:2,L>A:1,F>W:1,L>W:1,V>C:1,L>I:1,V>S:1,L>V:1,T>V:1,M>T:1,I>V:1,I>G:1	V:146,L:34,M:32,I:20,F:10,A:6,G:4,W:3,T:2,C:1,S:1,-:1
39	G	A	2	25	4.641e-01	0.5344745	A>G:25,A>S:2,G>A:2,A>T:1	A:196,G:61,S:2,T:1
161	A	V	4	0	4.689e-01	0.5351933	A>G:7,A>V:4,A>S:2,G>A:1,G>S:1,T>A:1,A>T:1	A:168,G:79,V:8,S:4,T:1
4	T	I	3	0	4.699e-01	0.5351933	T>A:13,T>M:8,M>L:5,T>I:3,T>V:2,M>V:2,T>S:1,M>T:1	M:117,T:105,A:22,L:6,V:4,I:4,-:1,S:1
180	S	A	3	0	4.677e-01	0.5351933	S>A:3,S>C:2,S>F:1,S>V:1	S:250,A:4,C:2,V:1,F:1,-:1,H:1
4	T	V	2	0	4.699e-01	0.5351933	T>A:13,T>M:8,M>L:5,T>I:3,T>V:2,M>V:2,T>S:1,M>T:1	M:117,T:105,A:22,L:6,V:4,I:4,-:1,S:1
19	G	A	2	1	4.670e-01	0.5351933	G>A:2,A>G:1	G:251,A:8,S:1
109	V	I	12	20	4.820e-01	0.5465517	I>V:20,V>M:13,V>A:13,V>I:12,V>L:11,V>G:5,I>A:4,V>C:3,F>L:3,V>F:3,I>L:3,L>F:3,A>G:2,I>F:2,A>V:1,V>D:1,I>S:1,C>Y:1,V>W:1,V>T:1	V:113,L:66,A:19,I:18,M:15,F:13,G:8,C:3,T:1,D:1,S:1,Y:1,W:1
49	S	N	4	0	4.835e-01	0.5465517	S>G:7,S>N:4	S:244,G:10,N:5,A:1
123	E	K	3	0	4.811e-01	0.5465517	E>G:49,E>D:17,G>E:5,E>K:3,G>D:2,D>E:1,E>S:1,E>N:1	E:123,G:105,D:24,K:3,-:3,S:1,N:1
136	G	E	2	0	4.835e-01	0.5465517	G>E:2,G>S:1	G:257,E:2,S:1
99	G	S	2	0	4.878e-01	0.5496716	A>V:2,G>S:2,G>C:2,G>A:1,G>V:1,G>M:1	G:246,A:5,V:4,S:2,C:2,M:1
89	G	S	2	0	4.881e-01	0.5496716	A>G:20,A>V:13,G>D:5,A>T:5,G>A:3,G>S:2,G>M:2,A>S:2,A>F:2,G>V:2,G>E:1,G>N:1,V>G:1,A>L:1	G:185,A:31,V:20,T:6,D:6,S:5,M:2,F:2,L:1,N:1,E:1
110	V	I	12	1	4.894e-01	0.5501420	V>A:21,V>I:12,V>M:9,V>F:7,A>V:4,V>G:3,F>V:3,A>S:2,V>L:2,A>T:2,F>L:2,F>Y:2,I>V:1,V>T:1,F>S:1,F>I:1	V:166,A:26,G:15,F:15,I:14,M:11,L:5,T:3,S:3,Y:2
101	V	I	12	0	4.905e-01	0.5503292	V>I:12,V>A:10,V>L:8,V>M:4,G>V:4,M>L:3,A>V:3,G>C:3,M>V:2,V>F:2,V>G:2,G>S:2,G>A:2,M>A:1,I>A:1,I>M:1,I>T:1	G:102,V:92,A:19,I:14,L:12,M:10,C:5,F:2,S:2,T:1,-:1
41	V	I	12	29	4.957e-01	0.5551034	I>V:29,V>I:12,V>L:2,V>A:1,I>A:1,V>F:1	V:197,I:51,F:7,A:2,L:2,M:1
16	L	M	4	0	5.097e-01	0.5696720	L>F:5,L>M:4,L>V:2,V>L:1,V>I:1,V>M:1,L>G:1	L:238,F:8,V:6,M:6,I:1,G:1
172	V	A	3	0	5.159e-01	0.5756049	V>A:3,V>T:1,V>I:1	V:254,A:3,I:2,T:1
171	V	A	3	0	5.184e-01	0.5772329	V>A:3,V>T:2	V:254,T:3,A:3
129	V	M	3	0	5.196e-01	0.5775539	V>A:7,V>L:4,V>M:3,V>I:3,V>G:1	V:127,-:114,A:7,L:4,M:4,I:3,G:1
104	V	I	11	3	5.230e-01	0.5802854	V>I:11,L>V:6,I>V:3,L>I:3,L>F:3,V>L:3,V>M:2,V>A:2,L>A:1	V:149,L:87,I:15,A:3,F:3,M:2,-:1
170	F	L	3	0	5.248e-01	0.5811551	F>L:3	F:257,L:3
101	V	M	4	2	5.300e-01	0.5836529	V>I:12,V>A:10,V>L:8,V>M:4,G>V:4,M>L:3,A>V:3,G>C:3,M>V:2,V>F:2,V>G:2,G>S:2,G>A:2,M>A:1,I>A:1,I>M:1,I>T:1	G:102,V:92,A:19,I:14,L:12,M:10,C:5,F:2,S:2,T:1,-:1
14	F	L	3	0	5.286e-01	0.5836529	F>L:3	F:254,L:6
10	L	F	3	0	5.294e-01	0.5836529	L>M:15,L>F:3,L>I:1,L>V:1,L>W:1	L:205,M:46,F:3,X:2,V:1,I:1,W:1,-:1
138	V	M	4	0	5.356e-01	0.5869473	S>L:11,F>L:10,L>S:10,F>S:7,F>V:5,S>A:5,V>M:4,F>C:4,S>F:3,L>M:3,F>A:2,L>V:2,V>A:1,V>G:1,F>T:1,F>G:1,G>S:1,S>G:1,F>W:1,F>I:1,V>F:1	F:72,S:72,L:56,V:25,A:11,M:10,G:5,C:4,T:1,X:1,W:1,I:1,D:1
126	K	N	3	0	5.359e-01	0.5869473	K>G:11,V>A:8,M>V:8,K>E:6,V>G:4,L>F:3,K>N:3,V>L:2,L>V:2,M>I:2,M>A:2,M>L:2,L>S:2,W>L:2,G>E:1,K>V:1,K>D:1,K>Q:1,N>G:1,N>D:1,G>S:1,A>G:1,V>M:1,M>S:1,L>M:1,L>P:1,W>G:1,K>W:1	K:72,V:69,G:31,L:17,W:16,M:14,A:11,E:7,N:7,S:7,F:3,D:2,I:2,P:1,Q:1
53	S	P	2	0	5.347e-01	0.5869473	S>P:2,S>A:1,S>T:1	S:252,P:6,A:1,T:1
139	S	P	2	0	5.379e-01	0.5869947	S>L:21,S>F:15,S>V:5,S>A:5,S>W:4,F>L:3,A>V:3,V>M:2,S>P:2,S>Y:2,S>T:2,V>I:1,T>V:1,V>T:1,V>L:1,F>S:1,L>V:1,L>S:1,S>M:1,L>T:1,L>F:1	S:140,L:39,F:29,V:16,W:14,T:6,A:5,M:3,P:3,Y:2,I:1,-:1,D:1
13	C	W	2	0	5.375e-01	0.5869947	C>G:8,C>S:7,C>L:5,C>F:4,C>W:2,G>S:2,S>C:1,S>G:1,G>V:1,C>A:1,I>T:1,F>I:1,F>L:1	C:207,S:17,G:16,L:8,F:6,W:2,A:1,V:1,I:1,T:1
127	L	F	3	16	5.410e-01	0.5892950	F>L:16,E>G:11,D>G:9,G>E:7,D>E:6,V>I:5,F>V:5,D>S:4,V>F:3,L>F:3,G>D:3,W>G:2,L>W:2,V>A:2,I>V:2,L>P:2,L>V:2,F>Y:2,F>G:2,E>D:2,D>V:2,G>V:2,W>Q:1,W>V:1,V>G:1,F>W:1,L>S:1,L>I:1,I>M:1,A>T:1,G>A:1,D>A:1,G>S:1,V>L:1	F:52,G:46,D:36,V:33,L:31,E:22,W:10,I:7,S:7,A:4,P:4,Q:2,Y:2,M:1,-:1,T:1,C:1
160	V	I	10	19	5.526e-01	0.6008589	I>V:19,V>I:10,V>A:6,V>M:6,A>V:2,V>L:1,M>V:1,I>L:1,I>A:1	V:144,I:98,A:9,M:6,L:3
85	A	V	3	0	5.647e-01	0.6128344	A>T:16,A>S:10,A>G:8,S>A:6,S>T:4,A>V:3,T>A:1,I>V:1,V>I:1,S>F:1,S>G:1	A:161,S:44,T:25,G:22,V:5,F:2,I:1
20	A	V	3	0	5.688e-01	0.6161622	G>A:8,G>S:8,A>V:3,A>S:2,V>I:1,V>T:1,A>T:1,A>G:1	G:197,A:36,V:13,S:10,T:2,I:1,-:1
145	S	N	3	1	5.790e-01	0.6261683	S>G:20,S>D:6,S>V:4,S>N:3,D>E:3,S>E:2,S>T:2,G>D:2,N>S:1,V>S:1,G>E:1,S>C:1,G>N:1,G>S:1,D>N:1	S:199,G:28,D:11,N:7,E:6,V:5,T:2,C:1,L:1
96	Y	C	4	0	5.897e-01	0.6364991	Y>H:5,Y>C:4,Y>Q:2,Y>S:1,Y>N:1,H>Q:1,Y>R:1,H>R:1	Y:238,C:8,H:5,Q:3,R:2,S:2,N:2
159	L	M	3	0	5.946e-01	0.6406672	L>M:3,M>V:2,L>V:1,L>F:1	L:240,M:10,V:5,F:4,-:1
100	L	M	3	5	5.964e-01	0.6414032	F>L:19,L>F:12,M>L:5,L>M:3,M>I:3,M>F:1,M>V:1	M:98,L:97,F:60,I:3,V:1,A:1
106	V	I	9	7	5.975e-01	0.6415083	V>A:13,V>M:12,V>I:9,I>V:7,V>L:6,A>G:3,V>G:3,A>V:2,V>F:2,V>S:1,V>T:1,M>G:1,M>L:1,M>V:1	V:192,M:16,A:15,I:13,L:11,G:8,F:2,T:1,S:1,-:1
179	L	M	3	0	5.997e-01	0.6417174	L>M:3,V>I:2,L>V:2,V>L:1,L>S:1	L:246,V:6,M:3,I:3,S:1,R:1
74	S	A	2	0	5.999e-01	0.6417174	S>A:2,S>C:1	S:254,A:3,C:2,-:1
48	L	M	3	3	6.016e-01	0.6424463	M>V:13,V>M:8,V>A:7,V>L:3,L>V:3,L>M:3,M>L:3,V>I:1	V:154,L:78,M:19,A:8,I:1
34	L	M	3	0	6.067e-01	0.6456756	V>L:11,V>I:11,V>M:11,L>M:3,I>V:1,L>V:1	V:192,L:40,M:17,I:11
84	E	K	2	0	6.068e-01	0.6456756	E>G:4,E>V:4,E>Q:3,E>A:2,E>K:2,E>D:1	E:232,Q:10,V:6,G:4,A:4,K:3,D:1
90	D	N	6	0	6.166e-01	0.6537574	D>S:18,D>N:6,N>S:1,D>E:1,D>G:1,S>N:1	D:195,S:38,E:12,N:10,G:5
131	T	A	4	0	6.158e-01	0.6537574	T>V:9,T>A:4,T>S:2,T>I:1	T:239,V:13,A:4,S:2,I:1,G:1
20	A	S	2	0	6.225e-01	0.6588830	G>A:8,G>S:8,A>V:3,A>S:2,V>I:1,V>T:1,A>T:1,A>G:1	G:197,A:36,V:13,S:10,T:2,I:1,-:1
161	A	S	2	0	6.261e-01	0.6591878	A>G:7,A>V:4,A>S:2,G>A:1,G>S:1,T>A:1,A>T:1	A:168,G:79,V:8,S:4,T:1
24	A	S	2	0	6.251e-01	0.6591878	A>S:2,A>G:1	A:256,S:3,G:1
155	A	S	2	0	6.243e-01	0.6591878	V>A:24,A>V:20,V>G:3,A>S:2,V>M:1,A>G:1	V:138,A:111,S:5,G:4,M:1,W:1
131	T	S	2	0	6.298e-01	0.6597522	T>V:9,T>A:4,T>S:2,T>I:1	T:239,V:13,A:4,S:2,I:1,G:1
139	S	T	2	0	6.300e-01	0.6597522	S>L:21,S>F:15,S>V:5,S>A:5,S>W:4,F>L:3,A>V:3,V>M:2,S>P:2,S>Y:2,S>T:2,V>I:1,T>V:1,V>T:1,V>L:1,F>S:1,L>V:1,L>S:1,S>M:1,L>T:1,L>F:1	S:140,L:39,F:29,V:16,W:14,T:6,A:5,M:3,P:3,Y:2,I:1,-:1,D:1
145	S	T	2	0	6.278e-01	0.6597522	S>G:20,S>D:6,S>V:4,S>N:3,D>E:3,S>E:2,S>T:2,G>D:2,N>S:1,V>S:1,G>E:1,S>C:1,G>N:1,G>S:1,D>N:1	S:199,G:28,D:11,N:7,E:6,V:5,T:2,C:1,L:1
7	V	I	8	0	6.441e-01	0.6721951	V>M:17,V>I:8,M>V:7,V>L:3,M>L:3,V>T:1	V:204,M:37,I:11,L:7,T:1
132	V	A	2	0	6.435e-01	0.6721951	V>I:4,V>A:2,V>T:1,V>G:1,V>L:1	V:251,I:4,A:2,T:1,G:1,L:1
104	V	A	2	0	6.458e-01	0.6728531	V>I:11,L>V:6,I>V:3,L>I:3,L>F:3,V>L:3,V>M:2,V>A:2,L>A:1	V:149,L:87,I:15,A:3,F:3,M:2,-:1
175	L	F	2	0	6.491e-01	0.6750740	L>V:6,L>F:2,L>M:1	L:246,V:10,F:2,M:2
60	F	L	2	0	6.549e-01	0.6798911	V>I:3,F>L:2,F>V:1	F:143,V:111,I:3,L:3
180	S	C	2	0	6.624e-01	0.6853233	S>A:3,S>C:2,S>F:1,S>V:1	S:250,A:4,C:2,V:1,F:1,-:1,H:1
137	M	I	2	0	6.622e-01	0.6853233	M>V:26,M>L:7,V>L:5,V>A:5,M>A:4,M>E:3,V>T:3,L>V:3,A>V:2,M>T:2,M>I:2,V>I:2,A>P:1,A>S:1,A>M:1,M>S:1,E>G:1,L>M:1,V>M:1,M>F:1	L:113,V:59,M:54,A:12,I:6,T:5,E:3,S:2,X:2,P:1,F:1,G:1,-:1
30	Y	H	5	0	6.810e-01	0.7033954	Y>H:5,Y>Q:1	Y:253,H:6,Q:1
103	V	I	7	1	6.828e-01	0.7039929	V>I:7,V>A:6,V>L:5,V>M:2,I>V:1	V:234,I:9,L:8,A:6,M:2,-:1
96	Y	H	5	0	6.877e-01	0.7078582	Y>H:5,Y>C:4,Y>Q:2,Y>S:1,Y>N:1,H>Q:1,Y>R:1,H>R:1	Y:238,C:8,H:5,Q:3,R:2,S:2,N:2
122	V	I	6	0	7.070e-01	0.7264856	F>L:9,F>S:9,V>I:6,V>M:5,V>A:5,S>F:5,M>V:4,V>G:4,F>P:4,F>Y:3,S>L:3,F>V:3,P>L:3,P>S:3,V>L:2,F>Q:2,S>P:2,M>T:1,V>W:1,V>S:1,S>M:1,L>S:1,L>V:1,F>I:1,S>T:1,S>Y:1,F>T:1,P>F:1,P>M:1,P>V:1,S>C:1,L>Y:1,V>F:1	V:82,F:38,L:32,S:32,-:22,M:13,P:11,I:8,A:6,Y:5,G:4,T:3,Q:2,C:1,W:1
50	L	M	2	0	7.136e-01	0.7319285	L>M:2,L>I:1,L>V:1	L:251,M:6,I:1,V:1,G:1
102	L	M	2	1	7.162e-01	0.7333291	L>V:10,L>F:7,L>S:5,M>V:2,L>M:2,V>L:2,V>G:2,M>T:1,M>L:1,A>V:1,A>T:1,S>A:1,L>G:1,V>A:1	L:212,V:12,F:8,S:8,A:7,G:6,M:4,T:2,-:1
12	V	I	6	14	7.212e-01	0.7359453	V>L:20,I>V:14,L>V:10,V>M:7,V>I:6,V>F:6,V>A:5,V>G:4,L>F:3,L>M:3,L>I:2,I>L:2,V>S:1,F>L:1,M>V:1,M>A:1,M>L:1,L>G:1,L>A:1,I>T:1	L:103,V:95,I:23,F:12,M:11,A:7,G:6,S:1,T:1,-:1
137	M	T	2	0	7.203e-01	0.7359453	M>V:26,M>L:7,V>L:5,V>A:5,M>A:4,M>E:3,V>T:3,L>V:3,A>V:2,M>T:2,M>I:2,V>I:2,A>P:1,A>S:1,A>M:1,M>S:1,E>G:1,L>M:1,V>M:1,M>F:1	L:113,V:59,M:54,A:12,I:6,T:5,E:3,S:2,X:2,P:1,F:1,G:1,-:1
149	M	T	2	0	7.228e-01	0.7363950	M>L:19,M>V:15,V>M:11,V>L:5,V>A:3,V>E:3,M>T:2,M>E:2,M>G:1,L>M:1,V>T:1,V>G:1,V>F:1,L>E:1	M:143,V:58,L:43,E:6,T:3,A:3,G:2,X:1,F:1
103	V	M	2	0	7.410e-01	0.7535935	V>I:7,V>A:6,V>L:5,V>M:2,I>V:1	V:234,I:9,L:8,A:6,M:2,-:1
104	V	M	2	0	7.458e-01	0.7571523	V>I:11,L>V:6,I>V:3,L>I:3,L>F:3,V>L:3,V>M:2,V>A:2,L>A:1	V:149,L:87,I:15,A:3,F:3,M:2,-:1
52	V	I	5	0	7.824e-01	0.7929845	V>A:12,V>L:7,V>M:5,V>I:5,V>G:2,M>L:2,V>T:1,M>E:1,V>E:1	V:209,A:16,L:13,M:10,I:5,G:3,E:2,T:1,-:1
129	V	I	3	0	7.948e-01	0.8042475	V>A:7,V>L:4,V>M:3,V>I:3,V>G:1	V:127,-:114,A:7,L:4,M:4,I:3,G:1
132	V	I	4	0	8.273e-01	0.8356565	V>I:4,V>A:2,V>T:1,V>G:1,V>L:1	V:251,I:4,A:2,T:1,G:1,L:1
98	V	I	3	0	8.750e-01	0.8809028	V>A:17,V>L:14,L>F:14,L>V:10,V>M:7,V>G:6,A>V:5,F>L:5,V>I:3,V>F:2,L>I:2,M>L:1,L>S:1,G>A:1	V:98,L:72,F:47,A:22,G:7,M:7,I:5,S:1,C:1
133	D	N	2	13	8.748e-01	0.8809028	N>D:13,D>N:2,D>A:1,N>G:1	D:159,N:98,A:1,G:1,E:1
184	I	V	3	0	8.794e-01	0.8837917	I>V:3,I>L:2	I:253,V:4,L:3
62	V	I	2	3	9.159e-01	0.9189668	I>V:3,V>I:2	V:252,I:7,X:1
38	V	I	2	0	9.192e-01	0.9192375	L>V:21,V>L:13,V>M:9,L>M:3,L>F:2,V>I:2,L>I:1,V>A:1	L:120,V:117,M:13,F:6,I:3,A:1
124	V	I	2	0	9.182e-01	0.9192375	C>G:14,C>Y:9,V>L:7,V>G:6,C>S:6,S>F:5,L>F:4,C>W:4,C>V:4,S>V:4,L>V:4,G>E:3,F>Y:3,V>S:2,S>G:2,C>F:2,C>E:2,G>D:2,S>L:2,S>C:2,F>L:2,V>I:2,V>C:2,Y>F:2,M>E:1,L>M:1,S>A:1,C>R:1,C>D:1,C>H:1,C>A:1,L>T:1,V>M:1,L>A:1,L>I:1,S>W:1,F>S:1,F>V:1,V>F:1,V>P:1,V>D:1,V>Y:1,C>L:1,S>N:1,S>P:1	G:45,C:44,V:40,L:38,S:27,F:23,Y:13,E:6,W:5,D:4,A:3,I:3,M:2,P:2,R:1,H:1,T:1,N:1,X:1
