AA1	SubPos1	GloPos1	AA2	SubPos2	GloPos2	AA1Type	AA2Type	Prob
PHE	1, 1	1	HIS	1, 2	2	nuc	nuc	1
PHE	1, 1	1	PHE	1, 3	3	nuc	nuc	0.83
HIS	1, 2	2	PHE	1, 3	3	nuc	nuc	1
HIS	1, 2	2	THR	1, 4	4	nuc	nuc	0.86
PHE	1, 3	3	THR	1, 4	4	nuc	nuc	1
PHE	1, 3	3	VAL	1, 5	5	nuc	nuc	0.81
THR	1, 4	4	VAL	1, 5	5	nuc	nuc	1
THR	1, 4	4	ASP	1, 6	6	nuc	nuc	0.89
VAL	1, 5	5	ASP	1, 6	6	nuc	nuc	1
VAL	1, 5	5	GLY	1, 7	7	nuc	nuc	0.94
ASP	1, 6	6	GLY	1, 7	7	nuc	nuc	1
ASP	1, 6	6	LYS	1, 8	8	nuc	nuc	0.63
GLY	1, 7	7	LYS	1, 8	8	nuc	nuc	1
GLY	1, 7	7	LYS	1, 9	9	nuc	nuc	0.94
LYS	1, 8	8	LYS	1, 9	9	nuc	nuc	1
LYS	1, 8	8	ASN	1, 10	10	nuc	nuc	0.87
LYS	1, 9	9	ASN	1, 10	10	nuc	nuc	1
LYS	1, 9	9	ALA	1, 11	11	nuc	nuc	0.75
ASN	1, 10	10	ALA	1, 11	11	nuc	nuc	1
ASN	1, 10	10	SER	1, 12	12	nuc	nuc	0.83
ALA	1, 11	11	SER	1, 12	12	nuc	nuc	1
ASN	1, 10	10	THR	1, 13	13	nuc	nuc	0.54
ALA	1, 11	11	THR	1, 13	13	nuc	nuc	0.75
SER	1, 12	12	THR	1, 13	13	nuc	nuc	1
SER	1, 12	12	LYS	1, 14	14	nuc	nuc	0.7
THR	1, 13	13	LYS	1, 14	14	nuc	nuc	1
THR	1, 13	13	VAL	1, 15	15	nuc	nuc	0.82
LYS	1, 14	14	VAL	1, 15	15	nuc	nuc	1
LYS	1, 14	14	SER	1, 16	16	nuc	nuc	0.91
VAL	1, 15	15	SER	1, 16	16	nuc	nuc	1
VAL	1, 15	15	ASP	1, 17	17	nuc	nuc	0.75
SER	1, 16	16	ASP	1, 17	17	nuc	nuc	1
SER	1, 16	16	SER	1, 18	18	nuc	nuc	0.86
ASP	1, 17	17	SER	1, 18	18	nuc	nuc	1
SER	1, 16	16	ILE	1, 19	19	nuc	nuc	0.62
ASP	1, 17	17	ILE	1, 19	19	nuc	nuc	0.64
SER	1, 18	18	ILE	1, 19	19	nuc	nuc	1
SER	1, 18	18	SER	1, 20	20	nuc	nuc	0.53
ILE	1, 19	19	SER	1, 20	20	nuc	nuc	1
SER	1, 20	20	THR	1, 21	21	nuc	nuc	1
SER	1, 20	20	GLN	1, 22	22	nuc	nuc	0.91
THR	1, 21	21	GLN	1, 22	22	nuc	nuc	1
ILE	1, 19	19	TYR	1, 23	23	nuc	nuc	0.51
SER	1, 20	20	TYR	1, 23	23	nuc	nuc	0.66
THR	1, 21	21	TYR	1, 23	23	nuc	nuc	0.63
GLN	1, 22	22	TYR	1, 23	23	nuc	nuc	1
VAL	1, 15	15	PRO	1, 24	24	nuc	nuc	0.54
TYR	1, 23	23	PRO	1, 24	24	nuc	nuc	1
VAL	1, 15	15	VAL	1, 25	25	nuc	nuc	0.54
ILE	1, 19	19	VAL	1, 25	25	nuc	nuc	0.58
TYR	1, 23	23	VAL	1, 25	25	nuc	nuc	0.99
PRO	1, 24	24	VAL	1, 25	25	nuc	nuc	1
THR	1, 13	13	VAL	1, 26	26	nuc	nuc	0.59
VAL	1, 15	15	VAL	1, 26	26	nuc	nuc	0.53
PRO	1, 24	24	VAL	1, 26	26	nuc	nuc	0.98
VAL	1, 25	25	VAL	1, 26	26	nuc	nuc	1
THR	1, 13	13	ASP	1, 27	27	nuc	nuc	0.57
LYS	1, 14	14	ASP	1, 27	27	nuc	nuc	0.53
VAL	1, 25	25	ASP	1, 27	27	nuc	nuc	1
VAL	1, 26	26	ASP	1, 27	27	nuc	nuc	1
VAL	1, 26	26	HIS	1, 28	28	nuc	nuc	1
ASP	1, 27	27	HIS	1, 28	28	nuc	nuc	1
ASP	1, 27	27	GLU	1, 29	29	nuc	nuc	0.99
HIS	1, 28	28	GLU	1, 29	29	nuc	nuc	1
HIS	1, 28	28	PHE	1, 30	30	nuc	nuc	1
GLU	1, 29	29	PHE	1, 30	30	nuc	nuc	1
PHE	1, 30	30	ASP	1, 31	31	nuc	nuc	1
PHE	1, 30	30	ALA	1, 32	32	nuc	nuc	1
ASP	1, 31	31	ALA	1, 32	32	nuc	nuc	1
PHE	1, 30	30	VAL	1, 33	33	nuc	nuc	1
ALA	1, 32	32	VAL	1, 33	33	nuc	nuc	1
ALA	1, 32	32	VAL	1, 34	34	nuc	nuc	1
VAL	1, 33	33	VAL	1, 34	34	nuc	nuc	1
VAL	1, 33	33	VAL	1, 35	35	nuc	nuc	1
VAL	1, 34	34	VAL	1, 35	35	nuc	nuc	1
VAL	1, 34	34	GLY	1, 36	36	nuc	nuc	1
VAL	1, 35	35	GLY	1, 36	36	nuc	nuc	1
VAL	1, 34	34	ALA	1, 37	37	nuc	nuc	0.86
GLY	1, 36	36	ALA	1, 37	37	nuc	nuc	1
GLY	1, 36	36	GLY	1, 38	38	nuc	nuc	1
ALA	1, 37	37	GLY	1, 38	38	nuc	nuc	1
ALA	1, 37	37	GLY	1, 39	39	nuc	nuc	0.94
GLY	1, 38	38	GLY	1, 39	39	nuc	nuc	1
GLY	1, 36	36	ALA	1, 40	40	nuc	nuc	0.59
GLY	1, 38	38	ALA	1, 40	40	nuc	nuc	1
GLY	1, 39	39	ALA	1, 40	40	nuc	nuc	1
VAL	1, 34	34	GLY	1, 41	41	nuc	nuc	1
GLY	1, 36	36	GLY	1, 41	41	nuc	nuc	1
ALA	1, 37	37	GLY	1, 41	41	nuc	nuc	1
GLY	1, 38	38	GLY	1, 41	41	nuc	nuc	1
GLY	1, 39	39	GLY	1, 41	41	nuc	nuc	1
ALA	1, 40	40	GLY	1, 41	41	nuc	nuc	1
ALA	1, 37	37	LEU	1, 42	42	nuc	nuc	1
GLY	1, 38	38	LEU	1, 42	42	nuc	nuc	1
GLY	1, 39	39	LEU	1, 42	42	nuc	nuc	1
ALA	1, 40	40	LEU	1, 42	42	nuc	nuc	0.99
GLY	1, 41	41	LEU	1, 42	42	nuc	nuc	1
GLY	1, 39	39	ARG	1, 43	43	nuc	nuc	1
ALA	1, 40	40	ARG	1, 43	43	nuc	nuc	1
GLY	1, 41	41	ARG	1, 43	43	nuc	nuc	1
LEU	1, 42	42	ARG	1, 43	43	nuc	nuc	1
VAL	1, 34	34	ALA	1, 44	44	nuc	nuc	1
ALA	1, 40	40	ALA	1, 44	44	nuc	nuc	1
GLY	1, 41	41	ALA	1, 44	44	nuc	nuc	1
LEU	1, 42	42	ALA	1, 44	44	nuc	nuc	1
ARG	1, 43	43	ALA	1, 44	44	nuc	nuc	1
VAL	1, 34	34	ALA	1, 45	45	nuc	nuc	1
ALA	1, 37	37	ALA	1, 45	45	nuc	nuc	0.93
GLY	1, 41	41	ALA	1, 45	45	nuc	nuc	1
LEU	1, 42	42	ALA	1, 45	45	nuc	nuc	1
ARG	1, 43	43	ALA	1, 45	45	nuc	nuc	0.99
ALA	1, 44	44	ALA	1, 45	45	nuc	nuc	1
LEU	1, 42	42	PHE	1, 46	46	nuc	nuc	1
ARG	1, 43	43	PHE	1, 46	46	nuc	nuc	1
ALA	1, 45	45	PHE	1, 46	46	nuc	nuc	1
ARG	1, 43	43	GLY	1, 47	47	nuc	nuc	1
ALA	1, 44	44	GLY	1, 47	47	nuc	nuc	1
ALA	1, 45	45	GLY	1, 47	47	nuc	nuc	1
PHE	1, 46	46	GLY	1, 47	47	nuc	nuc	1
ASP	1, 31	31	LEU	1, 48	48	nuc	nuc	0.82
ALA	1, 32	32	LEU	1, 48	48	nuc	nuc	1
VAL	1, 34	34	LEU	1, 48	48	nuc	nuc	0.96
ALA	1, 44	44	LEU	1, 48	48	nuc	nuc	1
ALA	1, 45	45	LEU	1, 48	48	nuc	nuc	1
PHE	1, 46	46	LEU	1, 48	48	nuc	nuc	1
GLY	1, 47	47	LEU	1, 48	48	nuc	nuc	1
ALA	1, 45	45	SER	1, 49	49	nuc	nuc	1
PHE	1, 46	46	SER	1, 49	49	nuc	nuc	1
GLY	1, 47	47	SER	1, 49	49	nuc	nuc	1
LEU	1, 48	48	SER	1, 49	49	nuc	nuc	1
PHE	1, 46	46	GLU	1, 50	50	nuc	nuc	1
GLY	1, 47	47	GLU	1, 50	50	nuc	nuc	1
LEU	1, 48	48	GLU	1, 50	50	nuc	nuc	1
SER	1, 49	49	GLU	1, 50	50	nuc	nuc	1
GLY	1, 47	47	ALA	1, 51	51	nuc	nuc	1
LEU	1, 48	48	ALA	1, 51	51	nuc	nuc	1
SER	1, 49	49	ALA	1, 51	51	nuc	nuc	0.99
GLU	1, 50	50	ALA	1, 51	51	nuc	nuc	1
LEU	1, 48	48	GLY	1, 52	52	nuc	nuc	0.98
SER	1, 49	49	GLY	1, 52	52	nuc	nuc	1
GLU	1, 50	50	GLY	1, 52	52	nuc	nuc	1
ALA	1, 51	51	GLY	1, 52	52	nuc	nuc	1
ASP	1, 31	31	PHE	1, 53	53	nuc	nuc	1
ALA	1, 32	32	PHE	1, 53	53	nuc	nuc	1
LEU	1, 48	48	PHE	1, 53	53	nuc	nuc	1
SER	1, 49	49	PHE	1, 53	53	nuc	nuc	0.99
ALA	1, 51	51	PHE	1, 53	53	nuc	nuc	1
GLY	1, 52	52	PHE	1, 53	53	nuc	nuc	1
PHE	1, 30	30	ASN	1, 54	54	nuc	nuc	1
ASP	1, 31	31	ASN	1, 54	54	nuc	nuc	1
ALA	1, 32	32	ASN	1, 54	54	nuc	nuc	0.92
GLY	1, 52	52	ASN	1, 54	54	nuc	nuc	0.97
PHE	1, 53	53	ASN	1, 54	54	nuc	nuc	1
PHE	1, 30	30	THR	1, 55	55	nuc	nuc	0.99
ASP	1, 31	31	THR	1, 55	55	nuc	nuc	0.99
ALA	1, 32	32	THR	1, 55	55	nuc	nuc	1
VAL	1, 33	33	THR	1, 55	55	nuc	nuc	0.96
VAL	1, 34	34	THR	1, 55	55	nuc	nuc	1
ALA	1, 45	45	THR	1, 55	55	nuc	nuc	1
LEU	1, 48	48	THR	1, 55	55	nuc	nuc	1
SER	1, 49	49	THR	1, 55	55	nuc	nuc	1
PHE	1, 53	53	THR	1, 55	55	nuc	nuc	1
ASN	1, 54	54	THR	1, 55	55	nuc	nuc	1
HIS	1, 28	28	ALA	1, 56	56	nuc	nuc	0.98
PHE	1, 30	30	ALA	1, 56	56	nuc	nuc	1
ALA	1, 32	32	ALA	1, 56	56	nuc	nuc	0.97
VAL	1, 33	33	ALA	1, 56	56	nuc	nuc	1
VAL	1, 34	34	ALA	1, 56	56	nuc	nuc	0.99
ASN	1, 54	54	ALA	1, 56	56	nuc	nuc	0.74
THR	1, 55	55	ALA	1, 56	56	nuc	nuc	1
VAL	1, 33	33	CYS	1, 57	57	nuc	nuc	0.79
VAL	1, 34	34	CYS	1, 57	57	nuc	nuc	1
GLY	1, 36	36	CYS	1, 57	57	nuc	nuc	0.99
ALA	1, 37	37	CYS	1, 57	57	nuc	nuc	1
GLY	1, 41	41	CYS	1, 57	57	nuc	nuc	0.99
LEU	1, 42	42	CYS	1, 57	57	nuc	nuc	0.82
ALA	1, 45	45	CYS	1, 57	57	nuc	nuc	1
THR	1, 55	55	CYS	1, 57	57	nuc	nuc	1
ALA	1, 56	56	CYS	1, 57	57	nuc	nuc	1
VAL	1, 33	33	VAL	1, 58	58	nuc	nuc	1
VAL	1, 34	34	VAL	1, 58	58	nuc	nuc	0.99
VAL	1, 35	35	VAL	1, 58	58	nuc	nuc	1
GLY	1, 36	36	VAL	1, 58	58	nuc	nuc	1
ALA	1, 56	56	VAL	1, 58	58	nuc	nuc	1
CYS	1, 57	57	VAL	1, 58	58	nuc	nuc	1
VAL	1, 35	35	THR	1, 59	59	nuc	nuc	0.75
GLY	1, 36	36	THR	1, 59	59	nuc	nuc	1
ALA	1, 37	37	THR	1, 59	59	nuc	nuc	1
GLY	1, 38	38	THR	1, 59	59	nuc	nuc	0.77
CYS	1, 57	57	THR	1, 59	59	nuc	nuc	1
VAL	1, 58	58	THR	1, 59	59	nuc	nuc	1
GLY	1, 36	36	LYS	1, 60	60	nuc	nuc	0.62
THR	1, 59	59	LYS	1, 60	60	nuc	nuc	1
ALA	1, 37	37	LEU	1, 61	61	nuc	nuc	0.82
THR	1, 59	59	LEU	1, 61	61	nuc	nuc	1
LYS	1, 60	60	LEU	1, 61	61	nuc	nuc	1
THR	1, 59	59	PHE	1, 62	62	nuc	nuc	0.96
LEU	1, 61	61	PHE	1, 62	62	nuc	nuc	1
ALA	1, 37	37	PRO	1, 63	63	nuc	nuc	1
GLY	1, 38	38	PRO	1, 63	63	nuc	nuc	0.99
LEU	1, 42	42	PRO	1, 63	63	nuc	nuc	1
CYS	1, 57	57	PRO	1, 63	63	nuc	nuc	0.52
THR	1, 59	59	PRO	1, 63	63	nuc	nuc	1
LEU	1, 61	61	PRO	1, 63	63	nuc	nuc	0.93
PHE	1, 62	62	PRO	1, 63	63	nuc	nuc	1
PHE	1, 62	62	THR	1, 64	64	nuc	nuc	1
PRO	1, 63	63	THR	1, 64	64	nuc	nuc	1
LEU	1, 61	61	ARG	1, 65	65	nuc	nuc	1
PHE	1, 62	62	ARG	1, 65	65	nuc	nuc	1
PRO	1, 63	63	ARG	1, 65	65	nuc	nuc	0.99
THR	1, 64	64	ARG	1, 65	65	nuc	nuc	1
GLY	1, 36	36	SER	1, 66	66	nuc	nuc	0.92
ALA	1, 37	37	SER	1, 66	66	nuc	nuc	1
GLY	1, 38	38	SER	1, 66	66	nuc	nuc	1
GLY	1, 39	39	SER	1, 66	66	nuc	nuc	0.97
THR	1, 59	59	SER	1, 66	66	nuc	nuc	0.89
LEU	1, 61	61	SER	1, 66	66	nuc	nuc	0.99
PRO	1, 63	63	SER	1, 66	66	nuc	nuc	0.99
THR	1, 64	64	SER	1, 66	66	nuc	nuc	0.99
ARG	1, 65	65	SER	1, 66	66	nuc	nuc	1
GLY	1, 38	38	HIS	1, 67	67	nuc	nuc	0.88
SER	1, 66	66	HIS	1, 67	67	nuc	nuc	1
GLY	1, 38	38	THR	1, 68	68	nuc	nuc	1
GLY	1, 39	39	THR	1, 68	68	nuc	nuc	1
SER	1, 66	66	THR	1, 68	68	nuc	nuc	1
HIS	1, 67	67	THR	1, 68	68	nuc	nuc	1
THR	1, 64	64	VAL	1, 69	69	nuc	nuc	0.99
ARG	1, 65	65	VAL	1, 69	69	nuc	nuc	0.98
SER	1, 66	66	VAL	1, 69	69	nuc	nuc	1
HIS	1, 67	67	VAL	1, 69	69	nuc	nuc	1
THR	1, 68	68	VAL	1, 69	69	nuc	nuc	1
HIS	1, 67	67	ALA	1, 70	70	nuc	nuc	1
THR	1, 68	68	ALA	1, 70	70	nuc	nuc	0.99
VAL	1, 69	69	ALA	1, 70	70	nuc	nuc	1
HIS	1, 67	67	ALA	1, 71	71	nuc	nuc	0.66
THR	1, 68	68	ALA	1, 71	71	nuc	nuc	1
VAL	1, 69	69	ALA	1, 71	71	nuc	nuc	0.99
ALA	1, 70	70	ALA	1, 71	71	nuc	nuc	1
ALA	1, 70	70	GLN	1, 72	72	nuc	nuc	0.98
ALA	1, 71	71	GLN	1, 72	72	nuc	nuc	1
ALA	1, 71	71	GLY	1, 73	73	nuc	nuc	1
GLN	1, 72	72	GLY	1, 73	73	nuc	nuc	1
ALA	1, 71	71	GLY	1, 74	74	nuc	nuc	0.95
GLN	1, 72	72	GLY	1, 74	74	nuc	nuc	0.98
GLY	1, 73	73	GLY	1, 74	74	nuc	nuc	1
GLY	1, 74	74	ILE	1, 75	75	nuc	nuc	1
GLY	1, 74	74	ASN	1, 76	76	nuc	nuc	0.98
ILE	1, 75	75	ASN	1, 76	76	nuc	nuc	1
ILE	1, 75	75	ALA	1, 77	77	nuc	nuc	1
ASN	1, 76	76	ALA	1, 77	77	nuc	nuc	1
ASN	1, 76	76	ALA	1, 78	78	nuc	nuc	0.76
ALA	1, 77	77	ALA	1, 78	78	nuc	nuc	1
ALA	1, 77	77	LEU	1, 79	79	nuc	nuc	1
ALA	1, 78	78	LEU	1, 79	79	nuc	nuc	1
ALA	1, 78	78	GLY	1, 80	80	nuc	nuc	1
LEU	1, 79	79	GLY	1, 80	80	nuc	nuc	1
LEU	1, 79	79	ASN	1, 81	81	nuc	nuc	1
GLY	1, 80	80	ASN	1, 81	81	nuc	nuc	1
GLY	1, 80	80	MET	1, 82	82	nuc	nuc	1
ASN	1, 81	81	MET	1, 82	82	nuc	nuc	1
GLY	1, 80	80	GLU	1, 83	83	nuc	nuc	0.99
MET	1, 82	82	GLU	1, 83	83	nuc	nuc	1
GLY	1, 80	80	ASP	1, 84	84	nuc	nuc	0.99
GLU	1, 83	83	ASP	1, 84	84	nuc	nuc	1
ALA	1, 78	78	ASP	1, 85	85	nuc	nuc	1
LEU	1, 79	79	ASP	1, 85	85	nuc	nuc	0.97
GLY	1, 80	80	ASP	1, 85	85	nuc	nuc	1
GLU	1, 83	83	ASP	1, 85	85	nuc	nuc	1
ASP	1, 84	84	ASP	1, 85	85	nuc	nuc	1
ALA	1, 78	78	ASN	1, 86	86	nuc	nuc	1
ASP	1, 84	84	ASN	1, 86	86	nuc	nuc	0.8
ASP	1, 85	85	ASN	1, 86	86	nuc	nuc	1
ALA	1, 78	78	TRP	1, 87	87	nuc	nuc	1
ASP	1, 85	85	TRP	1, 87	87	nuc	nuc	0.81
ASN	1, 86	86	TRP	1, 87	87	nuc	nuc	1
ASN	1, 86	86	ARG	1, 88	88	nuc	nuc	1
TRP	1, 87	87	ARG	1, 88	88	nuc	nuc	1
ALA	1, 78	78	TRP	1, 89	89	nuc	nuc	0.97
ASP	1, 85	85	TRP	1, 89	89	nuc	nuc	0.99
ASN	1, 86	86	TRP	1, 89	89	nuc	nuc	1
TRP	1, 87	87	TRP	1, 89	89	nuc	nuc	1
ARG	1, 88	88	TRP	1, 89	89	nuc	nuc	1
ASN	1, 76	76	HIS	1, 90	90	nuc	nuc	0.99
ALA	1, 77	77	HIS	1, 90	90	nuc	nuc	0.6
ALA	1, 78	78	HIS	1, 90	90	nuc	nuc	1
ASP	1, 85	85	HIS	1, 90	90	nuc	nuc	0.75
ASN	1, 86	86	HIS	1, 90	90	nuc	nuc	0.9
TRP	1, 87	87	HIS	1, 90	90	nuc	nuc	1
ARG	1, 88	88	HIS	1, 90	90	nuc	nuc	1
TRP	1, 89	89	HIS	1, 90	90	nuc	nuc	1
TRP	1, 87	87	PHE	1, 91	91	nuc	nuc	1
ARG	1, 88	88	PHE	1, 91	91	nuc	nuc	1
TRP	1, 89	89	PHE	1, 91	91	nuc	nuc	1
HIS	1, 90	90	PHE	1, 91	91	nuc	nuc	1
ARG	1, 88	88	TYR	1, 92	92	nuc	nuc	0.99
TRP	1, 89	89	TYR	1, 92	92	nuc	nuc	1
HIS	1, 90	90	TYR	1, 92	92	nuc	nuc	1
PHE	1, 91	91	TYR	1, 92	92	nuc	nuc	1
TRP	1, 89	89	ASP	1, 93	93	nuc	nuc	1
HIS	1, 90	90	ASP	1, 93	93	nuc	nuc	1
PHE	1, 91	91	ASP	1, 93	93	nuc	nuc	0.99
TYR	1, 92	92	ASP	1, 93	93	nuc	nuc	1
HIS	1, 90	90	THR	1, 94	94	nuc	nuc	1
PHE	1, 91	91	THR	1, 94	94	nuc	nuc	1
TYR	1, 92	92	THR	1, 94	94	nuc	nuc	1
ASP	1, 93	93	THR	1, 94	94	nuc	nuc	1
PHE	1, 91	91	VAL	1, 95	95	nuc	nuc	1
TYR	1, 92	92	VAL	1, 95	95	nuc	nuc	1
ASP	1, 93	93	VAL	1, 95	95	nuc	nuc	0.99
THR	1, 94	94	VAL	1, 95	95	nuc	nuc	1
TYR	1, 92	92	LYS	1, 96	96	nuc	nuc	1
ASP	1, 93	93	LYS	1, 96	96	nuc	nuc	1
THR	1, 94	94	LYS	1, 96	96	nuc	nuc	0.99
VAL	1, 95	95	LYS	1, 96	96	nuc	nuc	1
ASP	1, 93	93	GLY	1, 97	97	nuc	nuc	1
THR	1, 94	94	GLY	1, 97	97	nuc	nuc	1
VAL	1, 95	95	GLY	1, 97	97	nuc	nuc	1
LYS	1, 96	96	GLY	1, 97	97	nuc	nuc	1
THR	1, 94	94	SER	1, 98	98	nuc	nuc	1
VAL	1, 95	95	SER	1, 98	98	nuc	nuc	1
LYS	1, 96	96	SER	1, 98	98	nuc	nuc	1
GLY	1, 97	97	SER	1, 98	98	nuc	nuc	1
LYS	1, 96	96	ASP	1, 99	99	nuc	nuc	0.84
GLY	1, 97	97	ASP	1, 99	99	nuc	nuc	1
SER	1, 98	98	ASP	1, 99	99	nuc	nuc	1
VAL	1, 95	95	TRP	1, 100	100	nuc	nuc	0.99
LYS	1, 96	96	TRP	1, 100	100	nuc	nuc	0.51
SER	1, 98	98	TRP	1, 100	100	nuc	nuc	1
ASP	1, 99	99	TRP	1, 100	100	nuc	nuc	1
SER	1, 98	98	LEU	1, 101	101	nuc	nuc	1
ASP	1, 99	99	LEU	1, 101	101	nuc	nuc	1
TRP	1, 100	100	LEU	1, 101	101	nuc	nuc	1
VAL	1, 95	95	GLY	1, 102	102	nuc	nuc	0.99
SER	1, 98	98	GLY	1, 102	102	nuc	nuc	1
TRP	1, 100	100	GLY	1, 102	102	nuc	nuc	1
LEU	1, 101	101	GLY	1, 102	102	nuc	nuc	1
GLY	1, 102	102	ASP	1, 103	103	nuc	nuc	1
VAL	1, 95	95	GLN	1, 104	104	nuc	nuc	1
GLY	1, 102	102	GLN	1, 104	104	nuc	nuc	1
ASP	1, 103	103	GLN	1, 104	104	nuc	nuc	1
ASP	1, 103	103	ASP	1, 105	105	nuc	nuc	1
GLN	1, 104	104	ASP	1, 105	105	nuc	nuc	1
GLY	1, 102	102	ALA	1, 106	106	nuc	nuc	0.92
ASP	1, 103	103	ALA	1, 106	106	nuc	nuc	1
GLN	1, 104	104	ALA	1, 106	106	nuc	nuc	0.99
ASP	1, 105	105	ALA	1, 106	106	nuc	nuc	1
PHE	1, 91	91	ILE	1, 107	107	nuc	nuc	1
THR	1, 94	94	ILE	1, 107	107	nuc	nuc	1
VAL	1, 95	95	ILE	1, 107	107	nuc	nuc	1
SER	1, 98	98	ILE	1, 107	107	nuc	nuc	0.95
GLY	1, 102	102	ILE	1, 107	107	nuc	nuc	1
ASP	1, 103	103	ILE	1, 107	107	nuc	nuc	1
GLN	1, 104	104	ILE	1, 107	107	nuc	nuc	1
ASP	1, 105	105	ILE	1, 107	107	nuc	nuc	1
ALA	1, 106	106	ILE	1, 107	107	nuc	nuc	1
PHE	1, 91	91	HIS	1, 108	108	nuc	nuc	1
GLN	1, 104	104	HIS	1, 108	108	nuc	nuc	1
ASP	1, 105	105	HIS	1, 108	108	nuc	nuc	1
ALA	1, 106	106	HIS	1, 108	108	nuc	nuc	1
ILE	1, 107	107	HIS	1, 108	108	nuc	nuc	1
ASP	1, 105	105	TYR	1, 109	109	nuc	nuc	0.99
ALA	1, 106	106	TYR	1, 109	109	nuc	nuc	1
ILE	1, 107	107	TYR	1, 109	109	nuc	nuc	1
HIS	1, 108	108	TYR	1, 109	109	nuc	nuc	1
THR	1, 94	94	MET	1, 110	110	nuc	nuc	0.93
ALA	1, 106	106	MET	1, 110	110	nuc	nuc	1
ILE	1, 107	107	MET	1, 110	110	nuc	nuc	1
HIS	1, 108	108	MET	1, 110	110	nuc	nuc	0.99
TYR	1, 109	109	MET	1, 110	110	nuc	nuc	1
ALA	1, 78	78	THR	1, 111	111	nuc	nuc	0.86
TRP	1, 87	87	THR	1, 111	111	nuc	nuc	1
ARG	1, 88	88	THR	1, 111	111	nuc	nuc	0.87
HIS	1, 90	90	THR	1, 111	111	nuc	nuc	1
PHE	1, 91	91	THR	1, 111	111	nuc	nuc	1
THR	1, 94	94	THR	1, 111	111	nuc	nuc	1
ILE	1, 107	107	THR	1, 111	111	nuc	nuc	1
HIS	1, 108	108	THR	1, 111	111	nuc	nuc	1
TYR	1, 109	109	THR	1, 111	111	nuc	nuc	0.89
MET	1, 110	110	THR	1, 111	111	nuc	nuc	1
TRP	1, 87	87	GLU	1, 112	112	nuc	nuc	1
PHE	1, 91	91	GLU	1, 112	112	nuc	nuc	0.73
HIS	1, 108	108	GLU	1, 112	112	nuc	nuc	1
TYR	1, 109	109	GLU	1, 112	112	nuc	nuc	1
MET	1, 110	110	GLU	1, 112	112	nuc	nuc	0.99
THR	1, 111	111	GLU	1, 112	112	nuc	nuc	1
TYR	1, 109	109	GLN	1, 113	113	nuc	nuc	1
MET	1, 110	110	GLN	1, 113	113	nuc	nuc	1
THR	1, 111	111	GLN	1, 113	113	nuc	nuc	0.96
GLU	1, 112	112	GLN	1, 113	113	nuc	nuc	1
ASN	1, 76	76	ALA	1, 114	114	nuc	nuc	0.98
ALA	1, 77	77	ALA	1, 114	114	nuc	nuc	1
ALA	1, 78	78	ALA	1, 114	114	nuc	nuc	0.99
TRP	1, 87	87	ALA	1, 114	114	nuc	nuc	0.99
HIS	1, 90	90	ALA	1, 114	114	nuc	nuc	0.98
MET	1, 110	110	ALA	1, 114	114	nuc	nuc	1
THR	1, 111	111	ALA	1, 114	114	nuc	nuc	1
GLU	1, 112	112	ALA	1, 114	114	nuc	nuc	1
GLN	1, 113	113	ALA	1, 114	114	nuc	nuc	1
ALA	1, 77	77	PRO	1, 115	115	nuc	nuc	1
ALA	1, 78	78	PRO	1, 115	115	nuc	nuc	1
LEU	1, 79	79	PRO	1, 115	115	nuc	nuc	1
TRP	1, 87	87	PRO	1, 115	115	nuc	nuc	0.99
GLN	1, 113	113	PRO	1, 115	115	nuc	nuc	0.95
ALA	1, 114	114	PRO	1, 115	115	nuc	nuc	1
GLN	1, 113	113	ALA	1, 116	116	nuc	nuc	1
ALA	1, 114	114	ALA	1, 116	116	nuc	nuc	0.99
PRO	1, 115	115	ALA	1, 116	116	nuc	nuc	1
ALA	1, 77	77	ALA	1, 117	117	nuc	nuc	0.97
GLN	1, 113	113	ALA	1, 117	117	nuc	nuc	1
ALA	1, 114	114	ALA	1, 117	117	nuc	nuc	1
PRO	1, 115	115	ALA	1, 117	117	nuc	nuc	1
ALA	1, 116	116	ALA	1, 117	117	nuc	nuc	1
ILE	1, 75	75	VAL	1, 118	118	nuc	nuc	1
ALA	1, 77	77	VAL	1, 118	118	nuc	nuc	1
LEU	1, 79	79	VAL	1, 118	118	nuc	nuc	0.99
ALA	1, 114	114	VAL	1, 118	118	nuc	nuc	1
PRO	1, 115	115	VAL	1, 118	118	nuc	nuc	1
ALA	1, 116	116	VAL	1, 118	118	nuc	nuc	0.97
ALA	1, 117	117	VAL	1, 118	118	nuc	nuc	1
LEU	1, 79	79	ILE	1, 119	119	nuc	nuc	0.7
PRO	1, 115	115	ILE	1, 119	119	nuc	nuc	1
ALA	1, 116	116	ILE	1, 119	119	nuc	nuc	1
ALA	1, 117	117	ILE	1, 119	119	nuc	nuc	1
VAL	1, 118	118	ILE	1, 119	119	nuc	nuc	1
ALA	1, 116	116	GLU	1, 120	120	nuc	nuc	1
ALA	1, 117	117	GLU	1, 120	120	nuc	nuc	1
VAL	1, 118	118	GLU	1, 120	120	nuc	nuc	1
ILE	1, 119	119	GLU	1, 120	120	nuc	nuc	1
ILE	1, 75	75	LEU	1, 121	121	nuc	nuc	0.83
ALA	1, 117	117	LEU	1, 121	121	nuc	nuc	1
VAL	1, 118	118	LEU	1, 121	121	nuc	nuc	1
ILE	1, 119	119	LEU	1, 121	121	nuc	nuc	1
GLU	1, 120	120	LEU	1, 121	121	nuc	nuc	1
VAL	1, 118	118	GLU	1, 122	122	nuc	nuc	1
ILE	1, 119	119	GLU	1, 122	122	nuc	nuc	1
GLU	1, 120	120	GLU	1, 122	122	nuc	nuc	0.99
LEU	1, 121	121	GLU	1, 122	122	nuc	nuc	1
ILE	1, 119	119	ASN	1, 123	123	nuc	nuc	1
GLU	1, 120	120	ASN	1, 123	123	nuc	nuc	1
LEU	1, 121	121	ASN	1, 123	123	nuc	nuc	1
GLU	1, 122	122	ASN	1, 123	123	nuc	nuc	1
GLU	1, 120	120	TYR	1, 124	124	nuc	nuc	1
LEU	1, 121	121	TYR	1, 124	124	nuc	nuc	1
GLU	1, 122	122	TYR	1, 124	124	nuc	nuc	1
ASN	1, 123	123	TYR	1, 124	124	nuc	nuc	1
LEU	1, 121	121	GLY	1, 125	125	nuc	nuc	0.94
GLU	1, 122	122	GLY	1, 125	125	nuc	nuc	1
ASN	1, 123	123	GLY	1, 125	125	nuc	nuc	1
TYR	1, 124	124	GLY	1, 125	125	nuc	nuc	1
LEU	1, 121	121	MET	1, 126	126	nuc	nuc	1
GLU	1, 122	122	MET	1, 126	126	nuc	nuc	1
TYR	1, 124	124	MET	1, 126	126	nuc	nuc	1
GLY	1, 125	125	MET	1, 126	126	nuc	nuc	1
GLY	1, 125	125	PRO	1, 127	127	nuc	nuc	1
MET	1, 126	126	PRO	1, 127	127	nuc	nuc	1
GLU	1, 122	122	PHE	1, 128	128	nuc	nuc	1
MET	1, 126	126	PHE	1, 128	128	nuc	nuc	1
PRO	1, 127	127	PHE	1, 128	128	nuc	nuc	1
PHE	1, 128	128	SER	1, 129	129	nuc	nuc	1
PHE	1, 128	128	ARG	1, 130	130	nuc	nuc	1
SER	1, 129	129	ARG	1, 130	130	nuc	nuc	1
ASN	1, 81	81	THR	1, 131	131	nuc	nuc	0.98
MET	1, 82	82	THR	1, 131	131	nuc	nuc	0.88
ARG	1, 130	130	THR	1, 131	131	nuc	nuc	1
THR	1, 131	131	GLU	1, 132	132	nuc	nuc	1
ASN	1, 81	81	GLU	1, 133	133	nuc	nuc	0.65
THR	1, 131	131	GLU	1, 133	133	nuc	nuc	1
GLU	1, 132	132	GLU	1, 133	133	nuc	nuc	1
ARG	1, 130	130	GLY	1, 134	134	nuc	nuc	1
THR	1, 131	131	GLY	1, 134	134	nuc	nuc	1
GLU	1, 132	132	GLY	1, 134	134	nuc	nuc	1
GLU	1, 133	133	GLY	1, 134	134	nuc	nuc	1
LEU	1, 79	79	LYS	1, 135	135	nuc	nuc	0.82
ASN	1, 81	81	LYS	1, 135	135	nuc	nuc	1
ARG	1, 130	130	LYS	1, 135	135	nuc	nuc	0.99
THR	1, 131	131	LYS	1, 135	135	nuc	nuc	1
GLU	1, 133	133	LYS	1, 135	135	nuc	nuc	1
GLY	1, 134	134	LYS	1, 135	135	nuc	nuc	1
LEU	1, 79	79	ILE	1, 136	136	nuc	nuc	0.99
ASN	1, 81	81	ILE	1, 136	136	nuc	nuc	0.99
VAL	1, 118	118	ILE	1, 136	136	nuc	nuc	0.96
GLU	1, 122	122	ILE	1, 136	136	nuc	nuc	0.99
PHE	1, 128	128	ILE	1, 136	136	nuc	nuc	1
SER	1, 129	129	ILE	1, 136	136	nuc	nuc	0.95
ARG	1, 130	130	ILE	1, 136	136	nuc	nuc	0.99
THR	1, 131	131	ILE	1, 136	136	nuc	nuc	0.98
LYS	1, 135	135	ILE	1, 136	136	nuc	nuc	1
ASN	1, 81	81	TYR	1, 137	137	nuc	nuc	0.93
PHE	1, 128	128	TYR	1, 137	137	nuc	nuc	0.99
SER	1, 129	129	TYR	1, 137	137	nuc	nuc	1
ARG	1, 130	130	TYR	1, 137	137	nuc	nuc	1
THR	1, 131	131	TYR	1, 137	137	nuc	nuc	1
LYS	1, 135	135	TYR	1, 137	137	nuc	nuc	0.85
ILE	1, 136	136	TYR	1, 137	137	nuc	nuc	1
LEU	1, 79	79	GLN	1, 138	138	nuc	nuc	0.97
GLY	1, 80	80	GLN	1, 138	138	nuc	nuc	0.91
ASN	1, 81	81	GLN	1, 138	138	nuc	nuc	0.98
MET	1, 82	82	GLN	1, 138	138	nuc	nuc	0.99
ILE	1, 136	136	GLN	1, 138	138	nuc	nuc	1
TYR	1, 137	137	GLN	1, 138	138	nuc	nuc	1
GLY	1, 74	74	ARG	1, 139	139	nuc	nuc	0.57
TYR	1, 137	137	ARG	1, 139	139	nuc	nuc	1
GLN	1, 138	138	ARG	1, 139	139	nuc	nuc	1
ARG	1, 139	139	ALA	1, 140	140	nuc	nuc	1
GLY	1, 73	73	PHE	1, 141	141	nuc	nuc	0.82
GLY	1, 74	74	PHE	1, 141	141	nuc	nuc	0.79
ASN	1, 76	76	PHE	1, 141	141	nuc	nuc	0.96
ARG	1, 139	139	PHE	1, 141	141	nuc	nuc	1
ALA	1, 140	140	PHE	1, 141	141	nuc	nuc	1
ALA	1, 140	140	GLY	1, 142	142	nuc	nuc	0.99
PHE	1, 141	141	GLY	1, 142	142	nuc	nuc	1
ASP	1, 93	93	GLY	1, 143	143	nuc	nuc	0.99
GLY	1, 97	97	GLY	1, 143	143	nuc	nuc	0.9
PHE	1, 141	141	GLY	1, 143	143	nuc	nuc	1
GLY	1, 142	142	GLY	1, 143	143	nuc	nuc	1
ASN	1, 76	76	GLN	1, 144	144	nuc	nuc	0.9
HIS	1, 90	90	GLN	1, 144	144	nuc	nuc	0.81
ASP	1, 93	93	GLN	1, 144	144	nuc	nuc	1
ALA	1, 140	140	GLN	1, 144	144	nuc	nuc	0.95
PHE	1, 141	141	GLN	1, 144	144	nuc	nuc	0.99
GLY	1, 142	142	GLN	1, 144	144	nuc	nuc	1
GLY	1, 143	143	GLN	1, 144	144	nuc	nuc	1
TRP	1, 89	89	SER	1, 145	145	nuc	nuc	0.97
TYR	1, 92	92	SER	1, 145	145	nuc	nuc	0.67
ASP	1, 93	93	SER	1, 145	145	nuc	nuc	1
GLY	1, 143	143	SER	1, 145	145	nuc	nuc	1
GLN	1, 144	144	SER	1, 145	145	nuc	nuc	1
GLU	1, 83	83	LEU	1, 146	146	nuc	nuc	0.84
ASP	1, 85	85	LEU	1, 146	146	nuc	nuc	0.94
TRP	1, 89	89	LEU	1, 146	146	nuc	nuc	1
SER	1, 145	145	LEU	1, 146	146	nuc	nuc	1
TRP	1, 89	89	GLN	1, 147	147	nuc	nuc	0.99
SER	1, 145	145	GLN	1, 147	147	nuc	nuc	0.95
LEU	1, 146	146	GLN	1, 147	147	nuc	nuc	1
ARG	1, 88	88	PHE	1, 148	148	nuc	nuc	0.7
TRP	1, 89	89	PHE	1, 148	148	nuc	nuc	1
TYR	1, 92	92	PHE	1, 148	148	nuc	nuc	1
SER	1, 145	145	PHE	1, 148	148	nuc	nuc	0.84
GLN	1, 147	147	PHE	1, 148	148	nuc	nuc	1
TRP	1, 89	89	GLY	1, 149	149	nuc	nuc	0.86
TYR	1, 92	92	GLY	1, 149	149	nuc	nuc	0.98
ASP	1, 93	93	GLY	1, 149	149	nuc	nuc	0.92
SER	1, 145	145	GLY	1, 149	149	nuc	nuc	0.99
LEU	1, 146	146	GLY	1, 149	149	nuc	nuc	0.98
GLN	1, 147	147	GLY	1, 149	149	nuc	nuc	1
PHE	1, 148	148	GLY	1, 149	149	nuc	nuc	1
SER	1, 145	145	LYS	1, 150	150	nuc	nuc	0.8
LEU	1, 146	146	LYS	1, 150	150	nuc	nuc	0.81
GLN	1, 147	147	LYS	1, 150	150	nuc	nuc	0.99
PHE	1, 148	148	LYS	1, 150	150	nuc	nuc	0.99
GLY	1, 149	149	LYS	1, 150	150	nuc	nuc	1
SER	1, 145	145	GLY	1, 151	151	nuc	nuc	0.99
LEU	1, 146	146	GLY	1, 151	151	nuc	nuc	0.99
GLN	1, 147	147	GLY	1, 151	151	nuc	nuc	0.99
GLY	1, 149	149	GLY	1, 151	151	nuc	nuc	1
LYS	1, 150	150	GLY	1, 151	151	nuc	nuc	1
SER	1, 145	145	GLY	1, 152	152	nuc	nuc	1
LEU	1, 146	146	GLY	1, 152	152	nuc	nuc	0.99
GLN	1, 147	147	GLY	1, 152	152	nuc	nuc	0.81
GLY	1, 149	149	GLY	1, 152	152	nuc	nuc	0.97
LYS	1, 150	150	GLY	1, 152	152	nuc	nuc	0.93
GLY	1, 151	151	GLY	1, 152	152	nuc	nuc	1
ALA	1, 140	140	GLN	1, 153	153	nuc	nuc	0.99
GLN	1, 144	144	GLN	1, 153	153	nuc	nuc	0.95
SER	1, 145	145	GLN	1, 153	153	nuc	nuc	0.99
LEU	1, 146	146	GLN	1, 153	153	nuc	nuc	0.93
GLY	1, 152	152	GLN	1, 153	153	nuc	nuc	1
GLU	1, 83	83	ALA	1, 154	154	nuc	nuc	0.67
ASP	1, 85	85	ALA	1, 154	154	nuc	nuc	0.97
TRP	1, 89	89	ALA	1, 154	154	nuc	nuc	0.97
HIS	1, 90	90	ALA	1, 154	154	nuc	nuc	0.57
ASP	1, 93	93	ALA	1, 154	154	nuc	nuc	0.87
ALA	1, 140	140	ALA	1, 154	154	nuc	nuc	0.97
GLN	1, 144	144	ALA	1, 154	154	nuc	nuc	1
SER	1, 145	145	ALA	1, 154	154	nuc	nuc	1
LEU	1, 146	146	ALA	1, 154	154	nuc	nuc	1
GLY	1, 152	152	ALA	1, 154	154	nuc	nuc	1
GLN	1, 153	153	ALA	1, 154	154	nuc	nuc	1
MET	1, 82	82	HIS	1, 155	155	nuc	nuc	0.99
GLU	1, 83	83	HIS	1, 155	155	nuc	nuc	0.99
GLN	1, 138	138	HIS	1, 155	155	nuc	nuc	1
ARG	1, 139	139	HIS	1, 155	155	nuc	nuc	1
ALA	1, 140	140	HIS	1, 155	155	nuc	nuc	1
GLN	1, 153	153	HIS	1, 155	155	nuc	nuc	0.98
ALA	1, 154	154	HIS	1, 155	155	nuc	nuc	1
ASN	1, 76	76	ARG	1, 156	156	nuc	nuc	1
ALA	1, 77	77	ARG	1, 156	156	nuc	nuc	0.99
ALA	1, 78	78	ARG	1, 156	156	nuc	nuc	1
LEU	1, 79	79	ARG	1, 156	156	nuc	nuc	0.9
GLY	1, 80	80	ARG	1, 156	156	nuc	nuc	0.78
ASP	1, 85	85	ARG	1, 156	156	nuc	nuc	0.98
HIS	1, 90	90	ARG	1, 156	156	nuc	nuc	0.99
GLN	1, 138	138	ARG	1, 156	156	nuc	nuc	1
PHE	1, 141	141	ARG	1, 156	156	nuc	nuc	0.79
GLN	1, 144	144	ARG	1, 156	156	nuc	nuc	0.99
ALA	1, 154	154	ARG	1, 156	156	nuc	nuc	1
HIS	1, 155	155	ARG	1, 156	156	nuc	nuc	1
GLY	1, 73	73	CYS	1, 157	157	nuc	nuc	0.98
GLY	1, 74	74	CYS	1, 157	157	nuc	nuc	1
ILE	1, 75	75	CYS	1, 157	157	nuc	nuc	0.99
ASN	1, 76	76	CYS	1, 157	157	nuc	nuc	1
GLN	1, 138	138	CYS	1, 157	157	nuc	nuc	1
ARG	1, 139	139	CYS	1, 157	157	nuc	nuc	1
ALA	1, 140	140	CYS	1, 157	157	nuc	nuc	0.98
PHE	1, 141	141	CYS	1, 157	157	nuc	nuc	1
GLN	1, 144	144	CYS	1, 157	157	nuc	nuc	0.87
HIS	1, 155	155	CYS	1, 157	157	nuc	nuc	0.99
ARG	1, 156	156	CYS	1, 157	157	nuc	nuc	1
GLY	1, 74	74	CYS	1, 158	158	nuc	nuc	1
ILE	1, 75	75	CYS	1, 158	158	nuc	nuc	1
ASN	1, 76	76	CYS	1, 158	158	nuc	nuc	0.98
ALA	1, 77	77	CYS	1, 158	158	nuc	nuc	1
LEU	1, 79	79	CYS	1, 158	158	nuc	nuc	0.96
VAL	1, 118	118	CYS	1, 158	158	nuc	nuc	1
PHE	1, 128	128	CYS	1, 158	158	nuc	nuc	1
ILE	1, 136	136	CYS	1, 158	158	nuc	nuc	1
TYR	1, 137	137	CYS	1, 158	158	nuc	nuc	0.98
GLN	1, 138	138	CYS	1, 158	158	nuc	nuc	1
ARG	1, 156	156	CYS	1, 158	158	nuc	nuc	0.95
CYS	1, 157	157	CYS	1, 158	158	nuc	nuc	1
GLY	1, 73	73	CYS	1, 159	159	nuc	nuc	0.98
GLY	1, 74	74	CYS	1, 159	159	nuc	nuc	1
ILE	1, 75	75	CYS	1, 159	159	nuc	nuc	0.83
PHE	1, 128	128	CYS	1, 159	159	nuc	nuc	0.98
SER	1, 129	129	CYS	1, 159	159	nuc	nuc	1
TYR	1, 137	137	CYS	1, 159	159	nuc	nuc	1
GLN	1, 138	138	CYS	1, 159	159	nuc	nuc	0.91
ARG	1, 139	139	CYS	1, 159	159	nuc	nuc	1
CYS	1, 157	157	CYS	1, 159	159	nuc	nuc	1
CYS	1, 158	158	CYS	1, 159	159	nuc	nuc	1
GLY	1, 74	74	VAL	1, 160	160	nuc	nuc	0.84
MET	1, 126	126	VAL	1, 160	160	nuc	nuc	0.99
PRO	1, 127	127	VAL	1, 160	160	nuc	nuc	1
PHE	1, 128	128	VAL	1, 160	160	nuc	nuc	1
SER	1, 129	129	VAL	1, 160	160	nuc	nuc	1
CYS	1, 159	159	VAL	1, 160	160	nuc	nuc	1
SER	1, 129	129	ALA	1, 161	161	nuc	nuc	1
CYS	1, 159	159	ALA	1, 161	161	nuc	nuc	1
VAL	1, 160	160	ALA	1, 161	161	nuc	nuc	1
GLN	1, 72	72	ASP	1, 162	162	nuc	nuc	0.99
GLY	1, 73	73	ASP	1, 162	162	nuc	nuc	0.93
CYS	1, 159	159	ASP	1, 162	162	nuc	nuc	0.85
ALA	1, 161	161	ASP	1, 162	162	nuc	nuc	1
GLN	1, 72	72	ARG	1, 163	163	nuc	nuc	0.99
VAL	1, 160	160	ARG	1, 163	163	nuc	nuc	1
ALA	1, 161	161	ARG	1, 163	163	nuc	nuc	1
ASP	1, 162	162	ARG	1, 163	163	nuc	nuc	1
ALA	1, 71	71	THR	1, 164	164	nuc	nuc	0.99
GLN	1, 72	72	THR	1, 164	164	nuc	nuc	0.99
GLY	1, 73	73	THR	1, 164	164	nuc	nuc	1
GLY	1, 74	74	THR	1, 164	164	nuc	nuc	1
ILE	1, 75	75	THR	1, 164	164	nuc	nuc	1
CYS	1, 158	158	THR	1, 164	164	nuc	nuc	0.88
CYS	1, 159	159	THR	1, 164	164	nuc	nuc	1
VAL	1, 160	160	THR	1, 164	164	nuc	nuc	1
ALA	1, 161	161	THR	1, 164	164	nuc	nuc	0.79
ASP	1, 162	162	THR	1, 164	164	nuc	nuc	0.92
ARG	1, 163	163	THR	1, 164	164	nuc	nuc	1
THR	1, 68	68	GLY	1, 165	165	nuc	nuc	1
VAL	1, 69	69	GLY	1, 165	165	nuc	nuc	1
ALA	1, 70	70	GLY	1, 165	165	nuc	nuc	0.96
ALA	1, 71	71	GLY	1, 165	165	nuc	nuc	1
GLN	1, 72	72	GLY	1, 165	165	nuc	nuc	0.99
GLY	1, 73	73	GLY	1, 165	165	nuc	nuc	0.75
GLY	1, 74	74	GLY	1, 165	165	nuc	nuc	0.96
VAL	1, 160	160	GLY	1, 165	165	nuc	nuc	0.84
ARG	1, 163	163	GLY	1, 165	165	nuc	nuc	1
THR	1, 164	164	GLY	1, 165	165	nuc	nuc	1
VAL	1, 69	69	HIS	1, 166	166	nuc	nuc	1
ALA	1, 70	70	HIS	1, 166	166	nuc	nuc	0.75
ALA	1, 71	71	HIS	1, 166	166	nuc	nuc	0.86
VAL	1, 160	160	HIS	1, 166	166	nuc	nuc	0.7
ARG	1, 163	163	HIS	1, 166	166	nuc	nuc	1
THR	1, 164	164	HIS	1, 166	166	nuc	nuc	1
GLY	1, 165	165	HIS	1, 166	166	nuc	nuc	1
MET	1, 126	126	SER	1, 167	167	nuc	nuc	1
PRO	1, 127	127	SER	1, 167	167	nuc	nuc	1
VAL	1, 160	160	SER	1, 167	167	nuc	nuc	1
ARG	1, 163	163	SER	1, 167	167	nuc	nuc	1
THR	1, 164	164	SER	1, 167	167	nuc	nuc	1
GLY	1, 165	165	SER	1, 167	167	nuc	nuc	1
HIS	1, 166	166	SER	1, 167	167	nuc	nuc	1
GLY	1, 39	39	LEU	1, 168	168	nuc	nuc	0.99
THR	1, 68	68	LEU	1, 168	168	nuc	nuc	0.98
ALA	1, 71	71	LEU	1, 168	168	nuc	nuc	0.89
ILE	1, 75	75	LEU	1, 168	168	nuc	nuc	0.97
LEU	1, 121	121	LEU	1, 168	168	nuc	nuc	1
MET	1, 126	126	LEU	1, 168	168	nuc	nuc	1
VAL	1, 160	160	LEU	1, 168	168	nuc	nuc	0.63
THR	1, 164	164	LEU	1, 168	168	nuc	nuc	1
GLY	1, 165	165	LEU	1, 168	168	nuc	nuc	1
HIS	1, 166	166	LEU	1, 168	168	nuc	nuc	1
SER	1, 167	167	LEU	1, 168	168	nuc	nuc	1
GLY	1, 38	38	LEU	1, 169	169	nuc	nuc	1
GLY	1, 39	39	LEU	1, 169	169	nuc	nuc	1
LEU	1, 42	42	LEU	1, 169	169	nuc	nuc	0.95
PRO	1, 63	63	LEU	1, 169	169	nuc	nuc	0.93
THR	1, 64	64	LEU	1, 169	169	nuc	nuc	1
SER	1, 66	66	LEU	1, 169	169	nuc	nuc	0.99
THR	1, 68	68	LEU	1, 169	169	nuc	nuc	1
VAL	1, 69	69	LEU	1, 169	169	nuc	nuc	1
GLY	1, 165	165	LEU	1, 169	169	nuc	nuc	1
HIS	1, 166	166	LEU	1, 169	169	nuc	nuc	1
SER	1, 167	167	LEU	1, 169	169	nuc	nuc	0.99
LEU	1, 168	168	LEU	1, 169	169	nuc	nuc	1
THR	1, 64	64	HIS	1, 170	170	nuc	nuc	1
VAL	1, 69	69	HIS	1, 170	170	nuc	nuc	0.68
HIS	1, 166	166	HIS	1, 170	170	nuc	nuc	1
SER	1, 167	167	HIS	1, 170	170	nuc	nuc	1
LEU	1, 168	168	HIS	1, 170	170	nuc	nuc	0.99
LEU	1, 169	169	HIS	1, 170	170	nuc	nuc	1
LEU	1, 121	121	THR	1, 171	171	nuc	nuc	0.99
TYR	1, 124	124	THR	1, 171	171	nuc	nuc	1
GLY	1, 125	125	THR	1, 171	171	nuc	nuc	1
MET	1, 126	126	THR	1, 171	171	nuc	nuc	1
PRO	1, 127	127	THR	1, 171	171	nuc	nuc	0.61
SER	1, 167	167	THR	1, 171	171	nuc	nuc	1
LEU	1, 168	168	THR	1, 171	171	nuc	nuc	1
LEU	1, 169	169	THR	1, 171	171	nuc	nuc	1
HIS	1, 170	170	THR	1, 171	171	nuc	nuc	1
GLY	1, 38	38	LEU	1, 172	172	nuc	nuc	0.65
GLY	1, 39	39	LEU	1, 172	172	nuc	nuc	1
LEU	1, 42	42	LEU	1, 172	172	nuc	nuc	1
ARG	1, 43	43	LEU	1, 172	172	nuc	nuc	1
PHE	1, 46	46	LEU	1, 172	172	nuc	nuc	0.82
LEU	1, 121	121	LEU	1, 172	172	nuc	nuc	0.64
TYR	1, 124	124	LEU	1, 172	172	nuc	nuc	0.98
LEU	1, 168	168	LEU	1, 172	172	nuc	nuc	1
LEU	1, 169	169	LEU	1, 172	172	nuc	nuc	1
HIS	1, 170	170	LEU	1, 172	172	nuc	nuc	0.99
THR	1, 171	171	LEU	1, 172	172	nuc	nuc	1
ALA	1, 37	37	TYR	1, 173	173	nuc	nuc	0.59
LEU	1, 42	42	TYR	1, 173	173	nuc	nuc	1
PRO	1, 63	63	TYR	1, 173	173	nuc	nuc	1
THR	1, 64	64	TYR	1, 173	173	nuc	nuc	1
LEU	1, 169	169	TYR	1, 173	173	nuc	nuc	1
HIS	1, 170	170	TYR	1, 173	173	nuc	nuc	1
THR	1, 171	171	TYR	1, 173	173	nuc	nuc	1
LEU	1, 172	172	TYR	1, 173	173	nuc	nuc	1
HIS	1, 170	170	GLY	1, 174	174	nuc	nuc	1
THR	1, 171	171	GLY	1, 174	174	nuc	nuc	1
LEU	1, 172	172	GLY	1, 174	174	nuc	nuc	1
TYR	1, 173	173	GLY	1, 174	174	nuc	nuc	1
PHE	1, 46	46	ARG	1, 175	175	nuc	nuc	0.99
TYR	1, 124	124	ARG	1, 175	175	nuc	nuc	1
THR	1, 171	171	ARG	1, 175	175	nuc	nuc	1
LEU	1, 172	172	ARG	1, 175	175	nuc	nuc	1
TYR	1, 173	173	ARG	1, 175	175	nuc	nuc	1
GLY	1, 174	174	ARG	1, 175	175	nuc	nuc	1
LEU	1, 42	42	SER	1, 176	176	nuc	nuc	1
ALA	1, 45	45	SER	1, 176	176	nuc	nuc	1
PHE	1, 46	46	SER	1, 176	176	nuc	nuc	1
PRO	1, 63	63	SER	1, 176	176	nuc	nuc	0.84
LEU	1, 172	172	SER	1, 176	176	nuc	nuc	1
TYR	1, 173	173	SER	1, 176	176	nuc	nuc	1
GLY	1, 174	174	SER	1, 176	176	nuc	nuc	1
ARG	1, 175	175	SER	1, 176	176	nuc	nuc	1
TYR	1, 173	173	LEU	1, 177	177	nuc	nuc	0.98
GLY	1, 174	174	LEU	1, 177	177	nuc	nuc	1
ARG	1, 175	175	LEU	1, 177	177	nuc	nuc	1
SER	1, 176	176	LEU	1, 177	177	nuc	nuc	1
PHE	1, 46	46	ARG	1, 178	178	nuc	nuc	0.72
GLY	1, 174	174	ARG	1, 178	178	nuc	nuc	0.88
ARG	1, 175	175	ARG	1, 178	178	nuc	nuc	1
SER	1, 176	176	ARG	1, 178	178	nuc	nuc	0.99
LEU	1, 177	177	ARG	1, 178	178	nuc	nuc	1
PHE	1, 46	46	TYR	1, 179	179	nuc	nuc	0.99
SER	1, 49	49	TYR	1, 179	179	nuc	nuc	1
GLU	1, 50	50	TYR	1, 179	179	nuc	nuc	0.99
SER	1, 176	176	TYR	1, 179	179	nuc	nuc	0.99
LEU	1, 177	177	TYR	1, 179	179	nuc	nuc	0.94
ARG	1, 178	178	TYR	1, 179	179	nuc	nuc	1
SER	1, 49	49	ASP	1, 180	180	nuc	nuc	0.99
TYR	1, 179	179	ASP	1, 180	180	nuc	nuc	1
ALA	1, 45	45	THR	1, 181	181	nuc	nuc	1
PHE	1, 46	46	THR	1, 181	181	nuc	nuc	0.98
LEU	1, 48	48	THR	1, 181	181	nuc	nuc	0.68
SER	1, 49	49	THR	1, 181	181	nuc	nuc	1
THR	1, 55	55	THR	1, 181	181	nuc	nuc	1
ALA	1, 56	56	THR	1, 181	181	nuc	nuc	0.87
CYS	1, 57	57	THR	1, 181	181	nuc	nuc	1
SER	1, 176	176	THR	1, 181	181	nuc	nuc	1
TYR	1, 179	179	THR	1, 181	181	nuc	nuc	1
ASP	1, 180	180	THR	1, 181	181	nuc	nuc	1
PHE	1, 30	30	SER	1, 182	182	nuc	nuc	0.92
ASN	1, 54	54	SER	1, 182	182	nuc	nuc	0.65
THR	1, 55	55	SER	1, 182	182	nuc	nuc	0.98
ALA	1, 56	56	SER	1, 182	182	nuc	nuc	1
CYS	1, 57	57	SER	1, 182	182	nuc	nuc	0.99
ASP	1, 180	180	SER	1, 182	182	nuc	nuc	0.86
THR	1, 181	181	SER	1, 182	182	nuc	nuc	1
ALA	1, 37	37	TYR	1, 183	183	nuc	nuc	0.92
CYS	1, 57	57	TYR	1, 183	183	nuc	nuc	1
THR	1, 59	59	TYR	1, 183	183	nuc	nuc	0.96
PRO	1, 63	63	TYR	1, 183	183	nuc	nuc	0.97
SER	1, 176	176	TYR	1, 183	183	nuc	nuc	0.57
THR	1, 181	181	TYR	1, 183	183	nuc	nuc	1
SER	1, 182	182	TYR	1, 183	183	nuc	nuc	1
ALA	1, 56	56	PHE	1, 184	184	nuc	nuc	1
CYS	1, 57	57	PHE	1, 184	184	nuc	nuc	1
VAL	1, 58	58	PHE	1, 184	184	nuc	nuc	1
THR	1, 59	59	PHE	1, 184	184	nuc	nuc	0.99
SER	1, 182	182	PHE	1, 184	184	nuc	nuc	1
TYR	1, 183	183	PHE	1, 184	184	nuc	nuc	1
THR	1, 59	59	VAL	1, 185	185	nuc	nuc	1
LEU	1, 61	61	VAL	1, 185	185	nuc	nuc	0.7
PHE	1, 62	62	VAL	1, 185	185	nuc	nuc	1
PRO	1, 63	63	VAL	1, 185	185	nuc	nuc	0.94
TYR	1, 183	183	VAL	1, 185	185	nuc	nuc	1
PHE	1, 184	184	VAL	1, 185	185	nuc	nuc	1
THR	1, 59	59	GLU	1, 186	186	nuc	nuc	0.93
LYS	1, 60	60	GLU	1, 186	186	nuc	nuc	0.99
LEU	1, 61	61	GLU	1, 186	186	nuc	nuc	0.98
PHE	1, 62	62	GLU	1, 186	186	nuc	nuc	0.97
VAL	1, 185	185	GLU	1, 186	186	nuc	nuc	1
VAL	1, 58	58	TYR	1, 187	187	nuc	nuc	1
THR	1, 59	59	TYR	1, 187	187	nuc	nuc	0.99
LYS	1, 60	60	TYR	1, 187	187	nuc	nuc	0.99
PHE	1, 184	184	TYR	1, 187	187	nuc	nuc	1
VAL	1, 185	185	TYR	1, 187	187	nuc	nuc	1
GLU	1, 186	186	TYR	1, 187	187	nuc	nuc	1
LYS	1, 60	60	PHE	1, 188	188	nuc	nuc	1
GLU	1, 186	186	PHE	1, 188	188	nuc	nuc	0.61
TYR	1, 187	187	PHE	1, 188	188	nuc	nuc	1
VAL	1, 35	35	ALA	1, 189	189	nuc	nuc	1
VAL	1, 58	58	ALA	1, 189	189	nuc	nuc	1
LYS	1, 60	60	ALA	1, 189	189	nuc	nuc	0.96
TYR	1, 187	187	ALA	1, 189	189	nuc	nuc	1
PHE	1, 188	188	ALA	1, 189	189	nuc	nuc	1
PHE	1, 188	188	LEU	1, 190	190	nuc	nuc	1
ALA	1, 189	189	LEU	1, 190	190	nuc	nuc	1
ALA	1, 189	189	ASP	1, 191	191	nuc	nuc	0.92
LEU	1, 190	190	ASP	1, 191	191	nuc	nuc	1
ASP	1, 191	191	LEU	1, 192	192	nuc	nuc	1
ASP	1, 191	191	LEU	1, 193	193	nuc	nuc	0.98
LEU	1, 192	192	LEU	1, 193	193	nuc	nuc	1
LEU	1, 192	192	MET	1, 194	194	nuc	nuc	1
LEU	1, 193	193	MET	1, 194	194	nuc	nuc	1
LEU	1, 193	193	GLU	1, 195	195	nuc	nuc	0.99
MET	1, 194	194	GLU	1, 195	195	nuc	nuc	1
GLU	1, 195	195	ASN	1, 196	196	nuc	nuc	1
MET	1, 194	194	GLY	1, 197	197	nuc	nuc	1
GLU	1, 195	195	GLY	1, 197	197	nuc	nuc	1
ASN	1, 196	196	GLY	1, 197	197	nuc	nuc	1
MET	1, 194	194	GLU	1, 198	198	nuc	nuc	0.98
GLU	1, 195	195	GLU	1, 198	198	nuc	nuc	0.99
ASN	1, 196	196	GLU	1, 198	198	nuc	nuc	1
GLY	1, 197	197	GLU	1, 198	198	nuc	nuc	1
LEU	1, 192	192	CYS	1, 199	199	nuc	nuc	1
LEU	1, 193	193	CYS	1, 199	199	nuc	nuc	0.99
MET	1, 194	194	CYS	1, 199	199	nuc	nuc	1
GLY	1, 197	197	CYS	1, 199	199	nuc	nuc	0.96
GLU	1, 198	198	CYS	1, 199	199	nuc	nuc	1
LEU	1, 193	193	ARG	1, 200	200	nuc	nuc	1
MET	1, 194	194	ARG	1, 200	200	nuc	nuc	0.96
GLU	1, 195	195	ARG	1, 200	200	nuc	nuc	1
GLU	1, 198	198	ARG	1, 200	200	nuc	nuc	1
CYS	1, 199	199	ARG	1, 200	200	nuc	nuc	1
VAL	1, 33	33	GLY	1, 201	201	nuc	nuc	1
LEU	1, 192	192	GLY	1, 201	201	nuc	nuc	1
LEU	1, 193	193	GLY	1, 201	201	nuc	nuc	1
CYS	1, 199	199	GLY	1, 201	201	nuc	nuc	1
ARG	1, 200	200	GLY	1, 201	201	nuc	nuc	1
VAL	1, 33	33	VAL	1, 202	202	nuc	nuc	1
VAL	1, 35	35	VAL	1, 202	202	nuc	nuc	1
VAL	1, 58	58	VAL	1, 202	202	nuc	nuc	0.99
ALA	1, 189	189	VAL	1, 202	202	nuc	nuc	1
LEU	1, 190	190	VAL	1, 202	202	nuc	nuc	0.65
ASP	1, 191	191	VAL	1, 202	202	nuc	nuc	0.96
LEU	1, 192	192	VAL	1, 202	202	nuc	nuc	1
LEU	1, 193	193	VAL	1, 202	202	nuc	nuc	1
GLY	1, 201	201	VAL	1, 202	202	nuc	nuc	1
ALA	1, 189	189	ILE	1, 203	203	nuc	nuc	0.92
LEU	1, 190	190	ILE	1, 203	203	nuc	nuc	1
ASP	1, 191	191	ILE	1, 203	203	nuc	nuc	1
LEU	1, 193	193	ILE	1, 203	203	nuc	nuc	1
GLY	1, 201	201	ILE	1, 203	203	nuc	nuc	0.83
VAL	1, 202	202	ILE	1, 203	203	nuc	nuc	1
VAL	1, 58	58	ALA	1, 204	204	nuc	nuc	1
PHE	1, 184	184	ALA	1, 204	204	nuc	nuc	0.97
TYR	1, 187	187	ALA	1, 204	204	nuc	nuc	1
PHE	1, 188	188	ALA	1, 204	204	nuc	nuc	1
ALA	1, 189	189	ALA	1, 204	204	nuc	nuc	1
LEU	1, 190	190	ALA	1, 204	204	nuc	nuc	1
VAL	1, 202	202	ALA	1, 204	204	nuc	nuc	1
ILE	1, 203	203	ALA	1, 204	204	nuc	nuc	1
TYR	1, 187	187	LEU	1, 205	205	nuc	nuc	1
PHE	1, 188	188	LEU	1, 205	205	nuc	nuc	1
LEU	1, 190	190	LEU	1, 205	205	nuc	nuc	1
ALA	1, 204	204	LEU	1, 205	205	nuc	nuc	1
PHE	1, 184	184	CYS	1, 206	206	nuc	nuc	0.6
GLU	1, 186	186	CYS	1, 206	206	nuc	nuc	0.89
TYR	1, 187	187	CYS	1, 206	206	nuc	nuc	1
ALA	1, 204	204	CYS	1, 206	206	nuc	nuc	0.99
LEU	1, 205	205	CYS	1, 206	206	nuc	nuc	1
LYS	1, 60	60	ILE	1, 207	207	nuc	nuc	0.9
GLU	1, 186	186	ILE	1, 207	207	nuc	nuc	1
TYR	1, 187	187	ILE	1, 207	207	nuc	nuc	1
PHE	1, 188	188	ILE	1, 207	207	nuc	nuc	1
LEU	1, 205	205	ILE	1, 207	207	nuc	nuc	1
CYS	1, 206	206	ILE	1, 207	207	nuc	nuc	1
GLU	1, 186	186	GLU	1, 208	208	nuc	nuc	1
CYS	1, 206	206	GLU	1, 208	208	nuc	nuc	1
ILE	1, 207	207	GLU	1, 208	208	nuc	nuc	1
CYS	1, 206	206	ASP	1, 209	209	nuc	nuc	1
GLU	1, 208	208	ASP	1, 209	209	nuc	nuc	1
TYR	1, 23	23	GLY	1, 210	210	nuc	nuc	0.63
LEU	1, 205	205	GLY	1, 210	210	nuc	nuc	1
CYS	1, 206	206	GLY	1, 210	210	nuc	nuc	1
ILE	1, 207	207	GLY	1, 210	210	nuc	nuc	0.98
GLU	1, 208	208	GLY	1, 210	210	nuc	nuc	0.99
ASP	1, 209	209	GLY	1, 210	210	nuc	nuc	1
TYR	1, 23	23	THR	1, 211	211	nuc	nuc	0.86
PRO	1, 24	24	THR	1, 211	211	nuc	nuc	0.95
VAL	1, 25	25	THR	1, 211	211	nuc	nuc	0.74
VAL	1, 26	26	THR	1, 211	211	nuc	nuc	1
LEU	1, 205	205	THR	1, 211	211	nuc	nuc	0.66
CYS	1, 206	206	THR	1, 211	211	nuc	nuc	1
ASP	1, 209	209	THR	1, 211	211	nuc	nuc	1
GLY	1, 210	210	THR	1, 211	211	nuc	nuc	1
TYR	1, 23	23	ILE	1, 212	212	nuc	nuc	0.99
PRO	1, 24	24	ILE	1, 212	212	nuc	nuc	0.97
VAL	1, 25	25	ILE	1, 212	212	nuc	nuc	1
VAL	1, 26	26	ILE	1, 212	212	nuc	nuc	0.97
ILE	1, 203	203	ILE	1, 212	212	nuc	nuc	1
ALA	1, 204	204	ILE	1, 212	212	nuc	nuc	0.93
LEU	1, 205	205	ILE	1, 212	212	nuc	nuc	1
CYS	1, 206	206	ILE	1, 212	212	nuc	nuc	0.92
GLY	1, 210	210	ILE	1, 212	212	nuc	nuc	0.98
THR	1, 211	211	ILE	1, 212	212	nuc	nuc	1
VAL	1, 25	25	HIS	1, 213	213	nuc	nuc	0.94
VAL	1, 26	26	HIS	1, 213	213	nuc	nuc	1
ASP	1, 27	27	HIS	1, 213	213	nuc	nuc	0.7
HIS	1, 28	28	HIS	1, 213	213	nuc	nuc	1
PHE	1, 184	184	HIS	1, 213	213	nuc	nuc	0.94
TYR	1, 187	187	HIS	1, 213	213	nuc	nuc	0.99
ILE	1, 203	203	HIS	1, 213	213	nuc	nuc	0.99
ALA	1, 204	204	HIS	1, 213	213	nuc	nuc	1
LEU	1, 205	205	HIS	1, 213	213	nuc	nuc	0.86
CYS	1, 206	206	HIS	1, 213	213	nuc	nuc	1
THR	1, 211	211	HIS	1, 213	213	nuc	nuc	1
ILE	1, 212	212	HIS	1, 213	213	nuc	nuc	1
VAL	1, 25	25	ARG	1, 214	214	nuc	nuc	1
VAL	1, 26	26	ARG	1, 214	214	nuc	nuc	0.98
ASP	1, 27	27	ARG	1, 214	214	nuc	nuc	1
HIS	1, 28	28	ARG	1, 214	214	nuc	nuc	0.99
LEU	1, 193	193	ARG	1, 214	214	nuc	nuc	0.97
GLY	1, 201	201	ARG	1, 214	214	nuc	nuc	0.76
VAL	1, 202	202	ARG	1, 214	214	nuc	nuc	0.65
ILE	1, 203	203	ARG	1, 214	214	nuc	nuc	1
ILE	1, 212	212	ARG	1, 214	214	nuc	nuc	0.99
HIS	1, 213	213	ARG	1, 214	214	nuc	nuc	1
HIS	1, 28	28	PHE	1, 215	215	nuc	nuc	1
PHE	1, 30	30	PHE	1, 215	215	nuc	nuc	1
VAL	1, 33	33	PHE	1, 215	215	nuc	nuc	1
ALA	1, 56	56	PHE	1, 215	215	nuc	nuc	1
VAL	1, 58	58	PHE	1, 215	215	nuc	nuc	0.99
GLY	1, 201	201	PHE	1, 215	215	nuc	nuc	1
VAL	1, 202	202	PHE	1, 215	215	nuc	nuc	1
ILE	1, 203	203	PHE	1, 215	215	nuc	nuc	0.95
ALA	1, 204	204	PHE	1, 215	215	nuc	nuc	0.99
HIS	1, 213	213	PHE	1, 215	215	nuc	nuc	1
ARG	1, 214	214	PHE	1, 215	215	nuc	nuc	1
ASP	1, 27	27	ARG	1, 216	216	nuc	nuc	0.99
HIS	1, 28	28	ARG	1, 216	216	nuc	nuc	0.99
GLU	1, 29	29	ARG	1, 216	216	nuc	nuc	1
PHE	1, 30	30	ARG	1, 216	216	nuc	nuc	0.98
LEU	1, 193	193	ARG	1, 216	216	nuc	nuc	0.93
ARG	1, 200	200	ARG	1, 216	216	nuc	nuc	1
GLY	1, 201	201	ARG	1, 216	216	nuc	nuc	1
ARG	1, 214	214	ARG	1, 216	216	nuc	nuc	1
PHE	1, 215	215	ARG	1, 216	216	nuc	nuc	1
GLU	1, 29	29	ALA	1, 217	217	nuc	nuc	0.86
PHE	1, 30	30	ALA	1, 217	217	nuc	nuc	1
ASP	1, 31	31	ALA	1, 217	217	nuc	nuc	1
ALA	1, 32	32	ALA	1, 217	217	nuc	nuc	1
VAL	1, 33	33	ALA	1, 217	217	nuc	nuc	1
ALA	1, 56	56	ALA	1, 217	217	nuc	nuc	0.93
ARG	1, 200	200	ALA	1, 217	217	nuc	nuc	0.97
GLY	1, 201	201	ALA	1, 217	217	nuc	nuc	1
PHE	1, 215	215	ALA	1, 217	217	nuc	nuc	1
ARG	1, 216	216	ALA	1, 217	217	nuc	nuc	1
ASP	1, 31	31	LYS	1, 218	218	nuc	nuc	0.99
ALA	1, 32	32	LYS	1, 218	218	nuc	nuc	0.97
ARG	1, 200	200	LYS	1, 218	218	nuc	nuc	0.7
ALA	1, 217	217	LYS	1, 218	218	nuc	nuc	1
ASP	1, 31	31	ASN	1, 219	219	nuc	nuc	0.91
ALA	1, 32	32	ASN	1, 219	219	nuc	nuc	1
VAL	1, 33	33	ASN	1, 219	219	nuc	nuc	0.95
ALA	1, 217	217	ASN	1, 219	219	nuc	nuc	1
LYS	1, 218	218	ASN	1, 219	219	nuc	nuc	1
ALA	1, 32	32	THR	1, 220	220	nuc	nuc	0.96
VAL	1, 33	33	THR	1, 220	220	nuc	nuc	1
VAL	1, 34	34	THR	1, 220	220	nuc	nuc	0.59
VAL	1, 35	35	THR	1, 220	220	nuc	nuc	0.99
LEU	1, 192	192	THR	1, 220	220	nuc	nuc	0.99
CYS	1, 199	199	THR	1, 220	220	nuc	nuc	1
GLY	1, 201	201	THR	1, 220	220	nuc	nuc	1
VAL	1, 202	202	THR	1, 220	220	nuc	nuc	1
ALA	1, 217	217	THR	1, 220	220	nuc	nuc	1
ASN	1, 219	219	THR	1, 220	220	nuc	nuc	1
ALA	1, 32	32	VAL	1, 221	221	nuc	nuc	0.99
VAL	1, 33	33	VAL	1, 221	221	nuc	nuc	0.99
VAL	1, 34	34	VAL	1, 221	221	nuc	nuc	1
VAL	1, 35	35	VAL	1, 221	221	nuc	nuc	1
GLY	1, 41	41	VAL	1, 221	221	nuc	nuc	0.99
ALA	1, 44	44	VAL	1, 221	221	nuc	nuc	1
ASN	1, 219	219	VAL	1, 221	221	nuc	nuc	1
THR	1, 220	220	VAL	1, 221	221	nuc	nuc	1
VAL	1, 35	35	ILE	1, 222	222	nuc	nuc	1
GLY	1, 36	36	ILE	1, 222	222	nuc	nuc	0.7
THR	1, 220	220	ILE	1, 222	222	nuc	nuc	1
VAL	1, 221	221	ILE	1, 222	222	nuc	nuc	1
VAL	1, 34	34	ALA	1, 223	223	nuc	nuc	1
VAL	1, 35	35	ALA	1, 223	223	nuc	nuc	1
GLY	1, 36	36	ALA	1, 223	223	nuc	nuc	1
ALA	1, 37	37	ALA	1, 223	223	nuc	nuc	0.64
GLY	1, 38	38	ALA	1, 223	223	nuc	nuc	1
GLY	1, 39	39	ALA	1, 223	223	nuc	nuc	0.92
ALA	1, 40	40	ALA	1, 223	223	nuc	nuc	1
GLY	1, 41	41	ALA	1, 223	223	nuc	nuc	1
ALA	1, 44	44	ALA	1, 223	223	nuc	nuc	0.99
VAL	1, 221	221	ALA	1, 223	223	nuc	nuc	1
ILE	1, 222	222	ALA	1, 223	223	nuc	nuc	1
VAL	1, 35	35	THR	1, 224	224	nuc	nuc	1
GLY	1, 36	36	THR	1, 224	224	nuc	nuc	1
ALA	1, 189	189	THR	1, 224	224	nuc	nuc	0.91
ILE	1, 222	222	THR	1, 224	224	nuc	nuc	1
ALA	1, 223	223	THR	1, 224	224	nuc	nuc	1
GLY	1, 36	36	GLY	1, 225	225	nuc	nuc	0.76
GLY	1, 38	38	GLY	1, 225	225	nuc	nuc	0.8
ALA	1, 40	40	GLY	1, 225	225	nuc	nuc	0.63
HIS	1, 67	67	GLY	1, 225	225	nuc	nuc	0.98
ALA	1, 223	223	GLY	1, 225	225	nuc	nuc	1
THR	1, 224	224	GLY	1, 225	225	nuc	nuc	1
HIS	1, 67	67	GLY	1, 226	226	nuc	nuc	0.57
THR	1, 224	224	GLY	1, 226	226	nuc	nuc	1
GLY	1, 225	225	GLY	1, 226	226	nuc	nuc	1
GLY	1, 225	225	TYR	1, 227	227	nuc	nuc	0.74
GLY	1, 226	226	TYR	1, 227	227	nuc	nuc	1
GLY	1, 226	226	GLY	1, 228	228	nuc	nuc	1
TYR	1, 227	227	GLY	1, 228	228	nuc	nuc	1
TYR	1, 227	227	ARG	1, 229	229	nuc	nuc	0.99
GLY	1, 228	228	ARG	1, 229	229	nuc	nuc	1
TYR	1, 227	227	THR	1, 230	230	nuc	nuc	1
GLY	1, 228	228	THR	1, 230	230	nuc	nuc	1
ARG	1, 229	229	THR	1, 230	230	nuc	nuc	1
GLY	1, 228	228	TYR	1, 231	231	nuc	nuc	1
ARG	1, 229	229	TYR	1, 231	231	nuc	nuc	0.99
THR	1, 230	230	TYR	1, 231	231	nuc	nuc	1
TYR	1, 231	231	PHE	1, 232	232	nuc	nuc	1
TYR	1, 231	231	SER	1, 233	233	nuc	nuc	1
PHE	1, 232	232	SER	1, 233	233	nuc	nuc	1
GLY	1, 228	228	CYS	1, 234	234	nuc	nuc	1
ARG	1, 229	229	CYS	1, 234	234	nuc	nuc	0.99
TYR	1, 231	231	CYS	1, 234	234	nuc	nuc	1
PHE	1, 232	232	CYS	1, 234	234	nuc	nuc	0.87
SER	1, 233	233	CYS	1, 234	234	nuc	nuc	1
ALA	1, 70	70	THR	1, 235	235	nuc	nuc	0.87
CYS	1, 234	234	THR	1, 235	235	nuc	nuc	1
HIS	1, 67	67	SER	1, 236	236	nuc	nuc	0.99
GLY	1, 226	226	SER	1, 236	236	nuc	nuc	0.95
GLY	1, 228	228	SER	1, 236	236	nuc	nuc	1
ARG	1, 229	229	SER	1, 236	236	nuc	nuc	0.99
CYS	1, 234	234	SER	1, 236	236	nuc	nuc	1
THR	1, 235	235	SER	1, 236	236	nuc	nuc	1
HIS	1, 67	67	ALA	1, 237	237	nuc	nuc	1
ALA	1, 70	70	ALA	1, 237	237	nuc	nuc	0.98
ARG	1, 229	229	ALA	1, 237	237	nuc	nuc	0.54
SER	1, 236	236	ALA	1, 237	237	nuc	nuc	1
ARG	1, 229	229	HIS	1, 238	238	nuc	nuc	0.99
ALA	1, 237	237	HIS	1, 238	238	nuc	nuc	1
LYS	1, 60	60	THR	1, 239	239	nuc	nuc	0.98
LEU	1, 61	61	THR	1, 239	239	nuc	nuc	1
ARG	1, 65	65	THR	1, 239	239	nuc	nuc	0.75
SER	1, 66	66	THR	1, 239	239	nuc	nuc	0.63
HIS	1, 67	67	THR	1, 239	239	nuc	nuc	0.96
ALA	1, 237	237	THR	1, 239	239	nuc	nuc	1
HIS	1, 238	238	THR	1, 239	239	nuc	nuc	1
HIS	1, 67	67	SER	1, 240	240	nuc	nuc	1
GLY	1, 225	225	SER	1, 240	240	nuc	nuc	1
GLY	1, 226	226	SER	1, 240	240	nuc	nuc	1
TYR	1, 227	227	SER	1, 240	240	nuc	nuc	0.99
GLY	1, 228	228	SER	1, 240	240	nuc	nuc	1
ARG	1, 229	229	SER	1, 240	240	nuc	nuc	1
CYS	1, 234	234	SER	1, 240	240	nuc	nuc	0.73
SER	1, 236	236	SER	1, 240	240	nuc	nuc	1
ALA	1, 237	237	SER	1, 240	240	nuc	nuc	1
HIS	1, 238	238	SER	1, 240	240	nuc	nuc	0.97
THR	1, 239	239	SER	1, 240	240	nuc	nuc	1
TYR	1, 227	227	THR	1, 241	241	nuc	nuc	0.99
ARG	1, 229	229	THR	1, 241	241	nuc	nuc	0.99
THR	1, 239	239	THR	1, 241	241	nuc	nuc	1
SER	1, 240	240	THR	1, 241	241	nuc	nuc	1
THR	1, 224	224	GLY	1, 242	242	nuc	nuc	1
GLY	1, 225	225	GLY	1, 242	242	nuc	nuc	1
GLY	1, 226	226	GLY	1, 242	242	nuc	nuc	1
TYR	1, 227	227	GLY	1, 242	242	nuc	nuc	1
SER	1, 240	240	GLY	1, 242	242	nuc	nuc	1
THR	1, 241	241	GLY	1, 242	242	nuc	nuc	1
LYS	1, 60	60	ASP	1, 243	243	nuc	nuc	0.91
PHE	1, 188	188	ASP	1, 243	243	nuc	nuc	0.7
ALA	1, 189	189	ASP	1, 243	243	nuc	nuc	1
THR	1, 224	224	ASP	1, 243	243	nuc	nuc	1
THR	1, 241	241	ASP	1, 243	243	nuc	nuc	1
GLY	1, 242	242	ASP	1, 243	243	nuc	nuc	1
VAL	1, 35	35	GLY	1, 244	244	nuc	nuc	0.99
ALA	1, 189	189	GLY	1, 244	244	nuc	nuc	0.95
ILE	1, 222	222	GLY	1, 244	244	nuc	nuc	1
THR	1, 224	224	GLY	1, 244	244	nuc	nuc	1
GLY	1, 225	225	GLY	1, 244	244	nuc	nuc	0.85
GLY	1, 242	242	GLY	1, 244	244	nuc	nuc	1
ASP	1, 243	243	GLY	1, 244	244	nuc	nuc	1
THR	1, 224	224	THR	1, 245	245	nuc	nuc	0.88
GLY	1, 226	226	THR	1, 245	245	nuc	nuc	0.93
TYR	1, 227	227	THR	1, 245	245	nuc	nuc	0.99
GLY	1, 242	242	THR	1, 245	245	nuc	nuc	1
ASP	1, 243	243	THR	1, 245	245	nuc	nuc	0.99
GLY	1, 244	244	THR	1, 245	245	nuc	nuc	1
GLY	1, 242	242	ALA	1, 246	246	nuc	nuc	1
ASP	1, 243	243	ALA	1, 246	246	nuc	nuc	1
GLY	1, 244	244	ALA	1, 246	246	nuc	nuc	1
THR	1, 245	245	ALA	1, 246	246	nuc	nuc	1
ALA	1, 189	189	MET	1, 247	247	nuc	nuc	0.99
LEU	1, 190	190	MET	1, 247	247	nuc	nuc	0.72
ASP	1, 191	191	MET	1, 247	247	nuc	nuc	1
LEU	1, 192	192	MET	1, 247	247	nuc	nuc	1
VAL	1, 202	202	MET	1, 247	247	nuc	nuc	0.58
ILE	1, 222	222	MET	1, 247	247	nuc	nuc	0.97
ASP	1, 243	243	MET	1, 247	247	nuc	nuc	1
GLY	1, 244	244	MET	1, 247	247	nuc	nuc	1
THR	1, 245	245	MET	1, 247	247	nuc	nuc	1
ALA	1, 246	246	MET	1, 247	247	nuc	nuc	1
LEU	1, 192	192	VAL	1, 248	248	nuc	nuc	0.98
ILE	1, 222	222	VAL	1, 248	248	nuc	nuc	0.98
GLY	1, 244	244	VAL	1, 248	248	nuc	nuc	1
THR	1, 245	245	VAL	1, 248	248	nuc	nuc	1
ALA	1, 246	246	VAL	1, 248	248	nuc	nuc	0.99
MET	1, 247	247	VAL	1, 248	248	nuc	nuc	1
THR	1, 245	245	THR	1, 249	249	nuc	nuc	1
ALA	1, 246	246	THR	1, 249	249	nuc	nuc	1
MET	1, 247	247	THR	1, 249	249	nuc	nuc	1
VAL	1, 248	248	THR	1, 249	249	nuc	nuc	1
ASP	1, 191	191	ARG	1, 250	250	nuc	nuc	1
LEU	1, 192	192	ARG	1, 250	250	nuc	nuc	0.75
ALA	1, 246	246	ARG	1, 250	250	nuc	nuc	1
MET	1, 247	247	ARG	1, 250	250	nuc	nuc	1
VAL	1, 248	248	ARG	1, 250	250	nuc	nuc	0.99
THR	1, 249	249	ARG	1, 250	250	nuc	nuc	1
ASP	1, 191	191	ALA	1, 251	251	nuc	nuc	0.92
LEU	1, 192	192	ALA	1, 251	251	nuc	nuc	1
MET	1, 194	194	ALA	1, 251	251	nuc	nuc	1
MET	1, 247	247	ALA	1, 251	251	nuc	nuc	0.99
VAL	1, 248	248	ALA	1, 251	251	nuc	nuc	1
THR	1, 249	249	ALA	1, 251	251	nuc	nuc	1
ARG	1, 250	250	ALA	1, 251	251	nuc	nuc	1
VAL	1, 248	248	GLY	1, 252	252	nuc	nuc	0.94
THR	1, 249	249	GLY	1, 252	252	nuc	nuc	1
ARG	1, 250	250	GLY	1, 252	252	nuc	nuc	1
ALA	1, 251	251	GLY	1, 252	252	nuc	nuc	1
VAL	1, 248	248	LEU	1, 253	253	nuc	nuc	1
THR	1, 249	249	LEU	1, 253	253	nuc	nuc	0.99
ALA	1, 251	251	LEU	1, 253	253	nuc	nuc	1
GLY	1, 252	252	LEU	1, 253	253	nuc	nuc	1
GLY	1, 252	252	PRO	1, 254	254	nuc	nuc	0.9
LEU	1, 253	253	PRO	1, 254	254	nuc	nuc	1
THR	1, 245	245	CYS	1, 255	255	nuc	nuc	1
VAL	1, 248	248	CYS	1, 255	255	nuc	nuc	0.99
THR	1, 249	249	CYS	1, 255	255	nuc	nuc	1
LEU	1, 253	253	CYS	1, 255	255	nuc	nuc	0.88
PRO	1, 254	254	CYS	1, 255	255	nuc	nuc	1
PRO	1, 254	254	GLN	1, 256	256	nuc	nuc	0.99
CYS	1, 255	255	GLN	1, 256	256	nuc	nuc	1
LEU	1, 101	101	ASP	1, 257	257	nuc	nuc	0.96
GLN	1, 256	256	ASP	1, 257	257	nuc	nuc	1
THR	1, 245	245	LEU	1, 258	258	nuc	nuc	0.83
CYS	1, 255	255	LEU	1, 258	258	nuc	nuc	1
GLN	1, 256	256	LEU	1, 258	258	nuc	nuc	0.99
ASP	1, 257	257	LEU	1, 258	258	nuc	nuc	1
ASP	1, 257	257	GLU	1, 259	259	nuc	nuc	1
LEU	1, 258	258	GLU	1, 259	259	nuc	nuc	1
LEU	1, 101	101	PHE	1, 260	260	nuc	nuc	0.72
ASP	1, 257	257	PHE	1, 260	260	nuc	nuc	1
LEU	1, 258	258	PHE	1, 260	260	nuc	nuc	0.99
GLU	1, 259	259	PHE	1, 260	260	nuc	nuc	1
GLY	1, 228	228	VAL	1, 261	261	nuc	nuc	0.7
TYR	1, 231	231	VAL	1, 261	261	nuc	nuc	0.59
GLU	1, 259	259	VAL	1, 261	261	nuc	nuc	0.99
PHE	1, 260	260	VAL	1, 261	261	nuc	nuc	1
PHE	1, 260	260	GLN	1, 262	262	nuc	nuc	0.98
VAL	1, 261	261	GLN	1, 262	262	nuc	nuc	1
VAL	1, 261	261	PHE	1, 263	263	nuc	nuc	1
GLN	1, 262	262	PHE	1, 263	263	nuc	nuc	1
THR	1, 235	235	HIS	1, 264	264	nuc	nuc	0.99
GLN	1, 262	262	HIS	1, 264	264	nuc	nuc	1
PHE	1, 263	263	HIS	1, 264	264	nuc	nuc	1
PHE	1, 263	263	PRO	1, 265	265	nuc	nuc	0.97
HIS	1, 264	264	PRO	1, 265	265	nuc	nuc	1
HIS	1, 264	264	THR	1, 266	266	nuc	nuc	1
PRO	1, 265	265	THR	1, 266	266	nuc	nuc	1
THR	1, 235	235	GLY	1, 267	267	nuc	nuc	0.99
HIS	1, 264	264	GLY	1, 267	267	nuc	nuc	1
PRO	1, 265	265	GLY	1, 267	267	nuc	nuc	0.94
THR	1, 266	266	GLY	1, 267	267	nuc	nuc	1
GLY	1, 267	267	ILE	1, 268	268	nuc	nuc	1
GLY	1, 267	267	TYR	1, 269	269	nuc	nuc	0.97
ILE	1, 268	268	TYR	1, 269	269	nuc	nuc	1
SER	1, 233	233	GLY	1, 270	270	nuc	nuc	0.58
ILE	1, 268	268	GLY	1, 270	270	nuc	nuc	1
TYR	1, 269	269	GLY	1, 270	270	nuc	nuc	1
ILE	1, 268	268	ALA	1, 271	271	nuc	nuc	0.98
GLY	1, 270	270	ALA	1, 271	271	nuc	nuc	1
SER	1, 233	233	GLY	1, 272	272	nuc	nuc	0.99
CYS	1, 234	234	GLY	1, 272	272	nuc	nuc	0.94
THR	1, 235	235	GLY	1, 272	272	nuc	nuc	0.99
GLY	1, 267	267	GLY	1, 272	272	nuc	nuc	1
ILE	1, 268	268	GLY	1, 272	272	nuc	nuc	1
TYR	1, 269	269	GLY	1, 272	272	nuc	nuc	0.91
GLY	1, 270	270	GLY	1, 272	272	nuc	nuc	1
ALA	1, 271	271	GLY	1, 272	272	nuc	nuc	1
THR	1, 235	235	CYS	1, 273	273	nuc	nuc	0.99
GLY	1, 267	267	CYS	1, 273	273	nuc	nuc	0.99
ILE	1, 268	268	CYS	1, 273	273	nuc	nuc	1
ALA	1, 271	271	CYS	1, 273	273	nuc	nuc	0.99
GLY	1, 272	272	CYS	1, 273	273	nuc	nuc	1
ALA	1, 70	70	LEU	1, 274	274	nuc	nuc	0.97
GLN	1, 72	72	LEU	1, 274	274	nuc	nuc	0.96
THR	1, 235	235	LEU	1, 274	274	nuc	nuc	1
HIS	1, 264	264	LEU	1, 274	274	nuc	nuc	0.99
THR	1, 266	266	LEU	1, 274	274	nuc	nuc	0.9
GLY	1, 267	267	LEU	1, 274	274	nuc	nuc	1
GLY	1, 272	272	LEU	1, 274	274	nuc	nuc	0.97
CYS	1, 273	273	LEU	1, 274	274	nuc	nuc	1
THR	1, 266	266	ILE	1, 275	275	nuc	nuc	1
GLY	1, 267	267	ILE	1, 275	275	nuc	nuc	1
ILE	1, 268	268	ILE	1, 275	275	nuc	nuc	0.99
CYS	1, 273	273	ILE	1, 275	275	nuc	nuc	0.99
LEU	1, 274	274	ILE	1, 275	275	nuc	nuc	1
GLN	1, 72	72	THR	1, 276	276	nuc	nuc	0.99
GLY	1, 73	73	THR	1, 276	276	nuc	nuc	0.99
ASP	1, 162	162	THR	1, 276	276	nuc	nuc	0.94
THR	1, 266	266	THR	1, 276	276	nuc	nuc	0.7
LEU	1, 274	274	THR	1, 276	276	nuc	nuc	0.99
ILE	1, 275	275	THR	1, 276	276	nuc	nuc	1
GLY	1, 73	73	GLU	1, 277	277	nuc	nuc	0.97
PHE	1, 141	141	GLU	1, 277	277	nuc	nuc	0.98
GLY	1, 142	142	GLU	1, 277	277	nuc	nuc	0.97
HIS	1, 264	264	GLU	1, 277	277	nuc	nuc	0.77
PRO	1, 265	265	GLU	1, 277	277	nuc	nuc	0.85
THR	1, 266	266	GLU	1, 277	277	nuc	nuc	0.96
THR	1, 276	276	GLU	1, 277	277	nuc	nuc	1
GLN	1, 72	72	GLY	1, 278	278	nuc	nuc	0.79
GLY	1, 73	73	GLY	1, 278	278	nuc	nuc	0.99
ARG	1, 139	139	GLY	1, 278	278	nuc	nuc	0.97
PHE	1, 141	141	GLY	1, 278	278	nuc	nuc	0.98
CYS	1, 157	157	GLY	1, 278	278	nuc	nuc	0.79
ASP	1, 162	162	GLY	1, 278	278	nuc	nuc	0.74
THR	1, 276	276	GLY	1, 278	278	nuc	nuc	1
GLU	1, 277	277	GLY	1, 278	278	nuc	nuc	1
THR	1, 266	266	CYS	1, 279	279	nuc	nuc	0.95
ILE	1, 275	275	CYS	1, 279	279	nuc	nuc	0.99
THR	1, 276	276	CYS	1, 279	279	nuc	nuc	1
GLU	1, 277	277	CYS	1, 279	279	nuc	nuc	1
GLY	1, 278	278	CYS	1, 279	279	nuc	nuc	1
GLY	1, 142	142	ARG	1, 280	280	nuc	nuc	0.87
THR	1, 266	266	ARG	1, 280	280	nuc	nuc	0.69
GLU	1, 277	277	ARG	1, 280	280	nuc	nuc	1
GLY	1, 278	278	ARG	1, 280	280	nuc	nuc	1
CYS	1, 279	279	ARG	1, 280	280	nuc	nuc	1
ARG	1, 139	139	GLY	1, 281	281	nuc	nuc	0.97
ALA	1, 140	140	GLY	1, 281	281	nuc	nuc	0.99
PHE	1, 141	141	GLY	1, 281	281	nuc	nuc	0.98
GLY	1, 142	142	GLY	1, 281	281	nuc	nuc	0.94
GLU	1, 277	277	GLY	1, 281	281	nuc	nuc	0.98
GLY	1, 278	278	GLY	1, 281	281	nuc	nuc	1
CYS	1, 279	279	GLY	1, 281	281	nuc	nuc	1
ARG	1, 280	280	GLY	1, 281	281	nuc	nuc	1
ARG	1, 139	139	GLU	1, 282	282	nuc	nuc	0.96
ALA	1, 140	140	GLU	1, 282	282	nuc	nuc	0.68
GLY	1, 278	278	GLU	1, 282	282	nuc	nuc	1
CYS	1, 279	279	GLU	1, 282	282	nuc	nuc	0.99
ARG	1, 280	280	GLU	1, 282	282	nuc	nuc	0.96
GLY	1, 281	281	GLU	1, 282	282	nuc	nuc	1
CYS	1, 279	279	GLY	1, 283	283	nuc	nuc	0.93
ARG	1, 280	280	GLY	1, 283	283	nuc	nuc	0.99
GLY	1, 281	281	GLY	1, 283	283	nuc	nuc	1
GLU	1, 282	282	GLY	1, 283	283	nuc	nuc	1
CYS	1, 279	279	GLY	1, 284	284	nuc	nuc	1
ARG	1, 280	280	GLY	1, 284	284	nuc	nuc	1
GLY	1, 281	281	GLY	1, 284	284	nuc	nuc	0.99
GLU	1, 282	282	GLY	1, 284	284	nuc	nuc	0.99
GLY	1, 283	283	GLY	1, 284	284	nuc	nuc	1
ARG	1, 280	280	ILE	1, 285	285	nuc	nuc	0.88
GLY	1, 283	283	ILE	1, 285	285	nuc	nuc	1
GLY	1, 284	284	ILE	1, 285	285	nuc	nuc	1
PRO	1, 265	265	LEU	1, 286	286	nuc	nuc	0.69
ARG	1, 280	280	LEU	1, 286	286	nuc	nuc	0.89
GLY	1, 284	284	LEU	1, 286	286	nuc	nuc	0.53
ILE	1, 285	285	LEU	1, 286	286	nuc	nuc	1
ILE	1, 285	285	ILE	1, 287	287	nuc	nuc	1
LEU	1, 286	286	ILE	1, 287	287	nuc	nuc	1
LEU	1, 286	286	ASN	1, 288	288	nuc	nuc	0.83
ILE	1, 287	287	ASN	1, 288	288	nuc	nuc	1
ASN	1, 288	288	SER	1, 289	289	nuc	nuc	1
ASN	1, 288	288	GLN	1, 290	290	nuc	nuc	1
SER	1, 289	289	GLN	1, 290	290	nuc	nuc	1
ILE	1, 287	287	GLY	1, 291	291	nuc	nuc	1
ASN	1, 288	288	GLY	1, 291	291	nuc	nuc	1
SER	1, 289	289	GLY	1, 291	291	nuc	nuc	0.99
GLN	1, 290	290	GLY	1, 291	291	nuc	nuc	1
ILE	1, 287	287	GLU	1, 292	292	nuc	nuc	0.98
ASN	1, 288	288	GLU	1, 292	292	nuc	nuc	0.99
GLN	1, 290	290	GLU	1, 292	292	nuc	nuc	1
GLY	1, 291	291	GLU	1, 292	292	nuc	nuc	1
ILE	1, 285	285	ARG	1, 293	293	nuc	nuc	1
LEU	1, 286	286	ARG	1, 293	293	nuc	nuc	0.98
ILE	1, 287	287	ARG	1, 293	293	nuc	nuc	1
GLY	1, 291	291	ARG	1, 293	293	nuc	nuc	0.97
GLU	1, 292	292	ARG	1, 293	293	nuc	nuc	1
LEU	1, 286	286	PHE	1, 294	294	nuc	nuc	0.99
ILE	1, 287	287	PHE	1, 294	294	nuc	nuc	0.83
ASN	1, 288	288	PHE	1, 294	294	nuc	nuc	0.99
GLU	1, 292	292	PHE	1, 294	294	nuc	nuc	1
ARG	1, 293	293	PHE	1, 294	294	nuc	nuc	1
ILE	1, 285	285	MET	1, 295	295	nuc	nuc	0.72
LEU	1, 286	286	MET	1, 295	295	nuc	nuc	1
ARG	1, 293	293	MET	1, 295	295	nuc	nuc	1
PHE	1, 294	294	MET	1, 295	295	nuc	nuc	1
ARG	1, 293	293	GLU	1, 296	296	nuc	nuc	0.99
PHE	1, 294	294	GLU	1, 296	296	nuc	nuc	0.99
MET	1, 295	295	GLU	1, 296	296	nuc	nuc	1
GLU	1, 292	292	ARG	1, 297	297	nuc	nuc	0.67
PHE	1, 294	294	ARG	1, 297	297	nuc	nuc	0.99
MET	1, 295	295	ARG	1, 297	297	nuc	nuc	0.98
GLU	1, 296	296	ARG	1, 297	297	nuc	nuc	1
PHE	1, 294	294	TYR	1, 298	298	nuc	nuc	0.98
MET	1, 295	295	TYR	1, 298	298	nuc	nuc	1
GLU	1, 296	296	TYR	1, 298	298	nuc	nuc	0.81
ARG	1, 297	297	TYR	1, 298	298	nuc	nuc	1
MET	1, 295	295	ALA	1, 299	299	nuc	nuc	0.98
GLU	1, 296	296	ALA	1, 299	299	nuc	nuc	0.79
TYR	1, 298	298	ALA	1, 299	299	nuc	nuc	1
GLU	1, 296	296	PRO	1, 300	300	nuc	nuc	0.97
ARG	1, 297	297	PRO	1, 300	300	nuc	nuc	0.79
ALA	1, 299	299	PRO	1, 300	300	nuc	nuc	1
ALA	1, 299	299	VAL	1, 301	301	nuc	nuc	0.99
PRO	1, 300	300	VAL	1, 301	301	nuc	nuc	1
GLY	1, 142	142	ALA	1, 302	302	nuc	nuc	0.87
GLY	1, 143	143	ALA	1, 302	302	nuc	nuc	0.95
ALA	1, 299	299	ALA	1, 302	302	nuc	nuc	0.99
VAL	1, 301	301	ALA	1, 302	302	nuc	nuc	1
ARG	1, 293	293	LYS	1, 303	303	nuc	nuc	0.7
MET	1, 295	295	LYS	1, 303	303	nuc	nuc	0.99
GLU	1, 296	296	LYS	1, 303	303	nuc	nuc	0.99
ALA	1, 299	299	LYS	1, 303	303	nuc	nuc	0.98
PRO	1, 300	300	LYS	1, 303	303	nuc	nuc	0.94
VAL	1, 301	301	LYS	1, 303	303	nuc	nuc	0.97
ALA	1, 302	302	LYS	1, 303	303	nuc	nuc	1
ARG	1, 280	280	ASP	1, 304	304	nuc	nuc	0.99
GLY	1, 281	281	ASP	1, 304	304	nuc	nuc	0.54
GLY	1, 283	283	ASP	1, 304	304	nuc	nuc	0.61
GLY	1, 284	284	ASP	1, 304	304	nuc	nuc	0.95
ILE	1, 285	285	ASP	1, 304	304	nuc	nuc	0.98
LEU	1, 286	286	ASP	1, 304	304	nuc	nuc	0.99
ARG	1, 293	293	ASP	1, 304	304	nuc	nuc	0.73
MET	1, 295	295	ASP	1, 304	304	nuc	nuc	1
ALA	1, 302	302	ASP	1, 304	304	nuc	nuc	0.75
LYS	1, 303	303	ASP	1, 304	304	nuc	nuc	1
ALA	1, 140	140	LEU	1, 305	305	nuc	nuc	0.93
PHE	1, 141	141	LEU	1, 305	305	nuc	nuc	0.89
GLY	1, 142	142	LEU	1, 305	305	nuc	nuc	0.99
GLY	1, 143	143	LEU	1, 305	305	nuc	nuc	0.96
GLN	1, 153	153	LEU	1, 305	305	nuc	nuc	0.89
ARG	1, 280	280	LEU	1, 305	305	nuc	nuc	0.99
GLY	1, 281	281	LEU	1, 305	305	nuc	nuc	0.99
ALA	1, 302	302	LEU	1, 305	305	nuc	nuc	0.99
LYS	1, 303	303	LEU	1, 305	305	nuc	nuc	0.99
ASP	1, 304	304	LEU	1, 305	305	nuc	nuc	1
GLY	1, 142	142	ALA	1, 306	306	nuc	nuc	0.95
GLY	1, 143	143	ALA	1, 306	306	nuc	nuc	0.95
MET	1, 295	295	ALA	1, 306	306	nuc	nuc	0.95
TYR	1, 298	298	ALA	1, 306	306	nuc	nuc	0.76
ALA	1, 299	299	ALA	1, 306	306	nuc	nuc	0.99
ALA	1, 302	302	ALA	1, 306	306	nuc	nuc	0.99
LYS	1, 303	303	ALA	1, 306	306	nuc	nuc	0.94
ASP	1, 304	304	ALA	1, 306	306	nuc	nuc	0.98
LEU	1, 305	305	ALA	1, 306	306	nuc	nuc	1
GLY	1, 97	97	SER	1, 307	307	nuc	nuc	0.98
GLY	1, 142	142	SER	1, 307	307	nuc	nuc	0.95
GLY	1, 143	143	SER	1, 307	307	nuc	nuc	0.98
ALA	1, 302	302	SER	1, 307	307	nuc	nuc	0.55
ALA	1, 306	306	SER	1, 307	307	nuc	nuc	1
GLY	1, 142	142	ARG	1, 308	308	nuc	nuc	0.76
GLN	1, 262	262	ARG	1, 308	308	nuc	nuc	0.98
PHE	1, 263	263	ARG	1, 308	308	nuc	nuc	0.92
HIS	1, 264	264	ARG	1, 308	308	nuc	nuc	0.99
PRO	1, 265	265	ARG	1, 308	308	nuc	nuc	0.99
GLU	1, 277	277	ARG	1, 308	308	nuc	nuc	0.88
SER	1, 307	307	ARG	1, 308	308	nuc	nuc	1
GLN	1, 262	262	ASP	1, 309	309	nuc	nuc	0.9
PHE	1, 263	263	ASP	1, 309	309	nuc	nuc	0.79
SER	1, 307	307	ASP	1, 309	309	nuc	nuc	1
ARG	1, 308	308	ASP	1, 309	309	nuc	nuc	1
TYR	1, 298	298	VAL	1, 310	310	nuc	nuc	0.97
ALA	1, 299	299	VAL	1, 310	310	nuc	nuc	0.99
ALA	1, 306	306	VAL	1, 310	310	nuc	nuc	1
SER	1, 307	307	VAL	1, 310	310	nuc	nuc	1
ARG	1, 308	308	VAL	1, 310	310	nuc	nuc	0.98
ASP	1, 309	309	VAL	1, 310	310	nuc	nuc	1
PRO	1, 265	265	VAL	1, 311	311	nuc	nuc	1
LEU	1, 286	286	VAL	1, 311	311	nuc	nuc	0.89
MET	1, 295	295	VAL	1, 311	311	nuc	nuc	0.99
ALA	1, 299	299	VAL	1, 311	311	nuc	nuc	0.67
ASP	1, 304	304	VAL	1, 311	311	nuc	nuc	0.92
ALA	1, 306	306	VAL	1, 311	311	nuc	nuc	0.99
SER	1, 307	307	VAL	1, 311	311	nuc	nuc	0.99
ARG	1, 308	308	VAL	1, 311	311	nuc	nuc	1
ASP	1, 309	309	VAL	1, 311	311	nuc	nuc	0.98
VAL	1, 310	310	VAL	1, 311	311	nuc	nuc	1
PHE	1, 263	263	SER	1, 312	312	nuc	nuc	1
HIS	1, 264	264	SER	1, 312	312	nuc	nuc	0.96
PRO	1, 265	265	SER	1, 312	312	nuc	nuc	1
ARG	1, 308	308	SER	1, 312	312	nuc	nuc	1
ASP	1, 309	309	SER	1, 312	312	nuc	nuc	1
VAL	1, 310	310	SER	1, 312	312	nuc	nuc	0.99
VAL	1, 311	311	SER	1, 312	312	nuc	nuc	1
ASP	1, 309	309	ARG	1, 313	313	nuc	nuc	1
VAL	1, 310	310	ARG	1, 313	313	nuc	nuc	1
VAL	1, 311	311	ARG	1, 313	313	nuc	nuc	0.99
SER	1, 312	312	ARG	1, 313	313	nuc	nuc	1
PHE	1, 294	294	SER	1, 314	314	nuc	nuc	0.98
MET	1, 295	295	SER	1, 314	314	nuc	nuc	0.99
TYR	1, 298	298	SER	1, 314	314	nuc	nuc	1
ALA	1, 299	299	SER	1, 314	314	nuc	nuc	0.85
VAL	1, 310	310	SER	1, 314	314	nuc	nuc	1
VAL	1, 311	311	SER	1, 314	314	nuc	nuc	1
SER	1, 312	312	SER	1, 314	314	nuc	nuc	1
ARG	1, 313	313	SER	1, 314	314	nuc	nuc	1
PRO	1, 265	265	MET	1, 315	315	nuc	nuc	0.99
LEU	1, 286	286	MET	1, 315	315	nuc	nuc	0.97
VAL	1, 311	311	MET	1, 315	315	nuc	nuc	1
SER	1, 312	312	MET	1, 315	315	nuc	nuc	1
ARG	1, 313	313	MET	1, 315	315	nuc	nuc	0.99
SER	1, 314	314	MET	1, 315	315	nuc	nuc	1
SER	1, 312	312	THR	1, 316	316	nuc	nuc	1
ARG	1, 313	313	THR	1, 316	316	nuc	nuc	1
SER	1, 314	314	THR	1, 316	316	nuc	nuc	0.99
MET	1, 315	315	THR	1, 316	316	nuc	nuc	1
ARG	1, 313	313	ILE	1, 317	317	nuc	nuc	1
SER	1, 314	314	ILE	1, 317	317	nuc	nuc	1
MET	1, 315	315	ILE	1, 317	317	nuc	nuc	1
THR	1, 316	316	ILE	1, 317	317	nuc	nuc	1
ASN	1, 288	288	GLU	1, 318	318	nuc	nuc	0.99
PHE	1, 294	294	GLU	1, 318	318	nuc	nuc	0.99
SER	1, 314	314	GLU	1, 318	318	nuc	nuc	0.99
MET	1, 315	315	GLU	1, 318	318	nuc	nuc	1
THR	1, 316	316	GLU	1, 318	318	nuc	nuc	1
ILE	1, 317	317	GLU	1, 318	318	nuc	nuc	1
MET	1, 315	315	ILE	1, 319	319	nuc	nuc	0.99
THR	1, 316	316	ILE	1, 319	319	nuc	nuc	1
ILE	1, 317	317	ILE	1, 319	319	nuc	nuc	0.99
GLU	1, 318	318	ILE	1, 319	319	nuc	nuc	1
THR	1, 316	316	ARG	1, 320	320	nuc	nuc	0.99
ILE	1, 317	317	ARG	1, 320	320	nuc	nuc	1
GLU	1, 318	318	ARG	1, 320	320	nuc	nuc	0.98
ILE	1, 319	319	ARG	1, 320	320	nuc	nuc	1
ILE	1, 317	317	GLU	1, 321	321	nuc	nuc	0.99
GLU	1, 318	318	GLU	1, 321	321	nuc	nuc	1
ILE	1, 319	319	GLU	1, 321	321	nuc	nuc	0.95
ARG	1, 320	320	GLU	1, 321	321	nuc	nuc	1
SER	1, 289	289	GLY	1, 322	322	nuc	nuc	0.77
GLU	1, 318	318	GLY	1, 322	322	nuc	nuc	0.92
ILE	1, 319	319	GLY	1, 322	322	nuc	nuc	0.99
ARG	1, 320	320	GLY	1, 322	322	nuc	nuc	1
GLU	1, 321	321	GLY	1, 322	322	nuc	nuc	1
ASN	1, 288	288	ARG	1, 323	323	nuc	nuc	0.99
SER	1, 289	289	ARG	1, 323	323	nuc	nuc	0.99
GLN	1, 290	290	ARG	1, 323	323	nuc	nuc	0.97
PHE	1, 294	294	ARG	1, 323	323	nuc	nuc	0.77
GLU	1, 318	318	ARG	1, 323	323	nuc	nuc	0.99
ILE	1, 319	319	ARG	1, 323	323	nuc	nuc	0.95
GLU	1, 321	321	ARG	1, 323	323	nuc	nuc	0.99
GLY	1, 322	322	ARG	1, 323	323	nuc	nuc	1
ASN	1, 288	288	GLY	1, 324	324	nuc	nuc	0.99
SER	1, 289	289	GLY	1, 324	324	nuc	nuc	1
GLU	1, 318	318	GLY	1, 324	324	nuc	nuc	0.99
ILE	1, 319	319	GLY	1, 324	324	nuc	nuc	1
GLY	1, 322	322	GLY	1, 324	324	nuc	nuc	1
ARG	1, 323	323	GLY	1, 324	324	nuc	nuc	1
ASN	1, 288	288	CYS	1, 325	325	nuc	nuc	0.95
SER	1, 289	289	CYS	1, 325	325	nuc	nuc	0.99
GLY	1, 324	324	CYS	1, 325	325	nuc	nuc	1
SER	1, 289	289	GLY	1, 326	326	nuc	nuc	0.81
GLY	1, 324	324	GLY	1, 326	326	nuc	nuc	1
CYS	1, 325	325	GLY	1, 326	326	nuc	nuc	1
GLY	1, 326	326	PRO	1, 327	327	nuc	nuc	1
GLY	1, 326	326	GLU	1, 328	328	nuc	nuc	0.99
PRO	1, 327	327	GLU	1, 328	328	nuc	nuc	1
SER	1, 289	289	LYS	1, 329	329	nuc	nuc	0.96
ILE	1, 319	319	LYS	1, 329	329	nuc	nuc	0.91
GLY	1, 322	322	LYS	1, 329	329	nuc	nuc	0.99
ARG	1, 323	323	LYS	1, 329	329	nuc	nuc	0.63
GLY	1, 324	324	LYS	1, 329	329	nuc	nuc	1
CYS	1, 325	325	LYS	1, 329	329	nuc	nuc	0.98
GLY	1, 326	326	LYS	1, 329	329	nuc	nuc	0.99
PRO	1, 327	327	LYS	1, 329	329	nuc	nuc	0.82
GLU	1, 328	328	LYS	1, 329	329	nuc	nuc	1
TYR	1, 269	269	ASP	1, 330	330	nuc	nuc	0.74
ILE	1, 319	319	ASP	1, 330	330	nuc	nuc	0.99
GLY	1, 324	324	ASP	1, 330	330	nuc	nuc	0.97
GLY	1, 326	326	ASP	1, 330	330	nuc	nuc	0.91
GLU	1, 328	328	ASP	1, 330	330	nuc	nuc	1
LYS	1, 329	329	ASP	1, 330	330	nuc	nuc	1
TYR	1, 269	269	HIS	1, 331	331	nuc	nuc	0.99
ILE	1, 319	319	HIS	1, 331	331	nuc	nuc	0.93
GLY	1, 324	324	HIS	1, 331	331	nuc	nuc	0.99
CYS	1, 325	325	HIS	1, 331	331	nuc	nuc	0.99
GLY	1, 326	326	HIS	1, 331	331	nuc	nuc	0.98
ASP	1, 330	330	HIS	1, 331	331	nuc	nuc	1
LEU	1, 286	286	VAL	1, 332	332	nuc	nuc	1
ILE	1, 287	287	VAL	1, 332	332	nuc	nuc	0.96
ASN	1, 288	288	VAL	1, 332	332	nuc	nuc	0.99
MET	1, 315	315	VAL	1, 332	332	nuc	nuc	1
GLU	1, 318	318	VAL	1, 332	332	nuc	nuc	0.99
ILE	1, 319	319	VAL	1, 332	332	nuc	nuc	0.98
GLY	1, 324	324	VAL	1, 332	332	nuc	nuc	0.99
CYS	1, 325	325	VAL	1, 332	332	nuc	nuc	0.99
HIS	1, 331	331	VAL	1, 332	332	nuc	nuc	1
LEU	1, 286	286	TYR	1, 333	333	nuc	nuc	0.98
ILE	1, 287	287	TYR	1, 333	333	nuc	nuc	1
ASN	1, 288	288	TYR	1, 333	333	nuc	nuc	0.81
CYS	1, 325	325	TYR	1, 333	333	nuc	nuc	1
HIS	1, 331	331	TYR	1, 333	333	nuc	nuc	0.81
VAL	1, 332	332	TYR	1, 333	333	nuc	nuc	1
THR	1, 266	266	LEU	1, 334	334	nuc	nuc	0.99
ILE	1, 275	275	LEU	1, 334	334	nuc	nuc	0.98
CYS	1, 279	279	LEU	1, 334	334	nuc	nuc	0.99
ARG	1, 280	280	LEU	1, 334	334	nuc	nuc	0.61
GLY	1, 284	284	LEU	1, 334	334	nuc	nuc	0.99
ILE	1, 285	285	LEU	1, 334	334	nuc	nuc	0.84
LEU	1, 286	286	LEU	1, 334	334	nuc	nuc	1
ILE	1, 287	287	LEU	1, 334	334	nuc	nuc	0.65
VAL	1, 332	332	LEU	1, 334	334	nuc	nuc	0.98
TYR	1, 333	333	LEU	1, 334	334	nuc	nuc	1
GLY	1, 284	284	GLN	1, 335	335	nuc	nuc	0.99
ILE	1, 285	285	GLN	1, 335	335	nuc	nuc	1
LEU	1, 286	286	GLN	1, 335	335	nuc	nuc	0.92
ILE	1, 287	287	GLN	1, 335	335	nuc	nuc	1
TYR	1, 333	333	GLN	1, 335	335	nuc	nuc	1
LEU	1, 334	334	GLN	1, 335	335	nuc	nuc	1
CYS	1, 279	279	LEU	1, 336	336	nuc	nuc	0.99
GLY	1, 284	284	LEU	1, 336	336	nuc	nuc	1
LEU	1, 334	334	LEU	1, 336	336	nuc	nuc	1
GLN	1, 335	335	LEU	1, 336	336	nuc	nuc	1
GLN	1, 335	335	HIS	1, 337	337	nuc	nuc	1
LEU	1, 336	336	HIS	1, 337	337	nuc	nuc	1
GLY	1, 284	284	HIS	1, 338	338	nuc	nuc	0.78
ILE	1, 285	285	HIS	1, 338	338	nuc	nuc	0.74
GLN	1, 335	335	HIS	1, 338	338	nuc	nuc	0.98
LEU	1, 336	336	HIS	1, 338	338	nuc	nuc	0.98
HIS	1, 337	337	HIS	1, 338	338	nuc	nuc	1
GLU	1, 282	282	LEU	1, 339	339	nuc	nuc	0.97
GLY	1, 283	283	LEU	1, 339	339	nuc	nuc	0.99
GLY	1, 284	284	LEU	1, 339	339	nuc	nuc	0.99
LEU	1, 336	336	LEU	1, 339	339	nuc	nuc	0.99
HIS	1, 337	337	LEU	1, 339	339	nuc	nuc	0.98
HIS	1, 338	338	LEU	1, 339	339	nuc	nuc	1
LEU	1, 339	339	PRO	1, 340	340	nuc	nuc	1
LEU	1, 339	339	PRO	1, 341	341	nuc	nuc	0.73
PRO	1, 340	340	PRO	1, 341	341	nuc	nuc	1
PRO	1, 340	340	GLN	1, 342	342	nuc	nuc	1
PRO	1, 341	341	GLN	1, 342	342	nuc	nuc	1
GLU	1, 282	282	GLN	1, 343	343	nuc	nuc	0.97
LEU	1, 339	339	GLN	1, 343	343	nuc	nuc	0.99
PRO	1, 340	340	GLN	1, 343	343	nuc	nuc	1
PRO	1, 341	341	GLN	1, 343	343	nuc	nuc	0.99
GLN	1, 342	342	GLN	1, 343	343	nuc	nuc	1
LEU	1, 336	336	LEU	1, 344	344	nuc	nuc	0.99
LEU	1, 339	339	LEU	1, 344	344	nuc	nuc	0.99
PRO	1, 340	340	LEU	1, 344	344	nuc	nuc	0.97
PRO	1, 341	341	LEU	1, 344	344	nuc	nuc	1
GLN	1, 342	342	LEU	1, 344	344	nuc	nuc	0.99
GLN	1, 343	343	LEU	1, 344	344	nuc	nuc	1
PRO	1, 341	341	ALA	1, 345	345	nuc	nuc	0.99
GLN	1, 342	342	ALA	1, 345	345	nuc	nuc	1
GLN	1, 343	343	ALA	1, 345	345	nuc	nuc	0.99
LEU	1, 344	344	ALA	1, 345	345	nuc	nuc	1
ALA	1, 161	161	THR	1, 346	346	nuc	nuc	0.92
GLN	1, 342	342	THR	1, 346	346	nuc	nuc	0.99
GLN	1, 343	343	THR	1, 346	346	nuc	nuc	1
LEU	1, 344	344	THR	1, 346	346	nuc	nuc	0.9
ALA	1, 345	345	THR	1, 346	346	nuc	nuc	1
SER	1, 129	129	ARG	1, 347	347	nuc	nuc	0.72
ARG	1, 139	139	ARG	1, 347	347	nuc	nuc	0.82
ALA	1, 161	161	ARG	1, 347	347	nuc	nuc	0.98
ASP	1, 162	162	ARG	1, 347	347	nuc	nuc	0.94
GLU	1, 282	282	ARG	1, 347	347	nuc	nuc	0.99
GLN	1, 343	343	ARG	1, 347	347	nuc	nuc	1
LEU	1, 344	344	ARG	1, 347	347	nuc	nuc	0.99
THR	1, 346	346	ARG	1, 347	347	nuc	nuc	1
ALA	1, 161	161	LEU	1, 348	348	nuc	nuc	0.85
ASP	1, 162	162	LEU	1, 348	348	nuc	nuc	1
THR	1, 276	276	LEU	1, 348	348	nuc	nuc	0.81
GLY	1, 278	278	LEU	1, 348	348	nuc	nuc	0.88
CYS	1, 279	279	LEU	1, 348	348	nuc	nuc	0.99
GLU	1, 282	282	LEU	1, 348	348	nuc	nuc	0.98
LEU	1, 336	336	LEU	1, 348	348	nuc	nuc	0.86
GLN	1, 343	343	LEU	1, 348	348	nuc	nuc	0.75
LEU	1, 344	344	LEU	1, 348	348	nuc	nuc	1
ALA	1, 345	345	LEU	1, 348	348	nuc	nuc	0.63
ARG	1, 347	347	LEU	1, 348	348	nuc	nuc	1
ALA	1, 161	161	PRO	1, 349	349	nuc	nuc	0.99
ASP	1, 162	162	PRO	1, 349	349	nuc	nuc	0.99
ARG	1, 163	163	PRO	1, 349	349	nuc	nuc	0.62
LEU	1, 344	344	PRO	1, 349	349	nuc	nuc	0.71
ALA	1, 345	345	PRO	1, 349	349	nuc	nuc	0.99
THR	1, 346	346	PRO	1, 349	349	nuc	nuc	0.95
ARG	1, 347	347	PRO	1, 349	349	nuc	nuc	0.77
LEU	1, 348	348	PRO	1, 349	349	nuc	nuc	1
GLN	1, 72	72	GLY	1, 350	350	nuc	nuc	0.92
ALA	1, 161	161	GLY	1, 350	350	nuc	nuc	0.84
ASP	1, 162	162	GLY	1, 350	350	nuc	nuc	1
ARG	1, 163	163	GLY	1, 350	350	nuc	nuc	0.99
LEU	1, 348	348	GLY	1, 350	350	nuc	nuc	1
PRO	1, 349	349	GLY	1, 350	350	nuc	nuc	1
GLN	1, 72	72	ILE	1, 351	351	nuc	nuc	0.94
ASP	1, 162	162	ILE	1, 351	351	nuc	nuc	0.99
ILE	1, 275	275	ILE	1, 351	351	nuc	nuc	0.99
THR	1, 276	276	ILE	1, 351	351	nuc	nuc	0.99
CYS	1, 279	279	ILE	1, 351	351	nuc	nuc	0.99
LEU	1, 348	348	ILE	1, 351	351	nuc	nuc	1
PRO	1, 349	349	ILE	1, 351	351	nuc	nuc	0.81
GLY	1, 350	350	ILE	1, 351	351	nuc	nuc	1
LEU	1, 344	344	SER	1, 352	352	nuc	nuc	0.99
ALA	1, 345	345	SER	1, 352	352	nuc	nuc	0.89
LEU	1, 348	348	SER	1, 352	352	nuc	nuc	0.99
PRO	1, 349	349	SER	1, 352	352	nuc	nuc	1
GLY	1, 350	350	SER	1, 352	352	nuc	nuc	1
ILE	1, 351	351	SER	1, 352	352	nuc	nuc	1
PRO	1, 349	349	GLU	1, 353	353	nuc	nuc	0.98
GLY	1, 350	350	GLU	1, 353	353	nuc	nuc	1
ILE	1, 351	351	GLU	1, 353	353	nuc	nuc	0.99
SER	1, 352	352	GLU	1, 353	353	nuc	nuc	1
ILE	1, 268	268	THR	1, 354	354	nuc	nuc	0.78
CYS	1, 273	273	THR	1, 354	354	nuc	nuc	0.99
ILE	1, 275	275	THR	1, 354	354	nuc	nuc	0.9
GLY	1, 350	350	THR	1, 354	354	nuc	nuc	1
ILE	1, 351	351	THR	1, 354	354	nuc	nuc	1
SER	1, 352	352	THR	1, 354	354	nuc	nuc	0.97
GLU	1, 353	353	THR	1, 354	354	nuc	nuc	1
ILE	1, 268	268	ALA	1, 355	355	nuc	nuc	0.92
ILE	1, 275	275	ALA	1, 355	355	nuc	nuc	0.96
ILE	1, 351	351	ALA	1, 355	355	nuc	nuc	1
SER	1, 352	352	ALA	1, 355	355	nuc	nuc	1
GLU	1, 353	353	ALA	1, 355	355	nuc	nuc	0.99
THR	1, 354	354	ALA	1, 355	355	nuc	nuc	1
SER	1, 352	352	MET	1, 356	356	nuc	nuc	0.99
GLU	1, 353	353	MET	1, 356	356	nuc	nuc	1
THR	1, 354	354	MET	1, 356	356	nuc	nuc	0.99
ALA	1, 355	355	MET	1, 356	356	nuc	nuc	1
GLU	1, 353	353	ILE	1, 357	357	nuc	nuc	1
THR	1, 354	354	ILE	1, 357	357	nuc	nuc	1
ALA	1, 355	355	ILE	1, 357	357	nuc	nuc	0.97
MET	1, 356	356	ILE	1, 357	357	nuc	nuc	1
ILE	1, 268	268	PHE	1, 358	358	nuc	nuc	1
GLY	1, 270	270	PHE	1, 358	358	nuc	nuc	0.7
ALA	1, 271	271	PHE	1, 358	358	nuc	nuc	0.98
GLY	1, 272	272	PHE	1, 358	358	nuc	nuc	0.52
CYS	1, 273	273	PHE	1, 358	358	nuc	nuc	0.99
THR	1, 354	354	PHE	1, 358	358	nuc	nuc	1
ALA	1, 355	355	PHE	1, 358	358	nuc	nuc	0.99
ILE	1, 357	357	PHE	1, 358	358	nuc	nuc	1
ILE	1, 268	268	ALA	1, 359	359	nuc	nuc	0.99
TYR	1, 269	269	ALA	1, 359	359	nuc	nuc	0.88
ALA	1, 271	271	ALA	1, 359	359	nuc	nuc	0.51
ALA	1, 355	355	ALA	1, 359	359	nuc	nuc	1
MET	1, 356	356	ALA	1, 359	359	nuc	nuc	0.95
PHE	1, 358	358	ALA	1, 359	359	nuc	nuc	1
ALA	1, 355	355	GLY	1, 360	360	nuc	nuc	0.99
MET	1, 356	356	GLY	1, 360	360	nuc	nuc	1
ILE	1, 357	357	GLY	1, 360	360	nuc	nuc	0.98
PHE	1, 358	358	GLY	1, 360	360	nuc	nuc	0.99
ALA	1, 359	359	GLY	1, 360	360	nuc	nuc	1
ALA	1, 355	355	VAL	1, 361	361	nuc	nuc	0.99
MET	1, 356	356	VAL	1, 361	361	nuc	nuc	0.99
ALA	1, 359	359	VAL	1, 361	361	nuc	nuc	1
GLY	1, 360	360	VAL	1, 361	361	nuc	nuc	1
MET	1, 356	356	ASP	1, 362	362	nuc	nuc	0.99
GLY	1, 360	360	ASP	1, 362	362	nuc	nuc	0.96
VAL	1, 361	361	ASP	1, 362	362	nuc	nuc	1
LEU	1, 336	336	VAL	1, 363	363	nuc	nuc	1
HIS	1, 337	337	VAL	1, 363	363	nuc	nuc	0.93
LEU	1, 344	344	VAL	1, 363	363	nuc	nuc	0.99
LEU	1, 348	348	VAL	1, 363	363	nuc	nuc	0.82
ILE	1, 351	351	VAL	1, 363	363	nuc	nuc	0.93
SER	1, 352	352	VAL	1, 363	363	nuc	nuc	1
ALA	1, 355	355	VAL	1, 363	363	nuc	nuc	1
MET	1, 356	356	VAL	1, 363	363	nuc	nuc	0.73
VAL	1, 361	361	VAL	1, 363	363	nuc	nuc	0.99
ASP	1, 362	362	VAL	1, 363	363	nuc	nuc	1
LEU	1, 336	336	THR	1, 364	364	nuc	nuc	0.67
HIS	1, 337	337	THR	1, 364	364	nuc	nuc	0.98
PRO	1, 341	341	THR	1, 364	364	nuc	nuc	0.99
LEU	1, 344	344	THR	1, 364	364	nuc	nuc	0.98
ASP	1, 362	362	THR	1, 364	364	nuc	nuc	1
VAL	1, 363	363	THR	1, 364	364	nuc	nuc	1
HIS	1, 337	337	LYS	1, 365	365	nuc	nuc	0.99
ASP	1, 362	362	LYS	1, 365	365	nuc	nuc	1
VAL	1, 363	363	LYS	1, 365	365	nuc	nuc	0.78
THR	1, 364	364	LYS	1, 365	365	nuc	nuc	1
HIS	1, 337	337	GLU	1, 366	366	nuc	nuc	0.97
VAL	1, 361	361	GLU	1, 366	366	nuc	nuc	0.99
ASP	1, 362	362	GLU	1, 366	366	nuc	nuc	0.99
VAL	1, 363	363	GLU	1, 366	366	nuc	nuc	0.91
LYS	1, 365	365	GLU	1, 366	366	nuc	nuc	1
ILE	1, 287	287	PRO	1, 367	367	nuc	nuc	0.97
TYR	1, 333	333	PRO	1, 367	367	nuc	nuc	1
LEU	1, 334	334	PRO	1, 367	367	nuc	nuc	0.99
GLN	1, 335	335	PRO	1, 367	367	nuc	nuc	1
LEU	1, 336	336	PRO	1, 367	367	nuc	nuc	0.93
HIS	1, 337	337	PRO	1, 367	367	nuc	nuc	0.96
VAL	1, 361	361	PRO	1, 367	367	nuc	nuc	0.94
GLU	1, 366	366	PRO	1, 367	367	nuc	nuc	1
THR	1, 266	266	ILE	1, 368	368	nuc	nuc	0.74
ILE	1, 268	268	ILE	1, 368	368	nuc	nuc	0.98
ILE	1, 275	275	ILE	1, 368	368	nuc	nuc	0.99
TYR	1, 333	333	ILE	1, 368	368	nuc	nuc	0.99
LEU	1, 334	334	ILE	1, 368	368	nuc	nuc	1
LEU	1, 336	336	ILE	1, 368	368	nuc	nuc	0.97
ALA	1, 355	355	ILE	1, 368	368	nuc	nuc	1
ALA	1, 359	359	ILE	1, 368	368	nuc	nuc	0.99
VAL	1, 361	361	ILE	1, 368	368	nuc	nuc	0.99
VAL	1, 363	363	ILE	1, 368	368	nuc	nuc	0.98
GLU	1, 366	366	ILE	1, 368	368	nuc	nuc	0.79
PRO	1, 367	367	ILE	1, 368	368	nuc	nuc	1
ILE	1, 268	268	PRO	1, 369	369	nuc	nuc	0.99
TYR	1, 269	269	PRO	1, 369	369	nuc	nuc	0.99
CYS	1, 325	325	PRO	1, 369	369	nuc	nuc	0.94
GLY	1, 326	326	PRO	1, 369	369	nuc	nuc	0.91
HIS	1, 331	331	PRO	1, 369	369	nuc	nuc	1
VAL	1, 332	332	PRO	1, 369	369	nuc	nuc	0.61
TYR	1, 333	333	PRO	1, 369	369	nuc	nuc	1
LEU	1, 334	334	PRO	1, 369	369	nuc	nuc	0.57
ALA	1, 359	359	PRO	1, 369	369	nuc	nuc	0.99
VAL	1, 361	361	PRO	1, 369	369	nuc	nuc	0.87
PRO	1, 367	367	PRO	1, 369	369	nuc	nuc	0.95
ILE	1, 368	368	PRO	1, 369	369	nuc	nuc	1
PRO	1, 265	265	VAL	1, 370	370	nuc	nuc	0.93
THR	1, 266	266	VAL	1, 370	370	nuc	nuc	1
GLY	1, 267	267	VAL	1, 370	370	nuc	nuc	1
ILE	1, 268	268	VAL	1, 370	370	nuc	nuc	0.99
TYR	1, 269	269	VAL	1, 370	370	nuc	nuc	0.98
ILE	1, 275	275	VAL	1, 370	370	nuc	nuc	0.99
LEU	1, 286	286	VAL	1, 370	370	nuc	nuc	0.65
HIS	1, 331	331	VAL	1, 370	370	nuc	nuc	0.99
VAL	1, 332	332	VAL	1, 370	370	nuc	nuc	1
TYR	1, 333	333	VAL	1, 370	370	nuc	nuc	0.98
LEU	1, 334	334	VAL	1, 370	370	nuc	nuc	1
ILE	1, 368	368	VAL	1, 370	370	nuc	nuc	1
PRO	1, 369	369	VAL	1, 370	370	nuc	nuc	1
GLY	1, 267	267	LEU	1, 371	371	nuc	nuc	0.99
ILE	1, 268	268	LEU	1, 371	371	nuc	nuc	0.54
TYR	1, 269	269	LEU	1, 371	371	nuc	nuc	1
GLY	1, 270	270	LEU	1, 371	371	nuc	nuc	0.53
MET	1, 315	315	LEU	1, 371	371	nuc	nuc	0.86
ASP	1, 330	330	LEU	1, 371	371	nuc	nuc	0.93
HIS	1, 331	331	LEU	1, 371	371	nuc	nuc	1
VAL	1, 332	332	LEU	1, 371	371	nuc	nuc	0.97
PRO	1, 369	369	LEU	1, 371	371	nuc	nuc	0.9
VAL	1, 370	370	LEU	1, 371	371	nuc	nuc	1
PHE	1, 263	263	PRO	1, 372	372	nuc	nuc	1
HIS	1, 264	264	PRO	1, 372	372	nuc	nuc	0.99
PRO	1, 265	265	PRO	1, 372	372	nuc	nuc	1
GLY	1, 267	267	PRO	1, 372	372	nuc	nuc	0.88
SER	1, 312	312	PRO	1, 372	372	nuc	nuc	1
MET	1, 315	315	PRO	1, 372	372	nuc	nuc	1
THR	1, 316	316	PRO	1, 372	372	nuc	nuc	1
LEU	1, 371	371	PRO	1, 372	372	nuc	nuc	1
SER	1, 233	233	THR	1, 373	373	nuc	nuc	1
CYS	1, 234	234	THR	1, 373	373	nuc	nuc	1
THR	1, 235	235	THR	1, 373	373	nuc	nuc	1
PHE	1, 263	263	THR	1, 373	373	nuc	nuc	1
HIS	1, 264	264	THR	1, 373	373	nuc	nuc	0.99
GLY	1, 267	267	THR	1, 373	373	nuc	nuc	1
GLY	1, 272	272	THR	1, 373	373	nuc	nuc	1
LEU	1, 274	274	THR	1, 373	373	nuc	nuc	0.57
LEU	1, 371	371	THR	1, 373	373	nuc	nuc	1
PRO	1, 372	372	THR	1, 373	373	nuc	nuc	1
GLY	1, 228	228	VAL	1, 374	374	nuc	nuc	1
TYR	1, 231	231	VAL	1, 374	374	nuc	nuc	1
SER	1, 233	233	VAL	1, 374	374	nuc	nuc	0.98
CYS	1, 234	234	VAL	1, 374	374	nuc	nuc	1
THR	1, 235	235	VAL	1, 374	374	nuc	nuc	0.99
SER	1, 236	236	VAL	1, 374	374	nuc	nuc	0.93
VAL	1, 261	261	VAL	1, 374	374	nuc	nuc	1
GLN	1, 262	262	VAL	1, 374	374	nuc	nuc	0.9
PHE	1, 263	263	VAL	1, 374	374	nuc	nuc	1
HIS	1, 264	264	VAL	1, 374	374	nuc	nuc	0.87
THR	1, 373	373	VAL	1, 374	374	nuc	nuc	1
CYS	1, 234	234	HIS	1, 375	375	nuc	nuc	0.9
THR	1, 235	235	HIS	1, 375	375	nuc	nuc	1
SER	1, 236	236	HIS	1, 375	375	nuc	nuc	0.95
GLN	1, 262	262	HIS	1, 375	375	nuc	nuc	1
PHE	1, 263	263	HIS	1, 375	375	nuc	nuc	0.99
HIS	1, 264	264	HIS	1, 375	375	nuc	nuc	0.99
LEU	1, 274	274	HIS	1, 375	375	nuc	nuc	0.97
THR	1, 373	373	HIS	1, 375	375	nuc	nuc	0.99
VAL	1, 374	374	HIS	1, 375	375	nuc	nuc	1
VAL	1, 261	261	TYR	1, 376	376	nuc	nuc	0.77
GLN	1, 262	262	TYR	1, 376	376	nuc	nuc	1
HIS	1, 264	264	TYR	1, 376	376	nuc	nuc	0.94
HIS	1, 375	375	TYR	1, 376	376	nuc	nuc	1
GLY	1, 226	226	ASN	1, 377	377	nuc	nuc	1
TYR	1, 227	227	ASN	1, 377	377	nuc	nuc	1
GLY	1, 228	228	ASN	1, 377	377	nuc	nuc	1
LEU	1, 258	258	ASN	1, 377	377	nuc	nuc	0.91
PHE	1, 260	260	ASN	1, 377	377	nuc	nuc	0.69
VAL	1, 261	261	ASN	1, 377	377	nuc	nuc	1
GLN	1, 262	262	ASN	1, 377	377	nuc	nuc	0.97
TYR	1, 376	376	ASN	1, 377	377	nuc	nuc	1
ASP	1, 257	257	MET	1, 378	378	nuc	nuc	0.99
PHE	1, 260	260	MET	1, 378	378	nuc	nuc	1
VAL	1, 261	261	MET	1, 378	378	nuc	nuc	0.89
GLN	1, 262	262	MET	1, 378	378	nuc	nuc	1
TYR	1, 376	376	MET	1, 378	378	nuc	nuc	1
ASN	1, 377	377	MET	1, 378	378	nuc	nuc	1
CYS	1, 255	255	GLY	1, 379	379	nuc	nuc	0.94
GLN	1, 256	256	GLY	1, 379	379	nuc	nuc	1
ASP	1, 257	257	GLY	1, 379	379	nuc	nuc	1
LEU	1, 258	258	GLY	1, 379	379	nuc	nuc	1
PHE	1, 260	260	GLY	1, 379	379	nuc	nuc	1
ASN	1, 377	377	GLY	1, 379	379	nuc	nuc	1
MET	1, 378	378	GLY	1, 379	379	nuc	nuc	1
GLY	1, 226	226	GLY	1, 380	380	nuc	nuc	0.55
THR	1, 245	245	GLY	1, 380	380	nuc	nuc	1
CYS	1, 255	255	GLY	1, 380	380	nuc	nuc	1
GLN	1, 256	256	GLY	1, 380	380	nuc	nuc	1
ASP	1, 257	257	GLY	1, 380	380	nuc	nuc	0.99
LEU	1, 258	258	GLY	1, 380	380	nuc	nuc	1
ASN	1, 377	377	GLY	1, 380	380	nuc	nuc	0.99
MET	1, 378	378	GLY	1, 380	380	nuc	nuc	0.58
GLY	1, 379	379	GLY	1, 380	380	nuc	nuc	1
ILE	1, 222	222	ILE	1, 381	381	nuc	nuc	0.99
GLY	1, 244	244	ILE	1, 381	381	nuc	nuc	0.95
THR	1, 245	245	ILE	1, 381	381	nuc	nuc	1
VAL	1, 248	248	ILE	1, 381	381	nuc	nuc	1
LEU	1, 253	253	ILE	1, 381	381	nuc	nuc	0.8
CYS	1, 255	255	ILE	1, 381	381	nuc	nuc	1
GLN	1, 256	256	ILE	1, 381	381	nuc	nuc	0.98
GLY	1, 380	380	ILE	1, 381	381	nuc	nuc	1
PRO	1, 254	254	PRO	1, 382	382	nuc	nuc	1
CYS	1, 255	255	PRO	1, 382	382	nuc	nuc	0.98
GLN	1, 256	256	PRO	1, 382	382	nuc	nuc	1
GLY	1, 380	380	PRO	1, 382	382	nuc	nuc	1
ILE	1, 381	381	PRO	1, 382	382	nuc	nuc	1
ILE	1, 381	381	THR	1, 383	383	nuc	nuc	1
PRO	1, 382	382	THR	1, 383	383	nuc	nuc	1
ALA	1, 106	106	ASN	1, 384	384	nuc	nuc	0.87
THR	1, 383	383	ASN	1, 384	384	nuc	nuc	1
ASP	1, 103	103	TYR	1, 385	385	nuc	nuc	0.92
ASP	1, 105	105	TYR	1, 385	385	nuc	nuc	1
ALA	1, 106	106	TYR	1, 385	385	nuc	nuc	1
HIS	1, 108	108	TYR	1, 385	385	nuc	nuc	0.66
TYR	1, 109	109	TYR	1, 385	385	nuc	nuc	1
ASN	1, 384	384	TYR	1, 385	385	nuc	nuc	1
ASN	1, 384	384	LYS	1, 386	386	nuc	nuc	1
TYR	1, 385	385	LYS	1, 386	386	nuc	nuc	1
THR	1, 383	383	GLY	1, 387	387	nuc	nuc	1
ASN	1, 384	384	GLY	1, 387	387	nuc	nuc	1
TYR	1, 385	385	GLY	1, 387	387	nuc	nuc	1
LYS	1, 386	386	GLY	1, 387	387	nuc	nuc	1
THR	1, 383	383	GLN	1, 388	388	nuc	nuc	0.99
ASN	1, 384	384	GLN	1, 388	388	nuc	nuc	1
LYS	1, 386	386	GLN	1, 388	388	nuc	nuc	1
GLY	1, 387	387	GLN	1, 388	388	nuc	nuc	1
ILE	1, 222	222	VAL	1, 389	389	nuc	nuc	0.66
VAL	1, 248	248	VAL	1, 389	389	nuc	nuc	0.94
LEU	1, 253	253	VAL	1, 389	389	nuc	nuc	0.97
ILE	1, 381	381	VAL	1, 389	389	nuc	nuc	1
PRO	1, 382	382	VAL	1, 389	389	nuc	nuc	1
THR	1, 383	383	VAL	1, 389	389	nuc	nuc	1
GLY	1, 387	387	VAL	1, 389	389	nuc	nuc	0.99
GLN	1, 388	388	VAL	1, 389	389	nuc	nuc	1
PRO	1, 382	382	ILE	1, 390	390	nuc	nuc	1
THR	1, 383	383	ILE	1, 390	390	nuc	nuc	1
ASN	1, 384	384	ILE	1, 390	390	nuc	nuc	1
GLN	1, 388	388	ILE	1, 390	390	nuc	nuc	1
VAL	1, 389	389	ILE	1, 390	390	nuc	nuc	1
LEU	1, 253	253	THR	1, 391	391	nuc	nuc	0.99
PRO	1, 254	254	THR	1, 391	391	nuc	nuc	0.99
PRO	1, 382	382	THR	1, 391	391	nuc	nuc	0.8
VAL	1, 389	389	THR	1, 391	391	nuc	nuc	0.82
ILE	1, 390	390	THR	1, 391	391	nuc	nuc	1
PRO	1, 254	254	HIS	1, 392	392	nuc	nuc	0.97
PRO	1, 382	382	HIS	1, 392	392	nuc	nuc	0.53
ILE	1, 390	390	HIS	1, 392	392	nuc	nuc	0.95
THR	1, 391	391	HIS	1, 392	392	nuc	nuc	1
THR	1, 391	391	VAL	1, 393	393	nuc	nuc	0.99
HIS	1, 392	392	VAL	1, 393	393	nuc	nuc	1
VAL	1, 393	393	ASN	1, 394	394	nuc	nuc	1
HIS	1, 392	392	GLY	1, 395	395	nuc	nuc	0.97
VAL	1, 393	393	GLY	1, 395	395	nuc	nuc	0.99
ASN	1, 394	394	GLY	1, 395	395	nuc	nuc	1
HIS	1, 392	392	GLU	1, 396	396	nuc	nuc	0.92
VAL	1, 393	393	GLU	1, 396	396	nuc	nuc	0.93
ASN	1, 394	394	GLU	1, 396	396	nuc	nuc	0.97
GLY	1, 395	395	GLU	1, 396	396	nuc	nuc	1
ASN	1, 384	384	ASP	1, 397	397	nuc	nuc	0.82
ILE	1, 390	390	ASP	1, 397	397	nuc	nuc	1
THR	1, 391	391	ASP	1, 397	397	nuc	nuc	0.9
HIS	1, 392	392	ASP	1, 397	397	nuc	nuc	0.97
GLY	1, 395	395	ASP	1, 397	397	nuc	nuc	0.57
GLU	1, 396	396	ASP	1, 397	397	nuc	nuc	1
ILE	1, 390	390	LYS	1, 398	398	nuc	nuc	0.99
THR	1, 391	391	LYS	1, 398	398	nuc	nuc	1
HIS	1, 392	392	LYS	1, 398	398	nuc	nuc	0.91
VAL	1, 393	393	LYS	1, 398	398	nuc	nuc	0.98
GLU	1, 396	396	LYS	1, 398	398	nuc	nuc	0.99
ASP	1, 397	397	LYS	1, 398	398	nuc	nuc	1
ASN	1, 384	384	VAL	1, 399	399	nuc	nuc	0.93
GLN	1, 388	388	VAL	1, 399	399	nuc	nuc	1
VAL	1, 389	389	VAL	1, 399	399	nuc	nuc	0.98
ILE	1, 390	390	VAL	1, 399	399	nuc	nuc	1
ASP	1, 397	397	VAL	1, 399	399	nuc	nuc	0.9
LYS	1, 398	398	VAL	1, 399	399	nuc	nuc	1
GLY	1, 197	197	VAL	1, 400	400	nuc	nuc	0.98
GLU	1, 198	198	VAL	1, 400	400	nuc	nuc	0.89
CYS	1, 199	199	VAL	1, 400	400	nuc	nuc	0.99
LEU	1, 253	253	VAL	1, 400	400	nuc	nuc	0.99
GLN	1, 388	388	VAL	1, 400	400	nuc	nuc	0.96
VAL	1, 389	389	VAL	1, 400	400	nuc	nuc	1
ILE	1, 390	390	VAL	1, 400	400	nuc	nuc	0.98
THR	1, 391	391	VAL	1, 400	400	nuc	nuc	1
LYS	1, 398	398	VAL	1, 400	400	nuc	nuc	0.97
VAL	1, 399	399	VAL	1, 400	400	nuc	nuc	1
GLY	1, 197	197	PRO	1, 401	401	nuc	nuc	0.96
GLU	1, 198	198	PRO	1, 401	401	nuc	nuc	1
CYS	1, 199	199	PRO	1, 401	401	nuc	nuc	0.97
VAL	1, 399	399	PRO	1, 401	401	nuc	nuc	0.99
VAL	1, 400	400	PRO	1, 401	401	nuc	nuc	1
GLU	1, 198	198	GLY	1, 402	402	nuc	nuc	0.99
CYS	1, 199	199	GLY	1, 402	402	nuc	nuc	1
LYS	1, 218	218	GLY	1, 402	402	nuc	nuc	0.99
ASN	1, 219	219	GLY	1, 402	402	nuc	nuc	1
THR	1, 220	220	GLY	1, 402	402	nuc	nuc	1
VAL	1, 400	400	GLY	1, 402	402	nuc	nuc	1
PRO	1, 401	401	GLY	1, 402	402	nuc	nuc	1
LEU	1, 192	192	LEU	1, 403	403	nuc	nuc	0.9
CYS	1, 199	199	LEU	1, 403	403	nuc	nuc	1
ASN	1, 219	219	LEU	1, 403	403	nuc	nuc	0.54
THR	1, 220	220	LEU	1, 403	403	nuc	nuc	1
ILE	1, 222	222	LEU	1, 403	403	nuc	nuc	0.96
GLN	1, 388	388	LEU	1, 403	403	nuc	nuc	0.95
VAL	1, 389	389	LEU	1, 403	403	nuc	nuc	1
VAL	1, 400	400	LEU	1, 403	403	nuc	nuc	1
PRO	1, 401	401	LEU	1, 403	403	nuc	nuc	0.99
GLY	1, 402	402	LEU	1, 403	403	nuc	nuc	1
ALA	1, 44	44	TYR	1, 404	404	nuc	nuc	0.64
ASN	1, 219	219	TYR	1, 404	404	nuc	nuc	1
THR	1, 220	220	TYR	1, 404	404	nuc	nuc	1
VAL	1, 221	221	TYR	1, 404	404	nuc	nuc	1
ILE	1, 222	222	TYR	1, 404	404	nuc	nuc	0.99
THR	1, 383	383	TYR	1, 404	404	nuc	nuc	0.9
GLY	1, 387	387	TYR	1, 404	404	nuc	nuc	1
GLN	1, 388	388	TYR	1, 404	404	nuc	nuc	1
VAL	1, 389	389	TYR	1, 404	404	nuc	nuc	1
GLY	1, 402	402	TYR	1, 404	404	nuc	nuc	1
LEU	1, 403	403	TYR	1, 404	404	nuc	nuc	1
VAL	1, 221	221	ALA	1, 405	405	nuc	nuc	1
ILE	1, 222	222	ALA	1, 405	405	nuc	nuc	1
ALA	1, 223	223	ALA	1, 405	405	nuc	nuc	0.98
VAL	1, 248	248	ALA	1, 405	405	nuc	nuc	0.64
GLY	1, 380	380	ALA	1, 405	405	nuc	nuc	0.6
ILE	1, 381	381	ALA	1, 405	405	nuc	nuc	1
THR	1, 383	383	ALA	1, 405	405	nuc	nuc	1
GLY	1, 387	387	ALA	1, 405	405	nuc	nuc	1
VAL	1, 389	389	ALA	1, 405	405	nuc	nuc	1
LEU	1, 403	403	ALA	1, 405	405	nuc	nuc	1
TYR	1, 404	404	ALA	1, 405	405	nuc	nuc	1
ALA	1, 40	40	CYS	1, 406	406	nuc	nuc	1
GLY	1, 41	41	CYS	1, 406	406	nuc	nuc	0.99
ALA	1, 44	44	CYS	1, 406	406	nuc	nuc	1
VAL	1, 221	221	CYS	1, 406	406	nuc	nuc	1
ILE	1, 222	222	CYS	1, 406	406	nuc	nuc	0.81
ALA	1, 223	223	CYS	1, 406	406	nuc	nuc	1
THR	1, 383	383	CYS	1, 406	406	nuc	nuc	0.85
GLY	1, 387	387	CYS	1, 406	406	nuc	nuc	0.99
TYR	1, 404	404	CYS	1, 406	406	nuc	nuc	1
ALA	1, 405	405	CYS	1, 406	406	nuc	nuc	1
ALA	1, 40	40	GLY	1, 407	407	nuc	nuc	1
GLY	1, 41	41	GLY	1, 407	407	nuc	nuc	0.51
ALA	1, 223	223	GLY	1, 407	407	nuc	nuc	1
GLY	1, 225	225	GLY	1, 407	407	nuc	nuc	0.98
ALA	1, 405	405	GLY	1, 407	407	nuc	nuc	1
CYS	1, 406	406	GLY	1, 407	407	nuc	nuc	1
ALA	1, 40	40	GLU	1, 408	408	nuc	nuc	0.83
GLY	1, 225	225	GLU	1, 408	408	nuc	nuc	1
GLY	1, 226	226	GLU	1, 408	408	nuc	nuc	1
TYR	1, 376	376	GLU	1, 408	408	nuc	nuc	0.99
ASN	1, 377	377	GLU	1, 408	408	nuc	nuc	0.99
GLY	1, 407	407	GLU	1, 408	408	nuc	nuc	1
ALA	1, 40	40	ALA	1, 409	409	nuc	nuc	0.63
ILE	1, 222	222	ALA	1, 409	409	nuc	nuc	1
ALA	1, 223	223	ALA	1, 409	409	nuc	nuc	1
THR	1, 224	224	ALA	1, 409	409	nuc	nuc	1
GLY	1, 225	225	ALA	1, 409	409	nuc	nuc	1
GLY	1, 226	226	ALA	1, 409	409	nuc	nuc	1
GLY	1, 242	242	ALA	1, 409	409	nuc	nuc	0.95
GLY	1, 244	244	ALA	1, 409	409	nuc	nuc	1
THR	1, 245	245	ALA	1, 409	409	nuc	nuc	0.99
GLY	1, 380	380	ALA	1, 409	409	nuc	nuc	1
ILE	1, 381	381	ALA	1, 409	409	nuc	nuc	1
ALA	1, 405	405	ALA	1, 409	409	nuc	nuc	1
CYS	1, 406	406	ALA	1, 409	409	nuc	nuc	0.9
GLY	1, 407	407	ALA	1, 409	409	nuc	nuc	1
GLU	1, 408	408	ALA	1, 409	409	nuc	nuc	1
ILE	1, 222	222	ALA	1, 410	410	nuc	nuc	0.9
ALA	1, 223	223	ALA	1, 410	410	nuc	nuc	0.61
GLY	1, 380	380	ALA	1, 410	410	nuc	nuc	1
ILE	1, 381	381	ALA	1, 410	410	nuc	nuc	1
THR	1, 383	383	ALA	1, 410	410	nuc	nuc	1
GLY	1, 387	387	ALA	1, 410	410	nuc	nuc	0.98
ALA	1, 405	405	ALA	1, 410	410	nuc	nuc	1
CYS	1, 406	406	ALA	1, 410	410	nuc	nuc	1
GLY	1, 407	407	ALA	1, 410	410	nuc	nuc	1
GLU	1, 408	408	ALA	1, 410	410	nuc	nuc	0.96
ALA	1, 409	409	ALA	1, 410	410	nuc	nuc	1
CYS	1, 255	255	SER	1, 411	411	nuc	nuc	0.57
GLN	1, 256	256	SER	1, 411	411	nuc	nuc	1
ASP	1, 257	257	SER	1, 411	411	nuc	nuc	0.99
MET	1, 378	378	SER	1, 411	411	nuc	nuc	0.94
GLY	1, 379	379	SER	1, 411	411	nuc	nuc	1
GLY	1, 380	380	SER	1, 411	411	nuc	nuc	1
ILE	1, 381	381	SER	1, 411	411	nuc	nuc	0.99
PRO	1, 382	382	SER	1, 411	411	nuc	nuc	0.99
THR	1, 383	383	SER	1, 411	411	nuc	nuc	0.99
ALA	1, 410	410	SER	1, 411	411	nuc	nuc	1
ASP	1, 103	103	ALA	1, 412	412	nuc	nuc	0.99
ALA	1, 106	106	ALA	1, 412	412	nuc	nuc	1
THR	1, 383	383	ALA	1, 412	412	nuc	nuc	1
ASN	1, 384	384	ALA	1, 412	412	nuc	nuc	0.96
TYR	1, 385	385	ALA	1, 412	412	nuc	nuc	0.98
GLY	1, 387	387	ALA	1, 412	412	nuc	nuc	0.96
ALA	1, 410	410	ALA	1, 412	412	nuc	nuc	1
SER	1, 411	411	ALA	1, 412	412	nuc	nuc	1
SER	1, 98	98	SER	1, 413	413	nuc	nuc	0.88
LEU	1, 101	101	SER	1, 413	413	nuc	nuc	0.98
GLY	1, 102	102	SER	1, 413	413	nuc	nuc	1
ASP	1, 103	103	SER	1, 413	413	nuc	nuc	1
ALA	1, 106	106	SER	1, 413	413	nuc	nuc	0.99
GLN	1, 256	256	SER	1, 413	413	nuc	nuc	0.96
ASP	1, 257	257	SER	1, 413	413	nuc	nuc	0.98
MET	1, 378	378	SER	1, 413	413	nuc	nuc	0.85
GLY	1, 379	379	SER	1, 413	413	nuc	nuc	0.88
SER	1, 411	411	SER	1, 413	413	nuc	nuc	1
ALA	1, 412	412	SER	1, 413	413	nuc	nuc	1
THR	1, 94	94	VAL	1, 414	414	nuc	nuc	0.95
SER	1, 98	98	VAL	1, 414	414	nuc	nuc	0.8
GLY	1, 102	102	VAL	1, 414	414	nuc	nuc	0.99
ASP	1, 103	103	VAL	1, 414	414	nuc	nuc	0.96
ALA	1, 106	106	VAL	1, 414	414	nuc	nuc	1
ILE	1, 107	107	VAL	1, 414	414	nuc	nuc	1
MET	1, 110	110	VAL	1, 414	414	nuc	nuc	1
ALA	1, 412	412	VAL	1, 414	414	nuc	nuc	1
SER	1, 413	413	VAL	1, 414	414	nuc	nuc	1
SER	1, 98	98	HIS	1, 415	415	nuc	nuc	0.99
GLY	1, 102	102	HIS	1, 415	415	nuc	nuc	0.97
MET	1, 378	378	HIS	1, 415	415	nuc	nuc	1
GLY	1, 379	379	HIS	1, 415	415	nuc	nuc	0.68
SER	1, 413	413	HIS	1, 415	415	nuc	nuc	0.99
VAL	1, 414	414	HIS	1, 415	415	nuc	nuc	1
SER	1, 98	98	GLY	1, 416	416	nuc	nuc	1
ASP	1, 99	99	GLY	1, 416	416	nuc	nuc	0.96
LEU	1, 101	101	GLY	1, 416	416	nuc	nuc	1
GLY	1, 102	102	GLY	1, 416	416	nuc	nuc	1
ASP	1, 103	103	GLY	1, 416	416	nuc	nuc	0.58
ASP	1, 257	257	GLY	1, 416	416	nuc	nuc	0.99
PHE	1, 260	260	GLY	1, 416	416	nuc	nuc	0.99
MET	1, 378	378	GLY	1, 416	416	nuc	nuc	1
GLY	1, 379	379	GLY	1, 416	416	nuc	nuc	0.6
SER	1, 413	413	GLY	1, 416	416	nuc	nuc	1
VAL	1, 414	414	GLY	1, 416	416	nuc	nuc	1
HIS	1, 415	415	GLY	1, 416	416	nuc	nuc	1
GLY	1, 97	97	ALA	1, 417	417	nuc	nuc	0.53
SER	1, 98	98	ALA	1, 417	417	nuc	nuc	1
ASP	1, 99	99	ALA	1, 417	417	nuc	nuc	1
LEU	1, 101	101	ALA	1, 417	417	nuc	nuc	1
GLY	1, 102	102	ALA	1, 417	417	nuc	nuc	0.87
ASP	1, 257	257	ALA	1, 417	417	nuc	nuc	0.76
PHE	1, 260	260	ALA	1, 417	417	nuc	nuc	1
ASP	1, 309	309	ALA	1, 417	417	nuc	nuc	0.61
MET	1, 378	378	ALA	1, 417	417	nuc	nuc	0.98
HIS	1, 415	415	ALA	1, 417	417	nuc	nuc	0.58
GLY	1, 416	416	ALA	1, 417	417	nuc	nuc	1
GLY	1, 97	97	ASN	1, 418	418	nuc	nuc	1
SER	1, 98	98	ASN	1, 418	418	nuc	nuc	1
ASP	1, 99	99	ASN	1, 418	418	nuc	nuc	0.99
PHE	1, 260	260	ASN	1, 418	418	nuc	nuc	0.89
GLN	1, 262	262	ASN	1, 418	418	nuc	nuc	0.99
SER	1, 307	307	ASN	1, 418	418	nuc	nuc	0.98
ARG	1, 308	308	ASN	1, 418	418	nuc	nuc	0.98
ASP	1, 309	309	ASN	1, 418	418	nuc	nuc	0.99
MET	1, 378	378	ASN	1, 418	418	nuc	nuc	0.97
HIS	1, 415	415	ASN	1, 418	418	nuc	nuc	0.97
GLY	1, 416	416	ASN	1, 418	418	nuc	nuc	0.99
ALA	1, 417	417	ASN	1, 418	418	nuc	nuc	1
GLN	1, 262	262	ARG	1, 419	419	nuc	nuc	1
ARG	1, 308	308	ARG	1, 419	419	nuc	nuc	0.9
TYR	1, 376	376	ARG	1, 419	419	nuc	nuc	1
MET	1, 378	378	ARG	1, 419	419	nuc	nuc	1
HIS	1, 415	415	ARG	1, 419	419	nuc	nuc	1
GLY	1, 416	416	ARG	1, 419	419	nuc	nuc	0.86
ASN	1, 418	418	ARG	1, 419	419	nuc	nuc	1
ASN	1, 76	76	LEU	1, 420	420	nuc	nuc	0.88
ASP	1, 93	93	LEU	1, 420	420	nuc	nuc	0.99
THR	1, 94	94	LEU	1, 420	420	nuc	nuc	1
GLY	1, 97	97	LEU	1, 420	420	nuc	nuc	1
PHE	1, 141	141	LEU	1, 420	420	nuc	nuc	0.66
GLY	1, 142	142	LEU	1, 420	420	nuc	nuc	0.93
GLY	1, 143	143	LEU	1, 420	420	nuc	nuc	0.99
GLN	1, 144	144	LEU	1, 420	420	nuc	nuc	0.92
SER	1, 307	307	LEU	1, 420	420	nuc	nuc	0.9
HIS	1, 415	415	LEU	1, 420	420	nuc	nuc	0.88
ASN	1, 418	418	LEU	1, 420	420	nuc	nuc	0.97
ARG	1, 419	419	LEU	1, 420	420	nuc	nuc	1
GLY	1, 73	73	GLY	1, 421	421	nuc	nuc	0.58
ASN	1, 76	76	GLY	1, 421	421	nuc	nuc	0.94
PHE	1, 141	141	GLY	1, 421	421	nuc	nuc	1
GLY	1, 142	142	GLY	1, 421	421	nuc	nuc	0.99
GLY	1, 143	143	GLY	1, 421	421	nuc	nuc	0.67
CYS	1, 157	157	GLY	1, 421	421	nuc	nuc	0.71
GLU	1, 277	277	GLY	1, 421	421	nuc	nuc	0.99
ARG	1, 308	308	GLY	1, 421	421	nuc	nuc	0.97
ARG	1, 419	419	GLY	1, 421	421	nuc	nuc	1
LEU	1, 420	420	GLY	1, 421	421	nuc	nuc	1
GLY	1, 73	73	ALA	1, 422	422	nuc	nuc	0.99
GLY	1, 74	74	ALA	1, 422	422	nuc	nuc	1
ILE	1, 75	75	ALA	1, 422	422	nuc	nuc	0.99
ASN	1, 76	76	ALA	1, 422	422	nuc	nuc	1
PHE	1, 141	141	ALA	1, 422	422	nuc	nuc	0.99
CYS	1, 157	157	ALA	1, 422	422	nuc	nuc	1
LEU	1, 420	420	ALA	1, 422	422	nuc	nuc	0.98
GLY	1, 421	421	ALA	1, 422	422	nuc	nuc	1
ASN	1, 76	76	ASN	1, 423	423	nuc	nuc	1
THR	1, 94	94	ASN	1, 423	423	nuc	nuc	1
MET	1, 110	110	ASN	1, 423	423	nuc	nuc	0.75
VAL	1, 414	414	ASN	1, 423	423	nuc	nuc	0.94
HIS	1, 415	415	ASN	1, 423	423	nuc	nuc	0.96
ARG	1, 419	419	ASN	1, 423	423	nuc	nuc	0.99
LEU	1, 420	420	ASN	1, 423	423	nuc	nuc	1
GLY	1, 421	421	ASN	1, 423	423	nuc	nuc	1
ALA	1, 422	422	ASN	1, 423	423	nuc	nuc	1
ALA	1, 71	71	SER	1, 424	424	nuc	nuc	0.95
TYR	1, 376	376	SER	1, 424	424	nuc	nuc	0.99
GLY	1, 407	407	SER	1, 424	424	nuc	nuc	0.52
GLU	1, 408	408	SER	1, 424	424	nuc	nuc	0.98
HIS	1, 415	415	SER	1, 424	424	nuc	nuc	0.6
ARG	1, 419	419	SER	1, 424	424	nuc	nuc	0.99
GLY	1, 421	421	SER	1, 424	424	nuc	nuc	0.98
ALA	1, 422	422	SER	1, 424	424	nuc	nuc	0.97
ASN	1, 423	423	SER	1, 424	424	nuc	nuc	1
THR	1, 68	68	LEU	1, 425	425	nuc	nuc	0.94
ALA	1, 71	71	LEU	1, 425	425	nuc	nuc	1
GLY	1, 74	74	LEU	1, 425	425	nuc	nuc	1
ILE	1, 75	75	LEU	1, 425	425	nuc	nuc	1
THR	1, 164	164	LEU	1, 425	425	nuc	nuc	0.98
GLY	1, 165	165	LEU	1, 425	425	nuc	nuc	1
LEU	1, 168	168	LEU	1, 425	425	nuc	nuc	1
ALA	1, 422	422	LEU	1, 425	425	nuc	nuc	0.99
ASN	1, 423	423	LEU	1, 425	425	nuc	nuc	0.84
SER	1, 424	424	LEU	1, 425	425	nuc	nuc	1
ILE	1, 75	75	LEU	1, 426	426	nuc	nuc	1
ASN	1, 76	76	LEU	1, 426	426	nuc	nuc	1
ALA	1, 77	77	LEU	1, 426	426	nuc	nuc	0.98
MET	1, 110	110	LEU	1, 426	426	nuc	nuc	1
ALA	1, 114	114	LEU	1, 426	426	nuc	nuc	1
ALA	1, 117	117	LEU	1, 426	426	nuc	nuc	0.99
VAL	1, 118	118	LEU	1, 426	426	nuc	nuc	0.64
ALA	1, 422	422	LEU	1, 426	426	nuc	nuc	0.97
ASN	1, 423	423	LEU	1, 426	426	nuc	nuc	1
SER	1, 424	424	LEU	1, 426	426	nuc	nuc	1
LEU	1, 425	425	LEU	1, 426	426	nuc	nuc	1
ALA	1, 40	40	ASP	1, 427	427	nuc	nuc	0.8
MET	1, 110	110	ASP	1, 427	427	nuc	nuc	0.99
CYS	1, 406	406	ASP	1, 427	427	nuc	nuc	0.54
GLY	1, 407	407	ASP	1, 427	427	nuc	nuc	1
GLU	1, 408	408	ASP	1, 427	427	nuc	nuc	0.77
VAL	1, 414	414	ASP	1, 427	427	nuc	nuc	1
HIS	1, 415	415	ASP	1, 427	427	nuc	nuc	0.91
ASN	1, 423	423	ASP	1, 427	427	nuc	nuc	1
SER	1, 424	424	ASP	1, 427	427	nuc	nuc	1
LEU	1, 425	425	ASP	1, 427	427	nuc	nuc	0.99
LEU	1, 426	426	ASP	1, 427	427	nuc	nuc	1
GLY	1, 38	38	LEU	1, 428	428	nuc	nuc	0.95
GLY	1, 39	39	LEU	1, 428	428	nuc	nuc	1
ALA	1, 40	40	LEU	1, 428	428	nuc	nuc	1
GLY	1, 41	41	LEU	1, 428	428	nuc	nuc	0.6
ARG	1, 43	43	LEU	1, 428	428	nuc	nuc	0.97
THR	1, 68	68	LEU	1, 428	428	nuc	nuc	0.99
CYS	1, 406	406	LEU	1, 428	428	nuc	nuc	0.97
GLY	1, 407	407	LEU	1, 428	428	nuc	nuc	1
GLU	1, 408	408	LEU	1, 428	428	nuc	nuc	0.84
SER	1, 424	424	LEU	1, 428	428	nuc	nuc	0.99
LEU	1, 425	425	LEU	1, 428	428	nuc	nuc	1
LEU	1, 426	426	LEU	1, 428	428	nuc	nuc	1
ASP	1, 427	427	LEU	1, 428	428	nuc	nuc	1
GLY	1, 39	39	VAL	1, 429	429	nuc	nuc	0.98
ALA	1, 40	40	VAL	1, 429	429	nuc	nuc	0.91
ARG	1, 43	43	VAL	1, 429	429	nuc	nuc	1
ILE	1, 75	75	VAL	1, 429	429	nuc	nuc	0.82
ALA	1, 117	117	VAL	1, 429	429	nuc	nuc	1
GLU	1, 120	120	VAL	1, 429	429	nuc	nuc	0.67
LEU	1, 121	121	VAL	1, 429	429	nuc	nuc	1
LEU	1, 168	168	VAL	1, 429	429	nuc	nuc	0.81
LEU	1, 425	425	VAL	1, 429	429	nuc	nuc	0.99
LEU	1, 426	426	VAL	1, 429	429	nuc	nuc	1
ASP	1, 427	427	VAL	1, 429	429	nuc	nuc	0.84
LEU	1, 428	428	VAL	1, 429	429	nuc	nuc	1
TYR	1, 109	109	VAL	1, 430	430	nuc	nuc	0.96
MET	1, 110	110	VAL	1, 430	430	nuc	nuc	1
GLN	1, 113	113	VAL	1, 430	430	nuc	nuc	1
ALA	1, 114	114	VAL	1, 430	430	nuc	nuc	1
ALA	1, 117	117	VAL	1, 430	430	nuc	nuc	1
LEU	1, 426	426	VAL	1, 430	430	nuc	nuc	1
ASP	1, 427	427	VAL	1, 430	430	nuc	nuc	1
LEU	1, 428	428	VAL	1, 430	430	nuc	nuc	0.96
VAL	1, 429	429	VAL	1, 430	430	nuc	nuc	1
ALA	1, 40	40	PHE	1, 431	431	nuc	nuc	0.99
MET	1, 110	110	PHE	1, 431	431	nuc	nuc	0.96
THR	1, 383	383	PHE	1, 431	431	nuc	nuc	0.78
GLY	1, 387	387	PHE	1, 431	431	nuc	nuc	1
CYS	1, 406	406	PHE	1, 431	431	nuc	nuc	1
GLY	1, 407	407	PHE	1, 431	431	nuc	nuc	1
ALA	1, 410	410	PHE	1, 431	431	nuc	nuc	0.99
ALA	1, 412	412	PHE	1, 431	431	nuc	nuc	0.98
VAL	1, 414	414	PHE	1, 431	431	nuc	nuc	0.59
ASP	1, 427	427	PHE	1, 431	431	nuc	nuc	1
LEU	1, 428	428	PHE	1, 431	431	nuc	nuc	0.99
VAL	1, 430	430	PHE	1, 431	431	nuc	nuc	1
ALA	1, 40	40	GLY	1, 432	432	nuc	nuc	1
GLY	1, 41	41	GLY	1, 432	432	nuc	nuc	1
ARG	1, 43	43	GLY	1, 432	432	nuc	nuc	1
ALA	1, 44	44	GLY	1, 432	432	nuc	nuc	1
VAL	1, 221	221	GLY	1, 432	432	nuc	nuc	0.81
ALA	1, 223	223	GLY	1, 432	432	nuc	nuc	0.96
CYS	1, 406	406	GLY	1, 432	432	nuc	nuc	1
GLY	1, 407	407	GLY	1, 432	432	nuc	nuc	0.97
LEU	1, 428	428	GLY	1, 432	432	nuc	nuc	0.99
VAL	1, 429	429	GLY	1, 432	432	nuc	nuc	1
VAL	1, 430	430	GLY	1, 432	432	nuc	nuc	1
PHE	1, 431	431	GLY	1, 432	432	nuc	nuc	1
ARG	1, 43	43	ARG	1, 433	433	nuc	nuc	1
ALA	1, 44	44	ARG	1, 433	433	nuc	nuc	0.92
GLY	1, 47	47	ARG	1, 433	433	nuc	nuc	0.99
GLN	1, 113	113	ARG	1, 433	433	nuc	nuc	0.83
ALA	1, 117	117	ARG	1, 433	433	nuc	nuc	1
VAL	1, 429	429	ARG	1, 433	433	nuc	nuc	1
VAL	1, 430	430	ARG	1, 433	433	nuc	nuc	1
PHE	1, 431	431	ARG	1, 433	433	nuc	nuc	1
GLY	1, 432	432	ARG	1, 433	433	nuc	nuc	1
TYR	1, 109	109	ALA	1, 434	434	nuc	nuc	0.98
TYR	1, 385	385	ALA	1, 434	434	nuc	nuc	0.93
LYS	1, 386	386	ALA	1, 434	434	nuc	nuc	1
GLY	1, 387	387	ALA	1, 434	434	nuc	nuc	1
CYS	1, 406	406	ALA	1, 434	434	nuc	nuc	0.96
VAL	1, 430	430	ALA	1, 434	434	nuc	nuc	1
PHE	1, 431	431	ALA	1, 434	434	nuc	nuc	1
GLY	1, 432	432	ALA	1, 434	434	nuc	nuc	1
ARG	1, 433	433	ALA	1, 434	434	nuc	nuc	1
ALA	1, 44	44	CYS	1, 435	435	nuc	nuc	1
VAL	1, 221	221	CYS	1, 435	435	nuc	nuc	1
LYS	1, 386	386	CYS	1, 435	435	nuc	nuc	0.64
GLY	1, 387	387	CYS	1, 435	435	nuc	nuc	1
TYR	1, 404	404	CYS	1, 435	435	nuc	nuc	1
ALA	1, 405	405	CYS	1, 435	435	nuc	nuc	0.66
CYS	1, 406	406	CYS	1, 435	435	nuc	nuc	1
PHE	1, 431	431	CYS	1, 435	435	nuc	nuc	1
GLY	1, 432	432	CYS	1, 435	435	nuc	nuc	1
ARG	1, 433	433	CYS	1, 435	435	nuc	nuc	1
ALA	1, 434	434	CYS	1, 435	435	nuc	nuc	1
ARG	1, 43	43	ALA	1, 436	436	nuc	nuc	0.94
ALA	1, 44	44	ALA	1, 436	436	nuc	nuc	1
GLY	1, 47	47	ALA	1, 436	436	nuc	nuc	1
LEU	1, 48	48	ALA	1, 436	436	nuc	nuc	1
GLU	1, 50	50	ALA	1, 436	436	nuc	nuc	0.72
ALA	1, 51	51	ALA	1, 436	436	nuc	nuc	0.99
GLY	1, 432	432	ALA	1, 436	436	nuc	nuc	1
ARG	1, 433	433	ALA	1, 436	436	nuc	nuc	1
ALA	1, 434	434	ALA	1, 436	436	nuc	nuc	1
CYS	1, 435	435	ALA	1, 436	436	nuc	nuc	1
ARG	1, 433	433	LEU	1, 437	437	nuc	nuc	1
ALA	1, 434	434	LEU	1, 437	437	nuc	nuc	1
CYS	1, 435	435	LEU	1, 437	437	nuc	nuc	1
ALA	1, 436	436	LEU	1, 437	437	nuc	nuc	1
LYS	1, 386	386	THR	1, 438	438	nuc	nuc	1
GLY	1, 387	387	THR	1, 438	438	nuc	nuc	0.99
GLN	1, 388	388	THR	1, 438	438	nuc	nuc	0.99
TYR	1, 404	404	THR	1, 438	438	nuc	nuc	0.97
ALA	1, 434	434	THR	1, 438	438	nuc	nuc	1
CYS	1, 435	435	THR	1, 438	438	nuc	nuc	1
ALA	1, 436	436	THR	1, 438	438	nuc	nuc	0.99
LEU	1, 437	437	THR	1, 438	438	nuc	nuc	1
ALA	1, 32	32	ILE	1, 439	439	nuc	nuc	1
LEU	1, 48	48	ILE	1, 439	439	nuc	nuc	1
ALA	1, 51	51	ILE	1, 439	439	nuc	nuc	0.79
PHE	1, 53	53	ILE	1, 439	439	nuc	nuc	0.97
ASN	1, 219	219	ILE	1, 439	439	nuc	nuc	1
TYR	1, 404	404	ILE	1, 439	439	nuc	nuc	0.98
CYS	1, 435	435	ILE	1, 439	439	nuc	nuc	1
ALA	1, 436	436	ILE	1, 439	439	nuc	nuc	1
LEU	1, 437	437	ILE	1, 439	439	nuc	nuc	1
THR	1, 438	438	ILE	1, 439	439	nuc	nuc	1
LEU	1, 48	48	ALA	1, 440	440	nuc	nuc	0.92
ALA	1, 51	51	ALA	1, 440	440	nuc	nuc	1
PHE	1, 53	53	ALA	1, 440	440	nuc	nuc	0.89
ALA	1, 436	436	ALA	1, 440	440	nuc	nuc	1
LEU	1, 437	437	ALA	1, 440	440	nuc	nuc	1
THR	1, 438	438	ALA	1, 440	440	nuc	nuc	1
ILE	1, 439	439	ALA	1, 440	440	nuc	nuc	1
LEU	1, 437	437	GLU	1, 441	441	nuc	nuc	1
THR	1, 438	438	GLU	1, 441	441	nuc	nuc	1
ILE	1, 439	439	GLU	1, 441	441	nuc	nuc	0.98
ALA	1, 440	440	GLU	1, 441	441	nuc	nuc	1
THR	1, 438	438	THR	1, 442	442	nuc	nuc	0.99
ILE	1, 439	439	THR	1, 442	442	nuc	nuc	0.99
ALA	1, 440	440	THR	1, 442	442	nuc	nuc	0.75
GLU	1, 441	441	THR	1, 442	442	nuc	nuc	1
ASP	1, 31	31	CYS	1, 443	443	nuc	nuc	0.67
LYS	1, 218	218	CYS	1, 443	443	nuc	nuc	0.98
ASN	1, 219	219	CYS	1, 443	443	nuc	nuc	0.96
ILE	1, 439	439	CYS	1, 443	443	nuc	nuc	0.98
ALA	1, 440	440	CYS	1, 443	443	nuc	nuc	0.84
THR	1, 442	442	CYS	1, 443	443	nuc	nuc	1
CYS	1, 443	443	LYS	1, 444	444	nuc	nuc	1
ASP	1, 31	31	PRO	1, 445	445	nuc	nuc	0.98
ALA	1, 51	51	PRO	1, 445	445	nuc	nuc	0.84
GLY	1, 52	52	PRO	1, 445	445	nuc	nuc	0.99
PHE	1, 53	53	PRO	1, 445	445	nuc	nuc	0.99
ASN	1, 54	54	PRO	1, 445	445	nuc	nuc	0.94
CYS	1, 443	443	PRO	1, 445	445	nuc	nuc	0.51
LYS	1, 444	444	PRO	1, 445	445	nuc	nuc	1
ASP	1, 31	31	GLY	1, 446	446	nuc	nuc	0.99
ASN	1, 54	54	GLY	1, 446	446	nuc	nuc	0.86
LYS	1, 444	444	GLY	1, 446	446	nuc	nuc	1
PRO	1, 445	445	GLY	1, 446	446	nuc	nuc	1
ASP	1, 31	31	GLU	1, 447	447	nuc	nuc	0.92
LYS	1, 218	218	GLU	1, 447	447	nuc	nuc	0.96
CYS	1, 443	443	GLU	1, 447	447	nuc	nuc	0.97
LYS	1, 444	444	GLU	1, 447	447	nuc	nuc	0.98
PRO	1, 445	445	GLU	1, 447	447	nuc	nuc	0.95
GLY	1, 446	446	GLU	1, 447	447	nuc	nuc	1
GLY	1, 446	446	PRO	1, 448	448	nuc	nuc	0.85
GLU	1, 447	447	PRO	1, 448	448	nuc	nuc	1
GLU	1, 29	29	VAL	1, 449	449	nuc	nuc	0.99
PHE	1, 30	30	VAL	1, 449	449	nuc	nuc	0.75
ASP	1, 31	31	VAL	1, 449	449	nuc	nuc	0.77
ARG	1, 200	200	VAL	1, 449	449	nuc	nuc	0.56
ARG	1, 216	216	VAL	1, 449	449	nuc	nuc	0.99
ALA	1, 217	217	VAL	1, 449	449	nuc	nuc	0.98
LYS	1, 218	218	VAL	1, 449	449	nuc	nuc	0.99
GLU	1, 447	447	VAL	1, 449	449	nuc	nuc	0.86
PRO	1, 448	448	VAL	1, 449	449	nuc	nuc	1
GLU	1, 195	195	PRO	1, 450	450	nuc	nuc	0.73
GLU	1, 198	198	PRO	1, 450	450	nuc	nuc	0.89
ARG	1, 200	200	PRO	1, 450	450	nuc	nuc	0.99
ARG	1, 216	216	PRO	1, 450	450	nuc	nuc	0.78
LYS	1, 218	218	PRO	1, 450	450	nuc	nuc	0.97
PRO	1, 448	448	PRO	1, 450	450	nuc	nuc	0.87
VAL	1, 449	449	PRO	1, 450	450	nuc	nuc	1
ARG	1, 200	200	SER	1, 451	451	nuc	nuc	0.51
VAL	1, 449	449	SER	1, 451	451	nuc	nuc	0.66
PRO	1, 450	450	SER	1, 451	451	nuc	nuc	1
LEU	1, 193	193	ILE	1, 452	452	nuc	nuc	0.97
GLU	1, 195	195	ILE	1, 452	452	nuc	nuc	0.94
ARG	1, 200	200	ILE	1, 452	452	nuc	nuc	0.99
ARG	1, 214	214	ILE	1, 452	452	nuc	nuc	0.85
ARG	1, 216	216	ILE	1, 452	452	nuc	nuc	0.99
PRO	1, 450	450	ILE	1, 452	452	nuc	nuc	0.95
SER	1, 451	451	ILE	1, 452	452	nuc	nuc	1
GLU	1, 195	195	LYS	1, 453	453	nuc	nuc	0.95
ILE	1, 452	452	LYS	1, 453	453	nuc	nuc	1
ILE	1, 452	452	PRO	1, 454	454	nuc	nuc	0.65
LYS	1, 453	453	PRO	1, 454	454	nuc	nuc	1
ILE	1, 19	19	ASN	1, 455	455	nuc	nuc	0.51
LYS	1, 453	453	ASN	1, 455	455	nuc	nuc	0.99
PRO	1, 454	454	ASN	1, 455	455	nuc	nuc	1
LEU	1, 193	193	ALA	1, 456	456	nuc	nuc	0.99
GLU	1, 195	195	ALA	1, 456	456	nuc	nuc	0.9
ARG	1, 200	200	ALA	1, 456	456	nuc	nuc	0.56
ILE	1, 203	203	ALA	1, 456	456	nuc	nuc	0.8
ARG	1, 214	214	ALA	1, 456	456	nuc	nuc	0.92
ILE	1, 452	452	ALA	1, 456	456	nuc	nuc	0.98
LYS	1, 453	453	ALA	1, 456	456	nuc	nuc	1
PRO	1, 454	454	ALA	1, 456	456	nuc	nuc	0.98
ASN	1, 455	455	ALA	1, 456	456	nuc	nuc	1
ASP	1, 191	191	GLY	1, 457	457	nuc	nuc	0.98
LEU	1, 193	193	GLY	1, 457	457	nuc	nuc	0.98
ILE	1, 203	203	GLY	1, 457	457	nuc	nuc	1
ARG	1, 214	214	GLY	1, 457	457	nuc	nuc	0.88
ASN	1, 455	455	GLY	1, 457	457	nuc	nuc	1
ALA	1, 456	456	GLY	1, 457	457	nuc	nuc	1
ILE	1, 19	19	GLU	1, 458	458	nuc	nuc	0.62
ASN	1, 455	455	GLU	1, 458	458	nuc	nuc	0.99
ALA	1, 456	456	GLU	1, 458	458	nuc	nuc	0.98
GLY	1, 457	457	GLU	1, 458	458	nuc	nuc	1
ASP	1, 191	191	GLU	1, 459	459	nuc	nuc	0.77
GLY	1, 457	457	GLU	1, 459	459	nuc	nuc	1
GLU	1, 458	458	GLU	1, 459	459	nuc	nuc	1
LEU	1, 190	190	SER	1, 460	460	nuc	nuc	1
ASP	1, 191	191	SER	1, 460	460	nuc	nuc	1
ILE	1, 203	203	SER	1, 460	460	nuc	nuc	1
GLY	1, 457	457	SER	1, 460	460	nuc	nuc	1
GLU	1, 458	458	SER	1, 460	460	nuc	nuc	0.99
GLU	1, 459	459	SER	1, 460	460	nuc	nuc	1
ILE	1, 19	19	VAL	1, 461	461	nuc	nuc	0.67
SER	1, 20	20	VAL	1, 461	461	nuc	nuc	0.66
TYR	1, 23	23	VAL	1, 461	461	nuc	nuc	0.98
VAL	1, 25	25	VAL	1, 461	461	nuc	nuc	0.59
ILE	1, 203	203	VAL	1, 461	461	nuc	nuc	0.67
ILE	1, 212	212	VAL	1, 461	461	nuc	nuc	1
GLY	1, 457	457	VAL	1, 461	461	nuc	nuc	0.99
GLU	1, 458	458	VAL	1, 461	461	nuc	nuc	1
GLU	1, 459	459	VAL	1, 461	461	nuc	nuc	0.98
SER	1, 460	460	VAL	1, 461	461	nuc	nuc	1
GLU	1, 458	458	ALA	1, 462	462	nuc	nuc	1
GLU	1, 459	459	ALA	1, 462	462	nuc	nuc	1
SER	1, 460	460	ALA	1, 462	462	nuc	nuc	1
VAL	1, 461	461	ALA	1, 462	462	nuc	nuc	1
LEU	1, 190	190	ASN	1, 463	463	nuc	nuc	0.55
GLU	1, 459	459	ASN	1, 463	463	nuc	nuc	0.99
SER	1, 460	460	ASN	1, 463	463	nuc	nuc	1
VAL	1, 461	461	ASN	1, 463	463	nuc	nuc	1
ALA	1, 462	462	ASN	1, 463	463	nuc	nuc	1
TYR	1, 23	23	LEU	1, 464	464	nuc	nuc	0.67
LEU	1, 190	190	LEU	1, 464	464	nuc	nuc	0.99
LEU	1, 205	205	LEU	1, 464	464	nuc	nuc	0.99
ILE	1, 212	212	LEU	1, 464	464	nuc	nuc	0.56
SER	1, 460	460	LEU	1, 464	464	nuc	nuc	0.99
VAL	1, 461	461	LEU	1, 464	464	nuc	nuc	1
ALA	1, 462	462	LEU	1, 464	464	nuc	nuc	1
ASN	1, 463	463	LEU	1, 464	464	nuc	nuc	1
SER	1, 20	20	ASP	1, 465	465	nuc	nuc	0.62
GLN	1, 22	22	ASP	1, 465	465	nuc	nuc	0.79
TYR	1, 23	23	ASP	1, 465	465	nuc	nuc	0.87
VAL	1, 461	461	ASP	1, 465	465	nuc	nuc	1
ALA	1, 462	462	ASP	1, 465	465	nuc	nuc	1
ASN	1, 463	463	ASP	1, 465	465	nuc	nuc	0.99
LEU	1, 464	464	ASP	1, 465	465	nuc	nuc	1
ALA	1, 462	462	LYS	1, 466	466	nuc	nuc	1
ASN	1, 463	463	LYS	1, 466	466	nuc	nuc	1
LEU	1, 464	464	LYS	1, 466	466	nuc	nuc	1
ASP	1, 465	465	LYS	1, 466	466	nuc	nuc	1
ASN	1, 463	463	LEU	1, 467	467	nuc	nuc	1
LEU	1, 464	464	LEU	1, 467	467	nuc	nuc	1
ASP	1, 465	465	LEU	1, 467	467	nuc	nuc	0.98
LYS	1, 466	466	LEU	1, 467	467	nuc	nuc	1
LEU	1, 464	464	ARG	1, 468	468	nuc	nuc	1
ASP	1, 465	465	ARG	1, 468	468	nuc	nuc	1
LYS	1, 466	466	ARG	1, 468	468	nuc	nuc	1
LEU	1, 467	467	ARG	1, 468	468	nuc	nuc	1
ASP	1, 465	465	PHE	1, 469	469	nuc	nuc	0.99
LYS	1, 466	466	PHE	1, 469	469	nuc	nuc	0.99
LEU	1, 467	467	PHE	1, 469	469	nuc	nuc	0.72
ARG	1, 468	468	PHE	1, 469	469	nuc	nuc	1
LYS	1, 466	466	ALA	1, 470	470	nuc	nuc	0.99
LEU	1, 467	467	ALA	1, 470	470	nuc	nuc	1
ARG	1, 468	468	ALA	1, 470	470	nuc	nuc	0.99
PHE	1, 469	469	ALA	1, 470	470	nuc	nuc	1
PHE	1, 469	469	ASP	1, 471	471	nuc	nuc	0.98
ALA	1, 470	470	ASP	1, 471	471	nuc	nuc	1
ALA	1, 470	470	GLY	1, 472	472	nuc	nuc	1
ASP	1, 471	471	GLY	1, 472	472	nuc	nuc	1
GLY	1, 472	472	THR	1, 473	473	nuc	nuc	1
GLY	1, 472	472	ILE	1, 474	474	nuc	nuc	0.99
THR	1, 473	473	ILE	1, 474	474	nuc	nuc	1
ILE	1, 474	474	ARG	1, 475	475	nuc	nuc	1
ILE	1, 474	474	THR	1, 476	476	nuc	nuc	0.61
ARG	1, 475	475	THR	1, 476	476	nuc	nuc	1
ARG	1, 475	475	SER	1, 477	477	nuc	nuc	1
THR	1, 476	476	SER	1, 477	477	nuc	nuc	1
ILE	1, 474	474	GLU	1, 478	478	nuc	nuc	0.99
ARG	1, 475	475	GLU	1, 478	478	nuc	nuc	1
THR	1, 476	476	GLU	1, 478	478	nuc	nuc	0.99
SER	1, 477	477	GLU	1, 478	478	nuc	nuc	1
ILE	1, 474	474	ALA	1, 479	479	nuc	nuc	1
ARG	1, 475	475	ALA	1, 479	479	nuc	nuc	0.98
THR	1, 476	476	ALA	1, 479	479	nuc	nuc	1
SER	1, 477	477	ALA	1, 479	479	nuc	nuc	0.99
GLU	1, 478	478	ALA	1, 479	479	nuc	nuc	1
THR	1, 476	476	ARG	1, 480	480	nuc	nuc	1
SER	1, 477	477	ARG	1, 480	480	nuc	nuc	1
GLU	1, 478	478	ARG	1, 480	480	nuc	nuc	1
ALA	1, 479	479	ARG	1, 480	480	nuc	nuc	1
PHE	1, 232	232	LEU	1, 481	481	nuc	nuc	0.71
SER	1, 477	477	LEU	1, 481	481	nuc	nuc	1
GLU	1, 478	478	LEU	1, 481	481	nuc	nuc	1
ALA	1, 479	479	LEU	1, 481	481	nuc	nuc	1
ARG	1, 480	480	LEU	1, 481	481	nuc	nuc	1
GLU	1, 478	478	ASN	1, 482	482	nuc	nuc	1
ALA	1, 479	479	ASN	1, 482	482	nuc	nuc	1
ARG	1, 480	480	ASN	1, 482	482	nuc	nuc	1
LEU	1, 481	481	ASN	1, 482	482	nuc	nuc	1
THR	1, 230	230	MET	1, 483	483	nuc	nuc	0.99
ALA	1, 479	479	MET	1, 483	483	nuc	nuc	1
ARG	1, 480	480	MET	1, 483	483	nuc	nuc	1
LEU	1, 481	481	MET	1, 483	483	nuc	nuc	1
ASN	1, 482	482	MET	1, 483	483	nuc	nuc	1
ARG	1, 229	229	GLN	1, 484	484	nuc	nuc	0.91
THR	1, 230	230	GLN	1, 484	484	nuc	nuc	0.99
TYR	1, 231	231	GLN	1, 484	484	nuc	nuc	1
PHE	1, 232	232	GLN	1, 484	484	nuc	nuc	1
ARG	1, 480	480	GLN	1, 484	484	nuc	nuc	1
LEU	1, 481	481	GLN	1, 484	484	nuc	nuc	1
ASN	1, 482	482	GLN	1, 484	484	nuc	nuc	1
MET	1, 483	483	GLN	1, 484	484	nuc	nuc	1
PHE	1, 232	232	LYS	1, 485	485	nuc	nuc	1
LEU	1, 481	481	LYS	1, 485	485	nuc	nuc	1
ASN	1, 482	482	LYS	1, 485	485	nuc	nuc	1
MET	1, 483	483	LYS	1, 485	485	nuc	nuc	0.99
GLN	1, 484	484	LYS	1, 485	485	nuc	nuc	1
ASN	1, 482	482	THR	1, 486	486	nuc	nuc	1
MET	1, 483	483	THR	1, 486	486	nuc	nuc	1
GLN	1, 484	484	THR	1, 486	486	nuc	nuc	1
LYS	1, 485	485	THR	1, 486	486	nuc	nuc	1
THR	1, 230	230	MET	1, 487	487	nuc	nuc	1
TYR	1, 231	231	MET	1, 487	487	nuc	nuc	1
PHE	1, 232	232	MET	1, 487	487	nuc	nuc	0.98
MET	1, 483	483	MET	1, 487	487	nuc	nuc	1
GLN	1, 484	484	MET	1, 487	487	nuc	nuc	1
LYS	1, 485	485	MET	1, 487	487	nuc	nuc	0.99
THR	1, 486	486	MET	1, 487	487	nuc	nuc	1
TYR	1, 231	231	GLN	1, 488	488	nuc	nuc	1
PHE	1, 232	232	GLN	1, 488	488	nuc	nuc	1
SER	1, 233	233	GLN	1, 488	488	nuc	nuc	0.99
GLN	1, 484	484	GLN	1, 488	488	nuc	nuc	0.99
LYS	1, 485	485	GLN	1, 488	488	nuc	nuc	1
THR	1, 486	486	GLN	1, 488	488	nuc	nuc	0.99
MET	1, 487	487	GLN	1, 488	488	nuc	nuc	1
LYS	1, 485	485	SER	1, 489	489	nuc	nuc	1
THR	1, 486	486	SER	1, 489	489	nuc	nuc	1
MET	1, 487	487	SER	1, 489	489	nuc	nuc	0.96
GLN	1, 488	488	SER	1, 489	489	nuc	nuc	1
THR	1, 486	486	HIS	1, 490	490	nuc	nuc	1
MET	1, 487	487	HIS	1, 490	490	nuc	nuc	1
GLN	1, 488	488	HIS	1, 490	490	nuc	nuc	0.52
SER	1, 489	489	HIS	1, 490	490	nuc	nuc	1
VAL	1, 261	261	ALA	1, 491	491	nuc	nuc	0.91
MET	1, 487	487	ALA	1, 491	491	nuc	nuc	1
GLN	1, 488	488	ALA	1, 491	491	nuc	nuc	0.78
HIS	1, 490	490	ALA	1, 491	491	nuc	nuc	1
GLN	1, 488	488	ALA	1, 492	492	nuc	nuc	0.99
SER	1, 489	489	ALA	1, 492	492	nuc	nuc	0.98
HIS	1, 490	490	ALA	1, 492	492	nuc	nuc	0.96
ALA	1, 491	491	ALA	1, 492	492	nuc	nuc	1
PHE	1, 263	263	VAL	1, 493	493	nuc	nuc	1
SER	1, 312	312	VAL	1, 493	493	nuc	nuc	0.99
ARG	1, 313	313	VAL	1, 493	493	nuc	nuc	0.99
THR	1, 316	316	VAL	1, 493	493	nuc	nuc	0.99
PRO	1, 372	372	VAL	1, 493	493	nuc	nuc	0.99
ALA	1, 492	492	VAL	1, 493	493	nuc	nuc	1
ARG	1, 313	313	PHE	1, 494	494	nuc	nuc	0.9
THR	1, 316	316	PHE	1, 494	494	nuc	nuc	0.99
ALA	1, 492	492	PHE	1, 494	494	nuc	nuc	0.99
VAL	1, 493	493	PHE	1, 494	494	nuc	nuc	1
HIS	1, 490	490	ARG	1, 495	495	nuc	nuc	0.66
ALA	1, 491	491	ARG	1, 495	495	nuc	nuc	0.99
ALA	1, 492	492	ARG	1, 495	495	nuc	nuc	0.99
VAL	1, 493	493	ARG	1, 495	495	nuc	nuc	0.53
PHE	1, 494	494	ARG	1, 495	495	nuc	nuc	1
PHE	1, 494	494	THR	1, 496	496	nuc	nuc	0.98
ARG	1, 495	495	THR	1, 496	496	nuc	nuc	1
ARG	1, 495	495	GLY	1, 497	497	nuc	nuc	1
THR	1, 496	496	GLY	1, 497	497	nuc	nuc	1
THR	1, 496	496	SER	1, 498	498	nuc	nuc	1
GLY	1, 497	497	SER	1, 498	498	nuc	nuc	1
SER	1, 489	489	ILE	1, 499	499	nuc	nuc	0.68
HIS	1, 490	490	ILE	1, 499	499	nuc	nuc	1
ARG	1, 495	495	ILE	1, 499	499	nuc	nuc	0.98
THR	1, 496	496	ILE	1, 499	499	nuc	nuc	1
GLY	1, 497	497	ILE	1, 499	499	nuc	nuc	1
SER	1, 498	498	ILE	1, 499	499	nuc	nuc	1
HIS	1, 490	490	LEU	1, 500	500	nuc	nuc	0.99
ALA	1, 491	491	LEU	1, 500	500	nuc	nuc	0.97
ARG	1, 495	495	LEU	1, 500	500	nuc	nuc	0.99
THR	1, 496	496	LEU	1, 500	500	nuc	nuc	0.99
GLY	1, 497	497	LEU	1, 500	500	nuc	nuc	1
SER	1, 498	498	LEU	1, 500	500	nuc	nuc	0.99
ILE	1, 499	499	LEU	1, 500	500	nuc	nuc	1
GLY	1, 497	497	GLN	1, 501	501	nuc	nuc	1
SER	1, 498	498	GLN	1, 501	501	nuc	nuc	1
ILE	1, 499	499	GLN	1, 501	501	nuc	nuc	0.99
LEU	1, 500	500	GLN	1, 501	501	nuc	nuc	1
HIS	1, 490	490	GLU	1, 502	502	nuc	nuc	0.99
SER	1, 498	498	GLU	1, 502	502	nuc	nuc	0.99
ILE	1, 499	499	GLU	1, 502	502	nuc	nuc	1
LEU	1, 500	500	GLU	1, 502	502	nuc	nuc	1
GLN	1, 501	501	GLU	1, 502	502	nuc	nuc	1
THR	1, 486	486	GLY	1, 503	503	nuc	nuc	1
HIS	1, 490	490	GLY	1, 503	503	nuc	nuc	1
ALA	1, 491	491	GLY	1, 503	503	nuc	nuc	0.77
ILE	1, 499	499	GLY	1, 503	503	nuc	nuc	0.99
LEU	1, 500	500	GLY	1, 503	503	nuc	nuc	1
GLN	1, 501	501	GLY	1, 503	503	nuc	nuc	1
GLU	1, 502	502	GLY	1, 503	503	nuc	nuc	1
LEU	1, 500	500	CYS	1, 504	504	nuc	nuc	1
GLN	1, 501	501	CYS	1, 504	504	nuc	nuc	1
GLU	1, 502	502	CYS	1, 504	504	nuc	nuc	1
GLY	1, 503	503	CYS	1, 504	504	nuc	nuc	1
GLN	1, 501	501	GLU	1, 505	505	nuc	nuc	0.99
GLU	1, 502	502	GLU	1, 505	505	nuc	nuc	1
GLY	1, 503	503	GLU	1, 505	505	nuc	nuc	1
CYS	1, 504	504	GLU	1, 505	505	nuc	nuc	1
THR	1, 486	486	LYS	1, 506	506	nuc	nuc	1
HIS	1, 490	490	LYS	1, 506	506	nuc	nuc	0.95
GLU	1, 502	502	LYS	1, 506	506	nuc	nuc	1
GLY	1, 503	503	LYS	1, 506	506	nuc	nuc	1
CYS	1, 504	504	LYS	1, 506	506	nuc	nuc	0.99
GLU	1, 505	505	LYS	1, 506	506	nuc	nuc	1
MET	1, 483	483	LEU	1, 507	507	nuc	nuc	0.99
THR	1, 486	486	LEU	1, 507	507	nuc	nuc	1
MET	1, 487	487	LEU	1, 507	507	nuc	nuc	0.77
GLY	1, 503	503	LEU	1, 507	507	nuc	nuc	1
CYS	1, 504	504	LEU	1, 507	507	nuc	nuc	1
GLU	1, 505	505	LEU	1, 507	507	nuc	nuc	0.98
LYS	1, 506	506	LEU	1, 507	507	nuc	nuc	1
CYS	1, 504	504	SER	1, 508	508	nuc	nuc	1
GLU	1, 505	505	SER	1, 508	508	nuc	nuc	1
LYS	1, 506	506	SER	1, 508	508	nuc	nuc	0.99
LEU	1, 507	507	SER	1, 508	508	nuc	nuc	1
GLU	1, 505	505	GLN	1, 509	509	nuc	nuc	0.99
LYS	1, 506	506	GLN	1, 509	509	nuc	nuc	1
LEU	1, 507	507	GLN	1, 509	509	nuc	nuc	1
SER	1, 508	508	GLN	1, 509	509	nuc	nuc	1
ALA	1, 479	479	ILE	1, 510	510	nuc	nuc	0.99
ASN	1, 482	482	ILE	1, 510	510	nuc	nuc	1
MET	1, 483	483	ILE	1, 510	510	nuc	nuc	1
THR	1, 486	486	ILE	1, 510	510	nuc	nuc	0.96
LYS	1, 506	506	ILE	1, 510	510	nuc	nuc	0.99
LEU	1, 507	507	ILE	1, 510	510	nuc	nuc	1
SER	1, 508	508	ILE	1, 510	510	nuc	nuc	0.99
GLN	1, 509	509	ILE	1, 510	510	nuc	nuc	1
LEU	1, 507	507	TYR	1, 511	511	nuc	nuc	1
SER	1, 508	508	TYR	1, 511	511	nuc	nuc	1
GLN	1, 509	509	TYR	1, 511	511	nuc	nuc	1
ILE	1, 510	510	TYR	1, 511	511	nuc	nuc	1
SER	1, 508	508	ARG	1, 512	512	nuc	nuc	0.99
GLN	1, 509	509	ARG	1, 512	512	nuc	nuc	1
ILE	1, 510	510	ARG	1, 512	512	nuc	nuc	0.99
TYR	1, 511	511	ARG	1, 512	512	nuc	nuc	1
ILE	1, 474	474	ASP	1, 513	513	nuc	nuc	0.99
ALA	1, 479	479	ASP	1, 513	513	nuc	nuc	0.98
GLN	1, 509	509	ASP	1, 513	513	nuc	nuc	0.99
ILE	1, 510	510	ASP	1, 513	513	nuc	nuc	1
TYR	1, 511	511	ASP	1, 513	513	nuc	nuc	1
ARG	1, 512	512	ASP	1, 513	513	nuc	nuc	1
ALA	1, 479	479	LEU	1, 514	514	nuc	nuc	0.97
ILE	1, 510	510	LEU	1, 514	514	nuc	nuc	0.93
TYR	1, 511	511	LEU	1, 514	514	nuc	nuc	1
ARG	1, 512	512	LEU	1, 514	514	nuc	nuc	1
ASP	1, 513	513	LEU	1, 514	514	nuc	nuc	1
ARG	1, 512	512	ALA	1, 515	515	nuc	nuc	0.98
ASP	1, 513	513	ALA	1, 515	515	nuc	nuc	0.99
LEU	1, 514	514	ALA	1, 515	515	nuc	nuc	1
GLY	1, 472	472	HIS	1, 516	516	nuc	nuc	1
THR	1, 473	473	HIS	1, 516	516	nuc	nuc	0.99
ILE	1, 474	474	HIS	1, 516	516	nuc	nuc	0.99
ASP	1, 513	513	HIS	1, 516	516	nuc	nuc	1
LEU	1, 514	514	HIS	1, 516	516	nuc	nuc	0.96
ALA	1, 515	515	HIS	1, 516	516	nuc	nuc	1
LEU	1, 467	467	LEU	1, 517	517	nuc	nuc	0.91
ALA	1, 470	470	LEU	1, 517	517	nuc	nuc	0.99
GLY	1, 472	472	LEU	1, 517	517	nuc	nuc	0.99
ILE	1, 474	474	LEU	1, 517	517	nuc	nuc	1
ARG	1, 475	475	LEU	1, 517	517	nuc	nuc	0.8
THR	1, 476	476	LEU	1, 517	517	nuc	nuc	1
ALA	1, 479	479	LEU	1, 517	517	nuc	nuc	0.98
ASP	1, 513	513	LEU	1, 517	517	nuc	nuc	0.65
LEU	1, 514	514	LEU	1, 517	517	nuc	nuc	1
ALA	1, 515	515	LEU	1, 517	517	nuc	nuc	0.97
HIS	1, 516	516	LEU	1, 517	517	nuc	nuc	1
ALA	1, 470	470	LYS	1, 518	518	nuc	nuc	0.99
ASP	1, 471	471	LYS	1, 518	518	nuc	nuc	0.99
GLY	1, 472	472	LYS	1, 518	518	nuc	nuc	1
THR	1, 473	473	LYS	1, 518	518	nuc	nuc	0.99
ILE	1, 474	474	LYS	1, 518	518	nuc	nuc	0.99
ARG	1, 475	475	LYS	1, 518	518	nuc	nuc	1
THR	1, 476	476	LYS	1, 518	518	nuc	nuc	0.84
HIS	1, 516	516	LYS	1, 518	518	nuc	nuc	0.8
LEU	1, 517	517	LYS	1, 518	518	nuc	nuc	1
LEU	1, 467	467	THR	1, 519	519	nuc	nuc	0.99
ARG	1, 468	468	THR	1, 519	519	nuc	nuc	0.98
PHE	1, 469	469	THR	1, 519	519	nuc	nuc	0.76
ALA	1, 470	470	THR	1, 519	519	nuc	nuc	1
THR	1, 476	476	THR	1, 519	519	nuc	nuc	0.99
LEU	1, 517	517	THR	1, 519	519	nuc	nuc	0.99
LYS	1, 518	518	THR	1, 519	519	nuc	nuc	1
LYS	1, 518	518	PHE	1, 520	520	nuc	nuc	0.99
THR	1, 519	519	PHE	1, 520	520	nuc	nuc	1
THR	1, 519	519	ASP	1, 521	521	nuc	nuc	1
PHE	1, 520	520	ASP	1, 521	521	nuc	nuc	1
ARG	1, 468	468	ARG	1, 522	522	nuc	nuc	0.99
PHE	1, 469	469	ARG	1, 522	522	nuc	nuc	0.98
THR	1, 519	519	ARG	1, 522	522	nuc	nuc	0.6
PHE	1, 520	520	ARG	1, 522	522	nuc	nuc	0.74
ASP	1, 521	521	ARG	1, 522	522	nuc	nuc	1
ARG	1, 468	468	GLY	1, 523	523	nuc	nuc	0.87
ASP	1, 521	521	GLY	1, 523	523	nuc	nuc	1
ARG	1, 522	522	GLY	1, 523	523	nuc	nuc	1
ASP	1, 209	209	ILE	1, 524	524	nuc	nuc	0.83
GLY	1, 210	210	ILE	1, 524	524	nuc	nuc	1
ARG	1, 468	468	ILE	1, 524	524	nuc	nuc	0.62
GLY	1, 523	523	ILE	1, 524	524	nuc	nuc	1
GLU	1, 208	208	VAL	1, 525	525	nuc	nuc	0.98
ASP	1, 209	209	VAL	1, 525	525	nuc	nuc	0.99
GLY	1, 210	210	VAL	1, 525	525	nuc	nuc	0.99
GLY	1, 523	523	VAL	1, 525	525	nuc	nuc	1
ILE	1, 524	524	VAL	1, 525	525	nuc	nuc	1
ILE	1, 207	207	TRP	1, 526	526	nuc	nuc	1
GLU	1, 208	208	TRP	1, 526	526	nuc	nuc	0.99
VAL	1, 525	525	TRP	1, 526	526	nuc	nuc	1
ILE	1, 207	207	ASN	1, 527	527	nuc	nuc	0.78
GLY	1, 210	210	ASN	1, 527	527	nuc	nuc	0.61
ARG	1, 468	468	ASN	1, 527	527	nuc	nuc	0.93
ASP	1, 521	521	ASN	1, 527	527	nuc	nuc	1
GLY	1, 523	523	ASN	1, 527	527	nuc	nuc	1
ILE	1, 524	524	ASN	1, 527	527	nuc	nuc	0.99
VAL	1, 525	525	ASN	1, 527	527	nuc	nuc	0.99
TRP	1, 526	526	ASN	1, 527	527	nuc	nuc	1
ASP	1, 521	521	THR	1, 528	528	nuc	nuc	0.8
TRP	1, 526	526	THR	1, 528	528	nuc	nuc	1
ASN	1, 527	527	THR	1, 528	528	nuc	nuc	1
THR	1, 476	476	ASP	1, 529	529	nuc	nuc	0.98
THR	1, 519	519	ASP	1, 529	529	nuc	nuc	1
PHE	1, 520	520	ASP	1, 529	529	nuc	nuc	0.99
ASP	1, 521	521	ASP	1, 529	529	nuc	nuc	1
ASN	1, 527	527	ASP	1, 529	529	nuc	nuc	1
THR	1, 528	528	ASP	1, 529	529	nuc	nuc	1
LEU	1, 464	464	LEU	1, 530	530	nuc	nuc	0.95
LEU	1, 467	467	LEU	1, 530	530	nuc	nuc	1
ARG	1, 468	468	LEU	1, 530	530	nuc	nuc	1
THR	1, 519	519	LEU	1, 530	530	nuc	nuc	0.99
ASP	1, 521	521	LEU	1, 530	530	nuc	nuc	0.98
ASN	1, 527	527	LEU	1, 530	530	nuc	nuc	1
THR	1, 528	528	LEU	1, 530	530	nuc	nuc	0.99
ASP	1, 529	529	LEU	1, 530	530	nuc	nuc	1
LYS	1, 60	60	VAL	1, 531	531	nuc	nuc	0.75
PHE	1, 188	188	VAL	1, 531	531	nuc	nuc	1
LEU	1, 205	205	VAL	1, 531	531	nuc	nuc	0.78
ILE	1, 207	207	VAL	1, 531	531	nuc	nuc	0.99
ASN	1, 527	527	VAL	1, 531	531	nuc	nuc	1
THR	1, 528	528	VAL	1, 531	531	nuc	nuc	1
ASP	1, 529	529	VAL	1, 531	531	nuc	nuc	0.99
LEU	1, 530	530	VAL	1, 531	531	nuc	nuc	1
THR	1, 476	476	GLU	1, 532	532	nuc	nuc	1
ARG	1, 480	480	GLU	1, 532	532	nuc	nuc	0.56
THR	1, 528	528	GLU	1, 532	532	nuc	nuc	1
ASP	1, 529	529	GLU	1, 532	532	nuc	nuc	1
LEU	1, 530	530	GLU	1, 532	532	nuc	nuc	0.99
VAL	1, 531	531	GLU	1, 532	532	nuc	nuc	1
LEU	1, 467	467	THR	1, 533	533	nuc	nuc	1
ALA	1, 470	470	THR	1, 533	533	nuc	nuc	0.85
THR	1, 476	476	THR	1, 533	533	nuc	nuc	1
LEU	1, 517	517	THR	1, 533	533	nuc	nuc	0.99
THR	1, 519	519	THR	1, 533	533	nuc	nuc	1
ASP	1, 529	529	THR	1, 533	533	nuc	nuc	1
LEU	1, 530	530	THR	1, 533	533	nuc	nuc	1
VAL	1, 531	531	THR	1, 533	533	nuc	nuc	1
GLU	1, 532	532	THR	1, 533	533	nuc	nuc	1
PHE	1, 188	188	LEU	1, 534	534	nuc	nuc	0.99
LEU	1, 190	190	LEU	1, 534	534	nuc	nuc	0.96
LEU	1, 464	464	LEU	1, 534	534	nuc	nuc	0.95
LEU	1, 467	467	LEU	1, 534	534	nuc	nuc	0.99
LEU	1, 530	530	LEU	1, 534	534	nuc	nuc	1
VAL	1, 531	531	LEU	1, 534	534	nuc	nuc	1
GLU	1, 532	532	LEU	1, 534	534	nuc	nuc	1
THR	1, 533	533	LEU	1, 534	534	nuc	nuc	1
THR	1, 241	241	GLU	1, 535	535	nuc	nuc	1
ASP	1, 243	243	GLU	1, 535	535	nuc	nuc	0.98
VAL	1, 531	531	GLU	1, 535	535	nuc	nuc	1
GLU	1, 532	532	GLU	1, 535	535	nuc	nuc	1
THR	1, 533	533	GLU	1, 535	535	nuc	nuc	1
LEU	1, 534	534	GLU	1, 535	535	nuc	nuc	1
THR	1, 476	476	LEU	1, 536	536	nuc	nuc	1
ALA	1, 479	479	LEU	1, 536	536	nuc	nuc	1
ARG	1, 480	480	LEU	1, 536	536	nuc	nuc	1
MET	1, 483	483	LEU	1, 536	536	nuc	nuc	0.83
LEU	1, 514	514	LEU	1, 536	536	nuc	nuc	0.87
GLU	1, 532	532	LEU	1, 536	536	nuc	nuc	1
THR	1, 533	533	LEU	1, 536	536	nuc	nuc	1
LEU	1, 534	534	LEU	1, 536	536	nuc	nuc	1
GLU	1, 535	535	LEU	1, 536	536	nuc	nuc	1
ALA	1, 246	246	GLN	1, 537	537	nuc	nuc	0.98
ASN	1, 463	463	GLN	1, 537	537	nuc	nuc	0.51
LEU	1, 467	467	GLN	1, 537	537	nuc	nuc	0.57
LEU	1, 514	514	GLN	1, 537	537	nuc	nuc	0.99
THR	1, 533	533	GLN	1, 537	537	nuc	nuc	0.99
LEU	1, 534	534	GLN	1, 537	537	nuc	nuc	1
GLU	1, 535	535	GLN	1, 537	537	nuc	nuc	1
LEU	1, 536	536	GLN	1, 537	537	nuc	nuc	1
TYR	1, 227	227	ASN	1, 538	538	nuc	nuc	0.76
THR	1, 241	241	ASN	1, 538	538	nuc	nuc	1
GLY	1, 242	242	ASN	1, 538	538	nuc	nuc	1
ASP	1, 243	243	ASN	1, 538	538	nuc	nuc	1
GLY	1, 244	244	ASN	1, 538	538	nuc	nuc	0.94
THR	1, 245	245	ASN	1, 538	538	nuc	nuc	0.82
ALA	1, 246	246	ASN	1, 538	538	nuc	nuc	1
MET	1, 247	247	ASN	1, 538	538	nuc	nuc	0.58
LEU	1, 534	534	ASN	1, 538	538	nuc	nuc	1
GLU	1, 535	535	ASN	1, 538	538	nuc	nuc	1
LEU	1, 536	536	ASN	1, 538	538	nuc	nuc	1
GLN	1, 537	537	ASN	1, 538	538	nuc	nuc	1
TYR	1, 227	227	LEU	1, 539	539	nuc	nuc	0.99
ARG	1, 229	229	LEU	1, 539	539	nuc	nuc	0.99
THR	1, 230	230	LEU	1, 539	539	nuc	nuc	1
THR	1, 241	241	LEU	1, 539	539	nuc	nuc	1
GLY	1, 242	242	LEU	1, 539	539	nuc	nuc	0.99
ALA	1, 246	246	LEU	1, 539	539	nuc	nuc	0.67
ARG	1, 480	480	LEU	1, 539	539	nuc	nuc	0.97
MET	1, 483	483	LEU	1, 539	539	nuc	nuc	0.99
GLU	1, 535	535	LEU	1, 539	539	nuc	nuc	1
LEU	1, 536	536	LEU	1, 539	539	nuc	nuc	1
GLN	1, 537	537	LEU	1, 539	539	nuc	nuc	1
ASN	1, 538	538	LEU	1, 539	539	nuc	nuc	1
MET	1, 483	483	MET	1, 540	540	nuc	nuc	1
LEU	1, 507	507	MET	1, 540	540	nuc	nuc	0.86
ILE	1, 510	510	MET	1, 540	540	nuc	nuc	0.99
TYR	1, 511	511	MET	1, 540	540	nuc	nuc	1
LEU	1, 514	514	MET	1, 540	540	nuc	nuc	0.99
LEU	1, 536	536	MET	1, 540	540	nuc	nuc	1
GLN	1, 537	537	MET	1, 540	540	nuc	nuc	1
ASN	1, 538	538	MET	1, 540	540	nuc	nuc	1
LEU	1, 539	539	MET	1, 540	540	nuc	nuc	1
THR	1, 245	245	LEU	1, 541	541	nuc	nuc	0.88
ALA	1, 246	246	LEU	1, 541	541	nuc	nuc	1
THR	1, 249	249	LEU	1, 541	541	nuc	nuc	1
ARG	1, 250	250	LEU	1, 541	541	nuc	nuc	0.94
GLN	1, 537	537	LEU	1, 541	541	nuc	nuc	0.99
ASN	1, 538	538	LEU	1, 541	541	nuc	nuc	1
LEU	1, 539	539	LEU	1, 541	541	nuc	nuc	1
MET	1, 540	540	LEU	1, 541	541	nuc	nuc	1
TYR	1, 227	227	CYS	1, 542	542	nuc	nuc	1
THR	1, 230	230	CYS	1, 542	542	nuc	nuc	1
GLY	1, 242	242	CYS	1, 542	542	nuc	nuc	1
THR	1, 245	245	CYS	1, 542	542	nuc	nuc	1
ALA	1, 246	246	CYS	1, 542	542	nuc	nuc	1
LEU	1, 258	258	CYS	1, 542	542	nuc	nuc	0.99
ASN	1, 538	538	CYS	1, 542	542	nuc	nuc	1
LEU	1, 539	539	CYS	1, 542	542	nuc	nuc	1
MET	1, 540	540	CYS	1, 542	542	nuc	nuc	1
LEU	1, 541	541	CYS	1, 542	542	nuc	nuc	1
TYR	1, 227	227	ALA	1, 543	543	nuc	nuc	0.57
THR	1, 230	230	ALA	1, 543	543	nuc	nuc	1
MET	1, 483	483	ALA	1, 543	543	nuc	nuc	1
MET	1, 487	487	ALA	1, 543	543	nuc	nuc	1
LEU	1, 507	507	ALA	1, 543	543	nuc	nuc	1
LEU	1, 539	539	ALA	1, 543	543	nuc	nuc	1
MET	1, 540	540	ALA	1, 543	543	nuc	nuc	1
LEU	1, 541	541	ALA	1, 543	543	nuc	nuc	1
CYS	1, 542	542	ALA	1, 543	543	nuc	nuc	1
LEU	1, 507	507	LEU	1, 544	544	nuc	nuc	1
SER	1, 508	508	LEU	1, 544	544	nuc	nuc	0.97
TYR	1, 511	511	LEU	1, 544	544	nuc	nuc	1
MET	1, 540	540	LEU	1, 544	544	nuc	nuc	1
LEU	1, 541	541	LEU	1, 544	544	nuc	nuc	1
CYS	1, 542	542	LEU	1, 544	544	nuc	nuc	1
ALA	1, 543	543	LEU	1, 544	544	nuc	nuc	1
THR	1, 249	249	GLN	1, 545	545	nuc	nuc	0.98
CYS	1, 255	255	GLN	1, 545	545	nuc	nuc	1
LEU	1, 258	258	GLN	1, 545	545	nuc	nuc	1
LEU	1, 541	541	GLN	1, 545	545	nuc	nuc	1
CYS	1, 542	542	GLN	1, 545	545	nuc	nuc	1
ALA	1, 543	543	GLN	1, 545	545	nuc	nuc	0.99
LEU	1, 544	544	GLN	1, 545	545	nuc	nuc	1
THR	1, 230	230	THR	1, 546	546	nuc	nuc	0.98
LEU	1, 258	258	THR	1, 546	546	nuc	nuc	1
GLU	1, 259	259	THR	1, 546	546	nuc	nuc	1
VAL	1, 261	261	THR	1, 546	546	nuc	nuc	0.99
MET	1, 487	487	THR	1, 546	546	nuc	nuc	0.93
ALA	1, 491	491	THR	1, 546	546	nuc	nuc	0.99
CYS	1, 542	542	THR	1, 546	546	nuc	nuc	1
ALA	1, 543	543	THR	1, 546	546	nuc	nuc	1
LEU	1, 544	544	THR	1, 546	546	nuc	nuc	1
GLN	1, 545	545	THR	1, 546	546	nuc	nuc	1
GLU	1, 259	259	ILE	1, 547	547	nuc	nuc	0.61
MET	1, 487	487	ILE	1, 547	547	nuc	nuc	0.98
HIS	1, 490	490	ILE	1, 547	547	nuc	nuc	0.98
ALA	1, 491	491	ILE	1, 547	547	nuc	nuc	1
LEU	1, 500	500	ILE	1, 547	547	nuc	nuc	0.99
GLY	1, 503	503	ILE	1, 547	547	nuc	nuc	1
CYS	1, 504	504	ILE	1, 547	547	nuc	nuc	1
LEU	1, 507	507	ILE	1, 547	547	nuc	nuc	1
ALA	1, 543	543	ILE	1, 547	547	nuc	nuc	1
LEU	1, 544	544	ILE	1, 547	547	nuc	nuc	1
GLN	1, 545	545	ILE	1, 547	547	nuc	nuc	0.61
THR	1, 546	546	ILE	1, 547	547	nuc	nuc	1
CYS	1, 504	504	TYR	1, 548	548	nuc	nuc	1
LEU	1, 544	544	TYR	1, 548	548	nuc	nuc	1
GLN	1, 545	545	TYR	1, 548	548	nuc	nuc	1
THR	1, 546	546	TYR	1, 548	548	nuc	nuc	0.97
ILE	1, 547	547	TYR	1, 548	548	nuc	nuc	1
LEU	1, 258	258	GLY	1, 549	549	nuc	nuc	0.99
GLU	1, 259	259	GLY	1, 549	549	nuc	nuc	1
GLN	1, 545	545	GLY	1, 549	549	nuc	nuc	1
THR	1, 546	546	GLY	1, 549	549	nuc	nuc	1
ILE	1, 547	547	GLY	1, 549	549	nuc	nuc	1
TYR	1, 548	548	GLY	1, 549	549	nuc	nuc	1
GLU	1, 259	259	ALA	1, 550	550	nuc	nuc	1
ALA	1, 491	491	ALA	1, 550	550	nuc	nuc	1
ARG	1, 495	495	ALA	1, 550	550	nuc	nuc	0.99
LEU	1, 500	500	ALA	1, 550	550	nuc	nuc	1
THR	1, 546	546	ALA	1, 550	550	nuc	nuc	1
ILE	1, 547	547	ALA	1, 550	550	nuc	nuc	1
TYR	1, 548	548	ALA	1, 550	550	nuc	nuc	1
GLY	1, 549	549	ALA	1, 550	550	nuc	nuc	1
GLY	1, 497	497	GLU	1, 551	551	nuc	nuc	0.97
LEU	1, 500	500	GLU	1, 551	551	nuc	nuc	1
GLN	1, 501	501	GLU	1, 551	551	nuc	nuc	1
CYS	1, 504	504	GLU	1, 551	551	nuc	nuc	1
ILE	1, 547	547	GLU	1, 551	551	nuc	nuc	1
TYR	1, 548	548	GLU	1, 551	551	nuc	nuc	1
GLY	1, 549	549	GLU	1, 551	551	nuc	nuc	1
ALA	1, 550	550	GLU	1, 551	551	nuc	nuc	1
TYR	1, 548	548	ALA	1, 552	552	nuc	nuc	1
GLY	1, 549	549	ALA	1, 552	552	nuc	nuc	1
ALA	1, 550	550	ALA	1, 552	552	nuc	nuc	0.98
GLU	1, 551	551	ALA	1, 552	552	nuc	nuc	1
GLU	1, 259	259	ARG	1, 553	553	nuc	nuc	1
GLY	1, 549	549	ARG	1, 553	553	nuc	nuc	1
ALA	1, 550	550	ARG	1, 553	553	nuc	nuc	1
GLU	1, 551	551	ARG	1, 553	553	nuc	nuc	0.97
ALA	1, 552	552	ARG	1, 553	553	nuc	nuc	1
ALA	1, 552	552	LYS	1, 554	554	nuc	nuc	0.98
ARG	1, 553	553	LYS	1, 554	554	nuc	nuc	1
ARG	1, 553	553	GLU	1, 555	555	nuc	nuc	1
LYS	1, 554	554	GLU	1, 555	555	nuc	nuc	1
GLU	1, 555	555	SER	1, 556	556	nuc	nuc	1
ASP	1, 99	99	ARG	1, 557	557	nuc	nuc	1
LEU	1, 101	101	ARG	1, 557	557	nuc	nuc	0.99
ALA	1, 417	417	ARG	1, 557	557	nuc	nuc	1
ARG	1, 553	553	ARG	1, 557	557	nuc	nuc	0.55
GLU	1, 555	555	ARG	1, 557	557	nuc	nuc	1
SER	1, 556	556	ARG	1, 557	557	nuc	nuc	1
GLY	1, 97	97	GLY	1, 558	558	nuc	nuc	0.52
ASP	1, 99	99	GLY	1, 558	558	nuc	nuc	1
LEU	1, 101	101	GLY	1, 558	558	nuc	nuc	0.62
PHE	1, 260	260	GLY	1, 558	558	nuc	nuc	0.91
SER	1, 307	307	GLY	1, 558	558	nuc	nuc	0.52
ASP	1, 309	309	GLY	1, 558	558	nuc	nuc	1
ALA	1, 417	417	GLY	1, 558	558	nuc	nuc	1
ASN	1, 418	418	GLY	1, 558	558	nuc	nuc	1
SER	1, 556	556	GLY	1, 558	558	nuc	nuc	1
ARG	1, 557	557	GLY	1, 558	558	nuc	nuc	1
PHE	1, 260	260	ALA	1, 559	559	nuc	nuc	1
VAL	1, 261	261	ALA	1, 559	559	nuc	nuc	1
GLN	1, 262	262	ALA	1, 559	559	nuc	nuc	1
PHE	1, 263	263	ALA	1, 559	559	nuc	nuc	0.99
ARG	1, 308	308	ALA	1, 559	559	nuc	nuc	0.65
ASP	1, 309	309	ALA	1, 559	559	nuc	nuc	0.99
MET	1, 378	378	ALA	1, 559	559	nuc	nuc	0.94
ALA	1, 417	417	ALA	1, 559	559	nuc	nuc	1
ASN	1, 418	418	ALA	1, 559	559	nuc	nuc	1
GLY	1, 558	558	ALA	1, 559	559	nuc	nuc	1
GLU	1, 259	259	HIS	1, 560	560	nuc	nuc	1
PHE	1, 260	260	HIS	1, 560	560	nuc	nuc	1
ALA	1, 417	417	HIS	1, 560	560	nuc	nuc	0.99
ARG	1, 495	495	HIS	1, 560	560	nuc	nuc	0.88
ALA	1, 550	550	HIS	1, 560	560	nuc	nuc	0.99
ARG	1, 553	553	HIS	1, 560	560	nuc	nuc	0.99
GLU	1, 555	555	HIS	1, 560	560	nuc	nuc	0.91
SER	1, 556	556	HIS	1, 560	560	nuc	nuc	1
ARG	1, 557	557	HIS	1, 560	560	nuc	nuc	1
GLY	1, 558	558	HIS	1, 560	560	nuc	nuc	1
ALA	1, 559	559	HIS	1, 560	560	nuc	nuc	1
ASP	1, 309	309	ALA	1, 561	561	nuc	nuc	0.82
ARG	1, 313	313	ALA	1, 561	561	nuc	nuc	0.99
VAL	1, 493	493	ALA	1, 561	561	nuc	nuc	0.98
PHE	1, 494	494	ALA	1, 561	561	nuc	nuc	0.99
ARG	1, 495	495	ALA	1, 561	561	nuc	nuc	0.98
SER	1, 556	556	ALA	1, 561	561	nuc	nuc	1
GLY	1, 558	558	ALA	1, 561	561	nuc	nuc	0.97
ALA	1, 559	559	ALA	1, 561	561	nuc	nuc	0.98
HIS	1, 560	560	ALA	1, 561	561	nuc	nuc	1
PHE	1, 494	494	ARG	1, 562	562	nuc	nuc	0.55
ARG	1, 495	495	ARG	1, 562	562	nuc	nuc	1
THR	1, 496	496	ARG	1, 562	562	nuc	nuc	0.98
GLY	1, 497	497	ARG	1, 562	562	nuc	nuc	0.96
ARG	1, 553	553	ARG	1, 562	562	nuc	nuc	0.87
LYS	1, 554	554	ARG	1, 562	562	nuc	nuc	0.98
GLU	1, 555	555	ARG	1, 562	562	nuc	nuc	0.97
SER	1, 556	556	ARG	1, 562	562	nuc	nuc	1
HIS	1, 560	560	ARG	1, 562	562	nuc	nuc	1
ALA	1, 561	561	ARG	1, 562	562	nuc	nuc	1
PHE	1, 494	494	GLU	1, 563	563	nuc	nuc	0.99
ARG	1, 495	495	GLU	1, 563	563	nuc	nuc	0.96
THR	1, 496	496	GLU	1, 563	563	nuc	nuc	1
ALA	1, 561	561	GLU	1, 563	563	nuc	nuc	0.94
ARG	1, 562	562	GLU	1, 563	563	nuc	nuc	1
THR	1, 496	496	ASP	1, 564	564	nuc	nuc	0.99
GLY	1, 497	497	ASP	1, 564	564	nuc	nuc	0.99
LYS	1, 554	554	ASP	1, 564	564	nuc	nuc	0.79
ARG	1, 562	562	ASP	1, 564	564	nuc	nuc	1
GLU	1, 563	563	ASP	1, 564	564	nuc	nuc	1
LYS	1, 554	554	TYR	1, 565	565	nuc	nuc	1
GLU	1, 555	555	TYR	1, 565	565	nuc	nuc	1
SER	1, 556	556	TYR	1, 565	565	nuc	nuc	1
ARG	1, 562	562	TYR	1, 565	565	nuc	nuc	1
ASP	1, 564	564	TYR	1, 565	565	nuc	nuc	1
SER	1, 556	556	LYS	1, 566	566	nuc	nuc	1
ALA	1, 561	561	LYS	1, 566	566	nuc	nuc	0.51
ARG	1, 562	562	LYS	1, 566	566	nuc	nuc	0.95
GLU	1, 563	563	LYS	1, 566	566	nuc	nuc	0.97
TYR	1, 565	565	LYS	1, 566	566	nuc	nuc	1
GLU	1, 555	555	LEU	1, 567	567	nuc	nuc	0.96
SER	1, 556	556	LEU	1, 567	567	nuc	nuc	0.99
TYR	1, 565	565	LEU	1, 567	567	nuc	nuc	0.99
LYS	1, 566	566	LEU	1, 567	567	nuc	nuc	1
ASP	1, 99	99	ARG	1, 568	568	nuc	nuc	0.96
GLU	1, 555	555	ARG	1, 568	568	nuc	nuc	0.99
SER	1, 556	556	ARG	1, 568	568	nuc	nuc	1
ARG	1, 557	557	ARG	1, 568	568	nuc	nuc	1
LEU	1, 567	567	ARG	1, 568	568	nuc	nuc	1
LYS	1, 554	554	ILE	1, 569	569	nuc	nuc	0.73
GLU	1, 555	555	ILE	1, 569	569	nuc	nuc	1
TYR	1, 565	565	ILE	1, 569	569	nuc	nuc	0.76
LEU	1, 567	567	ILE	1, 569	569	nuc	nuc	0.99
ARG	1, 568	568	ILE	1, 569	569	nuc	nuc	1
TRP	1, 100	100	ASP	1, 570	570	nuc	nuc	0.9
ARG	1, 568	568	ASP	1, 570	570	nuc	nuc	1
ILE	1, 569	569	ASP	1, 570	570	nuc	nuc	1
ASP	1, 570	570	GLU	1, 571	571	nuc	nuc	1
ASP	1, 570	570	PHE	1, 572	572	nuc	nuc	0.99
GLU	1, 571	571	PHE	1, 572	572	nuc	nuc	1
ASP	1, 570	570	ASP	1, 573	573	nuc	nuc	0.94
PHE	1, 572	572	ASP	1, 573	573	nuc	nuc	1
ASP	1, 570	570	TYR	1, 574	574	nuc	nuc	0.98
PHE	1, 572	572	TYR	1, 574	574	nuc	nuc	0.99
ASP	1, 573	573	TYR	1, 574	574	nuc	nuc	1
ASP	1, 573	573	SER	1, 575	575	nuc	nuc	0.99
TYR	1, 574	574	SER	1, 575	575	nuc	nuc	1
ASP	1, 573	573	LYS	1, 576	576	nuc	nuc	0.98
TYR	1, 574	574	LYS	1, 576	576	nuc	nuc	0.83
SER	1, 575	575	LYS	1, 576	576	nuc	nuc	1
LYS	1, 576	576	PRO	1, 577	577	nuc	nuc	1
PHE	1, 572	572	LEU	1, 578	578	nuc	nuc	0.95
TYR	1, 574	574	LEU	1, 578	578	nuc	nuc	0.65
LYS	1, 576	576	LEU	1, 578	578	nuc	nuc	0.57
PRO	1, 577	577	LEU	1, 578	578	nuc	nuc	1
PRO	1, 577	577	GLN	1, 579	579	nuc	nuc	0.98
LEU	1, 578	578	GLN	1, 579	579	nuc	nuc	1
PRO	1, 577	577	GLY	1, 580	580	nuc	nuc	0.58
LEU	1, 578	578	GLY	1, 580	580	nuc	nuc	0.98
GLN	1, 579	579	GLY	1, 580	580	nuc	nuc	1
PHE	1, 572	572	GLN	1, 581	581	nuc	nuc	0.97
ASP	1, 573	573	GLN	1, 581	581	nuc	nuc	0.95
LYS	1, 576	576	GLN	1, 581	581	nuc	nuc	0.82
PRO	1, 577	577	GLN	1, 581	581	nuc	nuc	0.58
LEU	1, 578	578	GLN	1, 581	581	nuc	nuc	0.96
GLN	1, 579	579	GLN	1, 581	581	nuc	nuc	0.95
GLY	1, 580	580	GLN	1, 581	581	nuc	nuc	1
GLY	1, 580	580	GLN	1, 582	582	nuc	nuc	0.92
GLN	1, 581	581	GLN	1, 582	582	nuc	nuc	1
GLU	1, 571	571	LYS	1, 583	583	nuc	nuc	0.99
PHE	1, 572	572	LYS	1, 583	583	nuc	nuc	0.98
GLN	1, 581	581	LYS	1, 583	583	nuc	nuc	0.89
GLN	1, 582	582	LYS	1, 583	583	nuc	nuc	1
ASP	1, 570	570	ARG	1, 584	584	nuc	nuc	0.56
GLU	1, 571	571	ARG	1, 584	584	nuc	nuc	0.99
PHE	1, 572	572	ARG	1, 584	584	nuc	nuc	0.93
GLN	1, 582	582	ARG	1, 584	584	nuc	nuc	0.91
LYS	1, 583	583	ARG	1, 584	584	nuc	nuc	1
LYS	1, 583	583	PRO	1, 585	585	nuc	nuc	0.82
ARG	1, 584	584	PRO	1, 585	585	nuc	nuc	1
PRO	1, 585	585	PHE	1, 586	586	nuc	nuc	1
PRO	1, 585	585	GLU	1, 587	587	nuc	nuc	0.99
PHE	1, 586	586	GLU	1, 587	587	nuc	nuc	1
ARG	1, 584	584	GLU	1, 588	588	nuc	nuc	0.99
PRO	1, 585	585	GLU	1, 588	588	nuc	nuc	0.99
PHE	1, 586	586	GLU	1, 588	588	nuc	nuc	0.94
GLU	1, 587	587	GLU	1, 588	588	nuc	nuc	1
ILE	1, 569	569	HIS	1, 589	589	nuc	nuc	0.99
ASP	1, 570	570	HIS	1, 589	589	nuc	nuc	0.99
GLU	1, 571	571	HIS	1, 589	589	nuc	nuc	1
ARG	1, 584	584	HIS	1, 589	589	nuc	nuc	0.99
PRO	1, 585	585	HIS	1, 589	589	nuc	nuc	0.81
PHE	1, 586	586	HIS	1, 589	589	nuc	nuc	0.97
GLU	1, 588	588	HIS	1, 589	589	nuc	nuc	1
ARG	1, 553	553	TRP	1, 590	590	nuc	nuc	1
LYS	1, 554	554	TRP	1, 590	590	nuc	nuc	0.97
GLU	1, 555	555	TRP	1, 590	590	nuc	nuc	1
ARG	1, 557	557	TRP	1, 590	590	nuc	nuc	0.97
ARG	1, 568	568	TRP	1, 590	590	nuc	nuc	0.6
ILE	1, 569	569	TRP	1, 590	590	nuc	nuc	1
ASP	1, 570	570	TRP	1, 590	590	nuc	nuc	0.73
HIS	1, 589	589	TRP	1, 590	590	nuc	nuc	1
TRP	1, 100	100	ARG	1, 591	591	nuc	nuc	0.99
LEU	1, 101	101	ARG	1, 591	591	nuc	nuc	0.99
ILE	1, 569	569	ARG	1, 591	591	nuc	nuc	0.92
ASP	1, 570	570	ARG	1, 591	591	nuc	nuc	1
GLU	1, 571	571	ARG	1, 591	591	nuc	nuc	0.99
HIS	1, 589	589	ARG	1, 591	591	nuc	nuc	1
TRP	1, 590	590	ARG	1, 591	591	nuc	nuc	1
PHE	1, 586	586	LYS	1, 592	592	nuc	nuc	0.97
HIS	1, 589	589	LYS	1, 592	592	nuc	nuc	0.96
TRP	1, 590	590	LYS	1, 592	592	nuc	nuc	1
ARG	1, 591	591	LYS	1, 592	592	nuc	nuc	1
LEU	1, 101	101	HIS	1, 593	593	nuc	nuc	0.99
GLN	1, 256	256	HIS	1, 593	593	nuc	nuc	1
ASP	1, 257	257	HIS	1, 593	593	nuc	nuc	1
PRO	1, 382	382	HIS	1, 593	593	nuc	nuc	0.85
SER	1, 413	413	HIS	1, 593	593	nuc	nuc	0.97
LYS	1, 592	592	HIS	1, 593	593	nuc	nuc	1
GLN	1, 256	256	THR	1, 594	594	nuc	nuc	1
ASP	1, 257	257	THR	1, 594	594	nuc	nuc	1
LEU	1, 258	258	THR	1, 594	594	nuc	nuc	0.95
GLU	1, 259	259	THR	1, 594	594	nuc	nuc	1
GLY	1, 549	549	THR	1, 594	594	nuc	nuc	1
ALA	1, 552	552	THR	1, 594	594	nuc	nuc	0.92
ARG	1, 553	553	THR	1, 594	594	nuc	nuc	0.99
LYS	1, 592	592	THR	1, 594	594	nuc	nuc	0.95
HIS	1, 593	593	THR	1, 594	594	nuc	nuc	1
PRO	1, 254	254	LEU	1, 595	595	nuc	nuc	1
CYS	1, 255	255	LEU	1, 595	595	nuc	nuc	0.99
GLN	1, 256	256	LEU	1, 595	595	nuc	nuc	1
PRO	1, 382	382	LEU	1, 595	595	nuc	nuc	0.98
HIS	1, 392	392	LEU	1, 595	595	nuc	nuc	0.98
HIS	1, 593	593	LEU	1, 595	595	nuc	nuc	1
THR	1, 594	594	LEU	1, 595	595	nuc	nuc	1
PRO	1, 254	254	SER	1, 596	596	nuc	nuc	0.99
CYS	1, 255	255	SER	1, 596	596	nuc	nuc	1
GLN	1, 256	256	SER	1, 596	596	nuc	nuc	0.7
LEU	1, 258	258	SER	1, 596	596	nuc	nuc	1
GLN	1, 545	545	SER	1, 596	596	nuc	nuc	1
TYR	1, 548	548	SER	1, 596	596	nuc	nuc	0.98
GLY	1, 549	549	SER	1, 596	596	nuc	nuc	1
THR	1, 594	594	SER	1, 596	596	nuc	nuc	1
LEU	1, 595	595	SER	1, 596	596	nuc	nuc	1
THR	1, 249	249	TYR	1, 597	597	nuc	nuc	0.94
GLY	1, 252	252	TYR	1, 597	597	nuc	nuc	0.99
PRO	1, 254	254	TYR	1, 597	597	nuc	nuc	1
CYS	1, 255	255	TYR	1, 597	597	nuc	nuc	0.57
LEU	1, 595	595	TYR	1, 597	597	nuc	nuc	0.99
SER	1, 596	596	TYR	1, 597	597	nuc	nuc	1
THR	1, 249	249	VAL	1, 598	598	nuc	nuc	1
LEU	1, 541	541	VAL	1, 598	598	nuc	nuc	1
LEU	1, 544	544	VAL	1, 598	598	nuc	nuc	0.99
GLN	1, 545	545	VAL	1, 598	598	nuc	nuc	1
SER	1, 596	596	VAL	1, 598	598	nuc	nuc	1
TYR	1, 597	597	VAL	1, 598	598	nuc	nuc	1
TYR	1, 597	597	ASP	1, 599	599	nuc	nuc	0.96
VAL	1, 598	598	ASP	1, 599	599	nuc	nuc	1
THR	1, 249	249	VAL	1, 600	600	nuc	nuc	0.78
ARG	1, 250	250	VAL	1, 600	600	nuc	nuc	1
LEU	1, 541	541	VAL	1, 600	600	nuc	nuc	0.74
VAL	1, 598	598	VAL	1, 600	600	nuc	nuc	0.99
ASP	1, 599	599	VAL	1, 600	600	nuc	nuc	1
ASP	1, 599	599	LYS	1, 601	601	nuc	nuc	1
VAL	1, 600	600	LYS	1, 601	601	nuc	nuc	1
ASP	1, 599	599	SER	1, 602	602	nuc	nuc	0.99
LYS	1, 601	601	SER	1, 602	602	nuc	nuc	1
SER	1, 508	508	GLY	1, 603	603	nuc	nuc	0.97
TYR	1, 511	511	GLY	1, 603	603	nuc	nuc	0.99
LEU	1, 544	544	GLY	1, 603	603	nuc	nuc	0.98
VAL	1, 598	598	GLY	1, 603	603	nuc	nuc	0.99
ASP	1, 599	599	GLY	1, 603	603	nuc	nuc	1
VAL	1, 600	600	GLY	1, 603	603	nuc	nuc	0.98
LYS	1, 601	601	GLY	1, 603	603	nuc	nuc	1
SER	1, 602	602	GLY	1, 603	603	nuc	nuc	1
VAL	1, 598	598	LYS	1, 604	604	nuc	nuc	0.99
ASP	1, 599	599	LYS	1, 604	604	nuc	nuc	1
SER	1, 602	602	LYS	1, 604	604	nuc	nuc	1
GLY	1, 603	603	LYS	1, 604	604	nuc	nuc	1
LEU	1, 544	544	VAL	1, 605	605	nuc	nuc	1
GLN	1, 545	545	VAL	1, 605	605	nuc	nuc	0.99
TYR	1, 548	548	VAL	1, 605	605	nuc	nuc	1
GLY	1, 549	549	VAL	1, 605	605	nuc	nuc	0.85
SER	1, 596	596	VAL	1, 605	605	nuc	nuc	1
TYR	1, 597	597	VAL	1, 605	605	nuc	nuc	0.99
VAL	1, 598	598	VAL	1, 605	605	nuc	nuc	1
GLY	1, 603	603	VAL	1, 605	605	nuc	nuc	1
LYS	1, 604	604	VAL	1, 605	605	nuc	nuc	1
SER	1, 596	596	THR	1, 606	606	nuc	nuc	0.95
TYR	1, 597	597	THR	1, 606	606	nuc	nuc	1
VAL	1, 598	598	THR	1, 606	606	nuc	nuc	0.87
ASP	1, 599	599	THR	1, 606	606	nuc	nuc	0.89
LYS	1, 604	604	THR	1, 606	606	nuc	nuc	1
VAL	1, 605	605	THR	1, 606	606	nuc	nuc	1
TYR	1, 548	548	LEU	1, 607	607	nuc	nuc	0.98
GLY	1, 549	549	LEU	1, 607	607	nuc	nuc	0.99
ALA	1, 552	552	LEU	1, 607	607	nuc	nuc	0.99
THR	1, 594	594	LEU	1, 607	607	nuc	nuc	1
LEU	1, 595	595	LEU	1, 607	607	nuc	nuc	0.99
SER	1, 596	596	LEU	1, 607	607	nuc	nuc	1
TYR	1, 597	597	LEU	1, 607	607	nuc	nuc	0.79
VAL	1, 605	605	LEU	1, 607	607	nuc	nuc	1
THR	1, 606	606	LEU	1, 607	607	nuc	nuc	1
PRO	1, 254	254	LYS	1, 608	608	nuc	nuc	0.93
HIS	1, 392	392	LYS	1, 608	608	nuc	nuc	0.97
LEU	1, 595	595	LYS	1, 608	608	nuc	nuc	1
SER	1, 596	596	LYS	1, 608	608	nuc	nuc	0.51
TYR	1, 597	597	LYS	1, 608	608	nuc	nuc	0.93
THR	1, 606	606	LYS	1, 608	608	nuc	nuc	1
LEU	1, 607	607	LYS	1, 608	608	nuc	nuc	1
PHE	1, 586	586	TYR	1, 609	609	nuc	nuc	0.74
LYS	1, 592	592	TYR	1, 609	609	nuc	nuc	1
HIS	1, 593	593	TYR	1, 609	609	nuc	nuc	0.99
THR	1, 594	594	TYR	1, 609	609	nuc	nuc	1
LEU	1, 595	595	TYR	1, 609	609	nuc	nuc	1
LEU	1, 607	607	TYR	1, 609	609	nuc	nuc	0.98
LYS	1, 608	608	TYR	1, 609	609	nuc	nuc	1
GLN	1, 256	256	ARG	1, 610	610	nuc	nuc	0.81
PRO	1, 382	382	ARG	1, 610	610	nuc	nuc	0.75
HIS	1, 392	392	ARG	1, 610	610	nuc	nuc	0.98
ASP	1, 397	397	ARG	1, 610	610	nuc	nuc	0.8
LYS	1, 592	592	ARG	1, 610	610	nuc	nuc	0.99
HIS	1, 593	593	ARG	1, 610	610	nuc	nuc	1
LEU	1, 595	595	ARG	1, 610	610	nuc	nuc	1
LYS	1, 608	608	ARG	1, 610	610	nuc	nuc	0.98
TYR	1, 609	609	ARG	1, 610	610	nuc	nuc	1
PHE	1, 586	586	PRO	1, 611	611	nuc	nuc	0.94
LYS	1, 592	592	PRO	1, 611	611	nuc	nuc	1
HIS	1, 593	593	PRO	1, 611	611	nuc	nuc	0.95
TYR	1, 609	609	PRO	1, 611	611	nuc	nuc	0.68
ARG	1, 610	610	PRO	1, 611	611	nuc	nuc	1
TRP	1, 100	100	VAL	1, 612	612	nuc	nuc	0.94
LEU	1, 101	101	VAL	1, 612	612	nuc	nuc	1
GLY	1, 102	102	VAL	1, 612	612	nuc	nuc	1
ASP	1, 103	103	VAL	1, 612	612	nuc	nuc	1
ARG	1, 591	591	VAL	1, 612	612	nuc	nuc	1
LYS	1, 592	592	VAL	1, 612	612	nuc	nuc	0.99
HIS	1, 593	593	VAL	1, 612	612	nuc	nuc	1
PRO	1, 611	611	VAL	1, 612	612	nuc	nuc	1
GLY	1, 102	102	ILE	1, 613	613	nuc	nuc	0.57
ASP	1, 103	103	ILE	1, 613	613	nuc	nuc	1
GLN	1, 104	104	ILE	1, 613	613	nuc	nuc	1
ASP	1, 105	105	ILE	1, 613	613	nuc	nuc	1
ALA	1, 106	106	ILE	1, 613	613	nuc	nuc	0.83
PRO	1, 611	611	ILE	1, 613	613	nuc	nuc	0.98
VAL	1, 612	612	ILE	1, 613	613	nuc	nuc	1
GLN	1, 104	104	ASP	1, 614	614	nuc	nuc	1
VAL	1, 612	612	ASP	1, 614	614	nuc	nuc	1
ILE	1, 613	613	ASP	1, 614	614	nuc	nuc	1
GLN	1, 104	104	ARG	1, 615	615	nuc	nuc	0.99
ASP	1, 105	105	ARG	1, 615	615	nuc	nuc	0.99
ILE	1, 613	613	ARG	1, 615	615	nuc	nuc	1
ASP	1, 614	614	ARG	1, 615	615	nuc	nuc	1
GLN	1, 104	104	THR	1, 616	616	nuc	nuc	1
ASP	1, 105	105	THR	1, 616	616	nuc	nuc	0.99
HIS	1, 108	108	THR	1, 616	616	nuc	nuc	1
ARG	1, 615	615	THR	1, 616	616	nuc	nuc	1
ASP	1, 105	105	LEU	1, 617	617	nuc	nuc	1
HIS	1, 108	108	LEU	1, 617	617	nuc	nuc	1
TYR	1, 109	109	LEU	1, 617	617	nuc	nuc	0.98
TYR	1, 385	385	LEU	1, 617	617	nuc	nuc	0.85
THR	1, 616	616	LEU	1, 617	617	nuc	nuc	1
HIS	1, 108	108	ASN	1, 618	618	nuc	nuc	0.7
THR	1, 616	616	ASN	1, 618	618	nuc	nuc	0.99
LEU	1, 617	617	ASN	1, 618	618	nuc	nuc	1
ARG	1, 615	615	GLU	1, 619	619	nuc	nuc	0.88
THR	1, 616	616	GLU	1, 619	619	nuc	nuc	0.97
ASN	1, 618	618	GLU	1, 619	619	nuc	nuc	1
ASN	1, 618	618	GLU	1, 620	620	nuc	nuc	0.99
GLU	1, 619	619	GLU	1, 620	620	nuc	nuc	1
THR	1, 616	616	ASP	1, 621	621	nuc	nuc	0.62
LEU	1, 617	617	ASP	1, 621	621	nuc	nuc	0.57
ASN	1, 618	618	ASP	1, 621	621	nuc	nuc	0.99
GLU	1, 619	619	ASP	1, 621	621	nuc	nuc	0.85
GLU	1, 620	620	ASP	1, 621	621	nuc	nuc	1
ARG	1, 88	88	CYS	1, 622	622	nuc	nuc	0.99
PHE	1, 91	91	CYS	1, 622	622	nuc	nuc	0.98
HIS	1, 108	108	CYS	1, 622	622	nuc	nuc	0.98
GLU	1, 112	112	CYS	1, 622	622	nuc	nuc	0.77
THR	1, 616	616	CYS	1, 622	622	nuc	nuc	0.99
LEU	1, 617	617	CYS	1, 622	622	nuc	nuc	0.79
ASN	1, 618	618	CYS	1, 622	622	nuc	nuc	0.95
GLU	1, 619	619	CYS	1, 622	622	nuc	nuc	0.9
ASP	1, 621	621	CYS	1, 622	622	nuc	nuc	1
THR	1, 616	616	SER	1, 623	623	nuc	nuc	0.96
GLU	1, 619	619	SER	1, 623	623	nuc	nuc	0.97
CYS	1, 622	622	SER	1, 623	623	nuc	nuc	1
GLN	1, 104	104	SER	1, 624	624	nuc	nuc	0.99
ASP	1, 614	614	SER	1, 624	624	nuc	nuc	0.99
ARG	1, 615	615	SER	1, 624	624	nuc	nuc	0.98
THR	1, 616	616	SER	1, 624	624	nuc	nuc	0.99
GLU	1, 619	619	SER	1, 624	624	nuc	nuc	0.94
SER	1, 623	623	SER	1, 624	624	nuc	nuc	1
PHE	1, 91	91	VAL	1, 625	625	nuc	nuc	0.72
TYR	1, 92	92	VAL	1, 625	625	nuc	nuc	1
VAL	1, 95	95	VAL	1, 625	625	nuc	nuc	1
LYS	1, 96	96	VAL	1, 625	625	nuc	nuc	0.95
TRP	1, 100	100	VAL	1, 625	625	nuc	nuc	0.53
GLN	1, 104	104	VAL	1, 625	625	nuc	nuc	0.97
SER	1, 623	623	VAL	1, 625	625	nuc	nuc	0.97
SER	1, 624	624	VAL	1, 625	625	nuc	nuc	1
TYR	1, 574	574	PRO	1, 626	626	nuc	nuc	0.74
SER	1, 624	624	PRO	1, 626	626	nuc	nuc	0.99
VAL	1, 625	625	PRO	1, 626	626	nuc	nuc	1
TRP	1, 100	100	PRO	1, 627	627	nuc	nuc	1
ASP	1, 570	570	PRO	1, 627	627	nuc	nuc	0.99
PHE	1, 572	572	PRO	1, 627	627	nuc	nuc	0.69
TYR	1, 574	574	PRO	1, 627	627	nuc	nuc	0.99
ARG	1, 591	591	PRO	1, 627	627	nuc	nuc	0.89
PRO	1, 626	626	PRO	1, 627	627	nuc	nuc	1
LYS	1, 96	96	ALA	1, 628	628	nuc	nuc	0.62
TYR	1, 574	574	ALA	1, 628	628	nuc	nuc	0.99
PRO	1, 626	626	ALA	1, 628	628	nuc	nuc	0.99
PRO	1, 627	627	ALA	1, 628	628	nuc	nuc	1
TYR	1, 574	574	ILE	1, 629	629	nuc	nuc	0.97
SER	1, 575	575	ILE	1, 629	629	nuc	nuc	0.98
ALA	1, 628	628	ILE	1, 629	629	nuc	nuc	1
LYS	1, 96	96	ARG	1, 630	630	nuc	nuc	0.88
GLY	1, 97	97	ARG	1, 630	630	nuc	nuc	0.69
ASP	1, 99	99	ARG	1, 630	630	nuc	nuc	0.98
GLY	1, 558	558	ARG	1, 630	630	nuc	nuc	0.59
ARG	1, 568	568	ARG	1, 630	630	nuc	nuc	0.81
ALA	1, 628	628	ARG	1, 630	630	nuc	nuc	0.93
ILE	1, 629	629	ARG	1, 630	630	nuc	nuc	1
ALA	1, 299	299	SER	1, 631	631	nuc	nuc	0.58
ILE	1, 629	629	SER	1, 631	631	nuc	nuc	0.99
ARG	1, 630	630	SER	1, 631	631	nuc	nuc	1
GLY	1, 143	143	TYR	1, 632	632	nuc	nuc	0.92
ALA	1, 299	299	TYR	1, 632	632	nuc	nuc	0.97
VAL	1, 301	301	TYR	1, 632	632	nuc	nuc	0.9
ALA	1, 302	302	TYR	1, 632	632	nuc	nuc	0.96
ALA	1, 306	306	TYR	1, 632	632	nuc	nuc	0.97
SER	1, 307	307	TYR	1, 632	632	nuc	nuc	0.98
VAL	1, 310	310	TYR	1, 632	632	nuc	nuc	0.97
ARG	1, 630	630	TYR	1, 632	632	nuc	nuc	0.75
SER	1, 631	631	TYR	1, 632	632	nuc	nuc	1
ALA	2, 1	633	GLN	2, 2	634	nuc	nuc	1
ALA	2, 1	633	THR	2, 3	635	nuc	nuc	0.8
GLN	2, 2	634	THR	2, 3	635	nuc	nuc	1
GLN	2, 2	634	ALA	2, 4	636	nuc	nuc	0.77
THR	2, 3	635	ALA	2, 4	636	nuc	nuc	1
THR	2, 3	635	ALA	2, 5	637	nuc	nuc	0.84
ALA	2, 4	636	ALA	2, 5	637	nuc	nuc	1
ALA	2, 4	636	ALA	2, 6	638	nuc	nuc	0.81
ALA	2, 5	637	ALA	2, 6	638	nuc	nuc	1
ALA	2, 5	637	ALA	2, 7	639	nuc	nuc	0.82
ALA	2, 6	638	ALA	2, 7	639	nuc	nuc	1
ALA	2, 6	638	THR	2, 8	640	nuc	nuc	0.74
ALA	2, 7	639	THR	2, 8	640	nuc	nuc	1
ALA	2, 7	639	SER	2, 9	641	nuc	nuc	0.65
THR	2, 8	640	SER	2, 9	641	nuc	nuc	1
THR	2, 8	640	ARG	2, 10	642	nuc	nuc	0.78
SER	2, 9	641	ARG	2, 10	642	nuc	nuc	1
SER	2, 9	641	ILE	2, 11	643	nuc	nuc	0.96
ARG	2, 10	642	ILE	2, 11	643	nuc	nuc	1
ARG	2, 10	642	LYS	2, 12	644	nuc	nuc	0.99
ILE	2, 11	643	LYS	2, 12	644	nuc	nuc	1
ILE	2, 11	643	LYS	2, 13	645	nuc	nuc	0.98
LYS	2, 12	644	LYS	2, 13	645	nuc	nuc	1
LYS	2, 12	644	PHE	2, 14	646	nuc	nuc	1
LYS	2, 13	645	PHE	2, 14	646	nuc	nuc	1
LYS	2, 13	645	SER	2, 15	647	nuc	nuc	0.99
PHE	2, 14	646	SER	2, 15	647	nuc	nuc	1
PHE	2, 14	646	ILE	2, 16	648	nuc	nuc	1
SER	2, 15	647	ILE	2, 16	648	nuc	nuc	1
ILE	2, 16	648	TYR	2, 17	649	nuc	nuc	1
ILE	2, 16	648	ARG	2, 18	650	nuc	nuc	1
TYR	2, 17	649	ARG	2, 18	650	nuc	nuc	1
TYR	2, 17	649	TRP	2, 19	651	nuc	nuc	1
ARG	2, 18	650	TRP	2, 19	651	nuc	nuc	1
GLY	1, 523	523	ASP	2, 20	652	nuc	nuc	0.66
ARG	2, 18	650	ASP	2, 20	652	nuc	nuc	0.99
TRP	2, 19	651	ASP	2, 20	652	nuc	nuc	1
VAL	1, 525	525	PRO	2, 21	653	nuc	nuc	0.99
TRP	2, 19	651	PRO	2, 21	653	nuc	nuc	1
ASP	2, 20	652	PRO	2, 21	653	nuc	nuc	1
ARG	1, 522	522	ASP	2, 22	654	nuc	nuc	0.79
GLY	1, 523	523	ASP	2, 22	654	nuc	nuc	0.99
ILE	1, 524	524	ASP	2, 22	654	nuc	nuc	0.95
VAL	1, 525	525	ASP	2, 22	654	nuc	nuc	0.98
ASP	2, 20	652	ASP	2, 22	654	nuc	nuc	1
PRO	2, 21	653	ASP	2, 22	654	nuc	nuc	1
ASP	2, 20	652	LYS	2, 23	655	nuc	nuc	0.99
PRO	2, 21	653	LYS	2, 23	655	nuc	nuc	0.94
ASP	2, 22	654	LYS	2, 23	655	nuc	nuc	1
LYS	2, 23	655	PRO	2, 24	656	nuc	nuc	1
LYS	2, 23	655	GLY	2, 25	657	nuc	nuc	1
PRO	2, 24	656	GLY	2, 25	657	nuc	nuc	1
TRP	2, 19	651	ASP	2, 26	658	nuc	nuc	0.97
ASP	2, 20	652	ASP	2, 26	658	nuc	nuc	0.97
PRO	2, 21	653	ASP	2, 26	658	nuc	nuc	0.72
LYS	2, 23	655	ASP	2, 26	658	nuc	nuc	0.99
PRO	2, 24	656	ASP	2, 26	658	nuc	nuc	0.96
GLY	2, 25	657	ASP	2, 26	658	nuc	nuc	1
TRP	2, 19	651	LYS	2, 27	659	nuc	nuc	0.87
GLY	2, 25	657	LYS	2, 27	659	nuc	nuc	0.99
ASP	2, 26	658	LYS	2, 27	659	nuc	nuc	1
TYR	2, 17	649	PRO	2, 28	660	nuc	nuc	0.99
ARG	2, 18	650	PRO	2, 28	660	nuc	nuc	0.96
TRP	2, 19	651	PRO	2, 28	660	nuc	nuc	1
LYS	2, 27	659	PRO	2, 28	660	nuc	nuc	1
TYR	2, 17	649	ARG	2, 29	661	nuc	nuc	0.57
ARG	2, 18	650	ARG	2, 29	661	nuc	nuc	1
TRP	2, 19	651	ARG	2, 29	661	nuc	nuc	0.96
LYS	2, 27	659	ARG	2, 29	661	nuc	nuc	1
PRO	2, 28	660	ARG	2, 29	661	nuc	nuc	1
SER	2, 15	647	MET	2, 30	662	nuc	nuc	1
ILE	2, 16	648	MET	2, 30	662	nuc	nuc	0.99
TYR	2, 17	649	MET	2, 30	662	nuc	nuc	1
ARG	2, 18	650	MET	2, 30	662	nuc	nuc	0.99
ARG	2, 29	661	MET	2, 30	662	nuc	nuc	1
SER	2, 15	647	GLN	2, 31	663	nuc	nuc	0.99
ILE	2, 16	648	GLN	2, 31	663	nuc	nuc	1
ARG	2, 18	650	GLN	2, 31	663	nuc	nuc	1
ARG	2, 29	661	GLN	2, 31	663	nuc	nuc	1
MET	2, 30	662	GLN	2, 31	663	nuc	nuc	1
LYS	2, 13	645	THR	2, 32	664	nuc	nuc	1
PHE	2, 14	646	THR	2, 32	664	nuc	nuc	0.99
SER	2, 15	647	THR	2, 32	664	nuc	nuc	1
ILE	2, 16	648	THR	2, 32	664	nuc	nuc	0.73
MET	2, 30	662	THR	2, 32	664	nuc	nuc	0.99
GLN	2, 31	663	THR	2, 32	664	nuc	nuc	1
LYS	2, 13	645	TYR	2, 33	665	nuc	nuc	0.97
PHE	2, 14	646	TYR	2, 33	665	nuc	nuc	1
ILE	2, 16	648	TYR	2, 33	665	nuc	nuc	0.99
GLN	2, 31	663	TYR	2, 33	665	nuc	nuc	1
THR	2, 32	664	TYR	2, 33	665	nuc	nuc	1
ILE	2, 11	643	GLU	2, 34	666	nuc	nuc	1
LYS	2, 12	644	GLU	2, 34	666	nuc	nuc	0.97
LYS	2, 13	645	GLU	2, 34	666	nuc	nuc	1
PHE	2, 14	646	GLU	2, 34	666	nuc	nuc	0.68
THR	2, 32	664	GLU	2, 34	666	nuc	nuc	0.98
TYR	2, 33	665	GLU	2, 34	666	nuc	nuc	1
ILE	2, 11	643	VAL	2, 35	667	nuc	nuc	0.98
LYS	2, 12	644	VAL	2, 35	667	nuc	nuc	0.99
PHE	2, 14	646	VAL	2, 35	667	nuc	nuc	0.99
TYR	2, 33	665	VAL	2, 35	667	nuc	nuc	1
GLU	2, 34	666	VAL	2, 35	667	nuc	nuc	1
SER	2, 9	641	ASP	2, 36	668	nuc	nuc	0.94
ARG	2, 10	642	ASP	2, 36	668	nuc	nuc	0.99
ILE	2, 11	643	ASP	2, 36	668	nuc	nuc	1
LYS	2, 12	644	ASP	2, 36	668	nuc	nuc	0.58
GLU	2, 34	666	ASP	2, 36	668	nuc	nuc	0.61
VAL	2, 35	667	ASP	2, 36	668	nuc	nuc	1
ARG	2, 10	642	LEU	2, 37	669	nuc	nuc	0.99
ILE	2, 11	643	LEU	2, 37	669	nuc	nuc	0.8
LYS	2, 12	644	LEU	2, 37	669	nuc	nuc	0.99
VAL	2, 35	667	LEU	2, 37	669	nuc	nuc	0.99
ASP	2, 36	668	LEU	2, 37	669	nuc	nuc	1
SER	2, 9	641	ASN	2, 38	670	nuc	nuc	0.94
ARG	2, 10	642	ASN	2, 38	670	nuc	nuc	0.99
ASP	2, 36	668	ASN	2, 38	670	nuc	nuc	1
LEU	2, 37	669	ASN	2, 38	670	nuc	nuc	1
ASP	2, 36	668	LYS	2, 39	671	nuc	nuc	1
LEU	2, 37	669	LYS	2, 39	671	nuc	nuc	0.92
ASN	2, 38	670	LYS	2, 39	671	nuc	nuc	1
VAL	2, 35	667	CYS	2, 40	672	nuc	nuc	0.99
ASP	2, 36	668	CYS	2, 40	672	nuc	nuc	0.98
LEU	2, 37	669	CYS	2, 40	672	nuc	nuc	0.99
ASN	2, 38	670	CYS	2, 40	672	nuc	nuc	0.95
LYS	2, 39	671	CYS	2, 40	672	nuc	nuc	1
LEU	2, 37	669	GLY	2, 41	673	nuc	nuc	0.64
CYS	2, 40	672	GLY	2, 41	673	nuc	nuc	1
GLY	2, 41	673	PRO	2, 42	674	nuc	nuc	1
GLY	2, 41	673	MET	2, 43	675	nuc	nuc	1
PRO	2, 42	674	MET	2, 43	675	nuc	nuc	1
MET	2, 43	675	VAL	2, 44	676	nuc	nuc	1
MET	2, 43	675	LEU	2, 45	677	nuc	nuc	1
VAL	2, 44	676	LEU	2, 45	677	nuc	nuc	1
CYS	2, 40	672	ASP	2, 46	678	nuc	nuc	1
GLY	2, 41	673	ASP	2, 46	678	nuc	nuc	1
PRO	2, 42	674	ASP	2, 46	678	nuc	nuc	0.99
MET	2, 43	675	ASP	2, 46	678	nuc	nuc	1
VAL	2, 44	676	ASP	2, 46	678	nuc	nuc	1
LEU	2, 45	677	ASP	2, 46	678	nuc	nuc	1
LYS	2, 12	644	ALA	2, 47	679	nuc	nuc	0.87
PHE	2, 14	646	ALA	2, 47	679	nuc	nuc	1
VAL	2, 35	667	ALA	2, 47	679	nuc	nuc	1
CYS	2, 40	672	ALA	2, 47	679	nuc	nuc	0.99
GLY	2, 41	673	ALA	2, 47	679	nuc	nuc	0.95
MET	2, 43	675	ALA	2, 47	679	nuc	nuc	0.95
VAL	2, 44	676	ALA	2, 47	679	nuc	nuc	1
LEU	2, 45	677	ALA	2, 47	679	nuc	nuc	1
ASP	2, 46	678	ALA	2, 47	679	nuc	nuc	1
ILE	2, 16	648	LEU	2, 48	680	nuc	nuc	0.52
VAL	2, 44	676	LEU	2, 48	680	nuc	nuc	1
LEU	2, 45	677	LEU	2, 48	680	nuc	nuc	1
ASP	2, 46	678	LEU	2, 48	680	nuc	nuc	1
ALA	2, 47	679	LEU	2, 48	680	nuc	nuc	1
LEU	2, 45	677	ILE	2, 49	681	nuc	nuc	1
ASP	2, 46	678	ILE	2, 49	681	nuc	nuc	1
ALA	2, 47	679	ILE	2, 49	681	nuc	nuc	1
LEU	2, 48	680	ILE	2, 49	681	nuc	nuc	1
VAL	2, 35	667	LYS	2, 50	682	nuc	nuc	1
LYS	2, 39	671	LYS	2, 50	682	nuc	nuc	0.81
CYS	2, 40	672	LYS	2, 50	682	nuc	nuc	1
GLY	2, 41	673	LYS	2, 50	682	nuc	nuc	0.65
ASP	2, 46	678	LYS	2, 50	682	nuc	nuc	1
ALA	2, 47	679	LYS	2, 50	682	nuc	nuc	1
LEU	2, 48	680	LYS	2, 50	682	nuc	nuc	1
ILE	2, 49	681	LYS	2, 50	682	nuc	nuc	1
PHE	2, 14	646	ILE	2, 51	683	nuc	nuc	0.98
ILE	2, 16	648	ILE	2, 51	683	nuc	nuc	0.7
TYR	2, 33	665	ILE	2, 51	683	nuc	nuc	1
VAL	2, 35	667	ILE	2, 51	683	nuc	nuc	0.99
ALA	2, 47	679	ILE	2, 51	683	nuc	nuc	1
LEU	2, 48	680	ILE	2, 51	683	nuc	nuc	1
ILE	2, 49	681	ILE	2, 51	683	nuc	nuc	1
LYS	2, 50	682	ILE	2, 51	683	nuc	nuc	1
SER	1, 477	477	LYS	2, 52	684	nuc	nuc	0.71
LEU	2, 48	680	LYS	2, 52	684	nuc	nuc	1
ILE	2, 49	681	LYS	2, 52	684	nuc	nuc	1
LYS	2, 50	682	LYS	2, 52	684	nuc	nuc	1
ILE	2, 51	683	LYS	2, 52	684	nuc	nuc	1
ARG	1, 475	475	ASN	2, 53	685	nuc	nuc	0.74
SER	1, 477	477	ASN	2, 53	685	nuc	nuc	1
ILE	2, 49	681	ASN	2, 53	685	nuc	nuc	1
LYS	2, 50	682	ASN	2, 53	685	nuc	nuc	1
ILE	2, 51	683	ASN	2, 53	685	nuc	nuc	0.97
LYS	2, 52	684	ASN	2, 53	685	nuc	nuc	1
SER	1, 477	477	GLU	2, 54	686	nuc	nuc	0.94
LYS	2, 50	682	GLU	2, 54	686	nuc	nuc	1
ILE	2, 51	683	GLU	2, 54	686	nuc	nuc	0.99
ASN	2, 53	685	GLU	2, 54	686	nuc	nuc	1
TYR	2, 33	665	LEU	2, 55	687	nuc	nuc	0.99
LYS	2, 50	682	LEU	2, 55	687	nuc	nuc	0.76
ILE	2, 51	683	LEU	2, 55	687	nuc	nuc	1
LYS	2, 52	684	LEU	2, 55	687	nuc	nuc	0.82
GLU	2, 54	686	LEU	2, 55	687	nuc	nuc	1
PHE	1, 520	520	ASP	2, 56	688	nuc	nuc	0.88
TYR	2, 33	665	ASP	2, 56	688	nuc	nuc	0.95
ILE	2, 51	683	ASP	2, 56	688	nuc	nuc	0.99
LYS	2, 52	684	ASP	2, 56	688	nuc	nuc	0.98
LEU	2, 55	687	ASP	2, 56	688	nuc	nuc	1
ARG	1, 475	475	SER	2, 57	689	nuc	nuc	0.89
THR	1, 476	476	SER	2, 57	689	nuc	nuc	0.9
SER	1, 477	477	SER	2, 57	689	nuc	nuc	0.85
THR	1, 519	519	SER	2, 57	689	nuc	nuc	0.94
PHE	1, 520	520	SER	2, 57	689	nuc	nuc	1
ASP	1, 521	521	SER	2, 57	689	nuc	nuc	0.98
ASP	1, 529	529	SER	2, 57	689	nuc	nuc	1
LYS	2, 52	684	SER	2, 57	689	nuc	nuc	1
ASN	2, 53	685	SER	2, 57	689	nuc	nuc	0.96
ASP	2, 56	688	SER	2, 57	689	nuc	nuc	1
PHE	1, 520	520	THR	2, 58	690	nuc	nuc	0.99
ASP	1, 521	521	THR	2, 58	690	nuc	nuc	1
ASP	1, 529	529	THR	2, 58	690	nuc	nuc	0.97
ASP	2, 20	652	THR	2, 58	690	nuc	nuc	0.87
ASP	2, 56	688	THR	2, 58	690	nuc	nuc	1
SER	2, 57	689	THR	2, 58	690	nuc	nuc	1
ILE	2, 16	648	LEU	2, 59	691	nuc	nuc	0.99
ARG	2, 18	650	LEU	2, 59	691	nuc	nuc	0.82
LEU	2, 48	680	LEU	2, 59	691	nuc	nuc	0.98
ILE	2, 51	683	LEU	2, 59	691	nuc	nuc	1
LYS	2, 52	684	LEU	2, 59	691	nuc	nuc	1
ASP	2, 56	688	LEU	2, 59	691	nuc	nuc	1
SER	2, 57	689	LEU	2, 59	691	nuc	nuc	0.99
THR	2, 58	690	LEU	2, 59	691	nuc	nuc	1
ASP	1, 521	521	THR	2, 60	692	nuc	nuc	0.55
TRP	1, 526	526	THR	2, 60	692	nuc	nuc	1
ASN	1, 527	527	THR	2, 60	692	nuc	nuc	0.77
THR	1, 528	528	THR	2, 60	692	nuc	nuc	1
THR	2, 58	690	THR	2, 60	692	nuc	nuc	0.99
LEU	2, 59	691	THR	2, 60	692	nuc	nuc	1
THR	1, 528	528	PHE	2, 61	693	nuc	nuc	0.71
LEU	2, 48	680	PHE	2, 61	693	nuc	nuc	1
LYS	2, 52	684	PHE	2, 61	693	nuc	nuc	0.59
LEU	2, 59	691	PHE	2, 61	693	nuc	nuc	1
THR	2, 60	692	PHE	2, 61	693	nuc	nuc	1
ARG	1, 65	65	ARG	2, 62	694	nuc	nuc	0.54
PHE	2, 61	693	ARG	2, 62	694	nuc	nuc	1
HIS	1, 238	238	ARG	2, 63	695	nuc	nuc	1
LEU	2, 45	677	ARG	2, 63	695	nuc	nuc	0.99
LEU	2, 48	680	ARG	2, 63	695	nuc	nuc	0.6
ILE	2, 49	681	ARG	2, 63	695	nuc	nuc	0.94
PHE	2, 61	693	ARG	2, 63	695	nuc	nuc	1
ARG	2, 62	694	ARG	2, 63	695	nuc	nuc	1
LEU	1, 61	61	SER	2, 64	696	nuc	nuc	0.99
ARG	1, 65	65	SER	2, 64	696	nuc	nuc	1
HIS	1, 67	67	SER	2, 64	696	nuc	nuc	0.83
ALA	1, 237	237	SER	2, 64	696	nuc	nuc	1
HIS	1, 238	238	SER	2, 64	696	nuc	nuc	0.99
THR	1, 239	239	SER	2, 64	696	nuc	nuc	1
ARG	2, 62	694	SER	2, 64	696	nuc	nuc	0.98
ARG	2, 63	695	SER	2, 64	696	nuc	nuc	1
ARG	1, 65	65	CYS	2, 65	697	nuc	nuc	0.78
HIS	1, 67	67	CYS	2, 65	697	nuc	nuc	0.9
VAL	1, 69	69	CYS	2, 65	697	nuc	nuc	0.96
ALA	1, 70	70	CYS	2, 65	697	nuc	nuc	0.99
ALA	1, 237	237	CYS	2, 65	697	nuc	nuc	1
HIS	1, 238	238	CYS	2, 65	697	nuc	nuc	0.54
SER	2, 64	696	CYS	2, 65	697	nuc	nuc	1
ALA	1, 237	237	ARG	2, 66	698	nuc	nuc	0.96
HIS	1, 238	238	ARG	2, 66	698	nuc	nuc	0.98
ALA	1, 271	271	ARG	2, 66	698	nuc	nuc	0.69
CYS	1, 273	273	ARG	2, 66	698	nuc	nuc	0.67
MET	2, 43	675	ARG	2, 66	698	nuc	nuc	0.53
LEU	2, 45	677	ARG	2, 66	698	nuc	nuc	0.97
ARG	2, 63	695	ARG	2, 66	698	nuc	nuc	0.95
SER	2, 64	696	ARG	2, 66	698	nuc	nuc	0.91
CYS	2, 65	697	ARG	2, 66	698	nuc	nuc	1
ALA	1, 70	70	GLU	2, 67	699	nuc	nuc	0.99
ALA	1, 271	271	GLU	2, 67	699	nuc	nuc	0.55
CYS	1, 273	273	GLU	2, 67	699	nuc	nuc	1
LEU	1, 274	274	GLU	2, 67	699	nuc	nuc	0.76
THR	1, 354	354	GLU	2, 67	699	nuc	nuc	0.98
PHE	1, 358	358	GLU	2, 67	699	nuc	nuc	0.73
CYS	2, 65	697	GLU	2, 67	699	nuc	nuc	1
ARG	2, 66	698	GLU	2, 67	699	nuc	nuc	1
CYS	2, 65	697	GLY	2, 68	700	nuc	nuc	1
ARG	2, 66	698	GLY	2, 68	700	nuc	nuc	0.99
GLU	2, 67	699	GLY	2, 68	700	nuc	nuc	1
VAL	1, 69	69	ILE	2, 69	701	nuc	nuc	1
ALA	1, 70	70	ILE	2, 69	701	nuc	nuc	1
ARG	1, 163	163	ILE	2, 69	701	nuc	nuc	0.63
HIS	1, 166	166	ILE	2, 69	701	nuc	nuc	0.99
CYS	2, 65	697	ILE	2, 69	701	nuc	nuc	0.99
GLU	2, 67	699	ILE	2, 69	701	nuc	nuc	1
GLY	2, 68	700	ILE	2, 69	701	nuc	nuc	1
THR	1, 64	64	CYS	2, 70	702	nuc	nuc	0.87
ARG	1, 65	65	CYS	2, 70	702	nuc	nuc	1
SER	1, 66	66	CYS	2, 70	702	nuc	nuc	0.55
VAL	1, 69	69	CYS	2, 70	702	nuc	nuc	0.99
ALA	1, 70	70	CYS	2, 70	702	nuc	nuc	0.91
ALA	1, 237	237	CYS	2, 70	702	nuc	nuc	0.95
SER	2, 64	696	CYS	2, 70	702	nuc	nuc	1
CYS	2, 65	697	CYS	2, 70	702	nuc	nuc	1
GLY	2, 68	700	CYS	2, 70	702	nuc	nuc	1
ILE	2, 69	701	CYS	2, 70	702	nuc	nuc	1
ARG	1, 65	65	GLY	2, 71	703	nuc	nuc	0.99
SER	2, 64	696	GLY	2, 71	703	nuc	nuc	0.72
CYS	2, 65	697	GLY	2, 71	703	nuc	nuc	0.85
GLY	2, 68	700	GLY	2, 71	703	nuc	nuc	0.99
ILE	2, 69	701	GLY	2, 71	703	nuc	nuc	0.99
CYS	2, 70	702	GLY	2, 71	703	nuc	nuc	1
LEU	1, 61	61	SER	2, 72	704	nuc	nuc	0.91
PHE	1, 62	62	SER	2, 72	704	nuc	nuc	0.76
ARG	1, 65	65	SER	2, 72	704	nuc	nuc	1
ARG	2, 62	694	SER	2, 72	704	nuc	nuc	1
ARG	2, 63	695	SER	2, 72	704	nuc	nuc	1
SER	2, 64	696	SER	2, 72	704	nuc	nuc	1
CYS	2, 65	697	SER	2, 72	704	nuc	nuc	0.94
CYS	2, 70	702	SER	2, 72	704	nuc	nuc	1
GLY	2, 71	703	SER	2, 72	704	nuc	nuc	1
LEU	2, 45	677	CYS	2, 73	705	nuc	nuc	0.99
PHE	2, 61	693	CYS	2, 73	705	nuc	nuc	0.9
ARG	2, 62	694	CYS	2, 73	705	nuc	nuc	0.98
ARG	2, 63	695	CYS	2, 73	705	nuc	nuc	0.98
SER	2, 64	696	CYS	2, 73	705	nuc	nuc	0.73
ARG	2, 66	698	CYS	2, 73	705	nuc	nuc	0.55
GLY	2, 68	700	CYS	2, 73	705	nuc	nuc	0.67
CYS	2, 70	702	CYS	2, 73	705	nuc	nuc	0.62
GLY	2, 71	703	CYS	2, 73	705	nuc	nuc	1
SER	2, 72	704	CYS	2, 73	705	nuc	nuc	1
GLY	2, 71	703	ALA	2, 74	706	nuc	nuc	1
SER	2, 72	704	ALA	2, 74	706	nuc	nuc	0.99
CYS	2, 73	705	ALA	2, 74	706	nuc	nuc	1
PHE	2, 61	693	MET	2, 75	707	nuc	nuc	0.98
CYS	2, 73	705	MET	2, 75	707	nuc	nuc	1
ALA	2, 74	706	MET	2, 75	707	nuc	nuc	1
MET	2, 75	707	ASN	2, 76	708	nuc	nuc	1
VAL	2, 44	676	ILE	2, 77	709	nuc	nuc	1
MET	2, 75	707	ILE	2, 77	709	nuc	nuc	1
ASN	2, 76	708	ILE	2, 77	709	nuc	nuc	1
ILE	2, 77	709	ALA	2, 78	710	nuc	nuc	1
ASN	2, 76	708	GLY	2, 79	711	nuc	nuc	1
ILE	2, 77	709	GLY	2, 79	711	nuc	nuc	1
ALA	2, 78	710	GLY	2, 79	711	nuc	nuc	1
ASN	2, 76	708	GLY	2, 80	712	nuc	nuc	1
ILE	2, 77	709	GLY	2, 80	712	nuc	nuc	1
ALA	2, 78	710	GLY	2, 80	712	nuc	nuc	1
GLY	2, 79	711	GLY	2, 80	712	nuc	nuc	1
ALA	2, 74	706	ASN	2, 81	713	nuc	nuc	0.99
MET	2, 75	707	ASN	2, 81	713	nuc	nuc	0.98
ASN	2, 76	708	ASN	2, 81	713	nuc	nuc	1
ILE	2, 77	709	ASN	2, 81	713	nuc	nuc	0.53
GLY	2, 79	711	ASN	2, 81	713	nuc	nuc	0.69
GLY	2, 80	712	ASN	2, 81	713	nuc	nuc	1
ALA	2, 74	706	THR	2, 82	714	nuc	nuc	0.94
MET	2, 75	707	THR	2, 82	714	nuc	nuc	0.86
ILE	2, 77	709	THR	2, 82	714	nuc	nuc	1
GLY	2, 80	712	THR	2, 82	714	nuc	nuc	1
ASN	2, 81	713	THR	2, 82	714	nuc	nuc	1
GLY	2, 68	700	LEU	2, 83	715	nuc	nuc	1
GLY	2, 71	703	LEU	2, 83	715	nuc	nuc	1
CYS	2, 73	705	LEU	2, 83	715	nuc	nuc	1
ALA	2, 74	706	LEU	2, 83	715	nuc	nuc	1
THR	2, 82	714	LEU	2, 83	715	nuc	nuc	1
MET	2, 43	675	ALA	2, 84	716	nuc	nuc	0.98
VAL	2, 44	676	ALA	2, 84	716	nuc	nuc	1
LEU	2, 45	677	ALA	2, 84	716	nuc	nuc	1
LEU	2, 48	680	ALA	2, 84	716	nuc	nuc	1
PHE	2, 61	693	ALA	2, 84	716	nuc	nuc	0.8
ARG	2, 63	695	ALA	2, 84	716	nuc	nuc	0.74
CYS	2, 73	705	ALA	2, 84	716	nuc	nuc	1
ALA	2, 74	706	ALA	2, 84	716	nuc	nuc	0.69
MET	2, 75	707	ALA	2, 84	716	nuc	nuc	1
ILE	2, 77	709	ALA	2, 84	716	nuc	nuc	0.99
THR	2, 82	714	ALA	2, 84	716	nuc	nuc	0.97
LEU	2, 83	715	ALA	2, 84	716	nuc	nuc	1
MET	2, 43	675	CYS	2, 85	717	nuc	nuc	0.99
VAL	2, 44	676	CYS	2, 85	717	nuc	nuc	0.57
LEU	2, 45	677	CYS	2, 85	717	nuc	nuc	1
ARG	2, 63	695	CYS	2, 85	717	nuc	nuc	0.87
CYS	2, 65	697	CYS	2, 85	717	nuc	nuc	0.96
ARG	2, 66	698	CYS	2, 85	717	nuc	nuc	0.99
GLU	2, 67	699	CYS	2, 85	717	nuc	nuc	0.99
GLY	2, 68	700	CYS	2, 85	717	nuc	nuc	1
CYS	2, 73	705	CYS	2, 85	717	nuc	nuc	1
LEU	2, 83	715	CYS	2, 85	717	nuc	nuc	1
ALA	2, 84	716	CYS	2, 85	717	nuc	nuc	1
ILE	1, 357	357	THR	2, 86	718	nuc	nuc	0.99
MET	2, 43	675	THR	2, 86	718	nuc	nuc	0.99
GLY	2, 68	700	THR	2, 86	718	nuc	nuc	1
THR	2, 82	714	THR	2, 86	718	nuc	nuc	0.98
LEU	2, 83	715	THR	2, 86	718	nuc	nuc	1
ALA	2, 84	716	THR	2, 86	718	nuc	nuc	0.85
CYS	2, 85	717	THR	2, 86	718	nuc	nuc	1
MET	2, 43	675	LYS	2, 87	719	nuc	nuc	0.99
VAL	2, 44	676	LYS	2, 87	719	nuc	nuc	1
LEU	2, 45	677	LYS	2, 87	719	nuc	nuc	0.59
ILE	2, 77	709	LYS	2, 87	719	nuc	nuc	1
THR	2, 82	714	LYS	2, 87	719	nuc	nuc	1
LEU	2, 83	715	LYS	2, 87	719	nuc	nuc	0.99
ALA	2, 84	716	LYS	2, 87	719	nuc	nuc	1
CYS	2, 85	717	LYS	2, 87	719	nuc	nuc	0.92
THR	2, 86	718	LYS	2, 87	719	nuc	nuc	1
PRO	2, 42	674	LYS	2, 88	720	nuc	nuc	1
MET	2, 43	675	LYS	2, 88	720	nuc	nuc	1
VAL	2, 44	676	LYS	2, 88	720	nuc	nuc	0.88
LYS	2, 87	719	LYS	2, 88	720	nuc	nuc	1
LYS	2, 12	644	ILE	2, 89	721	nuc	nuc	0.99
LEU	2, 37	669	ILE	2, 89	721	nuc	nuc	0.98
CYS	2, 40	672	ILE	2, 89	721	nuc	nuc	0.72
GLY	2, 41	673	ILE	2, 89	721	nuc	nuc	0.72
PRO	2, 42	674	ILE	2, 89	721	nuc	nuc	0.99
MET	2, 43	675	ILE	2, 89	721	nuc	nuc	1
VAL	2, 44	676	ILE	2, 89	721	nuc	nuc	1
ASP	2, 46	678	ILE	2, 89	721	nuc	nuc	0.61
ALA	2, 47	679	ILE	2, 89	721	nuc	nuc	1
LYS	2, 87	719	ILE	2, 89	721	nuc	nuc	0.82
LYS	2, 88	720	ILE	2, 89	721	nuc	nuc	1
LYS	2, 12	644	ASP	2, 90	722	nuc	nuc	0.59
ALA	2, 78	710	ASP	2, 90	722	nuc	nuc	0.94
LYS	2, 88	720	ASP	2, 90	722	nuc	nuc	0.94
ILE	2, 89	721	ASP	2, 90	722	nuc	nuc	1
LEU	2, 37	669	PRO	2, 91	723	nuc	nuc	0.82
ILE	2, 89	721	PRO	2, 91	723	nuc	nuc	0.99
ASP	2, 90	722	PRO	2, 91	723	nuc	nuc	1
ASP	2, 90	722	ASP	2, 92	724	nuc	nuc	1
PRO	2, 91	723	ASP	2, 92	724	nuc	nuc	1
ARG	2, 10	642	LEU	2, 93	725	nuc	nuc	0.97
ILE	2, 11	643	LEU	2, 93	725	nuc	nuc	0.97
LYS	2, 12	644	LEU	2, 93	725	nuc	nuc	0.99
PRO	2, 91	723	LEU	2, 93	725	nuc	nuc	0.9
ASP	2, 92	724	LEU	2, 93	725	nuc	nuc	1
ASP	2, 92	724	SER	2, 94	726	nuc	nuc	1
LEU	2, 93	725	SER	2, 94	726	nuc	nuc	1
ASP	2, 90	722	LYS	2, 95	727	nuc	nuc	0.98
ASP	2, 92	724	LYS	2, 95	727	nuc	nuc	0.99
LEU	2, 93	725	LYS	2, 95	727	nuc	nuc	0.9
SER	2, 94	726	LYS	2, 95	727	nuc	nuc	1
LYS	2, 13	645	THR	2, 96	728	nuc	nuc	1
PHE	2, 14	646	THR	2, 96	728	nuc	nuc	0.98
SER	2, 15	647	THR	2, 96	728	nuc	nuc	1
THR	2, 32	664	THR	2, 96	728	nuc	nuc	0.95
LYS	2, 95	727	THR	2, 96	728	nuc	nuc	1
LYS	2, 12	644	THR	2, 97	729	nuc	nuc	0.98
LYS	2, 13	645	THR	2, 97	729	nuc	nuc	0.97
PHE	2, 14	646	THR	2, 97	729	nuc	nuc	1
SER	2, 15	647	THR	2, 97	729	nuc	nuc	0.99
VAL	2, 44	676	THR	2, 97	729	nuc	nuc	0.96
ILE	2, 77	709	THR	2, 97	729	nuc	nuc	0.99
ALA	2, 78	710	THR	2, 97	729	nuc	nuc	1
ILE	2, 89	721	THR	2, 97	729	nuc	nuc	0.96
ASP	2, 90	722	THR	2, 97	729	nuc	nuc	0.99
LYS	2, 95	727	THR	2, 97	729	nuc	nuc	0.99
THR	2, 96	728	THR	2, 97	729	nuc	nuc	1
SER	2, 15	647	LYS	2, 98	730	nuc	nuc	1
MET	2, 30	662	LYS	2, 98	730	nuc	nuc	0.8
ILE	2, 77	709	LYS	2, 98	730	nuc	nuc	0.8
ALA	2, 78	710	LYS	2, 98	730	nuc	nuc	1
GLY	2, 79	711	LYS	2, 98	730	nuc	nuc	0.97
THR	2, 96	728	LYS	2, 98	730	nuc	nuc	1
THR	2, 97	729	LYS	2, 98	730	nuc	nuc	1
PHE	2, 14	646	ILE	2, 99	731	nuc	nuc	1
SER	2, 15	647	ILE	2, 99	731	nuc	nuc	1
ILE	2, 16	648	ILE	2, 99	731	nuc	nuc	1
TYR	2, 17	649	ILE	2, 99	731	nuc	nuc	0.99
VAL	2, 44	676	ILE	2, 99	731	nuc	nuc	0.97
LEU	2, 48	680	ILE	2, 99	731	nuc	nuc	0.88
MET	2, 75	707	ILE	2, 99	731	nuc	nuc	1
ASN	2, 76	708	ILE	2, 99	731	nuc	nuc	0.99
ILE	2, 77	709	ILE	2, 99	731	nuc	nuc	1
ALA	2, 84	716	ILE	2, 99	731	nuc	nuc	0.55
THR	2, 97	729	ILE	2, 99	731	nuc	nuc	1
LYS	2, 98	730	ILE	2, 99	731	nuc	nuc	1
TYR	2, 17	649	TYR	2, 100	732	nuc	nuc	1
MET	2, 75	707	TYR	2, 100	732	nuc	nuc	0.99
ASN	2, 76	708	TYR	2, 100	732	nuc	nuc	1
GLY	2, 79	711	TYR	2, 100	732	nuc	nuc	0.9
LYS	2, 98	730	TYR	2, 100	732	nuc	nuc	1
ILE	2, 99	731	TYR	2, 100	732	nuc	nuc	1
TYR	2, 17	649	PRO	2, 101	733	nuc	nuc	1
MET	2, 75	707	PRO	2, 101	733	nuc	nuc	1
ASN	2, 76	708	PRO	2, 101	733	nuc	nuc	1
TYR	2, 100	732	PRO	2, 101	733	nuc	nuc	1
ALA	2, 74	706	LEU	2, 102	734	nuc	nuc	1
MET	2, 75	707	LEU	2, 102	734	nuc	nuc	1
ASN	2, 76	708	LEU	2, 102	734	nuc	nuc	1
ASN	2, 81	713	LEU	2, 102	734	nuc	nuc	1
PRO	2, 101	733	LEU	2, 102	734	nuc	nuc	1
ASN	2, 76	708	PRO	2, 103	735	nuc	nuc	1
ASN	2, 81	713	PRO	2, 103	735	nuc	nuc	0.98
TYR	2, 100	732	PRO	2, 103	735	nuc	nuc	0.98
PRO	2, 101	733	PRO	2, 103	735	nuc	nuc	0.9
LEU	2, 102	734	PRO	2, 103	735	nuc	nuc	1
PRO	2, 103	735	HIS	2, 104	736	nuc	nuc	1
PRO	2, 101	733	MET	2, 105	737	nuc	nuc	0.99
LEU	2, 102	734	MET	2, 105	737	nuc	nuc	1
PRO	2, 103	735	MET	2, 105	737	nuc	nuc	1
HIS	2, 104	736	MET	2, 105	737	nuc	nuc	1
MET	2, 105	737	TYR	2, 106	738	nuc	nuc	1
TRP	2, 19	651	VAL	2, 107	739	nuc	nuc	1
PRO	2, 28	660	VAL	2, 107	739	nuc	nuc	0.85
PRO	2, 101	733	VAL	2, 107	739	nuc	nuc	1
MET	2, 105	737	VAL	2, 107	739	nuc	nuc	1
TYR	2, 106	738	VAL	2, 107	739	nuc	nuc	1
GLU	1, 208	208	VAL	2, 108	740	nuc	nuc	0.99
VAL	1, 525	525	VAL	2, 108	740	nuc	nuc	0.96
TRP	1, 526	526	VAL	2, 108	740	nuc	nuc	1
PRO	2, 21	653	VAL	2, 108	740	nuc	nuc	0.93
TYR	2, 106	738	VAL	2, 108	740	nuc	nuc	0.99
VAL	2, 107	739	VAL	2, 108	740	nuc	nuc	1
VAL	1, 525	525	LYS	2, 109	741	nuc	nuc	0.99
TRP	1, 526	526	LYS	2, 109	741	nuc	nuc	1
TRP	2, 19	651	LYS	2, 109	741	nuc	nuc	0.99
ASP	2, 20	652	LYS	2, 109	741	nuc	nuc	0.99
PRO	2, 21	653	LYS	2, 109	741	nuc	nuc	0.99
THR	2, 60	692	LYS	2, 109	741	nuc	nuc	1
VAL	2, 107	739	LYS	2, 109	741	nuc	nuc	1
VAL	2, 108	740	LYS	2, 109	741	nuc	nuc	1
ILE	2, 16	648	ASP	2, 110	742	nuc	nuc	0.9
TYR	2, 17	649	ASP	2, 110	742	nuc	nuc	0.99
ARG	2, 18	650	ASP	2, 110	742	nuc	nuc	1
TRP	2, 19	651	ASP	2, 110	742	nuc	nuc	1
ASP	2, 20	652	ASP	2, 110	742	nuc	nuc	0.87
LEU	2, 59	691	ASP	2, 110	742	nuc	nuc	1
THR	2, 60	692	ASP	2, 110	742	nuc	nuc	1
PHE	2, 61	693	ASP	2, 110	742	nuc	nuc	0.98
PRO	2, 101	733	ASP	2, 110	742	nuc	nuc	0.9
VAL	2, 107	739	ASP	2, 110	742	nuc	nuc	0.96
LYS	2, 109	741	ASP	2, 110	742	nuc	nuc	1
ILE	2, 16	648	LEU	2, 111	743	nuc	nuc	0.98
TYR	2, 17	649	LEU	2, 111	743	nuc	nuc	1
THR	2, 60	692	LEU	2, 111	743	nuc	nuc	0.99
PHE	2, 61	693	LEU	2, 111	743	nuc	nuc	1
ARG	2, 62	694	LEU	2, 111	743	nuc	nuc	0.84
MET	2, 75	707	LEU	2, 111	743	nuc	nuc	1
ILE	2, 99	731	LEU	2, 111	743	nuc	nuc	0.99
TYR	2, 100	732	LEU	2, 111	743	nuc	nuc	0.84
PRO	2, 101	733	LEU	2, 111	743	nuc	nuc	1
ASP	2, 110	742	LEU	2, 111	743	nuc	nuc	1
TRP	1, 526	526	VAL	2, 112	744	nuc	nuc	1
THR	2, 60	692	VAL	2, 112	744	nuc	nuc	1
PHE	2, 61	693	VAL	2, 112	744	nuc	nuc	1
ARG	2, 62	694	VAL	2, 112	744	nuc	nuc	1
PRO	2, 101	733	VAL	2, 112	744	nuc	nuc	0.97
VAL	2, 107	739	VAL	2, 112	744	nuc	nuc	0.99
VAL	2, 108	740	VAL	2, 112	744	nuc	nuc	1
LYS	2, 109	741	VAL	2, 112	744	nuc	nuc	1
ASP	2, 110	742	VAL	2, 112	744	nuc	nuc	1
LEU	2, 111	743	VAL	2, 112	744	nuc	nuc	1
PRO	2, 101	733	PRO	2, 113	745	nuc	nuc	1
LEU	2, 102	734	PRO	2, 113	745	nuc	nuc	1
MET	2, 105	737	PRO	2, 113	745	nuc	nuc	1
TYR	2, 106	738	PRO	2, 113	745	nuc	nuc	1
VAL	2, 107	739	PRO	2, 113	745	nuc	nuc	1
VAL	2, 108	740	PRO	2, 113	745	nuc	nuc	0.99
LEU	2, 111	743	PRO	2, 113	745	nuc	nuc	0.84
VAL	2, 112	744	PRO	2, 113	745	nuc	nuc	1
MET	2, 105	737	ASP	2, 114	746	nuc	nuc	1
TYR	2, 106	738	ASP	2, 114	746	nuc	nuc	1
VAL	2, 107	739	ASP	2, 114	746	nuc	nuc	0.89
VAL	2, 108	740	ASP	2, 114	746	nuc	nuc	1
PRO	2, 113	745	ASP	2, 114	746	nuc	nuc	1
PHE	1, 62	62	LEU	2, 115	747	nuc	nuc	0.81
MET	2, 105	737	LEU	2, 115	747	nuc	nuc	0.96
PRO	2, 113	745	LEU	2, 115	747	nuc	nuc	1
ASP	2, 114	746	LEU	2, 115	747	nuc	nuc	1
ASP	2, 114	746	SER	2, 116	748	nuc	nuc	1
LEU	2, 115	747	SER	2, 116	748	nuc	nuc	1
ASP	2, 114	746	ASN	2, 117	749	nuc	nuc	0.95
LEU	2, 115	747	ASN	2, 117	749	nuc	nuc	0.99
SER	2, 116	748	ASN	2, 117	749	nuc	nuc	1
LEU	2, 115	747	PHE	2, 118	750	nuc	nuc	1
SER	2, 116	748	PHE	2, 118	750	nuc	nuc	1
ASN	2, 117	749	PHE	2, 118	750	nuc	nuc	1
PHE	1, 62	62	TYR	2, 119	751	nuc	nuc	0.97
LEU	2, 115	747	TYR	2, 119	751	nuc	nuc	1
SER	2, 116	748	TYR	2, 119	751	nuc	nuc	1
ASN	2, 117	749	TYR	2, 119	751	nuc	nuc	1
PHE	2, 118	750	TYR	2, 119	751	nuc	nuc	1
SER	2, 116	748	ALA	2, 120	752	nuc	nuc	1
ASN	2, 117	749	ALA	2, 120	752	nuc	nuc	1
PHE	2, 118	750	ALA	2, 120	752	nuc	nuc	1
TYR	2, 119	751	ALA	2, 120	752	nuc	nuc	1
ASN	2, 117	749	GLN	2, 121	753	nuc	nuc	1
PHE	2, 118	750	GLN	2, 121	753	nuc	nuc	1
TYR	2, 119	751	GLN	2, 121	753	nuc	nuc	1
ALA	2, 120	752	GLN	2, 121	753	nuc	nuc	1
PHE	2, 118	750	TYR	2, 122	754	nuc	nuc	1
TYR	2, 119	751	TYR	2, 122	754	nuc	nuc	1
ALA	2, 120	752	TYR	2, 122	754	nuc	nuc	1
GLN	2, 121	753	TYR	2, 122	754	nuc	nuc	1
LEU	1, 177	177	LYS	2, 123	755	nuc	nuc	1
TYR	2, 119	751	LYS	2, 123	755	nuc	nuc	1
ALA	2, 120	752	LYS	2, 123	755	nuc	nuc	1
GLN	2, 121	753	LYS	2, 123	755	nuc	nuc	1
TYR	2, 122	754	LYS	2, 123	755	nuc	nuc	1
ALA	2, 120	752	SER	2, 124	756	nuc	nuc	1
GLN	2, 121	753	SER	2, 124	756	nuc	nuc	1
TYR	2, 122	754	SER	2, 124	756	nuc	nuc	1
LYS	2, 123	755	SER	2, 124	756	nuc	nuc	1
GLN	2, 121	753	ILE	2, 125	757	nuc	nuc	0.91
TYR	2, 122	754	ILE	2, 125	757	nuc	nuc	1
LYS	2, 123	755	ILE	2, 125	757	nuc	nuc	0.96
SER	2, 124	756	ILE	2, 125	757	nuc	nuc	1
LEU	1, 177	177	GLU	2, 126	758	nuc	nuc	0.92
ARG	1, 178	178	GLU	2, 126	758	nuc	nuc	0.7
LYS	2, 123	755	GLU	2, 126	758	nuc	nuc	0.72
SER	2, 124	756	GLU	2, 126	758	nuc	nuc	0.96
ILE	2, 125	757	GLU	2, 126	758	nuc	nuc	1
GLY	1, 174	174	PRO	2, 127	759	nuc	nuc	1
LEU	1, 177	177	PRO	2, 127	759	nuc	nuc	0.98
TYR	2, 122	754	PRO	2, 127	759	nuc	nuc	1
LYS	2, 123	755	PRO	2, 127	759	nuc	nuc	0.91
ILE	2, 125	757	PRO	2, 127	759	nuc	nuc	1
GLU	2, 126	758	PRO	2, 127	759	nuc	nuc	1
TYR	1, 124	124	TYR	2, 128	760	nuc	nuc	0.99
GLY	1, 125	125	TYR	2, 128	760	nuc	nuc	0.96
THR	1, 171	171	TYR	2, 128	760	nuc	nuc	0.75
GLY	1, 174	174	TYR	2, 128	760	nuc	nuc	1
ARG	1, 175	175	TYR	2, 128	760	nuc	nuc	1
LEU	1, 177	177	TYR	2, 128	760	nuc	nuc	0.97
ARG	1, 178	178	TYR	2, 128	760	nuc	nuc	0.99
GLU	2, 126	758	TYR	2, 128	760	nuc	nuc	1
PRO	2, 127	759	TYR	2, 128	760	nuc	nuc	1
ASN	1, 123	123	LEU	2, 129	761	nuc	nuc	0.95
TYR	1, 124	124	LEU	2, 129	761	nuc	nuc	0.99
GLY	1, 125	125	LEU	2, 129	761	nuc	nuc	1
TYR	2, 128	760	LEU	2, 129	761	nuc	nuc	1
GLU	2, 126	758	LYS	2, 130	762	nuc	nuc	0.98
TYR	2, 128	760	LYS	2, 130	762	nuc	nuc	1
LEU	2, 129	761	LYS	2, 130	762	nuc	nuc	1
LEU	2, 129	761	LYS	2, 131	763	nuc	nuc	1
LYS	2, 130	762	LYS	2, 131	763	nuc	nuc	1
LYS	2, 131	763	LYS	2, 132	764	nuc	nuc	1
LYS	2, 131	763	ASP	2, 133	765	nuc	nuc	0.99
LYS	2, 132	764	ASP	2, 133	765	nuc	nuc	1
LYS	2, 131	763	GLU	2, 134	766	nuc	nuc	0.97
ASP	2, 133	765	GLU	2, 134	766	nuc	nuc	1
ASP	2, 133	765	SER	2, 135	767	nuc	nuc	0.99
GLU	2, 134	766	SER	2, 135	767	nuc	nuc	1
ASP	2, 133	765	LYS	2, 136	768	nuc	nuc	0.9
GLU	2, 134	766	LYS	2, 136	768	nuc	nuc	0.84
SER	2, 135	767	LYS	2, 136	768	nuc	nuc	1
GLU	1, 120	120	GLN	2, 137	769	nuc	nuc	0.59
ASN	1, 123	123	GLN	2, 137	769	nuc	nuc	0.98
LYS	2, 131	763	GLN	2, 137	769	nuc	nuc	0.74
GLU	2, 134	766	GLN	2, 137	769	nuc	nuc	0.97
SER	2, 135	767	GLN	2, 137	769	nuc	nuc	0.95
LYS	2, 136	768	GLN	2, 137	769	nuc	nuc	1
ALA	1, 116	116	GLY	2, 138	770	nuc	nuc	0.94
ILE	1, 119	119	GLY	2, 138	770	nuc	nuc	0.99
GLU	1, 120	120	GLY	2, 138	770	nuc	nuc	0.99
ASN	1, 123	123	GLY	2, 138	770	nuc	nuc	0.98
LYS	2, 136	768	GLY	2, 138	770	nuc	nuc	0.98
GLN	2, 137	769	GLY	2, 138	770	nuc	nuc	1
ILE	1, 119	119	LYS	2, 139	771	nuc	nuc	0.92
LYS	2, 136	768	LYS	2, 139	771	nuc	nuc	0.96
GLN	2, 137	769	LYS	2, 139	771	nuc	nuc	0.94
GLY	2, 138	770	LYS	2, 139	771	nuc	nuc	1
ILE	1, 119	119	GLU	2, 140	772	nuc	nuc	0.97
LYS	2, 136	768	GLU	2, 140	772	nuc	nuc	0.84
GLY	2, 138	770	GLU	2, 140	772	nuc	nuc	0.98
LYS	2, 139	771	GLU	2, 140	772	nuc	nuc	1
LEU	1, 79	79	GLN	2, 141	773	nuc	nuc	0.81
ILE	1, 119	119	GLN	2, 141	773	nuc	nuc	1
GLU	1, 122	122	GLN	2, 141	773	nuc	nuc	1
ASN	1, 123	123	GLN	2, 141	773	nuc	nuc	0.77
LYS	1, 135	135	GLN	2, 141	773	nuc	nuc	0.99
ILE	1, 136	136	GLN	2, 141	773	nuc	nuc	0.98
GLU	2, 140	772	GLN	2, 141	773	nuc	nuc	1
GLU	1, 122	122	TYR	2, 142	774	nuc	nuc	0.99
ASN	1, 123	123	TYR	2, 142	774	nuc	nuc	0.99
GLU	2, 140	772	TYR	2, 142	774	nuc	nuc	0.89
GLN	2, 141	773	TYR	2, 142	774	nuc	nuc	1
GLU	1, 133	133	LEU	2, 143	775	nuc	nuc	0.62
GLY	1, 134	134	LEU	2, 143	775	nuc	nuc	0.99
LYS	1, 135	135	LEU	2, 143	775	nuc	nuc	0.95
GLN	2, 141	773	LEU	2, 143	775	nuc	nuc	0.97
TYR	2, 142	774	LEU	2, 143	775	nuc	nuc	1
ARG	1, 130	130	GLN	2, 144	776	nuc	nuc	0.99
GLY	1, 134	134	GLN	2, 144	776	nuc	nuc	0.99
TYR	2, 142	774	GLN	2, 144	776	nuc	nuc	1
LEU	2, 143	775	GLN	2, 144	776	nuc	nuc	1
ARG	1, 130	130	SER	2, 145	777	nuc	nuc	0.97
GLY	1, 134	134	SER	2, 145	777	nuc	nuc	0.99
LEU	2, 143	775	SER	2, 145	777	nuc	nuc	0.79
GLN	2, 144	776	SER	2, 145	777	nuc	nuc	1
ARG	1, 130	130	ILE	2, 146	778	nuc	nuc	1
THR	1, 131	131	ILE	2, 146	778	nuc	nuc	0.68
GLU	1, 132	132	ILE	2, 146	778	nuc	nuc	0.96
GLY	1, 134	134	ILE	2, 146	778	nuc	nuc	0.95
SER	2, 145	777	ILE	2, 146	778	nuc	nuc	1
SER	2, 145	777	GLU	2, 147	779	nuc	nuc	1
ILE	2, 146	778	GLU	2, 147	779	nuc	nuc	1
GLN	2, 144	776	ASP	2, 148	780	nuc	nuc	1
SER	2, 145	777	ASP	2, 148	780	nuc	nuc	1
ILE	2, 146	778	ASP	2, 148	780	nuc	nuc	0.98
GLU	2, 147	779	ASP	2, 148	780	nuc	nuc	1
PRO	1, 127	127	ARG	2, 149	781	nuc	nuc	0.98
SER	1, 129	129	ARG	2, 149	781	nuc	nuc	0.98
ARG	1, 130	130	ARG	2, 149	781	nuc	nuc	1
GLN	2, 144	776	ARG	2, 149	781	nuc	nuc	1
SER	2, 145	777	ARG	2, 149	781	nuc	nuc	0.99
ILE	2, 146	778	ARG	2, 149	781	nuc	nuc	1
GLU	2, 147	779	ARG	2, 149	781	nuc	nuc	0.99
ASP	2, 148	780	ARG	2, 149	781	nuc	nuc	1
ILE	2, 146	778	GLN	2, 150	782	nuc	nuc	1
GLU	2, 147	779	GLN	2, 150	782	nuc	nuc	1
ASP	2, 148	780	GLN	2, 150	782	nuc	nuc	0.99
ARG	2, 149	781	GLN	2, 150	782	nuc	nuc	1
GLU	2, 147	779	LYS	2, 151	783	nuc	nuc	0.95
ASP	2, 148	780	LYS	2, 151	783	nuc	nuc	1
ARG	2, 149	781	LYS	2, 151	783	nuc	nuc	1
GLN	2, 150	782	LYS	2, 151	783	nuc	nuc	1
PRO	1, 127	127	LEU	2, 152	784	nuc	nuc	1
ARG	2, 149	781	LEU	2, 152	784	nuc	nuc	1
GLN	2, 150	782	LEU	2, 152	784	nuc	nuc	1
LYS	2, 151	783	LEU	2, 152	784	nuc	nuc	1
GLN	2, 150	782	ASP	2, 153	785	nuc	nuc	1
LYS	2, 151	783	ASP	2, 153	785	nuc	nuc	0.99
LEU	2, 152	784	ASP	2, 153	785	nuc	nuc	1
LEU	2, 152	784	GLY	2, 154	786	nuc	nuc	1
ASP	2, 153	785	GLY	2, 154	786	nuc	nuc	1
LEU	2, 152	784	LEU	2, 155	787	nuc	nuc	1
ASP	2, 153	785	LEU	2, 155	787	nuc	nuc	1
GLY	2, 154	786	LEU	2, 155	787	nuc	nuc	1
PRO	1, 127	127	TYR	2, 156	788	nuc	nuc	1
VAL	1, 160	160	TYR	2, 156	788	nuc	nuc	0.73
SER	1, 167	167	TYR	2, 156	788	nuc	nuc	0.99
HIS	1, 170	170	TYR	2, 156	788	nuc	nuc	0.7
LEU	2, 152	784	TYR	2, 156	788	nuc	nuc	1
ASP	2, 153	785	TYR	2, 156	788	nuc	nuc	0.97
GLY	2, 154	786	TYR	2, 156	788	nuc	nuc	1
LEU	2, 155	787	TYR	2, 156	788	nuc	nuc	1
ARG	1, 163	163	GLU	2, 157	789	nuc	nuc	0.99
HIS	1, 166	166	GLU	2, 157	789	nuc	nuc	0.84
ASP	2, 153	785	GLU	2, 157	789	nuc	nuc	0.72
GLY	2, 154	786	GLU	2, 157	789	nuc	nuc	1
LEU	2, 155	787	GLU	2, 157	789	nuc	nuc	0.99
TYR	2, 156	788	GLU	2, 157	789	nuc	nuc	1
LEU	2, 155	787	CYS	2, 158	790	nuc	nuc	0.99
TYR	2, 156	788	CYS	2, 158	790	nuc	nuc	0.99
GLU	2, 157	789	CYS	2, 158	790	nuc	nuc	1
THR	1, 64	64	ILE	2, 159	791	nuc	nuc	0.83
VAL	1, 69	69	ILE	2, 159	791	nuc	nuc	0.74
HIS	1, 166	166	ILE	2, 159	791	nuc	nuc	0.9
GLY	2, 68	700	ILE	2, 159	791	nuc	nuc	0.92
ILE	2, 69	701	ILE	2, 159	791	nuc	nuc	1
CYS	2, 70	702	ILE	2, 159	791	nuc	nuc	0.99
GLY	2, 71	703	ILE	2, 159	791	nuc	nuc	1
GLU	2, 157	789	ILE	2, 159	791	nuc	nuc	0.98
CYS	2, 158	790	ILE	2, 159	791	nuc	nuc	1
THR	1, 64	64	LEU	2, 160	792	nuc	nuc	1
HIS	1, 170	170	LEU	2, 160	792	nuc	nuc	0.63
GLY	2, 71	703	LEU	2, 160	792	nuc	nuc	0.99
TYR	2, 122	754	LEU	2, 160	792	nuc	nuc	0.99
CYS	2, 158	790	LEU	2, 160	792	nuc	nuc	1
ILE	2, 159	791	LEU	2, 160	792	nuc	nuc	1
GLY	2, 71	703	CYS	2, 161	793	nuc	nuc	1
ALA	2, 74	706	CYS	2, 161	793	nuc	nuc	1
LEU	2, 83	715	CYS	2, 161	793	nuc	nuc	0.99
ILE	2, 159	791	CYS	2, 161	793	nuc	nuc	1
LEU	2, 160	792	CYS	2, 161	793	nuc	nuc	1
ALA	2, 74	706	ALA	2, 162	794	nuc	nuc	1
LEU	2, 102	734	ALA	2, 162	794	nuc	nuc	0.99
PRO	2, 113	745	ALA	2, 162	794	nuc	nuc	0.52
LEU	2, 115	747	ALA	2, 162	794	nuc	nuc	1
PHE	2, 118	750	ALA	2, 162	794	nuc	nuc	1
LEU	2, 160	792	ALA	2, 162	794	nuc	nuc	0.99
CYS	2, 161	793	ALA	2, 162	794	nuc	nuc	1
ALA	2, 74	706	CYS	2, 163	795	nuc	nuc	1
ASN	2, 81	713	CYS	2, 163	795	nuc	nuc	1
THR	2, 82	714	CYS	2, 163	795	nuc	nuc	0.99
LEU	2, 83	715	CYS	2, 163	795	nuc	nuc	0.95
LEU	2, 102	734	CYS	2, 163	795	nuc	nuc	0.96
CYS	2, 161	793	CYS	2, 163	795	nuc	nuc	1
ALA	2, 162	794	CYS	2, 163	795	nuc	nuc	1
ASN	2, 81	713	CYS	2, 164	796	nuc	nuc	0.83
CYS	2, 161	793	CYS	2, 164	796	nuc	nuc	0.55
ALA	2, 162	794	CYS	2, 164	796	nuc	nuc	0.98
CYS	2, 163	795	CYS	2, 164	796	nuc	nuc	1
PHE	2, 118	750	SER	2, 165	797	nuc	nuc	1
ALA	2, 162	794	SER	2, 165	797	nuc	nuc	1
CYS	2, 163	795	SER	2, 165	797	nuc	nuc	0.95
CYS	2, 164	796	SER	2, 165	797	nuc	nuc	1
ASN	2, 81	713	THR	2, 166	798	nuc	nuc	1
LEU	2, 102	734	THR	2, 166	798	nuc	nuc	1
PRO	2, 103	735	THR	2, 166	798	nuc	nuc	1
HIS	2, 104	736	THR	2, 166	798	nuc	nuc	0.99
MET	2, 105	737	THR	2, 166	798	nuc	nuc	1
PRO	2, 113	745	THR	2, 166	798	nuc	nuc	0.63
ALA	2, 162	794	THR	2, 166	798	nuc	nuc	1
CYS	2, 163	795	THR	2, 166	798	nuc	nuc	1
CYS	2, 164	796	THR	2, 166	798	nuc	nuc	0.95
SER	2, 165	797	THR	2, 166	798	nuc	nuc	1
GLY	2, 80	712	SER	2, 167	799	nuc	nuc	0.95
ASN	2, 81	713	SER	2, 167	799	nuc	nuc	1
PRO	2, 103	735	SER	2, 167	799	nuc	nuc	0.98
CYS	2, 163	795	SER	2, 167	799	nuc	nuc	1
CYS	2, 164	796	SER	2, 167	799	nuc	nuc	1
SER	2, 165	797	SER	2, 167	799	nuc	nuc	0.99
THR	2, 166	798	SER	2, 167	799	nuc	nuc	1
CYS	2, 164	796	CYS	2, 168	800	nuc	nuc	0.97
SER	2, 165	797	CYS	2, 168	800	nuc	nuc	0.99
THR	2, 166	798	CYS	2, 168	800	nuc	nuc	0.98
SER	2, 167	799	CYS	2, 168	800	nuc	nuc	1
CYS	2, 168	800	PRO	2, 169	801	nuc	nuc	1
CYS	2, 168	800	SER	2, 170	802	nuc	nuc	1
PRO	2, 169	801	SER	2, 170	802	nuc	nuc	1
HIS	2, 104	736	TYR	2, 171	803	nuc	nuc	0.93
SER	2, 165	797	TYR	2, 171	803	nuc	nuc	1
THR	2, 166	798	TYR	2, 171	803	nuc	nuc	0.99
CYS	2, 168	800	TYR	2, 171	803	nuc	nuc	1
PRO	2, 169	801	TYR	2, 171	803	nuc	nuc	1
SER	2, 170	802	TYR	2, 171	803	nuc	nuc	1
PRO	2, 103	735	TRP	2, 172	804	nuc	nuc	0.98
HIS	2, 104	736	TRP	2, 172	804	nuc	nuc	1
CYS	2, 168	800	TRP	2, 172	804	nuc	nuc	0.99
PRO	2, 169	801	TRP	2, 172	804	nuc	nuc	1
SER	2, 170	802	TRP	2, 172	804	nuc	nuc	1
TYR	2, 171	803	TRP	2, 172	804	nuc	nuc	1
PRO	2, 169	801	TRP	2, 173	805	nuc	nuc	0.99
SER	2, 170	802	TRP	2, 173	805	nuc	nuc	1
TYR	2, 171	803	TRP	2, 173	805	nuc	nuc	0.92
TRP	2, 172	804	TRP	2, 173	805	nuc	nuc	1
SER	2, 170	802	ASN	2, 174	806	nuc	nuc	1
TYR	2, 171	803	ASN	2, 174	806	nuc	nuc	0.99
TRP	2, 173	805	ASN	2, 174	806	nuc	nuc	1
ASN	2, 117	749	GLY	2, 175	807	nuc	nuc	0.96
TYR	2, 171	803	GLY	2, 175	807	nuc	nuc	1
TRP	2, 172	804	GLY	2, 175	807	nuc	nuc	0.99
TRP	2, 173	805	GLY	2, 175	807	nuc	nuc	1
ASN	2, 174	806	GLY	2, 175	807	nuc	nuc	1
ASN	2, 117	749	ASP	2, 176	808	nuc	nuc	0.83
ASN	2, 174	806	ASP	2, 176	808	nuc	nuc	1
GLY	2, 175	807	ASP	2, 176	808	nuc	nuc	1
ASN	2, 174	806	LYS	2, 177	809	nuc	nuc	1
GLY	2, 175	807	LYS	2, 177	809	nuc	nuc	1
ASP	2, 176	808	LYS	2, 177	809	nuc	nuc	1
SER	2, 170	802	TYR	2, 178	810	nuc	nuc	1
TYR	2, 171	803	TYR	2, 178	810	nuc	nuc	1
ASN	2, 174	806	TYR	2, 178	810	nuc	nuc	1
GLY	2, 175	807	TYR	2, 178	810	nuc	nuc	1
ASP	2, 176	808	TYR	2, 178	810	nuc	nuc	0.91
LYS	2, 177	809	TYR	2, 178	810	nuc	nuc	1
GLN	2, 121	753	LEU	2, 179	811	nuc	nuc	1
SER	2, 124	756	LEU	2, 179	811	nuc	nuc	0.89
ILE	2, 125	757	LEU	2, 179	811	nuc	nuc	0.97
TYR	2, 178	810	LEU	2, 179	811	nuc	nuc	1
GLN	2, 121	753	GLY	2, 180	812	nuc	nuc	0.98
CYS	2, 164	796	GLY	2, 180	812	nuc	nuc	0.65
SER	2, 165	797	GLY	2, 180	812	nuc	nuc	1
CYS	2, 168	800	GLY	2, 180	812	nuc	nuc	0.99
SER	2, 170	802	GLY	2, 180	812	nuc	nuc	0.82
TYR	2, 171	803	GLY	2, 180	812	nuc	nuc	1
GLY	2, 175	807	GLY	2, 180	812	nuc	nuc	0.89
TYR	2, 178	810	GLY	2, 180	812	nuc	nuc	1
LEU	2, 179	811	GLY	2, 180	812	nuc	nuc	1
CYS	2, 164	796	PRO	2, 181	813	nuc	nuc	1
SER	2, 165	797	PRO	2, 181	813	nuc	nuc	1
CYS	2, 168	800	PRO	2, 181	813	nuc	nuc	1
TYR	2, 171	803	PRO	2, 181	813	nuc	nuc	0.94
GLY	2, 180	812	PRO	2, 181	813	nuc	nuc	1
PHE	2, 118	750	ALA	2, 182	814	nuc	nuc	0.94
TYR	2, 122	754	ALA	2, 182	814	nuc	nuc	0.82
CYS	2, 158	790	ALA	2, 182	814	nuc	nuc	0.99
LEU	2, 160	792	ALA	2, 182	814	nuc	nuc	1
CYS	2, 161	793	ALA	2, 182	814	nuc	nuc	0.57
ALA	2, 162	794	ALA	2, 182	814	nuc	nuc	1
CYS	2, 164	796	ALA	2, 182	814	nuc	nuc	1
SER	2, 165	797	ALA	2, 182	814	nuc	nuc	1
GLY	2, 180	812	ALA	2, 182	814	nuc	nuc	1
PRO	2, 181	813	ALA	2, 182	814	nuc	nuc	1
PHE	2, 118	750	VAL	2, 183	815	nuc	nuc	0.86
GLN	2, 121	753	VAL	2, 183	815	nuc	nuc	1
TYR	2, 122	754	VAL	2, 183	815	nuc	nuc	1
SER	2, 124	756	VAL	2, 183	815	nuc	nuc	0.63
ILE	2, 125	757	VAL	2, 183	815	nuc	nuc	1
SER	2, 165	797	VAL	2, 183	815	nuc	nuc	0.97
LEU	2, 179	811	VAL	2, 183	815	nuc	nuc	1
GLY	2, 180	812	VAL	2, 183	815	nuc	nuc	1
PRO	2, 181	813	VAL	2, 183	815	nuc	nuc	0.95
ALA	2, 182	814	VAL	2, 183	815	nuc	nuc	1
LEU	2, 179	811	LEU	2, 184	816	nuc	nuc	1
GLY	2, 180	812	LEU	2, 184	816	nuc	nuc	1
PRO	2, 181	813	LEU	2, 184	816	nuc	nuc	1
ALA	2, 182	814	LEU	2, 184	816	nuc	nuc	1
VAL	2, 183	815	LEU	2, 184	816	nuc	nuc	1
LEU	2, 155	787	MET	2, 185	817	nuc	nuc	1
CYS	2, 158	790	MET	2, 185	817	nuc	nuc	1
CYS	2, 164	796	MET	2, 185	817	nuc	nuc	0.64
PRO	2, 181	813	MET	2, 185	817	nuc	nuc	1
ALA	2, 182	814	MET	2, 185	817	nuc	nuc	1
VAL	2, 183	815	MET	2, 185	817	nuc	nuc	1
LEU	2, 184	816	MET	2, 185	817	nuc	nuc	1
TYR	2, 122	754	GLN	2, 186	818	nuc	nuc	1
ILE	2, 125	757	GLN	2, 186	818	nuc	nuc	0.99
PRO	2, 127	759	GLN	2, 186	818	nuc	nuc	1
LEU	2, 155	787	GLN	2, 186	818	nuc	nuc	0.87
CYS	2, 158	790	GLN	2, 186	818	nuc	nuc	1
ALA	2, 182	814	GLN	2, 186	818	nuc	nuc	1
VAL	2, 183	815	GLN	2, 186	818	nuc	nuc	1
LEU	2, 184	816	GLN	2, 186	818	nuc	nuc	1
MET	2, 185	817	GLN	2, 186	818	nuc	nuc	1
ILE	2, 125	757	ALA	2, 187	819	nuc	nuc	1
PRO	2, 127	759	ALA	2, 187	819	nuc	nuc	0.54
LEU	2, 179	811	ALA	2, 187	819	nuc	nuc	0.94
VAL	2, 183	815	ALA	2, 187	819	nuc	nuc	1
LEU	2, 184	816	ALA	2, 187	819	nuc	nuc	1
MET	2, 185	817	ALA	2, 187	819	nuc	nuc	1
GLN	2, 186	818	ALA	2, 187	819	nuc	nuc	1
LEU	2, 155	787	TYR	2, 188	820	nuc	nuc	0.99
LEU	2, 184	816	TYR	2, 188	820	nuc	nuc	1
MET	2, 185	817	TYR	2, 188	820	nuc	nuc	1
GLN	2, 186	818	TYR	2, 188	820	nuc	nuc	1
ALA	2, 187	819	TYR	2, 188	820	nuc	nuc	1
LEU	2, 152	784	ARG	2, 189	821	nuc	nuc	1
LEU	2, 155	787	ARG	2, 189	821	nuc	nuc	1
TYR	2, 156	788	ARG	2, 189	821	nuc	nuc	1
CYS	2, 158	790	ARG	2, 189	821	nuc	nuc	0.8
MET	2, 185	817	ARG	2, 189	821	nuc	nuc	1
GLN	2, 186	818	ARG	2, 189	821	nuc	nuc	1
ALA	2, 187	819	ARG	2, 189	821	nuc	nuc	1
TYR	2, 188	820	ARG	2, 189	821	nuc	nuc	1
ILE	2, 125	757	TRP	2, 190	822	nuc	nuc	0.93
GLU	2, 126	758	TRP	2, 190	822	nuc	nuc	0.73
PRO	2, 127	759	TRP	2, 190	822	nuc	nuc	0.99
TYR	2, 128	760	TRP	2, 190	822	nuc	nuc	0.58
LEU	2, 129	761	TRP	2, 190	822	nuc	nuc	0.88
GLN	2, 186	818	TRP	2, 190	822	nuc	nuc	0.98
ALA	2, 187	819	TRP	2, 190	822	nuc	nuc	1
TYR	2, 188	820	TRP	2, 190	822	nuc	nuc	0.99
ARG	2, 189	821	TRP	2, 190	822	nuc	nuc	1
ALA	2, 187	819	MET	2, 191	823	nuc	nuc	1
TYR	2, 188	820	MET	2, 191	823	nuc	nuc	1
ARG	2, 189	821	MET	2, 191	823	nuc	nuc	1
TRP	2, 190	822	MET	2, 191	823	nuc	nuc	1
LYS	2, 151	783	ILE	2, 192	824	nuc	nuc	1
LEU	2, 152	784	ILE	2, 192	824	nuc	nuc	0.98
LEU	2, 155	787	ILE	2, 192	824	nuc	nuc	0.66
TYR	2, 188	820	ILE	2, 192	824	nuc	nuc	1
ARG	2, 189	821	ILE	2, 192	824	nuc	nuc	0.99
TRP	2, 190	822	ILE	2, 192	824	nuc	nuc	0.65
MET	2, 191	823	ILE	2, 192	824	nuc	nuc	1
GLY	1, 125	125	ASP	2, 193	825	nuc	nuc	0.87
PRO	1, 127	127	ASP	2, 193	825	nuc	nuc	0.7
LEU	2, 129	761	ASP	2, 193	825	nuc	nuc	0.96
LEU	2, 152	784	ASP	2, 193	825	nuc	nuc	0.99
ARG	2, 189	821	ASP	2, 193	825	nuc	nuc	0.99
TRP	2, 190	822	ASP	2, 193	825	nuc	nuc	1
MET	2, 191	823	ASP	2, 193	825	nuc	nuc	0.99
ILE	2, 192	824	ASP	2, 193	825	nuc	nuc	1
GLN	2, 144	776	SER	2, 194	826	nuc	nuc	0.99
SER	2, 145	777	SER	2, 194	826	nuc	nuc	0.88
ASP	2, 148	780	SER	2, 194	826	nuc	nuc	1
LYS	2, 151	783	SER	2, 194	826	nuc	nuc	0.58
ILE	2, 192	824	SER	2, 194	826	nuc	nuc	0.77
ASP	2, 193	825	SER	2, 194	826	nuc	nuc	1
GLY	1, 125	125	ARG	2, 195	827	nuc	nuc	0.98
LEU	2, 129	761	ARG	2, 195	827	nuc	nuc	0.99
LYS	2, 131	763	ARG	2, 195	827	nuc	nuc	0.77
TYR	2, 142	774	ARG	2, 195	827	nuc	nuc	1
GLN	2, 144	776	ARG	2, 195	827	nuc	nuc	0.99
ASP	2, 193	825	ARG	2, 195	827	nuc	nuc	1
SER	2, 194	826	ARG	2, 195	827	nuc	nuc	1
LEU	2, 129	761	ASP	2, 196	828	nuc	nuc	1
LYS	2, 130	762	ASP	2, 196	828	nuc	nuc	1
LYS	2, 131	763	ASP	2, 196	828	nuc	nuc	0.84
TRP	2, 190	822	ASP	2, 196	828	nuc	nuc	1
MET	2, 191	823	ASP	2, 196	828	nuc	nuc	0.96
ASP	2, 193	825	ASP	2, 196	828	nuc	nuc	1
SER	2, 194	826	ASP	2, 196	828	nuc	nuc	0.97
ARG	2, 195	827	ASP	2, 196	828	nuc	nuc	1
LYS	2, 130	762	ASP	2, 197	829	nuc	nuc	0.98
LYS	2, 131	763	ASP	2, 197	829	nuc	nuc	1
LYS	2, 132	764	ASP	2, 197	829	nuc	nuc	1
ASP	2, 196	828	ASP	2, 197	829	nuc	nuc	1
LYS	2, 130	762	TYR	2, 198	830	nuc	nuc	1
LYS	2, 132	764	TYR	2, 198	830	nuc	nuc	0.57
ASP	2, 196	828	TYR	2, 198	830	nuc	nuc	1
ASP	2, 197	829	TYR	2, 198	830	nuc	nuc	1
MET	2, 191	823	THR	2, 199	831	nuc	nuc	1
ILE	2, 192	824	THR	2, 199	831	nuc	nuc	0.55
ASP	2, 196	828	THR	2, 199	831	nuc	nuc	1
ASP	2, 197	829	THR	2, 199	831	nuc	nuc	0.94
TYR	2, 198	830	THR	2, 199	831	nuc	nuc	1
TYR	2, 198	830	GLU	2, 200	832	nuc	nuc	0.99
THR	2, 199	831	GLU	2, 200	832	nuc	nuc	1
TYR	2, 198	830	GLU	2, 201	833	nuc	nuc	1
THR	2, 199	831	GLU	2, 201	833	nuc	nuc	0.98
GLU	2, 200	832	GLU	2, 201	833	nuc	nuc	1
ILE	2, 125	757	ARG	2, 202	834	nuc	nuc	0.94
GLU	2, 126	758	ARG	2, 202	834	nuc	nuc	0.76
ALA	2, 187	819	ARG	2, 202	834	nuc	nuc	1
TRP	2, 190	822	ARG	2, 202	834	nuc	nuc	0.99
MET	2, 191	823	ARG	2, 202	834	nuc	nuc	1
TYR	2, 198	830	ARG	2, 202	834	nuc	nuc	1
THR	2, 199	831	ARG	2, 202	834	nuc	nuc	1
GLU	2, 200	832	ARG	2, 202	834	nuc	nuc	1
GLU	2, 201	833	ARG	2, 202	834	nuc	nuc	1
MET	2, 191	823	LEU	2, 203	835	nuc	nuc	0.99
THR	2, 199	831	LEU	2, 203	835	nuc	nuc	1
GLU	2, 200	832	LEU	2, 203	835	nuc	nuc	1
GLU	2, 201	833	LEU	2, 203	835	nuc	nuc	1
ARG	2, 202	834	LEU	2, 203	835	nuc	nuc	1
GLU	2, 200	832	ALA	2, 204	836	nuc	nuc	0.99
GLU	2, 201	833	ALA	2, 204	836	nuc	nuc	1
ARG	2, 202	834	ALA	2, 204	836	nuc	nuc	1
LEU	2, 203	835	ALA	2, 204	836	nuc	nuc	1
ILE	2, 125	757	GLN	2, 205	837	nuc	nuc	0.91
GLU	2, 201	833	GLN	2, 205	837	nuc	nuc	0.98
ARG	2, 202	834	GLN	2, 205	837	nuc	nuc	1
LEU	2, 203	835	GLN	2, 205	837	nuc	nuc	0.99
ALA	2, 204	836	GLN	2, 205	837	nuc	nuc	1
ALA	2, 187	819	LEU	2, 206	838	nuc	nuc	0.95
ARG	2, 202	834	LEU	2, 206	838	nuc	nuc	0.87
LEU	2, 203	835	LEU	2, 206	838	nuc	nuc	1
ALA	2, 204	836	LEU	2, 206	838	nuc	nuc	0.99
GLN	2, 205	837	LEU	2, 206	838	nuc	nuc	1
LEU	2, 203	835	GLN	2, 207	839	nuc	nuc	0.91
ALA	2, 204	836	GLN	2, 207	839	nuc	nuc	1
GLN	2, 205	837	GLN	2, 207	839	nuc	nuc	0.99
LEU	2, 206	838	GLN	2, 207	839	nuc	nuc	1
LEU	2, 206	838	ASP	2, 208	840	nuc	nuc	0.99
GLN	2, 207	839	ASP	2, 208	840	nuc	nuc	1
ASP	2, 208	840	PRO	2, 209	841	nuc	nuc	1
ASN	2, 174	806	PHE	2, 210	842	nuc	nuc	0.99
LYS	2, 177	809	PHE	2, 210	842	nuc	nuc	1
TYR	2, 178	810	PHE	2, 210	842	nuc	nuc	1
ASP	2, 208	840	PHE	2, 210	842	nuc	nuc	1
PRO	2, 209	841	PHE	2, 210	842	nuc	nuc	1
LYS	2, 177	809	SER	2, 211	843	nuc	nuc	0.98
TYR	2, 178	810	SER	2, 211	843	nuc	nuc	0.99
LEU	2, 179	811	SER	2, 211	843	nuc	nuc	1
GLN	2, 205	837	SER	2, 211	843	nuc	nuc	0.8
LEU	2, 206	838	SER	2, 211	843	nuc	nuc	1
ASP	2, 208	840	SER	2, 211	843	nuc	nuc	1
PHE	2, 210	842	SER	2, 211	843	nuc	nuc	1
LEU	2, 179	811	LEU	2, 212	844	nuc	nuc	0.97
LEU	2, 184	816	LEU	2, 212	844	nuc	nuc	1
LEU	2, 206	838	LEU	2, 212	844	nuc	nuc	1
ASP	2, 208	840	LEU	2, 212	844	nuc	nuc	0.57
SER	2, 211	843	LEU	2, 212	844	nuc	nuc	1
ASP	2, 208	840	TYR	2, 213	845	nuc	nuc	0.75
PRO	2, 209	841	TYR	2, 213	845	nuc	nuc	1
PHE	2, 210	842	TYR	2, 213	845	nuc	nuc	0.99
SER	2, 211	843	TYR	2, 213	845	nuc	nuc	0.98
LEU	2, 212	844	TYR	2, 213	845	nuc	nuc	1
SER	2, 170	802	ARG	2, 214	846	nuc	nuc	1
ASN	2, 174	806	ARG	2, 214	846	nuc	nuc	1
LYS	2, 177	809	ARG	2, 214	846	nuc	nuc	0.84
TYR	2, 178	810	ARG	2, 214	846	nuc	nuc	1
PRO	2, 209	841	ARG	2, 214	846	nuc	nuc	0.58
PHE	2, 210	842	ARG	2, 214	846	nuc	nuc	1
SER	2, 211	843	ARG	2, 214	846	nuc	nuc	0.68
LEU	2, 212	844	ARG	2, 214	846	nuc	nuc	0.98
TYR	2, 213	845	ARG	2, 214	846	nuc	nuc	1
CYS	2, 168	800	CYS	2, 215	847	nuc	nuc	0.7
SER	2, 170	802	CYS	2, 215	847	nuc	nuc	0.99
TYR	2, 178	810	CYS	2, 215	847	nuc	nuc	0.72
GLY	2, 180	812	CYS	2, 215	847	nuc	nuc	0.85
PRO	2, 181	813	CYS	2, 215	847	nuc	nuc	0.94
LEU	2, 184	816	CYS	2, 215	847	nuc	nuc	0.91
LEU	2, 212	844	CYS	2, 215	847	nuc	nuc	0.99
TYR	2, 213	845	CYS	2, 215	847	nuc	nuc	0.99
ARG	2, 214	846	CYS	2, 215	847	nuc	nuc	1
SER	2, 170	802	HIS	2, 216	848	nuc	nuc	0.99
ARG	2, 214	846	HIS	2, 216	848	nuc	nuc	0.98
CYS	2, 215	847	HIS	2, 216	848	nuc	nuc	1
CYS	2, 215	847	THR	2, 217	849	nuc	nuc	1
HIS	2, 216	848	THR	2, 217	849	nuc	nuc	1
CYS	2, 168	800	ILE	2, 218	850	nuc	nuc	0.99
PRO	2, 169	801	ILE	2, 218	850	nuc	nuc	0.99
SER	2, 170	802	ILE	2, 218	850	nuc	nuc	0.94
CYS	2, 215	847	ILE	2, 218	850	nuc	nuc	0.66
HIS	2, 216	848	ILE	2, 218	850	nuc	nuc	1
THR	2, 217	849	ILE	2, 218	850	nuc	nuc	1
THR	2, 217	849	MET	2, 219	851	nuc	nuc	1
ILE	2, 218	850	MET	2, 219	851	nuc	nuc	1
CYS	2, 164	796	ASN	2, 220	852	nuc	nuc	0.54
SER	2, 167	799	ASN	2, 220	852	nuc	nuc	1
CYS	2, 168	800	ASN	2, 220	852	nuc	nuc	0.99
PRO	2, 169	801	ASN	2, 220	852	nuc	nuc	0.94
ILE	2, 218	850	ASN	2, 220	852	nuc	nuc	1
MET	2, 219	851	ASN	2, 220	852	nuc	nuc	1
CYS	2, 164	796	CYS	2, 221	853	nuc	nuc	1
SER	2, 165	797	CYS	2, 221	853	nuc	nuc	0.94
SER	2, 167	799	CYS	2, 221	853	nuc	nuc	0.99
CYS	2, 168	800	CYS	2, 221	853	nuc	nuc	1
GLY	2, 180	812	CYS	2, 221	853	nuc	nuc	0.53
PRO	2, 181	813	CYS	2, 221	853	nuc	nuc	1
ALA	2, 182	814	CYS	2, 221	853	nuc	nuc	0.54
ILE	2, 218	850	CYS	2, 221	853	nuc	nuc	0.86
MET	2, 219	851	CYS	2, 221	853	nuc	nuc	1
ASN	2, 220	852	CYS	2, 221	853	nuc	nuc	1
CYS	2, 164	796	THR	2, 222	854	nuc	nuc	0.89
MET	2, 219	851	THR	2, 222	854	nuc	nuc	1
ASN	2, 220	852	THR	2, 222	854	nuc	nuc	0.95
CYS	2, 221	853	THR	2, 222	854	nuc	nuc	1
SER	2, 167	799	ARG	2, 223	855	nuc	nuc	0.75
MET	2, 219	851	ARG	2, 223	855	nuc	nuc	0.99
ASN	2, 220	852	ARG	2, 223	855	nuc	nuc	1
CYS	2, 221	853	ARG	2, 223	855	nuc	nuc	0.99
THR	2, 222	854	ARG	2, 223	855	nuc	nuc	1
GLY	2, 80	712	THR	2, 224	856	nuc	nuc	1
ASN	2, 81	713	THR	2, 224	856	nuc	nuc	1
THR	2, 82	714	THR	2, 224	856	nuc	nuc	0.99
CYS	2, 163	795	THR	2, 224	856	nuc	nuc	1
CYS	2, 164	796	THR	2, 224	856	nuc	nuc	1
SER	2, 167	799	THR	2, 224	856	nuc	nuc	1
ASN	2, 220	852	THR	2, 224	856	nuc	nuc	0.99
CYS	2, 221	853	THR	2, 224	856	nuc	nuc	0.99
THR	2, 222	854	THR	2, 224	856	nuc	nuc	0.92
ARG	2, 223	855	THR	2, 224	856	nuc	nuc	1
CYS	2, 163	795	CYS	2, 225	857	nuc	nuc	1
CYS	2, 164	796	CYS	2, 225	857	nuc	nuc	1
CYS	2, 221	853	CYS	2, 225	857	nuc	nuc	0.98
THR	2, 222	854	CYS	2, 225	857	nuc	nuc	1
ARG	2, 223	855	CYS	2, 225	857	nuc	nuc	0.96
THR	2, 224	856	CYS	2, 225	857	nuc	nuc	1
GLY	2, 68	700	PRO	2, 226	858	nuc	nuc	0.92
ALA	2, 74	706	PRO	2, 226	858	nuc	nuc	0.77
ASN	2, 81	713	PRO	2, 226	858	nuc	nuc	0.57
THR	2, 82	714	PRO	2, 226	858	nuc	nuc	1
LEU	2, 83	715	PRO	2, 226	858	nuc	nuc	1
THR	2, 86	718	PRO	2, 226	858	nuc	nuc	0.99
ILE	2, 159	791	PRO	2, 226	858	nuc	nuc	0.58
CYS	2, 161	793	PRO	2, 226	858	nuc	nuc	0.98
CYS	2, 163	795	PRO	2, 226	858	nuc	nuc	0.99
THR	2, 224	856	PRO	2, 226	858	nuc	nuc	0.97
CYS	2, 225	857	PRO	2, 226	858	nuc	nuc	1
GLU	2, 157	789	LYS	2, 227	859	nuc	nuc	1
CYS	2, 158	790	LYS	2, 227	859	nuc	nuc	0.96
ILE	2, 159	791	LYS	2, 227	859	nuc	nuc	0.99
CYS	2, 225	857	LYS	2, 227	859	nuc	nuc	1
PRO	2, 226	858	LYS	2, 227	859	nuc	nuc	1
THR	2, 222	854	GLY	2, 228	860	nuc	nuc	0.56
CYS	2, 225	857	GLY	2, 228	860	nuc	nuc	1
PRO	2, 226	858	GLY	2, 228	860	nuc	nuc	1
LYS	2, 227	859	GLY	2, 228	860	nuc	nuc	1
GLY	2, 154	786	LEU	2, 229	861	nuc	nuc	1
LEU	2, 155	787	LEU	2, 229	861	nuc	nuc	0.92
GLU	2, 157	789	LEU	2, 229	861	nuc	nuc	0.99
CYS	2, 158	790	LEU	2, 229	861	nuc	nuc	0.99
CYS	2, 164	796	LEU	2, 229	861	nuc	nuc	0.55
MET	2, 185	817	LEU	2, 229	861	nuc	nuc	0.98
THR	2, 222	854	LEU	2, 229	861	nuc	nuc	0.9
CYS	2, 225	857	LEU	2, 229	861	nuc	nuc	1
LYS	2, 227	859	LEU	2, 229	861	nuc	nuc	1
GLY	2, 228	860	LEU	2, 229	861	nuc	nuc	1
GLY	2, 154	786	ASN	2, 230	862	nuc	nuc	0.97
THR	2, 222	854	ASN	2, 230	862	nuc	nuc	1
CYS	2, 225	857	ASN	2, 230	862	nuc	nuc	0.94
GLY	2, 228	860	ASN	2, 230	862	nuc	nuc	1
LEU	2, 229	861	ASN	2, 230	862	nuc	nuc	1
CYS	2, 164	796	PRO	2, 231	863	nuc	nuc	1
PRO	2, 181	813	PRO	2, 231	863	nuc	nuc	1
ALA	2, 182	814	PRO	2, 231	863	nuc	nuc	0.99
LEU	2, 184	816	PRO	2, 231	863	nuc	nuc	0.98
MET	2, 185	817	PRO	2, 231	863	nuc	nuc	1
CYS	2, 221	853	PRO	2, 231	863	nuc	nuc	1
THR	2, 222	854	PRO	2, 231	863	nuc	nuc	1
CYS	2, 225	857	PRO	2, 231	863	nuc	nuc	1
LEU	2, 229	861	PRO	2, 231	863	nuc	nuc	1
ASN	2, 230	862	PRO	2, 231	863	nuc	nuc	1
PRO	2, 181	813	GLY	2, 232	864	nuc	nuc	1
MET	2, 185	817	GLY	2, 232	864	nuc	nuc	0.77
CYS	2, 215	847	GLY	2, 232	864	nuc	nuc	0.86
THR	2, 217	849	GLY	2, 232	864	nuc	nuc	0.96
MET	2, 219	851	GLY	2, 232	864	nuc	nuc	0.99
CYS	2, 221	853	GLY	2, 232	864	nuc	nuc	1
THR	2, 222	854	GLY	2, 232	864	nuc	nuc	1
ASN	2, 230	862	GLY	2, 232	864	nuc	nuc	1
PRO	2, 231	863	GLY	2, 232	864	nuc	nuc	1
THR	2, 222	854	LYS	2, 233	865	nuc	nuc	0.96
ASN	2, 230	862	LYS	2, 233	865	nuc	nuc	1
PRO	2, 231	863	LYS	2, 233	865	nuc	nuc	0.99
GLY	2, 232	864	LYS	2, 233	865	nuc	nuc	1
LEU	2, 155	787	ALA	2, 234	866	nuc	nuc	0.99
LEU	2, 184	816	ALA	2, 234	866	nuc	nuc	0.99
MET	2, 185	817	ALA	2, 234	866	nuc	nuc	1
TYR	2, 188	820	ALA	2, 234	866	nuc	nuc	1
ARG	2, 189	821	ALA	2, 234	866	nuc	nuc	0.58
ASN	2, 230	862	ALA	2, 234	866	nuc	nuc	1
PRO	2, 231	863	ALA	2, 234	866	nuc	nuc	1
GLY	2, 232	864	ALA	2, 234	866	nuc	nuc	1
LYS	2, 233	865	ALA	2, 234	866	nuc	nuc	1
PRO	2, 181	813	ILE	2, 235	867	nuc	nuc	1
LEU	2, 184	816	ILE	2, 235	867	nuc	nuc	1
MET	2, 185	817	ILE	2, 235	867	nuc	nuc	0.96
TYR	2, 188	820	ILE	2, 235	867	nuc	nuc	0.92
LEU	2, 212	844	ILE	2, 235	867	nuc	nuc	0.98
CYS	2, 215	847	ILE	2, 235	867	nuc	nuc	1
THR	2, 217	849	ILE	2, 235	867	nuc	nuc	0.55
PRO	2, 231	863	ILE	2, 235	867	nuc	nuc	1
GLY	2, 232	864	ILE	2, 235	867	nuc	nuc	1
LYS	2, 233	865	ILE	2, 235	867	nuc	nuc	1
ALA	2, 234	866	ILE	2, 235	867	nuc	nuc	1
THR	2, 217	849	ALA	2, 236	868	nuc	nuc	0.95
GLY	2, 232	864	ALA	2, 236	868	nuc	nuc	1
LYS	2, 233	865	ALA	2, 236	868	nuc	nuc	1
ALA	2, 234	866	ALA	2, 236	868	nuc	nuc	1
ILE	2, 235	867	ALA	2, 236	868	nuc	nuc	1
TYR	2, 188	820	GLU	2, 237	869	nuc	nuc	1
LYS	2, 233	865	GLU	2, 237	869	nuc	nuc	1
ALA	2, 234	866	GLU	2, 237	869	nuc	nuc	1
ILE	2, 235	867	GLU	2, 237	869	nuc	nuc	1
ALA	2, 236	868	GLU	2, 237	869	nuc	nuc	1
LEU	2, 184	816	ILE	2, 238	870	nuc	nuc	1
ALA	2, 187	819	ILE	2, 238	870	nuc	nuc	0.99
TYR	2, 188	820	ILE	2, 238	870	nuc	nuc	1
MET	2, 191	823	ILE	2, 238	870	nuc	nuc	0.98
LEU	2, 203	835	ILE	2, 238	870	nuc	nuc	0.81
LEU	2, 206	838	ILE	2, 238	870	nuc	nuc	0.96
LEU	2, 212	844	ILE	2, 238	870	nuc	nuc	0.99
ALA	2, 234	866	ILE	2, 238	870	nuc	nuc	1
ILE	2, 235	867	ILE	2, 238	870	nuc	nuc	1
ALA	2, 236	868	ILE	2, 238	870	nuc	nuc	1
GLU	2, 237	869	ILE	2, 238	870	nuc	nuc	1
LEU	2, 212	844	LYS	2, 239	871	nuc	nuc	0.99
TYR	2, 213	845	LYS	2, 239	871	nuc	nuc	0.53
CYS	2, 215	847	LYS	2, 239	871	nuc	nuc	0.54
ILE	2, 235	867	LYS	2, 239	871	nuc	nuc	1
ALA	2, 236	868	LYS	2, 239	871	nuc	nuc	1
GLU	2, 237	869	LYS	2, 239	871	nuc	nuc	1
ILE	2, 238	870	LYS	2, 239	871	nuc	nuc	1
ALA	2, 236	868	LYS	2, 240	872	nuc	nuc	1
GLU	2, 237	869	LYS	2, 240	872	nuc	nuc	1
ILE	2, 238	870	LYS	2, 240	872	nuc	nuc	1
LYS	2, 239	871	LYS	2, 240	872	nuc	nuc	1
MET	2, 191	823	MET	2, 241	873	nuc	nuc	0.98
LEU	2, 203	835	MET	2, 241	873	nuc	nuc	0.99
GLU	2, 237	869	MET	2, 241	873	nuc	nuc	1
ILE	2, 238	870	MET	2, 241	873	nuc	nuc	1
LYS	2, 239	871	MET	2, 241	873	nuc	nuc	1
LYS	2, 240	872	MET	2, 241	873	nuc	nuc	1
LEU	2, 203	835	MET	2, 242	874	nuc	nuc	1
LEU	2, 206	838	MET	2, 242	874	nuc	nuc	0.98
GLN	2, 207	839	MET	2, 242	874	nuc	nuc	0.82
LEU	2, 212	844	MET	2, 242	874	nuc	nuc	0.96
ILE	2, 238	870	MET	2, 242	874	nuc	nuc	1
LYS	2, 239	871	MET	2, 242	874	nuc	nuc	1
LYS	2, 240	872	MET	2, 242	874	nuc	nuc	1
MET	2, 241	873	MET	2, 242	874	nuc	nuc	1
LYS	2, 239	871	ALA	2, 243	875	nuc	nuc	0.98
LYS	2, 240	872	ALA	2, 243	875	nuc	nuc	1
MET	2, 241	873	ALA	2, 243	875	nuc	nuc	0.99
MET	2, 242	874	ALA	2, 243	875	nuc	nuc	1
LYS	2, 240	872	THR	2, 244	876	nuc	nuc	0.99
MET	2, 241	873	THR	2, 244	876	nuc	nuc	0.99
MET	2, 242	874	THR	2, 244	876	nuc	nuc	0.82
ALA	2, 243	875	THR	2, 244	876	nuc	nuc	1
THR	2, 199	831	TYR	2, 245	877	nuc	nuc	0.65
GLU	2, 200	832	TYR	2, 245	877	nuc	nuc	0.99
LEU	2, 203	835	TYR	2, 245	877	nuc	nuc	0.99
MET	2, 241	873	TYR	2, 245	877	nuc	nuc	0.99
MET	2, 242	874	TYR	2, 245	877	nuc	nuc	0.99
ALA	2, 243	875	TYR	2, 245	877	nuc	nuc	0.54
THR	2, 244	876	TYR	2, 245	877	nuc	nuc	1
TYR	2, 245	877	LYS	2, 246	878	nuc	nuc	1
GLU	2, 200	832	GLU	2, 247	879	nuc	nuc	0.76
TYR	2, 245	877	GLU	2, 247	879	nuc	nuc	0.71
LYS	2, 246	878	GLU	2, 247	879	nuc	nuc	1
GLU	2, 200	832	LYS	2, 248	880	nuc	nuc	0.67
LYS	2, 246	878	LYS	2, 248	880	nuc	nuc	0.74
GLU	2, 247	879	LYS	2, 248	880	nuc	nuc	1
GLU	2, 247	879	ALA	2, 249	881	nuc	nuc	0.79
LYS	2, 248	880	ALA	2, 249	881	nuc	nuc	1
LYS	2, 248	880	ALA	2, 250	882	nuc	nuc	0.82
ALA	2, 249	881	ALA	2, 250	882	nuc	nuc	1
ALA	2, 249	881	ALA	2, 251	883	nuc	nuc	0.84
ALA	2, 250	882	ALA	2, 251	883	nuc	nuc	1
ALA	2, 250	882	ALA	2, 252	884	nuc	nuc	0.82
ALA	2, 251	883	ALA	2, 252	884	nuc	nuc	1
ASP	1, 180	180	ALA	3, 1	885	nuc	nuc	0.88
THR	1, 181	181	ALA	3, 1	885	nuc	nuc	0.52
SER	1, 182	182	ALA	3, 1	885	nuc	nuc	0.71
ALA	3, 1	885	THR	3, 2	886	nuc	nuc	1
ALA	3, 1	885	THR	3, 3	887	nuc	nuc	0.53
THR	3, 2	886	THR	3, 3	887	nuc	nuc	1
ALA	2, 120	752	ALA	3, 4	888	nuc	nuc	0.99
GLN	2, 121	753	ALA	3, 4	888	nuc	nuc	0.9
LYS	2, 123	755	ALA	3, 4	888	nuc	nuc	0.99
SER	2, 124	756	ALA	3, 4	888	nuc	nuc	0.99
THR	3, 3	887	ALA	3, 4	888	nuc	nuc	1
SER	2, 124	756	LYS	3, 5	889	nuc	nuc	0.88
THR	3, 3	887	LYS	3, 5	889	nuc	nuc	0.99
ALA	3, 4	888	LYS	3, 5	889	nuc	nuc	1
THR	3, 2	886	GLU	3, 6	890	nuc	nuc	0.95
THR	3, 3	887	GLU	3, 6	890	nuc	nuc	0.99
ALA	3, 4	888	GLU	3, 6	890	nuc	nuc	0.99
LYS	3, 5	889	GLU	3, 6	890	nuc	nuc	1
SER	2, 116	748	GLU	3, 7	891	nuc	nuc	0.98
ASN	2, 117	749	GLU	3, 7	891	nuc	nuc	0.51
TYR	2, 119	751	GLU	3, 7	891	nuc	nuc	0.64
ALA	2, 120	752	GLU	3, 7	891	nuc	nuc	1
LYS	2, 123	755	GLU	3, 7	891	nuc	nuc	0.94
THR	3, 2	886	GLU	3, 7	891	nuc	nuc	0.9
THR	3, 3	887	GLU	3, 7	891	nuc	nuc	0.98
ALA	3, 4	888	GLU	3, 7	891	nuc	nuc	1
LYS	3, 5	889	GLU	3, 7	891	nuc	nuc	0.99
GLU	3, 6	890	GLU	3, 7	891	nuc	nuc	1
ASN	2, 117	749	MET	3, 8	892	nuc	nuc	0.99
ALA	2, 120	752	MET	3, 8	892	nuc	nuc	1
GLN	2, 121	753	MET	3, 8	892	nuc	nuc	0.92
SER	2, 124	756	MET	3, 8	892	nuc	nuc	0.61
ASP	2, 176	808	MET	3, 8	892	nuc	nuc	0.86
ALA	3, 4	888	MET	3, 8	892	nuc	nuc	1
LYS	3, 5	889	MET	3, 8	892	nuc	nuc	1
GLU	3, 6	890	MET	3, 8	892	nuc	nuc	1
GLU	3, 7	891	MET	3, 8	892	nuc	nuc	1
LYS	3, 5	889	ALA	3, 9	893	nuc	nuc	0.99
GLU	3, 6	890	ALA	3, 9	893	nuc	nuc	1
GLU	3, 7	891	ALA	3, 9	893	nuc	nuc	0.99
MET	3, 8	892	ALA	3, 9	893	nuc	nuc	1
SER	2, 116	748	ARG	3, 10	894	nuc	nuc	0.51
THR	3, 2	886	ARG	3, 10	894	nuc	nuc	0.52
GLU	3, 6	890	ARG	3, 10	894	nuc	nuc	1
GLU	3, 7	891	ARG	3, 10	894	nuc	nuc	1
MET	3, 8	892	ARG	3, 10	894	nuc	nuc	0.99
ALA	3, 9	893	ARG	3, 10	894	nuc	nuc	1
ASP	2, 114	746	PHE	3, 11	895	nuc	nuc	0.94
SER	2, 116	748	PHE	3, 11	895	nuc	nuc	1
ASN	2, 117	749	PHE	3, 11	895	nuc	nuc	1
ALA	2, 120	752	PHE	3, 11	895	nuc	nuc	0.99
GLU	3, 7	891	PHE	3, 11	895	nuc	nuc	1
MET	3, 8	892	PHE	3, 11	895	nuc	nuc	1
ALA	3, 9	893	PHE	3, 11	895	nuc	nuc	1
ARG	3, 10	894	PHE	3, 11	895	nuc	nuc	1
ASN	2, 117	749	TRP	3, 12	896	nuc	nuc	0.75
ASP	2, 176	808	TRP	3, 12	896	nuc	nuc	0.98
MET	3, 8	892	TRP	3, 12	896	nuc	nuc	0.99
ALA	3, 9	893	TRP	3, 12	896	nuc	nuc	1
ARG	3, 10	894	TRP	3, 12	896	nuc	nuc	0.94
PHE	3, 11	895	TRP	3, 12	896	nuc	nuc	1
ALA	3, 9	893	GLU	3, 13	897	nuc	nuc	1
ARG	3, 10	894	GLU	3, 13	897	nuc	nuc	1
PHE	3, 11	895	GLU	3, 13	897	nuc	nuc	0.99
TRP	3, 12	896	GLU	3, 13	897	nuc	nuc	1
ARG	3, 10	894	LYS	3, 14	898	nuc	nuc	1
PHE	3, 11	895	LYS	3, 14	898	nuc	nuc	1
TRP	3, 12	896	LYS	3, 14	898	nuc	nuc	0.98
GLU	3, 13	897	LYS	3, 14	898	nuc	nuc	1
TYR	2, 106	738	ASN	3, 15	899	nuc	nuc	0.99
ASP	2, 114	746	ASN	3, 15	899	nuc	nuc	0.98
PHE	3, 11	895	ASN	3, 15	899	nuc	nuc	1
TRP	3, 12	896	ASN	3, 15	899	nuc	nuc	1
GLU	3, 13	897	ASN	3, 15	899	nuc	nuc	0.78
LYS	3, 14	898	ASN	3, 15	899	nuc	nuc	1
TRP	3, 12	896	THR	3, 16	900	nuc	nuc	0.99
GLU	3, 13	897	THR	3, 16	900	nuc	nuc	0.99
LYS	3, 14	898	THR	3, 16	900	nuc	nuc	0.81
ASN	3, 15	899	THR	3, 16	900	nuc	nuc	1
GLU	3, 13	897	LYS	3, 17	901	nuc	nuc	0.97
LYS	3, 14	898	LYS	3, 17	901	nuc	nuc	0.95
ASN	3, 15	899	LYS	3, 17	901	nuc	nuc	0.93
THR	3, 16	900	LYS	3, 17	901	nuc	nuc	1
TYR	2, 106	738	SER	3, 18	902	nuc	nuc	0.85
LYS	3, 14	898	SER	3, 18	902	nuc	nuc	0.99
ASN	3, 15	899	SER	3, 18	902	nuc	nuc	0.99
THR	3, 16	900	SER	3, 18	902	nuc	nuc	0.98
LYS	3, 17	901	SER	3, 18	902	nuc	nuc	1
PRO	2, 21	653	SER	3, 19	903	nuc	nuc	0.88
SER	3, 18	902	SER	3, 19	903	nuc	nuc	1
PRO	2, 21	653	ARG	3, 20	904	nuc	nuc	0.92
TYR	2, 106	738	ARG	3, 20	904	nuc	nuc	1
VAL	2, 107	739	ARG	3, 20	904	nuc	nuc	0.99
VAL	2, 108	740	ARG	3, 20	904	nuc	nuc	0.98
ASP	2, 114	746	ARG	3, 20	904	nuc	nuc	0.92
ASN	3, 15	899	ARG	3, 20	904	nuc	nuc	0.99
SER	3, 18	902	ARG	3, 20	904	nuc	nuc	1
SER	3, 19	903	ARG	3, 20	904	nuc	nuc	1
TRP	2, 19	651	PRO	3, 21	905	nuc	nuc	0.99
LYS	2, 27	659	PRO	3, 21	905	nuc	nuc	0.55
PRO	2, 28	660	PRO	3, 21	905	nuc	nuc	0.99
TYR	2, 106	738	PRO	3, 21	905	nuc	nuc	0.95
VAL	2, 107	739	PRO	3, 21	905	nuc	nuc	1
SER	3, 19	903	PRO	3, 21	905	nuc	nuc	0.61
ARG	3, 20	904	PRO	3, 21	905	nuc	nuc	1
HIS	2, 104	736	LEU	3, 22	906	nuc	nuc	1
MET	2, 105	737	LEU	3, 22	906	nuc	nuc	0.97
TYR	2, 106	738	LEU	3, 22	906	nuc	nuc	1
VAL	2, 107	739	LEU	3, 22	906	nuc	nuc	0.93
ARG	3, 20	904	LEU	3, 22	906	nuc	nuc	0.74
PRO	3, 21	905	LEU	3, 22	906	nuc	nuc	1
TYR	2, 17	649	SER	3, 23	907	nuc	nuc	0.87
TYR	2, 100	732	SER	3, 23	907	nuc	nuc	0.98
PRO	2, 101	733	SER	3, 23	907	nuc	nuc	1
LEU	2, 102	734	SER	3, 23	907	nuc	nuc	0.99
PRO	2, 103	735	SER	3, 23	907	nuc	nuc	1
HIS	2, 104	736	SER	3, 23	907	nuc	nuc	0.99
MET	2, 105	737	SER	3, 23	907	nuc	nuc	0.99
TYR	2, 106	738	SER	3, 23	907	nuc	nuc	0.9
VAL	2, 107	739	SER	3, 23	907	nuc	nuc	1
PRO	2, 113	745	SER	3, 23	907	nuc	nuc	0.98
PRO	3, 21	905	SER	3, 23	907	nuc	nuc	0.98
LEU	3, 22	906	SER	3, 23	907	nuc	nuc	1
TYR	2, 17	649	PRO	3, 24	908	nuc	nuc	0.72
TYR	2, 100	732	PRO	3, 24	908	nuc	nuc	0.99
PRO	2, 103	735	PRO	3, 24	908	nuc	nuc	0.99
SER	3, 23	907	PRO	3, 24	908	nuc	nuc	1
PRO	2, 103	735	HIS	3, 25	909	nuc	nuc	1
HIS	2, 104	736	HIS	3, 25	909	nuc	nuc	1
TRP	2, 172	804	HIS	3, 25	909	nuc	nuc	0.99
SER	3, 23	907	HIS	3, 25	909	nuc	nuc	0.99
PRO	3, 24	908	HIS	3, 25	909	nuc	nuc	1
PRO	3, 24	908	ILE	3, 26	910	nuc	nuc	0.75
HIS	3, 25	909	ILE	3, 26	910	nuc	nuc	1
PRO	3, 24	908	SER	3, 27	911	nuc	nuc	0.99
HIS	3, 25	909	SER	3, 27	911	nuc	nuc	0.99
ILE	3, 26	910	SER	3, 27	911	nuc	nuc	1
ASN	2, 76	708	ILE	3, 28	912	nuc	nuc	0.99
GLY	2, 79	711	ILE	3, 28	912	nuc	nuc	0.99
LYS	2, 98	730	ILE	3, 28	912	nuc	nuc	0.93
TYR	2, 100	732	ILE	3, 28	912	nuc	nuc	0.99
PRO	2, 103	735	ILE	3, 28	912	nuc	nuc	0.97
PRO	3, 24	908	ILE	3, 28	912	nuc	nuc	1
HIS	3, 25	909	ILE	3, 28	912	nuc	nuc	0.98
ILE	3, 26	910	ILE	3, 28	912	nuc	nuc	0.77
SER	3, 27	911	ILE	3, 28	912	nuc	nuc	1
ASN	2, 76	708	TYR	3, 29	913	nuc	nuc	0.91
GLY	2, 79	711	TYR	3, 29	913	nuc	nuc	0.99
GLY	2, 80	712	TYR	3, 29	913	nuc	nuc	0.99
PRO	2, 103	735	TYR	3, 29	913	nuc	nuc	0.99
SER	2, 167	799	TYR	3, 29	913	nuc	nuc	0.97
HIS	3, 25	909	TYR	3, 29	913	nuc	nuc	0.99
ILE	3, 26	910	TYR	3, 29	913	nuc	nuc	0.99
SER	3, 27	911	TYR	3, 29	913	nuc	nuc	0.54
ILE	3, 28	912	TYR	3, 29	913	nuc	nuc	1
ALA	2, 78	710	LYS	3, 30	914	nuc	nuc	0.93
GLY	2, 79	711	LYS	3, 30	914	nuc	nuc	1
GLY	2, 80	712	LYS	3, 30	914	nuc	nuc	1
TYR	3, 29	913	LYS	3, 30	914	nuc	nuc	1
TYR	3, 29	913	TRP	3, 31	915	nuc	nuc	0.98
LYS	3, 30	914	TRP	3, 31	915	nuc	nuc	1
ASN	2, 220	852	SER	3, 32	916	nuc	nuc	0.86
ARG	2, 223	855	SER	3, 32	916	nuc	nuc	0.98
LYS	3, 30	914	SER	3, 32	916	nuc	nuc	1
TRP	3, 31	915	SER	3, 32	916	nuc	nuc	1
SER	3, 32	916	LEU	3, 33	917	nuc	nuc	1
ILE	2, 218	850	PRO	3, 34	918	nuc	nuc	0.96
MET	2, 219	851	PRO	3, 34	918	nuc	nuc	1
ASN	2, 220	852	PRO	3, 34	918	nuc	nuc	0.78
ARG	2, 223	855	PRO	3, 34	918	nuc	nuc	0.92
SER	3, 32	916	PRO	3, 34	918	nuc	nuc	1
LEU	3, 33	917	PRO	3, 34	918	nuc	nuc	1
ILE	2, 218	850	MET	3, 35	919	nuc	nuc	0.99
ASN	2, 220	852	MET	3, 35	919	nuc	nuc	0.99
TRP	3, 31	915	MET	3, 35	919	nuc	nuc	1
SER	3, 32	916	MET	3, 35	919	nuc	nuc	1
LEU	3, 33	917	MET	3, 35	919	nuc	nuc	0.99
PRO	3, 34	918	MET	3, 35	919	nuc	nuc	1
TRP	3, 31	915	ALA	3, 36	920	nuc	nuc	1
SER	3, 32	916	ALA	3, 36	920	nuc	nuc	0.99
LEU	3, 33	917	ALA	3, 36	920	nuc	nuc	1
PRO	3, 34	918	ALA	3, 36	920	nuc	nuc	1
MET	3, 35	919	ALA	3, 36	920	nuc	nuc	1
LEU	3, 33	917	MET	3, 37	921	nuc	nuc	1
PRO	3, 34	918	MET	3, 37	921	nuc	nuc	1
MET	3, 35	919	MET	3, 37	921	nuc	nuc	1
ALA	3, 36	920	MET	3, 37	921	nuc	nuc	1
HIS	2, 216	848	SER	3, 38	922	nuc	nuc	0.97
THR	2, 217	849	SER	3, 38	922	nuc	nuc	0.84
ILE	2, 218	850	SER	3, 38	922	nuc	nuc	1
PRO	3, 34	918	SER	3, 38	922	nuc	nuc	1
MET	3, 35	919	SER	3, 38	922	nuc	nuc	1
ALA	3, 36	920	SER	3, 38	922	nuc	nuc	1
MET	3, 37	921	SER	3, 38	922	nuc	nuc	1
MET	3, 35	919	ILE	3, 39	923	nuc	nuc	0.99
ALA	3, 36	920	ILE	3, 39	923	nuc	nuc	1
MET	3, 37	921	ILE	3, 39	923	nuc	nuc	0.94
SER	3, 38	922	ILE	3, 39	923	nuc	nuc	1
ALA	3, 36	920	THR	3, 40	924	nuc	nuc	1
MET	3, 37	921	THR	3, 40	924	nuc	nuc	1
SER	3, 38	922	THR	3, 40	924	nuc	nuc	0.99
ILE	3, 39	923	THR	3, 40	924	nuc	nuc	1
MET	3, 37	921	HIS	3, 41	925	nuc	nuc	1
SER	3, 38	922	HIS	3, 41	925	nuc	nuc	1
ILE	3, 39	923	HIS	3, 41	925	nuc	nuc	1
THR	3, 40	924	HIS	3, 41	925	nuc	nuc	1
HIS	2, 216	848	ARG	3, 42	926	nuc	nuc	0.52
SER	3, 38	922	ARG	3, 42	926	nuc	nuc	0.99
ILE	3, 39	923	ARG	3, 42	926	nuc	nuc	1
THR	3, 40	924	ARG	3, 42	926	nuc	nuc	1
HIS	3, 41	925	ARG	3, 42	926	nuc	nuc	1
ILE	3, 39	923	GLY	3, 43	927	nuc	nuc	1
THR	3, 40	924	GLY	3, 43	927	nuc	nuc	1
HIS	3, 41	925	GLY	3, 43	927	nuc	nuc	1
ARG	3, 42	926	GLY	3, 43	927	nuc	nuc	1
THR	3, 40	924	THR	3, 44	928	nuc	nuc	1
HIS	3, 41	925	THR	3, 44	928	nuc	nuc	1
ARG	3, 42	926	THR	3, 44	928	nuc	nuc	0.98
GLY	3, 43	927	THR	3, 44	928	nuc	nuc	1
HIS	3, 41	925	GLY	3, 45	929	nuc	nuc	1
ARG	3, 42	926	GLY	3, 45	929	nuc	nuc	1
GLY	3, 43	927	GLY	3, 45	929	nuc	nuc	1
THR	3, 44	928	GLY	3, 45	929	nuc	nuc	1
ARG	3, 42	926	VAL	3, 46	930	nuc	nuc	1
GLY	3, 43	927	VAL	3, 46	930	nuc	nuc	1
THR	3, 44	928	VAL	3, 46	930	nuc	nuc	0.99
GLY	3, 45	929	VAL	3, 46	930	nuc	nuc	1
GLY	3, 43	927	ALA	3, 47	931	nuc	nuc	1
THR	3, 44	928	ALA	3, 47	931	nuc	nuc	1
GLY	3, 45	929	ALA	3, 47	931	nuc	nuc	1
VAL	3, 46	930	ALA	3, 47	931	nuc	nuc	1
THR	3, 44	928	LEU	3, 48	932	nuc	nuc	1
GLY	3, 45	929	LEU	3, 48	932	nuc	nuc	1
VAL	3, 46	930	LEU	3, 48	932	nuc	nuc	0.99
ALA	3, 47	931	LEU	3, 48	932	nuc	nuc	1
GLY	3, 45	929	SER	3, 49	933	nuc	nuc	1
VAL	3, 46	930	SER	3, 49	933	nuc	nuc	1
ALA	3, 47	931	SER	3, 49	933	nuc	nuc	0.99
LEU	3, 48	932	SER	3, 49	933	nuc	nuc	1
VAL	3, 46	930	LEU	3, 50	934	nuc	nuc	0.98
ALA	3, 47	931	LEU	3, 50	934	nuc	nuc	0.99
LEU	3, 48	932	LEU	3, 50	934	nuc	nuc	0.54
SER	3, 49	933	LEU	3, 50	934	nuc	nuc	1
ALA	3, 47	931	GLY	3, 51	935	nuc	nuc	0.93
LEU	3, 48	932	GLY	3, 51	935	nuc	nuc	0.87
SER	3, 49	933	GLY	3, 51	935	nuc	nuc	0.96
LEU	3, 50	934	GLY	3, 51	935	nuc	nuc	1
ALA	3, 47	931	VAL	3, 52	936	nuc	nuc	0.51
LEU	3, 50	934	VAL	3, 52	936	nuc	nuc	0.71
GLY	3, 51	935	VAL	3, 52	936	nuc	nuc	1
GLY	3, 51	935	CYS	3, 53	937	nuc	nuc	0.86
VAL	3, 52	936	CYS	3, 53	937	nuc	nuc	1
VAL	3, 52	936	THR	3, 54	938	nuc	nuc	0.8
CYS	3, 53	937	THR	3, 54	938	nuc	nuc	1
CYS	3, 53	937	SER	3, 55	939	nuc	nuc	0.83
THR	3, 54	938	SER	3, 55	939	nuc	nuc	1
THR	3, 54	938	SER	3, 56	940	nuc	nuc	0.81
SER	3, 55	939	SER	3, 56	940	nuc	nuc	1
SER	3, 55	939	CYS	3, 57	941	nuc	nuc	0.84
SER	3, 56	940	CYS	3, 57	941	nuc	nuc	1
SER	3, 55	939	CYS	3, 58	942	nuc	nuc	0.52
SER	3, 56	940	CYS	3, 58	942	nuc	nuc	0.84
CYS	3, 57	941	CYS	3, 58	942	nuc	nuc	1
SER	3, 56	940	GLY	3, 59	943	nuc	nuc	0.54
CYS	3, 57	941	GLY	3, 59	943	nuc	nuc	0.97
CYS	3, 58	942	GLY	3, 59	943	nuc	nuc	1
CYS	3, 58	942	LEU	3, 60	944	nuc	nuc	0.8
GLY	3, 59	943	LEU	3, 60	944	nuc	nuc	1
GLY	3, 59	943	GLN	3, 61	945	nuc	nuc	0.97
LEU	3, 60	944	GLN	3, 61	945	nuc	nuc	1
GLY	3, 59	943	SER	3, 62	946	nuc	nuc	0.53
LEU	3, 60	944	SER	3, 62	946	nuc	nuc	0.8
GLN	3, 61	945	SER	3, 62	946	nuc	nuc	1
GLN	3, 61	945	CYS	3, 63	947	nuc	nuc	0.77
SER	3, 62	946	CYS	3, 63	947	nuc	nuc	1
SER	3, 62	946	GLY	3, 64	948	nuc	nuc	0.93
CYS	3, 63	947	GLY	3, 64	948	nuc	nuc	1
CYS	3, 63	947	CYS	3, 65	949	nuc	nuc	0.85
GLY	3, 64	948	CYS	3, 65	949	nuc	nuc	1
GLY	3, 64	948	TRP	3, 66	950	nuc	nuc	0.97
CYS	3, 65	949	TRP	3, 66	950	nuc	nuc	1
GLY	3, 64	948	HIS	3, 67	951	nuc	nuc	0.55
CYS	3, 65	949	HIS	3, 67	951	nuc	nuc	0.83
TRP	3, 66	950	HIS	3, 67	951	nuc	nuc	1
CYS	3, 65	949	SER	3, 68	952	nuc	nuc	0.58
TRP	3, 66	950	SER	3, 68	952	nuc	nuc	0.78
HIS	3, 67	951	SER	3, 68	952	nuc	nuc	1
TRP	3, 66	950	PHE	3, 69	953	nuc	nuc	0.69
HIS	3, 67	951	PHE	3, 69	953	nuc	nuc	0.71
SER	3, 68	952	PHE	3, 69	953	nuc	nuc	1
TRP	3, 66	950	ILE	3, 70	954	nuc	nuc	0.62
HIS	3, 67	951	ILE	3, 70	954	nuc	nuc	0.66
SER	3, 68	952	ILE	3, 70	954	nuc	nuc	0.64
PHE	3, 69	953	ILE	3, 70	954	nuc	nuc	1
HIS	3, 67	951	SER	3, 71	955	nuc	nuc	0.57
SER	3, 68	952	SER	3, 71	955	nuc	nuc	0.67
PHE	3, 69	953	SER	3, 71	955	nuc	nuc	0.77
ILE	3, 70	954	SER	3, 71	955	nuc	nuc	1
PHE	3, 69	953	PRO	3, 72	956	nuc	nuc	0.56
ILE	3, 70	954	PRO	3, 72	956	nuc	nuc	0.65
SER	3, 71	955	PRO	3, 72	956	nuc	nuc	1
PHE	3, 69	953	CYS	3, 73	957	nuc	nuc	0.57
ILE	3, 70	954	CYS	3, 73	957	nuc	nuc	0.76
SER	3, 71	955	CYS	3, 73	957	nuc	nuc	0.91
PRO	3, 72	956	CYS	3, 73	957	nuc	nuc	1
ILE	3, 70	954	LEU	3, 74	958	nuc	nuc	0.71
SER	3, 71	955	LEU	3, 74	958	nuc	nuc	0.81
PRO	3, 72	956	LEU	3, 74	958	nuc	nuc	0.87
CYS	3, 73	957	LEU	3, 74	958	nuc	nuc	1
SER	3, 71	955	SER	3, 75	959	nuc	nuc	0.71
PRO	3, 72	956	SER	3, 75	959	nuc	nuc	0.78
CYS	3, 73	957	SER	3, 75	959	nuc	nuc	0.9
LEU	3, 74	958	SER	3, 75	959	nuc	nuc	1
PRO	3, 72	956	SER	3, 76	960	nuc	nuc	0.72
CYS	3, 73	957	SER	3, 76	960	nuc	nuc	0.79
LEU	3, 74	958	SER	3, 76	960	nuc	nuc	0.85
SER	3, 75	959	SER	3, 76	960	nuc	nuc	1
CYS	3, 73	957	CYS	3, 77	961	nuc	nuc	0.68
LEU	3, 74	958	CYS	3, 77	961	nuc	nuc	0.74
SER	3, 75	959	CYS	3, 77	961	nuc	nuc	0.84
SER	3, 76	960	CYS	3, 77	961	nuc	nuc	1
LEU	3, 74	958	ASN	3, 78	962	nuc	nuc	0.6
SER	3, 75	959	ASN	3, 78	962	nuc	nuc	0.68
SER	3, 76	960	ASN	3, 78	962	nuc	nuc	0.86
CYS	3, 77	961	ASN	3, 78	962	nuc	nuc	1
SER	3, 75	959	SER	3, 79	963	nuc	nuc	0.53
SER	3, 76	960	SER	3, 79	963	nuc	nuc	0.63
CYS	3, 77	961	SER	3, 79	963	nuc	nuc	0.84
ASN	3, 78	962	SER	3, 79	963	nuc	nuc	1
CYS	3, 77	961	ALA	3, 80	964	nuc	nuc	0.58
ASN	3, 78	962	ALA	3, 80	964	nuc	nuc	0.78
SER	3, 79	963	ALA	3, 80	964	nuc	nuc	1
SER	3, 79	963	PHE	3, 81	965	nuc	nuc	0.77
ALA	3, 80	964	PHE	3, 81	965	nuc	nuc	1
GLY	3, 51	935	SER	3, 82	966	nuc	nuc	0.76
SER	3, 79	963	SER	3, 82	966	nuc	nuc	0.58
ALA	3, 80	964	SER	3, 82	966	nuc	nuc	0.75
PHE	3, 81	965	SER	3, 82	966	nuc	nuc	1
ALA	3, 47	931	ARG	3, 83	967	nuc	nuc	0.65
LEU	3, 48	932	ARG	3, 83	967	nuc	nuc	0.85
SER	3, 49	933	ARG	3, 83	967	nuc	nuc	0.63
LEU	3, 50	934	ARG	3, 83	967	nuc	nuc	0.83
GLY	3, 51	935	ARG	3, 83	967	nuc	nuc	0.89
VAL	3, 52	936	ARG	3, 83	967	nuc	nuc	0.58
PHE	3, 81	965	ARG	3, 83	967	nuc	nuc	0.79
SER	3, 82	966	ARG	3, 83	967	nuc	nuc	1
LEU	3, 48	932	VAL	3, 84	968	nuc	nuc	0.97
SER	3, 49	933	VAL	3, 84	968	nuc	nuc	0.98
LEU	3, 50	934	VAL	3, 84	968	nuc	nuc	0.64
GLY	3, 51	935	VAL	3, 84	968	nuc	nuc	0.79
SER	3, 82	966	VAL	3, 84	968	nuc	nuc	0.58
ARG	3, 83	967	VAL	3, 84	968	nuc	nuc	1
SER	3, 49	933	SER	3, 85	969	nuc	nuc	0.97
LEU	3, 50	934	SER	3, 85	969	nuc	nuc	0.96
GLY	3, 51	935	SER	3, 85	969	nuc	nuc	0.86
ARG	3, 83	967	SER	3, 85	969	nuc	nuc	0.87
VAL	3, 84	968	SER	3, 85	969	nuc	nuc	1
LEU	3, 50	934	LEU	3, 86	970	nuc	nuc	0.9
GLY	3, 51	935	LEU	3, 86	970	nuc	nuc	0.91
SER	3, 82	966	LEU	3, 86	970	nuc	nuc	0.6
ARG	3, 83	967	LEU	3, 86	970	nuc	nuc	0.96
VAL	3, 84	968	LEU	3, 86	970	nuc	nuc	0.97
SER	3, 85	969	LEU	3, 86	970	nuc	nuc	1
ARG	3, 83	967	PHE	3, 87	971	nuc	nuc	0.96
VAL	3, 84	968	PHE	3, 87	971	nuc	nuc	1
SER	3, 85	969	PHE	3, 87	971	nuc	nuc	0.99
LEU	3, 86	970	PHE	3, 87	971	nuc	nuc	1
VAL	3, 84	968	SER	3, 88	972	nuc	nuc	0.99
SER	3, 85	969	SER	3, 88	972	nuc	nuc	1
LEU	3, 86	970	SER	3, 88	972	nuc	nuc	0.99
PHE	3, 87	971	SER	3, 88	972	nuc	nuc	1
SER	3, 85	969	LEU	3, 89	973	nuc	nuc	0.99
LEU	3, 86	970	LEU	3, 89	973	nuc	nuc	1
PHE	3, 87	971	LEU	3, 89	973	nuc	nuc	1
SER	3, 88	972	LEU	3, 89	973	nuc	nuc	1
LEU	3, 86	970	ALA	3, 90	974	nuc	nuc	1
PHE	3, 87	971	ALA	3, 90	974	nuc	nuc	1
SER	3, 88	972	ALA	3, 90	974	nuc	nuc	1
LEU	3, 89	973	ALA	3, 90	974	nuc	nuc	1
PHE	3, 87	971	ALA	3, 91	975	nuc	nuc	1
SER	3, 88	972	ALA	3, 91	975	nuc	nuc	1
LEU	3, 89	973	ALA	3, 91	975	nuc	nuc	1
ALA	3, 90	974	ALA	3, 91	975	nuc	nuc	1
SER	3, 88	972	LEU	3, 92	976	nuc	nuc	0.99
LEU	3, 89	973	LEU	3, 92	976	nuc	nuc	1
ALA	3, 90	974	LEU	3, 92	976	nuc	nuc	0.99
ALA	3, 91	975	LEU	3, 92	976	nuc	nuc	1
LEU	3, 89	973	LEU	3, 93	977	nuc	nuc	0.99
ALA	3, 90	974	LEU	3, 93	977	nuc	nuc	1
ALA	3, 91	975	LEU	3, 93	977	nuc	nuc	0.75
LEU	3, 92	976	LEU	3, 93	977	nuc	nuc	1
ALA	3, 90	974	LEU	3, 94	978	nuc	nuc	0.99
ALA	3, 91	975	LEU	3, 94	978	nuc	nuc	0.98
LEU	3, 93	977	LEU	3, 94	978	nuc	nuc	1
LEU	3, 94	978	PRO	3, 95	979	nuc	nuc	1
LEU	3, 94	978	GLU	3, 96	980	nuc	nuc	0.99
PRO	3, 95	979	GLU	3, 96	980	nuc	nuc	1
GLU	3, 96	980	GLN	3, 97	981	nuc	nuc	1
GLN	3, 97	981	PHE	3, 98	982	nuc	nuc	1
GLN	3, 97	981	PRO	3, 99	983	nuc	nuc	0.99
PHE	3, 98	982	PRO	3, 99	983	nuc	nuc	1
GLU	3, 96	980	HIS	3, 100	984	nuc	nuc	0.98
GLN	3, 97	981	HIS	3, 100	984	nuc	nuc	0.99
PHE	3, 98	982	HIS	3, 100	984	nuc	nuc	0.99
PRO	3, 99	983	HIS	3, 100	984	nuc	nuc	1
LEU	3, 94	978	TYR	3, 101	985	nuc	nuc	0.62
GLU	3, 96	980	TYR	3, 101	985	nuc	nuc	0.95
PHE	3, 98	982	TYR	3, 101	985	nuc	nuc	1
PRO	3, 99	983	TYR	3, 101	985	nuc	nuc	0.96
HIS	3, 100	984	TYR	3, 101	985	nuc	nuc	1
PHE	3, 98	982	VAL	3, 102	986	nuc	nuc	0.99
PRO	3, 99	983	VAL	3, 102	986	nuc	nuc	1
HIS	3, 100	984	VAL	3, 102	986	nuc	nuc	0.99
TYR	3, 101	985	VAL	3, 102	986	nuc	nuc	1
PRO	3, 99	983	ALA	3, 103	987	nuc	nuc	0.99
HIS	3, 100	984	ALA	3, 103	987	nuc	nuc	1
TYR	3, 101	985	ALA	3, 103	987	nuc	nuc	0.99
VAL	3, 102	986	ALA	3, 103	987	nuc	nuc	1
HIS	3, 100	984	VAL	3, 104	988	nuc	nuc	0.99
TYR	3, 101	985	VAL	3, 104	988	nuc	nuc	1
VAL	3, 102	986	VAL	3, 104	988	nuc	nuc	0.99
ALA	3, 103	987	VAL	3, 104	988	nuc	nuc	1
TYR	3, 101	985	VAL	3, 105	989	nuc	nuc	0.99
VAL	3, 102	986	VAL	3, 105	989	nuc	nuc	1
ALA	3, 103	987	VAL	3, 105	989	nuc	nuc	0.97
VAL	3, 104	988	VAL	3, 105	989	nuc	nuc	1
VAL	3, 102	986	LYS	3, 106	990	nuc	nuc	0.99
ALA	3, 103	987	LYS	3, 106	990	nuc	nuc	1
VAL	3, 104	988	LYS	3, 106	990	nuc	nuc	0.98
VAL	3, 105	989	LYS	3, 106	990	nuc	nuc	1
ALA	3, 103	987	SER	3, 107	991	nuc	nuc	0.98
VAL	3, 104	988	SER	3, 107	991	nuc	nuc	0.99
VAL	3, 105	989	SER	3, 107	991	nuc	nuc	0.98
LYS	3, 106	990	SER	3, 107	991	nuc	nuc	1
VAL	3, 104	988	LEU	3, 108	992	nuc	nuc	0.93
VAL	3, 105	989	LEU	3, 108	992	nuc	nuc	0.99
LYS	3, 106	990	LEU	3, 108	992	nuc	nuc	0.98
SER	3, 107	991	LEU	3, 108	992	nuc	nuc	1
LYS	3, 106	990	SER	3, 109	993	nuc	nuc	0.72
SER	3, 107	991	SER	3, 109	993	nuc	nuc	0.93
LEU	3, 108	992	SER	3, 109	993	nuc	nuc	1
VAL	3, 105	989	LEU	3, 110	994	nuc	nuc	0.84
LEU	3, 108	992	LEU	3, 110	994	nuc	nuc	0.99
SER	3, 109	993	LEU	3, 110	994	nuc	nuc	1
LEU	3, 110	994	SER	3, 111	995	nuc	nuc	1
SER	3, 111	995	PRO	3, 112	996	nuc	nuc	1
SER	3, 111	995	ALA	3, 113	997	nuc	nuc	1
PRO	3, 112	996	ALA	3, 113	997	nuc	nuc	1
LEU	3, 110	994	LEU	3, 114	998	nuc	nuc	0.99
SER	3, 111	995	LEU	3, 114	998	nuc	nuc	1
PRO	3, 112	996	LEU	3, 114	998	nuc	nuc	0.98
ALA	3, 113	997	LEU	3, 114	998	nuc	nuc	1
LEU	3, 110	994	ILE	3, 115	999	nuc	nuc	0.97
SER	3, 111	995	ILE	3, 115	999	nuc	nuc	0.97
PRO	3, 112	996	ILE	3, 115	999	nuc	nuc	1
ALA	3, 113	997	ILE	3, 115	999	nuc	nuc	0.99
LEU	3, 114	998	ILE	3, 115	999	nuc	nuc	1
PRO	3, 112	996	TYR	3, 116	1000	nuc	nuc	0.99
ALA	3, 113	997	TYR	3, 116	1000	nuc	nuc	1
LEU	3, 114	998	TYR	3, 116	1000	nuc	nuc	0.99
ILE	3, 115	999	TYR	3, 116	1000	nuc	nuc	1
ALA	3, 113	997	SER	3, 117	1001	nuc	nuc	0.99
LEU	3, 114	998	SER	3, 117	1001	nuc	nuc	1
ILE	3, 115	999	SER	3, 117	1001	nuc	nuc	0.99
TYR	3, 116	1000	SER	3, 117	1001	nuc	nuc	1
LEU	3, 114	998	ALA	3, 118	1002	nuc	nuc	1
ILE	3, 115	999	ALA	3, 118	1002	nuc	nuc	1
TYR	3, 116	1000	ALA	3, 118	1002	nuc	nuc	1
SER	3, 117	1001	ALA	3, 118	1002	nuc	nuc	1
ILE	3, 115	999	LYS	3, 119	1003	nuc	nuc	1
TYR	3, 116	1000	LYS	3, 119	1003	nuc	nuc	1
SER	3, 117	1001	LYS	3, 119	1003	nuc	nuc	0.99
ALA	3, 118	1002	LYS	3, 119	1003	nuc	nuc	1
TYR	3, 116	1000	PHE	3, 120	1004	nuc	nuc	1
SER	3, 117	1001	PHE	3, 120	1004	nuc	nuc	1
ALA	3, 118	1002	PHE	3, 120	1004	nuc	nuc	1
LYS	3, 119	1003	PHE	3, 120	1004	nuc	nuc	1
SER	3, 117	1001	ALA	3, 121	1005	nuc	nuc	1
ALA	3, 118	1002	ALA	3, 121	1005	nuc	nuc	1
LYS	3, 119	1003	ALA	3, 121	1005	nuc	nuc	0.99
PHE	3, 120	1004	ALA	3, 121	1005	nuc	nuc	1
ALA	3, 118	1002	LEU	3, 122	1006	nuc	nuc	1
LYS	3, 119	1003	LEU	3, 122	1006	nuc	nuc	1
PHE	3, 120	1004	LEU	3, 122	1006	nuc	nuc	1
ALA	3, 121	1005	LEU	3, 122	1006	nuc	nuc	1
LYS	3, 119	1003	VAL	3, 123	1007	nuc	nuc	1
PHE	3, 120	1004	VAL	3, 123	1007	nuc	nuc	1
ALA	3, 121	1005	VAL	3, 123	1007	nuc	nuc	0.68
LEU	3, 122	1006	VAL	3, 123	1007	nuc	nuc	1
PHE	3, 120	1004	PHE	3, 124	1008	nuc	nuc	1
ALA	3, 121	1005	PHE	3, 124	1008	nuc	nuc	1
LEU	3, 122	1006	PHE	3, 124	1008	nuc	nuc	0.99
VAL	3, 123	1007	PHE	3, 124	1008	nuc	nuc	1
THR	3, 44	928	PRO	3, 125	1009	nuc	nuc	1
GLY	3, 45	929	PRO	3, 125	1009	nuc	nuc	0.83
ALA	3, 47	931	PRO	3, 125	1009	nuc	nuc	1
LEU	3, 48	932	PRO	3, 125	1009	nuc	nuc	0.99
LEU	3, 122	1006	PRO	3, 125	1009	nuc	nuc	0.77
VAL	3, 123	1007	PRO	3, 125	1009	nuc	nuc	0.9
PHE	3, 124	1008	PRO	3, 125	1009	nuc	nuc	1
THR	3, 44	928	LEU	3, 126	1010	nuc	nuc	0.66
LEU	3, 48	932	LEU	3, 126	1010	nuc	nuc	0.99
LEU	3, 122	1006	LEU	3, 126	1010	nuc	nuc	0.91
VAL	3, 123	1007	LEU	3, 126	1010	nuc	nuc	1
PHE	3, 124	1008	LEU	3, 126	1010	nuc	nuc	1
PRO	3, 125	1009	LEU	3, 126	1010	nuc	nuc	1
VAL	3, 123	1007	SER	3, 127	1011	nuc	nuc	1
PHE	3, 124	1008	SER	3, 127	1011	nuc	nuc	1
PRO	3, 125	1009	SER	3, 127	1011	nuc	nuc	0.99
LEU	3, 126	1010	SER	3, 127	1011	nuc	nuc	1
THR	3, 40	924	TYR	3, 128	1012	nuc	nuc	0.98
HIS	3, 41	925	TYR	3, 128	1012	nuc	nuc	0.89
THR	3, 44	928	TYR	3, 128	1012	nuc	nuc	1
PHE	3, 124	1008	TYR	3, 128	1012	nuc	nuc	1
PRO	3, 125	1009	TYR	3, 128	1012	nuc	nuc	1
LEU	3, 126	1010	TYR	3, 128	1012	nuc	nuc	1
SER	3, 127	1011	TYR	3, 128	1012	nuc	nuc	1
HIS	3, 41	925	HIS	3, 129	1013	nuc	nuc	1
THR	3, 44	928	HIS	3, 129	1013	nuc	nuc	1
GLY	3, 45	929	HIS	3, 129	1013	nuc	nuc	1
LEU	3, 48	932	HIS	3, 129	1013	nuc	nuc	0.98
PRO	3, 125	1009	HIS	3, 129	1013	nuc	nuc	1
LEU	3, 126	1010	HIS	3, 129	1013	nuc	nuc	1
SER	3, 127	1011	HIS	3, 129	1013	nuc	nuc	1
TYR	3, 128	1012	HIS	3, 129	1013	nuc	nuc	1
LEU	3, 126	1010	THR	3, 130	1014	nuc	nuc	1
SER	3, 127	1011	THR	3, 130	1014	nuc	nuc	1
TYR	3, 128	1012	THR	3, 130	1014	nuc	nuc	1
HIS	3, 129	1013	THR	3, 130	1014	nuc	nuc	1
SER	3, 127	1011	TRP	3, 131	1015	nuc	nuc	1
TYR	3, 128	1012	TRP	3, 131	1015	nuc	nuc	1
HIS	3, 129	1013	TRP	3, 131	1015	nuc	nuc	0.95
THR	3, 130	1014	TRP	3, 131	1015	nuc	nuc	1
MET	3, 37	921	ASN	3, 132	1016	nuc	nuc	0.99
THR	3, 40	924	ASN	3, 132	1016	nuc	nuc	0.52
HIS	3, 41	925	ASN	3, 132	1016	nuc	nuc	1
TYR	3, 128	1012	ASN	3, 132	1016	nuc	nuc	1
HIS	3, 129	1013	ASN	3, 132	1016	nuc	nuc	1
THR	3, 130	1014	ASN	3, 132	1016	nuc	nuc	0.99
TRP	3, 131	1015	ASN	3, 132	1016	nuc	nuc	1
HIS	3, 41	925	GLY	3, 133	1017	nuc	nuc	0.97
HIS	3, 129	1013	GLY	3, 133	1017	nuc	nuc	1
THR	3, 130	1014	GLY	3, 133	1017	nuc	nuc	1
TRP	3, 131	1015	GLY	3, 133	1017	nuc	nuc	1
ASN	3, 132	1016	GLY	3, 133	1017	nuc	nuc	1
THR	3, 130	1014	ILE	3, 134	1018	nuc	nuc	1
TRP	3, 131	1015	ILE	3, 134	1018	nuc	nuc	1
ASN	3, 132	1016	ILE	3, 134	1018	nuc	nuc	1
GLY	3, 133	1017	ILE	3, 134	1018	nuc	nuc	1
TRP	3, 131	1015	ARG	3, 135	1019	nuc	nuc	1
ASN	3, 132	1016	ARG	3, 135	1019	nuc	nuc	1
GLY	3, 133	1017	ARG	3, 135	1019	nuc	nuc	1
ILE	3, 134	1018	ARG	3, 135	1019	nuc	nuc	1
THR	2, 217	849	HIS	3, 136	1020	nuc	nuc	0.99
HIS	3, 41	925	HIS	3, 136	1020	nuc	nuc	0.91
ASN	3, 132	1016	HIS	3, 136	1020	nuc	nuc	1
GLY	3, 133	1017	HIS	3, 136	1020	nuc	nuc	1
ILE	3, 134	1018	HIS	3, 136	1020	nuc	nuc	1
ARG	3, 135	1019	HIS	3, 136	1020	nuc	nuc	1
GLY	3, 133	1017	LEU	3, 137	1021	nuc	nuc	1
ILE	3, 134	1018	LEU	3, 137	1021	nuc	nuc	1
ARG	3, 135	1019	LEU	3, 137	1021	nuc	nuc	1
HIS	3, 136	1020	LEU	3, 137	1021	nuc	nuc	1
ILE	3, 134	1018	VAL	3, 138	1022	nuc	nuc	1
ARG	3, 135	1019	VAL	3, 138	1022	nuc	nuc	1
HIS	3, 136	1020	VAL	3, 138	1022	nuc	nuc	1
LEU	3, 137	1021	VAL	3, 138	1022	nuc	nuc	1
THR	2, 217	849	TRP	3, 139	1023	nuc	nuc	0.99
ALA	2, 236	868	TRP	3, 139	1023	nuc	nuc	0.99
ARG	3, 135	1019	TRP	3, 139	1023	nuc	nuc	1
HIS	3, 136	1020	TRP	3, 139	1023	nuc	nuc	1
LEU	3, 137	1021	TRP	3, 139	1023	nuc	nuc	1
VAL	3, 138	1022	TRP	3, 139	1023	nuc	nuc	1
ALA	2, 236	868	ASP	3, 140	1024	nuc	nuc	0.97
LYS	2, 239	871	ASP	3, 140	1024	nuc	nuc	0.98
LYS	2, 240	872	ASP	3, 140	1024	nuc	nuc	0.55
HIS	3, 136	1020	ASP	3, 140	1024	nuc	nuc	1
LEU	3, 137	1021	ASP	3, 140	1024	nuc	nuc	1
VAL	3, 138	1022	ASP	3, 140	1024	nuc	nuc	1
TRP	3, 139	1023	ASP	3, 140	1024	nuc	nuc	1
LYS	2, 240	872	MET	3, 141	1025	nuc	nuc	0.75
LEU	3, 137	1021	MET	3, 141	1025	nuc	nuc	0.99
VAL	3, 138	1022	MET	3, 141	1025	nuc	nuc	1
TRP	3, 139	1023	MET	3, 141	1025	nuc	nuc	1
ASP	3, 140	1024	MET	3, 141	1025	nuc	nuc	1
LYS	2, 233	865	GLY	3, 142	1026	nuc	nuc	0.9
ALA	2, 236	868	GLY	3, 142	1026	nuc	nuc	1
GLU	2, 237	869	GLY	3, 142	1026	nuc	nuc	0.97
LYS	2, 240	872	GLY	3, 142	1026	nuc	nuc	0.98
VAL	3, 138	1022	GLY	3, 142	1026	nuc	nuc	0.92
TRP	3, 139	1023	GLY	3, 142	1026	nuc	nuc	1
ASP	3, 140	1024	GLY	3, 142	1026	nuc	nuc	1
MET	3, 141	1025	GLY	3, 142	1026	nuc	nuc	1
VAL	3, 138	1022	LYS	3, 143	1027	nuc	nuc	0.99
TRP	3, 139	1023	LYS	3, 143	1027	nuc	nuc	0.98
MET	3, 141	1025	LYS	3, 143	1027	nuc	nuc	1
GLY	3, 142	1026	LYS	3, 143	1027	nuc	nuc	1
VAL	3, 138	1022	GLY	3, 144	1028	nuc	nuc	0.98
TRP	3, 139	1023	GLY	3, 144	1028	nuc	nuc	0.99
GLY	3, 142	1026	GLY	3, 144	1028	nuc	nuc	1
LYS	3, 143	1027	GLY	3, 144	1028	nuc	nuc	1
MET	2, 219	851	PHE	3, 145	1029	nuc	nuc	0.64
THR	2, 222	854	PHE	3, 145	1029	nuc	nuc	0.92
ASN	2, 230	862	PHE	3, 145	1029	nuc	nuc	0.98
GLY	2, 232	864	PHE	3, 145	1029	nuc	nuc	0.99
LYS	2, 233	865	PHE	3, 145	1029	nuc	nuc	1
ALA	2, 236	868	PHE	3, 145	1029	nuc	nuc	0.99
TRP	3, 139	1023	PHE	3, 145	1029	nuc	nuc	0.99
GLY	3, 142	1026	PHE	3, 145	1029	nuc	nuc	0.99
LYS	3, 143	1027	PHE	3, 145	1029	nuc	nuc	0.98
GLY	3, 144	1028	PHE	3, 145	1029	nuc	nuc	1
ASN	2, 230	862	LYS	3, 146	1030	nuc	nuc	0.54
GLY	3, 144	1028	LYS	3, 146	1030	nuc	nuc	1
PHE	3, 145	1029	LYS	3, 146	1030	nuc	nuc	1
MET	2, 219	851	LEU	3, 147	1031	nuc	nuc	0.75
THR	2, 222	854	LEU	3, 147	1031	nuc	nuc	0.99
ARG	2, 223	855	LEU	3, 147	1031	nuc	nuc	0.99
LYS	3, 146	1030	LEU	3, 147	1031	nuc	nuc	1
LYS	3, 146	1030	SER	3, 148	1032	nuc	nuc	1
LEU	3, 147	1031	SER	3, 148	1032	nuc	nuc	1
GLY	3, 144	1028	GLN	3, 149	1033	nuc	nuc	0.99
PHE	3, 145	1029	GLN	3, 149	1033	nuc	nuc	0.98
LYS	3, 146	1030	GLN	3, 149	1033	nuc	nuc	1
LEU	3, 147	1031	GLN	3, 149	1033	nuc	nuc	1
SER	3, 148	1032	GLN	3, 149	1033	nuc	nuc	1
MET	2, 219	851	VAL	3, 150	1034	nuc	nuc	0.99
THR	2, 222	854	VAL	3, 150	1034	nuc	nuc	0.51
PRO	3, 34	918	VAL	3, 150	1034	nuc	nuc	0.99
GLY	3, 144	1028	VAL	3, 150	1034	nuc	nuc	0.98
PHE	3, 145	1029	VAL	3, 150	1034	nuc	nuc	0.99
LYS	3, 146	1030	VAL	3, 150	1034	nuc	nuc	0.99
LEU	3, 147	1031	VAL	3, 150	1034	nuc	nuc	1
SER	3, 148	1032	VAL	3, 150	1034	nuc	nuc	1
GLN	3, 149	1033	VAL	3, 150	1034	nuc	nuc	1
LEU	3, 33	917	GLU	3, 151	1035	nuc	nuc	0.97
PRO	3, 34	918	GLU	3, 151	1035	nuc	nuc	0.95
LEU	3, 147	1031	GLU	3, 151	1035	nuc	nuc	0.99
SER	3, 148	1032	GLU	3, 151	1035	nuc	nuc	1
GLN	3, 149	1033	GLU	3, 151	1035	nuc	nuc	0.99
VAL	3, 150	1034	GLU	3, 151	1035	nuc	nuc	1
SER	3, 148	1032	GLN	3, 152	1036	nuc	nuc	1
GLN	3, 149	1033	GLN	3, 152	1036	nuc	nuc	1
VAL	3, 150	1034	GLN	3, 152	1036	nuc	nuc	0.98
GLU	3, 151	1035	GLN	3, 152	1036	nuc	nuc	1
ARG	3, 135	1019	SER	3, 153	1037	nuc	nuc	1
VAL	3, 138	1022	SER	3, 153	1037	nuc	nuc	0.7
GLY	3, 144	1028	SER	3, 153	1037	nuc	nuc	0.98
GLN	3, 149	1033	SER	3, 153	1037	nuc	nuc	1
VAL	3, 150	1034	SER	3, 153	1037	nuc	nuc	1
GLU	3, 151	1035	SER	3, 153	1037	nuc	nuc	0.97
GLN	3, 152	1036	SER	3, 153	1037	nuc	nuc	1
LEU	3, 33	917	GLY	3, 154	1038	nuc	nuc	0.97
PRO	3, 34	918	GLY	3, 154	1038	nuc	nuc	0.95
MET	3, 37	921	GLY	3, 154	1038	nuc	nuc	0.99
ASN	3, 132	1016	GLY	3, 154	1038	nuc	nuc	0.73
ARG	3, 135	1019	GLY	3, 154	1038	nuc	nuc	0.99
VAL	3, 150	1034	GLY	3, 154	1038	nuc	nuc	0.99
GLU	3, 151	1035	GLY	3, 154	1038	nuc	nuc	1
GLN	3, 152	1036	GLY	3, 154	1038	nuc	nuc	1
SER	3, 153	1037	GLY	3, 154	1038	nuc	nuc	1
LEU	3, 33	917	VAL	3, 155	1039	nuc	nuc	0.74
GLU	3, 151	1035	VAL	3, 155	1039	nuc	nuc	0.99
GLN	3, 152	1036	VAL	3, 155	1039	nuc	nuc	1
SER	3, 153	1037	VAL	3, 155	1039	nuc	nuc	0.99
GLY	3, 154	1038	VAL	3, 155	1039	nuc	nuc	1
GLN	3, 152	1036	VAL	3, 156	1040	nuc	nuc	1
SER	3, 153	1037	VAL	3, 156	1040	nuc	nuc	1
GLY	3, 154	1038	VAL	3, 156	1040	nuc	nuc	1
VAL	3, 155	1039	VAL	3, 156	1040	nuc	nuc	1
MET	3, 37	921	VAL	3, 157	1041	nuc	nuc	0.94
TYR	3, 128	1012	VAL	3, 157	1041	nuc	nuc	0.94
TRP	3, 131	1015	VAL	3, 157	1041	nuc	nuc	1
ASN	3, 132	1016	VAL	3, 157	1041	nuc	nuc	1
ARG	3, 135	1019	VAL	3, 157	1041	nuc	nuc	1
SER	3, 153	1037	VAL	3, 157	1041	nuc	nuc	1
GLY	3, 154	1038	VAL	3, 157	1041	nuc	nuc	1
VAL	3, 155	1039	VAL	3, 157	1041	nuc	nuc	1
VAL	3, 156	1040	VAL	3, 157	1041	nuc	nuc	1
GLY	3, 154	1038	LEU	3, 158	1042	nuc	nuc	1
VAL	3, 155	1039	LEU	3, 158	1042	nuc	nuc	1
VAL	3, 156	1040	LEU	3, 158	1042	nuc	nuc	1
VAL	3, 157	1041	LEU	3, 158	1042	nuc	nuc	1
VAL	3, 155	1039	ILE	3, 159	1043	nuc	nuc	1
VAL	3, 156	1040	ILE	3, 159	1043	nuc	nuc	1
VAL	3, 157	1041	ILE	3, 159	1043	nuc	nuc	0.99
LEU	3, 158	1042	ILE	3, 159	1043	nuc	nuc	1
SER	3, 127	1011	LEU	3, 160	1044	nuc	nuc	0.65
TRP	3, 131	1015	LEU	3, 160	1044	nuc	nuc	1
VAL	3, 156	1040	LEU	3, 160	1044	nuc	nuc	1
VAL	3, 157	1041	LEU	3, 160	1044	nuc	nuc	1
LEU	3, 158	1042	LEU	3, 160	1044	nuc	nuc	1
ILE	3, 159	1043	LEU	3, 160	1044	nuc	nuc	1
PHE	3, 124	1008	THR	3, 161	1045	nuc	nuc	0.99
SER	3, 127	1011	THR	3, 161	1045	nuc	nuc	1
TYR	3, 128	1012	THR	3, 161	1045	nuc	nuc	1
TRP	3, 131	1015	THR	3, 161	1045	nuc	nuc	1
ASN	3, 132	1016	THR	3, 161	1045	nuc	nuc	0.54
VAL	3, 157	1041	THR	3, 161	1045	nuc	nuc	1
LEU	3, 158	1042	THR	3, 161	1045	nuc	nuc	1
ILE	3, 159	1043	THR	3, 161	1045	nuc	nuc	1
LEU	3, 160	1044	THR	3, 161	1045	nuc	nuc	1
LEU	3, 158	1042	LEU	3, 162	1046	nuc	nuc	1
ILE	3, 159	1043	LEU	3, 162	1046	nuc	nuc	1
LEU	3, 160	1044	LEU	3, 162	1046	nuc	nuc	0.99
THR	3, 161	1045	LEU	3, 162	1046	nuc	nuc	1
ILE	3, 159	1043	LEU	3, 163	1047	nuc	nuc	1
LEU	3, 160	1044	LEU	3, 163	1047	nuc	nuc	1
THR	3, 161	1045	LEU	3, 163	1047	nuc	nuc	0.99
LEU	3, 162	1046	LEU	3, 163	1047	nuc	nuc	1
VAL	3, 123	1007	SER	3, 164	1048	nuc	nuc	0.54
SER	3, 127	1011	SER	3, 164	1048	nuc	nuc	1
TRP	3, 131	1015	SER	3, 164	1048	nuc	nuc	0.94
LEU	3, 160	1044	SER	3, 164	1048	nuc	nuc	1
THR	3, 161	1045	SER	3, 164	1048	nuc	nuc	1
LEU	3, 162	1046	SER	3, 164	1048	nuc	nuc	0.96
LEU	3, 163	1047	SER	3, 164	1048	nuc	nuc	1
PHE	3, 120	1004	SER	3, 165	1049	nuc	nuc	1
VAL	3, 123	1007	SER	3, 165	1049	nuc	nuc	1
PHE	3, 124	1008	SER	3, 165	1049	nuc	nuc	1
SER	3, 127	1011	SER	3, 165	1049	nuc	nuc	1
THR	3, 161	1045	SER	3, 165	1049	nuc	nuc	1
LEU	3, 162	1046	SER	3, 165	1049	nuc	nuc	1
LEU	3, 163	1047	SER	3, 165	1049	nuc	nuc	0.99
SER	3, 164	1048	SER	3, 165	1049	nuc	nuc	1
PHE	3, 120	1004	ALA	3, 166	1050	nuc	nuc	0.96
LEU	3, 162	1046	ALA	3, 166	1050	nuc	nuc	1
LEU	3, 163	1047	ALA	3, 166	1050	nuc	nuc	1
SER	3, 164	1048	ALA	3, 166	1050	nuc	nuc	0.99
SER	3, 165	1049	ALA	3, 166	1050	nuc	nuc	1
LEU	3, 163	1047	ALA	3, 167	1051	nuc	nuc	1
SER	3, 164	1048	ALA	3, 167	1051	nuc	nuc	1
SER	3, 165	1049	ALA	3, 167	1051	nuc	nuc	0.99
ALA	3, 166	1050	ALA	3, 167	1051	nuc	nuc	1
LYS	3, 119	1003	ILE	3, 168	1052	nuc	nuc	0.89
VAL	3, 123	1007	ILE	3, 168	1052	nuc	nuc	1
SER	3, 127	1011	ILE	3, 168	1052	nuc	nuc	0.94
SER	3, 164	1048	ILE	3, 168	1052	nuc	nuc	1
SER	3, 165	1049	ILE	3, 168	1052	nuc	nuc	1
ALA	3, 166	1050	ILE	3, 168	1052	nuc	nuc	0.95
ALA	3, 167	1051	ILE	3, 168	1052	nuc	nuc	1
TYR	3, 116	1000	ALA	3, 169	1053	nuc	nuc	0.99
LYS	3, 119	1003	ALA	3, 169	1053	nuc	nuc	0.99
PHE	3, 120	1004	ALA	3, 169	1053	nuc	nuc	1
VAL	3, 123	1007	ALA	3, 169	1053	nuc	nuc	0.99
SER	3, 165	1049	ALA	3, 169	1053	nuc	nuc	1
ALA	3, 166	1050	ALA	3, 169	1053	nuc	nuc	1
ALA	3, 167	1051	ALA	3, 169	1053	nuc	nuc	0.99
ILE	3, 168	1052	ALA	3, 169	1053	nuc	nuc	1
TYR	3, 116	1000	ALA	3, 170	1054	nuc	nuc	0.92
ALA	3, 166	1050	ALA	3, 170	1054	nuc	nuc	0.98
ALA	3, 167	1051	ALA	3, 170	1054	nuc	nuc	0.99
ILE	3, 168	1052	ALA	3, 170	1054	nuc	nuc	0.98
ALA	3, 169	1053	ALA	3, 170	1054	nuc	nuc	1
ALA	3, 167	1051	MET	3, 171	1055	nuc	nuc	0.91
ILE	3, 168	1052	MET	3, 171	1055	nuc	nuc	0.99
ALA	3, 169	1053	MET	3, 171	1055	nuc	nuc	0.95
ALA	3, 170	1054	MET	3, 171	1055	nuc	nuc	1
SER	4, 1	1056	HIS	4, 2	1057	nuc	nuc	1
SER	4, 1	1056	GLY	4, 3	1058	nuc	nuc	0.98
HIS	4, 2	1057	GLY	4, 3	1058	nuc	nuc	1
HIS	4, 2	1057	GLY	4, 4	1059	nuc	nuc	0.98
GLY	4, 3	1058	GLY	4, 4	1059	nuc	nuc	1
GLY	4, 3	1058	ALA	4, 5	1060	nuc	nuc	0.96
GLY	4, 4	1059	ALA	4, 5	1060	nuc	nuc	1
GLY	4, 4	1059	PRO	4, 6	1061	nuc	nuc	0.98
ALA	4, 5	1060	PRO	4, 6	1061	nuc	nuc	1
ALA	4, 5	1060	GLN	4, 7	1062	nuc	nuc	0.89
PRO	4, 6	1061	GLN	4, 7	1062	nuc	nuc	1
PRO	4, 6	1061	GLY	4, 8	1063	nuc	nuc	0.98
GLN	4, 7	1062	GLY	4, 8	1063	nuc	nuc	1
GLN	4, 7	1062	HIS	4, 9	1064	nuc	nuc	0.79
GLY	4, 8	1063	HIS	4, 9	1064	nuc	nuc	1
GLY	4, 8	1063	GLY	4, 10	1065	nuc	nuc	1
HIS	4, 9	1064	GLY	4, 10	1065	nuc	nuc	1
GLN	2, 207	839	SER	4, 11	1066	nuc	nuc	0.54
HIS	4, 9	1064	SER	4, 11	1066	nuc	nuc	0.7
GLY	4, 10	1065	SER	4, 11	1066	nuc	nuc	1
GLN	2, 207	839	SER	4, 12	1067	nuc	nuc	0.86
GLY	4, 10	1065	SER	4, 12	1067	nuc	nuc	0.96
SER	4, 11	1066	SER	4, 12	1067	nuc	nuc	1
GLN	2, 207	839	LYS	4, 13	1068	nuc	nuc	0.98
SER	4, 11	1066	LYS	4, 13	1068	nuc	nuc	0.76
SER	4, 12	1067	LYS	4, 13	1068	nuc	nuc	1
GLN	2, 207	839	ALA	4, 14	1069	nuc	nuc	0.93
SER	4, 12	1067	ALA	4, 14	1069	nuc	nuc	0.91
LYS	4, 13	1068	ALA	4, 14	1069	nuc	nuc	1
GLN	2, 207	839	ALA	4, 15	1070	nuc	nuc	0.99
ASP	2, 208	840	ALA	4, 15	1070	nuc	nuc	0.99
PRO	2, 209	841	ALA	4, 15	1070	nuc	nuc	0.99
LEU	2, 212	844	ALA	4, 15	1070	nuc	nuc	0.51
TYR	2, 213	845	ALA	4, 15	1070	nuc	nuc	0.99
LYS	4, 13	1068	ALA	4, 15	1070	nuc	nuc	0.96
ALA	4, 14	1069	ALA	4, 15	1070	nuc	nuc	1
GLN	2, 207	839	SER	4, 16	1071	nuc	nuc	0.98
MET	2, 242	874	SER	4, 16	1071	nuc	nuc	0.99
ALA	2, 243	875	SER	4, 16	1071	nuc	nuc	0.99
LYS	4, 13	1068	SER	4, 16	1071	nuc	nuc	0.99
ALA	4, 14	1069	SER	4, 16	1071	nuc	nuc	0.95
ALA	4, 15	1070	SER	4, 16	1071	nuc	nuc	1
LYS	4, 13	1068	LEU	4, 17	1072	nuc	nuc	0.99
ALA	4, 14	1069	LEU	4, 17	1072	nuc	nuc	1
ALA	4, 15	1070	LEU	4, 17	1072	nuc	nuc	0.99
SER	4, 16	1071	LEU	4, 17	1072	nuc	nuc	1
ALA	4, 14	1069	HIS	4, 18	1073	nuc	nuc	0.99
ALA	4, 15	1070	HIS	4, 18	1073	nuc	nuc	1
SER	4, 16	1071	HIS	4, 18	1073	nuc	nuc	1
LEU	4, 17	1072	HIS	4, 18	1073	nuc	nuc	1
TYR	2, 213	845	TRP	4, 19	1074	nuc	nuc	0.99
LYS	2, 239	871	TRP	4, 19	1074	nuc	nuc	0.98
MET	2, 242	874	TRP	4, 19	1074	nuc	nuc	0.92
ALA	2, 243	875	TRP	4, 19	1074	nuc	nuc	0.97
ALA	4, 15	1070	TRP	4, 19	1074	nuc	nuc	0.99
SER	4, 16	1071	TRP	4, 19	1074	nuc	nuc	1
LEU	4, 17	1072	TRP	4, 19	1074	nuc	nuc	1
HIS	4, 18	1073	TRP	4, 19	1074	nuc	nuc	1
ALA	2, 243	875	THR	4, 20	1075	nuc	nuc	0.99
SER	4, 16	1071	THR	4, 20	1075	nuc	nuc	1
LEU	4, 17	1072	THR	4, 20	1075	nuc	nuc	1
HIS	4, 18	1073	THR	4, 20	1075	nuc	nuc	0.99
TRP	4, 19	1074	THR	4, 20	1075	nuc	nuc	1
LEU	4, 17	1072	SER	4, 21	1076	nuc	nuc	1
HIS	4, 18	1073	SER	4, 21	1076	nuc	nuc	1
TRP	4, 19	1074	SER	4, 21	1076	nuc	nuc	1
THR	4, 20	1075	SER	4, 21	1076	nuc	nuc	1
HIS	4, 18	1073	GLU	4, 22	1077	nuc	nuc	1
TRP	4, 19	1074	GLU	4, 22	1077	nuc	nuc	1
THR	4, 20	1075	GLU	4, 22	1077	nuc	nuc	1
SER	4, 21	1076	GLU	4, 22	1077	nuc	nuc	1
LEU	3, 137	1021	ARG	4, 23	1078	nuc	nuc	0.99
ASP	3, 140	1024	ARG	4, 23	1078	nuc	nuc	0.99
TRP	4, 19	1074	ARG	4, 23	1078	nuc	nuc	0.99
THR	4, 20	1075	ARG	4, 23	1078	nuc	nuc	1
SER	4, 21	1076	ARG	4, 23	1078	nuc	nuc	1
GLU	4, 22	1077	ARG	4, 23	1078	nuc	nuc	1
THR	4, 20	1075	ALA	4, 24	1079	nuc	nuc	1
SER	4, 21	1076	ALA	4, 24	1079	nuc	nuc	1
GLU	4, 22	1077	ALA	4, 24	1079	nuc	nuc	1
ARG	4, 23	1078	ALA	4, 24	1079	nuc	nuc	1
SER	4, 21	1076	VAL	4, 25	1080	nuc	nuc	1
GLU	4, 22	1077	VAL	4, 25	1080	nuc	nuc	1
ARG	4, 23	1078	VAL	4, 25	1080	nuc	nuc	0.99
ALA	4, 24	1079	VAL	4, 25	1080	nuc	nuc	1
GLY	3, 133	1017	SER	4, 26	1081	nuc	nuc	0.97
LEU	3, 137	1021	SER	4, 26	1081	nuc	nuc	0.98
GLU	4, 22	1077	SER	4, 26	1081	nuc	nuc	1
ARG	4, 23	1078	SER	4, 26	1081	nuc	nuc	1
ALA	4, 24	1079	SER	4, 26	1081	nuc	nuc	1
VAL	4, 25	1080	SER	4, 26	1081	nuc	nuc	1
LEU	3, 137	1021	ALA	4, 27	1082	nuc	nuc	0.99
ARG	4, 23	1078	ALA	4, 27	1082	nuc	nuc	1
ALA	4, 24	1079	ALA	4, 27	1082	nuc	nuc	1
VAL	4, 25	1080	ALA	4, 27	1082	nuc	nuc	1
SER	4, 26	1081	ALA	4, 27	1082	nuc	nuc	1
ALA	4, 24	1079	LEU	4, 28	1083	nuc	nuc	1
VAL	4, 25	1080	LEU	4, 28	1083	nuc	nuc	1
SER	4, 26	1081	LEU	4, 28	1083	nuc	nuc	1
ALA	4, 27	1082	LEU	4, 28	1083	nuc	nuc	1
VAL	4, 25	1080	LEU	4, 29	1084	nuc	nuc	1
SER	4, 26	1081	LEU	4, 29	1084	nuc	nuc	1
ALA	4, 27	1082	LEU	4, 29	1084	nuc	nuc	1
LEU	4, 28	1083	LEU	4, 29	1084	nuc	nuc	1
THR	3, 130	1014	LEU	4, 30	1085	nuc	nuc	0.98
ILE	3, 134	1018	LEU	4, 30	1085	nuc	nuc	0.98
SER	4, 26	1081	LEU	4, 30	1085	nuc	nuc	1
ALA	4, 27	1082	LEU	4, 30	1085	nuc	nuc	1
LEU	4, 28	1083	LEU	4, 30	1085	nuc	nuc	1
LEU	4, 29	1084	LEU	4, 30	1085	nuc	nuc	1
ALA	4, 27	1082	GLY	4, 31	1086	nuc	nuc	0.99
LEU	4, 28	1083	GLY	4, 31	1086	nuc	nuc	1
LEU	4, 29	1084	GLY	4, 31	1086	nuc	nuc	1
LEU	4, 30	1085	GLY	4, 31	1086	nuc	nuc	1
LEU	4, 28	1083	LEU	4, 32	1087	nuc	nuc	1
LEU	4, 29	1084	LEU	4, 32	1087	nuc	nuc	1
LEU	4, 30	1085	LEU	4, 32	1087	nuc	nuc	0.99
GLY	4, 31	1086	LEU	4, 32	1087	nuc	nuc	1
THR	3, 130	1014	LEU	4, 33	1088	nuc	nuc	0.94
LEU	4, 29	1084	LEU	4, 33	1088	nuc	nuc	0.95
LEU	4, 30	1085	LEU	4, 33	1088	nuc	nuc	1
GLY	4, 31	1086	LEU	4, 33	1088	nuc	nuc	1
LEU	4, 32	1087	LEU	4, 33	1088	nuc	nuc	1
GLY	4, 31	1086	PRO	4, 34	1089	nuc	nuc	1
LEU	4, 32	1087	PRO	4, 34	1089	nuc	nuc	0.92
LEU	4, 33	1088	PRO	4, 34	1089	nuc	nuc	1
GLY	4, 31	1086	ALA	4, 35	1090	nuc	nuc	0.99
LEU	4, 32	1087	ALA	4, 35	1090	nuc	nuc	1
LEU	4, 33	1088	ALA	4, 35	1090	nuc	nuc	0.99
PRO	4, 34	1089	ALA	4, 35	1090	nuc	nuc	1
LEU	4, 32	1087	ALA	4, 36	1091	nuc	nuc	1
LEU	4, 33	1088	ALA	4, 36	1091	nuc	nuc	1
PRO	4, 34	1089	ALA	4, 36	1091	nuc	nuc	0.99
ALA	4, 35	1090	ALA	4, 36	1091	nuc	nuc	1
LEU	4, 33	1088	TYR	4, 37	1092	nuc	nuc	0.96
PRO	4, 34	1089	TYR	4, 37	1092	nuc	nuc	1
ALA	4, 35	1090	TYR	4, 37	1092	nuc	nuc	0.99
ALA	4, 36	1091	TYR	4, 37	1092	nuc	nuc	1
PRO	4, 34	1089	LEU	4, 38	1093	nuc	nuc	0.99
ALA	4, 35	1090	LEU	4, 38	1093	nuc	nuc	1
ALA	4, 36	1091	LEU	4, 38	1093	nuc	nuc	0.78
TYR	4, 37	1092	LEU	4, 38	1093	nuc	nuc	1
ALA	4, 35	1090	TYR	4, 39	1094	nuc	nuc	0.99
ALA	4, 36	1091	TYR	4, 39	1094	nuc	nuc	0.79
LEU	4, 38	1093	TYR	4, 39	1094	nuc	nuc	1
ALA	4, 36	1091	PRO	4, 40	1095	nuc	nuc	0.97
TYR	4, 37	1092	PRO	4, 40	1095	nuc	nuc	0.88
LEU	4, 38	1093	PRO	4, 40	1095	nuc	nuc	0.53
TYR	4, 39	1094	PRO	4, 40	1095	nuc	nuc	1
TYR	4, 39	1094	GLY	4, 41	1096	nuc	nuc	1
PRO	4, 40	1095	GLY	4, 41	1096	nuc	nuc	1
GLY	4, 41	1096	PRO	4, 42	1097	nuc	nuc	1
GLY	4, 41	1096	ALA	4, 43	1098	nuc	nuc	1
PRO	4, 42	1097	ALA	4, 43	1098	nuc	nuc	1
LEU	4, 32	1087	VAL	4, 44	1099	nuc	nuc	0.98
ALA	4, 35	1090	VAL	4, 44	1099	nuc	nuc	0.98
ALA	4, 36	1091	VAL	4, 44	1099	nuc	nuc	0.99
TYR	4, 39	1094	VAL	4, 44	1099	nuc	nuc	0.97
PRO	4, 40	1095	VAL	4, 44	1099	nuc	nuc	0.98
GLY	4, 41	1096	VAL	4, 44	1099	nuc	nuc	0.99
PRO	4, 42	1097	VAL	4, 44	1099	nuc	nuc	0.94
ALA	4, 43	1098	VAL	4, 44	1099	nuc	nuc	1
GLY	4, 41	1096	ASP	4, 45	1100	nuc	nuc	0.99
PRO	4, 42	1097	ASP	4, 45	1100	nuc	nuc	1
ALA	4, 43	1098	ASP	4, 45	1100	nuc	nuc	0.99
VAL	4, 44	1099	ASP	4, 45	1100	nuc	nuc	1
PRO	4, 42	1097	TYR	4, 46	1101	nuc	nuc	0.99
ALA	4, 43	1098	TYR	4, 46	1101	nuc	nuc	1
VAL	4, 44	1099	TYR	4, 46	1101	nuc	nuc	0.91
ASP	4, 45	1100	TYR	4, 46	1101	nuc	nuc	1
LEU	4, 32	1087	SER	4, 47	1102	nuc	nuc	0.99
ALA	4, 43	1098	SER	4, 47	1102	nuc	nuc	1
VAL	4, 44	1099	SER	4, 47	1102	nuc	nuc	1
ASP	4, 45	1100	SER	4, 47	1102	nuc	nuc	0.99
TYR	4, 46	1101	SER	4, 47	1102	nuc	nuc	1
LEU	4, 32	1087	LEU	4, 48	1103	nuc	nuc	0.99
ALA	4, 36	1091	LEU	4, 48	1103	nuc	nuc	0.98
VAL	4, 44	1099	LEU	4, 48	1103	nuc	nuc	1
ASP	4, 45	1100	LEU	4, 48	1103	nuc	nuc	1
TYR	4, 46	1101	LEU	4, 48	1103	nuc	nuc	1
SER	4, 47	1102	LEU	4, 48	1103	nuc	nuc	1
ASP	4, 45	1100	ALA	4, 49	1104	nuc	nuc	0.99
TYR	4, 46	1101	ALA	4, 49	1104	nuc	nuc	1
SER	4, 47	1102	ALA	4, 49	1104	nuc	nuc	1
LEU	4, 48	1103	ALA	4, 49	1104	nuc	nuc	1
TYR	4, 46	1101	ALA	4, 50	1105	nuc	nuc	1
SER	4, 47	1102	ALA	4, 50	1105	nuc	nuc	1
LEU	4, 48	1103	ALA	4, 50	1105	nuc	nuc	0.99
ALA	4, 49	1104	ALA	4, 50	1105	nuc	nuc	1
VAL	4, 25	1080	ALA	4, 51	1106	nuc	nuc	1
LEU	4, 28	1083	ALA	4, 51	1106	nuc	nuc	1
LEU	4, 29	1084	ALA	4, 51	1106	nuc	nuc	1
LEU	4, 32	1087	ALA	4, 51	1106	nuc	nuc	0.99
SER	4, 47	1102	ALA	4, 51	1106	nuc	nuc	1
LEU	4, 48	1103	ALA	4, 51	1106	nuc	nuc	1
ALA	4, 49	1104	ALA	4, 51	1106	nuc	nuc	0.97
ALA	4, 50	1105	ALA	4, 51	1106	nuc	nuc	1
VAL	3, 84	968	LEU	4, 52	1107	nuc	nuc	0.98
LEU	4, 29	1084	LEU	4, 52	1107	nuc	nuc	0.99
LEU	4, 48	1103	LEU	4, 52	1107	nuc	nuc	1
ALA	4, 49	1104	LEU	4, 52	1107	nuc	nuc	1
ALA	4, 50	1105	LEU	4, 52	1107	nuc	nuc	0.99
ALA	4, 51	1106	LEU	4, 52	1107	nuc	nuc	1
VAL	3, 84	968	THR	4, 53	1108	nuc	nuc	0.78
ALA	4, 49	1104	THR	4, 53	1108	nuc	nuc	1
ALA	4, 50	1105	THR	4, 53	1108	nuc	nuc	1
ALA	4, 51	1106	THR	4, 53	1108	nuc	nuc	0.99
LEU	4, 52	1107	THR	4, 53	1108	nuc	nuc	1
VAL	4, 25	1080	LEU	4, 54	1109	nuc	nuc	1
ALA	4, 50	1105	LEU	4, 54	1109	nuc	nuc	1
ALA	4, 51	1106	LEU	4, 54	1109	nuc	nuc	1
LEU	4, 52	1107	LEU	4, 54	1109	nuc	nuc	0.99
THR	4, 53	1108	LEU	4, 54	1109	nuc	nuc	1
GLU	4, 22	1077	HIS	4, 55	1110	nuc	nuc	0.54
VAL	4, 25	1080	HIS	4, 55	1110	nuc	nuc	1
SER	4, 26	1081	HIS	4, 55	1110	nuc	nuc	1
LEU	4, 29	1084	HIS	4, 55	1110	nuc	nuc	1
ALA	4, 51	1106	HIS	4, 55	1110	nuc	nuc	1
LEU	4, 52	1107	HIS	4, 55	1110	nuc	nuc	1
THR	4, 53	1108	HIS	4, 55	1110	nuc	nuc	0.99
LEU	4, 54	1109	HIS	4, 55	1110	nuc	nuc	1
GLY	3, 45	929	GLY	4, 56	1111	nuc	nuc	0.58
SER	3, 49	933	GLY	4, 56	1111	nuc	nuc	0.99
VAL	3, 84	968	GLY	4, 56	1111	nuc	nuc	0.75
LEU	4, 52	1107	GLY	4, 56	1111	nuc	nuc	1
THR	4, 53	1108	GLY	4, 56	1111	nuc	nuc	1
LEU	4, 54	1109	GLY	4, 56	1111	nuc	nuc	1
HIS	4, 55	1110	GLY	4, 56	1111	nuc	nuc	1
THR	4, 53	1108	HIS	4, 57	1112	nuc	nuc	1
LEU	4, 54	1109	HIS	4, 57	1112	nuc	nuc	1
HIS	4, 55	1110	HIS	4, 57	1112	nuc	nuc	1
GLY	4, 56	1111	HIS	4, 57	1112	nuc	nuc	1
HIS	4, 18	1073	TRP	4, 58	1113	nuc	nuc	0.59
GLU	4, 22	1077	TRP	4, 58	1113	nuc	nuc	1
VAL	4, 25	1080	TRP	4, 58	1113	nuc	nuc	0.96
LEU	4, 54	1109	TRP	4, 58	1113	nuc	nuc	1
HIS	4, 55	1110	TRP	4, 58	1113	nuc	nuc	1
GLY	4, 56	1111	TRP	4, 58	1113	nuc	nuc	1
HIS	4, 57	1112	TRP	4, 58	1113	nuc	nuc	1
GLY	3, 45	929	GLY	4, 59	1114	nuc	nuc	0.75
SER	3, 49	933	GLY	4, 59	1114	nuc	nuc	0.84
GLU	4, 22	1077	GLY	4, 59	1114	nuc	nuc	0.79
HIS	4, 55	1110	GLY	4, 59	1114	nuc	nuc	1
GLY	4, 56	1111	GLY	4, 59	1114	nuc	nuc	1
HIS	4, 57	1112	GLY	4, 59	1114	nuc	nuc	1
TRP	4, 58	1113	GLY	4, 59	1114	nuc	nuc	1
VAL	3, 46	930	LEU	4, 60	1115	nuc	nuc	0.96
SER	3, 49	933	LEU	4, 60	1115	nuc	nuc	0.99
GLY	4, 56	1111	LEU	4, 60	1115	nuc	nuc	1
HIS	4, 57	1112	LEU	4, 60	1115	nuc	nuc	1
TRP	4, 58	1113	LEU	4, 60	1115	nuc	nuc	0.98
GLY	4, 59	1114	LEU	4, 60	1115	nuc	nuc	1
HIS	4, 57	1112	GLY	4, 61	1116	nuc	nuc	1
TRP	4, 58	1113	GLY	4, 61	1116	nuc	nuc	1
GLY	4, 59	1114	GLY	4, 61	1116	nuc	nuc	1
LEU	4, 60	1115	GLY	4, 61	1116	nuc	nuc	1
HIS	2, 216	848	GLN	4, 62	1117	nuc	nuc	0.67
TRP	4, 58	1113	GLN	4, 62	1117	nuc	nuc	1
GLY	4, 59	1114	GLN	4, 62	1117	nuc	nuc	1
LEU	4, 60	1115	GLN	4, 62	1117	nuc	nuc	1
GLY	4, 61	1116	GLN	4, 62	1117	nuc	nuc	1
ARG	3, 42	926	VAL	4, 63	1118	nuc	nuc	0.98
VAL	3, 46	930	VAL	4, 63	1118	nuc	nuc	0.98
GLY	4, 59	1114	VAL	4, 63	1118	nuc	nuc	1
LEU	4, 60	1115	VAL	4, 63	1118	nuc	nuc	1
GLY	4, 61	1116	VAL	4, 63	1118	nuc	nuc	1
GLN	4, 62	1117	VAL	4, 63	1118	nuc	nuc	1
LEU	4, 60	1115	ILE	4, 64	1119	nuc	nuc	1
GLY	4, 61	1116	ILE	4, 64	1119	nuc	nuc	1
GLN	4, 62	1117	ILE	4, 64	1119	nuc	nuc	1
VAL	4, 63	1118	ILE	4, 64	1119	nuc	nuc	1
PRO	2, 209	841	THR	4, 65	1120	nuc	nuc	0.98
PHE	2, 210	842	THR	4, 65	1120	nuc	nuc	0.58
ARG	2, 214	846	THR	4, 65	1120	nuc	nuc	0.73
GLY	4, 61	1116	THR	4, 65	1120	nuc	nuc	1
GLN	4, 62	1117	THR	4, 65	1120	nuc	nuc	1
VAL	4, 63	1118	THR	4, 65	1120	nuc	nuc	0.99
ILE	4, 64	1119	THR	4, 65	1120	nuc	nuc	1
SER	2, 170	802	ASP	4, 66	1121	nuc	nuc	0.99
TRP	2, 173	805	ASP	4, 66	1121	nuc	nuc	0.99
ASN	2, 174	806	ASP	4, 66	1121	nuc	nuc	0.99
ARG	2, 214	846	ASP	4, 66	1121	nuc	nuc	0.98
GLN	4, 62	1117	ASP	4, 66	1121	nuc	nuc	1
VAL	4, 63	1118	ASP	4, 66	1121	nuc	nuc	1
ILE	4, 64	1119	ASP	4, 66	1121	nuc	nuc	0.99
THR	4, 65	1120	ASP	4, 66	1121	nuc	nuc	1
TRP	2, 173	805	TYR	4, 67	1122	nuc	nuc	0.99
VAL	4, 63	1118	TYR	4, 67	1122	nuc	nuc	1
ILE	4, 64	1119	TYR	4, 67	1122	nuc	nuc	1
ASP	4, 66	1121	TYR	4, 67	1122	nuc	nuc	1
ILE	4, 64	1119	VAL	4, 68	1123	nuc	nuc	1
THR	4, 65	1120	VAL	4, 68	1123	nuc	nuc	0.98
TYR	4, 67	1122	VAL	4, 68	1123	nuc	nuc	1
TYR	4, 67	1122	HIS	4, 69	1124	nuc	nuc	0.73
VAL	4, 68	1123	HIS	4, 69	1124	nuc	nuc	1
VAL	4, 68	1123	GLY	4, 70	1125	nuc	nuc	1
HIS	4, 69	1124	GLY	4, 70	1125	nuc	nuc	1
GLY	4, 70	1125	ASP	4, 71	1126	nuc	nuc	1
GLY	4, 70	1125	THR	4, 72	1127	nuc	nuc	1
ASP	4, 71	1126	THR	4, 72	1127	nuc	nuc	1
VAL	4, 68	1123	PRO	4, 73	1128	nuc	nuc	0.99
HIS	4, 69	1124	PRO	4, 73	1128	nuc	nuc	0.98
GLY	4, 70	1125	PRO	4, 73	1128	nuc	nuc	1
ASP	4, 71	1126	PRO	4, 73	1128	nuc	nuc	0.96
THR	4, 72	1127	PRO	4, 73	1128	nuc	nuc	1
ILE	4, 64	1119	ILE	4, 74	1129	nuc	nuc	0.97
THR	4, 65	1120	ILE	4, 74	1129	nuc	nuc	0.57
VAL	4, 68	1123	ILE	4, 74	1129	nuc	nuc	1
HIS	4, 69	1124	ILE	4, 74	1129	nuc	nuc	0.95
GLY	4, 70	1125	ILE	4, 74	1129	nuc	nuc	1
ASP	4, 71	1126	ILE	4, 74	1129	nuc	nuc	1
THR	4, 72	1127	ILE	4, 74	1129	nuc	nuc	0.99
PRO	4, 73	1128	ILE	4, 74	1129	nuc	nuc	1
ASP	4, 71	1126	LYS	4, 75	1130	nuc	nuc	0.98
THR	4, 72	1127	LYS	4, 75	1130	nuc	nuc	1
PRO	4, 73	1128	LYS	4, 75	1130	nuc	nuc	0.99
ILE	4, 74	1129	LYS	4, 75	1130	nuc	nuc	1
THR	4, 72	1127	VAL	4, 76	1131	nuc	nuc	0.99
PRO	4, 73	1128	VAL	4, 76	1131	nuc	nuc	1
ILE	4, 74	1129	VAL	4, 76	1131	nuc	nuc	0.99
LYS	4, 75	1130	VAL	4, 76	1131	nuc	nuc	1
ILE	4, 64	1119	ALA	4, 77	1132	nuc	nuc	1
VAL	4, 68	1123	ALA	4, 77	1132	nuc	nuc	1
PRO	4, 73	1128	ALA	4, 77	1132	nuc	nuc	1
ILE	4, 74	1129	ALA	4, 77	1132	nuc	nuc	1
LYS	4, 75	1130	ALA	4, 77	1132	nuc	nuc	0.99
VAL	4, 76	1131	ALA	4, 77	1132	nuc	nuc	1
GLY	4, 61	1116	ASN	4, 78	1133	nuc	nuc	0.95
ILE	4, 64	1119	ASN	4, 78	1133	nuc	nuc	0.99
ILE	4, 74	1129	ASN	4, 78	1133	nuc	nuc	1
LYS	4, 75	1130	ASN	4, 78	1133	nuc	nuc	1
VAL	4, 76	1131	ASN	4, 78	1133	nuc	nuc	0.98
ALA	4, 77	1132	ASN	4, 78	1133	nuc	nuc	1
LYS	4, 75	1130	THR	4, 79	1134	nuc	nuc	0.99
VAL	4, 76	1131	THR	4, 79	1134	nuc	nuc	1
ALA	4, 77	1132	THR	4, 79	1134	nuc	nuc	0.99
ASN	4, 78	1133	THR	4, 79	1134	nuc	nuc	1
VAL	4, 76	1131	GLY	4, 80	1135	nuc	nuc	0.99
ALA	4, 77	1132	GLY	4, 80	1135	nuc	nuc	1
ASN	4, 78	1133	GLY	4, 80	1135	nuc	nuc	1
THR	4, 79	1134	GLY	4, 80	1135	nuc	nuc	1
HIS	4, 57	1112	LEU	4, 81	1136	nuc	nuc	0.99
LEU	4, 60	1115	LEU	4, 81	1136	nuc	nuc	1
GLY	4, 61	1116	LEU	4, 81	1136	nuc	nuc	1
ILE	4, 64	1119	LEU	4, 81	1136	nuc	nuc	0.99
ALA	4, 77	1132	LEU	4, 81	1136	nuc	nuc	1
ASN	4, 78	1133	LEU	4, 81	1136	nuc	nuc	1
THR	4, 79	1134	LEU	4, 81	1136	nuc	nuc	1
GLY	4, 80	1135	LEU	4, 81	1136	nuc	nuc	1
HIS	4, 57	1112	TYR	4, 82	1137	nuc	nuc	0.54
ASN	4, 78	1133	TYR	4, 82	1137	nuc	nuc	1
THR	4, 79	1134	TYR	4, 82	1137	nuc	nuc	1
GLY	4, 80	1135	TYR	4, 82	1137	nuc	nuc	1
LEU	4, 81	1136	TYR	4, 82	1137	nuc	nuc	1
THR	4, 79	1134	VAL	4, 83	1138	nuc	nuc	1
GLY	4, 80	1135	VAL	4, 83	1138	nuc	nuc	1
LEU	4, 81	1136	VAL	4, 83	1138	nuc	nuc	1
TYR	4, 82	1137	VAL	4, 83	1138	nuc	nuc	1
SER	3, 85	969	LEU	4, 84	1139	nuc	nuc	0.99
GLY	4, 80	1135	LEU	4, 84	1139	nuc	nuc	1
LEU	4, 81	1136	LEU	4, 84	1139	nuc	nuc	1
TYR	4, 82	1137	LEU	4, 84	1139	nuc	nuc	1
VAL	4, 83	1138	LEU	4, 84	1139	nuc	nuc	1
THR	4, 53	1108	SER	4, 85	1140	nuc	nuc	1
GLY	4, 56	1111	SER	4, 85	1140	nuc	nuc	0.94
HIS	4, 57	1112	SER	4, 85	1140	nuc	nuc	1
LEU	4, 81	1136	SER	4, 85	1140	nuc	nuc	1
TYR	4, 82	1137	SER	4, 85	1140	nuc	nuc	1
VAL	4, 83	1138	SER	4, 85	1140	nuc	nuc	0.99
LEU	4, 84	1139	SER	4, 85	1140	nuc	nuc	1
TYR	4, 82	1137	ALA	4, 86	1141	nuc	nuc	1
VAL	4, 83	1138	ALA	4, 86	1141	nuc	nuc	1
LEU	4, 84	1139	ALA	4, 86	1141	nuc	nuc	1
SER	4, 85	1140	ALA	4, 86	1141	nuc	nuc	1
SER	3, 85	969	ILE	4, 87	1142	nuc	nuc	0.6
SER	3, 88	972	ILE	4, 87	1142	nuc	nuc	0.97
LEU	3, 89	973	ILE	4, 87	1142	nuc	nuc	0.95
LEU	3, 92	976	ILE	4, 87	1142	nuc	nuc	0.76
VAL	4, 83	1138	ILE	4, 87	1142	nuc	nuc	1
LEU	4, 84	1139	ILE	4, 87	1142	nuc	nuc	1
SER	4, 85	1140	ILE	4, 87	1142	nuc	nuc	0.99
ALA	4, 86	1141	ILE	4, 87	1142	nuc	nuc	1
VAL	3, 84	968	THR	4, 88	1143	nuc	nuc	0.97
SER	3, 85	969	THR	4, 88	1143	nuc	nuc	0.99
SER	3, 88	972	THR	4, 88	1143	nuc	nuc	0.99
LEU	3, 89	973	THR	4, 88	1143	nuc	nuc	0.63
THR	4, 53	1108	THR	4, 88	1143	nuc	nuc	1
LEU	4, 84	1139	THR	4, 88	1143	nuc	nuc	1
SER	4, 85	1140	THR	4, 88	1143	nuc	nuc	1
ALA	4, 86	1141	THR	4, 88	1143	nuc	nuc	1
ILE	4, 87	1142	THR	4, 88	1143	nuc	nuc	1
SER	3, 88	972	PHE	4, 89	1144	nuc	nuc	0.68
ALA	4, 49	1104	PHE	4, 89	1144	nuc	nuc	0.99
ALA	4, 50	1105	PHE	4, 89	1144	nuc	nuc	0.98
THR	4, 53	1108	PHE	4, 89	1144	nuc	nuc	1
SER	4, 85	1140	PHE	4, 89	1144	nuc	nuc	1
ALA	4, 86	1141	PHE	4, 89	1144	nuc	nuc	1
ILE	4, 87	1142	PHE	4, 89	1144	nuc	nuc	0.98
THR	4, 88	1143	PHE	4, 89	1144	nuc	nuc	1
SER	3, 88	972	THR	4, 90	1145	nuc	nuc	0.72
LEU	3, 92	976	THR	4, 90	1145	nuc	nuc	0.76
ALA	4, 86	1141	THR	4, 90	1145	nuc	nuc	1
ILE	4, 87	1142	THR	4, 90	1145	nuc	nuc	1
THR	4, 88	1143	THR	4, 90	1145	nuc	nuc	1
PHE	4, 89	1144	THR	4, 90	1145	nuc	nuc	1
SER	3, 88	972	GLY	4, 91	1146	nuc	nuc	1
LEU	3, 89	973	GLY	4, 91	1146	nuc	nuc	0.8
ALA	3, 91	975	GLY	4, 91	1146	nuc	nuc	0.99
LEU	3, 92	976	GLY	4, 91	1146	nuc	nuc	0.99
ILE	4, 87	1142	GLY	4, 91	1146	nuc	nuc	1
THR	4, 88	1143	GLY	4, 91	1146	nuc	nuc	1
PHE	4, 89	1144	GLY	4, 91	1146	nuc	nuc	1
THR	4, 90	1145	GLY	4, 91	1146	nuc	nuc	1
VAL	3, 84	968	LEU	4, 92	1147	nuc	nuc	0.82
SER	3, 88	972	LEU	4, 92	1147	nuc	nuc	0.99
ALA	3, 91	975	LEU	4, 92	1147	nuc	nuc	0.9
ALA	4, 49	1104	LEU	4, 92	1147	nuc	nuc	1
LEU	4, 52	1107	LEU	4, 92	1147	nuc	nuc	0.96
THR	4, 53	1108	LEU	4, 92	1147	nuc	nuc	0.99
THR	4, 88	1143	LEU	4, 92	1147	nuc	nuc	1
PHE	4, 89	1144	LEU	4, 92	1147	nuc	nuc	1
THR	4, 90	1145	LEU	4, 92	1147	nuc	nuc	0.99
GLY	4, 91	1146	LEU	4, 92	1147	nuc	nuc	1
TYR	4, 46	1101	CYS	4, 93	1148	nuc	nuc	0.98
ALA	4, 49	1104	CYS	4, 93	1148	nuc	nuc	1
PHE	4, 89	1144	CYS	4, 93	1148	nuc	nuc	1
THR	4, 90	1145	CYS	4, 93	1148	nuc	nuc	1
GLY	4, 91	1146	CYS	4, 93	1148	nuc	nuc	1
LEU	4, 92	1147	CYS	4, 93	1148	nuc	nuc	1
ALA	3, 91	975	TYR	4, 94	1149	nuc	nuc	0.99
LEU	3, 92	976	TYR	4, 94	1149	nuc	nuc	0.98
THR	4, 90	1145	TYR	4, 94	1149	nuc	nuc	1
GLY	4, 91	1146	TYR	4, 94	1149	nuc	nuc	1
LEU	4, 92	1147	TYR	4, 94	1149	nuc	nuc	1
CYS	4, 93	1148	TYR	4, 94	1149	nuc	nuc	1
SER	3, 88	972	PHE	4, 95	1150	nuc	nuc	0.95
ALA	3, 91	975	PHE	4, 95	1150	nuc	nuc	0.99
PHE	3, 98	982	PHE	4, 95	1150	nuc	nuc	0.73
GLY	4, 91	1146	PHE	4, 95	1150	nuc	nuc	1
LEU	4, 92	1147	PHE	4, 95	1150	nuc	nuc	1
CYS	4, 93	1148	PHE	4, 95	1150	nuc	nuc	1
TYR	4, 94	1149	PHE	4, 95	1150	nuc	nuc	1
PRO	4, 42	1097	ASN	4, 96	1151	nuc	nuc	0.93
ASP	4, 45	1100	ASN	4, 96	1151	nuc	nuc	0.99
TYR	4, 46	1101	ASN	4, 96	1151	nuc	nuc	0.99
ALA	4, 49	1104	ASN	4, 96	1151	nuc	nuc	0.98
LEU	4, 92	1147	ASN	4, 96	1151	nuc	nuc	0.99
CYS	4, 93	1148	ASN	4, 96	1151	nuc	nuc	1
TYR	4, 94	1149	ASN	4, 96	1151	nuc	nuc	0.99
PHE	4, 95	1150	ASN	4, 96	1151	nuc	nuc	1
CYS	4, 93	1148	TYR	4, 97	1152	nuc	nuc	0.99
TYR	4, 94	1149	TYR	4, 97	1152	nuc	nuc	1
PHE	4, 95	1150	TYR	4, 97	1152	nuc	nuc	0.96
ASN	4, 96	1151	TYR	4, 97	1152	nuc	nuc	1
TYR	4, 94	1149	TYR	4, 98	1153	nuc	nuc	0.99
PHE	4, 95	1150	TYR	4, 98	1153	nuc	nuc	0.98
TYR	4, 97	1152	TYR	4, 98	1153	nuc	nuc	1
ALA	3, 91	975	ASP	4, 99	1154	nuc	nuc	0.94
GLN	3, 97	981	ASP	4, 99	1154	nuc	nuc	0.98
PHE	3, 98	982	ASP	4, 99	1154	nuc	nuc	0.98
TYR	4, 94	1149	ASP	4, 99	1154	nuc	nuc	0.57
PHE	4, 95	1150	ASP	4, 99	1154	nuc	nuc	0.99
ASN	4, 96	1151	ASP	4, 99	1154	nuc	nuc	0.89
TYR	4, 97	1152	ASP	4, 99	1154	nuc	nuc	0.62
TYR	4, 98	1153	ASP	4, 99	1154	nuc	nuc	1
GLN	3, 97	981	VAL	4, 100	1155	nuc	nuc	0.68
PHE	3, 98	982	VAL	4, 100	1155	nuc	nuc	0.97
PRO	3, 99	983	VAL	4, 100	1155	nuc	nuc	0.96
ASP	4, 99	1154	VAL	4, 100	1155	nuc	nuc	1
ASP	4, 45	1100	GLY	4, 101	1156	nuc	nuc	0.99
PHE	4, 95	1150	GLY	4, 101	1156	nuc	nuc	0.99
ASN	4, 96	1151	GLY	4, 101	1156	nuc	nuc	0.99
ASP	4, 99	1154	GLY	4, 101	1156	nuc	nuc	0.99
VAL	4, 100	1155	GLY	4, 101	1156	nuc	nuc	1
ALA	4, 36	1091	ILE	4, 102	1157	nuc	nuc	0.74
ASP	4, 45	1100	ILE	4, 102	1157	nuc	nuc	1
LEU	4, 48	1103	ILE	4, 102	1157	nuc	nuc	0.99
ALA	4, 49	1104	ILE	4, 102	1157	nuc	nuc	0.98
LEU	4, 92	1147	ILE	4, 102	1157	nuc	nuc	0.97
PHE	4, 95	1150	ILE	4, 102	1157	nuc	nuc	0.98
ASN	4, 96	1151	ILE	4, 102	1157	nuc	nuc	0.98
GLY	4, 101	1156	ILE	4, 102	1157	nuc	nuc	1
ALA	4, 36	1091	CYS	4, 103	1158	nuc	nuc	0.98
PRO	4, 40	1095	CYS	4, 103	1158	nuc	nuc	0.99
GLY	4, 41	1096	CYS	4, 103	1158	nuc	nuc	0.99
VAL	4, 44	1099	CYS	4, 103	1158	nuc	nuc	0.99
ASP	4, 45	1100	CYS	4, 103	1158	nuc	nuc	0.99
LEU	4, 48	1103	CYS	4, 103	1158	nuc	nuc	0.77
GLY	4, 101	1156	CYS	4, 103	1158	nuc	nuc	1
ILE	4, 102	1157	CYS	4, 103	1158	nuc	nuc	1
PRO	4, 40	1095	LYS	4, 104	1159	nuc	nuc	0.97
GLY	4, 41	1096	LYS	4, 104	1159	nuc	nuc	0.62
VAL	4, 100	1155	LYS	4, 104	1159	nuc	nuc	0.99
GLY	4, 101	1156	LYS	4, 104	1159	nuc	nuc	1
ILE	4, 102	1157	LYS	4, 104	1159	nuc	nuc	0.91
CYS	4, 103	1158	LYS	4, 104	1159	nuc	nuc	1
PHE	3, 98	982	ALA	4, 105	1160	nuc	nuc	0.99
PHE	4, 95	1150	ALA	4, 105	1160	nuc	nuc	0.85
ASP	4, 99	1154	ALA	4, 105	1160	nuc	nuc	0.77
VAL	4, 100	1155	ALA	4, 105	1160	nuc	nuc	0.99
GLY	4, 101	1156	ALA	4, 105	1160	nuc	nuc	1
ILE	4, 102	1157	ALA	4, 105	1160	nuc	nuc	1
CYS	4, 103	1158	ALA	4, 105	1160	nuc	nuc	1
LYS	4, 104	1159	ALA	4, 105	1160	nuc	nuc	1
ALA	4, 36	1091	VAL	4, 106	1161	nuc	nuc	0.71
ILE	4, 102	1157	VAL	4, 106	1161	nuc	nuc	1
CYS	4, 103	1158	VAL	4, 106	1161	nuc	nuc	1
LYS	4, 104	1159	VAL	4, 106	1161	nuc	nuc	0.98
ALA	4, 105	1160	VAL	4, 106	1161	nuc	nuc	1
PRO	4, 40	1095	ALA	4, 107	1162	nuc	nuc	0.86
CYS	4, 103	1158	ALA	4, 107	1162	nuc	nuc	0.99
LYS	4, 104	1159	ALA	4, 107	1162	nuc	nuc	1
ALA	4, 105	1160	ALA	4, 107	1162	nuc	nuc	0.99
VAL	4, 106	1161	ALA	4, 107	1162	nuc	nuc	1
PHE	3, 98	982	MET	4, 108	1163	nuc	nuc	0.9
PRO	3, 99	983	MET	4, 108	1163	nuc	nuc	0.95
VAL	3, 102	986	MET	4, 108	1163	nuc	nuc	0.99
VAL	4, 100	1155	MET	4, 108	1163	nuc	nuc	0.94
LYS	4, 104	1159	MET	4, 108	1163	nuc	nuc	1
ALA	4, 105	1160	MET	4, 108	1163	nuc	nuc	1
VAL	4, 106	1161	MET	4, 108	1163	nuc	nuc	0.98
ALA	4, 107	1162	MET	4, 108	1163	nuc	nuc	1
VAL	3, 102	986	LEU	4, 109	1164	nuc	nuc	0.97
ALA	4, 105	1160	LEU	4, 109	1164	nuc	nuc	0.99
VAL	4, 106	1161	LEU	4, 109	1164	nuc	nuc	1
ALA	4, 107	1162	LEU	4, 109	1164	nuc	nuc	0.99
MET	4, 108	1163	LEU	4, 109	1164	nuc	nuc	1
LYS	3, 119	1003	TRP	4, 110	1165	nuc	nuc	0.91
MET	3, 171	1055	TRP	4, 110	1165	nuc	nuc	0.94
VAL	4, 106	1161	TRP	4, 110	1165	nuc	nuc	1
ALA	4, 107	1162	TRP	4, 110	1165	nuc	nuc	1
MET	4, 108	1163	TRP	4, 110	1165	nuc	nuc	0.99
LEU	4, 109	1164	TRP	4, 110	1165	nuc	nuc	1
VAL	3, 102	986	SER	4, 111	1166	nuc	nuc	0.51
ALA	4, 107	1162	SER	4, 111	1166	nuc	nuc	0.97
MET	4, 108	1163	SER	4, 111	1166	nuc	nuc	0.99
LEU	4, 109	1164	SER	4, 111	1166	nuc	nuc	0.98
TRP	4, 110	1165	SER	4, 111	1166	nuc	nuc	1
VAL	3, 102	986	ILE	4, 112	1167	nuc	nuc	0.95
VAL	3, 105	989	ILE	4, 112	1167	nuc	nuc	0.97
LYS	3, 106	990	ILE	4, 112	1167	nuc	nuc	0.98
ILE	3, 115	999	ILE	4, 112	1167	nuc	nuc	0.98
LEU	4, 109	1164	ILE	4, 112	1167	nuc	nuc	0.98
TRP	4, 110	1165	ILE	4, 112	1167	nuc	nuc	0.97
SER	4, 111	1166	ILE	4, 112	1167	nuc	nuc	1
