AA1	SubPos1	GloPos1	AA2	SubPos2	GloPos2	AA1Type	AA2Type	Prob
VAL	1, 1	1	THR	1, 2	2	mit	mit	1
VAL	1, 1	1	PHE	1, 3	3	mit	mit	0.63
THR	1, 2	2	PHE	1, 3	3	mit	mit	1
THR	1, 2	2	ILE	1, 4	4	mit	mit	0.93
PHE	1, 3	3	ILE	1, 4	4	mit	mit	1
VAL	1, 1	1	ASN	1, 5	5	mit	mit	0.74
THR	1, 2	2	ASN	1, 5	5	mit	mit	0.97
PHE	1, 3	3	ASN	1, 5	5	mit	mit	0.94
ILE	1, 4	4	ASN	1, 5	5	mit	mit	1
THR	1, 2	2	ARG	1, 6	6	mit	mit	0.9
PHE	1, 3	3	ARG	1, 6	6	mit	mit	0.98
ILE	1, 4	4	ARG	1, 6	6	mit	mit	0.92
ASN	1, 5	5	ARG	1, 6	6	mit	mit	1
PHE	1, 3	3	TRP	1, 7	7	mit	mit	0.98
ILE	1, 4	4	TRP	1, 7	7	mit	mit	0.97
ARG	1, 6	6	TRP	1, 7	7	mit	mit	1
ILE	1, 4	4	LEU	1, 8	8	mit	mit	0.99
ASN	1, 5	5	LEU	1, 8	8	mit	mit	0.91
TRP	1, 7	7	LEU	1, 8	8	mit	mit	1
ILE	1, 4	4	PHE	1, 9	9	mit	mit	0.96
ASN	1, 5	5	PHE	1, 9	9	mit	mit	0.99
ARG	1, 6	6	PHE	1, 9	9	mit	mit	0.73
TRP	1, 7	7	PHE	1, 9	9	mit	mit	0.52
LEU	1, 8	8	PHE	1, 9	9	mit	mit	1
ARG	1, 6	6	SER	1, 10	10	mit	mit	0.99
TRP	1, 7	7	SER	1, 10	10	mit	mit	0.99
LEU	1, 8	8	SER	1, 10	10	mit	mit	0.97
PHE	1, 9	9	SER	1, 10	10	mit	mit	1
PHE	1, 9	9	THR	1, 11	11	mit	mit	0.84
SER	1, 10	10	THR	1, 11	11	mit	mit	1
SER	1, 10	10	ASN	1, 12	12	mit	mit	0.99
THR	1, 11	11	ASN	1, 12	12	mit	mit	1
ASN	1, 12	12	HIS	1, 13	13	mit	mit	1
ASN	1, 12	12	LYS	1, 14	14	mit	mit	1
HIS	1, 13	13	LYS	1, 14	14	mit	mit	1
ARG	1, 6	6	ASP	1, 15	15	mit	mit	0.97
TRP	1, 7	7	ASP	1, 15	15	mit	mit	0.96
SER	1, 10	10	ASP	1, 15	15	mit	mit	1
ASN	1, 12	12	ASP	1, 15	15	mit	mit	1
HIS	1, 13	13	ASP	1, 15	15	mit	mit	0.92
LYS	1, 14	14	ASP	1, 15	15	mit	mit	1
SER	1, 10	10	ILE	1, 16	16	mit	mit	0.99
ASN	1, 12	12	ILE	1, 16	16	mit	mit	0.99
HIS	1, 13	13	ILE	1, 16	16	mit	mit	1
LYS	1, 14	14	ILE	1, 16	16	mit	mit	0.98
ASP	1, 15	15	ILE	1, 16	16	mit	mit	1
HIS	1, 13	13	GLY	1, 17	17	mit	mit	0.99
LYS	1, 14	14	GLY	1, 17	17	mit	mit	1
ASP	1, 15	15	GLY	1, 17	17	mit	mit	1
ILE	1, 16	16	GLY	1, 17	17	mit	mit	1
LYS	1, 14	14	THR	1, 18	18	mit	mit	0.99
ASP	1, 15	15	THR	1, 18	18	mit	mit	1
ILE	1, 16	16	THR	1, 18	18	mit	mit	0.99
GLY	1, 17	17	THR	1, 18	18	mit	mit	1
TRP	1, 7	7	LEU	1, 19	19	mit	mit	0.95
SER	1, 10	10	LEU	1, 19	19	mit	mit	0.75
ASP	1, 15	15	LEU	1, 19	19	mit	mit	0.99
ILE	1, 16	16	LEU	1, 19	19	mit	mit	1
GLY	1, 17	17	LEU	1, 19	19	mit	mit	1
THR	1, 18	18	LEU	1, 19	19	mit	mit	1
ILE	1, 16	16	TYR	1, 20	20	mit	mit	1
GLY	1, 17	17	TYR	1, 20	20	mit	mit	1
THR	1, 18	18	TYR	1, 20	20	mit	mit	1
LEU	1, 19	19	TYR	1, 20	20	mit	mit	1
GLY	1, 17	17	LEU	1, 21	21	mit	mit	1
THR	1, 18	18	LEU	1, 21	21	mit	mit	1
LEU	1, 19	19	LEU	1, 21	21	mit	mit	1
TYR	1, 20	20	LEU	1, 21	21	mit	mit	1
THR	1, 18	18	ILE	1, 22	22	mit	mit	1
LEU	1, 19	19	ILE	1, 22	22	mit	mit	1
TYR	1, 20	20	ILE	1, 22	22	mit	mit	0.99
LEU	1, 21	21	ILE	1, 22	22	mit	mit	1
LEU	1, 19	19	PHE	1, 23	23	mit	mit	1
TYR	1, 20	20	PHE	1, 23	23	mit	mit	1
LEU	1, 21	21	PHE	1, 23	23	mit	mit	0.99
ILE	1, 22	22	PHE	1, 23	23	mit	mit	1
TYR	1, 20	20	GLY	1, 24	24	mit	mit	0.99
LEU	1, 21	21	GLY	1, 24	24	mit	mit	1
ILE	1, 22	22	GLY	1, 24	24	mit	mit	1
PHE	1, 23	23	GLY	1, 24	24	mit	mit	1
LEU	1, 21	21	THR	1, 25	25	mit	mit	0.99
ILE	1, 22	22	THR	1, 25	25	mit	mit	1
PHE	1, 23	23	THR	1, 25	25	mit	mit	0.98
GLY	1, 24	24	THR	1, 25	25	mit	mit	1
ILE	1, 22	22	TRP	1, 26	26	mit	mit	0.99
PHE	1, 23	23	TRP	1, 26	26	mit	mit	1
GLY	1, 24	24	TRP	1, 26	26	mit	mit	1
THR	1, 25	25	TRP	1, 26	26	mit	mit	1
PHE	1, 23	23	ALA	1, 27	27	mit	mit	1
GLY	1, 24	24	ALA	1, 27	27	mit	mit	1
THR	1, 25	25	ALA	1, 27	27	mit	mit	0.99
TRP	1, 26	26	ALA	1, 27	27	mit	mit	1
GLY	1, 24	24	GLY	1, 28	28	mit	mit	1
THR	1, 25	25	GLY	1, 28	28	mit	mit	1
TRP	1, 26	26	GLY	1, 28	28	mit	mit	1
ALA	1, 27	27	GLY	1, 28	28	mit	mit	1
THR	1, 25	25	MET	1, 29	29	mit	mit	0.99
TRP	1, 26	26	MET	1, 29	29	mit	mit	1
ALA	1, 27	27	MET	1, 29	29	mit	mit	1
GLY	1, 28	28	MET	1, 29	29	mit	mit	1
TRP	1, 26	26	ALA	1, 30	30	mit	mit	0.99
ALA	1, 27	27	ALA	1, 30	30	mit	mit	1
GLY	1, 28	28	ALA	1, 30	30	mit	mit	1
MET	1, 29	29	ALA	1, 30	30	mit	mit	1
ALA	1, 27	27	GLY	1, 31	31	mit	mit	0.99
GLY	1, 28	28	GLY	1, 31	31	mit	mit	1
MET	1, 29	29	GLY	1, 31	31	mit	mit	1
ALA	1, 30	30	GLY	1, 31	31	mit	mit	1
GLY	1, 28	28	THR	1, 32	32	mit	mit	1
MET	1, 29	29	THR	1, 32	32	mit	mit	1
ALA	1, 30	30	THR	1, 32	32	mit	mit	0.99
GLY	1, 31	31	THR	1, 32	32	mit	mit	1
MET	1, 29	29	ALA	1, 33	33	mit	mit	0.99
ALA	1, 30	30	ALA	1, 33	33	mit	mit	1
GLY	1, 31	31	ALA	1, 33	33	mit	mit	1
THR	1, 32	32	ALA	1, 33	33	mit	mit	1
ALA	1, 30	30	LEU	1, 34	34	mit	mit	0.99
GLY	1, 31	31	LEU	1, 34	34	mit	mit	1
THR	1, 32	32	LEU	1, 34	34	mit	mit	1
ALA	1, 33	33	LEU	1, 34	34	mit	mit	1
GLY	1, 31	31	SER	1, 35	35	mit	mit	1
THR	1, 32	32	SER	1, 35	35	mit	mit	1
ALA	1, 33	33	SER	1, 35	35	mit	mit	1
LEU	1, 34	34	SER	1, 35	35	mit	mit	1
THR	1, 32	32	LEU	1, 36	36	mit	mit	0.99
ALA	1, 33	33	LEU	1, 36	36	mit	mit	1
LEU	1, 34	34	LEU	1, 36	36	mit	mit	0.99
SER	1, 35	35	LEU	1, 36	36	mit	mit	1
ALA	1, 33	33	LEU	1, 37	37	mit	mit	0.99
LEU	1, 34	34	LEU	1, 37	37	mit	mit	1
SER	1, 35	35	LEU	1, 37	37	mit	mit	0.99
LEU	1, 36	36	LEU	1, 37	37	mit	mit	1
LEU	1, 34	34	ILE	1, 38	38	mit	mit	0.99
SER	1, 35	35	ILE	1, 38	38	mit	mit	1
LEU	1, 36	36	ILE	1, 38	38	mit	mit	0.99
LEU	1, 37	37	ILE	1, 38	38	mit	mit	1
SER	1, 35	35	ARG	1, 39	39	mit	mit	0.99
LEU	1, 36	36	ARG	1, 39	39	mit	mit	1
LEU	1, 37	37	ARG	1, 39	39	mit	mit	0.95
ILE	1, 38	38	ARG	1, 39	39	mit	mit	1
LEU	1, 36	36	ALA	1, 40	40	mit	mit	1
LEU	1, 37	37	ALA	1, 40	40	mit	mit	1
ILE	1, 38	38	ALA	1, 40	40	mit	mit	0.99
ARG	1, 39	39	ALA	1, 40	40	mit	mit	1
LEU	1, 37	37	GLU	1, 41	41	mit	mit	0.99
ILE	1, 38	38	GLU	1, 41	41	mit	mit	0.99
ARG	1, 39	39	GLU	1, 41	41	mit	mit	0.98
ALA	1, 40	40	GLU	1, 41	41	mit	mit	1
ILE	1, 38	38	LEU	1, 42	42	mit	mit	0.98
ARG	1, 39	39	LEU	1, 42	42	mit	mit	1
ALA	1, 40	40	LEU	1, 42	42	mit	mit	0.92
GLU	1, 41	41	LEU	1, 42	42	mit	mit	1
ARG	1, 39	39	GLY	1, 43	43	mit	mit	0.99
ALA	1, 40	40	GLY	1, 43	43	mit	mit	0.99
GLU	1, 41	41	GLY	1, 43	43	mit	mit	1
LEU	1, 42	42	GLY	1, 43	43	mit	mit	1
GLY	1, 43	43	GLN	1, 44	44	mit	mit	1
GLY	1, 43	43	PRO	1, 45	45	mit	mit	0.66
GLN	1, 44	44	PRO	1, 45	45	mit	mit	1
GLN	1, 44	44	GLY	1, 46	46	mit	mit	1
PRO	1, 45	45	GLY	1, 46	46	mit	mit	1
GLU	1, 41	41	THR	1, 47	47	mit	mit	0.7
GLY	1, 46	46	THR	1, 47	47	mit	mit	1
ALA	1, 40	40	LEU	1, 48	48	mit	mit	0.92
GLU	1, 41	41	LEU	1, 48	48	mit	mit	0.98
GLN	1, 44	44	LEU	1, 48	48	mit	mit	0.76
GLY	1, 46	46	LEU	1, 48	48	mit	mit	0.97
THR	1, 47	47	LEU	1, 48	48	mit	mit	1
LEU	1, 37	37	LEU	1, 49	49	mit	mit	0.59
GLU	1, 41	41	LEU	1, 49	49	mit	mit	0.98
THR	1, 47	47	LEU	1, 49	49	mit	mit	0.96
LEU	1, 48	48	LEU	1, 49	49	mit	mit	1
THR	1, 47	47	GLY	1, 50	50	mit	mit	0.98
LEU	1, 48	48	GLY	1, 50	50	mit	mit	0.98
LEU	1, 49	49	GLY	1, 50	50	mit	mit	1
THR	1, 47	47	ASP	1, 51	51	mit	mit	0.57
LEU	1, 49	49	ASP	1, 51	51	mit	mit	0.81
GLY	1, 50	50	ASP	1, 51	51	mit	mit	1
ASP	1, 51	51	ASP	1, 52	52	mit	mit	1
ASP	1, 51	51	GLN	1, 53	53	mit	mit	1
ASP	1, 52	52	GLN	1, 53	53	mit	mit	1
LEU	1, 49	49	ILE	1, 54	54	mit	mit	0.99
GLY	1, 50	50	ILE	1, 54	54	mit	mit	0.95
ASP	1, 51	51	ILE	1, 54	54	mit	mit	0.98
ASP	1, 52	52	ILE	1, 54	54	mit	mit	0.76
GLN	1, 53	53	ILE	1, 54	54	mit	mit	1
ILE	1, 38	38	TYR	1, 55	55	mit	mit	0.82
GLU	1, 41	41	TYR	1, 55	55	mit	mit	0.99
LEU	1, 49	49	TYR	1, 55	55	mit	mit	0.96
GLY	1, 50	50	TYR	1, 55	55	mit	mit	0.7
ASP	1, 51	51	TYR	1, 55	55	mit	mit	0.87
ASP	1, 52	52	TYR	1, 55	55	mit	mit	1
GLN	1, 53	53	TYR	1, 55	55	mit	mit	0.99
ILE	1, 54	54	TYR	1, 55	55	mit	mit	1
ASP	1, 52	52	ASN	1, 56	56	mit	mit	0.98
GLN	1, 53	53	ASN	1, 56	56	mit	mit	1
ILE	1, 54	54	ASN	1, 56	56	mit	mit	0.95
TYR	1, 55	55	ASN	1, 56	56	mit	mit	1
GLN	1, 53	53	VAL	1, 57	57	mit	mit	0.99
ILE	1, 54	54	VAL	1, 57	57	mit	mit	1
TYR	1, 55	55	VAL	1, 57	57	mit	mit	1
ASN	1, 56	56	VAL	1, 57	57	mit	mit	1
LEU	1, 34	34	ILE	1, 58	58	mit	mit	1
LEU	1, 37	37	ILE	1, 58	58	mit	mit	1
ILE	1, 38	38	ILE	1, 58	58	mit	mit	0.99
ILE	1, 54	54	ILE	1, 58	58	mit	mit	0.99
TYR	1, 55	55	ILE	1, 58	58	mit	mit	1
ASN	1, 56	56	ILE	1, 58	58	mit	mit	0.99
VAL	1, 57	57	ILE	1, 58	58	mit	mit	1
ILE	1, 38	38	VAL	1, 59	59	mit	mit	0.99
TYR	1, 55	55	VAL	1, 59	59	mit	mit	0.99
ASN	1, 56	56	VAL	1, 59	59	mit	mit	1
VAL	1, 57	57	VAL	1, 59	59	mit	mit	0.98
ILE	1, 58	58	VAL	1, 59	59	mit	mit	1
ASN	1, 56	56	THR	1, 60	60	mit	mit	0.99
VAL	1, 57	57	THR	1, 60	60	mit	mit	1
ILE	1, 58	58	THR	1, 60	60	mit	mit	0.99
VAL	1, 59	59	THR	1, 60	60	mit	mit	1
LEU	1, 34	34	ALA	1, 61	61	mit	mit	0.99
VAL	1, 57	57	ALA	1, 61	61	mit	mit	1
ILE	1, 58	58	ALA	1, 61	61	mit	mit	1
VAL	1, 59	59	ALA	1, 61	61	mit	mit	0.98
THR	1, 60	60	ALA	1, 61	61	mit	mit	1
GLY	1, 31	31	HIS	1, 62	62	mit	mit	1
LEU	1, 34	34	HIS	1, 62	62	mit	mit	1
SER	1, 35	35	HIS	1, 62	62	mit	mit	0.99
ILE	1, 38	38	HIS	1, 62	62	mit	mit	0.98
ILE	1, 58	58	HIS	1, 62	62	mit	mit	1
VAL	1, 59	59	HIS	1, 62	62	mit	mit	1
THR	1, 60	60	HIS	1, 62	62	mit	mit	1
ALA	1, 61	61	HIS	1, 62	62	mit	mit	1
VAL	1, 59	59	ALA	1, 63	63	mit	mit	0.99
THR	1, 60	60	ALA	1, 63	63	mit	mit	1
ALA	1, 61	61	ALA	1, 63	63	mit	mit	0.98
HIS	1, 62	62	ALA	1, 63	63	mit	mit	1
THR	1, 60	60	PHE	1, 64	64	mit	mit	1
ALA	1, 61	61	PHE	1, 64	64	mit	mit	1
HIS	1, 62	62	PHE	1, 64	64	mit	mit	0.98
ALA	1, 63	63	PHE	1, 64	64	mit	mit	1
ALA	1, 27	27	VAL	1, 65	65	mit	mit	1
GLY	1, 28	28	VAL	1, 65	65	mit	mit	0.96
ALA	1, 30	30	VAL	1, 65	65	mit	mit	1
GLY	1, 31	31	VAL	1, 65	65	mit	mit	1
LEU	1, 34	34	VAL	1, 65	65	mit	mit	0.97
ALA	1, 61	61	VAL	1, 65	65	mit	mit	1
HIS	1, 62	62	VAL	1, 65	65	mit	mit	1
ALA	1, 63	63	VAL	1, 65	65	mit	mit	0.97
PHE	1, 64	64	VAL	1, 65	65	mit	mit	1
GLY	1, 28	28	MET	1, 66	66	mit	mit	0.92
GLY	1, 31	31	MET	1, 66	66	mit	mit	1
HIS	1, 62	62	MET	1, 66	66	mit	mit	1
ALA	1, 63	63	MET	1, 66	66	mit	mit	1
PHE	1, 64	64	MET	1, 66	66	mit	mit	0.95
VAL	1, 65	65	MET	1, 66	66	mit	mit	1
ALA	1, 63	63	ILE	1, 67	67	mit	mit	1
PHE	1, 64	64	ILE	1, 67	67	mit	mit	0.99
VAL	1, 65	65	ILE	1, 67	67	mit	mit	0.83
MET	1, 66	66	ILE	1, 67	67	mit	mit	1
PHE	1, 64	64	PHE	1, 68	68	mit	mit	1
VAL	1, 65	65	PHE	1, 68	68	mit	mit	0.96
ILE	1, 67	67	PHE	1, 68	68	mit	mit	1
PHE	1, 23	23	PHE	1, 69	69	mit	mit	0.69
GLY	1, 24	24	PHE	1, 69	69	mit	mit	0.97
ALA	1, 27	27	PHE	1, 69	69	mit	mit	1
GLY	1, 28	28	PHE	1, 69	69	mit	mit	0.72
PHE	1, 64	64	PHE	1, 69	69	mit	mit	0.95
VAL	1, 65	65	PHE	1, 69	69	mit	mit	1
MET	1, 66	66	PHE	1, 69	69	mit	mit	0.88
ILE	1, 67	67	PHE	1, 69	69	mit	mit	0.67
PHE	1, 68	68	PHE	1, 69	69	mit	mit	1
GLY	1, 24	24	MET	1, 70	70	mit	mit	1
ALA	1, 27	27	MET	1, 70	70	mit	mit	1
GLY	1, 28	28	MET	1, 70	70	mit	mit	1
GLY	1, 31	31	MET	1, 70	70	mit	mit	0.96
VAL	1, 65	65	MET	1, 70	70	mit	mit	0.99
MET	1, 66	66	MET	1, 70	70	mit	mit	1
ILE	1, 67	67	MET	1, 70	70	mit	mit	0.87
PHE	1, 69	69	MET	1, 70	70	mit	mit	1
MET	1, 66	66	VAL	1, 71	71	mit	mit	0.99
ILE	1, 67	67	VAL	1, 71	71	mit	mit	1
MET	1, 70	70	VAL	1, 71	71	mit	mit	1
ILE	1, 67	67	MET	1, 72	72	mit	mit	0.96
PHE	1, 68	68	MET	1, 72	72	mit	mit	1
PHE	1, 69	69	MET	1, 72	72	mit	mit	0.8
MET	1, 70	70	MET	1, 72	72	mit	mit	0.8
VAL	1, 71	71	MET	1, 72	72	mit	mit	1
TYR	1, 20	20	PRO	1, 73	73	mit	mit	1
PHE	1, 23	23	PRO	1, 73	73	mit	mit	0.99
GLY	1, 24	24	PRO	1, 73	73	mit	mit	1
ALA	1, 27	27	PRO	1, 73	73	mit	mit	0.93
PHE	1, 68	68	PRO	1, 73	73	mit	mit	0.51
PHE	1, 69	69	PRO	1, 73	73	mit	mit	0.99
MET	1, 70	70	PRO	1, 73	73	mit	mit	0.99
VAL	1, 71	71	PRO	1, 73	73	mit	mit	0.95
MET	1, 72	72	PRO	1, 73	73	mit	mit	1
TYR	1, 20	20	ILE	1, 74	74	mit	mit	0.98
LEU	1, 21	21	ILE	1, 74	74	mit	mit	0.99
GLY	1, 24	24	ILE	1, 74	74	mit	mit	1
THR	1, 25	25	ILE	1, 74	74	mit	mit	0.69
MET	1, 70	70	ILE	1, 74	74	mit	mit	0.99
VAL	1, 71	71	ILE	1, 74	74	mit	mit	1
MET	1, 72	72	ILE	1, 74	74	mit	mit	0.96
PRO	1, 73	73	ILE	1, 74	74	mit	mit	1
VAL	1, 71	71	MET	1, 75	75	mit	mit	1
MET	1, 72	72	MET	1, 75	75	mit	mit	1
PRO	1, 73	73	MET	1, 75	75	mit	mit	0.84
ILE	1, 74	74	MET	1, 75	75	mit	mit	1
MET	1, 72	72	ILE	1, 76	76	mit	mit	1
PRO	1, 73	73	ILE	1, 76	76	mit	mit	0.95
MET	1, 75	75	ILE	1, 76	76	mit	mit	1
GLY	1, 17	17	GLY	1, 77	77	mit	mit	0.99
TYR	1, 20	20	GLY	1, 77	77	mit	mit	1
MET	1, 72	72	GLY	1, 77	77	mit	mit	0.81
PRO	1, 73	73	GLY	1, 77	77	mit	mit	1
ILE	1, 74	74	GLY	1, 77	77	mit	mit	0.99
MET	1, 75	75	GLY	1, 77	77	mit	mit	1
ILE	1, 76	76	GLY	1, 77	77	mit	mit	1
GLY	1, 17	17	GLY	1, 78	78	mit	mit	1
THR	1, 18	18	GLY	1, 78	78	mit	mit	0.65
TYR	1, 20	20	GLY	1, 78	78	mit	mit	1
LEU	1, 21	21	GLY	1, 78	78	mit	mit	1
PRO	1, 73	73	GLY	1, 78	78	mit	mit	0.98
ILE	1, 74	74	GLY	1, 78	78	mit	mit	1
MET	1, 75	75	GLY	1, 78	78	mit	mit	0.97
ILE	1, 76	76	GLY	1, 78	78	mit	mit	0.99
GLY	1, 77	77	GLY	1, 78	78	mit	mit	1
ILE	1, 74	74	PHE	1, 79	79	mit	mit	0.98
MET	1, 75	75	PHE	1, 79	79	mit	mit	1
ILE	1, 76	76	PHE	1, 79	79	mit	mit	0.93
GLY	1, 77	77	PHE	1, 79	79	mit	mit	1
GLY	1, 78	78	PHE	1, 79	79	mit	mit	1
GLY	1, 17	17	GLY	1, 80	80	mit	mit	0.78
MET	1, 75	75	GLY	1, 80	80	mit	mit	0.81
ILE	1, 76	76	GLY	1, 80	80	mit	mit	1
GLY	1, 77	77	GLY	1, 80	80	mit	mit	1
GLY	1, 78	78	GLY	1, 80	80	mit	mit	1
PHE	1, 79	79	GLY	1, 80	80	mit	mit	1
HIS	1, 13	13	ASN	1, 81	81	mit	mit	1
LYS	1, 14	14	ASN	1, 81	81	mit	mit	0.69
ILE	1, 16	16	ASN	1, 81	81	mit	mit	1
GLY	1, 17	17	ASN	1, 81	81	mit	mit	1
TYR	1, 20	20	ASN	1, 81	81	mit	mit	0.99
GLY	1, 77	77	ASN	1, 81	81	mit	mit	1
GLY	1, 78	78	ASN	1, 81	81	mit	mit	1
PHE	1, 79	79	ASN	1, 81	81	mit	mit	0.93
GLY	1, 80	80	ASN	1, 81	81	mit	mit	1
HIS	1, 13	13	TRP	1, 82	82	mit	mit	0.97
LYS	1, 14	14	TRP	1, 82	82	mit	mit	0.99
GLY	1, 17	17	TRP	1, 82	82	mit	mit	1
THR	1, 18	18	TRP	1, 82	82	mit	mit	0.74
GLY	1, 78	78	TRP	1, 82	82	mit	mit	1
PHE	1, 79	79	TRP	1, 82	82	mit	mit	1
GLY	1, 80	80	TRP	1, 82	82	mit	mit	1
ASN	1, 81	81	TRP	1, 82	82	mit	mit	1
PHE	1, 79	79	LEU	1, 83	83	mit	mit	1
GLY	1, 80	80	LEU	1, 83	83	mit	mit	1
ASN	1, 81	81	LEU	1, 83	83	mit	mit	0.52
TRP	1, 82	82	LEU	1, 83	83	mit	mit	1
GLY	1, 80	80	VAL	1, 84	84	mit	mit	1
ASN	1, 81	81	VAL	1, 84	84	mit	mit	0.99
TRP	1, 82	82	VAL	1, 84	84	mit	mit	0.75
LEU	1, 83	83	VAL	1, 84	84	mit	mit	1
HIS	1, 13	13	PRO	1, 85	85	mit	mit	1
ASN	1, 81	81	PRO	1, 85	85	mit	mit	0.76
LEU	1, 83	83	PRO	1, 85	85	mit	mit	0.82
VAL	1, 84	84	PRO	1, 85	85	mit	mit	1
TRP	1, 82	82	LEU	1, 86	86	mit	mit	0.97
LEU	1, 83	83	LEU	1, 86	86	mit	mit	1
VAL	1, 84	84	LEU	1, 86	86	mit	mit	0.99
PRO	1, 85	85	LEU	1, 86	86	mit	mit	1
LEU	1, 83	83	MET	1, 87	87	mit	mit	1
VAL	1, 84	84	MET	1, 87	87	mit	mit	1
PRO	1, 85	85	MET	1, 87	87	mit	mit	0.97
LEU	1, 86	86	MET	1, 87	87	mit	mit	1
VAL	1, 84	84	ILE	1, 88	88	mit	mit	0.99
PRO	1, 85	85	ILE	1, 88	88	mit	mit	0.99
LEU	1, 86	86	ILE	1, 88	88	mit	mit	0.71
MET	1, 87	87	ILE	1, 88	88	mit	mit	1
PRO	1, 85	85	GLY	1, 89	89	mit	mit	0.98
LEU	1, 86	86	GLY	1, 89	89	mit	mit	0.99
MET	1, 87	87	GLY	1, 89	89	mit	mit	0.99
ILE	1, 88	88	GLY	1, 89	89	mit	mit	1
VAL	1, 84	84	ALA	1, 90	90	mit	mit	0.59
PRO	1, 85	85	ALA	1, 90	90	mit	mit	1
ILE	1, 88	88	ALA	1, 90	90	mit	mit	1
GLY	1, 89	89	ALA	1, 90	90	mit	mit	1
PRO	1, 85	85	PRO	1, 91	91	mit	mit	0.94
GLY	1, 89	89	PRO	1, 91	91	mit	mit	0.9
ALA	1, 90	90	PRO	1, 91	91	mit	mit	1
THR	1, 11	11	ASP	1, 92	92	mit	mit	0.89
ASN	1, 12	12	ASP	1, 92	92	mit	mit	0.98
HIS	1, 13	13	ASP	1, 92	92	mit	mit	1
PRO	1, 85	85	ASP	1, 92	92	mit	mit	0.99
ALA	1, 90	90	ASP	1, 92	92	mit	mit	0.99
PRO	1, 91	91	ASP	1, 92	92	mit	mit	1
HIS	1, 13	13	MET	1, 93	93	mit	mit	1
ASN	1, 81	81	MET	1, 93	93	mit	mit	0.94
VAL	1, 84	84	MET	1, 93	93	mit	mit	0.55
PRO	1, 85	85	MET	1, 93	93	mit	mit	0.99
ALA	1, 90	90	MET	1, 93	93	mit	mit	0.87
ASP	1, 92	92	MET	1, 93	93	mit	mit	1
MET	1, 93	93	ALA	1, 94	94	mit	mit	1
MET	1, 93	93	PHE	1, 95	95	mit	mit	0.99
ALA	1, 94	94	PHE	1, 95	95	mit	mit	1
THR	1, 11	11	PRO	1, 96	96	mit	mit	1
ASN	1, 12	12	PRO	1, 96	96	mit	mit	0.81
HIS	1, 13	13	PRO	1, 96	96	mit	mit	0.84
ASP	1, 92	92	PRO	1, 96	96	mit	mit	0.99
MET	1, 93	93	PRO	1, 96	96	mit	mit	1
ALA	1, 94	94	PRO	1, 96	96	mit	mit	0.56
PHE	1, 95	95	PRO	1, 96	96	mit	mit	1
THR	1, 11	11	ARG	1, 97	97	mit	mit	0.96
PHE	1, 95	95	ARG	1, 97	97	mit	mit	1
PRO	1, 96	96	ARG	1, 97	97	mit	mit	1
PHE	1, 95	95	MET	1, 98	98	mit	mit	1
PRO	1, 96	96	MET	1, 98	98	mit	mit	0.98
ARG	1, 97	97	MET	1, 98	98	mit	mit	1
THR	1, 11	11	ASN	1, 99	99	mit	mit	0.72
HIS	1, 13	13	ASN	1, 99	99	mit	mit	0.95
ILE	1, 16	16	ASN	1, 99	99	mit	mit	1
ASN	1, 81	81	ASN	1, 99	99	mit	mit	0.99
MET	1, 93	93	ASN	1, 99	99	mit	mit	1
PHE	1, 95	95	ASN	1, 99	99	mit	mit	0.98
PRO	1, 96	96	ASN	1, 99	99	mit	mit	1
ARG	1, 97	97	ASN	1, 99	99	mit	mit	0.99
MET	1, 98	98	ASN	1, 99	99	mit	mit	1
PHE	1, 9	9	ASN	1, 100	100	mit	mit	0.79
SER	1, 10	10	ASN	1, 100	100	mit	mit	0.99
THR	1, 11	11	ASN	1, 100	100	mit	mit	0.99
ILE	1, 16	16	ASN	1, 100	100	mit	mit	0.99
PRO	1, 96	96	ASN	1, 100	100	mit	mit	0.96
ARG	1, 97	97	ASN	1, 100	100	mit	mit	1
MET	1, 98	98	ASN	1, 100	100	mit	mit	0.99
ASN	1, 99	99	ASN	1, 100	100	mit	mit	1
ARG	1, 97	97	MET	1, 101	101	mit	mit	0.97
MET	1, 98	98	MET	1, 101	101	mit	mit	1
ASN	1, 99	99	MET	1, 101	101	mit	mit	0.99
ASN	1, 100	100	MET	1, 101	101	mit	mit	1
MET	1, 98	98	SER	1, 102	102	mit	mit	0.99
ASN	1, 99	99	SER	1, 102	102	mit	mit	1
ASN	1, 100	100	SER	1, 102	102	mit	mit	1
MET	1, 101	101	SER	1, 102	102	mit	mit	1
ILE	1, 16	16	PHE	1, 103	103	mit	mit	1
GLY	1, 17	17	PHE	1, 103	103	mit	mit	0.68
LEU	1, 19	19	PHE	1, 103	103	mit	mit	0.99
TYR	1, 20	20	PHE	1, 103	103	mit	mit	1
PHE	1, 23	23	PHE	1, 103	103	mit	mit	0.83
GLY	1, 77	77	PHE	1, 103	103	mit	mit	0.55
ASN	1, 99	99	PHE	1, 103	103	mit	mit	0.96
ASN	1, 100	100	PHE	1, 103	103	mit	mit	1
MET	1, 101	101	PHE	1, 103	103	mit	mit	0.99
SER	1, 102	102	PHE	1, 103	103	mit	mit	1
ASN	1, 100	100	TRP	1, 104	104	mit	mit	1
MET	1, 101	101	TRP	1, 104	104	mit	mit	1
SER	1, 102	102	TRP	1, 104	104	mit	mit	0.8
PHE	1, 103	103	TRP	1, 104	104	mit	mit	1
MET	1, 101	101	LEU	1, 105	105	mit	mit	1
SER	1, 102	102	LEU	1, 105	105	mit	mit	1
PHE	1, 103	103	LEU	1, 105	105	mit	mit	0.99
TRP	1, 104	104	LEU	1, 105	105	mit	mit	1
PHE	1, 23	23	LEU	1, 106	106	mit	mit	0.99
PHE	1, 69	69	LEU	1, 106	106	mit	mit	0.97
PRO	1, 73	73	LEU	1, 106	106	mit	mit	0.99
SER	1, 102	102	LEU	1, 106	106	mit	mit	0.61
PHE	1, 103	103	LEU	1, 106	106	mit	mit	1
TRP	1, 104	104	LEU	1, 106	106	mit	mit	0.99
LEU	1, 105	105	LEU	1, 106	106	mit	mit	1
PHE	1, 23	23	PRO	1, 107	107	mit	mit	0.97
TRP	1, 104	104	PRO	1, 107	107	mit	mit	1
LEU	1, 105	105	PRO	1, 107	107	mit	mit	0.83
LEU	1, 106	106	PRO	1, 107	107	mit	mit	1
TRP	1, 104	104	PRO	1, 108	108	mit	mit	0.85
LEU	1, 105	105	PRO	1, 108	108	mit	mit	1
LEU	1, 106	106	PRO	1, 108	108	mit	mit	0.98
PRO	1, 107	107	PRO	1, 108	108	mit	mit	1
PHE	1, 68	68	SER	1, 109	109	mit	mit	0.63
PHE	1, 69	69	SER	1, 109	109	mit	mit	0.8
LEU	1, 105	105	SER	1, 109	109	mit	mit	0.99
LEU	1, 106	106	SER	1, 109	109	mit	mit	1
PRO	1, 107	107	SER	1, 109	109	mit	mit	1
PRO	1, 108	108	SER	1, 109	109	mit	mit	1
ALA	1, 27	27	PHE	1, 110	110	mit	mit	0.98
VAL	1, 65	65	PHE	1, 110	110	mit	mit	0.52
PHE	1, 69	69	PHE	1, 110	110	mit	mit	0.99
LEU	1, 106	106	PHE	1, 110	110	mit	mit	0.99
PRO	1, 107	107	PHE	1, 110	110	mit	mit	1
PRO	1, 108	108	PHE	1, 110	110	mit	mit	0.99
SER	1, 109	109	PHE	1, 110	110	mit	mit	1
PRO	1, 107	107	LEU	1, 111	111	mit	mit	0.99
PRO	1, 108	108	LEU	1, 111	111	mit	mit	1
SER	1, 109	109	LEU	1, 111	111	mit	mit	1
PHE	1, 110	110	LEU	1, 111	111	mit	mit	1
PRO	1, 108	108	LEU	1, 112	112	mit	mit	0.99
SER	1, 109	109	LEU	1, 112	112	mit	mit	1
PHE	1, 110	110	LEU	1, 112	112	mit	mit	1
LEU	1, 111	111	LEU	1, 112	112	mit	mit	1
ALA	1, 61	61	LEU	1, 113	113	mit	mit	0.98
PHE	1, 64	64	LEU	1, 113	113	mit	mit	0.99
VAL	1, 65	65	LEU	1, 113	113	mit	mit	0.95
PHE	1, 69	69	LEU	1, 113	113	mit	mit	0.78
SER	1, 109	109	LEU	1, 113	113	mit	mit	0.99
PHE	1, 110	110	LEU	1, 113	113	mit	mit	1
LEU	1, 111	111	LEU	1, 113	113	mit	mit	0.99
LEU	1, 112	112	LEU	1, 113	113	mit	mit	1
PHE	1, 110	110	LEU	1, 114	114	mit	mit	1
LEU	1, 111	111	LEU	1, 114	114	mit	mit	1
LEU	1, 112	112	LEU	1, 114	114	mit	mit	0.98
LEU	1, 113	113	LEU	1, 114	114	mit	mit	1
LEU	1, 111	111	ALA	1, 115	115	mit	mit	1
LEU	1, 112	112	ALA	1, 115	115	mit	mit	1
LEU	1, 113	113	ALA	1, 115	115	mit	mit	1
LEU	1, 114	114	ALA	1, 115	115	mit	mit	1
LEU	1, 112	112	SER	1, 116	116	mit	mit	0.99
LEU	1, 113	113	SER	1, 116	116	mit	mit	1
LEU	1, 114	114	SER	1, 116	116	mit	mit	1
ALA	1, 115	115	SER	1, 116	116	mit	mit	1
VAL	1, 57	57	SER	1, 117	117	mit	mit	0.99
ALA	1, 61	61	SER	1, 117	117	mit	mit	1
LEU	1, 113	113	SER	1, 117	117	mit	mit	0.93
LEU	1, 114	114	SER	1, 117	117	mit	mit	1
ALA	1, 115	115	SER	1, 117	117	mit	mit	0.99
SER	1, 116	116	SER	1, 117	117	mit	mit	1
LEU	1, 114	114	THR	1, 118	118	mit	mit	0.97
ALA	1, 115	115	THR	1, 118	118	mit	mit	1
SER	1, 116	116	THR	1, 118	118	mit	mit	0.94
SER	1, 117	117	THR	1, 118	118	mit	mit	1
ALA	1, 115	115	VAL	1, 119	119	mit	mit	0.99
SER	1, 116	116	VAL	1, 119	119	mit	mit	0.98
SER	1, 117	117	VAL	1, 119	119	mit	mit	0.59
THR	1, 118	118	VAL	1, 119	119	mit	mit	1
VAL	1, 119	119	GLU	1, 120	120	mit	mit	1
GLN	1, 53	53	ALA	1, 121	121	mit	mit	0.97
VAL	1, 57	57	ALA	1, 121	121	mit	mit	0.66
GLU	1, 120	120	ALA	1, 121	121	mit	mit	1
GLN	1, 53	53	GLY	1, 122	122	mit	mit	0.7
VAL	1, 57	57	GLY	1, 122	122	mit	mit	1
SER	1, 116	116	GLY	1, 122	122	mit	mit	0.99
SER	1, 117	117	GLY	1, 122	122	mit	mit	0.99
THR	1, 118	118	GLY	1, 122	122	mit	mit	0.73
VAL	1, 119	119	GLY	1, 122	122	mit	mit	0.94
GLU	1, 120	120	GLY	1, 122	122	mit	mit	0.99
ALA	1, 121	121	GLY	1, 122	122	mit	mit	1
VAL	1, 57	57	ALA	1, 123	123	mit	mit	0.99
THR	1, 60	60	ALA	1, 123	123	mit	mit	0.99
SER	1, 116	116	ALA	1, 123	123	mit	mit	0.99
SER	1, 117	117	ALA	1, 123	123	mit	mit	0.93
GLY	1, 122	122	ALA	1, 123	123	mit	mit	1
GLN	1, 53	53	GLY	1, 124	124	mit	mit	0.98
ASN	1, 56	56	GLY	1, 124	124	mit	mit	1
VAL	1, 57	57	GLY	1, 124	124	mit	mit	1
VAL	1, 59	59	GLY	1, 124	124	mit	mit	0.61
THR	1, 60	60	GLY	1, 124	124	mit	mit	1
GLY	1, 122	122	GLY	1, 124	124	mit	mit	1
ALA	1, 123	123	GLY	1, 124	124	mit	mit	1
ASN	1, 56	56	THR	1, 125	125	mit	mit	0.87
THR	1, 60	60	THR	1, 125	125	mit	mit	0.99
ALA	1, 123	123	THR	1, 125	125	mit	mit	1
GLY	1, 124	124	THR	1, 125	125	mit	mit	1
ASN	1, 56	56	GLY	1, 126	126	mit	mit	0.98
VAL	1, 59	59	GLY	1, 126	126	mit	mit	0.99
THR	1, 60	60	GLY	1, 126	126	mit	mit	1
ALA	1, 63	63	GLY	1, 126	126	mit	mit	0.94
ALA	1, 123	123	GLY	1, 126	126	mit	mit	0.57
GLY	1, 124	124	GLY	1, 126	126	mit	mit	1
THR	1, 125	125	GLY	1, 126	126	mit	mit	1
VAL	1, 59	59	TRP	1, 127	127	mit	mit	0.57
THR	1, 60	60	TRP	1, 127	127	mit	mit	0.99
ALA	1, 63	63	TRP	1, 127	127	mit	mit	1
PHE	1, 64	64	TRP	1, 127	127	mit	mit	0.98
ILE	1, 67	67	TRP	1, 127	127	mit	mit	0.77
GLY	1, 126	126	TRP	1, 127	127	mit	mit	1
THR	1, 125	125	THR	1, 128	128	mit	mit	0.79
GLY	1, 126	126	THR	1, 128	128	mit	mit	1
TRP	1, 127	127	THR	1, 128	128	mit	mit	1
ALA	1, 123	123	VAL	1, 129	129	mit	mit	0.64
THR	1, 125	125	VAL	1, 129	129	mit	mit	0.99
GLY	1, 126	126	VAL	1, 129	129	mit	mit	0.99
TRP	1, 127	127	VAL	1, 129	129	mit	mit	0.94
THR	1, 128	128	VAL	1, 129	129	mit	mit	1
THR	1, 125	125	TYR	1, 130	130	mit	mit	0.97
GLY	1, 126	126	TYR	1, 130	130	mit	mit	0.75
THR	1, 128	128	TYR	1, 130	130	mit	mit	1
VAL	1, 129	129	TYR	1, 130	130	mit	mit	1
VAL	1, 129	129	PRO	1, 131	131	mit	mit	0.72
TYR	1, 130	130	PRO	1, 131	131	mit	mit	1
TYR	1, 130	130	PRO	1, 132	132	mit	mit	0.74
PRO	1, 131	131	PRO	1, 132	132	mit	mit	1
THR	1, 125	125	LEU	1, 133	133	mit	mit	0.99
TYR	1, 130	130	LEU	1, 133	133	mit	mit	0.99
PRO	1, 131	131	LEU	1, 133	133	mit	mit	0.98
PRO	1, 132	132	LEU	1, 133	133	mit	mit	1
ALA	1, 123	123	ALA	1, 134	134	mit	mit	0.51
THR	1, 125	125	ALA	1, 134	134	mit	mit	0.99
VAL	1, 129	129	ALA	1, 134	134	mit	mit	0.99
TYR	1, 130	130	ALA	1, 134	134	mit	mit	0.98
PRO	1, 131	131	ALA	1, 134	134	mit	mit	1
PRO	1, 132	132	ALA	1, 134	134	mit	mit	0.95
LEU	1, 133	133	ALA	1, 134	134	mit	mit	1
PRO	1, 131	131	GLY	1, 135	135	mit	mit	0.99
PRO	1, 132	132	GLY	1, 135	135	mit	mit	0.99
LEU	1, 133	133	GLY	1, 135	135	mit	mit	0.99
ALA	1, 134	134	GLY	1, 135	135	mit	mit	1
GLY	1, 135	135	ASN	1, 136	136	mit	mit	1
PRO	1, 132	132	LEU	1, 137	137	mit	mit	0.68
GLY	1, 135	135	LEU	1, 137	137	mit	mit	1
ASN	1, 136	136	LEU	1, 137	137	mit	mit	1
PRO	1, 132	132	ALA	1, 138	138	mit	mit	0.95
LEU	1, 133	133	ALA	1, 138	138	mit	mit	0.98
ALA	1, 134	134	ALA	1, 138	138	mit	mit	0.84
GLY	1, 135	135	ALA	1, 138	138	mit	mit	0.99
ASN	1, 136	136	ALA	1, 138	138	mit	mit	0.59
LEU	1, 137	137	ALA	1, 138	138	mit	mit	1
ALA	1, 123	123	HIS	1, 139	139	mit	mit	0.88
GLY	1, 124	124	HIS	1, 139	139	mit	mit	0.8
THR	1, 125	125	HIS	1, 139	139	mit	mit	0.9
LEU	1, 133	133	HIS	1, 139	139	mit	mit	0.95
ALA	1, 134	134	HIS	1, 139	139	mit	mit	0.96
GLY	1, 135	135	HIS	1, 139	139	mit	mit	0.98
ASN	1, 136	136	HIS	1, 139	139	mit	mit	0.8
ALA	1, 138	138	HIS	1, 139	139	mit	mit	1
GLU	1, 120	120	ALA	1, 140	140	mit	mit	0.67
ASN	1, 136	136	ALA	1, 140	140	mit	mit	0.94
LEU	1, 137	137	ALA	1, 140	140	mit	mit	0.82
ALA	1, 138	138	ALA	1, 140	140	mit	mit	0.61
HIS	1, 139	139	ALA	1, 140	140	mit	mit	1
VAL	1, 119	119	GLY	1, 141	141	mit	mit	0.64
GLU	1, 120	120	GLY	1, 141	141	mit	mit	0.99
ASN	1, 136	136	GLY	1, 141	141	mit	mit	0.56
HIS	1, 139	139	GLY	1, 141	141	mit	mit	0.99
ALA	1, 140	140	GLY	1, 141	141	mit	mit	1
VAL	1, 119	119	ALA	1, 142	142	mit	mit	0.98
GLU	1, 120	120	ALA	1, 142	142	mit	mit	0.95
GLY	1, 141	141	ALA	1, 142	142	mit	mit	1
SER	1, 116	116	SER	1, 143	143	mit	mit	1
SER	1, 117	117	SER	1, 143	143	mit	mit	0.66
VAL	1, 119	119	SER	1, 143	143	mit	mit	0.99
GLU	1, 120	120	SER	1, 143	143	mit	mit	0.99
ALA	1, 121	121	SER	1, 143	143	mit	mit	0.95
GLY	1, 122	122	SER	1, 143	143	mit	mit	1
ALA	1, 123	123	SER	1, 143	143	mit	mit	1
HIS	1, 139	139	SER	1, 143	143	mit	mit	0.93
GLY	1, 141	141	SER	1, 143	143	mit	mit	1
ALA	1, 142	142	SER	1, 143	143	mit	mit	1
SER	1, 116	116	VAL	1, 144	144	mit	mit	0.84
ALA	1, 123	123	VAL	1, 144	144	mit	mit	0.99
THR	1, 125	125	VAL	1, 144	144	mit	mit	0.96
VAL	1, 129	129	VAL	1, 144	144	mit	mit	0.94
ALA	1, 134	134	VAL	1, 144	144	mit	mit	0.99
GLY	1, 135	135	VAL	1, 144	144	mit	mit	0.91
HIS	1, 139	139	VAL	1, 144	144	mit	mit	0.98
GLY	1, 141	141	VAL	1, 144	144	mit	mit	0.94
ALA	1, 142	142	VAL	1, 144	144	mit	mit	0.72
SER	1, 143	143	VAL	1, 144	144	mit	mit	1
GLY	1, 141	141	ASP	1, 145	145	mit	mit	0.89
ALA	1, 142	142	ASP	1, 145	145	mit	mit	1
SER	1, 143	143	ASP	1, 145	145	mit	mit	0.99
VAL	1, 144	144	ASP	1, 145	145	mit	mit	1
LEU	1, 112	112	LEU	1, 146	146	mit	mit	1
LEU	1, 113	113	LEU	1, 146	146	mit	mit	0.89
ALA	1, 115	115	LEU	1, 146	146	mit	mit	0.99
SER	1, 116	116	LEU	1, 146	146	mit	mit	1
VAL	1, 119	119	LEU	1, 146	146	mit	mit	0.94
ALA	1, 123	123	LEU	1, 146	146	mit	mit	0.69
ALA	1, 142	142	LEU	1, 146	146	mit	mit	0.99
SER	1, 143	143	LEU	1, 146	146	mit	mit	1
VAL	1, 144	144	LEU	1, 146	146	mit	mit	0.99
ASP	1, 145	145	LEU	1, 146	146	mit	mit	1
THR	1, 60	60	ALA	1, 147	147	mit	mit	0.64
PHE	1, 64	64	ALA	1, 147	147	mit	mit	0.81
LEU	1, 112	112	ALA	1, 147	147	mit	mit	0.7
LEU	1, 113	113	ALA	1, 147	147	mit	mit	0.99
SER	1, 116	116	ALA	1, 147	147	mit	mit	1
ALA	1, 123	123	ALA	1, 147	147	mit	mit	1
THR	1, 125	125	ALA	1, 147	147	mit	mit	0.54
VAL	1, 129	129	ALA	1, 147	147	mit	mit	0.96
SER	1, 143	143	ALA	1, 147	147	mit	mit	0.98
VAL	1, 144	144	ALA	1, 147	147	mit	mit	1
ASP	1, 145	145	ALA	1, 147	147	mit	mit	1
LEU	1, 146	146	ALA	1, 147	147	mit	mit	1
VAL	1, 129	129	ILE	1, 148	148	mit	mit	0.88
VAL	1, 144	144	ILE	1, 148	148	mit	mit	1
ASP	1, 145	145	ILE	1, 148	148	mit	mit	1
LEU	1, 146	146	ILE	1, 148	148	mit	mit	0.99
ALA	1, 147	147	ILE	1, 148	148	mit	mit	1
LEU	1, 112	112	PHE	1, 149	149	mit	mit	0.99
ASP	1, 145	145	PHE	1, 149	149	mit	mit	1
LEU	1, 146	146	PHE	1, 149	149	mit	mit	1
ALA	1, 147	147	PHE	1, 149	149	mit	mit	0.98
ILE	1, 148	148	PHE	1, 149	149	mit	mit	1
PHE	1, 64	64	SER	1, 150	150	mit	mit	0.83
SER	1, 109	109	SER	1, 150	150	mit	mit	1
PHE	1, 110	110	SER	1, 150	150	mit	mit	0.8
LEU	1, 112	112	SER	1, 150	150	mit	mit	1
LEU	1, 113	113	SER	1, 150	150	mit	mit	1
SER	1, 116	116	SER	1, 150	150	mit	mit	0.97
LEU	1, 146	146	SER	1, 150	150	mit	mit	1
ALA	1, 147	147	SER	1, 150	150	mit	mit	1
ILE	1, 148	148	SER	1, 150	150	mit	mit	1
PHE	1, 149	149	SER	1, 150	150	mit	mit	1
PHE	1, 64	64	LEU	1, 151	151	mit	mit	0.53
PHE	1, 68	68	LEU	1, 151	151	mit	mit	0.8
ALA	1, 147	147	LEU	1, 151	151	mit	mit	0.99
ILE	1, 148	148	LEU	1, 151	151	mit	mit	1
PHE	1, 149	149	LEU	1, 151	151	mit	mit	0.99
SER	1, 150	150	LEU	1, 151	151	mit	mit	1
ILE	1, 148	148	HIS	1, 152	152	mit	mit	1
PHE	1, 149	149	HIS	1, 152	152	mit	mit	1
SER	1, 150	150	HIS	1, 152	152	mit	mit	1
LEU	1, 151	151	HIS	1, 152	152	mit	mit	1
LEU	1, 105	105	LEU	1, 153	153	mit	mit	1
LEU	1, 106	106	LEU	1, 153	153	mit	mit	0.63
PRO	1, 108	108	LEU	1, 153	153	mit	mit	0.99
SER	1, 109	109	LEU	1, 153	153	mit	mit	1
LEU	1, 112	112	LEU	1, 153	153	mit	mit	0.96
PHE	1, 149	149	LEU	1, 153	153	mit	mit	1
SER	1, 150	150	LEU	1, 153	153	mit	mit	1
LEU	1, 151	151	LEU	1, 153	153	mit	mit	0.97
HIS	1, 152	152	LEU	1, 153	153	mit	mit	1
PHE	1, 68	68	ALA	1, 154	154	mit	mit	1
PHE	1, 69	69	ALA	1, 154	154	mit	mit	0.73
LEU	1, 105	105	ALA	1, 154	154	mit	mit	0.85
LEU	1, 106	106	ALA	1, 154	154	mit	mit	0.97
SER	1, 109	109	ALA	1, 154	154	mit	mit	1
SER	1, 150	150	ALA	1, 154	154	mit	mit	1
LEU	1, 151	151	ALA	1, 154	154	mit	mit	1
HIS	1, 152	152	ALA	1, 154	154	mit	mit	0.99
LEU	1, 153	153	ALA	1, 154	154	mit	mit	1
LEU	1, 151	151	GLY	1, 155	155	mit	mit	1
HIS	1, 152	152	GLY	1, 155	155	mit	mit	1
LEU	1, 153	153	GLY	1, 155	155	mit	mit	1
ALA	1, 154	154	GLY	1, 155	155	mit	mit	1
LEU	1, 105	105	VAL	1, 156	156	mit	mit	0.99
HIS	1, 152	152	VAL	1, 156	156	mit	mit	1
LEU	1, 153	153	VAL	1, 156	156	mit	mit	1
ALA	1, 154	154	VAL	1, 156	156	mit	mit	0.98
GLY	1, 155	155	VAL	1, 156	156	mit	mit	1
MET	1, 101	101	SER	1, 157	157	mit	mit	0.56
SER	1, 102	102	SER	1, 157	157	mit	mit	1
PHE	1, 103	103	SER	1, 157	157	mit	mit	0.74
LEU	1, 105	105	SER	1, 157	157	mit	mit	1
LEU	1, 106	106	SER	1, 157	157	mit	mit	1
SER	1, 109	109	SER	1, 157	157	mit	mit	0.95
LEU	1, 153	153	SER	1, 157	157	mit	mit	0.99
ALA	1, 154	154	SER	1, 157	157	mit	mit	1
GLY	1, 155	155	SER	1, 157	157	mit	mit	1
VAL	1, 156	156	SER	1, 157	157	mit	mit	1
MET	1, 72	72	SER	1, 158	158	mit	mit	0.97
ILE	1, 76	76	SER	1, 158	158	mit	mit	0.71
SER	1, 102	102	SER	1, 158	158	mit	mit	0.78
ALA	1, 154	154	SER	1, 158	158	mit	mit	1
GLY	1, 155	155	SER	1, 158	158	mit	mit	1
VAL	1, 156	156	SER	1, 158	158	mit	mit	0.98
SER	1, 157	157	SER	1, 158	158	mit	mit	1
GLY	1, 155	155	ILE	1, 159	159	mit	mit	1
VAL	1, 156	156	ILE	1, 159	159	mit	mit	1
SER	1, 157	157	ILE	1, 159	159	mit	mit	0.97
SER	1, 158	158	ILE	1, 159	159	mit	mit	1
MET	1, 98	98	LEU	1, 160	160	mit	mit	1
MET	1, 101	101	LEU	1, 160	160	mit	mit	0.99
SER	1, 102	102	LEU	1, 160	160	mit	mit	1
LEU	1, 105	105	LEU	1, 160	160	mit	mit	0.57
VAL	1, 156	156	LEU	1, 160	160	mit	mit	1
SER	1, 157	157	LEU	1, 160	160	mit	mit	1
SER	1, 158	158	LEU	1, 160	160	mit	mit	0.99
ILE	1, 159	159	LEU	1, 160	160	mit	mit	1
ILE	1, 76	76	GLY	1, 161	161	mit	mit	0.59
MET	1, 98	98	GLY	1, 161	161	mit	mit	0.92
ASN	1, 99	99	GLY	1, 161	161	mit	mit	0.99
SER	1, 102	102	GLY	1, 161	161	mit	mit	1
SER	1, 157	157	GLY	1, 161	161	mit	mit	0.98
SER	1, 158	158	GLY	1, 161	161	mit	mit	1
ILE	1, 159	159	GLY	1, 161	161	mit	mit	1
LEU	1, 160	160	GLY	1, 161	161	mit	mit	1
SER	1, 158	158	ALA	1, 162	162	mit	mit	1
ILE	1, 159	159	ALA	1, 162	162	mit	mit	1
LEU	1, 160	160	ALA	1, 162	162	mit	mit	1
GLY	1, 161	161	ALA	1, 162	162	mit	mit	1
PHE	1, 95	95	ILE	1, 163	163	mit	mit	0.83
MET	1, 98	98	ILE	1, 163	163	mit	mit	0.82
ILE	1, 159	159	ILE	1, 163	163	mit	mit	1
LEU	1, 160	160	ILE	1, 163	163	mit	mit	1
GLY	1, 161	161	ILE	1, 163	163	mit	mit	1
ALA	1, 162	162	ILE	1, 163	163	mit	mit	1
MET	1, 93	93	ASN	1, 164	164	mit	mit	1
ALA	1, 94	94	ASN	1, 164	164	mit	mit	0.99
PHE	1, 95	95	ASN	1, 164	164	mit	mit	1
MET	1, 98	98	ASN	1, 164	164	mit	mit	1
ASN	1, 99	99	ASN	1, 164	164	mit	mit	1
SER	1, 102	102	ASN	1, 164	164	mit	mit	0.93
LEU	1, 160	160	ASN	1, 164	164	mit	mit	0.99
GLY	1, 161	161	ASN	1, 164	164	mit	mit	1
ALA	1, 162	162	ASN	1, 164	164	mit	mit	1
ILE	1, 163	163	ASN	1, 164	164	mit	mit	1
ILE	1, 76	76	PHE	1, 165	165	mit	mit	0.73
GLY	1, 80	80	PHE	1, 165	165	mit	mit	0.91
VAL	1, 84	84	PHE	1, 165	165	mit	mit	0.99
MET	1, 93	93	PHE	1, 165	165	mit	mit	0.55
GLY	1, 161	161	PHE	1, 165	165	mit	mit	1
ALA	1, 162	162	PHE	1, 165	165	mit	mit	1
ILE	1, 163	163	PHE	1, 165	165	mit	mit	0.96
ASN	1, 164	164	PHE	1, 165	165	mit	mit	1
ALA	1, 162	162	ILE	1, 166	166	mit	mit	1
ILE	1, 163	163	ILE	1, 166	166	mit	mit	1
ASN	1, 164	164	ILE	1, 166	166	mit	mit	0.98
PHE	1, 165	165	ILE	1, 166	166	mit	mit	1
ALA	1, 94	94	THR	1, 167	167	mit	mit	1
PHE	1, 95	95	THR	1, 167	167	mit	mit	0.96
ILE	1, 163	163	THR	1, 167	167	mit	mit	1
ASN	1, 164	164	THR	1, 167	167	mit	mit	1
PHE	1, 165	165	THR	1, 167	167	mit	mit	0.98
ILE	1, 166	166	THR	1, 167	167	mit	mit	1
VAL	1, 84	84	THR	1, 168	168	mit	mit	0.98
PRO	1, 85	85	THR	1, 168	168	mit	mit	0.97
ILE	1, 88	88	THR	1, 168	168	mit	mit	0.76
ALA	1, 90	90	THR	1, 168	168	mit	mit	0.98
MET	1, 93	93	THR	1, 168	168	mit	mit	1
ALA	1, 94	94	THR	1, 168	168	mit	mit	1
ASN	1, 164	164	THR	1, 168	168	mit	mit	1
PHE	1, 165	165	THR	1, 168	168	mit	mit	1
ILE	1, 166	166	THR	1, 168	168	mit	mit	0.99
THR	1, 167	167	THR	1, 168	168	mit	mit	1
VAL	1, 84	84	ILE	1, 169	169	mit	mit	0.96
ILE	1, 88	88	ILE	1, 169	169	mit	mit	0.97
PHE	1, 165	165	ILE	1, 169	169	mit	mit	1
ILE	1, 166	166	ILE	1, 169	169	mit	mit	1
THR	1, 167	167	ILE	1, 169	169	mit	mit	0.95
THR	1, 168	168	ILE	1, 169	169	mit	mit	1
ILE	1, 166	166	ILE	1, 170	170	mit	mit	0.99
THR	1, 167	167	ILE	1, 170	170	mit	mit	1
THR	1, 168	168	ILE	1, 170	170	mit	mit	0.92
ILE	1, 169	169	ILE	1, 170	170	mit	mit	1
ALA	1, 94	94	ASN	1, 171	171	mit	mit	0.97
THR	1, 167	167	ASN	1, 171	171	mit	mit	1
THR	1, 168	168	ASN	1, 171	171	mit	mit	0.99
ILE	1, 169	169	ASN	1, 171	171	mit	mit	0.66
ILE	1, 170	170	ASN	1, 171	171	mit	mit	1
PRO	1, 85	85	MET	1, 172	172	mit	mit	0.64
ILE	1, 88	88	MET	1, 172	172	mit	mit	0.97
GLY	1, 89	89	MET	1, 172	172	mit	mit	0.71
ALA	1, 90	90	MET	1, 172	172	mit	mit	1
ALA	1, 94	94	MET	1, 172	172	mit	mit	0.98
THR	1, 167	167	MET	1, 172	172	mit	mit	0.51
THR	1, 168	168	MET	1, 172	172	mit	mit	1
ILE	1, 169	169	MET	1, 172	172	mit	mit	0.9
ASN	1, 171	171	MET	1, 172	172	mit	mit	1
ILE	1, 88	88	LYS	1, 173	173	mit	mit	0.99
GLY	1, 89	89	LYS	1, 173	173	mit	mit	0.74
ALA	1, 90	90	LYS	1, 173	173	mit	mit	0.79
ILE	1, 169	169	LYS	1, 173	173	mit	mit	0.91
ILE	1, 170	170	LYS	1, 173	173	mit	mit	0.75
ASN	1, 171	171	LYS	1, 173	173	mit	mit	0.91
MET	1, 172	172	LYS	1, 173	173	mit	mit	1
ILE	1, 88	88	PRO	1, 174	174	mit	mit	0.77
GLY	1, 89	89	PRO	1, 174	174	mit	mit	0.98
LYS	1, 173	173	PRO	1, 174	174	mit	mit	1
LYS	1, 173	173	PRO	1, 175	175	mit	mit	0.73
PRO	1, 174	174	PRO	1, 175	175	mit	mit	1
PRO	1, 174	174	ALA	1, 176	176	mit	mit	0.99
PRO	1, 175	175	ALA	1, 176	176	mit	mit	1
LYS	1, 173	173	LEU	1, 177	177	mit	mit	0.99
PRO	1, 174	174	LEU	1, 177	177	mit	mit	1
PRO	1, 175	175	LEU	1, 177	177	mit	mit	0.94
ALA	1, 176	176	LEU	1, 177	177	mit	mit	1
LEU	1, 177	177	SER	1, 178	178	mit	mit	1
ILE	1, 170	170	GLN	1, 179	179	mit	mit	0.56
LYS	1, 173	173	GLN	1, 179	179	mit	mit	0.63
SER	1, 178	178	GLN	1, 179	179	mit	mit	1
SER	1, 178	178	TYR	1, 180	180	mit	mit	1
GLN	1, 179	179	TYR	1, 180	180	mit	mit	1
LEU	1, 177	177	GLN	1, 181	181	mit	mit	0.99
SER	1, 178	178	GLN	1, 181	181	mit	mit	0.99
GLN	1, 179	179	GLN	1, 181	181	mit	mit	0.96
TYR	1, 180	180	GLN	1, 181	181	mit	mit	1
MET	1, 87	87	THR	1, 182	182	mit	mit	0.78
ILE	1, 88	88	THR	1, 182	182	mit	mit	0.97
ILE	1, 169	169	THR	1, 182	182	mit	mit	0.84
LYS	1, 173	173	THR	1, 182	182	mit	mit	0.92
LEU	1, 177	177	THR	1, 182	182	mit	mit	0.91
GLN	1, 179	179	THR	1, 182	182	mit	mit	0.99
TYR	1, 180	180	THR	1, 182	182	mit	mit	0.95
GLN	1, 181	181	THR	1, 182	182	mit	mit	1
MET	1, 87	87	PRO	1, 183	183	mit	mit	1
THR	1, 182	182	PRO	1, 183	183	mit	mit	1
PRO	1, 183	183	LEU	1, 184	184	mit	mit	1
LEU	1, 83	83	PHE	1, 185	185	mit	mit	0.99
VAL	1, 84	84	PHE	1, 185	185	mit	mit	0.78
MET	1, 87	87	PHE	1, 185	185	mit	mit	0.98
PRO	1, 183	183	PHE	1, 185	185	mit	mit	1
LEU	1, 184	184	PHE	1, 185	185	mit	mit	1
VAL	1, 84	84	VAL	1, 186	186	mit	mit	1
MET	1, 87	87	VAL	1, 186	186	mit	mit	0.99
ILE	1, 88	88	VAL	1, 186	186	mit	mit	0.99
ILE	1, 169	169	VAL	1, 186	186	mit	mit	0.99
THR	1, 182	182	VAL	1, 186	186	mit	mit	1
PRO	1, 183	183	VAL	1, 186	186	mit	mit	1
LEU	1, 184	184	VAL	1, 186	186	mit	mit	0.99
PHE	1, 185	185	VAL	1, 186	186	mit	mit	1
THR	1, 182	182	TRP	1, 187	187	mit	mit	0.99
PRO	1, 183	183	TRP	1, 187	187	mit	mit	0.94
LEU	1, 184	184	TRP	1, 187	187	mit	mit	1
PHE	1, 185	185	TRP	1, 187	187	mit	mit	1
VAL	1, 186	186	TRP	1, 187	187	mit	mit	1
LEU	1, 184	184	SER	1, 188	188	mit	mit	1
PHE	1, 185	185	SER	1, 188	188	mit	mit	1
VAL	1, 186	186	SER	1, 188	188	mit	mit	0.99
TRP	1, 187	187	SER	1, 188	188	mit	mit	1
ILE	1, 76	76	VAL	1, 189	189	mit	mit	0.98
GLY	1, 80	80	VAL	1, 189	189	mit	mit	1
VAL	1, 84	84	VAL	1, 189	189	mit	mit	1
PHE	1, 165	165	VAL	1, 189	189	mit	mit	1
ILE	1, 169	169	VAL	1, 189	189	mit	mit	0.89
PHE	1, 185	185	VAL	1, 189	189	mit	mit	1
VAL	1, 186	186	VAL	1, 189	189	mit	mit	1
TRP	1, 187	187	VAL	1, 189	189	mit	mit	0.98
SER	1, 188	188	VAL	1, 189	189	mit	mit	1
PHE	1, 165	165	LEU	1, 190	190	mit	mit	0.98
ILE	1, 166	166	LEU	1, 190	190	mit	mit	0.99
ILE	1, 169	169	LEU	1, 190	190	mit	mit	1
VAL	1, 186	186	LEU	1, 190	190	mit	mit	1
TRP	1, 187	187	LEU	1, 190	190	mit	mit	1
SER	1, 188	188	LEU	1, 190	190	mit	mit	1
VAL	1, 189	189	LEU	1, 190	190	mit	mit	1
TRP	1, 187	187	ILE	1, 191	191	mit	mit	1
SER	1, 188	188	ILE	1, 191	191	mit	mit	1
VAL	1, 189	189	ILE	1, 191	191	mit	mit	0.96
LEU	1, 190	190	ILE	1, 191	191	mit	mit	1
ILE	1, 76	76	THR	1, 192	192	mit	mit	0.98
SER	1, 188	188	THR	1, 192	192	mit	mit	1
VAL	1, 189	189	THR	1, 192	192	mit	mit	1
LEU	1, 190	190	THR	1, 192	192	mit	mit	1
ILE	1, 191	191	THR	1, 192	192	mit	mit	1
ILE	1, 76	76	ALA	1, 193	193	mit	mit	0.64
GLY	1, 161	161	ALA	1, 193	193	mit	mit	0.91
ALA	1, 162	162	ALA	1, 193	193	mit	mit	1
PHE	1, 165	165	ALA	1, 193	193	mit	mit	1
ILE	1, 166	166	ALA	1, 193	193	mit	mit	1
ILE	1, 169	169	ALA	1, 193	193	mit	mit	0.53
VAL	1, 189	189	ALA	1, 193	193	mit	mit	1
LEU	1, 190	190	ALA	1, 193	193	mit	mit	1
ILE	1, 191	191	ALA	1, 193	193	mit	mit	1
THR	1, 192	192	ALA	1, 193	193	mit	mit	1
ALA	1, 162	162	ILE	1, 194	194	mit	mit	0.86
ILE	1, 166	166	ILE	1, 194	194	mit	mit	0.99
LEU	1, 190	190	ILE	1, 194	194	mit	mit	1
ILE	1, 191	191	ILE	1, 194	194	mit	mit	1
THR	1, 192	192	ILE	1, 194	194	mit	mit	0.99
ALA	1, 193	193	ILE	1, 194	194	mit	mit	1
ILE	1, 191	191	LEU	1, 195	195	mit	mit	1
THR	1, 192	192	LEU	1, 195	195	mit	mit	1
ALA	1, 193	193	LEU	1, 195	195	mit	mit	1
ILE	1, 194	194	LEU	1, 195	195	mit	mit	1
SER	1, 158	158	LEU	1, 196	196	mit	mit	1
ILE	1, 159	159	LEU	1, 196	196	mit	mit	0.98
GLY	1, 161	161	LEU	1, 196	196	mit	mit	0.59
ALA	1, 162	162	LEU	1, 196	196	mit	mit	1
THR	1, 192	192	LEU	1, 196	196	mit	mit	1
ALA	1, 193	193	LEU	1, 196	196	mit	mit	1
ILE	1, 194	194	LEU	1, 196	196	mit	mit	0.99
LEU	1, 195	195	LEU	1, 196	196	mit	mit	1
ILE	1, 159	159	LEU	1, 197	197	mit	mit	0.99
ALA	1, 162	162	LEU	1, 197	197	mit	mit	1
ILE	1, 163	163	LEU	1, 197	197	mit	mit	0.98
ILE	1, 166	166	LEU	1, 197	197	mit	mit	0.96
ALA	1, 193	193	LEU	1, 197	197	mit	mit	0.99
ILE	1, 194	194	LEU	1, 197	197	mit	mit	1
LEU	1, 195	195	LEU	1, 197	197	mit	mit	0.99
LEU	1, 196	196	LEU	1, 197	197	mit	mit	1
ILE	1, 194	194	LEU	1, 198	198	mit	mit	1
LEU	1, 195	195	LEU	1, 198	198	mit	mit	1
LEU	1, 196	196	LEU	1, 198	198	mit	mit	0.94
LEU	1, 197	197	LEU	1, 198	198	mit	mit	1
LEU	1, 195	195	SER	1, 199	199	mit	mit	1
LEU	1, 196	196	SER	1, 199	199	mit	mit	1
LEU	1, 197	197	SER	1, 199	199	mit	mit	0.77
LEU	1, 198	198	SER	1, 199	199	mit	mit	1
GLY	1, 155	155	LEU	1, 200	200	mit	mit	1
SER	1, 158	158	LEU	1, 200	200	mit	mit	0.99
ILE	1, 159	159	LEU	1, 200	200	mit	mit	1
ALA	1, 162	162	LEU	1, 200	200	mit	mit	0.52
LEU	1, 196	196	LEU	1, 200	200	mit	mit	1
LEU	1, 197	197	LEU	1, 200	200	mit	mit	0.96
LEU	1, 198	198	LEU	1, 200	200	mit	mit	0.58
SER	1, 199	199	LEU	1, 200	200	mit	mit	1
ILE	1, 159	159	PRO	1, 201	201	mit	mit	0.96
LEU	1, 197	197	PRO	1, 201	201	mit	mit	0.64
LEU	1, 198	198	PRO	1, 201	201	mit	mit	0.92
SER	1, 199	199	PRO	1, 201	201	mit	mit	0.96
LEU	1, 200	200	PRO	1, 201	201	mit	mit	1
LEU	1, 198	198	VAL	1, 202	202	mit	mit	0.52
SER	1, 199	199	VAL	1, 202	202	mit	mit	1
LEU	1, 200	200	VAL	1, 202	202	mit	mit	0.99
PRO	1, 201	201	VAL	1, 202	202	mit	mit	1
LEU	1, 151	151	LEU	1, 203	203	mit	mit	0.91
GLY	1, 155	155	LEU	1, 203	203	mit	mit	0.81
SER	1, 199	199	LEU	1, 203	203	mit	mit	0.98
LEU	1, 200	200	LEU	1, 203	203	mit	mit	1
PRO	1, 201	201	LEU	1, 203	203	mit	mit	1
VAL	1, 202	202	LEU	1, 203	203	mit	mit	1
HIS	1, 152	152	ALA	1, 204	204	mit	mit	0.99
GLY	1, 155	155	ALA	1, 204	204	mit	mit	0.98
LEU	1, 200	200	ALA	1, 204	204	mit	mit	1
PRO	1, 201	201	ALA	1, 204	204	mit	mit	1
VAL	1, 202	202	ALA	1, 204	204	mit	mit	1
LEU	1, 203	203	ALA	1, 204	204	mit	mit	1
PRO	1, 201	201	ALA	1, 205	205	mit	mit	0.99
VAL	1, 202	202	ALA	1, 205	205	mit	mit	1
LEU	1, 203	203	ALA	1, 205	205	mit	mit	1
ALA	1, 204	204	ALA	1, 205	205	mit	mit	1
VAL	1, 202	202	GLY	1, 206	206	mit	mit	0.99
LEU	1, 203	203	GLY	1, 206	206	mit	mit	1
ALA	1, 204	204	GLY	1, 206	206	mit	mit	1
ALA	1, 205	205	GLY	1, 206	206	mit	mit	1
VAL	1, 129	129	ILE	1, 207	207	mit	mit	0.8
ILE	1, 148	148	ILE	1, 207	207	mit	mit	1
LEU	1, 151	151	ILE	1, 207	207	mit	mit	0.99
HIS	1, 152	152	ILE	1, 207	207	mit	mit	0.98
LEU	1, 203	203	ILE	1, 207	207	mit	mit	1
ALA	1, 204	204	ILE	1, 207	207	mit	mit	1
ALA	1, 205	205	ILE	1, 207	207	mit	mit	0.88
GLY	1, 206	206	ILE	1, 207	207	mit	mit	1
HIS	1, 152	152	THR	1, 208	208	mit	mit	0.55
ALA	1, 204	204	THR	1, 208	208	mit	mit	1
ALA	1, 205	205	THR	1, 208	208	mit	mit	1
GLY	1, 206	206	THR	1, 208	208	mit	mit	1
ILE	1, 207	207	THR	1, 208	208	mit	mit	1
ALA	1, 205	205	MET	1, 209	209	mit	mit	1
GLY	1, 206	206	MET	1, 209	209	mit	mit	1
ILE	1, 207	207	MET	1, 209	209	mit	mit	1
THR	1, 208	208	MET	1, 209	209	mit	mit	1
VAL	1, 129	129	LEU	1, 210	210	mit	mit	0.9
PRO	1, 131	131	LEU	1, 210	210	mit	mit	0.99
ALA	1, 134	134	LEU	1, 210	210	mit	mit	0.97
GLY	1, 135	135	LEU	1, 210	210	mit	mit	0.64
ILE	1, 148	148	LEU	1, 210	210	mit	mit	0.99
GLY	1, 206	206	LEU	1, 210	210	mit	mit	1
ILE	1, 207	207	LEU	1, 210	210	mit	mit	1
THR	1, 208	208	LEU	1, 210	210	mit	mit	1
MET	1, 209	209	LEU	1, 210	210	mit	mit	1
ASP	1, 145	145	LEU	1, 211	211	mit	mit	0.99
ILE	1, 148	148	LEU	1, 211	211	mit	mit	1
ILE	1, 207	207	LEU	1, 211	211	mit	mit	0.99
THR	1, 208	208	LEU	1, 211	211	mit	mit	1
MET	1, 209	209	LEU	1, 211	211	mit	mit	1
LEU	1, 210	210	LEU	1, 211	211	mit	mit	1
THR	1, 208	208	THR	1, 212	212	mit	mit	1
MET	1, 209	209	THR	1, 212	212	mit	mit	1
LEU	1, 210	210	THR	1, 212	212	mit	mit	0.97
LEU	1, 211	211	THR	1, 212	212	mit	mit	1
PRO	1, 131	131	ASP	1, 213	213	mit	mit	0.92
GLY	1, 135	135	ASP	1, 213	213	mit	mit	0.94
ASN	1, 136	136	ASP	1, 213	213	mit	mit	0.59
MET	1, 209	209	ASP	1, 213	213	mit	mit	0.99
LEU	1, 210	210	ASP	1, 213	213	mit	mit	1
LEU	1, 211	211	ASP	1, 213	213	mit	mit	0.99
THR	1, 212	212	ASP	1, 213	213	mit	mit	1
ALA	1, 134	134	ARG	1, 214	214	mit	mit	0.69
GLY	1, 135	135	ARG	1, 214	214	mit	mit	0.99
ASN	1, 136	136	ARG	1, 214	214	mit	mit	0.99
VAL	1, 144	144	ARG	1, 214	214	mit	mit	0.94
ASP	1, 145	145	ARG	1, 214	214	mit	mit	0.97
LEU	1, 210	210	ARG	1, 214	214	mit	mit	0.99
LEU	1, 211	211	ARG	1, 214	214	mit	mit	1
THR	1, 212	212	ARG	1, 214	214	mit	mit	0.97
ASP	1, 213	213	ARG	1, 214	214	mit	mit	1
ASN	1, 136	136	ASN	1, 215	215	mit	mit	0.63
ASP	1, 145	145	ASN	1, 215	215	mit	mit	0.92
LEU	1, 211	211	ASN	1, 215	215	mit	mit	0.99
THR	1, 212	212	ASN	1, 215	215	mit	mit	0.99
ASP	1, 213	213	ASN	1, 215	215	mit	mit	0.56
ARG	1, 214	214	ASN	1, 215	215	mit	mit	1
THR	1, 212	212	LEU	1, 216	216	mit	mit	1
ASP	1, 213	213	LEU	1, 216	216	mit	mit	0.79
ASN	1, 215	215	LEU	1, 216	216	mit	mit	1
LEU	1, 216	216	ASN	1, 217	217	mit	mit	1
MET	1, 209	209	THR	1, 218	218	mit	mit	0.89
THR	1, 212	212	THR	1, 218	218	mit	mit	1
ASP	1, 213	213	THR	1, 218	218	mit	mit	1
LEU	1, 216	216	THR	1, 218	218	mit	mit	1
ASN	1, 217	217	THR	1, 218	218	mit	mit	1
ASP	1, 213	213	THR	1, 219	219	mit	mit	0.98
ASN	1, 217	217	THR	1, 219	219	mit	mit	0.84
THR	1, 218	218	THR	1, 219	219	mit	mit	1
MET	1, 209	209	PHE	1, 220	220	mit	mit	1
LEU	1, 210	210	PHE	1, 220	220	mit	mit	0.74
THR	1, 212	212	PHE	1, 220	220	mit	mit	0.85
ASP	1, 213	213	PHE	1, 220	220	mit	mit	1
THR	1, 218	218	PHE	1, 220	220	mit	mit	1
THR	1, 219	219	PHE	1, 220	220	mit	mit	1
PRO	1, 131	131	PHE	1, 221	221	mit	mit	1
PRO	1, 132	132	PHE	1, 221	221	mit	mit	0.92
MET	1, 209	209	PHE	1, 221	221	mit	mit	0.91
LEU	1, 210	210	PHE	1, 221	221	mit	mit	0.98
ASP	1, 213	213	PHE	1, 221	221	mit	mit	0.99
THR	1, 219	219	PHE	1, 221	221	mit	mit	0.89
PHE	1, 220	220	PHE	1, 221	221	mit	mit	1
PRO	1, 131	131	ASP	1, 222	222	mit	mit	0.59
PRO	1, 132	132	ASP	1, 222	222	mit	mit	0.85
ASP	1, 213	213	ASP	1, 222	222	mit	mit	0.99
THR	1, 219	219	ASP	1, 222	222	mit	mit	1
PHE	1, 220	220	ASP	1, 222	222	mit	mit	0.94
PHE	1, 221	221	ASP	1, 222	222	mit	mit	1
ASP	1, 222	222	PRO	1, 223	223	mit	mit	1
THR	1, 219	219	ALA	1, 224	224	mit	mit	0.95
ASP	1, 222	222	ALA	1, 224	224	mit	mit	1
PRO	1, 223	223	ALA	1, 224	224	mit	mit	1
THR	1, 219	219	GLY	1, 225	225	mit	mit	1
ASP	1, 222	222	GLY	1, 225	225	mit	mit	0.99
PRO	1, 223	223	GLY	1, 225	225	mit	mit	1
ALA	1, 224	224	GLY	1, 225	225	mit	mit	1
THR	1, 219	219	GLY	1, 226	226	mit	mit	0.99
ASP	1, 222	222	GLY	1, 226	226	mit	mit	0.91
PRO	1, 223	223	GLY	1, 226	226	mit	mit	0.99
ALA	1, 224	224	GLY	1, 226	226	mit	mit	0.99
GLY	1, 225	225	GLY	1, 226	226	mit	mit	1
THR	1, 219	219	GLY	1, 227	227	mit	mit	1
PHE	1, 220	220	GLY	1, 227	227	mit	mit	0.99
PHE	1, 221	221	GLY	1, 227	227	mit	mit	0.99
ASP	1, 222	222	GLY	1, 227	227	mit	mit	0.99
PRO	1, 223	223	GLY	1, 227	227	mit	mit	0.99
GLY	1, 225	225	GLY	1, 227	227	mit	mit	1
GLY	1, 226	226	GLY	1, 227	227	mit	mit	1
PHE	1, 221	221	ASP	1, 228	228	mit	mit	0.97
PRO	1, 223	223	ASP	1, 228	228	mit	mit	0.93
GLY	1, 226	226	ASP	1, 228	228	mit	mit	0.99
GLY	1, 227	227	ASP	1, 228	228	mit	mit	1
TYR	1, 130	130	PRO	1, 229	229	mit	mit	0.88
PRO	1, 131	131	PRO	1, 229	229	mit	mit	1
PRO	1, 132	132	PRO	1, 229	229	mit	mit	0.99
PHE	1, 221	221	PRO	1, 229	229	mit	mit	1
PRO	1, 223	223	PRO	1, 229	229	mit	mit	0.91
GLY	1, 227	227	PRO	1, 229	229	mit	mit	0.85
ASP	1, 228	228	PRO	1, 229	229	mit	mit	1
ASP	1, 228	228	ILE	1, 230	230	mit	mit	1
PRO	1, 229	229	ILE	1, 230	230	mit	mit	1
PHE	1, 220	220	LEU	1, 231	231	mit	mit	0.96
PHE	1, 221	221	LEU	1, 231	231	mit	mit	0.98
GLY	1, 227	227	LEU	1, 231	231	mit	mit	0.97
ASP	1, 228	228	LEU	1, 231	231	mit	mit	1
PRO	1, 229	229	LEU	1, 231	231	mit	mit	1
ILE	1, 230	230	LEU	1, 231	231	mit	mit	1
TYR	1, 130	130	TYR	1, 232	232	mit	mit	0.98
PRO	1, 131	131	TYR	1, 232	232	mit	mit	0.99
GLY	1, 206	206	TYR	1, 232	232	mit	mit	0.99
MET	1, 209	209	TYR	1, 232	232	mit	mit	0.82
LEU	1, 210	210	TYR	1, 232	232	mit	mit	0.98
PHE	1, 220	220	TYR	1, 232	232	mit	mit	0.68
PHE	1, 221	221	TYR	1, 232	232	mit	mit	0.99
PRO	1, 229	229	TYR	1, 232	232	mit	mit	0.99
ILE	1, 230	230	TYR	1, 232	232	mit	mit	0.99
LEU	1, 231	231	TYR	1, 232	232	mit	mit	1
TYR	1, 130	130	GLN	1, 233	233	mit	mit	0.94
PRO	1, 229	229	GLN	1, 233	233	mit	mit	0.94
ILE	1, 230	230	GLN	1, 233	233	mit	mit	1
LEU	1, 231	231	GLN	1, 233	233	mit	mit	1
TYR	1, 232	232	GLN	1, 233	233	mit	mit	1
ILE	1, 230	230	HIS	1, 234	234	mit	mit	1
LEU	1, 231	231	HIS	1, 234	234	mit	mit	1
TYR	1, 232	232	HIS	1, 234	234	mit	mit	0.99
GLN	1, 233	233	HIS	1, 234	234	mit	mit	1
VAL	1, 202	202	LEU	1, 235	235	mit	mit	1
LEU	1, 203	203	LEU	1, 235	235	mit	mit	0.92
ALA	1, 205	205	LEU	1, 235	235	mit	mit	0.97
GLY	1, 206	206	LEU	1, 235	235	mit	mit	1
MET	1, 209	209	LEU	1, 235	235	mit	mit	0.67
LEU	1, 231	231	LEU	1, 235	235	mit	mit	1
TYR	1, 232	232	LEU	1, 235	235	mit	mit	1
GLN	1, 233	233	LEU	1, 235	235	mit	mit	0.98
HIS	1, 234	234	LEU	1, 235	235	mit	mit	1
THR	1, 128	128	PHE	1, 236	236	mit	mit	0.99
VAL	1, 129	129	PHE	1, 236	236	mit	mit	0.68
LEU	1, 203	203	PHE	1, 236	236	mit	mit	0.98
GLY	1, 206	206	PHE	1, 236	236	mit	mit	0.95
TYR	1, 232	232	PHE	1, 236	236	mit	mit	1
GLN	1, 233	233	PHE	1, 236	236	mit	mit	1
HIS	1, 234	234	PHE	1, 236	236	mit	mit	0.98
LEU	1, 235	235	PHE	1, 236	236	mit	mit	1
GLN	1, 233	233	TRP	1, 237	237	mit	mit	1
HIS	1, 234	234	TRP	1, 237	237	mit	mit	1
LEU	1, 235	235	TRP	1, 237	237	mit	mit	0.83
PHE	1, 236	236	TRP	1, 237	237	mit	mit	1
SER	1, 199	199	PHE	1, 238	238	mit	mit	0.96
VAL	1, 202	202	PHE	1, 238	238	mit	mit	1
HIS	1, 234	234	PHE	1, 238	238	mit	mit	0.99
LEU	1, 235	235	PHE	1, 238	238	mit	mit	1
PHE	1, 236	236	PHE	1, 238	238	mit	mit	1
TRP	1, 237	237	PHE	1, 238	238	mit	mit	1
SER	1, 199	199	PHE	1, 239	239	mit	mit	1
LEU	1, 200	200	PHE	1, 239	239	mit	mit	0.98
VAL	1, 202	202	PHE	1, 239	239	mit	mit	0.99
LEU	1, 203	203	PHE	1, 239	239	mit	mit	1
LEU	1, 235	235	PHE	1, 239	239	mit	mit	0.92
PHE	1, 236	236	PHE	1, 239	239	mit	mit	0.99
TRP	1, 237	237	PHE	1, 239	239	mit	mit	0.98
PHE	1, 238	238	PHE	1, 239	239	mit	mit	1
SER	1, 199	199	GLY	1, 240	240	mit	mit	0.91
LEU	1, 203	203	GLY	1, 240	240	mit	mit	0.72
PHE	1, 236	236	GLY	1, 240	240	mit	mit	0.99
TRP	1, 237	237	GLY	1, 240	240	mit	mit	1
PHE	1, 238	238	GLY	1, 240	240	mit	mit	1
PHE	1, 239	239	GLY	1, 240	240	mit	mit	1
TRP	1, 237	237	HIS	1, 241	241	mit	mit	0.98
PHE	1, 238	238	HIS	1, 241	241	mit	mit	0.87
PHE	1, 239	239	HIS	1, 241	241	mit	mit	0.56
GLY	1, 240	240	HIS	1, 241	241	mit	mit	1
LEU	1, 195	195	PRO	1, 242	242	mit	mit	1
LEU	1, 198	198	PRO	1, 242	242	mit	mit	0.74
SER	1, 199	199	PRO	1, 242	242	mit	mit	1
PHE	1, 238	238	PRO	1, 242	242	mit	mit	0.74
PHE	1, 239	239	PRO	1, 242	242	mit	mit	0.99
GLY	1, 240	240	PRO	1, 242	242	mit	mit	1
HIS	1, 241	241	PRO	1, 242	242	mit	mit	1
ILE	1, 67	67	GLU	1, 243	243	mit	mit	0.85
SER	1, 199	199	GLU	1, 243	243	mit	mit	0.93
PHE	1, 239	239	GLU	1, 243	243	mit	mit	0.98
GLY	1, 240	240	GLU	1, 243	243	mit	mit	1
HIS	1, 241	241	GLU	1, 243	243	mit	mit	0.99
PRO	1, 242	242	GLU	1, 243	243	mit	mit	1
GLY	1, 240	240	VAL	1, 244	244	mit	mit	0.98
HIS	1, 241	241	VAL	1, 244	244	mit	mit	0.99
PRO	1, 242	242	VAL	1, 244	244	mit	mit	0.95
GLU	1, 243	243	VAL	1, 244	244	mit	mit	1
THR	1, 192	192	TYR	1, 245	245	mit	mit	0.53
LEU	1, 195	195	TYR	1, 245	245	mit	mit	0.98
HIS	1, 241	241	TYR	1, 245	245	mit	mit	0.94
PRO	1, 242	242	TYR	1, 245	245	mit	mit	1
GLU	1, 243	243	TYR	1, 245	245	mit	mit	0.98
VAL	1, 244	244	TYR	1, 245	245	mit	mit	1
MET	1, 72	72	ILE	1, 246	246	mit	mit	0.92
THR	1, 192	192	ILE	1, 246	246	mit	mit	1
LEU	1, 195	195	ILE	1, 246	246	mit	mit	0.99
LEU	1, 196	196	ILE	1, 246	246	mit	mit	0.99
SER	1, 199	199	ILE	1, 246	246	mit	mit	0.67
PRO	1, 242	242	ILE	1, 246	246	mit	mit	0.99
GLU	1, 243	243	ILE	1, 246	246	mit	mit	1
VAL	1, 244	244	ILE	1, 246	246	mit	mit	0.99
TYR	1, 245	245	ILE	1, 246	246	mit	mit	1
ILE	1, 67	67	LEU	1, 247	247	mit	mit	0.97
VAL	1, 71	71	LEU	1, 247	247	mit	mit	1
MET	1, 72	72	LEU	1, 247	247	mit	mit	0.95
MET	1, 75	75	LEU	1, 247	247	mit	mit	0.84
GLU	1, 243	243	LEU	1, 247	247	mit	mit	0.97
VAL	1, 244	244	LEU	1, 247	247	mit	mit	0.99
TYR	1, 245	245	LEU	1, 247	247	mit	mit	0.99
ILE	1, 246	246	LEU	1, 247	247	mit	mit	1
VAL	1, 244	244	ILE	1, 248	248	mit	mit	0.98
TYR	1, 245	245	ILE	1, 248	248	mit	mit	1
ILE	1, 246	246	ILE	1, 248	248	mit	mit	0.75
LEU	1, 247	247	ILE	1, 248	248	mit	mit	1
SER	1, 188	188	LEU	1, 249	249	mit	mit	1
ILE	1, 191	191	LEU	1, 249	249	mit	mit	0.99
THR	1, 192	192	LEU	1, 249	249	mit	mit	1
LEU	1, 195	195	LEU	1, 249	249	mit	mit	0.79
TYR	1, 245	245	LEU	1, 249	249	mit	mit	1
ILE	1, 246	246	LEU	1, 249	249	mit	mit	1
LEU	1, 247	247	LEU	1, 249	249	mit	mit	0.73
ILE	1, 248	248	LEU	1, 249	249	mit	mit	1
MET	1, 75	75	PRO	1, 250	250	mit	mit	1
ILE	1, 76	76	PRO	1, 250	250	mit	mit	0.99
PHE	1, 79	79	PRO	1, 250	250	mit	mit	0.93
GLY	1, 80	80	PRO	1, 250	250	mit	mit	0.7
PHE	1, 185	185	PRO	1, 250	250	mit	mit	0.72
SER	1, 188	188	PRO	1, 250	250	mit	mit	1
VAL	1, 189	189	PRO	1, 250	250	mit	mit	0.99
THR	1, 192	192	PRO	1, 250	250	mit	mit	1
ILE	1, 246	246	PRO	1, 250	250	mit	mit	0.54
LEU	1, 247	247	PRO	1, 250	250	mit	mit	0.62
ILE	1, 248	248	PRO	1, 250	250	mit	mit	0.9
LEU	1, 249	249	PRO	1, 250	250	mit	mit	1
MET	1, 75	75	GLY	1, 251	251	mit	mit	0.98
SER	1, 188	188	GLY	1, 251	251	mit	mit	0.97
ILE	1, 248	248	GLY	1, 251	251	mit	mit	1
LEU	1, 249	249	GLY	1, 251	251	mit	mit	1
PRO	1, 250	250	GLY	1, 251	251	mit	mit	1
SER	1, 188	188	PHE	1, 252	252	mit	mit	0.99
ILE	1, 248	248	PHE	1, 252	252	mit	mit	0.99
LEU	1, 249	249	PHE	1, 252	252	mit	mit	1
PRO	1, 250	250	PHE	1, 252	252	mit	mit	1
GLY	1, 251	251	PHE	1, 252	252	mit	mit	1
LEU	1, 184	184	GLY	1, 253	253	mit	mit	1
PHE	1, 185	185	GLY	1, 253	253	mit	mit	1
TRP	1, 187	187	GLY	1, 253	253	mit	mit	0.76
SER	1, 188	188	GLY	1, 253	253	mit	mit	1
LEU	1, 249	249	GLY	1, 253	253	mit	mit	0.87
PRO	1, 250	250	GLY	1, 253	253	mit	mit	1
GLY	1, 251	251	GLY	1, 253	253	mit	mit	1
PHE	1, 252	252	GLY	1, 253	253	mit	mit	1
PHE	1, 79	79	MET	1, 254	254	mit	mit	0.98
PHE	1, 185	185	MET	1, 254	254	mit	mit	1
SER	1, 188	188	MET	1, 254	254	mit	mit	0.65
PRO	1, 250	250	MET	1, 254	254	mit	mit	0.99
GLY	1, 251	251	MET	1, 254	254	mit	mit	1
PHE	1, 252	252	MET	1, 254	254	mit	mit	0.98
GLY	1, 253	253	MET	1, 254	254	mit	mit	1
GLY	1, 251	251	ILE	1, 255	255	mit	mit	1
PHE	1, 252	252	ILE	1, 255	255	mit	mit	1
GLY	1, 253	253	ILE	1, 255	255	mit	mit	1
MET	1, 254	254	ILE	1, 255	255	mit	mit	1
LEU	1, 184	184	SER	1, 256	256	mit	mit	1
PHE	1, 185	185	SER	1, 256	256	mit	mit	0.9
PHE	1, 252	252	SER	1, 256	256	mit	mit	0.99
GLY	1, 253	253	SER	1, 256	256	mit	mit	1
MET	1, 254	254	SER	1, 256	256	mit	mit	1
ILE	1, 255	255	SER	1, 256	256	mit	mit	1
PRO	1, 183	183	HIS	1, 257	257	mit	mit	0.95
LEU	1, 184	184	HIS	1, 257	257	mit	mit	0.98
PHE	1, 185	185	HIS	1, 257	257	mit	mit	1
GLY	1, 253	253	HIS	1, 257	257	mit	mit	1
MET	1, 254	254	HIS	1, 257	257	mit	mit	1
ILE	1, 255	255	HIS	1, 257	257	mit	mit	0.99
SER	1, 256	256	HIS	1, 257	257	mit	mit	1
MET	1, 254	254	VAL	1, 258	258	mit	mit	1
ILE	1, 255	255	VAL	1, 258	258	mit	mit	1
SER	1, 256	256	VAL	1, 258	258	mit	mit	0.97
HIS	1, 257	257	VAL	1, 258	258	mit	mit	1
ILE	1, 255	255	VAL	1, 259	259	mit	mit	1
SER	1, 256	256	VAL	1, 259	259	mit	mit	1
HIS	1, 257	257	VAL	1, 259	259	mit	mit	0.97
VAL	1, 258	258	VAL	1, 259	259	mit	mit	1
SER	1, 256	256	ALA	1, 260	260	mit	mit	0.99
HIS	1, 257	257	ALA	1, 260	260	mit	mit	1
VAL	1, 258	258	ALA	1, 260	260	mit	mit	0.99
VAL	1, 259	259	ALA	1, 260	260	mit	mit	1
HIS	1, 257	257	TYR	1, 261	261	mit	mit	1
VAL	1, 258	258	TYR	1, 261	261	mit	mit	1
VAL	1, 259	259	TYR	1, 261	261	mit	mit	0.99
ALA	1, 260	260	TYR	1, 261	261	mit	mit	1
VAL	1, 258	258	TYR	1, 262	262	mit	mit	0.99
VAL	1, 259	259	TYR	1, 262	262	mit	mit	0.99
ALA	1, 260	260	TYR	1, 262	262	mit	mit	0.62
TYR	1, 261	261	TYR	1, 262	262	mit	mit	1
VAL	1, 259	259	ALA	1, 263	263	mit	mit	1
ALA	1, 260	260	ALA	1, 263	263	mit	mit	1
TYR	1, 261	261	ALA	1, 263	263	mit	mit	0.99
TYR	1, 262	262	ALA	1, 263	263	mit	mit	1
ALA	1, 260	260	GLY	1, 264	264	mit	mit	0.97
TYR	1, 261	261	GLY	1, 264	264	mit	mit	0.98
TYR	1, 262	262	GLY	1, 264	264	mit	mit	0.99
ALA	1, 263	263	GLY	1, 264	264	mit	mit	1
ALA	1, 260	260	LYS	1, 265	265	mit	mit	0.99
ALA	1, 263	263	LYS	1, 265	265	mit	mit	1
GLY	1, 264	264	LYS	1, 265	265	mit	mit	1
ALA	1, 260	260	LYS	1, 266	266	mit	mit	0.66
GLY	1, 264	264	LYS	1, 266	266	mit	mit	0.69
LYS	1, 265	265	LYS	1, 266	266	mit	mit	1
ALA	1, 260	260	GLU	1, 267	267	mit	mit	0.97
LYS	1, 265	265	GLU	1, 267	267	mit	mit	0.99
LYS	1, 266	266	GLU	1, 267	267	mit	mit	1
LEU	1, 184	184	PRO	1, 268	268	mit	mit	0.98
SER	1, 256	256	PRO	1, 268	268	mit	mit	1
VAL	1, 259	259	PRO	1, 268	268	mit	mit	0.9
ALA	1, 260	260	PRO	1, 268	268	mit	mit	1
LYS	1, 265	265	PRO	1, 268	268	mit	mit	0.92
GLU	1, 267	267	PRO	1, 268	268	mit	mit	1
LYS	1, 265	265	PHE	1, 269	269	mit	mit	0.7
GLU	1, 267	267	PHE	1, 269	269	mit	mit	0.51
PRO	1, 268	268	PHE	1, 269	269	mit	mit	1
PRO	1, 268	268	GLY	1, 270	270	mit	mit	1
PHE	1, 269	269	GLY	1, 270	270	mit	mit	1
LEU	1, 184	184	TYR	1, 271	271	mit	mit	0.93
GLU	1, 267	267	TYR	1, 271	271	mit	mit	0.98
PRO	1, 268	268	TYR	1, 271	271	mit	mit	0.98
PHE	1, 269	269	TYR	1, 271	271	mit	mit	0.64
GLY	1, 270	270	TYR	1, 271	271	mit	mit	1
TYR	1, 180	180	MET	1, 272	272	mit	mit	0.89
GLY	1, 270	270	MET	1, 272	272	mit	mit	1
TYR	1, 271	271	MET	1, 272	272	mit	mit	1
GLY	1, 270	270	GLY	1, 273	273	mit	mit	1
TYR	1, 271	271	GLY	1, 273	273	mit	mit	1
MET	1, 272	272	GLY	1, 273	273	mit	mit	1
LEU	1, 184	184	MET	1, 274	274	mit	mit	0.99
SER	1, 256	256	MET	1, 274	274	mit	mit	0.97
PRO	1, 268	268	MET	1, 274	274	mit	mit	0.98
GLY	1, 270	270	MET	1, 274	274	mit	mit	1
TYR	1, 271	271	MET	1, 274	274	mit	mit	1
MET	1, 272	272	MET	1, 274	274	mit	mit	0.99
GLY	1, 273	273	MET	1, 274	274	mit	mit	1
TYR	1, 180	180	VAL	1, 275	275	mit	mit	0.87
LEU	1, 184	184	VAL	1, 275	275	mit	mit	0.9
TRP	1, 187	187	VAL	1, 275	275	mit	mit	1
TYR	1, 271	271	VAL	1, 275	275	mit	mit	0.99
MET	1, 272	272	VAL	1, 275	275	mit	mit	1
GLY	1, 273	273	VAL	1, 275	275	mit	mit	1
MET	1, 274	274	VAL	1, 275	275	mit	mit	1
MET	1, 272	272	TRP	1, 276	276	mit	mit	0.99
GLY	1, 273	273	TRP	1, 276	276	mit	mit	1
MET	1, 274	274	TRP	1, 276	276	mit	mit	0.97
VAL	1, 275	275	TRP	1, 276	276	mit	mit	1
GLY	1, 273	273	ALA	1, 277	277	mit	mit	1
MET	1, 274	274	ALA	1, 277	277	mit	mit	1
VAL	1, 275	275	ALA	1, 277	277	mit	mit	1
TRP	1, 276	276	ALA	1, 277	277	mit	mit	1
TRP	1, 187	187	MET	1, 278	278	mit	mit	0.98
SER	1, 188	188	MET	1, 278	278	mit	mit	0.99
ILE	1, 191	191	MET	1, 278	278	mit	mit	1
LEU	1, 249	249	MET	1, 278	278	mit	mit	0.98
PHE	1, 252	252	MET	1, 278	278	mit	mit	0.97
MET	1, 274	274	MET	1, 278	278	mit	mit	0.99
VAL	1, 275	275	MET	1, 278	278	mit	mit	1
TRP	1, 276	276	MET	1, 278	278	mit	mit	0.98
ALA	1, 277	277	MET	1, 278	278	mit	mit	1
ILE	1, 191	191	LEU	1, 279	279	mit	mit	0.99
VAL	1, 275	275	LEU	1, 279	279	mit	mit	1
TRP	1, 276	276	LEU	1, 279	279	mit	mit	1
ALA	1, 277	277	LEU	1, 279	279	mit	mit	0.99
MET	1, 278	278	LEU	1, 279	279	mit	mit	1
TRP	1, 276	276	SER	1, 280	280	mit	mit	1
ALA	1, 277	277	SER	1, 280	280	mit	mit	1
MET	1, 278	278	SER	1, 280	280	mit	mit	0.99
LEU	1, 279	279	SER	1, 280	280	mit	mit	1
TYR	1, 245	245	ILE	1, 281	281	mit	mit	0.99
LEU	1, 249	249	ILE	1, 281	281	mit	mit	0.94
ALA	1, 277	277	ILE	1, 281	281	mit	mit	0.99
MET	1, 278	278	ILE	1, 281	281	mit	mit	1
LEU	1, 279	279	ILE	1, 281	281	mit	mit	0.99
SER	1, 280	280	ILE	1, 281	281	mit	mit	1
ILE	1, 191	191	GLY	1, 282	282	mit	mit	1
ILE	1, 194	194	GLY	1, 282	282	mit	mit	0.51
LEU	1, 195	195	GLY	1, 282	282	mit	mit	1
PRO	1, 242	242	GLY	1, 282	282	mit	mit	0.78
TYR	1, 245	245	GLY	1, 282	282	mit	mit	0.98
LEU	1, 249	249	GLY	1, 282	282	mit	mit	0.87
MET	1, 278	278	GLY	1, 282	282	mit	mit	0.98
LEU	1, 279	279	GLY	1, 282	282	mit	mit	1
SER	1, 280	280	GLY	1, 282	282	mit	mit	1
ILE	1, 281	281	GLY	1, 282	282	mit	mit	1
LEU	1, 279	279	PHE	1, 283	283	mit	mit	0.99
SER	1, 280	280	PHE	1, 283	283	mit	mit	1
ILE	1, 281	281	PHE	1, 283	283	mit	mit	0.97
GLY	1, 282	282	PHE	1, 283	283	mit	mit	1
SER	1, 280	280	LEU	1, 284	284	mit	mit	1
ILE	1, 281	281	LEU	1, 284	284	mit	mit	1
GLY	1, 282	282	LEU	1, 284	284	mit	mit	1
PHE	1, 283	283	LEU	1, 284	284	mit	mit	1
LEU	1, 195	195	GLY	1, 285	285	mit	mit	0.55
HIS	1, 241	241	GLY	1, 285	285	mit	mit	0.99
PRO	1, 242	242	GLY	1, 285	285	mit	mit	0.99
TYR	1, 245	245	GLY	1, 285	285	mit	mit	0.99
ILE	1, 281	281	GLY	1, 285	285	mit	mit	0.98
GLY	1, 282	282	GLY	1, 285	285	mit	mit	1
PHE	1, 283	283	GLY	1, 285	285	mit	mit	1
LEU	1, 284	284	GLY	1, 285	285	mit	mit	1
LEU	1, 198	198	PHE	1, 286	286	mit	mit	0.91
SER	1, 199	199	PHE	1, 286	286	mit	mit	0.68
PHE	1, 238	238	PHE	1, 286	286	mit	mit	0.62
PRO	1, 242	242	PHE	1, 286	286	mit	mit	0.98
GLY	1, 282	282	PHE	1, 286	286	mit	mit	0.95
PHE	1, 283	283	PHE	1, 286	286	mit	mit	0.99
LEU	1, 284	284	PHE	1, 286	286	mit	mit	0.98
GLY	1, 285	285	PHE	1, 286	286	mit	mit	1
PHE	1, 283	283	ILE	1, 287	287	mit	mit	0.78
LEU	1, 284	284	ILE	1, 287	287	mit	mit	1
GLY	1, 285	285	ILE	1, 287	287	mit	mit	1
PHE	1, 286	286	ILE	1, 287	287	mit	mit	1
HIS	1, 241	241	VAL	1, 288	288	mit	mit	0.99
LEU	1, 284	284	VAL	1, 288	288	mit	mit	0.99
GLY	1, 285	285	VAL	1, 288	288	mit	mit	1
PHE	1, 286	286	VAL	1, 288	288	mit	mit	0.78
ILE	1, 287	287	VAL	1, 288	288	mit	mit	1
HIS	1, 234	234	TRP	1, 289	289	mit	mit	0.88
TRP	1, 237	237	TRP	1, 289	289	mit	mit	1
PHE	1, 238	238	TRP	1, 289	289	mit	mit	1
GLY	1, 240	240	TRP	1, 289	289	mit	mit	0.92
HIS	1, 241	241	TRP	1, 289	289	mit	mit	0.99
GLY	1, 285	285	TRP	1, 289	289	mit	mit	0.62
PHE	1, 286	286	TRP	1, 289	289	mit	mit	0.79
ILE	1, 287	287	TRP	1, 289	289	mit	mit	0.75
VAL	1, 288	288	TRP	1, 289	289	mit	mit	1
HIS	1, 234	234	ALA	1, 290	290	mit	mit	0.84
TRP	1, 237	237	ALA	1, 290	290	mit	mit	0.93
VAL	1, 288	288	ALA	1, 290	290	mit	mit	0.93
TRP	1, 289	289	ALA	1, 290	290	mit	mit	1
HIS	1, 241	241	HIS	1, 291	291	mit	mit	0.76
VAL	1, 288	288	HIS	1, 291	291	mit	mit	0.99
TRP	1, 289	289	HIS	1, 291	291	mit	mit	0.97
ALA	1, 290	290	HIS	1, 291	291	mit	mit	1
GLN	1, 233	233	HIS	1, 292	292	mit	mit	0.53
TRP	1, 237	237	HIS	1, 292	292	mit	mit	0.99
GLY	1, 240	240	HIS	1, 292	292	mit	mit	0.54
HIS	1, 241	241	HIS	1, 292	292	mit	mit	0.89
TRP	1, 289	289	HIS	1, 292	292	mit	mit	0.86
ALA	1, 290	290	HIS	1, 292	292	mit	mit	0.96
HIS	1, 291	291	HIS	1, 292	292	mit	mit	1
ILE	1, 230	230	MET	1, 293	293	mit	mit	0.69
GLN	1, 233	233	MET	1, 293	293	mit	mit	0.99
HIS	1, 234	234	MET	1, 293	293	mit	mit	0.72
TRP	1, 237	237	MET	1, 293	293	mit	mit	0.97
ALA	1, 290	290	MET	1, 293	293	mit	mit	0.99
HIS	1, 291	291	MET	1, 293	293	mit	mit	0.95
HIS	1, 292	292	MET	1, 293	293	mit	mit	1
ALA	1, 290	290	PHE	1, 294	294	mit	mit	0.55
HIS	1, 291	291	PHE	1, 294	294	mit	mit	0.97
HIS	1, 292	292	PHE	1, 294	294	mit	mit	0.84
MET	1, 293	293	PHE	1, 294	294	mit	mit	1
MET	1, 293	293	THR	1, 295	295	mit	mit	0.96
PHE	1, 294	294	THR	1, 295	295	mit	mit	1
ILE	1, 230	230	VAL	1, 296	296	mit	mit	0.99
GLN	1, 233	233	VAL	1, 296	296	mit	mit	0.96
MET	1, 293	293	VAL	1, 296	296	mit	mit	1
PHE	1, 294	294	VAL	1, 296	296	mit	mit	0.94
THR	1, 295	295	VAL	1, 296	296	mit	mit	1
THR	1, 295	295	GLY	1, 297	297	mit	mit	0.98
VAL	1, 296	296	GLY	1, 297	297	mit	mit	1
ALA	1, 290	290	MET	1, 298	298	mit	mit	0.92
MET	1, 293	293	MET	1, 298	298	mit	mit	0.94
PHE	1, 294	294	MET	1, 298	298	mit	mit	0.82
VAL	1, 296	296	MET	1, 298	298	mit	mit	1
GLY	1, 297	297	MET	1, 298	298	mit	mit	1
GLY	1, 297	297	ASP	1, 299	299	mit	mit	0.54
MET	1, 298	298	ASP	1, 299	299	mit	mit	1
ASP	1, 299	299	VAL	1, 300	300	mit	mit	1
ASP	1, 299	299	ASP	1, 301	301	mit	mit	1
VAL	1, 300	300	ASP	1, 301	301	mit	mit	1
ALA	1, 290	290	THR	1, 302	302	mit	mit	0.94
MET	1, 298	298	THR	1, 302	302	mit	mit	0.99
ASP	1, 299	299	THR	1, 302	302	mit	mit	1
VAL	1, 300	300	THR	1, 302	302	mit	mit	0.97
ASP	1, 301	301	THR	1, 302	302	mit	mit	1
PHE	1, 294	294	ARG	1, 303	303	mit	mit	0.99
MET	1, 298	298	ARG	1, 303	303	mit	mit	0.98
ASP	1, 299	299	ARG	1, 303	303	mit	mit	0.98
VAL	1, 300	300	ARG	1, 303	303	mit	mit	1
ASP	1, 301	301	ARG	1, 303	303	mit	mit	0.99
THR	1, 302	302	ARG	1, 303	303	mit	mit	1
VAL	1, 300	300	ALA	1, 304	304	mit	mit	0.99
ASP	1, 301	301	ALA	1, 304	304	mit	mit	1
THR	1, 302	302	ALA	1, 304	304	mit	mit	0.99
ARG	1, 303	303	ALA	1, 304	304	mit	mit	1
ASP	1, 301	301	TYR	1, 305	305	mit	mit	0.99
THR	1, 302	302	TYR	1, 305	305	mit	mit	1
ARG	1, 303	303	TYR	1, 305	305	mit	mit	0.99
ALA	1, 304	304	TYR	1, 305	305	mit	mit	1
VAL	1, 288	288	PHE	1, 306	306	mit	mit	0.98
ALA	1, 290	290	PHE	1, 306	306	mit	mit	0.99
HIS	1, 291	291	PHE	1, 306	306	mit	mit	0.98
PHE	1, 294	294	PHE	1, 306	306	mit	mit	0.68
THR	1, 302	302	PHE	1, 306	306	mit	mit	0.99
ARG	1, 303	303	PHE	1, 306	306	mit	mit	1
ALA	1, 304	304	PHE	1, 306	306	mit	mit	0.96
TYR	1, 305	305	PHE	1, 306	306	mit	mit	1
HIS	1, 291	291	THR	1, 307	307	mit	mit	0.86
ARG	1, 303	303	THR	1, 307	307	mit	mit	0.99
ALA	1, 304	304	THR	1, 307	307	mit	mit	1
TYR	1, 305	305	THR	1, 307	307	mit	mit	0.99
PHE	1, 306	306	THR	1, 307	307	mit	mit	1
ALA	1, 304	304	SER	1, 308	308	mit	mit	0.99
TYR	1, 305	305	SER	1, 308	308	mit	mit	1
PHE	1, 306	306	SER	1, 308	308	mit	mit	0.98
THR	1, 307	307	SER	1, 308	308	mit	mit	1
LEU	1, 284	284	ALA	1, 309	309	mit	mit	0.93
ILE	1, 287	287	ALA	1, 309	309	mit	mit	0.98
VAL	1, 288	288	ALA	1, 309	309	mit	mit	0.99
TYR	1, 305	305	ALA	1, 309	309	mit	mit	0.99
PHE	1, 306	306	ALA	1, 309	309	mit	mit	1
THR	1, 307	307	ALA	1, 309	309	mit	mit	0.98
SER	1, 308	308	ALA	1, 309	309	mit	mit	1
VAL	1, 288	288	THR	1, 310	310	mit	mit	0.99
HIS	1, 291	291	THR	1, 310	310	mit	mit	0.99
PHE	1, 306	306	THR	1, 310	310	mit	mit	0.99
THR	1, 307	307	THR	1, 310	310	mit	mit	1
SER	1, 308	308	THR	1, 310	310	mit	mit	0.97
ALA	1, 309	309	THR	1, 310	310	mit	mit	1
THR	1, 307	307	MET	1, 311	311	mit	mit	0.98
SER	1, 308	308	MET	1, 311	311	mit	mit	1
ALA	1, 309	309	MET	1, 311	311	mit	mit	0.98
THR	1, 310	310	MET	1, 311	311	mit	mit	1
LEU	1, 284	284	ILE	1, 312	312	mit	mit	0.96
SER	1, 308	308	ILE	1, 312	312	mit	mit	0.96
ALA	1, 309	309	ILE	1, 312	312	mit	mit	0.99
THR	1, 310	310	ILE	1, 312	312	mit	mit	0.97
MET	1, 311	311	ILE	1, 312	312	mit	mit	1
ILE	1, 281	281	ILE	1, 313	313	mit	mit	0.97
LEU	1, 284	284	ILE	1, 313	313	mit	mit	0.99
GLY	1, 285	285	ILE	1, 313	313	mit	mit	0.89
VAL	1, 288	288	ILE	1, 313	313	mit	mit	0.95
ALA	1, 309	309	ILE	1, 313	313	mit	mit	0.59
THR	1, 310	310	ILE	1, 313	313	mit	mit	0.99
MET	1, 311	311	ILE	1, 313	313	mit	mit	0.98
ILE	1, 312	312	ILE	1, 313	313	mit	mit	1
MET	1, 311	311	ALA	1, 314	314	mit	mit	0.99
ILE	1, 312	312	ALA	1, 314	314	mit	mit	0.98
ILE	1, 313	313	ALA	1, 314	314	mit	mit	1
ILE	1, 312	312	ILE	1, 315	315	mit	mit	0.99
ILE	1, 313	313	ILE	1, 315	315	mit	mit	0.98
ALA	1, 314	314	ILE	1, 315	315	mit	mit	1
TRP	1, 276	276	PRO	1, 316	316	mit	mit	0.59
ALA	1, 277	277	PRO	1, 316	316	mit	mit	1
MET	1, 278	278	PRO	1, 316	316	mit	mit	0.6
SER	1, 280	280	PRO	1, 316	316	mit	mit	0.99
ILE	1, 281	281	PRO	1, 316	316	mit	mit	0.99
LEU	1, 284	284	PRO	1, 316	316	mit	mit	0.8
ILE	1, 313	313	PRO	1, 316	316	mit	mit	0.99
ALA	1, 314	314	PRO	1, 316	316	mit	mit	0.77
ILE	1, 315	315	PRO	1, 316	316	mit	mit	1
ALA	1, 277	277	THR	1, 317	317	mit	mit	0.76
ILE	1, 281	281	THR	1, 317	317	mit	mit	0.95
ILE	1, 313	313	THR	1, 317	317	mit	mit	0.97
ALA	1, 314	314	THR	1, 317	317	mit	mit	1
ILE	1, 315	315	THR	1, 317	317	mit	mit	0.99
PRO	1, 316	316	THR	1, 317	317	mit	mit	1
ALA	1, 277	277	GLY	1, 318	318	mit	mit	0.53
ALA	1, 314	314	GLY	1, 318	318	mit	mit	0.99
ILE	1, 315	315	GLY	1, 318	318	mit	mit	1
PRO	1, 316	316	GLY	1, 318	318	mit	mit	1
THR	1, 317	317	GLY	1, 318	318	mit	mit	1
GLY	1, 273	273	ILE	1, 319	319	mit	mit	0.96
MET	1, 274	274	ILE	1, 319	319	mit	mit	0.69
ALA	1, 277	277	ILE	1, 319	319	mit	mit	1
ILE	1, 315	315	ILE	1, 319	319	mit	mit	0.98
PRO	1, 316	316	ILE	1, 319	319	mit	mit	1
THR	1, 317	317	ILE	1, 319	319	mit	mit	0.99
GLY	1, 318	318	ILE	1, 319	319	mit	mit	1
PHE	1, 252	252	LYS	1, 320	320	mit	mit	0.99
MET	1, 274	274	LYS	1, 320	320	mit	mit	0.98
ALA	1, 277	277	LYS	1, 320	320	mit	mit	0.99
MET	1, 278	278	LYS	1, 320	320	mit	mit	0.76
PRO	1, 316	316	LYS	1, 320	320	mit	mit	0.97
THR	1, 317	317	LYS	1, 320	320	mit	mit	1
GLY	1, 318	318	LYS	1, 320	320	mit	mit	1
ILE	1, 319	319	LYS	1, 320	320	mit	mit	1
THR	1, 317	317	VAL	1, 321	321	mit	mit	0.99
GLY	1, 318	318	VAL	1, 321	321	mit	mit	1
ILE	1, 319	319	VAL	1, 321	321	mit	mit	0.96
LYS	1, 320	320	VAL	1, 321	321	mit	mit	1
GLY	1, 318	318	PHE	1, 322	322	mit	mit	1
ILE	1, 319	319	PHE	1, 322	322	mit	mit	1
LYS	1, 320	320	PHE	1, 322	322	mit	mit	0.96
VAL	1, 321	321	PHE	1, 322	322	mit	mit	1
PRO	1, 268	268	SER	1, 323	323	mit	mit	0.94
PHE	1, 269	269	SER	1, 323	323	mit	mit	0.99
GLY	1, 270	270	SER	1, 323	323	mit	mit	0.99
GLY	1, 273	273	SER	1, 323	323	mit	mit	0.91
MET	1, 274	274	SER	1, 323	323	mit	mit	0.99
ALA	1, 277	277	SER	1, 323	323	mit	mit	0.61
ILE	1, 319	319	SER	1, 323	323	mit	mit	1
LYS	1, 320	320	SER	1, 323	323	mit	mit	1
VAL	1, 321	321	SER	1, 323	323	mit	mit	0.99
PHE	1, 322	322	SER	1, 323	323	mit	mit	1
ILE	1, 255	255	TRP	1, 324	324	mit	mit	0.97
SER	1, 256	256	TRP	1, 324	324	mit	mit	0.97
VAL	1, 259	259	TRP	1, 324	324	mit	mit	1
PRO	1, 268	268	TRP	1, 324	324	mit	mit	0.65
LYS	1, 320	320	TRP	1, 324	324	mit	mit	0.99
VAL	1, 321	321	TRP	1, 324	324	mit	mit	1
PHE	1, 322	322	TRP	1, 324	324	mit	mit	0.99
SER	1, 323	323	TRP	1, 324	324	mit	mit	1
VAL	1, 321	321	LEU	1, 325	325	mit	mit	0.99
PHE	1, 322	322	LEU	1, 325	325	mit	mit	1
SER	1, 323	323	LEU	1, 325	325	mit	mit	1
TRP	1, 324	324	LEU	1, 325	325	mit	mit	1
PHE	1, 269	269	ALA	1, 326	326	mit	mit	0.99
GLY	1, 270	270	ALA	1, 326	326	mit	mit	0.73
PHE	1, 322	322	ALA	1, 326	326	mit	mit	0.99
SER	1, 323	323	ALA	1, 326	326	mit	mit	1
TRP	1, 324	324	ALA	1, 326	326	mit	mit	0.99
LEU	1, 325	325	ALA	1, 326	326	mit	mit	1
SER	1, 256	256	THR	1, 327	327	mit	mit	0.63
VAL	1, 259	259	THR	1, 327	327	mit	mit	0.99
ALA	1, 260	260	THR	1, 327	327	mit	mit	0.99
ALA	1, 263	263	THR	1, 327	327	mit	mit	0.99
LYS	1, 265	265	THR	1, 327	327	mit	mit	0.99
PRO	1, 268	268	THR	1, 327	327	mit	mit	1
PHE	1, 269	269	THR	1, 327	327	mit	mit	0.99
SER	1, 323	323	THR	1, 327	327	mit	mit	0.99
TRP	1, 324	324	THR	1, 327	327	mit	mit	1
LEU	1, 325	325	THR	1, 327	327	mit	mit	1
ALA	1, 326	326	THR	1, 327	327	mit	mit	1
VAL	1, 259	259	LEU	1, 328	328	mit	mit	0.99
ALA	1, 263	263	LEU	1, 328	328	mit	mit	0.99
TRP	1, 324	324	LEU	1, 328	328	mit	mit	0.97
LEU	1, 325	325	LEU	1, 328	328	mit	mit	1
ALA	1, 326	326	LEU	1, 328	328	mit	mit	0.99
THR	1, 327	327	LEU	1, 328	328	mit	mit	1
PHE	1, 269	269	HIS	1, 329	329	mit	mit	0.62
LEU	1, 325	325	HIS	1, 329	329	mit	mit	0.92
ALA	1, 326	326	HIS	1, 329	329	mit	mit	1
THR	1, 327	327	HIS	1, 329	329	mit	mit	0.98
LEU	1, 328	328	HIS	1, 329	329	mit	mit	1
ALA	1, 263	263	GLY	1, 330	330	mit	mit	0.81
LEU	1, 328	328	GLY	1, 330	330	mit	mit	0.99
HIS	1, 329	329	GLY	1, 330	330	mit	mit	1
ALA	1, 263	263	GLY	1, 331	331	mit	mit	0.99
GLY	1, 264	264	GLY	1, 331	331	mit	mit	0.99
LYS	1, 265	265	GLY	1, 331	331	mit	mit	0.95
LEU	1, 328	328	GLY	1, 331	331	mit	mit	0.93
HIS	1, 329	329	GLY	1, 331	331	mit	mit	0.98
GLY	1, 330	330	GLY	1, 331	331	mit	mit	1
ALA	1, 263	263	THR	1, 332	332	mit	mit	0.95
GLY	1, 264	264	THR	1, 332	332	mit	mit	0.99
GLY	1, 330	330	THR	1, 332	332	mit	mit	0.76
GLY	1, 331	331	THR	1, 332	332	mit	mit	1
TYR	1, 262	262	ILE	1, 333	333	mit	mit	0.96
ALA	1, 263	263	ILE	1, 333	333	mit	mit	0.99
LEU	1, 328	328	ILE	1, 333	333	mit	mit	0.87
GLY	1, 331	331	ILE	1, 333	333	mit	mit	0.99
THR	1, 332	332	ILE	1, 333	333	mit	mit	1
TYR	1, 262	262	LYS	1, 334	334	mit	mit	0.99
GLY	1, 264	264	LYS	1, 334	334	mit	mit	0.61
THR	1, 332	332	LYS	1, 334	334	mit	mit	0.95
ILE	1, 333	333	LYS	1, 334	334	mit	mit	1
ILE	1, 333	333	TRP	1, 335	335	mit	mit	0.98
LYS	1, 334	334	TRP	1, 335	335	mit	mit	1
TYR	1, 262	262	ASP	1, 336	336	mit	mit	0.98
LYS	1, 334	334	ASP	1, 336	336	mit	mit	1
TRP	1, 335	335	ASP	1, 336	336	mit	mit	1
ASP	1, 336	336	PRO	1, 337	337	mit	mit	1
VAL	1, 258	258	PRO	1, 338	338	mit	mit	1
TYR	1, 262	262	PRO	1, 338	338	mit	mit	0.98
ASP	1, 336	336	PRO	1, 338	338	mit	mit	1
PRO	1, 337	337	PRO	1, 338	338	mit	mit	1
VAL	1, 258	258	MET	1, 339	339	mit	mit	0.95
VAL	1, 259	259	MET	1, 339	339	mit	mit	0.82
TYR	1, 262	262	MET	1, 339	339	mit	mit	1
ILE	1, 333	333	MET	1, 339	339	mit	mit	0.93
LYS	1, 334	334	MET	1, 339	339	mit	mit	0.95
TRP	1, 335	335	MET	1, 339	339	mit	mit	0.99
ASP	1, 336	336	MET	1, 339	339	mit	mit	1
PRO	1, 337	337	MET	1, 339	339	mit	mit	0.99
PRO	1, 338	338	MET	1, 339	339	mit	mit	1
TRP	1, 335	335	LEU	1, 340	340	mit	mit	0.9
ASP	1, 336	336	LEU	1, 340	340	mit	mit	0.78
PRO	1, 337	337	LEU	1, 340	340	mit	mit	1
PRO	1, 338	338	LEU	1, 340	340	mit	mit	0.99
MET	1, 339	339	LEU	1, 340	340	mit	mit	1
VAL	1, 258	258	TRP	1, 341	341	mit	mit	0.69
PRO	1, 337	337	TRP	1, 341	341	mit	mit	0.98
PRO	1, 338	338	TRP	1, 341	341	mit	mit	1
MET	1, 339	339	TRP	1, 341	341	mit	mit	0.99
LEU	1, 340	340	TRP	1, 341	341	mit	mit	1
ILE	1, 255	255	ALA	1, 342	342	mit	mit	1
VAL	1, 258	258	ALA	1, 342	342	mit	mit	1
VAL	1, 259	259	ALA	1, 342	342	mit	mit	1
TYR	1, 262	262	ALA	1, 342	342	mit	mit	0.83
PRO	1, 338	338	ALA	1, 342	342	mit	mit	0.99
MET	1, 339	339	ALA	1, 342	342	mit	mit	1
LEU	1, 340	340	ALA	1, 342	342	mit	mit	1
TRP	1, 341	341	ALA	1, 342	342	mit	mit	1
MET	1, 339	339	LEU	1, 343	343	mit	mit	1
LEU	1, 340	340	LEU	1, 343	343	mit	mit	1
TRP	1, 341	341	LEU	1, 343	343	mit	mit	0.99
ALA	1, 342	342	LEU	1, 343	343	mit	mit	1
LEU	1, 340	340	GLY	1, 344	344	mit	mit	0.99
TRP	1, 341	341	GLY	1, 344	344	mit	mit	1
ALA	1, 342	342	GLY	1, 344	344	mit	mit	1
LEU	1, 343	343	GLY	1, 344	344	mit	mit	1
ILE	1, 255	255	PHE	1, 345	345	mit	mit	1
TRP	1, 341	341	PHE	1, 345	345	mit	mit	1
ALA	1, 342	342	PHE	1, 345	345	mit	mit	1
LEU	1, 343	343	PHE	1, 345	345	mit	mit	1
GLY	1, 344	344	PHE	1, 345	345	mit	mit	1
ILE	1, 255	255	ILE	1, 346	346	mit	mit	0.9
VAL	1, 321	321	ILE	1, 346	346	mit	mit	0.99
TRP	1, 324	324	ILE	1, 346	346	mit	mit	0.99
LEU	1, 325	325	ILE	1, 346	346	mit	mit	0.88
ALA	1, 342	342	ILE	1, 346	346	mit	mit	0.99
LEU	1, 343	343	ILE	1, 346	346	mit	mit	1
GLY	1, 344	344	ILE	1, 346	346	mit	mit	1
PHE	1, 345	345	ILE	1, 346	346	mit	mit	1
LEU	1, 343	343	PHE	1, 347	347	mit	mit	0.99
GLY	1, 344	344	PHE	1, 347	347	mit	mit	1
PHE	1, 345	345	PHE	1, 347	347	mit	mit	0.96
ILE	1, 346	346	PHE	1, 347	347	mit	mit	1
GLY	1, 344	344	LEU	1, 348	348	mit	mit	1
PHE	1, 345	345	LEU	1, 348	348	mit	mit	1
ILE	1, 346	346	LEU	1, 348	348	mit	mit	0.78
PHE	1, 347	347	LEU	1, 348	348	mit	mit	1
VAL	1, 321	321	PHE	1, 349	349	mit	mit	0.85
PHE	1, 345	345	PHE	1, 349	349	mit	mit	1
ILE	1, 346	346	PHE	1, 349	349	mit	mit	1
PHE	1, 347	347	PHE	1, 349	349	mit	mit	0.99
LEU	1, 348	348	PHE	1, 349	349	mit	mit	1
VAL	1, 321	321	THR	1, 350	350	mit	mit	0.99
ILE	1, 346	346	THR	1, 350	350	mit	mit	0.99
PHE	1, 347	347	THR	1, 350	350	mit	mit	1
LEU	1, 348	348	THR	1, 350	350	mit	mit	1
PHE	1, 349	349	THR	1, 350	350	mit	mit	1
PHE	1, 347	347	ILE	1, 351	351	mit	mit	0.99
LEU	1, 348	348	ILE	1, 351	351	mit	mit	1
PHE	1, 349	349	ILE	1, 351	351	mit	mit	0.99
THR	1, 350	350	ILE	1, 351	351	mit	mit	1
LEU	1, 348	348	GLY	1, 352	352	mit	mit	0.98
PHE	1, 349	349	GLY	1, 352	352	mit	mit	1
THR	1, 350	350	GLY	1, 352	352	mit	mit	1
ILE	1, 351	351	GLY	1, 352	352	mit	mit	1
ALA	1, 314	314	GLY	1, 353	353	mit	mit	0.76
THR	1, 317	317	GLY	1, 353	353	mit	mit	0.96
PHE	1, 349	349	GLY	1, 353	353	mit	mit	1
THR	1, 350	350	GLY	1, 353	353	mit	mit	1
ILE	1, 351	351	GLY	1, 353	353	mit	mit	1
GLY	1, 352	352	GLY	1, 353	353	mit	mit	1
THR	1, 350	350	LEU	1, 354	354	mit	mit	1
ILE	1, 351	351	LEU	1, 354	354	mit	mit	1
GLY	1, 352	352	LEU	1, 354	354	mit	mit	1
GLY	1, 353	353	LEU	1, 354	354	mit	mit	1
ILE	1, 351	351	THR	1, 355	355	mit	mit	0.99
GLY	1, 352	352	THR	1, 355	355	mit	mit	1
GLY	1, 353	353	THR	1, 355	355	mit	mit	1
LEU	1, 354	354	THR	1, 355	355	mit	mit	1
GLY	1, 352	352	GLY	1, 356	356	mit	mit	0.99
GLY	1, 353	353	GLY	1, 356	356	mit	mit	1
LEU	1, 354	354	GLY	1, 356	356	mit	mit	1
THR	1, 355	355	GLY	1, 356	356	mit	mit	1
MET	1, 311	311	ILE	1, 357	357	mit	mit	0.96
ALA	1, 314	314	ILE	1, 357	357	mit	mit	0.99
GLY	1, 353	353	ILE	1, 357	357	mit	mit	0.99
LEU	1, 354	354	ILE	1, 357	357	mit	mit	1
THR	1, 355	355	ILE	1, 357	357	mit	mit	0.99
GLY	1, 356	356	ILE	1, 357	357	mit	mit	1
LEU	1, 354	354	VAL	1, 358	358	mit	mit	0.96
THR	1, 355	355	VAL	1, 358	358	mit	mit	1
GLY	1, 356	356	VAL	1, 358	358	mit	mit	1
ILE	1, 357	357	VAL	1, 358	358	mit	mit	1
THR	1, 355	355	LEU	1, 359	359	mit	mit	0.98
GLY	1, 356	356	LEU	1, 359	359	mit	mit	1
ILE	1, 357	357	LEU	1, 359	359	mit	mit	0.99
VAL	1, 358	358	LEU	1, 359	359	mit	mit	1
HIS	1, 291	291	ALA	1, 360	360	mit	mit	0.96
THR	1, 307	307	ALA	1, 360	360	mit	mit	0.98
THR	1, 310	310	ALA	1, 360	360	mit	mit	1
MET	1, 311	311	ALA	1, 360	360	mit	mit	0.98
GLY	1, 356	356	ALA	1, 360	360	mit	mit	1
ILE	1, 357	357	ALA	1, 360	360	mit	mit	1
VAL	1, 358	358	ALA	1, 360	360	mit	mit	0.99
LEU	1, 359	359	ALA	1, 360	360	mit	mit	1
THR	1, 307	307	ASN	1, 361	361	mit	mit	0.99
MET	1, 311	311	ASN	1, 361	361	mit	mit	0.52
ILE	1, 357	357	ASN	1, 361	361	mit	mit	0.61
VAL	1, 358	358	ASN	1, 361	361	mit	mit	0.98
LEU	1, 359	359	ASN	1, 361	361	mit	mit	0.97
ALA	1, 360	360	ASN	1, 361	361	mit	mit	1
PHE	1, 294	294	SER	1, 362	362	mit	mit	0.98
ARG	1, 303	303	SER	1, 362	362	mit	mit	0.99
ALA	1, 304	304	SER	1, 362	362	mit	mit	0.86
PHE	1, 306	306	SER	1, 362	362	mit	mit	0.81
THR	1, 307	307	SER	1, 362	362	mit	mit	0.99
ASN	1, 361	361	SER	1, 362	362	mit	mit	1
ASN	1, 361	361	SER	1, 363	363	mit	mit	1
SER	1, 362	362	SER	1, 363	363	mit	mit	1
VAL	1, 358	358	LEU	1, 364	364	mit	mit	0.98
LEU	1, 359	359	LEU	1, 364	364	mit	mit	0.87
ASN	1, 361	361	LEU	1, 364	364	mit	mit	1
SER	1, 362	362	LEU	1, 364	364	mit	mit	0.91
SER	1, 363	363	LEU	1, 364	364	mit	mit	1
HIS	1, 291	291	ASP	1, 365	365	mit	mit	0.56
PHE	1, 294	294	ASP	1, 365	365	mit	mit	0.99
THR	1, 295	295	ASP	1, 365	365	mit	mit	0.8
LEU	1, 359	359	ASP	1, 365	365	mit	mit	0.98
ALA	1, 360	360	ASP	1, 365	365	mit	mit	0.75
ASN	1, 361	361	ASP	1, 365	365	mit	mit	0.98
SER	1, 362	362	ASP	1, 365	365	mit	mit	0.99
SER	1, 363	363	ASP	1, 365	365	mit	mit	0.98
LEU	1, 364	364	ASP	1, 365	365	mit	mit	1
PHE	1, 294	294	ILE	1, 366	366	mit	mit	0.92
THR	1, 295	295	ILE	1, 366	366	mit	mit	0.96
SER	1, 362	362	ILE	1, 366	366	mit	mit	0.89
SER	1, 363	363	ILE	1, 366	366	mit	mit	0.98
LEU	1, 364	364	ILE	1, 366	366	mit	mit	0.99
ASP	1, 365	365	ILE	1, 366	366	mit	mit	1
LEU	1, 364	364	ALA	1, 367	367	mit	mit	0.99
ASP	1, 365	365	ALA	1, 367	367	mit	mit	0.96
ILE	1, 366	366	ALA	1, 367	367	mit	mit	1
VAL	1, 358	358	LEU	1, 368	368	mit	mit	0.65
LEU	1, 359	359	LEU	1, 368	368	mit	mit	0.98
LEU	1, 364	364	LEU	1, 368	368	mit	mit	0.99
ASP	1, 365	365	LEU	1, 368	368	mit	mit	1
ILE	1, 366	366	LEU	1, 368	368	mit	mit	0.8
ALA	1, 367	367	LEU	1, 368	368	mit	mit	1
PHE	1, 294	294	HIS	1, 369	369	mit	mit	0.97
THR	1, 295	295	HIS	1, 369	369	mit	mit	0.99
ASP	1, 365	365	HIS	1, 369	369	mit	mit	1
ILE	1, 366	366	HIS	1, 369	369	mit	mit	0.99
ALA	1, 367	367	HIS	1, 369	369	mit	mit	0.84
LEU	1, 368	368	HIS	1, 369	369	mit	mit	1
THR	1, 295	295	ASP	1, 370	370	mit	mit	0.68
HIS	1, 369	369	ASP	1, 370	370	mit	mit	1
LEU	1, 368	368	THR	1, 371	371	mit	mit	1
HIS	1, 369	369	THR	1, 371	371	mit	mit	0.99
ASP	1, 370	370	THR	1, 371	371	mit	mit	1
THR	1, 371	371	TYR	1, 372	372	mit	mit	1
THR	1, 355	355	TYR	1, 373	373	mit	mit	0.85
LEU	1, 359	359	TYR	1, 373	373	mit	mit	0.92
LEU	1, 368	368	TYR	1, 373	373	mit	mit	1
THR	1, 371	371	TYR	1, 373	373	mit	mit	1
TYR	1, 372	372	TYR	1, 373	373	mit	mit	1
LEU	1, 359	359	VAL	1, 374	374	mit	mit	0.98
LEU	1, 368	368	VAL	1, 374	374	mit	mit	0.97
HIS	1, 369	369	VAL	1, 374	374	mit	mit	0.96
ASP	1, 370	370	VAL	1, 374	374	mit	mit	0.96
THR	1, 371	371	VAL	1, 374	374	mit	mit	0.99
TYR	1, 372	372	VAL	1, 374	374	mit	mit	0.98
TYR	1, 373	373	VAL	1, 374	374	mit	mit	1
THR	1, 371	371	VAL	1, 375	375	mit	mit	0.58
TYR	1, 372	372	VAL	1, 375	375	mit	mit	1
TYR	1, 373	373	VAL	1, 375	375	mit	mit	0.99
VAL	1, 374	374	VAL	1, 375	375	mit	mit	1
THR	1, 355	355	ALA	1, 376	376	mit	mit	0.97
TYR	1, 372	372	ALA	1, 376	376	mit	mit	0.99
TYR	1, 373	373	ALA	1, 376	376	mit	mit	1
VAL	1, 374	374	ALA	1, 376	376	mit	mit	0.99
VAL	1, 375	375	ALA	1, 376	376	mit	mit	1
GLY	1, 352	352	HIS	1, 377	377	mit	mit	0.99
GLY	1, 353	353	HIS	1, 377	377	mit	mit	0.71
THR	1, 355	355	HIS	1, 377	377	mit	mit	1
GLY	1, 356	356	HIS	1, 377	377	mit	mit	1
LEU	1, 359	359	HIS	1, 377	377	mit	mit	0.99
TYR	1, 373	373	HIS	1, 377	377	mit	mit	0.99
VAL	1, 374	374	HIS	1, 377	377	mit	mit	1
VAL	1, 375	375	HIS	1, 377	377	mit	mit	0.99
ALA	1, 376	376	HIS	1, 377	377	mit	mit	1
VAL	1, 244	244	PHE	1, 378	378	mit	mit	0.79
VAL	1, 374	374	PHE	1, 378	378	mit	mit	0.99
VAL	1, 375	375	PHE	1, 378	378	mit	mit	1
ALA	1, 376	376	PHE	1, 378	378	mit	mit	0.65
HIS	1, 377	377	PHE	1, 378	378	mit	mit	1
VAL	1, 375	375	HIS	1, 379	379	mit	mit	1
ALA	1, 376	376	HIS	1, 379	379	mit	mit	1
HIS	1, 377	377	HIS	1, 379	379	mit	mit	0.97
PHE	1, 378	378	HIS	1, 379	379	mit	mit	1
LEU	1, 348	348	TYR	1, 380	380	mit	mit	0.99
PHE	1, 349	349	TYR	1, 380	380	mit	mit	0.81
ILE	1, 351	351	TYR	1, 380	380	mit	mit	0.99
GLY	1, 352	352	TYR	1, 380	380	mit	mit	1
GLY	1, 353	353	TYR	1, 380	380	mit	mit	0.83
THR	1, 355	355	TYR	1, 380	380	mit	mit	0.98
ALA	1, 376	376	TYR	1, 380	380	mit	mit	1
HIS	1, 377	377	TYR	1, 380	380	mit	mit	1
PHE	1, 378	378	TYR	1, 380	380	mit	mit	0.98
HIS	1, 379	379	TYR	1, 380	380	mit	mit	1
VAL	1, 244	244	VAL	1, 381	381	mit	mit	0.74
ILE	1, 248	248	VAL	1, 381	381	mit	mit	0.96
PHE	1, 349	349	VAL	1, 381	381	mit	mit	0.97
GLY	1, 352	352	VAL	1, 381	381	mit	mit	0.99
GLY	1, 353	353	VAL	1, 381	381	mit	mit	0.98
GLY	1, 356	356	VAL	1, 381	381	mit	mit	0.52
HIS	1, 377	377	VAL	1, 381	381	mit	mit	0.98
PHE	1, 378	378	VAL	1, 381	381	mit	mit	0.99
HIS	1, 379	379	VAL	1, 381	381	mit	mit	0.9
TYR	1, 380	380	VAL	1, 381	381	mit	mit	1
VAL	1, 71	71	LEU	1, 382	382	mit	mit	0.72
VAL	1, 244	244	LEU	1, 382	382	mit	mit	0.69
LEU	1, 247	247	LEU	1, 382	382	mit	mit	0.98
ILE	1, 248	248	LEU	1, 382	382	mit	mit	0.7
PHE	1, 378	378	LEU	1, 382	382	mit	mit	0.99
HIS	1, 379	379	LEU	1, 382	382	mit	mit	0.98
TYR	1, 380	380	LEU	1, 382	382	mit	mit	0.74
VAL	1, 381	381	LEU	1, 382	382	mit	mit	1
HIS	1, 379	379	SER	1, 383	383	mit	mit	0.98
TYR	1, 380	380	SER	1, 383	383	mit	mit	0.91
LEU	1, 382	382	SER	1, 383	383	mit	mit	1
GLY	1, 344	344	MET	1, 384	384	mit	mit	0.59
PHE	1, 345	345	MET	1, 384	384	mit	mit	0.8
LEU	1, 348	348	MET	1, 384	384	mit	mit	0.98
PHE	1, 349	349	MET	1, 384	384	mit	mit	0.79
HIS	1, 379	379	MET	1, 384	384	mit	mit	0.9
TYR	1, 380	380	MET	1, 384	384	mit	mit	0.98
VAL	1, 381	381	MET	1, 384	384	mit	mit	0.79
LEU	1, 382	382	MET	1, 384	384	mit	mit	0.69
SER	1, 383	383	MET	1, 384	384	mit	mit	1
ILE	1, 248	248	GLY	1, 385	385	mit	mit	0.91
GLY	1, 251	251	GLY	1, 385	385	mit	mit	0.65
PHE	1, 345	345	GLY	1, 385	385	mit	mit	1
LEU	1, 348	348	GLY	1, 385	385	mit	mit	0.98
PHE	1, 349	349	GLY	1, 385	385	mit	mit	0.99
TYR	1, 380	380	GLY	1, 385	385	mit	mit	0.86
VAL	1, 381	381	GLY	1, 385	385	mit	mit	0.98
LEU	1, 382	382	GLY	1, 385	385	mit	mit	0.99
SER	1, 383	383	GLY	1, 385	385	mit	mit	0.99
MET	1, 384	384	GLY	1, 385	385	mit	mit	1
VAL	1, 71	71	ALA	1, 386	386	mit	mit	1
MET	1, 75	75	ALA	1, 386	386	mit	mit	0.88
LEU	1, 247	247	ALA	1, 386	386	mit	mit	1
ILE	1, 248	248	ALA	1, 386	386	mit	mit	0.98
GLY	1, 251	251	ALA	1, 386	386	mit	mit	0.98
VAL	1, 381	381	ALA	1, 386	386	mit	mit	0.66
LEU	1, 382	382	ALA	1, 386	386	mit	mit	0.98
SER	1, 383	383	ALA	1, 386	386	mit	mit	0.88
GLY	1, 385	385	ALA	1, 386	386	mit	mit	1
VAL	1, 71	71	VAL	1, 387	387	mit	mit	0.73
LEU	1, 382	382	VAL	1, 387	387	mit	mit	0.71
SER	1, 383	383	VAL	1, 387	387	mit	mit	0.98
MET	1, 384	384	VAL	1, 387	387	mit	mit	0.97
GLY	1, 385	385	VAL	1, 387	387	mit	mit	1
ALA	1, 386	386	VAL	1, 387	387	mit	mit	1
TRP	1, 341	341	PHE	1, 388	388	mit	mit	1
ALA	1, 342	342	PHE	1, 388	388	mit	mit	0.6
GLY	1, 344	344	PHE	1, 388	388	mit	mit	1
PHE	1, 345	345	PHE	1, 388	388	mit	mit	1
LEU	1, 348	348	PHE	1, 388	388	mit	mit	0.96
MET	1, 384	384	PHE	1, 388	388	mit	mit	0.99
GLY	1, 385	385	PHE	1, 388	388	mit	mit	1
ALA	1, 386	386	PHE	1, 388	388	mit	mit	0.99
VAL	1, 387	387	PHE	1, 388	388	mit	mit	1
MET	1, 75	75	ALA	1, 389	389	mit	mit	0.71
PRO	1, 250	250	ALA	1, 389	389	mit	mit	0.76
GLY	1, 251	251	ALA	1, 389	389	mit	mit	1
PHE	1, 252	252	ALA	1, 389	389	mit	mit	0.61
MET	1, 254	254	ALA	1, 389	389	mit	mit	1
ILE	1, 255	255	ALA	1, 389	389	mit	mit	1
TRP	1, 341	341	ALA	1, 389	389	mit	mit	0.7
PHE	1, 345	345	ALA	1, 389	389	mit	mit	1
GLY	1, 385	385	ALA	1, 389	389	mit	mit	1
ALA	1, 386	386	ALA	1, 389	389	mit	mit	1
VAL	1, 387	387	ALA	1, 389	389	mit	mit	1
PHE	1, 388	388	ALA	1, 389	389	mit	mit	1
VAL	1, 71	71	ILE	1, 390	390	mit	mit	0.94
ILE	1, 74	74	ILE	1, 390	390	mit	mit	1
MET	1, 75	75	ILE	1, 390	390	mit	mit	0.99
GLY	1, 251	251	ILE	1, 390	390	mit	mit	0.66
ALA	1, 386	386	ILE	1, 390	390	mit	mit	0.99
VAL	1, 387	387	ILE	1, 390	390	mit	mit	1
PHE	1, 388	388	ILE	1, 390	390	mit	mit	0.99
ALA	1, 389	389	ILE	1, 390	390	mit	mit	1
TRP	1, 341	341	LEU	1, 391	391	mit	mit	1
VAL	1, 387	387	LEU	1, 391	391	mit	mit	1
PHE	1, 388	388	LEU	1, 391	391	mit	mit	1
ALA	1, 389	389	LEU	1, 391	391	mit	mit	0.99
ILE	1, 390	390	LEU	1, 391	391	mit	mit	1
MET	1, 254	254	ALA	1, 392	392	mit	mit	0.99
ILE	1, 255	255	ALA	1, 392	392	mit	mit	0.98
VAL	1, 258	258	ALA	1, 392	392	mit	mit	1
PRO	1, 338	338	ALA	1, 392	392	mit	mit	1
TRP	1, 341	341	ALA	1, 392	392	mit	mit	1
ALA	1, 342	342	ALA	1, 392	392	mit	mit	1
PHE	1, 345	345	ALA	1, 392	392	mit	mit	0.98
PHE	1, 388	388	ALA	1, 392	392	mit	mit	1
ALA	1, 389	389	ALA	1, 392	392	mit	mit	1
ILE	1, 390	390	ALA	1, 392	392	mit	mit	1
LEU	1, 391	391	ALA	1, 392	392	mit	mit	1
PHE	1, 79	79	GLY	1, 393	393	mit	mit	0.97
MET	1, 254	254	GLY	1, 393	393	mit	mit	1
VAL	1, 258	258	GLY	1, 393	393	mit	mit	0.99
PRO	1, 338	338	GLY	1, 393	393	mit	mit	0.97
TRP	1, 341	341	GLY	1, 393	393	mit	mit	0.76
ALA	1, 389	389	GLY	1, 393	393	mit	mit	0.99
ILE	1, 390	390	GLY	1, 393	393	mit	mit	1
LEU	1, 391	391	GLY	1, 393	393	mit	mit	1
ALA	1, 392	392	GLY	1, 393	393	mit	mit	1
ILE	1, 390	390	PHE	1, 394	394	mit	mit	1
LEU	1, 391	391	PHE	1, 394	394	mit	mit	1
ALA	1, 392	392	PHE	1, 394	394	mit	mit	0.99
GLY	1, 393	393	PHE	1, 394	394	mit	mit	1
PRO	1, 337	337	THR	1, 395	395	mit	mit	1
PRO	1, 338	338	THR	1, 395	395	mit	mit	1
TRP	1, 341	341	THR	1, 395	395	mit	mit	0.98
LEU	1, 391	391	THR	1, 395	395	mit	mit	1
ALA	1, 392	392	THR	1, 395	395	mit	mit	1
GLY	1, 393	393	THR	1, 395	395	mit	mit	1
PHE	1, 394	394	THR	1, 395	395	mit	mit	1
HIS	1, 257	257	HIS	1, 396	396	mit	mit	0.63
VAL	1, 258	258	HIS	1, 396	396	mit	mit	1
TYR	1, 261	261	HIS	1, 396	396	mit	mit	0.89
PRO	1, 338	338	HIS	1, 396	396	mit	mit	1
ALA	1, 392	392	HIS	1, 396	396	mit	mit	0.99
GLY	1, 393	393	HIS	1, 396	396	mit	mit	1
PHE	1, 394	394	HIS	1, 396	396	mit	mit	0.99
THR	1, 395	395	HIS	1, 396	396	mit	mit	1
PHE	1, 79	79	TRP	1, 397	397	mit	mit	0.88
TRP	1, 82	82	TRP	1, 397	397	mit	mit	0.84
LEU	1, 83	83	TRP	1, 397	397	mit	mit	0.94
GLY	1, 393	393	TRP	1, 397	397	mit	mit	1
PHE	1, 394	394	TRP	1, 397	397	mit	mit	0.99
HIS	1, 396	396	TRP	1, 397	397	mit	mit	1
PHE	1, 394	394	PHE	1, 398	398	mit	mit	1
THR	1, 395	395	PHE	1, 398	398	mit	mit	1
HIS	1, 396	396	PHE	1, 398	398	mit	mit	0.99
TRP	1, 397	397	PHE	1, 398	398	mit	mit	1
TRP	1, 397	397	PRO	1, 399	399	mit	mit	0.98
PHE	1, 398	398	PRO	1, 399	399	mit	mit	1
TRP	1, 397	397	LEU	1, 400	400	mit	mit	1
PHE	1, 398	398	LEU	1, 400	400	mit	mit	1
PRO	1, 399	399	LEU	1, 400	400	mit	mit	1
THR	1, 18	18	PHE	1, 401	401	mit	mit	0.97
LEU	1, 21	21	PHE	1, 401	401	mit	mit	0.8
TRP	1, 82	82	PHE	1, 401	401	mit	mit	0.99
TRP	1, 397	397	PHE	1, 401	401	mit	mit	1
PHE	1, 398	398	PHE	1, 401	401	mit	mit	1
PRO	1, 399	399	PHE	1, 401	401	mit	mit	0.93
LEU	1, 400	400	PHE	1, 401	401	mit	mit	1
PHE	1, 398	398	THR	1, 402	402	mit	mit	0.99
PRO	1, 399	399	THR	1, 402	402	mit	mit	0.98
LEU	1, 400	400	THR	1, 402	402	mit	mit	0.55
PHE	1, 401	401	THR	1, 402	402	mit	mit	1
PRO	1, 399	399	GLY	1, 403	403	mit	mit	1
LEU	1, 400	400	GLY	1, 403	403	mit	mit	0.97
PHE	1, 401	401	GLY	1, 403	403	mit	mit	0.98
THR	1, 402	402	GLY	1, 403	403	mit	mit	1
PHE	1, 398	398	PHE	1, 404	404	mit	mit	0.74
PRO	1, 399	399	PHE	1, 404	404	mit	mit	0.98
THR	1, 402	402	PHE	1, 404	404	mit	mit	1
GLY	1, 403	403	PHE	1, 404	404	mit	mit	1
PHE	1, 398	398	THR	1, 405	405	mit	mit	0.77
PRO	1, 399	399	THR	1, 405	405	mit	mit	1
GLY	1, 403	403	THR	1, 405	405	mit	mit	0.92
PHE	1, 404	404	THR	1, 405	405	mit	mit	1
PRO	1, 337	337	LEU	1, 406	406	mit	mit	0.82
THR	1, 395	395	LEU	1, 406	406	mit	mit	0.99
PHE	1, 398	398	LEU	1, 406	406	mit	mit	0.99
PRO	1, 399	399	LEU	1, 406	406	mit	mit	0.76
PHE	1, 404	404	LEU	1, 406	406	mit	mit	0.65
THR	1, 405	405	LEU	1, 406	406	mit	mit	1
THR	1, 405	405	HIS	1, 407	407	mit	mit	0.67
LEU	1, 406	406	HIS	1, 407	407	mit	mit	1
ASP	1, 336	336	PRO	1, 408	408	mit	mit	0.89
PRO	1, 337	337	PRO	1, 408	408	mit	mit	0.95
LEU	1, 406	406	PRO	1, 408	408	mit	mit	0.98
HIS	1, 407	407	PRO	1, 408	408	mit	mit	1
HIS	1, 407	407	SER	1, 409	409	mit	mit	1
PRO	1, 408	408	SER	1, 409	409	mit	mit	1
LEU	1, 406	406	TRP	1, 410	410	mit	mit	0.89
HIS	1, 407	407	TRP	1, 410	410	mit	mit	1
PRO	1, 408	408	TRP	1, 410	410	mit	mit	0.97
SER	1, 409	409	TRP	1, 410	410	mit	mit	1
PRO	1, 337	337	THR	1, 411	411	mit	mit	1
THR	1, 395	395	THR	1, 411	411	mit	mit	0.99
LEU	1, 406	406	THR	1, 411	411	mit	mit	1
HIS	1, 407	407	THR	1, 411	411	mit	mit	0.99
PRO	1, 408	408	THR	1, 411	411	mit	mit	1
SER	1, 409	409	THR	1, 411	411	mit	mit	0.98
TRP	1, 410	410	THR	1, 411	411	mit	mit	1
PRO	1, 337	337	LYS	1, 412	412	mit	mit	0.99
LEU	1, 340	340	LYS	1, 412	412	mit	mit	0.98
PRO	1, 408	408	LYS	1, 412	412	mit	mit	0.99
SER	1, 409	409	LYS	1, 412	412	mit	mit	1
TRP	1, 410	410	LYS	1, 412	412	mit	mit	0.99
THR	1, 411	411	LYS	1, 412	412	mit	mit	1
SER	1, 409	409	ALA	1, 413	413	mit	mit	0.99
TRP	1, 410	410	ALA	1, 413	413	mit	mit	1
THR	1, 411	411	ALA	1, 413	413	mit	mit	0.99
LYS	1, 412	412	ALA	1, 413	413	mit	mit	1
PRO	1, 337	337	HIS	1, 414	414	mit	mit	0.55
TRP	1, 410	410	HIS	1, 414	414	mit	mit	0.99
THR	1, 411	411	HIS	1, 414	414	mit	mit	1
LYS	1, 412	412	HIS	1, 414	414	mit	mit	1
ALA	1, 413	413	HIS	1, 414	414	mit	mit	1
PRO	1, 337	337	PHE	1, 415	415	mit	mit	0.98
LEU	1, 340	340	PHE	1, 415	415	mit	mit	1
TRP	1, 341	341	PHE	1, 415	415	mit	mit	0.99
THR	1, 411	411	PHE	1, 415	415	mit	mit	0.99
LYS	1, 412	412	PHE	1, 415	415	mit	mit	1
ALA	1, 413	413	PHE	1, 415	415	mit	mit	1
HIS	1, 414	414	PHE	1, 415	415	mit	mit	1
LYS	1, 412	412	GLY	1, 416	416	mit	mit	0.97
ALA	1, 413	413	GLY	1, 416	416	mit	mit	1
HIS	1, 414	414	GLY	1, 416	416	mit	mit	1
PHE	1, 415	415	GLY	1, 416	416	mit	mit	1
ALA	1, 413	413	VAL	1, 417	417	mit	mit	0.99
HIS	1, 414	414	VAL	1, 417	417	mit	mit	1
PHE	1, 415	415	VAL	1, 417	417	mit	mit	0.98
GLY	1, 416	416	VAL	1, 417	417	mit	mit	1
LEU	1, 391	391	MET	1, 418	418	mit	mit	0.74
HIS	1, 414	414	MET	1, 418	418	mit	mit	1
PHE	1, 415	415	MET	1, 418	418	mit	mit	1
GLY	1, 416	416	MET	1, 418	418	mit	mit	1
VAL	1, 417	417	MET	1, 418	418	mit	mit	1
GLY	1, 344	344	PHE	1, 419	419	mit	mit	0.96
PHE	1, 415	415	PHE	1, 419	419	mit	mit	1
GLY	1, 416	416	PHE	1, 419	419	mit	mit	1
VAL	1, 417	417	PHE	1, 419	419	mit	mit	0.99
MET	1, 418	418	PHE	1, 419	419	mit	mit	1
GLY	1, 416	416	THR	1, 420	420	mit	mit	1
VAL	1, 417	417	THR	1, 420	420	mit	mit	1
MET	1, 418	418	THR	1, 420	420	mit	mit	0.98
PHE	1, 419	419	THR	1, 420	420	mit	mit	1
VAL	1, 417	417	GLY	1, 421	421	mit	mit	0.99
MET	1, 418	418	GLY	1, 421	421	mit	mit	1
PHE	1, 419	419	GLY	1, 421	421	mit	mit	1
THR	1, 420	420	GLY	1, 421	421	mit	mit	1
SER	1, 383	383	VAL	1, 422	422	mit	mit	0.83
MET	1, 384	384	VAL	1, 422	422	mit	mit	0.99
MET	1, 418	418	VAL	1, 422	422	mit	mit	1
PHE	1, 419	419	VAL	1, 422	422	mit	mit	1
THR	1, 420	420	VAL	1, 422	422	mit	mit	0.82
GLY	1, 421	421	VAL	1, 422	422	mit	mit	1
LEU	1, 348	348	ASN	1, 423	423	mit	mit	0.67
PHE	1, 419	419	ASN	1, 423	423	mit	mit	1
THR	1, 420	420	ASN	1, 423	423	mit	mit	1
GLY	1, 421	421	ASN	1, 423	423	mit	mit	1
VAL	1, 422	422	ASN	1, 423	423	mit	mit	1
THR	1, 420	420	LEU	1, 424	424	mit	mit	1
GLY	1, 421	421	LEU	1, 424	424	mit	mit	1
VAL	1, 422	422	LEU	1, 424	424	mit	mit	0.98
ASN	1, 423	423	LEU	1, 424	424	mit	mit	1
ARG	1, 39	39	THR	1, 425	425	mit	mit	0.72
GLY	1, 421	421	THR	1, 425	425	mit	mit	1
VAL	1, 422	422	THR	1, 425	425	mit	mit	1
ASN	1, 423	423	THR	1, 425	425	mit	mit	0.99
LEU	1, 424	424	THR	1, 425	425	mit	mit	1
ALA	1, 376	376	PHE	1, 426	426	mit	mit	1
HIS	1, 379	379	PHE	1, 426	426	mit	mit	1
TYR	1, 380	380	PHE	1, 426	426	mit	mit	0.99
SER	1, 383	383	PHE	1, 426	426	mit	mit	0.75
MET	1, 384	384	PHE	1, 426	426	mit	mit	0.78
VAL	1, 422	422	PHE	1, 426	426	mit	mit	0.99
ASN	1, 423	423	PHE	1, 426	426	mit	mit	0.99
THR	1, 425	425	PHE	1, 426	426	mit	mit	1
ALA	1, 376	376	PHE	1, 427	427	mit	mit	0.77
ASN	1, 423	423	PHE	1, 427	427	mit	mit	1
LEU	1, 424	424	PHE	1, 427	427	mit	mit	0.99
THR	1, 425	425	PHE	1, 427	427	mit	mit	0.85
PHE	1, 426	426	PHE	1, 427	427	mit	mit	1
LEU	1, 424	424	PRO	1, 428	428	mit	mit	0.88
THR	1, 425	425	PRO	1, 428	428	mit	mit	0.75
PHE	1, 426	426	PRO	1, 428	428	mit	mit	0.93
PHE	1, 427	427	PRO	1, 428	428	mit	mit	1
TYR	1, 372	372	GLN	1, 429	429	mit	mit	1
TYR	1, 373	373	GLN	1, 429	429	mit	mit	0.87
VAL	1, 375	375	GLN	1, 429	429	mit	mit	0.99
ALA	1, 376	376	GLN	1, 429	429	mit	mit	1
HIS	1, 379	379	GLN	1, 429	429	mit	mit	0.78
THR	1, 425	425	GLN	1, 429	429	mit	mit	0.72
PHE	1, 426	426	GLN	1, 429	429	mit	mit	1
PHE	1, 427	427	GLN	1, 429	429	mit	mit	1
PRO	1, 428	428	GLN	1, 429	429	mit	mit	1
THR	1, 355	355	HIS	1, 430	430	mit	mit	0.88
TYR	1, 372	372	HIS	1, 430	430	mit	mit	0.6
TYR	1, 373	373	HIS	1, 430	430	mit	mit	0.99
ALA	1, 376	376	HIS	1, 430	430	mit	mit	1
PHE	1, 427	427	HIS	1, 430	430	mit	mit	1
PRO	1, 428	428	HIS	1, 430	430	mit	mit	0.99
GLN	1, 429	429	HIS	1, 430	430	mit	mit	1
PRO	1, 428	428	PHE	1, 431	431	mit	mit	1
GLN	1, 429	429	PHE	1, 431	431	mit	mit	0.99
HIS	1, 430	430	PHE	1, 431	431	mit	mit	1
THR	1, 371	371	LEU	1, 432	432	mit	mit	0.67
TYR	1, 372	372	LEU	1, 432	432	mit	mit	1
TYR	1, 373	373	LEU	1, 432	432	mit	mit	0.58
PRO	1, 428	428	LEU	1, 432	432	mit	mit	0.99
GLN	1, 429	429	LEU	1, 432	432	mit	mit	1
HIS	1, 430	430	LEU	1, 432	432	mit	mit	0.99
PHE	1, 431	431	LEU	1, 432	432	mit	mit	1
LEU	1, 368	368	GLY	1, 433	433	mit	mit	0.96
THR	1, 371	371	GLY	1, 433	433	mit	mit	1
TYR	1, 372	372	GLY	1, 433	433	mit	mit	1
TYR	1, 373	373	GLY	1, 433	433	mit	mit	1
ALA	1, 376	376	GLY	1, 433	433	mit	mit	0.92
GLN	1, 429	429	GLY	1, 433	433	mit	mit	0.99
HIS	1, 430	430	GLY	1, 433	433	mit	mit	1
PHE	1, 431	431	GLY	1, 433	433	mit	mit	1
LEU	1, 432	432	GLY	1, 433	433	mit	mit	1
LEU	1, 368	368	LEU	1, 434	434	mit	mit	0.75
TYR	1, 373	373	LEU	1, 434	434	mit	mit	0.99
HIS	1, 430	430	LEU	1, 434	434	mit	mit	0.99
PHE	1, 431	431	LEU	1, 434	434	mit	mit	1
LEU	1, 432	432	LEU	1, 434	434	mit	mit	0.98
GLY	1, 433	433	LEU	1, 434	434	mit	mit	1
PHE	1, 431	431	ALA	1, 435	435	mit	mit	0.99
LEU	1, 432	432	ALA	1, 435	435	mit	mit	1
GLY	1, 433	433	ALA	1, 435	435	mit	mit	1
LEU	1, 434	434	ALA	1, 435	435	mit	mit	1
THR	1, 371	371	GLY	1, 436	436	mit	mit	1
TYR	1, 372	372	GLY	1, 436	436	mit	mit	0.8
LEU	1, 432	432	GLY	1, 436	436	mit	mit	0.97
GLY	1, 433	433	GLY	1, 436	436	mit	mit	1
LEU	1, 434	434	GLY	1, 436	436	mit	mit	1
ALA	1, 435	435	GLY	1, 436	436	mit	mit	1
THR	1, 371	371	MET	1, 437	437	mit	mit	0.99
TYR	1, 372	372	MET	1, 437	437	mit	mit	1
LEU	1, 432	432	MET	1, 437	437	mit	mit	1
GLY	1, 433	433	MET	1, 437	437	mit	mit	1
ALA	1, 435	435	MET	1, 437	437	mit	mit	0.99
GLY	1, 436	436	MET	1, 437	437	mit	mit	1
ASP	1, 370	370	PRO	1, 438	438	mit	mit	0.99
THR	1, 371	371	PRO	1, 438	438	mit	mit	1
TYR	1, 372	372	PRO	1, 438	438	mit	mit	0.67
GLY	1, 436	436	PRO	1, 438	438	mit	mit	0.99
MET	1, 437	437	PRO	1, 438	438	mit	mit	1
ASP	1, 370	370	ARG	1, 439	439	mit	mit	0.99
THR	1, 371	371	ARG	1, 439	439	mit	mit	0.99
TYR	1, 372	372	ARG	1, 439	439	mit	mit	0.99
VAL	1, 374	374	ARG	1, 439	439	mit	mit	0.91
VAL	1, 375	375	ARG	1, 439	439	mit	mit	0.98
PRO	1, 438	438	ARG	1, 439	439	mit	mit	1
ASN	1, 56	56	ARG	1, 440	440	mit	mit	0.95
VAL	1, 59	59	ARG	1, 440	440	mit	mit	0.97
GLY	1, 126	126	ARG	1, 440	440	mit	mit	0.89
PRO	1, 438	438	ARG	1, 440	440	mit	mit	0.92
ARG	1, 439	439	ARG	1, 440	440	mit	mit	1
ASP	1, 52	52	TYR	1, 441	441	mit	mit	0.68
MET	1, 437	437	TYR	1, 441	441	mit	mit	0.91
PRO	1, 438	438	TYR	1, 441	441	mit	mit	0.99
ARG	1, 439	439	TYR	1, 441	441	mit	mit	0.98
ARG	1, 440	440	TYR	1, 441	441	mit	mit	1
GLU	1, 41	41	SER	1, 442	442	mit	mit	0.98
LEU	1, 42	42	SER	1, 442	442	mit	mit	0.67
THR	1, 47	47	SER	1, 442	442	mit	mit	0.95
LEU	1, 49	49	SER	1, 442	442	mit	mit	0.79
GLY	1, 50	50	SER	1, 442	442	mit	mit	0.77
ASP	1, 51	51	SER	1, 442	442	mit	mit	0.69
ASP	1, 52	52	SER	1, 442	442	mit	mit	0.98
TYR	1, 55	55	SER	1, 442	442	mit	mit	0.99
TYR	1, 441	441	SER	1, 442	442	mit	mit	1
PRO	1, 45	45	ASP	1, 443	443	mit	mit	0.91
GLY	1, 46	46	ASP	1, 443	443	mit	mit	0.99
THR	1, 47	47	ASP	1, 443	443	mit	mit	0.98
TYR	1, 441	441	ASP	1, 443	443	mit	mit	0.98
SER	1, 442	442	ASP	1, 443	443	mit	mit	1
LEU	1, 42	42	TYR	1, 444	444	mit	mit	0.93
PRO	1, 45	45	TYR	1, 444	444	mit	mit	0.95
MET	1, 437	437	TYR	1, 444	444	mit	mit	0.98
TYR	1, 441	441	TYR	1, 444	444	mit	mit	0.99
ASP	1, 443	443	TYR	1, 444	444	mit	mit	1
TYR	1, 444	444	PRO	1, 445	445	mit	mit	1
PRO	1, 45	45	ASP	1, 446	446	mit	mit	0.97
PRO	1, 445	445	ASP	1, 446	446	mit	mit	1
ALA	1, 435	435	ALA	1, 447	447	mit	mit	0.79
PRO	1, 445	445	ALA	1, 447	447	mit	mit	1
ASP	1, 446	446	ALA	1, 447	447	mit	mit	1
LEU	1, 432	432	TYR	1, 448	448	mit	mit	0.99
ALA	1, 435	435	TYR	1, 448	448	mit	mit	0.96
MET	1, 437	437	TYR	1, 448	448	mit	mit	0.99
TYR	1, 444	444	TYR	1, 448	448	mit	mit	0.99
PRO	1, 445	445	TYR	1, 448	448	mit	mit	0.99
ASP	1, 446	446	TYR	1, 448	448	mit	mit	0.94
ALA	1, 447	447	TYR	1, 448	448	mit	mit	1
PRO	1, 45	45	THR	1, 449	449	mit	mit	0.99
TYR	1, 444	444	THR	1, 449	449	mit	mit	0.79
ASP	1, 446	446	THR	1, 449	449	mit	mit	0.99
ALA	1, 447	447	THR	1, 449	449	mit	mit	0.98
TYR	1, 448	448	THR	1, 449	449	mit	mit	1
TYR	1, 448	448	LEU	1, 450	450	mit	mit	0.92
THR	1, 449	449	LEU	1, 450	450	mit	mit	1
PRO	1, 428	428	TRP	1, 451	451	mit	mit	1
GLN	1, 429	429	TRP	1, 451	451	mit	mit	0.91
PHE	1, 431	431	TRP	1, 451	451	mit	mit	0.99
LEU	1, 432	432	TRP	1, 451	451	mit	mit	1
TYR	1, 448	448	TRP	1, 451	451	mit	mit	0.99
THR	1, 449	449	TRP	1, 451	451	mit	mit	0.7
LEU	1, 450	450	TRP	1, 451	451	mit	mit	1
LEU	1, 42	42	ASN	1, 452	452	mit	mit	1
GLY	1, 43	43	ASN	1, 452	452	mit	mit	0.99
PRO	1, 428	428	ASN	1, 452	452	mit	mit	0.55
LEU	1, 432	432	ASN	1, 452	452	mit	mit	0.97
TYR	1, 444	444	ASN	1, 452	452	mit	mit	0.98
TYR	1, 448	448	ASN	1, 452	452	mit	mit	0.99
THR	1, 449	449	ASN	1, 452	452	mit	mit	1
LEU	1, 450	450	ASN	1, 452	452	mit	mit	0.99
TRP	1, 451	451	ASN	1, 452	452	mit	mit	1
GLY	1, 43	43	THR	1, 453	453	mit	mit	1
GLN	1, 44	44	THR	1, 453	453	mit	mit	0.78
THR	1, 449	449	THR	1, 453	453	mit	mit	1
LEU	1, 450	450	THR	1, 453	453	mit	mit	1
TRP	1, 451	451	THR	1, 453	453	mit	mit	0.99
ASN	1, 452	452	THR	1, 453	453	mit	mit	1
LEU	1, 424	424	LEU	1, 454	454	mit	mit	0.99
PRO	1, 428	428	LEU	1, 454	454	mit	mit	1
LEU	1, 450	450	LEU	1, 454	454	mit	mit	0.99
TRP	1, 451	451	LEU	1, 454	454	mit	mit	1
ASN	1, 452	452	LEU	1, 454	454	mit	mit	0.99
THR	1, 453	453	LEU	1, 454	454	mit	mit	1
ARG	1, 39	39	SER	1, 455	455	mit	mit	0.97
LEU	1, 42	42	SER	1, 455	455	mit	mit	0.85
GLY	1, 43	43	SER	1, 455	455	mit	mit	0.63
LEU	1, 424	424	SER	1, 455	455	mit	mit	0.87
THR	1, 425	425	SER	1, 455	455	mit	mit	1
PHE	1, 426	426	SER	1, 455	455	mit	mit	0.85
PRO	1, 428	428	SER	1, 455	455	mit	mit	1
GLN	1, 429	429	SER	1, 455	455	mit	mit	0.99
LEU	1, 432	432	SER	1, 455	455	mit	mit	0.63
TRP	1, 451	451	SER	1, 455	455	mit	mit	1
ASN	1, 452	452	SER	1, 455	455	mit	mit	1
THR	1, 453	453	SER	1, 455	455	mit	mit	1
LEU	1, 454	454	SER	1, 455	455	mit	mit	1
ARG	1, 39	39	SER	1, 456	456	mit	mit	1
ALA	1, 40	40	SER	1, 456	456	mit	mit	0.94
LEU	1, 42	42	SER	1, 456	456	mit	mit	0.98
GLY	1, 43	43	SER	1, 456	456	mit	mit	1
ASN	1, 452	452	SER	1, 456	456	mit	mit	0.99
THR	1, 453	453	SER	1, 456	456	mit	mit	1
LEU	1, 454	454	SER	1, 456	456	mit	mit	0.99
SER	1, 455	455	SER	1, 456	456	mit	mit	1
LEU	1, 424	424	ILE	1, 457	457	mit	mit	0.98
THR	1, 453	453	ILE	1, 457	457	mit	mit	0.99
LEU	1, 454	454	ILE	1, 457	457	mit	mit	1
SER	1, 455	455	ILE	1, 457	457	mit	mit	0.99
SER	1, 456	456	ILE	1, 457	457	mit	mit	1
GLY	1, 421	421	GLY	1, 458	458	mit	mit	1
VAL	1, 422	422	GLY	1, 458	458	mit	mit	0.63
LEU	1, 424	424	GLY	1, 458	458	mit	mit	1
THR	1, 425	425	GLY	1, 458	458	mit	mit	1
LEU	1, 454	454	GLY	1, 458	458	mit	mit	0.95
SER	1, 455	455	GLY	1, 458	458	mit	mit	1
SER	1, 456	456	GLY	1, 458	458	mit	mit	1
ILE	1, 457	457	GLY	1, 458	458	mit	mit	1
SER	1, 35	35	SER	1, 459	459	mit	mit	0.99
LEU	1, 36	36	SER	1, 459	459	mit	mit	0.99
ARG	1, 39	39	SER	1, 459	459	mit	mit	1
GLY	1, 421	421	SER	1, 459	459	mit	mit	0.64
THR	1, 425	425	SER	1, 459	459	mit	mit	1
SER	1, 455	455	SER	1, 459	459	mit	mit	0.98
SER	1, 456	456	SER	1, 459	459	mit	mit	1
ILE	1, 457	457	SER	1, 459	459	mit	mit	0.99
GLY	1, 458	458	SER	1, 459	459	mit	mit	1
LEU	1, 36	36	LEU	1, 460	460	mit	mit	0.75
ARG	1, 39	39	LEU	1, 460	460	mit	mit	0.56
SER	1, 456	456	LEU	1, 460	460	mit	mit	0.97
ILE	1, 457	457	LEU	1, 460	460	mit	mit	1
GLY	1, 458	458	LEU	1, 460	460	mit	mit	1
SER	1, 459	459	LEU	1, 460	460	mit	mit	1
VAL	1, 417	417	ILE	1, 461	461	mit	mit	0.99
THR	1, 420	420	ILE	1, 461	461	mit	mit	0.99
GLY	1, 421	421	ILE	1, 461	461	mit	mit	1
LEU	1, 424	424	ILE	1, 461	461	mit	mit	0.98
THR	1, 425	425	ILE	1, 461	461	mit	mit	0.64
ILE	1, 457	457	ILE	1, 461	461	mit	mit	0.98
GLY	1, 458	458	ILE	1, 461	461	mit	mit	1
SER	1, 459	459	ILE	1, 461	461	mit	mit	1
LEU	1, 460	460	ILE	1, 461	461	mit	mit	1
THR	1, 32	32	SER	1, 462	462	mit	mit	0.66
MET	1, 418	418	SER	1, 462	462	mit	mit	0.99
GLY	1, 421	421	SER	1, 462	462	mit	mit	1
VAL	1, 422	422	SER	1, 462	462	mit	mit	1
THR	1, 425	425	SER	1, 462	462	mit	mit	0.99
GLY	1, 458	458	SER	1, 462	462	mit	mit	1
SER	1, 459	459	SER	1, 462	462	mit	mit	1
LEU	1, 460	460	SER	1, 462	462	mit	mit	0.99
ILE	1, 461	461	SER	1, 462	462	mit	mit	1
THR	1, 32	32	MET	1, 463	463	mit	mit	0.99
LEU	1, 36	36	MET	1, 463	463	mit	mit	1
SER	1, 459	459	MET	1, 463	463	mit	mit	0.99
LEU	1, 460	460	MET	1, 463	463	mit	mit	1
ILE	1, 461	461	MET	1, 463	463	mit	mit	1
SER	1, 462	462	MET	1, 463	463	mit	mit	1
VAL	1, 417	417	THR	1, 464	464	mit	mit	0.99
LEU	1, 460	460	THR	1, 464	464	mit	mit	0.98
ILE	1, 461	461	THR	1, 464	464	mit	mit	1
SER	1, 462	462	THR	1, 464	464	mit	mit	1
MET	1, 463	463	THR	1, 464	464	mit	mit	1
HIS	1, 414	414	ALA	1, 465	465	mit	mit	1
GLY	1, 416	416	ALA	1, 465	465	mit	mit	0.53
VAL	1, 417	417	ALA	1, 465	465	mit	mit	1
MET	1, 418	418	ALA	1, 465	465	mit	mit	1
GLY	1, 421	421	ALA	1, 465	465	mit	mit	0.96
ILE	1, 461	461	ALA	1, 465	465	mit	mit	0.99
SER	1, 462	462	ALA	1, 465	465	mit	mit	1
MET	1, 463	463	ALA	1, 465	465	mit	mit	1
THR	1, 464	464	ALA	1, 465	465	mit	mit	1
MET	1, 29	29	VAL	1, 466	466	mit	mit	0.88
THR	1, 32	32	VAL	1, 466	466	mit	mit	1
SER	1, 462	462	VAL	1, 466	466	mit	mit	0.99
MET	1, 463	463	VAL	1, 466	466	mit	mit	1
THR	1, 464	464	VAL	1, 466	466	mit	mit	0.99
ALA	1, 465	465	VAL	1, 466	466	mit	mit	1
MET	1, 463	463	ILE	1, 467	467	mit	mit	0.99
THR	1, 464	464	ILE	1, 467	467	mit	mit	1
ALA	1, 465	465	ILE	1, 467	467	mit	mit	0.99
VAL	1, 466	466	ILE	1, 467	467	mit	mit	1
TRP	1, 410	410	MET	1, 468	468	mit	mit	0.8
ALA	1, 413	413	MET	1, 468	468	mit	mit	0.87
HIS	1, 414	414	MET	1, 468	468	mit	mit	1
VAL	1, 417	417	MET	1, 468	468	mit	mit	0.97
THR	1, 464	464	MET	1, 468	468	mit	mit	1
ALA	1, 465	465	MET	1, 468	468	mit	mit	1
VAL	1, 466	466	MET	1, 468	468	mit	mit	1
ILE	1, 467	467	MET	1, 468	468	mit	mit	1
HIS	1, 414	414	LEU	1, 469	469	mit	mit	0.99
ALA	1, 465	465	LEU	1, 469	469	mit	mit	0.99
VAL	1, 466	466	LEU	1, 469	469	mit	mit	1
ILE	1, 467	467	LEU	1, 469	469	mit	mit	1
MET	1, 468	468	LEU	1, 469	469	mit	mit	1
VAL	1, 466	466	MET	1, 470	470	mit	mit	0.96
ILE	1, 467	467	MET	1, 470	470	mit	mit	1
MET	1, 468	468	MET	1, 470	470	mit	mit	0.99
LEU	1, 469	469	MET	1, 470	470	mit	mit	1
TRP	1, 410	410	PHE	1, 471	471	mit	mit	0.56
ILE	1, 467	467	PHE	1, 471	471	mit	mit	0.99
MET	1, 468	468	PHE	1, 471	471	mit	mit	1
LEU	1, 469	469	PHE	1, 471	471	mit	mit	1
MET	1, 470	470	PHE	1, 471	471	mit	mit	1
LEU	1, 406	406	ILE	1, 472	472	mit	mit	0.99
HIS	1, 407	407	ILE	1, 472	472	mit	mit	0.97
TRP	1, 410	410	ILE	1, 472	472	mit	mit	1
THR	1, 411	411	ILE	1, 472	472	mit	mit	0.99
HIS	1, 414	414	ILE	1, 472	472	mit	mit	0.99
MET	1, 468	468	ILE	1, 472	472	mit	mit	1
LEU	1, 469	469	ILE	1, 472	472	mit	mit	1
MET	1, 470	470	ILE	1, 472	472	mit	mit	0.99
PHE	1, 471	471	ILE	1, 472	472	mit	mit	1
LEU	1, 406	406	VAL	1, 473	473	mit	mit	0.55
LEU	1, 469	469	VAL	1, 473	473	mit	mit	1
MET	1, 470	470	VAL	1, 473	473	mit	mit	1
PHE	1, 471	471	VAL	1, 473	473	mit	mit	0.99
ILE	1, 472	472	VAL	1, 473	473	mit	mit	1
MET	1, 470	470	TRP	1, 474	474	mit	mit	1
PHE	1, 471	471	TRP	1, 474	474	mit	mit	1
ILE	1, 472	472	TRP	1, 474	474	mit	mit	0.99
VAL	1, 473	473	TRP	1, 474	474	mit	mit	1
HIS	1, 407	407	GLU	1, 475	475	mit	mit	0.98
TRP	1, 410	410	GLU	1, 475	475	mit	mit	0.96
PHE	1, 471	471	GLU	1, 475	475	mit	mit	1
ILE	1, 472	472	GLU	1, 475	475	mit	mit	1
VAL	1, 473	473	GLU	1, 475	475	mit	mit	0.99
TRP	1, 474	474	GLU	1, 475	475	mit	mit	1
PHE	1, 398	398	ALA	1, 476	476	mit	mit	0.85
THR	1, 402	402	ALA	1, 476	476	mit	mit	0.81
PHE	1, 404	404	ALA	1, 476	476	mit	mit	1
THR	1, 405	405	ALA	1, 476	476	mit	mit	0.98
LEU	1, 406	406	ALA	1, 476	476	mit	mit	1
HIS	1, 407	407	ALA	1, 476	476	mit	mit	0.95
ILE	1, 472	472	ALA	1, 476	476	mit	mit	1
VAL	1, 473	473	ALA	1, 476	476	mit	mit	1
TRP	1, 474	474	ALA	1, 476	476	mit	mit	1
GLU	1, 475	475	ALA	1, 476	476	mit	mit	1
THR	1, 402	402	PHE	1, 477	477	mit	mit	0.82
PHE	1, 404	404	PHE	1, 477	477	mit	mit	0.99
VAL	1, 473	473	PHE	1, 477	477	mit	mit	0.99
TRP	1, 474	474	PHE	1, 477	477	mit	mit	1
GLU	1, 475	475	PHE	1, 477	477	mit	mit	0.97
ALA	1, 476	476	PHE	1, 477	477	mit	mit	1
TRP	1, 474	474	SER	1, 478	478	mit	mit	0.99
GLU	1, 475	475	SER	1, 478	478	mit	mit	1
ALA	1, 476	476	SER	1, 478	478	mit	mit	0.98
PHE	1, 477	477	SER	1, 478	478	mit	mit	1
PHE	1, 404	404	ALA	1, 479	479	mit	mit	0.65
HIS	1, 407	407	ALA	1, 479	479	mit	mit	0.76
GLU	1, 475	475	ALA	1, 479	479	mit	mit	0.99
ALA	1, 476	476	ALA	1, 479	479	mit	mit	0.99
PHE	1, 477	477	ALA	1, 479	479	mit	mit	0.77
SER	1, 478	478	ALA	1, 479	479	mit	mit	1
PHE	1, 404	404	LYS	1, 480	480	mit	mit	0.98
PHE	1, 477	477	LYS	1, 480	480	mit	mit	0.91
SER	1, 478	478	LYS	1, 480	480	mit	mit	0.98
ALA	1, 479	479	LYS	1, 480	480	mit	mit	1
PHE	1, 404	404	ARG	1, 481	481	mit	mit	0.99
THR	1, 405	405	ARG	1, 481	481	mit	mit	1
ALA	1, 476	476	ARG	1, 481	481	mit	mit	0.88
ALA	1, 479	479	ARG	1, 481	481	mit	mit	1
LYS	1, 480	480	ARG	1, 481	481	mit	mit	1
GLY	1, 403	403	LYS	1, 482	482	mit	mit	0.97
PHE	1, 404	404	LYS	1, 482	482	mit	mit	0.96
THR	1, 405	405	LYS	1, 482	482	mit	mit	0.58
LYS	1, 480	480	LYS	1, 482	482	mit	mit	0.98
ARG	1, 481	481	LYS	1, 482	482	mit	mit	1
PRO	1, 399	399	VAL	1, 483	483	mit	mit	0.98
GLY	1, 403	403	VAL	1, 483	483	mit	mit	0.98
PHE	1, 404	404	VAL	1, 483	483	mit	mit	0.83
THR	1, 405	405	VAL	1, 483	483	mit	mit	0.98
ARG	1, 481	481	VAL	1, 483	483	mit	mit	0.56
LYS	1, 482	482	VAL	1, 483	483	mit	mit	1
LYS	1, 482	482	LEU	1, 484	484	mit	mit	0.96
VAL	1, 483	483	LEU	1, 484	484	mit	mit	1
VAL	1, 483	483	GLN	1, 485	485	mit	mit	0.87
LEU	1, 484	484	GLN	1, 485	485	mit	mit	1
VAL	1, 483	483	PRO	1, 486	486	mit	mit	0.86
GLN	1, 485	485	PRO	1, 486	486	mit	mit	1
GLN	1, 485	485	GLU	1, 487	487	mit	mit	0.91
PRO	1, 486	486	GLU	1, 487	487	mit	mit	1
TYR	1, 261	261	LEU	1, 488	488	mit	mit	0.93
GLY	1, 264	264	LEU	1, 488	488	mit	mit	0.87
PRO	1, 486	486	LEU	1, 488	488	mit	mit	0.58
GLU	1, 487	487	LEU	1, 488	488	mit	mit	1
PRO	1, 486	486	THR	1, 489	489	mit	mit	0.96
GLU	1, 487	487	THR	1, 489	489	mit	mit	0.93
LEU	1, 488	488	THR	1, 489	489	mit	mit	1
LEU	1, 488	488	ALA	1, 490	490	mit	mit	0.99
THR	1, 489	489	ALA	1, 490	490	mit	mit	1
LYS	1, 266	266	THR	1, 491	491	mit	mit	0.99
GLU	1, 267	267	THR	1, 491	491	mit	mit	0.84
LEU	1, 488	488	THR	1, 491	491	mit	mit	0.97
THR	1, 489	489	THR	1, 491	491	mit	mit	0.64
ALA	1, 490	490	THR	1, 491	491	mit	mit	1
HIS	1, 257	257	ASN	1, 492	492	mit	mit	0.66
TYR	1, 261	261	ASN	1, 492	492	mit	mit	0.97
LEU	1, 488	488	ASN	1, 492	492	mit	mit	0.96
THR	1, 489	489	ASN	1, 492	492	mit	mit	0.98
ALA	1, 490	490	ASN	1, 492	492	mit	mit	0.73
THR	1, 491	491	ASN	1, 492	492	mit	mit	1
LEU	1, 86	86	ILE	1, 493	493	mit	mit	0.96
MET	1, 87	87	ILE	1, 493	493	mit	mit	0.99
GLY	1, 89	89	ILE	1, 493	493	mit	mit	0.93
THR	1, 489	489	ILE	1, 493	493	mit	mit	0.52
ASN	1, 492	492	ILE	1, 493	493	mit	mit	1
LEU	1, 83	83	GLU	1, 494	494	mit	mit	0.98
LEU	1, 86	86	GLU	1, 494	494	mit	mit	0.99
MET	1, 87	87	GLU	1, 494	494	mit	mit	0.99
TRP	1, 397	397	GLU	1, 494	494	mit	mit	0.68
LEU	1, 400	400	GLU	1, 494	494	mit	mit	0.98
ASN	1, 492	492	GLU	1, 494	494	mit	mit	1
ILE	1, 493	493	GLU	1, 494	494	mit	mit	1
LEU	1, 400	400	TRP	1, 495	495	mit	mit	0.98
PRO	1, 486	486	TRP	1, 495	495	mit	mit	0.98
LEU	1, 488	488	TRP	1, 495	495	mit	mit	0.61
THR	1, 489	489	TRP	1, 495	495	mit	mit	0.98
ASN	1, 492	492	TRP	1, 495	495	mit	mit	0.99
ILE	1, 493	493	TRP	1, 495	495	mit	mit	0.96
GLU	1, 494	494	TRP	1, 495	495	mit	mit	1
THR	1, 489	489	ILE	1, 496	496	mit	mit	0.97
ILE	1, 493	493	ILE	1, 496	496	mit	mit	0.99
GLU	1, 494	494	ILE	1, 496	496	mit	mit	0.95
TRP	1, 495	495	ILE	1, 496	496	mit	mit	1
LEU	1, 86	86	HIS	1, 497	497	mit	mit	0.73
TRP	1, 495	495	HIS	1, 497	497	mit	mit	0.79
ILE	1, 496	496	HIS	1, 497	497	mit	mit	1
VAL	1, 483	483	GLY	1, 498	498	mit	mit	0.55
PRO	1, 486	486	GLY	1, 498	498	mit	mit	0.88
TRP	1, 495	495	GLY	1, 498	498	mit	mit	0.96
ILE	1, 496	496	GLY	1, 498	498	mit	mit	0.98
HIS	1, 497	497	GLY	1, 498	498	mit	mit	1
PRO	1, 399	399	CYS	1, 499	499	mit	mit	0.98
LEU	1, 400	400	CYS	1, 499	499	mit	mit	0.99
GLY	1, 403	403	CYS	1, 499	499	mit	mit	0.99
VAL	1, 483	483	CYS	1, 499	499	mit	mit	0.97
PRO	1, 486	486	CYS	1, 499	499	mit	mit	0.88
TRP	1, 495	495	CYS	1, 499	499	mit	mit	0.87
GLY	1, 498	498	CYS	1, 499	499	mit	mit	1
LEU	1, 400	400	PRO	1, 500	500	mit	mit	0.92
PHE	1, 401	401	PRO	1, 500	500	mit	mit	0.92
THR	1, 402	402	PRO	1, 500	500	mit	mit	0.97
GLY	1, 403	403	PRO	1, 500	500	mit	mit	1
GLY	1, 498	498	PRO	1, 500	500	mit	mit	0.98
CYS	1, 499	499	PRO	1, 500	500	mit	mit	1
LYS	1, 14	14	PRO	1, 501	501	mit	mit	0.96
LEU	1, 86	86	PRO	1, 501	501	mit	mit	0.95
LEU	1, 400	400	PRO	1, 501	501	mit	mit	0.86
HIS	1, 497	497	PRO	1, 501	501	mit	mit	0.99
GLY	1, 498	498	PRO	1, 501	501	mit	mit	0.99
CYS	1, 499	499	PRO	1, 501	501	mit	mit	0.91
PRO	1, 500	500	PRO	1, 501	501	mit	mit	1
HIS	1, 497	497	PRO	1, 502	502	mit	mit	0.96
PRO	1, 500	500	PRO	1, 502	502	mit	mit	0.62
PRO	1, 501	501	PRO	1, 502	502	mit	mit	1
ASN	1, 12	12	TYR	1, 503	503	mit	mit	0.98
LYS	1, 14	14	TYR	1, 503	503	mit	mit	0.89
PRO	1, 502	502	TYR	1, 503	503	mit	mit	1
PRO	1, 91	91	HIS	1, 504	504	mit	mit	0.82
PRO	1, 502	502	HIS	1, 504	504	mit	mit	0.99
TYR	1, 503	503	HIS	1, 504	504	mit	mit	1
PRO	1, 85	85	THR	1, 505	505	mit	mit	0.64
LEU	1, 86	86	THR	1, 505	505	mit	mit	0.95
PRO	1, 91	91	THR	1, 505	505	mit	mit	0.97
HIS	1, 497	497	THR	1, 505	505	mit	mit	0.98
PRO	1, 501	501	THR	1, 505	505	mit	mit	0.99
PRO	1, 502	502	THR	1, 505	505	mit	mit	0.99
TYR	1, 503	503	THR	1, 505	505	mit	mit	0.56
HIS	1, 504	504	THR	1, 505	505	mit	mit	1
GLY	1, 89	89	PHE	1, 506	506	mit	mit	0.96
ALA	1, 90	90	PHE	1, 506	506	mit	mit	0.92
PRO	1, 91	91	PHE	1, 506	506	mit	mit	0.98
THR	1, 505	505	PHE	1, 506	506	mit	mit	1
PRO	1, 91	91	GLU	1, 507	507	mit	mit	0.9
HIS	1, 504	504	GLU	1, 507	507	mit	mit	0.98
THR	1, 505	505	GLU	1, 507	507	mit	mit	0.94
PHE	1, 506	506	GLU	1, 507	507	mit	mit	1
PHE	1, 506	506	GLU	1, 508	508	mit	mit	0.96
GLU	1, 507	507	GLU	1, 508	508	mit	mit	1
GLY	1, 89	89	PRO	1, 509	509	mit	mit	0.85
PRO	1, 91	91	PRO	1, 509	509	mit	mit	0.67
PRO	1, 174	174	PRO	1, 509	509	mit	mit	0.93
PHE	1, 506	506	PRO	1, 509	509	mit	mit	0.96
GLU	1, 508	508	PRO	1, 509	509	mit	mit	1
GLY	1, 89	89	ALA	1, 510	510	mit	mit	0.99
PRO	1, 174	174	ALA	1, 510	510	mit	mit	0.98
PHE	1, 506	506	ALA	1, 510	510	mit	mit	0.9
PRO	1, 509	509	ALA	1, 510	510	mit	mit	1
PRO	1, 509	509	PHE	1, 511	511	mit	mit	0.87
ALA	1, 510	510	PHE	1, 511	511	mit	mit	1
PRO	1, 174	174	VAL	1, 512	512	mit	mit	0.98
PRO	1, 175	175	VAL	1, 512	512	mit	mit	0.56
ALA	1, 176	176	VAL	1, 512	512	mit	mit	0.99
LEU	1, 177	177	VAL	1, 512	512	mit	mit	0.98
ALA	1, 510	510	VAL	1, 512	512	mit	mit	0.99
PHE	1, 511	511	VAL	1, 512	512	mit	mit	1
ALA	1, 176	176	GLN	1, 513	513	mit	mit	0.93
PHE	1, 511	511	GLN	1, 513	513	mit	mit	0.98
VAL	1, 512	512	GLN	1, 513	513	mit	mit	1
ALA	1, 176	176	VAL	1, 514	514	mit	mit	0.93
VAL	1, 512	512	VAL	1, 514	514	mit	mit	0.78
GLN	1, 513	513	VAL	1, 514	514	mit	mit	1
GLN	1, 513	513	GLN	1, 515	515	mit	mit	0.95
VAL	1, 514	514	GLN	1, 515	515	mit	mit	1
VAL	1, 514	514	GLU	1, 516	516	mit	mit	0.72
GLN	1, 515	515	GLU	1, 516	516	mit	mit	1
ALA	1, 447	447	MET	2, 1	517	mit	mit	0.78
ALA	1, 435	435	ALA	2, 2	518	mit	mit	0.96
GLY	1, 436	436	ALA	2, 2	518	mit	mit	0.89
PRO	1, 445	445	ALA	2, 2	518	mit	mit	0.79
ALA	1, 447	447	ALA	2, 2	518	mit	mit	0.98
TYR	1, 448	448	ALA	2, 2	518	mit	mit	0.83
MET	2, 1	517	ALA	2, 2	518	mit	mit	1
ALA	1, 447	447	ASN	2, 3	519	mit	mit	0.98
MET	2, 1	517	ASN	2, 3	519	mit	mit	0.77
ALA	2, 2	518	ASN	2, 3	519	mit	mit	1
ASP	1, 446	446	HIS	2, 4	520	mit	mit	0.69
ALA	1, 447	447	HIS	2, 4	520	mit	mit	0.98
THR	1, 449	449	HIS	2, 4	520	mit	mit	0.62
LEU	1, 450	450	HIS	2, 4	520	mit	mit	0.87
ASN	2, 3	519	HIS	2, 4	520	mit	mit	1
LEU	1, 450	450	SER	2, 5	521	mit	mit	0.96
TRP	1, 451	451	SER	2, 5	521	mit	mit	0.55
ASN	2, 3	519	SER	2, 5	521	mit	mit	0.92
HIS	2, 4	520	SER	2, 5	521	mit	mit	1
PHE	1, 431	431	GLN	2, 6	522	mit	mit	0.84
ALA	1, 435	435	GLN	2, 6	522	mit	mit	0.98
ALA	1, 447	447	GLN	2, 6	522	mit	mit	0.82
ALA	2, 2	518	GLN	2, 6	522	mit	mit	0.92
ASN	2, 3	519	GLN	2, 6	522	mit	mit	0.99
HIS	2, 4	520	GLN	2, 6	522	mit	mit	0.94
SER	2, 5	521	GLN	2, 6	522	mit	mit	1
PHE	1, 431	431	LEU	2, 7	523	mit	mit	0.98
LEU	1, 434	434	LEU	2, 7	523	mit	mit	0.87
ALA	1, 435	435	LEU	2, 7	523	mit	mit	0.6
SER	2, 5	521	LEU	2, 7	523	mit	mit	0.78
GLN	2, 6	522	LEU	2, 7	523	mit	mit	1
PHE	1, 431	431	GLY	2, 8	524	mit	mit	0.94
LEU	1, 434	434	GLY	2, 8	524	mit	mit	1
ALA	1, 435	435	GLY	2, 8	524	mit	mit	0.98
GLN	2, 6	522	GLY	2, 8	524	mit	mit	1
LEU	2, 7	523	GLY	2, 8	524	mit	mit	1
ALA	1, 367	367	PHE	2, 9	525	mit	mit	0.82
LEU	1, 434	434	PHE	2, 9	525	mit	mit	0.99
ALA	1, 435	435	PHE	2, 9	525	mit	mit	0.83
GLY	2, 8	524	PHE	2, 9	525	mit	mit	1
ALA	1, 435	435	GLN	2, 10	526	mit	mit	0.95
GLY	1, 436	436	GLN	2, 10	526	mit	mit	0.87
MET	2, 1	517	GLN	2, 10	526	mit	mit	0.85
ALA	2, 2	518	GLN	2, 10	526	mit	mit	0.96
GLN	2, 6	522	GLN	2, 10	526	mit	mit	0.72
GLY	2, 8	524	GLN	2, 10	526	mit	mit	0.74
PHE	2, 9	525	GLN	2, 10	526	mit	mit	1
PHE	2, 9	525	ASP	2, 11	527	mit	mit	0.77
GLN	2, 10	526	ASP	2, 11	527	mit	mit	1
PHE	2, 9	525	ALA	2, 12	528	mit	mit	0.74
GLN	2, 10	526	ALA	2, 12	528	mit	mit	0.76
ASP	2, 11	527	ALA	2, 12	528	mit	mit	1
ASP	2, 11	527	SER	2, 13	529	mit	mit	0.98
ALA	2, 12	528	SER	2, 13	529	mit	mit	1
ALA	2, 12	528	SER	2, 14	530	mit	mit	0.99
SER	2, 13	529	SER	2, 14	530	mit	mit	1
SER	2, 14	530	PRO	2, 15	531	mit	mit	1
SER	2, 14	530	ILE	2, 16	532	mit	mit	1
PRO	2, 15	531	ILE	2, 16	532	mit	mit	1
ALA	1, 367	367	MET	2, 17	533	mit	mit	0.7
PHE	2, 9	525	MET	2, 17	533	mit	mit	0.51
ALA	2, 12	528	MET	2, 17	533	mit	mit	1
SER	2, 13	529	MET	2, 17	533	mit	mit	0.98
SER	2, 14	530	MET	2, 17	533	mit	mit	1
PRO	2, 15	531	MET	2, 17	533	mit	mit	0.98
ILE	2, 16	532	MET	2, 17	533	mit	mit	1
ALA	2, 12	528	GLU	2, 18	534	mit	mit	0.99
SER	2, 14	530	GLU	2, 18	534	mit	mit	0.95
PRO	2, 15	531	GLU	2, 18	534	mit	mit	1
ILE	2, 16	532	GLU	2, 18	534	mit	mit	0.99
MET	2, 17	533	GLU	2, 18	534	mit	mit	1
PRO	2, 15	531	GLU	2, 19	535	mit	mit	0.98
ILE	2, 16	532	GLU	2, 19	535	mit	mit	1
MET	2, 17	533	GLU	2, 19	535	mit	mit	0.99
GLU	2, 18	534	GLU	2, 19	535	mit	mit	1
SER	1, 363	363	LEU	2, 20	536	mit	mit	0.98
LEU	1, 364	364	LEU	2, 20	536	mit	mit	0.98
ILE	1, 366	366	LEU	2, 20	536	mit	mit	0.56
ALA	1, 367	367	LEU	2, 20	536	mit	mit	0.98
PHE	2, 9	525	LEU	2, 20	536	mit	mit	0.54
ALA	2, 12	528	LEU	2, 20	536	mit	mit	0.69
ILE	2, 16	532	LEU	2, 20	536	mit	mit	0.99
MET	2, 17	533	LEU	2, 20	536	mit	mit	1
GLU	2, 18	534	LEU	2, 20	536	mit	mit	0.99
GLU	2, 19	535	LEU	2, 20	536	mit	mit	1
PHE	2, 9	525	VAL	2, 21	537	mit	mit	0.99
ALA	2, 12	528	VAL	2, 21	537	mit	mit	0.98
MET	2, 17	533	VAL	2, 21	537	mit	mit	0.99
GLU	2, 18	534	VAL	2, 21	537	mit	mit	1
GLU	2, 19	535	VAL	2, 21	537	mit	mit	0.98
LEU	2, 20	536	VAL	2, 21	537	mit	mit	1
GLU	2, 18	534	GLU	2, 22	538	mit	mit	0.99
GLU	2, 19	535	GLU	2, 22	538	mit	mit	1
LEU	2, 20	536	GLU	2, 22	538	mit	mit	0.99
VAL	2, 21	537	GLU	2, 22	538	mit	mit	1
ASN	1, 361	361	PHE	2, 23	539	mit	mit	0.73
SER	1, 363	363	PHE	2, 23	539	mit	mit	0.94
LEU	1, 364	364	PHE	2, 23	539	mit	mit	0.97
GLU	2, 19	535	PHE	2, 23	539	mit	mit	1
LEU	2, 20	536	PHE	2, 23	539	mit	mit	1
VAL	2, 21	537	PHE	2, 23	539	mit	mit	0.99
GLU	2, 22	538	PHE	2, 23	539	mit	mit	1
VAL	1, 358	358	HIS	2, 24	540	mit	mit	0.83
LEU	1, 364	364	HIS	2, 24	540	mit	mit	0.98
PHE	2, 9	525	HIS	2, 24	540	mit	mit	0.95
LEU	2, 20	536	HIS	2, 24	540	mit	mit	1
VAL	2, 21	537	HIS	2, 24	540	mit	mit	1
GLU	2, 22	538	HIS	2, 24	540	mit	mit	0.99
PHE	2, 23	539	HIS	2, 24	540	mit	mit	1
VAL	2, 21	537	ASP	2, 25	541	mit	mit	0.99
GLU	2, 22	538	ASP	2, 25	541	mit	mit	1
PHE	2, 23	539	ASP	2, 25	541	mit	mit	0.99
HIS	2, 24	540	ASP	2, 25	541	mit	mit	1
GLU	2, 22	538	HIS	2, 26	542	mit	mit	0.99
PHE	2, 23	539	HIS	2, 26	542	mit	mit	1
HIS	2, 24	540	HIS	2, 26	542	mit	mit	0.99
ASP	2, 25	541	HIS	2, 26	542	mit	mit	1
ILE	1, 357	357	ALA	2, 27	543	mit	mit	0.72
VAL	1, 358	358	ALA	2, 27	543	mit	mit	1
ASN	1, 361	361	ALA	2, 27	543	mit	mit	0.89
LEU	1, 364	364	ALA	2, 27	543	mit	mit	0.88
PHE	2, 23	539	ALA	2, 27	543	mit	mit	1
HIS	2, 24	540	ALA	2, 27	543	mit	mit	1
ASP	2, 25	541	ALA	2, 27	543	mit	mit	0.99
HIS	2, 26	542	ALA	2, 27	543	mit	mit	1
VAL	1, 358	358	LEU	2, 28	544	mit	mit	0.81
HIS	2, 24	540	LEU	2, 28	544	mit	mit	1
ASP	2, 25	541	LEU	2, 28	544	mit	mit	1
HIS	2, 26	542	LEU	2, 28	544	mit	mit	0.98
ALA	2, 27	543	LEU	2, 28	544	mit	mit	1
ASP	2, 25	541	MET	2, 29	545	mit	mit	0.99
HIS	2, 26	542	MET	2, 29	545	mit	mit	1
ALA	2, 27	543	MET	2, 29	545	mit	mit	1
LEU	2, 28	544	MET	2, 29	545	mit	mit	1
HIS	2, 26	542	VAL	2, 30	546	mit	mit	0.98
ALA	2, 27	543	VAL	2, 30	546	mit	mit	1
LEU	2, 28	544	VAL	2, 30	546	mit	mit	0.99
MET	2, 29	545	VAL	2, 30	546	mit	mit	1
LEU	1, 354	354	ALA	2, 31	547	mit	mit	1
THR	1, 355	355	ALA	2, 31	547	mit	mit	0.78
ILE	1, 357	357	ALA	2, 31	547	mit	mit	0.8
VAL	1, 358	358	ALA	2, 31	547	mit	mit	0.96
ALA	2, 27	543	ALA	2, 31	547	mit	mit	1
LEU	2, 28	544	ALA	2, 31	547	mit	mit	1
MET	2, 29	545	ALA	2, 31	547	mit	mit	0.99
VAL	2, 30	546	ALA	2, 31	547	mit	mit	1
LEU	2, 28	544	LEU	2, 32	548	mit	mit	1
MET	2, 29	545	LEU	2, 32	548	mit	mit	1
VAL	2, 30	546	LEU	2, 32	548	mit	mit	0.99
ALA	2, 31	547	LEU	2, 32	548	mit	mit	1
MET	2, 29	545	ALA	2, 33	549	mit	mit	1
VAL	2, 30	546	ALA	2, 33	549	mit	mit	1
ALA	2, 31	547	ALA	2, 33	549	mit	mit	1
LEU	2, 32	548	ALA	2, 33	549	mit	mit	1
THR	1, 350	350	ILE	2, 34	550	mit	mit	0.78
LEU	1, 354	354	ILE	2, 34	550	mit	mit	0.99
VAL	2, 30	546	ILE	2, 34	550	mit	mit	1
ALA	2, 31	547	ILE	2, 34	550	mit	mit	1
LEU	2, 32	548	ILE	2, 34	550	mit	mit	0.98
ALA	2, 33	549	ILE	2, 34	550	mit	mit	1
THR	1, 350	350	CYS	2, 35	551	mit	mit	0.98
ILE	1, 351	351	CYS	2, 35	551	mit	mit	0.98
LEU	1, 354	354	CYS	2, 35	551	mit	mit	0.97
ALA	2, 31	547	CYS	2, 35	551	mit	mit	1
LEU	2, 32	548	CYS	2, 35	551	mit	mit	1
ALA	2, 33	549	CYS	2, 35	551	mit	mit	0.98
ILE	2, 34	550	CYS	2, 35	551	mit	mit	1
LEU	2, 32	548	SER	2, 36	552	mit	mit	1
ALA	2, 33	549	SER	2, 36	552	mit	mit	1
ILE	2, 34	550	SER	2, 36	552	mit	mit	0.98
CYS	2, 35	551	SER	2, 36	552	mit	mit	1
ALA	2, 33	549	LEU	2, 37	553	mit	mit	0.99
ILE	2, 34	550	LEU	2, 37	553	mit	mit	1
CYS	2, 35	551	LEU	2, 37	553	mit	mit	1
SER	2, 36	552	LEU	2, 37	553	mit	mit	1
VAL	1, 321	321	VAL	2, 38	554	mit	mit	0.92
LEU	1, 325	325	VAL	2, 38	554	mit	mit	0.86
ILE	1, 346	346	VAL	2, 38	554	mit	mit	0.6
PHE	1, 347	347	VAL	2, 38	554	mit	mit	0.91
THR	1, 350	350	VAL	2, 38	554	mit	mit	1
ILE	2, 34	550	VAL	2, 38	554	mit	mit	1
CYS	2, 35	551	VAL	2, 38	554	mit	mit	1
SER	2, 36	552	VAL	2, 38	554	mit	mit	0.98
LEU	2, 37	553	VAL	2, 38	554	mit	mit	1
PHE	1, 347	347	LEU	2, 39	555	mit	mit	0.96
CYS	2, 35	551	LEU	2, 39	555	mit	mit	1
SER	2, 36	552	LEU	2, 39	555	mit	mit	1
LEU	2, 37	553	LEU	2, 39	555	mit	mit	0.99
VAL	2, 38	554	LEU	2, 39	555	mit	mit	1
SER	2, 36	552	TYR	2, 40	556	mit	mit	1
LEU	2, 37	553	TYR	2, 40	556	mit	mit	1
VAL	2, 38	554	TYR	2, 40	556	mit	mit	0.99
LEU	2, 39	555	TYR	2, 40	556	mit	mit	1
LEU	1, 325	325	LEU	2, 41	557	mit	mit	0.99
LEU	2, 37	553	LEU	2, 41	557	mit	mit	1
VAL	2, 38	554	LEU	2, 41	557	mit	mit	1
LEU	2, 39	555	LEU	2, 41	557	mit	mit	0.98
TYR	2, 40	556	LEU	2, 41	557	mit	mit	1
LEU	1, 325	325	LEU	2, 42	558	mit	mit	0.97
LEU	1, 328	328	LEU	2, 42	558	mit	mit	0.6
LEU	1, 343	343	LEU	2, 42	558	mit	mit	0.95
ILE	1, 346	346	LEU	2, 42	558	mit	mit	0.95
PHE	1, 347	347	LEU	2, 42	558	mit	mit	0.97
VAL	2, 38	554	LEU	2, 42	558	mit	mit	1
LEU	2, 39	555	LEU	2, 42	558	mit	mit	1
TYR	2, 40	556	LEU	2, 42	558	mit	mit	0.99
LEU	2, 41	557	LEU	2, 42	558	mit	mit	1
LEU	2, 39	555	THR	2, 43	559	mit	mit	1
TYR	2, 40	556	THR	2, 43	559	mit	mit	1
LEU	2, 41	557	THR	2, 43	559	mit	mit	0.98
LEU	2, 42	558	THR	2, 43	559	mit	mit	1
TYR	2, 40	556	LEU	2, 44	560	mit	mit	0.99
LEU	2, 41	557	LEU	2, 44	560	mit	mit	0.99
LEU	2, 42	558	LEU	2, 44	560	mit	mit	0.99
THR	2, 43	559	LEU	2, 44	560	mit	mit	1
LEU	1, 325	325	MET	2, 45	561	mit	mit	0.92
LEU	1, 328	328	MET	2, 45	561	mit	mit	0.99
HIS	1, 329	329	MET	2, 45	561	mit	mit	0.96
GLY	1, 330	330	MET	2, 45	561	mit	mit	0.75
LEU	2, 41	557	MET	2, 45	561	mit	mit	0.98
LEU	2, 42	558	MET	2, 45	561	mit	mit	0.99
THR	2, 43	559	MET	2, 45	561	mit	mit	0.95
LEU	2, 44	560	MET	2, 45	561	mit	mit	1
LEU	1, 328	328	LEU	2, 46	562	mit	mit	0.83
ILE	1, 333	333	LEU	2, 46	562	mit	mit	0.93
LEU	1, 343	343	LEU	2, 46	562	mit	mit	0.73
LEU	2, 42	558	LEU	2, 46	562	mit	mit	0.98
THR	2, 43	559	LEU	2, 46	562	mit	mit	1
LEU	2, 44	560	LEU	2, 46	562	mit	mit	0.98
MET	2, 45	561	LEU	2, 46	562	mit	mit	1
THR	2, 43	559	MET	2, 47	563	mit	mit	0.97
LEU	2, 44	560	MET	2, 47	563	mit	mit	0.98
MET	2, 45	561	MET	2, 47	563	mit	mit	0.82
LEU	2, 46	562	MET	2, 47	563	mit	mit	1
GLY	1, 330	330	GLU	2, 48	564	mit	mit	0.86
LEU	2, 44	560	GLU	2, 48	564	mit	mit	0.9
MET	2, 45	561	GLU	2, 48	564	mit	mit	0.94
LEU	2, 46	562	GLU	2, 48	564	mit	mit	0.9
MET	2, 47	563	GLU	2, 48	564	mit	mit	1
GLU	2, 48	564	LYS	2, 49	565	mit	mit	1
GLY	1, 330	330	LEU	2, 50	566	mit	mit	0.89
GLU	2, 48	564	LEU	2, 50	566	mit	mit	0.98
LYS	2, 49	565	LEU	2, 50	566	mit	mit	1
GLY	1, 330	330	SER	2, 51	567	mit	mit	0.98
GLY	1, 331	331	SER	2, 51	567	mit	mit	0.98
THR	1, 332	332	SER	2, 51	567	mit	mit	0.96
LYS	2, 49	565	SER	2, 51	567	mit	mit	0.55
LEU	2, 50	566	SER	2, 51	567	mit	mit	1
HIS	1, 329	329	SER	2, 52	568	mit	mit	0.59
GLY	1, 330	330	SER	2, 52	568	mit	mit	0.98
GLY	1, 331	331	SER	2, 52	568	mit	mit	0.84
LEU	2, 50	566	SER	2, 52	568	mit	mit	0.95
SER	2, 51	567	SER	2, 52	568	mit	mit	1
LYS	1, 265	265	ASN	2, 53	569	mit	mit	0.91
LYS	1, 266	266	ASN	2, 53	569	mit	mit	0.71
GLY	1, 330	330	ASN	2, 53	569	mit	mit	0.77
GLY	1, 331	331	ASN	2, 53	569	mit	mit	0.7
SER	2, 51	567	ASN	2, 53	569	mit	mit	0.73
SER	2, 52	568	ASN	2, 53	569	mit	mit	1
SER	2, 52	568	THR	2, 54	570	mit	mit	0.93
ASN	2, 53	569	THR	2, 54	570	mit	mit	1
PHE	1, 269	269	VAL	2, 55	571	mit	mit	0.78
THR	2, 54	570	VAL	2, 55	571	mit	mit	1
THR	2, 54	570	ASP	2, 56	572	mit	mit	0.66
VAL	2, 55	571	ASP	2, 56	572	mit	mit	1
PHE	1, 269	269	ALA	2, 57	573	mit	mit	0.74
GLY	1, 270	270	ALA	2, 57	573	mit	mit	0.76
VAL	2, 55	571	ALA	2, 57	573	mit	mit	0.87
ASP	2, 56	572	ALA	2, 57	573	mit	mit	1
ASP	2, 56	572	GLN	2, 58	574	mit	mit	0.86
ALA	2, 57	573	GLN	2, 58	574	mit	mit	1
ASP	2, 56	572	GLU	2, 59	575	mit	mit	0.67
ALA	2, 57	573	GLU	2, 59	575	mit	mit	0.8
GLN	2, 58	574	GLU	2, 59	575	mit	mit	1
ALA	1, 326	326	VAL	2, 60	576	mit	mit	0.78
ALA	2, 57	573	VAL	2, 60	576	mit	mit	0.89
GLN	2, 58	574	VAL	2, 60	576	mit	mit	0.78
GLU	2, 59	575	VAL	2, 60	576	mit	mit	1
GLY	1, 270	270	GLU	2, 61	577	mit	mit	0.83
GLY	1, 273	273	GLU	2, 61	577	mit	mit	0.83
ILE	1, 319	319	GLU	2, 61	577	mit	mit	0.7
ALA	2, 57	573	GLU	2, 61	577	mit	mit	0.89
GLN	2, 58	574	GLU	2, 61	577	mit	mit	0.97
GLU	2, 59	575	GLU	2, 61	577	mit	mit	0.97
VAL	2, 60	576	GLU	2, 61	577	mit	mit	1
GLN	2, 58	574	LEU	2, 62	578	mit	mit	0.8
GLU	2, 59	575	LEU	2, 62	578	mit	mit	0.94
VAL	2, 60	576	LEU	2, 62	578	mit	mit	0.97
GLU	2, 61	577	LEU	2, 62	578	mit	mit	1
GLU	2, 59	575	ILE	2, 63	579	mit	mit	0.76
VAL	2, 60	576	ILE	2, 63	579	mit	mit	0.99
GLU	2, 61	577	ILE	2, 63	579	mit	mit	0.96
LEU	2, 62	578	ILE	2, 63	579	mit	mit	1
GLY	1, 318	318	TRP	2, 64	580	mit	mit	0.8
ILE	1, 319	319	TRP	2, 64	580	mit	mit	0.95
PHE	1, 322	322	TRP	2, 64	580	mit	mit	0.98
VAL	2, 60	576	TRP	2, 64	580	mit	mit	0.95
GLU	2, 61	577	TRP	2, 64	580	mit	mit	0.99
LEU	2, 62	578	TRP	2, 64	580	mit	mit	0.73
ILE	2, 63	579	TRP	2, 64	580	mit	mit	1
ILE	1, 315	315	THR	2, 65	581	mit	mit	0.9
ILE	1, 319	319	THR	2, 65	581	mit	mit	0.96
GLU	2, 61	577	THR	2, 65	581	mit	mit	0.96
LEU	2, 62	578	THR	2, 65	581	mit	mit	0.99
ILE	2, 63	579	THR	2, 65	581	mit	mit	0.97
TRP	2, 64	580	THR	2, 65	581	mit	mit	1
LEU	2, 62	578	ILE	2, 66	582	mit	mit	0.97
ILE	2, 63	579	ILE	2, 66	582	mit	mit	0.99
TRP	2, 64	580	ILE	2, 66	582	mit	mit	0.69
THR	2, 65	581	ILE	2, 66	582	mit	mit	1
ILE	2, 63	579	LEU	2, 67	583	mit	mit	0.98
TRP	2, 64	580	LEU	2, 67	583	mit	mit	0.99
THR	2, 65	581	LEU	2, 67	583	mit	mit	0.88
ILE	2, 66	582	LEU	2, 67	583	mit	mit	1
ALA	1, 314	314	PRO	2, 68	584	mit	mit	0.9
ILE	1, 315	315	PRO	2, 68	584	mit	mit	0.98
GLY	1, 318	318	PRO	2, 68	584	mit	mit	0.98
TRP	2, 64	580	PRO	2, 68	584	mit	mit	0.92
THR	2, 65	581	PRO	2, 68	584	mit	mit	0.96
ILE	2, 66	582	PRO	2, 68	584	mit	mit	0.89
LEU	2, 67	583	PRO	2, 68	584	mit	mit	1
ILE	1, 315	315	ALA	2, 69	585	mit	mit	0.96
THR	2, 65	581	ALA	2, 69	585	mit	mit	0.94
ILE	2, 66	582	ALA	2, 69	585	mit	mit	0.99
LEU	2, 67	583	ALA	2, 69	585	mit	mit	0.99
PRO	2, 68	584	ALA	2, 69	585	mit	mit	1
ILE	2, 66	582	ILE	2, 70	586	mit	mit	0.98
LEU	2, 67	583	ILE	2, 70	586	mit	mit	0.99
PRO	2, 68	584	ILE	2, 70	586	mit	mit	0.98
ALA	2, 69	585	ILE	2, 70	586	mit	mit	1
VAL	2, 30	546	VAL	2, 71	587	mit	mit	0.98
LEU	2, 67	583	VAL	2, 71	587	mit	mit	0.98
PRO	2, 68	584	VAL	2, 71	587	mit	mit	1
ALA	2, 69	585	VAL	2, 71	587	mit	mit	0.99
ILE	2, 70	586	VAL	2, 71	587	mit	mit	1
MET	1, 311	311	LEU	2, 72	588	mit	mit	0.99
ILE	1, 312	312	LEU	2, 72	588	mit	mit	0.82
ALA	1, 314	314	LEU	2, 72	588	mit	mit	0.95
ILE	1, 315	315	LEU	2, 72	588	mit	mit	0.92
PRO	2, 68	584	LEU	2, 72	588	mit	mit	0.99
ALA	2, 69	585	LEU	2, 72	588	mit	mit	1
ILE	2, 70	586	LEU	2, 72	588	mit	mit	0.99
VAL	2, 71	587	LEU	2, 72	588	mit	mit	1
ALA	2, 69	585	VAL	2, 73	589	mit	mit	0.98
ILE	2, 70	586	VAL	2, 73	589	mit	mit	1
VAL	2, 71	587	VAL	2, 73	589	mit	mit	0.98
LEU	2, 72	588	VAL	2, 73	589	mit	mit	1
VAL	2, 30	546	LEU	2, 74	590	mit	mit	0.65
ILE	2, 70	586	LEU	2, 74	590	mit	mit	0.98
VAL	2, 71	587	LEU	2, 74	590	mit	mit	1
LEU	2, 72	588	LEU	2, 74	590	mit	mit	0.99
VAL	2, 73	589	LEU	2, 74	590	mit	mit	1
MET	1, 311	311	LEU	2, 75	591	mit	mit	0.88
ILE	1, 357	357	LEU	2, 75	591	mit	mit	0.79
ASN	1, 361	361	LEU	2, 75	591	mit	mit	0.77
HIS	2, 26	542	LEU	2, 75	591	mit	mit	0.77
ALA	2, 27	543	LEU	2, 75	591	mit	mit	0.99
VAL	2, 30	546	LEU	2, 75	591	mit	mit	0.97
VAL	2, 71	587	LEU	2, 75	591	mit	mit	0.99
LEU	2, 72	588	LEU	2, 75	591	mit	mit	1
VAL	2, 73	589	LEU	2, 75	591	mit	mit	0.99
LEU	2, 74	590	LEU	2, 75	591	mit	mit	1
THR	1, 307	307	ALA	2, 76	592	mit	mit	0.82
SER	1, 308	308	ALA	2, 76	592	mit	mit	0.98
MET	1, 311	311	ALA	2, 76	592	mit	mit	0.99
LEU	2, 72	588	ALA	2, 76	592	mit	mit	1
VAL	2, 73	589	ALA	2, 76	592	mit	mit	1
LEU	2, 74	590	ALA	2, 76	592	mit	mit	0.93
LEU	2, 75	591	ALA	2, 76	592	mit	mit	1
VAL	2, 73	589	LEU	2, 77	593	mit	mit	0.98
LEU	2, 74	590	LEU	2, 77	593	mit	mit	0.99
LEU	2, 75	591	LEU	2, 77	593	mit	mit	0.91
ALA	2, 76	592	LEU	2, 77	593	mit	mit	1
PHE	2, 23	539	PRO	2, 78	594	mit	mit	0.99
HIS	2, 26	542	PRO	2, 78	594	mit	mit	0.93
LEU	2, 74	590	PRO	2, 78	594	mit	mit	0.53
LEU	2, 75	591	PRO	2, 78	594	mit	mit	0.96
ALA	2, 76	592	PRO	2, 78	594	mit	mit	0.87
LEU	2, 77	593	PRO	2, 78	594	mit	mit	1
THR	1, 307	307	SER	2, 79	595	mit	mit	0.96
ASN	1, 361	361	SER	2, 79	595	mit	mit	0.99
SER	1, 362	362	SER	2, 79	595	mit	mit	0.8
SER	1, 363	363	SER	2, 79	595	mit	mit	0.99
LEU	1, 364	364	SER	2, 79	595	mit	mit	0.81
PHE	2, 23	539	SER	2, 79	595	mit	mit	0.98
LEU	2, 75	591	SER	2, 79	595	mit	mit	0.98
ALA	2, 76	592	SER	2, 79	595	mit	mit	1
LEU	2, 77	593	SER	2, 79	595	mit	mit	0.99
PRO	2, 78	594	SER	2, 79	595	mit	mit	1
ALA	1, 304	304	LEU	2, 80	596	mit	mit	0.99
THR	1, 307	307	LEU	2, 80	596	mit	mit	0.87
SER	1, 308	308	LEU	2, 80	596	mit	mit	0.65
ALA	2, 76	592	LEU	2, 80	596	mit	mit	0.99
LEU	2, 77	593	LEU	2, 80	596	mit	mit	1
PRO	2, 78	594	LEU	2, 80	596	mit	mit	0.96
SER	2, 79	595	LEU	2, 80	596	mit	mit	1
LEU	2, 77	593	GLN	2, 81	597	mit	mit	0.98
PRO	2, 78	594	GLN	2, 81	597	mit	mit	1
SER	2, 79	595	GLN	2, 81	597	mit	mit	0.99
LEU	2, 80	596	GLN	2, 81	597	mit	mit	1
SER	1, 363	363	ILE	2, 82	598	mit	mit	0.99
ILE	2, 16	532	ILE	2, 82	598	mit	mit	0.75
GLU	2, 19	535	ILE	2, 82	598	mit	mit	0.99
LEU	2, 20	536	ILE	2, 82	598	mit	mit	0.96
PHE	2, 23	539	ILE	2, 82	598	mit	mit	0.98
PRO	2, 78	594	ILE	2, 82	598	mit	mit	0.99
SER	2, 79	595	ILE	2, 82	598	mit	mit	1
LEU	2, 80	596	ILE	2, 82	598	mit	mit	0.97
GLN	2, 81	597	ILE	2, 82	598	mit	mit	1
VAL	1, 300	300	LEU	2, 83	599	mit	mit	0.96
ARG	1, 303	303	LEU	2, 83	599	mit	mit	0.96
ALA	1, 304	304	LEU	2, 83	599	mit	mit	0.98
THR	1, 307	307	LEU	2, 83	599	mit	mit	0.84
SER	1, 362	362	LEU	2, 83	599	mit	mit	0.98
SER	1, 363	363	LEU	2, 83	599	mit	mit	0.99
SER	2, 79	595	LEU	2, 83	599	mit	mit	0.99
LEU	2, 80	596	LEU	2, 83	599	mit	mit	1
GLN	2, 81	597	LEU	2, 83	599	mit	mit	0.99
ILE	2, 82	598	LEU	2, 83	599	mit	mit	1
VAL	1, 300	300	TYR	2, 84	600	mit	mit	0.95
ALA	1, 304	304	TYR	2, 84	600	mit	mit	0.62
LEU	2, 80	596	TYR	2, 84	600	mit	mit	0.99
GLN	2, 81	597	TYR	2, 84	600	mit	mit	0.99
ILE	2, 82	598	TYR	2, 84	600	mit	mit	0.94
LEU	2, 83	599	TYR	2, 84	600	mit	mit	1
ILE	2, 16	532	MET	2, 85	601	mit	mit	0.87
GLU	2, 19	535	MET	2, 85	601	mit	mit	0.82
GLN	2, 81	597	MET	2, 85	601	mit	mit	0.98
ILE	2, 82	598	MET	2, 85	601	mit	mit	1
LEU	2, 83	599	MET	2, 85	601	mit	mit	0.99
TYR	2, 84	600	MET	2, 85	601	mit	mit	1
SER	1, 363	363	MET	2, 86	602	mit	mit	0.91
ILE	1, 366	366	MET	2, 86	602	mit	mit	0.77
ILE	2, 16	532	MET	2, 86	602	mit	mit	0.99
ILE	2, 82	598	MET	2, 86	602	mit	mit	0.99
LEU	2, 83	599	MET	2, 86	602	mit	mit	0.99
TYR	2, 84	600	MET	2, 86	602	mit	mit	0.98
MET	2, 85	601	MET	2, 86	602	mit	mit	1
VAL	1, 300	300	ASP	2, 87	603	mit	mit	0.98
LEU	2, 83	599	ASP	2, 87	603	mit	mit	0.91
TYR	2, 84	600	ASP	2, 87	603	mit	mit	0.97
MET	2, 85	601	ASP	2, 87	603	mit	mit	0.87
MET	2, 86	602	ASP	2, 87	603	mit	mit	1
TYR	2, 84	600	GLU	2, 88	604	mit	mit	0.92
MET	2, 85	601	GLU	2, 88	604	mit	mit	0.97
MET	2, 86	602	GLU	2, 88	604	mit	mit	0.9
ASP	2, 87	603	GLU	2, 88	604	mit	mit	1
ASP	2, 87	603	ILE	2, 89	605	mit	mit	0.67
GLU	2, 88	604	ILE	2, 89	605	mit	mit	1
GLU	2, 88	604	ASP	2, 90	606	mit	mit	0.94
ILE	2, 89	605	ASP	2, 90	606	mit	mit	1
ILE	2, 89	605	GLU	2, 91	607	mit	mit	0.52
ASP	2, 90	606	GLU	2, 91	607	mit	mit	1
ILE	2, 89	605	PRO	2, 92	608	mit	mit	0.74
ASP	2, 90	606	PRO	2, 92	608	mit	mit	0.8
GLU	2, 91	607	PRO	2, 92	608	mit	mit	1
GLU	2, 91	607	ASP	2, 93	609	mit	mit	0.73
PRO	2, 92	608	ASP	2, 93	609	mit	mit	1
PRO	2, 92	608	LEU	2, 94	610	mit	mit	0.96
ASP	2, 93	609	LEU	2, 94	610	mit	mit	1
PRO	2, 92	608	THR	2, 95	611	mit	mit	0.95
LEU	2, 94	610	THR	2, 95	611	mit	mit	1
LEU	2, 94	610	LEU	2, 96	612	mit	mit	1
THR	2, 95	611	LEU	2, 96	612	mit	mit	1
THR	2, 95	611	LYS	2, 97	613	mit	mit	0.99
LEU	2, 96	612	LYS	2, 97	613	mit	mit	1
LEU	2, 96	612	ALA	2, 98	614	mit	mit	1
LYS	2, 97	613	ALA	2, 98	614	mit	mit	1
LYS	2, 97	613	ILE	2, 99	615	mit	mit	1
ALA	2, 98	614	ILE	2, 99	615	mit	mit	1
ALA	2, 98	614	GLY	2, 100	616	mit	mit	1
ILE	2, 99	615	GLY	2, 100	616	mit	mit	1
ILE	2, 99	615	HIS	2, 101	617	mit	mit	1
GLY	2, 100	616	HIS	2, 101	617	mit	mit	1
ALA	1, 138	138	GLN	2, 102	618	mit	mit	0.51
HIS	2, 101	617	GLN	2, 102	618	mit	mit	1
HIS	2, 101	617	TRP	2, 103	619	mit	mit	0.95
GLN	2, 102	618	TRP	2, 103	619	mit	mit	1
GLY	2, 100	616	TYR	2, 104	620	mit	mit	0.87
HIS	2, 101	617	TYR	2, 104	620	mit	mit	0.99
GLN	2, 102	618	TYR	2, 104	620	mit	mit	0.74
TRP	2, 103	619	TYR	2, 104	620	mit	mit	1
ALA	2, 98	614	TRP	2, 105	621	mit	mit	0.99
ILE	2, 99	615	TRP	2, 105	621	mit	mit	0.97
GLY	2, 100	616	TRP	2, 105	621	mit	mit	1
HIS	2, 101	617	TRP	2, 105	621	mit	mit	0.97
TYR	2, 104	620	TRP	2, 105	621	mit	mit	1
ALA	2, 98	614	THR	2, 106	622	mit	mit	0.82
ILE	2, 99	615	THR	2, 106	622	mit	mit	1
GLY	2, 100	616	THR	2, 106	622	mit	mit	1
HIS	2, 101	617	THR	2, 106	622	mit	mit	0.99
TYR	2, 104	620	THR	2, 106	622	mit	mit	0.99
TRP	2, 105	621	THR	2, 106	622	mit	mit	1
LEU	2, 96	612	TYR	2, 107	623	mit	mit	0.98
LYS	2, 97	613	TYR	2, 107	623	mit	mit	0.97
ALA	2, 98	614	TYR	2, 107	623	mit	mit	1
ILE	2, 99	615	TYR	2, 107	623	mit	mit	0.81
TRP	2, 105	621	TYR	2, 107	623	mit	mit	1
THR	2, 106	622	TYR	2, 107	623	mit	mit	1
LEU	2, 96	612	GLU	2, 108	624	mit	mit	0.85
LYS	2, 97	613	GLU	2, 108	624	mit	mit	1
ILE	2, 99	615	GLU	2, 108	624	mit	mit	0.95
THR	2, 106	622	GLU	2, 108	624	mit	mit	1
TYR	2, 107	623	GLU	2, 108	624	mit	mit	1
LEU	2, 94	610	TYR	2, 109	625	mit	mit	0.55
LEU	2, 96	612	TYR	2, 109	625	mit	mit	0.99
LYS	2, 97	613	TYR	2, 109	625	mit	mit	0.69
TYR	2, 107	623	TYR	2, 109	625	mit	mit	0.97
GLU	2, 108	624	TYR	2, 109	625	mit	mit	1
THR	2, 95	611	THR	2, 110	626	mit	mit	0.57
LYS	2, 97	613	THR	2, 110	626	mit	mit	0.93
GLU	2, 108	624	THR	2, 110	626	mit	mit	1
TYR	2, 109	625	THR	2, 110	626	mit	mit	1
LEU	2, 94	610	ASP	2, 111	627	mit	mit	0.92
THR	2, 95	611	ASP	2, 111	627	mit	mit	0.97
TYR	2, 109	625	ASP	2, 111	627	mit	mit	0.99
THR	2, 110	626	ASP	2, 111	627	mit	mit	1
ASP	2, 111	627	PHE	2, 112	628	mit	mit	1
TYR	2, 109	625	LYS	2, 113	629	mit	mit	0.67
THR	2, 110	626	LYS	2, 113	629	mit	mit	0.62
PHE	2, 112	628	LYS	2, 113	629	mit	mit	1
THR	2, 110	626	ASP	2, 114	630	mit	mit	0.95
LYS	2, 113	629	ASP	2, 114	630	mit	mit	1
GLU	2, 108	624	LEU	2, 115	631	mit	mit	0.95
TYR	2, 109	625	LEU	2, 115	631	mit	mit	0.99
THR	2, 110	626	LEU	2, 115	631	mit	mit	0.82
LYS	2, 113	629	LEU	2, 115	631	mit	mit	0.97
ASP	2, 114	630	LEU	2, 115	631	mit	mit	1
THR	2, 106	622	SER	2, 116	632	mit	mit	0.97
TYR	2, 107	623	SER	2, 116	632	mit	mit	0.93
GLU	2, 108	624	SER	2, 116	632	mit	mit	1
TYR	2, 109	625	SER	2, 116	632	mit	mit	0.81
THR	2, 110	626	SER	2, 116	632	mit	mit	0.53
ASP	2, 114	630	SER	2, 116	632	mit	mit	0.96
LEU	2, 115	631	SER	2, 116	632	mit	mit	1
THR	2, 106	622	PHE	2, 117	633	mit	mit	0.94
TYR	2, 107	623	PHE	2, 117	633	mit	mit	0.99
LEU	2, 115	631	PHE	2, 117	633	mit	mit	0.96
SER	2, 116	632	PHE	2, 117	633	mit	mit	1
TYR	2, 104	620	ASP	2, 118	634	mit	mit	0.99
TRP	2, 105	621	ASP	2, 118	634	mit	mit	0.89
THR	2, 106	622	ASP	2, 118	634	mit	mit	1
PHE	2, 117	633	ASP	2, 118	634	mit	mit	1
TYR	2, 104	620	SER	2, 119	635	mit	mit	0.99
TRP	2, 105	621	SER	2, 119	635	mit	mit	1
THR	2, 106	622	SER	2, 119	635	mit	mit	0.91
TYR	2, 107	623	SER	2, 119	635	mit	mit	0.98
PHE	2, 117	633	SER	2, 119	635	mit	mit	0.98
ASP	2, 118	634	SER	2, 119	635	mit	mit	1
TYR	2, 104	620	TYR	2, 120	636	mit	mit	0.99
ASP	2, 118	634	TYR	2, 120	636	mit	mit	0.99
SER	2, 119	635	TYR	2, 120	636	mit	mit	1
TYR	2, 104	620	MET	2, 121	637	mit	mit	0.65
TYR	2, 120	636	MET	2, 121	637	mit	mit	1
TYR	2, 120	636	THR	2, 122	638	mit	mit	0.85
MET	2, 121	637	THR	2, 122	638	mit	mit	1
MET	2, 121	637	PRO	2, 123	639	mit	mit	0.97
THR	2, 122	638	PRO	2, 123	639	mit	mit	1
PRO	2, 123	639	THR	2, 124	640	mit	mit	1
PRO	2, 123	639	THR	2, 125	641	mit	mit	0.99
THR	2, 124	640	THR	2, 125	641	mit	mit	1
THR	2, 122	638	ASP	2, 126	642	mit	mit	0.96
PRO	2, 123	639	ASP	2, 126	642	mit	mit	0.99
THR	2, 124	640	ASP	2, 126	642	mit	mit	0.84
THR	2, 125	641	ASP	2, 126	642	mit	mit	1
THR	2, 122	638	LEU	2, 127	643	mit	mit	0.98
PRO	2, 123	639	LEU	2, 127	643	mit	mit	0.88
THR	2, 124	640	LEU	2, 127	643	mit	mit	0.99
THR	2, 125	641	LEU	2, 127	643	mit	mit	0.95
ASP	2, 126	642	LEU	2, 127	643	mit	mit	1
LEU	2, 127	643	PRO	2, 128	644	mit	mit	1
PRO	2, 128	644	LEU	2, 129	645	mit	mit	1
LEU	2, 127	643	GLY	2, 130	646	mit	mit	0.78
PRO	2, 128	644	GLY	2, 130	646	mit	mit	1
LEU	2, 129	645	GLY	2, 130	646	mit	mit	1
THR	2, 122	638	HIS	2, 131	647	mit	mit	0.85
LEU	2, 127	643	HIS	2, 131	647	mit	mit	0.99
PRO	2, 128	644	HIS	2, 131	647	mit	mit	0.99
LEU	2, 129	645	HIS	2, 131	647	mit	mit	0.97
GLY	2, 130	646	HIS	2, 131	647	mit	mit	1
PRO	1, 445	445	PHE	2, 132	648	mit	mit	0.95
ASP	1, 446	446	PHE	2, 132	648	mit	mit	0.85
MET	2, 1	517	PHE	2, 132	648	mit	mit	0.71
GLY	2, 130	646	PHE	2, 132	648	mit	mit	0.91
HIS	2, 131	647	PHE	2, 132	648	mit	mit	1
PRO	1, 445	445	ARG	2, 133	649	mit	mit	0.97
ASP	1, 446	446	ARG	2, 133	649	mit	mit	0.98
THR	2, 124	640	ARG	2, 133	649	mit	mit	0.97
LEU	2, 127	643	ARG	2, 133	649	mit	mit	0.93
HIS	2, 131	647	ARG	2, 133	649	mit	mit	0.72
PHE	2, 132	648	ARG	2, 133	649	mit	mit	1
ASP	1, 443	443	LEU	2, 134	650	mit	mit	0.97
TYR	1, 444	444	LEU	2, 134	650	mit	mit	0.76
PRO	1, 445	445	LEU	2, 134	650	mit	mit	0.99
MET	2, 121	637	LEU	2, 134	650	mit	mit	0.91
THR	2, 124	640	LEU	2, 134	650	mit	mit	0.72
PHE	2, 132	648	LEU	2, 134	650	mit	mit	0.95
ARG	2, 133	649	LEU	2, 134	650	mit	mit	1
PRO	1, 445	445	LEU	2, 135	651	mit	mit	0.99
MET	2, 1	517	LEU	2, 135	651	mit	mit	0.79
PHE	2, 132	648	LEU	2, 135	651	mit	mit	0.99
ARG	2, 133	649	LEU	2, 135	651	mit	mit	0.98
LEU	2, 134	650	LEU	2, 135	651	mit	mit	1
MET	2, 121	637	GLU	2, 136	652	mit	mit	0.93
THR	2, 122	638	GLU	2, 136	652	mit	mit	0.99
LEU	2, 127	643	GLU	2, 136	652	mit	mit	0.93
HIS	2, 131	647	GLU	2, 136	652	mit	mit	0.99
PHE	2, 132	648	GLU	2, 136	652	mit	mit	0.97
LEU	2, 135	651	GLU	2, 136	652	mit	mit	1
SER	2, 119	635	VAL	2, 137	653	mit	mit	1
TYR	2, 120	636	VAL	2, 137	653	mit	mit	0.98
MET	2, 121	637	VAL	2, 137	653	mit	mit	0.99
THR	2, 122	638	VAL	2, 137	653	mit	mit	0.98
GLU	2, 136	652	VAL	2, 137	653	mit	mit	1
SER	2, 119	635	ASP	2, 138	654	mit	mit	0.98
TYR	2, 120	636	ASP	2, 138	654	mit	mit	0.99
MET	2, 121	637	ASP	2, 138	654	mit	mit	0.56
THR	2, 122	638	ASP	2, 138	654	mit	mit	0.98
VAL	2, 137	653	ASP	2, 138	654	mit	mit	1
PHE	2, 117	633	HIS	2, 139	655	mit	mit	0.99
ASP	2, 118	634	HIS	2, 139	655	mit	mit	0.91
SER	2, 119	635	HIS	2, 139	655	mit	mit	0.99
TYR	2, 120	636	HIS	2, 139	655	mit	mit	0.55
VAL	2, 137	653	HIS	2, 139	655	mit	mit	0.99
ASP	2, 138	654	HIS	2, 139	655	mit	mit	1
SER	2, 119	635	ARG	2, 140	656	mit	mit	0.82
VAL	2, 137	653	ARG	2, 140	656	mit	mit	0.98
HIS	2, 139	655	ARG	2, 140	656	mit	mit	1
LEU	2, 96	612	ILE	2, 141	657	mit	mit	0.88
TYR	2, 107	623	ILE	2, 141	657	mit	mit	0.99
SER	2, 119	635	ILE	2, 141	657	mit	mit	0.84
ARG	2, 140	656	ILE	2, 141	657	mit	mit	1
ARG	2, 140	656	VAL	2, 142	658	mit	mit	0.99
ILE	2, 141	657	VAL	2, 142	658	mit	mit	1
LEU	2, 94	610	ILE	2, 143	659	mit	mit	0.83
LEU	2, 96	612	ILE	2, 143	659	mit	mit	0.89
ILE	2, 141	657	ILE	2, 143	659	mit	mit	1
VAL	2, 142	658	ILE	2, 143	659	mit	mit	1
ASP	2, 93	609	PRO	2, 144	660	mit	mit	0.78
LEU	2, 94	610	PRO	2, 144	660	mit	mit	0.94
ILE	2, 143	659	PRO	2, 144	660	mit	mit	1
ILE	2, 143	659	MET	2, 145	661	mit	mit	0.81
PRO	2, 144	660	MET	2, 145	661	mit	mit	1
PRO	2, 144	660	GLU	2, 146	662	mit	mit	0.86
MET	2, 145	661	GLU	2, 146	662	mit	mit	1
ASP	2, 93	609	SER	2, 147	663	mit	mit	0.98
LEU	2, 94	610	SER	2, 147	663	mit	mit	0.93
ILE	2, 143	659	SER	2, 147	663	mit	mit	0.64
PRO	2, 144	660	SER	2, 147	663	mit	mit	0.99
MET	2, 145	661	SER	2, 147	663	mit	mit	0.98
GLU	2, 146	662	SER	2, 147	663	mit	mit	1
ASP	2, 90	606	PRO	2, 148	664	mit	mit	0.78
GLU	2, 91	607	PRO	2, 148	664	mit	mit	0.92
PRO	2, 92	608	PRO	2, 148	664	mit	mit	0.99
ASP	2, 93	609	PRO	2, 148	664	mit	mit	0.98
SER	2, 147	663	PRO	2, 148	664	mit	mit	1
PRO	2, 92	608	ILE	2, 149	665	mit	mit	0.94
ASP	2, 93	609	ILE	2, 149	665	mit	mit	0.92
LEU	2, 94	610	ILE	2, 149	665	mit	mit	0.99
THR	2, 95	611	ILE	2, 149	665	mit	mit	0.62
LEU	2, 96	612	ILE	2, 149	665	mit	mit	0.98
ILE	2, 143	659	ILE	2, 149	665	mit	mit	0.99
PRO	2, 144	660	ILE	2, 149	665	mit	mit	0.77
SER	2, 147	663	ILE	2, 149	665	mit	mit	0.99
PRO	2, 148	664	ILE	2, 149	665	mit	mit	1
ILE	2, 89	605	ARG	2, 150	666	mit	mit	0.64
PRO	2, 92	608	ARG	2, 150	666	mit	mit	0.99
LEU	2, 94	610	ARG	2, 150	666	mit	mit	0.95
THR	2, 95	611	ARG	2, 150	666	mit	mit	1
LEU	2, 96	612	ARG	2, 150	666	mit	mit	0.95
PRO	2, 148	664	ARG	2, 150	666	mit	mit	0.93
ILE	2, 149	665	ARG	2, 150	666	mit	mit	1
THR	2, 95	611	VAL	2, 151	667	mit	mit	0.72
LEU	2, 96	612	VAL	2, 151	667	mit	mit	1
LYS	2, 97	613	VAL	2, 151	667	mit	mit	0.83
ALA	2, 98	614	VAL	2, 151	667	mit	mit	0.99
ILE	2, 149	665	VAL	2, 151	667	mit	mit	1
ARG	2, 150	666	VAL	2, 151	667	mit	mit	1
THR	2, 95	611	ILE	2, 152	668	mit	mit	0.99
LEU	2, 96	612	ILE	2, 152	668	mit	mit	0.98
LYS	2, 97	613	ILE	2, 152	668	mit	mit	1
ALA	2, 98	614	ILE	2, 152	668	mit	mit	0.98
ARG	2, 150	666	ILE	2, 152	668	mit	mit	0.99
VAL	2, 151	667	ILE	2, 152	668	mit	mit	1
LYS	2, 97	613	ILE	2, 153	669	mit	mit	0.59
ALA	2, 98	614	ILE	2, 153	669	mit	mit	1
VAL	2, 151	667	ILE	2, 153	669	mit	mit	1
ILE	2, 152	668	ILE	2, 153	669	mit	mit	1
LYS	2, 97	613	THR	2, 154	670	mit	mit	0.87
ALA	2, 98	614	THR	2, 154	670	mit	mit	0.84
ILE	2, 99	615	THR	2, 154	670	mit	mit	1
GLY	2, 100	616	THR	2, 154	670	mit	mit	0.94
ILE	2, 152	668	THR	2, 154	670	mit	mit	1
ILE	2, 153	669	THR	2, 154	670	mit	mit	1
ILE	2, 99	615	ALA	2, 155	671	mit	mit	0.99
GLY	2, 100	616	ALA	2, 155	671	mit	mit	1
HIS	2, 101	617	ALA	2, 155	671	mit	mit	0.85
ILE	2, 153	669	ALA	2, 155	671	mit	mit	0.56
THR	2, 154	670	ALA	2, 155	671	mit	mit	1
ILE	2, 99	615	ASP	2, 156	672	mit	mit	0.99
GLY	2, 100	616	ASP	2, 156	672	mit	mit	0.98
HIS	2, 101	617	ASP	2, 156	672	mit	mit	0.99
THR	2, 154	670	ASP	2, 156	672	mit	mit	0.9
ALA	2, 155	671	ASP	2, 156	672	mit	mit	1
PRO	1, 132	132	ASP	2, 157	673	mit	mit	0.89
ALA	1, 138	138	ASP	2, 157	673	mit	mit	0.79
GLY	2, 100	616	ASP	2, 157	673	mit	mit	0.67
HIS	2, 101	617	ASP	2, 157	673	mit	mit	0.98
GLN	2, 102	618	ASP	2, 157	673	mit	mit	0.99
ALA	2, 155	671	ASP	2, 157	673	mit	mit	1
ASP	2, 156	672	ASP	2, 157	673	mit	mit	1
PRO	1, 132	132	VAL	2, 158	674	mit	mit	1
LEU	1, 133	133	VAL	2, 158	674	mit	mit	0.99
ALA	1, 138	138	VAL	2, 158	674	mit	mit	0.97
GLN	2, 102	618	VAL	2, 158	674	mit	mit	0.97
ALA	2, 155	671	VAL	2, 158	674	mit	mit	0.98
ASP	2, 157	673	VAL	2, 158	674	mit	mit	1
TYR	1, 130	130	LEU	2, 159	675	mit	mit	0.98
PRO	1, 132	132	LEU	2, 159	675	mit	mit	0.99
LEU	1, 133	133	LEU	2, 159	675	mit	mit	0.98
PRO	1, 229	229	LEU	2, 159	675	mit	mit	0.96
ALA	2, 155	671	LEU	2, 159	675	mit	mit	0.98
VAL	2, 158	674	LEU	2, 159	675	mit	mit	1
GLY	2, 100	616	HIS	2, 160	676	mit	mit	1
ALA	2, 155	671	HIS	2, 160	676	mit	mit	0.99
VAL	2, 158	674	HIS	2, 160	676	mit	mit	0.99
LEU	2, 159	675	HIS	2, 160	676	mit	mit	1
THR	1, 295	295	SER	2, 161	677	mit	mit	0.93
ASP	1, 370	370	SER	2, 161	677	mit	mit	0.97
LEU	2, 159	675	SER	2, 161	677	mit	mit	0.92
HIS	2, 160	676	SER	2, 161	677	mit	mit	1
ALA	2, 98	614	TRP	2, 162	678	mit	mit	1
GLY	2, 100	616	TRP	2, 162	678	mit	mit	0.63
TRP	2, 105	621	TRP	2, 162	678	mit	mit	0.62
VAL	2, 151	667	TRP	2, 162	678	mit	mit	0.88
ILE	2, 153	669	TRP	2, 162	678	mit	mit	1
HIS	2, 160	676	TRP	2, 162	678	mit	mit	0.99
SER	2, 161	677	TRP	2, 162	678	mit	mit	1
PRO	1, 438	438	ALA	2, 163	679	mit	mit	0.82
SER	2, 161	677	ALA	2, 163	679	mit	mit	1
TRP	2, 162	678	ALA	2, 163	679	mit	mit	1
TRP	2, 162	678	VAL	2, 164	680	mit	mit	0.81
ALA	2, 163	679	VAL	2, 164	680	mit	mit	1
ALA	1, 367	367	PRO	2, 165	681	mit	mit	0.97
GLY	1, 436	436	PRO	2, 165	681	mit	mit	1
PHE	2, 9	525	PRO	2, 165	681	mit	mit	0.61
GLN	2, 10	526	PRO	2, 165	681	mit	mit	0.99
ALA	2, 163	679	PRO	2, 165	681	mit	mit	1
VAL	2, 164	680	PRO	2, 165	681	mit	mit	1
MET	2, 1	517	ALA	2, 166	682	mit	mit	0.72
GLN	2, 10	526	ALA	2, 166	682	mit	mit	0.99
ASP	2, 11	527	ALA	2, 166	682	mit	mit	0.93
ALA	2, 12	528	ALA	2, 166	682	mit	mit	0.9
SER	2, 13	529	ALA	2, 166	682	mit	mit	0.99
SER	2, 14	530	ALA	2, 166	682	mit	mit	0.62
MET	2, 17	533	ALA	2, 166	682	mit	mit	0.93
VAL	2, 164	680	ALA	2, 166	682	mit	mit	1
PRO	2, 165	681	ALA	2, 166	682	mit	mit	1
SER	2, 13	529	LEU	2, 167	683	mit	mit	0.99
SER	2, 14	530	LEU	2, 167	683	mit	mit	1
MET	2, 17	533	LEU	2, 167	683	mit	mit	0.97
VAL	2, 164	680	LEU	2, 167	683	mit	mit	1
PRO	2, 165	681	LEU	2, 167	683	mit	mit	0.95
ALA	2, 166	682	LEU	2, 167	683	mit	mit	1
ILE	1, 366	366	GLY	2, 168	684	mit	mit	0.97
ALA	1, 367	367	GLY	2, 168	684	mit	mit	0.99
SER	2, 14	530	GLY	2, 168	684	mit	mit	0.99
ILE	2, 16	532	GLY	2, 168	684	mit	mit	0.97
MET	2, 17	533	GLY	2, 168	684	mit	mit	1
LEU	2, 20	536	GLY	2, 168	684	mit	mit	0.96
VAL	2, 164	680	GLY	2, 168	684	mit	mit	0.99
PRO	2, 165	681	GLY	2, 168	684	mit	mit	0.99
ALA	2, 166	682	GLY	2, 168	684	mit	mit	0.99
LEU	2, 167	683	GLY	2, 168	684	mit	mit	1
ILE	1, 366	366	VAL	2, 169	685	mit	mit	0.82
VAL	2, 151	667	VAL	2, 169	685	mit	mit	0.8
TRP	2, 162	678	VAL	2, 169	685	mit	mit	0.86
ALA	2, 163	679	VAL	2, 169	685	mit	mit	0.98
VAL	2, 164	680	VAL	2, 169	685	mit	mit	1
LEU	2, 167	683	VAL	2, 169	685	mit	mit	1
GLY	2, 168	684	VAL	2, 169	685	mit	mit	1
THR	1, 295	295	LYS	2, 170	686	mit	mit	0.99
ILE	1, 366	366	LYS	2, 170	686	mit	mit	0.99
ALA	1, 367	367	LYS	2, 170	686	mit	mit	0.95
HIS	1, 369	369	LYS	2, 170	686	mit	mit	0.98
ASP	1, 370	370	LYS	2, 170	686	mit	mit	0.6
SER	2, 161	677	LYS	2, 170	686	mit	mit	0.99
TRP	2, 162	678	LYS	2, 170	686	mit	mit	0.96
ALA	2, 163	679	LYS	2, 170	686	mit	mit	1
VAL	2, 164	680	LYS	2, 170	686	mit	mit	0.65
PRO	2, 165	681	LYS	2, 170	686	mit	mit	0.54
GLY	2, 168	684	LYS	2, 170	686	mit	mit	1
VAL	2, 169	685	LYS	2, 170	686	mit	mit	1
THR	1, 295	295	THR	2, 171	687	mit	mit	0.98
GLY	1, 297	297	THR	2, 171	687	mit	mit	0.91
VAL	2, 151	667	THR	2, 171	687	mit	mit	0.57
ILE	2, 153	669	THR	2, 171	687	mit	mit	1
SER	2, 161	677	THR	2, 171	687	mit	mit	0.99
TRP	2, 162	678	THR	2, 171	687	mit	mit	1
ALA	2, 163	679	THR	2, 171	687	mit	mit	0.63
VAL	2, 169	685	THR	2, 171	687	mit	mit	1
LYS	2, 170	686	THR	2, 171	687	mit	mit	1
THR	1, 295	295	ASP	2, 172	688	mit	mit	0.99
VAL	1, 296	296	ASP	2, 172	688	mit	mit	0.99
GLY	1, 297	297	ASP	2, 172	688	mit	mit	0.87
ILE	2, 153	669	ASP	2, 172	688	mit	mit	0.83
LEU	2, 159	675	ASP	2, 172	688	mit	mit	0.99
HIS	2, 160	676	ASP	2, 172	688	mit	mit	0.92
SER	2, 161	677	ASP	2, 172	688	mit	mit	1
TRP	2, 162	678	ASP	2, 172	688	mit	mit	0.58
THR	2, 171	687	ASP	2, 172	688	mit	mit	1
ALA	2, 98	614	ALA	2, 173	689	mit	mit	0.91
ILE	2, 99	615	ALA	2, 173	689	mit	mit	0.75
GLY	2, 100	616	ALA	2, 173	689	mit	mit	1
ILE	2, 153	669	ALA	2, 173	689	mit	mit	1
THR	2, 154	670	ALA	2, 173	689	mit	mit	1
ALA	2, 155	671	ALA	2, 173	689	mit	mit	1
LEU	2, 159	675	ALA	2, 173	689	mit	mit	0.99
HIS	2, 160	676	ALA	2, 173	689	mit	mit	1
SER	2, 161	677	ALA	2, 173	689	mit	mit	1
TRP	2, 162	678	ALA	2, 173	689	mit	mit	0.99
THR	2, 171	687	ALA	2, 173	689	mit	mit	0.97
ASP	2, 172	688	ALA	2, 173	689	mit	mit	1
PRO	1, 229	229	ILE	2, 174	690	mit	mit	0.99
ILE	1, 230	230	ILE	2, 174	690	mit	mit	0.97
VAL	1, 296	296	ILE	2, 174	690	mit	mit	0.93
THR	2, 154	670	ILE	2, 174	690	mit	mit	0.92
ALA	2, 155	671	ILE	2, 174	690	mit	mit	0.99
LEU	2, 159	675	ILE	2, 174	690	mit	mit	0.99
ASP	2, 172	688	ILE	2, 174	690	mit	mit	1
ALA	2, 173	689	ILE	2, 174	690	mit	mit	1
PRO	1, 132	132	PRO	2, 175	691	mit	mit	0.99
PRO	1, 223	223	PRO	2, 175	691	mit	mit	1
PRO	1, 229	229	PRO	2, 175	691	mit	mit	0.97
THR	2, 154	670	PRO	2, 175	691	mit	mit	0.92
ALA	2, 155	671	PRO	2, 175	691	mit	mit	1
ASP	2, 156	672	PRO	2, 175	691	mit	mit	0.97
ASP	2, 157	673	PRO	2, 175	691	mit	mit	0.97
VAL	2, 158	674	PRO	2, 175	691	mit	mit	0.89
LEU	2, 159	675	PRO	2, 175	691	mit	mit	0.89
ALA	2, 173	689	PRO	2, 175	691	mit	mit	0.61
ILE	2, 174	690	PRO	2, 175	691	mit	mit	1
PRO	1, 223	223	GLY	2, 176	692	mit	mit	1
THR	2, 154	670	GLY	2, 176	692	mit	mit	0.98
ALA	2, 155	671	GLY	2, 176	692	mit	mit	0.59
ILE	2, 174	690	GLY	2, 176	692	mit	mit	1
PRO	2, 175	691	GLY	2, 176	692	mit	mit	1
ASP	1, 228	228	ARG	2, 177	693	mit	mit	0.64
ILE	1, 230	230	ARG	2, 177	693	mit	mit	0.74
THR	2, 154	670	ARG	2, 177	693	mit	mit	0.96
ILE	2, 174	690	ARG	2, 177	693	mit	mit	1
PRO	2, 175	691	ARG	2, 177	693	mit	mit	0.97
GLY	2, 176	692	ARG	2, 177	693	mit	mit	1
ILE	2, 152	668	LEU	2, 178	694	mit	mit	1
ILE	2, 153	669	LEU	2, 178	694	mit	mit	0.89
THR	2, 154	670	LEU	2, 178	694	mit	mit	1
GLY	2, 176	692	LEU	2, 178	694	mit	mit	0.97
ARG	2, 177	693	LEU	2, 178	694	mit	mit	1
VAL	1, 296	296	ASN	2, 179	695	mit	mit	0.51
GLY	1, 297	297	ASN	2, 179	695	mit	mit	0.99
ILE	2, 152	668	ASN	2, 179	695	mit	mit	0.97
ILE	2, 153	669	ASN	2, 179	695	mit	mit	1
THR	2, 154	670	ASN	2, 179	695	mit	mit	0.92
THR	2, 171	687	ASN	2, 179	695	mit	mit	1
ASP	2, 172	688	ASN	2, 179	695	mit	mit	0.95
ALA	2, 173	689	ASN	2, 179	695	mit	mit	0.89
ILE	2, 174	690	ASN	2, 179	695	mit	mit	0.96
ARG	2, 177	693	ASN	2, 179	695	mit	mit	1
LEU	2, 178	694	ASN	2, 179	695	mit	mit	1
ARG	2, 150	666	GLN	2, 180	696	mit	mit	0.99
VAL	2, 151	667	GLN	2, 180	696	mit	mit	0.95
ILE	2, 152	668	GLN	2, 180	696	mit	mit	1
ILE	2, 153	669	GLN	2, 180	696	mit	mit	0.69
LEU	2, 178	694	GLN	2, 180	696	mit	mit	0.98
ASN	2, 179	695	GLN	2, 180	696	mit	mit	1
ARG	2, 150	666	THR	2, 181	697	mit	mit	0.86
VAL	2, 151	667	THR	2, 181	697	mit	mit	1
ILE	2, 153	669	THR	2, 181	697	mit	mit	0.95
VAL	2, 169	685	THR	2, 181	697	mit	mit	1
THR	2, 171	687	THR	2, 181	697	mit	mit	1
ASN	2, 179	695	THR	2, 181	697	mit	mit	0.99
GLN	2, 180	696	THR	2, 181	697	mit	mit	1
ILE	2, 89	605	SER	2, 182	698	mit	mit	0.85
PRO	2, 92	608	SER	2, 182	698	mit	mit	0.93
PRO	2, 148	664	SER	2, 182	698	mit	mit	0.98
ILE	2, 149	665	SER	2, 182	698	mit	mit	0.98
ARG	2, 150	666	SER	2, 182	698	mit	mit	1
VAL	2, 151	667	SER	2, 182	698	mit	mit	0.91
GLN	2, 180	696	SER	2, 182	698	mit	mit	0.98
THR	2, 181	697	SER	2, 182	698	mit	mit	1
SER	2, 14	530	PHE	2, 183	699	mit	mit	0.98
ILE	2, 16	532	PHE	2, 183	699	mit	mit	0.88
PRO	2, 148	664	PHE	2, 183	699	mit	mit	0.59
ILE	2, 149	665	PHE	2, 183	699	mit	mit	0.99
VAL	2, 151	667	PHE	2, 183	699	mit	mit	0.86
LEU	2, 167	683	PHE	2, 183	699	mit	mit	0.99
GLY	2, 168	684	PHE	2, 183	699	mit	mit	0.9
VAL	2, 169	685	PHE	2, 183	699	mit	mit	0.99
THR	2, 181	697	PHE	2, 183	699	mit	mit	1
SER	2, 182	698	PHE	2, 183	699	mit	mit	1
SER	2, 14	530	ILE	2, 184	700	mit	mit	0.99
PRO	2, 15	531	ILE	2, 184	700	mit	mit	0.97
GLU	2, 146	662	ILE	2, 184	700	mit	mit	0.94
SER	2, 147	663	ILE	2, 184	700	mit	mit	0.95
PRO	2, 148	664	ILE	2, 184	700	mit	mit	1
ILE	2, 149	665	ILE	2, 184	700	mit	mit	0.93
SER	2, 182	698	ILE	2, 184	700	mit	mit	0.76
PHE	2, 183	699	ILE	2, 184	700	mit	mit	1
SER	2, 13	529	THR	2, 185	701	mit	mit	0.97
SER	2, 14	530	THR	2, 185	701	mit	mit	0.98
ILE	2, 143	659	THR	2, 185	701	mit	mit	0.94
MET	2, 145	661	THR	2, 185	701	mit	mit	0.98
GLU	2, 146	662	THR	2, 185	701	mit	mit	0.95
SER	2, 147	663	THR	2, 185	701	mit	mit	0.51
ILE	2, 149	665	THR	2, 185	701	mit	mit	0.59
LEU	2, 167	683	THR	2, 185	701	mit	mit	0.94
PHE	2, 183	699	THR	2, 185	701	mit	mit	0.99
ILE	2, 184	700	THR	2, 185	701	mit	mit	1
SER	2, 13	529	THR	2, 186	702	mit	mit	0.98
SER	2, 14	530	THR	2, 186	702	mit	mit	0.98
PRO	2, 15	531	THR	2, 186	702	mit	mit	0.96
MET	2, 145	661	THR	2, 186	702	mit	mit	0.62
GLU	2, 146	662	THR	2, 186	702	mit	mit	0.9
ILE	2, 184	700	THR	2, 186	702	mit	mit	0.97
THR	2, 185	701	THR	2, 186	702	mit	mit	1
SER	2, 13	529	ARG	2, 187	703	mit	mit	0.99
MET	2, 145	661	ARG	2, 187	703	mit	mit	0.82
THR	2, 185	701	ARG	2, 187	703	mit	mit	0.99
THR	2, 186	702	ARG	2, 187	703	mit	mit	1
MET	2, 145	661	PRO	2, 188	704	mit	mit	0.98
THR	2, 185	701	PRO	2, 188	704	mit	mit	0.65
ARG	2, 187	703	PRO	2, 188	704	mit	mit	1
ARG	2, 187	703	GLY	2, 189	705	mit	mit	1
PRO	2, 188	704	GLY	2, 189	705	mit	mit	1
ARG	2, 140	656	VAL	2, 190	706	mit	mit	0.84
GLY	2, 189	705	VAL	2, 190	706	mit	mit	1
MET	2, 1	517	PHE	2, 191	707	mit	mit	0.69
SER	2, 13	529	PHE	2, 191	707	mit	mit	0.97
VAL	2, 164	680	PHE	2, 191	707	mit	mit	0.99
ALA	2, 166	682	PHE	2, 191	707	mit	mit	1
LEU	2, 167	683	PHE	2, 191	707	mit	mit	0.99
GLY	2, 189	705	PHE	2, 191	707	mit	mit	1
VAL	2, 190	706	PHE	2, 191	707	mit	mit	1
MET	2, 1	517	TYR	2, 192	708	mit	mit	0.97
PHE	2, 132	648	TYR	2, 192	708	mit	mit	0.82
LEU	2, 135	651	TYR	2, 192	708	mit	mit	1
VAL	2, 164	680	TYR	2, 192	708	mit	mit	0.87
ALA	2, 166	682	TYR	2, 192	708	mit	mit	0.72
VAL	2, 190	706	TYR	2, 192	708	mit	mit	0.99
PHE	2, 191	707	TYR	2, 192	708	mit	mit	1
MET	2, 1	517	GLY	2, 193	709	mit	mit	0.55
LEU	2, 135	651	GLY	2, 193	709	mit	mit	0.9
ALA	2, 163	679	GLY	2, 193	709	mit	mit	1
VAL	2, 164	680	GLY	2, 193	709	mit	mit	1
PRO	2, 165	681	GLY	2, 193	709	mit	mit	0.99
ALA	2, 166	682	GLY	2, 193	709	mit	mit	0.6
PHE	2, 191	707	GLY	2, 193	709	mit	mit	1
TYR	2, 192	708	GLY	2, 193	709	mit	mit	1
PRO	1, 438	438	GLN	2, 194	710	mit	mit	0.99
LEU	2, 135	651	GLN	2, 194	710	mit	mit	0.8
ALA	2, 163	679	GLN	2, 194	710	mit	mit	0.98
TYR	2, 192	708	GLN	2, 194	710	mit	mit	0.87
GLY	2, 193	709	GLN	2, 194	710	mit	mit	1
PRO	1, 438	438	CYS	2, 195	711	mit	mit	0.94
HIS	2, 160	676	CYS	2, 195	711	mit	mit	0.99
SER	2, 161	677	CYS	2, 195	711	mit	mit	1
TRP	2, 162	678	CYS	2, 195	711	mit	mit	0.71
ALA	2, 163	679	CYS	2, 195	711	mit	mit	0.94
GLN	2, 194	710	CYS	2, 195	711	mit	mit	1
HIS	1, 369	369	SER	2, 196	712	mit	mit	0.85
ASP	1, 370	370	SER	2, 196	712	mit	mit	1
THR	1, 371	371	SER	2, 196	712	mit	mit	0.87
PRO	1, 438	438	SER	2, 196	712	mit	mit	1
ARG	1, 439	439	SER	2, 196	712	mit	mit	0.75
SER	2, 161	677	SER	2, 196	712	mit	mit	1
ALA	2, 163	679	SER	2, 196	712	mit	mit	0.99
LYS	2, 170	686	SER	2, 196	712	mit	mit	0.97
GLN	2, 194	710	SER	2, 196	712	mit	mit	0.99
CYS	2, 195	711	SER	2, 196	712	mit	mit	1
ASP	1, 370	370	GLU	2, 197	713	mit	mit	0.98
LEU	2, 159	675	GLU	2, 197	713	mit	mit	0.99
HIS	2, 160	676	GLU	2, 197	713	mit	mit	0.98
SER	2, 161	677	GLU	2, 197	713	mit	mit	1
ASP	2, 172	688	GLU	2, 197	713	mit	mit	0.98
ALA	2, 173	689	GLU	2, 197	713	mit	mit	0.6
CYS	2, 195	711	GLU	2, 197	713	mit	mit	0.99
SER	2, 196	712	GLU	2, 197	713	mit	mit	1
ASN	1, 56	56	ILE	2, 198	714	mit	mit	0.96
GLY	1, 124	124	ILE	2, 198	714	mit	mit	0.63
THR	1, 125	125	ILE	2, 198	714	mit	mit	0.91
GLY	1, 126	126	ILE	2, 198	714	mit	mit	0.98
TYR	1, 130	130	ILE	2, 198	714	mit	mit	0.79
LEU	1, 133	133	ILE	2, 198	714	mit	mit	0.97
ARG	1, 440	440	ILE	2, 198	714	mit	mit	0.98
LEU	2, 159	675	ILE	2, 198	714	mit	mit	0.61
GLU	2, 197	713	ILE	2, 198	714	mit	mit	1
LEU	1, 133	133	CYS	2, 199	715	mit	mit	0.95
GLN	2, 102	618	CYS	2, 199	715	mit	mit	0.96
TRP	2, 103	619	CYS	2, 199	715	mit	mit	0.88
VAL	2, 158	674	CYS	2, 199	715	mit	mit	0.97
LEU	2, 159	675	CYS	2, 199	715	mit	mit	0.91
HIS	2, 160	676	CYS	2, 199	715	mit	mit	0.98
CYS	2, 195	711	CYS	2, 199	715	mit	mit	0.97
GLU	2, 197	713	CYS	2, 199	715	mit	mit	0.99
ILE	2, 198	714	CYS	2, 199	715	mit	mit	1
ASP	1, 52	52	GLY	2, 200	716	mit	mit	0.91
GLN	1, 53	53	GLY	2, 200	716	mit	mit	0.95
ASN	1, 56	56	GLY	2, 200	716	mit	mit	0.92
GLY	1, 124	124	GLY	2, 200	716	mit	mit	0.84
LEU	1, 133	133	GLY	2, 200	716	mit	mit	0.97
ALA	1, 138	138	GLY	2, 200	716	mit	mit	0.71
GLN	2, 102	618	GLY	2, 200	716	mit	mit	0.88
TRP	2, 103	619	GLY	2, 200	716	mit	mit	0.7
VAL	2, 158	674	GLY	2, 200	716	mit	mit	0.8
ILE	2, 198	714	GLY	2, 200	716	mit	mit	0.99
CYS	2, 199	715	GLY	2, 200	716	mit	mit	1
ASP	1, 51	51	ALA	2, 201	717	mit	mit	0.9
ASP	1, 52	52	ALA	2, 201	717	mit	mit	0.98
GLN	1, 53	53	ALA	2, 201	717	mit	mit	0.99
TRP	2, 103	619	ALA	2, 201	717	mit	mit	0.66
GLY	2, 200	716	ALA	2, 201	717	mit	mit	1
ASP	1, 51	51	ASN	2, 202	718	mit	mit	0.57
ASP	1, 52	52	ASN	2, 202	718	mit	mit	0.95
GLN	2, 102	618	ASN	2, 202	718	mit	mit	0.7
TRP	2, 103	619	ASN	2, 202	718	mit	mit	0.99
GLY	2, 200	716	ASN	2, 202	718	mit	mit	0.99
ALA	2, 201	717	ASN	2, 202	718	mit	mit	1
ASP	1, 52	52	HIS	2, 203	719	mit	mit	0.94
ASN	1, 56	56	HIS	2, 203	719	mit	mit	0.71
ARG	1, 440	440	HIS	2, 203	719	mit	mit	0.92
TYR	1, 441	441	HIS	2, 203	719	mit	mit	0.94
TRP	2, 103	619	HIS	2, 203	719	mit	mit	0.67
CYS	2, 195	711	HIS	2, 203	719	mit	mit	0.98
ILE	2, 198	714	HIS	2, 203	719	mit	mit	0.98
CYS	2, 199	715	HIS	2, 203	719	mit	mit	0.99
GLY	2, 200	716	HIS	2, 203	719	mit	mit	1
ALA	2, 201	717	HIS	2, 203	719	mit	mit	0.95
ASN	2, 202	718	HIS	2, 203	719	mit	mit	1
ASP	1, 52	52	SER	2, 204	720	mit	mit	0.94
TYR	1, 441	441	SER	2, 204	720	mit	mit	0.99
SER	1, 442	442	SER	2, 204	720	mit	mit	0.99
ASP	1, 443	443	SER	2, 204	720	mit	mit	0.99
TYR	1, 444	444	SER	2, 204	720	mit	mit	0.61
LEU	2, 134	650	SER	2, 204	720	mit	mit	0.91
GLN	2, 194	710	SER	2, 204	720	mit	mit	0.57
ASN	2, 202	718	SER	2, 204	720	mit	mit	0.98
HIS	2, 203	719	SER	2, 204	720	mit	mit	1
TRP	2, 103	619	TYR	2, 205	721	mit	mit	0.96
MET	2, 121	637	TYR	2, 205	721	mit	mit	0.99
LEU	2, 134	650	TYR	2, 205	721	mit	mit	0.96
ASN	2, 202	718	TYR	2, 205	721	mit	mit	0.99
HIS	2, 203	719	TYR	2, 205	721	mit	mit	0.95
SER	2, 204	720	TYR	2, 205	721	mit	mit	1
TRP	2, 103	619	MET	2, 206	722	mit	mit	0.99
TYR	2, 104	620	MET	2, 206	722	mit	mit	0.97
TRP	2, 105	621	MET	2, 206	722	mit	mit	0.97
MET	2, 121	637	MET	2, 206	722	mit	mit	0.97
HIS	2, 160	676	MET	2, 206	722	mit	mit	0.67
GLN	2, 194	710	MET	2, 206	722	mit	mit	0.85
CYS	2, 195	711	MET	2, 206	722	mit	mit	1
CYS	2, 199	715	MET	2, 206	722	mit	mit	0.84
ASN	2, 202	718	MET	2, 206	722	mit	mit	0.93
HIS	2, 203	719	MET	2, 206	722	mit	mit	0.97
SER	2, 204	720	MET	2, 206	722	mit	mit	0.74
TYR	2, 205	721	MET	2, 206	722	mit	mit	1
MET	2, 121	637	PRO	2, 207	723	mit	mit	0.99
LEU	2, 134	650	PRO	2, 207	723	mit	mit	0.98
LEU	2, 135	651	PRO	2, 207	723	mit	mit	1
GLU	2, 136	652	PRO	2, 207	723	mit	mit	0.89
VAL	2, 137	653	PRO	2, 207	723	mit	mit	0.99
TYR	2, 192	708	PRO	2, 207	723	mit	mit	0.97
GLY	2, 193	709	PRO	2, 207	723	mit	mit	0.99
GLN	2, 194	710	PRO	2, 207	723	mit	mit	1
CYS	2, 195	711	PRO	2, 207	723	mit	mit	0.86
TYR	2, 205	721	PRO	2, 207	723	mit	mit	0.88
MET	2, 206	722	PRO	2, 207	723	mit	mit	1
TRP	2, 105	621	ILE	2, 208	724	mit	mit	0.99
SER	2, 119	635	ILE	2, 208	724	mit	mit	0.77
VAL	2, 137	653	ILE	2, 208	724	mit	mit	0.8
ILE	2, 141	657	ILE	2, 208	724	mit	mit	0.75
TRP	2, 162	678	ILE	2, 208	724	mit	mit	0.98
ALA	2, 163	679	ILE	2, 208	724	mit	mit	0.93
VAL	2, 164	680	ILE	2, 208	724	mit	mit	0.99
TYR	2, 192	708	ILE	2, 208	724	mit	mit	0.95
GLY	2, 193	709	ILE	2, 208	724	mit	mit	1
GLN	2, 194	710	ILE	2, 208	724	mit	mit	0.99
CYS	2, 195	711	ILE	2, 208	724	mit	mit	0.9
MET	2, 206	722	ILE	2, 208	724	mit	mit	0.64
PRO	2, 207	723	ILE	2, 208	724	mit	mit	1
SER	2, 119	635	VAL	2, 209	725	mit	mit	0.76
LEU	2, 135	651	VAL	2, 209	725	mit	mit	0.91
GLU	2, 136	652	VAL	2, 209	725	mit	mit	0.92
VAL	2, 137	653	VAL	2, 209	725	mit	mit	1
ARG	2, 140	656	VAL	2, 209	725	mit	mit	0.99
ILE	2, 141	657	VAL	2, 209	725	mit	mit	0.98
VAL	2, 190	706	VAL	2, 209	725	mit	mit	0.99
PHE	2, 191	707	VAL	2, 209	725	mit	mit	0.95
TYR	2, 192	708	VAL	2, 209	725	mit	mit	1
GLY	2, 193	709	VAL	2, 209	725	mit	mit	0.97
PRO	2, 207	723	VAL	2, 209	725	mit	mit	1
ILE	2, 208	724	VAL	2, 209	725	mit	mit	1
ARG	2, 140	656	VAL	2, 210	726	mit	mit	0.88
ILE	2, 141	657	VAL	2, 210	726	mit	mit	1
ILE	2, 143	659	VAL	2, 210	726	mit	mit	0.99
VAL	2, 164	680	VAL	2, 210	726	mit	mit	0.99
LEU	2, 167	683	VAL	2, 210	726	mit	mit	0.85
VAL	2, 190	706	VAL	2, 210	726	mit	mit	0.96
PHE	2, 191	707	VAL	2, 210	726	mit	mit	1
ILE	2, 208	724	VAL	2, 210	726	mit	mit	1
VAL	2, 209	725	VAL	2, 210	726	mit	mit	1
ARG	2, 140	656	GLU	2, 211	727	mit	mit	1
ILE	2, 141	657	GLU	2, 211	727	mit	mit	0.99
VAL	2, 142	658	GLU	2, 211	727	mit	mit	1
ILE	2, 143	659	GLU	2, 211	727	mit	mit	0.96
GLY	2, 189	705	GLU	2, 211	727	mit	mit	0.99
VAL	2, 190	706	GLU	2, 211	727	mit	mit	1
PHE	2, 191	707	GLU	2, 211	727	mit	mit	0.58
VAL	2, 209	725	GLU	2, 211	727	mit	mit	0.99
VAL	2, 210	726	GLU	2, 211	727	mit	mit	1
VAL	2, 142	658	SER	2, 212	728	mit	mit	0.6
ILE	2, 143	659	SER	2, 212	728	mit	mit	1
PRO	2, 144	660	SER	2, 212	728	mit	mit	0.89
MET	2, 145	661	SER	2, 212	728	mit	mit	0.99
THR	2, 185	701	SER	2, 212	728	mit	mit	1
ARG	2, 187	703	SER	2, 212	728	mit	mit	0.88
PRO	2, 188	704	SER	2, 212	728	mit	mit	1
GLY	2, 189	705	SER	2, 212	728	mit	mit	1
VAL	2, 190	706	SER	2, 212	728	mit	mit	0.74
PHE	2, 191	707	SER	2, 212	728	mit	mit	0.89
VAL	2, 210	726	SER	2, 212	728	mit	mit	0.99
GLU	2, 211	727	SER	2, 212	728	mit	mit	1
VAL	2, 142	658	THR	2, 213	729	mit	mit	0.99
ILE	2, 143	659	THR	2, 213	729	mit	mit	0.72
PRO	2, 144	660	THR	2, 213	729	mit	mit	0.96
MET	2, 145	661	THR	2, 213	729	mit	mit	0.97
PRO	2, 188	704	THR	2, 213	729	mit	mit	0.97
GLY	2, 189	705	THR	2, 213	729	mit	mit	0.65
GLU	2, 211	727	THR	2, 213	729	mit	mit	1
SER	2, 212	728	THR	2, 213	729	mit	mit	1
PRO	2, 144	660	PRO	2, 214	730	mit	mit	0.92
MET	2, 145	661	PRO	2, 214	730	mit	mit	0.99
PRO	2, 188	704	PRO	2, 214	730	mit	mit	0.88
THR	2, 213	729	PRO	2, 214	730	mit	mit	1
PRO	2, 144	660	LEU	2, 215	731	mit	mit	0.99
MET	2, 145	661	LEU	2, 215	731	mit	mit	0.66
SER	2, 147	663	LEU	2, 215	731	mit	mit	0.8
PRO	2, 214	730	LEU	2, 215	731	mit	mit	1
PRO	2, 214	730	LYS	2, 216	732	mit	mit	0.99
LEU	2, 215	731	LYS	2, 216	732	mit	mit	1
THR	2, 213	729	HIS	2, 217	733	mit	mit	0.99
PRO	2, 214	730	HIS	2, 217	733	mit	mit	0.99
LEU	2, 215	731	HIS	2, 217	733	mit	mit	0.93
LYS	2, 216	732	HIS	2, 217	733	mit	mit	1
VAL	2, 142	658	PHE	2, 218	734	mit	mit	0.98
ILE	2, 143	659	PHE	2, 218	734	mit	mit	0.91
PRO	2, 144	660	PHE	2, 218	734	mit	mit	0.99
THR	2, 213	729	PHE	2, 218	734	mit	mit	0.99
PRO	2, 214	730	PHE	2, 218	734	mit	mit	0.95
LEU	2, 215	731	PHE	2, 218	734	mit	mit	0.99
LYS	2, 216	732	PHE	2, 218	734	mit	mit	0.98
HIS	2, 217	733	PHE	2, 218	734	mit	mit	1
LEU	2, 215	731	GLU	2, 219	735	mit	mit	0.97
LYS	2, 216	732	GLU	2, 219	735	mit	mit	0.98
HIS	2, 217	733	GLU	2, 219	735	mit	mit	0.97
PHE	2, 218	734	GLU	2, 219	735	mit	mit	1
LYS	2, 216	732	ALA	2, 220	736	mit	mit	0.94
HIS	2, 217	733	ALA	2, 220	736	mit	mit	0.99
PHE	2, 218	734	ALA	2, 220	736	mit	mit	0.98
GLU	2, 219	735	ALA	2, 220	736	mit	mit	1
VAL	2, 142	658	TRP	2, 221	737	mit	mit	0.97
THR	2, 213	729	TRP	2, 221	737	mit	mit	0.65
HIS	2, 217	733	TRP	2, 221	737	mit	mit	0.98
PHE	2, 218	734	TRP	2, 221	737	mit	mit	0.99
GLU	2, 219	735	TRP	2, 221	737	mit	mit	0.97
ALA	2, 220	736	TRP	2, 221	737	mit	mit	1
TYR	2, 109	625	SER	2, 222	738	mit	mit	0.81
LYS	2, 113	629	SER	2, 222	738	mit	mit	0.58
LEU	2, 115	631	SER	2, 222	738	mit	mit	0.83
VAL	2, 142	658	SER	2, 222	738	mit	mit	0.54
PHE	2, 218	734	SER	2, 222	738	mit	mit	0.96
GLU	2, 219	735	SER	2, 222	738	mit	mit	0.99
ALA	2, 220	736	SER	2, 222	738	mit	mit	0.95
TRP	2, 221	737	SER	2, 222	738	mit	mit	1
GLU	2, 219	735	SER	2, 223	739	mit	mit	0.92
ALA	2, 220	736	SER	2, 223	739	mit	mit	0.97
TRP	2, 221	737	SER	2, 223	739	mit	mit	0.96
SER	2, 222	738	SER	2, 223	739	mit	mit	1
ALA	2, 220	736	LEU	2, 224	740	mit	mit	0.84
TRP	2, 221	737	LEU	2, 224	740	mit	mit	0.94
SER	2, 222	738	LEU	2, 224	740	mit	mit	0.9
SER	2, 223	739	LEU	2, 224	740	mit	mit	1
LEU	2, 115	631	LEU	2, 225	741	mit	mit	0.86
PHE	2, 117	633	LEU	2, 225	741	mit	mit	0.6
TRP	2, 221	737	LEU	2, 225	741	mit	mit	0.76
SER	2, 222	738	LEU	2, 225	741	mit	mit	0.83
SER	2, 223	739	LEU	2, 225	741	mit	mit	0.76
LEU	2, 224	740	LEU	2, 225	741	mit	mit	1
LEU	2, 115	631	SER	2, 226	742	mit	mit	0.66
SER	2, 223	739	SER	2, 226	742	mit	mit	0.53
LEU	2, 224	740	SER	2, 226	742	mit	mit	0.62
LEU	2, 225	741	SER	2, 226	742	mit	mit	1
LEU	2, 115	631	SER	2, 227	743	mit	mit	0.52
LEU	2, 225	741	SER	2, 227	743	mit	mit	0.71
SER	2, 226	742	SER	2, 227	743	mit	mit	1
MET	3, 1	744	ALA	3, 2	745	mit	mit	1
GLU	1, 507	507	HIS	3, 3	746	mit	mit	0.63
MET	3, 1	744	HIS	3, 3	746	mit	mit	0.74
ALA	3, 2	745	HIS	3, 3	746	mit	mit	1
GLU	1, 507	507	GLN	3, 4	747	mit	mit	0.92
ALA	3, 2	745	GLN	3, 4	747	mit	mit	0.72
HIS	3, 3	746	GLN	3, 4	747	mit	mit	1
GLU	1, 507	507	ALA	3, 5	748	mit	mit	0.94
GLU	1, 508	508	ALA	3, 5	748	mit	mit	0.98
PRO	1, 509	509	ALA	3, 5	748	mit	mit	0.92
HIS	3, 3	746	ALA	3, 5	748	mit	mit	0.74
GLN	3, 4	747	ALA	3, 5	748	mit	mit	1
PRO	1, 91	91	HIS	3, 6	749	mit	mit	0.97
PHE	1, 506	506	HIS	3, 6	749	mit	mit	0.78
GLU	1, 507	507	HIS	3, 6	749	mit	mit	0.79
GLU	1, 508	508	HIS	3, 6	749	mit	mit	0.86
PRO	1, 509	509	HIS	3, 6	749	mit	mit	0.98
GLN	3, 4	747	HIS	3, 6	749	mit	mit	0.96
ALA	3, 5	748	HIS	3, 6	749	mit	mit	1
HIS	3, 6	749	SER	3, 7	750	mit	mit	1
ALA	1, 90	90	TYR	3, 8	751	mit	mit	0.76
PRO	1, 91	91	TYR	3, 8	751	mit	mit	0.98
ASP	1, 92	92	TYR	3, 8	751	mit	mit	0.87
MET	1, 172	172	TYR	3, 8	751	mit	mit	0.94
HIS	3, 6	749	TYR	3, 8	751	mit	mit	0.99
SER	3, 7	750	TYR	3, 8	751	mit	mit	1
TYR	3, 8	751	HIS	3, 9	752	mit	mit	1
THR	1, 11	11	MET	3, 10	753	mit	mit	0.62
PRO	1, 91	91	MET	3, 10	753	mit	mit	0.92
ASP	1, 92	92	MET	3, 10	753	mit	mit	0.96
PRO	1, 96	96	MET	3, 10	753	mit	mit	0.68
GLN	3, 4	747	MET	3, 10	753	mit	mit	0.84
TYR	3, 8	751	MET	3, 10	753	mit	mit	0.97
HIS	3, 9	752	MET	3, 10	753	mit	mit	1
THR	1, 11	11	VAL	3, 11	754	mit	mit	0.99
PRO	1, 96	96	VAL	3, 11	754	mit	mit	0.99
ARG	1, 97	97	VAL	3, 11	754	mit	mit	0.99
HIS	3, 9	752	VAL	3, 11	754	mit	mit	0.99
MET	3, 10	753	VAL	3, 11	754	mit	mit	1
THR	1, 11	11	ASP	3, 12	755	mit	mit	0.92
MET	3, 10	753	ASP	3, 12	755	mit	mit	0.54
VAL	3, 11	754	ASP	3, 12	755	mit	mit	1
ASN	1, 5	5	PRO	3, 13	756	mit	mit	0.99
ARG	1, 6	6	PRO	3, 13	756	mit	mit	0.53
PHE	1, 9	9	PRO	3, 13	756	mit	mit	0.99
SER	1, 10	10	PRO	3, 13	756	mit	mit	0.95
THR	1, 11	11	PRO	3, 13	756	mit	mit	0.99
VAL	3, 11	754	PRO	3, 13	756	mit	mit	0.6
ASP	3, 12	755	PRO	3, 13	756	mit	mit	1
PHE	1, 9	9	SER	3, 14	757	mit	mit	0.99
THR	1, 11	11	SER	3, 14	757	mit	mit	0.93
ARG	1, 97	97	SER	3, 14	757	mit	mit	0.99
ASN	1, 100	100	SER	3, 14	757	mit	mit	0.8
VAL	3, 11	754	SER	3, 14	757	mit	mit	0.96
ASP	3, 12	755	SER	3, 14	757	mit	mit	0.98
PRO	3, 13	756	SER	3, 14	757	mit	mit	1
LEU	1, 8	8	PRO	3, 15	758	mit	mit	0.56
PHE	1, 9	9	PRO	3, 15	758	mit	mit	0.99
SER	3, 14	757	PRO	3, 15	758	mit	mit	1
ARG	1, 97	97	TRP	3, 16	759	mit	mit	0.93
SER	3, 14	757	TRP	3, 16	759	mit	mit	1
PRO	3, 15	758	TRP	3, 16	759	mit	mit	1
PHE	1, 9	9	PRO	3, 17	760	mit	mit	0.75
ARG	1, 97	97	PRO	3, 17	760	mit	mit	0.99
MET	1, 98	98	PRO	3, 17	760	mit	mit	0.76
ASN	1, 100	100	PRO	3, 17	760	mit	mit	1
MET	1, 101	101	PRO	3, 17	760	mit	mit	1
TRP	1, 104	104	PRO	3, 17	760	mit	mit	0.99
SER	3, 14	757	PRO	3, 17	760	mit	mit	0.99
PRO	3, 15	758	PRO	3, 17	760	mit	mit	0.97
TRP	3, 16	759	PRO	3, 17	760	mit	mit	1
LEU	1, 8	8	ILE	3, 18	761	mit	mit	0.99
PHE	1, 9	9	ILE	3, 18	761	mit	mit	0.93
ASN	1, 100	100	ILE	3, 18	761	mit	mit	0.84
TRP	1, 104	104	ILE	3, 18	761	mit	mit	1
PRO	3, 15	758	ILE	3, 18	761	mit	mit	0.99
TRP	3, 16	759	ILE	3, 18	761	mit	mit	0.79
PRO	3, 17	760	ILE	3, 18	761	mit	mit	1
PRO	3, 15	758	PHE	3, 19	762	mit	mit	0.99
TRP	3, 16	759	PHE	3, 19	762	mit	mit	1
PRO	3, 17	760	PHE	3, 19	762	mit	mit	0.98
ILE	3, 18	761	PHE	3, 19	762	mit	mit	1
MET	1, 101	101	GLY	3, 20	763	mit	mit	0.98
TRP	1, 104	104	GLY	3, 20	763	mit	mit	0.69
TRP	3, 16	759	GLY	3, 20	763	mit	mit	0.99
PRO	3, 17	760	GLY	3, 20	763	mit	mit	1
ILE	3, 18	761	GLY	3, 20	763	mit	mit	1
PHE	3, 19	762	GLY	3, 20	763	mit	mit	1
MET	1, 101	101	ALA	3, 21	764	mit	mit	0.99
TRP	1, 104	104	ALA	3, 21	764	mit	mit	1
LEU	1, 105	105	ALA	3, 21	764	mit	mit	1
PRO	1, 107	107	ALA	3, 21	764	mit	mit	0.67
PRO	1, 108	108	ALA	3, 21	764	mit	mit	0.99
PRO	3, 17	760	ALA	3, 21	764	mit	mit	0.99
ILE	3, 18	761	ALA	3, 21	764	mit	mit	1
PHE	3, 19	762	ALA	3, 21	764	mit	mit	0.99
GLY	3, 20	763	ALA	3, 21	764	mit	mit	1
PRO	1, 108	108	ALA	3, 22	765	mit	mit	0.94
ILE	3, 18	761	ALA	3, 22	765	mit	mit	1
PHE	3, 19	762	ALA	3, 22	765	mit	mit	1
GLY	3, 20	763	ALA	3, 22	765	mit	mit	1
ALA	3, 21	764	ALA	3, 22	765	mit	mit	1
PHE	3, 19	762	ALA	3, 23	766	mit	mit	1
GLY	3, 20	763	ALA	3, 23	766	mit	mit	1
ALA	3, 21	764	ALA	3, 23	766	mit	mit	1
ALA	3, 22	765	ALA	3, 23	766	mit	mit	1
LEU	1, 105	105	ALA	3, 24	767	mit	mit	0.98
PRO	1, 108	108	ALA	3, 24	767	mit	mit	0.96
LEU	1, 153	153	ALA	3, 24	767	mit	mit	0.99
VAL	1, 156	156	ALA	3, 24	767	mit	mit	0.82
GLY	3, 20	763	ALA	3, 24	767	mit	mit	1
ALA	3, 21	764	ALA	3, 24	767	mit	mit	1
ALA	3, 22	765	ALA	3, 24	767	mit	mit	1
ALA	3, 23	766	ALA	3, 24	767	mit	mit	1
PRO	1, 108	108	LEU	3, 25	768	mit	mit	1
LEU	1, 111	111	LEU	3, 25	768	mit	mit	0.83
LEU	1, 112	112	LEU	3, 25	768	mit	mit	0.81
LEU	1, 153	153	LEU	3, 25	768	mit	mit	0.78
ALA	3, 21	764	LEU	3, 25	768	mit	mit	0.99
ALA	3, 22	765	LEU	3, 25	768	mit	mit	1
ALA	3, 23	766	LEU	3, 25	768	mit	mit	1
ALA	3, 24	767	LEU	3, 25	768	mit	mit	1
ALA	3, 22	765	LEU	3, 26	769	mit	mit	1
ALA	3, 23	766	LEU	3, 26	769	mit	mit	1
ALA	3, 24	767	LEU	3, 26	769	mit	mit	0.99
LEU	3, 25	768	LEU	3, 26	769	mit	mit	1
ALA	3, 23	766	THR	3, 27	770	mit	mit	0.99
ALA	3, 24	767	THR	3, 27	770	mit	mit	1
LEU	3, 25	768	THR	3, 27	770	mit	mit	0.99
LEU	3, 26	769	THR	3, 27	770	mit	mit	1
LEU	1, 112	112	THR	3, 28	771	mit	mit	0.95
PHE	1, 149	149	THR	3, 28	771	mit	mit	1
HIS	1, 152	152	THR	3, 28	771	mit	mit	0.93
LEU	1, 153	153	THR	3, 28	771	mit	mit	0.98
ALA	3, 24	767	THR	3, 28	771	mit	mit	1
LEU	3, 25	768	THR	3, 28	771	mit	mit	1
LEU	3, 26	769	THR	3, 28	771	mit	mit	0.96
THR	3, 27	770	THR	3, 28	771	mit	mit	1
LEU	1, 112	112	SER	3, 29	772	mit	mit	0.88
PHE	1, 149	149	SER	3, 29	772	mit	mit	0.68
LEU	3, 25	768	SER	3, 29	772	mit	mit	1
LEU	3, 26	769	SER	3, 29	772	mit	mit	1
THR	3, 27	770	SER	3, 29	772	mit	mit	0.97
THR	3, 28	771	SER	3, 29	772	mit	mit	1
LEU	3, 26	769	GLY	3, 30	773	mit	mit	1
THR	3, 27	770	GLY	3, 30	773	mit	mit	1
THR	3, 28	771	GLY	3, 30	773	mit	mit	1
SER	3, 29	772	GLY	3, 30	773	mit	mit	1
PHE	1, 149	149	LEU	3, 31	774	mit	mit	0.87
THR	3, 27	770	LEU	3, 31	774	mit	mit	0.99
THR	3, 28	771	LEU	3, 31	774	mit	mit	1
SER	3, 29	772	LEU	3, 31	774	mit	mit	0.99
GLY	3, 30	773	LEU	3, 31	774	mit	mit	1
ALA	1, 142	142	ILE	3, 32	775	mit	mit	0.99
ASP	1, 145	145	ILE	3, 32	775	mit	mit	0.99
LEU	1, 146	146	ILE	3, 32	775	mit	mit	0.99
PHE	1, 149	149	ILE	3, 32	775	mit	mit	0.97
THR	3, 28	771	ILE	3, 32	775	mit	mit	0.98
SER	3, 29	772	ILE	3, 32	775	mit	mit	1
GLY	3, 30	773	ILE	3, 32	775	mit	mit	1
LEU	3, 31	774	ILE	3, 32	775	mit	mit	1
SER	3, 29	772	MET	3, 33	776	mit	mit	0.99
GLY	3, 30	773	MET	3, 33	776	mit	mit	1
LEU	3, 31	774	MET	3, 33	776	mit	mit	0.99
ILE	3, 32	775	MET	3, 33	776	mit	mit	1
GLY	3, 30	773	TRP	3, 34	777	mit	mit	1
LEU	3, 31	774	TRP	3, 34	777	mit	mit	1
ILE	3, 32	775	TRP	3, 34	777	mit	mit	0.99
MET	3, 33	776	TRP	3, 34	777	mit	mit	1
ALA	1, 142	142	PHE	3, 35	778	mit	mit	0.64
ASP	1, 145	145	PHE	3, 35	778	mit	mit	0.94
ASN	1, 215	215	PHE	3, 35	778	mit	mit	0.99
LEU	3, 31	774	PHE	3, 35	778	mit	mit	0.99
ILE	3, 32	775	PHE	3, 35	778	mit	mit	1
MET	3, 33	776	PHE	3, 35	778	mit	mit	0.94
TRP	3, 34	777	PHE	3, 35	778	mit	mit	1
GLY	1, 141	141	HIS	3, 36	779	mit	mit	0.95
ALA	1, 142	142	HIS	3, 36	779	mit	mit	0.99
ASP	1, 145	145	HIS	3, 36	779	mit	mit	0.83
ILE	3, 32	775	HIS	3, 36	779	mit	mit	0.99
MET	3, 33	776	HIS	3, 36	779	mit	mit	0.98
TRP	3, 34	777	HIS	3, 36	779	mit	mit	0.55
PHE	3, 35	778	HIS	3, 36	779	mit	mit	1
MET	3, 33	776	TYR	3, 37	780	mit	mit	0.99
TRP	3, 34	777	TYR	3, 37	780	mit	mit	0.74
HIS	3, 36	779	TYR	3, 37	780	mit	mit	1
TRP	3, 34	777	SER	3, 38	781	mit	mit	0.87
TYR	3, 37	780	SER	3, 38	781	mit	mit	1
GLY	3, 30	773	SER	3, 39	782	mit	mit	0.56
MET	3, 33	776	SER	3, 39	782	mit	mit	0.98
TRP	3, 34	777	SER	3, 39	782	mit	mit	0.97
TYR	3, 37	780	SER	3, 39	782	mit	mit	0.99
SER	3, 38	781	SER	3, 39	782	mit	mit	1
GLY	3, 30	773	THR	3, 40	783	mit	mit	0.51
MET	3, 33	776	THR	3, 40	783	mit	mit	0.61
TRP	3, 34	777	THR	3, 40	783	mit	mit	0.98
SER	3, 39	782	THR	3, 40	783	mit	mit	1
MET	3, 33	776	THR	3, 41	784	mit	mit	0.56
SER	3, 39	782	THR	3, 41	784	mit	mit	0.99
THR	3, 40	783	THR	3, 41	784	mit	mit	1
LEU	3, 26	769	LEU	3, 42	785	mit	mit	0.99
SER	3, 29	772	LEU	3, 42	785	mit	mit	0.98
GLY	3, 30	773	LEU	3, 42	785	mit	mit	1
MET	3, 33	776	LEU	3, 42	785	mit	mit	0.99
TRP	3, 34	777	LEU	3, 42	785	mit	mit	0.56
SER	3, 39	782	LEU	3, 42	785	mit	mit	0.95
THR	3, 40	783	LEU	3, 42	785	mit	mit	0.87
THR	3, 41	784	LEU	3, 42	785	mit	mit	1
THR	3, 27	770	LEU	3, 43	786	mit	mit	0.97
GLY	3, 30	773	LEU	3, 43	786	mit	mit	1
LEU	3, 31	774	LEU	3, 43	786	mit	mit	0.98
MET	3, 33	776	LEU	3, 43	786	mit	mit	0.91
TRP	3, 34	777	LEU	3, 43	786	mit	mit	0.98
THR	3, 40	783	LEU	3, 43	786	mit	mit	0.99
THR	3, 41	784	LEU	3, 43	786	mit	mit	0.98
LEU	3, 42	785	LEU	3, 43	786	mit	mit	1
THR	3, 40	783	THR	3, 44	787	mit	mit	0.98
THR	3, 41	784	THR	3, 44	787	mit	mit	0.99
LEU	3, 42	785	THR	3, 44	787	mit	mit	0.98
LEU	3, 43	786	THR	3, 44	787	mit	mit	1
LEU	3, 26	769	MET	3, 45	788	mit	mit	0.99
THR	3, 41	784	MET	3, 45	788	mit	mit	0.98
LEU	3, 42	785	MET	3, 45	788	mit	mit	1
LEU	3, 43	786	MET	3, 45	788	mit	mit	0.99
THR	3, 44	787	MET	3, 45	788	mit	mit	1
ALA	3, 23	766	GLY	3, 46	789	mit	mit	0.99
LEU	3, 26	769	GLY	3, 46	789	mit	mit	1
THR	3, 27	770	GLY	3, 46	789	mit	mit	1
GLY	3, 30	773	GLY	3, 46	789	mit	mit	0.95
LEU	3, 42	785	GLY	3, 46	789	mit	mit	0.98
LEU	3, 43	786	GLY	3, 46	789	mit	mit	1
THR	3, 44	787	GLY	3, 46	789	mit	mit	1
MET	3, 45	788	GLY	3, 46	789	mit	mit	1
THR	3, 27	770	LEU	3, 47	790	mit	mit	0.99
LEU	3, 43	786	LEU	3, 47	790	mit	mit	1
THR	3, 44	787	LEU	3, 47	790	mit	mit	1
MET	3, 45	788	LEU	3, 47	790	mit	mit	0.97
GLY	3, 46	789	LEU	3, 47	790	mit	mit	1
THR	3, 44	787	LEU	3, 48	791	mit	mit	1
MET	3, 45	788	LEU	3, 48	791	mit	mit	1
GLY	3, 46	789	LEU	3, 48	791	mit	mit	1
LEU	3, 47	790	LEU	3, 48	791	mit	mit	1
PHE	3, 19	762	SER	3, 49	792	mit	mit	0.94
GLY	3, 20	763	SER	3, 49	792	mit	mit	0.84
ALA	3, 22	765	SER	3, 49	792	mit	mit	0.9
ALA	3, 23	766	SER	3, 49	792	mit	mit	1
LEU	3, 26	769	SER	3, 49	792	mit	mit	0.98
MET	3, 45	788	SER	3, 49	792	mit	mit	1
GLY	3, 46	789	SER	3, 49	792	mit	mit	1
LEU	3, 47	790	SER	3, 49	792	mit	mit	0.99
LEU	3, 48	791	SER	3, 49	792	mit	mit	1
GLY	3, 20	763	MET	3, 50	793	mit	mit	0.94
ALA	3, 23	766	MET	3, 50	793	mit	mit	1
ALA	3, 24	767	MET	3, 50	793	mit	mit	0.87
THR	3, 27	770	MET	3, 50	793	mit	mit	0.99
GLY	3, 46	789	MET	3, 50	793	mit	mit	1
LEU	3, 47	790	MET	3, 50	793	mit	mit	1
LEU	3, 48	791	MET	3, 50	793	mit	mit	0.99
SER	3, 49	792	MET	3, 50	793	mit	mit	1
LEU	3, 47	790	LEU	3, 51	794	mit	mit	1
LEU	3, 48	791	LEU	3, 51	794	mit	mit	1
SER	3, 49	792	LEU	3, 51	794	mit	mit	0.99
MET	3, 50	793	LEU	3, 51	794	mit	mit	1
LEU	3, 48	791	LEU	3, 52	795	mit	mit	1
SER	3, 49	792	LEU	3, 52	795	mit	mit	1
MET	3, 50	793	LEU	3, 52	795	mit	mit	0.99
LEU	3, 51	794	LEU	3, 52	795	mit	mit	1
TRP	3, 16	759	VAL	3, 53	796	mit	mit	0.99
PHE	3, 19	762	VAL	3, 53	796	mit	mit	0.99
GLY	3, 20	763	VAL	3, 53	796	mit	mit	1
ALA	3, 23	766	VAL	3, 53	796	mit	mit	1
SER	3, 49	792	VAL	3, 53	796	mit	mit	1
MET	3, 50	793	VAL	3, 53	796	mit	mit	1
LEU	3, 51	794	VAL	3, 53	796	mit	mit	0.99
LEU	3, 52	795	VAL	3, 53	796	mit	mit	1
MET	3, 50	793	MET	3, 54	797	mit	mit	1
LEU	3, 51	794	MET	3, 54	797	mit	mit	1
LEU	3, 52	795	MET	3, 54	797	mit	mit	0.99
VAL	3, 53	796	MET	3, 54	797	mit	mit	1
LEU	3, 51	794	LEU	3, 55	798	mit	mit	1
LEU	3, 52	795	LEU	3, 55	798	mit	mit	1
VAL	3, 53	796	LEU	3, 55	798	mit	mit	0.99
MET	3, 54	797	LEU	3, 55	798	mit	mit	1
TRP	3, 16	759	GLN	3, 56	799	mit	mit	0.99
LEU	3, 52	795	GLN	3, 56	799	mit	mit	0.99
VAL	3, 53	796	GLN	3, 56	799	mit	mit	1
MET	3, 54	797	GLN	3, 56	799	mit	mit	0.93
LEU	3, 55	798	GLN	3, 56	799	mit	mit	1
ARG	1, 97	97	TRP	3, 57	800	mit	mit	0.65
TRP	3, 16	759	TRP	3, 57	800	mit	mit	1
VAL	3, 53	796	TRP	3, 57	800	mit	mit	1
MET	3, 54	797	TRP	3, 57	800	mit	mit	1
LEU	3, 55	798	TRP	3, 57	800	mit	mit	0.99
GLN	3, 56	799	TRP	3, 57	800	mit	mit	1
MET	3, 54	797	TRP	3, 58	801	mit	mit	1
LEU	3, 55	798	TRP	3, 58	801	mit	mit	1
GLN	3, 56	799	TRP	3, 58	801	mit	mit	0.86
TRP	3, 57	800	TRP	3, 58	801	mit	mit	1
LEU	3, 55	798	ARG	3, 59	802	mit	mit	1
GLN	3, 56	799	ARG	3, 59	802	mit	mit	1
TRP	3, 57	800	ARG	3, 59	802	mit	mit	0.99
TRP	3, 58	801	ARG	3, 59	802	mit	mit	1
SER	3, 14	757	ASP	3, 60	803	mit	mit	0.91
TRP	3, 16	759	ASP	3, 60	803	mit	mit	0.9
GLN	3, 56	799	ASP	3, 60	803	mit	mit	0.99
TRP	3, 57	800	ASP	3, 60	803	mit	mit	1
TRP	3, 58	801	ASP	3, 60	803	mit	mit	0.99
ARG	3, 59	802	ASP	3, 60	803	mit	mit	1
TRP	3, 57	800	VAL	3, 61	804	mit	mit	0.99
TRP	3, 58	801	VAL	3, 61	804	mit	mit	1
ARG	3, 59	802	VAL	3, 61	804	mit	mit	0.99
ASP	3, 60	803	VAL	3, 61	804	mit	mit	1
TRP	3, 58	801	VAL	3, 62	805	mit	mit	0.99
ARG	3, 59	802	VAL	3, 62	805	mit	mit	1
ASP	3, 60	803	VAL	3, 62	805	mit	mit	0.99
VAL	3, 61	804	VAL	3, 62	805	mit	mit	1
ARG	3, 59	802	ARG	3, 63	806	mit	mit	0.99
ASP	3, 60	803	ARG	3, 63	806	mit	mit	1
VAL	3, 61	804	ARG	3, 63	806	mit	mit	0.99
VAL	3, 62	805	ARG	3, 63	806	mit	mit	1
HIS	3, 9	752	GLU	3, 64	807	mit	mit	0.85
VAL	3, 11	754	GLU	3, 64	807	mit	mit	0.74
ASP	3, 60	803	GLU	3, 64	807	mit	mit	0.99
VAL	3, 61	804	GLU	3, 64	807	mit	mit	1
VAL	3, 62	805	GLU	3, 64	807	mit	mit	0.98
ARG	3, 63	806	GLU	3, 64	807	mit	mit	1
VAL	3, 61	804	SER	3, 65	808	mit	mit	0.99
VAL	3, 62	805	SER	3, 65	808	mit	mit	1
ARG	3, 63	806	SER	3, 65	808	mit	mit	0.92
GLU	3, 64	807	SER	3, 65	808	mit	mit	1
VAL	3, 62	805	THR	3, 66	809	mit	mit	0.99
ARG	3, 63	806	THR	3, 66	809	mit	mit	0.94
SER	3, 65	808	THR	3, 66	809	mit	mit	1
VAL	3, 62	805	PHE	3, 67	810	mit	mit	0.82
ARG	3, 63	806	PHE	3, 67	810	mit	mit	1
GLU	3, 64	807	PHE	3, 67	810	mit	mit	0.87
SER	3, 65	808	PHE	3, 67	810	mit	mit	0.78
THR	3, 66	809	PHE	3, 67	810	mit	mit	1
ARG	3, 63	806	GLN	3, 68	811	mit	mit	0.98
GLU	3, 64	807	GLN	3, 68	811	mit	mit	0.99
SER	3, 65	808	GLN	3, 68	811	mit	mit	0.87
PHE	3, 67	810	GLN	3, 68	811	mit	mit	1
GLU	3, 64	807	GLY	3, 69	812	mit	mit	0.95
SER	3, 65	808	GLY	3, 69	812	mit	mit	0.99
THR	3, 66	809	GLY	3, 69	812	mit	mit	0.94
PHE	3, 67	810	GLY	3, 69	812	mit	mit	0.99
GLN	3, 68	811	GLY	3, 69	812	mit	mit	1
HIS	3, 9	752	HIS	3, 70	813	mit	mit	0.98
GLU	3, 64	807	HIS	3, 70	813	mit	mit	0.99
SER	3, 65	808	HIS	3, 70	813	mit	mit	0.96
GLN	3, 68	811	HIS	3, 70	813	mit	mit	1
GLY	3, 69	812	HIS	3, 70	813	mit	mit	1
HIS	3, 9	752	HIS	3, 71	814	mit	mit	0.84
GLU	3, 64	807	HIS	3, 71	814	mit	mit	0.87
SER	3, 65	808	HIS	3, 71	814	mit	mit	0.99
GLY	3, 69	812	HIS	3, 71	814	mit	mit	1
HIS	3, 70	813	HIS	3, 71	814	mit	mit	1
SER	3, 7	750	THR	3, 72	815	mit	mit	0.99
TYR	3, 8	751	THR	3, 72	815	mit	mit	0.71
HIS	3, 9	752	THR	3, 72	815	mit	mit	0.73
HIS	3, 70	813	THR	3, 72	815	mit	mit	0.95
HIS	3, 71	814	THR	3, 72	815	mit	mit	1
SER	3, 7	750	PRO	3, 73	816	mit	mit	0.72
THR	3, 72	815	PRO	3, 73	816	mit	mit	1
ASN	1, 171	171	THR	3, 74	817	mit	mit	0.89
SER	3, 7	750	THR	3, 74	817	mit	mit	0.98
TYR	3, 8	751	THR	3, 74	817	mit	mit	0.96
THR	3, 72	815	THR	3, 74	817	mit	mit	1
PRO	3, 73	816	THR	3, 74	817	mit	mit	1
SER	3, 7	750	VAL	3, 75	818	mit	mit	0.86
TYR	3, 8	751	VAL	3, 75	818	mit	mit	0.97
HIS	3, 9	752	VAL	3, 75	818	mit	mit	0.98
HIS	3, 70	813	VAL	3, 75	818	mit	mit	0.92
HIS	3, 71	814	VAL	3, 75	818	mit	mit	1
THR	3, 72	815	VAL	3, 75	818	mit	mit	1
PRO	3, 73	816	VAL	3, 75	818	mit	mit	0.98
THR	3, 74	817	VAL	3, 75	818	mit	mit	1
HIS	3, 71	814	GLN	3, 76	819	mit	mit	0.99
THR	3, 72	815	GLN	3, 76	819	mit	mit	0.98
PRO	3, 73	816	GLN	3, 76	819	mit	mit	1
THR	3, 74	817	GLN	3, 76	819	mit	mit	0.99
VAL	3, 75	818	GLN	3, 76	819	mit	mit	1
ASN	1, 171	171	LYS	3, 77	820	mit	mit	0.99
PRO	3, 73	816	LYS	3, 77	820	mit	mit	0.98
THR	3, 74	817	LYS	3, 77	820	mit	mit	1
VAL	3, 75	818	LYS	3, 77	820	mit	mit	0.99
GLN	3, 76	819	LYS	3, 77	820	mit	mit	1
ALA	1, 94	94	GLY	3, 78	821	mit	mit	0.99
THR	1, 167	167	GLY	3, 78	821	mit	mit	1
ASN	1, 171	171	GLY	3, 78	821	mit	mit	1
THR	3, 74	817	GLY	3, 78	821	mit	mit	0.96
VAL	3, 75	818	GLY	3, 78	821	mit	mit	1
GLN	3, 76	819	GLY	3, 78	821	mit	mit	1
LYS	3, 77	820	GLY	3, 78	821	mit	mit	1
HIS	3, 71	814	LEU	3, 79	822	mit	mit	0.74
VAL	3, 75	818	LEU	3, 79	822	mit	mit	1
GLN	3, 76	819	LEU	3, 79	822	mit	mit	1
LYS	3, 77	820	LEU	3, 79	822	mit	mit	0.99
GLY	3, 78	821	LEU	3, 79	822	mit	mit	1
GLN	3, 76	819	ARG	3, 80	823	mit	mit	1
LYS	3, 77	820	ARG	3, 80	823	mit	mit	1
GLY	3, 78	821	ARG	3, 80	823	mit	mit	1
LEU	3, 79	822	ARG	3, 80	823	mit	mit	1
ILE	1, 166	166	TYR	3, 81	824	mit	mit	0.9
THR	1, 167	167	TYR	3, 81	824	mit	mit	1
ILE	1, 170	170	TYR	3, 81	824	mit	mit	0.98
ASN	1, 171	171	TYR	3, 81	824	mit	mit	0.98
LYS	3, 77	820	TYR	3, 81	824	mit	mit	0.99
GLY	3, 78	821	TYR	3, 81	824	mit	mit	1
LEU	3, 79	822	TYR	3, 81	824	mit	mit	0.99
ARG	3, 80	823	TYR	3, 81	824	mit	mit	1
ALA	1, 94	94	GLY	3, 82	825	mit	mit	0.53
PHE	1, 95	95	GLY	3, 82	825	mit	mit	0.55
ILE	1, 163	163	GLY	3, 82	825	mit	mit	1
THR	1, 167	167	GLY	3, 82	825	mit	mit	1
GLY	3, 78	821	GLY	3, 82	825	mit	mit	1
LEU	3, 79	822	GLY	3, 82	825	mit	mit	1
ARG	3, 80	823	GLY	3, 82	825	mit	mit	1
TYR	3, 81	824	GLY	3, 82	825	mit	mit	1
LEU	3, 79	822	MET	3, 83	826	mit	mit	0.99
ARG	3, 80	823	MET	3, 83	826	mit	mit	1
TYR	3, 81	824	MET	3, 83	826	mit	mit	0.98
GLY	3, 82	825	MET	3, 83	826	mit	mit	1
ARG	3, 80	823	ILE	3, 84	827	mit	mit	0.99
TYR	3, 81	824	ILE	3, 84	827	mit	mit	1
GLY	3, 82	825	ILE	3, 84	827	mit	mit	1
MET	3, 83	826	ILE	3, 84	827	mit	mit	1
ALA	1, 162	162	LEU	3, 85	828	mit	mit	0.65
ILE	1, 163	163	LEU	3, 85	828	mit	mit	1
ILE	1, 166	166	LEU	3, 85	828	mit	mit	0.99
THR	1, 167	167	LEU	3, 85	828	mit	mit	0.95
LEU	1, 197	197	LEU	3, 85	828	mit	mit	0.98
TYR	3, 81	824	LEU	3, 85	828	mit	mit	1
GLY	3, 82	825	LEU	3, 85	828	mit	mit	1
MET	3, 83	826	LEU	3, 85	828	mit	mit	0.99
ILE	3, 84	827	LEU	3, 85	828	mit	mit	1
ILE	1, 163	163	PHE	3, 86	829	mit	mit	0.99
GLY	3, 82	825	PHE	3, 86	829	mit	mit	1
MET	3, 83	826	PHE	3, 86	829	mit	mit	1
ILE	3, 84	827	PHE	3, 86	829	mit	mit	1
LEU	3, 85	828	PHE	3, 86	829	mit	mit	1
MET	3, 83	826	ILE	3, 87	830	mit	mit	1
ILE	3, 84	827	ILE	3, 87	830	mit	mit	1
LEU	3, 85	828	ILE	3, 87	830	mit	mit	0.99
PHE	3, 86	829	ILE	3, 87	830	mit	mit	1
LEU	1, 197	197	THR	3, 88	831	mit	mit	0.97
LEU	1, 198	198	THR	3, 88	831	mit	mit	0.73
ILE	3, 84	827	THR	3, 88	831	mit	mit	0.99
LEU	3, 85	828	THR	3, 88	831	mit	mit	1
PHE	3, 86	829	THR	3, 88	831	mit	mit	1
ILE	3, 87	830	THR	3, 88	831	mit	mit	1
ILE	1, 159	159	SER	3, 89	832	mit	mit	1
ILE	1, 163	163	SER	3, 89	832	mit	mit	0.79
LEU	1, 197	197	SER	3, 89	832	mit	mit	1
LEU	1, 198	198	SER	3, 89	832	mit	mit	0.54
LEU	1, 200	200	SER	3, 89	832	mit	mit	0.59
PRO	1, 201	201	SER	3, 89	832	mit	mit	1
LEU	3, 85	828	SER	3, 89	832	mit	mit	0.99
PHE	3, 86	829	SER	3, 89	832	mit	mit	1
ILE	3, 87	830	SER	3, 89	832	mit	mit	0.99
THR	3, 88	831	SER	3, 89	832	mit	mit	1
PRO	1, 201	201	GLU	3, 90	833	mit	mit	0.92
PHE	3, 86	829	GLU	3, 90	833	mit	mit	1
ILE	3, 87	830	GLU	3, 90	833	mit	mit	1
THR	3, 88	831	GLU	3, 90	833	mit	mit	0.99
SER	3, 89	832	GLU	3, 90	833	mit	mit	1
ILE	3, 87	830	ALA	3, 91	834	mit	mit	1
THR	3, 88	831	ALA	3, 91	834	mit	mit	1
SER	3, 89	832	ALA	3, 91	834	mit	mit	1
GLU	3, 90	833	ALA	3, 91	834	mit	mit	1
LEU	1, 198	198	PHE	3, 92	835	mit	mit	0.99
PRO	1, 201	201	PHE	3, 92	835	mit	mit	1
VAL	1, 202	202	PHE	3, 92	835	mit	mit	0.99
THR	3, 88	831	PHE	3, 92	835	mit	mit	0.98
SER	3, 89	832	PHE	3, 92	835	mit	mit	1
GLU	3, 90	833	PHE	3, 92	835	mit	mit	0.98
ALA	3, 91	834	PHE	3, 92	835	mit	mit	1
PRO	1, 201	201	PHE	3, 93	836	mit	mit	1
VAL	1, 202	202	PHE	3, 93	836	mit	mit	0.86
ALA	1, 204	204	PHE	3, 93	836	mit	mit	0.98
ALA	1, 205	205	PHE	3, 93	836	mit	mit	1
SER	3, 89	832	PHE	3, 93	836	mit	mit	0.99
GLU	3, 90	833	PHE	3, 93	836	mit	mit	1
ALA	3, 91	834	PHE	3, 93	836	mit	mit	1
PHE	3, 92	835	PHE	3, 93	836	mit	mit	1
ALA	1, 205	205	PHE	3, 94	837	mit	mit	0.57
GLU	3, 90	833	PHE	3, 94	837	mit	mit	0.99
ALA	3, 91	834	PHE	3, 94	837	mit	mit	1
PHE	3, 92	835	PHE	3, 94	837	mit	mit	0.99
PHE	3, 93	836	PHE	3, 94	837	mit	mit	1
PRO	1, 201	201	LEU	3, 95	838	mit	mit	0.56
VAL	1, 202	202	LEU	3, 95	838	mit	mit	0.96
ALA	1, 205	205	LEU	3, 95	838	mit	mit	0.68
ALA	3, 91	834	LEU	3, 95	838	mit	mit	0.99
PHE	3, 92	835	LEU	3, 95	838	mit	mit	1
PHE	3, 93	836	LEU	3, 95	838	mit	mit	1
PHE	3, 94	837	LEU	3, 95	838	mit	mit	1
VAL	1, 202	202	GLY	3, 96	839	mit	mit	1
ALA	1, 205	205	GLY	3, 96	839	mit	mit	1
GLY	1, 206	206	GLY	3, 96	839	mit	mit	0.96
LEU	1, 235	235	GLY	3, 96	839	mit	mit	0.98
PHE	3, 92	835	GLY	3, 96	839	mit	mit	0.93
PHE	3, 93	836	GLY	3, 96	839	mit	mit	0.99
PHE	3, 94	837	GLY	3, 96	839	mit	mit	1
LEU	3, 95	838	GLY	3, 96	839	mit	mit	1
ALA	1, 205	205	PHE	3, 97	840	mit	mit	0.99
PHE	3, 93	836	PHE	3, 97	840	mit	mit	0.7
PHE	3, 94	837	PHE	3, 97	840	mit	mit	1
LEU	3, 95	838	PHE	3, 97	840	mit	mit	0.98
GLY	3, 96	839	PHE	3, 97	840	mit	mit	1
PHE	3, 94	837	PHE	3, 98	841	mit	mit	1
LEU	3, 95	838	PHE	3, 98	841	mit	mit	1
GLY	3, 96	839	PHE	3, 98	841	mit	mit	1
PHE	3, 97	840	PHE	3, 98	841	mit	mit	1
HIS	1, 234	234	TRP	3, 99	842	mit	mit	0.83
LEU	1, 235	235	TRP	3, 99	842	mit	mit	0.95
LEU	3, 95	838	TRP	3, 99	842	mit	mit	1
GLY	3, 96	839	TRP	3, 99	842	mit	mit	1
PHE	3, 97	840	TRP	3, 99	842	mit	mit	1
PHE	3, 98	841	TRP	3, 99	842	mit	mit	1
ALA	1, 205	205	ALA	3, 100	843	mit	mit	0.6
MET	1, 209	209	ALA	3, 100	843	mit	mit	0.98
PHE	1, 220	220	ALA	3, 100	843	mit	mit	0.98
LEU	1, 231	231	ALA	3, 100	843	mit	mit	1
LEU	1, 235	235	ALA	3, 100	843	mit	mit	0.82
GLY	3, 96	839	ALA	3, 100	843	mit	mit	1
PHE	3, 97	840	ALA	3, 100	843	mit	mit	1
PHE	3, 98	841	ALA	3, 100	843	mit	mit	1
TRP	3, 99	842	ALA	3, 100	843	mit	mit	1
PHE	3, 97	840	PHE	3, 101	844	mit	mit	0.99
PHE	3, 98	841	PHE	3, 101	844	mit	mit	1
TRP	3, 99	842	PHE	3, 101	844	mit	mit	0.99
ALA	3, 100	843	PHE	3, 101	844	mit	mit	1
PHE	3, 98	841	PHE	3, 102	845	mit	mit	1
TRP	3, 99	842	PHE	3, 102	845	mit	mit	1
ALA	3, 100	843	PHE	3, 102	845	mit	mit	0.92
PHE	3, 101	844	PHE	3, 102	845	mit	mit	1
ASP	1, 228	228	HIS	3, 103	846	mit	mit	0.94
LEU	1, 231	231	HIS	3, 103	846	mit	mit	1
HIS	1, 234	234	HIS	3, 103	846	mit	mit	0.82
TRP	3, 99	842	HIS	3, 103	846	mit	mit	1
ALA	3, 100	843	HIS	3, 103	846	mit	mit	1
PHE	3, 101	844	HIS	3, 103	846	mit	mit	0.99
PHE	3, 102	845	HIS	3, 103	846	mit	mit	1
GLY	1, 226	226	SER	3, 104	847	mit	mit	0.89
GLY	1, 227	227	SER	3, 104	847	mit	mit	0.99
ASP	1, 228	228	SER	3, 104	847	mit	mit	0.93
LEU	1, 231	231	SER	3, 104	847	mit	mit	0.83
ALA	3, 100	843	SER	3, 104	847	mit	mit	0.99
PHE	3, 101	844	SER	3, 104	847	mit	mit	1
PHE	3, 102	845	SER	3, 104	847	mit	mit	0.95
HIS	3, 103	846	SER	3, 104	847	mit	mit	1
PHE	3, 101	844	SER	3, 105	848	mit	mit	0.99
PHE	3, 102	845	SER	3, 105	848	mit	mit	1
HIS	3, 103	846	SER	3, 105	848	mit	mit	0.93
SER	3, 104	847	SER	3, 105	848	mit	mit	1
PHE	3, 102	845	LEU	3, 106	849	mit	mit	0.99
HIS	3, 103	846	LEU	3, 106	849	mit	mit	0.99
SER	3, 104	847	LEU	3, 106	849	mit	mit	0.84
SER	3, 105	848	LEU	3, 106	849	mit	mit	1
HIS	3, 103	846	ALA	3, 107	850	mit	mit	0.9
SER	3, 104	847	ALA	3, 107	850	mit	mit	0.82
LEU	3, 106	849	ALA	3, 107	850	mit	mit	1
SER	3, 104	847	PRO	3, 108	851	mit	mit	0.87
SER	3, 105	848	PRO	3, 108	851	mit	mit	0.91
LEU	3, 106	849	PRO	3, 108	851	mit	mit	0.54
ALA	3, 107	850	PRO	3, 108	851	mit	mit	1
PRO	1, 223	223	THR	3, 109	852	mit	mit	0.81
GLY	1, 226	226	THR	3, 109	852	mit	mit	0.99
GLY	1, 227	227	THR	3, 109	852	mit	mit	0.97
ASP	1, 228	228	THR	3, 109	852	mit	mit	0.95
GLY	2, 176	692	THR	3, 109	852	mit	mit	0.78
ALA	3, 107	850	THR	3, 109	852	mit	mit	0.89
PRO	3, 108	851	THR	3, 109	852	mit	mit	1
THR	3, 109	852	PRO	3, 110	853	mit	mit	1
PRO	1, 223	223	GLU	3, 111	854	mit	mit	0.93
ALA	1, 224	224	GLU	3, 111	854	mit	mit	0.9
GLY	1, 225	225	GLU	3, 111	854	mit	mit	0.98
GLY	1, 226	226	GLU	3, 111	854	mit	mit	0.99
GLY	2, 176	692	GLU	3, 111	854	mit	mit	0.52
THR	3, 109	852	GLU	3, 111	854	mit	mit	0.99
PRO	3, 110	853	GLU	3, 111	854	mit	mit	1
GLY	1, 225	225	LEU	3, 112	855	mit	mit	0.82
GLY	1, 226	226	LEU	3, 112	855	mit	mit	0.99
PRO	3, 108	851	LEU	3, 112	855	mit	mit	0.98
THR	3, 109	852	LEU	3, 112	855	mit	mit	0.99
PRO	3, 110	853	LEU	3, 112	855	mit	mit	0.98
GLU	3, 111	854	LEU	3, 112	855	mit	mit	1
PRO	3, 108	851	GLY	3, 113	856	mit	mit	0.93
THR	3, 109	852	GLY	3, 113	856	mit	mit	0.57
PRO	3, 110	853	GLY	3, 113	856	mit	mit	0.98
GLU	3, 111	854	GLY	3, 113	856	mit	mit	0.99
LEU	3, 112	855	GLY	3, 113	856	mit	mit	1
PRO	3, 108	851	GLY	3, 114	857	mit	mit	0.99
THR	3, 109	852	GLY	3, 114	857	mit	mit	0.9
PRO	3, 110	853	GLY	3, 114	857	mit	mit	0.96
LEU	3, 112	855	GLY	3, 114	857	mit	mit	0.99
GLY	3, 113	856	GLY	3, 114	857	mit	mit	1
PRO	3, 108	851	GLN	3, 115	858	mit	mit	0.97
LEU	3, 112	855	GLN	3, 115	858	mit	mit	0.91
GLY	3, 113	856	GLN	3, 115	858	mit	mit	1
GLY	3, 114	857	GLN	3, 115	858	mit	mit	1
SER	3, 105	848	TRP	3, 116	859	mit	mit	0.98
PRO	3, 108	851	TRP	3, 116	859	mit	mit	0.98
LEU	3, 112	855	TRP	3, 116	859	mit	mit	0.79
GLY	3, 114	857	TRP	3, 116	859	mit	mit	0.83
GLN	3, 115	858	TRP	3, 116	859	mit	mit	1
GLN	3, 115	858	PRO	3, 117	860	mit	mit	0.97
TRP	3, 116	859	PRO	3, 117	860	mit	mit	1
GLY	1, 226	226	PRO	3, 118	861	mit	mit	0.56
PRO	3, 108	851	PRO	3, 118	861	mit	mit	0.75
LEU	3, 112	855	PRO	3, 118	861	mit	mit	0.99
GLY	3, 113	856	PRO	3, 118	861	mit	mit	0.94
GLN	3, 115	858	PRO	3, 118	861	mit	mit	0.93
TRP	3, 116	859	PRO	3, 118	861	mit	mit	0.98
PRO	3, 117	860	PRO	3, 118	861	mit	mit	1
LEU	3, 112	855	THR	3, 119	862	mit	mit	0.91
GLY	3, 113	856	THR	3, 119	862	mit	mit	0.98
GLN	3, 115	858	THR	3, 119	862	mit	mit	0.92
PRO	3, 118	861	THR	3, 119	862	mit	mit	1
PRO	3, 118	861	GLY	3, 120	863	mit	mit	1
THR	3, 119	862	GLY	3, 120	863	mit	mit	1
PRO	3, 117	860	VAL	3, 121	864	mit	mit	0.98
PRO	3, 118	861	VAL	3, 121	864	mit	mit	0.99
THR	3, 119	862	VAL	3, 121	864	mit	mit	0.94
GLY	3, 120	863	VAL	3, 121	864	mit	mit	1
GLY	3, 120	863	LYS	3, 122	865	mit	mit	0.99
VAL	3, 121	864	LYS	3, 122	865	mit	mit	1
PRO	3, 117	860	PRO	3, 123	866	mit	mit	0.98
VAL	3, 121	864	PRO	3, 123	866	mit	mit	0.98
LYS	3, 122	865	PRO	3, 123	866	mit	mit	1
PRO	3, 123	866	LEU	3, 124	867	mit	mit	1
PRO	3, 123	866	ASN	3, 125	868	mit	mit	0.76
LEU	3, 124	867	ASN	3, 125	868	mit	mit	1
LEU	3, 124	867	PRO	3, 126	869	mit	mit	0.94
ASN	3, 125	868	PRO	3, 126	869	mit	mit	1
ASN	3, 125	868	LEU	3, 127	870	mit	mit	0.99
PRO	3, 126	869	LEU	3, 127	870	mit	mit	1
LEU	3, 124	867	GLU	3, 128	871	mit	mit	0.79
ASN	3, 125	868	GLU	3, 128	871	mit	mit	0.99
PRO	3, 126	869	GLU	3, 128	871	mit	mit	0.88
LEU	3, 127	870	GLU	3, 128	871	mit	mit	1
LEU	3, 124	867	VAL	3, 129	872	mit	mit	0.78
GLU	3, 128	871	VAL	3, 129	872	mit	mit	1
LEU	3, 124	867	PRO	3, 130	873	mit	mit	0.95
ASN	3, 125	868	PRO	3, 130	873	mit	mit	0.76
PRO	3, 126	869	PRO	3, 130	873	mit	mit	0.98
LEU	3, 127	870	PRO	3, 130	873	mit	mit	0.7
GLU	3, 128	871	PRO	3, 130	873	mit	mit	0.98
VAL	3, 129	872	PRO	3, 130	873	mit	mit	1
PRO	3, 126	869	LEU	3, 131	874	mit	mit	0.94
LEU	3, 127	870	LEU	3, 131	874	mit	mit	0.98
GLU	3, 128	871	LEU	3, 131	874	mit	mit	0.98
VAL	3, 129	872	LEU	3, 131	874	mit	mit	0.96
PRO	3, 130	873	LEU	3, 131	874	mit	mit	1
GLU	3, 128	871	LEU	3, 132	875	mit	mit	0.86
VAL	3, 129	872	LEU	3, 132	875	mit	mit	1
PRO	3, 130	873	LEU	3, 132	875	mit	mit	0.99
LEU	3, 131	874	LEU	3, 132	875	mit	mit	1
VAL	3, 129	872	ASN	3, 133	876	mit	mit	0.98
PRO	3, 130	873	ASN	3, 133	876	mit	mit	1
LEU	3, 131	874	ASN	3, 133	876	mit	mit	0.99
LEU	3, 132	875	ASN	3, 133	876	mit	mit	1
PRO	3, 130	873	THR	3, 134	877	mit	mit	0.97
LEU	3, 131	874	THR	3, 134	877	mit	mit	1
LEU	3, 132	875	THR	3, 134	877	mit	mit	0.99
ASN	3, 133	876	THR	3, 134	877	mit	mit	1
LEU	3, 131	874	ALA	3, 135	878	mit	mit	0.99
LEU	3, 132	875	ALA	3, 135	878	mit	mit	1
ASN	3, 133	876	ALA	3, 135	878	mit	mit	0.99
THR	3, 134	877	ALA	3, 135	878	mit	mit	1
LEU	3, 132	875	ILE	3, 136	879	mit	mit	0.99
ASN	3, 133	876	ILE	3, 136	879	mit	mit	1
THR	3, 134	877	ILE	3, 136	879	mit	mit	0.99
ALA	3, 135	878	ILE	3, 136	879	mit	mit	1
ASN	3, 133	876	LEU	3, 137	880	mit	mit	0.99
THR	3, 134	877	LEU	3, 137	880	mit	mit	1
ALA	3, 135	878	LEU	3, 137	880	mit	mit	0.95
ILE	3, 136	879	LEU	3, 137	880	mit	mit	1
THR	3, 134	877	LEU	3, 138	881	mit	mit	0.99
ALA	3, 135	878	LEU	3, 138	881	mit	mit	1
ILE	3, 136	879	LEU	3, 138	881	mit	mit	0.98
LEU	3, 137	880	LEU	3, 138	881	mit	mit	1
ALA	3, 135	878	ALA	3, 139	882	mit	mit	0.99
ILE	3, 136	879	ALA	3, 139	882	mit	mit	1
LEU	3, 137	880	ALA	3, 139	882	mit	mit	0.99
LEU	3, 138	881	ALA	3, 139	882	mit	mit	1
ILE	3, 136	879	SER	3, 140	883	mit	mit	0.99
LEU	3, 137	880	SER	3, 140	883	mit	mit	1
LEU	3, 138	881	SER	3, 140	883	mit	mit	0.99
ALA	3, 139	882	SER	3, 140	883	mit	mit	1
LEU	3, 137	880	GLY	3, 141	884	mit	mit	0.98
LEU	3, 138	881	GLY	3, 141	884	mit	mit	1
ALA	3, 139	882	GLY	3, 141	884	mit	mit	1
SER	3, 140	883	GLY	3, 141	884	mit	mit	1
LEU	3, 138	881	VAL	3, 142	885	mit	mit	0.97
ALA	3, 139	882	VAL	3, 142	885	mit	mit	0.99
SER	3, 140	883	VAL	3, 142	885	mit	mit	0.98
GLY	3, 141	884	VAL	3, 142	885	mit	mit	1
ALA	3, 139	882	THR	3, 143	886	mit	mit	0.99
SER	3, 140	883	THR	3, 143	886	mit	mit	1
GLY	3, 141	884	THR	3, 143	886	mit	mit	1
VAL	3, 142	885	THR	3, 143	886	mit	mit	1
SER	3, 140	883	VAL	3, 144	887	mit	mit	0.99
GLY	3, 141	884	VAL	3, 144	887	mit	mit	1
VAL	3, 142	885	VAL	3, 144	887	mit	mit	0.96
THR	3, 143	886	VAL	3, 144	887	mit	mit	1
GLY	3, 141	884	THR	3, 145	888	mit	mit	0.99
VAL	3, 142	885	THR	3, 145	888	mit	mit	1
THR	3, 143	886	THR	3, 145	888	mit	mit	0.99
VAL	3, 144	887	THR	3, 145	888	mit	mit	1
VAL	3, 142	885	TRP	3, 146	889	mit	mit	0.99
THR	3, 143	886	TRP	3, 146	889	mit	mit	1
VAL	3, 144	887	TRP	3, 146	889	mit	mit	1
THR	3, 145	888	TRP	3, 146	889	mit	mit	1
THR	3, 143	886	ALA	3, 147	890	mit	mit	0.99
VAL	3, 144	887	ALA	3, 147	890	mit	mit	1
THR	3, 145	888	ALA	3, 147	890	mit	mit	1
TRP	3, 146	889	ALA	3, 147	890	mit	mit	1
VAL	3, 144	887	HIS	3, 148	891	mit	mit	0.99
THR	3, 145	888	HIS	3, 148	891	mit	mit	1
TRP	3, 146	889	HIS	3, 148	891	mit	mit	0.99
ALA	3, 147	890	HIS	3, 148	891	mit	mit	1
THR	3, 145	888	HIS	3, 149	892	mit	mit	0.99
TRP	3, 146	889	HIS	3, 149	892	mit	mit	1
ALA	3, 147	890	HIS	3, 149	892	mit	mit	0.97
HIS	3, 148	891	HIS	3, 149	892	mit	mit	1
TRP	3, 146	889	SER	3, 150	893	mit	mit	0.99
ALA	3, 147	890	SER	3, 150	893	mit	mit	1
HIS	3, 148	891	SER	3, 150	893	mit	mit	0.99
HIS	3, 149	892	SER	3, 150	893	mit	mit	1
ALA	3, 147	890	ILE	3, 151	894	mit	mit	0.99
HIS	3, 148	891	ILE	3, 151	894	mit	mit	1
HIS	3, 149	892	ILE	3, 151	894	mit	mit	0.98
SER	3, 150	893	ILE	3, 151	894	mit	mit	1
HIS	3, 148	891	THR	3, 152	895	mit	mit	0.99
HIS	3, 149	892	THR	3, 152	895	mit	mit	1
SER	3, 150	893	THR	3, 152	895	mit	mit	0.96
ILE	3, 151	894	THR	3, 152	895	mit	mit	1
HIS	3, 149	892	GLU	3, 153	896	mit	mit	0.97
SER	3, 150	893	GLU	3, 153	896	mit	mit	0.99
ILE	3, 151	894	GLU	3, 153	896	mit	mit	0.95
THR	3, 152	895	GLU	3, 153	896	mit	mit	1
SER	3, 150	893	GLY	3, 154	897	mit	mit	0.97
ILE	3, 151	894	GLY	3, 154	897	mit	mit	0.98
THR	3, 152	895	GLY	3, 154	897	mit	mit	0.99
GLU	3, 153	896	GLY	3, 154	897	mit	mit	1
SER	3, 150	893	ASN	3, 155	898	mit	mit	0.99
ILE	3, 151	894	ASN	3, 155	898	mit	mit	0.61
GLU	3, 153	896	ASN	3, 155	898	mit	mit	0.99
GLY	3, 154	897	ASN	3, 155	898	mit	mit	1
GLY	3, 154	897	ARG	3, 156	899	mit	mit	0.99
ASN	3, 155	898	ARG	3, 156	899	mit	mit	1
ASN	3, 155	898	LYS	3, 157	900	mit	mit	0.99
ARG	3, 156	899	LYS	3, 157	900	mit	mit	1
TRP	3, 146	889	GLN	3, 158	901	mit	mit	0.59
SER	3, 150	893	GLN	3, 158	901	mit	mit	0.99
ASN	3, 155	898	GLN	3, 158	901	mit	mit	0.99
ARG	3, 156	899	GLN	3, 158	901	mit	mit	0.91
LYS	3, 157	900	GLN	3, 158	901	mit	mit	1
ALA	3, 147	890	ALA	3, 159	902	mit	mit	0.99
SER	3, 150	893	ALA	3, 159	902	mit	mit	1
ILE	3, 151	894	ALA	3, 159	902	mit	mit	0.99
GLY	3, 154	897	ALA	3, 159	902	mit	mit	0.77
ASN	3, 155	898	ALA	3, 159	902	mit	mit	0.99
ARG	3, 156	899	ALA	3, 159	902	mit	mit	1
LYS	3, 157	900	ALA	3, 159	902	mit	mit	0.99
GLN	3, 158	901	ALA	3, 159	902	mit	mit	1
ARG	3, 156	899	ILE	3, 160	903	mit	mit	0.98
LYS	3, 157	900	ILE	3, 160	903	mit	mit	0.99
GLN	3, 158	901	ILE	3, 160	903	mit	mit	0.98
ALA	3, 159	902	ILE	3, 160	903	mit	mit	1
LYS	3, 157	900	HIS	3, 161	904	mit	mit	0.98
GLN	3, 158	901	HIS	3, 161	904	mit	mit	1
ALA	3, 159	902	HIS	3, 161	904	mit	mit	0.99
ILE	3, 160	903	HIS	3, 161	904	mit	mit	1
THR	3, 143	886	ALA	3, 162	905	mit	mit	0.99
VAL	3, 144	887	ALA	3, 162	905	mit	mit	0.82
TRP	3, 146	889	ALA	3, 162	905	mit	mit	0.99
ALA	3, 147	890	ALA	3, 162	905	mit	mit	1
SER	3, 150	893	ALA	3, 162	905	mit	mit	0.98
GLN	3, 158	901	ALA	3, 162	905	mit	mit	0.99
ALA	3, 159	902	ALA	3, 162	905	mit	mit	1
ILE	3, 160	903	ALA	3, 162	905	mit	mit	0.98
HIS	3, 161	904	ALA	3, 162	905	mit	mit	1
VAL	3, 144	887	LEU	3, 163	906	mit	mit	0.75
ALA	3, 147	890	LEU	3, 163	906	mit	mit	0.99
ALA	3, 159	902	LEU	3, 163	906	mit	mit	0.99
ILE	3, 160	903	LEU	3, 163	906	mit	mit	1
HIS	3, 161	904	LEU	3, 163	906	mit	mit	0.96
ALA	3, 162	905	LEU	3, 163	906	mit	mit	1
ILE	3, 160	903	THR	3, 164	907	mit	mit	0.99
HIS	3, 161	904	THR	3, 164	907	mit	mit	1
ALA	3, 162	905	THR	3, 164	907	mit	mit	0.99
LEU	3, 163	906	THR	3, 164	907	mit	mit	1
THR	3, 143	886	LEU	3, 165	908	mit	mit	0.99
HIS	3, 161	904	LEU	3, 165	908	mit	mit	0.99
ALA	3, 162	905	LEU	3, 165	908	mit	mit	1
LEU	3, 163	906	LEU	3, 165	908	mit	mit	0.99
THR	3, 164	907	LEU	3, 165	908	mit	mit	1
SER	3, 140	883	THR	3, 166	909	mit	mit	1
GLY	3, 141	884	THR	3, 166	909	mit	mit	0.87
THR	3, 143	886	THR	3, 166	909	mit	mit	1
VAL	3, 144	887	THR	3, 166	909	mit	mit	0.99
ALA	3, 147	890	THR	3, 166	909	mit	mit	0.97
ALA	3, 162	905	THR	3, 166	909	mit	mit	0.99
LEU	3, 163	906	THR	3, 166	909	mit	mit	1
THR	3, 164	907	THR	3, 166	909	mit	mit	0.99
LEU	3, 165	908	THR	3, 166	909	mit	mit	1
LEU	3, 163	906	ILE	3, 167	910	mit	mit	0.99
THR	3, 164	907	ILE	3, 167	910	mit	mit	1
LEU	3, 165	908	ILE	3, 167	910	mit	mit	0.98
THR	3, 166	909	ILE	3, 167	910	mit	mit	1
THR	3, 164	907	LEU	3, 168	911	mit	mit	0.99
LEU	3, 165	908	LEU	3, 168	911	mit	mit	1
THR	3, 166	909	LEU	3, 168	911	mit	mit	0.99
ILE	3, 167	910	LEU	3, 168	911	mit	mit	1
ILE	3, 136	879	LEU	3, 169	912	mit	mit	0.99
LEU	3, 137	880	LEU	3, 169	912	mit	mit	0.62
ALA	3, 139	882	LEU	3, 169	912	mit	mit	0.98
SER	3, 140	883	LEU	3, 169	912	mit	mit	1
THR	3, 143	886	LEU	3, 169	912	mit	mit	0.94
LEU	3, 165	908	LEU	3, 169	912	mit	mit	0.99
THR	3, 166	909	LEU	3, 169	912	mit	mit	1
ILE	3, 167	910	LEU	3, 169	912	mit	mit	0.99
LEU	3, 168	911	LEU	3, 169	912	mit	mit	1
ILE	3, 136	879	GLY	3, 170	913	mit	mit	0.91
LEU	3, 137	880	GLY	3, 170	913	mit	mit	0.53
SER	3, 140	883	GLY	3, 170	913	mit	mit	0.99
THR	3, 166	909	GLY	3, 170	913	mit	mit	0.99
ILE	3, 167	910	GLY	3, 170	913	mit	mit	1
LEU	3, 168	911	GLY	3, 170	913	mit	mit	1
LEU	3, 169	912	GLY	3, 170	913	mit	mit	1
ILE	3, 167	910	PHE	3, 171	914	mit	mit	0.99
LEU	3, 168	911	PHE	3, 171	914	mit	mit	1
LEU	3, 169	912	PHE	3, 171	914	mit	mit	0.98
GLY	3, 170	913	PHE	3, 171	914	mit	mit	1
ILE	3, 136	879	TYR	3, 172	915	mit	mit	0.97
LEU	3, 168	911	TYR	3, 172	915	mit	mit	0.99
LEU	3, 169	912	TYR	3, 172	915	mit	mit	1
GLY	3, 170	913	TYR	3, 172	915	mit	mit	1
PHE	3, 171	914	TYR	3, 172	915	mit	mit	1
ASN	3, 133	876	PHE	3, 173	916	mit	mit	0.99
ILE	3, 136	879	PHE	3, 173	916	mit	mit	0.99
LEU	3, 137	880	PHE	3, 173	916	mit	mit	0.98
SER	3, 140	883	PHE	3, 173	916	mit	mit	0.75
LEU	3, 169	912	PHE	3, 173	916	mit	mit	0.99
GLY	3, 170	913	PHE	3, 173	916	mit	mit	1
PHE	3, 171	914	PHE	3, 173	916	mit	mit	0.99
TYR	3, 172	915	PHE	3, 173	916	mit	mit	1
GLY	3, 170	913	THR	3, 174	917	mit	mit	0.99
PHE	3, 171	914	THR	3, 174	917	mit	mit	1
TYR	3, 172	915	THR	3, 174	917	mit	mit	0.99
PHE	3, 173	916	THR	3, 174	917	mit	mit	1
PHE	3, 171	914	ALA	3, 175	918	mit	mit	0.99
TYR	3, 172	915	ALA	3, 175	918	mit	mit	1
PHE	3, 173	916	ALA	3, 175	918	mit	mit	0.99
THR	3, 174	917	ALA	3, 175	918	mit	mit	1
VAL	3, 129	872	LEU	3, 176	919	mit	mit	0.96
LEU	3, 132	875	LEU	3, 176	919	mit	mit	0.94
ASN	3, 133	876	LEU	3, 176	919	mit	mit	0.98
ILE	3, 136	879	LEU	3, 176	919	mit	mit	0.77
TYR	3, 172	915	LEU	3, 176	919	mit	mit	1
PHE	3, 173	916	LEU	3, 176	919	mit	mit	1
THR	3, 174	917	LEU	3, 176	919	mit	mit	0.98
ALA	3, 175	918	LEU	3, 176	919	mit	mit	1
ASN	3, 133	876	GLN	3, 177	920	mit	mit	0.94
PHE	3, 173	916	GLN	3, 177	920	mit	mit	1
THR	3, 174	917	GLN	3, 177	920	mit	mit	1
ALA	3, 175	918	GLN	3, 177	920	mit	mit	0.99
LEU	3, 176	919	GLN	3, 177	920	mit	mit	1
THR	3, 174	917	ALA	3, 178	921	mit	mit	0.99
ALA	3, 175	918	ALA	3, 178	921	mit	mit	1
LEU	3, 176	919	ALA	3, 178	921	mit	mit	0.99
GLN	3, 177	920	ALA	3, 178	921	mit	mit	1
VAL	3, 129	872	MET	3, 179	922	mit	mit	0.72
ALA	3, 175	918	MET	3, 179	922	mit	mit	0.98
LEU	3, 176	919	MET	3, 179	922	mit	mit	1
GLN	3, 177	920	MET	3, 179	922	mit	mit	0.99
ALA	3, 178	921	MET	3, 179	922	mit	mit	1
LEU	3, 124	867	GLU	3, 180	923	mit	mit	0.9
VAL	3, 129	872	GLU	3, 180	923	mit	mit	0.99
PRO	3, 130	873	GLU	3, 180	923	mit	mit	0.7
LEU	3, 176	919	GLU	3, 180	923	mit	mit	0.99
GLN	3, 177	920	GLU	3, 180	923	mit	mit	1
ALA	3, 178	921	GLU	3, 180	923	mit	mit	0.99
MET	3, 179	922	GLU	3, 180	923	mit	mit	1
GLN	3, 177	920	TYR	3, 181	924	mit	mit	0.99
ALA	3, 178	921	TYR	3, 181	924	mit	mit	1
MET	3, 179	922	TYR	3, 181	924	mit	mit	0.99
GLU	3, 180	923	TYR	3, 181	924	mit	mit	1
ALA	3, 178	921	HIS	3, 182	925	mit	mit	0.97
MET	3, 179	922	HIS	3, 182	925	mit	mit	1
GLU	3, 180	923	HIS	3, 182	925	mit	mit	0.98
TYR	3, 181	924	HIS	3, 182	925	mit	mit	1
MET	3, 179	922	GLU	3, 183	926	mit	mit	0.98
GLU	3, 180	923	GLU	3, 183	926	mit	mit	1
TYR	3, 181	924	GLU	3, 183	926	mit	mit	0.88
HIS	3, 182	925	GLU	3, 183	926	mit	mit	1
LEU	3, 124	867	ALA	3, 184	927	mit	mit	0.96
GLU	3, 180	923	ALA	3, 184	927	mit	mit	0.99
TYR	3, 181	924	ALA	3, 184	927	mit	mit	0.99
HIS	3, 182	925	ALA	3, 184	927	mit	mit	0.97
GLU	3, 183	926	ALA	3, 184	927	mit	mit	1
VAL	3, 121	864	SER	3, 185	928	mit	mit	0.68
LYS	3, 122	865	SER	3, 185	928	mit	mit	0.98
ALA	3, 184	927	SER	3, 185	928	mit	mit	1
VAL	3, 121	864	PHE	3, 186	929	mit	mit	0.97
LYS	3, 122	865	PHE	3, 186	929	mit	mit	0.83
ALA	3, 184	927	PHE	3, 186	929	mit	mit	1
SER	3, 185	928	PHE	3, 186	929	mit	mit	1
ALA	3, 184	927	SER	3, 187	930	mit	mit	0.79
PHE	3, 186	929	SER	3, 187	930	mit	mit	1
LEU	1, 216	216	ILE	3, 188	931	mit	mit	0.96
ASN	1, 217	217	ILE	3, 188	931	mit	mit	0.87
THR	1, 218	218	ILE	3, 188	931	mit	mit	0.98
SER	3, 187	930	ILE	3, 188	931	mit	mit	1
ASN	1, 217	217	ALA	3, 189	932	mit	mit	0.99
THR	1, 218	218	ALA	3, 189	932	mit	mit	0.89
THR	1, 219	219	ALA	3, 189	932	mit	mit	0.63
SER	3, 187	930	ALA	3, 189	932	mit	mit	1
ILE	3, 188	931	ALA	3, 189	932	mit	mit	1
VAL	3, 121	864	ASP	3, 190	933	mit	mit	0.96
PHE	3, 186	929	ASP	3, 190	933	mit	mit	0.99
SER	3, 187	930	ASP	3, 190	933	mit	mit	0.99
ILE	3, 188	931	ASP	3, 190	933	mit	mit	0.95
ALA	3, 189	932	ASP	3, 190	933	mit	mit	1
THR	1, 219	219	SER	3, 191	934	mit	mit	0.98
GLY	1, 225	225	SER	3, 191	934	mit	mit	0.99
GLY	1, 226	226	SER	3, 191	934	mit	mit	0.98
LEU	3, 112	855	SER	3, 191	934	mit	mit	0.95
PRO	3, 118	861	SER	3, 191	934	mit	mit	0.98
VAL	3, 121	864	SER	3, 191	934	mit	mit	0.86
ASP	3, 190	933	SER	3, 191	934	mit	mit	1
THR	1, 219	219	VAL	3, 192	935	mit	mit	0.99
PHE	1, 220	220	VAL	3, 192	935	mit	mit	0.96
GLY	1, 225	225	VAL	3, 192	935	mit	mit	0.98
GLY	1, 226	226	VAL	3, 192	935	mit	mit	0.99
GLY	1, 227	227	VAL	3, 192	935	mit	mit	1
SER	3, 104	847	VAL	3, 192	935	mit	mit	1
LEU	3, 112	855	VAL	3, 192	935	mit	mit	0.84
PRO	3, 118	861	VAL	3, 192	935	mit	mit	0.75
SER	3, 191	934	VAL	3, 192	935	mit	mit	1
TRP	3, 116	859	TYR	3, 193	936	mit	mit	0.6
PRO	3, 117	860	TYR	3, 193	936	mit	mit	0.97
PRO	3, 118	861	TYR	3, 193	936	mit	mit	0.99
VAL	3, 121	864	TYR	3, 193	936	mit	mit	0.97
PHE	3, 186	929	TYR	3, 193	936	mit	mit	0.92
ASP	3, 190	933	TYR	3, 193	936	mit	mit	0.95
SER	3, 191	934	TYR	3, 193	936	mit	mit	1
VAL	3, 192	935	TYR	3, 193	936	mit	mit	1
VAL	3, 121	864	GLY	3, 194	937	mit	mit	0.62
PHE	3, 186	929	GLY	3, 194	937	mit	mit	0.99
SER	3, 187	930	GLY	3, 194	937	mit	mit	0.96
ILE	3, 188	931	GLY	3, 194	937	mit	mit	0.99
ALA	3, 189	932	GLY	3, 194	937	mit	mit	0.72
ASP	3, 190	933	GLY	3, 194	937	mit	mit	0.99
SER	3, 191	934	GLY	3, 194	937	mit	mit	0.99
VAL	3, 192	935	GLY	3, 194	937	mit	mit	1
TYR	3, 193	936	GLY	3, 194	937	mit	mit	1
THR	1, 212	212	SER	3, 195	938	mit	mit	0.78
THR	1, 218	218	SER	3, 195	938	mit	mit	1
THR	1, 219	219	SER	3, 195	938	mit	mit	1
PHE	1, 220	220	SER	3, 195	938	mit	mit	0.99
ILE	3, 188	931	SER	3, 195	938	mit	mit	0.99
ALA	3, 189	932	SER	3, 195	938	mit	mit	0.59
SER	3, 191	934	SER	3, 195	938	mit	mit	0.98
VAL	3, 192	935	SER	3, 195	938	mit	mit	1
TYR	3, 193	936	SER	3, 195	938	mit	mit	0.99
GLY	3, 194	937	SER	3, 195	938	mit	mit	1
PHE	1, 220	220	THR	3, 196	939	mit	mit	0.83
PHE	3, 97	840	THR	3, 196	939	mit	mit	0.92
ALA	3, 100	843	THR	3, 196	939	mit	mit	0.99
PHE	3, 101	844	THR	3, 196	939	mit	mit	1
SER	3, 104	847	THR	3, 196	939	mit	mit	0.97
VAL	3, 192	935	THR	3, 196	939	mit	mit	1
TYR	3, 193	936	THR	3, 196	939	mit	mit	1
GLY	3, 194	937	THR	3, 196	939	mit	mit	1
SER	3, 195	938	THR	3, 196	939	mit	mit	1
PHE	3, 186	929	PHE	3, 197	940	mit	mit	0.76
TYR	3, 193	936	PHE	3, 197	940	mit	mit	1
GLY	3, 194	937	PHE	3, 197	940	mit	mit	1
SER	3, 195	938	PHE	3, 197	940	mit	mit	0.99
THR	3, 196	939	PHE	3, 197	940	mit	mit	1
TYR	3, 181	924	PHE	3, 198	941	mit	mit	0.69
SER	3, 187	930	PHE	3, 198	941	mit	mit	0.78
ILE	3, 188	931	PHE	3, 198	941	mit	mit	1
GLY	3, 194	937	PHE	3, 198	941	mit	mit	1
SER	3, 195	938	PHE	3, 198	941	mit	mit	1
THR	3, 196	939	PHE	3, 198	941	mit	mit	0.66
PHE	3, 197	940	PHE	3, 198	941	mit	mit	1
MET	1, 209	209	VAL	3, 199	942	mit	mit	0.94
THR	1, 212	212	VAL	3, 199	942	mit	mit	0.99
THR	1, 218	218	VAL	3, 199	942	mit	mit	0.96
PHE	3, 97	840	VAL	3, 199	942	mit	mit	0.98
ILE	3, 188	931	VAL	3, 199	942	mit	mit	0.81
SER	3, 195	938	VAL	3, 199	942	mit	mit	1
THR	3, 196	939	VAL	3, 199	942	mit	mit	1
PHE	3, 197	940	VAL	3, 199	942	mit	mit	0.92
PHE	3, 198	941	VAL	3, 199	942	mit	mit	1
PHE	3, 94	837	ALA	3, 200	943	mit	mit	0.84
PHE	3, 97	840	ALA	3, 200	943	mit	mit	1
PHE	3, 98	841	ALA	3, 200	943	mit	mit	0.87
PHE	3, 101	844	ALA	3, 200	943	mit	mit	0.98
THR	3, 196	939	ALA	3, 200	943	mit	mit	1
PHE	3, 197	940	ALA	3, 200	943	mit	mit	1
PHE	3, 198	941	ALA	3, 200	943	mit	mit	0.92
VAL	3, 199	942	ALA	3, 200	943	mit	mit	1
GLN	3, 177	920	THR	3, 201	944	mit	mit	0.88
PHE	3, 197	940	THR	3, 201	944	mit	mit	1
PHE	3, 198	941	THR	3, 201	944	mit	mit	1
VAL	3, 199	942	THR	3, 201	944	mit	mit	0.87
ALA	3, 200	943	THR	3, 201	944	mit	mit	1
PHE	3, 198	941	GLY	3, 202	945	mit	mit	1
VAL	3, 199	942	GLY	3, 202	945	mit	mit	1
ALA	3, 200	943	GLY	3, 202	945	mit	mit	1
THR	3, 201	944	GLY	3, 202	945	mit	mit	1
PHE	3, 94	837	PHE	3, 203	946	mit	mit	0.9
PHE	3, 97	840	PHE	3, 203	946	mit	mit	0.95
VAL	3, 199	942	PHE	3, 203	946	mit	mit	1
ALA	3, 200	943	PHE	3, 203	946	mit	mit	1
THR	3, 201	944	PHE	3, 203	946	mit	mit	0.96
GLY	3, 202	945	PHE	3, 203	946	mit	mit	1
PHE	3, 94	837	HIS	3, 204	947	mit	mit	0.71
ALA	3, 200	943	HIS	3, 204	947	mit	mit	0.99
THR	3, 201	944	HIS	3, 204	947	mit	mit	1
GLY	3, 202	945	HIS	3, 204	947	mit	mit	1
PHE	3, 203	946	HIS	3, 204	947	mit	mit	1
THR	3, 174	917	GLY	3, 205	948	mit	mit	0.97
GLN	3, 177	920	GLY	3, 205	948	mit	mit	0.99
THR	3, 201	944	GLY	3, 205	948	mit	mit	0.99
GLY	3, 202	945	GLY	3, 205	948	mit	mit	1
PHE	3, 203	946	GLY	3, 205	948	mit	mit	1
HIS	3, 204	947	GLY	3, 205	948	mit	mit	1
GLY	3, 202	945	LEU	3, 206	949	mit	mit	1
PHE	3, 203	946	LEU	3, 206	949	mit	mit	1
HIS	3, 204	947	LEU	3, 206	949	mit	mit	0.99
GLY	3, 205	948	LEU	3, 206	949	mit	mit	1
GLU	3, 90	833	HIS	3, 207	950	mit	mit	0.8
PHE	3, 203	946	HIS	3, 207	950	mit	mit	0.99
HIS	3, 204	947	HIS	3, 207	950	mit	mit	1
GLY	3, 205	948	HIS	3, 207	950	mit	mit	1
LEU	3, 206	949	HIS	3, 207	950	mit	mit	1
GLY	3, 170	913	VAL	3, 208	951	mit	mit	0.98
PHE	3, 173	916	VAL	3, 208	951	mit	mit	0.98
THR	3, 174	917	VAL	3, 208	951	mit	mit	0.99
GLN	3, 177	920	VAL	3, 208	951	mit	mit	0.58
HIS	3, 204	947	VAL	3, 208	951	mit	mit	1
GLY	3, 205	948	VAL	3, 208	951	mit	mit	1
LEU	3, 206	949	VAL	3, 208	951	mit	mit	1
HIS	3, 207	950	VAL	3, 208	951	mit	mit	1
THR	3, 174	917	ILE	3, 209	952	mit	mit	0.99
GLY	3, 205	948	ILE	3, 209	952	mit	mit	0.99
LEU	3, 206	949	ILE	3, 209	952	mit	mit	1
HIS	3, 207	950	ILE	3, 209	952	mit	mit	0.99
VAL	3, 208	951	ILE	3, 209	952	mit	mit	1
LEU	3, 206	949	ILE	3, 210	953	mit	mit	1
HIS	3, 207	950	ILE	3, 210	953	mit	mit	1
VAL	3, 208	951	ILE	3, 210	953	mit	mit	0.99
ILE	3, 209	952	ILE	3, 210	953	mit	mit	1
HIS	3, 207	950	GLY	3, 211	954	mit	mit	1
VAL	3, 208	951	GLY	3, 211	954	mit	mit	1
ILE	3, 209	952	GLY	3, 211	954	mit	mit	1
ILE	3, 210	953	GLY	3, 211	954	mit	mit	1
ILE	3, 167	910	SER	3, 212	955	mit	mit	0.99
GLY	3, 170	913	SER	3, 212	955	mit	mit	1
PHE	3, 171	914	SER	3, 212	955	mit	mit	0.99
THR	3, 174	917	SER	3, 212	955	mit	mit	0.92
VAL	3, 208	951	SER	3, 212	955	mit	mit	1
ILE	3, 209	952	SER	3, 212	955	mit	mit	1
ILE	3, 210	953	SER	3, 212	955	mit	mit	0.98
GLY	3, 211	954	SER	3, 212	955	mit	mit	1
ILE	3, 209	952	SER	3, 213	956	mit	mit	0.99
ILE	3, 210	953	SER	3, 213	956	mit	mit	1
GLY	3, 211	954	SER	3, 213	956	mit	mit	1
SER	3, 212	955	SER	3, 213	956	mit	mit	1
ILE	3, 210	953	PHE	3, 214	957	mit	mit	0.99
GLY	3, 211	954	PHE	3, 214	957	mit	mit	1
SER	3, 212	955	PHE	3, 214	957	mit	mit	1
SER	3, 213	956	PHE	3, 214	957	mit	mit	1
VAL	3, 144	887	LEU	3, 215	958	mit	mit	0.58
LEU	3, 163	906	LEU	3, 215	958	mit	mit	0.98
THR	3, 166	909	LEU	3, 215	958	mit	mit	0.99
ILE	3, 167	910	LEU	3, 215	958	mit	mit	0.99
GLY	3, 211	954	LEU	3, 215	958	mit	mit	1
SER	3, 212	955	LEU	3, 215	958	mit	mit	1
SER	3, 213	956	LEU	3, 215	958	mit	mit	0.99
PHE	3, 214	957	LEU	3, 215	958	mit	mit	1
ILE	3, 167	910	THR	3, 216	959	mit	mit	0.99
SER	3, 212	955	THR	3, 216	959	mit	mit	0.99
SER	3, 213	956	THR	3, 216	959	mit	mit	1
PHE	3, 214	957	THR	3, 216	959	mit	mit	0.99
LEU	3, 215	958	THR	3, 216	959	mit	mit	1
TRP	3, 58	801	VAL	3, 217	960	mit	mit	0.75
SER	3, 213	956	VAL	3, 217	960	mit	mit	0.99
PHE	3, 214	957	VAL	3, 217	960	mit	mit	1
LEU	3, 215	958	VAL	3, 217	960	mit	mit	0.99
THR	3, 216	959	VAL	3, 217	960	mit	mit	1
LEU	3, 163	906	CYS	3, 218	961	mit	mit	0.95
PHE	3, 214	957	CYS	3, 218	961	mit	mit	1
LEU	3, 215	958	CYS	3, 218	961	mit	mit	1
THR	3, 216	959	CYS	3, 218	961	mit	mit	1
VAL	3, 217	960	CYS	3, 218	961	mit	mit	1
ILE	3, 160	903	LEU	3, 219	962	mit	mit	0.93
LEU	3, 163	906	LEU	3, 219	962	mit	mit	1
THR	3, 164	907	LEU	3, 219	962	mit	mit	0.97
ILE	3, 167	910	LEU	3, 219	962	mit	mit	0.98
LEU	3, 215	958	LEU	3, 219	962	mit	mit	0.99
THR	3, 216	959	LEU	3, 219	962	mit	mit	1
VAL	3, 217	960	LEU	3, 219	962	mit	mit	1
CYS	3, 218	961	LEU	3, 219	962	mit	mit	1
THR	3, 216	959	LEU	3, 220	963	mit	mit	0.99
VAL	3, 217	960	LEU	3, 220	963	mit	mit	1
CYS	3, 218	961	LEU	3, 220	963	mit	mit	0.99
LEU	3, 219	962	LEU	3, 220	963	mit	mit	1
VAL	3, 62	805	ARG	3, 221	964	mit	mit	0.91
VAL	3, 217	960	ARG	3, 221	964	mit	mit	0.99
CYS	3, 218	961	ARG	3, 221	964	mit	mit	1
LEU	3, 219	962	ARG	3, 221	964	mit	mit	0.99
LEU	3, 220	963	ARG	3, 221	964	mit	mit	1
ILE	3, 151	894	LEU	3, 222	965	mit	mit	0.69
ARG	3, 156	899	LEU	3, 222	965	mit	mit	0.85
ALA	3, 159	902	LEU	3, 222	965	mit	mit	0.98
ILE	3, 160	903	LEU	3, 222	965	mit	mit	0.98
LEU	3, 163	906	LEU	3, 222	965	mit	mit	0.96
CYS	3, 218	961	LEU	3, 222	965	mit	mit	0.99
LEU	3, 219	962	LEU	3, 222	965	mit	mit	1
LEU	3, 220	963	LEU	3, 222	965	mit	mit	0.99
ARG	3, 221	964	LEU	3, 222	965	mit	mit	1
ILE	3, 160	903	ILE	3, 223	966	mit	mit	0.97
LEU	3, 219	962	ILE	3, 223	966	mit	mit	0.99
LEU	3, 220	963	ILE	3, 223	966	mit	mit	1
ARG	3, 221	964	ILE	3, 223	966	mit	mit	0.97
LEU	3, 222	965	ILE	3, 223	966	mit	mit	1
LEU	3, 220	963	LYS	3, 224	967	mit	mit	0.99
ARG	3, 221	964	LYS	3, 224	967	mit	mit	0.99
LEU	3, 222	965	LYS	3, 224	967	mit	mit	0.97
ILE	3, 223	966	LYS	3, 224	967	mit	mit	1
ARG	3, 156	899	PHE	3, 225	968	mit	mit	0.58
LEU	3, 222	965	PHE	3, 225	968	mit	mit	0.76
ILE	3, 223	966	PHE	3, 225	968	mit	mit	0.77
LYS	3, 224	967	PHE	3, 225	968	mit	mit	1
VAL	3, 62	805	HIS	3, 226	969	mit	mit	0.89
THR	3, 66	809	HIS	3, 226	969	mit	mit	0.99
ARG	3, 221	964	HIS	3, 226	969	mit	mit	0.99
LEU	3, 222	965	HIS	3, 226	969	mit	mit	0.96
LYS	3, 224	967	HIS	3, 226	969	mit	mit	1
PHE	3, 225	968	HIS	3, 226	969	mit	mit	1
ILE	3, 151	894	PHE	3, 227	970	mit	mit	0.96
ARG	3, 221	964	PHE	3, 227	970	mit	mit	0.97
LEU	3, 222	965	PHE	3, 227	970	mit	mit	0.99
PHE	3, 225	968	PHE	3, 227	970	mit	mit	0.92
HIS	3, 226	969	PHE	3, 227	970	mit	mit	1
PHE	3, 227	970	THR	3, 228	971	mit	mit	1
ILE	3, 151	894	PRO	3, 229	972	mit	mit	0.96
THR	3, 152	895	PRO	3, 229	972	mit	mit	0.97
GLU	3, 153	896	PRO	3, 229	972	mit	mit	0.84
GLY	3, 154	897	PRO	3, 229	972	mit	mit	0.98
THR	3, 228	971	PRO	3, 229	972	mit	mit	1
THR	3, 228	971	ASN	3, 230	973	mit	mit	0.99
PRO	3, 229	972	ASN	3, 230	973	mit	mit	1
HIS	3, 71	814	HIS	3, 231	974	mit	mit	0.74
GLN	3, 76	819	HIS	3, 231	974	mit	mit	0.76
PHE	3, 227	970	HIS	3, 231	974	mit	mit	0.9
THR	3, 228	971	HIS	3, 231	974	mit	mit	1
PRO	3, 229	972	HIS	3, 231	974	mit	mit	0.54
ASN	3, 230	973	HIS	3, 231	974	mit	mit	1
ILE	3, 151	894	HIS	3, 232	975	mit	mit	0.98
PHE	3, 227	970	HIS	3, 232	975	mit	mit	0.99
THR	3, 228	971	HIS	3, 232	975	mit	mit	0.97
PRO	3, 229	972	HIS	3, 232	975	mit	mit	0.69
ASN	3, 230	973	HIS	3, 232	975	mit	mit	0.64
HIS	3, 231	974	HIS	3, 232	975	mit	mit	1
HIS	3, 71	814	PHE	3, 233	976	mit	mit	0.75
GLN	3, 76	819	PHE	3, 233	976	mit	mit	1
LEU	3, 79	822	PHE	3, 233	976	mit	mit	0.99
ARG	3, 80	823	PHE	3, 233	976	mit	mit	0.96
HIS	3, 231	974	PHE	3, 233	976	mit	mit	0.99
HIS	3, 232	975	PHE	3, 233	976	mit	mit	1
CYS	3, 218	961	GLY	3, 234	977	mit	mit	0.99
HIS	3, 232	975	GLY	3, 234	977	mit	mit	1
PHE	3, 233	976	GLY	3, 234	977	mit	mit	1
ALA	3, 147	890	PHE	3, 235	978	mit	mit	0.67
HIS	3, 148	891	PHE	3, 235	978	mit	mit	0.92
ILE	3, 151	894	PHE	3, 235	978	mit	mit	0.97
CYS	3, 218	961	PHE	3, 235	978	mit	mit	1
LEU	3, 222	965	PHE	3, 235	978	mit	mit	0.75
PHE	3, 227	970	PHE	3, 235	978	mit	mit	0.97
HIS	3, 232	975	PHE	3, 235	978	mit	mit	1
PHE	3, 233	976	PHE	3, 235	978	mit	mit	0.99
GLY	3, 234	977	PHE	3, 235	978	mit	mit	1
ARG	3, 80	823	GLU	3, 236	979	mit	mit	0.72
HIS	3, 148	891	GLU	3, 236	979	mit	mit	0.79
HIS	3, 232	975	GLU	3, 236	979	mit	mit	0.99
PHE	3, 233	976	GLU	3, 236	979	mit	mit	1
GLY	3, 234	977	GLU	3, 236	979	mit	mit	1
PHE	3, 235	978	GLU	3, 236	979	mit	mit	1
LEU	3, 79	822	ALA	3, 237	980	mit	mit	0.76
MET	3, 83	826	ALA	3, 237	980	mit	mit	1
PHE	3, 233	976	ALA	3, 237	980	mit	mit	1
GLY	3, 234	977	ALA	3, 237	980	mit	mit	1
PHE	3, 235	978	ALA	3, 237	980	mit	mit	0.99
GLU	3, 236	979	ALA	3, 237	980	mit	mit	1
GLY	3, 211	954	ALA	3, 238	981	mit	mit	0.97
PHE	3, 214	957	ALA	3, 238	981	mit	mit	1
LEU	3, 215	958	ALA	3, 238	981	mit	mit	0.99
CYS	3, 218	961	ALA	3, 238	981	mit	mit	1
GLY	3, 234	977	ALA	3, 238	981	mit	mit	1
PHE	3, 235	978	ALA	3, 238	981	mit	mit	1
GLU	3, 236	979	ALA	3, 238	981	mit	mit	0.99
ALA	3, 237	980	ALA	3, 238	981	mit	mit	1
VAL	3, 144	887	ALA	3, 239	982	mit	mit	1
THR	3, 145	888	ALA	3, 239	982	mit	mit	0.68
ALA	3, 147	890	ALA	3, 239	982	mit	mit	0.54
HIS	3, 148	891	ALA	3, 239	982	mit	mit	0.99
PHE	3, 235	978	ALA	3, 239	982	mit	mit	1
GLU	3, 236	979	ALA	3, 239	982	mit	mit	1
ALA	3, 237	980	ALA	3, 239	982	mit	mit	0.99
ALA	3, 238	981	ALA	3, 239	982	mit	mit	1
MET	3, 83	826	TRP	3, 240	983	mit	mit	0.99
ILE	3, 84	827	TRP	3, 240	983	mit	mit	0.81
ILE	3, 87	830	TRP	3, 240	983	mit	mit	0.98
GLU	3, 236	979	TRP	3, 240	983	mit	mit	1
ALA	3, 237	980	TRP	3, 240	983	mit	mit	1
ALA	3, 238	981	TRP	3, 240	983	mit	mit	0.99
ALA	3, 239	982	TRP	3, 240	983	mit	mit	1
MET	3, 83	826	TYR	3, 241	984	mit	mit	0.73
ILE	3, 87	830	TYR	3, 241	984	mit	mit	0.98
GLY	3, 211	954	TYR	3, 241	984	mit	mit	1
PHE	3, 214	957	TYR	3, 241	984	mit	mit	0.98
ALA	3, 237	980	TYR	3, 241	984	mit	mit	0.99
ALA	3, 238	981	TYR	3, 241	984	mit	mit	1
ALA	3, 239	982	TYR	3, 241	984	mit	mit	1
TRP	3, 240	983	TYR	3, 241	984	mit	mit	1
SER	3, 140	883	TRP	3, 242	985	mit	mit	0.96
GLY	3, 141	884	TRP	3, 242	985	mit	mit	0.96
VAL	3, 144	887	TRP	3, 242	985	mit	mit	0.99
THR	3, 166	909	TRP	3, 242	985	mit	mit	0.74
GLY	3, 211	954	TRP	3, 242	985	mit	mit	0.99
LEU	3, 215	958	TRP	3, 242	985	mit	mit	0.95
ALA	3, 238	981	TRP	3, 242	985	mit	mit	1
ALA	3, 239	982	TRP	3, 242	985	mit	mit	1
TRP	3, 240	983	TRP	3, 242	985	mit	mit	1
TYR	3, 241	984	TRP	3, 242	985	mit	mit	1
GLY	3, 141	884	HIS	3, 243	986	mit	mit	0.96
VAL	3, 144	887	HIS	3, 243	986	mit	mit	0.65
ALA	3, 239	982	HIS	3, 243	986	mit	mit	1
TRP	3, 240	983	HIS	3, 243	986	mit	mit	1
TYR	3, 241	984	HIS	3, 243	986	mit	mit	0.98
TRP	3, 242	985	HIS	3, 243	986	mit	mit	1
ILE	3, 87	830	PHE	3, 244	987	mit	mit	1
GLU	3, 90	833	PHE	3, 244	987	mit	mit	0.92
ALA	3, 91	834	PHE	3, 244	987	mit	mit	0.93
TRP	3, 240	983	PHE	3, 244	987	mit	mit	0.99
TYR	3, 241	984	PHE	3, 244	987	mit	mit	1
TRP	3, 242	985	PHE	3, 244	987	mit	mit	1
HIS	3, 243	986	PHE	3, 244	987	mit	mit	1
LEU	3, 137	880	VAL	3, 245	988	mit	mit	0.73
HIS	3, 204	947	VAL	3, 245	988	mit	mit	0.96
HIS	3, 207	950	VAL	3, 245	988	mit	mit	1
VAL	3, 208	951	VAL	3, 245	988	mit	mit	1
GLY	3, 211	954	VAL	3, 245	988	mit	mit	0.97
TYR	3, 241	984	VAL	3, 245	988	mit	mit	0.99
TRP	3, 242	985	VAL	3, 245	988	mit	mit	1
HIS	3, 243	986	VAL	3, 245	988	mit	mit	0.98
PHE	3, 244	987	VAL	3, 245	988	mit	mit	1
LEU	3, 137	880	ASP	3, 246	989	mit	mit	1
LEU	3, 138	881	ASP	3, 246	989	mit	mit	0.93
SER	3, 140	883	ASP	3, 246	989	mit	mit	0.92
GLY	3, 141	884	ASP	3, 246	989	mit	mit	1
TRP	3, 242	985	ASP	3, 246	989	mit	mit	0.99
HIS	3, 243	986	ASP	3, 246	989	mit	mit	1
PHE	3, 244	987	ASP	3, 246	989	mit	mit	0.99
VAL	3, 245	988	ASP	3, 246	989	mit	mit	1
HIS	3, 243	986	ILE	3, 247	990	mit	mit	0.99
PHE	3, 244	987	ILE	3, 247	990	mit	mit	1
VAL	3, 245	988	ILE	3, 247	990	mit	mit	0.95
ASP	3, 246	989	ILE	3, 247	990	mit	mit	1
ALA	3, 91	834	ILE	3, 248	991	mit	mit	0.65
PHE	3, 94	837	ILE	3, 248	991	mit	mit	0.99
HIS	3, 204	947	ILE	3, 248	991	mit	mit	0.98
HIS	3, 207	950	ILE	3, 248	991	mit	mit	0.79
PHE	3, 244	987	ILE	3, 248	991	mit	mit	1
VAL	3, 245	988	ILE	3, 248	991	mit	mit	1
ASP	3, 246	989	ILE	3, 248	991	mit	mit	0.98
ILE	3, 247	990	ILE	3, 248	991	mit	mit	1
ASN	3, 133	876	TRP	3, 249	992	mit	mit	0.84
THR	3, 134	877	TRP	3, 249	992	mit	mit	0.97
LEU	3, 137	880	TRP	3, 249	992	mit	mit	0.99
HIS	3, 204	947	TRP	3, 249	992	mit	mit	0.97
VAL	3, 245	988	TRP	3, 249	992	mit	mit	0.99
ASP	3, 246	989	TRP	3, 249	992	mit	mit	1
ILE	3, 247	990	TRP	3, 249	992	mit	mit	0.99
ILE	3, 248	991	TRP	3, 249	992	mit	mit	1
THR	3, 134	877	LEU	3, 250	993	mit	mit	0.95
ASP	3, 246	989	LEU	3, 250	993	mit	mit	0.99
ILE	3, 247	990	LEU	3, 250	993	mit	mit	1
ILE	3, 248	991	LEU	3, 250	993	mit	mit	0.99
TRP	3, 249	992	LEU	3, 250	993	mit	mit	1
PHE	3, 98	841	PHE	3, 251	994	mit	mit	0.94
ILE	3, 247	990	PHE	3, 251	994	mit	mit	0.99
ILE	3, 248	991	PHE	3, 251	994	mit	mit	1
TRP	3, 249	992	PHE	3, 251	994	mit	mit	0.99
LEU	3, 250	993	PHE	3, 251	994	mit	mit	1
ALA	3, 200	943	LEU	3, 252	995	mit	mit	0.99
THR	3, 201	944	LEU	3, 252	995	mit	mit	0.97
HIS	3, 204	947	LEU	3, 252	995	mit	mit	0.97
ILE	3, 248	991	LEU	3, 252	995	mit	mit	1
TRP	3, 249	992	LEU	3, 252	995	mit	mit	1
LEU	3, 250	993	LEU	3, 252	995	mit	mit	0.99
PHE	3, 251	994	LEU	3, 252	995	mit	mit	1
PRO	3, 126	869	TYR	3, 253	996	mit	mit	0.67
PRO	3, 130	873	TYR	3, 253	996	mit	mit	0.96
ASN	3, 133	876	TYR	3, 253	996	mit	mit	0.54
THR	3, 134	877	TYR	3, 253	996	mit	mit	0.99
TRP	3, 249	992	TYR	3, 253	996	mit	mit	1
LEU	3, 250	993	TYR	3, 253	996	mit	mit	1
PHE	3, 251	994	TYR	3, 253	996	mit	mit	0.99
LEU	3, 252	995	TYR	3, 253	996	mit	mit	1
LEU	3, 250	993	MET	3, 254	997	mit	mit	0.99
PHE	3, 251	994	MET	3, 254	997	mit	mit	1
LEU	3, 252	995	MET	3, 254	997	mit	mit	0.94
TYR	3, 253	996	MET	3, 254	997	mit	mit	1
PHE	3, 98	841	SER	3, 255	998	mit	mit	0.95
PHE	3, 101	844	SER	3, 255	998	mit	mit	0.96
PHE	3, 102	845	SER	3, 255	998	mit	mit	0.72
PHE	3, 251	994	SER	3, 255	998	mit	mit	0.99
LEU	3, 252	995	SER	3, 255	998	mit	mit	0.99
TYR	3, 253	996	SER	3, 255	998	mit	mit	0.9
MET	3, 254	997	SER	3, 255	998	mit	mit	1
PHE	3, 101	844	MET	3, 256	999	mit	mit	0.97
THR	3, 196	939	MET	3, 256	999	mit	mit	0.76
PHE	3, 197	940	MET	3, 256	999	mit	mit	0.98
ALA	3, 200	943	MET	3, 256	999	mit	mit	0.93
THR	3, 201	944	MET	3, 256	999	mit	mit	0.72
LEU	3, 252	995	MET	3, 256	999	mit	mit	0.99
TYR	3, 253	996	MET	3, 256	999	mit	mit	0.94
SER	3, 255	998	MET	3, 256	999	mit	mit	1
LEU	3, 124	867	TYR	3, 257	1000	mit	mit	0.88
PRO	3, 126	869	TYR	3, 257	1000	mit	mit	0.97
PRO	3, 130	873	TYR	3, 257	1000	mit	mit	0.98
LEU	3, 252	995	TYR	3, 257	1000	mit	mit	0.92
TYR	3, 253	996	TYR	3, 257	1000	mit	mit	1
MET	3, 254	997	TYR	3, 257	1000	mit	mit	0.8
SER	3, 255	998	TYR	3, 257	1000	mit	mit	0.62
MET	3, 256	999	TYR	3, 257	1000	mit	mit	1
PRO	3, 126	869	TRP	3, 258	1001	mit	mit	0.97
TYR	3, 253	996	TRP	3, 258	1001	mit	mit	0.98
MET	3, 254	997	TRP	3, 258	1001	mit	mit	0.99
SER	3, 255	998	TRP	3, 258	1001	mit	mit	0.89
MET	3, 256	999	TRP	3, 258	1001	mit	mit	0.67
TYR	3, 257	1000	TRP	3, 258	1001	mit	mit	1
MET	3, 254	997	TRP	3, 259	1002	mit	mit	0.96
SER	3, 255	998	TRP	3, 259	1002	mit	mit	0.99
MET	3, 256	999	TRP	3, 259	1002	mit	mit	0.84
TRP	3, 258	1001	TRP	3, 259	1002	mit	mit	1
SER	3, 105	848	GLY	3, 260	1003	mit	mit	0.93
TRP	3, 116	859	GLY	3, 260	1003	mit	mit	0.93
PRO	3, 117	860	GLY	3, 260	1003	mit	mit	0.94
PRO	3, 123	866	GLY	3, 260	1003	mit	mit	0.86
SER	3, 255	998	GLY	3, 260	1003	mit	mit	0.85
MET	3, 256	999	GLY	3, 260	1003	mit	mit	0.97
TYR	3, 257	1000	GLY	3, 260	1003	mit	mit	0.93
TRP	3, 258	1001	GLY	3, 260	1003	mit	mit	0.99
TRP	3, 259	1002	GLY	3, 260	1003	mit	mit	1
PRO	3, 117	860	SER	3, 261	1004	mit	mit	0.9
PRO	3, 123	866	SER	3, 261	1004	mit	mit	0.98
LEU	3, 124	867	SER	3, 261	1004	mit	mit	0.68
ASN	3, 125	868	SER	3, 261	1004	mit	mit	0.52
PRO	3, 126	869	SER	3, 261	1004	mit	mit	0.94
TYR	3, 257	1000	SER	3, 261	1004	mit	mit	0.9
TRP	3, 258	1001	SER	3, 261	1004	mit	mit	0.93
TRP	3, 259	1002	SER	3, 261	1004	mit	mit	0.9
GLY	3, 260	1003	SER	3, 261	1004	mit	mit	1
ALA	4, 1	1005	HIS	4, 2	1006	nuc	nuc	1
ALA	4, 1	1005	GLY	4, 3	1007	nuc	nuc	0.96
HIS	4, 2	1006	GLY	4, 3	1007	nuc	nuc	1
HIS	4, 2	1006	HIS	4, 4	1008	nuc	nuc	0.69
GLY	4, 3	1007	HIS	4, 4	1008	nuc	nuc	1
GLY	4, 3	1007	ALA	4, 5	1009	nuc	nuc	0.93
HIS	4, 4	1008	ALA	4, 5	1009	nuc	nuc	1
HIS	4, 4	1008	GLY	4, 6	1010	nuc	nuc	0.94
ALA	4, 5	1009	GLY	4, 6	1010	nuc	nuc	1
ALA	4, 5	1009	VAL	4, 7	1011	nuc	nuc	0.66
GLY	4, 6	1010	VAL	4, 7	1011	nuc	nuc	1
GLY	4, 6	1010	VAL	4, 8	1012	nuc	nuc	0.93
VAL	4, 7	1011	VAL	4, 8	1012	nuc	nuc	1
VAL	4, 7	1011	LYS	4, 9	1013	nuc	nuc	0.83
VAL	4, 8	1012	LYS	4, 9	1013	nuc	nuc	1
VAL	4, 8	1012	ALA	4, 10	1014	nuc	nuc	0.61
LYS	4, 9	1013	ALA	4, 10	1014	nuc	nuc	1
LYS	4, 9	1013	ASP	4, 11	1015	nuc	nuc	0.84
ALA	4, 10	1014	ASP	4, 11	1015	nuc	nuc	1
LYS	4, 9	1013	ASP	4, 12	1016	nuc	nuc	0.65
ALA	4, 10	1014	ASP	4, 12	1016	nuc	nuc	0.83
ASP	4, 11	1015	ASP	4, 12	1016	nuc	nuc	1
GLN	1, 485	485	PHE	4, 13	1017	mit	nuc	0.72
PRO	1, 486	486	PHE	4, 13	1017	mit	nuc	0.69
GLY	1, 498	498	PHE	4, 13	1017	mit	nuc	0.97
ALA	4, 10	1014	PHE	4, 13	1017	nuc	nuc	0.56
ASP	4, 11	1015	PHE	4, 13	1017	nuc	nuc	0.79
ASP	4, 12	1016	PHE	4, 13	1017	nuc	nuc	1
ASP	4, 12	1016	SER	4, 14	1018	nuc	nuc	0.95
PHE	4, 13	1017	SER	4, 14	1018	nuc	nuc	1
ASP	4, 12	1016	HIS	4, 15	1019	nuc	nuc	0.86
PHE	4, 13	1017	HIS	4, 15	1019	nuc	nuc	0.83
SER	4, 14	1018	HIS	4, 15	1019	nuc	nuc	1
HIS	4, 15	1019	PRO	4, 16	1020	nuc	nuc	1
GLN	1, 485	485	ALA	4, 17	1021	mit	nuc	0.96
HIS	4, 15	1019	ALA	4, 17	1021	nuc	nuc	0.95
PRO	4, 16	1020	ALA	4, 17	1021	nuc	nuc	1
ALA	4, 17	1021	TYR	4, 18	1022	nuc	nuc	1
GLN	1, 485	485	VAL	4, 19	1023	mit	nuc	0.51
GLU	1, 487	487	VAL	4, 19	1023	mit	nuc	0.91
ALA	4, 17	1021	VAL	4, 19	1023	nuc	nuc	0.99
TYR	4, 18	1022	VAL	4, 19	1023	nuc	nuc	1
TYR	4, 18	1022	ASP	4, 20	1024	nuc	nuc	0.88
VAL	4, 19	1023	ASP	4, 20	1024	nuc	nuc	1
THR	1, 332	332	ARG	4, 21	1025	mit	nuc	0.8
GLU	1, 487	487	ARG	4, 21	1025	mit	nuc	0.51
VAL	4, 19	1023	ARG	4, 21	1025	nuc	nuc	1
ASP	4, 20	1024	ARG	4, 21	1025	nuc	nuc	1
THR	1, 332	332	ARG	4, 22	1026	mit	nuc	0.98
SER	2, 51	567	ARG	4, 22	1026	mit	nuc	0.71
ARG	4, 21	1025	ARG	4, 22	1026	nuc	nuc	1
GLY	1, 264	264	ASP	4, 23	1027	mit	nuc	0.96
GLY	1, 331	331	ASP	4, 23	1027	mit	nuc	0.58
THR	1, 332	332	ASP	4, 23	1027	mit	nuc	0.98
SER	2, 51	567	ASP	4, 23	1027	mit	nuc	0.88
ASN	2, 53	569	ASP	4, 23	1027	mit	nuc	0.55
ARG	4, 21	1025	ASP	4, 23	1027	nuc	nuc	1
ARG	4, 22	1026	ASP	4, 23	1027	nuc	nuc	1
VAL	4, 19	1023	VAL	4, 24	1028	nuc	nuc	0.94
ARG	4, 21	1025	VAL	4, 24	1028	nuc	nuc	0.99
ARG	4, 22	1026	VAL	4, 24	1028	nuc	nuc	0.59
ASP	4, 23	1027	VAL	4, 24	1028	nuc	nuc	1
ARG	4, 22	1026	PRO	4, 25	1029	nuc	nuc	0.7
ASP	4, 23	1027	PRO	4, 25	1029	nuc	nuc	0.72
VAL	4, 24	1028	PRO	4, 25	1029	nuc	nuc	1
VAL	4, 24	1028	LEU	4, 26	1030	nuc	nuc	0.96
PRO	4, 25	1029	LEU	4, 26	1030	nuc	nuc	1
TYR	4, 18	1022	PRO	4, 27	1031	nuc	nuc	0.98
VAL	4, 19	1023	PRO	4, 27	1031	nuc	nuc	0.98
ASP	4, 20	1024	PRO	4, 27	1031	nuc	nuc	0.66
VAL	4, 24	1028	PRO	4, 27	1031	nuc	nuc	0.95
LEU	4, 26	1030	PRO	4, 27	1031	nuc	nuc	1
PRO	4, 16	1020	GLU	4, 28	1032	nuc	nuc	0.97
ALA	4, 17	1021	GLU	4, 28	1032	nuc	nuc	0.71
TYR	4, 18	1022	GLU	4, 28	1032	nuc	nuc	0.68
PRO	4, 27	1031	GLU	4, 28	1032	nuc	nuc	1
PRO	4, 16	1020	VAL	4, 29	1033	nuc	nuc	0.97
ALA	4, 17	1021	VAL	4, 29	1033	nuc	nuc	0.92
TYR	4, 18	1022	VAL	4, 29	1033	nuc	nuc	0.98
PRO	4, 27	1031	VAL	4, 29	1033	nuc	nuc	0.99
GLU	4, 28	1032	VAL	4, 29	1033	nuc	nuc	1
TYR	4, 18	1022	ALA	4, 30	1034	nuc	nuc	0.85
PRO	4, 27	1031	ALA	4, 30	1034	nuc	nuc	0.64
VAL	4, 29	1033	ALA	4, 30	1034	nuc	nuc	1
TYR	4, 18	1022	PHE	4, 31	1035	nuc	nuc	0.98
VAL	4, 29	1033	PHE	4, 31	1035	nuc	nuc	0.52
ALA	4, 30	1034	PHE	4, 31	1035	nuc	nuc	1
ALA	4, 30	1034	VAL	4, 32	1036	nuc	nuc	0.98
PHE	4, 31	1035	VAL	4, 32	1036	nuc	nuc	1
VAL	4, 29	1033	LYS	4, 33	1037	nuc	nuc	0.8
ALA	4, 30	1034	LYS	4, 33	1037	nuc	nuc	0.93
PHE	4, 31	1035	LYS	4, 33	1037	nuc	nuc	0.52
VAL	4, 32	1036	LYS	4, 33	1037	nuc	nuc	1
VAL	4, 32	1036	GLU	4, 34	1038	nuc	nuc	0.96
LYS	4, 33	1037	GLU	4, 34	1038	nuc	nuc	1
VAL	4, 32	1036	LEU	4, 35	1039	nuc	nuc	0.89
GLU	4, 34	1038	LEU	4, 35	1039	nuc	nuc	1
GLU	4, 34	1038	SER	4, 36	1040	nuc	nuc	0.61
LEU	4, 35	1039	SER	4, 36	1040	nuc	nuc	1
SER	4, 36	1040	ALA	4, 37	1041	nuc	nuc	1
SER	4, 36	1040	GLN	4, 38	1042	nuc	nuc	0.98
ALA	4, 37	1041	GLN	4, 38	1042	nuc	nuc	1
VAL	4, 32	1036	GLN	4, 39	1043	nuc	nuc	0.61
LEU	4, 35	1039	GLN	4, 39	1043	nuc	nuc	0.96
SER	4, 36	1040	GLN	4, 39	1043	nuc	nuc	0.97
ALA	4, 37	1041	GLN	4, 39	1043	nuc	nuc	0.95
GLN	4, 38	1042	GLN	4, 39	1043	nuc	nuc	1
LEU	4, 35	1039	LYS	4, 40	1044	nuc	nuc	0.95
SER	4, 36	1040	LYS	4, 40	1044	nuc	nuc	0.95
ALA	4, 37	1041	LYS	4, 40	1044	nuc	nuc	0.98
GLN	4, 38	1042	LYS	4, 40	1044	nuc	nuc	0.96
GLN	4, 39	1043	LYS	4, 40	1044	nuc	nuc	1
ALA	4, 37	1041	ALA	4, 41	1045	nuc	nuc	0.93
GLN	4, 38	1042	ALA	4, 41	1045	nuc	nuc	0.98
GLN	4, 39	1043	ALA	4, 41	1045	nuc	nuc	0.98
LYS	4, 40	1044	ALA	4, 41	1045	nuc	nuc	1
GLN	4, 38	1042	LEU	4, 42	1046	nuc	nuc	0.94
GLN	4, 39	1043	LEU	4, 42	1046	nuc	nuc	0.99
LYS	4, 40	1044	LEU	4, 42	1046	nuc	nuc	0.98
ALA	4, 41	1045	LEU	4, 42	1046	nuc	nuc	1
LEU	4, 35	1039	LYS	4, 43	1047	nuc	nuc	0.86
GLN	4, 39	1043	LYS	4, 43	1047	nuc	nuc	0.96
LYS	4, 40	1044	LYS	4, 43	1047	nuc	nuc	0.99
ALA	4, 41	1045	LYS	4, 43	1047	nuc	nuc	0.98
LEU	4, 42	1046	LYS	4, 43	1047	nuc	nuc	1
LYS	4, 40	1044	GLU	4, 44	1048	nuc	nuc	0.94
ALA	4, 41	1045	GLU	4, 44	1048	nuc	nuc	0.99
LEU	4, 42	1046	GLU	4, 44	1048	nuc	nuc	0.98
LYS	4, 43	1047	GLU	4, 44	1048	nuc	nuc	1
ALA	4, 41	1045	LYS	4, 45	1049	nuc	nuc	0.95
LEU	4, 42	1046	LYS	4, 45	1049	nuc	nuc	0.99
LYS	4, 43	1047	LYS	4, 45	1049	nuc	nuc	0.97
GLU	4, 44	1048	LYS	4, 45	1049	nuc	nuc	1
LEU	4, 42	1046	GLU	4, 46	1050	nuc	nuc	0.95
LYS	4, 43	1047	GLU	4, 46	1050	nuc	nuc	0.99
GLU	4, 44	1048	GLU	4, 46	1050	nuc	nuc	0.99
LYS	4, 45	1049	GLU	4, 46	1050	nuc	nuc	1
LYS	4, 43	1047	LYS	4, 47	1051	nuc	nuc	0.64
GLU	4, 44	1048	LYS	4, 47	1051	nuc	nuc	0.97
LYS	4, 45	1049	LYS	4, 47	1051	nuc	nuc	0.98
GLU	4, 46	1050	LYS	4, 47	1051	nuc	nuc	1
LYS	4, 45	1049	ALA	4, 48	1052	nuc	nuc	0.96
GLU	4, 46	1050	ALA	4, 48	1052	nuc	nuc	0.92
LYS	4, 47	1051	ALA	4, 48	1052	nuc	nuc	1
ALA	4, 48	1052	SER	4, 49	1053	nuc	nuc	1
GLU	4, 46	1050	TRP	4, 50	1054	nuc	nuc	0.79
SER	4, 49	1053	TRP	4, 50	1054	nuc	nuc	1
SER	4, 49	1053	THR	4, 51	1055	nuc	nuc	0.99
TRP	4, 50	1054	THR	4, 51	1055	nuc	nuc	1
LYS	4, 45	1049	ALA	4, 52	1056	nuc	nuc	0.63
ALA	4, 48	1052	ALA	4, 52	1056	nuc	nuc	0.9
SER	4, 49	1053	ALA	4, 52	1056	nuc	nuc	0.96
TRP	4, 50	1054	ALA	4, 52	1056	nuc	nuc	0.94
THR	4, 51	1055	ALA	4, 52	1056	nuc	nuc	1
LYS	4, 45	1049	LEU	4, 53	1057	nuc	nuc	0.89
GLU	4, 46	1050	LEU	4, 53	1057	nuc	nuc	0.76
TRP	4, 50	1054	LEU	4, 53	1057	nuc	nuc	0.96
THR	4, 51	1055	LEU	4, 53	1057	nuc	nuc	0.94
ALA	4, 52	1056	LEU	4, 53	1057	nuc	nuc	1
LEU	4, 53	1057	SER	4, 54	1058	nuc	nuc	1
SER	4, 54	1058	VAL	4, 55	1059	nuc	nuc	1
SER	4, 54	1058	ASP	4, 56	1060	nuc	nuc	0.99
VAL	4, 55	1059	ASP	4, 56	1060	nuc	nuc	1
LEU	4, 42	1046	GLU	4, 57	1061	nuc	nuc	0.95
LYS	4, 45	1049	GLU	4, 57	1061	nuc	nuc	0.73
LEU	4, 53	1057	GLU	4, 57	1061	nuc	nuc	0.98
SER	4, 54	1058	GLU	4, 57	1061	nuc	nuc	0.99
VAL	4, 55	1059	GLU	4, 57	1061	nuc	nuc	0.97
ASP	4, 56	1060	GLU	4, 57	1061	nuc	nuc	1
TRP	4, 50	1054	LYS	4, 58	1062	nuc	nuc	0.52
LEU	4, 53	1057	LYS	4, 58	1062	nuc	nuc	0.96
SER	4, 54	1058	LYS	4, 58	1062	nuc	nuc	0.97
VAL	4, 55	1059	LYS	4, 58	1062	nuc	nuc	0.99
ASP	4, 56	1060	LYS	4, 58	1062	nuc	nuc	0.98
GLU	4, 57	1061	LYS	4, 58	1062	nuc	nuc	1
VAL	4, 55	1059	VAL	4, 59	1063	nuc	nuc	0.97
ASP	4, 56	1060	VAL	4, 59	1063	nuc	nuc	0.99
GLU	4, 57	1061	VAL	4, 59	1063	nuc	nuc	0.97
LYS	4, 58	1062	VAL	4, 59	1063	nuc	nuc	1
GLN	4, 39	1043	GLU	4, 60	1064	nuc	nuc	0.72
LEU	4, 42	1046	GLU	4, 60	1064	nuc	nuc	0.93
ASP	4, 56	1060	GLU	4, 60	1064	nuc	nuc	0.98
GLU	4, 57	1061	GLU	4, 60	1064	nuc	nuc	0.99
LYS	4, 58	1062	GLU	4, 60	1064	nuc	nuc	0.98
VAL	4, 59	1063	GLU	4, 60	1064	nuc	nuc	1
LEU	4, 42	1046	LEU	4, 61	1065	nuc	nuc	0.95
LYS	4, 43	1047	LEU	4, 61	1065	nuc	nuc	0.54
GLU	4, 46	1050	LEU	4, 61	1065	nuc	nuc	0.93
LEU	4, 53	1057	LEU	4, 61	1065	nuc	nuc	0.54
GLU	4, 57	1061	LEU	4, 61	1065	nuc	nuc	0.98
LYS	4, 58	1062	LEU	4, 61	1065	nuc	nuc	1
VAL	4, 59	1063	LEU	4, 61	1065	nuc	nuc	0.99
GLU	4, 60	1064	LEU	4, 61	1065	nuc	nuc	1
LYS	4, 58	1062	TYR	4, 62	1066	nuc	nuc	0.99
VAL	4, 59	1063	TYR	4, 62	1066	nuc	nuc	1
GLU	4, 60	1064	TYR	4, 62	1066	nuc	nuc	0.99
LEU	4, 61	1065	TYR	4, 62	1066	nuc	nuc	1
PHE	4, 31	1035	ARG	4, 63	1067	nuc	nuc	0.7
VAL	4, 59	1063	ARG	4, 63	1067	nuc	nuc	0.99
GLU	4, 60	1064	ARG	4, 63	1067	nuc	nuc	1
LEU	4, 61	1065	ARG	4, 63	1067	nuc	nuc	0.94
TYR	4, 62	1066	ARG	4, 63	1067	nuc	nuc	1
ALA	4, 30	1034	ILE	4, 64	1068	nuc	nuc	0.89
PHE	4, 31	1035	ILE	4, 64	1068	nuc	nuc	0.94
VAL	4, 32	1036	ILE	4, 64	1068	nuc	nuc	0.97
LEU	4, 35	1039	ILE	4, 64	1068	nuc	nuc	0.71
GLN	4, 39	1043	ILE	4, 64	1068	nuc	nuc	0.93
GLU	4, 60	1064	ILE	4, 64	1068	nuc	nuc	0.99
LEU	4, 61	1065	ILE	4, 64	1068	nuc	nuc	0.99
TYR	4, 62	1066	ILE	4, 64	1068	nuc	nuc	0.98
ARG	4, 63	1067	ILE	4, 64	1068	nuc	nuc	1
ALA	4, 30	1034	LYS	4, 65	1069	nuc	nuc	0.99
PHE	4, 31	1035	LYS	4, 65	1069	nuc	nuc	0.98
VAL	4, 32	1036	LYS	4, 65	1069	nuc	nuc	0.62
LEU	4, 61	1065	LYS	4, 65	1069	nuc	nuc	0.94
TYR	4, 62	1066	LYS	4, 65	1069	nuc	nuc	0.98
ARG	4, 63	1067	LYS	4, 65	1069	nuc	nuc	0.88
ILE	4, 64	1068	LYS	4, 65	1069	nuc	nuc	1
ASP	4, 20	1024	PHE	4, 66	1070	nuc	nuc	0.74
PRO	4, 27	1031	PHE	4, 66	1070	nuc	nuc	0.67
PHE	4, 31	1035	PHE	4, 66	1070	nuc	nuc	0.97
TYR	4, 62	1066	PHE	4, 66	1070	nuc	nuc	0.99
ARG	4, 63	1067	PHE	4, 66	1070	nuc	nuc	0.96
LYS	4, 65	1069	PHE	4, 66	1070	nuc	nuc	1
TYR	4, 18	1022	ASN	4, 67	1071	nuc	nuc	0.86
ASP	4, 20	1024	ASN	4, 67	1071	nuc	nuc	0.96
PHE	4, 31	1035	ASN	4, 67	1071	nuc	nuc	0.98
ARG	4, 63	1067	ASN	4, 67	1071	nuc	nuc	0.73
PHE	4, 66	1070	ASN	4, 67	1071	nuc	nuc	1
ASP	4, 20	1024	GLU	4, 68	1072	nuc	nuc	0.97
PHE	4, 66	1070	GLU	4, 68	1072	nuc	nuc	0.97
ASN	4, 67	1071	GLU	4, 68	1072	nuc	nuc	1
TYR	4, 62	1066	SER	4, 69	1073	nuc	nuc	0.54
PHE	4, 66	1070	SER	4, 69	1073	nuc	nuc	0.89
GLU	4, 68	1072	SER	4, 69	1073	nuc	nuc	1
ARG	4, 22	1026	TYR	4, 70	1074	nuc	nuc	0.87
SER	4, 69	1073	TYR	4, 70	1074	nuc	nuc	1
SER	4, 69	1073	ALA	4, 71	1075	nuc	nuc	1
TYR	4, 70	1074	ALA	4, 71	1075	nuc	nuc	1
GLU	4, 68	1072	GLU	4, 72	1076	nuc	nuc	0.99
SER	4, 69	1073	GLU	4, 72	1076	nuc	nuc	0.99
TYR	4, 70	1074	GLU	4, 72	1076	nuc	nuc	0.96
ALA	4, 71	1075	GLU	4, 72	1076	nuc	nuc	1
ASP	4, 20	1024	MET	4, 73	1077	nuc	nuc	0.98
ARG	4, 22	1026	MET	4, 73	1077	nuc	nuc	0.91
GLU	4, 68	1072	MET	4, 73	1077	nuc	nuc	0.98
SER	4, 69	1073	MET	4, 73	1077	nuc	nuc	0.96
TYR	4, 70	1074	MET	4, 73	1077	nuc	nuc	0.99
ALA	4, 71	1075	MET	4, 73	1077	nuc	nuc	0.95
GLU	4, 72	1076	MET	4, 73	1077	nuc	nuc	1
ARG	4, 22	1026	ASN	4, 74	1078	nuc	nuc	0.71
TYR	4, 70	1074	ASN	4, 74	1078	nuc	nuc	0.95
ALA	4, 71	1075	ASN	4, 74	1078	nuc	nuc	0.97
GLU	4, 72	1076	ASN	4, 74	1078	nuc	nuc	0.86
MET	4, 73	1077	ASN	4, 74	1078	nuc	nuc	1
ALA	4, 71	1075	LYS	4, 75	1079	nuc	nuc	0.88
GLU	4, 72	1076	LYS	4, 75	1079	nuc	nuc	0.97
MET	4, 73	1077	LYS	4, 75	1079	nuc	nuc	0.94
ASN	4, 74	1078	LYS	4, 75	1079	nuc	nuc	1
ASN	4, 74	1078	GLY	4, 76	1080	nuc	nuc	0.94
LYS	4, 75	1079	GLY	4, 76	1080	nuc	nuc	1
LYS	4, 75	1079	THR	4, 77	1081	nuc	nuc	0.86
GLY	4, 76	1080	THR	4, 77	1081	nuc	nuc	1
THR	4, 77	1081	ASN	4, 78	1082	nuc	nuc	1
PRO	1, 408	408	GLU	4, 79	1083	mit	nuc	0.51
SER	1, 409	409	GLU	4, 79	1083	mit	nuc	0.97
LYS	1, 412	412	GLU	4, 79	1083	mit	nuc	0.72
THR	4, 77	1081	GLU	4, 79	1083	nuc	nuc	1
ASN	4, 78	1082	GLU	4, 79	1083	nuc	nuc	1
THR	4, 77	1081	TRP	4, 80	1084	nuc	nuc	0.66
ASN	4, 78	1082	TRP	4, 80	1084	nuc	nuc	0.99
GLU	4, 79	1083	TRP	4, 80	1084	nuc	nuc	1
ASN	4, 78	1082	LYS	4, 81	1085	nuc	nuc	0.99
GLU	4, 79	1083	LYS	4, 81	1085	nuc	nuc	0.99
TRP	4, 80	1084	LYS	4, 81	1085	nuc	nuc	1
SER	1, 409	409	THR	4, 82	1086	mit	nuc	0.99
ASN	4, 78	1082	THR	4, 82	1086	nuc	nuc	0.86
GLU	4, 79	1083	THR	4, 82	1086	nuc	nuc	0.99
TRP	4, 80	1084	THR	4, 82	1086	nuc	nuc	0.97
LYS	4, 81	1085	THR	4, 82	1086	nuc	nuc	1
SER	1, 409	409	VAL	4, 83	1087	mit	nuc	0.98
LYS	1, 412	412	VAL	4, 83	1087	mit	nuc	1
ALA	1, 413	413	VAL	4, 83	1087	mit	nuc	0.99
GLY	1, 416	416	VAL	4, 83	1087	mit	nuc	0.64
GLU	4, 79	1083	VAL	4, 83	1087	nuc	nuc	0.99
TRP	4, 80	1084	VAL	4, 83	1087	nuc	nuc	1
LYS	4, 81	1085	VAL	4, 83	1087	nuc	nuc	0.98
THR	4, 82	1086	VAL	4, 83	1087	nuc	nuc	1
TRP	4, 80	1084	LEU	4, 84	1088	nuc	nuc	0.99
LYS	4, 81	1085	LEU	4, 84	1088	nuc	nuc	1
THR	4, 82	1086	LEU	4, 84	1088	nuc	nuc	0.95
VAL	4, 83	1087	LEU	4, 84	1088	nuc	nuc	1
ALA	1, 413	413	GLY	4, 85	1089	mit	nuc	0.58
LYS	4, 81	1085	GLY	4, 85	1089	nuc	nuc	0.98
THR	4, 82	1086	GLY	4, 85	1089	nuc	nuc	1
VAL	4, 83	1087	GLY	4, 85	1089	nuc	nuc	1
LEU	4, 84	1088	GLY	4, 85	1089	nuc	nuc	1
ALA	1, 413	413	GLY	4, 86	1090	mit	nuc	1
THR	4, 82	1086	GLY	4, 86	1090	nuc	nuc	0.99
VAL	4, 83	1087	GLY	4, 86	1090	nuc	nuc	1
LEU	4, 84	1088	GLY	4, 86	1090	nuc	nuc	1
GLY	4, 85	1089	GLY	4, 86	1090	nuc	nuc	1
ALA	1, 413	413	VAL	4, 87	1091	mit	nuc	0.99
GLY	1, 416	416	VAL	4, 87	1091	mit	nuc	1
VAL	1, 417	417	VAL	4, 87	1091	mit	nuc	0.99
THR	1, 420	420	VAL	4, 87	1091	mit	nuc	0.89
VAL	4, 83	1087	VAL	4, 87	1091	nuc	nuc	1
LEU	4, 84	1088	VAL	4, 87	1091	nuc	nuc	1
GLY	4, 85	1089	VAL	4, 87	1091	nuc	nuc	1
GLY	4, 86	1090	VAL	4, 87	1091	nuc	nuc	1
LEU	4, 84	1088	LEU	4, 88	1092	nuc	nuc	0.99
GLY	4, 85	1089	LEU	4, 88	1092	nuc	nuc	1
GLY	4, 86	1090	LEU	4, 88	1092	nuc	nuc	1
VAL	4, 87	1091	LEU	4, 88	1092	nuc	nuc	1
GLY	4, 85	1089	PHE	4, 89	1093	nuc	nuc	1
GLY	4, 86	1090	PHE	4, 89	1093	nuc	nuc	1
VAL	4, 87	1091	PHE	4, 89	1093	nuc	nuc	0.99
LEU	4, 88	1092	PHE	4, 89	1093	nuc	nuc	1
ALA	1, 413	413	PHE	4, 90	1094	mit	nuc	0.93
VAL	1, 417	417	PHE	4, 90	1094	mit	nuc	1
THR	1, 464	464	PHE	4, 90	1094	mit	nuc	0.99
ALA	1, 465	465	PHE	4, 90	1094	mit	nuc	0.74
MET	1, 468	468	PHE	4, 90	1094	mit	nuc	0.98
GLY	4, 86	1090	PHE	4, 90	1094	nuc	nuc	1
VAL	4, 87	1091	PHE	4, 90	1094	nuc	nuc	1
LEU	4, 88	1092	PHE	4, 90	1094	nuc	nuc	0.94
PHE	4, 89	1093	PHE	4, 90	1094	nuc	nuc	1
VAL	1, 417	417	LEU	4, 91	1095	mit	nuc	0.97
THR	1, 420	420	LEU	4, 91	1095	mit	nuc	0.95
ILE	1, 461	461	LEU	4, 91	1095	mit	nuc	0.99
VAL	4, 87	1091	LEU	4, 91	1095	nuc	nuc	1
LEU	4, 88	1092	LEU	4, 91	1095	nuc	nuc	1
PHE	4, 89	1093	LEU	4, 91	1095	nuc	nuc	1
PHE	4, 90	1094	LEU	4, 91	1095	nuc	nuc	1
LEU	4, 88	1092	GLY	4, 92	1096	nuc	nuc	0.98
PHE	4, 89	1093	GLY	4, 92	1096	nuc	nuc	1
PHE	4, 90	1094	GLY	4, 92	1096	nuc	nuc	1
LEU	4, 91	1095	GLY	4, 92	1096	nuc	nuc	1
THR	1, 464	464	VAL	4, 93	1097	mit	nuc	0.98
PHE	4, 89	1093	VAL	4, 93	1097	nuc	nuc	0.99
PHE	4, 90	1094	VAL	4, 93	1097	nuc	nuc	1
LEU	4, 91	1095	VAL	4, 93	1097	nuc	nuc	0.99
GLY	4, 92	1096	VAL	4, 93	1097	nuc	nuc	1
ILE	1, 457	457	SER	4, 94	1098	mit	nuc	0.67
GLY	1, 458	458	SER	4, 94	1098	mit	nuc	0.51
LEU	1, 460	460	SER	4, 94	1098	mit	nuc	1
ILE	1, 461	461	SER	4, 94	1098	mit	nuc	1
MET	1, 463	463	SER	4, 94	1098	mit	nuc	0.61
THR	1, 464	464	SER	4, 94	1098	mit	nuc	1
PHE	4, 90	1094	SER	4, 94	1098	nuc	nuc	0.99
LEU	4, 91	1095	SER	4, 94	1098	nuc	nuc	1
GLY	4, 92	1096	SER	4, 94	1098	nuc	nuc	1
VAL	4, 93	1097	SER	4, 94	1098	nuc	nuc	1
LEU	1, 460	460	GLY	4, 95	1099	mit	nuc	0.91
LEU	4, 91	1095	GLY	4, 95	1099	nuc	nuc	0.89
GLY	4, 92	1096	GLY	4, 95	1099	nuc	nuc	1
VAL	4, 93	1097	GLY	4, 95	1099	nuc	nuc	1
SER	4, 94	1098	GLY	4, 95	1099	nuc	nuc	1
GLY	4, 92	1096	LEU	4, 96	1100	nuc	nuc	0.98
VAL	4, 93	1097	LEU	4, 96	1100	nuc	nuc	1
SER	4, 94	1098	LEU	4, 96	1100	nuc	nuc	1
GLY	4, 95	1099	LEU	4, 96	1100	nuc	nuc	1
LEU	1, 460	460	ILE	4, 97	1101	mit	nuc	0.99
THR	1, 464	464	ILE	4, 97	1101	mit	nuc	0.8
VAL	4, 93	1097	ILE	4, 97	1101	nuc	nuc	0.96
SER	4, 94	1098	ILE	4, 97	1101	nuc	nuc	1
GLY	4, 95	1099	ILE	4, 97	1101	nuc	nuc	1
LEU	4, 96	1100	ILE	4, 97	1101	nuc	nuc	1
ILE	1, 457	457	LEU	4, 98	1102	mit	nuc	0.98
LEU	1, 460	460	LEU	4, 98	1102	mit	nuc	0.99
SER	4, 94	1098	LEU	4, 98	1102	nuc	nuc	0.98
GLY	4, 95	1099	LEU	4, 98	1102	nuc	nuc	1
LEU	4, 96	1100	LEU	4, 98	1102	nuc	nuc	0.99
ILE	4, 97	1101	LEU	4, 98	1102	nuc	nuc	1
GLY	4, 95	1099	ILE	4, 99	1103	nuc	nuc	0.99
LEU	4, 96	1100	ILE	4, 99	1103	nuc	nuc	1
ILE	4, 97	1101	ILE	4, 99	1103	nuc	nuc	0.99
LEU	4, 98	1102	ILE	4, 99	1103	nuc	nuc	1
LEU	4, 96	1100	TRP	4, 100	1104	nuc	nuc	0.99
ILE	4, 97	1101	TRP	4, 100	1104	nuc	nuc	1
LEU	4, 98	1102	TRP	4, 100	1104	nuc	nuc	0.99
ILE	4, 99	1103	TRP	4, 100	1104	nuc	nuc	1
ALA	1, 40	40	GLN	4, 101	1105	mit	nuc	0.83
ILE	4, 97	1101	GLN	4, 101	1105	nuc	nuc	0.99
LEU	4, 98	1102	GLN	4, 101	1105	nuc	nuc	1
ILE	4, 99	1103	GLN	4, 101	1105	nuc	nuc	0.99
TRP	4, 100	1104	GLN	4, 101	1105	nuc	nuc	1
LEU	4, 98	1102	LYS	4, 102	1106	nuc	nuc	0.99
ILE	4, 99	1103	LYS	4, 102	1106	nuc	nuc	1
TRP	4, 100	1104	LYS	4, 102	1106	nuc	nuc	0.98
GLN	4, 101	1105	LYS	4, 102	1106	nuc	nuc	1
ILE	4, 99	1103	MET	4, 103	1107	nuc	nuc	0.98
TRP	4, 100	1104	MET	4, 103	1107	nuc	nuc	0.99
GLN	4, 101	1105	MET	4, 103	1107	nuc	nuc	0.94
LYS	4, 102	1106	MET	4, 103	1107	nuc	nuc	1
TRP	4, 100	1104	TYR	4, 104	1108	nuc	nuc	0.99
GLN	4, 101	1105	TYR	4, 104	1108	nuc	nuc	0.94
MET	4, 103	1107	TYR	4, 104	1108	nuc	nuc	1
ALA	1, 40	40	MET	4, 105	1109	mit	nuc	0.81
TRP	4, 100	1104	MET	4, 105	1109	nuc	nuc	0.76
GLN	4, 101	1105	MET	4, 105	1109	nuc	nuc	0.99
LYS	4, 102	1106	MET	4, 105	1109	nuc	nuc	0.9
MET	4, 103	1107	MET	4, 105	1109	nuc	nuc	0.62
TYR	4, 104	1108	MET	4, 105	1109	nuc	nuc	1
GLN	1, 44	44	TYR	4, 106	1110	mit	nuc	0.98
LEU	1, 48	48	TYR	4, 106	1110	mit	nuc	0.72
GLN	4, 101	1105	TYR	4, 106	1110	nuc	nuc	0.96
LYS	4, 102	1106	TYR	4, 106	1110	nuc	nuc	0.99
MET	4, 105	1109	TYR	4, 106	1110	nuc	nuc	1
GLN	1, 44	44	GLY	4, 107	1111	mit	nuc	0.67
MET	4, 105	1109	GLY	4, 107	1111	nuc	nuc	0.9
TYR	4, 106	1110	GLY	4, 107	1111	nuc	nuc	1
GLY	4, 107	1111	PRO	4, 108	1112	nuc	nuc	1
GLN	1, 44	44	ILE	4, 109	1113	mit	nuc	0.92
PRO	1, 45	45	ILE	4, 109	1113	mit	nuc	0.94
GLY	1, 46	46	ILE	4, 109	1113	mit	nuc	0.69
GLY	4, 107	1111	ILE	4, 109	1113	nuc	nuc	0.89
PRO	4, 108	1112	ILE	4, 109	1113	nuc	nuc	1
PRO	1, 45	45	PRO	4, 110	1114	mit	nuc	0.98
GLY	1, 46	46	PRO	4, 110	1114	mit	nuc	0.98
ASP	1, 446	446	PRO	4, 110	1114	mit	nuc	0.54
THR	2, 124	640	PRO	4, 110	1114	mit	nuc	0.91
ARG	2, 133	649	PRO	4, 110	1114	mit	nuc	0.94
PRO	4, 108	1112	PRO	4, 110	1114	nuc	nuc	0.59
ILE	4, 109	1113	PRO	4, 110	1114	nuc	nuc	1
THR	2, 124	640	HIS	4, 111	1115	mit	nuc	0.53
PRO	4, 110	1114	HIS	4, 111	1115	nuc	nuc	1
ASP	1, 446	446	THR	4, 112	1116	mit	nuc	0.96
THR	2, 124	640	THR	4, 112	1116	mit	nuc	0.76
LEU	2, 127	643	THR	4, 112	1116	mit	nuc	0.68
ARG	2, 133	649	THR	4, 112	1116	mit	nuc	0.99
PRO	4, 110	1114	THR	4, 112	1116	nuc	nuc	1
HIS	4, 111	1115	THR	4, 112	1116	nuc	nuc	1
PRO	1, 45	45	PHE	4, 113	1117	mit	nuc	0.78
ASP	1, 446	446	PHE	4, 113	1117	mit	nuc	0.94
ILE	4, 109	1113	PHE	4, 113	1117	nuc	nuc	0.98
PRO	4, 110	1114	PHE	4, 113	1117	nuc	nuc	0.98
HIS	4, 111	1115	PHE	4, 113	1117	nuc	nuc	0.96
THR	4, 112	1116	PHE	4, 113	1117	nuc	nuc	1
HIS	4, 111	1115	SER	4, 114	1118	nuc	nuc	0.98
THR	4, 112	1116	SER	4, 114	1118	nuc	nuc	0.96
PHE	4, 113	1117	SER	4, 114	1118	nuc	nuc	1
SER	4, 114	1118	ASP	4, 115	1119	nuc	nuc	1
SER	4, 114	1118	GLU	4, 116	1120	nuc	nuc	1
ASP	4, 115	1119	GLU	4, 116	1120	nuc	nuc	1
LEU	2, 129	645	TRP	4, 117	1121	mit	nuc	0.76
GLY	2, 130	646	TRP	4, 117	1121	mit	nuc	0.96
HIS	4, 111	1115	TRP	4, 117	1121	nuc	nuc	0.97
THR	4, 112	1116	TRP	4, 117	1121	nuc	nuc	0.99
PHE	4, 113	1117	TRP	4, 117	1121	nuc	nuc	0.96
SER	4, 114	1118	TRP	4, 117	1121	nuc	nuc	1
ASP	4, 115	1119	TRP	4, 117	1121	nuc	nuc	0.96
GLU	4, 116	1120	TRP	4, 117	1121	nuc	nuc	1
THR	4, 112	1116	LEU	4, 118	1122	nuc	nuc	0.61
PHE	4, 113	1117	LEU	4, 118	1122	nuc	nuc	0.97
SER	4, 114	1118	LEU	4, 118	1122	nuc	nuc	0.98
ASP	4, 115	1119	LEU	4, 118	1122	nuc	nuc	1
GLU	4, 116	1120	LEU	4, 118	1122	nuc	nuc	0.98
TRP	4, 117	1121	LEU	4, 118	1122	nuc	nuc	1
ASP	4, 115	1119	SER	4, 119	1123	nuc	nuc	0.98
GLU	4, 116	1120	SER	4, 119	1123	nuc	nuc	1
TRP	4, 117	1121	SER	4, 119	1123	nuc	nuc	0.99
LEU	4, 118	1122	SER	4, 119	1123	nuc	nuc	1
LEU	2, 129	645	MET	4, 120	1124	mit	nuc	0.97
GLY	2, 130	646	MET	4, 120	1124	mit	nuc	0.99
GLU	4, 116	1120	MET	4, 120	1124	nuc	nuc	0.98
TRP	4, 117	1121	MET	4, 120	1124	nuc	nuc	1
LEU	4, 118	1122	MET	4, 120	1124	nuc	nuc	0.98
SER	4, 119	1123	MET	4, 120	1124	nuc	nuc	1
GLY	2, 130	646	GLN	4, 121	1125	mit	nuc	0.99
HIS	2, 131	647	GLN	4, 121	1125	mit	nuc	0.68
PHE	2, 132	648	GLN	4, 121	1125	mit	nuc	0.96
THR	4, 112	1116	GLN	4, 121	1125	nuc	nuc	0.89
TRP	4, 117	1121	GLN	4, 121	1125	nuc	nuc	1
LEU	4, 118	1122	GLN	4, 121	1125	nuc	nuc	1
SER	4, 119	1123	GLN	4, 121	1125	nuc	nuc	0.98
MET	4, 120	1124	GLN	4, 121	1125	nuc	nuc	1
LEU	4, 118	1122	THR	4, 122	1126	nuc	nuc	0.99
SER	4, 119	1123	THR	4, 122	1126	nuc	nuc	1
MET	4, 120	1124	THR	4, 122	1126	nuc	nuc	0.99
GLN	4, 121	1125	THR	4, 122	1126	nuc	nuc	1
SER	4, 119	1123	LYS	4, 123	1127	nuc	nuc	0.98
MET	4, 120	1124	LYS	4, 123	1127	nuc	nuc	1
GLN	4, 121	1125	LYS	4, 123	1127	nuc	nuc	0.99
THR	4, 122	1126	LYS	4, 123	1127	nuc	nuc	1
GLY	2, 130	646	ARG	4, 124	1128	mit	nuc	0.99
HIS	2, 131	647	ARG	4, 124	1128	mit	nuc	0.86
MET	4, 120	1124	ARG	4, 124	1128	nuc	nuc	0.99
GLN	4, 121	1125	ARG	4, 124	1128	nuc	nuc	1
THR	4, 122	1126	ARG	4, 124	1128	nuc	nuc	0.99
LYS	4, 123	1127	ARG	4, 124	1128	nuc	nuc	1
ASN	2, 3	519	MET	4, 125	1129	mit	nuc	0.61
GLN	4, 121	1125	MET	4, 125	1129	nuc	nuc	1
THR	4, 122	1126	MET	4, 125	1129	nuc	nuc	1
LYS	4, 123	1127	MET	4, 125	1129	nuc	nuc	0.99
ARG	4, 124	1128	MET	4, 125	1129	nuc	nuc	1
THR	4, 122	1126	LEU	4, 126	1130	nuc	nuc	0.99
LYS	4, 123	1127	LEU	4, 126	1130	nuc	nuc	1
ARG	4, 124	1128	LEU	4, 126	1130	nuc	nuc	0.99
MET	4, 125	1129	LEU	4, 126	1130	nuc	nuc	1
LYS	4, 123	1127	ASP	4, 127	1131	nuc	nuc	0.99
ARG	4, 124	1128	ASP	4, 127	1131	nuc	nuc	1
MET	4, 125	1129	ASP	4, 127	1131	nuc	nuc	0.98
LEU	4, 126	1130	ASP	4, 127	1131	nuc	nuc	1
GLY	2, 189	705	MET	4, 128	1132	mit	nuc	0.97
VAL	2, 190	706	MET	4, 128	1132	mit	nuc	0.99
ARG	4, 124	1128	MET	4, 128	1132	nuc	nuc	0.99
MET	4, 125	1129	MET	4, 128	1132	nuc	nuc	0.99
LEU	4, 126	1130	MET	4, 128	1132	nuc	nuc	0.96
ASP	4, 127	1131	MET	4, 128	1132	nuc	nuc	1
GLY	2, 189	705	ARG	4, 129	1133	mit	nuc	0.89
LEU	4, 126	1130	ARG	4, 129	1133	nuc	nuc	0.92
ASP	4, 127	1131	ARG	4, 129	1133	nuc	nuc	0.94
MET	4, 128	1132	ARG	4, 129	1133	nuc	nuc	1
MET	2, 1	517	ILE	4, 130	1134	mit	nuc	0.95
ASN	2, 3	519	ILE	4, 130	1134	mit	nuc	0.82
MET	4, 125	1129	ILE	4, 130	1134	nuc	nuc	0.99
LEU	4, 126	1130	ILE	4, 130	1134	nuc	nuc	0.77
MET	4, 128	1132	ILE	4, 130	1134	nuc	nuc	1
ARG	4, 129	1133	ILE	4, 130	1134	nuc	nuc	1
MET	2, 1	517	ASN	4, 131	1135	mit	nuc	0.57
ASN	2, 3	519	ASN	4, 131	1135	mit	nuc	0.93
GLN	2, 10	526	ASN	4, 131	1135	mit	nuc	0.95
ASP	2, 11	527	ASN	4, 131	1135	mit	nuc	0.99
ILE	4, 130	1134	ASN	4, 131	1135	nuc	nuc	1
ASP	2, 11	527	PRO	4, 132	1136	mit	nuc	0.94
ARG	2, 187	703	PRO	4, 132	1136	mit	nuc	0.61
ARG	4, 129	1133	PRO	4, 132	1136	nuc	nuc	0.98
ILE	4, 130	1134	PRO	4, 132	1136	nuc	nuc	0.93
ASN	4, 131	1135	PRO	4, 132	1136	nuc	nuc	1
ASP	2, 11	527	VAL	4, 133	1137	mit	nuc	0.98
ALA	2, 12	528	VAL	4, 133	1137	mit	nuc	0.71
ASN	4, 131	1135	VAL	4, 133	1137	nuc	nuc	0.98
PRO	4, 132	1136	VAL	4, 133	1137	nuc	nuc	1
ASP	2, 11	527	GLU	4, 134	1138	mit	nuc	0.94
ASN	4, 131	1135	GLU	4, 134	1138	nuc	nuc	0.94
VAL	4, 133	1137	GLU	4, 134	1138	nuc	nuc	1
ASN	2, 3	519	GLY	4, 135	1139	mit	nuc	0.95
GLN	2, 6	522	GLY	4, 135	1139	mit	nuc	0.72
ASP	2, 11	527	GLY	4, 135	1139	mit	nuc	0.94
ILE	4, 130	1134	GLY	4, 135	1139	nuc	nuc	0.63
ASN	4, 131	1135	GLY	4, 135	1139	nuc	nuc	0.99
PRO	4, 132	1136	GLY	4, 135	1139	nuc	nuc	0.82
VAL	4, 133	1137	GLY	4, 135	1139	nuc	nuc	0.98
GLU	4, 134	1138	GLY	4, 135	1139	nuc	nuc	1
ASN	2, 3	519	ILE	4, 136	1140	mit	nuc	0.97
HIS	2, 4	520	ILE	4, 136	1140	mit	nuc	0.52
THR	4, 122	1126	ILE	4, 136	1140	nuc	nuc	0.55
MET	4, 125	1129	ILE	4, 136	1140	nuc	nuc	0.96
LEU	4, 126	1130	ILE	4, 136	1140	nuc	nuc	0.85
ILE	4, 130	1134	ILE	4, 136	1140	nuc	nuc	0.94
ASN	4, 131	1135	ILE	4, 136	1140	nuc	nuc	0.97
GLY	4, 135	1139	ILE	4, 136	1140	nuc	nuc	1
MET	4, 125	1129	SER	4, 137	1141	nuc	nuc	0.82
LEU	4, 126	1130	SER	4, 137	1141	nuc	nuc	0.98
ARG	4, 129	1133	SER	4, 137	1141	nuc	nuc	0.98
ILE	4, 130	1134	SER	4, 137	1141	nuc	nuc	0.97
ASN	4, 131	1135	SER	4, 137	1141	nuc	nuc	0.98
PRO	4, 132	1136	SER	4, 137	1141	nuc	nuc	0.98
GLY	4, 135	1139	SER	4, 137	1141	nuc	nuc	0.99
ILE	4, 136	1140	SER	4, 137	1141	nuc	nuc	1
ASN	4, 131	1135	ALA	4, 138	1142	nuc	nuc	0.85
PRO	4, 132	1136	ALA	4, 138	1142	nuc	nuc	0.96
VAL	4, 133	1137	ALA	4, 138	1142	nuc	nuc	0.96
GLU	4, 134	1138	ALA	4, 138	1142	nuc	nuc	0.98
GLY	4, 135	1139	ALA	4, 138	1142	nuc	nuc	0.99
ILE	4, 136	1140	ALA	4, 138	1142	nuc	nuc	0.97
SER	4, 137	1141	ALA	4, 138	1142	nuc	nuc	1
GLY	4, 135	1139	GLN	4, 139	1143	nuc	nuc	0.98
ILE	4, 136	1140	GLN	4, 139	1143	nuc	nuc	0.98
SER	4, 137	1141	GLN	4, 139	1143	nuc	nuc	0.95
ALA	4, 138	1142	GLN	4, 139	1143	nuc	nuc	1
LEU	4, 126	1130	TRP	4, 140	1144	nuc	nuc	0.97
ILE	4, 136	1140	TRP	4, 140	1144	nuc	nuc	0.92
SER	4, 137	1141	TRP	4, 140	1144	nuc	nuc	0.99
ALA	4, 138	1142	TRP	4, 140	1144	nuc	nuc	0.96
GLN	4, 139	1143	TRP	4, 140	1144	nuc	nuc	1
TRP	4, 140	1144	ASP	4, 141	1145	nuc	nuc	1
TRP	4, 140	1144	TYR	4, 142	1146	nuc	nuc	0.98
ASP	4, 141	1145	TYR	4, 142	1146	nuc	nuc	1
ASP	4, 141	1145	GLU	4, 143	1147	nuc	nuc	0.99
TYR	4, 142	1146	GLU	4, 143	1147	nuc	nuc	1
ASP	4, 141	1145	LYS	4, 144	1148	nuc	nuc	0.96
GLU	4, 143	1147	LYS	4, 144	1148	nuc	nuc	1
ASP	4, 141	1145	ASN	4, 145	1149	nuc	nuc	0.89
TYR	4, 142	1146	ASN	4, 145	1149	nuc	nuc	0.86
GLU	4, 143	1147	ASN	4, 145	1149	nuc	nuc	0.74
LYS	4, 144	1148	ASN	4, 145	1149	nuc	nuc	1
ASP	4, 141	1145	GLU	4, 146	1150	nuc	nuc	0.96
LYS	4, 144	1148	GLU	4, 146	1150	nuc	nuc	0.97
ASN	4, 145	1149	GLU	4, 146	1150	nuc	nuc	1
GLN	4, 139	1143	TRP	4, 147	1151	nuc	nuc	0.97
TRP	4, 140	1144	TRP	4, 147	1151	nuc	nuc	0.97
ASP	4, 141	1145	TRP	4, 147	1151	nuc	nuc	0.9
GLU	4, 146	1150	TRP	4, 147	1151	nuc	nuc	1
GLN	4, 139	1143	LYS	4, 148	1152	nuc	nuc	0.99
TRP	4, 140	1144	LYS	4, 148	1152	nuc	nuc	0.95
ASP	4, 141	1145	LYS	4, 148	1152	nuc	nuc	0.97
GLU	4, 146	1150	LYS	4, 148	1152	nuc	nuc	0.66
TRP	4, 147	1151	LYS	4, 148	1152	nuc	nuc	1
TRP	4, 147	1151	LYS	4, 149	1153	nuc	nuc	0.89
LYS	4, 148	1152	LYS	4, 149	1153	nuc	nuc	1
SER	5, 1	1154	HIS	5, 2	1155	nuc	nuc	1
SER	5, 1	1154	GLY	5, 3	1156	nuc	nuc	0.95
HIS	5, 2	1155	GLY	5, 3	1156	nuc	nuc	1
HIS	5, 2	1155	SER	5, 4	1157	nuc	nuc	0.6
GLY	5, 3	1156	SER	5, 4	1157	nuc	nuc	1
GLY	5, 3	1156	GLN	5, 5	1158	nuc	nuc	0.94
SER	5, 4	1157	GLN	5, 5	1158	nuc	nuc	1
SER	5, 4	1157	GLU	5, 6	1159	nuc	nuc	0.8
GLN	5, 5	1158	GLU	5, 6	1159	nuc	nuc	1
GLU	5, 6	1159	SER	5, 7	1160	nuc	nuc	1
SER	5, 7	1160	ASP	5, 8	1161	nuc	nuc	1
SER	5, 7	1160	GLU	5, 9	1162	nuc	nuc	0.98
ASP	5, 8	1161	GLU	5, 9	1162	nuc	nuc	1
GLU	5, 6	1159	GLU	5, 10	1163	nuc	nuc	0.94
SER	5, 7	1160	GLU	5, 10	1163	nuc	nuc	0.98
ASP	5, 8	1161	GLU	5, 10	1163	nuc	nuc	0.95
GLU	5, 9	1162	GLU	5, 10	1163	nuc	nuc	1
GLU	5, 6	1159	PHE	5, 11	1164	nuc	nuc	0.93
SER	5, 7	1160	PHE	5, 11	1164	nuc	nuc	0.95
ASP	5, 8	1161	PHE	5, 11	1164	nuc	nuc	0.99
GLU	5, 9	1162	PHE	5, 11	1164	nuc	nuc	0.98
GLU	5, 10	1163	PHE	5, 11	1164	nuc	nuc	1
ASP	5, 8	1161	ASP	5, 12	1165	nuc	nuc	0.96
GLU	5, 9	1162	ASP	5, 12	1165	nuc	nuc	0.99
GLU	5, 10	1163	ASP	5, 12	1165	nuc	nuc	0.97
PHE	5, 11	1164	ASP	5, 12	1165	nuc	nuc	1
GLU	5, 9	1162	ALA	5, 13	1166	nuc	nuc	0.97
GLU	5, 10	1163	ALA	5, 13	1166	nuc	nuc	0.99
PHE	5, 11	1164	ALA	5, 13	1166	nuc	nuc	0.98
ASP	5, 12	1165	ALA	5, 13	1166	nuc	nuc	1
GLU	5, 6	1159	ARG	5, 14	1167	nuc	nuc	0.55
GLU	5, 10	1163	ARG	5, 14	1167	nuc	nuc	0.98
PHE	5, 11	1164	ARG	5, 14	1167	nuc	nuc	0.99
ASP	5, 12	1165	ARG	5, 14	1167	nuc	nuc	0.98
ALA	5, 13	1166	ARG	5, 14	1167	nuc	nuc	1
PHE	5, 11	1164	TRP	5, 15	1168	nuc	nuc	0.97
ASP	5, 12	1165	TRP	5, 15	1168	nuc	nuc	0.99
ALA	5, 13	1166	TRP	5, 15	1168	nuc	nuc	0.96
ARG	5, 14	1167	TRP	5, 15	1168	nuc	nuc	1
ASP	5, 12	1165	VAL	5, 16	1169	nuc	nuc	0.99
ALA	5, 13	1166	VAL	5, 16	1169	nuc	nuc	1
ARG	5, 14	1167	VAL	5, 16	1169	nuc	nuc	0.98
TRP	5, 15	1168	VAL	5, 16	1169	nuc	nuc	1
ALA	5, 13	1166	THR	5, 17	1170	nuc	nuc	0.99
ARG	5, 14	1167	THR	5, 17	1170	nuc	nuc	0.99
TRP	5, 15	1168	THR	5, 17	1170	nuc	nuc	0.98
VAL	5, 16	1169	THR	5, 17	1170	nuc	nuc	1
ARG	5, 14	1167	TYR	5, 18	1171	nuc	nuc	0.99
TRP	5, 15	1168	TYR	5, 18	1171	nuc	nuc	1
VAL	5, 16	1169	TYR	5, 18	1171	nuc	nuc	0.99
THR	5, 17	1170	TYR	5, 18	1171	nuc	nuc	1
TRP	5, 15	1168	PHE	5, 19	1172	nuc	nuc	0.98
VAL	5, 16	1169	PHE	5, 19	1172	nuc	nuc	0.99
THR	5, 17	1170	PHE	5, 19	1172	nuc	nuc	0.8
TYR	5, 18	1171	PHE	5, 19	1172	nuc	nuc	1
VAL	5, 16	1169	ASN	5, 20	1173	nuc	nuc	0.99
THR	5, 17	1170	ASN	5, 20	1173	nuc	nuc	0.99
TYR	5, 18	1171	ASN	5, 20	1173	nuc	nuc	0.96
PHE	5, 19	1172	ASN	5, 20	1173	nuc	nuc	1
THR	5, 17	1170	LYS	5, 21	1174	nuc	nuc	0.89
TYR	5, 18	1171	LYS	5, 21	1174	nuc	nuc	0.98
PHE	5, 19	1172	LYS	5, 21	1174	nuc	nuc	0.97
ASN	5, 20	1173	LYS	5, 21	1174	nuc	nuc	1
ASN	5, 20	1173	PRO	5, 22	1175	nuc	nuc	0.72
LYS	5, 21	1174	PRO	5, 22	1175	nuc	nuc	1
LYS	5, 21	1174	ASP	5, 23	1176	nuc	nuc	0.99
PRO	5, 22	1175	ASP	5, 23	1176	nuc	nuc	1
PHE	5, 19	1172	ILE	5, 24	1177	nuc	nuc	0.89
LYS	5, 21	1174	ILE	5, 24	1177	nuc	nuc	0.99
PRO	5, 22	1175	ILE	5, 24	1177	nuc	nuc	0.95
ASP	5, 23	1176	ILE	5, 24	1177	nuc	nuc	1
ASP	5, 23	1176	ASP	5, 25	1178	nuc	nuc	0.87
ILE	5, 24	1177	ASP	5, 25	1178	nuc	nuc	1
ASP	5, 25	1178	ALA	5, 26	1179	nuc	nuc	1
ASP	5, 25	1178	TRP	5, 27	1180	nuc	nuc	1
ALA	5, 26	1179	TRP	5, 27	1180	nuc	nuc	1
LYS	5, 21	1174	GLU	5, 28	1181	nuc	nuc	0.64
ILE	5, 24	1177	GLU	5, 28	1181	nuc	nuc	0.99
ASP	5, 25	1178	GLU	5, 28	1181	nuc	nuc	1
ALA	5, 26	1179	GLU	5, 28	1181	nuc	nuc	0.96
TRP	5, 27	1180	GLU	5, 28	1181	nuc	nuc	1
LEU	4, 26	1030	LEU	5, 29	1182	nuc	nuc	0.76
PHE	5, 19	1172	LEU	5, 29	1182	nuc	nuc	0.64
ILE	5, 24	1177	LEU	5, 29	1182	nuc	nuc	0.98
ASP	5, 25	1178	LEU	5, 29	1182	nuc	nuc	0.96
ALA	5, 26	1179	LEU	5, 29	1182	nuc	nuc	1
TRP	5, 27	1180	LEU	5, 29	1182	nuc	nuc	0.99
GLU	5, 28	1181	LEU	5, 29	1182	nuc	nuc	1
LEU	4, 26	1030	ARG	5, 30	1183	nuc	nuc	0.99
GLU	4, 28	1032	ARG	5, 30	1183	nuc	nuc	0.86
ALA	5, 26	1179	ARG	5, 30	1183	nuc	nuc	0.99
TRP	5, 27	1180	ARG	5, 30	1183	nuc	nuc	1
GLU	5, 28	1181	ARG	5, 30	1183	nuc	nuc	0.97
LEU	5, 29	1182	ARG	5, 30	1183	nuc	nuc	1
TRP	5, 27	1180	LYS	5, 31	1184	nuc	nuc	0.99
GLU	5, 28	1181	LYS	5, 31	1184	nuc	nuc	1
LEU	5, 29	1182	LYS	5, 31	1184	nuc	nuc	0.99
ARG	5, 30	1183	LYS	5, 31	1184	nuc	nuc	1
TYR	5, 18	1171	GLY	5, 32	1185	nuc	nuc	0.96
PHE	5, 19	1172	GLY	5, 32	1185	nuc	nuc	0.68
GLU	5, 28	1181	GLY	5, 32	1185	nuc	nuc	0.99
LEU	5, 29	1182	GLY	5, 32	1185	nuc	nuc	1
ARG	5, 30	1183	GLY	5, 32	1185	nuc	nuc	1
LYS	5, 31	1184	GLY	5, 32	1185	nuc	nuc	1
PRO	4, 25	1029	VAL	5, 33	1186	nuc	nuc	0.98
LEU	4, 26	1030	VAL	5, 33	1186	nuc	nuc	0.98
LEU	5, 29	1182	VAL	5, 33	1186	nuc	nuc	0.99
ARG	5, 30	1183	VAL	5, 33	1186	nuc	nuc	1
LYS	5, 31	1184	VAL	5, 33	1186	nuc	nuc	0.93
GLY	5, 32	1185	VAL	5, 33	1186	nuc	nuc	1
VAL	4, 24	1028	ASN	5, 34	1187	nuc	nuc	0.98
PRO	4, 25	1029	ASN	5, 34	1187	nuc	nuc	0.97
LEU	4, 26	1030	ASN	5, 34	1187	nuc	nuc	0.96
ARG	5, 30	1183	ASN	5, 34	1187	nuc	nuc	1
LYS	5, 31	1184	ASN	5, 34	1187	nuc	nuc	1
GLY	5, 32	1185	ASN	5, 34	1187	nuc	nuc	1
VAL	5, 33	1186	ASN	5, 34	1187	nuc	nuc	1
LYS	5, 31	1184	THR	5, 35	1188	nuc	nuc	1
GLY	5, 32	1185	THR	5, 35	1188	nuc	nuc	1
VAL	5, 33	1186	THR	5, 35	1188	nuc	nuc	0.98
ASN	5, 34	1187	THR	5, 35	1188	nuc	nuc	1
TRP	5, 15	1168	LEU	5, 36	1189	nuc	nuc	0.95
GLY	5, 32	1185	LEU	5, 36	1189	nuc	nuc	1
VAL	5, 33	1186	LEU	5, 36	1189	nuc	nuc	1
ASN	5, 34	1187	LEU	5, 36	1189	nuc	nuc	0.97
THR	5, 35	1188	LEU	5, 36	1189	nuc	nuc	1
SER	2, 51	567	VAL	5, 37	1190	mit	nuc	0.63
ASP	4, 23	1027	VAL	5, 37	1190	nuc	nuc	0.94
PRO	4, 25	1029	VAL	5, 37	1190	nuc	nuc	0.98
VAL	5, 33	1186	VAL	5, 37	1190	nuc	nuc	0.99
ASN	5, 34	1187	VAL	5, 37	1190	nuc	nuc	0.99
THR	5, 35	1188	VAL	5, 37	1190	nuc	nuc	0.96
LEU	5, 36	1189	VAL	5, 37	1190	nuc	nuc	1
SER	2, 51	567	GLY	5, 38	1191	mit	nuc	0.89
SER	2, 52	568	GLY	5, 38	1191	mit	nuc	0.97
ASN	2, 53	569	GLY	5, 38	1191	mit	nuc	0.98
THR	2, 54	570	GLY	5, 38	1191	mit	nuc	0.73
ASP	4, 23	1027	GLY	5, 38	1191	nuc	nuc	0.84
ASN	5, 34	1187	GLY	5, 38	1191	nuc	nuc	0.57
THR	5, 35	1188	GLY	5, 38	1191	nuc	nuc	0.99
LEU	5, 36	1189	GLY	5, 38	1191	nuc	nuc	1
VAL	5, 37	1190	GLY	5, 38	1191	nuc	nuc	1
SER	2, 52	568	TYR	5, 39	1192	mit	nuc	0.93
ASN	2, 53	569	TYR	5, 39	1192	mit	nuc	0.54
THR	2, 54	570	TYR	5, 39	1192	mit	nuc	0.72
THR	5, 35	1188	TYR	5, 39	1192	nuc	nuc	0.55
LEU	5, 36	1189	TYR	5, 39	1192	nuc	nuc	0.99
VAL	5, 37	1190	TYR	5, 39	1192	nuc	nuc	0.94
GLY	5, 38	1191	TYR	5, 39	1192	nuc	nuc	1
LEU	2, 50	566	ASP	5, 40	1193	mit	nuc	0.68
SER	2, 52	568	ASP	5, 40	1193	mit	nuc	0.98
THR	2, 54	570	ASP	5, 40	1193	mit	nuc	0.69
GLY	5, 38	1191	ASP	5, 40	1193	nuc	nuc	0.77
TYR	5, 39	1192	ASP	5, 40	1193	nuc	nuc	1
TYR	5, 39	1192	LEU	5, 41	1194	nuc	nuc	1
ASP	5, 40	1193	LEU	5, 41	1194	nuc	nuc	1
LEU	5, 41	1194	VAL	5, 42	1195	nuc	nuc	1
TRP	5, 15	1168	PRO	5, 43	1196	nuc	nuc	0.65
LEU	5, 36	1189	PRO	5, 43	1196	nuc	nuc	0.99
LEU	5, 41	1194	PRO	5, 43	1196	nuc	nuc	0.99
VAL	5, 42	1195	PRO	5, 43	1196	nuc	nuc	1
ASP	5, 12	1165	GLU	5, 44	1197	nuc	nuc	0.98
VAL	5, 42	1195	GLU	5, 44	1197	nuc	nuc	0.55
PRO	5, 43	1196	GLU	5, 44	1197	nuc	nuc	1
GLU	5, 44	1197	PRO	5, 45	1198	nuc	nuc	1
ASP	5, 12	1165	LYS	5, 46	1199	nuc	nuc	0.97
VAL	5, 16	1169	LYS	5, 46	1199	nuc	nuc	0.98
GLU	5, 44	1197	LYS	5, 46	1199	nuc	nuc	1
PRO	5, 45	1198	LYS	5, 46	1199	nuc	nuc	1
ASP	5, 12	1165	ILE	5, 47	1200	nuc	nuc	0.97
TRP	5, 15	1168	ILE	5, 47	1200	nuc	nuc	0.99
VAL	5, 16	1169	ILE	5, 47	1200	nuc	nuc	0.98
PHE	5, 19	1172	ILE	5, 47	1200	nuc	nuc	0.92
LEU	5, 36	1189	ILE	5, 47	1200	nuc	nuc	0.79
PRO	5, 43	1196	ILE	5, 47	1200	nuc	nuc	0.99
GLU	5, 44	1197	ILE	5, 47	1200	nuc	nuc	1
PRO	5, 45	1198	ILE	5, 47	1200	nuc	nuc	0.99
LYS	5, 46	1199	ILE	5, 47	1200	nuc	nuc	1
PRO	5, 43	1196	ILE	5, 48	1201	nuc	nuc	0.99
GLU	5, 44	1197	ILE	5, 48	1201	nuc	nuc	0.94
PRO	5, 45	1198	ILE	5, 48	1201	nuc	nuc	1
LYS	5, 46	1199	ILE	5, 48	1201	nuc	nuc	0.96
ILE	5, 47	1200	ILE	5, 48	1201	nuc	nuc	1
PRO	5, 45	1198	ASP	5, 49	1202	nuc	nuc	0.99
LYS	5, 46	1199	ASP	5, 49	1202	nuc	nuc	1
ILE	5, 47	1200	ASP	5, 49	1202	nuc	nuc	0.99
ILE	5, 48	1201	ASP	5, 49	1202	nuc	nuc	1
TRP	5, 15	1168	ALA	5, 50	1203	nuc	nuc	0.77
VAL	5, 16	1169	ALA	5, 50	1203	nuc	nuc	0.99
PHE	5, 19	1172	ALA	5, 50	1203	nuc	nuc	1
ASN	5, 20	1173	ALA	5, 50	1203	nuc	nuc	0.98
LYS	5, 46	1199	ALA	5, 50	1203	nuc	nuc	0.97
ILE	5, 47	1200	ALA	5, 50	1203	nuc	nuc	1
ILE	5, 48	1201	ALA	5, 50	1203	nuc	nuc	0.99
ASP	5, 49	1202	ALA	5, 50	1203	nuc	nuc	1
PHE	5, 19	1172	ALA	5, 51	1204	nuc	nuc	0.99
LEU	5, 29	1182	ALA	5, 51	1204	nuc	nuc	0.79
VAL	5, 33	1186	ALA	5, 51	1204	nuc	nuc	0.96
ILE	5, 47	1200	ALA	5, 51	1204	nuc	nuc	1
ILE	5, 48	1201	ALA	5, 51	1204	nuc	nuc	1
ASP	5, 49	1202	ALA	5, 51	1204	nuc	nuc	0.99
ALA	5, 50	1203	ALA	5, 51	1204	nuc	nuc	1
ILE	5, 48	1201	LEU	5, 52	1205	nuc	nuc	1
ASP	5, 49	1202	LEU	5, 52	1205	nuc	nuc	1
ALA	5, 50	1203	LEU	5, 52	1205	nuc	nuc	0.99
ALA	5, 51	1204	LEU	5, 52	1205	nuc	nuc	1
PHE	5, 19	1172	ARG	5, 53	1206	nuc	nuc	0.82
ASN	5, 20	1173	ARG	5, 53	1206	nuc	nuc	0.76
ASP	5, 49	1202	ARG	5, 53	1206	nuc	nuc	0.99
ALA	5, 50	1203	ARG	5, 53	1206	nuc	nuc	1
ALA	5, 51	1204	ARG	5, 53	1206	nuc	nuc	0.99
LEU	5, 52	1205	ARG	5, 53	1206	nuc	nuc	1
PHE	5, 19	1172	ALA	5, 54	1207	nuc	nuc	0.99
ASN	5, 20	1173	ALA	5, 54	1207	nuc	nuc	0.77
ILE	5, 24	1177	ALA	5, 54	1207	nuc	nuc	0.97
LEU	5, 29	1182	ALA	5, 54	1207	nuc	nuc	0.99
ALA	5, 50	1203	ALA	5, 54	1207	nuc	nuc	0.99
ALA	5, 51	1204	ALA	5, 54	1207	nuc	nuc	1
LEU	5, 52	1205	ALA	5, 54	1207	nuc	nuc	0.99
ARG	5, 53	1206	ALA	5, 54	1207	nuc	nuc	1
LEU	5, 29	1182	CYS	5, 55	1208	nuc	nuc	0.94
ALA	5, 51	1204	CYS	5, 55	1208	nuc	nuc	0.99
LEU	5, 52	1205	CYS	5, 55	1208	nuc	nuc	1
ARG	5, 53	1206	CYS	5, 55	1208	nuc	nuc	0.99
ALA	5, 54	1207	CYS	5, 55	1208	nuc	nuc	1
TRP	4, 50	1054	ARG	5, 56	1209	nuc	nuc	0.53
LEU	5, 52	1205	ARG	5, 56	1209	nuc	nuc	0.98
ARG	5, 53	1206	ARG	5, 56	1209	nuc	nuc	1
ALA	5, 54	1207	ARG	5, 56	1209	nuc	nuc	0.99
CYS	5, 55	1208	ARG	5, 56	1209	nuc	nuc	1
PRO	5, 22	1175	ARG	5, 57	1210	nuc	nuc	0.68
ILE	5, 24	1177	ARG	5, 57	1210	nuc	nuc	0.85
ARG	5, 53	1206	ARG	5, 57	1210	nuc	nuc	0.98
ALA	5, 54	1207	ARG	5, 57	1210	nuc	nuc	1
CYS	5, 55	1208	ARG	5, 57	1210	nuc	nuc	0.98
ARG	5, 56	1209	ARG	5, 57	1210	nuc	nuc	1
ILE	5, 24	1177	LEU	5, 58	1211	nuc	nuc	0.83
ASP	5, 25	1178	LEU	5, 58	1211	nuc	nuc	0.61
ALA	5, 26	1179	LEU	5, 58	1211	nuc	nuc	0.98
LEU	5, 29	1182	LEU	5, 58	1211	nuc	nuc	0.96
ALA	5, 54	1207	LEU	5, 58	1211	nuc	nuc	0.98
CYS	5, 55	1208	LEU	5, 58	1211	nuc	nuc	0.99
ARG	5, 56	1209	LEU	5, 58	1211	nuc	nuc	0.96
ARG	5, 57	1210	LEU	5, 58	1211	nuc	nuc	1
GLU	4, 46	1050	ASN	5, 59	1212	nuc	nuc	0.96
LYS	4, 47	1051	ASN	5, 59	1212	nuc	nuc	0.98
ARG	5, 56	1209	ASN	5, 59	1212	nuc	nuc	0.9
ARG	5, 57	1210	ASN	5, 59	1212	nuc	nuc	0.85
LEU	5, 58	1211	ASN	5, 59	1212	nuc	nuc	1
LYS	4, 65	1069	ASP	5, 60	1213	nuc	nuc	0.51
ALA	5, 26	1179	ASP	5, 60	1213	nuc	nuc	0.77
LEU	5, 29	1182	ASP	5, 60	1213	nuc	nuc	0.51
CYS	5, 55	1208	ASP	5, 60	1213	nuc	nuc	0.99
LEU	5, 58	1211	ASP	5, 60	1213	nuc	nuc	1
ASN	5, 59	1212	ASP	5, 60	1213	nuc	nuc	1
GLU	4, 46	1050	PHE	5, 61	1214	nuc	nuc	0.94
TRP	4, 50	1054	PHE	5, 61	1214	nuc	nuc	0.96
LEU	4, 53	1057	PHE	5, 61	1214	nuc	nuc	0.66
LYS	4, 58	1062	PHE	5, 61	1214	nuc	nuc	0.92
LEU	4, 61	1065	PHE	5, 61	1214	nuc	nuc	0.97
TYR	4, 62	1066	PHE	5, 61	1214	nuc	nuc	0.57
CYS	5, 55	1208	PHE	5, 61	1214	nuc	nuc	0.86
ASN	5, 59	1212	PHE	5, 61	1214	nuc	nuc	0.72
ASP	5, 60	1213	PHE	5, 61	1214	nuc	nuc	1
LEU	4, 61	1065	ALA	5, 62	1215	nuc	nuc	0.99
TYR	4, 62	1066	ALA	5, 62	1215	nuc	nuc	0.98
ILE	4, 64	1068	ALA	5, 62	1215	nuc	nuc	0.87
LYS	4, 65	1069	ALA	5, 62	1215	nuc	nuc	0.99
PHE	4, 66	1070	ALA	5, 62	1215	nuc	nuc	0.94
ASP	5, 60	1213	ALA	5, 62	1215	nuc	nuc	1
PHE	5, 61	1214	ALA	5, 62	1215	nuc	nuc	1
LEU	4, 26	1030	SER	5, 63	1216	nuc	nuc	0.98
LYS	4, 65	1069	SER	5, 63	1216	nuc	nuc	0.86
LEU	5, 29	1182	SER	5, 63	1216	nuc	nuc	0.89
VAL	5, 33	1186	SER	5, 63	1216	nuc	nuc	0.58
CYS	5, 55	1208	SER	5, 63	1216	nuc	nuc	0.99
ASP	5, 60	1213	SER	5, 63	1216	nuc	nuc	1
PHE	5, 61	1214	SER	5, 63	1216	nuc	nuc	0.97
ALA	5, 62	1215	SER	5, 63	1216	nuc	nuc	1
LEU	5, 52	1205	ALA	5, 64	1217	nuc	nuc	0.99
CYS	5, 55	1208	ALA	5, 64	1217	nuc	nuc	1
ARG	5, 56	1209	ALA	5, 64	1217	nuc	nuc	0.74
ASP	5, 60	1213	ALA	5, 64	1217	nuc	nuc	0.97
PHE	5, 61	1214	ALA	5, 64	1217	nuc	nuc	1
ALA	5, 62	1215	ALA	5, 64	1217	nuc	nuc	1
SER	5, 63	1216	ALA	5, 64	1217	nuc	nuc	1
LYS	4, 58	1062	VAL	5, 65	1218	nuc	nuc	0.62
TYR	4, 62	1066	VAL	5, 65	1218	nuc	nuc	0.98
PHE	5, 61	1214	VAL	5, 65	1218	nuc	nuc	0.98
ALA	5, 62	1215	VAL	5, 65	1218	nuc	nuc	0.99
SER	5, 63	1216	VAL	5, 65	1218	nuc	nuc	0.98
ALA	5, 64	1217	VAL	5, 65	1218	nuc	nuc	1
PRO	4, 25	1029	ARG	5, 66	1219	nuc	nuc	0.98
LEU	4, 26	1030	ARG	5, 66	1219	nuc	nuc	0.97
TYR	4, 62	1066	ARG	5, 66	1219	nuc	nuc	0.6
PHE	4, 66	1070	ARG	5, 66	1219	nuc	nuc	0.96
ALA	5, 62	1215	ARG	5, 66	1219	nuc	nuc	0.99
SER	5, 63	1216	ARG	5, 66	1219	nuc	nuc	1
ALA	5, 64	1217	ARG	5, 66	1219	nuc	nuc	0.99
VAL	5, 65	1218	ARG	5, 66	1219	nuc	nuc	1
PRO	4, 25	1029	ILE	5, 67	1220	nuc	nuc	0.81
VAL	5, 33	1186	ILE	5, 67	1220	nuc	nuc	0.99
ILE	5, 48	1201	ILE	5, 67	1220	nuc	nuc	0.98
ALA	5, 51	1204	ILE	5, 67	1220	nuc	nuc	0.99
LEU	5, 52	1205	ILE	5, 67	1220	nuc	nuc	0.96
CYS	5, 55	1208	ILE	5, 67	1220	nuc	nuc	0.86
SER	5, 63	1216	ILE	5, 67	1220	nuc	nuc	0.99
ALA	5, 64	1217	ILE	5, 67	1220	nuc	nuc	1
VAL	5, 65	1218	ILE	5, 67	1220	nuc	nuc	0.99
ARG	5, 66	1219	ILE	5, 67	1220	nuc	nuc	1
ILE	5, 48	1201	LEU	5, 68	1221	nuc	nuc	0.57
ALA	5, 64	1217	LEU	5, 68	1221	nuc	nuc	0.96
VAL	5, 65	1218	LEU	5, 68	1221	nuc	nuc	1
ARG	5, 66	1219	LEU	5, 68	1221	nuc	nuc	0.99
ILE	5, 67	1220	LEU	5, 68	1221	nuc	nuc	1
PRO	4, 25	1029	GLU	5, 69	1222	nuc	nuc	0.54
SER	4, 69	1073	GLU	5, 69	1222	nuc	nuc	0.92
TYR	4, 70	1074	GLU	5, 69	1222	nuc	nuc	0.99
VAL	5, 65	1218	GLU	5, 69	1222	nuc	nuc	0.99
ARG	5, 66	1219	GLU	5, 69	1222	nuc	nuc	1
ILE	5, 67	1220	GLU	5, 69	1222	nuc	nuc	0.99
LEU	5, 68	1221	GLU	5, 69	1222	nuc	nuc	1
PRO	4, 25	1029	VAL	5, 70	1223	nuc	nuc	0.99
TYR	4, 70	1074	VAL	5, 70	1223	nuc	nuc	0.75
VAL	5, 33	1186	VAL	5, 70	1223	nuc	nuc	0.89
VAL	5, 37	1190	VAL	5, 70	1223	nuc	nuc	0.99
ARG	5, 66	1219	VAL	5, 70	1223	nuc	nuc	1
ILE	5, 67	1220	VAL	5, 70	1223	nuc	nuc	1
LEU	5, 68	1221	VAL	5, 70	1223	nuc	nuc	0.98
GLU	5, 69	1222	VAL	5, 70	1223	nuc	nuc	1
VAL	5, 42	1195	VAL	5, 71	1224	nuc	nuc	0.99
PRO	5, 43	1196	VAL	5, 71	1224	nuc	nuc	0.96
ILE	5, 48	1201	VAL	5, 71	1224	nuc	nuc	0.97
ILE	5, 67	1220	VAL	5, 71	1224	nuc	nuc	0.98
LEU	5, 68	1221	VAL	5, 71	1224	nuc	nuc	1
GLU	5, 69	1222	VAL	5, 71	1224	nuc	nuc	0.99
VAL	5, 70	1223	VAL	5, 71	1224	nuc	nuc	1
TYR	4, 70	1074	LYS	5, 72	1225	nuc	nuc	0.88
LEU	5, 68	1221	LYS	5, 72	1225	nuc	nuc	0.96
GLU	5, 69	1222	LYS	5, 72	1225	nuc	nuc	1
VAL	5, 70	1223	LYS	5, 72	1225	nuc	nuc	0.99
VAL	5, 71	1224	LYS	5, 72	1225	nuc	nuc	1
ARG	4, 22	1026	ASP	5, 73	1226	nuc	nuc	0.95
TYR	4, 70	1074	ASP	5, 73	1226	nuc	nuc	0.98
ASN	4, 74	1078	ASP	5, 73	1226	nuc	nuc	0.53
GLU	5, 69	1222	ASP	5, 73	1226	nuc	nuc	0.99
VAL	5, 70	1223	ASP	5, 73	1226	nuc	nuc	1
VAL	5, 71	1224	ASP	5, 73	1226	nuc	nuc	0.98
LYS	5, 72	1225	ASP	5, 73	1226	nuc	nuc	1
LEU	2, 50	566	LYS	5, 74	1227	mit	nuc	0.58
SER	2, 51	567	LYS	5, 74	1227	mit	nuc	0.8
VAL	5, 37	1190	LYS	5, 74	1227	nuc	nuc	0.96
VAL	5, 42	1195	LYS	5, 74	1227	nuc	nuc	0.99
PRO	5, 43	1196	LYS	5, 74	1227	nuc	nuc	0.68
VAL	5, 70	1223	LYS	5, 74	1227	nuc	nuc	1
VAL	5, 71	1224	LYS	5, 74	1227	nuc	nuc	1
LYS	5, 72	1225	LYS	5, 74	1227	nuc	nuc	0.95
ASP	5, 73	1226	LYS	5, 74	1227	nuc	nuc	1
VAL	5, 42	1195	ALA	5, 75	1228	nuc	nuc	0.98
VAL	5, 71	1224	ALA	5, 75	1228	nuc	nuc	0.97
LYS	5, 72	1225	ALA	5, 75	1228	nuc	nuc	0.99
ASP	5, 73	1226	ALA	5, 75	1228	nuc	nuc	0.99
LYS	5, 74	1227	ALA	5, 75	1228	nuc	nuc	1
LYS	2, 49	565	GLY	5, 76	1229	mit	nuc	0.97
LEU	2, 50	566	GLY	5, 76	1229	mit	nuc	0.95
ASP	5, 73	1226	GLY	5, 76	1229	nuc	nuc	0.98
LYS	5, 74	1227	GLY	5, 76	1229	nuc	nuc	0.99
ALA	5, 75	1228	GLY	5, 76	1229	nuc	nuc	1
LYS	2, 49	565	PRO	5, 77	1230	mit	nuc	0.93
LEU	2, 50	566	PRO	5, 77	1230	mit	nuc	0.72
ALA	5, 75	1228	PRO	5, 77	1230	nuc	nuc	0.61
GLY	5, 76	1229	PRO	5, 77	1230	nuc	nuc	1
ALA	5, 75	1228	HIS	5, 78	1231	nuc	nuc	0.99
GLY	5, 76	1229	HIS	5, 78	1231	nuc	nuc	0.99
PRO	5, 77	1230	HIS	5, 78	1231	nuc	nuc	1
ALA	5, 75	1228	LYS	5, 79	1232	nuc	nuc	0.8
PRO	5, 77	1230	LYS	5, 79	1232	nuc	nuc	0.87
HIS	5, 78	1231	LYS	5, 79	1232	nuc	nuc	1
HIS	5, 78	1231	GLU	5, 80	1233	nuc	nuc	0.99
LYS	5, 79	1232	GLU	5, 80	1233	nuc	nuc	1
VAL	5, 42	1195	ILE	5, 81	1234	nuc	nuc	0.97
ALA	5, 75	1228	ILE	5, 81	1234	nuc	nuc	0.99
HIS	5, 78	1231	ILE	5, 81	1234	nuc	nuc	0.99
LYS	5, 79	1232	ILE	5, 81	1234	nuc	nuc	0.91
GLU	5, 80	1233	ILE	5, 81	1234	nuc	nuc	1
VAL	5, 71	1224	TYR	5, 82	1235	nuc	nuc	0.97
LYS	5, 72	1225	TYR	5, 82	1235	nuc	nuc	0.99
ALA	5, 75	1228	TYR	5, 82	1235	nuc	nuc	0.99
LYS	5, 79	1232	TYR	5, 82	1235	nuc	nuc	0.93
GLU	5, 80	1233	TYR	5, 82	1235	nuc	nuc	0.65
ILE	5, 81	1234	TYR	5, 82	1235	nuc	nuc	1
LYS	5, 79	1232	PRO	5, 83	1236	nuc	nuc	0.67
GLU	5, 80	1233	PRO	5, 83	1236	nuc	nuc	0.97
ILE	5, 81	1234	PRO	5, 83	1236	nuc	nuc	0.91
TYR	5, 82	1235	PRO	5, 83	1236	nuc	nuc	1
GLU	5, 80	1233	TYR	5, 84	1237	nuc	nuc	0.96
ILE	5, 81	1234	TYR	5, 84	1237	nuc	nuc	0.99
TYR	5, 82	1235	TYR	5, 84	1237	nuc	nuc	0.99
PRO	5, 83	1236	TYR	5, 84	1237	nuc	nuc	1
VAL	5, 42	1195	VAL	5, 85	1238	nuc	nuc	0.81
PRO	5, 45	1198	VAL	5, 85	1238	nuc	nuc	0.99
ILE	5, 48	1201	VAL	5, 85	1238	nuc	nuc	0.95
VAL	5, 71	1224	VAL	5, 85	1238	nuc	nuc	0.99
ILE	5, 81	1234	VAL	5, 85	1238	nuc	nuc	0.99
TYR	5, 82	1235	VAL	5, 85	1238	nuc	nuc	1
PRO	5, 83	1236	VAL	5, 85	1238	nuc	nuc	0.97
TYR	5, 84	1237	VAL	5, 85	1238	nuc	nuc	1
LEU	5, 68	1221	ILE	5, 86	1239	nuc	nuc	0.57
TYR	5, 82	1235	ILE	5, 86	1239	nuc	nuc	0.99
PRO	5, 83	1236	ILE	5, 86	1239	nuc	nuc	1
TYR	5, 84	1237	ILE	5, 86	1239	nuc	nuc	0.98
VAL	5, 85	1238	ILE	5, 86	1239	nuc	nuc	1
PRO	5, 83	1236	GLN	5, 87	1240	nuc	nuc	0.98
TYR	5, 84	1237	GLN	5, 87	1240	nuc	nuc	0.99
VAL	5, 85	1238	GLN	5, 87	1240	nuc	nuc	0.99
ILE	5, 86	1239	GLN	5, 87	1240	nuc	nuc	1
PRO	5, 45	1198	GLU	5, 88	1241	nuc	nuc	0.99
TYR	5, 84	1237	GLU	5, 88	1241	nuc	nuc	0.97
VAL	5, 85	1238	GLU	5, 88	1241	nuc	nuc	0.99
ILE	5, 86	1239	GLU	5, 88	1241	nuc	nuc	0.94
GLN	5, 87	1240	GLU	5, 88	1241	nuc	nuc	1
PRO	5, 45	1198	LEU	5, 89	1242	nuc	nuc	0.98
ILE	5, 48	1201	LEU	5, 89	1242	nuc	nuc	0.97
ASP	5, 49	1202	LEU	5, 89	1242	nuc	nuc	0.97
LEU	5, 52	1205	LEU	5, 89	1242	nuc	nuc	0.8
VAL	5, 85	1238	LEU	5, 89	1242	nuc	nuc	0.99
ILE	5, 86	1239	LEU	5, 89	1242	nuc	nuc	1
GLN	5, 87	1240	LEU	5, 89	1242	nuc	nuc	0.95
GLU	5, 88	1241	LEU	5, 89	1242	nuc	nuc	1
ILE	5, 86	1239	ARG	5, 90	1243	nuc	nuc	0.98
GLN	5, 87	1240	ARG	5, 90	1243	nuc	nuc	0.99
GLU	5, 88	1241	ARG	5, 90	1243	nuc	nuc	0.97
LEU	5, 89	1242	ARG	5, 90	1243	nuc	nuc	1
LEU	5, 89	1242	PRO	5, 91	1244	nuc	nuc	0.96
ARG	5, 90	1243	PRO	5, 91	1244	nuc	nuc	1
ASP	5, 49	1202	THR	5, 92	1245	nuc	nuc	0.99
LEU	5, 52	1205	THR	5, 92	1245	nuc	nuc	0.98
ARG	5, 53	1206	THR	5, 92	1245	nuc	nuc	0.77
LEU	5, 89	1242	THR	5, 92	1245	nuc	nuc	1
ARG	5, 90	1243	THR	5, 92	1245	nuc	nuc	0.94
PRO	5, 91	1244	THR	5, 92	1245	nuc	nuc	1
ILE	5, 86	1239	LEU	5, 93	1246	nuc	nuc	0.64
LEU	5, 89	1242	LEU	5, 93	1246	nuc	nuc	0.99
ARG	5, 90	1243	LEU	5, 93	1246	nuc	nuc	0.99
PRO	5, 91	1244	LEU	5, 93	1246	nuc	nuc	0.98
THR	5, 92	1245	LEU	5, 93	1246	nuc	nuc	1
ARG	5, 90	1243	SER	5, 94	1247	nuc	nuc	0.98
PRO	5, 91	1244	SER	5, 94	1247	nuc	nuc	0.99
THR	5, 92	1245	SER	5, 94	1247	nuc	nuc	0.95
LEU	5, 93	1246	SER	5, 94	1247	nuc	nuc	1
PRO	5, 91	1244	GLU	5, 95	1248	nuc	nuc	0.96
THR	5, 92	1245	GLU	5, 95	1248	nuc	nuc	0.99
LEU	5, 93	1246	GLU	5, 95	1248	nuc	nuc	0.96
SER	5, 94	1247	GLU	5, 95	1248	nuc	nuc	1
TRP	4, 50	1054	LEU	5, 96	1249	nuc	nuc	0.91
LEU	5, 52	1205	LEU	5, 96	1249	nuc	nuc	0.96
ARG	5, 53	1206	LEU	5, 96	1249	nuc	nuc	0.83
ARG	5, 56	1209	LEU	5, 96	1249	nuc	nuc	0.98
ALA	5, 64	1217	LEU	5, 96	1249	nuc	nuc	0.63
THR	5, 92	1245	LEU	5, 96	1249	nuc	nuc	0.98
LEU	5, 93	1246	LEU	5, 96	1249	nuc	nuc	0.98
SER	5, 94	1247	LEU	5, 96	1249	nuc	nuc	0.75
GLU	5, 95	1248	LEU	5, 96	1249	nuc	nuc	1
SER	4, 49	1053	GLY	5, 97	1250	nuc	nuc	0.68
TRP	4, 50	1054	GLY	5, 97	1250	nuc	nuc	0.97
THR	4, 51	1055	GLY	5, 97	1250	nuc	nuc	0.97
LEU	5, 93	1246	GLY	5, 97	1250	nuc	nuc	0.98
SER	5, 94	1247	GLY	5, 97	1250	nuc	nuc	0.98
GLU	5, 95	1248	GLY	5, 97	1250	nuc	nuc	0.99
LEU	5, 96	1249	GLY	5, 97	1250	nuc	nuc	1
TRP	4, 50	1054	ILE	5, 98	1251	nuc	nuc	0.93
LEU	5, 52	1205	ILE	5, 98	1251	nuc	nuc	0.96
PHE	5, 61	1214	ILE	5, 98	1251	nuc	nuc	0.87
ALA	5, 64	1217	ILE	5, 98	1251	nuc	nuc	0.99
VAL	5, 65	1218	ILE	5, 98	1251	nuc	nuc	0.93
LEU	5, 68	1221	ILE	5, 98	1251	nuc	nuc	0.64
THR	5, 92	1245	ILE	5, 98	1251	nuc	nuc	0.57
LEU	5, 93	1246	ILE	5, 98	1251	nuc	nuc	0.99
LEU	5, 96	1249	ILE	5, 98	1251	nuc	nuc	0.99
GLY	5, 97	1250	ILE	5, 98	1251	nuc	nuc	1
VAL	4, 55	1059	SER	5, 99	1252	nuc	nuc	0.84
LYS	4, 58	1062	SER	5, 99	1252	nuc	nuc	0.94
VAL	5, 65	1218	SER	5, 99	1252	nuc	nuc	0.86
LEU	5, 93	1246	SER	5, 99	1252	nuc	nuc	0.65
GLY	5, 97	1250	SER	5, 99	1252	nuc	nuc	0.99
ILE	5, 98	1251	SER	5, 99	1252	nuc	nuc	1
VAL	5, 65	1218	THR	5, 100	1253	nuc	nuc	0.56
LEU	5, 68	1221	THR	5, 100	1253	nuc	nuc	0.97
ILE	5, 86	1239	THR	5, 100	1253	nuc	nuc	0.95
LEU	5, 93	1246	THR	5, 100	1253	nuc	nuc	0.89
ILE	5, 98	1251	THR	5, 100	1253	nuc	nuc	0.78
SER	5, 99	1252	THR	5, 100	1253	nuc	nuc	1
SER	4, 69	1073	PRO	5, 101	1254	nuc	nuc	0.75
VAL	5, 65	1218	PRO	5, 101	1254	nuc	nuc	0.98
LEU	5, 68	1221	PRO	5, 101	1254	nuc	nuc	0.98
GLU	5, 69	1222	PRO	5, 101	1254	nuc	nuc	0.99
LYS	5, 72	1225	PRO	5, 101	1254	nuc	nuc	0.86
THR	5, 100	1253	PRO	5, 101	1254	nuc	nuc	1
THR	5, 100	1253	GLU	5, 102	1255	nuc	nuc	0.99
PRO	5, 101	1254	GLU	5, 102	1255	nuc	nuc	1
VAL	4, 55	1059	GLU	5, 103	1256	nuc	nuc	0.66
SER	5, 99	1252	GLU	5, 103	1256	nuc	nuc	0.98
THR	5, 100	1253	GLU	5, 103	1256	nuc	nuc	0.99
PRO	5, 101	1254	GLU	5, 103	1256	nuc	nuc	0.97
GLU	5, 102	1255	GLU	5, 103	1256	nuc	nuc	1
VAL	4, 55	1059	LEU	5, 104	1257	nuc	nuc	0.93
LYS	4, 58	1062	LEU	5, 104	1257	nuc	nuc	0.95
VAL	4, 59	1063	LEU	5, 104	1257	nuc	nuc	0.96
TYR	4, 62	1066	LEU	5, 104	1257	nuc	nuc	0.86
VAL	5, 65	1218	LEU	5, 104	1257	nuc	nuc	0.91
SER	5, 99	1252	LEU	5, 104	1257	nuc	nuc	0.98
THR	5, 100	1253	LEU	5, 104	1257	nuc	nuc	0.93
PRO	5, 101	1254	LEU	5, 104	1257	nuc	nuc	0.99
GLU	5, 102	1255	LEU	5, 104	1257	nuc	nuc	0.95
GLU	5, 103	1256	LEU	5, 104	1257	nuc	nuc	1
VAL	4, 59	1063	GLY	5, 105	1258	nuc	nuc	0.65
PRO	5, 101	1254	GLY	5, 105	1258	nuc	nuc	0.95
GLU	5, 102	1255	GLY	5, 105	1258	nuc	nuc	0.96
GLU	5, 103	1256	GLY	5, 105	1258	nuc	nuc	0.99
LEU	5, 104	1257	GLY	5, 105	1258	nuc	nuc	1
VAL	4, 59	1063	LEU	5, 106	1259	nuc	nuc	0.79
TYR	4, 62	1066	LEU	5, 106	1259	nuc	nuc	0.88
SER	4, 69	1073	LEU	5, 106	1259	nuc	nuc	0.98
ALA	4, 71	1075	LEU	5, 106	1259	nuc	nuc	0.92
VAL	5, 65	1218	LEU	5, 106	1259	nuc	nuc	0.79
GLU	5, 69	1222	LEU	5, 106	1259	nuc	nuc	0.78
PRO	5, 101	1254	LEU	5, 106	1259	nuc	nuc	0.98
GLU	5, 102	1255	LEU	5, 106	1259	nuc	nuc	0.62
LEU	5, 104	1257	LEU	5, 106	1259	nuc	nuc	0.99
GLY	5, 105	1258	LEU	5, 106	1259	nuc	nuc	1
SER	4, 69	1073	ASP	5, 107	1260	nuc	nuc	0.54
ALA	4, 71	1075	ASP	5, 107	1260	nuc	nuc	0.96
PRO	5, 101	1254	ASP	5, 107	1260	nuc	nuc	0.97
GLU	5, 102	1255	ASP	5, 107	1260	nuc	nuc	0.97
GLY	5, 105	1258	ASP	5, 107	1260	nuc	nuc	0.99
LEU	5, 106	1259	ASP	5, 107	1260	nuc	nuc	1
ALA	4, 71	1075	LYS	5, 108	1261	nuc	nuc	0.91
GLY	5, 105	1258	LYS	5, 108	1261	nuc	nuc	0.93
LEU	5, 106	1259	LYS	5, 108	1261	nuc	nuc	0.86
ASP	5, 107	1260	LYS	5, 108	1261	nuc	nuc	1
ALA	4, 71	1075	ALA	5, 109	1262	nuc	nuc	0.88
GLU	4, 72	1076	ALA	5, 109	1262	nuc	nuc	0.84
LYS	4, 75	1079	ALA	5, 109	1262	nuc	nuc	0.77
LYS	5, 108	1261	ALA	5, 109	1262	nuc	nuc	1
ALA	6, 1	1263	ALA	6, 2	1264	nuc	nuc	1
ALA	6, 1	1263	PRO	6, 3	1265	nuc	nuc	0.6
ALA	6, 2	1264	PRO	6, 3	1265	nuc	nuc	1
ARG	3, 156	899	GLY	6, 4	1266	mit	nuc	0.83
ALA	6, 2	1264	GLY	6, 4	1266	nuc	nuc	0.97
PRO	6, 3	1265	GLY	6, 4	1266	nuc	nuc	1
GLY	3, 154	897	ASP	6, 5	1267	mit	nuc	0.82
ASN	3, 155	898	ASP	6, 5	1267	mit	nuc	0.71
ARG	3, 156	899	ASP	6, 5	1267	mit	nuc	0.95
ALA	6, 1	1263	ASP	6, 5	1267	nuc	nuc	0.54
ALA	6, 2	1264	ASP	6, 5	1267	nuc	nuc	0.73
PRO	6, 3	1265	ASP	6, 5	1267	nuc	nuc	0.82
GLY	6, 4	1266	ASP	6, 5	1267	nuc	nuc	1
ILE	3, 151	894	LEU	6, 6	1268	mit	nuc	0.79
GLY	3, 154	897	LEU	6, 6	1268	mit	nuc	0.95
ASN	3, 155	898	LEU	6, 6	1268	mit	nuc	0.63
ARG	3, 156	899	LEU	6, 6	1268	mit	nuc	0.96
PHE	3, 225	968	LEU	6, 6	1268	mit	nuc	0.86
PHE	3, 227	970	LEU	6, 6	1268	mit	nuc	0.85
THR	3, 228	971	LEU	6, 6	1268	mit	nuc	0.91
PRO	3, 229	972	LEU	6, 6	1268	mit	nuc	0.91
GLY	6, 4	1266	LEU	6, 6	1268	nuc	nuc	0.68
ASP	6, 5	1267	LEU	6, 6	1268	nuc	nuc	1
PHE	3, 225	968	ALA	6, 7	1269	mit	nuc	0.92
THR	3, 228	971	ALA	6, 7	1269	mit	nuc	0.96
LEU	6, 6	1268	ALA	6, 7	1269	nuc	nuc	1
THR	3, 228	971	THR	6, 8	1270	mit	nuc	0.95
PRO	3, 229	972	THR	6, 8	1270	mit	nuc	0.93
ASN	3, 230	973	THR	6, 8	1270	mit	nuc	0.52
LEU	6, 6	1268	THR	6, 8	1270	nuc	nuc	0.77
ALA	6, 7	1269	THR	6, 8	1270	nuc	nuc	1
THR	3, 228	971	ASP	6, 9	1271	mit	nuc	0.98
PRO	3, 229	972	ASP	6, 9	1271	mit	nuc	0.74
ASN	3, 230	973	ASP	6, 9	1271	mit	nuc	0.97
HIS	3, 231	974	ASP	6, 9	1271	mit	nuc	0.95
THR	6, 8	1270	ASP	6, 9	1271	nuc	nuc	1
THR	6, 8	1270	GLU	6, 10	1272	nuc	nuc	0.99
ASP	6, 9	1271	GLU	6, 10	1272	nuc	nuc	1
ALA	6, 7	1269	GLU	6, 11	1273	nuc	nuc	0.94
THR	6, 8	1270	GLU	6, 11	1273	nuc	nuc	0.97
ASP	6, 9	1271	GLU	6, 11	1273	nuc	nuc	0.92
GLU	6, 10	1272	GLU	6, 11	1273	nuc	nuc	1
THR	3, 228	971	GLN	6, 12	1274	mit	nuc	0.96
ALA	6, 7	1269	GLN	6, 12	1274	nuc	nuc	0.97
THR	6, 8	1270	GLN	6, 12	1274	nuc	nuc	0.89
ASP	6, 9	1271	GLN	6, 12	1274	nuc	nuc	0.96
GLU	6, 11	1273	GLN	6, 12	1274	nuc	nuc	1
GLY	3, 69	812	ALA	6, 13	1275	mit	nuc	0.86
THR	3, 228	971	ALA	6, 13	1275	mit	nuc	0.7
HIS	3, 231	974	ALA	6, 13	1275	mit	nuc	0.71
ASP	6, 9	1271	ALA	6, 13	1275	nuc	nuc	0.98
GLU	6, 10	1272	ALA	6, 13	1275	nuc	nuc	0.95
GLU	6, 11	1273	ALA	6, 13	1275	nuc	nuc	0.72
GLN	6, 12	1274	ALA	6, 13	1275	nuc	nuc	1
PHE	3, 67	810	THR	6, 14	1276	mit	nuc	0.68
GLN	3, 68	811	THR	6, 14	1276	mit	nuc	0.85
GLY	3, 69	812	THR	6, 14	1276	mit	nuc	0.99
GLN	6, 12	1274	THR	6, 14	1276	nuc	nuc	0.91
ALA	6, 13	1275	THR	6, 14	1276	nuc	nuc	1
GLN	3, 68	811	GLY	6, 15	1277	mit	nuc	0.93
GLY	3, 69	812	GLY	6, 15	1277	mit	nuc	0.99
HIS	3, 70	813	GLY	6, 15	1277	mit	nuc	0.74
ALA	6, 13	1275	GLY	6, 15	1277	nuc	nuc	0.94
THR	6, 14	1276	GLY	6, 15	1277	nuc	nuc	1
SER	3, 7	750	LEU	6, 16	1278	mit	nuc	0.86
GLY	3, 69	812	LEU	6, 16	1278	mit	nuc	0.99
HIS	3, 70	813	LEU	6, 16	1278	mit	nuc	0.99
THR	3, 72	815	LEU	6, 16	1278	mit	nuc	0.98
GLY	6, 15	1277	LEU	6, 16	1278	nuc	nuc	1
GLY	3, 69	812	GLU	6, 17	1279	mit	nuc	0.99
HIS	3, 70	813	GLU	6, 17	1279	mit	nuc	0.88
HIS	3, 71	814	GLU	6, 17	1279	mit	nuc	0.97
THR	3, 72	815	GLU	6, 17	1279	mit	nuc	0.99
HIS	3, 231	974	GLU	6, 17	1279	mit	nuc	0.51
ALA	6, 13	1275	GLU	6, 17	1279	nuc	nuc	0.98
THR	6, 14	1276	GLU	6, 17	1279	nuc	nuc	0.97
GLY	6, 15	1277	GLU	6, 17	1279	nuc	nuc	1
LEU	6, 16	1278	GLU	6, 17	1279	nuc	nuc	1
GLY	3, 69	812	ARG	6, 18	1280	mit	nuc	0.87
ALA	6, 13	1275	ARG	6, 18	1280	nuc	nuc	0.99
THR	6, 14	1276	ARG	6, 18	1280	nuc	nuc	0.99
GLY	6, 15	1277	ARG	6, 18	1280	nuc	nuc	1
LEU	6, 16	1278	ARG	6, 18	1280	nuc	nuc	0.97
GLU	6, 17	1279	ARG	6, 18	1280	nuc	nuc	1
GLY	6, 15	1277	LYS	6, 19	1281	nuc	nuc	0.99
LEU	6, 16	1278	LYS	6, 19	1281	nuc	nuc	1
GLU	6, 17	1279	LYS	6, 19	1281	nuc	nuc	0.98
ARG	6, 18	1280	LYS	6, 19	1281	nuc	nuc	1
SER	3, 7	750	VAL	6, 20	1282	mit	nuc	0.95
THR	3, 72	815	VAL	6, 20	1282	mit	nuc	0.99
PRO	3, 73	816	VAL	6, 20	1282	mit	nuc	0.92
LEU	6, 16	1278	VAL	6, 20	1282	nuc	nuc	0.99
GLU	6, 17	1279	VAL	6, 20	1282	nuc	nuc	1
ARG	6, 18	1280	VAL	6, 20	1282	nuc	nuc	0.97
LYS	6, 19	1281	VAL	6, 20	1282	nuc	nuc	1
ASP	6, 9	1271	MET	6, 21	1283	nuc	nuc	0.89
GLU	6, 10	1272	MET	6, 21	1283	nuc	nuc	0.59
ALA	6, 13	1275	MET	6, 21	1283	nuc	nuc	0.96
GLU	6, 17	1279	MET	6, 21	1283	nuc	nuc	0.99
ARG	6, 18	1280	MET	6, 21	1283	nuc	nuc	1
LYS	6, 19	1281	MET	6, 21	1283	nuc	nuc	0.98
VAL	6, 20	1282	MET	6, 21	1283	nuc	nuc	1
ARG	6, 18	1280	GLU	6, 22	1284	nuc	nuc	0.99
LYS	6, 19	1281	GLU	6, 22	1284	nuc	nuc	0.99
VAL	6, 20	1282	GLU	6, 22	1284	nuc	nuc	0.96
MET	6, 21	1283	GLU	6, 22	1284	nuc	nuc	1
LYS	6, 19	1281	ALA	6, 23	1285	nuc	nuc	0.99
VAL	6, 20	1282	ALA	6, 23	1285	nuc	nuc	1
MET	6, 21	1283	ALA	6, 23	1285	nuc	nuc	0.98
GLU	6, 22	1284	ALA	6, 23	1285	nuc	nuc	1
VAL	6, 20	1282	MET	6, 24	1286	nuc	nuc	0.99
MET	6, 21	1283	MET	6, 24	1286	nuc	nuc	0.99
GLU	6, 22	1284	MET	6, 24	1286	nuc	nuc	0.96
ALA	6, 23	1285	MET	6, 24	1286	nuc	nuc	1
MET	6, 21	1283	ASN	6, 25	1287	nuc	nuc	0.97
GLU	6, 22	1284	ASN	6, 25	1287	nuc	nuc	0.99
ALA	6, 23	1285	ASN	6, 25	1287	nuc	nuc	0.97
MET	6, 24	1286	ASN	6, 25	1287	nuc	nuc	1
GLU	6, 22	1284	LYS	6, 26	1288	nuc	nuc	0.95
ALA	6, 23	1285	LYS	6, 26	1288	nuc	nuc	0.98
MET	6, 24	1286	LYS	6, 26	1288	nuc	nuc	0.95
ASN	6, 25	1287	LYS	6, 26	1288	nuc	nuc	1
ALA	6, 23	1285	GLY	6, 27	1289	nuc	nuc	0.94
MET	6, 24	1286	GLY	6, 27	1289	nuc	nuc	0.98
ASN	6, 25	1287	GLY	6, 27	1289	nuc	nuc	0.99
LYS	6, 26	1288	GLY	6, 27	1289	nuc	nuc	1
ALA	6, 23	1285	LEU	6, 28	1290	nuc	nuc	0.97
MET	6, 24	1286	LEU	6, 28	1290	nuc	nuc	0.72
LYS	6, 26	1288	LEU	6, 28	1290	nuc	nuc	0.98
GLY	6, 27	1289	LEU	6, 28	1290	nuc	nuc	1
ALA	6, 23	1285	ASP	6, 29	1291	nuc	nuc	0.92
MET	6, 24	1286	ASP	6, 29	1291	nuc	nuc	0.63
GLY	6, 27	1289	ASP	6, 29	1291	nuc	nuc	0.98
LEU	6, 28	1290	ASP	6, 29	1291	nuc	nuc	1
ALA	3, 5	748	PRO	6, 30	1292	mit	nuc	0.64
LYS	6, 19	1281	PRO	6, 30	1292	nuc	nuc	0.52
ALA	6, 23	1285	PRO	6, 30	1292	nuc	nuc	0.97
LEU	6, 28	1290	PRO	6, 30	1292	nuc	nuc	0.97
ASP	6, 29	1291	PRO	6, 30	1292	nuc	nuc	1
ALA	3, 5	748	TYR	6, 31	1293	mit	nuc	0.96
HIS	3, 6	749	TYR	6, 31	1293	mit	nuc	0.96
SER	3, 7	750	TYR	6, 31	1293	mit	nuc	0.98
THR	3, 72	815	TYR	6, 31	1293	mit	nuc	0.53
VAL	6, 20	1282	TYR	6, 31	1293	nuc	nuc	0.96
ALA	6, 23	1285	TYR	6, 31	1293	nuc	nuc	0.75
ASP	6, 29	1291	TYR	6, 31	1293	nuc	nuc	0.98
PRO	6, 30	1292	TYR	6, 31	1293	nuc	nuc	1
PRO	1, 175	175	SER	6, 32	1294	mit	nuc	0.7
PRO	1, 509	509	SER	6, 32	1294	mit	nuc	0.98
PHE	1, 511	511	SER	6, 32	1294	mit	nuc	0.79
ALA	3, 5	748	SER	6, 32	1294	mit	nuc	0.81
HIS	3, 6	749	SER	6, 32	1294	mit	nuc	0.89
SER	3, 7	750	SER	6, 32	1294	mit	nuc	0.54
ASP	6, 29	1291	SER	6, 32	1294	nuc	nuc	0.96
PRO	6, 30	1292	SER	6, 32	1294	nuc	nuc	0.62
TYR	6, 31	1293	SER	6, 32	1294	nuc	nuc	1
PRO	1, 175	175	MET	6, 33	1295	mit	nuc	0.93
SER	3, 7	750	MET	6, 33	1295	mit	nuc	0.96
PRO	3, 73	816	MET	6, 33	1295	mit	nuc	0.7
THR	3, 74	817	MET	6, 33	1295	mit	nuc	0.95
VAL	6, 20	1282	MET	6, 33	1295	nuc	nuc	0.71
ASP	6, 29	1291	MET	6, 33	1295	nuc	nuc	0.95
TYR	6, 31	1293	MET	6, 33	1295	nuc	nuc	0.99
SER	6, 32	1294	MET	6, 33	1295	nuc	nuc	1
PRO	1, 175	175	PHE	6, 34	1296	mit	nuc	0.97
ASP	6, 29	1291	PHE	6, 34	1296	nuc	nuc	0.96
SER	6, 32	1294	PHE	6, 34	1296	nuc	nuc	0.69
MET	6, 33	1295	PHE	6, 34	1296	nuc	nuc	1
PRO	1, 175	175	ARG	6, 35	1297	mit	nuc	0.98
ALA	1, 176	176	ARG	6, 35	1297	mit	nuc	0.98
PHE	6, 34	1296	ARG	6, 35	1297	nuc	nuc	1
ALA	1, 176	176	PRO	6, 36	1298	mit	nuc	0.87
PHE	1, 511	511	PRO	6, 36	1298	mit	nuc	0.9
VAL	1, 512	512	PRO	6, 36	1298	mit	nuc	0.6
GLN	1, 513	513	PRO	6, 36	1298	mit	nuc	0.91
SER	6, 32	1294	PRO	6, 36	1298	nuc	nuc	0.58
PHE	6, 34	1296	PRO	6, 36	1298	nuc	nuc	0.75
ARG	6, 35	1297	PRO	6, 36	1298	nuc	nuc	1
PRO	6, 36	1298	LYS	6, 37	1299	nuc	nuc	1
GLN	1, 513	513	ARG	6, 38	1300	mit	nuc	0.71
GLU	1, 516	516	ARG	6, 38	1300	mit	nuc	0.55
PRO	6, 36	1298	ARG	6, 38	1300	nuc	nuc	0.77
LYS	6, 37	1299	ARG	6, 38	1300	nuc	nuc	1
LYS	6, 37	1299	TYR	6, 39	1301	nuc	nuc	0.95
ARG	6, 38	1300	TYR	6, 39	1301	nuc	nuc	1
TYR	6, 39	1301	ALA	6, 40	1302	nuc	nuc	1
GLN	1, 515	515	GLY	6, 41	1303	mit	nuc	0.66
TYR	6, 39	1301	GLY	6, 41	1303	nuc	nuc	0.99
ALA	6, 40	1302	GLY	6, 41	1303	nuc	nuc	1
ALA	6, 40	1302	THR	6, 42	1304	nuc	nuc	0.98
GLY	6, 41	1303	THR	6, 42	1304	nuc	nuc	1
THR	6, 42	1304	LYS	6, 43	1305	nuc	nuc	1
THR	6, 42	1304	GLU	6, 44	1306	nuc	nuc	0.98
LYS	6, 43	1305	GLU	6, 44	1306	nuc	nuc	1
TYR	6, 39	1301	ASP	6, 45	1307	nuc	nuc	0.94
ALA	6, 40	1302	ASP	6, 45	1307	nuc	nuc	0.94
GLY	6, 41	1303	ASP	6, 45	1307	nuc	nuc	0.97
THR	6, 42	1304	ASP	6, 45	1307	nuc	nuc	0.97
GLU	6, 44	1306	ASP	6, 45	1307	nuc	nuc	1
TYR	6, 39	1301	PRO	6, 46	1308	nuc	nuc	0.84
GLY	6, 41	1303	PRO	6, 46	1308	nuc	nuc	0.96
THR	6, 42	1304	PRO	6, 46	1308	nuc	nuc	0.85
LYS	6, 43	1305	PRO	6, 46	1308	nuc	nuc	0.9
GLU	6, 44	1306	PRO	6, 46	1308	nuc	nuc	0.67
ASP	6, 45	1307	PRO	6, 46	1308	nuc	nuc	1
GLN	1, 513	513	ASN	6, 47	1309	mit	nuc	0.94
TYR	6, 39	1301	ASN	6, 47	1309	nuc	nuc	0.97
GLY	6, 41	1303	ASN	6, 47	1309	nuc	nuc	0.97
PRO	6, 46	1308	ASN	6, 47	1309	nuc	nuc	1
TYR	6, 39	1301	LEU	6, 48	1310	nuc	nuc	0.87
PRO	6, 46	1308	LEU	6, 48	1310	nuc	nuc	0.98
ASN	6, 47	1309	LEU	6, 48	1310	nuc	nuc	1
PHE	1, 511	511	VAL	6, 49	1311	mit	nuc	0.99
ASN	6, 47	1309	VAL	6, 49	1311	nuc	nuc	0.99
LEU	6, 48	1310	VAL	6, 49	1311	nuc	nuc	1
PHE	1, 511	511	PRO	6, 50	1312	mit	nuc	0.56
LEU	6, 48	1310	PRO	6, 50	1312	nuc	nuc	0.97
VAL	6, 49	1311	PRO	6, 50	1312	nuc	nuc	1
GLU	1, 508	508	SER	6, 51	1313	mit	nuc	0.93
VAL	6, 49	1311	SER	6, 51	1313	nuc	nuc	1
PRO	6, 50	1312	SER	6, 51	1313	nuc	nuc	1
GLU	1, 508	508	ILE	6, 52	1314	mit	nuc	0.95
ALA	3, 5	748	ILE	6, 52	1314	mit	nuc	0.94
SER	6, 51	1313	ILE	6, 52	1314	nuc	nuc	1
GLU	1, 508	508	THR	6, 53	1315	mit	nuc	0.89
SER	6, 51	1313	THR	6, 53	1315	nuc	nuc	0.99
ILE	6, 52	1314	THR	6, 53	1315	nuc	nuc	1
SER	6, 51	1313	ASP	6, 54	1316	nuc	nuc	0.89
THR	6, 53	1315	ASP	6, 54	1316	nuc	nuc	1
SER	4, 14	1018	LYS	6, 55	1317	nuc	nuc	0.91
SER	6, 51	1313	LYS	6, 55	1317	nuc	nuc	0.91
THR	6, 53	1315	LYS	6, 55	1317	nuc	nuc	0.99
ASP	6, 54	1316	LYS	6, 55	1317	nuc	nuc	1
GLU	1, 508	508	ARG	6, 56	1318	mit	nuc	0.98
ALA	1, 510	510	ARG	6, 56	1318	mit	nuc	0.73
PHE	1, 511	511	ARG	6, 56	1318	mit	nuc	0.97
VAL	6, 49	1311	ARG	6, 56	1318	nuc	nuc	0.98
SER	6, 51	1313	ARG	6, 56	1318	nuc	nuc	0.99
THR	6, 53	1315	ARG	6, 56	1318	nuc	nuc	0.92
LYS	6, 55	1317	ARG	6, 56	1318	nuc	nuc	1
ILE	1, 496	496	ILE	6, 57	1319	mit	nuc	0.97
PHE	1, 506	506	ILE	6, 57	1319	mit	nuc	0.55
ALA	1, 510	510	ILE	6, 57	1319	mit	nuc	0.99
PHE	1, 511	511	ILE	6, 57	1319	mit	nuc	0.94
ARG	6, 56	1318	ILE	6, 57	1319	nuc	nuc	1
ALA	1, 510	510	VAL	6, 58	1320	mit	nuc	0.94
PHE	1, 511	511	VAL	6, 58	1320	mit	nuc	0.99
VAL	1, 512	512	VAL	6, 58	1320	mit	nuc	0.84
GLN	1, 513	513	VAL	6, 58	1320	mit	nuc	0.75
VAL	6, 49	1311	VAL	6, 58	1320	nuc	nuc	0.99
ARG	6, 56	1318	VAL	6, 58	1320	nuc	nuc	1
ILE	6, 57	1319	VAL	6, 58	1320	nuc	nuc	1
ALA	1, 510	510	GLY	6, 59	1321	mit	nuc	0.98
PHE	1, 511	511	GLY	6, 59	1321	mit	nuc	0.99
VAL	1, 512	512	GLY	6, 59	1321	mit	nuc	0.99
GLN	1, 513	513	GLY	6, 59	1321	mit	nuc	0.93
ILE	6, 57	1319	GLY	6, 59	1321	nuc	nuc	1
VAL	6, 58	1320	GLY	6, 59	1321	nuc	nuc	1
VAL	1, 512	512	CYS	6, 60	1322	mit	nuc	0.74
GLN	1, 513	513	CYS	6, 60	1322	mit	nuc	0.96
GLN	1, 515	515	CYS	6, 60	1322	mit	nuc	0.78
VAL	6, 58	1320	CYS	6, 60	1322	nuc	nuc	1
GLY	6, 59	1321	CYS	6, 60	1322	nuc	nuc	1
ALA	1, 176	176	VAL	6, 61	1323	mit	nuc	0.64
LEU	1, 177	177	VAL	6, 61	1323	mit	nuc	0.55
GLN	1, 181	181	VAL	6, 61	1323	mit	nuc	0.92
VAL	1, 512	512	VAL	6, 61	1323	mit	nuc	0.91
GLN	1, 513	513	VAL	6, 61	1323	mit	nuc	0.93
VAL	1, 514	514	VAL	6, 61	1323	mit	nuc	0.97
GLN	1, 515	515	VAL	6, 61	1323	mit	nuc	0.9
GLY	6, 59	1321	VAL	6, 61	1323	nuc	nuc	0.98
CYS	6, 60	1322	VAL	6, 61	1323	nuc	nuc	1
GLN	1, 515	515	CYS	6, 62	1324	mit	nuc	0.89
CYS	6, 60	1322	CYS	6, 62	1324	nuc	nuc	0.99
VAL	6, 61	1323	CYS	6, 62	1324	nuc	nuc	1
GLN	1, 515	515	GLU	6, 63	1325	mit	nuc	0.79
VAL	6, 61	1323	GLU	6, 63	1325	nuc	nuc	0.96
CYS	6, 62	1324	GLU	6, 63	1325	nuc	nuc	1
VAL	1, 514	514	GLU	6, 64	1326	mit	nuc	0.91
GLN	1, 515	515	GLU	6, 64	1326	mit	nuc	0.53
GLU	1, 516	516	GLU	6, 64	1326	mit	nuc	0.67
VAL	6, 61	1323	GLU	6, 64	1326	nuc	nuc	0.83
GLU	6, 63	1325	GLU	6, 64	1326	nuc	nuc	1
GLU	6, 63	1325	ASP	6, 65	1327	nuc	nuc	0.98
GLU	6, 64	1326	ASP	6, 65	1327	nuc	nuc	1
GLN	1, 181	181	ASN	6, 66	1328	mit	nuc	0.63
VAL	6, 61	1323	ASN	6, 66	1328	nuc	nuc	0.94
CYS	6, 62	1324	ASN	6, 66	1328	nuc	nuc	0.94
GLU	6, 63	1325	ASN	6, 66	1328	nuc	nuc	0.98
GLU	6, 64	1326	ASN	6, 66	1328	nuc	nuc	0.93
ASP	6, 65	1327	ASN	6, 66	1328	nuc	nuc	1
TYR	1, 180	180	SER	6, 67	1329	mit	nuc	0.92
GLN	1, 181	181	SER	6, 67	1329	mit	nuc	0.97
GLU	1, 267	267	SER	6, 67	1329	mit	nuc	0.92
TYR	1, 271	271	SER	6, 67	1329	mit	nuc	0.99
MET	1, 272	272	SER	6, 67	1329	mit	nuc	0.77
ASN	6, 66	1328	SER	6, 67	1329	nuc	nuc	1
GLN	1, 181	181	CYS	6, 68	1330	mit	nuc	0.61
LYS	1, 266	266	CYS	6, 68	1330	mit	nuc	0.96
GLU	1, 267	267	CYS	6, 68	1330	mit	nuc	0.98
TYR	1, 271	271	CYS	6, 68	1330	mit	nuc	0.51
THR	1, 491	491	CYS	6, 68	1330	mit	nuc	0.93
ASN	6, 66	1328	CYS	6, 68	1330	nuc	nuc	0.98
SER	6, 67	1329	CYS	6, 68	1330	nuc	nuc	1
LEU	1, 177	177	VAL	6, 69	1331	mit	nuc	0.89
GLN	1, 181	181	VAL	6, 69	1331	mit	nuc	0.97
ILE	1, 493	493	VAL	6, 69	1331	mit	nuc	0.56
VAL	1, 512	512	VAL	6, 69	1331	mit	nuc	0.91
GLY	6, 59	1321	VAL	6, 69	1331	nuc	nuc	1
CYS	6, 60	1322	VAL	6, 69	1331	nuc	nuc	0.97
VAL	6, 61	1323	VAL	6, 69	1331	nuc	nuc	0.99
ASN	6, 66	1328	VAL	6, 69	1331	nuc	nuc	0.56
CYS	6, 68	1330	VAL	6, 69	1331	nuc	nuc	1
ALA	1, 490	490	ILE	6, 70	1332	mit	nuc	0.98
THR	1, 491	491	ILE	6, 70	1332	mit	nuc	0.94
GLY	6, 59	1321	ILE	6, 70	1332	nuc	nuc	1
CYS	6, 60	1322	ILE	6, 70	1332	nuc	nuc	1
VAL	6, 61	1323	ILE	6, 70	1332	nuc	nuc	0.72
CYS	6, 62	1324	ILE	6, 70	1332	nuc	nuc	0.89
CYS	6, 68	1330	ILE	6, 70	1332	nuc	nuc	0.98
VAL	6, 69	1331	ILE	6, 70	1332	nuc	nuc	1
THR	1, 489	489	TRP	6, 71	1333	mit	nuc	0.85
ALA	1, 490	490	TRP	6, 71	1333	mit	nuc	0.98
THR	1, 491	491	TRP	6, 71	1333	mit	nuc	0.79
ILE	1, 493	493	TRP	6, 71	1333	mit	nuc	0.99
ILE	1, 496	496	TRP	6, 71	1333	mit	nuc	0.98
ALA	1, 510	510	TRP	6, 71	1333	mit	nuc	0.78
ILE	6, 57	1319	TRP	6, 71	1333	nuc	nuc	0.99
VAL	6, 58	1320	TRP	6, 71	1333	nuc	nuc	0.96
GLY	6, 59	1321	TRP	6, 71	1333	nuc	nuc	1
VAL	6, 69	1331	TRP	6, 71	1333	nuc	nuc	0.99
ILE	6, 70	1332	TRP	6, 71	1333	nuc	nuc	1
THR	1, 489	489	PHE	6, 72	1334	mit	nuc	0.54
ALA	1, 490	490	PHE	6, 72	1334	mit	nuc	0.97
ILE	6, 57	1319	PHE	6, 72	1334	nuc	nuc	0.89
VAL	6, 58	1320	PHE	6, 72	1334	nuc	nuc	0.99
GLY	6, 59	1321	PHE	6, 72	1334	nuc	nuc	0.95
CYS	6, 60	1322	PHE	6, 72	1334	nuc	nuc	0.6
ILE	6, 70	1332	PHE	6, 72	1334	nuc	nuc	1
TRP	6, 71	1333	PHE	6, 72	1334	nuc	nuc	1
ILE	1, 496	496	TRP	6, 73	1335	mit	nuc	0.92
SER	4, 14	1018	TRP	6, 73	1335	nuc	nuc	0.96
HIS	4, 15	1019	TRP	6, 73	1335	nuc	nuc	0.68
LYS	6, 55	1317	TRP	6, 73	1335	nuc	nuc	0.99
ARG	6, 56	1318	TRP	6, 73	1335	nuc	nuc	0.89
ILE	6, 57	1319	TRP	6, 73	1335	nuc	nuc	0.99
VAL	6, 58	1320	TRP	6, 73	1335	nuc	nuc	0.84
PHE	6, 72	1334	TRP	6, 73	1335	nuc	nuc	1
VAL	6, 49	1311	LEU	6, 74	1336	nuc	nuc	0.97
SER	6, 51	1313	LEU	6, 74	1336	nuc	nuc	0.59
LYS	6, 55	1317	LEU	6, 74	1336	nuc	nuc	0.97
ARG	6, 56	1318	LEU	6, 74	1336	nuc	nuc	0.99
ILE	6, 57	1319	LEU	6, 74	1336	nuc	nuc	0.85
VAL	6, 58	1320	LEU	6, 74	1336	nuc	nuc	0.99
PHE	6, 72	1334	LEU	6, 74	1336	nuc	nuc	0.99
TRP	6, 73	1335	LEU	6, 74	1336	nuc	nuc	1
SER	4, 14	1018	HIS	6, 75	1337	nuc	nuc	0.73
HIS	4, 15	1019	HIS	6, 75	1337	nuc	nuc	0.51
ASP	6, 54	1316	HIS	6, 75	1337	nuc	nuc	0.94
LYS	6, 55	1317	HIS	6, 75	1337	nuc	nuc	0.99
TRP	6, 73	1335	HIS	6, 75	1337	nuc	nuc	0.99
LEU	6, 74	1336	HIS	6, 75	1337	nuc	nuc	1
SER	6, 51	1313	LYS	6, 76	1338	nuc	nuc	0.57
ASP	6, 54	1316	LYS	6, 76	1338	nuc	nuc	0.98
LYS	6, 55	1317	LYS	6, 76	1338	nuc	nuc	0.88
HIS	6, 75	1337	LYS	6, 76	1338	nuc	nuc	1
HIS	6, 75	1337	GLY	6, 77	1339	nuc	nuc	0.99
LYS	6, 76	1338	GLY	6, 77	1339	nuc	nuc	1
GLY	6, 77	1339	GLU	6, 78	1340	nuc	nuc	1
LYS	6, 43	1305	ALA	6, 79	1341	nuc	nuc	0.78
PRO	6, 46	1308	ALA	6, 79	1341	nuc	nuc	0.95
GLY	6, 77	1339	ALA	6, 79	1341	nuc	nuc	0.69
GLU	6, 78	1340	ALA	6, 79	1341	nuc	nuc	1
PHE	6, 72	1334	GLN	6, 80	1342	nuc	nuc	0.69
LEU	6, 74	1336	GLN	6, 80	1342	nuc	nuc	0.98
HIS	6, 75	1337	GLN	6, 80	1342	nuc	nuc	0.83
GLU	6, 78	1340	GLN	6, 80	1342	nuc	nuc	0.93
ALA	6, 79	1341	GLN	6, 80	1342	nuc	nuc	1
TRP	5, 27	1180	ARG	6, 81	1343	nuc	nuc	0.94
ALA	6, 79	1341	ARG	6, 81	1343	nuc	nuc	0.92
GLN	6, 80	1342	ARG	6, 81	1343	nuc	nuc	1
CYS	6, 60	1322	CYS	6, 82	1344	nuc	nuc	0.99
CYS	6, 62	1324	CYS	6, 82	1344	nuc	nuc	0.84
ILE	6, 70	1332	CYS	6, 82	1344	nuc	nuc	0.97
PHE	6, 72	1334	CYS	6, 82	1344	nuc	nuc	0.91
ARG	6, 81	1343	CYS	6, 82	1344	nuc	nuc	1
ALA	1, 490	490	PRO	6, 83	1345	mit	nuc	0.96
GLU	4, 28	1032	PRO	6, 83	1345	nuc	nuc	0.54
LYS	5, 31	1184	PRO	6, 83	1345	nuc	nuc	0.58
ILE	6, 70	1332	PRO	6, 83	1345	nuc	nuc	0.97
PHE	6, 72	1334	PRO	6, 83	1345	nuc	nuc	0.96
ARG	6, 81	1343	PRO	6, 83	1345	nuc	nuc	0.89
CYS	6, 82	1344	PRO	6, 83	1345	nuc	nuc	1
CYS	6, 60	1322	SER	6, 84	1346	nuc	nuc	0.81
CYS	6, 62	1324	SER	6, 84	1346	nuc	nuc	0.96
ILE	6, 70	1332	SER	6, 84	1346	nuc	nuc	0.99
CYS	6, 82	1344	SER	6, 84	1346	nuc	nuc	0.99
PRO	6, 83	1345	SER	6, 84	1346	nuc	nuc	1
GLN	1, 515	515	CYS	6, 85	1347	mit	nuc	0.78
CYS	6, 60	1322	CYS	6, 85	1347	nuc	nuc	0.95
CYS	6, 62	1324	CYS	6, 85	1347	nuc	nuc	0.99
ILE	6, 70	1332	CYS	6, 85	1347	nuc	nuc	0.63
CYS	6, 82	1344	CYS	6, 85	1347	nuc	nuc	1
SER	6, 84	1346	CYS	6, 85	1347	nuc	nuc	1
LYS	5, 31	1184	GLY	6, 86	1348	nuc	nuc	0.78
ARG	6, 81	1343	GLY	6, 86	1348	nuc	nuc	0.99
CYS	6, 82	1344	GLY	6, 86	1348	nuc	nuc	1
PRO	6, 83	1345	GLY	6, 86	1348	nuc	nuc	0.79
SER	6, 84	1346	GLY	6, 86	1348	nuc	nuc	0.98
CYS	6, 85	1347	GLY	6, 86	1348	nuc	nuc	1
GLN	1, 515	515	SER	6, 87	1349	mit	nuc	0.9
GLY	6, 41	1303	SER	6, 87	1349	nuc	nuc	0.99
ASN	6, 47	1309	SER	6, 87	1349	nuc	nuc	0.94
CYS	6, 60	1322	SER	6, 87	1349	nuc	nuc	0.95
CYS	6, 62	1324	SER	6, 87	1349	nuc	nuc	0.65
ARG	6, 81	1343	SER	6, 87	1349	nuc	nuc	0.98
CYS	6, 82	1344	SER	6, 87	1349	nuc	nuc	0.99
CYS	6, 85	1347	SER	6, 87	1349	nuc	nuc	0.99
GLY	6, 86	1348	SER	6, 87	1349	nuc	nuc	1
GLY	6, 41	1303	HIS	6, 88	1350	nuc	nuc	0.98
THR	6, 42	1304	HIS	6, 88	1350	nuc	nuc	0.94
LYS	6, 43	1305	HIS	6, 88	1350	nuc	nuc	0.97
PRO	6, 46	1308	HIS	6, 88	1350	nuc	nuc	0.99
ASN	6, 47	1309	HIS	6, 88	1350	nuc	nuc	0.96
ALA	6, 79	1341	HIS	6, 88	1350	nuc	nuc	0.99
GLN	6, 80	1342	HIS	6, 88	1350	nuc	nuc	0.91
ARG	6, 81	1343	HIS	6, 88	1350	nuc	nuc	0.99
GLY	6, 86	1348	HIS	6, 88	1350	nuc	nuc	0.97
SER	6, 87	1349	HIS	6, 88	1350	nuc	nuc	1
PRO	6, 46	1308	TYR	6, 89	1351	nuc	nuc	0.97
ASN	6, 47	1309	TYR	6, 89	1351	nuc	nuc	0.99
VAL	6, 49	1311	TYR	6, 89	1351	nuc	nuc	0.99
VAL	6, 58	1320	TYR	6, 89	1351	nuc	nuc	0.99
LEU	6, 74	1336	TYR	6, 89	1351	nuc	nuc	0.99
ALA	6, 79	1341	TYR	6, 89	1351	nuc	nuc	0.96
GLN	6, 80	1342	TYR	6, 89	1351	nuc	nuc	0.99
ARG	6, 81	1343	TYR	6, 89	1351	nuc	nuc	0.83
CYS	6, 82	1344	TYR	6, 89	1351	nuc	nuc	0.94
SER	6, 87	1349	TYR	6, 89	1351	nuc	nuc	0.99
HIS	6, 88	1350	TYR	6, 89	1351	nuc	nuc	1
PRO	6, 46	1308	LYS	6, 90	1352	nuc	nuc	0.99
ASN	6, 47	1309	LYS	6, 90	1352	nuc	nuc	0.94
LEU	6, 48	1310	LYS	6, 90	1352	nuc	nuc	0.99
VAL	6, 49	1311	LYS	6, 90	1352	nuc	nuc	0.97
GLY	6, 77	1339	LYS	6, 90	1352	nuc	nuc	0.67
GLU	6, 78	1340	LYS	6, 90	1352	nuc	nuc	0.56
ALA	6, 79	1341	LYS	6, 90	1352	nuc	nuc	0.99
GLN	6, 80	1342	LYS	6, 90	1352	nuc	nuc	0.58
HIS	6, 88	1350	LYS	6, 90	1352	nuc	nuc	0.99
TYR	6, 89	1351	LYS	6, 90	1352	nuc	nuc	1
VAL	6, 49	1311	LEU	6, 91	1353	nuc	nuc	0.99
SER	6, 51	1313	LEU	6, 91	1353	nuc	nuc	0.99
ASP	6, 54	1316	LEU	6, 91	1353	nuc	nuc	0.6
LYS	6, 55	1317	LEU	6, 91	1353	nuc	nuc	0.57
ARG	6, 56	1318	LEU	6, 91	1353	nuc	nuc	0.96
LEU	6, 74	1336	LEU	6, 91	1353	nuc	nuc	0.99
HIS	6, 75	1337	LEU	6, 91	1353	nuc	nuc	0.9
LYS	6, 76	1338	LEU	6, 91	1353	nuc	nuc	0.99
GLY	6, 77	1339	LEU	6, 91	1353	nuc	nuc	0.95
TYR	6, 89	1351	LEU	6, 91	1353	nuc	nuc	0.88
LYS	6, 90	1352	LEU	6, 91	1353	nuc	nuc	1
LEU	6, 48	1310	ILE	6, 92	1354	nuc	nuc	0.98
VAL	6, 49	1311	ILE	6, 92	1354	nuc	nuc	0.97
PRO	6, 50	1312	ILE	6, 92	1354	nuc	nuc	0.99
SER	6, 51	1313	ILE	6, 92	1354	nuc	nuc	0.89
LYS	6, 90	1352	ILE	6, 92	1354	nuc	nuc	0.99
LEU	6, 91	1353	ILE	6, 92	1354	nuc	nuc	1
PRO	6, 50	1312	PRO	6, 93	1355	nuc	nuc	0.75
SER	6, 51	1313	PRO	6, 93	1355	nuc	nuc	0.93
LEU	6, 91	1353	PRO	6, 93	1355	nuc	nuc	0.62
ILE	6, 92	1354	PRO	6, 93	1355	nuc	nuc	1
PRO	6, 30	1292	HIS	6, 94	1356	nuc	nuc	0.65
PRO	6, 50	1312	HIS	6, 94	1356	nuc	nuc	0.91
SER	6, 51	1313	HIS	6, 94	1356	nuc	nuc	0.91
ILE	6, 52	1314	HIS	6, 94	1356	nuc	nuc	0.94
ILE	6, 92	1354	HIS	6, 94	1356	nuc	nuc	0.95
PRO	6, 93	1355	HIS	6, 94	1356	nuc	nuc	1
ILE	6, 52	1314	GLU	6, 95	1357	nuc	nuc	0.63
PRO	6, 93	1355	GLU	6, 95	1357	nuc	nuc	0.8
HIS	6, 94	1356	GLU	6, 95	1357	nuc	nuc	1
ALA	3, 5	748	LEU	6, 96	1358	mit	nuc	0.7
PRO	6, 30	1292	LEU	6, 96	1358	nuc	nuc	0.85
ILE	6, 52	1314	LEU	6, 96	1358	nuc	nuc	0.78
HIS	6, 94	1356	LEU	6, 96	1358	nuc	nuc	0.88
GLU	6, 95	1357	LEU	6, 96	1358	nuc	nuc	1
LYS	6, 19	1281	PRO	6, 97	1359	nuc	nuc	0.72
ALA	6, 23	1285	PRO	6, 97	1359	nuc	nuc	0.61
PRO	6, 30	1292	PRO	6, 97	1359	nuc	nuc	0.8
GLU	6, 95	1357	PRO	6, 97	1359	nuc	nuc	0.67
LEU	6, 96	1358	PRO	6, 97	1359	nuc	nuc	1
LEU	6, 96	1358	HIS	6, 98	1360	nuc	nuc	0.86
PRO	6, 97	1359	HIS	6, 98	1360	nuc	nuc	1
ALA	7, 1	1361	ALA	7, 2	1362	nuc	nuc	1
ALA	7, 1	1361	SER	7, 3	1363	nuc	nuc	0.86
ALA	7, 2	1362	SER	7, 3	1363	nuc	nuc	1
ALA	7, 1	1361	ALA	7, 4	1364	nuc	nuc	0.61
ALA	7, 2	1362	ALA	7, 4	1364	nuc	nuc	0.82
SER	7, 3	1363	ALA	7, 4	1364	nuc	nuc	1
ALA	7, 2	1362	ALA	7, 5	1365	nuc	nuc	0.54
SER	7, 3	1363	ALA	7, 5	1365	nuc	nuc	0.84
ALA	7, 4	1364	ALA	7, 5	1365	nuc	nuc	1
SER	7, 3	1363	HIS	7, 6	1366	nuc	nuc	0.51
ALA	7, 4	1364	HIS	7, 6	1366	nuc	nuc	0.78
ALA	7, 5	1365	HIS	7, 6	1366	nuc	nuc	1
ALA	7, 5	1365	GLU	7, 7	1367	nuc	nuc	0.74
HIS	7, 6	1366	GLU	7, 7	1367	nuc	nuc	1
HIS	7, 6	1366	GLY	7, 8	1368	nuc	nuc	0.93
GLU	7, 7	1367	GLY	7, 8	1368	nuc	nuc	1
HIS	3, 149	892	GLY	7, 9	1369	mit	nuc	0.64
GLU	7, 7	1367	GLY	7, 9	1369	nuc	nuc	0.9
GLY	7, 8	1368	GLY	7, 9	1369	nuc	nuc	1
HIS	3, 149	892	GLY	7, 10	1370	mit	nuc	0.96
GLU	3, 153	896	GLY	7, 10	1370	mit	nuc	0.59
GLY	7, 8	1368	GLY	7, 10	1370	nuc	nuc	0.98
GLY	7, 9	1369	GLY	7, 10	1370	nuc	nuc	1
TRP	3, 146	889	ALA	7, 11	1371	mit	nuc	0.9
HIS	3, 149	892	ALA	7, 11	1371	mit	nuc	0.98
SER	3, 150	893	ALA	7, 11	1371	mit	nuc	0.94
GLU	3, 153	896	ALA	7, 11	1371	mit	nuc	0.91
ASN	3, 155	898	ALA	7, 11	1371	mit	nuc	0.82
GLN	3, 158	901	ALA	7, 11	1371	mit	nuc	0.86
GLY	7, 9	1369	ALA	7, 11	1371	nuc	nuc	0.68
GLY	7, 10	1370	ALA	7, 11	1371	nuc	nuc	1
GLY	7, 9	1369	ARG	7, 12	1372	nuc	nuc	0.58
GLY	7, 10	1370	ARG	7, 12	1372	nuc	nuc	0.99
ALA	7, 11	1371	ARG	7, 12	1372	nuc	nuc	1
GLY	7, 8	1368	LEU	7, 13	1373	nuc	nuc	0.6
GLY	7, 9	1369	LEU	7, 13	1373	nuc	nuc	0.88
GLY	7, 10	1370	LEU	7, 13	1373	nuc	nuc	0.98
ALA	7, 11	1371	LEU	7, 13	1373	nuc	nuc	0.96
ARG	7, 12	1372	LEU	7, 13	1373	nuc	nuc	1
VAL	3, 142	885	TRP	7, 14	1374	mit	nuc	0.9
THR	3, 145	888	TRP	7, 14	1374	mit	nuc	0.96
TRP	3, 146	889	TRP	7, 14	1374	mit	nuc	0.99
HIS	3, 149	892	TRP	7, 14	1374	mit	nuc	0.95
GLY	7, 10	1370	TRP	7, 14	1374	nuc	nuc	0.96
ALA	7, 11	1371	TRP	7, 14	1374	nuc	nuc	0.99
ARG	7, 12	1372	TRP	7, 14	1374	nuc	nuc	0.9
LEU	7, 13	1373	TRP	7, 14	1374	nuc	nuc	1
TRP	3, 146	889	LYS	7, 15	1375	mit	nuc	0.97
GLN	3, 158	901	LYS	7, 15	1375	mit	nuc	0.77
ALA	3, 162	905	LYS	7, 15	1375	mit	nuc	0.56
ALA	7, 11	1371	LYS	7, 15	1375	nuc	nuc	0.98
ARG	7, 12	1372	LYS	7, 15	1375	nuc	nuc	0.99
LEU	7, 13	1373	LYS	7, 15	1375	nuc	nuc	0.98
TRP	7, 14	1374	LYS	7, 15	1375	nuc	nuc	1
ARG	7, 12	1372	THR	7, 16	1376	nuc	nuc	0.96
LEU	7, 13	1373	THR	7, 16	1376	nuc	nuc	0.99
TRP	7, 14	1374	THR	7, 16	1376	nuc	nuc	0.97
LYS	7, 15	1375	THR	7, 16	1376	nuc	nuc	1
VAL	3, 142	885	LEU	7, 17	1377	mit	nuc	0.95
TRP	3, 146	889	LEU	7, 17	1377	mit	nuc	0.54
LEU	7, 13	1373	LEU	7, 17	1377	nuc	nuc	0.97
TRP	7, 14	1374	LEU	7, 17	1377	nuc	nuc	0.99
LYS	7, 15	1375	LEU	7, 17	1377	nuc	nuc	0.98
THR	7, 16	1376	LEU	7, 17	1377	nuc	nuc	1
ALA	3, 139	882	SER	7, 18	1378	mit	nuc	0.8
VAL	3, 142	885	SER	7, 18	1378	mit	nuc	0.97
THR	3, 143	886	SER	7, 18	1378	mit	nuc	0.97
TRP	3, 146	889	SER	7, 18	1378	mit	nuc	0.96
ALA	3, 162	905	SER	7, 18	1378	mit	nuc	0.7
LEU	3, 165	908	SER	7, 18	1378	mit	nuc	0.62
TRP	7, 14	1374	SER	7, 18	1378	nuc	nuc	0.98
LYS	7, 15	1375	SER	7, 18	1378	nuc	nuc	0.99
THR	7, 16	1376	SER	7, 18	1378	nuc	nuc	0.99
LEU	7, 17	1377	SER	7, 18	1378	nuc	nuc	1
LYS	7, 15	1375	PHE	7, 19	1379	nuc	nuc	0.96
THR	7, 16	1376	PHE	7, 19	1379	nuc	nuc	0.98
LEU	7, 17	1377	PHE	7, 19	1379	nuc	nuc	0.7
SER	7, 18	1378	PHE	7, 19	1379	nuc	nuc	1
THR	7, 16	1376	VAL	7, 20	1380	nuc	nuc	0.97
LEU	7, 17	1377	VAL	7, 20	1380	nuc	nuc	0.98
SER	7, 18	1378	VAL	7, 20	1380	nuc	nuc	0.77
PHE	7, 19	1379	VAL	7, 20	1380	nuc	nuc	1
VAL	3, 142	885	VAL	7, 21	1381	mit	nuc	0.64
LEU	7, 17	1377	VAL	7, 21	1381	nuc	nuc	0.97
SER	7, 18	1378	VAL	7, 21	1381	nuc	nuc	0.86
VAL	7, 20	1380	VAL	7, 21	1381	nuc	nuc	1
LEU	3, 138	881	ALA	7, 22	1382	mit	nuc	0.87
ALA	3, 139	882	ALA	7, 22	1382	mit	nuc	0.99
VAL	3, 142	885	ALA	7, 22	1382	mit	nuc	0.97
THR	3, 143	886	ALA	7, 22	1382	mit	nuc	0.85
LEU	7, 17	1377	ALA	7, 22	1382	nuc	nuc	0.96
SER	7, 18	1378	ALA	7, 22	1382	nuc	nuc	0.99
PHE	7, 19	1379	ALA	7, 22	1382	nuc	nuc	0.71
VAL	7, 21	1381	ALA	7, 22	1382	nuc	nuc	1
ALA	3, 139	882	LEU	7, 23	1383	mit	nuc	0.95
SER	7, 18	1378	LEU	7, 23	1383	nuc	nuc	0.94
PHE	7, 19	1379	LEU	7, 23	1383	nuc	nuc	0.97
ALA	7, 22	1382	LEU	7, 23	1383	nuc	nuc	1
VAL	7, 20	1380	PRO	7, 24	1384	nuc	nuc	0.92
VAL	7, 21	1381	PRO	7, 24	1384	nuc	nuc	0.96
ALA	7, 22	1382	PRO	7, 24	1384	nuc	nuc	0.97
LEU	7, 23	1383	PRO	7, 24	1384	nuc	nuc	1
ALA	3, 135	878	ALA	7, 25	1385	mit	nuc	0.97
LEU	3, 138	881	ALA	7, 25	1385	mit	nuc	0.57
ALA	3, 139	882	ALA	7, 25	1385	mit	nuc	0.92
VAL	7, 21	1381	ALA	7, 25	1385	nuc	nuc	0.97
ALA	7, 22	1382	ALA	7, 25	1385	nuc	nuc	0.99
LEU	7, 23	1383	ALA	7, 25	1385	nuc	nuc	0.99
PRO	7, 24	1384	ALA	7, 25	1385	nuc	nuc	1
LEU	3, 132	875	VAL	7, 26	1386	mit	nuc	0.81
ALA	3, 135	878	VAL	7, 26	1386	mit	nuc	0.98
ILE	3, 136	879	VAL	7, 26	1386	mit	nuc	0.97
ALA	3, 139	882	VAL	7, 26	1386	mit	nuc	0.97
ALA	7, 22	1382	VAL	7, 26	1386	nuc	nuc	0.96
LEU	7, 23	1383	VAL	7, 26	1386	nuc	nuc	0.99
PRO	7, 24	1384	VAL	7, 26	1386	nuc	nuc	0.99
ALA	7, 25	1385	VAL	7, 26	1386	nuc	nuc	1
LEU	7, 23	1383	GLY	7, 27	1387	nuc	nuc	0.96
PRO	7, 24	1384	GLY	7, 27	1387	nuc	nuc	0.99
ALA	7, 25	1385	GLY	7, 27	1387	nuc	nuc	1
VAL	7, 26	1386	GLY	7, 27	1387	nuc	nuc	1
PRO	7, 24	1384	VAL	7, 28	1388	nuc	nuc	0.97
ALA	7, 25	1385	VAL	7, 28	1388	nuc	nuc	0.99
VAL	7, 26	1386	VAL	7, 28	1388	nuc	nuc	0.96
GLY	7, 27	1387	VAL	7, 28	1388	nuc	nuc	1
LEU	3, 131	874	CYS	7, 29	1389	mit	nuc	0.96
LEU	3, 132	875	CYS	7, 29	1389	mit	nuc	0.98
ALA	3, 135	878	CYS	7, 29	1389	mit	nuc	0.98
ALA	7, 25	1385	CYS	7, 29	1389	nuc	nuc	0.98
VAL	7, 26	1386	CYS	7, 29	1389	nuc	nuc	0.99
GLY	7, 27	1387	CYS	7, 29	1389	nuc	nuc	1
VAL	7, 28	1388	CYS	7, 29	1389	nuc	nuc	1
LEU	3, 132	875	MET	7, 30	1390	mit	nuc	0.95
VAL	7, 26	1386	MET	7, 30	1390	nuc	nuc	0.99
GLY	7, 27	1387	MET	7, 30	1390	nuc	nuc	1
VAL	7, 28	1388	MET	7, 30	1390	nuc	nuc	0.99
CYS	7, 29	1389	MET	7, 30	1390	nuc	nuc	1
GLY	7, 27	1387	LEU	7, 31	1391	nuc	nuc	0.98
VAL	7, 28	1388	LEU	7, 31	1391	nuc	nuc	0.99
CYS	7, 29	1389	LEU	7, 31	1391	nuc	nuc	0.99
MET	7, 30	1390	LEU	7, 31	1391	nuc	nuc	1
LEU	3, 127	870	ASN	7, 32	1392	mit	nuc	0.67
GLU	3, 128	871	ASN	7, 32	1392	mit	nuc	0.66
LEU	3, 131	874	ASN	7, 32	1392	mit	nuc	0.7
LEU	3, 132	875	ASN	7, 32	1392	mit	nuc	0.64
VAL	7, 28	1388	ASN	7, 32	1392	nuc	nuc	0.97
CYS	7, 29	1389	ASN	7, 32	1392	nuc	nuc	0.99
MET	7, 30	1390	ASN	7, 32	1392	nuc	nuc	0.98
LEU	7, 31	1391	ASN	7, 32	1392	nuc	nuc	1
GLU	3, 128	871	CYS	7, 33	1393	mit	nuc	0.95
VAL	3, 129	872	CYS	7, 33	1393	mit	nuc	0.92
LEU	3, 132	875	CYS	7, 33	1393	mit	nuc	0.95
CYS	7, 29	1389	CYS	7, 33	1393	nuc	nuc	0.97
MET	7, 30	1390	CYS	7, 33	1393	nuc	nuc	0.99
LEU	7, 31	1391	CYS	7, 33	1393	nuc	nuc	0.97
ASN	7, 32	1392	CYS	7, 33	1393	nuc	nuc	1
MET	7, 30	1390	TYR	7, 34	1394	nuc	nuc	0.97
LEU	7, 31	1391	TYR	7, 34	1394	nuc	nuc	0.98
ASN	7, 32	1392	TYR	7, 34	1394	nuc	nuc	0.96
CYS	7, 33	1393	TYR	7, 34	1394	nuc	nuc	1
LEU	7, 31	1391	LEU	7, 35	1395	nuc	nuc	0.94
ASN	7, 32	1392	LEU	7, 35	1395	nuc	nuc	0.97
CYS	7, 33	1393	LEU	7, 35	1395	nuc	nuc	0.93
TYR	7, 34	1394	LEU	7, 35	1395	nuc	nuc	1
GLU	3, 128	871	LYS	7, 36	1396	mit	nuc	0.9
ASN	7, 32	1392	LYS	7, 36	1396	nuc	nuc	0.92
CYS	7, 33	1393	LYS	7, 36	1396	nuc	nuc	0.96
TYR	7, 34	1394	LYS	7, 36	1396	nuc	nuc	0.88
LEU	7, 35	1395	LYS	7, 36	1396	nuc	nuc	1
CYS	7, 33	1393	ALA	7, 37	1397	nuc	nuc	0.89
TYR	7, 34	1394	ALA	7, 37	1397	nuc	nuc	0.92
LEU	7, 35	1395	ALA	7, 37	1397	nuc	nuc	0.92
LYS	7, 36	1396	ALA	7, 37	1397	nuc	nuc	1
LEU	7, 35	1395	GLN	7, 38	1398	nuc	nuc	0.63
LYS	7, 36	1396	GLN	7, 38	1398	nuc	nuc	0.84
ALA	7, 37	1397	GLN	7, 38	1398	nuc	nuc	1
LYS	7, 36	1396	HIS	7, 39	1399	nuc	nuc	0.59
ALA	7, 37	1397	HIS	7, 39	1399	nuc	nuc	0.82
GLN	7, 38	1398	HIS	7, 39	1399	nuc	nuc	1
GLN	7, 38	1398	GLU	7, 40	1400	nuc	nuc	0.55
HIS	7, 39	1399	GLU	7, 40	1400	nuc	nuc	1
HIS	7, 39	1399	HIS	7, 41	1401	nuc	nuc	0.78
GLU	7, 40	1400	HIS	7, 41	1401	nuc	nuc	1
GLU	7, 40	1400	GLU	7, 42	1402	nuc	nuc	0.76
HIS	7, 41	1401	GLU	7, 42	1402	nuc	nuc	1
SER	3, 185	928	ARG	7, 43	1403	mit	nuc	0.53
HIS	7, 41	1401	ARG	7, 43	1403	nuc	nuc	0.69
GLU	7, 42	1402	ARG	7, 43	1403	nuc	nuc	1
GLY	3, 120	863	PRO	7, 44	1404	mit	nuc	0.64
LYS	3, 122	865	PRO	7, 44	1404	mit	nuc	0.86
SER	3, 185	928	PRO	7, 44	1404	mit	nuc	0.68
GLU	7, 42	1402	PRO	7, 44	1404	nuc	nuc	0.62
ARG	7, 43	1403	PRO	7, 44	1404	nuc	nuc	1
PRO	7, 44	1404	GLU	7, 45	1405	nuc	nuc	1
PRO	7, 44	1404	PHE	7, 46	1406	nuc	nuc	0.75
GLU	7, 45	1405	PHE	7, 46	1406	nuc	nuc	1
GLY	3, 120	863	ILE	7, 47	1407	mit	nuc	0.75
GLU	7, 45	1405	ILE	7, 47	1407	nuc	nuc	0.97
PHE	7, 46	1406	ILE	7, 47	1407	nuc	nuc	1
PHE	7, 46	1406	ARG	7, 48	1408	nuc	nuc	0.93
ILE	7, 47	1407	ARG	7, 48	1408	nuc	nuc	1
THR	3, 119	862	TYR	7, 49	1409	mit	nuc	0.85
GLY	3, 120	863	TYR	7, 49	1409	mit	nuc	0.93
ILE	7, 47	1407	TYR	7, 49	1409	nuc	nuc	0.98
ARG	7, 48	1408	TYR	7, 49	1409	nuc	nuc	1
ALA	1, 224	224	ALA	7, 50	1410	mit	nuc	0.85
GLU	3, 111	854	ALA	7, 50	1410	mit	nuc	0.62
ARG	7, 48	1408	ALA	7, 50	1410	nuc	nuc	0.68
TYR	7, 49	1409	ALA	7, 50	1410	nuc	nuc	1
ALA	1, 224	224	HIS	7, 51	1411	mit	nuc	0.9
GLY	1, 225	225	HIS	7, 51	1411	mit	nuc	0.99
GLY	1, 226	226	HIS	7, 51	1411	mit	nuc	0.95
GLU	3, 111	854	HIS	7, 51	1411	mit	nuc	0.98
LEU	3, 112	855	HIS	7, 51	1411	mit	nuc	0.96
PRO	3, 118	861	HIS	7, 51	1411	mit	nuc	0.91
SER	3, 191	934	HIS	7, 51	1411	mit	nuc	0.98
TYR	7, 49	1409	HIS	7, 51	1411	nuc	nuc	0.99
ALA	7, 50	1410	HIS	7, 51	1411	nuc	nuc	1
PRO	3, 118	861	LEU	7, 52	1412	mit	nuc	0.51
GLY	3, 120	863	LEU	7, 52	1412	mit	nuc	0.92
VAL	3, 121	864	LEU	7, 52	1412	mit	nuc	0.77
ASP	3, 190	933	LEU	7, 52	1412	mit	nuc	0.99
SER	3, 191	934	LEU	7, 52	1412	mit	nuc	0.98
TYR	7, 49	1409	LEU	7, 52	1412	nuc	nuc	0.98
ALA	7, 50	1410	LEU	7, 52	1412	nuc	nuc	0.88
HIS	7, 51	1411	LEU	7, 52	1412	nuc	nuc	1
SER	3, 187	930	ARG	7, 53	1413	mit	nuc	0.62
ALA	3, 189	932	ARG	7, 53	1413	mit	nuc	0.97
ASP	3, 190	933	ARG	7, 53	1413	mit	nuc	0.96
TYR	7, 49	1409	ARG	7, 53	1413	nuc	nuc	0.51
LEU	7, 52	1412	ARG	7, 53	1413	nuc	nuc	1
ASN	1, 217	217	ILE	7, 54	1414	mit	nuc	0.98
THR	1, 219	219	ILE	7, 54	1414	mit	nuc	0.98
ASP	1, 222	222	ILE	7, 54	1414	mit	nuc	0.67
ALA	1, 224	224	ILE	7, 54	1414	mit	nuc	0.93
GLY	1, 225	225	ILE	7, 54	1414	mit	nuc	0.97
ALA	3, 189	932	ILE	7, 54	1414	mit	nuc	0.98
ASP	3, 190	933	ILE	7, 54	1414	mit	nuc	0.64
SER	3, 191	934	ILE	7, 54	1414	mit	nuc	0.69
HIS	7, 51	1411	ILE	7, 54	1414	nuc	nuc	0.71
LEU	7, 52	1412	ILE	7, 54	1414	nuc	nuc	0.93
ARG	7, 53	1413	ILE	7, 54	1414	nuc	nuc	1
ASN	1, 217	217	ARG	7, 55	1415	mit	nuc	0.97
ALA	3, 189	932	ARG	7, 55	1415	mit	nuc	0.94
ARG	7, 53	1413	ARG	7, 55	1415	nuc	nuc	0.98
ILE	7, 54	1414	ARG	7, 55	1415	nuc	nuc	1
ASN	1, 136	136	SER	7, 56	1416	mit	nuc	0.94
LEU	1, 137	137	SER	7, 56	1416	mit	nuc	0.8
ASN	1, 217	217	SER	7, 56	1416	mit	nuc	0.97
ASP	1, 222	222	SER	7, 56	1416	mit	nuc	0.64
ILE	7, 54	1414	SER	7, 56	1416	nuc	nuc	0.99
ARG	7, 55	1415	SER	7, 56	1416	nuc	nuc	1
ASN	1, 136	136	LYS	7, 57	1417	mit	nuc	0.96
ARG	1, 214	214	LYS	7, 57	1417	mit	nuc	0.77
ASN	1, 215	215	LYS	7, 57	1417	mit	nuc	0.94
ASN	1, 217	217	LYS	7, 57	1417	mit	nuc	0.96
ARG	7, 55	1415	LYS	7, 57	1417	nuc	nuc	0.84
SER	7, 56	1416	LYS	7, 57	1417	nuc	nuc	1
ARG	7, 55	1415	PRO	7, 58	1418	nuc	nuc	0.89
LYS	7, 57	1417	PRO	7, 58	1418	nuc	nuc	1
LEU	1, 216	216	PHE	7, 59	1419	mit	nuc	0.86
ASN	1, 217	217	PHE	7, 59	1419	mit	nuc	0.87
LYS	7, 57	1417	PHE	7, 59	1419	nuc	nuc	0.6
PRO	7, 58	1418	PHE	7, 59	1419	nuc	nuc	1
ASN	1, 215	215	PRO	7, 60	1420	mit	nuc	0.79
TRP	3, 34	777	PRO	7, 60	1420	mit	nuc	0.97
PHE	3, 35	778	PRO	7, 60	1420	mit	nuc	0.97
SER	3, 38	781	PRO	7, 60	1420	mit	nuc	0.74
PRO	7, 58	1418	PRO	7, 60	1420	nuc	nuc	0.71
PHE	7, 59	1419	PRO	7, 60	1420	nuc	nuc	1
PHE	7, 59	1419	TRP	7, 61	1421	nuc	nuc	0.99
PRO	7, 60	1420	TRP	7, 61	1421	nuc	nuc	1
PHE	7, 59	1419	GLY	7, 62	1422	nuc	nuc	0.88
TRP	7, 61	1421	GLY	7, 62	1422	nuc	nuc	1
GLY	7, 62	1422	ASP	7, 63	1423	nuc	nuc	1
PRO	7, 58	1418	GLY	7, 64	1424	nuc	nuc	0.97
PHE	7, 59	1419	GLY	7, 64	1424	nuc	nuc	0.98
PRO	7, 60	1420	GLY	7, 64	1424	nuc	nuc	0.77
TRP	7, 61	1421	GLY	7, 64	1424	nuc	nuc	0.93
GLY	7, 62	1422	GLY	7, 64	1424	nuc	nuc	1
ASP	7, 63	1423	GLY	7, 64	1424	nuc	nuc	1
ARG	7, 55	1415	ASN	7, 65	1425	nuc	nuc	0.83
PRO	7, 58	1418	ASN	7, 65	1425	nuc	nuc	0.88
PHE	7, 59	1419	ASN	7, 65	1425	nuc	nuc	0.87
ASP	7, 63	1423	ASN	7, 65	1425	nuc	nuc	0.97
GLY	7, 64	1424	ASN	7, 65	1425	nuc	nuc	1
PHE	7, 59	1419	LYS	7, 66	1426	nuc	nuc	0.9
GLY	7, 62	1422	LYS	7, 66	1426	nuc	nuc	0.84
ASP	7, 63	1423	LYS	7, 66	1426	nuc	nuc	0.93
GLY	7, 64	1424	LYS	7, 66	1426	nuc	nuc	0.99
ASN	7, 65	1425	LYS	7, 66	1426	nuc	nuc	1
SER	3, 187	930	THR	7, 67	1427	mit	nuc	0.99
ILE	3, 188	931	THR	7, 67	1427	mit	nuc	0.95
ALA	3, 189	932	THR	7, 67	1427	mit	nuc	0.9
PHE	7, 59	1419	THR	7, 67	1427	nuc	nuc	0.91
LYS	7, 66	1426	THR	7, 67	1427	nuc	nuc	1
TRP	7, 61	1421	LEU	7, 68	1428	nuc	nuc	0.78
THR	7, 67	1427	LEU	7, 68	1428	nuc	nuc	1
ALA	3, 178	921	PHE	7, 69	1429	mit	nuc	0.52
TYR	3, 181	924	PHE	7, 69	1429	mit	nuc	0.97
HIS	3, 182	925	PHE	7, 69	1429	mit	nuc	0.98
SER	3, 187	930	PHE	7, 69	1429	mit	nuc	0.56
THR	7, 67	1427	PHE	7, 69	1429	nuc	nuc	0.99
LEU	7, 68	1428	PHE	7, 69	1429	nuc	nuc	1
SER	3, 187	930	HIS	7, 70	1430	mit	nuc	0.75
LYS	7, 66	1426	HIS	7, 70	1430	nuc	nuc	0.98
THR	7, 67	1427	HIS	7, 70	1430	nuc	nuc	0.99
LEU	7, 68	1428	HIS	7, 70	1430	nuc	nuc	0.95
PHE	7, 69	1429	HIS	7, 70	1430	nuc	nuc	1
HIS	3, 182	925	ASN	7, 71	1431	mit	nuc	0.97
GLU	3, 183	926	ASN	7, 71	1431	mit	nuc	0.86
PHE	7, 69	1429	ASN	7, 71	1431	nuc	nuc	0.96
HIS	7, 70	1430	ASN	7, 71	1431	nuc	nuc	1
HIS	7, 70	1430	PRO	7, 72	1432	nuc	nuc	0.97
ASN	7, 71	1431	PRO	7, 72	1432	nuc	nuc	1
ARG	7, 43	1403	HIS	7, 73	1433	nuc	nuc	0.72
ASN	7, 71	1431	HIS	7, 73	1433	nuc	nuc	0.99
PRO	7, 72	1432	HIS	7, 73	1433	nuc	nuc	1
GLU	3, 183	926	VAL	7, 74	1434	mit	nuc	0.88
ALA	3, 184	927	VAL	7, 74	1434	mit	nuc	0.84
SER	3, 185	928	VAL	7, 74	1434	mit	nuc	0.98
ARG	7, 43	1403	VAL	7, 74	1434	nuc	nuc	0.8
ASN	7, 71	1431	VAL	7, 74	1434	nuc	nuc	0.99
HIS	7, 73	1433	VAL	7, 74	1434	nuc	nuc	1
SER	3, 185	928	ASN	7, 75	1435	mit	nuc	0.84
SER	3, 187	930	ASN	7, 75	1435	mit	nuc	0.97
THR	7, 67	1427	ASN	7, 75	1435	nuc	nuc	0.87
HIS	7, 70	1430	ASN	7, 75	1435	nuc	nuc	0.97
ASN	7, 71	1431	ASN	7, 75	1435	nuc	nuc	0.98
PRO	7, 72	1432	ASN	7, 75	1435	nuc	nuc	0.9
HIS	7, 73	1433	ASN	7, 75	1435	nuc	nuc	0.58
VAL	7, 74	1434	ASN	7, 75	1435	nuc	nuc	1
PHE	7, 46	1406	ALA	7, 76	1436	nuc	nuc	0.92
ARG	7, 53	1413	ALA	7, 76	1436	nuc	nuc	0.88
ASN	7, 75	1435	ALA	7, 76	1436	nuc	nuc	1
ARG	7, 53	1413	LEU	7, 77	1437	nuc	nuc	0.81
ASN	7, 65	1425	LEU	7, 77	1437	nuc	nuc	0.92
LYS	7, 66	1426	LEU	7, 77	1437	nuc	nuc	0.7
ASN	7, 75	1435	LEU	7, 77	1437	nuc	nuc	0.63
ALA	7, 76	1436	LEU	7, 77	1437	nuc	nuc	1
ARG	7, 48	1408	PRO	7, 78	1438	nuc	nuc	0.52
ARG	7, 53	1413	PRO	7, 78	1438	nuc	nuc	0.97
ARG	7, 55	1415	PRO	7, 78	1438	nuc	nuc	0.95
ASN	7, 65	1425	PRO	7, 78	1438	nuc	nuc	0.74
ALA	7, 76	1436	PRO	7, 78	1438	nuc	nuc	0.55
LEU	7, 77	1437	PRO	7, 78	1438	nuc	nuc	1
LEU	7, 77	1437	THR	7, 79	1439	nuc	nuc	0.99
PRO	7, 78	1438	THR	7, 79	1439	nuc	nuc	1
PHE	7, 46	1406	GLY	7, 80	1440	nuc	nuc	0.94
ARG	7, 48	1408	GLY	7, 80	1440	nuc	nuc	0.59
ALA	7, 76	1436	GLY	7, 80	1440	nuc	nuc	0.97
LEU	7, 77	1437	GLY	7, 80	1440	nuc	nuc	0.98
PRO	7, 78	1438	GLY	7, 80	1440	nuc	nuc	0.98
THR	7, 79	1439	GLY	7, 80	1440	nuc	nuc	1
PHE	7, 46	1406	TYR	7, 81	1441	nuc	nuc	0.92
PRO	7, 72	1432	TYR	7, 81	1441	nuc	nuc	0.53
ALA	7, 76	1436	TYR	7, 81	1441	nuc	nuc	0.96
LEU	7, 77	1437	TYR	7, 81	1441	nuc	nuc	0.84
GLY	7, 80	1440	TYR	7, 81	1441	nuc	nuc	1
PRO	7, 72	1432	GLU	7, 82	1442	nuc	nuc	0.92
LEU	7, 77	1437	GLU	7, 82	1442	nuc	nuc	0.92
GLY	7, 80	1440	GLU	7, 82	1442	nuc	nuc	0.88
TYR	7, 81	1441	GLU	7, 82	1442	nuc	nuc	1
PRO	7, 72	1432	ASP	7, 83	1443	nuc	nuc	0.77
HIS	7, 73	1433	ASP	7, 83	1443	nuc	nuc	0.54
TYR	7, 81	1441	ASP	7, 83	1443	nuc	nuc	0.96
GLU	7, 82	1442	ASP	7, 83	1443	nuc	nuc	1
TYR	7, 81	1441	GLU	7, 84	1444	nuc	nuc	0.75
GLU	7, 82	1442	GLU	7, 84	1444	nuc	nuc	0.7
ASP	7, 83	1443	GLU	7, 84	1444	nuc	nuc	1
ASP	7, 83	1443	ASN	7, 85	1445	nuc	nuc	0.71
GLU	7, 84	1444	ASN	7, 85	1445	nuc	nuc	1
LYS	8, 1	1446	LEU	8, 2	1447	nuc	nuc	1
LYS	8, 1	1446	GLU	8, 3	1448	nuc	nuc	0.86
LEU	8, 2	1447	GLU	8, 3	1448	nuc	nuc	1
LYS	8, 1	1446	HIS	8, 4	1449	nuc	nuc	0.74
LEU	8, 2	1447	HIS	8, 4	1449	nuc	nuc	0.73
GLU	8, 3	1448	HIS	8, 4	1449	nuc	nuc	1
LYS	8, 1	1446	TYR	8, 5	1450	nuc	nuc	0.63
LEU	8, 2	1447	TYR	8, 5	1450	nuc	nuc	0.84
GLU	8, 3	1448	TYR	8, 5	1450	nuc	nuc	0.9
HIS	8, 4	1449	TYR	8, 5	1450	nuc	nuc	1
ASP	2, 93	609	LYS	8, 6	1451	mit	nuc	0.91
LEU	2, 94	610	LYS	8, 6	1451	mit	nuc	0.62
ASP	2, 111	627	LYS	8, 6	1451	mit	nuc	0.7
HIS	8, 4	1449	LYS	8, 6	1451	nuc	nuc	0.81
TYR	8, 5	1450	LYS	8, 6	1451	nuc	nuc	1
PRO	2, 92	608	THR	8, 7	1452	mit	nuc	0.96
ASP	2, 93	609	THR	8, 7	1452	mit	nuc	0.93
LEU	2, 94	610	THR	8, 7	1452	mit	nuc	0.94
THR	2, 95	611	THR	8, 7	1452	mit	nuc	0.96
ASP	2, 111	627	THR	8, 7	1452	mit	nuc	0.89
ARG	2, 150	666	THR	8, 7	1452	mit	nuc	0.82
TYR	8, 5	1450	THR	8, 7	1452	nuc	nuc	0.81
LYS	8, 6	1451	THR	8, 7	1452	nuc	nuc	1
PRO	2, 92	608	ALA	8, 8	1453	mit	nuc	0.63
THR	2, 95	611	ALA	8, 8	1453	mit	nuc	0.93
THR	8, 7	1452	ALA	8, 8	1453	nuc	nuc	1
GLU	2, 91	607	PRO	8, 9	1454	mit	nuc	0.8
PRO	2, 92	608	PRO	8, 9	1454	mit	nuc	0.54
THR	8, 7	1452	PRO	8, 9	1454	nuc	nuc	0.87
ALA	8, 8	1453	PRO	8, 9	1454	nuc	nuc	1
ILE	2, 89	605	PHE	8, 10	1455	mit	nuc	0.9
ASP	2, 90	606	PHE	8, 10	1455	mit	nuc	0.72
GLU	2, 91	607	PHE	8, 10	1455	mit	nuc	0.85
PRO	2, 92	608	PHE	8, 10	1455	mit	nuc	0.59
PRO	8, 9	1454	PHE	8, 10	1455	nuc	nuc	1
ALA	8, 8	1453	ASP	8, 11	1456	nuc	nuc	0.57
PRO	8, 9	1454	ASP	8, 11	1456	nuc	nuc	0.98
PHE	8, 10	1455	ASP	8, 11	1456	nuc	nuc	1
PHE	8, 10	1455	SER	8, 12	1457	nuc	nuc	0.9
ASP	8, 11	1456	SER	8, 12	1457	nuc	nuc	1
ASP	8, 11	1456	ARG	8, 13	1458	nuc	nuc	0.99
SER	8, 12	1457	ARG	8, 13	1458	nuc	nuc	1
ASP	8, 11	1456	PHE	8, 14	1459	nuc	nuc	0.99
SER	8, 12	1457	PHE	8, 14	1459	nuc	nuc	0.68
ARG	8, 13	1458	PHE	8, 14	1459	nuc	nuc	1
ASP	8, 11	1456	PRO	8, 15	1460	nuc	nuc	0.57
SER	8, 12	1457	PRO	8, 15	1460	nuc	nuc	0.95
ARG	8, 13	1458	PRO	8, 15	1460	nuc	nuc	0.81
PHE	8, 14	1459	PRO	8, 15	1460	nuc	nuc	1
GLY	1, 297	297	ASN	8, 16	1461	mit	nuc	0.58
ASP	1, 299	299	ASN	8, 16	1461	mit	nuc	0.99
VAL	1, 300	300	ASN	8, 16	1461	mit	nuc	0.9
PHE	8, 14	1459	ASN	8, 16	1461	nuc	nuc	0.98
PRO	8, 15	1460	ASN	8, 16	1461	nuc	nuc	1
GLY	1, 297	297	GLN	8, 17	1462	mit	nuc	0.99
MET	1, 298	298	GLN	8, 17	1462	mit	nuc	0.86
ASP	1, 299	299	GLN	8, 17	1462	mit	nuc	0.78
VAL	1, 300	300	GLN	8, 17	1462	mit	nuc	0.61
ASP	2, 87	603	GLN	8, 17	1462	mit	nuc	0.83
THR	2, 171	687	GLN	8, 17	1462	mit	nuc	0.6
ASN	2, 179	695	GLN	8, 17	1462	mit	nuc	0.99
GLN	2, 180	696	GLN	8, 17	1462	mit	nuc	0.99
THR	2, 181	697	GLN	8, 17	1462	mit	nuc	0.73
ASN	8, 16	1461	GLN	8, 17	1462	nuc	nuc	1
GLY	1, 297	297	ASN	8, 18	1463	mit	nuc	0.98
ARG	2, 177	693	ASN	8, 18	1463	mit	nuc	0.99
LEU	2, 178	694	ASN	8, 18	1463	mit	nuc	0.97
ASN	2, 179	695	ASN	8, 18	1463	mit	nuc	0.99
GLN	2, 180	696	ASN	8, 18	1463	mit	nuc	0.62
ASN	8, 16	1461	ASN	8, 18	1463	nuc	nuc	0.99
GLN	8, 17	1462	ASN	8, 18	1463	nuc	nuc	1
ILE	2, 152	668	GLN	8, 19	1464	mit	nuc	0.94
LEU	2, 178	694	GLN	8, 19	1464	mit	nuc	0.99
ASN	2, 179	695	GLN	8, 19	1464	mit	nuc	0.91
GLN	2, 180	696	GLN	8, 19	1464	mit	nuc	0.99
PHE	8, 14	1459	GLN	8, 19	1464	nuc	nuc	0.96
GLN	8, 17	1462	GLN	8, 19	1464	nuc	nuc	0.89
ASN	8, 18	1463	GLN	8, 19	1464	nuc	nuc	1
GLY	2, 176	692	THR	8, 20	1465	mit	nuc	0.96
ARG	2, 177	693	THR	8, 20	1465	mit	nuc	0.99
LEU	2, 178	694	THR	8, 20	1465	mit	nuc	1
THR	3, 109	852	THR	8, 20	1465	mit	nuc	0.73
PRO	3, 110	853	THR	8, 20	1465	mit	nuc	0.97
ASN	8, 18	1463	THR	8, 20	1465	nuc	nuc	1
GLN	8, 19	1464	THR	8, 20	1465	nuc	nuc	1
PRO	3, 110	853	ARG	8, 21	1466	mit	nuc	0.72
PHE	8, 14	1459	ARG	8, 21	1466	nuc	nuc	0.96
ASN	8, 18	1463	ARG	8, 21	1466	nuc	nuc	0.88
GLN	8, 19	1464	ARG	8, 21	1466	nuc	nuc	0.96
THR	8, 20	1465	ARG	8, 21	1466	nuc	nuc	1
LEU	2, 178	694	ASN	8, 22	1467	mit	nuc	0.63
ASP	8, 11	1456	ASN	8, 22	1467	nuc	nuc	0.96
ARG	8, 13	1458	ASN	8, 22	1467	nuc	nuc	0.55
PHE	8, 14	1459	ASN	8, 22	1467	nuc	nuc	0.99
GLN	8, 19	1464	ASN	8, 22	1467	nuc	nuc	1
THR	8, 20	1465	ASN	8, 22	1467	nuc	nuc	0.99
ARG	8, 21	1466	ASN	8, 22	1467	nuc	nuc	1
LEU	2, 178	694	CYS	8, 23	1468	mit	nuc	0.98
GLN	8, 19	1464	CYS	8, 23	1468	nuc	nuc	0.98
THR	8, 20	1465	CYS	8, 23	1468	nuc	nuc	0.99
ARG	8, 21	1466	CYS	8, 23	1468	nuc	nuc	0.98
ASN	8, 22	1467	CYS	8, 23	1468	nuc	nuc	1
PRO	3, 110	853	TRP	8, 24	1469	mit	nuc	0.99
GLY	3, 114	857	TRP	8, 24	1469	mit	nuc	0.7
THR	8, 20	1465	TRP	8, 24	1469	nuc	nuc	0.99
ARG	8, 21	1466	TRP	8, 24	1469	nuc	nuc	1
ASN	8, 22	1467	TRP	8, 24	1469	nuc	nuc	0.99
CYS	8, 23	1468	TRP	8, 24	1469	nuc	nuc	1
ARG	8, 13	1458	GLN	8, 25	1470	nuc	nuc	0.52
ARG	8, 21	1466	GLN	8, 25	1470	nuc	nuc	1
ASN	8, 22	1467	GLN	8, 25	1470	nuc	nuc	1
CYS	8, 23	1468	GLN	8, 25	1470	nuc	nuc	0.96
TRP	8, 24	1469	GLN	8, 25	1470	nuc	nuc	1
ASN	8, 22	1467	ASN	8, 26	1471	nuc	nuc	0.99
CYS	8, 23	1468	ASN	8, 26	1471	nuc	nuc	1
TRP	8, 24	1469	ASN	8, 26	1471	nuc	nuc	0.97
GLN	8, 25	1470	ASN	8, 26	1471	nuc	nuc	1
CYS	8, 23	1468	TYR	8, 27	1472	nuc	nuc	1
TRP	8, 24	1469	TYR	8, 27	1472	nuc	nuc	1
GLN	8, 25	1470	TYR	8, 27	1472	nuc	nuc	0.99
ASN	8, 26	1471	TYR	8, 27	1472	nuc	nuc	1
TRP	8, 24	1469	LEU	8, 28	1473	nuc	nuc	0.99
GLN	8, 25	1470	LEU	8, 28	1473	nuc	nuc	1
ASN	8, 26	1471	LEU	8, 28	1473	nuc	nuc	0.98
TYR	8, 27	1472	LEU	8, 28	1473	nuc	nuc	1
GLN	8, 25	1470	ASP	8, 29	1474	nuc	nuc	0.99
ASN	8, 26	1471	ASP	8, 29	1474	nuc	nuc	1
TYR	8, 27	1472	ASP	8, 29	1474	nuc	nuc	0.98
LEU	8, 28	1473	ASP	8, 29	1474	nuc	nuc	1
ASN	8, 26	1471	PHE	8, 30	1475	nuc	nuc	0.99
TYR	8, 27	1472	PHE	8, 30	1475	nuc	nuc	1
LEU	8, 28	1473	PHE	8, 30	1475	nuc	nuc	0.99
ASP	8, 29	1474	PHE	8, 30	1475	nuc	nuc	1
TYR	8, 27	1472	HIS	8, 31	1476	nuc	nuc	0.96
LEU	8, 28	1473	HIS	8, 31	1476	nuc	nuc	0.99
ASP	8, 29	1474	HIS	8, 31	1476	nuc	nuc	0.89
PHE	8, 30	1475	HIS	8, 31	1476	nuc	nuc	1
LEU	8, 28	1473	ARG	8, 32	1477	nuc	nuc	0.98
ASP	8, 29	1474	ARG	8, 32	1477	nuc	nuc	1
PHE	8, 30	1475	ARG	8, 32	1477	nuc	nuc	0.99
HIS	8, 31	1476	ARG	8, 32	1477	nuc	nuc	1
ASP	8, 29	1474	CYS	8, 33	1478	nuc	nuc	0.99
PHE	8, 30	1475	CYS	8, 33	1478	nuc	nuc	0.99
HIS	8, 31	1476	CYS	8, 33	1478	nuc	nuc	0.98
ARG	8, 32	1477	CYS	8, 33	1478	nuc	nuc	1
PHE	8, 30	1475	GLU	8, 34	1479	nuc	nuc	0.98
HIS	8, 31	1476	GLU	8, 34	1479	nuc	nuc	0.99
ARG	8, 32	1477	GLU	8, 34	1479	nuc	nuc	0.97
CYS	8, 33	1478	GLU	8, 34	1479	nuc	nuc	1
HIS	8, 31	1476	LYS	8, 35	1480	nuc	nuc	0.97
ARG	8, 32	1477	LYS	8, 35	1480	nuc	nuc	0.99
CYS	8, 33	1478	LYS	8, 35	1480	nuc	nuc	0.97
GLU	8, 34	1479	LYS	8, 35	1480	nuc	nuc	1
ARG	8, 32	1477	ALA	8, 36	1481	nuc	nuc	0.98
CYS	8, 33	1478	ALA	8, 36	1481	nuc	nuc	0.99
GLU	8, 34	1479	ALA	8, 36	1481	nuc	nuc	0.95
LYS	8, 35	1480	ALA	8, 36	1481	nuc	nuc	1
CYS	8, 33	1478	MET	8, 37	1482	nuc	nuc	0.96
GLU	8, 34	1479	MET	8, 37	1482	nuc	nuc	0.97
LYS	8, 35	1480	MET	8, 37	1482	nuc	nuc	0.93
ALA	8, 36	1481	MET	8, 37	1482	nuc	nuc	1
GLU	8, 34	1479	ALA	8, 38	1483	nuc	nuc	0.94
LYS	8, 35	1480	ALA	8, 38	1483	nuc	nuc	0.97
ALA	8, 36	1481	ALA	8, 38	1483	nuc	nuc	0.95
MET	8, 37	1482	ALA	8, 38	1483	nuc	nuc	1
LYS	8, 35	1480	ALA	8, 39	1484	nuc	nuc	0.92
ALA	8, 36	1481	ALA	8, 39	1484	nuc	nuc	0.94
MET	8, 37	1482	ALA	8, 39	1484	nuc	nuc	0.94
ALA	8, 38	1483	ALA	8, 39	1484	nuc	nuc	1
ALA	8, 36	1481	LYS	8, 40	1485	nuc	nuc	0.88
MET	8, 37	1482	LYS	8, 40	1485	nuc	nuc	0.92
ALA	8, 38	1483	LYS	8, 40	1485	nuc	nuc	0.84
ALA	8, 39	1484	LYS	8, 40	1485	nuc	nuc	1
MET	8, 37	1482	GLY	8, 41	1486	nuc	nuc	0.88
ALA	8, 38	1483	GLY	8, 41	1486	nuc	nuc	0.9
ALA	8, 39	1484	GLY	8, 41	1486	nuc	nuc	0.97
LYS	8, 40	1485	GLY	8, 41	1486	nuc	nuc	1
MET	8, 37	1482	ALA	8, 42	1487	nuc	nuc	0.83
LYS	8, 40	1485	ALA	8, 42	1487	nuc	nuc	0.93
GLY	8, 41	1486	ALA	8, 42	1487	nuc	nuc	1
MET	8, 37	1482	ASP	8, 43	1488	nuc	nuc	0.75
GLY	8, 41	1486	ASP	8, 43	1488	nuc	nuc	0.65
ALA	8, 42	1487	ASP	8, 43	1488	nuc	nuc	1
GLU	8, 34	1479	ALA	8, 44	1489	nuc	nuc	0.59
MET	8, 37	1482	ALA	8, 44	1489	nuc	nuc	0.78
ALA	8, 42	1487	ALA	8, 44	1489	nuc	nuc	0.7
ASP	8, 43	1488	ALA	8, 44	1489	nuc	nuc	1
ASP	8, 43	1488	THR	8, 45	1490	nuc	nuc	0.91
ALA	8, 44	1489	THR	8, 45	1490	nuc	nuc	1
CYS	8, 33	1478	PRO	8, 46	1491	nuc	nuc	0.68
MET	8, 37	1482	PRO	8, 46	1491	nuc	nuc	0.52
ASP	8, 43	1488	PRO	8, 46	1491	nuc	nuc	0.55
ALA	8, 44	1489	PRO	8, 46	1491	nuc	nuc	0.85
THR	8, 45	1490	PRO	8, 46	1491	nuc	nuc	1
PHE	8, 30	1475	CYS	8, 47	1492	nuc	nuc	0.91
CYS	8, 33	1478	CYS	8, 47	1492	nuc	nuc	0.96
GLU	8, 34	1479	CYS	8, 47	1492	nuc	nuc	0.89
MET	8, 37	1482	CYS	8, 47	1492	nuc	nuc	0.85
ALA	8, 44	1489	CYS	8, 47	1492	nuc	nuc	0.77
THR	8, 45	1490	CYS	8, 47	1492	nuc	nuc	0.92
PRO	8, 46	1491	CYS	8, 47	1492	nuc	nuc	1
LEU	8, 2	1447	GLN	8, 48	1493	nuc	nuc	0.6
ALA	8, 44	1489	GLN	8, 48	1493	nuc	nuc	0.53
THR	8, 45	1490	GLN	8, 48	1493	nuc	nuc	0.81
PRO	8, 46	1491	GLN	8, 48	1493	nuc	nuc	0.95
CYS	8, 47	1492	GLN	8, 48	1493	nuc	nuc	1
LEU	8, 2	1447	TRP	8, 49	1494	nuc	nuc	0.71
PRO	8, 46	1491	TRP	8, 49	1494	nuc	nuc	0.79
CYS	8, 47	1492	TRP	8, 49	1494	nuc	nuc	0.98
GLN	8, 48	1493	TRP	8, 49	1494	nuc	nuc	1
ASN	8, 26	1471	TYR	8, 50	1495	nuc	nuc	0.98
ASP	8, 29	1474	TYR	8, 50	1495	nuc	nuc	0.98
PHE	8, 30	1475	TYR	8, 50	1495	nuc	nuc	1
CYS	8, 33	1478	TYR	8, 50	1495	nuc	nuc	0.95
CYS	8, 47	1492	TYR	8, 50	1495	nuc	nuc	0.97
GLN	8, 48	1493	TYR	8, 50	1495	nuc	nuc	0.96
TRP	8, 49	1494	TYR	8, 50	1495	nuc	nuc	1
PHE	8, 30	1475	TYR	8, 51	1496	nuc	nuc	0.98
CYS	8, 47	1492	TYR	8, 51	1496	nuc	nuc	0.92
GLN	8, 48	1493	TYR	8, 51	1496	nuc	nuc	0.99
TRP	8, 49	1494	TYR	8, 51	1496	nuc	nuc	0.99
TYR	8, 50	1495	TYR	8, 51	1496	nuc	nuc	1
LEU	8, 2	1447	ARG	8, 52	1497	nuc	nuc	0.53
TYR	8, 5	1450	ARG	8, 52	1497	nuc	nuc	0.89
ALA	8, 8	1453	ARG	8, 52	1497	nuc	nuc	0.62
GLN	8, 48	1493	ARG	8, 52	1497	nuc	nuc	0.97
TRP	8, 49	1494	ARG	8, 52	1497	nuc	nuc	1
TYR	8, 50	1495	ARG	8, 52	1497	nuc	nuc	0.97
TYR	8, 51	1496	ARG	8, 52	1497	nuc	nuc	1
ALA	8, 8	1453	VAL	8, 53	1498	nuc	nuc	0.97
ASN	8, 26	1471	VAL	8, 53	1498	nuc	nuc	0.99
TRP	8, 49	1494	VAL	8, 53	1498	nuc	nuc	0.98
TYR	8, 50	1495	VAL	8, 53	1498	nuc	nuc	1
TYR	8, 51	1496	VAL	8, 53	1498	nuc	nuc	0.97
ARG	8, 52	1497	VAL	8, 53	1498	nuc	nuc	1
CYS	8, 23	1468	TYR	8, 54	1499	nuc	nuc	0.97
ASN	8, 26	1471	TYR	8, 54	1499	nuc	nuc	0.99
TYR	8, 27	1472	TYR	8, 54	1499	nuc	nuc	0.99
PHE	8, 30	1475	TYR	8, 54	1499	nuc	nuc	0.97
TYR	8, 50	1495	TYR	8, 54	1499	nuc	nuc	0.99
TYR	8, 51	1496	TYR	8, 54	1499	nuc	nuc	0.99
ARG	8, 52	1497	TYR	8, 54	1499	nuc	nuc	0.71
VAL	8, 53	1498	TYR	8, 54	1499	nuc	nuc	1
THR	2, 110	626	LYS	8, 55	1500	mit	nuc	0.98
ASP	2, 111	627	LYS	8, 55	1500	mit	nuc	0.63
TYR	8, 51	1496	LYS	8, 55	1500	nuc	nuc	0.98
ARG	8, 52	1497	LYS	8, 55	1500	nuc	nuc	0.99
VAL	8, 53	1498	LYS	8, 55	1500	nuc	nuc	0.98
TYR	8, 54	1499	LYS	8, 55	1500	nuc	nuc	1
THR	2, 95	611	SER	8, 56	1501	mit	nuc	0.99
THR	2, 110	626	SER	8, 56	1501	mit	nuc	0.96
ASP	2, 111	627	SER	8, 56	1501	mit	nuc	0.96
THR	8, 7	1452	SER	8, 56	1501	nuc	nuc	0.94
ALA	8, 8	1453	SER	8, 56	1501	nuc	nuc	0.98
ARG	8, 52	1497	SER	8, 56	1501	nuc	nuc	0.98
VAL	8, 53	1498	SER	8, 56	1501	nuc	nuc	0.99
TYR	8, 54	1499	SER	8, 56	1501	nuc	nuc	0.98
LYS	8, 55	1500	SER	8, 56	1501	nuc	nuc	1
THR	2, 95	611	ILE	8, 57	1502	mit	nuc	0.92
ILE	2, 152	668	ILE	8, 57	1502	mit	nuc	0.97
LEU	2, 178	694	ILE	8, 57	1502	mit	nuc	0.83
ALA	8, 8	1453	ILE	8, 57	1502	nuc	nuc	0.96
GLN	8, 19	1464	ILE	8, 57	1502	nuc	nuc	0.97
ASN	8, 22	1467	ILE	8, 57	1502	nuc	nuc	0.98
CYS	8, 23	1468	ILE	8, 57	1502	nuc	nuc	1
ASN	8, 26	1471	ILE	8, 57	1502	nuc	nuc	0.9
VAL	8, 53	1498	ILE	8, 57	1502	nuc	nuc	0.99
TYR	8, 54	1499	ILE	8, 57	1502	nuc	nuc	0.98
LYS	8, 55	1500	ILE	8, 57	1502	nuc	nuc	0.6
SER	8, 56	1501	ILE	8, 57	1502	nuc	nuc	1
CYS	8, 23	1468	CYS	8, 58	1503	nuc	nuc	1
ASN	8, 26	1471	CYS	8, 58	1503	nuc	nuc	0.57
TYR	8, 27	1472	CYS	8, 58	1503	nuc	nuc	0.97
TYR	8, 54	1499	CYS	8, 58	1503	nuc	nuc	0.99
LYS	8, 55	1500	CYS	8, 58	1503	nuc	nuc	0.98
SER	8, 56	1501	CYS	8, 58	1503	nuc	nuc	0.7
ILE	8, 57	1502	CYS	8, 58	1503	nuc	nuc	1
LYS	2, 97	613	PRO	8, 59	1504	mit	nuc	0.99
ILE	2, 99	615	PRO	8, 59	1504	mit	nuc	0.98
GLU	2, 108	624	PRO	8, 59	1504	mit	nuc	0.92
ILE	2, 152	668	PRO	8, 59	1504	mit	nuc	0.63
THR	2, 154	670	PRO	8, 59	1504	mit	nuc	0.99
LEU	2, 178	694	PRO	8, 59	1504	mit	nuc	0.75
CYS	8, 58	1503	PRO	8, 59	1504	nuc	nuc	1
GLU	2, 108	624	THR	8, 60	1505	mit	nuc	0.97
THR	2, 110	626	THR	8, 60	1505	mit	nuc	0.88
ASP	2, 114	630	THR	8, 60	1505	mit	nuc	0.69
SER	2, 116	632	THR	8, 60	1505	mit	nuc	0.9
CYS	8, 58	1503	THR	8, 60	1505	nuc	nuc	0.72
PRO	8, 59	1504	THR	8, 60	1505	nuc	nuc	1
ILE	2, 99	615	SER	8, 61	1506	mit	nuc	0.77
ASP	2, 156	672	SER	8, 61	1506	mit	nuc	0.92
PRO	8, 59	1504	SER	8, 61	1506	nuc	nuc	1
THR	8, 60	1505	SER	8, 61	1506	nuc	nuc	1
CYS	8, 23	1468	TRP	8, 62	1507	nuc	nuc	0.87
CYS	8, 58	1503	TRP	8, 62	1507	nuc	nuc	0.99
PRO	8, 59	1504	TRP	8, 62	1507	nuc	nuc	1
THR	8, 60	1505	TRP	8, 62	1507	nuc	nuc	0.98
SER	8, 61	1506	TRP	8, 62	1507	nuc	nuc	1
TYR	8, 27	1472	VAL	8, 63	1508	nuc	nuc	0.86
TYR	8, 54	1499	VAL	8, 63	1508	nuc	nuc	0.84
LYS	8, 55	1500	VAL	8, 63	1508	nuc	nuc	0.8
CYS	8, 58	1503	VAL	8, 63	1508	nuc	nuc	0.99
PRO	8, 59	1504	VAL	8, 63	1508	nuc	nuc	0.96
THR	8, 60	1505	VAL	8, 63	1508	nuc	nuc	1
SER	8, 61	1506	VAL	8, 63	1508	nuc	nuc	0.96
TRP	8, 62	1507	VAL	8, 63	1508	nuc	nuc	1
THR	8, 60	1505	THR	8, 64	1509	nuc	nuc	0.99
SER	8, 61	1506	THR	8, 64	1509	nuc	nuc	0.99
TRP	8, 62	1507	THR	8, 64	1509	nuc	nuc	0.97
VAL	8, 63	1508	THR	8, 64	1509	nuc	nuc	1
SER	8, 61	1506	THR	8, 65	1510	nuc	nuc	0.99
TRP	8, 62	1507	THR	8, 65	1510	nuc	nuc	1
VAL	8, 63	1508	THR	8, 65	1510	nuc	nuc	0.98
THR	8, 64	1509	THR	8, 65	1510	nuc	nuc	1
TYR	8, 27	1472	TRP	8, 66	1511	nuc	nuc	0.97
TRP	8, 62	1507	TRP	8, 66	1511	nuc	nuc	0.99
VAL	8, 63	1508	TRP	8, 66	1511	nuc	nuc	1
THR	8, 64	1509	TRP	8, 66	1511	nuc	nuc	0.97
THR	8, 65	1510	TRP	8, 66	1511	nuc	nuc	1
VAL	8, 63	1508	ASP	8, 67	1512	nuc	nuc	0.99
THR	8, 64	1509	ASP	8, 67	1512	nuc	nuc	1
THR	8, 65	1510	ASP	8, 67	1512	nuc	nuc	0.98
TRP	8, 66	1511	ASP	8, 67	1512	nuc	nuc	1
THR	8, 64	1509	GLU	8, 68	1513	nuc	nuc	0.99
THR	8, 65	1510	GLU	8, 68	1513	nuc	nuc	1
TRP	8, 66	1511	GLU	8, 68	1513	nuc	nuc	0.99
ASP	8, 67	1512	GLU	8, 68	1513	nuc	nuc	1
ALA	7, 50	1410	TYR	8, 69	1514	nuc	nuc	0.8
THR	8, 65	1510	TYR	8, 69	1514	nuc	nuc	0.99
TRP	8, 66	1511	TYR	8, 69	1514	nuc	nuc	0.99
ASP	8, 67	1512	TYR	8, 69	1514	nuc	nuc	0.99
GLU	8, 68	1513	TYR	8, 69	1514	nuc	nuc	1
HIS	8, 31	1476	ARG	8, 70	1515	nuc	nuc	0.65
TRP	8, 66	1511	ARG	8, 70	1515	nuc	nuc	0.99
ASP	8, 67	1512	ARG	8, 70	1515	nuc	nuc	0.99
GLU	8, 68	1513	ARG	8, 70	1515	nuc	nuc	0.98
TYR	8, 69	1514	ARG	8, 70	1515	nuc	nuc	1
ASP	8, 67	1512	GLU	8, 71	1516	nuc	nuc	0.97
GLU	8, 68	1513	GLU	8, 71	1516	nuc	nuc	0.99
TYR	8, 69	1514	GLU	8, 71	1516	nuc	nuc	0.95
ARG	8, 70	1515	GLU	8, 71	1516	nuc	nuc	1
ARG	7, 48	1408	GLU	8, 72	1517	nuc	nuc	0.55
GLU	8, 68	1513	GLU	8, 72	1517	nuc	nuc	0.97
TYR	8, 69	1514	GLU	8, 72	1517	nuc	nuc	0.97
ARG	8, 70	1515	GLU	8, 72	1517	nuc	nuc	0.91
GLU	8, 71	1516	GLU	8, 72	1517	nuc	nuc	1
ILE	7, 47	1407	GLY	8, 73	1518	nuc	nuc	0.67
TYR	8, 69	1514	GLY	8, 73	1518	nuc	nuc	0.96
ARG	8, 70	1515	GLY	8, 73	1518	nuc	nuc	0.98
GLU	8, 71	1516	GLY	8, 73	1518	nuc	nuc	0.99
GLU	8, 72	1517	GLY	8, 73	1518	nuc	nuc	1
ILE	7, 47	1407	THR	8, 74	1519	nuc	nuc	0.91
ARG	7, 48	1408	THR	8, 74	1519	nuc	nuc	0.94
TYR	7, 49	1409	THR	8, 74	1519	nuc	nuc	0.96
ALA	7, 50	1410	THR	8, 74	1519	nuc	nuc	0.86
TYR	8, 69	1514	THR	8, 74	1519	nuc	nuc	0.98
GLU	8, 72	1517	THR	8, 74	1519	nuc	nuc	0.99
GLY	8, 73	1518	THR	8, 74	1519	nuc	nuc	1
TRP	8, 66	1511	PHE	8, 75	1520	nuc	nuc	0.94
TYR	8, 69	1514	PHE	8, 75	1520	nuc	nuc	0.98
ARG	8, 70	1515	PHE	8, 75	1520	nuc	nuc	0.98
GLY	8, 73	1518	PHE	8, 75	1520	nuc	nuc	0.99
THR	8, 74	1519	PHE	8, 75	1520	nuc	nuc	1
GLU	3, 111	854	PRO	8, 76	1521	mit	nuc	0.87
LEU	3, 112	855	PRO	8, 76	1521	mit	nuc	0.92
GLY	3, 113	856	PRO	8, 76	1521	mit	nuc	0.99
GLY	3, 114	857	PRO	8, 76	1521	mit	nuc	0.63
PRO	3, 118	861	PRO	8, 76	1521	mit	nuc	0.57
THR	3, 119	862	PRO	8, 76	1521	mit	nuc	0.96
TYR	7, 49	1409	PRO	8, 76	1521	nuc	nuc	0.89
HIS	7, 51	1411	PRO	8, 76	1521	nuc	nuc	0.88
TYR	8, 69	1514	PRO	8, 76	1521	nuc	nuc	0.75
THR	8, 74	1519	PRO	8, 76	1521	nuc	nuc	0.73
PHE	8, 75	1520	PRO	8, 76	1521	nuc	nuc	1
GLY	3, 113	856	GLY	8, 77	1522	mit	nuc	0.98
GLY	3, 114	857	GLY	8, 77	1522	mit	nuc	0.88
GLN	3, 115	858	GLY	8, 77	1522	mit	nuc	0.57
THR	3, 119	862	GLY	8, 77	1522	mit	nuc	0.94
LEU	8, 28	1473	GLY	8, 77	1522	nuc	nuc	0.93
PHE	8, 75	1520	GLY	8, 77	1522	nuc	nuc	0.99
PRO	8, 76	1521	GLY	8, 77	1522	nuc	nuc	1
GLY	3, 113	856	LYS	8, 78	1523	mit	nuc	0.62
GLN	3, 115	858	LYS	8, 78	1523	mit	nuc	0.53
LEU	8, 28	1473	LYS	8, 78	1523	nuc	nuc	0.55
GLY	8, 77	1522	LYS	8, 78	1523	nuc	nuc	1
LEU	8, 28	1473	ILE	8, 79	1524	nuc	nuc	0.88
HIS	8, 31	1476	ILE	8, 79	1524	nuc	nuc	0.96
ARG	8, 32	1477	ILE	8, 79	1524	nuc	nuc	0.96
LYS	8, 35	1480	ILE	8, 79	1524	nuc	nuc	0.9
PHE	8, 75	1520	ILE	8, 79	1524	nuc	nuc	0.67
GLY	8, 77	1522	ILE	8, 79	1524	nuc	nuc	0.99
LYS	8, 78	1523	ILE	8, 79	1524	nuc	nuc	1
SER	9, 1	1525	SER	9, 2	1526	nuc	nuc	1
SER	9, 1	1525	ALA	9, 3	1527	nuc	nuc	0.76
SER	9, 2	1526	ALA	9, 3	1527	nuc	nuc	1
GLN	5, 87	1240	LEU	9, 4	1528	nuc	nuc	0.79
SER	9, 2	1526	LEU	9, 4	1528	nuc	nuc	0.63
ALA	9, 3	1527	LEU	9, 4	1528	nuc	nuc	1
GLU	5, 80	1233	LEU	9, 5	1529	nuc	nuc	0.57
PRO	5, 83	1236	LEU	9, 5	1529	nuc	nuc	0.8
TYR	5, 84	1237	LEU	9, 5	1529	nuc	nuc	0.9
GLN	5, 87	1240	LEU	9, 5	1529	nuc	nuc	0.83
ALA	9, 3	1527	LEU	9, 5	1529	nuc	nuc	0.63
LEU	9, 4	1528	LEU	9, 5	1529	nuc	nuc	1
TYR	5, 84	1237	PRO	9, 6	1530	nuc	nuc	0.55
LEU	9, 4	1528	PRO	9, 6	1530	nuc	nuc	0.68
LEU	9, 5	1529	PRO	9, 6	1530	nuc	nuc	1
TYR	5, 84	1237	LYS	9, 7	1531	nuc	nuc	0.86
PRO	9, 6	1530	LYS	9, 7	1531	nuc	nuc	1
HIS	5, 78	1231	PRO	9, 8	1532	nuc	nuc	0.78
GLU	5, 80	1233	PRO	9, 8	1532	nuc	nuc	0.94
ILE	5, 81	1234	PRO	9, 8	1532	nuc	nuc	0.94
TYR	5, 84	1237	PRO	9, 8	1532	nuc	nuc	0.91
PRO	9, 6	1530	PRO	9, 8	1532	nuc	nuc	0.94
LYS	9, 7	1531	PRO	9, 8	1532	nuc	nuc	1
PRO	9, 8	1532	GLN	9, 9	1533	nuc	nuc	1
LEU	5, 41	1194	MET	9, 10	1534	nuc	nuc	0.9
VAL	5, 42	1195	MET	9, 10	1534	nuc	nuc	0.97
GLU	5, 44	1197	MET	9, 10	1534	nuc	nuc	0.91
ILE	5, 81	1234	MET	9, 10	1534	nuc	nuc	0.91
LYS	9, 7	1531	MET	9, 10	1534	nuc	nuc	0.59
PRO	9, 8	1532	MET	9, 10	1534	nuc	nuc	0.96
GLN	9, 9	1533	MET	9, 10	1534	nuc	nuc	1
ASP	5, 8	1161	ARG	9, 11	1535	nuc	nuc	0.9
ASP	5, 40	1193	ARG	9, 11	1535	nuc	nuc	0.68
LEU	5, 41	1194	ARG	9, 11	1535	nuc	nuc	0.97
VAL	5, 42	1195	ARG	9, 11	1535	nuc	nuc	0.67
GLN	9, 9	1533	ARG	9, 11	1535	nuc	nuc	0.93
MET	9, 10	1534	ARG	9, 11	1535	nuc	nuc	1
ASP	5, 40	1193	ARG	9, 12	1536	nuc	nuc	0.93
LEU	5, 41	1194	ARG	9, 12	1536	nuc	nuc	0.87
ARG	9, 11	1535	ARG	9, 12	1536	nuc	nuc	1
LEU	2, 50	566	LEU	9, 13	1537	mit	nuc	0.92
ASP	5, 40	1193	LEU	9, 13	1537	nuc	nuc	0.92
LEU	5, 41	1194	LEU	9, 13	1537	nuc	nuc	0.68
VAL	5, 42	1195	LEU	9, 13	1537	nuc	nuc	0.72
HIS	5, 78	1231	LEU	9, 13	1537	nuc	nuc	0.87
GLN	9, 9	1533	LEU	9, 13	1537	nuc	nuc	0.88
MET	9, 10	1534	LEU	9, 13	1537	nuc	nuc	0.71
ARG	9, 11	1535	LEU	9, 13	1537	nuc	nuc	0.93
ARG	9, 12	1536	LEU	9, 13	1537	nuc	nuc	1
GLY	1, 330	330	LEU	9, 14	1538	mit	nuc	0.93
GLU	2, 48	564	LEU	9, 14	1538	mit	nuc	0.66
LEU	2, 50	566	LEU	9, 14	1538	mit	nuc	0.96
SER	2, 51	567	LEU	9, 14	1538	mit	nuc	0.56
SER	2, 52	568	LEU	9, 14	1538	mit	nuc	0.96
ASP	5, 40	1193	LEU	9, 14	1538	nuc	nuc	0.97
ARG	9, 12	1536	LEU	9, 14	1538	nuc	nuc	0.94
LEU	9, 13	1537	LEU	9, 14	1538	nuc	nuc	1
ASP	5, 40	1193	ALA	9, 15	1539	nuc	nuc	0.9
ARG	9, 12	1536	ALA	9, 15	1539	nuc	nuc	0.98
LEU	9, 13	1537	ALA	9, 15	1539	nuc	nuc	0.96
LEU	9, 14	1538	ALA	9, 15	1539	nuc	nuc	1
ARG	9, 12	1536	ARG	9, 16	1540	nuc	nuc	0.97
LEU	9, 13	1537	ARG	9, 16	1540	nuc	nuc	0.99
LEU	9, 14	1538	ARG	9, 16	1540	nuc	nuc	0.97
ALA	9, 15	1539	ARG	9, 16	1540	nuc	nuc	1
GLU	2, 48	564	ARG	9, 17	1541	mit	nuc	0.68
LEU	2, 50	566	ARG	9, 17	1541	mit	nuc	0.83
LEU	9, 13	1537	ARG	9, 17	1541	nuc	nuc	0.97
LEU	9, 14	1538	ARG	9, 17	1541	nuc	nuc	0.99
ALA	9, 15	1539	ARG	9, 17	1541	nuc	nuc	0.98
ARG	9, 16	1540	ARG	9, 17	1541	nuc	nuc	1
HIS	1, 329	329	MET	9, 18	1542	mit	nuc	0.86
LEU	9, 14	1538	MET	9, 18	1542	nuc	nuc	0.99
ALA	9, 15	1539	MET	9, 18	1542	nuc	nuc	0.99
ARG	9, 16	1540	MET	9, 18	1542	nuc	nuc	0.98
ARG	9, 17	1541	MET	9, 18	1542	nuc	nuc	1
ALA	9, 15	1539	LYS	9, 19	1543	nuc	nuc	0.98
ARG	9, 16	1540	LYS	9, 19	1543	nuc	nuc	0.99
ARG	9, 17	1541	LYS	9, 19	1543	nuc	nuc	0.96
MET	9, 18	1542	LYS	9, 19	1543	nuc	nuc	1
ARG	9, 16	1540	PHE	9, 20	1544	nuc	nuc	0.97
ARG	9, 17	1541	PHE	9, 20	1544	nuc	nuc	0.99
MET	9, 18	1542	PHE	9, 20	1544	nuc	nuc	0.99
LYS	9, 19	1543	PHE	9, 20	1544	nuc	nuc	1
LEU	2, 44	560	HIS	9, 21	1545	mit	nuc	0.97
ARG	9, 17	1541	HIS	9, 21	1545	nuc	nuc	0.99
MET	9, 18	1542	HIS	9, 21	1545	nuc	nuc	0.99
LYS	9, 19	1543	HIS	9, 21	1545	nuc	nuc	0.86
PHE	9, 20	1544	HIS	9, 21	1545	nuc	nuc	1
MET	9, 18	1542	LEU	9, 22	1546	nuc	nuc	0.99
LYS	9, 19	1543	LEU	9, 22	1546	nuc	nuc	1
PHE	9, 20	1544	LEU	9, 22	1546	nuc	nuc	0.99
HIS	9, 21	1545	LEU	9, 22	1546	nuc	nuc	1
LYS	9, 19	1543	PHE	9, 23	1547	nuc	nuc	0.93
PHE	9, 20	1544	PHE	9, 23	1547	nuc	nuc	0.99
HIS	9, 21	1545	PHE	9, 23	1547	nuc	nuc	0.98
LEU	9, 22	1546	PHE	9, 23	1547	nuc	nuc	1
TYR	2, 40	556	GLY	9, 24	1548	mit	nuc	0.68
PHE	9, 20	1544	GLY	9, 24	1548	nuc	nuc	0.93
HIS	9, 21	1545	GLY	9, 24	1548	nuc	nuc	1
LEU	9, 22	1546	GLY	9, 24	1548	nuc	nuc	1
PHE	9, 23	1547	GLY	9, 24	1548	nuc	nuc	1
LEU	2, 37	553	ALA	9, 25	1549	mit	nuc	0.98
TYR	2, 40	556	ALA	9, 25	1549	mit	nuc	0.99
LEU	2, 41	557	ALA	9, 25	1549	mit	nuc	0.98
LEU	2, 44	560	ALA	9, 25	1549	mit	nuc	0.81
HIS	9, 21	1545	ALA	9, 25	1549	nuc	nuc	0.99
LEU	9, 22	1546	ALA	9, 25	1549	nuc	nuc	1
PHE	9, 23	1547	ALA	9, 25	1549	nuc	nuc	0.99
GLY	9, 24	1548	ALA	9, 25	1549	nuc	nuc	1
LEU	2, 37	553	PHE	9, 26	1550	mit	nuc	0.87
LEU	9, 22	1546	PHE	9, 26	1550	nuc	nuc	0.98
PHE	9, 23	1547	PHE	9, 26	1550	nuc	nuc	1
GLY	9, 24	1548	PHE	9, 26	1550	nuc	nuc	1
ALA	9, 25	1549	PHE	9, 26	1550	nuc	nuc	1
PHE	9, 23	1547	LEU	9, 27	1551	nuc	nuc	0.98
GLY	9, 24	1548	LEU	9, 27	1551	nuc	nuc	1
ALA	9, 25	1549	LEU	9, 27	1551	nuc	nuc	0.99
PHE	9, 26	1550	LEU	9, 27	1551	nuc	nuc	1
SER	2, 36	552	VAL	9, 28	1552	mit	nuc	0.97
LEU	2, 37	553	VAL	9, 28	1552	mit	nuc	0.77
TYR	2, 40	556	VAL	9, 28	1552	mit	nuc	0.98
GLY	9, 24	1548	VAL	9, 28	1552	nuc	nuc	0.99
ALA	9, 25	1549	VAL	9, 28	1552	nuc	nuc	1
PHE	9, 26	1550	VAL	9, 28	1552	nuc	nuc	0.97
LEU	9, 27	1551	VAL	9, 28	1552	nuc	nuc	1
ALA	2, 33	549	SER	9, 29	1553	mit	nuc	0.99
ILE	2, 34	550	SER	9, 29	1553	mit	nuc	0.82
SER	2, 36	552	SER	9, 29	1553	mit	nuc	0.99
LEU	2, 37	553	SER	9, 29	1553	mit	nuc	0.99
TYR	2, 40	556	SER	9, 29	1553	mit	nuc	0.81
ALA	9, 25	1549	SER	9, 29	1553	nuc	nuc	0.99
PHE	9, 26	1550	SER	9, 29	1553	nuc	nuc	1
LEU	9, 27	1551	SER	9, 29	1553	nuc	nuc	0.99
VAL	9, 28	1552	SER	9, 29	1553	nuc	nuc	1
ALA	2, 33	549	LEU	9, 30	1554	mit	nuc	0.9
PHE	9, 26	1550	LEU	9, 30	1554	nuc	nuc	0.99
LEU	9, 27	1551	LEU	9, 30	1554	nuc	nuc	1
VAL	9, 28	1552	LEU	9, 30	1554	nuc	nuc	0.98
SER	9, 29	1553	LEU	9, 30	1554	nuc	nuc	1
LEU	9, 27	1551	GLY	9, 31	1555	nuc	nuc	0.98
VAL	9, 28	1552	GLY	9, 31	1555	nuc	nuc	1
SER	9, 29	1553	GLY	9, 31	1555	nuc	nuc	1
LEU	9, 30	1554	GLY	9, 31	1555	nuc	nuc	1
LEU	2, 32	548	CYS	9, 32	1556	mit	nuc	0.98
ALA	2, 33	549	CYS	9, 32	1556	mit	nuc	0.97
SER	2, 36	552	CYS	9, 32	1556	mit	nuc	0.99
VAL	9, 28	1552	CYS	9, 32	1556	nuc	nuc	0.99
SER	9, 29	1553	CYS	9, 32	1556	nuc	nuc	1
LEU	9, 30	1554	CYS	9, 32	1556	nuc	nuc	0.98
GLY	9, 31	1555	CYS	9, 32	1556	nuc	nuc	1
MET	2, 29	545	ALA	9, 33	1557	mit	nuc	0.99
VAL	2, 30	546	ALA	9, 33	1557	mit	nuc	0.84
LEU	2, 32	548	ALA	9, 33	1557	mit	nuc	0.95
ALA	2, 33	549	ALA	9, 33	1557	mit	nuc	0.99
SER	9, 29	1553	ALA	9, 33	1557	nuc	nuc	0.99
LEU	9, 30	1554	ALA	9, 33	1557	nuc	nuc	1
GLY	9, 31	1555	ALA	9, 33	1557	nuc	nuc	1
CYS	9, 32	1556	ALA	9, 33	1557	nuc	nuc	1
LEU	9, 30	1554	ALA	9, 34	1558	nuc	nuc	0.99
GLY	9, 31	1555	ALA	9, 34	1558	nuc	nuc	1
CYS	9, 32	1556	ALA	9, 34	1558	nuc	nuc	0.99
ALA	9, 33	1557	ALA	9, 34	1558	nuc	nuc	1
GLY	9, 31	1555	LEU	9, 35	1559	nuc	nuc	0.99
CYS	9, 32	1556	LEU	9, 35	1559	nuc	nuc	1
ALA	9, 33	1557	LEU	9, 35	1559	nuc	nuc	0.99
ALA	9, 34	1558	LEU	9, 35	1559	nuc	nuc	1
ASP	2, 25	541	TYR	9, 36	1560	mit	nuc	0.51
LEU	2, 28	544	TYR	9, 36	1560	mit	nuc	0.93
MET	2, 29	545	TYR	9, 36	1560	mit	nuc	0.99
LEU	2, 32	548	TYR	9, 36	1560	mit	nuc	0.98
CYS	9, 32	1556	TYR	9, 36	1560	nuc	nuc	0.99
ALA	9, 33	1557	TYR	9, 36	1560	nuc	nuc	1
ALA	9, 34	1558	TYR	9, 36	1560	nuc	nuc	0.98
LEU	9, 35	1559	TYR	9, 36	1560	nuc	nuc	1
MET	2, 29	545	LYS	9, 37	1561	mit	nuc	0.98
ALA	9, 33	1557	LYS	9, 37	1561	nuc	nuc	0.99
ALA	9, 34	1558	LYS	9, 37	1561	nuc	nuc	0.99
LEU	9, 35	1559	LYS	9, 37	1561	nuc	nuc	0.98
TYR	9, 36	1560	LYS	9, 37	1561	nuc	nuc	1
ALA	9, 34	1558	PHE	9, 38	1562	nuc	nuc	0.98
LEU	9, 35	1559	PHE	9, 38	1562	nuc	nuc	0.99
TYR	9, 36	1560	PHE	9, 38	1562	nuc	nuc	0.67
LYS	9, 37	1561	PHE	9, 38	1562	nuc	nuc	1
LEU	9, 35	1559	GLY	9, 39	1563	nuc	nuc	0.99
TYR	9, 36	1560	GLY	9, 39	1563	nuc	nuc	0.99
LYS	9, 37	1561	GLY	9, 39	1563	nuc	nuc	1
PHE	9, 38	1562	GLY	9, 39	1563	nuc	nuc	1
ASP	2, 25	541	VAL	9, 40	1564	mit	nuc	0.89
TYR	9, 36	1560	VAL	9, 40	1564	nuc	nuc	0.99
LYS	9, 37	1561	VAL	9, 40	1564	nuc	nuc	0.76
GLY	9, 39	1563	VAL	9, 40	1564	nuc	nuc	1
GLU	2, 22	538	ALA	9, 41	1565	mit	nuc	0.62
ASP	2, 25	541	ALA	9, 41	1565	mit	nuc	0.99
HIS	2, 26	542	ALA	9, 41	1565	mit	nuc	0.81
MET	2, 29	545	ALA	9, 41	1565	mit	nuc	0.94
TYR	9, 36	1560	ALA	9, 41	1565	nuc	nuc	0.98
LYS	9, 37	1561	ALA	9, 41	1565	nuc	nuc	0.99
PHE	9, 38	1562	ALA	9, 41	1565	nuc	nuc	0.74
GLY	9, 39	1563	ALA	9, 41	1565	nuc	nuc	0.99
VAL	9, 40	1564	ALA	9, 41	1565	nuc	nuc	1
LYS	9, 37	1561	GLU	9, 42	1566	nuc	nuc	0.97
PHE	9, 38	1562	GLU	9, 42	1566	nuc	nuc	0.98
GLY	9, 39	1563	GLU	9, 42	1566	nuc	nuc	0.98
VAL	9, 40	1564	GLU	9, 42	1566	nuc	nuc	0.58
ALA	9, 41	1565	GLU	9, 42	1566	nuc	nuc	1
GLY	9, 39	1563	PRO	9, 43	1567	nuc	nuc	0.98
VAL	9, 40	1564	PRO	9, 43	1567	nuc	nuc	0.98
ALA	9, 41	1565	PRO	9, 43	1567	nuc	nuc	0.97
GLU	9, 42	1566	PRO	9, 43	1567	nuc	nuc	1
VAL	2, 21	537	ARG	9, 44	1568	mit	nuc	0.87
ASP	2, 25	541	ARG	9, 44	1568	mit	nuc	0.94
GLU	4, 134	1138	ARG	9, 44	1568	nuc	nuc	0.91
VAL	9, 40	1564	ARG	9, 44	1568	nuc	nuc	0.97
ALA	9, 41	1565	ARG	9, 44	1568	nuc	nuc	0.99
GLU	9, 42	1566	ARG	9, 44	1568	nuc	nuc	0.99
PRO	9, 43	1567	ARG	9, 44	1568	nuc	nuc	1
GLU	2, 22	538	LYS	9, 45	1569	mit	nuc	0.94
ALA	9, 41	1565	LYS	9, 45	1569	nuc	nuc	0.97
GLU	9, 42	1566	LYS	9, 45	1569	nuc	nuc	0.99
PRO	9, 43	1567	LYS	9, 45	1569	nuc	nuc	0.98
ARG	9, 44	1568	LYS	9, 45	1569	nuc	nuc	1
GLU	9, 42	1566	ARG	9, 46	1570	nuc	nuc	0.99
PRO	9, 43	1567	ARG	9, 46	1570	nuc	nuc	1
ARG	9, 44	1568	ARG	9, 46	1570	nuc	nuc	0.99
LYS	9, 45	1569	ARG	9, 46	1570	nuc	nuc	1
VAL	4, 133	1137	ALA	9, 47	1571	nuc	nuc	0.97
GLU	4, 134	1138	ALA	9, 47	1571	nuc	nuc	0.97
ALA	4, 138	1142	ALA	9, 47	1571	nuc	nuc	0.51
PRO	9, 43	1567	ALA	9, 47	1571	nuc	nuc	0.99
ARG	9, 44	1568	ALA	9, 47	1571	nuc	nuc	1
LYS	9, 45	1569	ALA	9, 47	1571	nuc	nuc	0.99
ARG	9, 46	1570	ALA	9, 47	1571	nuc	nuc	1
ALA	2, 12	528	TYR	9, 48	1572	mit	nuc	0.81
GLU	2, 18	534	TYR	9, 48	1572	mit	nuc	0.96
VAL	4, 133	1137	TYR	9, 48	1572	nuc	nuc	0.96
ARG	9, 44	1568	TYR	9, 48	1572	nuc	nuc	0.98
LYS	9, 45	1569	TYR	9, 48	1572	nuc	nuc	1
ARG	9, 46	1570	TYR	9, 48	1572	nuc	nuc	0.98
ALA	9, 47	1571	TYR	9, 48	1572	nuc	nuc	1
LYS	9, 45	1569	ALA	9, 49	1573	nuc	nuc	0.99
ARG	9, 46	1570	ALA	9, 49	1573	nuc	nuc	1
ALA	9, 47	1571	ALA	9, 49	1573	nuc	nuc	0.98
TYR	9, 48	1572	ALA	9, 49	1573	nuc	nuc	1
ARG	9, 46	1570	GLU	9, 50	1574	nuc	nuc	0.99
ALA	9, 47	1571	GLU	9, 50	1574	nuc	nuc	0.99
TYR	9, 48	1572	GLU	9, 50	1574	nuc	nuc	0.95
ALA	9, 49	1573	GLU	9, 50	1574	nuc	nuc	1
PRO	4, 132	1136	PHE	9, 51	1575	nuc	nuc	0.85
VAL	4, 133	1137	PHE	9, 51	1575	nuc	nuc	0.95
ALA	9, 47	1571	PHE	9, 51	1575	nuc	nuc	0.98
TYR	9, 48	1572	PHE	9, 51	1575	nuc	nuc	0.99
ALA	9, 49	1573	PHE	9, 51	1575	nuc	nuc	0.98
GLU	9, 50	1574	PHE	9, 51	1575	nuc	nuc	1
THR	2, 186	702	TYR	9, 52	1576	mit	nuc	0.53
TYR	9, 48	1572	TYR	9, 52	1576	nuc	nuc	0.98
ALA	9, 49	1573	TYR	9, 52	1576	nuc	nuc	0.98
GLU	9, 50	1574	TYR	9, 52	1576	nuc	nuc	0.72
PHE	9, 51	1575	TYR	9, 52	1576	nuc	nuc	1
ALA	9, 49	1573	LYS	9, 53	1577	nuc	nuc	0.95
GLU	9, 50	1574	LYS	9, 53	1577	nuc	nuc	0.98
PHE	9, 51	1575	LYS	9, 53	1577	nuc	nuc	0.96
TYR	9, 52	1576	LYS	9, 53	1577	nuc	nuc	1
LYS	9, 53	1577	ASN	9, 54	1578	nuc	nuc	1
ARG	2, 187	703	TYR	9, 55	1579	mit	nuc	0.55
PHE	9, 51	1575	TYR	9, 55	1579	nuc	nuc	0.96
TYR	9, 52	1576	TYR	9, 55	1579	nuc	nuc	0.98
LYS	9, 53	1577	TYR	9, 55	1579	nuc	nuc	0.95
ASN	9, 54	1578	TYR	9, 55	1579	nuc	nuc	1
ASN	9, 54	1578	ASP	9, 56	1580	nuc	nuc	0.81
TYR	9, 55	1579	ASP	9, 56	1580	nuc	nuc	1
MET	2, 145	661	PRO	9, 57	1581	mit	nuc	0.91
GLU	2, 146	662	PRO	9, 57	1581	mit	nuc	0.73
THR	2, 186	702	PRO	9, 57	1581	mit	nuc	0.54
ARG	2, 187	703	PRO	9, 57	1581	mit	nuc	0.9
PRO	2, 188	704	PRO	9, 57	1581	mit	nuc	0.95
TYR	9, 55	1579	PRO	9, 57	1581	nuc	nuc	0.98
ASP	9, 56	1580	PRO	9, 57	1581	nuc	nuc	1
PRO	2, 214	730	MET	9, 58	1582	mit	nuc	0.78
ASP	9, 56	1580	MET	9, 58	1582	nuc	nuc	0.99
PRO	9, 57	1581	MET	9, 58	1582	nuc	nuc	1
ASP	9, 56	1580	LYS	9, 59	1583	nuc	nuc	0.99
PRO	9, 57	1581	LYS	9, 59	1583	nuc	nuc	0.94
MET	9, 58	1582	LYS	9, 59	1583	nuc	nuc	1
ARG	2, 187	703	ASP	9, 60	1584	mit	nuc	0.85
PRO	2, 188	704	ASP	9, 60	1584	mit	nuc	0.96
ARG	4, 129	1133	ASP	9, 60	1584	nuc	nuc	0.93
TYR	9, 55	1579	ASP	9, 60	1584	nuc	nuc	0.8
ASP	9, 56	1580	ASP	9, 60	1584	nuc	nuc	0.95
PRO	9, 57	1581	ASP	9, 60	1584	nuc	nuc	0.99
MET	9, 58	1582	ASP	9, 60	1584	nuc	nuc	0.97
LYS	9, 59	1583	ASP	9, 60	1584	nuc	nuc	1
PRO	2, 188	704	PHE	9, 61	1585	mit	nuc	0.98
THR	2, 213	729	PHE	9, 61	1585	mit	nuc	0.84
PRO	2, 214	730	PHE	9, 61	1585	mit	nuc	0.95
PRO	9, 57	1581	PHE	9, 61	1585	nuc	nuc	0.98
MET	9, 58	1582	PHE	9, 61	1585	nuc	nuc	0.99
LYS	9, 59	1583	PHE	9, 61	1585	nuc	nuc	0.99
ASP	9, 60	1584	PHE	9, 61	1585	nuc	nuc	1
MET	9, 58	1582	GLU	9, 62	1586	nuc	nuc	0.97
LYS	9, 59	1583	GLU	9, 62	1586	nuc	nuc	0.99
ASP	9, 60	1584	GLU	9, 62	1586	nuc	nuc	0.97
PHE	9, 61	1585	GLU	9, 62	1586	nuc	nuc	1
LYS	9, 59	1583	ALA	9, 63	1587	nuc	nuc	0.98
ASP	9, 60	1584	ALA	9, 63	1587	nuc	nuc	1
PHE	9, 61	1585	ALA	9, 63	1587	nuc	nuc	0.98
GLU	9, 62	1586	ALA	9, 63	1587	nuc	nuc	1
PRO	2, 188	704	MET	9, 64	1588	mit	nuc	0.92
GLY	2, 189	705	MET	9, 64	1588	mit	nuc	0.97
ASP	4, 127	1131	MET	9, 64	1588	nuc	nuc	0.93
MET	4, 128	1132	MET	9, 64	1588	nuc	nuc	0.95
ARG	4, 129	1133	MET	9, 64	1588	nuc	nuc	0.91
ASP	9, 60	1584	MET	9, 64	1588	nuc	nuc	0.99
PHE	9, 61	1585	MET	9, 64	1588	nuc	nuc	1
GLU	9, 62	1586	MET	9, 64	1588	nuc	nuc	0.97
ALA	9, 63	1587	MET	9, 64	1588	nuc	nuc	1
PHE	9, 61	1585	ARG	9, 65	1589	nuc	nuc	0.99
GLU	9, 62	1586	ARG	9, 65	1589	nuc	nuc	0.99
ALA	9, 63	1587	ARG	9, 65	1589	nuc	nuc	0.98
MET	9, 64	1588	ARG	9, 65	1589	nuc	nuc	1
GLU	9, 62	1586	ALA	9, 66	1590	nuc	nuc	0.97
ALA	9, 63	1587	ALA	9, 66	1590	nuc	nuc	0.99
MET	9, 64	1588	ALA	9, 66	1590	nuc	nuc	0.98
ARG	9, 65	1589	ALA	9, 66	1590	nuc	nuc	1
ASP	4, 127	1131	ALA	9, 67	1591	nuc	nuc	0.99
MET	4, 128	1132	ALA	9, 67	1591	nuc	nuc	0.55
ALA	9, 63	1587	ALA	9, 67	1591	nuc	nuc	0.95
MET	9, 64	1588	ALA	9, 67	1591	nuc	nuc	0.99
ARG	9, 65	1589	ALA	9, 67	1591	nuc	nuc	0.98
ALA	9, 66	1590	ALA	9, 67	1591	nuc	nuc	1
ASP	4, 127	1131	GLY	9, 68	1592	nuc	nuc	0.75
MET	9, 64	1588	GLY	9, 68	1592	nuc	nuc	0.9
ARG	9, 65	1589	GLY	9, 68	1592	nuc	nuc	0.97
ALA	9, 66	1590	GLY	9, 68	1592	nuc	nuc	0.99
ALA	9, 67	1591	GLY	9, 68	1592	nuc	nuc	1
GLY	2, 189	705	VAL	9, 69	1593	mit	nuc	0.74
VAL	2, 190	706	VAL	9, 69	1593	mit	nuc	0.94
ARG	4, 124	1128	VAL	9, 69	1593	nuc	nuc	0.64
ASP	4, 127	1131	VAL	9, 69	1593	nuc	nuc	0.95
MET	4, 128	1132	VAL	9, 69	1593	nuc	nuc	0.98
MET	9, 64	1588	VAL	9, 69	1593	nuc	nuc	0.97
ARG	9, 65	1589	VAL	9, 69	1593	nuc	nuc	0.66
ALA	9, 67	1591	VAL	9, 69	1593	nuc	nuc	0.99
GLY	9, 68	1592	VAL	9, 69	1593	nuc	nuc	1
GLY	2, 189	705	PHE	9, 70	1594	mit	nuc	0.57
VAL	2, 190	706	PHE	9, 70	1594	mit	nuc	0.68
GLU	2, 211	727	PHE	9, 70	1594	mit	nuc	0.97
THR	2, 213	729	PHE	9, 70	1594	mit	nuc	0.92
MET	9, 64	1588	PHE	9, 70	1594	nuc	nuc	0.93
ARG	9, 65	1589	PHE	9, 70	1594	nuc	nuc	0.94
GLY	9, 68	1592	PHE	9, 70	1594	nuc	nuc	0.99
VAL	9, 69	1593	PHE	9, 70	1594	nuc	nuc	1
ARG	2, 140	656	GLU	9, 71	1595	mit	nuc	0.94
VAL	2, 142	658	GLU	9, 71	1595	mit	nuc	0.66
GLU	2, 211	727	GLU	9, 71	1595	mit	nuc	0.89
PHE	9, 70	1594	GLU	9, 71	1595	nuc	nuc	1
VAL	2, 142	658	SER	9, 72	1596	mit	nuc	0.96
GLU	2, 211	727	SER	9, 72	1596	mit	nuc	0.86
THR	2, 213	729	SER	9, 72	1596	mit	nuc	0.92
HIS	2, 217	733	SER	9, 72	1596	mit	nuc	0.93
PHE	2, 218	734	SER	9, 72	1596	mit	nuc	0.74
ALA	2, 220	736	SER	9, 72	1596	mit	nuc	0.63
TRP	2, 221	737	SER	9, 72	1596	mit	nuc	0.95
PHE	9, 70	1594	SER	9, 72	1596	nuc	nuc	0.99
GLU	9, 71	1595	SER	9, 72	1596	nuc	nuc	1
THR	2, 213	729	ALA	9, 73	1597	mit	nuc	0.87
HIS	2, 217	733	ALA	9, 73	1597	mit	nuc	0.93
ARG	9, 65	1589	ALA	9, 73	1597	nuc	nuc	0.9
PHE	9, 70	1594	ALA	9, 73	1597	nuc	nuc	0.94
GLU	9, 71	1595	ALA	9, 73	1597	nuc	nuc	0.54
SER	9, 72	1596	ALA	9, 73	1597	nuc	nuc	1
ARG	9, 65	1589	PRO	9, 74	1598	nuc	nuc	0.55
GLY	9, 68	1592	PRO	9, 74	1598	nuc	nuc	0.68
PHE	9, 70	1594	PRO	9, 74	1598	nuc	nuc	0.7
ALA	9, 73	1597	PRO	9, 74	1598	nuc	nuc	1
ARG	9, 65	1589	PRO	9, 75	1599	nuc	nuc	0.87
ALA	9, 66	1590	PRO	9, 75	1599	nuc	nuc	0.77
GLY	9, 68	1592	PRO	9, 75	1599	nuc	nuc	0.84
ALA	9, 73	1597	PRO	9, 75	1599	nuc	nuc	0.51
PRO	9, 74	1598	PRO	9, 75	1599	nuc	nuc	1
ALA	9, 66	1590	LYS	9, 76	1600	nuc	nuc	0.51
PRO	9, 74	1598	LYS	9, 76	1600	nuc	nuc	0.71
PRO	9, 75	1599	LYS	9, 76	1600	nuc	nuc	1
LEU	10, 1	1601	GLU	10, 2	1602	nuc	nuc	1
PHE	3, 225	968	ASN	10, 3	1603	mit	nuc	0.95
ALA	6, 7	1269	ASN	10, 3	1603	nuc	nuc	0.79
GLU	10, 2	1602	ASN	10, 3	1603	nuc	nuc	1
LYS	3, 224	967	ARG	10, 4	1604	mit	nuc	0.69
GLU	10, 2	1602	ARG	10, 4	1604	nuc	nuc	0.93
ASN	10, 3	1603	ARG	10, 4	1604	nuc	nuc	1
THR	3, 66	809	VAL	10, 5	1605	mit	nuc	0.9
PHE	3, 67	810	VAL	10, 5	1605	mit	nuc	0.78
LYS	3, 224	967	VAL	10, 5	1605	mit	nuc	0.75
PHE	3, 225	968	VAL	10, 5	1605	mit	nuc	0.94
HIS	3, 226	969	VAL	10, 5	1605	mit	nuc	0.91
ALA	6, 7	1269	VAL	10, 5	1605	nuc	nuc	0.64
GLN	6, 12	1274	VAL	10, 5	1605	nuc	nuc	0.93
ASN	10, 3	1603	VAL	10, 5	1605	nuc	nuc	0.99
ARG	10, 4	1604	VAL	10, 5	1605	nuc	nuc	1
GLN	6, 12	1274	PRO	10, 6	1606	nuc	nuc	0.71
ASN	10, 3	1603	PRO	10, 6	1606	nuc	nuc	0.84
ARG	10, 4	1604	PRO	10, 6	1606	nuc	nuc	0.94
VAL	10, 5	1605	PRO	10, 6	1606	nuc	nuc	1
ARG	10, 4	1604	GLU	10, 7	1607	nuc	nuc	0.95
VAL	10, 5	1605	GLU	10, 7	1607	nuc	nuc	0.98
PRO	10, 6	1606	GLU	10, 7	1607	nuc	nuc	1
PHE	3, 67	810	LYS	10, 8	1608	mit	nuc	0.97
ARG	10, 4	1604	LYS	10, 8	1608	nuc	nuc	0.94
VAL	10, 5	1605	LYS	10, 8	1608	nuc	nuc	0.99
PRO	10, 6	1606	LYS	10, 8	1608	nuc	nuc	0.96
GLU	10, 7	1607	LYS	10, 8	1608	nuc	nuc	1
PHE	3, 67	810	GLN	10, 9	1609	mit	nuc	0.99
GLN	3, 68	811	GLN	10, 9	1609	mit	nuc	0.61
THR	6, 14	1276	GLN	10, 9	1609	nuc	nuc	0.98
VAL	10, 5	1605	GLN	10, 9	1609	nuc	nuc	0.99
PRO	10, 6	1606	GLN	10, 9	1609	nuc	nuc	0.99
GLU	10, 7	1607	GLN	10, 9	1609	nuc	nuc	0.99
LYS	10, 8	1608	GLN	10, 9	1609	nuc	nuc	1
PRO	10, 6	1606	LYS	10, 10	1610	nuc	nuc	0.94
GLU	10, 7	1607	LYS	10, 10	1610	nuc	nuc	0.99
LYS	10, 8	1608	LYS	10, 10	1610	nuc	nuc	0.98
GLN	10, 9	1609	LYS	10, 10	1610	nuc	nuc	1
PHE	3, 67	810	LEU	10, 11	1611	mit	nuc	0.63
GLU	10, 7	1607	LEU	10, 11	1611	nuc	nuc	0.96
LYS	10, 8	1608	LEU	10, 11	1611	nuc	nuc	0.99
GLN	10, 9	1609	LEU	10, 11	1611	nuc	nuc	0.98
LYS	10, 10	1610	LEU	10, 11	1611	nuc	nuc	1
ARG	3, 63	806	PHE	10, 12	1612	mit	nuc	0.96
PHE	3, 67	810	PHE	10, 12	1612	mit	nuc	0.99
GLN	3, 68	811	PHE	10, 12	1612	mit	nuc	0.98
LYS	10, 8	1608	PHE	10, 12	1612	nuc	nuc	0.97
GLN	10, 9	1609	PHE	10, 12	1612	nuc	nuc	0.99
LYS	10, 10	1610	PHE	10, 12	1612	nuc	nuc	0.76
LEU	10, 11	1611	PHE	10, 12	1612	nuc	nuc	1
PHE	3, 67	810	GLN	10, 13	1613	mit	nuc	0.77
GLN	3, 68	811	GLN	10, 13	1613	mit	nuc	0.96
THR	6, 14	1276	GLN	10, 13	1613	nuc	nuc	0.83
GLY	6, 15	1277	GLN	10, 13	1613	nuc	nuc	0.73
GLN	10, 9	1609	GLN	10, 13	1613	nuc	nuc	0.98
LYS	10, 10	1610	GLN	10, 13	1613	nuc	nuc	0.99
LEU	10, 11	1611	GLN	10, 13	1613	nuc	nuc	0.88
PHE	10, 12	1612	GLN	10, 13	1613	nuc	nuc	1
LYS	10, 10	1610	GLU	10, 14	1614	nuc	nuc	0.91
LEU	10, 11	1611	GLU	10, 14	1614	nuc	nuc	0.97
PHE	10, 12	1612	GLU	10, 14	1614	nuc	nuc	0.95
GLN	10, 13	1613	GLU	10, 14	1614	nuc	nuc	1
GLN	10, 13	1613	ASP	10, 15	1615	nuc	nuc	0.57
GLU	10, 14	1614	ASP	10, 15	1615	nuc	nuc	1
GLU	10, 14	1614	ASN	10, 16	1616	nuc	nuc	0.96
ASP	10, 15	1615	ASN	10, 16	1616	nuc	nuc	1
ASP	10, 15	1615	GLY	10, 17	1617	nuc	nuc	0.98
ASN	10, 16	1616	GLY	10, 17	1617	nuc	nuc	1
ASN	10, 16	1616	LEU	10, 18	1618	nuc	nuc	0.97
GLY	10, 17	1617	LEU	10, 18	1618	nuc	nuc	1
ASP	3, 12	755	PRO	10, 19	1619	mit	nuc	0.98
PRO	3, 13	756	PRO	10, 19	1619	mit	nuc	0.92
GLY	10, 17	1617	PRO	10, 19	1619	nuc	nuc	0.91
LEU	10, 18	1618	PRO	10, 19	1619	nuc	nuc	1
ASP	3, 12	755	VAL	10, 20	1620	mit	nuc	0.96
ASP	3, 60	803	VAL	10, 20	1620	mit	nuc	0.98
ARG	3, 63	806	VAL	10, 20	1620	mit	nuc	0.96
GLU	3, 64	807	VAL	10, 20	1620	mit	nuc	0.95
GLN	3, 68	811	VAL	10, 20	1620	mit	nuc	0.79
PHE	10, 12	1612	VAL	10, 20	1620	nuc	nuc	0.79
PRO	10, 19	1619	VAL	10, 20	1620	nuc	nuc	1
SER	3, 14	757	TYR	10, 21	1621	mit	nuc	0.95
PRO	3, 15	758	TYR	10, 21	1621	mit	nuc	0.93
TRP	3, 16	759	TYR	10, 21	1621	mit	nuc	0.83
GLN	3, 56	799	TYR	10, 21	1621	mit	nuc	0.87
ASP	3, 60	803	TYR	10, 21	1621	mit	nuc	0.96
PRO	10, 19	1619	TYR	10, 21	1621	nuc	nuc	0.99
VAL	10, 20	1620	TYR	10, 21	1621	nuc	nuc	1
LEU	10, 18	1618	LEU	10, 22	1622	nuc	nuc	0.97
PRO	10, 19	1619	LEU	10, 22	1622	nuc	nuc	0.98
VAL	10, 20	1620	LEU	10, 22	1622	nuc	nuc	0.88
TYR	10, 21	1621	LEU	10, 22	1622	nuc	nuc	1
ARG	3, 63	806	LYS	10, 23	1623	mit	nuc	0.69
LEU	10, 11	1611	LYS	10, 23	1623	nuc	nuc	0.73
PHE	10, 12	1612	LYS	10, 23	1623	nuc	nuc	0.97
GLU	10, 14	1614	LYS	10, 23	1623	nuc	nuc	0.57
ASN	10, 16	1616	LYS	10, 23	1623	nuc	nuc	0.74
LEU	10, 18	1618	LYS	10, 23	1623	nuc	nuc	0.96
PRO	10, 19	1619	LYS	10, 23	1623	nuc	nuc	0.93
VAL	10, 20	1620	LYS	10, 23	1623	nuc	nuc	0.98
TYR	10, 21	1621	LYS	10, 23	1623	nuc	nuc	0.86
LEU	10, 22	1622	LYS	10, 23	1623	nuc	nuc	1
LEU	10, 11	1611	GLY	10, 24	1624	nuc	nuc	0.87
PHE	10, 12	1612	GLY	10, 24	1624	nuc	nuc	0.84
LEU	10, 22	1622	GLY	10, 24	1624	nuc	nuc	0.98
LYS	10, 23	1623	GLY	10, 24	1624	nuc	nuc	1
LEU	10, 22	1622	GLY	10, 25	1625	nuc	nuc	0.81
LYS	10, 23	1623	GLY	10, 25	1625	nuc	nuc	0.97
GLY	10, 24	1624	GLY	10, 25	1625	nuc	nuc	1
GLY	10, 25	1625	ILE	10, 26	1626	nuc	nuc	1
GLY	10, 24	1624	MET	10, 27	1627	nuc	nuc	0.83
GLY	10, 25	1625	MET	10, 27	1627	nuc	nuc	0.99
ILE	10, 26	1626	MET	10, 27	1627	nuc	nuc	1
TYR	10, 21	1621	ASP	10, 28	1628	nuc	nuc	0.92
LEU	10, 22	1622	ASP	10, 28	1628	nuc	nuc	0.97
LYS	10, 23	1623	ASP	10, 28	1628	nuc	nuc	0.86
GLY	10, 24	1624	ASP	10, 28	1628	nuc	nuc	0.98
GLY	10, 25	1625	ASP	10, 28	1628	nuc	nuc	0.99
ILE	10, 26	1626	ASP	10, 28	1628	nuc	nuc	0.97
MET	10, 27	1627	ASP	10, 28	1628	nuc	nuc	1
LEU	10, 22	1622	GLY	10, 29	1629	nuc	nuc	0.97
GLY	10, 25	1625	GLY	10, 29	1629	nuc	nuc	0.91
ILE	10, 26	1626	GLY	10, 29	1629	nuc	nuc	0.98
MET	10, 27	1627	GLY	10, 29	1629	nuc	nuc	1
ASP	10, 28	1628	GLY	10, 29	1629	nuc	nuc	1
ILE	10, 26	1626	LEU	10, 30	1630	nuc	nuc	0.95
MET	10, 27	1627	LEU	10, 30	1630	nuc	nuc	0.99
ASP	10, 28	1628	LEU	10, 30	1630	nuc	nuc	0.97
GLY	10, 29	1629	LEU	10, 30	1630	nuc	nuc	1
LEU	3, 52	795	LEU	10, 31	1631	mit	nuc	0.91
GLN	3, 56	799	LEU	10, 31	1631	mit	nuc	0.96
MET	10, 27	1627	LEU	10, 31	1631	nuc	nuc	0.98
ASP	10, 28	1628	LEU	10, 31	1631	nuc	nuc	0.99
GLY	10, 29	1629	LEU	10, 31	1631	nuc	nuc	1
LEU	10, 30	1630	LEU	10, 31	1631	nuc	nuc	1
PRO	3, 15	758	TYR	10, 32	1632	mit	nuc	0.92
GLN	3, 56	799	TYR	10, 32	1632	mit	nuc	0.72
TYR	10, 21	1621	TYR	10, 32	1632	nuc	nuc	0.94
LEU	10, 22	1622	TYR	10, 32	1632	nuc	nuc	0.93
ASP	10, 28	1628	TYR	10, 32	1632	nuc	nuc	0.99
GLY	10, 29	1629	TYR	10, 32	1632	nuc	nuc	1
LEU	10, 30	1630	TYR	10, 32	1632	nuc	nuc	0.99
LEU	10, 31	1631	TYR	10, 32	1632	nuc	nuc	1
GLY	10, 29	1629	ARG	10, 33	1633	nuc	nuc	0.99
LEU	10, 30	1630	ARG	10, 33	1633	nuc	nuc	1
LEU	10, 31	1631	ARG	10, 33	1633	nuc	nuc	0.96
TYR	10, 32	1632	ARG	10, 33	1633	nuc	nuc	1
LEU	3, 52	795	VAL	10, 34	1634	mit	nuc	0.84
LEU	10, 30	1630	VAL	10, 34	1634	nuc	nuc	0.99
LEU	10, 31	1631	VAL	10, 34	1634	nuc	nuc	1
TYR	10, 32	1632	VAL	10, 34	1634	nuc	nuc	0.99
ARG	10, 33	1633	VAL	10, 34	1634	nuc	nuc	1
PHE	3, 19	762	THR	10, 35	1635	mit	nuc	0.99
SER	3, 49	792	THR	10, 35	1635	mit	nuc	0.97
LEU	3, 52	795	THR	10, 35	1635	mit	nuc	0.99
VAL	3, 53	796	THR	10, 35	1635	mit	nuc	0.97
GLN	3, 56	799	THR	10, 35	1635	mit	nuc	0.93
LEU	10, 31	1631	THR	10, 35	1635	nuc	nuc	0.99
TYR	10, 32	1632	THR	10, 35	1635	nuc	nuc	1
ARG	10, 33	1633	THR	10, 35	1635	nuc	nuc	0.98
VAL	10, 34	1634	THR	10, 35	1635	nuc	nuc	1
PRO	3, 15	758	MET	10, 36	1636	mit	nuc	0.82
PHE	3, 19	762	MET	10, 36	1636	mit	nuc	0.96
TYR	10, 32	1632	MET	10, 36	1636	nuc	nuc	1
ARG	10, 33	1633	MET	10, 36	1636	nuc	nuc	1
VAL	10, 34	1634	MET	10, 36	1636	nuc	nuc	0.99
THR	10, 35	1635	MET	10, 36	1636	nuc	nuc	1
ARG	10, 33	1633	GLY	10, 37	1637	nuc	nuc	0.99
VAL	10, 34	1634	GLY	10, 37	1637	nuc	nuc	1
THR	10, 35	1635	GLY	10, 37	1637	nuc	nuc	1
MET	10, 36	1636	GLY	10, 37	1637	nuc	nuc	1
MET	3, 45	788	LEU	10, 38	1638	mit	nuc	0.98
LEU	3, 48	791	LEU	10, 38	1638	mit	nuc	0.91
SER	3, 49	792	LEU	10, 38	1638	mit	nuc	0.99
LEU	3, 52	795	LEU	10, 38	1638	mit	nuc	0.75
VAL	10, 34	1634	LEU	10, 38	1638	nuc	nuc	0.99
THR	10, 35	1635	LEU	10, 38	1638	nuc	nuc	1
MET	10, 36	1636	LEU	10, 38	1638	nuc	nuc	0.98
GLY	10, 37	1637	LEU	10, 38	1638	nuc	nuc	1
PHE	3, 19	762	THR	10, 39	1639	mit	nuc	0.99
GLY	3, 20	763	THR	10, 39	1639	mit	nuc	0.77
ALA	3, 22	765	THR	10, 39	1639	mit	nuc	0.99
ALA	3, 23	766	THR	10, 39	1639	mit	nuc	0.97
LEU	3, 26	769	THR	10, 39	1639	mit	nuc	0.85
SER	3, 49	792	THR	10, 39	1639	mit	nuc	0.99
THR	10, 35	1635	THR	10, 39	1639	nuc	nuc	1
MET	10, 36	1636	THR	10, 39	1639	nuc	nuc	1
GLY	10, 37	1637	THR	10, 39	1639	nuc	nuc	1
LEU	10, 38	1638	THR	10, 39	1639	nuc	nuc	1
ALA	3, 22	765	VAL	10, 40	1640	mit	nuc	0.72
MET	10, 36	1636	VAL	10, 40	1640	nuc	nuc	0.99
GLY	10, 37	1637	VAL	10, 40	1640	nuc	nuc	1
LEU	10, 38	1638	VAL	10, 40	1640	nuc	nuc	0.91
THR	10, 39	1639	VAL	10, 40	1640	nuc	nuc	1
GLY	10, 37	1637	PHE	10, 41	1641	nuc	nuc	1
LEU	10, 38	1638	PHE	10, 41	1641	nuc	nuc	1
THR	10, 39	1639	PHE	10, 41	1641	nuc	nuc	0.97
VAL	10, 40	1640	PHE	10, 41	1641	nuc	nuc	1
ALA	3, 22	765	GLY	10, 42	1642	mit	nuc	0.77
LEU	3, 26	769	GLY	10, 42	1642	mit	nuc	0.99
LEU	3, 42	785	GLY	10, 42	1642	mit	nuc	0.8
MET	3, 45	788	GLY	10, 42	1642	mit	nuc	0.98
LEU	10, 38	1638	GLY	10, 42	1642	nuc	nuc	0.99
THR	10, 39	1639	GLY	10, 42	1642	nuc	nuc	1
VAL	10, 40	1640	GLY	10, 42	1642	nuc	nuc	1
PHE	10, 41	1641	GLY	10, 42	1642	nuc	nuc	1
ALA	3, 22	765	THR	10, 43	1643	mit	nuc	0.99
LEU	3, 25	768	THR	10, 43	1643	mit	nuc	0.95
LEU	3, 26	769	THR	10, 43	1643	mit	nuc	0.9
THR	10, 39	1639	THR	10, 43	1643	nuc	nuc	0.99
VAL	10, 40	1640	THR	10, 43	1643	nuc	nuc	1
PHE	10, 41	1641	THR	10, 43	1643	nuc	nuc	0.99
GLY	10, 42	1642	THR	10, 43	1643	nuc	nuc	1
VAL	10, 40	1640	GLY	10, 44	1644	nuc	nuc	0.96
PHE	10, 41	1641	GLY	10, 44	1644	nuc	nuc	1
GLY	10, 42	1642	GLY	10, 44	1644	nuc	nuc	1
THR	10, 43	1643	GLY	10, 44	1644	nuc	nuc	1
LEU	3, 42	785	TYR	10, 45	1645	mit	nuc	0.94
MET	3, 45	788	TYR	10, 45	1645	mit	nuc	0.59
PHE	10, 41	1641	TYR	10, 45	1645	nuc	nuc	0.99
GLY	10, 42	1642	TYR	10, 45	1645	nuc	nuc	1
THR	10, 43	1643	TYR	10, 45	1645	nuc	nuc	0.99
GLY	10, 44	1644	TYR	10, 45	1645	nuc	nuc	1
LEU	3, 25	768	VAL	10, 46	1646	mit	nuc	0.97
LEU	3, 26	769	VAL	10, 46	1646	mit	nuc	0.98
SER	3, 29	772	VAL	10, 46	1646	mit	nuc	0.99
LEU	3, 42	785	VAL	10, 46	1646	mit	nuc	0.93
GLY	10, 42	1642	VAL	10, 46	1646	nuc	nuc	1
THR	10, 43	1643	VAL	10, 46	1646	nuc	nuc	1
GLY	10, 44	1644	VAL	10, 46	1646	nuc	nuc	1
TYR	10, 45	1645	VAL	10, 46	1646	nuc	nuc	1
THR	10, 43	1643	LEU	10, 47	1647	nuc	nuc	0.99
GLY	10, 44	1644	LEU	10, 47	1647	nuc	nuc	1
TYR	10, 45	1645	LEU	10, 47	1647	nuc	nuc	0.99
VAL	10, 46	1646	LEU	10, 47	1647	nuc	nuc	1
GLY	10, 44	1644	TYR	10, 48	1648	nuc	nuc	0.99
TYR	10, 45	1645	TYR	10, 48	1648	nuc	nuc	1
VAL	10, 46	1646	TYR	10, 48	1648	nuc	nuc	0.99
LEU	10, 47	1647	TYR	10, 48	1648	nuc	nuc	1
SER	3, 29	772	GLU	10, 49	1649	mit	nuc	0.85
MET	3, 33	776	GLU	10, 49	1649	mit	nuc	0.96
LEU	3, 42	785	GLU	10, 49	1649	mit	nuc	0.84
TYR	10, 45	1645	GLU	10, 49	1649	nuc	nuc	0.99
VAL	10, 46	1646	GLU	10, 49	1649	nuc	nuc	1
LEU	10, 47	1647	GLU	10, 49	1649	nuc	nuc	0.96
TYR	10, 48	1648	GLU	10, 49	1649	nuc	nuc	1
ALA	1, 115	115	LEU	10, 50	1650	mit	nuc	0.99
THR	1, 118	118	LEU	10, 50	1650	mit	nuc	0.56
VAL	1, 119	119	LEU	10, 50	1650	mit	nuc	0.73
SER	3, 29	772	LEU	10, 50	1650	mit	nuc	0.84
VAL	10, 46	1646	LEU	10, 50	1650	nuc	nuc	0.99
LEU	10, 47	1647	LEU	10, 50	1650	nuc	nuc	1
TYR	10, 48	1648	LEU	10, 50	1650	nuc	nuc	0.99
GLU	10, 49	1649	LEU	10, 50	1650	nuc	nuc	1
LEU	10, 47	1647	MET	10, 51	1651	nuc	nuc	0.99
TYR	10, 48	1648	MET	10, 51	1651	nuc	nuc	1
GLU	10, 49	1649	MET	10, 51	1651	nuc	nuc	0.99
LEU	10, 50	1650	MET	10, 51	1651	nuc	nuc	1
TYR	10, 48	1648	MET	10, 52	1652	nuc	nuc	0.98
GLU	10, 49	1649	MET	10, 52	1652	nuc	nuc	0.99
LEU	10, 50	1650	MET	10, 52	1652	nuc	nuc	0.98
MET	10, 51	1651	MET	10, 52	1652	nuc	nuc	1
VAL	1, 119	119	ALA	10, 53	1653	mit	nuc	0.97
ALA	1, 142	142	ALA	10, 53	1653	mit	nuc	0.86
TYR	3, 37	780	ALA	10, 53	1653	mit	nuc	0.7
GLU	10, 49	1649	ALA	10, 53	1653	nuc	nuc	0.99
LEU	10, 50	1650	ALA	10, 53	1653	nuc	nuc	1
MET	10, 51	1651	ALA	10, 53	1653	nuc	nuc	0.97
MET	10, 52	1652	ALA	10, 53	1653	nuc	nuc	1
ALA	1, 115	115	SER	10, 54	1654	mit	nuc	0.81
THR	1, 118	118	SER	10, 54	1654	mit	nuc	0.98
VAL	1, 119	119	SER	10, 54	1654	mit	nuc	0.97
LEU	10, 50	1650	SER	10, 54	1654	nuc	nuc	0.98
MET	10, 51	1651	SER	10, 54	1654	nuc	nuc	0.99
MET	10, 52	1652	SER	10, 54	1654	nuc	nuc	0.99
ALA	10, 53	1653	SER	10, 54	1654	nuc	nuc	1
MET	10, 51	1651	MET	10, 55	1655	nuc	nuc	0.85
MET	10, 52	1652	MET	10, 55	1655	nuc	nuc	0.97
ALA	10, 53	1653	MET	10, 55	1655	nuc	nuc	0.92
SER	10, 54	1654	MET	10, 55	1655	nuc	nuc	1
MET	10, 55	1655	PRO	10, 56	1656	nuc	nuc	1
MET	10, 55	1655	LYS	10, 57	1657	nuc	nuc	0.73
PRO	10, 56	1656	LYS	10, 57	1657	nuc	nuc	1
PRO	10, 56	1656	LYS	10, 58	1658	nuc	nuc	0.72
LYS	10, 57	1657	LYS	10, 58	1658	nuc	nuc	1
LYS	10, 57	1657	GLN	10, 59	1659	nuc	nuc	0.78
LYS	10, 58	1658	GLN	10, 59	1659	nuc	nuc	1
LYS	10, 58	1658	LYS	10, 60	1660	nuc	nuc	0.79
GLN	10, 59	1659	LYS	10, 60	1660	nuc	nuc	1
THR	11, 1	1661	HIS	11, 2	1662	nuc	nuc	1
THR	11, 1	1661	HIS	11, 3	1663	nuc	nuc	0.76
HIS	11, 2	1662	HIS	11, 3	1663	nuc	nuc	1
HIS	11, 2	1662	ARG	11, 4	1664	nuc	nuc	0.66
HIS	11, 3	1663	ARG	11, 4	1664	nuc	nuc	1
HIS	11, 3	1663	LYS	11, 5	1665	nuc	nuc	0.77
ARG	11, 4	1664	LYS	11, 5	1665	nuc	nuc	1
ARG	11, 4	1664	HIS	11, 6	1666	nuc	nuc	0.82
LYS	11, 5	1665	HIS	11, 6	1666	nuc	nuc	1
LYS	11, 5	1665	GLU	11, 7	1667	nuc	nuc	0.78
HIS	11, 6	1666	GLU	11, 7	1667	nuc	nuc	1
HIS	11, 6	1666	PRO	11, 8	1668	nuc	nuc	0.69
GLU	11, 7	1667	PRO	11, 8	1668	nuc	nuc	1
THR	4, 77	1081	ASN	11, 9	1669	nuc	nuc	0.55
GLU	11, 7	1667	ASN	11, 9	1669	nuc	nuc	0.82
PRO	11, 8	1668	ASN	11, 9	1669	nuc	nuc	1
THR	4, 82	1086	PHE	11, 10	1670	nuc	nuc	0.75
ASN	11, 9	1669	PHE	11, 10	1670	nuc	nuc	1
SER	1, 409	409	HIS	11, 11	1671	mit	nuc	0.62
THR	4, 77	1081	HIS	11, 11	1671	nuc	nuc	0.89
ASN	4, 78	1082	HIS	11, 11	1671	nuc	nuc	0.97
GLU	4, 79	1083	HIS	11, 11	1671	nuc	nuc	0.97
LYS	4, 81	1085	HIS	11, 11	1671	nuc	nuc	0.89
THR	4, 82	1086	HIS	11, 11	1671	nuc	nuc	0.96
ASN	11, 9	1669	HIS	11, 11	1671	nuc	nuc	0.98
PHE	11, 10	1670	HIS	11, 11	1671	nuc	nuc	1
ASN	4, 78	1082	ASP	11, 12	1672	nuc	nuc	0.94
PRO	11, 8	1668	ASP	11, 12	1672	nuc	nuc	0.92
ASN	11, 9	1669	ASP	11, 12	1672	nuc	nuc	0.97
PHE	11, 10	1670	ASP	11, 12	1672	nuc	nuc	0.94
HIS	11, 11	1671	ASP	11, 12	1672	nuc	nuc	1
PRO	11, 8	1668	LYS	11, 13	1673	nuc	nuc	0.88
ASN	11, 9	1669	LYS	11, 13	1673	nuc	nuc	0.88
PHE	11, 10	1670	LYS	11, 13	1673	nuc	nuc	0.96
HIS	11, 11	1671	LYS	11, 13	1673	nuc	nuc	0.9
ASP	11, 12	1672	LYS	11, 13	1673	nuc	nuc	1
THR	4, 82	1086	TYR	11, 14	1674	nuc	nuc	0.77
PHE	11, 10	1670	TYR	11, 14	1674	nuc	nuc	0.96
HIS	11, 11	1671	TYR	11, 14	1674	nuc	nuc	0.92
LYS	11, 13	1673	TYR	11, 14	1674	nuc	nuc	1
ASN	4, 78	1082	GLY	11, 15	1675	nuc	nuc	0.93
LYS	4, 81	1085	GLY	11, 15	1675	nuc	nuc	0.98
THR	4, 82	1086	GLY	11, 15	1675	nuc	nuc	0.98
PHE	11, 10	1670	GLY	11, 15	1675	nuc	nuc	0.62
HIS	11, 11	1671	GLY	11, 15	1675	nuc	nuc	0.97
ASP	11, 12	1672	GLY	11, 15	1675	nuc	nuc	0.95
LYS	11, 13	1673	GLY	11, 15	1675	nuc	nuc	0.99
TYR	11, 14	1674	GLY	11, 15	1675	nuc	nuc	1
LYS	4, 81	1085	ASN	11, 16	1676	nuc	nuc	0.95
TYR	11, 14	1674	ASN	11, 16	1676	nuc	nuc	0.89
GLY	11, 15	1675	ASN	11, 16	1676	nuc	nuc	1
TYR	11, 14	1674	LEU	11, 17	1677	nuc	nuc	0.99
GLY	11, 15	1675	LEU	11, 17	1677	nuc	nuc	1
ASN	11, 16	1676	LEU	11, 17	1677	nuc	nuc	1
LYS	4, 81	1085	VAL	11, 18	1678	nuc	nuc	0.9
THR	4, 82	1086	VAL	11, 18	1678	nuc	nuc	0.98
GLY	4, 85	1089	VAL	11, 18	1678	nuc	nuc	0.98
GLY	4, 86	1090	VAL	11, 18	1678	nuc	nuc	0.96
PHE	4, 89	1093	VAL	11, 18	1678	nuc	nuc	0.63
TYR	11, 14	1674	VAL	11, 18	1678	nuc	nuc	0.98
GLY	11, 15	1675	VAL	11, 18	1678	nuc	nuc	1
ASN	11, 16	1676	VAL	11, 18	1678	nuc	nuc	0.96
LEU	11, 17	1677	VAL	11, 18	1678	nuc	nuc	1
LYS	4, 81	1085	LEU	11, 19	1679	nuc	nuc	0.98
THR	4, 82	1086	LEU	11, 19	1679	nuc	nuc	0.83
LEU	4, 84	1088	LEU	11, 19	1679	nuc	nuc	0.97
GLY	4, 85	1089	LEU	11, 19	1679	nuc	nuc	0.99
LEU	4, 88	1092	LEU	11, 19	1679	nuc	nuc	0.6
GLY	11, 15	1675	LEU	11, 19	1679	nuc	nuc	0.99
ASN	11, 16	1676	LEU	11, 19	1679	nuc	nuc	0.99
LEU	11, 17	1677	LEU	11, 19	1679	nuc	nuc	0.98
VAL	11, 18	1678	LEU	11, 19	1679	nuc	nuc	1
ASN	11, 16	1676	ILE	11, 20	1680	nuc	nuc	0.97
LEU	11, 17	1677	ILE	11, 20	1680	nuc	nuc	0.99
VAL	11, 18	1678	ILE	11, 20	1680	nuc	nuc	0.89
LEU	11, 19	1679	ILE	11, 20	1680	nuc	nuc	1
GLY	4, 85	1089	GLY	11, 21	1681	nuc	nuc	0.92
PHE	4, 89	1093	GLY	11, 21	1681	nuc	nuc	0.9
LEU	11, 17	1677	GLY	11, 21	1681	nuc	nuc	0.98
VAL	11, 18	1678	GLY	11, 21	1681	nuc	nuc	0.99
LEU	11, 19	1679	GLY	11, 21	1681	nuc	nuc	1
ILE	11, 20	1680	GLY	11, 21	1681	nuc	nuc	1
GLY	4, 85	1089	GLY	11, 22	1682	nuc	nuc	0.99
GLY	4, 86	1090	GLY	11, 22	1682	nuc	nuc	0.97
LEU	4, 88	1092	GLY	11, 22	1682	nuc	nuc	0.99
PHE	4, 89	1093	GLY	11, 22	1682	nuc	nuc	0.99
GLY	4, 92	1096	GLY	11, 22	1682	nuc	nuc	0.57
VAL	11, 18	1678	GLY	11, 22	1682	nuc	nuc	0.99
LEU	11, 19	1679	GLY	11, 22	1682	nuc	nuc	0.99
ILE	11, 20	1680	GLY	11, 22	1682	nuc	nuc	1
GLY	11, 21	1681	GLY	11, 22	1682	nuc	nuc	1
GLY	4, 85	1089	ALA	11, 23	1683	nuc	nuc	0.95
LEU	4, 88	1092	ALA	11, 23	1683	nuc	nuc	0.99
LEU	11, 19	1679	ALA	11, 23	1683	nuc	nuc	0.99
ILE	11, 20	1680	ALA	11, 23	1683	nuc	nuc	1
GLY	11, 21	1681	ALA	11, 23	1683	nuc	nuc	1
GLY	11, 22	1682	ALA	11, 23	1683	nuc	nuc	1
ILE	11, 20	1680	ALA	11, 24	1684	nuc	nuc	0.99
GLY	11, 21	1681	ALA	11, 24	1684	nuc	nuc	1
GLY	11, 22	1682	ALA	11, 24	1684	nuc	nuc	1
ALA	11, 23	1683	ALA	11, 24	1684	nuc	nuc	1
LEU	4, 88	1092	VAL	11, 25	1685	nuc	nuc	0.91
PHE	4, 89	1093	VAL	11, 25	1685	nuc	nuc	0.98
GLY	4, 92	1096	VAL	11, 25	1685	nuc	nuc	0.99
VAL	4, 93	1097	VAL	11, 25	1685	nuc	nuc	0.56
GLY	11, 21	1681	VAL	11, 25	1685	nuc	nuc	0.99
GLY	11, 22	1682	VAL	11, 25	1685	nuc	nuc	1
ALA	11, 23	1683	VAL	11, 25	1685	nuc	nuc	0.97
ALA	11, 24	1684	VAL	11, 25	1685	nuc	nuc	1
LEU	4, 88	1092	PHE	11, 26	1686	nuc	nuc	0.99
PHE	4, 89	1093	PHE	11, 26	1686	nuc	nuc	0.93
LEU	4, 91	1095	PHE	11, 26	1686	nuc	nuc	0.99
GLY	4, 92	1096	PHE	11, 26	1686	nuc	nuc	0.99
GLY	11, 22	1682	PHE	11, 26	1686	nuc	nuc	0.99
ALA	11, 23	1683	PHE	11, 26	1686	nuc	nuc	0.99
ALA	11, 24	1684	PHE	11, 26	1686	nuc	nuc	0.99
VAL	11, 25	1685	PHE	11, 26	1686	nuc	nuc	1
ALA	11, 23	1683	ALA	11, 27	1687	nuc	nuc	0.99
ALA	11, 24	1684	ALA	11, 27	1687	nuc	nuc	1
VAL	11, 25	1685	ALA	11, 27	1687	nuc	nuc	0.96
PHE	11, 26	1686	ALA	11, 27	1687	nuc	nuc	1
ALA	11, 24	1684	THR	11, 28	1688	nuc	nuc	0.99
VAL	11, 25	1685	THR	11, 28	1688	nuc	nuc	1
PHE	11, 26	1686	THR	11, 28	1688	nuc	nuc	0.97
ALA	11, 27	1687	THR	11, 28	1688	nuc	nuc	1
GLY	4, 92	1096	VAL	11, 29	1689	nuc	nuc	0.99
GLY	4, 95	1099	VAL	11, 29	1689	nuc	nuc	0.99
LEU	4, 96	1100	VAL	11, 29	1689	nuc	nuc	0.98
ILE	4, 99	1103	VAL	11, 29	1689	nuc	nuc	0.73
VAL	11, 25	1685	VAL	11, 29	1689	nuc	nuc	0.99
PHE	11, 26	1686	VAL	11, 29	1689	nuc	nuc	0.99
ALA	11, 27	1687	VAL	11, 29	1689	nuc	nuc	0.86
THR	11, 28	1688	VAL	11, 29	1689	nuc	nuc	1
LEU	4, 91	1095	TRP	11, 30	1690	nuc	nuc	0.59
GLY	4, 92	1096	TRP	11, 30	1690	nuc	nuc	0.95
GLY	4, 95	1099	TRP	11, 30	1690	nuc	nuc	0.95
PHE	11, 26	1686	TRP	11, 30	1690	nuc	nuc	0.99
ALA	11, 27	1687	TRP	11, 30	1690	nuc	nuc	0.99
THR	11, 28	1688	TRP	11, 30	1690	nuc	nuc	0.8
VAL	11, 29	1689	TRP	11, 30	1690	nuc	nuc	1
ALA	11, 27	1687	GLY	11, 31	1691	nuc	nuc	0.99
THR	11, 28	1688	GLY	11, 31	1691	nuc	nuc	0.99
VAL	11, 29	1689	GLY	11, 31	1691	nuc	nuc	1
TRP	11, 30	1690	GLY	11, 31	1691	nuc	nuc	1
ILE	4, 99	1103	TYR	11, 32	1692	nuc	nuc	0.83
THR	11, 28	1688	TYR	11, 32	1692	nuc	nuc	0.98
VAL	11, 29	1689	TYR	11, 32	1692	nuc	nuc	0.99
TRP	11, 30	1690	TYR	11, 32	1692	nuc	nuc	0.99
GLY	11, 31	1691	TYR	11, 32	1692	nuc	nuc	1
GLY	4, 95	1099	VAL	11, 33	1693	nuc	nuc	0.97
LEU	4, 98	1102	VAL	11, 33	1693	nuc	nuc	0.96
ILE	4, 99	1103	VAL	11, 33	1693	nuc	nuc	0.95
VAL	11, 29	1689	VAL	11, 33	1693	nuc	nuc	0.98
TRP	11, 30	1690	VAL	11, 33	1693	nuc	nuc	0.99
GLY	11, 31	1691	VAL	11, 33	1693	nuc	nuc	1
TYR	11, 32	1692	VAL	11, 33	1693	nuc	nuc	1
TRP	11, 30	1690	PHE	11, 34	1694	nuc	nuc	0.98
GLY	11, 31	1691	PHE	11, 34	1694	nuc	nuc	1
TYR	11, 32	1692	PHE	11, 34	1694	nuc	nuc	0.89
VAL	11, 33	1693	PHE	11, 34	1694	nuc	nuc	1
GLY	11, 31	1691	THR	11, 35	1695	nuc	nuc	0.98
TYR	11, 32	1692	THR	11, 35	1695	nuc	nuc	0.97
VAL	11, 33	1693	THR	11, 35	1695	nuc	nuc	0.71
PHE	11, 34	1694	THR	11, 35	1695	nuc	nuc	1
TYR	11, 32	1692	LYS	11, 36	1696	nuc	nuc	0.94
VAL	11, 33	1693	LYS	11, 36	1696	nuc	nuc	0.51
THR	11, 35	1695	LYS	11, 36	1696	nuc	nuc	1
ILE	4, 99	1103	SER	11, 37	1697	nuc	nuc	0.89
LYS	4, 102	1106	SER	11, 37	1697	nuc	nuc	0.93
TYR	11, 32	1692	SER	11, 37	1697	nuc	nuc	0.89
VAL	11, 33	1693	SER	11, 37	1697	nuc	nuc	0.93
PHE	11, 34	1694	SER	11, 37	1697	nuc	nuc	0.72
THR	11, 35	1695	SER	11, 37	1697	nuc	nuc	0.77
LYS	11, 36	1696	SER	11, 37	1697	nuc	nuc	1
LYS	4, 102	1106	GLY	11, 38	1698	nuc	nuc	0.83
LYS	11, 36	1696	GLY	11, 38	1698	nuc	nuc	0.95
SER	11, 37	1697	GLY	11, 38	1698	nuc	nuc	1
THR	1, 453	453	MET	11, 39	1699	mit	nuc	0.82
LYS	4, 102	1106	MET	11, 39	1699	nuc	nuc	0.95
VAL	11, 33	1693	MET	11, 39	1699	nuc	nuc	0.82
SER	11, 37	1697	MET	11, 39	1699	nuc	nuc	0.97
GLY	11, 38	1698	MET	11, 39	1699	nuc	nuc	1
GLN	1, 44	44	GLU	11, 40	1700	mit	nuc	0.52
PRO	1, 45	45	GLU	11, 40	1700	mit	nuc	0.54
THR	1, 449	449	GLU	11, 40	1700	mit	nuc	0.91
ILE	4, 109	1113	GLU	11, 40	1700	nuc	nuc	0.94
PHE	4, 113	1117	GLU	11, 40	1700	nuc	nuc	0.96
GLY	11, 38	1698	GLU	11, 40	1700	nuc	nuc	0.96
MET	11, 39	1699	GLU	11, 40	1700	nuc	nuc	1
THR	1, 449	449	TRP	11, 41	1701	mit	nuc	0.89
LEU	1, 450	450	TRP	11, 41	1701	mit	nuc	0.98
THR	1, 453	453	TRP	11, 41	1701	mit	nuc	0.96
MET	11, 39	1699	TRP	11, 41	1701	nuc	nuc	0.97
GLU	11, 40	1700	TRP	11, 41	1701	nuc	nuc	1
ASP	1, 446	446	GLY	11, 42	1702	mit	nuc	0.7
THR	1, 449	449	GLY	11, 42	1702	mit	nuc	0.99
LEU	1, 450	450	GLY	11, 42	1702	mit	nuc	0.99
THR	1, 453	453	GLY	11, 42	1702	mit	nuc	0.55
HIS	2, 4	520	GLY	11, 42	1702	mit	nuc	0.93
SER	2, 5	521	GLY	11, 42	1702	mit	nuc	0.73
PHE	4, 113	1117	GLY	11, 42	1702	nuc	nuc	0.56
GLU	11, 40	1700	GLY	11, 42	1702	nuc	nuc	0.99
TRP	11, 41	1701	GLY	11, 42	1702	nuc	nuc	1
LEU	1, 450	450	LEU	11, 43	1703	mit	nuc	0.96
HIS	2, 4	520	LEU	11, 43	1703	mit	nuc	0.9
SER	2, 5	521	LEU	11, 43	1703	mit	nuc	0.92
TRP	11, 41	1701	LEU	11, 43	1703	nuc	nuc	0.99
GLY	11, 42	1702	LEU	11, 43	1703	nuc	nuc	1
ASN	2, 3	519	SER	11, 44	1704	mit	nuc	0.78
HIS	2, 4	520	SER	11, 44	1704	mit	nuc	0.96
SER	2, 5	521	SER	11, 44	1704	mit	nuc	0.97
ILE	4, 136	1140	SER	11, 44	1704	nuc	nuc	0.59
GLY	11, 42	1702	SER	11, 44	1704	nuc	nuc	0.61
LEU	11, 43	1703	SER	11, 44	1704	nuc	nuc	1
HIS	2, 4	520	PRO	11, 45	1705	mit	nuc	0.93
LEU	4, 118	1122	PRO	11, 45	1705	nuc	nuc	0.89
THR	4, 122	1126	PRO	11, 45	1705	nuc	nuc	0.98
ILE	4, 136	1140	PRO	11, 45	1705	nuc	nuc	0.84
LEU	11, 43	1703	PRO	11, 45	1705	nuc	nuc	0.69
SER	11, 44	1704	PRO	11, 45	1705	nuc	nuc	1
ILE	4, 136	1140	VAL	11, 46	1706	nuc	nuc	0.91
GLN	4, 139	1143	VAL	11, 46	1706	nuc	nuc	0.95
TRP	4, 147	1151	VAL	11, 46	1706	nuc	nuc	0.92
SER	11, 44	1704	VAL	11, 46	1706	nuc	nuc	0.99
PRO	11, 45	1705	VAL	11, 46	1706	nuc	nuc	1
TRP	4, 147	1151	GLY	11, 47	1707	nuc	nuc	0.96
SER	11, 44	1704	GLY	11, 47	1707	nuc	nuc	0.52
PRO	11, 45	1705	GLY	11, 47	1707	nuc	nuc	0.99
VAL	11, 46	1706	GLY	11, 47	1707	nuc	nuc	1
LEU	11, 43	1703	ARG	11, 48	1708	nuc	nuc	0.84
SER	11, 44	1704	ARG	11, 48	1708	nuc	nuc	0.78
PRO	11, 45	1705	ARG	11, 48	1708	nuc	nuc	0.96
VAL	11, 46	1706	ARG	11, 48	1708	nuc	nuc	0.94
GLY	11, 47	1707	ARG	11, 48	1708	nuc	nuc	1
ASP	4, 115	1119	VAL	11, 49	1709	nuc	nuc	0.56
LEU	4, 118	1122	VAL	11, 49	1709	nuc	nuc	0.95
SER	4, 119	1123	VAL	11, 49	1709	nuc	nuc	0.97
THR	4, 122	1126	VAL	11, 49	1709	nuc	nuc	0.96
PRO	11, 45	1705	VAL	11, 49	1709	nuc	nuc	0.95
GLY	11, 47	1707	VAL	11, 49	1709	nuc	nuc	0.98
ARG	11, 48	1708	VAL	11, 49	1709	nuc	nuc	1
SER	4, 119	1123	THR	11, 50	1710	nuc	nuc	0.96
VAL	11, 49	1709	THR	11, 50	1710	nuc	nuc	1
SER	4, 119	1123	PRO	11, 51	1711	nuc	nuc	0.98
THR	4, 122	1126	PRO	11, 51	1711	nuc	nuc	0.98
LYS	4, 123	1127	PRO	11, 51	1711	nuc	nuc	0.99
LEU	4, 126	1130	PRO	11, 51	1711	nuc	nuc	0.93
VAL	11, 49	1709	PRO	11, 51	1711	nuc	nuc	0.95
THR	11, 50	1710	PRO	11, 51	1711	nuc	nuc	1
GLU	4, 116	1120	LYS	11, 52	1712	nuc	nuc	0.78
SER	4, 119	1123	LYS	11, 52	1712	nuc	nuc	0.99
MET	4, 120	1124	LYS	11, 52	1712	nuc	nuc	0.97
LYS	4, 123	1127	LYS	11, 52	1712	nuc	nuc	0.97
THR	11, 50	1710	LYS	11, 52	1712	nuc	nuc	0.97
PRO	11, 51	1711	LYS	11, 52	1712	nuc	nuc	1
MET	4, 120	1124	GLU	11, 53	1713	nuc	nuc	0.8
LYS	4, 123	1127	GLU	11, 53	1713	nuc	nuc	0.97
LYS	11, 52	1712	GLU	11, 53	1713	nuc	nuc	1
LEU	2, 129	645	TRP	11, 54	1714	mit	nuc	0.95
GLY	2, 130	646	TRP	11, 54	1714	mit	nuc	0.97
MET	4, 120	1124	TRP	11, 54	1714	nuc	nuc	0.98
GLN	4, 121	1125	TRP	11, 54	1714	nuc	nuc	0.71
LYS	4, 123	1127	TRP	11, 54	1714	nuc	nuc	0.96
ARG	4, 124	1128	TRP	11, 54	1714	nuc	nuc	0.95
LYS	11, 52	1712	TRP	11, 54	1714	nuc	nuc	0.91
GLU	11, 53	1713	TRP	11, 54	1714	nuc	nuc	1
LEU	2, 129	645	ARG	11, 55	1715	mit	nuc	0.52
GLY	9, 68	1592	ARG	11, 55	1715	nuc	nuc	0.72
GLU	11, 53	1713	ARG	11, 55	1715	nuc	nuc	0.97
TRP	11, 54	1714	ARG	11, 55	1715	nuc	nuc	1
GLU	11, 53	1713	GLU	11, 56	1716	nuc	nuc	0.54
ARG	11, 55	1715	GLU	11, 56	1716	nuc	nuc	1
TYR	1, 503	503	SER	12, 1	1717	mit	nuc	0.59
SER	12, 1	1717	HIS	12, 2	1718	nuc	nuc	1
ARG	1, 6	6	TYR	12, 3	1719	mit	nuc	0.9
TYR	1, 503	503	TYR	12, 3	1719	mit	nuc	0.94
SER	12, 1	1717	TYR	12, 3	1719	nuc	nuc	0.84
HIS	12, 2	1718	TYR	12, 3	1719	nuc	nuc	1
TYR	12, 3	1719	GLU	12, 4	1720	nuc	nuc	1
PRO	1, 500	500	ASP	12, 5	1721	mit	nuc	0.7
PRO	1, 502	502	ASP	12, 5	1721	mit	nuc	0.97
TYR	1, 503	503	ASP	12, 5	1721	mit	nuc	0.95
TYR	12, 3	1719	ASP	12, 5	1721	nuc	nuc	0.96
GLU	12, 4	1720	ASP	12, 5	1721	nuc	nuc	1
GLY	1, 403	403	GLY	12, 6	1722	mit	nuc	0.67
PRO	1, 500	500	GLY	12, 6	1722	mit	nuc	0.97
GLU	12, 4	1720	GLY	12, 6	1722	nuc	nuc	0.97
ASP	12, 5	1721	GLY	12, 6	1722	nuc	nuc	1
THR	1, 402	402	PRO	12, 7	1723	mit	nuc	0.89
GLY	1, 403	403	PRO	12, 7	1723	mit	nuc	0.98
PHE	1, 404	404	PRO	12, 7	1723	mit	nuc	0.94
LYS	1, 480	480	PRO	12, 7	1723	mit	nuc	0.67
LYS	1, 482	482	PRO	12, 7	1723	mit	nuc	0.94
CYS	1, 499	499	PRO	12, 7	1723	mit	nuc	0.55
PRO	1, 500	500	PRO	12, 7	1723	mit	nuc	0.97
GLY	12, 6	1722	PRO	12, 7	1723	nuc	nuc	1
THR	1, 402	402	GLY	12, 8	1724	mit	nuc	0.9
GLY	1, 403	403	GLY	12, 8	1724	mit	nuc	0.77
PHE	1, 404	404	GLY	12, 8	1724	mit	nuc	0.63
PHE	1, 477	477	GLY	12, 8	1724	mit	nuc	0.51
GLY	12, 6	1722	GLY	12, 8	1724	nuc	nuc	1
PRO	12, 7	1723	GLY	12, 8	1724	nuc	nuc	1
GLU	12, 4	1720	LYS	12, 9	1725	nuc	nuc	0.97
ASP	12, 5	1721	LYS	12, 9	1725	nuc	nuc	0.96
GLY	12, 6	1722	LYS	12, 9	1725	nuc	nuc	0.99
PRO	12, 7	1723	LYS	12, 9	1725	nuc	nuc	0.96
GLY	12, 8	1724	LYS	12, 9	1725	nuc	nuc	1
LYS	1, 14	14	ASN	12, 10	1726	mit	nuc	0.85
ASP	1, 15	15	ASN	12, 10	1726	mit	nuc	0.67
THR	1, 18	18	ASN	12, 10	1726	mit	nuc	0.89
THR	1, 402	402	ASN	12, 10	1726	mit	nuc	0.72
PRO	1, 500	500	ASN	12, 10	1726	mit	nuc	0.98
ASP	12, 5	1721	ASN	12, 10	1726	nuc	nuc	0.84
GLY	12, 6	1722	ASN	12, 10	1726	nuc	nuc	0.96
PRO	12, 7	1723	ASN	12, 10	1726	nuc	nuc	0.62
GLY	12, 8	1724	ASN	12, 10	1726	nuc	nuc	1
LYS	12, 9	1725	ASN	12, 10	1726	nuc	nuc	1
THR	1, 18	18	LEU	12, 11	1727	mit	nuc	0.96
THR	1, 402	402	LEU	12, 11	1727	mit	nuc	0.8
GLY	12, 8	1724	LEU	12, 11	1727	nuc	nuc	0.97
LYS	12, 9	1725	LEU	12, 11	1727	nuc	nuc	0.94
ASN	12, 10	1726	LEU	12, 11	1727	nuc	nuc	1
TRP	1, 7	7	PRO	12, 12	1728	mit	nuc	0.99
THR	1, 18	18	PRO	12, 12	1728	mit	nuc	0.9
LEU	1, 19	19	PRO	12, 12	1728	mit	nuc	0.87
ILE	1, 22	22	PRO	12, 12	1728	mit	nuc	0.86
LEU	12, 11	1727	PRO	12, 12	1728	nuc	nuc	1
LEU	12, 11	1727	PHE	12, 13	1729	nuc	nuc	0.99
PRO	12, 12	1728	PHE	12, 13	1729	nuc	nuc	1
PHE	12, 13	1729	SER	12, 14	1730	nuc	nuc	1
PHE	1, 477	477	VAL	12, 15	1731	mit	nuc	0.98
SER	1, 478	478	VAL	12, 15	1731	mit	nuc	0.54
LYS	1, 480	480	VAL	12, 15	1731	mit	nuc	0.53
GLY	12, 8	1724	VAL	12, 15	1731	nuc	nuc	0.98
LEU	12, 11	1727	VAL	12, 15	1731	nuc	nuc	0.92
PHE	12, 13	1729	VAL	12, 15	1731	nuc	nuc	0.97
SER	12, 14	1730	VAL	12, 15	1731	nuc	nuc	1
SER	12, 14	1730	GLU	12, 16	1732	nuc	nuc	0.99
VAL	12, 15	1731	GLU	12, 16	1732	nuc	nuc	1
SER	12, 14	1730	ASN	12, 17	1733	nuc	nuc	0.83
GLU	12, 16	1732	ASN	12, 17	1733	nuc	nuc	1
PHE	1, 477	477	LYS	12, 18	1734	mit	nuc	0.6
SER	1, 478	478	LYS	12, 18	1734	mit	nuc	0.99
ASN	12, 17	1733	LYS	12, 18	1734	nuc	nuc	1
ASN	12, 17	1733	TRP	12, 19	1735	nuc	nuc	1
LYS	12, 18	1734	TRP	12, 19	1735	nuc	nuc	1
SER	12, 14	1730	ARG	12, 20	1736	nuc	nuc	0.86
GLU	12, 16	1732	ARG	12, 20	1736	nuc	nuc	0.57
ASN	12, 17	1733	ARG	12, 20	1736	nuc	nuc	1
LYS	12, 18	1734	ARG	12, 20	1736	nuc	nuc	0.95
TRP	12, 19	1735	ARG	12, 20	1736	nuc	nuc	1
TRP	1, 474	474	LEU	12, 21	1737	mit	nuc	0.96
PHE	1, 477	477	LEU	12, 21	1737	mit	nuc	0.98
SER	1, 478	478	LEU	12, 21	1737	mit	nuc	0.95
PHE	12, 13	1729	LEU	12, 21	1737	nuc	nuc	0.84
SER	12, 14	1730	LEU	12, 21	1737	nuc	nuc	0.88
VAL	12, 15	1731	LEU	12, 21	1737	nuc	nuc	0.98
ASN	12, 17	1733	LEU	12, 21	1737	nuc	nuc	0.99
LYS	12, 18	1734	LEU	12, 21	1737	nuc	nuc	1
TRP	12, 19	1735	LEU	12, 21	1737	nuc	nuc	1
ARG	12, 20	1736	LEU	12, 21	1737	nuc	nuc	1
TRP	1, 474	474	LEU	12, 22	1738	mit	nuc	0.98
SER	1, 478	478	LEU	12, 22	1738	mit	nuc	0.63
LYS	12, 18	1734	LEU	12, 22	1738	nuc	nuc	0.98
TRP	12, 19	1735	LEU	12, 22	1738	nuc	nuc	1
ARG	12, 20	1736	LEU	12, 22	1738	nuc	nuc	0.99
LEU	12, 21	1737	LEU	12, 22	1738	nuc	nuc	1
TRP	12, 19	1735	ALA	12, 23	1739	nuc	nuc	0.99
ARG	12, 20	1736	ALA	12, 23	1739	nuc	nuc	1
LEU	12, 21	1737	ALA	12, 23	1739	nuc	nuc	0.99
LEU	12, 22	1738	ALA	12, 23	1739	nuc	nuc	1
PHE	12, 13	1729	MET	12, 24	1740	nuc	nuc	0.98
ARG	12, 20	1736	MET	12, 24	1740	nuc	nuc	0.99
LEU	12, 21	1737	MET	12, 24	1740	nuc	nuc	1
LEU	12, 22	1738	MET	12, 24	1740	nuc	nuc	0.99
ALA	12, 23	1739	MET	12, 24	1740	nuc	nuc	1
MET	1, 470	470	MET	12, 25	1741	mit	nuc	0.97
VAL	1, 473	473	MET	12, 25	1741	mit	nuc	0.75
TRP	1, 474	474	MET	12, 25	1741	mit	nuc	0.99
LEU	12, 21	1737	MET	12, 25	1741	nuc	nuc	1
LEU	12, 22	1738	MET	12, 25	1741	nuc	nuc	1
ALA	12, 23	1739	MET	12, 25	1741	nuc	nuc	0.98
MET	12, 24	1740	MET	12, 25	1741	nuc	nuc	1
LEU	12, 22	1738	CYS	12, 26	1742	nuc	nuc	1
ALA	12, 23	1739	CYS	12, 26	1742	nuc	nuc	1
MET	12, 24	1740	CYS	12, 26	1742	nuc	nuc	0.99
MET	12, 25	1741	CYS	12, 26	1742	nuc	nuc	1
ALA	12, 23	1739	ALA	12, 27	1743	nuc	nuc	0.99
MET	12, 24	1740	ALA	12, 27	1743	nuc	nuc	1
MET	12, 25	1741	ALA	12, 27	1743	nuc	nuc	0.99
CYS	12, 26	1742	ALA	12, 27	1743	nuc	nuc	1
TRP	1, 26	26	PHE	12, 28	1744	mit	nuc	0.97
MET	12, 24	1740	PHE	12, 28	1744	nuc	nuc	1
MET	12, 25	1741	PHE	12, 28	1744	nuc	nuc	1
CYS	12, 26	1742	PHE	12, 28	1744	nuc	nuc	0.99
ALA	12, 27	1743	PHE	12, 28	1744	nuc	nuc	1
THR	1, 25	25	PHE	12, 29	1745	mit	nuc	0.71
TRP	1, 26	26	PHE	12, 29	1745	mit	nuc	0.88
MET	1, 29	29	PHE	12, 29	1745	mit	nuc	1
MET	1, 470	470	PHE	12, 29	1745	mit	nuc	0.99
MET	12, 25	1741	PHE	12, 29	1745	nuc	nuc	1
CYS	12, 26	1742	PHE	12, 29	1745	nuc	nuc	0.99
ALA	12, 27	1743	PHE	12, 29	1745	nuc	nuc	0.56
PHE	12, 28	1744	PHE	12, 29	1745	nuc	nuc	1
MET	1, 29	29	GLY	12, 30	1746	mit	nuc	0.95
CYS	12, 26	1742	GLY	12, 30	1746	nuc	nuc	1
ALA	12, 27	1743	GLY	12, 30	1746	nuc	nuc	1
PHE	12, 28	1744	GLY	12, 30	1746	nuc	nuc	1
PHE	12, 29	1745	GLY	12, 30	1746	nuc	nuc	1
ALA	12, 27	1743	SER	12, 31	1747	nuc	nuc	0.99
PHE	12, 28	1744	SER	12, 31	1747	nuc	nuc	1
PHE	12, 29	1745	SER	12, 31	1747	nuc	nuc	0.98
GLY	12, 30	1746	SER	12, 31	1747	nuc	nuc	1
TRP	1, 26	26	GLY	12, 32	1748	mit	nuc	0.99
MET	1, 29	29	GLY	12, 32	1748	mit	nuc	1
ALA	1, 30	30	GLY	12, 32	1748	mit	nuc	1
ALA	1, 33	33	GLY	12, 32	1748	mit	nuc	0.95
PHE	12, 28	1744	GLY	12, 32	1748	nuc	nuc	0.85
PHE	12, 29	1745	GLY	12, 32	1748	nuc	nuc	1
GLY	12, 30	1746	GLY	12, 32	1748	nuc	nuc	1
SER	12, 31	1747	GLY	12, 32	1748	nuc	nuc	1
MET	1, 29	29	PHE	12, 33	1749	mit	nuc	0.99
ALA	1, 30	30	PHE	12, 33	1749	mit	nuc	0.95
THR	1, 32	32	PHE	12, 33	1749	mit	nuc	0.91
ALA	1, 33	33	PHE	12, 33	1749	mit	nuc	1
PHE	12, 29	1745	PHE	12, 33	1749	nuc	nuc	0.99
GLY	12, 30	1746	PHE	12, 33	1749	nuc	nuc	1
SER	12, 31	1747	PHE	12, 33	1749	nuc	nuc	0.98
GLY	12, 32	1748	PHE	12, 33	1749	nuc	nuc	1
ALA	1, 33	33	ALA	12, 34	1750	mit	nuc	0.87
GLY	12, 30	1746	ALA	12, 34	1750	nuc	nuc	1
SER	12, 31	1747	ALA	12, 34	1750	nuc	nuc	1
GLY	12, 32	1748	ALA	12, 34	1750	nuc	nuc	1
PHE	12, 33	1749	ALA	12, 34	1750	nuc	nuc	1
ALA	1, 30	30	ALA	12, 35	1751	mit	nuc	0.99
ALA	1, 33	33	ALA	12, 35	1751	mit	nuc	0.91
LEU	1, 114	114	ALA	12, 35	1751	mit	nuc	0.92
SER	12, 31	1747	ALA	12, 35	1751	nuc	nuc	0.99
GLY	12, 32	1748	ALA	12, 35	1751	nuc	nuc	1
PHE	12, 33	1749	ALA	12, 35	1751	nuc	nuc	0.98
ALA	12, 34	1750	ALA	12, 35	1751	nuc	nuc	1
ALA	1, 30	30	PRO	12, 36	1752	mit	nuc	0.99
GLY	1, 31	31	PRO	12, 36	1752	mit	nuc	0.93
ALA	1, 33	33	PRO	12, 36	1752	mit	nuc	1
LEU	1, 34	34	PRO	12, 36	1752	mit	nuc	1
LEU	1, 37	37	PRO	12, 36	1752	mit	nuc	0.98
ILE	1, 58	58	PRO	12, 36	1752	mit	nuc	0.84
ALA	1, 61	61	PRO	12, 36	1752	mit	nuc	0.77
GLY	12, 32	1748	PRO	12, 36	1752	nuc	nuc	0.52
PHE	12, 33	1749	PRO	12, 36	1752	nuc	nuc	0.7
ALA	12, 34	1750	PRO	12, 36	1752	nuc	nuc	0.91
ALA	12, 35	1751	PRO	12, 36	1752	nuc	nuc	1
ALA	1, 33	33	PHE	12, 37	1753	mit	nuc	0.98
LEU	1, 37	37	PHE	12, 37	1753	mit	nuc	0.88
ALA	12, 34	1750	PHE	12, 37	1753	nuc	nuc	1
ALA	12, 35	1751	PHE	12, 37	1753	nuc	nuc	0.99
PRO	12, 36	1752	PHE	12, 37	1753	nuc	nuc	1
ALA	12, 34	1750	PHE	12, 38	1754	nuc	nuc	1
ALA	12, 35	1751	PHE	12, 38	1754	nuc	nuc	1
PRO	12, 36	1752	PHE	12, 38	1754	nuc	nuc	0.98
PHE	12, 37	1753	PHE	12, 38	1754	nuc	nuc	1
LEU	1, 114	114	ILE	12, 39	1755	mit	nuc	0.94
SER	1, 117	117	ILE	12, 39	1755	mit	nuc	0.99
THR	1, 118	118	ILE	12, 39	1755	mit	nuc	0.99
ALA	12, 35	1751	ILE	12, 39	1755	nuc	nuc	1
PRO	12, 36	1752	ILE	12, 39	1755	nuc	nuc	1
PHE	12, 37	1753	ILE	12, 39	1755	nuc	nuc	1
PHE	12, 38	1754	ILE	12, 39	1755	nuc	nuc	1
LEU	1, 37	37	VAL	12, 40	1756	mit	nuc	0.97
LEU	1, 49	49	VAL	12, 40	1756	mit	nuc	0.85
ILE	1, 54	54	VAL	12, 40	1756	mit	nuc	0.94
ILE	1, 58	58	VAL	12, 40	1756	mit	nuc	0.94
PRO	12, 36	1752	VAL	12, 40	1756	nuc	nuc	0.99
PHE	12, 37	1753	VAL	12, 40	1756	nuc	nuc	1
PHE	12, 38	1754	VAL	12, 40	1756	nuc	nuc	0.99
ILE	12, 39	1755	VAL	12, 40	1756	nuc	nuc	1
PHE	12, 37	1753	ARG	12, 41	1757	nuc	nuc	0.99
PHE	12, 38	1754	ARG	12, 41	1757	nuc	nuc	1
ILE	12, 39	1755	ARG	12, 41	1757	nuc	nuc	1
VAL	12, 40	1756	ARG	12, 41	1757	nuc	nuc	1
THR	1, 118	118	HIS	12, 42	1758	mit	nuc	0.97
SER	10, 54	1654	HIS	12, 42	1758	nuc	nuc	0.82
PHE	12, 38	1754	HIS	12, 42	1758	nuc	nuc	0.99
ILE	12, 39	1755	HIS	12, 42	1758	nuc	nuc	1
VAL	12, 40	1756	HIS	12, 42	1758	nuc	nuc	1
ARG	12, 41	1757	HIS	12, 42	1758	nuc	nuc	1
ILE	1, 54	54	GLN	12, 43	1759	mit	nuc	0.98
VAL	1, 57	57	GLN	12, 43	1759	mit	nuc	0.75
SER	1, 117	117	GLN	12, 43	1759	mit	nuc	0.64
THR	1, 118	118	GLN	12, 43	1759	mit	nuc	0.82
ALA	1, 121	121	GLN	12, 43	1759	mit	nuc	0.68
GLY	1, 122	122	GLN	12, 43	1759	mit	nuc	0.78
ILE	12, 39	1755	GLN	12, 43	1759	nuc	nuc	0.99
VAL	12, 40	1756	GLN	12, 43	1759	nuc	nuc	1
ARG	12, 41	1757	GLN	12, 43	1759	nuc	nuc	0.98
HIS	12, 42	1758	GLN	12, 43	1759	nuc	nuc	1
LEU	1, 49	49	LEU	12, 44	1760	mit	nuc	0.66
ILE	1, 54	54	LEU	12, 44	1760	mit	nuc	0.78
VAL	12, 40	1756	LEU	12, 44	1760	nuc	nuc	1
ARG	12, 41	1757	LEU	12, 44	1760	nuc	nuc	1
HIS	12, 42	1758	LEU	12, 44	1760	nuc	nuc	0.98
GLN	12, 43	1759	LEU	12, 44	1760	nuc	nuc	1
ARG	12, 41	1757	LEU	12, 45	1761	nuc	nuc	0.98
HIS	12, 42	1758	LEU	12, 45	1761	nuc	nuc	1
GLN	12, 43	1759	LEU	12, 45	1761	nuc	nuc	0.97
LEU	12, 44	1760	LEU	12, 45	1761	nuc	nuc	1
PRO	10, 56	1656	LYS	12, 46	1762	nuc	nuc	0.87
HIS	12, 42	1758	LYS	12, 46	1762	nuc	nuc	0.96
GLN	12, 43	1759	LYS	12, 46	1762	nuc	nuc	0.99
LEU	12, 44	1760	LYS	12, 46	1762	nuc	nuc	0.97
LEU	12, 45	1761	LYS	12, 46	1762	nuc	nuc	1
GLN	12, 43	1759	LYS	12, 47	1763	nuc	nuc	0.56
LEU	12, 44	1760	LYS	12, 47	1763	nuc	nuc	0.76
LEU	12, 45	1761	LYS	12, 47	1763	nuc	nuc	0.78
LYS	12, 46	1762	LYS	12, 47	1763	nuc	nuc	1
PRO	1, 399	399	ILE	13, 1	1764	mit	nuc	0.87
THR	1, 405	405	ILE	13, 1	1764	mit	nuc	0.77
VAL	1, 483	483	ILE	13, 1	1764	mit	nuc	0.83
GLN	1, 485	485	ILE	13, 1	1764	mit	nuc	0.66
PRO	1, 486	486	ILE	13, 1	1764	mit	nuc	0.86
GLU	1, 487	487	ILE	13, 1	1764	mit	nuc	0.93
VAL	1, 483	483	VAL	13, 2	1765	mit	nuc	0.77
LEU	1, 484	484	VAL	13, 2	1765	mit	nuc	0.92
GLN	1, 485	485	VAL	13, 2	1765	mit	nuc	0.86
GLU	1, 487	487	VAL	13, 2	1765	mit	nuc	0.68
ILE	13, 1	1764	VAL	13, 2	1765	nuc	nuc	1
THR	1, 405	405	SER	13, 3	1766	mit	nuc	0.98
ARG	1, 481	481	SER	13, 3	1766	mit	nuc	0.96
LYS	1, 482	482	SER	13, 3	1766	mit	nuc	0.76
VAL	1, 483	483	SER	13, 3	1766	mit	nuc	0.96
LEU	1, 484	484	SER	13, 3	1766	mit	nuc	0.92
ILE	13, 1	1764	SER	13, 3	1766	nuc	nuc	0.92
VAL	13, 2	1765	SER	13, 3	1766	nuc	nuc	1
THR	1, 405	405	GLY	13, 4	1767	mit	nuc	0.59
ARG	1, 481	481	GLY	13, 4	1767	mit	nuc	0.97
LYS	1, 482	482	GLY	13, 4	1767	mit	nuc	0.96
VAL	1, 483	483	GLY	13, 4	1767	mit	nuc	0.85
LEU	1, 484	484	GLY	13, 4	1767	mit	nuc	0.96
VAL	13, 2	1765	GLY	13, 4	1767	nuc	nuc	0.97
SER	13, 3	1766	GLY	13, 4	1767	nuc	nuc	1
ARG	1, 481	481	PRO	13, 5	1768	mit	nuc	0.88
GLY	13, 4	1767	PRO	13, 5	1768	nuc	nuc	1
ALA	1, 479	479	PRO	13, 6	1769	mit	nuc	0.93
LYS	1, 480	480	PRO	13, 6	1769	mit	nuc	0.93
ARG	1, 481	481	PRO	13, 6	1769	mit	nuc	0.98
GLY	13, 4	1767	PRO	13, 6	1769	nuc	nuc	0.81
PRO	13, 5	1768	PRO	13, 6	1769	nuc	nuc	1
ALA	1, 479	479	GLN	13, 7	1770	mit	nuc	0.75
LYS	1, 480	480	GLN	13, 7	1770	mit	nuc	0.97
ARG	1, 481	481	GLN	13, 7	1770	mit	nuc	0.78
LYS	1, 482	482	GLN	13, 7	1770	mit	nuc	0.84
PRO	13, 5	1768	GLN	13, 7	1770	nuc	nuc	0.8
PRO	13, 6	1769	GLN	13, 7	1770	nuc	nuc	1
SER	1, 478	478	HIS	13, 8	1771	mit	nuc	0.87
ALA	1, 479	479	HIS	13, 8	1771	mit	nuc	0.92
LYS	1, 480	480	HIS	13, 8	1771	mit	nuc	0.94
LYS	12, 18	1734	HIS	13, 8	1771	nuc	nuc	0.79
PRO	13, 6	1769	HIS	13, 8	1771	nuc	nuc	0.95
GLN	13, 7	1770	HIS	13, 8	1771	nuc	nuc	1
ALA	1, 479	479	PRO	13, 9	1772	mit	nuc	0.89
PRO	13, 6	1769	PRO	13, 9	1772	nuc	nuc	0.93
HIS	13, 8	1771	PRO	13, 9	1772	nuc	nuc	1
GLU	1, 475	475	LEU	13, 10	1773	mit	nuc	0.9
SER	1, 478	478	LEU	13, 10	1773	mit	nuc	0.95
ALA	1, 479	479	LEU	13, 10	1773	mit	nuc	0.97
PRO	13, 6	1769	LEU	13, 10	1773	nuc	nuc	0.65
HIS	13, 8	1771	LEU	13, 10	1773	nuc	nuc	0.92
PRO	13, 9	1772	LEU	13, 10	1773	nuc	nuc	1
PRO	13, 9	1772	GLY	13, 11	1774	nuc	nuc	0.99
LEU	13, 10	1773	GLY	13, 11	1774	nuc	nuc	1
GLY	13, 11	1774	THR	13, 12	1775	nuc	nuc	1
GLY	13, 11	1774	ALA	13, 13	1776	nuc	nuc	0.99
THR	13, 12	1775	ALA	13, 13	1776	nuc	nuc	1
LYS	12, 18	1734	GLU	13, 14	1777	nuc	nuc	0.54
LEU	13, 10	1773	GLU	13, 14	1777	nuc	nuc	0.98
GLY	13, 11	1774	GLU	13, 14	1777	nuc	nuc	0.99
THR	13, 12	1775	GLU	13, 14	1777	nuc	nuc	0.96
ALA	13, 13	1776	GLU	13, 14	1777	nuc	nuc	1
GLU	1, 475	475	SER	13, 15	1778	mit	nuc	0.92
LEU	13, 10	1773	SER	13, 15	1778	nuc	nuc	0.96
GLY	13, 11	1774	SER	13, 15	1778	nuc	nuc	0.99
THR	13, 12	1775	SER	13, 15	1778	nuc	nuc	0.99
ALA	13, 13	1776	SER	13, 15	1778	nuc	nuc	0.98
GLU	13, 14	1777	SER	13, 15	1778	nuc	nuc	1
THR	13, 12	1775	VAL	13, 16	1779	nuc	nuc	0.97
ALA	13, 13	1776	VAL	13, 16	1779	nuc	nuc	0.99
GLU	13, 14	1777	VAL	13, 16	1779	nuc	nuc	0.97
SER	13, 15	1778	VAL	13, 16	1779	nuc	nuc	1
ALA	13, 13	1776	VAL	13, 17	1780	nuc	nuc	0.97
GLU	13, 14	1777	VAL	13, 17	1780	nuc	nuc	0.99
SER	13, 15	1778	VAL	13, 17	1780	nuc	nuc	0.98
VAL	13, 16	1779	VAL	13, 17	1780	nuc	nuc	1
PHE	1, 471	471	GLY	13, 18	1781	mit	nuc	0.97
TRP	1, 474	474	GLY	13, 18	1781	mit	nuc	0.93
LEU	12, 22	1738	GLY	13, 18	1781	nuc	nuc	0.98
GLU	13, 14	1777	GLY	13, 18	1781	nuc	nuc	0.96
SER	13, 15	1778	GLY	13, 18	1781	nuc	nuc	1
VAL	13, 16	1779	GLY	13, 18	1781	nuc	nuc	1
VAL	13, 17	1780	GLY	13, 18	1781	nuc	nuc	1
PHE	1, 471	471	LEU	13, 19	1782	mit	nuc	0.99
SER	13, 15	1778	LEU	13, 19	1782	nuc	nuc	0.99
VAL	13, 16	1779	LEU	13, 19	1782	nuc	nuc	1
VAL	13, 17	1780	LEU	13, 19	1782	nuc	nuc	0.98
GLY	13, 18	1781	LEU	13, 19	1782	nuc	nuc	1
VAL	13, 16	1779	LEU	13, 20	1783	nuc	nuc	0.99
VAL	13, 17	1780	LEU	13, 20	1783	nuc	nuc	1
GLY	13, 18	1781	LEU	13, 20	1783	nuc	nuc	1
LEU	13, 19	1782	LEU	13, 20	1783	nuc	nuc	1
LEU	12, 22	1738	ALA	13, 21	1784	nuc	nuc	0.97
CYS	12, 26	1742	ALA	13, 21	1784	nuc	nuc	0.97
VAL	13, 17	1780	ALA	13, 21	1784	nuc	nuc	1
GLY	13, 18	1781	ALA	13, 21	1784	nuc	nuc	1
LEU	13, 19	1782	ALA	13, 21	1784	nuc	nuc	0.99
LEU	13, 20	1783	ALA	13, 21	1784	nuc	nuc	1
ILE	1, 467	467	MET	13, 22	1785	mit	nuc	0.99
MET	1, 470	470	MET	13, 22	1785	mit	nuc	0.98
PHE	1, 471	471	MET	13, 22	1785	mit	nuc	0.99
TRP	1, 474	474	MET	13, 22	1785	mit	nuc	0.88
MET	12, 25	1741	MET	13, 22	1785	nuc	nuc	0.59
CYS	12, 26	1742	MET	13, 22	1785	nuc	nuc	0.97
PHE	12, 29	1745	MET	13, 22	1785	nuc	nuc	0.67
GLY	13, 18	1781	MET	13, 22	1785	nuc	nuc	1
LEU	13, 19	1782	MET	13, 22	1785	nuc	nuc	1
LEU	13, 20	1783	MET	13, 22	1785	nuc	nuc	0.99
ALA	13, 21	1784	MET	13, 22	1785	nuc	nuc	1
ILE	1, 467	467	PHE	13, 23	1786	mit	nuc	0.99
LEU	13, 19	1782	PHE	13, 23	1786	nuc	nuc	1
LEU	13, 20	1783	PHE	13, 23	1786	nuc	nuc	1
ALA	13, 21	1784	PHE	13, 23	1786	nuc	nuc	0.98
MET	13, 22	1785	PHE	13, 23	1786	nuc	nuc	1
LEU	13, 20	1783	VAL	13, 24	1787	nuc	nuc	1
ALA	13, 21	1784	VAL	13, 24	1787	nuc	nuc	1
MET	13, 22	1785	VAL	13, 24	1787	nuc	nuc	0.96
PHE	13, 23	1786	VAL	13, 24	1787	nuc	nuc	1
CYS	12, 26	1742	THR	13, 25	1788	nuc	nuc	0.99
ALA	12, 27	1743	THR	13, 25	1788	nuc	nuc	0.6
PHE	12, 29	1745	THR	13, 25	1788	nuc	nuc	0.68
GLY	12, 30	1746	THR	13, 25	1788	nuc	nuc	0.99
ALA	13, 21	1784	THR	13, 25	1788	nuc	nuc	0.99
MET	13, 22	1785	THR	13, 25	1788	nuc	nuc	1
PHE	13, 23	1786	THR	13, 25	1788	nuc	nuc	0.96
VAL	13, 24	1787	THR	13, 25	1788	nuc	nuc	1
ILE	1, 467	467	CYS	13, 26	1789	mit	nuc	0.99
PHE	12, 29	1745	CYS	13, 26	1789	nuc	nuc	0.92
GLY	12, 30	1746	CYS	13, 26	1789	nuc	nuc	0.99
PHE	12, 33	1749	CYS	13, 26	1789	nuc	nuc	0.99
ALA	12, 34	1750	CYS	13, 26	1789	nuc	nuc	0.58
MET	13, 22	1785	CYS	13, 26	1789	nuc	nuc	0.99
PHE	13, 23	1786	CYS	13, 26	1789	nuc	nuc	1
VAL	13, 24	1787	CYS	13, 26	1789	nuc	nuc	0.94
THR	13, 25	1788	CYS	13, 26	1789	nuc	nuc	1
ILE	4, 97	1101	LEU	13, 27	1790	nuc	nuc	0.86
PHE	13, 23	1786	LEU	13, 27	1790	nuc	nuc	0.99
VAL	13, 24	1787	LEU	13, 27	1790	nuc	nuc	0.99
THR	13, 25	1788	LEU	13, 27	1790	nuc	nuc	0.66
CYS	13, 26	1789	LEU	13, 27	1790	nuc	nuc	1
VAL	13, 24	1787	GLY	13, 28	1791	nuc	nuc	0.99
THR	13, 25	1788	GLY	13, 28	1791	nuc	nuc	0.98
CYS	13, 26	1789	GLY	13, 28	1791	nuc	nuc	1
LEU	13, 27	1790	GLY	13, 28	1791	nuc	nuc	1
GLY	12, 30	1746	PRO	13, 29	1792	nuc	nuc	0.76
PHE	12, 33	1749	PRO	13, 29	1792	nuc	nuc	0.55
ALA	12, 34	1750	PRO	13, 29	1792	nuc	nuc	0.99
PHE	12, 37	1753	PRO	13, 29	1792	nuc	nuc	0.95
PHE	12, 38	1754	PRO	13, 29	1792	nuc	nuc	0.56
THR	13, 25	1788	PRO	13, 29	1792	nuc	nuc	0.67
CYS	13, 26	1789	PRO	13, 29	1792	nuc	nuc	0.66
LEU	13, 27	1790	PRO	13, 29	1792	nuc	nuc	0.65
GLY	13, 28	1791	PRO	13, 29	1792	nuc	nuc	1
ALA	1, 33	33	ALA	13, 30	1793	mit	nuc	0.89
LEU	1, 36	36	ALA	13, 30	1793	mit	nuc	0.53
PHE	12, 33	1749	ALA	13, 30	1793	nuc	nuc	0.94
ALA	12, 34	1750	ALA	13, 30	1793	nuc	nuc	0.97
PHE	12, 37	1753	ALA	13, 30	1793	nuc	nuc	0.99
CYS	13, 26	1789	ALA	13, 30	1793	nuc	nuc	0.94
LEU	13, 27	1790	ALA	13, 30	1793	nuc	nuc	1
GLY	13, 28	1791	ALA	13, 30	1793	nuc	nuc	1
PRO	13, 29	1792	ALA	13, 30	1793	nuc	nuc	1
TRP	4, 100	1104	ALA	13, 31	1794	nuc	nuc	0.85
TYR	4, 104	1108	ALA	13, 31	1794	nuc	nuc	0.6
LEU	13, 27	1790	ALA	13, 31	1794	nuc	nuc	1
GLY	13, 28	1791	ALA	13, 31	1794	nuc	nuc	1
PRO	13, 29	1792	ALA	13, 31	1794	nuc	nuc	0.99
ALA	13, 30	1793	ALA	13, 31	1794	nuc	nuc	1
GLY	13, 28	1791	TRP	13, 32	1795	nuc	nuc	0.99
PRO	13, 29	1792	TRP	13, 32	1795	nuc	nuc	1
ALA	13, 30	1793	TRP	13, 32	1795	nuc	nuc	0.99
ALA	13, 31	1794	TRP	13, 32	1795	nuc	nuc	1
PHE	12, 37	1753	VAL	13, 33	1796	nuc	nuc	0.99
PHE	12, 38	1754	VAL	13, 33	1796	nuc	nuc	0.94
VAL	12, 40	1756	VAL	13, 33	1796	nuc	nuc	0.85
ARG	12, 41	1757	VAL	13, 33	1796	nuc	nuc	0.99
PRO	13, 29	1792	VAL	13, 33	1796	nuc	nuc	0.98
ALA	13, 30	1793	VAL	13, 33	1796	nuc	nuc	0.99
ALA	13, 31	1794	VAL	13, 33	1796	nuc	nuc	0.96
TRP	13, 32	1795	VAL	13, 33	1796	nuc	nuc	1
ALA	1, 40	40	LEU	13, 34	1797	mit	nuc	0.88
GLN	4, 101	1105	LEU	13, 34	1797	nuc	nuc	0.68
TYR	4, 104	1108	LEU	13, 34	1797	nuc	nuc	0.53
MET	4, 105	1109	LEU	13, 34	1797	nuc	nuc	0.98
PHE	12, 37	1753	LEU	13, 34	1797	nuc	nuc	0.87
ALA	13, 30	1793	LEU	13, 34	1797	nuc	nuc	0.99
ALA	13, 31	1794	LEU	13, 34	1797	nuc	nuc	1
TRP	13, 32	1795	LEU	13, 34	1797	nuc	nuc	0.96
VAL	13, 33	1796	LEU	13, 34	1797	nuc	nuc	1
TYR	4, 104	1108	SER	13, 35	1798	nuc	nuc	0.98
MET	4, 105	1109	SER	13, 35	1798	nuc	nuc	0.95
ALA	13, 31	1794	SER	13, 35	1798	nuc	nuc	0.99
TRP	13, 32	1795	SER	13, 35	1798	nuc	nuc	1
VAL	13, 33	1796	SER	13, 35	1798	nuc	nuc	0.95
LEU	13, 34	1797	SER	13, 35	1798	nuc	nuc	1
TRP	13, 32	1795	HIS	13, 36	1799	nuc	nuc	0.97
VAL	13, 33	1796	HIS	13, 36	1799	nuc	nuc	0.98
LEU	13, 34	1797	HIS	13, 36	1799	nuc	nuc	0.83
SER	13, 35	1798	HIS	13, 36	1799	nuc	nuc	1
LEU	1, 48	48	LEU	13, 37	1800	mit	nuc	0.88
LEU	1, 49	49	LEU	13, 37	1800	mit	nuc	0.7
MET	4, 105	1109	LEU	13, 37	1800	nuc	nuc	0.75
LEU	12, 44	1760	LEU	13, 37	1800	nuc	nuc	0.82
VAL	13, 33	1796	LEU	13, 37	1800	nuc	nuc	0.92
LEU	13, 34	1797	LEU	13, 37	1800	nuc	nuc	0.99
SER	13, 35	1798	LEU	13, 37	1800	nuc	nuc	0.96
HIS	13, 36	1799	LEU	13, 37	1800	nuc	nuc	1
HIS	13, 36	1799	GLU	13, 38	1801	nuc	nuc	0.95
LEU	13, 37	1800	GLU	13, 38	1801	nuc	nuc	1
HIS	13, 36	1799	ASP	13, 39	1802	nuc	nuc	0.98
LEU	13, 37	1800	ASP	13, 39	1802	nuc	nuc	0.97
GLU	13, 38	1801	ASP	13, 39	1802	nuc	nuc	1
ARG	12, 41	1757	TYR	13, 40	1803	nuc	nuc	0.9
LEU	12, 44	1760	TYR	13, 40	1803	nuc	nuc	0.97
LEU	12, 45	1761	TYR	13, 40	1803	nuc	nuc	0.95
HIS	13, 36	1799	TYR	13, 40	1803	nuc	nuc	0.96
LEU	13, 37	1800	TYR	13, 40	1803	nuc	nuc	0.99
GLU	13, 38	1801	TYR	13, 40	1803	nuc	nuc	0.96
ASP	13, 39	1802	TYR	13, 40	1803	nuc	nuc	1
GLY	1, 50	50	LYS	13, 41	1804	mit	nuc	0.72
LEU	12, 44	1760	LYS	13, 41	1804	nuc	nuc	0.94
LEU	13, 37	1800	LYS	13, 41	1804	nuc	nuc	0.93
GLU	13, 38	1801	LYS	13, 41	1804	nuc	nuc	0.97
ASP	13, 39	1802	LYS	13, 41	1804	nuc	nuc	0.91
TYR	13, 40	1803	LYS	13, 41	1804	nuc	nuc	1
GLU	13, 38	1801	LYS	13, 42	1805	nuc	nuc	0.68
ASP	13, 39	1802	LYS	13, 42	1805	nuc	nuc	0.76
TYR	13, 40	1803	LYS	13, 42	1805	nuc	nuc	0.77
LYS	13, 41	1804	LYS	13, 42	1805	nuc	nuc	1
LYS	13, 41	1804	ARG	13, 43	1806	nuc	nuc	0.73
LYS	13, 42	1805	ARG	13, 43	1806	nuc	nuc	1
LYS	13, 42	1805	GLU	13, 44	1807	nuc	nuc	0.74
ARG	13, 43	1806	GLU	13, 44	1807	nuc	nuc	1
ALA	14, 1	1808	LEU	14, 2	1809	nuc	nuc	1
TYR	1, 305	305	TYR	14, 3	1810	mit	nuc	0.75
ALA	14, 1	1808	TYR	14, 3	1810	nuc	nuc	0.94
LEU	14, 2	1809	TYR	14, 3	1810	nuc	nuc	1
ALA	14, 1	1808	VAL	14, 4	1811	nuc	nuc	0.9
LEU	14, 2	1809	VAL	14, 4	1811	nuc	nuc	0.93
TYR	14, 3	1810	VAL	14, 4	1811	nuc	nuc	1
ALA	14, 1	1808	MET	14, 5	1812	nuc	nuc	0.75
LEU	14, 2	1809	MET	14, 5	1812	nuc	nuc	0.94
TYR	14, 3	1810	MET	14, 5	1812	nuc	nuc	0.97
VAL	14, 4	1811	MET	14, 5	1812	nuc	nuc	1
LEU	14, 2	1809	ARG	14, 6	1813	nuc	nuc	0.86
TYR	14, 3	1810	ARG	14, 6	1813	nuc	nuc	0.93
VAL	14, 4	1811	ARG	14, 6	1813	nuc	nuc	0.94
MET	14, 5	1812	ARG	14, 6	1813	nuc	nuc	1
THR	1, 302	302	LEU	14, 7	1814	mit	nuc	0.62
TYR	14, 3	1810	LEU	14, 7	1814	nuc	nuc	0.9
VAL	14, 4	1811	LEU	14, 7	1814	nuc	nuc	0.94
MET	14, 5	1812	LEU	14, 7	1814	nuc	nuc	0.95
ARG	14, 6	1813	LEU	14, 7	1814	nuc	nuc	1
VAL	14, 4	1811	ALA	14, 8	1815	nuc	nuc	0.9
MET	14, 5	1812	ALA	14, 8	1815	nuc	nuc	0.94
ARG	14, 6	1813	ALA	14, 8	1815	nuc	nuc	0.92
LEU	14, 7	1814	ALA	14, 8	1815	nuc	nuc	1
MET	14, 5	1812	VAL	14, 9	1816	nuc	nuc	0.88
ARG	14, 6	1813	VAL	14, 9	1816	nuc	nuc	0.89
LEU	14, 7	1814	VAL	14, 9	1816	nuc	nuc	0.68
ALA	14, 8	1815	VAL	14, 9	1816	nuc	nuc	1
ARG	14, 6	1813	PHE	14, 10	1817	nuc	nuc	0.87
LEU	14, 7	1814	PHE	14, 10	1817	nuc	nuc	0.81
VAL	14, 9	1816	PHE	14, 10	1817	nuc	nuc	1
LEU	14, 7	1814	ASN	14, 11	1818	nuc	nuc	0.85
ALA	14, 8	1815	ASN	14, 11	1818	nuc	nuc	0.78
VAL	14, 9	1816	ASN	14, 11	1818	nuc	nuc	0.77
PHE	14, 10	1817	ASN	14, 11	1818	nuc	nuc	1
ARG	8, 13	1458	PRO	14, 12	1819	nuc	nuc	0.52
ASN	14, 11	1818	PRO	14, 12	1819	nuc	nuc	1
ALA	3, 107	850	ASP	14, 13	1820	mit	nuc	0.77
ARG	8, 21	1466	ASP	14, 13	1820	nuc	nuc	0.62
ASN	14, 11	1818	ASP	14, 13	1820	nuc	nuc	0.95
PRO	14, 12	1819	ASP	14, 13	1820	nuc	nuc	1
LEU	3, 106	849	VAL	14, 14	1821	mit	nuc	0.84
ALA	3, 107	850	VAL	14, 14	1821	mit	nuc	0.73
ALA	14, 8	1815	VAL	14, 14	1821	nuc	nuc	0.67
ASN	14, 11	1818	VAL	14, 14	1821	nuc	nuc	0.88
PRO	14, 12	1819	VAL	14, 14	1821	nuc	nuc	0.79
ASP	14, 13	1820	VAL	14, 14	1821	nuc	nuc	1
LEU	3, 106	849	CYS	14, 15	1822	mit	nuc	0.76
ALA	3, 107	850	CYS	14, 15	1822	mit	nuc	0.61
PRO	3, 108	851	CYS	14, 15	1822	mit	nuc	0.53
TRP	3, 116	859	CYS	14, 15	1822	mit	nuc	0.51
ASP	14, 13	1820	CYS	14, 15	1822	nuc	nuc	0.51
VAL	14, 14	1821	CYS	14, 15	1822	nuc	nuc	1
LEU	3, 106	849	TRP	14, 16	1823	mit	nuc	0.64
VAL	14, 14	1821	TRP	14, 16	1823	nuc	nuc	0.92
CYS	14, 15	1822	TRP	14, 16	1823	nuc	nuc	1
CYS	14, 15	1822	ASP	14, 17	1824	nuc	nuc	0.86
TRP	14, 16	1823	ASP	14, 17	1824	nuc	nuc	1
TRP	3, 116	859	LYS	14, 18	1825	mit	nuc	0.59
CYS	14, 15	1822	LYS	14, 18	1825	nuc	nuc	0.67
TRP	14, 16	1823	LYS	14, 18	1825	nuc	nuc	0.69
ASP	14, 17	1824	LYS	14, 18	1825	nuc	nuc	1
ASP	14, 17	1824	LYS	14, 19	1826	nuc	nuc	0.9
LYS	14, 18	1825	LYS	14, 19	1826	nuc	nuc	1
ASP	14, 17	1824	ASN	14, 20	1827	nuc	nuc	0.76
LYS	14, 18	1825	ASN	14, 20	1827	nuc	nuc	0.53
LYS	14, 19	1826	ASN	14, 20	1827	nuc	nuc	1
ASP	14, 17	1824	ASN	14, 21	1828	nuc	nuc	0.56
LYS	14, 19	1826	ASN	14, 21	1828	nuc	nuc	0.55
ASN	14, 20	1827	ASN	14, 21	1828	nuc	nuc	1
CYS	14, 15	1822	PRO	14, 22	1829	nuc	nuc	0.52
LYS	14, 18	1825	PRO	14, 22	1829	nuc	nuc	0.64
ASN	14, 21	1828	PRO	14, 22	1829	nuc	nuc	1
ASN	14, 21	1828	GLU	14, 23	1830	nuc	nuc	0.84
PRO	14, 22	1829	GLU	14, 23	1830	nuc	nuc	1
CYS	14, 15	1822	PRO	14, 24	1831	nuc	nuc	0.57
ASN	14, 21	1828	PRO	14, 24	1831	nuc	nuc	0.58
PRO	14, 22	1829	PRO	14, 24	1831	nuc	nuc	0.65
GLU	14, 23	1830	PRO	14, 24	1831	nuc	nuc	1
ARG	8, 13	1458	TRP	14, 25	1832	nuc	nuc	0.67
PHE	8, 14	1459	TRP	14, 25	1832	nuc	nuc	0.53
ARG	8, 21	1466	TRP	14, 25	1832	nuc	nuc	0.57
GLN	8, 25	1470	TRP	14, 25	1832	nuc	nuc	0.51
PRO	14, 12	1819	TRP	14, 25	1832	nuc	nuc	0.51
ASP	14, 13	1820	TRP	14, 25	1832	nuc	nuc	0.52
GLU	14, 23	1830	TRP	14, 25	1832	nuc	nuc	0.9
PRO	14, 24	1831	TRP	14, 25	1832	nuc	nuc	1
ARG	8, 13	1458	ASN	14, 26	1833	nuc	nuc	0.57
GLU	14, 23	1830	ASN	14, 26	1833	nuc	nuc	0.69
PRO	14, 24	1831	ASN	14, 26	1833	nuc	nuc	0.88
TRP	14, 25	1832	ASN	14, 26	1833	nuc	nuc	1
PRO	14, 24	1831	LYS	14, 27	1834	nuc	nuc	0.73
TRP	14, 25	1832	LYS	14, 27	1834	nuc	nuc	0.85
ASN	14, 26	1833	LYS	14, 27	1834	nuc	nuc	1
ARG	8, 13	1458	LEU	14, 28	1835	nuc	nuc	0.68
TRP	14, 25	1832	LEU	14, 28	1835	nuc	nuc	0.7
ASN	14, 26	1833	LEU	14, 28	1835	nuc	nuc	0.83
LYS	14, 27	1834	LEU	14, 28	1835	nuc	nuc	1
LEU	14, 28	1835	ALA	14, 29	1836	nuc	nuc	1
SER	8, 12	1457	PRO	14, 30	1837	nuc	nuc	0.73
LEU	14, 28	1835	PRO	14, 30	1837	nuc	nuc	0.58
ALA	14, 29	1836	PRO	14, 30	1837	nuc	nuc	1
SER	8, 12	1457	ASN	14, 31	1838	nuc	nuc	0.6
ALA	14, 29	1836	ASN	14, 31	1838	nuc	nuc	0.88
PRO	14, 30	1837	ASN	14, 31	1838	nuc	nuc	1
SER	8, 12	1457	ASP	14, 32	1839	nuc	nuc	0.7
LEU	14, 28	1835	ASP	14, 32	1839	nuc	nuc	0.68
ALA	14, 29	1836	ASP	14, 32	1839	nuc	nuc	0.72
PRO	14, 30	1837	ASP	14, 32	1839	nuc	nuc	0.81
ASN	14, 31	1838	ASP	14, 32	1839	nuc	nuc	1
SER	8, 12	1457	GLN	14, 33	1840	nuc	nuc	0.51
ASN	14, 31	1838	GLN	14, 33	1840	nuc	nuc	0.6
ASP	14, 32	1839	GLN	14, 33	1840	nuc	nuc	1
PRO	8, 15	1460	TYR	14, 34	1841	nuc	nuc	0.71
PRO	14, 12	1819	TYR	14, 34	1841	nuc	nuc	0.59
ASP	14, 32	1839	TYR	14, 34	1841	nuc	nuc	0.85
GLN	14, 33	1840	TYR	14, 34	1841	nuc	nuc	1
VAL	1, 300	300	LYS	14, 35	1842	mit	nuc	0.69
ASP	1, 301	301	LYS	14, 35	1842	mit	nuc	0.77
PRO	8, 15	1460	LYS	14, 35	1842	nuc	nuc	0.71
GLN	14, 33	1840	LYS	14, 35	1842	nuc	nuc	0.9
TYR	14, 34	1841	LYS	14, 35	1842	nuc	nuc	1
ASP	1, 301	301	PHE	14, 36	1843	mit	nuc	0.79
LYS	14, 35	1842	PHE	14, 36	1843	nuc	nuc	1
TYR	2, 84	600	TYR	14, 37	1844	mit	nuc	0.75
LYS	14, 35	1842	TYR	14, 37	1844	nuc	nuc	0.89
PHE	14, 36	1843	TYR	14, 37	1844	nuc	nuc	1
TYR	2, 84	600	SER	14, 38	1845	mit	nuc	0.65
LYS	14, 35	1842	SER	14, 38	1845	nuc	nuc	0.72
TYR	14, 37	1844	SER	14, 38	1845	nuc	nuc	1
TYR	2, 84	600	VAL	14, 39	1846	mit	nuc	0.75
MET	2, 85	601	VAL	14, 39	1846	mit	nuc	0.64
GLU	2, 88	604	VAL	14, 39	1846	mit	nuc	0.65
TYR	14, 37	1844	VAL	14, 39	1846	nuc	nuc	0.8
SER	14, 38	1845	VAL	14, 39	1846	nuc	nuc	1
GLU	2, 88	604	ASN	14, 40	1847	mit	nuc	0.7
SER	14, 38	1845	ASN	14, 40	1847	nuc	nuc	0.84
VAL	14, 39	1846	ASN	14, 40	1847	nuc	nuc	1
GLU	2, 88	604	VAL	14, 41	1848	mit	nuc	0.59
SER	14, 38	1845	VAL	14, 41	1848	nuc	nuc	0.67
VAL	14, 39	1846	VAL	14, 41	1848	nuc	nuc	0.72
ASN	14, 40	1847	VAL	14, 41	1848	nuc	nuc	1
ASN	14, 40	1847	ASP	14, 42	1849	nuc	nuc	0.51
VAL	14, 41	1848	ASP	14, 42	1849	nuc	nuc	1
GLN	14, 33	1840	TYR	14, 43	1850	nuc	nuc	0.62
VAL	14, 41	1848	TYR	14, 43	1850	nuc	nuc	0.8
ASP	14, 42	1849	TYR	14, 43	1850	nuc	nuc	1
ASN	14, 31	1838	SER	14, 44	1851	nuc	nuc	0.56
ASP	14, 42	1849	SER	14, 44	1851	nuc	nuc	0.89
TYR	14, 43	1850	SER	14, 44	1851	nuc	nuc	1
ASP	14, 42	1849	LYS	14, 45	1852	nuc	nuc	0.72
TYR	14, 43	1850	LYS	14, 45	1852	nuc	nuc	0.8
SER	14, 44	1851	LYS	14, 45	1852	nuc	nuc	1
SER	8, 12	1457	LEU	14, 46	1853	nuc	nuc	0.64
ASN	14, 31	1838	LEU	14, 46	1853	nuc	nuc	0.57
ASP	14, 42	1849	LEU	14, 46	1853	nuc	nuc	0.53
TYR	14, 43	1850	LEU	14, 46	1853	nuc	nuc	0.74
SER	14, 44	1851	LEU	14, 46	1853	nuc	nuc	0.81
LYS	14, 45	1852	LEU	14, 46	1853	nuc	nuc	1
PRO	14, 30	1837	LYS	14, 47	1854	nuc	nuc	0.52
LYS	14, 45	1852	LYS	14, 47	1854	nuc	nuc	0.67
LEU	14, 46	1853	LYS	14, 47	1854	nuc	nuc	1
PRO	14, 30	1837	LYS	14, 48	1855	nuc	nuc	0.53
LEU	14, 46	1853	LYS	14, 48	1855	nuc	nuc	0.53
LYS	14, 47	1854	LYS	14, 48	1855	nuc	nuc	1
PRO	8, 9	1454	ASP	14, 49	1856	nuc	nuc	0.59
LYS	14, 47	1854	ASP	14, 49	1856	nuc	nuc	0.87
LYS	14, 48	1855	ASP	14, 49	1856	nuc	nuc	1
TRP	8, 49	1494	ARG	14, 50	1857	nuc	nuc	0.68
TYR	8, 50	1495	ARG	14, 50	1857	nuc	nuc	0.52
LYS	14, 48	1855	ARG	14, 50	1857	nuc	nuc	0.91
ASP	14, 49	1856	ARG	14, 50	1857	nuc	nuc	1
PRO	8, 46	1491	PRO	14, 51	1858	nuc	nuc	0.62
TRP	8, 49	1494	PRO	14, 51	1858	nuc	nuc	0.68
ARG	14, 50	1857	PRO	14, 51	1858	nuc	nuc	1
ARG	14, 50	1857	ASP	14, 52	1859	nuc	nuc	0.8
PRO	14, 51	1858	ASP	14, 52	1859	nuc	nuc	1
CYS	8, 33	1478	PHE	14, 53	1860	nuc	nuc	0.76
ALA	8, 36	1481	PHE	14, 53	1860	nuc	nuc	0.72
MET	8, 37	1482	PHE	14, 53	1860	nuc	nuc	0.53
PRO	14, 51	1858	PHE	14, 53	1860	nuc	nuc	0.89
ASP	14, 52	1859	PHE	14, 53	1860	nuc	nuc	1
