AA1	SubPos1	GloPos1	AA2	SubPos2	GloPos2	AA1Type	AA2Type	Prob
MET	1, 1	1	ALA	1, 2	2	mit	mit	1
MET	1, 1	1	PRO	1, 3	3	mit	mit	0.58
ALA	1, 2	2	PRO	1, 3	3	mit	mit	1
ALA	1, 2	2	ASN	1, 4	4	mit	mit	0.93
PRO	1, 3	3	ASN	1, 4	4	mit	mit	1
ASN	1, 4	4	ILE	1, 5	5	mit	mit	1
ASN	1, 4	4	ARG	1, 6	6	mit	mit	0.99
ILE	1, 5	5	ARG	1, 6	6	mit	mit	1
ALA	1, 2	2	LYS	1, 7	7	mit	mit	0.75
ASN	1, 4	4	LYS	1, 7	7	mit	mit	0.98
ILE	1, 5	5	LYS	1, 7	7	mit	mit	0.9
ARG	1, 6	6	LYS	1, 7	7	mit	mit	1
MET	1, 1	1	SER	1, 8	8	mit	mit	0.69
ALA	1, 2	2	SER	1, 8	8	mit	mit	0.82
PRO	1, 3	3	SER	1, 8	8	mit	mit	0.61
ASN	1, 4	4	SER	1, 8	8	mit	mit	0.93
ILE	1, 5	5	SER	1, 8	8	mit	mit	0.96
ARG	1, 6	6	SER	1, 8	8	mit	mit	0.69
LYS	1, 7	7	SER	1, 8	8	mit	mit	1
ILE	1, 5	5	HIS	1, 9	9	mit	mit	0.97
ARG	1, 6	6	HIS	1, 9	9	mit	mit	0.9
SER	1, 8	8	HIS	1, 9	9	mit	mit	1
HIS	1, 9	9	PRO	1, 10	10	mit	mit	1
HIS	1, 9	9	LEU	1, 11	11	mit	mit	0.99
PRO	1, 10	10	LEU	1, 11	11	mit	mit	1
ILE	1, 5	5	LEU	1, 12	12	mit	mit	0.93
ARG	1, 6	6	LEU	1, 12	12	mit	mit	0.97
LYS	1, 7	7	LEU	1, 12	12	mit	mit	0.54
HIS	1, 9	9	LEU	1, 12	12	mit	mit	1
PRO	1, 10	10	LEU	1, 12	12	mit	mit	0.92
LEU	1, 11	11	LEU	1, 12	12	mit	mit	1
ARG	1, 6	6	LYS	1, 13	13	mit	mit	0.78
LYS	1, 7	7	LYS	1, 13	13	mit	mit	0.97
SER	1, 8	8	LYS	1, 13	13	mit	mit	0.89
HIS	1, 9	9	LYS	1, 13	13	mit	mit	0.98
PRO	1, 10	10	LYS	1, 13	13	mit	mit	0.99
LEU	1, 11	11	LYS	1, 13	13	mit	mit	0.99
LEU	1, 12	12	LYS	1, 13	13	mit	mit	1
PRO	1, 10	10	MET	1, 14	14	mit	mit	0.89
LEU	1, 11	11	MET	1, 14	14	mit	mit	0.99
LEU	1, 12	12	MET	1, 14	14	mit	mit	0.99
LYS	1, 13	13	MET	1, 14	14	mit	mit	1
LEU	1, 11	11	ILE	1, 15	15	mit	mit	0.97
LEU	1, 12	12	ILE	1, 15	15	mit	mit	1
LYS	1, 13	13	ILE	1, 15	15	mit	mit	0.97
MET	1, 14	14	ILE	1, 15	15	mit	mit	1
ARG	1, 6	6	ASN	1, 16	16	mit	mit	0.96
LYS	1, 7	7	ASN	1, 16	16	mit	mit	0.93
LEU	1, 12	12	ASN	1, 16	16	mit	mit	0.99
LYS	1, 13	13	ASN	1, 16	16	mit	mit	1
MET	1, 14	14	ASN	1, 16	16	mit	mit	0.99
ILE	1, 15	15	ASN	1, 16	16	mit	mit	1
LYS	1, 13	13	ASN	1, 17	17	mit	mit	0.99
MET	1, 14	14	ASN	1, 17	17	mit	mit	0.99
ILE	1, 15	15	ASN	1, 17	17	mit	mit	0.92
ASN	1, 16	16	ASN	1, 17	17	mit	mit	1
MET	1, 14	14	SER	1, 18	18	mit	mit	0.98
ILE	1, 15	15	SER	1, 18	18	mit	mit	0.99
ASN	1, 16	16	SER	1, 18	18	mit	mit	0.94
ASN	1, 17	17	SER	1, 18	18	mit	mit	1
ILE	1, 15	15	LEU	1, 19	19	mit	mit	0.99
ASN	1, 16	16	LEU	1, 19	19	mit	mit	0.89
SER	1, 18	18	LEU	1, 19	19	mit	mit	1
ARG	1, 6	6	ILE	1, 20	20	mit	mit	0.88
ILE	1, 15	15	ILE	1, 20	20	mit	mit	0.97
ASN	1, 16	16	ILE	1, 20	20	mit	mit	0.99
ASN	1, 17	17	ILE	1, 20	20	mit	mit	0.57
SER	1, 18	18	ILE	1, 20	20	mit	mit	0.61
LEU	1, 19	19	ILE	1, 20	20	mit	mit	1
ASN	1, 16	16	ASP	1, 21	21	mit	mit	0.99
ASN	1, 17	17	ASP	1, 21	21	mit	mit	0.97
ILE	1, 20	20	ASP	1, 21	21	mit	mit	1
ASN	1, 17	17	LEU	1, 22	22	mit	mit	0.98
SER	1, 18	18	LEU	1, 22	22	mit	mit	0.99
LEU	1, 19	19	LEU	1, 22	22	mit	mit	0.98
ILE	1, 20	20	LEU	1, 22	22	mit	mit	0.98
ASP	1, 21	21	LEU	1, 22	22	mit	mit	1
ASP	1, 21	21	PRO	1, 23	23	mit	mit	0.86
LEU	1, 22	22	PRO	1, 23	23	mit	mit	1
LEU	1, 22	22	ALA	1, 24	24	mit	mit	1
PRO	1, 23	23	ALA	1, 24	24	mit	mit	1
ALA	1, 24	24	PRO	1, 25	25	mit	mit	1
ALA	1, 24	24	SER	1, 26	26	mit	mit	0.77
PRO	1, 25	25	SER	1, 26	26	mit	mit	1
PRO	1, 25	25	ASN	1, 27	27	mit	mit	1
SER	1, 26	26	ASN	1, 27	27	mit	mit	1
ALA	1, 24	24	ILE	1, 28	28	mit	mit	0.96
PRO	1, 25	25	ILE	1, 28	28	mit	mit	1
SER	1, 26	26	ILE	1, 28	28	mit	mit	0.83
ASN	1, 27	27	ILE	1, 28	28	mit	mit	1
ASN	1, 27	27	SER	1, 29	29	mit	mit	0.78
ILE	1, 28	28	SER	1, 29	29	mit	mit	1
SER	1, 29	29	ALA	1, 30	30	mit	mit	1
ILE	1, 28	28	TRP	1, 31	31	mit	mit	0.53
SER	1, 29	29	TRP	1, 31	31	mit	mit	1
ALA	1, 30	30	TRP	1, 31	31	mit	mit	1
ILE	1, 28	28	TRP	1, 32	32	mit	mit	0.99
SER	1, 29	29	TRP	1, 32	32	mit	mit	0.99
ALA	1, 30	30	TRP	1, 32	32	mit	mit	0.99
TRP	1, 31	31	TRP	1, 32	32	mit	mit	1
ALA	1, 30	30	ASN	1, 33	33	mit	mit	1
TRP	1, 31	31	ASN	1, 33	33	mit	mit	0.99
TRP	1, 32	32	ASN	1, 33	33	mit	mit	1
TRP	1, 31	31	PHE	1, 34	34	mit	mit	0.99
TRP	1, 32	32	PHE	1, 34	34	mit	mit	0.99
ASN	1, 33	33	PHE	1, 34	34	mit	mit	1
TRP	1, 32	32	GLY	1, 35	35	mit	mit	0.95
ASN	1, 33	33	GLY	1, 35	35	mit	mit	1
PHE	1, 34	34	GLY	1, 35	35	mit	mit	1
ASN	1, 33	33	SER	1, 36	36	mit	mit	1
PHE	1, 34	34	SER	1, 36	36	mit	mit	0.94
GLY	1, 35	35	SER	1, 36	36	mit	mit	1
ASN	1, 33	33	LEU	1, 37	37	mit	mit	0.99
PHE	1, 34	34	LEU	1, 37	37	mit	mit	1
GLY	1, 35	35	LEU	1, 37	37	mit	mit	1
SER	1, 36	36	LEU	1, 37	37	mit	mit	1
PHE	1, 34	34	LEU	1, 38	38	mit	mit	0.99
GLY	1, 35	35	LEU	1, 38	38	mit	mit	1
SER	1, 36	36	LEU	1, 38	38	mit	mit	1
LEU	1, 37	37	LEU	1, 38	38	mit	mit	1
GLY	1, 35	35	ALA	1, 39	39	mit	mit	0.99
SER	1, 36	36	ALA	1, 39	39	mit	mit	1
LEU	1, 37	37	ALA	1, 39	39	mit	mit	1
LEU	1, 38	38	ALA	1, 39	39	mit	mit	1
SER	1, 36	36	VAL	1, 40	40	mit	mit	0.99
LEU	1, 37	37	VAL	1, 40	40	mit	mit	1
LEU	1, 38	38	VAL	1, 40	40	mit	mit	0.98
ALA	1, 39	39	VAL	1, 40	40	mit	mit	1
LEU	1, 37	37	CYS	1, 41	41	mit	mit	1
LEU	1, 38	38	CYS	1, 41	41	mit	mit	1
ALA	1, 39	39	CYS	1, 41	41	mit	mit	1
VAL	1, 40	40	CYS	1, 41	41	mit	mit	1
LEU	1, 38	38	LEU	1, 42	42	mit	mit	1
ALA	1, 39	39	LEU	1, 42	42	mit	mit	1
VAL	1, 40	40	LEU	1, 42	42	mit	mit	1
CYS	1, 41	41	LEU	1, 42	42	mit	mit	1
ALA	1, 39	39	MET	1, 43	43	mit	mit	0.99
VAL	1, 40	40	MET	1, 43	43	mit	mit	1
CYS	1, 41	41	MET	1, 43	43	mit	mit	0.99
LEU	1, 42	42	MET	1, 43	43	mit	mit	1
VAL	1, 40	40	THR	1, 44	44	mit	mit	1
CYS	1, 41	41	THR	1, 44	44	mit	mit	1
LEU	1, 42	42	THR	1, 44	44	mit	mit	0.99
MET	1, 43	43	THR	1, 44	44	mit	mit	1
CYS	1, 41	41	GLN	1, 45	45	mit	mit	1
LEU	1, 42	42	GLN	1, 45	45	mit	mit	1
MET	1, 43	43	GLN	1, 45	45	mit	mit	0.99
THR	1, 44	44	GLN	1, 45	45	mit	mit	1
LEU	1, 42	42	ILE	1, 46	46	mit	mit	1
MET	1, 43	43	ILE	1, 46	46	mit	mit	1
THR	1, 44	44	ILE	1, 46	46	mit	mit	0.99
GLN	1, 45	45	ILE	1, 46	46	mit	mit	1
MET	1, 43	43	LEU	1, 47	47	mit	mit	1
THR	1, 44	44	LEU	1, 47	47	mit	mit	1
GLN	1, 45	45	LEU	1, 47	47	mit	mit	0.98
ILE	1, 46	46	LEU	1, 47	47	mit	mit	1
THR	1, 44	44	THR	1, 48	48	mit	mit	1
GLN	1, 45	45	THR	1, 48	48	mit	mit	1
ILE	1, 46	46	THR	1, 48	48	mit	mit	0.92
LEU	1, 47	47	THR	1, 48	48	mit	mit	1
GLN	1, 45	45	GLY	1, 49	49	mit	mit	1
ILE	1, 46	46	GLY	1, 49	49	mit	mit	1
LEU	1, 47	47	GLY	1, 49	49	mit	mit	1
THR	1, 48	48	GLY	1, 49	49	mit	mit	1
ILE	1, 46	46	LEU	1, 50	50	mit	mit	1
LEU	1, 47	47	LEU	1, 50	50	mit	mit	1
THR	1, 48	48	LEU	1, 50	50	mit	mit	0.99
GLY	1, 49	49	LEU	1, 50	50	mit	mit	1
LEU	1, 47	47	LEU	1, 51	51	mit	mit	0.99
THR	1, 48	48	LEU	1, 51	51	mit	mit	1
GLY	1, 49	49	LEU	1, 51	51	mit	mit	1
LEU	1, 50	50	LEU	1, 51	51	mit	mit	1
THR	1, 48	48	LEU	1, 52	52	mit	mit	1
GLY	1, 49	49	LEU	1, 52	52	mit	mit	1
LEU	1, 50	50	LEU	1, 52	52	mit	mit	1
LEU	1, 51	51	LEU	1, 52	52	mit	mit	1
GLY	1, 49	49	ALA	1, 53	53	mit	mit	1
LEU	1, 50	50	ALA	1, 53	53	mit	mit	1
LEU	1, 51	51	ALA	1, 53	53	mit	mit	1
LEU	1, 52	52	ALA	1, 53	53	mit	mit	1
LEU	1, 50	50	MET	1, 54	54	mit	mit	0.99
LEU	1, 51	51	MET	1, 54	54	mit	mit	1
LEU	1, 52	52	MET	1, 54	54	mit	mit	1
ALA	1, 53	53	MET	1, 54	54	mit	mit	1
LEU	1, 51	51	HIS	1, 55	55	mit	mit	0.78
LEU	1, 52	52	HIS	1, 55	55	mit	mit	0.99
ALA	1, 53	53	HIS	1, 55	55	mit	mit	0.93
MET	1, 54	54	HIS	1, 55	55	mit	mit	1
LEU	1, 52	52	TYR	1, 56	56	mit	mit	1
ALA	1, 53	53	TYR	1, 56	56	mit	mit	1
MET	1, 54	54	TYR	1, 56	56	mit	mit	0.9
HIS	1, 55	55	TYR	1, 56	56	mit	mit	1
TYR	1, 56	56	THR	1, 57	57	mit	mit	1
TYR	1, 56	56	ALA	1, 58	58	mit	mit	0.99
THR	1, 57	57	ALA	1, 58	58	mit	mit	1
THR	1, 57	57	ASP	1, 59	59	mit	mit	1
ALA	1, 58	58	ASP	1, 59	59	mit	mit	1
ASP	1, 59	59	THR	1, 60	60	mit	mit	1
ASP	1, 59	59	SER	1, 61	61	mit	mit	0.99
THR	1, 60	60	SER	1, 61	61	mit	mit	1
THR	1, 57	57	LEU	1, 62	62	mit	mit	0.99
ASP	1, 59	59	LEU	1, 62	62	mit	mit	1
THR	1, 60	60	LEU	1, 62	62	mit	mit	0.77
SER	1, 61	61	LEU	1, 62	62	mit	mit	1
TYR	1, 56	56	ALA	1, 63	63	mit	mit	0.78
THR	1, 57	57	ALA	1, 63	63	mit	mit	0.96
ALA	1, 58	58	ALA	1, 63	63	mit	mit	0.97
ASP	1, 59	59	ALA	1, 63	63	mit	mit	0.99
THR	1, 60	60	ALA	1, 63	63	mit	mit	0.99
SER	1, 61	61	ALA	1, 63	63	mit	mit	0.91
LEU	1, 62	62	ALA	1, 63	63	mit	mit	1
LEU	1, 62	62	PHE	1, 64	64	mit	mit	0.73
ALA	1, 63	63	PHE	1, 64	64	mit	mit	1
SER	1, 61	61	SER	1, 65	65	mit	mit	0.55
LEU	1, 62	62	SER	1, 65	65	mit	mit	1
ALA	1, 63	63	SER	1, 65	65	mit	mit	0.99
PHE	1, 64	64	SER	1, 65	65	mit	mit	1
HIS	1, 55	55	SER	1, 66	66	mit	mit	0.97
TYR	1, 56	56	SER	1, 66	66	mit	mit	1
THR	1, 57	57	SER	1, 66	66	mit	mit	1
LEU	1, 62	62	SER	1, 66	66	mit	mit	1
ALA	1, 63	63	SER	1, 66	66	mit	mit	1
PHE	1, 64	64	SER	1, 66	66	mit	mit	0.99
SER	1, 65	65	SER	1, 66	66	mit	mit	1
TYR	1, 56	56	VAL	1, 67	67	mit	mit	0.97
ALA	1, 63	63	VAL	1, 67	67	mit	mit	0.98
PHE	1, 64	64	VAL	1, 67	67	mit	mit	1
SER	1, 65	65	VAL	1, 67	67	mit	mit	0.98
SER	1, 66	66	VAL	1, 67	67	mit	mit	1
PHE	1, 64	64	ALA	1, 68	68	mit	mit	1
SER	1, 65	65	ALA	1, 68	68	mit	mit	1
SER	1, 66	66	ALA	1, 68	68	mit	mit	0.99
VAL	1, 67	67	ALA	1, 68	68	mit	mit	1
HIS	1, 55	55	HIS	1, 69	69	mit	mit	0.94
SER	1, 65	65	HIS	1, 69	69	mit	mit	1
SER	1, 66	66	HIS	1, 69	69	mit	mit	1
VAL	1, 67	67	HIS	1, 69	69	mit	mit	1
ALA	1, 68	68	HIS	1, 69	69	mit	mit	1
LEU	1, 52	52	THR	1, 70	70	mit	mit	0.98
HIS	1, 55	55	THR	1, 70	70	mit	mit	1
TYR	1, 56	56	THR	1, 70	70	mit	mit	0.96
SER	1, 66	66	THR	1, 70	70	mit	mit	0.99
VAL	1, 67	67	THR	1, 70	70	mit	mit	1
ALA	1, 68	68	THR	1, 70	70	mit	mit	0.99
HIS	1, 69	69	THR	1, 70	70	mit	mit	1
VAL	1, 67	67	CYS	1, 71	71	mit	mit	0.99
ALA	1, 68	68	CYS	1, 71	71	mit	mit	1
HIS	1, 69	69	CYS	1, 71	71	mit	mit	0.96
THR	1, 70	70	CYS	1, 71	71	mit	mit	1
ALA	1, 68	68	ARG	1, 72	72	mit	mit	0.99
HIS	1, 69	69	ARG	1, 72	72	mit	mit	0.99
THR	1, 70	70	ARG	1, 72	72	mit	mit	0.83
CYS	1, 71	71	ARG	1, 72	72	mit	mit	1
HIS	1, 69	69	ASN	1, 73	73	mit	mit	1
THR	1, 70	70	ASN	1, 73	73	mit	mit	0.9
ARG	1, 72	72	ASN	1, 73	73	mit	mit	1
HIS	1, 55	55	VAL	1, 74	74	mit	mit	0.99
HIS	1, 69	69	VAL	1, 74	74	mit	mit	0.97
THR	1, 70	70	VAL	1, 74	74	mit	mit	0.99
CYS	1, 71	71	VAL	1, 74	74	mit	mit	0.79
ARG	1, 72	72	VAL	1, 74	74	mit	mit	0.78
ASN	1, 73	73	VAL	1, 74	74	mit	mit	1
VAL	1, 74	74	GLN	1, 75	75	mit	mit	1
VAL	1, 74	74	TYR	1, 76	76	mit	mit	0.98
GLN	1, 75	75	TYR	1, 76	76	mit	mit	1
HIS	1, 55	55	GLY	1, 77	77	mit	mit	0.72
THR	1, 70	70	GLY	1, 77	77	mit	mit	1
CYS	1, 71	71	GLY	1, 77	77	mit	mit	0.99
VAL	1, 74	74	GLY	1, 77	77	mit	mit	1
GLN	1, 75	75	GLY	1, 77	77	mit	mit	1
TYR	1, 76	76	GLY	1, 77	77	mit	mit	1
THR	1, 70	70	TRP	1, 78	78	mit	mit	0.54
CYS	1, 71	71	TRP	1, 78	78	mit	mit	1
ARG	1, 72	72	TRP	1, 78	78	mit	mit	0.81
TYR	1, 76	76	TRP	1, 78	78	mit	mit	0.99
GLY	1, 77	77	TRP	1, 78	78	mit	mit	1
TYR	1, 76	76	LEU	1, 79	79	mit	mit	1
GLY	1, 77	77	LEU	1, 79	79	mit	mit	1
TRP	1, 78	78	LEU	1, 79	79	mit	mit	1
THR	1, 48	48	ILE	1, 80	80	mit	mit	1
GLY	1, 49	49	ILE	1, 80	80	mit	mit	0.74
LEU	1, 51	51	ILE	1, 80	80	mit	mit	1
LEU	1, 52	52	ILE	1, 80	80	mit	mit	1
THR	1, 70	70	ILE	1, 80	80	mit	mit	0.74
TYR	1, 76	76	ILE	1, 80	80	mit	mit	0.99
GLY	1, 77	77	ILE	1, 80	80	mit	mit	1
TRP	1, 78	78	ILE	1, 80	80	mit	mit	0.98
LEU	1, 79	79	ILE	1, 80	80	mit	mit	1
LEU	1, 52	52	ARG	1, 81	81	mit	mit	0.99
VAL	1, 67	67	ARG	1, 81	81	mit	mit	0.92
THR	1, 70	70	ARG	1, 81	81	mit	mit	0.98
CYS	1, 71	71	ARG	1, 81	81	mit	mit	0.99
GLY	1, 77	77	ARG	1, 81	81	mit	mit	1
TRP	1, 78	78	ARG	1, 81	81	mit	mit	1
LEU	1, 79	79	ARG	1, 81	81	mit	mit	0.99
ILE	1, 80	80	ARG	1, 81	81	mit	mit	1
TRP	1, 78	78	ASN	1, 82	82	mit	mit	1
LEU	1, 79	79	ASN	1, 82	82	mit	mit	1
ILE	1, 80	80	ASN	1, 82	82	mit	mit	0.99
ARG	1, 81	81	ASN	1, 82	82	mit	mit	1
THR	1, 44	44	LEU	1, 83	83	mit	mit	0.96
THR	1, 48	48	LEU	1, 83	83	mit	mit	1
LEU	1, 79	79	LEU	1, 83	83	mit	mit	1
ILE	1, 80	80	LEU	1, 83	83	mit	mit	1
ARG	1, 81	81	LEU	1, 83	83	mit	mit	0.99
ASN	1, 82	82	LEU	1, 83	83	mit	mit	1
GLN	1, 45	45	HIS	1, 84	84	mit	mit	1
THR	1, 48	48	HIS	1, 84	84	mit	mit	1
GLY	1, 49	49	HIS	1, 84	84	mit	mit	1
LEU	1, 52	52	HIS	1, 84	84	mit	mit	0.99
ILE	1, 80	80	HIS	1, 84	84	mit	mit	1
ARG	1, 81	81	HIS	1, 84	84	mit	mit	1
ASN	1, 82	82	HIS	1, 84	84	mit	mit	0.99
LEU	1, 83	83	HIS	1, 84	84	mit	mit	1
ARG	1, 81	81	ALA	1, 85	85	mit	mit	1
ASN	1, 82	82	ALA	1, 85	85	mit	mit	1
LEU	1, 83	83	ALA	1, 85	85	mit	mit	0.97
HIS	1, 84	84	ALA	1, 85	85	mit	mit	1
ASN	1, 82	82	ASN	1, 86	86	mit	mit	1
LEU	1, 83	83	ASN	1, 86	86	mit	mit	1
HIS	1, 84	84	ASN	1, 86	86	mit	mit	0.85
ALA	1, 85	85	ASN	1, 86	86	mit	mit	1
CYS	1, 41	41	GLY	1, 87	87	mit	mit	0.99
THR	1, 44	44	GLY	1, 87	87	mit	mit	0.97
GLN	1, 45	45	GLY	1, 87	87	mit	mit	0.99
THR	1, 48	48	GLY	1, 87	87	mit	mit	0.54
LEU	1, 83	83	GLY	1, 87	87	mit	mit	1
HIS	1, 84	84	GLY	1, 87	87	mit	mit	1
ALA	1, 85	85	GLY	1, 87	87	mit	mit	1
ASN	1, 86	86	GLY	1, 87	87	mit	mit	1
GLN	1, 45	45	ALA	1, 88	88	mit	mit	0.98
HIS	1, 84	84	ALA	1, 88	88	mit	mit	0.97
ALA	1, 85	85	ALA	1, 88	88	mit	mit	0.99
ASN	1, 86	86	ALA	1, 88	88	mit	mit	0.99
GLY	1, 87	87	ALA	1, 88	88	mit	mit	1
ALA	1, 85	85	SER	1, 89	89	mit	mit	0.75
ASN	1, 86	86	SER	1, 89	89	mit	mit	1
GLY	1, 87	87	SER	1, 89	89	mit	mit	1
ALA	1, 88	88	SER	1, 89	89	mit	mit	1
CYS	1, 41	41	PHE	1, 90	90	mit	mit	0.99
ASN	1, 86	86	PHE	1, 90	90	mit	mit	0.99
GLY	1, 87	87	PHE	1, 90	90	mit	mit	1
ALA	1, 88	88	PHE	1, 90	90	mit	mit	0.99
SER	1, 89	89	PHE	1, 90	90	mit	mit	1
LEU	1, 38	38	PHE	1, 91	91	mit	mit	0.97
CYS	1, 41	41	PHE	1, 91	91	mit	mit	1
LEU	1, 42	42	PHE	1, 91	91	mit	mit	0.92
GLN	1, 45	45	PHE	1, 91	91	mit	mit	0.99
GLY	1, 87	87	PHE	1, 91	91	mit	mit	1
ALA	1, 88	88	PHE	1, 91	91	mit	mit	1
SER	1, 89	89	PHE	1, 91	91	mit	mit	1
PHE	1, 90	90	PHE	1, 91	91	mit	mit	1
ALA	1, 88	88	PHE	1, 92	92	mit	mit	0.99
SER	1, 89	89	PHE	1, 92	92	mit	mit	1
PHE	1, 90	90	PHE	1, 92	92	mit	mit	0.99
PHE	1, 91	91	PHE	1, 92	92	mit	mit	1
SER	1, 89	89	ILE	1, 93	93	mit	mit	0.99
PHE	1, 90	90	ILE	1, 93	93	mit	mit	1
PHE	1, 91	91	ILE	1, 93	93	mit	mit	0.99
PHE	1, 92	92	ILE	1, 93	93	mit	mit	1
PHE	1, 34	34	CYS	1, 94	94	mit	mit	1
GLY	1, 35	35	CYS	1, 94	94	mit	mit	0.85
LEU	1, 37	37	CYS	1, 94	94	mit	mit	1
LEU	1, 38	38	CYS	1, 94	94	mit	mit	1
CYS	1, 41	41	CYS	1, 94	94	mit	mit	0.99
PHE	1, 90	90	CYS	1, 94	94	mit	mit	1
PHE	1, 91	91	CYS	1, 94	94	mit	mit	1
PHE	1, 92	92	CYS	1, 94	94	mit	mit	0.99
ILE	1, 93	93	CYS	1, 94	94	mit	mit	1
LEU	1, 38	38	ILE	1, 95	95	mit	mit	0.99
PHE	1, 91	91	ILE	1, 95	95	mit	mit	1
PHE	1, 92	92	ILE	1, 95	95	mit	mit	1
ILE	1, 93	93	ILE	1, 95	95	mit	mit	0.96
CYS	1, 94	94	ILE	1, 95	95	mit	mit	1
PHE	1, 92	92	PHE	1, 96	96	mit	mit	1
ILE	1, 93	93	PHE	1, 96	96	mit	mit	1
CYS	1, 94	94	PHE	1, 96	96	mit	mit	0.98
ILE	1, 95	95	PHE	1, 96	96	mit	mit	1
TRP	1, 31	31	LEU	1, 97	97	mit	mit	0.88
PHE	1, 34	34	LEU	1, 97	97	mit	mit	1
ILE	1, 93	93	LEU	1, 97	97	mit	mit	1
CYS	1, 94	94	LEU	1, 97	97	mit	mit	1
ILE	1, 95	95	LEU	1, 97	97	mit	mit	0.99
PHE	1, 96	96	LEU	1, 97	97	mit	mit	1
PHE	1, 34	34	HIS	1, 98	98	mit	mit	1
GLY	1, 35	35	HIS	1, 98	98	mit	mit	1
LEU	1, 38	38	HIS	1, 98	98	mit	mit	0.99
CYS	1, 94	94	HIS	1, 98	98	mit	mit	1
ILE	1, 95	95	HIS	1, 98	98	mit	mit	1
PHE	1, 96	96	HIS	1, 98	98	mit	mit	1
LEU	1, 97	97	HIS	1, 98	98	mit	mit	1
ILE	1, 95	95	ILE	1, 99	99	mit	mit	1
PHE	1, 96	96	ILE	1, 99	99	mit	mit	1
LEU	1, 97	97	ILE	1, 99	99	mit	mit	0.99
HIS	1, 98	98	ILE	1, 99	99	mit	mit	1
PHE	1, 96	96	GLY	1, 100	100	mit	mit	1
LEU	1, 97	97	GLY	1, 100	100	mit	mit	1
HIS	1, 98	98	GLY	1, 100	100	mit	mit	1
ILE	1, 99	99	GLY	1, 100	100	mit	mit	1
TRP	1, 31	31	ARG	1, 101	101	mit	mit	1
TRP	1, 32	32	ARG	1, 101	101	mit	mit	0.92
PHE	1, 34	34	ARG	1, 101	101	mit	mit	0.97
LEU	1, 97	97	ARG	1, 101	101	mit	mit	0.99
HIS	1, 98	98	ARG	1, 101	101	mit	mit	1
ILE	1, 99	99	ARG	1, 101	101	mit	mit	0.99
GLY	1, 100	100	ARG	1, 101	101	mit	mit	1
HIS	1, 98	98	GLY	1, 102	102	mit	mit	0.97
ILE	1, 99	99	GLY	1, 102	102	mit	mit	1
GLY	1, 100	100	GLY	1, 102	102	mit	mit	1
ARG	1, 101	101	GLY	1, 102	102	mit	mit	1
ILE	1, 99	99	LEU	1, 103	103	mit	mit	1
GLY	1, 100	100	LEU	1, 103	103	mit	mit	1
ARG	1, 101	101	LEU	1, 103	103	mit	mit	0.98
GLY	1, 102	102	LEU	1, 103	103	mit	mit	1
GLY	1, 100	100	TYR	1, 104	104	mit	mit	1
ARG	1, 101	101	TYR	1, 104	104	mit	mit	1
GLY	1, 102	102	TYR	1, 104	104	mit	mit	1
LEU	1, 103	103	TYR	1, 104	104	mit	mit	1
TRP	1, 31	31	TYR	1, 105	105	mit	mit	0.71
ARG	1, 101	101	TYR	1, 105	105	mit	mit	0.99
GLY	1, 102	102	TYR	1, 105	105	mit	mit	1
TYR	1, 104	104	TYR	1, 105	105	mit	mit	1
GLY	1, 102	102	GLY	1, 106	106	mit	mit	1
LEU	1, 103	103	GLY	1, 106	106	mit	mit	0.99
TYR	1, 104	104	GLY	1, 106	106	mit	mit	1
TYR	1, 105	105	GLY	1, 106	106	mit	mit	1
ARG	1, 101	101	SER	1, 107	107	mit	mit	0.94
GLY	1, 102	102	SER	1, 107	107	mit	mit	1
TYR	1, 105	105	SER	1, 107	107	mit	mit	1
GLY	1, 106	106	SER	1, 107	107	mit	mit	1
GLY	1, 102	102	TYR	1, 108	108	mit	mit	0.98
LEU	1, 103	103	TYR	1, 108	108	mit	mit	0.97
GLY	1, 106	106	TYR	1, 108	108	mit	mit	1
SER	1, 107	107	TYR	1, 108	108	mit	mit	1
GLY	1, 106	106	LEU	1, 109	109	mit	mit	0.99
SER	1, 107	107	LEU	1, 109	109	mit	mit	0.99
TYR	1, 108	108	LEU	1, 109	109	mit	mit	1
SER	1, 107	107	TYR	1, 110	110	mit	mit	0.99
TYR	1, 108	108	TYR	1, 110	110	mit	mit	0.98
LEU	1, 109	109	TYR	1, 110	110	mit	mit	1
TYR	1, 108	108	LYS	1, 111	111	mit	mit	0.75
LEU	1, 109	109	LYS	1, 111	111	mit	mit	0.99
TYR	1, 110	110	LYS	1, 111	111	mit	mit	1
TYR	1, 110	110	GLU	1, 112	112	mit	mit	1
LYS	1, 111	111	GLU	1, 112	112	mit	mit	1
SER	1, 107	107	THR	1, 113	113	mit	mit	0.69
TYR	1, 110	110	THR	1, 113	113	mit	mit	1
LYS	1, 111	111	THR	1, 113	113	mit	mit	0.97
GLU	1, 112	112	THR	1, 113	113	mit	mit	1
SER	1, 107	107	TRP	1, 114	114	mit	mit	0.93
TYR	1, 108	108	TRP	1, 114	114	mit	mit	0.99
LEU	1, 109	109	TRP	1, 114	114	mit	mit	0.64
TYR	1, 110	110	TRP	1, 114	114	mit	mit	1
LYS	1, 111	111	TRP	1, 114	114	mit	mit	1
GLU	1, 112	112	TRP	1, 114	114	mit	mit	0.99
THR	1, 113	113	TRP	1, 114	114	mit	mit	1
LYS	1, 111	111	ASN	1, 115	115	mit	mit	0.99
GLU	1, 112	112	ASN	1, 115	115	mit	mit	1
THR	1, 113	113	ASN	1, 115	115	mit	mit	0.97
TRP	1, 114	114	ASN	1, 115	115	mit	mit	1
GLU	1, 112	112	THR	1, 116	116	mit	mit	0.99
THR	1, 113	113	THR	1, 116	116	mit	mit	1
TRP	1, 114	114	THR	1, 116	116	mit	mit	0.99
ASN	1, 115	115	THR	1, 116	116	mit	mit	1
THR	1, 113	113	GLY	1, 117	117	mit	mit	0.99
TRP	1, 114	114	GLY	1, 117	117	mit	mit	1
ASN	1, 115	115	GLY	1, 117	117	mit	mit	1
THR	1, 116	116	GLY	1, 117	117	mit	mit	1
TRP	1, 114	114	VAL	1, 118	118	mit	mit	0.99
ASN	1, 115	115	VAL	1, 118	118	mit	mit	1
THR	1, 116	116	VAL	1, 118	118	mit	mit	0.99
GLY	1, 117	117	VAL	1, 118	118	mit	mit	1
ASN	1, 115	115	ILE	1, 119	119	mit	mit	0.99
THR	1, 116	116	ILE	1, 119	119	mit	mit	1
GLY	1, 117	117	ILE	1, 119	119	mit	mit	1
VAL	1, 118	118	ILE	1, 119	119	mit	mit	1
THR	1, 116	116	LEU	1, 120	120	mit	mit	1
GLY	1, 117	117	LEU	1, 120	120	mit	mit	1
VAL	1, 118	118	LEU	1, 120	120	mit	mit	1
ILE	1, 119	119	LEU	1, 120	120	mit	mit	1
ILE	1, 95	95	LEU	1, 121	121	mit	mit	0.99
ILE	1, 99	99	LEU	1, 121	121	mit	mit	0.93
GLY	1, 117	117	LEU	1, 121	121	mit	mit	1
VAL	1, 118	118	LEU	1, 121	121	mit	mit	1
ILE	1, 119	119	LEU	1, 121	121	mit	mit	1
LEU	1, 120	120	LEU	1, 121	121	mit	mit	1
VAL	1, 118	118	LEU	1, 122	122	mit	mit	1
ILE	1, 119	119	LEU	1, 122	122	mit	mit	1
LEU	1, 120	120	LEU	1, 122	122	mit	mit	0.99
LEU	1, 121	121	LEU	1, 122	122	mit	mit	1
ILE	1, 119	119	THR	1, 123	123	mit	mit	1
LEU	1, 120	120	THR	1, 123	123	mit	mit	1
LEU	1, 121	121	THR	1, 123	123	mit	mit	0.99
LEU	1, 122	122	THR	1, 123	123	mit	mit	1
PHE	1, 91	91	LEU	1, 124	124	mit	mit	0.95
PHE	1, 92	92	LEU	1, 124	124	mit	mit	0.68
ILE	1, 95	95	LEU	1, 124	124	mit	mit	0.98
LEU	1, 120	120	LEU	1, 124	124	mit	mit	1
LEU	1, 121	121	LEU	1, 124	124	mit	mit	1
LEU	1, 122	122	LEU	1, 124	124	mit	mit	1
THR	1, 123	123	LEU	1, 124	124	mit	mit	1
LEU	1, 121	121	MET	1, 125	125	mit	mit	1
LEU	1, 122	122	MET	1, 125	125	mit	mit	1
THR	1, 123	123	MET	1, 125	125	mit	mit	1
LEU	1, 124	124	MET	1, 125	125	mit	mit	1
LEU	1, 122	122	ALA	1, 126	126	mit	mit	1
THR	1, 123	123	ALA	1, 126	126	mit	mit	1
LEU	1, 124	124	ALA	1, 126	126	mit	mit	1
MET	1, 125	125	ALA	1, 126	126	mit	mit	1
THR	1, 123	123	THR	1, 127	127	mit	mit	1
LEU	1, 124	124	THR	1, 127	127	mit	mit	1
MET	1, 125	125	THR	1, 127	127	mit	mit	0.99
ALA	1, 126	126	THR	1, 127	127	mit	mit	1
ALA	1, 88	88	ALA	1, 128	128	mit	mit	0.99
PHE	1, 91	91	ALA	1, 128	128	mit	mit	0.55
PHE	1, 92	92	ALA	1, 128	128	mit	mit	0.94
LEU	1, 124	124	ALA	1, 128	128	mit	mit	1
MET	1, 125	125	ALA	1, 128	128	mit	mit	1
ALA	1, 126	126	ALA	1, 128	128	mit	mit	0.98
THR	1, 127	127	ALA	1, 128	128	mit	mit	1
MET	1, 125	125	PHE	1, 129	129	mit	mit	1
ALA	1, 126	126	PHE	1, 129	129	mit	mit	1
THR	1, 127	127	PHE	1, 129	129	mit	mit	0.99
ALA	1, 128	128	PHE	1, 129	129	mit	mit	1
ALA	1, 126	126	VAL	1, 130	130	mit	mit	0.99
THR	1, 127	127	VAL	1, 130	130	mit	mit	1
ALA	1, 128	128	VAL	1, 130	130	mit	mit	0.93
PHE	1, 129	129	VAL	1, 130	130	mit	mit	1
THR	1, 127	127	GLY	1, 131	131	mit	mit	0.99
ALA	1, 128	128	GLY	1, 131	131	mit	mit	1
PHE	1, 129	129	GLY	1, 131	131	mit	mit	1
VAL	1, 130	130	GLY	1, 131	131	mit	mit	1
ALA	1, 128	128	TYR	1, 132	132	mit	mit	0.99
PHE	1, 129	129	TYR	1, 132	132	mit	mit	1
VAL	1, 130	130	TYR	1, 132	132	mit	mit	0.98
GLY	1, 131	131	TYR	1, 132	132	mit	mit	1
PHE	1, 129	129	VAL	1, 133	133	mit	mit	0.82
VAL	1, 130	130	VAL	1, 133	133	mit	mit	0.99
GLY	1, 131	131	VAL	1, 133	133	mit	mit	1
TYR	1, 132	132	VAL	1, 133	133	mit	mit	1
TYR	1, 56	56	LEU	1, 134	134	mit	mit	0.92
ALA	1, 58	58	LEU	1, 134	134	mit	mit	0.74
ALA	1, 63	63	LEU	1, 134	134	mit	mit	0.87
VAL	1, 130	130	LEU	1, 134	134	mit	mit	0.78
GLY	1, 131	131	LEU	1, 134	134	mit	mit	1
TYR	1, 132	132	LEU	1, 134	134	mit	mit	0.98
VAL	1, 133	133	LEU	1, 134	134	mit	mit	1
ALA	1, 63	63	PRO	1, 135	135	mit	mit	0.91
PHE	1, 64	64	PRO	1, 135	135	mit	mit	0.93
VAL	1, 67	67	PRO	1, 135	135	mit	mit	1
TYR	1, 132	132	PRO	1, 135	135	mit	mit	0.77
VAL	1, 133	133	PRO	1, 135	135	mit	mit	0.88
LEU	1, 134	134	PRO	1, 135	135	mit	mit	1
THR	1, 60	60	TRP	1, 136	136	mit	mit	0.97
ALA	1, 63	63	TRP	1, 136	136	mit	mit	1
PHE	1, 64	64	TRP	1, 136	136	mit	mit	0.99
VAL	1, 133	133	TRP	1, 136	136	mit	mit	0.92
LEU	1, 134	134	TRP	1, 136	136	mit	mit	0.97
PRO	1, 135	135	TRP	1, 136	136	mit	mit	1
PHE	1, 64	64	GLY	1, 137	137	mit	mit	0.99
PRO	1, 135	135	GLY	1, 137	137	mit	mit	1
TRP	1, 136	136	GLY	1, 137	137	mit	mit	1
GLY	1, 137	137	GLN	1, 138	138	mit	mit	1
GLY	1, 137	137	MET	1, 139	139	mit	mit	1
GLN	1, 138	138	MET	1, 139	139	mit	mit	1
TYR	1, 132	132	SER	1, 140	140	mit	mit	0.99
VAL	1, 133	133	SER	1, 140	140	mit	mit	0.99
LEU	1, 134	134	SER	1, 140	140	mit	mit	0.87
PRO	1, 135	135	SER	1, 140	140	mit	mit	0.99
TRP	1, 136	136	SER	1, 140	140	mit	mit	0.98
GLY	1, 137	137	SER	1, 140	140	mit	mit	1
GLN	1, 138	138	SER	1, 140	140	mit	mit	0.99
MET	1, 139	139	SER	1, 140	140	mit	mit	1
VAL	1, 133	133	PHE	1, 141	141	mit	mit	0.79
TRP	1, 136	136	PHE	1, 141	141	mit	mit	0.98
GLY	1, 137	137	PHE	1, 141	141	mit	mit	0.99
GLN	1, 138	138	PHE	1, 141	141	mit	mit	0.99
MET	1, 139	139	PHE	1, 141	141	mit	mit	0.96
SER	1, 140	140	PHE	1, 141	141	mit	mit	1
GLN	1, 138	138	TRP	1, 142	142	mit	mit	0.98
MET	1, 139	139	TRP	1, 142	142	mit	mit	0.99
SER	1, 140	140	TRP	1, 142	142	mit	mit	0.81
PHE	1, 141	141	TRP	1, 142	142	mit	mit	1
TYR	1, 132	132	GLY	1, 143	143	mit	mit	0.57
VAL	1, 133	133	GLY	1, 143	143	mit	mit	0.72
MET	1, 139	139	GLY	1, 143	143	mit	mit	0.99
SER	1, 140	140	GLY	1, 143	143	mit	mit	1
PHE	1, 141	141	GLY	1, 143	143	mit	mit	1
TRP	1, 142	142	GLY	1, 143	143	mit	mit	1
VAL	1, 133	133	ALA	1, 144	144	mit	mit	0.99
SER	1, 140	140	ALA	1, 144	144	mit	mit	0.99
PHE	1, 141	141	ALA	1, 144	144	mit	mit	1
TRP	1, 142	142	ALA	1, 144	144	mit	mit	0.99
GLY	1, 143	143	ALA	1, 144	144	mit	mit	1
PHE	1, 141	141	THR	1, 145	145	mit	mit	0.99
TRP	1, 142	142	THR	1, 145	145	mit	mit	1
GLY	1, 143	143	THR	1, 145	145	mit	mit	1
ALA	1, 144	144	THR	1, 145	145	mit	mit	1
TRP	1, 142	142	VAL	1, 146	146	mit	mit	0.99
GLY	1, 143	143	VAL	1, 146	146	mit	mit	1
ALA	1, 144	144	VAL	1, 146	146	mit	mit	0.9
THR	1, 145	145	VAL	1, 146	146	mit	mit	1
PHE	1, 129	129	ILE	1, 147	147	mit	mit	0.98
GLY	1, 143	143	ILE	1, 147	147	mit	mit	0.99
ALA	1, 144	144	ILE	1, 147	147	mit	mit	1
THR	1, 145	145	ILE	1, 147	147	mit	mit	0.84
VAL	1, 146	146	ILE	1, 147	147	mit	mit	1
ALA	1, 144	144	THR	1, 148	148	mit	mit	0.99
THR	1, 145	145	THR	1, 148	148	mit	mit	0.99
VAL	1, 146	146	THR	1, 148	148	mit	mit	0.87
ILE	1, 147	147	THR	1, 148	148	mit	mit	1
THR	1, 145	145	ASN	1, 149	149	mit	mit	0.99
VAL	1, 146	146	ASN	1, 149	149	mit	mit	0.99
ILE	1, 147	147	ASN	1, 149	149	mit	mit	0.97
THR	1, 148	148	ASN	1, 149	149	mit	mit	1
VAL	1, 146	146	LEU	1, 150	150	mit	mit	0.91
ILE	1, 147	147	LEU	1, 150	150	mit	mit	0.99
THR	1, 148	148	LEU	1, 150	150	mit	mit	0.99
ASN	1, 149	149	LEU	1, 150	150	mit	mit	1
THR	1, 148	148	PHE	1, 151	151	mit	mit	0.98
ASN	1, 149	149	PHE	1, 151	151	mit	mit	0.98
LEU	1, 150	150	PHE	1, 151	151	mit	mit	1
ASN	1, 149	149	SER	1, 152	152	mit	mit	0.99
LEU	1, 150	150	SER	1, 152	152	mit	mit	0.98
PHE	1, 151	151	SER	1, 152	152	mit	mit	1
LEU	1, 150	150	ALA	1, 153	153	mit	mit	0.96
PHE	1, 151	151	ALA	1, 153	153	mit	mit	0.98
SER	1, 152	152	ALA	1, 153	153	mit	mit	1
PHE	1, 151	151	ILE	1, 154	154	mit	mit	0.95
SER	1, 152	152	ILE	1, 154	154	mit	mit	0.95
ALA	1, 153	153	ILE	1, 154	154	mit	mit	1
ILE	1, 154	154	PRO	1, 155	155	mit	mit	1
ILE	1, 154	154	TYR	1, 156	156	mit	mit	0.95
PRO	1, 155	155	TYR	1, 156	156	mit	mit	1
ILE	1, 154	154	ILE	1, 157	157	mit	mit	0.96
PRO	1, 155	155	ILE	1, 157	157	mit	mit	0.75
TYR	1, 156	156	ILE	1, 157	157	mit	mit	1
PHE	1, 151	151	GLY	1, 158	158	mit	mit	0.96
SER	1, 152	152	GLY	1, 158	158	mit	mit	0.98
ALA	1, 153	153	GLY	1, 158	158	mit	mit	0.9
ILE	1, 154	154	GLY	1, 158	158	mit	mit	0.98
PRO	1, 155	155	GLY	1, 158	158	mit	mit	0.91
TYR	1, 156	156	GLY	1, 158	158	mit	mit	0.99
ILE	1, 157	157	GLY	1, 158	158	mit	mit	1
SER	1, 152	152	HIS	1, 159	159	mit	mit	0.98
ILE	1, 157	157	HIS	1, 159	159	mit	mit	0.75
GLY	1, 158	158	HIS	1, 159	159	mit	mit	1
ILE	1, 157	157	THR	1, 160	160	mit	mit	0.99
GLY	1, 158	158	THR	1, 160	160	mit	mit	1
HIS	1, 159	159	THR	1, 160	160	mit	mit	1
PHE	1, 151	151	LEU	1, 161	161	mit	mit	0.98
SER	1, 152	152	LEU	1, 161	161	mit	mit	0.62
ILE	1, 154	154	LEU	1, 161	161	mit	mit	0.91
ILE	1, 157	157	LEU	1, 161	161	mit	mit	0.99
GLY	1, 158	158	LEU	1, 161	161	mit	mit	1
HIS	1, 159	159	LEU	1, 161	161	mit	mit	0.99
THR	1, 160	160	LEU	1, 161	161	mit	mit	1
THR	1, 148	148	VAL	1, 162	162	mit	mit	0.99
ASN	1, 149	149	VAL	1, 162	162	mit	mit	0.96
PHE	1, 151	151	VAL	1, 162	162	mit	mit	0.98
SER	1, 152	152	VAL	1, 162	162	mit	mit	0.98
GLY	1, 158	158	VAL	1, 162	162	mit	mit	0.99
HIS	1, 159	159	VAL	1, 162	162	mit	mit	0.99
THR	1, 160	160	VAL	1, 162	162	mit	mit	0.97
LEU	1, 161	161	VAL	1, 162	162	mit	mit	1
HIS	1, 159	159	GLU	1, 163	163	mit	mit	0.98
THR	1, 160	160	GLU	1, 163	163	mit	mit	1
LEU	1, 161	161	GLU	1, 163	163	mit	mit	0.98
VAL	1, 162	162	GLU	1, 163	163	mit	mit	1
THR	1, 160	160	TRP	1, 164	164	mit	mit	0.99
LEU	1, 161	161	TRP	1, 164	164	mit	mit	1
VAL	1, 162	162	TRP	1, 164	164	mit	mit	0.99
GLU	1, 163	163	TRP	1, 164	164	mit	mit	1
THR	1, 148	148	ALA	1, 165	165	mit	mit	0.99
PHE	1, 151	151	ALA	1, 165	165	mit	mit	0.9
LEU	1, 161	161	ALA	1, 165	165	mit	mit	0.99
VAL	1, 162	162	ALA	1, 165	165	mit	mit	1
GLU	1, 163	163	ALA	1, 165	165	mit	mit	0.98
TRP	1, 164	164	ALA	1, 165	165	mit	mit	1
THR	1, 148	148	TRP	1, 166	166	mit	mit	0.98
VAL	1, 162	162	TRP	1, 166	166	mit	mit	0.99
GLU	1, 163	163	TRP	1, 166	166	mit	mit	1
TRP	1, 164	164	TRP	1, 166	166	mit	mit	0.99
ALA	1, 165	165	TRP	1, 166	166	mit	mit	1
GLU	1, 163	163	GLY	1, 167	167	mit	mit	0.98
TRP	1, 164	164	GLY	1, 167	167	mit	mit	0.99
ALA	1, 165	165	GLY	1, 167	167	mit	mit	1
TRP	1, 166	166	GLY	1, 167	167	mit	mit	1
GLU	1, 163	163	GLY	1, 168	168	mit	mit	0.99
TRP	1, 166	166	GLY	1, 168	168	mit	mit	1
GLY	1, 167	167	GLY	1, 168	168	mit	mit	1
GLU	1, 163	163	PHE	1, 169	169	mit	mit	0.98
TRP	1, 166	166	PHE	1, 169	169	mit	mit	0.95
GLY	1, 168	168	PHE	1, 169	169	mit	mit	1
THR	1, 145	145	SER	1, 170	170	mit	mit	0.52
TRP	1, 166	166	SER	1, 170	170	mit	mit	0.96
GLY	1, 168	168	SER	1, 170	170	mit	mit	0.99
PHE	1, 169	169	SER	1, 170	170	mit	mit	1
PHE	1, 141	141	VAL	1, 171	171	mit	mit	0.97
ALA	1, 144	144	VAL	1, 171	171	mit	mit	0.97
THR	1, 145	145	VAL	1, 171	171	mit	mit	0.98
THR	1, 148	148	VAL	1, 171	171	mit	mit	0.84
TRP	1, 166	166	VAL	1, 171	171	mit	mit	0.98
SER	1, 170	170	VAL	1, 171	171	mit	mit	1
THR	1, 60	60	ASP	1, 172	172	mit	mit	0.98
TRP	1, 166	166	ASP	1, 172	172	mit	mit	0.69
GLY	1, 168	168	ASP	1, 172	172	mit	mit	0.85
SER	1, 170	170	ASP	1, 172	172	mit	mit	1
VAL	1, 171	171	ASP	1, 172	172	mit	mit	1
ASP	1, 59	59	ASN	1, 173	173	mit	mit	0.99
THR	1, 60	60	ASN	1, 173	173	mit	mit	0.99
ASP	1, 172	172	ASN	1, 173	173	mit	mit	1
TRP	1, 166	166	PRO	1, 174	174	mit	mit	0.87
GLY	1, 167	167	PRO	1, 174	174	mit	mit	1
GLY	1, 168	168	PRO	1, 174	174	mit	mit	0.97
ASP	1, 172	172	PRO	1, 174	174	mit	mit	0.99
ASN	1, 173	173	PRO	1, 174	174	mit	mit	1
VAL	1, 133	133	THR	1, 175	175	mit	mit	0.56
ALA	1, 144	144	THR	1, 175	175	mit	mit	0.87
ALA	1, 165	165	THR	1, 175	175	mit	mit	0.7
TRP	1, 166	166	THR	1, 175	175	mit	mit	0.99
GLY	1, 167	167	THR	1, 175	175	mit	mit	0.99
GLY	1, 168	168	THR	1, 175	175	mit	mit	0.58
VAL	1, 171	171	THR	1, 175	175	mit	mit	0.99
ASP	1, 172	172	THR	1, 175	175	mit	mit	0.99
ASN	1, 173	173	THR	1, 175	175	mit	mit	0.99
PRO	1, 174	174	THR	1, 175	175	mit	mit	1
ALA	1, 58	58	LEU	1, 176	176	mit	mit	0.99
ASP	1, 59	59	LEU	1, 176	176	mit	mit	0.94
THR	1, 60	60	LEU	1, 176	176	mit	mit	0.98
ALA	1, 63	63	LEU	1, 176	176	mit	mit	0.98
VAL	1, 133	133	LEU	1, 176	176	mit	mit	0.95
LEU	1, 134	134	LEU	1, 176	176	mit	mit	0.87
TRP	1, 136	136	LEU	1, 176	176	mit	mit	0.97
VAL	1, 171	171	LEU	1, 176	176	mit	mit	0.6
ASP	1, 172	172	LEU	1, 176	176	mit	mit	0.85
ASN	1, 173	173	LEU	1, 176	176	mit	mit	1
PRO	1, 174	174	LEU	1, 176	176	mit	mit	0.98
THR	1, 175	175	LEU	1, 176	176	mit	mit	1
ALA	1, 58	58	THR	1, 177	177	mit	mit	1
ASP	1, 59	59	THR	1, 177	177	mit	mit	0.77
ASN	1, 173	173	THR	1, 177	177	mit	mit	0.99
PRO	1, 174	174	THR	1, 177	177	mit	mit	1
THR	1, 175	175	THR	1, 177	177	mit	mit	0.96
LEU	1, 176	176	THR	1, 177	177	mit	mit	1
GLY	1, 167	167	ARG	1, 178	178	mit	mit	0.84
PRO	1, 174	174	ARG	1, 178	178	mit	mit	0.99
THR	1, 175	175	ARG	1, 178	178	mit	mit	1
LEU	1, 176	176	ARG	1, 178	178	mit	mit	0.98
THR	1, 177	177	ARG	1, 178	178	mit	mit	1
VAL	1, 130	130	PHE	1, 179	179	mit	mit	1
GLY	1, 131	131	PHE	1, 179	179	mit	mit	0.96
VAL	1, 133	133	PHE	1, 179	179	mit	mit	1
LEU	1, 134	134	PHE	1, 179	179	mit	mit	0.97
ALA	1, 144	144	PHE	1, 179	179	mit	mit	0.73
THR	1, 175	175	PHE	1, 179	179	mit	mit	1
LEU	1, 176	176	PHE	1, 179	179	mit	mit	1
THR	1, 177	177	PHE	1, 179	179	mit	mit	0.99
ARG	1, 178	178	PHE	1, 179	179	mit	mit	1
TYR	1, 56	56	PHE	1, 180	180	mit	mit	0.65
ALA	1, 58	58	PHE	1, 180	180	mit	mit	1
LEU	1, 134	134	PHE	1, 180	180	mit	mit	0.99
LEU	1, 176	176	PHE	1, 180	180	mit	mit	1
THR	1, 177	177	PHE	1, 180	180	mit	mit	1
ARG	1, 178	178	PHE	1, 180	180	mit	mit	1
PHE	1, 179	179	PHE	1, 180	180	mit	mit	1
THR	1, 177	177	ALA	1, 181	181	mit	mit	0.99
ARG	1, 178	178	ALA	1, 181	181	mit	mit	1
PHE	1, 179	179	ALA	1, 181	181	mit	mit	0.99
PHE	1, 180	180	ALA	1, 181	181	mit	mit	1
VAL	1, 130	130	LEU	1, 182	182	mit	mit	1
ARG	1, 178	178	LEU	1, 182	182	mit	mit	1
PHE	1, 179	179	LEU	1, 182	182	mit	mit	1
PHE	1, 180	180	LEU	1, 182	182	mit	mit	0.99
ALA	1, 181	181	LEU	1, 182	182	mit	mit	1
THR	1, 127	127	HIS	1, 183	183	mit	mit	0.99
VAL	1, 130	130	HIS	1, 183	183	mit	mit	1
GLY	1, 131	131	HIS	1, 183	183	mit	mit	1
LEU	1, 134	134	HIS	1, 183	183	mit	mit	0.99
PHE	1, 179	179	HIS	1, 183	183	mit	mit	1
PHE	1, 180	180	HIS	1, 183	183	mit	mit	1
ALA	1, 181	181	HIS	1, 183	183	mit	mit	0.99
LEU	1, 182	182	HIS	1, 183	183	mit	mit	1
ALA	1, 53	53	PHE	1, 184	184	mit	mit	0.98
PHE	1, 180	180	PHE	1, 184	184	mit	mit	1
ALA	1, 181	181	PHE	1, 184	184	mit	mit	1
LEU	1, 182	182	PHE	1, 184	184	mit	mit	1
HIS	1, 183	183	PHE	1, 184	184	mit	mit	1
ALA	1, 181	181	LEU	1, 185	185	mit	mit	1
LEU	1, 182	182	LEU	1, 185	185	mit	mit	1
HIS	1, 183	183	LEU	1, 185	185	mit	mit	0.97
PHE	1, 184	184	LEU	1, 185	185	mit	mit	1
THR	1, 123	123	LEU	1, 186	186	mit	mit	0.99
ALA	1, 126	126	LEU	1, 186	186	mit	mit	0.98
THR	1, 127	127	LEU	1, 186	186	mit	mit	1
VAL	1, 130	130	LEU	1, 186	186	mit	mit	0.92
LEU	1, 182	182	LEU	1, 186	186	mit	mit	1
HIS	1, 183	183	LEU	1, 186	186	mit	mit	1
PHE	1, 184	184	LEU	1, 186	186	mit	mit	0.83
LEU	1, 185	185	LEU	1, 186	186	mit	mit	1
LEU	1, 42	42	PRO	1, 187	187	mit	mit	0.96
GLN	1, 45	45	PRO	1, 187	187	mit	mit	0.98
ILE	1, 46	46	PRO	1, 187	187	mit	mit	1
THR	1, 127	127	PRO	1, 187	187	mit	mit	0.99
HIS	1, 183	183	PRO	1, 187	187	mit	mit	0.67
PHE	1, 184	184	PRO	1, 187	187	mit	mit	0.91
LEU	1, 185	185	PRO	1, 187	187	mit	mit	0.96
LEU	1, 186	186	PRO	1, 187	187	mit	mit	1
ILE	1, 46	46	PHE	1, 188	188	mit	mit	0.59
LEU	1, 185	185	PHE	1, 188	188	mit	mit	1
LEU	1, 186	186	PHE	1, 188	188	mit	mit	0.99
PRO	1, 187	187	PHE	1, 188	188	mit	mit	1
THR	1, 123	123	THR	1, 189	189	mit	mit	0.99
LEU	1, 185	185	THR	1, 189	189	mit	mit	0.99
LEU	1, 186	186	THR	1, 189	189	mit	mit	1
PRO	1, 187	187	THR	1, 189	189	mit	mit	1
PHE	1, 188	188	THR	1, 189	189	mit	mit	1
LEU	1, 42	42	ILE	1, 190	190	mit	mit	0.99
LEU	1, 120	120	ILE	1, 190	190	mit	mit	0.99
THR	1, 123	123	ILE	1, 190	190	mit	mit	1
LEU	1, 124	124	ILE	1, 190	190	mit	mit	0.99
THR	1, 127	127	ILE	1, 190	190	mit	mit	0.98
LEU	1, 186	186	ILE	1, 190	190	mit	mit	1
PRO	1, 187	187	ILE	1, 190	190	mit	mit	1
PHE	1, 188	188	ILE	1, 190	190	mit	mit	1
THR	1, 189	189	ILE	1, 190	190	mit	mit	1
LEU	1, 42	42	ALA	1, 191	191	mit	mit	0.99
ILE	1, 46	46	ALA	1, 191	191	mit	mit	0.75
PRO	1, 187	187	ALA	1, 191	191	mit	mit	0.99
PHE	1, 188	188	ALA	1, 191	191	mit	mit	1
THR	1, 189	189	ALA	1, 191	191	mit	mit	1
ILE	1, 190	190	ALA	1, 191	191	mit	mit	1
PHE	1, 188	188	GLY	1, 192	192	mit	mit	0.99
THR	1, 189	189	GLY	1, 192	192	mit	mit	1
ILE	1, 190	190	GLY	1, 192	192	mit	mit	1
ALA	1, 191	191	GLY	1, 192	192	mit	mit	1
THR	1, 116	116	ILE	1, 193	193	mit	mit	0.99
GLY	1, 117	117	ILE	1, 193	193	mit	mit	0.57
ILE	1, 119	119	ILE	1, 193	193	mit	mit	0.99
LEU	1, 120	120	ILE	1, 193	193	mit	mit	1
THR	1, 123	123	ILE	1, 193	193	mit	mit	0.99
THR	1, 189	189	ILE	1, 193	193	mit	mit	1
ILE	1, 190	190	ILE	1, 193	193	mit	mit	1
ALA	1, 191	191	ILE	1, 193	193	mit	mit	0.97
GLY	1, 192	192	ILE	1, 193	193	mit	mit	1
ALA	1, 39	39	THR	1, 194	194	mit	mit	0.95
LEU	1, 42	42	THR	1, 194	194	mit	mit	0.96
LEU	1, 120	120	THR	1, 194	194	mit	mit	0.99
ILE	1, 190	190	THR	1, 194	194	mit	mit	1
ALA	1, 191	191	THR	1, 194	194	mit	mit	1
GLY	1, 192	192	THR	1, 194	194	mit	mit	1
ILE	1, 193	193	THR	1, 194	194	mit	mit	1
ALA	1, 191	191	ILE	1, 195	195	mit	mit	0.99
GLY	1, 192	192	ILE	1, 195	195	mit	mit	1
ILE	1, 193	193	ILE	1, 195	195	mit	mit	0.99
THR	1, 194	194	ILE	1, 195	195	mit	mit	1
THR	1, 116	116	ILE	1, 196	196	mit	mit	0.99
GLY	1, 192	192	ILE	1, 196	196	mit	mit	1
ILE	1, 193	193	ILE	1, 196	196	mit	mit	1
THR	1, 194	194	ILE	1, 196	196	mit	mit	1
ILE	1, 195	195	ILE	1, 196	196	mit	mit	1
THR	1, 113	113	HIS	1, 197	197	mit	mit	1
THR	1, 116	116	HIS	1, 197	197	mit	mit	1
GLY	1, 117	117	HIS	1, 197	197	mit	mit	1
LEU	1, 120	120	HIS	1, 197	197	mit	mit	0.99
ILE	1, 193	193	HIS	1, 197	197	mit	mit	1
THR	1, 194	194	HIS	1, 197	197	mit	mit	1
ILE	1, 195	195	HIS	1, 197	197	mit	mit	1
ILE	1, 196	196	HIS	1, 197	197	mit	mit	1
SER	1, 18	18	LEU	1, 198	198	mit	mit	0.89
THR	1, 194	194	LEU	1, 198	198	mit	mit	1
ILE	1, 195	195	LEU	1, 198	198	mit	mit	1
ILE	1, 196	196	LEU	1, 198	198	mit	mit	0.99
HIS	1, 197	197	LEU	1, 198	198	mit	mit	1
ILE	1, 195	195	THR	1, 199	199	mit	mit	1
ILE	1, 196	196	THR	1, 199	199	mit	mit	1
HIS	1, 197	197	THR	1, 199	199	mit	mit	1
LEU	1, 198	198	THR	1, 199	199	mit	mit	1
TYR	1, 110	110	PHE	1, 200	200	mit	mit	0.93
GLU	1, 112	112	PHE	1, 200	200	mit	mit	0.99
THR	1, 113	113	PHE	1, 200	200	mit	mit	1
THR	1, 116	116	PHE	1, 200	200	mit	mit	0.99
ILE	1, 196	196	PHE	1, 200	200	mit	mit	0.99
HIS	1, 197	197	PHE	1, 200	200	mit	mit	1
LEU	1, 198	198	PHE	1, 200	200	mit	mit	0.99
THR	1, 199	199	PHE	1, 200	200	mit	mit	1
TYR	1, 110	110	LEU	1, 201	201	mit	mit	0.91
THR	1, 113	113	LEU	1, 201	201	mit	mit	1
HIS	1, 197	197	LEU	1, 201	201	mit	mit	0.99
LEU	1, 198	198	LEU	1, 201	201	mit	mit	1
THR	1, 199	199	LEU	1, 201	201	mit	mit	0.99
PHE	1, 200	200	LEU	1, 201	201	mit	mit	1
ASN	1, 17	17	HIS	1, 202	202	mit	mit	0.87
SER	1, 18	18	HIS	1, 202	202	mit	mit	0.96
LEU	1, 22	22	HIS	1, 202	202	mit	mit	0.92
LEU	1, 198	198	HIS	1, 202	202	mit	mit	0.99
THR	1, 199	199	HIS	1, 202	202	mit	mit	1
PHE	1, 200	200	HIS	1, 202	202	mit	mit	0.96
LEU	1, 201	201	HIS	1, 202	202	mit	mit	1
THR	1, 199	199	GLU	1, 203	203	mit	mit	0.92
PHE	1, 200	200	GLU	1, 203	203	mit	mit	0.99
LEU	1, 201	201	GLU	1, 203	203	mit	mit	0.98
HIS	1, 202	202	GLU	1, 203	203	mit	mit	1
TYR	1, 110	110	SER	1, 204	204	mit	mit	0.99
THR	1, 113	113	SER	1, 204	204	mit	mit	0.9
PHE	1, 200	200	SER	1, 204	204	mit	mit	0.91
LEU	1, 201	201	SER	1, 204	204	mit	mit	0.98
HIS	1, 202	202	SER	1, 204	204	mit	mit	0.68
GLU	1, 203	203	SER	1, 204	204	mit	mit	1
PRO	1, 23	23	GLY	1, 205	205	mit	mit	0.79
LEU	1, 201	201	GLY	1, 205	205	mit	mit	0.98
HIS	1, 202	202	GLY	1, 205	205	mit	mit	0.96
GLU	1, 203	203	GLY	1, 205	205	mit	mit	0.98
SER	1, 204	204	GLY	1, 205	205	mit	mit	1
ALA	1, 24	24	SER	1, 206	206	mit	mit	0.98
PRO	1, 25	25	SER	1, 206	206	mit	mit	0.99
ILE	1, 28	28	SER	1, 206	206	mit	mit	0.89
TRP	1, 32	32	SER	1, 206	206	mit	mit	0.87
LEU	1, 201	201	SER	1, 206	206	mit	mit	0.95
GLY	1, 205	205	SER	1, 206	206	mit	mit	1
PRO	1, 25	25	ASN	1, 207	207	mit	mit	0.88
TYR	1, 105	105	ASN	1, 207	207	mit	mit	0.99
GLY	1, 106	106	ASN	1, 207	207	mit	mit	0.97
SER	1, 107	107	ASN	1, 207	207	mit	mit	0.99
TYR	1, 110	110	ASN	1, 207	207	mit	mit	0.79
GLY	1, 205	205	ASN	1, 207	207	mit	mit	0.76
SER	1, 206	206	ASN	1, 207	207	mit	mit	1
PRO	1, 25	25	ASN	1, 208	208	mit	mit	1
ASN	1, 27	27	ASN	1, 208	208	mit	mit	0.99
ILE	1, 28	28	ASN	1, 208	208	mit	mit	0.95
TYR	1, 105	105	ASN	1, 208	208	mit	mit	0.73
SER	1, 206	206	ASN	1, 208	208	mit	mit	0.94
ASN	1, 207	207	ASN	1, 208	208	mit	mit	1
ASN	1, 27	27	PRO	1, 209	209	mit	mit	0.99
ILE	1, 28	28	PRO	1, 209	209	mit	mit	0.93
SER	1, 29	29	PRO	1, 209	209	mit	mit	0.99
TYR	1, 105	105	PRO	1, 209	209	mit	mit	0.99
ASN	1, 208	208	PRO	1, 209	209	mit	mit	1
ASN	1, 27	27	LEU	1, 210	210	mit	mit	0.95
ASN	1, 208	208	LEU	1, 210	210	mit	mit	1
PRO	1, 209	209	LEU	1, 210	210	mit	mit	1
TYR	1, 105	105	GLY	1, 211	211	mit	mit	0.95
GLY	1, 106	106	GLY	1, 211	211	mit	mit	0.77
ASN	1, 207	207	GLY	1, 211	211	mit	mit	0.98
ASN	1, 208	208	GLY	1, 211	211	mit	mit	1
PRO	1, 209	209	GLY	1, 211	211	mit	mit	0.99
LEU	1, 210	210	GLY	1, 211	211	mit	mit	1
ASN	1, 208	208	ILE	1, 212	212	mit	mit	0.93
LEU	1, 210	210	ILE	1, 212	212	mit	mit	1
GLY	1, 211	211	ILE	1, 212	212	mit	mit	1
ILE	1, 212	212	SER	1, 213	213	mit	mit	1
PRO	1, 25	25	SER	1, 214	214	mit	mit	0.99
SER	1, 26	26	SER	1, 214	214	mit	mit	0.91
ASN	1, 27	27	SER	1, 214	214	mit	mit	0.85
ASN	1, 208	208	SER	1, 214	214	mit	mit	0.99
ILE	1, 212	212	SER	1, 214	214	mit	mit	0.96
SER	1, 213	213	SER	1, 214	214	mit	mit	1
SER	1, 213	213	ASP	1, 215	215	mit	mit	1
SER	1, 214	214	ASP	1, 215	215	mit	mit	1
SER	1, 213	213	SER	1, 216	216	mit	mit	0.8
SER	1, 214	214	SER	1, 216	216	mit	mit	0.98
ASP	1, 215	215	SER	1, 216	216	mit	mit	1
PRO	1, 25	25	ASP	1, 217	217	mit	mit	0.85
SER	1, 26	26	ASP	1, 217	217	mit	mit	0.99
ASN	1, 27	27	ASP	1, 217	217	mit	mit	0.6
SER	1, 214	214	ASP	1, 217	217	mit	mit	0.98
SER	1, 216	216	ASP	1, 217	217	mit	mit	1
PRO	1, 23	23	LYS	1, 218	218	mit	mit	1
ALA	1, 24	24	LYS	1, 218	218	mit	mit	0.99
PRO	1, 25	25	LYS	1, 218	218	mit	mit	0.99
SER	1, 26	26	LYS	1, 218	218	mit	mit	0.97
SER	1, 214	214	LYS	1, 218	218	mit	mit	0.98
ASP	1, 215	215	LYS	1, 218	218	mit	mit	0.98
SER	1, 216	216	LYS	1, 218	218	mit	mit	0.76
ASP	1, 217	217	LYS	1, 218	218	mit	mit	1
PRO	1, 23	23	ILE	1, 219	219	mit	mit	0.87
ALA	1, 24	24	ILE	1, 219	219	mit	mit	0.99
PRO	1, 25	25	ILE	1, 219	219	mit	mit	0.73
SER	1, 26	26	ILE	1, 219	219	mit	mit	1
ASP	1, 217	217	ILE	1, 219	219	mit	mit	0.92
LYS	1, 218	218	ILE	1, 219	219	mit	mit	1
ILE	1, 20	20	PRO	1, 220	220	mit	mit	0.88
ASP	1, 21	21	PRO	1, 220	220	mit	mit	0.99
LEU	1, 22	22	PRO	1, 220	220	mit	mit	0.94
PRO	1, 23	23	PRO	1, 220	220	mit	mit	0.96
ALA	1, 24	24	PRO	1, 220	220	mit	mit	0.88
ILE	1, 219	219	PRO	1, 220	220	mit	mit	1
LEU	1, 19	19	PHE	1, 221	221	mit	mit	0.99
ILE	1, 20	20	PHE	1, 221	221	mit	mit	0.99
ASP	1, 21	21	PHE	1, 221	221	mit	mit	0.95
LEU	1, 22	22	PHE	1, 221	221	mit	mit	1
PRO	1, 23	23	PHE	1, 221	221	mit	mit	0.64
ALA	1, 24	24	PHE	1, 221	221	mit	mit	1
PRO	1, 220	220	PHE	1, 221	221	mit	mit	1
LEU	1, 19	19	HIS	1, 222	222	mit	mit	0.95
ILE	1, 20	20	HIS	1, 222	222	mit	mit	0.99
ASP	1, 21	21	HIS	1, 222	222	mit	mit	0.72
PRO	1, 220	220	HIS	1, 222	222	mit	mit	1
PHE	1, 221	221	HIS	1, 222	222	mit	mit	1
PRO	1, 220	220	PRO	1, 223	223	mit	mit	0.73
HIS	1, 222	222	PRO	1, 223	223	mit	mit	1
ALA	1, 24	24	TYR	1, 224	224	mit	mit	0.72
ILE	1, 219	219	TYR	1, 224	224	mit	mit	0.99
PRO	1, 220	220	TYR	1, 224	224	mit	mit	0.96
PHE	1, 221	221	TYR	1, 224	224	mit	mit	0.98
HIS	1, 222	222	TYR	1, 224	224	mit	mit	0.96
PRO	1, 223	223	TYR	1, 224	224	mit	mit	1
ALA	1, 24	24	TYR	1, 225	225	mit	mit	0.99
ILE	1, 28	28	TYR	1, 225	225	mit	mit	0.64
PHE	1, 221	221	TYR	1, 225	225	mit	mit	1
HIS	1, 222	222	TYR	1, 225	225	mit	mit	0.87
TYR	1, 224	224	TYR	1, 225	225	mit	mit	1
LEU	1, 19	19	SER	1, 226	226	mit	mit	0.83
PHE	1, 221	221	SER	1, 226	226	mit	mit	0.99
HIS	1, 222	222	SER	1, 226	226	mit	mit	0.99
PRO	1, 223	223	SER	1, 226	226	mit	mit	1
TYR	1, 224	224	SER	1, 226	226	mit	mit	0.99
TYR	1, 225	225	SER	1, 226	226	mit	mit	1
PRO	1, 223	223	PHE	1, 227	227	mit	mit	0.98
TYR	1, 224	224	PHE	1, 227	227	mit	mit	0.99
TYR	1, 225	225	PHE	1, 227	227	mit	mit	0.98
SER	1, 226	226	PHE	1, 227	227	mit	mit	1
ASN	1, 33	33	LYS	1, 228	228	mit	mit	0.99
TYR	1, 224	224	LYS	1, 228	228	mit	mit	0.99
TYR	1, 225	225	LYS	1, 228	228	mit	mit	1
SER	1, 226	226	LYS	1, 228	228	mit	mit	0.99
PHE	1, 227	227	LYS	1, 228	228	mit	mit	1
ASN	1, 33	33	ASP	1, 229	229	mit	mit	0.99
SER	1, 36	36	ASP	1, 229	229	mit	mit	1
TYR	1, 225	225	ASP	1, 229	229	mit	mit	1
SER	1, 226	226	ASP	1, 229	229	mit	mit	1
PHE	1, 227	227	ASP	1, 229	229	mit	mit	0.99
LYS	1, 228	228	ASP	1, 229	229	mit	mit	1
SER	1, 226	226	ILE	1, 230	230	mit	mit	0.99
PHE	1, 227	227	ILE	1, 230	230	mit	mit	1
LYS	1, 228	228	ILE	1, 230	230	mit	mit	0.99
ASP	1, 229	229	ILE	1, 230	230	mit	mit	1
PHE	1, 227	227	LEU	1, 231	231	mit	mit	1
LYS	1, 228	228	LEU	1, 231	231	mit	mit	1
ASP	1, 229	229	LEU	1, 231	231	mit	mit	1
ILE	1, 230	230	LEU	1, 231	231	mit	mit	1
ALA	1, 30	30	GLY	1, 232	232	mit	mit	0.64
ASN	1, 33	33	GLY	1, 232	232	mit	mit	1
SER	1, 36	36	GLY	1, 232	232	mit	mit	0.53
LEU	1, 37	37	GLY	1, 232	232	mit	mit	0.98
LYS	1, 228	228	GLY	1, 232	232	mit	mit	0.99
ASP	1, 229	229	GLY	1, 232	232	mit	mit	1
ILE	1, 230	230	GLY	1, 232	232	mit	mit	1
LEU	1, 231	231	GLY	1, 232	232	mit	mit	1
SER	1, 36	36	LEU	1, 233	233	mit	mit	0.83
LEU	1, 37	37	LEU	1, 233	233	mit	mit	0.98
VAL	1, 40	40	LEU	1, 233	233	mit	mit	1
ASP	1, 229	229	LEU	1, 233	233	mit	mit	1
ILE	1, 230	230	LEU	1, 233	233	mit	mit	1
LEU	1, 231	231	LEU	1, 233	233	mit	mit	1
GLY	1, 232	232	LEU	1, 233	233	mit	mit	1
ILE	1, 230	230	THR	1, 234	234	mit	mit	0.99
LEU	1, 231	231	THR	1, 234	234	mit	mit	1
GLY	1, 232	232	THR	1, 234	234	mit	mit	1
LEU	1, 233	233	THR	1, 234	234	mit	mit	1
LEU	1, 231	231	LEU	1, 235	235	mit	mit	1
GLY	1, 232	232	LEU	1, 235	235	mit	mit	1
LEU	1, 233	233	LEU	1, 235	235	mit	mit	0.99
THR	1, 234	234	LEU	1, 235	235	mit	mit	1
LEU	1, 37	37	MET	1, 236	236	mit	mit	0.99
VAL	1, 40	40	MET	1, 236	236	mit	mit	0.67
PHE	1, 90	90	MET	1, 236	236	mit	mit	0.92
CYS	1, 94	94	MET	1, 236	236	mit	mit	0.75
GLY	1, 232	232	MET	1, 236	236	mit	mit	1
LEU	1, 233	233	MET	1, 236	236	mit	mit	1
THR	1, 234	234	MET	1, 236	236	mit	mit	0.99
LEU	1, 235	235	MET	1, 236	236	mit	mit	1
LEU	1, 233	233	LEU	1, 237	237	mit	mit	1
THR	1, 234	234	LEU	1, 237	237	mit	mit	1
LEU	1, 235	235	LEU	1, 237	237	mit	mit	0.98
MET	1, 236	236	LEU	1, 237	237	mit	mit	1
THR	1, 234	234	THR	1, 238	238	mit	mit	0.96
LEU	1, 235	235	THR	1, 238	238	mit	mit	1
MET	1, 236	236	THR	1, 238	238	mit	mit	0.99
LEU	1, 237	237	THR	1, 238	238	mit	mit	1
MET	1, 236	236	PRO	1, 239	239	mit	mit	0.99
LEU	1, 237	237	PRO	1, 239	239	mit	mit	0.78
THR	1, 238	238	PRO	1, 239	239	mit	mit	1
ASN	1, 86	86	PHE	1, 240	240	mit	mit	0.98
GLY	1, 87	87	PHE	1, 240	240	mit	mit	0.98
PHE	1, 90	90	PHE	1, 240	240	mit	mit	1
MET	1, 236	236	PHE	1, 240	240	mit	mit	0.99
LEU	1, 237	237	PHE	1, 240	240	mit	mit	1
THR	1, 238	238	PHE	1, 240	240	mit	mit	1
PRO	1, 239	239	PHE	1, 240	240	mit	mit	1
LEU	1, 237	237	LEU	1, 241	241	mit	mit	1
THR	1, 238	238	LEU	1, 241	241	mit	mit	1
PRO	1, 239	239	LEU	1, 241	241	mit	mit	0.94
PHE	1, 240	240	LEU	1, 241	241	mit	mit	1
THR	1, 238	238	THR	1, 242	242	mit	mit	1
PRO	1, 239	239	THR	1, 242	242	mit	mit	1
PHE	1, 240	240	THR	1, 242	242	mit	mit	1
LEU	1, 241	241	THR	1, 242	242	mit	mit	1
ASN	1, 86	86	LEU	1, 243	243	mit	mit	1
SER	1, 89	89	LEU	1, 243	243	mit	mit	0.6
PRO	1, 239	239	LEU	1, 243	243	mit	mit	0.99
PHE	1, 240	240	LEU	1, 243	243	mit	mit	1
LEU	1, 241	241	LEU	1, 243	243	mit	mit	1
THR	1, 242	242	LEU	1, 243	243	mit	mit	1
LEU	1, 79	79	ALA	1, 244	244	mit	mit	0.83
ASN	1, 82	82	ALA	1, 244	244	mit	mit	1
LEU	1, 83	83	ALA	1, 244	244	mit	mit	0.99
ASN	1, 86	86	ALA	1, 244	244	mit	mit	1
GLY	1, 87	87	ALA	1, 244	244	mit	mit	0.59
PHE	1, 240	240	ALA	1, 244	244	mit	mit	0.99
LEU	1, 241	241	ALA	1, 244	244	mit	mit	1
THR	1, 242	242	ALA	1, 244	244	mit	mit	0.98
LEU	1, 243	243	ALA	1, 244	244	mit	mit	1
ASN	1, 82	82	LEU	1, 245	245	mit	mit	0.72
LEU	1, 241	241	LEU	1, 245	245	mit	mit	1
THR	1, 242	242	LEU	1, 245	245	mit	mit	1
LEU	1, 243	243	LEU	1, 245	245	mit	mit	0.87
ALA	1, 244	244	LEU	1, 245	245	mit	mit	1
THR	1, 242	242	PHE	1, 246	246	mit	mit	1
LEU	1, 243	243	PHE	1, 246	246	mit	mit	0.98
LEU	1, 245	245	PHE	1, 246	246	mit	mit	1
THR	1, 242	242	SER	1, 247	247	mit	mit	0.53
LEU	1, 243	243	SER	1, 247	247	mit	mit	0.99
PHE	1, 246	246	SER	1, 247	247	mit	mit	1
ASN	1, 82	82	PRO	1, 248	248	mit	mit	0.99
ALA	1, 85	85	PRO	1, 248	248	mit	mit	0.78
ASN	1, 86	86	PRO	1, 248	248	mit	mit	0.93
LEU	1, 243	243	PRO	1, 248	248	mit	mit	0.91
ALA	1, 244	244	PRO	1, 248	248	mit	mit	0.98
LEU	1, 245	245	PRO	1, 248	248	mit	mit	0.89
PHE	1, 246	246	PRO	1, 248	248	mit	mit	0.68
SER	1, 247	247	PRO	1, 248	248	mit	mit	1
SER	1, 247	247	ASN	1, 249	249	mit	mit	0.97
PRO	1, 248	248	ASN	1, 249	249	mit	mit	1
LEU	1, 243	243	LEU	1, 250	250	mit	mit	0.95
SER	1, 247	247	LEU	1, 250	250	mit	mit	0.99
PRO	1, 248	248	LEU	1, 250	250	mit	mit	0.97
ASN	1, 249	249	LEU	1, 250	250	mit	mit	1
ASN	1, 86	86	LEU	1, 251	251	mit	mit	0.92
SER	1, 89	89	LEU	1, 251	251	mit	mit	0.99
LEU	1, 243	243	LEU	1, 251	251	mit	mit	0.74
ASN	1, 249	249	LEU	1, 251	251	mit	mit	0.82
LEU	1, 250	250	LEU	1, 251	251	mit	mit	1
ALA	1, 85	85	GLY	1, 252	252	mit	mit	0.66
ASN	1, 249	249	GLY	1, 252	252	mit	mit	0.98
LEU	1, 250	250	GLY	1, 252	252	mit	mit	0.99
LEU	1, 251	251	GLY	1, 252	252	mit	mit	1
MET	1, 139	139	ASP	1, 253	253	mit	mit	0.94
GLY	1, 252	252	ASP	1, 253	253	mit	mit	1
ASN	1, 249	249	PRO	1, 254	254	mit	mit	0.73
GLY	1, 252	252	PRO	1, 254	254	mit	mit	0.87
ASP	1, 253	253	PRO	1, 254	254	mit	mit	1
GLY	1, 137	137	GLU	1, 255	255	mit	mit	0.55
GLN	1, 138	138	GLU	1, 255	255	mit	mit	0.96
MET	1, 139	139	GLU	1, 255	255	mit	mit	0.98
ASP	1, 253	253	GLU	1, 255	255	mit	mit	0.99
PRO	1, 254	254	GLU	1, 255	255	mit	mit	1
PRO	1, 135	135	ASN	1, 256	256	mit	mit	0.95
GLY	1, 137	137	ASN	1, 256	256	mit	mit	0.98
GLN	1, 138	138	ASN	1, 256	256	mit	mit	0.96
MET	1, 139	139	ASN	1, 256	256	mit	mit	0.99
SER	1, 140	140	ASN	1, 256	256	mit	mit	0.96
GLY	1, 252	252	ASN	1, 256	256	mit	mit	0.81
ASP	1, 253	253	ASN	1, 256	256	mit	mit	0.95
PRO	1, 254	254	ASN	1, 256	256	mit	mit	0.96
GLU	1, 255	255	ASN	1, 256	256	mit	mit	1
GLY	1, 137	137	PHE	1, 257	257	mit	mit	0.85
PRO	1, 254	254	PHE	1, 257	257	mit	mit	0.95
GLU	1, 255	255	PHE	1, 257	257	mit	mit	0.97
ASN	1, 256	256	PHE	1, 257	257	mit	mit	1
GLY	1, 137	137	THR	1, 258	258	mit	mit	0.99
GLN	1, 138	138	THR	1, 258	258	mit	mit	0.99
GLU	1, 255	255	THR	1, 258	258	mit	mit	0.96
ASN	1, 256	256	THR	1, 258	258	mit	mit	0.95
PHE	1, 257	257	THR	1, 258	258	mit	mit	1
PHE	1, 64	64	PRO	1, 259	259	mit	mit	0.99
TRP	1, 136	136	PRO	1, 259	259	mit	mit	0.89
GLY	1, 137	137	PRO	1, 259	259	mit	mit	0.99
GLN	1, 138	138	PRO	1, 259	259	mit	mit	0.92
THR	1, 258	258	PRO	1, 259	259	mit	mit	1
THR	1, 60	60	ALA	1, 260	260	mit	mit	0.68
PHE	1, 64	64	ALA	1, 260	260	mit	mit	0.86
TRP	1, 136	136	ALA	1, 260	260	mit	mit	1
GLY	1, 137	137	ALA	1, 260	260	mit	mit	1
GLN	1, 138	138	ALA	1, 260	260	mit	mit	0.99
SER	1, 140	140	ALA	1, 260	260	mit	mit	0.9
PHE	1, 141	141	ALA	1, 260	260	mit	mit	0.99
THR	1, 258	258	ALA	1, 260	260	mit	mit	0.56
PRO	1, 259	259	ALA	1, 260	260	mit	mit	1
GLN	1, 138	138	ASN	1, 261	261	mit	mit	0.93
PHE	1, 141	141	ASN	1, 261	261	mit	mit	0.53
THR	1, 258	258	ASN	1, 261	261	mit	mit	0.7
PRO	1, 259	259	ASN	1, 261	261	mit	mit	0.98
ALA	1, 260	260	ASN	1, 261	261	mit	mit	1
PHE	1, 141	141	PRO	1, 262	262	mit	mit	0.86
SER	1, 170	170	PRO	1, 262	262	mit	mit	0.77
ALA	1, 260	260	PRO	1, 262	262	mit	mit	0.95
ASN	1, 261	261	PRO	1, 262	262	mit	mit	1
ASN	1, 261	261	LEU	1, 263	263	mit	mit	0.99
PRO	1, 262	262	LEU	1, 263	263	mit	mit	1
GLN	1, 138	138	VAL	1, 264	264	mit	mit	0.75
ASN	1, 261	261	VAL	1, 264	264	mit	mit	0.96
LEU	1, 263	263	VAL	1, 264	264	mit	mit	1
TRP	1, 142	142	THR	1, 265	265	mit	mit	0.92
VAL	1, 264	264	THR	1, 265	265	mit	mit	1
GLN	1, 138	138	PRO	1, 266	266	mit	mit	0.95
MET	1, 139	139	PRO	1, 266	266	mit	mit	0.9
TRP	1, 142	142	PRO	1, 266	266	mit	mit	0.93
GLU	1, 255	255	PRO	1, 266	266	mit	mit	0.94
VAL	1, 264	264	PRO	1, 266	266	mit	mit	0.84
THR	1, 265	265	PRO	1, 266	266	mit	mit	1
THR	1, 265	265	PRO	1, 267	267	mit	mit	0.65
PRO	1, 266	266	PRO	1, 267	267	mit	mit	1
PRO	1, 266	266	HIS	1, 268	268	mit	mit	0.97
PRO	1, 267	267	HIS	1, 268	268	mit	mit	1
MET	1, 139	139	ILE	1, 269	269	mit	mit	0.87
TRP	1, 142	142	ILE	1, 269	269	mit	mit	0.97
GLY	1, 143	143	ILE	1, 269	269	mit	mit	0.94
VAL	1, 146	146	ILE	1, 269	269	mit	mit	0.93
THR	1, 265	265	ILE	1, 269	269	mit	mit	0.71
PRO	1, 266	266	ILE	1, 269	269	mit	mit	0.95
HIS	1, 268	268	ILE	1, 269	269	mit	mit	1
MET	1, 139	139	LYS	1, 270	270	mit	mit	0.73
ASP	1, 253	253	LYS	1, 270	270	mit	mit	0.79
HIS	1, 268	268	LYS	1, 270	270	mit	mit	0.99
ILE	1, 269	269	LYS	1, 270	270	mit	mit	1
TYR	1, 132	132	PRO	1, 271	271	mit	mit	0.57
GLY	1, 143	143	PRO	1, 271	271	mit	mit	0.95
ILE	1, 147	147	PRO	1, 271	271	mit	mit	0.75
LYS	1, 270	270	PRO	1, 271	271	mit	mit	1
SER	1, 89	89	GLU	1, 272	272	mit	mit	0.6
ALA	1, 128	128	GLU	1, 272	272	mit	mit	0.79
TYR	1, 132	132	GLU	1, 272	272	mit	mit	0.98
LEU	1, 251	251	GLU	1, 272	272	mit	mit	0.63
GLY	1, 252	252	GLU	1, 272	272	mit	mit	0.85
ASP	1, 253	253	GLU	1, 272	272	mit	mit	0.54
PRO	1, 271	271	GLU	1, 272	272	mit	mit	1
SER	1, 89	89	TRP	1, 273	273	mit	mit	0.89
LEU	1, 251	251	TRP	1, 273	273	mit	mit	0.97
GLU	1, 272	272	TRP	1, 273	273	mit	mit	1
SER	1, 89	89	TYR	1, 274	274	mit	mit	0.89
PHE	1, 92	92	TYR	1, 274	274	mit	mit	1
PHE	1, 96	96	TYR	1, 274	274	mit	mit	0.53
ALA	1, 128	128	TYR	1, 274	274	mit	mit	0.93
GLU	1, 272	272	TYR	1, 274	274	mit	mit	1
TRP	1, 273	273	TYR	1, 274	274	mit	mit	1
MET	1, 125	125	PHE	1, 275	275	mit	mit	0.87
PHE	1, 129	129	PHE	1, 275	275	mit	mit	0.83
PRO	1, 271	271	PHE	1, 275	275	mit	mit	0.98
GLU	1, 272	272	PHE	1, 275	275	mit	mit	0.98
TRP	1, 273	273	PHE	1, 275	275	mit	mit	0.89
TYR	1, 274	274	PHE	1, 275	275	mit	mit	1
LYS	1, 270	270	LEU	1, 276	276	mit	mit	0.88
PRO	1, 271	271	LEU	1, 276	276	mit	mit	0.96
GLU	1, 272	272	LEU	1, 276	276	mit	mit	0.64
TRP	1, 273	273	LEU	1, 276	276	mit	mit	0.99
TYR	1, 274	274	LEU	1, 276	276	mit	mit	0.98
PHE	1, 275	275	LEU	1, 276	276	mit	mit	1
PHE	1, 275	275	PHE	1, 277	277	mit	mit	0.96
LEU	1, 276	276	PHE	1, 277	277	mit	mit	1
PHE	1, 275	275	ALA	1, 278	278	mit	mit	1
LEU	1, 276	276	ALA	1, 278	278	mit	mit	0.97
PHE	1, 277	277	ALA	1, 278	278	mit	mit	1
LYS	1, 270	270	TYR	1, 279	279	mit	mit	0.83
PRO	1, 271	271	TYR	1, 279	279	mit	mit	0.97
PHE	1, 275	275	TYR	1, 279	279	mit	mit	0.99
LEU	1, 276	276	TYR	1, 279	279	mit	mit	1
PHE	1, 277	277	TYR	1, 279	279	mit	mit	0.99
ALA	1, 278	278	TYR	1, 279	279	mit	mit	1
LEU	1, 276	276	ALA	1, 280	280	mit	mit	0.99
PHE	1, 277	277	ALA	1, 280	280	mit	mit	0.99
ALA	1, 278	278	ALA	1, 280	280	mit	mit	0.99
TYR	1, 279	279	ALA	1, 280	280	mit	mit	1
PHE	1, 277	277	ILE	1, 281	281	mit	mit	0.97
ALA	1, 278	278	ILE	1, 281	281	mit	mit	1
TYR	1, 279	279	ILE	1, 281	281	mit	mit	0.99
ALA	1, 280	280	ILE	1, 281	281	mit	mit	1
LEU	1, 150	150	LEU	1, 282	282	mit	mit	0.74
ALA	1, 278	278	LEU	1, 282	282	mit	mit	0.98
TYR	1, 279	279	LEU	1, 282	282	mit	mit	1
ALA	1, 280	280	LEU	1, 282	282	mit	mit	0.99
ILE	1, 281	281	LEU	1, 282	282	mit	mit	1
TYR	1, 279	279	ARG	1, 283	283	mit	mit	0.98
ALA	1, 280	280	ARG	1, 283	283	mit	mit	0.99
ILE	1, 281	281	ARG	1, 283	283	mit	mit	0.9
LEU	1, 282	282	ARG	1, 283	283	mit	mit	1
ALA	1, 280	280	SER	1, 284	284	mit	mit	0.98
ILE	1, 281	281	SER	1, 284	284	mit	mit	0.99
LEU	1, 282	282	SER	1, 284	284	mit	mit	0.98
ARG	1, 283	283	SER	1, 284	284	mit	mit	1
ILE	1, 281	281	ILE	1, 285	285	mit	mit	0.71
LEU	1, 282	282	ILE	1, 285	285	mit	mit	0.93
ARG	1, 283	283	ILE	1, 285	285	mit	mit	0.76
SER	1, 284	284	ILE	1, 285	285	mit	mit	1
ILE	1, 285	285	PRO	1, 286	286	mit	mit	1
ILE	1, 285	285	ASN	1, 287	287	mit	mit	0.98
PRO	1, 286	286	ASN	1, 287	287	mit	mit	1
LEU	1, 150	150	LYS	1, 288	288	mit	mit	0.62
ALA	1, 153	153	LYS	1, 288	288	mit	mit	0.96
ASN	1, 287	287	LYS	1, 288	288	mit	mit	1
ALA	1, 153	153	LEU	1, 289	289	mit	mit	0.97
ILE	1, 154	154	LEU	1, 289	289	mit	mit	0.68
PRO	1, 155	155	LEU	1, 289	289	mit	mit	0.61
ASN	1, 287	287	LEU	1, 289	289	mit	mit	0.99
LYS	1, 288	288	LEU	1, 289	289	mit	mit	1
ALA	1, 153	153	GLY	1, 290	290	mit	mit	0.59
ILE	1, 285	285	GLY	1, 290	290	mit	mit	0.98
ASN	1, 287	287	GLY	1, 290	290	mit	mit	0.98
LYS	1, 288	288	GLY	1, 290	290	mit	mit	1
LEU	1, 289	289	GLY	1, 290	290	mit	mit	1
ILE	1, 281	281	GLY	1, 291	291	mit	mit	0.83
LEU	1, 282	282	GLY	1, 291	291	mit	mit	0.99
ILE	1, 285	285	GLY	1, 291	291	mit	mit	0.99
ASN	1, 287	287	GLY	1, 291	291	mit	mit	0.96
LYS	1, 288	288	GLY	1, 291	291	mit	mit	0.99
LEU	1, 289	289	GLY	1, 291	291	mit	mit	1
GLY	1, 290	290	GLY	1, 291	291	mit	mit	1
LEU	1, 150	150	VAL	1, 292	292	mit	mit	0.99
PHE	1, 151	151	VAL	1, 292	292	mit	mit	0.63
ALA	1, 153	153	VAL	1, 292	292	mit	mit	0.97
ILE	1, 154	154	VAL	1, 292	292	mit	mit	0.57
LEU	1, 282	282	VAL	1, 292	292	mit	mit	0.9
LYS	1, 288	288	VAL	1, 292	292	mit	mit	0.96
LEU	1, 289	289	VAL	1, 292	292	mit	mit	0.99
GLY	1, 290	290	VAL	1, 292	292	mit	mit	1
GLY	1, 291	291	VAL	1, 292	292	mit	mit	1
LEU	1, 289	289	LEU	1, 293	293	mit	mit	0.98
GLY	1, 290	290	LEU	1, 293	293	mit	mit	1
GLY	1, 291	291	LEU	1, 293	293	mit	mit	1
VAL	1, 292	292	LEU	1, 293	293	mit	mit	1
ILE	1, 281	281	ALA	1, 294	294	mit	mit	0.99
LEU	1, 282	282	ALA	1, 294	294	mit	mit	0.96
SER	1, 284	284	ALA	1, 294	294	mit	mit	0.65
ILE	1, 285	285	ALA	1, 294	294	mit	mit	0.98
GLY	1, 290	290	ALA	1, 294	294	mit	mit	0.99
GLY	1, 291	291	ALA	1, 294	294	mit	mit	1
VAL	1, 292	292	ALA	1, 294	294	mit	mit	0.99
LEU	1, 293	293	ALA	1, 294	294	mit	mit	1
LEU	1, 150	150	LEU	1, 295	295	mit	mit	0.81
ALA	1, 278	278	LEU	1, 295	295	mit	mit	0.99
ILE	1, 281	281	LEU	1, 295	295	mit	mit	0.99
LEU	1, 282	282	LEU	1, 295	295	mit	mit	0.99
GLY	1, 291	291	LEU	1, 295	295	mit	mit	0.99
VAL	1, 292	292	LEU	1, 295	295	mit	mit	1
LEU	1, 293	293	LEU	1, 295	295	mit	mit	0.99
ALA	1, 294	294	LEU	1, 295	295	mit	mit	1
VAL	1, 292	292	ALA	1, 296	296	mit	mit	0.99
LEU	1, 293	293	ALA	1, 296	296	mit	mit	1
ALA	1, 294	294	ALA	1, 296	296	mit	mit	0.99
LEU	1, 295	295	ALA	1, 296	296	mit	mit	1
LEU	1, 293	293	ALA	1, 297	297	mit	mit	1
ALA	1, 294	294	ALA	1, 297	297	mit	mit	1
LEU	1, 295	295	ALA	1, 297	297	mit	mit	0.99
ALA	1, 296	296	ALA	1, 297	297	mit	mit	1
PHE	1, 277	277	SER	1, 298	298	mit	mit	0.75
ALA	1, 278	278	SER	1, 298	298	mit	mit	0.96
ILE	1, 281	281	SER	1, 298	298	mit	mit	0.99
ALA	1, 294	294	SER	1, 298	298	mit	mit	0.99
LEU	1, 295	295	SER	1, 298	298	mit	mit	1
ALA	1, 296	296	SER	1, 298	298	mit	mit	0.99
ALA	1, 297	297	SER	1, 298	298	mit	mit	1
VAL	1, 118	118	VAL	1, 299	299	mit	mit	0.67
LEU	1, 121	121	VAL	1, 299	299	mit	mit	0.96
LEU	1, 122	122	VAL	1, 299	299	mit	mit	0.98
MET	1, 125	125	VAL	1, 299	299	mit	mit	0.81
ALA	1, 278	278	VAL	1, 299	299	mit	mit	0.88
LEU	1, 295	295	VAL	1, 299	299	mit	mit	0.66
ALA	1, 296	296	VAL	1, 299	299	mit	mit	0.99
ALA	1, 297	297	VAL	1, 299	299	mit	mit	0.88
SER	1, 298	298	VAL	1, 299	299	mit	mit	1
VAL	1, 118	118	LEU	1, 300	300	mit	mit	0.61
ALA	1, 296	296	LEU	1, 300	300	mit	mit	0.99
ALA	1, 297	297	LEU	1, 300	300	mit	mit	1
SER	1, 298	298	LEU	1, 300	300	mit	mit	0.85
VAL	1, 299	299	LEU	1, 300	300	mit	mit	1
ALA	1, 297	297	ILE	1, 301	301	mit	mit	0.99
SER	1, 298	298	ILE	1, 301	301	mit	mit	0.99
VAL	1, 299	299	ILE	1, 301	301	mit	mit	0.99
LEU	1, 300	300	ILE	1, 301	301	mit	mit	1
ILE	1, 99	99	LEU	1, 302	302	mit	mit	0.77
VAL	1, 118	118	LEU	1, 302	302	mit	mit	0.99
LEU	1, 121	121	LEU	1, 302	302	mit	mit	0.84
VAL	1, 299	299	LEU	1, 302	302	mit	mit	0.99
LEU	1, 300	300	LEU	1, 302	302	mit	mit	0.99
ILE	1, 301	301	LEU	1, 302	302	mit	mit	1
ASN	1, 115	115	PHE	1, 303	303	mit	mit	0.99
VAL	1, 118	118	PHE	1, 303	303	mit	mit	0.99
LEU	1, 300	300	PHE	1, 303	303	mit	mit	0.99
ILE	1, 301	301	PHE	1, 303	303	mit	mit	0.99
LEU	1, 302	302	PHE	1, 303	303	mit	mit	1
LEU	1, 300	300	LEU	1, 304	304	mit	mit	0.56
ILE	1, 301	301	LEU	1, 304	304	mit	mit	1
LEU	1, 302	302	LEU	1, 304	304	mit	mit	0.99
PHE	1, 303	303	LEU	1, 304	304	mit	mit	1
LEU	1, 103	103	ILE	1, 305	305	mit	mit	0.94
TYR	1, 108	108	ILE	1, 305	305	mit	mit	0.99
TRP	1, 114	114	ILE	1, 305	305	mit	mit	0.72
ILE	1, 301	301	ILE	1, 305	305	mit	mit	0.93
LEU	1, 302	302	ILE	1, 305	305	mit	mit	1
PHE	1, 303	303	ILE	1, 305	305	mit	mit	0.98
LEU	1, 304	304	ILE	1, 305	305	mit	mit	1
TYR	1, 108	108	PRO	1, 306	306	mit	mit	0.99
LEU	1, 109	109	PRO	1, 306	306	mit	mit	0.98
LYS	1, 111	111	PRO	1, 306	306	mit	mit	0.99
TRP	1, 114	114	PRO	1, 306	306	mit	mit	0.99
PHE	1, 303	303	PRO	1, 306	306	mit	mit	0.61
LEU	1, 304	304	PRO	1, 306	306	mit	mit	0.96
ILE	1, 305	305	PRO	1, 306	306	mit	mit	1
LEU	1, 304	304	PHE	1, 307	307	mit	mit	1
ILE	1, 305	305	PHE	1, 307	307	mit	mit	0.98
PRO	1, 306	306	PHE	1, 307	307	mit	mit	1
LEU	1, 304	304	LEU	1, 308	308	mit	mit	0.99
ILE	1, 305	305	LEU	1, 308	308	mit	mit	0.99
PRO	1, 306	306	LEU	1, 308	308	mit	mit	0.96
PHE	1, 307	307	LEU	1, 308	308	mit	mit	1
GLY	1, 106	106	HIS	1, 309	309	mit	mit	0.76
TYR	1, 108	108	HIS	1, 309	309	mit	mit	0.88
LEU	1, 109	109	HIS	1, 309	309	mit	mit	0.97
ILE	1, 305	305	HIS	1, 309	309	mit	mit	0.94
PRO	1, 306	306	HIS	1, 309	309	mit	mit	0.98
PHE	1, 307	307	HIS	1, 309	309	mit	mit	0.97
LEU	1, 308	308	HIS	1, 309	309	mit	mit	1
LEU	1, 308	308	LYS	1, 310	310	mit	mit	0.98
HIS	1, 309	309	LYS	1, 310	310	mit	mit	1
HIS	1, 309	309	SER	1, 311	311	mit	mit	1
LYS	1, 310	310	SER	1, 311	311	mit	mit	1
SER	1, 311	311	LYS	1, 312	312	mit	mit	1
GLY	1, 211	211	GLN	1, 313	313	mit	mit	0.78
SER	1, 311	311	GLN	1, 313	313	mit	mit	1
LYS	1, 312	312	GLN	1, 313	313	mit	mit	1
TYR	1, 105	105	ARG	1, 314	314	mit	mit	0.75
GLY	1, 106	106	ARG	1, 314	314	mit	mit	1
LEU	1, 109	109	ARG	1, 314	314	mit	mit	0.97
ASN	1, 207	207	ARG	1, 314	314	mit	mit	0.69
GLY	1, 211	211	ARG	1, 314	314	mit	mit	0.99
ILE	1, 212	212	ARG	1, 314	314	mit	mit	0.59
SER	1, 311	311	ARG	1, 314	314	mit	mit	0.61
GLN	1, 313	313	ARG	1, 314	314	mit	mit	1
TYR	1, 104	104	THR	1, 315	315	mit	mit	0.77
TYR	1, 105	105	THR	1, 315	315	mit	mit	0.99
GLY	1, 106	106	THR	1, 315	315	mit	mit	0.99
PRO	1, 209	209	THR	1, 315	315	mit	mit	0.93
LEU	1, 210	210	THR	1, 315	315	mit	mit	0.97
GLY	1, 211	211	THR	1, 315	315	mit	mit	1
GLN	1, 313	313	THR	1, 315	315	mit	mit	0.99
ARG	1, 314	314	THR	1, 315	315	mit	mit	1
TYR	1, 104	104	MET	1, 316	316	mit	mit	1
TYR	1, 105	105	MET	1, 316	316	mit	mit	0.97
GLY	1, 106	106	MET	1, 316	316	mit	mit	0.89
THR	1, 315	315	MET	1, 316	316	mit	mit	1
TYR	1, 105	105	THR	1, 317	317	mit	mit	0.86
PRO	1, 209	209	THR	1, 317	317	mit	mit	0.99
LEU	1, 210	210	THR	1, 317	317	mit	mit	0.97
GLY	1, 211	211	THR	1, 317	317	mit	mit	0.79
THR	1, 315	315	THR	1, 317	317	mit	mit	1
MET	1, 316	316	THR	1, 317	317	mit	mit	1
GLN	1, 313	313	PHE	1, 318	318	mit	mit	0.98
THR	1, 315	315	PHE	1, 318	318	mit	mit	0.97
MET	1, 316	316	PHE	1, 318	318	mit	mit	0.86
THR	1, 317	317	PHE	1, 318	318	mit	mit	1
SER	1, 311	311	ARG	1, 319	319	mit	mit	0.97
GLN	1, 313	313	ARG	1, 319	319	mit	mit	0.97
THR	1, 315	315	ARG	1, 319	319	mit	mit	0.73
MET	1, 316	316	ARG	1, 319	319	mit	mit	0.99
THR	1, 317	317	ARG	1, 319	319	mit	mit	0.94
PHE	1, 318	318	ARG	1, 319	319	mit	mit	1
PHE	1, 318	318	PRO	1, 320	320	mit	mit	0.53
ARG	1, 319	319	PRO	1, 320	320	mit	mit	1
ARG	1, 319	319	LEU	1, 321	321	mit	mit	1
PRO	1, 320	320	LEU	1, 321	321	mit	mit	1
SER	1, 311	311	SER	1, 322	322	mit	mit	0.79
MET	1, 316	316	SER	1, 322	322	mit	mit	0.99
ARG	1, 319	319	SER	1, 322	322	mit	mit	1
PRO	1, 320	320	SER	1, 322	322	mit	mit	0.99
LEU	1, 321	321	SER	1, 322	322	mit	mit	1
MET	1, 316	316	GLN	1, 323	323	mit	mit	0.99
THR	1, 317	317	GLN	1, 323	323	mit	mit	0.62
ARG	1, 319	319	GLN	1, 323	323	mit	mit	0.99
PRO	1, 320	320	GLN	1, 323	323	mit	mit	1
LEU	1, 321	321	GLN	1, 323	323	mit	mit	0.99
SER	1, 322	322	GLN	1, 323	323	mit	mit	1
PRO	1, 320	320	THR	1, 324	324	mit	mit	0.97
LEU	1, 321	321	THR	1, 324	324	mit	mit	1
SER	1, 322	322	THR	1, 324	324	mit	mit	0.98
GLN	1, 323	323	THR	1, 324	324	mit	mit	1
LEU	1, 321	321	LEU	1, 325	325	mit	mit	0.99
SER	1, 322	322	LEU	1, 325	325	mit	mit	1
GLN	1, 323	323	LEU	1, 325	325	mit	mit	0.99
THR	1, 324	324	LEU	1, 325	325	mit	mit	1
LEU	1, 103	103	PHE	1, 326	326	mit	mit	0.96
TYR	1, 104	104	PHE	1, 326	326	mit	mit	0.99
MET	1, 316	316	PHE	1, 326	326	mit	mit	0.98
SER	1, 322	322	PHE	1, 326	326	mit	mit	1
GLN	1, 323	323	PHE	1, 326	326	mit	mit	1
THR	1, 324	324	PHE	1, 326	326	mit	mit	1
LEU	1, 325	325	PHE	1, 326	326	mit	mit	1
GLN	1, 323	323	TRP	1, 327	327	mit	mit	0.99
THR	1, 324	324	TRP	1, 327	327	mit	mit	1
LEU	1, 325	325	TRP	1, 327	327	mit	mit	0.97
PHE	1, 326	326	TRP	1, 327	327	mit	mit	1
THR	1, 324	324	LEU	1, 328	328	mit	mit	0.99
LEU	1, 325	325	LEU	1, 328	328	mit	mit	1
PHE	1, 326	326	LEU	1, 328	328	mit	mit	1
TRP	1, 327	327	LEU	1, 328	328	mit	mit	1
LEU	1, 325	325	LEU	1, 329	329	mit	mit	0.99
PHE	1, 326	326	LEU	1, 329	329	mit	mit	1
TRP	1, 327	327	LEU	1, 329	329	mit	mit	1
LEU	1, 328	328	LEU	1, 329	329	mit	mit	1
PHE	1, 326	326	VAL	1, 330	330	mit	mit	1
TRP	1, 327	327	VAL	1, 330	330	mit	mit	1
LEU	1, 328	328	VAL	1, 330	330	mit	mit	0.99
LEU	1, 329	329	VAL	1, 330	330	mit	mit	1
TRP	1, 327	327	ALA	1, 331	331	mit	mit	1
LEU	1, 328	328	ALA	1, 331	331	mit	mit	1
LEU	1, 329	329	ALA	1, 331	331	mit	mit	0.99
VAL	1, 330	330	ALA	1, 331	331	mit	mit	1
LEU	1, 328	328	ASN	1, 332	332	mit	mit	1
LEU	1, 329	329	ASN	1, 332	332	mit	mit	1
VAL	1, 330	330	ASN	1, 332	332	mit	mit	1
ALA	1, 331	331	ASN	1, 332	332	mit	mit	1
PHE	1, 277	277	LEU	1, 333	333	mit	mit	0.99
LEU	1, 329	329	LEU	1, 333	333	mit	mit	1
VAL	1, 330	330	LEU	1, 333	333	mit	mit	1
ALA	1, 331	331	LEU	1, 333	333	mit	mit	1
ASN	1, 332	332	LEU	1, 333	333	mit	mit	1
VAL	1, 330	330	LEU	1, 334	334	mit	mit	1
ALA	1, 331	331	LEU	1, 334	334	mit	mit	1
ASN	1, 332	332	LEU	1, 334	334	mit	mit	1
LEU	1, 333	333	LEU	1, 334	334	mit	mit	1
ALA	1, 331	331	ILE	1, 335	335	mit	mit	1
ASN	1, 332	332	ILE	1, 335	335	mit	mit	1
LEU	1, 333	333	ILE	1, 335	335	mit	mit	1
LEU	1, 334	334	ILE	1, 335	335	mit	mit	1
LEU	1, 276	276	LEU	1, 336	336	mit	mit	0.87
PHE	1, 277	277	LEU	1, 336	336	mit	mit	0.99
ALA	1, 280	280	LEU	1, 336	336	mit	mit	0.99
ILE	1, 281	281	LEU	1, 336	336	mit	mit	0.97
ASN	1, 332	332	LEU	1, 336	336	mit	mit	1
LEU	1, 333	333	LEU	1, 336	336	mit	mit	1
LEU	1, 334	334	LEU	1, 336	336	mit	mit	1
ILE	1, 335	335	LEU	1, 336	336	mit	mit	1
TRP	1, 273	273	THR	1, 337	337	mit	mit	0.95
LEU	1, 276	276	THR	1, 337	337	mit	mit	1
PHE	1, 277	277	THR	1, 337	337	mit	mit	0.99
ALA	1, 280	280	THR	1, 337	337	mit	mit	0.92
LEU	1, 333	333	THR	1, 337	337	mit	mit	0.99
LEU	1, 334	334	THR	1, 337	337	mit	mit	1
ILE	1, 335	335	THR	1, 337	337	mit	mit	0.99
LEU	1, 336	336	THR	1, 337	337	mit	mit	1
LEU	1, 334	334	TRP	1, 338	338	mit	mit	1
ILE	1, 335	335	TRP	1, 338	338	mit	mit	1
LEU	1, 336	336	TRP	1, 338	338	mit	mit	0.99
THR	1, 337	337	TRP	1, 338	338	mit	mit	1
ALA	1, 280	280	ILE	1, 339	339	mit	mit	0.99
ILE	1, 335	335	ILE	1, 339	339	mit	mit	0.99
LEU	1, 336	336	ILE	1, 339	339	mit	mit	1
THR	1, 337	337	ILE	1, 339	339	mit	mit	0.96
TRP	1, 338	338	ILE	1, 339	339	mit	mit	1
LYS	1, 270	270	GLY	1, 340	340	mit	mit	0.83
LEU	1, 276	276	GLY	1, 340	340	mit	mit	1
PHE	1, 277	277	GLY	1, 340	340	mit	mit	0.8
TYR	1, 279	279	GLY	1, 340	340	mit	mit	0.99
ALA	1, 280	280	GLY	1, 340	340	mit	mit	1
ARG	1, 283	283	GLY	1, 340	340	mit	mit	0.82
LEU	1, 336	336	GLY	1, 340	340	mit	mit	0.98
THR	1, 337	337	GLY	1, 340	340	mit	mit	0.99
TRP	1, 338	338	GLY	1, 340	340	mit	mit	1
ILE	1, 339	339	GLY	1, 340	340	mit	mit	1
LYS	1, 270	270	SER	1, 341	341	mit	mit	0.94
TRP	1, 273	273	SER	1, 341	341	mit	mit	0.71
LEU	1, 276	276	SER	1, 341	341	mit	mit	0.98
THR	1, 337	337	SER	1, 341	341	mit	mit	0.94
TRP	1, 338	338	SER	1, 341	341	mit	mit	0.99
ILE	1, 339	339	SER	1, 341	341	mit	mit	0.98
GLY	1, 340	340	SER	1, 341	341	mit	mit	1
TRP	1, 338	338	GLN	1, 342	342	mit	mit	0.96
ILE	1, 339	339	GLN	1, 342	342	mit	mit	0.99
GLY	1, 340	340	GLN	1, 342	342	mit	mit	1
SER	1, 341	341	GLN	1, 342	342	mit	mit	1
HIS	1, 268	268	PRO	1, 343	343	mit	mit	0.87
GLN	1, 342	342	PRO	1, 343	343	mit	mit	1
ARG	1, 283	283	VAL	1, 344	344	mit	mit	0.95
PRO	1, 343	343	VAL	1, 344	344	mit	mit	1
PRO	1, 343	343	GLU	1, 345	345	mit	mit	0.99
VAL	1, 344	344	GLU	1, 345	345	mit	mit	1
GLU	1, 345	345	HIS	1, 346	346	mit	mit	1
GLU	1, 345	345	PRO	1, 347	347	mit	mit	0.64
HIS	1, 346	346	PRO	1, 347	347	mit	mit	1
ILE	1, 339	339	PHE	1, 348	348	mit	mit	0.99
GLN	1, 342	342	PHE	1, 348	348	mit	mit	0.98
PRO	1, 343	343	PHE	1, 348	348	mit	mit	0.93
VAL	1, 344	344	PHE	1, 348	348	mit	mit	0.94
GLU	1, 345	345	PHE	1, 348	348	mit	mit	0.98
HIS	1, 346	346	PHE	1, 348	348	mit	mit	0.97
PRO	1, 347	347	PHE	1, 348	348	mit	mit	1
SER	1, 284	284	ILE	1, 349	349	mit	mit	0.79
VAL	1, 344	344	ILE	1, 349	349	mit	mit	0.97
GLU	1, 345	345	ILE	1, 349	349	mit	mit	0.97
HIS	1, 346	346	ILE	1, 349	349	mit	mit	0.99
PRO	1, 347	347	ILE	1, 349	349	mit	mit	0.97
PHE	1, 348	348	ILE	1, 349	349	mit	mit	1
HIS	1, 346	346	ILE	1, 350	350	mit	mit	0.93
PRO	1, 347	347	ILE	1, 350	350	mit	mit	0.99
PHE	1, 348	348	ILE	1, 350	350	mit	mit	0.83
ILE	1, 349	349	ILE	1, 350	350	mit	mit	1
ILE	1, 335	335	ILE	1, 351	351	mit	mit	0.92
ILE	1, 339	339	ILE	1, 351	351	mit	mit	0.98
PRO	1, 347	347	ILE	1, 351	351	mit	mit	0.98
PHE	1, 348	348	ILE	1, 351	351	mit	mit	1
ILE	1, 349	349	ILE	1, 351	351	mit	mit	0.98
ILE	1, 350	350	ILE	1, 351	351	mit	mit	1
ALA	1, 280	280	GLY	1, 352	352	mit	mit	0.98
ARG	1, 283	283	GLY	1, 352	352	mit	mit	0.52
SER	1, 284	284	GLY	1, 352	352	mit	mit	0.99
ILE	1, 335	335	GLY	1, 352	352	mit	mit	0.63
LEU	1, 336	336	GLY	1, 352	352	mit	mit	0.94
ILE	1, 339	339	GLY	1, 352	352	mit	mit	0.99
PHE	1, 348	348	GLY	1, 352	352	mit	mit	0.99
ILE	1, 349	349	GLY	1, 352	352	mit	mit	1
ILE	1, 350	350	GLY	1, 352	352	mit	mit	1
ILE	1, 351	351	GLY	1, 352	352	mit	mit	1
SER	1, 284	284	GLN	1, 353	353	mit	mit	0.99
ILE	1, 349	349	GLN	1, 353	353	mit	mit	0.99
ILE	1, 350	350	GLN	1, 353	353	mit	mit	1
ILE	1, 351	351	GLN	1, 353	353	mit	mit	0.98
GLY	1, 352	352	GLN	1, 353	353	mit	mit	1
ILE	1, 350	350	MET	1, 354	354	mit	mit	0.99
ILE	1, 351	351	MET	1, 354	354	mit	mit	1
GLY	1, 352	352	MET	1, 354	354	mit	mit	1
GLN	1, 353	353	MET	1, 354	354	mit	mit	1
ALA	1, 280	280	ALA	1, 355	355	mit	mit	0.88
SER	1, 284	284	ALA	1, 355	355	mit	mit	0.61
ASN	1, 332	332	ALA	1, 355	355	mit	mit	0.99
ILE	1, 335	335	ALA	1, 355	355	mit	mit	0.99
LEU	1, 336	336	ALA	1, 355	355	mit	mit	0.99
ILE	1, 339	339	ALA	1, 355	355	mit	mit	0.97
ILE	1, 351	351	ALA	1, 355	355	mit	mit	1
GLY	1, 352	352	ALA	1, 355	355	mit	mit	1
GLN	1, 353	353	ALA	1, 355	355	mit	mit	0.99
MET	1, 354	354	ALA	1, 355	355	mit	mit	1
ALA	1, 280	280	SER	1, 356	356	mit	mit	0.9
ILE	1, 281	281	SER	1, 356	356	mit	mit	0.99
SER	1, 284	284	SER	1, 356	356	mit	mit	0.99
ILE	1, 285	285	SER	1, 356	356	mit	mit	0.65
ALA	1, 294	294	SER	1, 356	356	mit	mit	0.9
LEU	1, 336	336	SER	1, 356	356	mit	mit	0.94
GLY	1, 352	352	SER	1, 356	356	mit	mit	1
GLN	1, 353	353	SER	1, 356	356	mit	mit	1
MET	1, 354	354	SER	1, 356	356	mit	mit	0.99
ALA	1, 355	355	SER	1, 356	356	mit	mit	1
GLN	1, 353	353	LEU	1, 357	357	mit	mit	0.99
MET	1, 354	354	LEU	1, 357	357	mit	mit	1
ALA	1, 355	355	LEU	1, 357	357	mit	mit	0.99
SER	1, 356	356	LEU	1, 357	357	mit	mit	1
ASN	1, 332	332	SER	1, 358	358	mit	mit	0.99
MET	1, 354	354	SER	1, 358	358	mit	mit	0.99
ALA	1, 355	355	SER	1, 358	358	mit	mit	1
SER	1, 356	356	SER	1, 358	358	mit	mit	0.99
LEU	1, 357	357	SER	1, 358	358	mit	mit	1
ILE	1, 281	281	TYR	1, 359	359	mit	mit	0.87
SER	1, 298	298	TYR	1, 359	359	mit	mit	0.9
LEU	1, 329	329	TYR	1, 359	359	mit	mit	0.9
ASN	1, 332	332	TYR	1, 359	359	mit	mit	1
LEU	1, 333	333	TYR	1, 359	359	mit	mit	0.87
LEU	1, 336	336	TYR	1, 359	359	mit	mit	0.96
ALA	1, 355	355	TYR	1, 359	359	mit	mit	0.99
SER	1, 356	356	TYR	1, 359	359	mit	mit	1
LEU	1, 357	357	TYR	1, 359	359	mit	mit	1
SER	1, 358	358	TYR	1, 359	359	mit	mit	1
ALA	1, 297	297	PHE	1, 360	360	mit	mit	0.67
ILE	1, 301	301	PHE	1, 360	360	mit	mit	0.87
SER	1, 356	356	PHE	1, 360	360	mit	mit	0.95
LEU	1, 357	357	PHE	1, 360	360	mit	mit	1
SER	1, 358	358	PHE	1, 360	360	mit	mit	0.9
TYR	1, 359	359	PHE	1, 360	360	mit	mit	1
LEU	1, 357	357	THR	1, 361	361	mit	mit	1
SER	1, 358	358	THR	1, 361	361	mit	mit	1
TYR	1, 359	359	THR	1, 361	361	mit	mit	0.98
PHE	1, 360	360	THR	1, 361	361	mit	mit	1
LEU	1, 325	325	ILE	1, 362	362	mit	mit	0.99
LEU	1, 328	328	ILE	1, 362	362	mit	mit	0.98
LEU	1, 329	329	ILE	1, 362	362	mit	mit	1
ASN	1, 332	332	ILE	1, 362	362	mit	mit	0.96
SER	1, 358	358	ILE	1, 362	362	mit	mit	1
TYR	1, 359	359	ILE	1, 362	362	mit	mit	1
PHE	1, 360	360	ILE	1, 362	362	mit	mit	0.98
THR	1, 361	361	ILE	1, 362	362	mit	mit	1
ILE	1, 301	301	LEU	1, 363	363	mit	mit	0.99
ILE	1, 305	305	LEU	1, 363	363	mit	mit	0.89
LEU	1, 308	308	LEU	1, 363	363	mit	mit	0.79
LEU	1, 329	329	LEU	1, 363	363	mit	mit	0.93
TYR	1, 359	359	LEU	1, 363	363	mit	mit	0.98
PHE	1, 360	360	LEU	1, 363	363	mit	mit	1
THR	1, 361	361	LEU	1, 363	363	mit	mit	0.94
ILE	1, 362	362	LEU	1, 363	363	mit	mit	1
ILE	1, 301	301	LEU	1, 364	364	mit	mit	0.84
LEU	1, 304	304	LEU	1, 364	364	mit	mit	0.68
LEU	1, 308	308	LEU	1, 364	364	mit	mit	0.94
PHE	1, 360	360	LEU	1, 364	364	mit	mit	0.99
THR	1, 361	361	LEU	1, 364	364	mit	mit	0.99
ILE	1, 362	362	LEU	1, 364	364	mit	mit	0.7
LEU	1, 363	363	LEU	1, 364	364	mit	mit	1
THR	1, 361	361	ILE	1, 365	365	mit	mit	0.99
ILE	1, 362	362	ILE	1, 365	365	mit	mit	0.86
LEU	1, 364	364	ILE	1, 365	365	mit	mit	1
LEU	1, 325	325	LEU	1, 366	366	mit	mit	0.99
THR	1, 361	361	LEU	1, 366	366	mit	mit	0.99
ILE	1, 362	362	LEU	1, 366	366	mit	mit	0.99
LEU	1, 363	363	LEU	1, 366	366	mit	mit	0.72
ILE	1, 365	365	LEU	1, 366	366	mit	mit	1
LEU	1, 308	308	PHE	1, 367	367	mit	mit	0.96
SER	1, 322	322	PHE	1, 367	367	mit	mit	0.95
LEU	1, 325	325	PHE	1, 367	367	mit	mit	0.98
ILE	1, 362	362	PHE	1, 367	367	mit	mit	0.98
LEU	1, 363	363	PHE	1, 367	367	mit	mit	0.99
LEU	1, 364	364	PHE	1, 367	367	mit	mit	0.63
ILE	1, 365	365	PHE	1, 367	367	mit	mit	0.8
LEU	1, 366	366	PHE	1, 367	367	mit	mit	1
LEU	1, 308	308	PRO	1, 368	368	mit	mit	0.99
HIS	1, 309	309	PRO	1, 368	368	mit	mit	0.55
LYS	1, 310	310	PRO	1, 368	368	mit	mit	0.99
LEU	1, 364	364	PRO	1, 368	368	mit	mit	0.78
ILE	1, 365	365	PRO	1, 368	368	mit	mit	0.98
LEU	1, 366	366	PRO	1, 368	368	mit	mit	0.93
PHE	1, 367	367	PRO	1, 368	368	mit	mit	1
ILE	1, 365	365	THR	1, 369	369	mit	mit	0.99
LEU	1, 366	366	THR	1, 369	369	mit	mit	1
PHE	1, 367	367	THR	1, 369	369	mit	mit	0.98
PRO	1, 368	368	THR	1, 369	369	mit	mit	1
LEU	1, 321	321	ILE	1, 370	370	mit	mit	0.99
SER	1, 322	322	ILE	1, 370	370	mit	mit	0.99
LEU	1, 325	325	ILE	1, 370	370	mit	mit	0.98
LEU	1, 366	366	ILE	1, 370	370	mit	mit	0.99
PHE	1, 367	367	ILE	1, 370	370	mit	mit	0.99
PRO	1, 368	368	ILE	1, 370	370	mit	mit	0.94
THR	1, 369	369	ILE	1, 370	370	mit	mit	1
LYS	1, 310	310	GLY	1, 371	371	mit	mit	0.99
SER	1, 311	311	GLY	1, 371	371	mit	mit	1
ARG	1, 319	319	GLY	1, 371	371	mit	mit	0.9
LEU	1, 321	321	GLY	1, 371	371	mit	mit	0.65
SER	1, 322	322	GLY	1, 371	371	mit	mit	0.98
PHE	1, 367	367	GLY	1, 371	371	mit	mit	0.98
PRO	1, 368	368	GLY	1, 371	371	mit	mit	1
THR	1, 369	369	GLY	1, 371	371	mit	mit	1
ILE	1, 370	370	GLY	1, 371	371	mit	mit	1
LYS	1, 310	310	THR	1, 372	372	mit	mit	0.98
SER	1, 311	311	THR	1, 372	372	mit	mit	0.55
PRO	1, 368	368	THR	1, 372	372	mit	mit	0.98
THR	1, 369	369	THR	1, 372	372	mit	mit	1
ILE	1, 370	370	THR	1, 372	372	mit	mit	0.98
GLY	1, 371	371	THR	1, 372	372	mit	mit	1
LEU	1, 321	321	LEU	1, 373	373	mit	mit	0.89
THR	1, 369	369	LEU	1, 373	373	mit	mit	0.99
ILE	1, 370	370	LEU	1, 373	373	mit	mit	1
GLY	1, 371	371	LEU	1, 373	373	mit	mit	1
THR	1, 372	372	LEU	1, 373	373	mit	mit	1
SER	1, 311	311	GLU	1, 374	374	mit	mit	0.98
ARG	1, 319	319	GLU	1, 374	374	mit	mit	0.99
LEU	1, 321	321	GLU	1, 374	374	mit	mit	0.98
SER	1, 322	322	GLU	1, 374	374	mit	mit	0.95
ILE	1, 370	370	GLU	1, 374	374	mit	mit	0.99
GLY	1, 371	371	GLU	1, 374	374	mit	mit	1
THR	1, 372	372	GLU	1, 374	374	mit	mit	0.98
LEU	1, 373	373	GLU	1, 374	374	mit	mit	1
LYS	1, 310	310	ASN	1, 375	375	mit	mit	0.88
SER	1, 311	311	ASN	1, 375	375	mit	mit	0.99
LYS	1, 312	312	ASN	1, 375	375	mit	mit	0.99
GLY	1, 371	371	ASN	1, 375	375	mit	mit	0.99
THR	1, 372	372	ASN	1, 375	375	mit	mit	1
LEU	1, 373	373	ASN	1, 375	375	mit	mit	0.99
GLU	1, 374	374	ASN	1, 375	375	mit	mit	1
THR	1, 372	372	LYS	1, 376	376	mit	mit	0.98
LEU	1, 373	373	LYS	1, 376	376	mit	mit	1
GLU	1, 374	374	LYS	1, 376	376	mit	mit	0.98
ASN	1, 375	375	LYS	1, 376	376	mit	mit	1
LEU	1, 373	373	MET	1, 377	377	mit	mit	0.98
GLU	1, 374	374	MET	1, 377	377	mit	mit	1
ASN	1, 375	375	MET	1, 377	377	mit	mit	0.98
LYS	1, 376	376	MET	1, 377	377	mit	mit	1
LYS	1, 312	312	LEU	1, 378	378	mit	mit	0.59
GLU	1, 374	374	LEU	1, 378	378	mit	mit	0.98
ASN	1, 375	375	LEU	1, 378	378	mit	mit	0.99
LYS	1, 376	376	LEU	1, 378	378	mit	mit	0.93
MET	1, 377	377	LEU	1, 378	378	mit	mit	1
LYS	1, 376	376	ASN	1, 379	379	mit	mit	0.89
MET	1, 377	377	ASN	1, 379	379	mit	mit	0.78
LEU	1, 378	378	ASN	1, 379	379	mit	mit	1
LYS	1, 312	312	TYR	1, 380	380	mit	mit	0.95
ASN	1, 375	375	TYR	1, 380	380	mit	mit	0.95
LYS	1, 376	376	TYR	1, 380	380	mit	mit	0.79
LEU	1, 378	378	TYR	1, 380	380	mit	mit	0.99
ASN	1, 379	379	TYR	1, 380	380	mit	mit	1
MET	2, 1	381	ALA	2, 2	382	nuc	nuc	1
MET	2, 1	381	PRO	2, 3	383	nuc	nuc	0.58
ALA	2, 2	382	PRO	2, 3	383	nuc	nuc	1
ALA	2, 2	382	ASN	2, 4	384	nuc	nuc	0.93
PRO	2, 3	383	ASN	2, 4	384	nuc	nuc	1
ASN	2, 4	384	ILE	2, 5	385	nuc	nuc	1
ASN	2, 4	384	ARG	2, 6	386	nuc	nuc	0.99
ILE	2, 5	385	ARG	2, 6	386	nuc	nuc	1
ALA	2, 2	382	LYS	2, 7	387	nuc	nuc	0.76
ASN	2, 4	384	LYS	2, 7	387	nuc	nuc	0.99
ILE	2, 5	385	LYS	2, 7	387	nuc	nuc	0.9
ARG	2, 6	386	LYS	2, 7	387	nuc	nuc	1
MET	2, 1	381	SER	2, 8	388	nuc	nuc	0.68
ALA	2, 2	382	SER	2, 8	388	nuc	nuc	0.82
PRO	2, 3	383	SER	2, 8	388	nuc	nuc	0.6
ASN	2, 4	384	SER	2, 8	388	nuc	nuc	0.93
ILE	2, 5	385	SER	2, 8	388	nuc	nuc	0.96
ARG	2, 6	386	SER	2, 8	388	nuc	nuc	0.69
LYS	2, 7	387	SER	2, 8	388	nuc	nuc	1
ILE	2, 5	385	HIS	2, 9	389	nuc	nuc	0.97
ARG	2, 6	386	HIS	2, 9	389	nuc	nuc	0.9
SER	2, 8	388	HIS	2, 9	389	nuc	nuc	1
THR	1, 199	199	PRO	2, 10	390	mit	nuc	0.98
PHE	1, 200	200	PRO	2, 10	390	mit	nuc	0.96
GLU	1, 203	203	PRO	2, 10	390	mit	nuc	0.98
HIS	2, 9	389	PRO	2, 10	390	nuc	nuc	1
ILE	1, 196	196	LEU	2, 11	391	mit	nuc	0.93
THR	1, 199	199	LEU	2, 11	391	mit	nuc	0.89
HIS	2, 9	389	LEU	2, 11	391	nuc	nuc	0.99
PRO	2, 10	390	LEU	2, 11	391	nuc	nuc	1
ILE	2, 5	385	LEU	2, 12	392	nuc	nuc	0.93
ARG	2, 6	386	LEU	2, 12	392	nuc	nuc	0.97
LYS	2, 7	387	LEU	2, 12	392	nuc	nuc	0.54
HIS	2, 9	389	LEU	2, 12	392	nuc	nuc	1
PRO	2, 10	390	LEU	2, 12	392	nuc	nuc	0.92
LEU	2, 11	391	LEU	2, 12	392	nuc	nuc	1
ARG	2, 6	386	LYS	2, 13	393	nuc	nuc	0.78
LYS	2, 7	387	LYS	2, 13	393	nuc	nuc	0.97
SER	2, 8	388	LYS	2, 13	393	nuc	nuc	0.89
HIS	2, 9	389	LYS	2, 13	393	nuc	nuc	0.98
PRO	2, 10	390	LYS	2, 13	393	nuc	nuc	0.99
LEU	2, 11	391	LYS	2, 13	393	nuc	nuc	0.99
LEU	2, 12	392	LYS	2, 13	393	nuc	nuc	1
PRO	2, 10	390	MET	2, 14	394	nuc	nuc	0.89
LEU	2, 11	391	MET	2, 14	394	nuc	nuc	0.99
LEU	2, 12	392	MET	2, 14	394	nuc	nuc	0.99
LYS	2, 13	393	MET	2, 14	394	nuc	nuc	1
LEU	2, 11	391	ILE	2, 15	395	nuc	nuc	0.97
LEU	2, 12	392	ILE	2, 15	395	nuc	nuc	1
LYS	2, 13	393	ILE	2, 15	395	nuc	nuc	0.97
MET	2, 14	394	ILE	2, 15	395	nuc	nuc	1
ARG	2, 6	386	ASN	2, 16	396	nuc	nuc	0.96
LYS	2, 7	387	ASN	2, 16	396	nuc	nuc	0.93
LEU	2, 12	392	ASN	2, 16	396	nuc	nuc	0.99
LYS	2, 13	393	ASN	2, 16	396	nuc	nuc	1
MET	2, 14	394	ASN	2, 16	396	nuc	nuc	0.99
ILE	2, 15	395	ASN	2, 16	396	nuc	nuc	1
LYS	2, 13	393	ASN	2, 17	397	nuc	nuc	0.99
MET	2, 14	394	ASN	2, 17	397	nuc	nuc	0.99
ILE	2, 15	395	ASN	2, 17	397	nuc	nuc	0.92
ASN	2, 16	396	ASN	2, 17	397	nuc	nuc	1
MET	2, 14	394	SER	2, 18	398	nuc	nuc	0.98
ILE	2, 15	395	SER	2, 18	398	nuc	nuc	0.99
ASN	2, 16	396	SER	2, 18	398	nuc	nuc	0.94
ASN	2, 17	397	SER	2, 18	398	nuc	nuc	1
ILE	2, 15	395	LEU	2, 19	399	nuc	nuc	0.99
ASN	2, 16	396	LEU	2, 19	399	nuc	nuc	0.89
SER	2, 18	398	LEU	2, 19	399	nuc	nuc	1
ARG	2, 6	386	ILE	2, 20	400	nuc	nuc	0.88
ILE	2, 15	395	ILE	2, 20	400	nuc	nuc	0.97
ASN	2, 16	396	ILE	2, 20	400	nuc	nuc	0.99
ASN	2, 17	397	ILE	2, 20	400	nuc	nuc	0.57
SER	2, 18	398	ILE	2, 20	400	nuc	nuc	0.61
LEU	2, 19	399	ILE	2, 20	400	nuc	nuc	1
ASN	2, 16	396	ASP	2, 21	401	nuc	nuc	0.99
ASN	2, 17	397	ASP	2, 21	401	nuc	nuc	0.97
ILE	2, 20	400	ASP	2, 21	401	nuc	nuc	1
ASN	2, 17	397	LEU	2, 22	402	nuc	nuc	0.98
SER	2, 18	398	LEU	2, 22	402	nuc	nuc	0.99
LEU	2, 19	399	LEU	2, 22	402	nuc	nuc	0.98
ILE	2, 20	400	LEU	2, 22	402	nuc	nuc	0.98
ASP	2, 21	401	LEU	2, 22	402	nuc	nuc	1
ASP	2, 21	401	PRO	2, 23	403	nuc	nuc	0.87
LEU	2, 22	402	PRO	2, 23	403	nuc	nuc	1
LEU	2, 22	402	ALA	2, 24	404	nuc	nuc	1
PRO	2, 23	403	ALA	2, 24	404	nuc	nuc	1
ALA	2, 24	404	PRO	2, 25	405	nuc	nuc	1
ALA	2, 24	404	SER	2, 26	406	nuc	nuc	0.76
PRO	2, 25	405	SER	2, 26	406	nuc	nuc	1
PRO	2, 25	405	ASN	2, 27	407	nuc	nuc	1
SER	2, 26	406	ASN	2, 27	407	nuc	nuc	1
ALA	2, 24	404	ILE	2, 28	408	nuc	nuc	0.96
PRO	2, 25	405	ILE	2, 28	408	nuc	nuc	0.99
SER	2, 26	406	ILE	2, 28	408	nuc	nuc	0.82
ASN	2, 27	407	ILE	2, 28	408	nuc	nuc	1
ASN	2, 27	407	SER	2, 29	409	nuc	nuc	0.78
ILE	2, 28	408	SER	2, 29	409	nuc	nuc	1
SER	2, 29	409	ALA	2, 30	410	nuc	nuc	1
ILE	2, 28	408	TRP	2, 31	411	nuc	nuc	0.52
SER	2, 29	409	TRP	2, 31	411	nuc	nuc	1
ALA	2, 30	410	TRP	2, 31	411	nuc	nuc	1
ILE	2, 28	408	TRP	2, 32	412	nuc	nuc	0.99
SER	2, 29	409	TRP	2, 32	412	nuc	nuc	0.99
ALA	2, 30	410	TRP	2, 32	412	nuc	nuc	0.99
TRP	2, 31	411	TRP	2, 32	412	nuc	nuc	1
ALA	2, 30	410	ASN	2, 33	413	nuc	nuc	0.99
TRP	2, 31	411	ASN	2, 33	413	nuc	nuc	0.99
TRP	2, 32	412	ASN	2, 33	413	nuc	nuc	1
TRP	2, 31	411	PHE	2, 34	414	nuc	nuc	0.99
TRP	2, 32	412	PHE	2, 34	414	nuc	nuc	0.99
ASN	2, 33	413	PHE	2, 34	414	nuc	nuc	1
TRP	2, 32	412	GLY	2, 35	415	nuc	nuc	0.95
ASN	2, 33	413	GLY	2, 35	415	nuc	nuc	1
PHE	2, 34	414	GLY	2, 35	415	nuc	nuc	1
ASN	2, 33	413	SER	2, 36	416	nuc	nuc	1
PHE	2, 34	414	SER	2, 36	416	nuc	nuc	0.94
GLY	2, 35	415	SER	2, 36	416	nuc	nuc	1
ASN	2, 33	413	LEU	2, 37	417	nuc	nuc	0.99
PHE	2, 34	414	LEU	2, 37	417	nuc	nuc	1
GLY	2, 35	415	LEU	2, 37	417	nuc	nuc	1
SER	2, 36	416	LEU	2, 37	417	nuc	nuc	1
PHE	2, 34	414	LEU	2, 38	418	nuc	nuc	0.99
GLY	2, 35	415	LEU	2, 38	418	nuc	nuc	1
SER	2, 36	416	LEU	2, 38	418	nuc	nuc	1
LEU	2, 37	417	LEU	2, 38	418	nuc	nuc	1
GLY	2, 35	415	ALA	2, 39	419	nuc	nuc	0.98
SER	2, 36	416	ALA	2, 39	419	nuc	nuc	1
LEU	2, 37	417	ALA	2, 39	419	nuc	nuc	1
LEU	2, 38	418	ALA	2, 39	419	nuc	nuc	1
SER	2, 36	416	VAL	2, 40	420	nuc	nuc	0.99
LEU	2, 37	417	VAL	2, 40	420	nuc	nuc	1
LEU	2, 38	418	VAL	2, 40	420	nuc	nuc	0.98
ALA	2, 39	419	VAL	2, 40	420	nuc	nuc	1
LEU	2, 37	417	CYS	2, 41	421	nuc	nuc	1
LEU	2, 38	418	CYS	2, 41	421	nuc	nuc	1
ALA	2, 39	419	CYS	2, 41	421	nuc	nuc	1
VAL	2, 40	420	CYS	2, 41	421	nuc	nuc	1
LEU	2, 38	418	LEU	2, 42	422	nuc	nuc	1
ALA	2, 39	419	LEU	2, 42	422	nuc	nuc	1
VAL	2, 40	420	LEU	2, 42	422	nuc	nuc	1
CYS	2, 41	421	LEU	2, 42	422	nuc	nuc	1
ALA	2, 39	419	MET	2, 43	423	nuc	nuc	0.99
VAL	2, 40	420	MET	2, 43	423	nuc	nuc	1
CYS	2, 41	421	MET	2, 43	423	nuc	nuc	0.99
LEU	2, 42	422	MET	2, 43	423	nuc	nuc	1
VAL	2, 40	420	THR	2, 44	424	nuc	nuc	1
CYS	2, 41	421	THR	2, 44	424	nuc	nuc	1
LEU	2, 42	422	THR	2, 44	424	nuc	nuc	0.99
MET	2, 43	423	THR	2, 44	424	nuc	nuc	1
CYS	2, 41	421	GLN	2, 45	425	nuc	nuc	1
LEU	2, 42	422	GLN	2, 45	425	nuc	nuc	1
MET	2, 43	423	GLN	2, 45	425	nuc	nuc	0.99
THR	2, 44	424	GLN	2, 45	425	nuc	nuc	1
LEU	2, 42	422	ILE	2, 46	426	nuc	nuc	1
MET	2, 43	423	ILE	2, 46	426	nuc	nuc	1
THR	2, 44	424	ILE	2, 46	426	nuc	nuc	0.99
GLN	2, 45	425	ILE	2, 46	426	nuc	nuc	1
MET	2, 43	423	LEU	2, 47	427	nuc	nuc	1
THR	2, 44	424	LEU	2, 47	427	nuc	nuc	1
GLN	2, 45	425	LEU	2, 47	427	nuc	nuc	0.98
ILE	2, 46	426	LEU	2, 47	427	nuc	nuc	1
THR	2, 44	424	THR	2, 48	428	nuc	nuc	1
GLN	2, 45	425	THR	2, 48	428	nuc	nuc	1
ILE	2, 46	426	THR	2, 48	428	nuc	nuc	0.92
LEU	2, 47	427	THR	2, 48	428	nuc	nuc	1
GLN	2, 45	425	GLY	2, 49	429	nuc	nuc	1
ILE	2, 46	426	GLY	2, 49	429	nuc	nuc	1
LEU	2, 47	427	GLY	2, 49	429	nuc	nuc	1
THR	2, 48	428	GLY	2, 49	429	nuc	nuc	1
ALA	1, 181	181	LEU	2, 50	430	mit	nuc	0.99
LEU	1, 185	185	LEU	2, 50	430	mit	nuc	0.98
ILE	2, 46	426	LEU	2, 50	430	nuc	nuc	1
LEU	2, 47	427	LEU	2, 50	430	nuc	nuc	1
THR	2, 48	428	LEU	2, 50	430	nuc	nuc	0.99
GLY	2, 49	429	LEU	2, 50	430	nuc	nuc	1
LEU	2, 47	427	LEU	2, 51	431	nuc	nuc	0.99
THR	2, 48	428	LEU	2, 51	431	nuc	nuc	1
GLY	2, 49	429	LEU	2, 51	431	nuc	nuc	1
LEU	2, 50	430	LEU	2, 51	431	nuc	nuc	1
THR	2, 48	428	LEU	2, 52	432	nuc	nuc	1
GLY	2, 49	429	LEU	2, 52	432	nuc	nuc	1
LEU	2, 50	430	LEU	2, 52	432	nuc	nuc	1
LEU	2, 51	431	LEU	2, 52	432	nuc	nuc	1
THR	1, 177	177	ALA	2, 53	433	mit	nuc	0.51
ALA	1, 181	181	ALA	2, 53	433	mit	nuc	1
PHE	1, 184	184	ALA	2, 53	433	mit	nuc	0.52
GLY	2, 49	429	ALA	2, 53	433	nuc	nuc	1
LEU	2, 50	430	ALA	2, 53	433	nuc	nuc	1
LEU	2, 51	431	ALA	2, 53	433	nuc	nuc	1
LEU	2, 52	432	ALA	2, 53	433	nuc	nuc	1
THR	1, 177	177	MET	2, 54	434	mit	nuc	0.99
ARG	1, 178	178	MET	2, 54	434	mit	nuc	1
ALA	1, 181	181	MET	2, 54	434	mit	nuc	1
LEU	2, 50	430	MET	2, 54	434	nuc	nuc	0.99
LEU	2, 51	431	MET	2, 54	434	nuc	nuc	1
LEU	2, 52	432	MET	2, 54	434	nuc	nuc	1
ALA	2, 53	433	MET	2, 54	434	nuc	nuc	1
PRO	1, 174	174	HIS	2, 55	435	mit	nuc	0.76
THR	1, 177	177	HIS	2, 55	435	mit	nuc	0.98
LEU	2, 51	431	HIS	2, 55	435	nuc	nuc	0.77
LEU	2, 52	432	HIS	2, 55	435	nuc	nuc	0.99
ALA	2, 53	433	HIS	2, 55	435	nuc	nuc	0.92
MET	2, 54	434	HIS	2, 55	435	nuc	nuc	1
THR	1, 177	177	TYR	2, 56	436	mit	nuc	0.91
LEU	2, 52	432	TYR	2, 56	436	nuc	nuc	1
ALA	2, 53	433	TYR	2, 56	436	nuc	nuc	1
MET	2, 54	434	TYR	2, 56	436	nuc	nuc	0.9
HIS	2, 55	435	TYR	2, 56	436	nuc	nuc	1
THR	1, 57	57	THR	2, 57	437	mit	nuc	0.94
ALA	1, 58	58	THR	2, 57	437	mit	nuc	0.98
ASP	1, 59	59	THR	2, 57	437	mit	nuc	0.99
THR	1, 177	177	THR	2, 57	437	mit	nuc	0.97
TYR	2, 56	436	THR	2, 57	437	nuc	nuc	1
THR	1, 57	57	ALA	2, 58	438	mit	nuc	0.98
ALA	1, 58	58	ALA	2, 58	438	mit	nuc	0.71
TYR	2, 56	436	ALA	2, 58	438	nuc	nuc	0.99
THR	2, 57	437	ALA	2, 58	438	nuc	nuc	1
THR	1, 57	57	ASP	2, 59	439	mit	nuc	0.99
ASP	1, 59	59	ASP	2, 59	439	mit	nuc	0.93
LEU	1, 62	62	ASP	2, 59	439	mit	nuc	0.94
THR	2, 57	437	ASP	2, 59	439	nuc	nuc	1
ALA	2, 58	438	ASP	2, 59	439	nuc	nuc	1
ASP	2, 59	439	THR	2, 60	440	nuc	nuc	1
ASP	2, 59	439	SER	2, 61	441	nuc	nuc	0.99
THR	2, 60	440	SER	2, 61	441	nuc	nuc	1
ASP	1, 59	59	LEU	2, 62	442	mit	nuc	0.94
THR	2, 57	437	LEU	2, 62	442	nuc	nuc	0.99
ASP	2, 59	439	LEU	2, 62	442	nuc	nuc	1
THR	2, 60	440	LEU	2, 62	442	nuc	nuc	0.76
SER	2, 61	441	LEU	2, 62	442	nuc	nuc	1
TYR	2, 56	436	ALA	2, 63	443	nuc	nuc	0.77
THR	2, 57	437	ALA	2, 63	443	nuc	nuc	0.96
ALA	2, 58	438	ALA	2, 63	443	nuc	nuc	0.97
ASP	2, 59	439	ALA	2, 63	443	nuc	nuc	0.99
THR	2, 60	440	ALA	2, 63	443	nuc	nuc	0.99
SER	2, 61	441	ALA	2, 63	443	nuc	nuc	0.91
LEU	2, 62	442	ALA	2, 63	443	nuc	nuc	1
LEU	2, 62	442	PHE	2, 64	444	nuc	nuc	0.73
ALA	2, 63	443	PHE	2, 64	444	nuc	nuc	1
SER	2, 61	441	SER	2, 65	445	nuc	nuc	0.55
LEU	2, 62	442	SER	2, 65	445	nuc	nuc	1
ALA	2, 63	443	SER	2, 65	445	nuc	nuc	0.99
PHE	2, 64	444	SER	2, 65	445	nuc	nuc	1
HIS	2, 55	435	SER	2, 66	446	nuc	nuc	0.96
TYR	2, 56	436	SER	2, 66	446	nuc	nuc	1
THR	2, 57	437	SER	2, 66	446	nuc	nuc	1
LEU	2, 62	442	SER	2, 66	446	nuc	nuc	1
ALA	2, 63	443	SER	2, 66	446	nuc	nuc	1
PHE	2, 64	444	SER	2, 66	446	nuc	nuc	0.99
SER	2, 65	445	SER	2, 66	446	nuc	nuc	1
TYR	2, 56	436	VAL	2, 67	447	nuc	nuc	0.97
ALA	2, 63	443	VAL	2, 67	447	nuc	nuc	0.98
PHE	2, 64	444	VAL	2, 67	447	nuc	nuc	1
SER	2, 65	445	VAL	2, 67	447	nuc	nuc	0.98
SER	2, 66	446	VAL	2, 67	447	nuc	nuc	1
PHE	2, 64	444	ALA	2, 68	448	nuc	nuc	1
SER	2, 65	445	ALA	2, 68	448	nuc	nuc	1
SER	2, 66	446	ALA	2, 68	448	nuc	nuc	0.99
VAL	2, 67	447	ALA	2, 68	448	nuc	nuc	1
HIS	2, 55	435	HIS	2, 69	449	nuc	nuc	0.94
SER	2, 65	445	HIS	2, 69	449	nuc	nuc	1
SER	2, 66	446	HIS	2, 69	449	nuc	nuc	1
VAL	2, 67	447	HIS	2, 69	449	nuc	nuc	1
ALA	2, 68	448	HIS	2, 69	449	nuc	nuc	1
LEU	2, 52	432	THR	2, 70	450	nuc	nuc	0.98
HIS	2, 55	435	THR	2, 70	450	nuc	nuc	1
TYR	2, 56	436	THR	2, 70	450	nuc	nuc	0.96
SER	2, 66	446	THR	2, 70	450	nuc	nuc	0.99
VAL	2, 67	447	THR	2, 70	450	nuc	nuc	1
ALA	2, 68	448	THR	2, 70	450	nuc	nuc	0.99
HIS	2, 69	449	THR	2, 70	450	nuc	nuc	1
VAL	2, 67	447	CYS	2, 71	451	nuc	nuc	0.99
ALA	2, 68	448	CYS	2, 71	451	nuc	nuc	1
HIS	2, 69	449	CYS	2, 71	451	nuc	nuc	0.96
THR	2, 70	450	CYS	2, 71	451	nuc	nuc	1
ALA	2, 68	448	ARG	2, 72	452	nuc	nuc	0.99
HIS	2, 69	449	ARG	2, 72	452	nuc	nuc	0.99
THR	2, 70	450	ARG	2, 72	452	nuc	nuc	0.83
CYS	2, 71	451	ARG	2, 72	452	nuc	nuc	1
HIS	2, 69	449	ASN	2, 73	453	nuc	nuc	1
THR	2, 70	450	ASN	2, 73	453	nuc	nuc	0.9
ARG	2, 72	452	ASN	2, 73	453	nuc	nuc	1
HIS	2, 55	435	VAL	2, 74	454	nuc	nuc	0.99
HIS	2, 69	449	VAL	2, 74	454	nuc	nuc	0.97
THR	2, 70	450	VAL	2, 74	454	nuc	nuc	0.99
CYS	2, 71	451	VAL	2, 74	454	nuc	nuc	0.78
ARG	2, 72	452	VAL	2, 74	454	nuc	nuc	0.78
ASN	2, 73	453	VAL	2, 74	454	nuc	nuc	1
VAL	2, 74	454	GLN	2, 75	455	nuc	nuc	1
VAL	2, 74	454	TYR	2, 76	456	nuc	nuc	0.98
GLN	2, 75	455	TYR	2, 76	456	nuc	nuc	1
HIS	2, 55	435	GLY	2, 77	457	nuc	nuc	0.71
THR	2, 70	450	GLY	2, 77	457	nuc	nuc	1
CYS	2, 71	451	GLY	2, 77	457	nuc	nuc	0.99
VAL	2, 74	454	GLY	2, 77	457	nuc	nuc	1
GLN	2, 75	455	GLY	2, 77	457	nuc	nuc	1
TYR	2, 76	456	GLY	2, 77	457	nuc	nuc	1
THR	2, 70	450	TRP	2, 78	458	nuc	nuc	0.52
CYS	2, 71	451	TRP	2, 78	458	nuc	nuc	1
ARG	2, 72	452	TRP	2, 78	458	nuc	nuc	0.81
TYR	2, 76	456	TRP	2, 78	458	nuc	nuc	0.99
GLY	2, 77	457	TRP	2, 78	458	nuc	nuc	1
TYR	2, 76	456	LEU	2, 79	459	nuc	nuc	1
GLY	2, 77	457	LEU	2, 79	459	nuc	nuc	1
TRP	2, 78	458	LEU	2, 79	459	nuc	nuc	1
THR	2, 48	428	ILE	2, 80	460	nuc	nuc	1
GLY	2, 49	429	ILE	2, 80	460	nuc	nuc	0.73
LEU	2, 51	431	ILE	2, 80	460	nuc	nuc	1
LEU	2, 52	432	ILE	2, 80	460	nuc	nuc	1
THR	2, 70	450	ILE	2, 80	460	nuc	nuc	0.74
TYR	2, 76	456	ILE	2, 80	460	nuc	nuc	0.99
GLY	2, 77	457	ILE	2, 80	460	nuc	nuc	1
TRP	2, 78	458	ILE	2, 80	460	nuc	nuc	0.98
LEU	2, 79	459	ILE	2, 80	460	nuc	nuc	1
LEU	2, 52	432	ARG	2, 81	461	nuc	nuc	0.99
VAL	2, 67	447	ARG	2, 81	461	nuc	nuc	0.92
THR	2, 70	450	ARG	2, 81	461	nuc	nuc	0.99
CYS	2, 71	451	ARG	2, 81	461	nuc	nuc	0.99
GLY	2, 77	457	ARG	2, 81	461	nuc	nuc	1
TRP	2, 78	458	ARG	2, 81	461	nuc	nuc	1
LEU	2, 79	459	ARG	2, 81	461	nuc	nuc	0.99
ILE	2, 80	460	ARG	2, 81	461	nuc	nuc	1
TRP	2, 78	458	ASN	2, 82	462	nuc	nuc	0.99
LEU	2, 79	459	ASN	2, 82	462	nuc	nuc	1
ILE	2, 80	460	ASN	2, 82	462	nuc	nuc	0.99
ARG	2, 81	461	ASN	2, 82	462	nuc	nuc	1
THR	2, 44	424	LEU	2, 83	463	nuc	nuc	0.95
THR	2, 48	428	LEU	2, 83	463	nuc	nuc	1
LEU	2, 79	459	LEU	2, 83	463	nuc	nuc	1
ILE	2, 80	460	LEU	2, 83	463	nuc	nuc	1
ARG	2, 81	461	LEU	2, 83	463	nuc	nuc	0.99
ASN	2, 82	462	LEU	2, 83	463	nuc	nuc	1
GLN	2, 45	425	HIS	2, 84	464	nuc	nuc	1
THR	2, 48	428	HIS	2, 84	464	nuc	nuc	1
GLY	2, 49	429	HIS	2, 84	464	nuc	nuc	1
LEU	2, 52	432	HIS	2, 84	464	nuc	nuc	0.99
ILE	2, 80	460	HIS	2, 84	464	nuc	nuc	1
ARG	2, 81	461	HIS	2, 84	464	nuc	nuc	1
ASN	2, 82	462	HIS	2, 84	464	nuc	nuc	0.99
LEU	2, 83	463	HIS	2, 84	464	nuc	nuc	1
ARG	2, 81	461	ALA	2, 85	465	nuc	nuc	1
ASN	2, 82	462	ALA	2, 85	465	nuc	nuc	1
LEU	2, 83	463	ALA	2, 85	465	nuc	nuc	0.97
HIS	2, 84	464	ALA	2, 85	465	nuc	nuc	1
ASN	2, 82	462	ASN	2, 86	466	nuc	nuc	1
LEU	2, 83	463	ASN	2, 86	466	nuc	nuc	1
HIS	2, 84	464	ASN	2, 86	466	nuc	nuc	0.86
ALA	2, 85	465	ASN	2, 86	466	nuc	nuc	1
CYS	2, 41	421	GLY	2, 87	467	nuc	nuc	0.99
THR	2, 44	424	GLY	2, 87	467	nuc	nuc	0.97
GLN	2, 45	425	GLY	2, 87	467	nuc	nuc	0.99
THR	2, 48	428	GLY	2, 87	467	nuc	nuc	0.53
LEU	2, 83	463	GLY	2, 87	467	nuc	nuc	1
HIS	2, 84	464	GLY	2, 87	467	nuc	nuc	1
ALA	2, 85	465	GLY	2, 87	467	nuc	nuc	1
ASN	2, 86	466	GLY	2, 87	467	nuc	nuc	1
GLN	2, 45	425	ALA	2, 88	468	nuc	nuc	0.98
HIS	2, 84	464	ALA	2, 88	468	nuc	nuc	0.97
ALA	2, 85	465	ALA	2, 88	468	nuc	nuc	0.99
ASN	2, 86	466	ALA	2, 88	468	nuc	nuc	0.99
GLY	2, 87	467	ALA	2, 88	468	nuc	nuc	1
ALA	2, 85	465	SER	2, 89	469	nuc	nuc	0.75
ASN	2, 86	466	SER	2, 89	469	nuc	nuc	1
GLY	2, 87	467	SER	2, 89	469	nuc	nuc	1
ALA	2, 88	468	SER	2, 89	469	nuc	nuc	1
CYS	2, 41	421	PHE	2, 90	470	nuc	nuc	0.99
ASN	2, 86	466	PHE	2, 90	470	nuc	nuc	0.99
GLY	2, 87	467	PHE	2, 90	470	nuc	nuc	1
ALA	2, 88	468	PHE	2, 90	470	nuc	nuc	0.99
SER	2, 89	469	PHE	2, 90	470	nuc	nuc	1
LEU	2, 38	418	PHE	2, 91	471	nuc	nuc	0.97
CYS	2, 41	421	PHE	2, 91	471	nuc	nuc	1
LEU	2, 42	422	PHE	2, 91	471	nuc	nuc	0.92
GLN	2, 45	425	PHE	2, 91	471	nuc	nuc	0.99
GLY	2, 87	467	PHE	2, 91	471	nuc	nuc	1
ALA	2, 88	468	PHE	2, 91	471	nuc	nuc	1
SER	2, 89	469	PHE	2, 91	471	nuc	nuc	1
PHE	2, 90	470	PHE	2, 91	471	nuc	nuc	1
ALA	2, 88	468	PHE	2, 92	472	nuc	nuc	0.99
SER	2, 89	469	PHE	2, 92	472	nuc	nuc	1
PHE	2, 90	470	PHE	2, 92	472	nuc	nuc	0.99
PHE	2, 91	471	PHE	2, 92	472	nuc	nuc	1
SER	2, 89	469	ILE	2, 93	473	nuc	nuc	0.99
PHE	2, 90	470	ILE	2, 93	473	nuc	nuc	1
PHE	2, 91	471	ILE	2, 93	473	nuc	nuc	0.99
PHE	2, 92	472	ILE	2, 93	473	nuc	nuc	1
PHE	2, 34	414	CYS	2, 94	474	nuc	nuc	1
GLY	2, 35	415	CYS	2, 94	474	nuc	nuc	0.85
LEU	2, 37	417	CYS	2, 94	474	nuc	nuc	1
LEU	2, 38	418	CYS	2, 94	474	nuc	nuc	1
CYS	2, 41	421	CYS	2, 94	474	nuc	nuc	0.99
PHE	2, 90	470	CYS	2, 94	474	nuc	nuc	1
PHE	2, 91	471	CYS	2, 94	474	nuc	nuc	1
PHE	2, 92	472	CYS	2, 94	474	nuc	nuc	0.99
ILE	2, 93	473	CYS	2, 94	474	nuc	nuc	1
LEU	2, 38	418	ILE	2, 95	475	nuc	nuc	0.99
PHE	2, 91	471	ILE	2, 95	475	nuc	nuc	1
PHE	2, 92	472	ILE	2, 95	475	nuc	nuc	1
ILE	2, 93	473	ILE	2, 95	475	nuc	nuc	0.96
CYS	2, 94	474	ILE	2, 95	475	nuc	nuc	1
PHE	2, 92	472	PHE	2, 96	476	nuc	nuc	1
ILE	2, 93	473	PHE	2, 96	476	nuc	nuc	1
CYS	2, 94	474	PHE	2, 96	476	nuc	nuc	0.98
ILE	2, 95	475	PHE	2, 96	476	nuc	nuc	1
TRP	2, 31	411	LEU	2, 97	477	nuc	nuc	0.88
PHE	2, 34	414	LEU	2, 97	477	nuc	nuc	1
ILE	2, 93	473	LEU	2, 97	477	nuc	nuc	1
CYS	2, 94	474	LEU	2, 97	477	nuc	nuc	1
ILE	2, 95	475	LEU	2, 97	477	nuc	nuc	0.99
PHE	2, 96	476	LEU	2, 97	477	nuc	nuc	1
PHE	2, 34	414	HIS	2, 98	478	nuc	nuc	1
GLY	2, 35	415	HIS	2, 98	478	nuc	nuc	1
LEU	2, 38	418	HIS	2, 98	478	nuc	nuc	0.99
CYS	2, 94	474	HIS	2, 98	478	nuc	nuc	1
ILE	2, 95	475	HIS	2, 98	478	nuc	nuc	1
PHE	2, 96	476	HIS	2, 98	478	nuc	nuc	1
LEU	2, 97	477	HIS	2, 98	478	nuc	nuc	1
ILE	2, 95	475	ILE	2, 99	479	nuc	nuc	1
PHE	2, 96	476	ILE	2, 99	479	nuc	nuc	1
LEU	2, 97	477	ILE	2, 99	479	nuc	nuc	0.99
HIS	2, 98	478	ILE	2, 99	479	nuc	nuc	1
PHE	2, 96	476	GLY	2, 100	480	nuc	nuc	1
LEU	2, 97	477	GLY	2, 100	480	nuc	nuc	1
HIS	2, 98	478	GLY	2, 100	480	nuc	nuc	1
ILE	2, 99	479	GLY	2, 100	480	nuc	nuc	1
TRP	2, 31	411	ARG	2, 101	481	nuc	nuc	1
TRP	2, 32	412	ARG	2, 101	481	nuc	nuc	0.92
PHE	2, 34	414	ARG	2, 101	481	nuc	nuc	0.97
LEU	2, 97	477	ARG	2, 101	481	nuc	nuc	0.99
HIS	2, 98	478	ARG	2, 101	481	nuc	nuc	1
ILE	2, 99	479	ARG	2, 101	481	nuc	nuc	0.99
GLY	2, 100	480	ARG	2, 101	481	nuc	nuc	1
HIS	2, 98	478	GLY	2, 102	482	nuc	nuc	0.97
ILE	2, 99	479	GLY	2, 102	482	nuc	nuc	1
GLY	2, 100	480	GLY	2, 102	482	nuc	nuc	1
ARG	2, 101	481	GLY	2, 102	482	nuc	nuc	1
ILE	2, 99	479	LEU	2, 103	483	nuc	nuc	1
GLY	2, 100	480	LEU	2, 103	483	nuc	nuc	1
ARG	2, 101	481	LEU	2, 103	483	nuc	nuc	0.98
GLY	2, 102	482	LEU	2, 103	483	nuc	nuc	1
GLY	2, 100	480	TYR	2, 104	484	nuc	nuc	1
ARG	2, 101	481	TYR	2, 104	484	nuc	nuc	1
GLY	2, 102	482	TYR	2, 104	484	nuc	nuc	1
LEU	2, 103	483	TYR	2, 104	484	nuc	nuc	1
TRP	2, 31	411	TYR	2, 105	485	nuc	nuc	0.7
ARG	2, 101	481	TYR	2, 105	485	nuc	nuc	0.99
GLY	2, 102	482	TYR	2, 105	485	nuc	nuc	1
TYR	2, 104	484	TYR	2, 105	485	nuc	nuc	1
GLY	2, 102	482	GLY	2, 106	486	nuc	nuc	1
LEU	2, 103	483	GLY	2, 106	486	nuc	nuc	0.99
TYR	2, 104	484	GLY	2, 106	486	nuc	nuc	1
TYR	2, 105	485	GLY	2, 106	486	nuc	nuc	1
ARG	2, 101	481	SER	2, 107	487	nuc	nuc	0.94
GLY	2, 102	482	SER	2, 107	487	nuc	nuc	1
TYR	2, 105	485	SER	2, 107	487	nuc	nuc	1
GLY	2, 106	486	SER	2, 107	487	nuc	nuc	1
GLY	2, 102	482	TYR	2, 108	488	nuc	nuc	0.98
LEU	2, 103	483	TYR	2, 108	488	nuc	nuc	0.97
GLY	2, 106	486	TYR	2, 108	488	nuc	nuc	1
SER	2, 107	487	TYR	2, 108	488	nuc	nuc	1
GLY	2, 106	486	LEU	2, 109	489	nuc	nuc	0.99
SER	2, 107	487	LEU	2, 109	489	nuc	nuc	0.99
TYR	2, 108	488	LEU	2, 109	489	nuc	nuc	1
SER	2, 107	487	TYR	2, 110	490	nuc	nuc	0.99
TYR	2, 108	488	TYR	2, 110	490	nuc	nuc	0.98
LEU	2, 109	489	TYR	2, 110	490	nuc	nuc	1
TYR	2, 108	488	LYS	2, 111	491	nuc	nuc	0.76
LEU	2, 109	489	LYS	2, 111	491	nuc	nuc	0.98
TYR	2, 110	490	LYS	2, 111	491	nuc	nuc	1
TYR	2, 110	490	GLU	2, 112	492	nuc	nuc	1
LYS	2, 111	491	GLU	2, 112	492	nuc	nuc	1
SER	2, 107	487	THR	2, 113	493	nuc	nuc	0.69
TYR	2, 110	490	THR	2, 113	493	nuc	nuc	1
LYS	2, 111	491	THR	2, 113	493	nuc	nuc	0.97
GLU	2, 112	492	THR	2, 113	493	nuc	nuc	1
SER	2, 107	487	TRP	2, 114	494	nuc	nuc	0.93
TYR	2, 108	488	TRP	2, 114	494	nuc	nuc	0.99
LEU	2, 109	489	TRP	2, 114	494	nuc	nuc	0.64
TYR	2, 110	490	TRP	2, 114	494	nuc	nuc	1
LYS	2, 111	491	TRP	2, 114	494	nuc	nuc	1
GLU	2, 112	492	TRP	2, 114	494	nuc	nuc	0.99
THR	2, 113	493	TRP	2, 114	494	nuc	nuc	1
LYS	2, 111	491	ASN	2, 115	495	nuc	nuc	0.99
GLU	2, 112	492	ASN	2, 115	495	nuc	nuc	1
THR	2, 113	493	ASN	2, 115	495	nuc	nuc	0.97
TRP	2, 114	494	ASN	2, 115	495	nuc	nuc	1
GLU	2, 112	492	THR	2, 116	496	nuc	nuc	0.98
THR	2, 113	493	THR	2, 116	496	nuc	nuc	1
TRP	2, 114	494	THR	2, 116	496	nuc	nuc	0.99
ASN	2, 115	495	THR	2, 116	496	nuc	nuc	1
THR	2, 113	493	GLY	2, 117	497	nuc	nuc	0.99
TRP	2, 114	494	GLY	2, 117	497	nuc	nuc	1
ASN	2, 115	495	GLY	2, 117	497	nuc	nuc	1
THR	2, 116	496	GLY	2, 117	497	nuc	nuc	1
TRP	2, 114	494	VAL	2, 118	498	nuc	nuc	0.99
ASN	2, 115	495	VAL	2, 118	498	nuc	nuc	1
THR	2, 116	496	VAL	2, 118	498	nuc	nuc	0.99
GLY	2, 117	497	VAL	2, 118	498	nuc	nuc	1
ASN	2, 115	495	ILE	2, 119	499	nuc	nuc	0.99
THR	2, 116	496	ILE	2, 119	499	nuc	nuc	1
GLY	2, 117	497	ILE	2, 119	499	nuc	nuc	1
VAL	2, 118	498	ILE	2, 119	499	nuc	nuc	1
THR	2, 116	496	LEU	2, 120	500	nuc	nuc	1
GLY	2, 117	497	LEU	2, 120	500	nuc	nuc	1
VAL	2, 118	498	LEU	2, 120	500	nuc	nuc	1
ILE	2, 119	499	LEU	2, 120	500	nuc	nuc	1
ILE	2, 95	475	LEU	2, 121	501	nuc	nuc	0.99
ILE	2, 99	479	LEU	2, 121	501	nuc	nuc	0.93
GLY	2, 117	497	LEU	2, 121	501	nuc	nuc	1
VAL	2, 118	498	LEU	2, 121	501	nuc	nuc	1
ILE	2, 119	499	LEU	2, 121	501	nuc	nuc	1
LEU	2, 120	500	LEU	2, 121	501	nuc	nuc	1
VAL	2, 118	498	LEU	2, 122	502	nuc	nuc	1
ILE	2, 119	499	LEU	2, 122	502	nuc	nuc	1
LEU	2, 120	500	LEU	2, 122	502	nuc	nuc	1
LEU	2, 121	501	LEU	2, 122	502	nuc	nuc	1
ILE	2, 119	499	THR	2, 123	503	nuc	nuc	1
LEU	2, 120	500	THR	2, 123	503	nuc	nuc	1
LEU	2, 121	501	THR	2, 123	503	nuc	nuc	0.99
LEU	2, 122	502	THR	2, 123	503	nuc	nuc	1
PHE	2, 91	471	LEU	2, 124	504	nuc	nuc	0.95
PHE	2, 92	472	LEU	2, 124	504	nuc	nuc	0.67
ILE	2, 95	475	LEU	2, 124	504	nuc	nuc	0.98
LEU	2, 120	500	LEU	2, 124	504	nuc	nuc	1
LEU	2, 121	501	LEU	2, 124	504	nuc	nuc	1
LEU	2, 122	502	LEU	2, 124	504	nuc	nuc	1
THR	2, 123	503	LEU	2, 124	504	nuc	nuc	1
LEU	2, 121	501	MET	2, 125	505	nuc	nuc	1
LEU	2, 122	502	MET	2, 125	505	nuc	nuc	1
THR	2, 123	503	MET	2, 125	505	nuc	nuc	0.99
LEU	2, 124	504	MET	2, 125	505	nuc	nuc	1
LEU	2, 122	502	ALA	2, 126	506	nuc	nuc	1
THR	2, 123	503	ALA	2, 126	506	nuc	nuc	1
LEU	2, 124	504	ALA	2, 126	506	nuc	nuc	1
MET	2, 125	505	ALA	2, 126	506	nuc	nuc	1
THR	2, 123	503	THR	2, 127	507	nuc	nuc	1
LEU	2, 124	504	THR	2, 127	507	nuc	nuc	1
MET	2, 125	505	THR	2, 127	507	nuc	nuc	0.99
ALA	2, 126	506	THR	2, 127	507	nuc	nuc	1
ALA	2, 88	468	ALA	2, 128	508	nuc	nuc	0.99
PHE	2, 91	471	ALA	2, 128	508	nuc	nuc	0.54
PHE	2, 92	472	ALA	2, 128	508	nuc	nuc	0.93
LEU	2, 124	504	ALA	2, 128	508	nuc	nuc	1
MET	2, 125	505	ALA	2, 128	508	nuc	nuc	1
ALA	2, 126	506	ALA	2, 128	508	nuc	nuc	0.98
THR	2, 127	507	ALA	2, 128	508	nuc	nuc	1
MET	2, 125	505	PHE	2, 129	509	nuc	nuc	1
ALA	2, 126	506	PHE	2, 129	509	nuc	nuc	1
THR	2, 127	507	PHE	2, 129	509	nuc	nuc	0.99
ALA	2, 128	508	PHE	2, 129	509	nuc	nuc	1
ALA	2, 126	506	VAL	2, 130	510	nuc	nuc	0.99
THR	2, 127	507	VAL	2, 130	510	nuc	nuc	1
ALA	2, 128	508	VAL	2, 130	510	nuc	nuc	0.92
PHE	2, 129	509	VAL	2, 130	510	nuc	nuc	1
THR	2, 127	507	GLY	2, 131	511	nuc	nuc	0.99
ALA	2, 128	508	GLY	2, 131	511	nuc	nuc	1
PHE	2, 129	509	GLY	2, 131	511	nuc	nuc	1
VAL	2, 130	510	GLY	2, 131	511	nuc	nuc	1
ALA	2, 128	508	TYR	2, 132	512	nuc	nuc	0.99
PHE	2, 129	509	TYR	2, 132	512	nuc	nuc	1
VAL	2, 130	510	TYR	2, 132	512	nuc	nuc	0.98
GLY	2, 131	511	TYR	2, 132	512	nuc	nuc	1
PHE	2, 129	509	VAL	2, 133	513	nuc	nuc	0.82
VAL	2, 130	510	VAL	2, 133	513	nuc	nuc	0.99
GLY	2, 131	511	VAL	2, 133	513	nuc	nuc	1
TYR	2, 132	512	VAL	2, 133	513	nuc	nuc	1
TYR	2, 56	436	LEU	2, 134	514	nuc	nuc	0.92
ALA	2, 58	438	LEU	2, 134	514	nuc	nuc	0.75
ALA	2, 63	443	LEU	2, 134	514	nuc	nuc	0.87
VAL	2, 130	510	LEU	2, 134	514	nuc	nuc	0.77
GLY	2, 131	511	LEU	2, 134	514	nuc	nuc	1
TYR	2, 132	512	LEU	2, 134	514	nuc	nuc	0.98
VAL	2, 133	513	LEU	2, 134	514	nuc	nuc	1
ALA	2, 63	443	PRO	2, 135	515	nuc	nuc	0.91
PHE	2, 64	444	PRO	2, 135	515	nuc	nuc	0.93
VAL	2, 67	447	PRO	2, 135	515	nuc	nuc	1
TYR	2, 132	512	PRO	2, 135	515	nuc	nuc	0.77
VAL	2, 133	513	PRO	2, 135	515	nuc	nuc	0.88
LEU	2, 134	514	PRO	2, 135	515	nuc	nuc	1
THR	2, 60	440	TRP	2, 136	516	nuc	nuc	0.97
ALA	2, 63	443	TRP	2, 136	516	nuc	nuc	1
PHE	2, 64	444	TRP	2, 136	516	nuc	nuc	0.99
VAL	2, 133	513	TRP	2, 136	516	nuc	nuc	0.92
LEU	2, 134	514	TRP	2, 136	516	nuc	nuc	0.97
PRO	2, 135	515	TRP	2, 136	516	nuc	nuc	1
PHE	2, 64	444	GLY	2, 137	517	nuc	nuc	0.98
PRO	2, 135	515	GLY	2, 137	517	nuc	nuc	1
TRP	2, 136	516	GLY	2, 137	517	nuc	nuc	1
GLY	2, 137	517	GLN	2, 138	518	nuc	nuc	1
GLY	2, 137	517	MET	2, 139	519	nuc	nuc	1
GLN	2, 138	518	MET	2, 139	519	nuc	nuc	1
TYR	2, 132	512	SER	2, 140	520	nuc	nuc	0.99
VAL	2, 133	513	SER	2, 140	520	nuc	nuc	0.99
LEU	2, 134	514	SER	2, 140	520	nuc	nuc	0.87
PRO	2, 135	515	SER	2, 140	520	nuc	nuc	0.99
TRP	2, 136	516	SER	2, 140	520	nuc	nuc	0.98
GLY	2, 137	517	SER	2, 140	520	nuc	nuc	1
GLN	2, 138	518	SER	2, 140	520	nuc	nuc	0.99
MET	2, 139	519	SER	2, 140	520	nuc	nuc	1
VAL	2, 133	513	PHE	2, 141	521	nuc	nuc	0.79
TRP	2, 136	516	PHE	2, 141	521	nuc	nuc	0.98
GLY	2, 137	517	PHE	2, 141	521	nuc	nuc	0.99
GLN	2, 138	518	PHE	2, 141	521	nuc	nuc	0.99
MET	2, 139	519	PHE	2, 141	521	nuc	nuc	0.96
SER	2, 140	520	PHE	2, 141	521	nuc	nuc	1
GLN	2, 138	518	TRP	2, 142	522	nuc	nuc	0.98
MET	2, 139	519	TRP	2, 142	522	nuc	nuc	0.99
SER	2, 140	520	TRP	2, 142	522	nuc	nuc	0.81
PHE	2, 141	521	TRP	2, 142	522	nuc	nuc	1
TYR	2, 132	512	GLY	2, 143	523	nuc	nuc	0.57
VAL	2, 133	513	GLY	2, 143	523	nuc	nuc	0.71
MET	2, 139	519	GLY	2, 143	523	nuc	nuc	0.99
SER	2, 140	520	GLY	2, 143	523	nuc	nuc	1
PHE	2, 141	521	GLY	2, 143	523	nuc	nuc	1
TRP	2, 142	522	GLY	2, 143	523	nuc	nuc	1
VAL	2, 133	513	ALA	2, 144	524	nuc	nuc	0.99
SER	2, 140	520	ALA	2, 144	524	nuc	nuc	0.99
PHE	2, 141	521	ALA	2, 144	524	nuc	nuc	1
TRP	2, 142	522	ALA	2, 144	524	nuc	nuc	0.99
GLY	2, 143	523	ALA	2, 144	524	nuc	nuc	1
PHE	2, 141	521	THR	2, 145	525	nuc	nuc	0.99
TRP	2, 142	522	THR	2, 145	525	nuc	nuc	1
GLY	2, 143	523	THR	2, 145	525	nuc	nuc	1
ALA	2, 144	524	THR	2, 145	525	nuc	nuc	1
TRP	2, 142	522	VAL	2, 146	526	nuc	nuc	0.99
GLY	2, 143	523	VAL	2, 146	526	nuc	nuc	1
ALA	2, 144	524	VAL	2, 146	526	nuc	nuc	0.9
THR	2, 145	525	VAL	2, 146	526	nuc	nuc	1
PHE	2, 129	509	ILE	2, 147	527	nuc	nuc	0.98
GLY	2, 143	523	ILE	2, 147	527	nuc	nuc	0.99
ALA	2, 144	524	ILE	2, 147	527	nuc	nuc	0.99
THR	2, 145	525	ILE	2, 147	527	nuc	nuc	0.83
VAL	2, 146	526	ILE	2, 147	527	nuc	nuc	1
ALA	2, 144	524	THR	2, 148	528	nuc	nuc	0.99
THR	2, 145	525	THR	2, 148	528	nuc	nuc	0.99
VAL	2, 146	526	THR	2, 148	528	nuc	nuc	0.86
ILE	2, 147	527	THR	2, 148	528	nuc	nuc	1
THR	2, 145	525	ASN	2, 149	529	nuc	nuc	0.99
VAL	2, 146	526	ASN	2, 149	529	nuc	nuc	0.99
ILE	2, 147	527	ASN	2, 149	529	nuc	nuc	0.97
THR	2, 148	528	ASN	2, 149	529	nuc	nuc	1
VAL	2, 146	526	LEU	2, 150	530	nuc	nuc	0.91
ILE	2, 147	527	LEU	2, 150	530	nuc	nuc	0.99
THR	2, 148	528	LEU	2, 150	530	nuc	nuc	0.99
ASN	2, 149	529	LEU	2, 150	530	nuc	nuc	1
THR	2, 148	528	PHE	2, 151	531	nuc	nuc	0.98
ASN	2, 149	529	PHE	2, 151	531	nuc	nuc	0.98
LEU	2, 150	530	PHE	2, 151	531	nuc	nuc	1
ASN	2, 149	529	SER	2, 152	532	nuc	nuc	0.99
LEU	2, 150	530	SER	2, 152	532	nuc	nuc	0.98
PHE	2, 151	531	SER	2, 152	532	nuc	nuc	1
LEU	2, 150	530	ALA	2, 153	533	nuc	nuc	0.96
PHE	2, 151	531	ALA	2, 153	533	nuc	nuc	0.98
SER	2, 152	532	ALA	2, 153	533	nuc	nuc	1
PHE	2, 151	531	ILE	2, 154	534	nuc	nuc	0.95
SER	2, 152	532	ILE	2, 154	534	nuc	nuc	0.95
ALA	2, 153	533	ILE	2, 154	534	nuc	nuc	1
ILE	2, 154	534	PRO	2, 155	535	nuc	nuc	1
ILE	2, 154	534	TYR	2, 156	536	nuc	nuc	0.95
PRO	2, 155	535	TYR	2, 156	536	nuc	nuc	1
ILE	2, 154	534	ILE	2, 157	537	nuc	nuc	0.97
PRO	2, 155	535	ILE	2, 157	537	nuc	nuc	0.75
TYR	2, 156	536	ILE	2, 157	537	nuc	nuc	1
PHE	2, 151	531	GLY	2, 158	538	nuc	nuc	0.96
SER	2, 152	532	GLY	2, 158	538	nuc	nuc	0.98
ALA	2, 153	533	GLY	2, 158	538	nuc	nuc	0.9
ILE	2, 154	534	GLY	2, 158	538	nuc	nuc	0.98
PRO	2, 155	535	GLY	2, 158	538	nuc	nuc	0.9
TYR	2, 156	536	GLY	2, 158	538	nuc	nuc	0.99
ILE	2, 157	537	GLY	2, 158	538	nuc	nuc	1
SER	2, 152	532	HIS	2, 159	539	nuc	nuc	0.97
ILE	2, 157	537	HIS	2, 159	539	nuc	nuc	0.75
GLY	2, 158	538	HIS	2, 159	539	nuc	nuc	1
ILE	2, 157	537	THR	2, 160	540	nuc	nuc	0.99
GLY	2, 158	538	THR	2, 160	540	nuc	nuc	1
HIS	2, 159	539	THR	2, 160	540	nuc	nuc	1
PHE	2, 151	531	LEU	2, 161	541	nuc	nuc	0.98
SER	2, 152	532	LEU	2, 161	541	nuc	nuc	0.62
ILE	2, 154	534	LEU	2, 161	541	nuc	nuc	0.91
ILE	2, 157	537	LEU	2, 161	541	nuc	nuc	0.99
GLY	2, 158	538	LEU	2, 161	541	nuc	nuc	1
HIS	2, 159	539	LEU	2, 161	541	nuc	nuc	0.99
THR	2, 160	540	LEU	2, 161	541	nuc	nuc	1
THR	2, 148	528	VAL	2, 162	542	nuc	nuc	0.99
ASN	2, 149	529	VAL	2, 162	542	nuc	nuc	0.96
PHE	2, 151	531	VAL	2, 162	542	nuc	nuc	0.98
SER	2, 152	532	VAL	2, 162	542	nuc	nuc	0.98
GLY	2, 158	538	VAL	2, 162	542	nuc	nuc	0.99
HIS	2, 159	539	VAL	2, 162	542	nuc	nuc	0.99
THR	2, 160	540	VAL	2, 162	542	nuc	nuc	0.97
LEU	2, 161	541	VAL	2, 162	542	nuc	nuc	1
HIS	2, 159	539	GLU	2, 163	543	nuc	nuc	0.98
THR	2, 160	540	GLU	2, 163	543	nuc	nuc	1
LEU	2, 161	541	GLU	2, 163	543	nuc	nuc	0.98
VAL	2, 162	542	GLU	2, 163	543	nuc	nuc	1
THR	2, 160	540	TRP	2, 164	544	nuc	nuc	0.99
LEU	2, 161	541	TRP	2, 164	544	nuc	nuc	1
VAL	2, 162	542	TRP	2, 164	544	nuc	nuc	0.99
GLU	2, 163	543	TRP	2, 164	544	nuc	nuc	1
THR	2, 148	528	ALA	2, 165	545	nuc	nuc	0.99
PHE	2, 151	531	ALA	2, 165	545	nuc	nuc	0.9
LEU	2, 161	541	ALA	2, 165	545	nuc	nuc	0.99
VAL	2, 162	542	ALA	2, 165	545	nuc	nuc	1
GLU	2, 163	543	ALA	2, 165	545	nuc	nuc	0.98
TRP	2, 164	544	ALA	2, 165	545	nuc	nuc	1
THR	2, 148	528	TRP	2, 166	546	nuc	nuc	0.98
VAL	2, 162	542	TRP	2, 166	546	nuc	nuc	0.99
GLU	2, 163	543	TRP	2, 166	546	nuc	nuc	1
TRP	2, 164	544	TRP	2, 166	546	nuc	nuc	0.99
ALA	2, 165	545	TRP	2, 166	546	nuc	nuc	1
GLU	2, 163	543	GLY	2, 167	547	nuc	nuc	0.99
TRP	2, 164	544	GLY	2, 167	547	nuc	nuc	0.99
ALA	2, 165	545	GLY	2, 167	547	nuc	nuc	1
TRP	2, 166	546	GLY	2, 167	547	nuc	nuc	1
GLU	2, 163	543	GLY	2, 168	548	nuc	nuc	0.99
TRP	2, 166	546	GLY	2, 168	548	nuc	nuc	1
GLY	2, 167	547	GLY	2, 168	548	nuc	nuc	1
GLU	2, 163	543	PHE	2, 169	549	nuc	nuc	0.98
TRP	2, 166	546	PHE	2, 169	549	nuc	nuc	0.95
GLY	2, 168	548	PHE	2, 169	549	nuc	nuc	1
THR	2, 145	525	SER	2, 170	550	nuc	nuc	0.52
TRP	2, 166	546	SER	2, 170	550	nuc	nuc	0.96
GLY	2, 168	548	SER	2, 170	550	nuc	nuc	0.99
PHE	2, 169	549	SER	2, 170	550	nuc	nuc	1
PHE	2, 141	521	VAL	2, 171	551	nuc	nuc	0.97
ALA	2, 144	524	VAL	2, 171	551	nuc	nuc	0.97
THR	2, 145	525	VAL	2, 171	551	nuc	nuc	0.98
THR	2, 148	528	VAL	2, 171	551	nuc	nuc	0.83
TRP	2, 166	546	VAL	2, 171	551	nuc	nuc	0.98
SER	2, 170	550	VAL	2, 171	551	nuc	nuc	1
THR	2, 60	440	ASP	2, 172	552	nuc	nuc	0.97
TRP	2, 166	546	ASP	2, 172	552	nuc	nuc	0.7
GLY	2, 168	548	ASP	2, 172	552	nuc	nuc	0.84
SER	2, 170	550	ASP	2, 172	552	nuc	nuc	1
VAL	2, 171	551	ASP	2, 172	552	nuc	nuc	1
ASP	2, 59	439	ASN	2, 173	553	nuc	nuc	0.99
THR	2, 60	440	ASN	2, 173	553	nuc	nuc	0.99
ASP	2, 172	552	ASN	2, 173	553	nuc	nuc	1
HIS	1, 55	55	PRO	2, 174	554	mit	nuc	0.76
TRP	2, 166	546	PRO	2, 174	554	nuc	nuc	0.87
GLY	2, 167	547	PRO	2, 174	554	nuc	nuc	1
GLY	2, 168	548	PRO	2, 174	554	nuc	nuc	0.97
ASP	2, 172	552	PRO	2, 174	554	nuc	nuc	0.99
ASN	2, 173	553	PRO	2, 174	554	nuc	nuc	1
VAL	2, 133	513	THR	2, 175	555	nuc	nuc	0.57
ALA	2, 144	524	THR	2, 175	555	nuc	nuc	0.87
ALA	2, 165	545	THR	2, 175	555	nuc	nuc	0.7
TRP	2, 166	546	THR	2, 175	555	nuc	nuc	0.99
GLY	2, 167	547	THR	2, 175	555	nuc	nuc	0.99
GLY	2, 168	548	THR	2, 175	555	nuc	nuc	0.58
VAL	2, 171	551	THR	2, 175	555	nuc	nuc	0.99
ASP	2, 172	552	THR	2, 175	555	nuc	nuc	0.98
ASN	2, 173	553	THR	2, 175	555	nuc	nuc	0.99
PRO	2, 174	554	THR	2, 175	555	nuc	nuc	1
ALA	2, 58	438	LEU	2, 176	556	nuc	nuc	0.99
ASP	2, 59	439	LEU	2, 176	556	nuc	nuc	0.94
THR	2, 60	440	LEU	2, 176	556	nuc	nuc	0.98
ALA	2, 63	443	LEU	2, 176	556	nuc	nuc	0.98
VAL	2, 133	513	LEU	2, 176	556	nuc	nuc	0.95
LEU	2, 134	514	LEU	2, 176	556	nuc	nuc	0.86
TRP	2, 136	516	LEU	2, 176	556	nuc	nuc	0.97
VAL	2, 171	551	LEU	2, 176	556	nuc	nuc	0.6
ASP	2, 172	552	LEU	2, 176	556	nuc	nuc	0.85
ASN	2, 173	553	LEU	2, 176	556	nuc	nuc	1
PRO	2, 174	554	LEU	2, 176	556	nuc	nuc	0.98
THR	2, 175	555	LEU	2, 176	556	nuc	nuc	1
ALA	1, 53	53	THR	2, 177	557	mit	nuc	0.51
MET	1, 54	54	THR	2, 177	557	mit	nuc	0.99
HIS	1, 55	55	THR	2, 177	557	mit	nuc	0.98
TYR	1, 56	56	THR	2, 177	557	mit	nuc	0.91
THR	1, 57	57	THR	2, 177	557	mit	nuc	0.97
ALA	2, 58	438	THR	2, 177	557	nuc	nuc	1
ASP	2, 59	439	THR	2, 177	557	nuc	nuc	0.77
ASN	2, 173	553	THR	2, 177	557	nuc	nuc	0.99
PRO	2, 174	554	THR	2, 177	557	nuc	nuc	1
THR	2, 175	555	THR	2, 177	557	nuc	nuc	0.95
LEU	2, 176	556	THR	2, 177	557	nuc	nuc	1
MET	1, 54	54	ARG	2, 178	558	mit	nuc	1
GLY	2, 167	547	ARG	2, 178	558	nuc	nuc	0.84
PRO	2, 174	554	ARG	2, 178	558	nuc	nuc	0.99
THR	2, 175	555	ARG	2, 178	558	nuc	nuc	1
LEU	2, 176	556	ARG	2, 178	558	nuc	nuc	0.98
THR	2, 177	557	ARG	2, 178	558	nuc	nuc	1
VAL	2, 130	510	PHE	2, 179	559	nuc	nuc	1
GLY	2, 131	511	PHE	2, 179	559	nuc	nuc	0.96
VAL	2, 133	513	PHE	2, 179	559	nuc	nuc	1
LEU	2, 134	514	PHE	2, 179	559	nuc	nuc	0.97
ALA	2, 144	524	PHE	2, 179	559	nuc	nuc	0.73
THR	2, 175	555	PHE	2, 179	559	nuc	nuc	1
LEU	2, 176	556	PHE	2, 179	559	nuc	nuc	1
THR	2, 177	557	PHE	2, 179	559	nuc	nuc	0.99
ARG	2, 178	558	PHE	2, 179	559	nuc	nuc	1
TYR	2, 56	436	PHE	2, 180	560	nuc	nuc	0.65
ALA	2, 58	438	PHE	2, 180	560	nuc	nuc	1
LEU	2, 134	514	PHE	2, 180	560	nuc	nuc	0.99
LEU	2, 176	556	PHE	2, 180	560	nuc	nuc	1
THR	2, 177	557	PHE	2, 180	560	nuc	nuc	1
ARG	2, 178	558	PHE	2, 180	560	nuc	nuc	1
PHE	2, 179	559	PHE	2, 180	560	nuc	nuc	1
LEU	1, 50	50	ALA	2, 181	561	mit	nuc	0.99
ALA	1, 53	53	ALA	2, 181	561	mit	nuc	1
MET	1, 54	54	ALA	2, 181	561	mit	nuc	1
THR	2, 177	557	ALA	2, 181	561	nuc	nuc	0.99
ARG	2, 178	558	ALA	2, 181	561	nuc	nuc	1
PHE	2, 179	559	ALA	2, 181	561	nuc	nuc	0.99
PHE	2, 180	560	ALA	2, 181	561	nuc	nuc	1
VAL	2, 130	510	LEU	2, 182	562	nuc	nuc	1
ARG	2, 178	558	LEU	2, 182	562	nuc	nuc	1
PHE	2, 179	559	LEU	2, 182	562	nuc	nuc	1
PHE	2, 180	560	LEU	2, 182	562	nuc	nuc	0.99
ALA	2, 181	561	LEU	2, 182	562	nuc	nuc	1
THR	2, 127	507	HIS	2, 183	563	nuc	nuc	0.99
VAL	2, 130	510	HIS	2, 183	563	nuc	nuc	1
GLY	2, 131	511	HIS	2, 183	563	nuc	nuc	1
LEU	2, 134	514	HIS	2, 183	563	nuc	nuc	0.99
PHE	2, 179	559	HIS	2, 183	563	nuc	nuc	1
PHE	2, 180	560	HIS	2, 183	563	nuc	nuc	1
ALA	2, 181	561	HIS	2, 183	563	nuc	nuc	0.99
LEU	2, 182	562	HIS	2, 183	563	nuc	nuc	1
ALA	1, 53	53	PHE	2, 184	564	mit	nuc	0.51
PHE	1, 184	184	PHE	2, 184	564	mit	nuc	0.98
ALA	2, 53	433	PHE	2, 184	564	nuc	nuc	0.98
PHE	2, 180	560	PHE	2, 184	564	nuc	nuc	1
ALA	2, 181	561	PHE	2, 184	564	nuc	nuc	1
LEU	2, 182	562	PHE	2, 184	564	nuc	nuc	1
HIS	2, 183	563	PHE	2, 184	564	nuc	nuc	1
LEU	1, 50	50	LEU	2, 185	565	mit	nuc	0.98
ALA	2, 181	561	LEU	2, 185	565	nuc	nuc	1
LEU	2, 182	562	LEU	2, 185	565	nuc	nuc	1
HIS	2, 183	563	LEU	2, 185	565	nuc	nuc	0.97
PHE	2, 184	564	LEU	2, 185	565	nuc	nuc	1
THR	2, 123	503	LEU	2, 186	566	nuc	nuc	0.99
ALA	2, 126	506	LEU	2, 186	566	nuc	nuc	0.98
THR	2, 127	507	LEU	2, 186	566	nuc	nuc	1
VAL	2, 130	510	LEU	2, 186	566	nuc	nuc	0.91
LEU	2, 182	562	LEU	2, 186	566	nuc	nuc	1
HIS	2, 183	563	LEU	2, 186	566	nuc	nuc	1
PHE	2, 184	564	LEU	2, 186	566	nuc	nuc	0.84
LEU	2, 185	565	LEU	2, 186	566	nuc	nuc	1
LEU	2, 42	422	PRO	2, 187	567	nuc	nuc	0.96
GLN	2, 45	425	PRO	2, 187	567	nuc	nuc	0.98
ILE	2, 46	426	PRO	2, 187	567	nuc	nuc	1
THR	2, 127	507	PRO	2, 187	567	nuc	nuc	0.99
HIS	2, 183	563	PRO	2, 187	567	nuc	nuc	0.68
PHE	2, 184	564	PRO	2, 187	567	nuc	nuc	0.91
LEU	2, 185	565	PRO	2, 187	567	nuc	nuc	0.95
LEU	2, 186	566	PRO	2, 187	567	nuc	nuc	1
PHE	1, 188	188	PHE	2, 188	568	mit	nuc	1
ILE	2, 46	426	PHE	2, 188	568	nuc	nuc	0.58
LEU	2, 185	565	PHE	2, 188	568	nuc	nuc	1
LEU	2, 186	566	PHE	2, 188	568	nuc	nuc	0.99
PRO	2, 187	567	PHE	2, 188	568	nuc	nuc	1
THR	2, 123	503	THR	2, 189	569	nuc	nuc	0.99
LEU	2, 185	565	THR	2, 189	569	nuc	nuc	0.99
LEU	2, 186	566	THR	2, 189	569	nuc	nuc	1
PRO	2, 187	567	THR	2, 189	569	nuc	nuc	1
PHE	2, 188	568	THR	2, 189	569	nuc	nuc	1
LEU	2, 42	422	ILE	2, 190	570	nuc	nuc	0.99
LEU	2, 120	500	ILE	2, 190	570	nuc	nuc	0.99
THR	2, 123	503	ILE	2, 190	570	nuc	nuc	1
LEU	2, 124	504	ILE	2, 190	570	nuc	nuc	0.99
THR	2, 127	507	ILE	2, 190	570	nuc	nuc	0.98
LEU	2, 186	566	ILE	2, 190	570	nuc	nuc	1
PRO	2, 187	567	ILE	2, 190	570	nuc	nuc	1
PHE	2, 188	568	ILE	2, 190	570	nuc	nuc	1
THR	2, 189	569	ILE	2, 190	570	nuc	nuc	1
LEU	2, 42	422	ALA	2, 191	571	nuc	nuc	0.99
ILE	2, 46	426	ALA	2, 191	571	nuc	nuc	0.74
PRO	2, 187	567	ALA	2, 191	571	nuc	nuc	0.99
PHE	2, 188	568	ALA	2, 191	571	nuc	nuc	1
THR	2, 189	569	ALA	2, 191	571	nuc	nuc	1
ILE	2, 190	570	ALA	2, 191	571	nuc	nuc	1
PHE	2, 188	568	GLY	2, 192	572	nuc	nuc	0.99
THR	2, 189	569	GLY	2, 192	572	nuc	nuc	1
ILE	2, 190	570	GLY	2, 192	572	nuc	nuc	1
ALA	2, 191	571	GLY	2, 192	572	nuc	nuc	1
THR	2, 116	496	ILE	2, 193	573	nuc	nuc	0.99
GLY	2, 117	497	ILE	2, 193	573	nuc	nuc	0.58
ILE	2, 119	499	ILE	2, 193	573	nuc	nuc	0.99
LEU	2, 120	500	ILE	2, 193	573	nuc	nuc	1
THR	2, 123	503	ILE	2, 193	573	nuc	nuc	0.98
THR	2, 189	569	ILE	2, 193	573	nuc	nuc	1
ILE	2, 190	570	ILE	2, 193	573	nuc	nuc	1
ALA	2, 191	571	ILE	2, 193	573	nuc	nuc	0.97
GLY	2, 192	572	ILE	2, 193	573	nuc	nuc	1
ALA	2, 39	419	THR	2, 194	574	nuc	nuc	0.95
LEU	2, 42	422	THR	2, 194	574	nuc	nuc	0.96
LEU	2, 120	500	THR	2, 194	574	nuc	nuc	0.99
ILE	2, 190	570	THR	2, 194	574	nuc	nuc	1
ALA	2, 191	571	THR	2, 194	574	nuc	nuc	1
GLY	2, 192	572	THR	2, 194	574	nuc	nuc	1
ILE	2, 193	573	THR	2, 194	574	nuc	nuc	1
ALA	2, 191	571	ILE	2, 195	575	nuc	nuc	0.99
GLY	2, 192	572	ILE	2, 195	575	nuc	nuc	1
ILE	2, 193	573	ILE	2, 195	575	nuc	nuc	0.99
THR	2, 194	574	ILE	2, 195	575	nuc	nuc	1
LEU	1, 11	11	ILE	2, 196	576	mit	nuc	0.94
THR	2, 116	496	ILE	2, 196	576	nuc	nuc	0.99
GLY	2, 192	572	ILE	2, 196	576	nuc	nuc	1
ILE	2, 193	573	ILE	2, 196	576	nuc	nuc	1
THR	2, 194	574	ILE	2, 196	576	nuc	nuc	1
ILE	2, 195	575	ILE	2, 196	576	nuc	nuc	1
THR	2, 113	493	HIS	2, 197	577	nuc	nuc	1
THR	2, 116	496	HIS	2, 197	577	nuc	nuc	1
GLY	2, 117	497	HIS	2, 197	577	nuc	nuc	1
LEU	2, 120	500	HIS	2, 197	577	nuc	nuc	0.99
ILE	2, 193	573	HIS	2, 197	577	nuc	nuc	1
THR	2, 194	574	HIS	2, 197	577	nuc	nuc	1
ILE	2, 195	575	HIS	2, 197	577	nuc	nuc	1
ILE	2, 196	576	HIS	2, 197	577	nuc	nuc	1
SER	2, 18	398	LEU	2, 198	578	nuc	nuc	0.89
THR	2, 194	574	LEU	2, 198	578	nuc	nuc	1
ILE	2, 195	575	LEU	2, 198	578	nuc	nuc	1
ILE	2, 196	576	LEU	2, 198	578	nuc	nuc	0.99
HIS	2, 197	577	LEU	2, 198	578	nuc	nuc	1
PRO	1, 10	10	THR	2, 199	579	mit	nuc	0.98
LEU	1, 11	11	THR	2, 199	579	mit	nuc	0.89
ILE	2, 195	575	THR	2, 199	579	nuc	nuc	1
ILE	2, 196	576	THR	2, 199	579	nuc	nuc	1
HIS	2, 197	577	THR	2, 199	579	nuc	nuc	1
LEU	2, 198	578	THR	2, 199	579	nuc	nuc	1
PRO	1, 10	10	PHE	2, 200	580	mit	nuc	0.97
TYR	2, 110	490	PHE	2, 200	580	nuc	nuc	0.94
GLU	2, 112	492	PHE	2, 200	580	nuc	nuc	0.99
THR	2, 113	493	PHE	2, 200	580	nuc	nuc	1
THR	2, 116	496	PHE	2, 200	580	nuc	nuc	0.99
ILE	2, 196	576	PHE	2, 200	580	nuc	nuc	0.99
HIS	2, 197	577	PHE	2, 200	580	nuc	nuc	1
LEU	2, 198	578	PHE	2, 200	580	nuc	nuc	0.99
THR	2, 199	579	PHE	2, 200	580	nuc	nuc	1
TYR	2, 110	490	LEU	2, 201	581	nuc	nuc	0.9
THR	2, 113	493	LEU	2, 201	581	nuc	nuc	1
HIS	2, 197	577	LEU	2, 201	581	nuc	nuc	0.99
LEU	2, 198	578	LEU	2, 201	581	nuc	nuc	1
THR	2, 199	579	LEU	2, 201	581	nuc	nuc	0.99
PHE	2, 200	580	LEU	2, 201	581	nuc	nuc	1
ASN	2, 17	397	HIS	2, 202	582	nuc	nuc	0.87
SER	2, 18	398	HIS	2, 202	582	nuc	nuc	0.96
LEU	2, 22	402	HIS	2, 202	582	nuc	nuc	0.92
LEU	2, 198	578	HIS	2, 202	582	nuc	nuc	0.99
THR	2, 199	579	HIS	2, 202	582	nuc	nuc	1
PHE	2, 200	580	HIS	2, 202	582	nuc	nuc	0.96
LEU	2, 201	581	HIS	2, 202	582	nuc	nuc	1
PRO	1, 10	10	GLU	2, 203	583	mit	nuc	0.98
THR	2, 199	579	GLU	2, 203	583	nuc	nuc	0.92
PHE	2, 200	580	GLU	2, 203	583	nuc	nuc	0.99
LEU	2, 201	581	GLU	2, 203	583	nuc	nuc	0.98
HIS	2, 202	582	GLU	2, 203	583	nuc	nuc	1
TYR	2, 110	490	SER	2, 204	584	nuc	nuc	0.99
THR	2, 113	493	SER	2, 204	584	nuc	nuc	0.9
PHE	2, 200	580	SER	2, 204	584	nuc	nuc	0.91
LEU	2, 201	581	SER	2, 204	584	nuc	nuc	0.98
HIS	2, 202	582	SER	2, 204	584	nuc	nuc	0.68
GLU	2, 203	583	SER	2, 204	584	nuc	nuc	1
PRO	2, 23	403	GLY	2, 205	585	nuc	nuc	0.78
LEU	2, 201	581	GLY	2, 205	585	nuc	nuc	0.98
HIS	2, 202	582	GLY	2, 205	585	nuc	nuc	0.97
GLU	2, 203	583	GLY	2, 205	585	nuc	nuc	0.98
SER	2, 204	584	GLY	2, 205	585	nuc	nuc	1
ALA	2, 24	404	SER	2, 206	586	nuc	nuc	0.98
PRO	2, 25	405	SER	2, 206	586	nuc	nuc	0.99
ILE	2, 28	408	SER	2, 206	586	nuc	nuc	0.89
TRP	2, 32	412	SER	2, 206	586	nuc	nuc	0.87
LEU	2, 201	581	SER	2, 206	586	nuc	nuc	0.95
GLY	2, 205	585	SER	2, 206	586	nuc	nuc	1
PRO	2, 25	405	ASN	2, 207	587	nuc	nuc	0.88
TYR	2, 105	485	ASN	2, 207	587	nuc	nuc	0.99
GLY	2, 106	486	ASN	2, 207	587	nuc	nuc	0.97
SER	2, 107	487	ASN	2, 207	587	nuc	nuc	0.99
TYR	2, 110	490	ASN	2, 207	587	nuc	nuc	0.79
GLY	2, 205	585	ASN	2, 207	587	nuc	nuc	0.76
SER	2, 206	586	ASN	2, 207	587	nuc	nuc	1
PRO	2, 25	405	ASN	2, 208	588	nuc	nuc	1
ASN	2, 27	407	ASN	2, 208	588	nuc	nuc	0.99
ILE	2, 28	408	ASN	2, 208	588	nuc	nuc	0.95
TYR	2, 105	485	ASN	2, 208	588	nuc	nuc	0.73
SER	2, 206	586	ASN	2, 208	588	nuc	nuc	0.94
ASN	2, 207	587	ASN	2, 208	588	nuc	nuc	1
ASN	2, 27	407	PRO	2, 209	589	nuc	nuc	0.99
ILE	2, 28	408	PRO	2, 209	589	nuc	nuc	0.93
SER	2, 29	409	PRO	2, 209	589	nuc	nuc	0.99
TYR	2, 105	485	PRO	2, 209	589	nuc	nuc	0.99
ASN	2, 208	588	PRO	2, 209	589	nuc	nuc	1
ASN	2, 27	407	LEU	2, 210	590	nuc	nuc	0.95
ASN	2, 208	588	LEU	2, 210	590	nuc	nuc	1
PRO	2, 209	589	LEU	2, 210	590	nuc	nuc	1
TYR	2, 105	485	GLY	2, 211	591	nuc	nuc	0.94
GLY	2, 106	486	GLY	2, 211	591	nuc	nuc	0.77
ASN	2, 207	587	GLY	2, 211	591	nuc	nuc	0.98
ASN	2, 208	588	GLY	2, 211	591	nuc	nuc	1
PRO	2, 209	589	GLY	2, 211	591	nuc	nuc	0.99
LEU	2, 210	590	GLY	2, 211	591	nuc	nuc	1
ASN	2, 208	588	ILE	2, 212	592	nuc	nuc	0.93
LEU	2, 210	590	ILE	2, 212	592	nuc	nuc	1
GLY	2, 211	591	ILE	2, 212	592	nuc	nuc	1
ILE	2, 212	592	SER	2, 213	593	nuc	nuc	1
PRO	2, 25	405	SER	2, 214	594	nuc	nuc	0.99
SER	2, 26	406	SER	2, 214	594	nuc	nuc	0.91
ASN	2, 27	407	SER	2, 214	594	nuc	nuc	0.86
ASN	2, 208	588	SER	2, 214	594	nuc	nuc	0.99
ILE	2, 212	592	SER	2, 214	594	nuc	nuc	0.96
SER	2, 213	593	SER	2, 214	594	nuc	nuc	1
SER	2, 213	593	ASP	2, 215	595	nuc	nuc	1
SER	2, 214	594	ASP	2, 215	595	nuc	nuc	1
SER	2, 213	593	SER	2, 216	596	nuc	nuc	0.8
SER	2, 214	594	SER	2, 216	596	nuc	nuc	0.98
ASP	2, 215	595	SER	2, 216	596	nuc	nuc	1
PRO	2, 25	405	ASP	2, 217	597	nuc	nuc	0.85
SER	2, 26	406	ASP	2, 217	597	nuc	nuc	0.99
ASN	2, 27	407	ASP	2, 217	597	nuc	nuc	0.6
SER	2, 214	594	ASP	2, 217	597	nuc	nuc	0.98
SER	2, 216	596	ASP	2, 217	597	nuc	nuc	1
PRO	2, 23	403	LYS	2, 218	598	nuc	nuc	1
ALA	2, 24	404	LYS	2, 218	598	nuc	nuc	0.99
PRO	2, 25	405	LYS	2, 218	598	nuc	nuc	0.99
SER	2, 26	406	LYS	2, 218	598	nuc	nuc	0.97
SER	2, 214	594	LYS	2, 218	598	nuc	nuc	0.98
ASP	2, 215	595	LYS	2, 218	598	nuc	nuc	0.98
SER	2, 216	596	LYS	2, 218	598	nuc	nuc	0.77
ASP	2, 217	597	LYS	2, 218	598	nuc	nuc	1
PRO	2, 23	403	ILE	2, 219	599	nuc	nuc	0.87
ALA	2, 24	404	ILE	2, 219	599	nuc	nuc	0.99
PRO	2, 25	405	ILE	2, 219	599	nuc	nuc	0.72
SER	2, 26	406	ILE	2, 219	599	nuc	nuc	1
ASP	2, 217	597	ILE	2, 219	599	nuc	nuc	0.92
LYS	2, 218	598	ILE	2, 219	599	nuc	nuc	1
ILE	2, 20	400	PRO	2, 220	600	nuc	nuc	0.87
ASP	2, 21	401	PRO	2, 220	600	nuc	nuc	0.99
LEU	2, 22	402	PRO	2, 220	600	nuc	nuc	0.94
PRO	2, 23	403	PRO	2, 220	600	nuc	nuc	0.96
ALA	2, 24	404	PRO	2, 220	600	nuc	nuc	0.88
ILE	2, 219	599	PRO	2, 220	600	nuc	nuc	1
LEU	2, 19	399	PHE	2, 221	601	nuc	nuc	0.99
ILE	2, 20	400	PHE	2, 221	601	nuc	nuc	0.99
ASP	2, 21	401	PHE	2, 221	601	nuc	nuc	0.95
LEU	2, 22	402	PHE	2, 221	601	nuc	nuc	1
PRO	2, 23	403	PHE	2, 221	601	nuc	nuc	0.63
ALA	2, 24	404	PHE	2, 221	601	nuc	nuc	1
PRO	2, 220	600	PHE	2, 221	601	nuc	nuc	1
LEU	2, 19	399	HIS	2, 222	602	nuc	nuc	0.94
ILE	2, 20	400	HIS	2, 222	602	nuc	nuc	0.99
ASP	2, 21	401	HIS	2, 222	602	nuc	nuc	0.73
PRO	2, 220	600	HIS	2, 222	602	nuc	nuc	1
PHE	2, 221	601	HIS	2, 222	602	nuc	nuc	1
PRO	2, 220	600	PRO	2, 223	603	nuc	nuc	0.72
HIS	2, 222	602	PRO	2, 223	603	nuc	nuc	1
ALA	2, 24	404	TYR	2, 224	604	nuc	nuc	0.72
ILE	2, 219	599	TYR	2, 224	604	nuc	nuc	0.99
PRO	2, 220	600	TYR	2, 224	604	nuc	nuc	0.96
PHE	2, 221	601	TYR	2, 224	604	nuc	nuc	0.98
HIS	2, 222	602	TYR	2, 224	604	nuc	nuc	0.96
PRO	2, 223	603	TYR	2, 224	604	nuc	nuc	1
ALA	2, 24	404	TYR	2, 225	605	nuc	nuc	0.99
ILE	2, 28	408	TYR	2, 225	605	nuc	nuc	0.64
PHE	2, 221	601	TYR	2, 225	605	nuc	nuc	1
HIS	2, 222	602	TYR	2, 225	605	nuc	nuc	0.86
TYR	2, 224	604	TYR	2, 225	605	nuc	nuc	1
LEU	2, 19	399	SER	2, 226	606	nuc	nuc	0.83
PHE	2, 221	601	SER	2, 226	606	nuc	nuc	0.99
HIS	2, 222	602	SER	2, 226	606	nuc	nuc	1
PRO	2, 223	603	SER	2, 226	606	nuc	nuc	1
TYR	2, 224	604	SER	2, 226	606	nuc	nuc	0.99
TYR	2, 225	605	SER	2, 226	606	nuc	nuc	1
PRO	2, 223	603	PHE	2, 227	607	nuc	nuc	0.98
TYR	2, 224	604	PHE	2, 227	607	nuc	nuc	0.99
TYR	2, 225	605	PHE	2, 227	607	nuc	nuc	0.98
SER	2, 226	606	PHE	2, 227	607	nuc	nuc	1
ASN	2, 33	413	LYS	2, 228	608	nuc	nuc	0.99
TYR	2, 224	604	LYS	2, 228	608	nuc	nuc	0.99
TYR	2, 225	605	LYS	2, 228	608	nuc	nuc	1
SER	2, 226	606	LYS	2, 228	608	nuc	nuc	0.99
PHE	2, 227	607	LYS	2, 228	608	nuc	nuc	1
ASN	2, 33	413	ASP	2, 229	609	nuc	nuc	0.99
SER	2, 36	416	ASP	2, 229	609	nuc	nuc	1
TYR	2, 225	605	ASP	2, 229	609	nuc	nuc	1
SER	2, 226	606	ASP	2, 229	609	nuc	nuc	1
PHE	2, 227	607	ASP	2, 229	609	nuc	nuc	0.99
LYS	2, 228	608	ASP	2, 229	609	nuc	nuc	1
SER	2, 226	606	ILE	2, 230	610	nuc	nuc	0.99
PHE	2, 227	607	ILE	2, 230	610	nuc	nuc	1
LYS	2, 228	608	ILE	2, 230	610	nuc	nuc	0.99
ASP	2, 229	609	ILE	2, 230	610	nuc	nuc	1
PHE	2, 227	607	LEU	2, 231	611	nuc	nuc	1
LYS	2, 228	608	LEU	2, 231	611	nuc	nuc	1
ASP	2, 229	609	LEU	2, 231	611	nuc	nuc	1
ILE	2, 230	610	LEU	2, 231	611	nuc	nuc	1
ALA	2, 30	410	GLY	2, 232	612	nuc	nuc	0.63
ASN	2, 33	413	GLY	2, 232	612	nuc	nuc	1
SER	2, 36	416	GLY	2, 232	612	nuc	nuc	0.53
LEU	2, 37	417	GLY	2, 232	612	nuc	nuc	0.98
LYS	2, 228	608	GLY	2, 232	612	nuc	nuc	0.99
ASP	2, 229	609	GLY	2, 232	612	nuc	nuc	1
ILE	2, 230	610	GLY	2, 232	612	nuc	nuc	1
LEU	2, 231	611	GLY	2, 232	612	nuc	nuc	1
SER	2, 36	416	LEU	2, 233	613	nuc	nuc	0.83
LEU	2, 37	417	LEU	2, 233	613	nuc	nuc	0.98
VAL	2, 40	420	LEU	2, 233	613	nuc	nuc	1
ASP	2, 229	609	LEU	2, 233	613	nuc	nuc	1
ILE	2, 230	610	LEU	2, 233	613	nuc	nuc	1
LEU	2, 231	611	LEU	2, 233	613	nuc	nuc	1
GLY	2, 232	612	LEU	2, 233	613	nuc	nuc	1
ILE	2, 230	610	THR	2, 234	614	nuc	nuc	0.99
LEU	2, 231	611	THR	2, 234	614	nuc	nuc	1
GLY	2, 232	612	THR	2, 234	614	nuc	nuc	1
LEU	2, 233	613	THR	2, 234	614	nuc	nuc	1
LEU	2, 231	611	LEU	2, 235	615	nuc	nuc	1
GLY	2, 232	612	LEU	2, 235	615	nuc	nuc	1
LEU	2, 233	613	LEU	2, 235	615	nuc	nuc	0.99
THR	2, 234	614	LEU	2, 235	615	nuc	nuc	1
LEU	2, 37	417	MET	2, 236	616	nuc	nuc	0.99
VAL	2, 40	420	MET	2, 236	616	nuc	nuc	0.67
PHE	2, 90	470	MET	2, 236	616	nuc	nuc	0.93
CYS	2, 94	474	MET	2, 236	616	nuc	nuc	0.75
GLY	2, 232	612	MET	2, 236	616	nuc	nuc	1
LEU	2, 233	613	MET	2, 236	616	nuc	nuc	1
THR	2, 234	614	MET	2, 236	616	nuc	nuc	0.99
LEU	2, 235	615	MET	2, 236	616	nuc	nuc	1
LEU	2, 233	613	LEU	2, 237	617	nuc	nuc	1
THR	2, 234	614	LEU	2, 237	617	nuc	nuc	1
LEU	2, 235	615	LEU	2, 237	617	nuc	nuc	0.98
MET	2, 236	616	LEU	2, 237	617	nuc	nuc	1
THR	2, 234	614	THR	2, 238	618	nuc	nuc	0.97
LEU	2, 235	615	THR	2, 238	618	nuc	nuc	1
MET	2, 236	616	THR	2, 238	618	nuc	nuc	0.99
LEU	2, 237	617	THR	2, 238	618	nuc	nuc	1
MET	2, 236	616	PRO	2, 239	619	nuc	nuc	0.99
LEU	2, 237	617	PRO	2, 239	619	nuc	nuc	0.78
THR	2, 238	618	PRO	2, 239	619	nuc	nuc	1
ASN	2, 86	466	PHE	2, 240	620	nuc	nuc	0.98
GLY	2, 87	467	PHE	2, 240	620	nuc	nuc	0.98
PHE	2, 90	470	PHE	2, 240	620	nuc	nuc	1
MET	2, 236	616	PHE	2, 240	620	nuc	nuc	0.99
LEU	2, 237	617	PHE	2, 240	620	nuc	nuc	1
THR	2, 238	618	PHE	2, 240	620	nuc	nuc	1
PRO	2, 239	619	PHE	2, 240	620	nuc	nuc	1
LEU	2, 237	617	LEU	2, 241	621	nuc	nuc	1
THR	2, 238	618	LEU	2, 241	621	nuc	nuc	1
PRO	2, 239	619	LEU	2, 241	621	nuc	nuc	0.94
PHE	2, 240	620	LEU	2, 241	621	nuc	nuc	1
THR	2, 238	618	THR	2, 242	622	nuc	nuc	1
PRO	2, 239	619	THR	2, 242	622	nuc	nuc	1
PHE	2, 240	620	THR	2, 242	622	nuc	nuc	1
LEU	2, 241	621	THR	2, 242	622	nuc	nuc	1
ASN	2, 86	466	LEU	2, 243	623	nuc	nuc	1
SER	2, 89	469	LEU	2, 243	623	nuc	nuc	0.6
PRO	2, 239	619	LEU	2, 243	623	nuc	nuc	0.99
PHE	2, 240	620	LEU	2, 243	623	nuc	nuc	1
LEU	2, 241	621	LEU	2, 243	623	nuc	nuc	1
THR	2, 242	622	LEU	2, 243	623	nuc	nuc	1
LEU	2, 79	459	ALA	2, 244	624	nuc	nuc	0.83
ASN	2, 82	462	ALA	2, 244	624	nuc	nuc	1
LEU	2, 83	463	ALA	2, 244	624	nuc	nuc	0.99
ASN	2, 86	466	ALA	2, 244	624	nuc	nuc	1
GLY	2, 87	467	ALA	2, 244	624	nuc	nuc	0.59
PHE	2, 240	620	ALA	2, 244	624	nuc	nuc	0.99
LEU	2, 241	621	ALA	2, 244	624	nuc	nuc	1
THR	2, 242	622	ALA	2, 244	624	nuc	nuc	0.98
LEU	2, 243	623	ALA	2, 244	624	nuc	nuc	1
ASN	2, 82	462	LEU	2, 245	625	nuc	nuc	0.72
LEU	2, 241	621	LEU	2, 245	625	nuc	nuc	1
THR	2, 242	622	LEU	2, 245	625	nuc	nuc	1
LEU	2, 243	623	LEU	2, 245	625	nuc	nuc	0.87
ALA	2, 244	624	LEU	2, 245	625	nuc	nuc	1
THR	2, 242	622	PHE	2, 246	626	nuc	nuc	1
LEU	2, 243	623	PHE	2, 246	626	nuc	nuc	0.98
LEU	2, 245	625	PHE	2, 246	626	nuc	nuc	1
THR	2, 242	622	SER	2, 247	627	nuc	nuc	0.53
LEU	2, 243	623	SER	2, 247	627	nuc	nuc	0.99
PHE	2, 246	626	SER	2, 247	627	nuc	nuc	1
ASN	2, 82	462	PRO	2, 248	628	nuc	nuc	0.99
ALA	2, 85	465	PRO	2, 248	628	nuc	nuc	0.77
ASN	2, 86	466	PRO	2, 248	628	nuc	nuc	0.93
LEU	2, 243	623	PRO	2, 248	628	nuc	nuc	0.9
ALA	2, 244	624	PRO	2, 248	628	nuc	nuc	0.98
LEU	2, 245	625	PRO	2, 248	628	nuc	nuc	0.89
PHE	2, 246	626	PRO	2, 248	628	nuc	nuc	0.67
SER	2, 247	627	PRO	2, 248	628	nuc	nuc	1
SER	2, 247	627	ASN	2, 249	629	nuc	nuc	0.97
PRO	2, 248	628	ASN	2, 249	629	nuc	nuc	1
LEU	2, 243	623	LEU	2, 250	630	nuc	nuc	0.95
SER	2, 247	627	LEU	2, 250	630	nuc	nuc	0.99
PRO	2, 248	628	LEU	2, 250	630	nuc	nuc	0.97
ASN	2, 249	629	LEU	2, 250	630	nuc	nuc	1
ASN	2, 86	466	LEU	2, 251	631	nuc	nuc	0.92
SER	2, 89	469	LEU	2, 251	631	nuc	nuc	0.99
LEU	2, 243	623	LEU	2, 251	631	nuc	nuc	0.73
ASN	2, 249	629	LEU	2, 251	631	nuc	nuc	0.81
LEU	2, 250	630	LEU	2, 251	631	nuc	nuc	1
ALA	2, 85	465	GLY	2, 252	632	nuc	nuc	0.66
ASN	2, 249	629	GLY	2, 252	632	nuc	nuc	0.98
LEU	2, 250	630	GLY	2, 252	632	nuc	nuc	0.99
LEU	2, 251	631	GLY	2, 252	632	nuc	nuc	1
MET	2, 139	519	ASP	2, 253	633	nuc	nuc	0.94
GLY	2, 252	632	ASP	2, 253	633	nuc	nuc	1
ASN	2, 249	629	PRO	2, 254	634	nuc	nuc	0.73
GLY	2, 252	632	PRO	2, 254	634	nuc	nuc	0.86
ASP	2, 253	633	PRO	2, 254	634	nuc	nuc	1
GLY	2, 137	517	GLU	2, 255	635	nuc	nuc	0.56
GLN	2, 138	518	GLU	2, 255	635	nuc	nuc	0.96
MET	2, 139	519	GLU	2, 255	635	nuc	nuc	0.98
ASP	2, 253	633	GLU	2, 255	635	nuc	nuc	0.98
PRO	2, 254	634	GLU	2, 255	635	nuc	nuc	1
PRO	2, 135	515	ASN	2, 256	636	nuc	nuc	0.95
GLY	2, 137	517	ASN	2, 256	636	nuc	nuc	0.98
GLN	2, 138	518	ASN	2, 256	636	nuc	nuc	0.96
MET	2, 139	519	ASN	2, 256	636	nuc	nuc	0.99
SER	2, 140	520	ASN	2, 256	636	nuc	nuc	0.96
GLY	2, 252	632	ASN	2, 256	636	nuc	nuc	0.8
ASP	2, 253	633	ASN	2, 256	636	nuc	nuc	0.95
PRO	2, 254	634	ASN	2, 256	636	nuc	nuc	0.96
GLU	2, 255	635	ASN	2, 256	636	nuc	nuc	1
GLY	2, 137	517	PHE	2, 257	637	nuc	nuc	0.85
PRO	2, 254	634	PHE	2, 257	637	nuc	nuc	0.94
GLU	2, 255	635	PHE	2, 257	637	nuc	nuc	0.98
ASN	2, 256	636	PHE	2, 257	637	nuc	nuc	1
GLY	2, 137	517	THR	2, 258	638	nuc	nuc	0.99
GLN	2, 138	518	THR	2, 258	638	nuc	nuc	0.99
GLU	2, 255	635	THR	2, 258	638	nuc	nuc	0.96
ASN	2, 256	636	THR	2, 258	638	nuc	nuc	0.95
PHE	2, 257	637	THR	2, 258	638	nuc	nuc	1
PHE	2, 64	444	PRO	2, 259	639	nuc	nuc	0.99
TRP	2, 136	516	PRO	2, 259	639	nuc	nuc	0.89
GLY	2, 137	517	PRO	2, 259	639	nuc	nuc	0.99
GLN	2, 138	518	PRO	2, 259	639	nuc	nuc	0.92
THR	2, 258	638	PRO	2, 259	639	nuc	nuc	1
THR	2, 60	440	ALA	2, 260	640	nuc	nuc	0.69
PHE	2, 64	444	ALA	2, 260	640	nuc	nuc	0.86
TRP	2, 136	516	ALA	2, 260	640	nuc	nuc	0.99
GLY	2, 137	517	ALA	2, 260	640	nuc	nuc	1
GLN	2, 138	518	ALA	2, 260	640	nuc	nuc	0.99
SER	2, 140	520	ALA	2, 260	640	nuc	nuc	0.89
PHE	2, 141	521	ALA	2, 260	640	nuc	nuc	0.99
THR	2, 258	638	ALA	2, 260	640	nuc	nuc	0.55
PRO	2, 259	639	ALA	2, 260	640	nuc	nuc	1
GLN	2, 138	518	ASN	2, 261	641	nuc	nuc	0.93
PHE	2, 141	521	ASN	2, 261	641	nuc	nuc	0.53
THR	2, 258	638	ASN	2, 261	641	nuc	nuc	0.7
PRO	2, 259	639	ASN	2, 261	641	nuc	nuc	0.98
ALA	2, 260	640	ASN	2, 261	641	nuc	nuc	1
PHE	2, 141	521	PRO	2, 262	642	nuc	nuc	0.86
SER	2, 170	550	PRO	2, 262	642	nuc	nuc	0.76
ALA	2, 260	640	PRO	2, 262	642	nuc	nuc	0.95
ASN	2, 261	641	PRO	2, 262	642	nuc	nuc	1
ASN	2, 261	641	LEU	2, 263	643	nuc	nuc	0.99
PRO	2, 262	642	LEU	2, 263	643	nuc	nuc	1
GLN	2, 138	518	VAL	2, 264	644	nuc	nuc	0.76
ASN	2, 261	641	VAL	2, 264	644	nuc	nuc	0.96
LEU	2, 263	643	VAL	2, 264	644	nuc	nuc	1
TRP	2, 142	522	THR	2, 265	645	nuc	nuc	0.92
VAL	2, 264	644	THR	2, 265	645	nuc	nuc	1
GLN	2, 138	518	PRO	2, 266	646	nuc	nuc	0.95
MET	2, 139	519	PRO	2, 266	646	nuc	nuc	0.9
TRP	2, 142	522	PRO	2, 266	646	nuc	nuc	0.92
GLU	2, 255	635	PRO	2, 266	646	nuc	nuc	0.94
VAL	2, 264	644	PRO	2, 266	646	nuc	nuc	0.84
THR	2, 265	645	PRO	2, 266	646	nuc	nuc	1
THR	2, 265	645	PRO	2, 267	647	nuc	nuc	0.66
PRO	2, 266	646	PRO	2, 267	647	nuc	nuc	1
PRO	2, 266	646	HIS	2, 268	648	nuc	nuc	0.97
PRO	2, 267	647	HIS	2, 268	648	nuc	nuc	1
MET	2, 139	519	ILE	2, 269	649	nuc	nuc	0.87
TRP	2, 142	522	ILE	2, 269	649	nuc	nuc	0.96
GLY	2, 143	523	ILE	2, 269	649	nuc	nuc	0.94
VAL	2, 146	526	ILE	2, 269	649	nuc	nuc	0.93
THR	2, 265	645	ILE	2, 269	649	nuc	nuc	0.71
PRO	2, 266	646	ILE	2, 269	649	nuc	nuc	0.95
HIS	2, 268	648	ILE	2, 269	649	nuc	nuc	1
MET	2, 139	519	LYS	2, 270	650	nuc	nuc	0.72
ASP	2, 253	633	LYS	2, 270	650	nuc	nuc	0.79
HIS	2, 268	648	LYS	2, 270	650	nuc	nuc	0.99
ILE	2, 269	649	LYS	2, 270	650	nuc	nuc	1
TYR	2, 132	512	PRO	2, 271	651	nuc	nuc	0.57
GLY	2, 143	523	PRO	2, 271	651	nuc	nuc	0.95
ILE	2, 147	527	PRO	2, 271	651	nuc	nuc	0.75
LYS	2, 270	650	PRO	2, 271	651	nuc	nuc	1
SER	2, 89	469	GLU	2, 272	652	nuc	nuc	0.61
ALA	2, 128	508	GLU	2, 272	652	nuc	nuc	0.79
TYR	2, 132	512	GLU	2, 272	652	nuc	nuc	0.98
LEU	2, 251	631	GLU	2, 272	652	nuc	nuc	0.62
GLY	2, 252	632	GLU	2, 272	652	nuc	nuc	0.85
ASP	2, 253	633	GLU	2, 272	652	nuc	nuc	0.54
PRO	2, 271	651	GLU	2, 272	652	nuc	nuc	1
SER	2, 89	469	TRP	2, 273	653	nuc	nuc	0.88
LEU	2, 251	631	TRP	2, 273	653	nuc	nuc	0.97
GLU	2, 272	652	TRP	2, 273	653	nuc	nuc	1
SER	2, 89	469	TYR	2, 274	654	nuc	nuc	0.88
PHE	2, 92	472	TYR	2, 274	654	nuc	nuc	1
PHE	2, 96	476	TYR	2, 274	654	nuc	nuc	0.53
ALA	2, 128	508	TYR	2, 274	654	nuc	nuc	0.94
GLU	2, 272	652	TYR	2, 274	654	nuc	nuc	1
TRP	2, 273	653	TYR	2, 274	654	nuc	nuc	1
MET	2, 125	505	PHE	2, 275	655	nuc	nuc	0.88
PHE	2, 129	509	PHE	2, 275	655	nuc	nuc	0.83
PRO	2, 271	651	PHE	2, 275	655	nuc	nuc	0.98
GLU	2, 272	652	PHE	2, 275	655	nuc	nuc	0.98
TRP	2, 273	653	PHE	2, 275	655	nuc	nuc	0.89
TYR	2, 274	654	PHE	2, 275	655	nuc	nuc	1
LYS	2, 270	650	LEU	2, 276	656	nuc	nuc	0.88
PRO	2, 271	651	LEU	2, 276	656	nuc	nuc	0.96
GLU	2, 272	652	LEU	2, 276	656	nuc	nuc	0.63
TRP	2, 273	653	LEU	2, 276	656	nuc	nuc	0.99
TYR	2, 274	654	LEU	2, 276	656	nuc	nuc	0.98
PHE	2, 275	655	LEU	2, 276	656	nuc	nuc	1
PHE	2, 275	655	PHE	2, 277	657	nuc	nuc	0.96
LEU	2, 276	656	PHE	2, 277	657	nuc	nuc	1
PHE	2, 275	655	ALA	2, 278	658	nuc	nuc	1
LEU	2, 276	656	ALA	2, 278	658	nuc	nuc	0.97
PHE	2, 277	657	ALA	2, 278	658	nuc	nuc	1
LYS	2, 270	650	TYR	2, 279	659	nuc	nuc	0.83
PRO	2, 271	651	TYR	2, 279	659	nuc	nuc	0.97
PHE	2, 275	655	TYR	2, 279	659	nuc	nuc	0.99
LEU	2, 276	656	TYR	2, 279	659	nuc	nuc	1
PHE	2, 277	657	TYR	2, 279	659	nuc	nuc	0.99
ALA	2, 278	658	TYR	2, 279	659	nuc	nuc	1
LEU	2, 276	656	ALA	2, 280	660	nuc	nuc	0.99
PHE	2, 277	657	ALA	2, 280	660	nuc	nuc	0.99
ALA	2, 278	658	ALA	2, 280	660	nuc	nuc	0.99
TYR	2, 279	659	ALA	2, 280	660	nuc	nuc	1
PHE	2, 277	657	ILE	2, 281	661	nuc	nuc	0.97
ALA	2, 278	658	ILE	2, 281	661	nuc	nuc	1
TYR	2, 279	659	ILE	2, 281	661	nuc	nuc	0.99
ALA	2, 280	660	ILE	2, 281	661	nuc	nuc	1
LEU	2, 150	530	LEU	2, 282	662	nuc	nuc	0.74
ALA	2, 278	658	LEU	2, 282	662	nuc	nuc	0.98
TYR	2, 279	659	LEU	2, 282	662	nuc	nuc	1
ALA	2, 280	660	LEU	2, 282	662	nuc	nuc	0.99
ILE	2, 281	661	LEU	2, 282	662	nuc	nuc	1
TYR	2, 279	659	ARG	2, 283	663	nuc	nuc	0.98
ALA	2, 280	660	ARG	2, 283	663	nuc	nuc	0.99
ILE	2, 281	661	ARG	2, 283	663	nuc	nuc	0.9
LEU	2, 282	662	ARG	2, 283	663	nuc	nuc	1
ALA	2, 280	660	SER	2, 284	664	nuc	nuc	0.98
ILE	2, 281	661	SER	2, 284	664	nuc	nuc	0.99
LEU	2, 282	662	SER	2, 284	664	nuc	nuc	0.98
ARG	2, 283	663	SER	2, 284	664	nuc	nuc	1
ILE	2, 281	661	ILE	2, 285	665	nuc	nuc	0.71
LEU	2, 282	662	ILE	2, 285	665	nuc	nuc	0.93
ARG	2, 283	663	ILE	2, 285	665	nuc	nuc	0.76
SER	2, 284	664	ILE	2, 285	665	nuc	nuc	1
ILE	2, 285	665	PRO	2, 286	666	nuc	nuc	1
ILE	2, 285	665	ASN	2, 287	667	nuc	nuc	0.98
PRO	2, 286	666	ASN	2, 287	667	nuc	nuc	1
LEU	2, 150	530	LYS	2, 288	668	nuc	nuc	0.62
ALA	2, 153	533	LYS	2, 288	668	nuc	nuc	0.96
ASN	2, 287	667	LYS	2, 288	668	nuc	nuc	1
ALA	2, 153	533	LEU	2, 289	669	nuc	nuc	0.97
ILE	2, 154	534	LEU	2, 289	669	nuc	nuc	0.68
PRO	2, 155	535	LEU	2, 289	669	nuc	nuc	0.6
ASN	2, 287	667	LEU	2, 289	669	nuc	nuc	0.99
LYS	2, 288	668	LEU	2, 289	669	nuc	nuc	1
ALA	2, 153	533	GLY	2, 290	670	nuc	nuc	0.6
ILE	2, 285	665	GLY	2, 290	670	nuc	nuc	0.98
ASN	2, 287	667	GLY	2, 290	670	nuc	nuc	0.98
LYS	2, 288	668	GLY	2, 290	670	nuc	nuc	1
LEU	2, 289	669	GLY	2, 290	670	nuc	nuc	1
ILE	2, 281	661	GLY	2, 291	671	nuc	nuc	0.82
LEU	2, 282	662	GLY	2, 291	671	nuc	nuc	0.99
ILE	2, 285	665	GLY	2, 291	671	nuc	nuc	0.99
ASN	2, 287	667	GLY	2, 291	671	nuc	nuc	0.96
LYS	2, 288	668	GLY	2, 291	671	nuc	nuc	0.99
LEU	2, 289	669	GLY	2, 291	671	nuc	nuc	1
GLY	2, 290	670	GLY	2, 291	671	nuc	nuc	1
LEU	2, 150	530	VAL	2, 292	672	nuc	nuc	0.99
PHE	2, 151	531	VAL	2, 292	672	nuc	nuc	0.63
ALA	2, 153	533	VAL	2, 292	672	nuc	nuc	0.97
ILE	2, 154	534	VAL	2, 292	672	nuc	nuc	0.56
LEU	2, 282	662	VAL	2, 292	672	nuc	nuc	0.9
LYS	2, 288	668	VAL	2, 292	672	nuc	nuc	0.95
LEU	2, 289	669	VAL	2, 292	672	nuc	nuc	0.99
GLY	2, 290	670	VAL	2, 292	672	nuc	nuc	1
GLY	2, 291	671	VAL	2, 292	672	nuc	nuc	1
LEU	2, 289	669	LEU	2, 293	673	nuc	nuc	0.98
GLY	2, 290	670	LEU	2, 293	673	nuc	nuc	1
GLY	2, 291	671	LEU	2, 293	673	nuc	nuc	1
VAL	2, 292	672	LEU	2, 293	673	nuc	nuc	1
ILE	2, 281	661	ALA	2, 294	674	nuc	nuc	0.99
LEU	2, 282	662	ALA	2, 294	674	nuc	nuc	0.95
SER	2, 284	664	ALA	2, 294	674	nuc	nuc	0.64
ILE	2, 285	665	ALA	2, 294	674	nuc	nuc	0.98
GLY	2, 290	670	ALA	2, 294	674	nuc	nuc	0.99
GLY	2, 291	671	ALA	2, 294	674	nuc	nuc	1
VAL	2, 292	672	ALA	2, 294	674	nuc	nuc	0.99
LEU	2, 293	673	ALA	2, 294	674	nuc	nuc	1
LEU	2, 150	530	LEU	2, 295	675	nuc	nuc	0.8
ALA	2, 278	658	LEU	2, 295	675	nuc	nuc	0.99
ILE	2, 281	661	LEU	2, 295	675	nuc	nuc	0.99
LEU	2, 282	662	LEU	2, 295	675	nuc	nuc	0.99
GLY	2, 291	671	LEU	2, 295	675	nuc	nuc	0.99
VAL	2, 292	672	LEU	2, 295	675	nuc	nuc	1
LEU	2, 293	673	LEU	2, 295	675	nuc	nuc	0.99
ALA	2, 294	674	LEU	2, 295	675	nuc	nuc	1
VAL	2, 292	672	ALA	2, 296	676	nuc	nuc	0.99
LEU	2, 293	673	ALA	2, 296	676	nuc	nuc	1
ALA	2, 294	674	ALA	2, 296	676	nuc	nuc	0.99
LEU	2, 295	675	ALA	2, 296	676	nuc	nuc	1
LEU	2, 293	673	ALA	2, 297	677	nuc	nuc	1
ALA	2, 294	674	ALA	2, 297	677	nuc	nuc	1
LEU	2, 295	675	ALA	2, 297	677	nuc	nuc	0.99
ALA	2, 296	676	ALA	2, 297	677	nuc	nuc	1
PHE	2, 277	657	SER	2, 298	678	nuc	nuc	0.75
ALA	2, 278	658	SER	2, 298	678	nuc	nuc	0.96
ILE	2, 281	661	SER	2, 298	678	nuc	nuc	0.99
ALA	2, 294	674	SER	2, 298	678	nuc	nuc	0.99
LEU	2, 295	675	SER	2, 298	678	nuc	nuc	1
ALA	2, 296	676	SER	2, 298	678	nuc	nuc	0.99
ALA	2, 297	677	SER	2, 298	678	nuc	nuc	1
VAL	2, 118	498	VAL	2, 299	679	nuc	nuc	0.67
LEU	2, 121	501	VAL	2, 299	679	nuc	nuc	0.96
LEU	2, 122	502	VAL	2, 299	679	nuc	nuc	0.98
MET	2, 125	505	VAL	2, 299	679	nuc	nuc	0.81
ALA	2, 278	658	VAL	2, 299	679	nuc	nuc	0.88
LEU	2, 295	675	VAL	2, 299	679	nuc	nuc	0.67
ALA	2, 296	676	VAL	2, 299	679	nuc	nuc	0.99
ALA	2, 297	677	VAL	2, 299	679	nuc	nuc	0.89
SER	2, 298	678	VAL	2, 299	679	nuc	nuc	1
VAL	2, 118	498	LEU	2, 300	680	nuc	nuc	0.6
ALA	2, 296	676	LEU	2, 300	680	nuc	nuc	0.99
ALA	2, 297	677	LEU	2, 300	680	nuc	nuc	1
SER	2, 298	678	LEU	2, 300	680	nuc	nuc	0.85
VAL	2, 299	679	LEU	2, 300	680	nuc	nuc	1
ALA	2, 297	677	ILE	2, 301	681	nuc	nuc	0.99
SER	2, 298	678	ILE	2, 301	681	nuc	nuc	0.99
VAL	2, 299	679	ILE	2, 301	681	nuc	nuc	0.99
LEU	2, 300	680	ILE	2, 301	681	nuc	nuc	1
ILE	2, 99	479	LEU	2, 302	682	nuc	nuc	0.77
VAL	2, 118	498	LEU	2, 302	682	nuc	nuc	0.99
LEU	2, 121	501	LEU	2, 302	682	nuc	nuc	0.84
VAL	2, 299	679	LEU	2, 302	682	nuc	nuc	0.99
LEU	2, 300	680	LEU	2, 302	682	nuc	nuc	0.99
ILE	2, 301	681	LEU	2, 302	682	nuc	nuc	1
ASN	2, 115	495	PHE	2, 303	683	nuc	nuc	0.98
VAL	2, 118	498	PHE	2, 303	683	nuc	nuc	0.99
LEU	2, 300	680	PHE	2, 303	683	nuc	nuc	0.99
ILE	2, 301	681	PHE	2, 303	683	nuc	nuc	0.99
LEU	2, 302	682	PHE	2, 303	683	nuc	nuc	1
LEU	2, 300	680	LEU	2, 304	684	nuc	nuc	0.56
ILE	2, 301	681	LEU	2, 304	684	nuc	nuc	1
LEU	2, 302	682	LEU	2, 304	684	nuc	nuc	0.99
PHE	2, 303	683	LEU	2, 304	684	nuc	nuc	1
LEU	2, 103	483	ILE	2, 305	685	nuc	nuc	0.95
TYR	2, 108	488	ILE	2, 305	685	nuc	nuc	0.99
TRP	2, 114	494	ILE	2, 305	685	nuc	nuc	0.72
ILE	2, 301	681	ILE	2, 305	685	nuc	nuc	0.93
LEU	2, 302	682	ILE	2, 305	685	nuc	nuc	1
PHE	2, 303	683	ILE	2, 305	685	nuc	nuc	0.97
LEU	2, 304	684	ILE	2, 305	685	nuc	nuc	1
TYR	2, 108	488	PRO	2, 306	686	nuc	nuc	0.99
LEU	2, 109	489	PRO	2, 306	686	nuc	nuc	0.98
LYS	2, 111	491	PRO	2, 306	686	nuc	nuc	0.99
TRP	2, 114	494	PRO	2, 306	686	nuc	nuc	0.99
PHE	2, 303	683	PRO	2, 306	686	nuc	nuc	0.6
LEU	2, 304	684	PRO	2, 306	686	nuc	nuc	0.96
ILE	2, 305	685	PRO	2, 306	686	nuc	nuc	1
LEU	2, 304	684	PHE	2, 307	687	nuc	nuc	1
ILE	2, 305	685	PHE	2, 307	687	nuc	nuc	0.98
PRO	2, 306	686	PHE	2, 307	687	nuc	nuc	1
LEU	2, 304	684	LEU	2, 308	688	nuc	nuc	0.99
ILE	2, 305	685	LEU	2, 308	688	nuc	nuc	0.99
PRO	2, 306	686	LEU	2, 308	688	nuc	nuc	0.96
PHE	2, 307	687	LEU	2, 308	688	nuc	nuc	1
GLY	2, 106	486	HIS	2, 309	689	nuc	nuc	0.75
TYR	2, 108	488	HIS	2, 309	689	nuc	nuc	0.88
LEU	2, 109	489	HIS	2, 309	689	nuc	nuc	0.97
ILE	2, 305	685	HIS	2, 309	689	nuc	nuc	0.94
PRO	2, 306	686	HIS	2, 309	689	nuc	nuc	0.98
PHE	2, 307	687	HIS	2, 309	689	nuc	nuc	0.97
LEU	2, 308	688	HIS	2, 309	689	nuc	nuc	1
LEU	2, 308	688	LYS	2, 310	690	nuc	nuc	0.98
HIS	2, 309	689	LYS	2, 310	690	nuc	nuc	1
HIS	2, 309	689	SER	2, 311	691	nuc	nuc	0.99
LYS	2, 310	690	SER	2, 311	691	nuc	nuc	1
SER	2, 311	691	LYS	2, 312	692	nuc	nuc	1
GLY	2, 211	591	GLN	2, 313	693	nuc	nuc	0.78
SER	2, 311	691	GLN	2, 313	693	nuc	nuc	1
LYS	2, 312	692	GLN	2, 313	693	nuc	nuc	1
TYR	2, 105	485	ARG	2, 314	694	nuc	nuc	0.76
GLY	2, 106	486	ARG	2, 314	694	nuc	nuc	1
LEU	2, 109	489	ARG	2, 314	694	nuc	nuc	0.97
ASN	2, 207	587	ARG	2, 314	694	nuc	nuc	0.68
GLY	2, 211	591	ARG	2, 314	694	nuc	nuc	0.99
ILE	2, 212	592	ARG	2, 314	694	nuc	nuc	0.59
SER	2, 311	691	ARG	2, 314	694	nuc	nuc	0.62
GLN	2, 313	693	ARG	2, 314	694	nuc	nuc	1
TYR	2, 104	484	THR	2, 315	695	nuc	nuc	0.77
TYR	2, 105	485	THR	2, 315	695	nuc	nuc	0.99
GLY	2, 106	486	THR	2, 315	695	nuc	nuc	0.99
PRO	2, 209	589	THR	2, 315	695	nuc	nuc	0.93
LEU	2, 210	590	THR	2, 315	695	nuc	nuc	0.97
GLY	2, 211	591	THR	2, 315	695	nuc	nuc	1
GLN	2, 313	693	THR	2, 315	695	nuc	nuc	0.99
ARG	2, 314	694	THR	2, 315	695	nuc	nuc	1
TYR	2, 104	484	MET	2, 316	696	nuc	nuc	1
TYR	2, 105	485	MET	2, 316	696	nuc	nuc	0.97
GLY	2, 106	486	MET	2, 316	696	nuc	nuc	0.89
THR	2, 315	695	MET	2, 316	696	nuc	nuc	1
TYR	2, 105	485	THR	2, 317	697	nuc	nuc	0.86
PRO	2, 209	589	THR	2, 317	697	nuc	nuc	0.99
LEU	2, 210	590	THR	2, 317	697	nuc	nuc	0.97
GLY	2, 211	591	THR	2, 317	697	nuc	nuc	0.78
THR	2, 315	695	THR	2, 317	697	nuc	nuc	1
MET	2, 316	696	THR	2, 317	697	nuc	nuc	1
GLN	2, 313	693	PHE	2, 318	698	nuc	nuc	0.98
THR	2, 315	695	PHE	2, 318	698	nuc	nuc	0.97
MET	2, 316	696	PHE	2, 318	698	nuc	nuc	0.86
THR	2, 317	697	PHE	2, 318	698	nuc	nuc	1
SER	2, 311	691	ARG	2, 319	699	nuc	nuc	0.96
GLN	2, 313	693	ARG	2, 319	699	nuc	nuc	0.97
THR	2, 315	695	ARG	2, 319	699	nuc	nuc	0.73
MET	2, 316	696	ARG	2, 319	699	nuc	nuc	0.99
THR	2, 317	697	ARG	2, 319	699	nuc	nuc	0.94
PHE	2, 318	698	ARG	2, 319	699	nuc	nuc	1
PHE	2, 318	698	PRO	2, 320	700	nuc	nuc	0.54
ARG	2, 319	699	PRO	2, 320	700	nuc	nuc	1
ARG	2, 319	699	LEU	2, 321	701	nuc	nuc	1
PRO	2, 320	700	LEU	2, 321	701	nuc	nuc	1
SER	2, 311	691	SER	2, 322	702	nuc	nuc	0.79
MET	2, 316	696	SER	2, 322	702	nuc	nuc	0.99
ARG	2, 319	699	SER	2, 322	702	nuc	nuc	1
PRO	2, 320	700	SER	2, 322	702	nuc	nuc	0.99
LEU	2, 321	701	SER	2, 322	702	nuc	nuc	1
MET	2, 316	696	GLN	2, 323	703	nuc	nuc	0.99
THR	2, 317	697	GLN	2, 323	703	nuc	nuc	0.63
ARG	2, 319	699	GLN	2, 323	703	nuc	nuc	0.99
PRO	2, 320	700	GLN	2, 323	703	nuc	nuc	1
LEU	2, 321	701	GLN	2, 323	703	nuc	nuc	0.99
SER	2, 322	702	GLN	2, 323	703	nuc	nuc	1
PRO	2, 320	700	THR	2, 324	704	nuc	nuc	0.97
LEU	2, 321	701	THR	2, 324	704	nuc	nuc	1
SER	2, 322	702	THR	2, 324	704	nuc	nuc	0.98
GLN	2, 323	703	THR	2, 324	704	nuc	nuc	1
LEU	2, 321	701	LEU	2, 325	705	nuc	nuc	0.99
SER	2, 322	702	LEU	2, 325	705	nuc	nuc	1
GLN	2, 323	703	LEU	2, 325	705	nuc	nuc	0.99
THR	2, 324	704	LEU	2, 325	705	nuc	nuc	1
LEU	2, 103	483	PHE	2, 326	706	nuc	nuc	0.96
TYR	2, 104	484	PHE	2, 326	706	nuc	nuc	0.99
MET	2, 316	696	PHE	2, 326	706	nuc	nuc	0.98
SER	2, 322	702	PHE	2, 326	706	nuc	nuc	1
GLN	2, 323	703	PHE	2, 326	706	nuc	nuc	1
THR	2, 324	704	PHE	2, 326	706	nuc	nuc	1
LEU	2, 325	705	PHE	2, 326	706	nuc	nuc	1
GLN	2, 323	703	TRP	2, 327	707	nuc	nuc	0.99
THR	2, 324	704	TRP	2, 327	707	nuc	nuc	1
LEU	2, 325	705	TRP	2, 327	707	nuc	nuc	0.97
PHE	2, 326	706	TRP	2, 327	707	nuc	nuc	1
THR	2, 324	704	LEU	2, 328	708	nuc	nuc	0.99
LEU	2, 325	705	LEU	2, 328	708	nuc	nuc	1
PHE	2, 326	706	LEU	2, 328	708	nuc	nuc	1
TRP	2, 327	707	LEU	2, 328	708	nuc	nuc	1
LEU	2, 325	705	LEU	2, 329	709	nuc	nuc	0.99
PHE	2, 326	706	LEU	2, 329	709	nuc	nuc	1
TRP	2, 327	707	LEU	2, 329	709	nuc	nuc	1
LEU	2, 328	708	LEU	2, 329	709	nuc	nuc	1
PHE	2, 326	706	VAL	2, 330	710	nuc	nuc	1
TRP	2, 327	707	VAL	2, 330	710	nuc	nuc	1
LEU	2, 328	708	VAL	2, 330	710	nuc	nuc	0.99
LEU	2, 329	709	VAL	2, 330	710	nuc	nuc	1
TRP	2, 327	707	ALA	2, 331	711	nuc	nuc	1
LEU	2, 328	708	ALA	2, 331	711	nuc	nuc	1
LEU	2, 329	709	ALA	2, 331	711	nuc	nuc	0.99
VAL	2, 330	710	ALA	2, 331	711	nuc	nuc	1
LEU	2, 328	708	ASN	2, 332	712	nuc	nuc	1
LEU	2, 329	709	ASN	2, 332	712	nuc	nuc	1
VAL	2, 330	710	ASN	2, 332	712	nuc	nuc	1
ALA	2, 331	711	ASN	2, 332	712	nuc	nuc	1
PHE	2, 277	657	LEU	2, 333	713	nuc	nuc	0.99
LEU	2, 329	709	LEU	2, 333	713	nuc	nuc	1
VAL	2, 330	710	LEU	2, 333	713	nuc	nuc	1
ALA	2, 331	711	LEU	2, 333	713	nuc	nuc	0.99
ASN	2, 332	712	LEU	2, 333	713	nuc	nuc	1
VAL	2, 330	710	LEU	2, 334	714	nuc	nuc	1
ALA	2, 331	711	LEU	2, 334	714	nuc	nuc	1
ASN	2, 332	712	LEU	2, 334	714	nuc	nuc	1
LEU	2, 333	713	LEU	2, 334	714	nuc	nuc	1
ALA	2, 331	711	ILE	2, 335	715	nuc	nuc	1
ASN	2, 332	712	ILE	2, 335	715	nuc	nuc	1
LEU	2, 333	713	ILE	2, 335	715	nuc	nuc	1
LEU	2, 334	714	ILE	2, 335	715	nuc	nuc	1
LEU	2, 276	656	LEU	2, 336	716	nuc	nuc	0.87
PHE	2, 277	657	LEU	2, 336	716	nuc	nuc	0.99
ALA	2, 280	660	LEU	2, 336	716	nuc	nuc	0.99
ILE	2, 281	661	LEU	2, 336	716	nuc	nuc	0.97
ASN	2, 332	712	LEU	2, 336	716	nuc	nuc	1
LEU	2, 333	713	LEU	2, 336	716	nuc	nuc	1
LEU	2, 334	714	LEU	2, 336	716	nuc	nuc	1
ILE	2, 335	715	LEU	2, 336	716	nuc	nuc	1
TRP	2, 273	653	THR	2, 337	717	nuc	nuc	0.95
LEU	2, 276	656	THR	2, 337	717	nuc	nuc	1
PHE	2, 277	657	THR	2, 337	717	nuc	nuc	0.99
ALA	2, 280	660	THR	2, 337	717	nuc	nuc	0.92
LEU	2, 333	713	THR	2, 337	717	nuc	nuc	0.99
LEU	2, 334	714	THR	2, 337	717	nuc	nuc	1
ILE	2, 335	715	THR	2, 337	717	nuc	nuc	0.99
LEU	2, 336	716	THR	2, 337	717	nuc	nuc	1
LEU	2, 334	714	TRP	2, 338	718	nuc	nuc	1
ILE	2, 335	715	TRP	2, 338	718	nuc	nuc	1
LEU	2, 336	716	TRP	2, 338	718	nuc	nuc	0.99
THR	2, 337	717	TRP	2, 338	718	nuc	nuc	1
ALA	2, 280	660	ILE	2, 339	719	nuc	nuc	0.99
ILE	2, 335	715	ILE	2, 339	719	nuc	nuc	0.99
LEU	2, 336	716	ILE	2, 339	719	nuc	nuc	1
THR	2, 337	717	ILE	2, 339	719	nuc	nuc	0.96
TRP	2, 338	718	ILE	2, 339	719	nuc	nuc	1
LYS	2, 270	650	GLY	2, 340	720	nuc	nuc	0.83
LEU	2, 276	656	GLY	2, 340	720	nuc	nuc	1
PHE	2, 277	657	GLY	2, 340	720	nuc	nuc	0.8
TYR	2, 279	659	GLY	2, 340	720	nuc	nuc	0.99
ALA	2, 280	660	GLY	2, 340	720	nuc	nuc	0.99
ARG	2, 283	663	GLY	2, 340	720	nuc	nuc	0.82
LEU	2, 336	716	GLY	2, 340	720	nuc	nuc	0.98
THR	2, 337	717	GLY	2, 340	720	nuc	nuc	0.99
TRP	2, 338	718	GLY	2, 340	720	nuc	nuc	1
ILE	2, 339	719	GLY	2, 340	720	nuc	nuc	1
LYS	2, 270	650	SER	2, 341	721	nuc	nuc	0.94
TRP	2, 273	653	SER	2, 341	721	nuc	nuc	0.7
LEU	2, 276	656	SER	2, 341	721	nuc	nuc	0.98
THR	2, 337	717	SER	2, 341	721	nuc	nuc	0.94
TRP	2, 338	718	SER	2, 341	721	nuc	nuc	0.99
ILE	2, 339	719	SER	2, 341	721	nuc	nuc	0.98
GLY	2, 340	720	SER	2, 341	721	nuc	nuc	1
TRP	2, 338	718	GLN	2, 342	722	nuc	nuc	0.96
ILE	2, 339	719	GLN	2, 342	722	nuc	nuc	0.99
GLY	2, 340	720	GLN	2, 342	722	nuc	nuc	1
SER	2, 341	721	GLN	2, 342	722	nuc	nuc	1
HIS	2, 268	648	PRO	2, 343	723	nuc	nuc	0.87
GLN	2, 342	722	PRO	2, 343	723	nuc	nuc	1
ARG	2, 283	663	VAL	2, 344	724	nuc	nuc	0.95
PRO	2, 343	723	VAL	2, 344	724	nuc	nuc	1
PRO	2, 343	723	GLU	2, 345	725	nuc	nuc	0.99
VAL	2, 344	724	GLU	2, 345	725	nuc	nuc	1
GLU	2, 345	725	HIS	2, 346	726	nuc	nuc	1
GLU	2, 345	725	PRO	2, 347	727	nuc	nuc	0.65
HIS	2, 346	726	PRO	2, 347	727	nuc	nuc	1
ILE	2, 339	719	PHE	2, 348	728	nuc	nuc	0.99
GLN	2, 342	722	PHE	2, 348	728	nuc	nuc	0.98
PRO	2, 343	723	PHE	2, 348	728	nuc	nuc	0.93
VAL	2, 344	724	PHE	2, 348	728	nuc	nuc	0.94
GLU	2, 345	725	PHE	2, 348	728	nuc	nuc	0.98
HIS	2, 346	726	PHE	2, 348	728	nuc	nuc	0.97
PRO	2, 347	727	PHE	2, 348	728	nuc	nuc	1
SER	2, 284	664	ILE	2, 349	729	nuc	nuc	0.79
VAL	2, 344	724	ILE	2, 349	729	nuc	nuc	0.96
GLU	2, 345	725	ILE	2, 349	729	nuc	nuc	0.96
HIS	2, 346	726	ILE	2, 349	729	nuc	nuc	0.99
PRO	2, 347	727	ILE	2, 349	729	nuc	nuc	0.97
PHE	2, 348	728	ILE	2, 349	729	nuc	nuc	1
HIS	2, 346	726	ILE	2, 350	730	nuc	nuc	0.93
PRO	2, 347	727	ILE	2, 350	730	nuc	nuc	0.99
PHE	2, 348	728	ILE	2, 350	730	nuc	nuc	0.84
ILE	2, 349	729	ILE	2, 350	730	nuc	nuc	1
ILE	2, 335	715	ILE	2, 351	731	nuc	nuc	0.93
ILE	2, 339	719	ILE	2, 351	731	nuc	nuc	0.98
PRO	2, 347	727	ILE	2, 351	731	nuc	nuc	0.98
PHE	2, 348	728	ILE	2, 351	731	nuc	nuc	1
ILE	2, 349	729	ILE	2, 351	731	nuc	nuc	0.98
ILE	2, 350	730	ILE	2, 351	731	nuc	nuc	1
ALA	2, 280	660	GLY	2, 352	732	nuc	nuc	0.98
ARG	2, 283	663	GLY	2, 352	732	nuc	nuc	0.51
SER	2, 284	664	GLY	2, 352	732	nuc	nuc	0.99
ILE	2, 335	715	GLY	2, 352	732	nuc	nuc	0.62
LEU	2, 336	716	GLY	2, 352	732	nuc	nuc	0.94
ILE	2, 339	719	GLY	2, 352	732	nuc	nuc	0.99
PHE	2, 348	728	GLY	2, 352	732	nuc	nuc	0.99
ILE	2, 349	729	GLY	2, 352	732	nuc	nuc	1
ILE	2, 350	730	GLY	2, 352	732	nuc	nuc	1
ILE	2, 351	731	GLY	2, 352	732	nuc	nuc	1
SER	2, 284	664	GLN	2, 353	733	nuc	nuc	0.99
ILE	2, 349	729	GLN	2, 353	733	nuc	nuc	0.99
ILE	2, 350	730	GLN	2, 353	733	nuc	nuc	1
ILE	2, 351	731	GLN	2, 353	733	nuc	nuc	0.98
GLY	2, 352	732	GLN	2, 353	733	nuc	nuc	1
ILE	2, 350	730	MET	2, 354	734	nuc	nuc	0.99
ILE	2, 351	731	MET	2, 354	734	nuc	nuc	1
GLY	2, 352	732	MET	2, 354	734	nuc	nuc	1
GLN	2, 353	733	MET	2, 354	734	nuc	nuc	1
ALA	2, 280	660	ALA	2, 355	735	nuc	nuc	0.88
SER	2, 284	664	ALA	2, 355	735	nuc	nuc	0.62
ASN	2, 332	712	ALA	2, 355	735	nuc	nuc	0.99
ILE	2, 335	715	ALA	2, 355	735	nuc	nuc	0.99
LEU	2, 336	716	ALA	2, 355	735	nuc	nuc	0.99
ILE	2, 339	719	ALA	2, 355	735	nuc	nuc	0.97
ILE	2, 351	731	ALA	2, 355	735	nuc	nuc	1
GLY	2, 352	732	ALA	2, 355	735	nuc	nuc	1
GLN	2, 353	733	ALA	2, 355	735	nuc	nuc	0.99
MET	2, 354	734	ALA	2, 355	735	nuc	nuc	1
ALA	2, 280	660	SER	2, 356	736	nuc	nuc	0.9
ILE	2, 281	661	SER	2, 356	736	nuc	nuc	0.99
SER	2, 284	664	SER	2, 356	736	nuc	nuc	0.99
ILE	2, 285	665	SER	2, 356	736	nuc	nuc	0.65
ALA	2, 294	674	SER	2, 356	736	nuc	nuc	0.9
LEU	2, 336	716	SER	2, 356	736	nuc	nuc	0.93
GLY	2, 352	732	SER	2, 356	736	nuc	nuc	1
GLN	2, 353	733	SER	2, 356	736	nuc	nuc	1
MET	2, 354	734	SER	2, 356	736	nuc	nuc	0.99
ALA	2, 355	735	SER	2, 356	736	nuc	nuc	1
GLN	2, 353	733	LEU	2, 357	737	nuc	nuc	0.99
MET	2, 354	734	LEU	2, 357	737	nuc	nuc	1
ALA	2, 355	735	LEU	2, 357	737	nuc	nuc	0.99
SER	2, 356	736	LEU	2, 357	737	nuc	nuc	1
ASN	2, 332	712	SER	2, 358	738	nuc	nuc	0.99
MET	2, 354	734	SER	2, 358	738	nuc	nuc	0.99
ALA	2, 355	735	SER	2, 358	738	nuc	nuc	1
SER	2, 356	736	SER	2, 358	738	nuc	nuc	0.99
LEU	2, 357	737	SER	2, 358	738	nuc	nuc	1
ILE	2, 281	661	TYR	2, 359	739	nuc	nuc	0.87
SER	2, 298	678	TYR	2, 359	739	nuc	nuc	0.9
LEU	2, 329	709	TYR	2, 359	739	nuc	nuc	0.9
ASN	2, 332	712	TYR	2, 359	739	nuc	nuc	0.99
LEU	2, 333	713	TYR	2, 359	739	nuc	nuc	0.86
LEU	2, 336	716	TYR	2, 359	739	nuc	nuc	0.96
ALA	2, 355	735	TYR	2, 359	739	nuc	nuc	0.99
SER	2, 356	736	TYR	2, 359	739	nuc	nuc	1
LEU	2, 357	737	TYR	2, 359	739	nuc	nuc	1
SER	2, 358	738	TYR	2, 359	739	nuc	nuc	1
ALA	2, 297	677	PHE	2, 360	740	nuc	nuc	0.67
ILE	2, 301	681	PHE	2, 360	740	nuc	nuc	0.87
SER	2, 356	736	PHE	2, 360	740	nuc	nuc	0.95
LEU	2, 357	737	PHE	2, 360	740	nuc	nuc	1
SER	2, 358	738	PHE	2, 360	740	nuc	nuc	0.9
TYR	2, 359	739	PHE	2, 360	740	nuc	nuc	1
LEU	2, 357	737	THR	2, 361	741	nuc	nuc	1
SER	2, 358	738	THR	2, 361	741	nuc	nuc	1
TYR	2, 359	739	THR	2, 361	741	nuc	nuc	0.98
PHE	2, 360	740	THR	2, 361	741	nuc	nuc	1
LEU	2, 325	705	ILE	2, 362	742	nuc	nuc	0.99
LEU	2, 328	708	ILE	2, 362	742	nuc	nuc	0.98
LEU	2, 329	709	ILE	2, 362	742	nuc	nuc	1
ASN	2, 332	712	ILE	2, 362	742	nuc	nuc	0.96
SER	2, 358	738	ILE	2, 362	742	nuc	nuc	1
TYR	2, 359	739	ILE	2, 362	742	nuc	nuc	1
PHE	2, 360	740	ILE	2, 362	742	nuc	nuc	0.98
THR	2, 361	741	ILE	2, 362	742	nuc	nuc	1
ILE	2, 301	681	LEU	2, 363	743	nuc	nuc	0.99
ILE	2, 305	685	LEU	2, 363	743	nuc	nuc	0.89
LEU	2, 308	688	LEU	2, 363	743	nuc	nuc	0.79
LEU	2, 329	709	LEU	2, 363	743	nuc	nuc	0.93
TYR	2, 359	739	LEU	2, 363	743	nuc	nuc	0.98
PHE	2, 360	740	LEU	2, 363	743	nuc	nuc	1
THR	2, 361	741	LEU	2, 363	743	nuc	nuc	0.95
ILE	2, 362	742	LEU	2, 363	743	nuc	nuc	1
ILE	2, 301	681	LEU	2, 364	744	nuc	nuc	0.84
LEU	2, 304	684	LEU	2, 364	744	nuc	nuc	0.67
LEU	2, 308	688	LEU	2, 364	744	nuc	nuc	0.94
PHE	2, 360	740	LEU	2, 364	744	nuc	nuc	0.99
THR	2, 361	741	LEU	2, 364	744	nuc	nuc	0.99
ILE	2, 362	742	LEU	2, 364	744	nuc	nuc	0.71
LEU	2, 363	743	LEU	2, 364	744	nuc	nuc	1
THR	2, 361	741	ILE	2, 365	745	nuc	nuc	0.99
ILE	2, 362	742	ILE	2, 365	745	nuc	nuc	0.87
LEU	2, 364	744	ILE	2, 365	745	nuc	nuc	1
LEU	2, 325	705	LEU	2, 366	746	nuc	nuc	0.99
THR	2, 361	741	LEU	2, 366	746	nuc	nuc	0.99
ILE	2, 362	742	LEU	2, 366	746	nuc	nuc	0.99
LEU	2, 363	743	LEU	2, 366	746	nuc	nuc	0.72
ILE	2, 365	745	LEU	2, 366	746	nuc	nuc	1
LEU	2, 308	688	PHE	2, 367	747	nuc	nuc	0.96
SER	2, 322	702	PHE	2, 367	747	nuc	nuc	0.95
LEU	2, 325	705	PHE	2, 367	747	nuc	nuc	0.98
ILE	2, 362	742	PHE	2, 367	747	nuc	nuc	0.98
LEU	2, 363	743	PHE	2, 367	747	nuc	nuc	0.99
LEU	2, 364	744	PHE	2, 367	747	nuc	nuc	0.63
ILE	2, 365	745	PHE	2, 367	747	nuc	nuc	0.81
LEU	2, 366	746	PHE	2, 367	747	nuc	nuc	1
LEU	2, 308	688	PRO	2, 368	748	nuc	nuc	0.99
HIS	2, 309	689	PRO	2, 368	748	nuc	nuc	0.54
LYS	2, 310	690	PRO	2, 368	748	nuc	nuc	0.99
LEU	2, 364	744	PRO	2, 368	748	nuc	nuc	0.78
ILE	2, 365	745	PRO	2, 368	748	nuc	nuc	0.98
LEU	2, 366	746	PRO	2, 368	748	nuc	nuc	0.93
PHE	2, 367	747	PRO	2, 368	748	nuc	nuc	1
ILE	2, 365	745	THR	2, 369	749	nuc	nuc	0.99
LEU	2, 366	746	THR	2, 369	749	nuc	nuc	1
PHE	2, 367	747	THR	2, 369	749	nuc	nuc	0.98
PRO	2, 368	748	THR	2, 369	749	nuc	nuc	1
LEU	2, 321	701	ILE	2, 370	750	nuc	nuc	0.99
SER	2, 322	702	ILE	2, 370	750	nuc	nuc	0.99
LEU	2, 325	705	ILE	2, 370	750	nuc	nuc	0.98
LEU	2, 366	746	ILE	2, 370	750	nuc	nuc	0.99
PHE	2, 367	747	ILE	2, 370	750	nuc	nuc	0.99
PRO	2, 368	748	ILE	2, 370	750	nuc	nuc	0.94
THR	2, 369	749	ILE	2, 370	750	nuc	nuc	1
LYS	2, 310	690	GLY	2, 371	751	nuc	nuc	0.99
SER	2, 311	691	GLY	2, 371	751	nuc	nuc	1
ARG	2, 319	699	GLY	2, 371	751	nuc	nuc	0.9
LEU	2, 321	701	GLY	2, 371	751	nuc	nuc	0.65
SER	2, 322	702	GLY	2, 371	751	nuc	nuc	0.98
PHE	2, 367	747	GLY	2, 371	751	nuc	nuc	0.98
PRO	2, 368	748	GLY	2, 371	751	nuc	nuc	1
THR	2, 369	749	GLY	2, 371	751	nuc	nuc	1
ILE	2, 370	750	GLY	2, 371	751	nuc	nuc	1
LYS	2, 310	690	THR	2, 372	752	nuc	nuc	0.98
SER	2, 311	691	THR	2, 372	752	nuc	nuc	0.55
PRO	2, 368	748	THR	2, 372	752	nuc	nuc	0.98
THR	2, 369	749	THR	2, 372	752	nuc	nuc	1
ILE	2, 370	750	THR	2, 372	752	nuc	nuc	0.98
GLY	2, 371	751	THR	2, 372	752	nuc	nuc	1
LEU	2, 321	701	LEU	2, 373	753	nuc	nuc	0.89
THR	2, 369	749	LEU	2, 373	753	nuc	nuc	0.99
ILE	2, 370	750	LEU	2, 373	753	nuc	nuc	1
GLY	2, 371	751	LEU	2, 373	753	nuc	nuc	1
THR	2, 372	752	LEU	2, 373	753	nuc	nuc	1
SER	2, 311	691	GLU	2, 374	754	nuc	nuc	0.98
ARG	2, 319	699	GLU	2, 374	754	nuc	nuc	0.99
LEU	2, 321	701	GLU	2, 374	754	nuc	nuc	0.98
SER	2, 322	702	GLU	2, 374	754	nuc	nuc	0.95
ILE	2, 370	750	GLU	2, 374	754	nuc	nuc	0.99
GLY	2, 371	751	GLU	2, 374	754	nuc	nuc	1
THR	2, 372	752	GLU	2, 374	754	nuc	nuc	0.98
LEU	2, 373	753	GLU	2, 374	754	nuc	nuc	1
LYS	2, 310	690	ASN	2, 375	755	nuc	nuc	0.87
SER	2, 311	691	ASN	2, 375	755	nuc	nuc	0.99
LYS	2, 312	692	ASN	2, 375	755	nuc	nuc	0.99
GLY	2, 371	751	ASN	2, 375	755	nuc	nuc	0.99
THR	2, 372	752	ASN	2, 375	755	nuc	nuc	1
LEU	2, 373	753	ASN	2, 375	755	nuc	nuc	0.99
GLU	2, 374	754	ASN	2, 375	755	nuc	nuc	1
THR	2, 372	752	LYS	2, 376	756	nuc	nuc	0.98
LEU	2, 373	753	LYS	2, 376	756	nuc	nuc	1
GLU	2, 374	754	LYS	2, 376	756	nuc	nuc	0.98
ASN	2, 375	755	LYS	2, 376	756	nuc	nuc	1
LEU	2, 373	753	MET	2, 377	757	nuc	nuc	0.98
GLU	2, 374	754	MET	2, 377	757	nuc	nuc	1
ASN	2, 375	755	MET	2, 377	757	nuc	nuc	0.98
LYS	2, 376	756	MET	2, 377	757	nuc	nuc	1
LYS	2, 312	692	LEU	2, 378	758	nuc	nuc	0.58
GLU	2, 374	754	LEU	2, 378	758	nuc	nuc	0.98
ASN	2, 375	755	LEU	2, 378	758	nuc	nuc	0.99
LYS	2, 376	756	LEU	2, 378	758	nuc	nuc	0.93
MET	2, 377	757	LEU	2, 378	758	nuc	nuc	1
LYS	2, 376	756	ASN	2, 379	759	nuc	nuc	0.9
MET	2, 377	757	ASN	2, 379	759	nuc	nuc	0.78
LEU	2, 378	758	ASN	2, 379	759	nuc	nuc	1
LYS	2, 312	692	TYR	2, 380	760	nuc	nuc	0.95
ASN	2, 375	755	TYR	2, 380	760	nuc	nuc	0.95
LYS	2, 376	756	TYR	2, 380	760	nuc	nuc	0.79
LEU	2, 378	758	TYR	2, 380	760	nuc	nuc	0.99
ASN	2, 379	759	TYR	2, 380	760	nuc	nuc	1
GLY	3, 1	761	GLU	3, 2	762	nuc	nuc	1
GLY	3, 1	761	LEU	3, 3	763	nuc	nuc	0.86
GLU	3, 2	762	LEU	3, 3	763	nuc	nuc	1
GLU	3, 2	762	GLU	3, 4	764	nuc	nuc	0.93
LEU	3, 3	763	GLU	3, 4	764	nuc	nuc	1
LEU	3, 3	763	LEU	3, 5	765	nuc	nuc	0.82
GLU	3, 4	764	LEU	3, 5	765	nuc	nuc	1
GLU	3, 4	764	HIS	3, 6	766	nuc	nuc	0.97
LEU	3, 5	765	HIS	3, 6	766	nuc	nuc	1
LEU	3, 5	765	PRO	3, 7	767	nuc	nuc	0.77
HIS	3, 6	766	PRO	3, 7	767	nuc	nuc	1
HIS	3, 6	766	PRO	3, 8	768	nuc	nuc	0.55
PRO	3, 7	767	PRO	3, 8	768	nuc	nuc	1
PRO	3, 7	767	ALA	3, 9	769	nuc	nuc	0.64
PRO	3, 8	768	ALA	3, 9	769	nuc	nuc	1
PRO	3, 8	768	PHE	3, 10	770	nuc	nuc	0.99
ALA	3, 9	769	PHE	3, 10	770	nuc	nuc	1
ALA	3, 9	769	PRO	3, 11	771	nuc	nuc	0.81
PHE	3, 10	770	PRO	3, 11	771	nuc	nuc	1
PHE	3, 10	770	TRP	3, 12	772	nuc	nuc	1
PRO	3, 11	771	TRP	3, 12	772	nuc	nuc	1
TRP	3, 12	772	SER	3, 13	773	nuc	nuc	1
TRP	3, 12	772	HIS	3, 14	774	nuc	nuc	1
SER	3, 13	773	HIS	3, 14	774	nuc	nuc	1
PRO	3, 11	771	GLY	3, 15	775	nuc	nuc	0.71
TRP	3, 12	772	GLY	3, 15	775	nuc	nuc	0.99
SER	3, 13	773	GLY	3, 15	775	nuc	nuc	0.99
HIS	3, 14	774	GLY	3, 15	775	nuc	nuc	1
HIS	3, 14	774	GLY	3, 16	776	nuc	nuc	0.98
GLY	3, 15	775	GLY	3, 16	776	nuc	nuc	1
PHE	1, 246	246	PRO	3, 17	777	mit	nuc	0.98
GLY	3, 15	775	PRO	3, 17	777	nuc	nuc	0.65
GLY	3, 16	776	PRO	3, 17	777	nuc	nuc	1
GLY	3, 16	776	LEU	3, 18	778	nuc	nuc	1
PRO	3, 17	777	LEU	3, 18	778	nuc	nuc	1
SER	3, 13	773	SER	3, 19	779	nuc	nuc	0.98
HIS	3, 14	774	SER	3, 19	779	nuc	nuc	0.99
GLY	3, 15	775	SER	3, 19	779	nuc	nuc	1
GLY	3, 16	776	SER	3, 19	779	nuc	nuc	0.99
PRO	3, 17	777	SER	3, 19	779	nuc	nuc	0.98
LEU	3, 18	778	SER	3, 19	779	nuc	nuc	1
HIS	3, 14	774	ALA	3, 20	780	nuc	nuc	0.97
SER	3, 19	779	ALA	3, 20	780	nuc	nuc	1
SER	3, 13	773	LEU	3, 21	781	nuc	nuc	0.72
HIS	3, 14	774	LEU	3, 21	781	nuc	nuc	0.99
ALA	3, 20	780	LEU	3, 21	781	nuc	nuc	1
SER	3, 13	773	ASP	3, 22	782	nuc	nuc	0.99
HIS	3, 14	774	ASP	3, 22	782	nuc	nuc	0.93
ALA	3, 20	780	ASP	3, 22	782	nuc	nuc	0.76
LEU	3, 21	781	ASP	3, 22	782	nuc	nuc	1
LEU	3, 21	781	HIS	3, 23	783	nuc	nuc	0.99
ASP	3, 22	782	HIS	3, 23	783	nuc	nuc	1
ASP	3, 22	782	SER	3, 24	784	nuc	nuc	1
HIS	3, 23	783	SER	3, 24	784	nuc	nuc	1
SER	3, 13	773	SER	3, 25	785	nuc	nuc	0.82
LEU	3, 21	781	SER	3, 25	785	nuc	nuc	0.77
ASP	3, 22	782	SER	3, 25	785	nuc	nuc	1
HIS	3, 23	783	SER	3, 25	785	nuc	nuc	0.99
SER	3, 24	784	SER	3, 25	785	nuc	nuc	1
LEU	3, 21	781	VAL	3, 26	786	nuc	nuc	0.99
ASP	3, 22	782	VAL	3, 26	786	nuc	nuc	0.99
HIS	3, 23	783	VAL	3, 26	786	nuc	nuc	1
SER	3, 24	784	VAL	3, 26	786	nuc	nuc	0.99
SER	3, 25	785	VAL	3, 26	786	nuc	nuc	1
HIS	3, 23	783	ARG	3, 27	787	nuc	nuc	0.99
SER	3, 24	784	ARG	3, 27	787	nuc	nuc	1
SER	3, 25	785	ARG	3, 27	787	nuc	nuc	0.99
VAL	3, 26	786	ARG	3, 27	787	nuc	nuc	1
SER	3, 24	784	ARG	3, 28	788	nuc	nuc	0.98
SER	3, 25	785	ARG	3, 28	788	nuc	nuc	1
VAL	3, 26	786	ARG	3, 28	788	nuc	nuc	0.98
ARG	3, 27	787	ARG	3, 28	788	nuc	nuc	1
SER	3, 25	785	GLY	3, 29	789	nuc	nuc	0.99
VAL	3, 26	786	GLY	3, 29	789	nuc	nuc	1
ARG	3, 27	787	GLY	3, 29	789	nuc	nuc	1
ARG	3, 28	788	GLY	3, 29	789	nuc	nuc	1
VAL	3, 26	786	PHE	3, 30	790	nuc	nuc	0.99
ARG	3, 27	787	PHE	3, 30	790	nuc	nuc	1
ARG	3, 28	788	PHE	3, 30	790	nuc	nuc	0.99
GLY	3, 29	789	PHE	3, 30	790	nuc	nuc	1
ARG	3, 27	787	GLN	3, 31	791	nuc	nuc	0.95
ARG	3, 28	788	GLN	3, 31	791	nuc	nuc	1
GLY	3, 29	789	GLN	3, 31	791	nuc	nuc	1
PHE	3, 30	790	GLN	3, 31	791	nuc	nuc	1
ARG	3, 28	788	VAL	3, 32	792	nuc	nuc	0.98
GLY	3, 29	789	VAL	3, 32	792	nuc	nuc	1
PHE	3, 30	790	VAL	3, 32	792	nuc	nuc	0.99
GLN	3, 31	791	VAL	3, 32	792	nuc	nuc	1
GLY	3, 29	789	TYR	3, 33	793	nuc	nuc	1
PHE	3, 30	790	TYR	3, 33	793	nuc	nuc	1
GLN	3, 31	791	TYR	3, 33	793	nuc	nuc	0.99
VAL	3, 32	792	TYR	3, 33	793	nuc	nuc	1
PHE	3, 30	790	LYS	3, 34	794	nuc	nuc	0.99
GLN	3, 31	791	LYS	3, 34	794	nuc	nuc	1
VAL	3, 32	792	LYS	3, 34	794	nuc	nuc	0.97
TYR	3, 33	793	LYS	3, 34	794	nuc	nuc	1
GLN	3, 31	791	GLN	3, 35	795	nuc	nuc	0.99
VAL	3, 32	792	GLN	3, 35	795	nuc	nuc	0.99
TYR	3, 33	793	GLN	3, 35	795	nuc	nuc	0.75
LYS	3, 34	794	GLN	3, 35	795	nuc	nuc	1
VAL	3, 32	792	VAL	3, 36	796	nuc	nuc	0.99
TYR	3, 33	793	VAL	3, 36	796	nuc	nuc	0.95
GLN	3, 35	795	VAL	3, 36	796	nuc	nuc	1
VAL	3, 32	792	CYS	3, 37	797	nuc	nuc	0.96
TYR	3, 33	793	CYS	3, 37	797	nuc	nuc	1
LYS	3, 34	794	CYS	3, 37	797	nuc	nuc	0.51
VAL	3, 36	796	CYS	3, 37	797	nuc	nuc	1
TYR	3, 33	793	SER	3, 38	798	nuc	nuc	0.99
LYS	3, 34	794	SER	3, 38	798	nuc	nuc	0.99
GLN	3, 35	795	SER	3, 38	798	nuc	nuc	0.88
VAL	3, 36	796	SER	3, 38	798	nuc	nuc	0.83
CYS	3, 37	797	SER	3, 38	798	nuc	nuc	1
VAL	3, 36	796	ALA	3, 39	799	nuc	nuc	0.79
CYS	3, 37	797	ALA	3, 39	799	nuc	nuc	0.96
SER	3, 38	798	ALA	3, 39	799	nuc	nuc	1
CYS	3, 37	797	CYS	3, 40	800	nuc	nuc	0.97
SER	3, 38	798	CYS	3, 40	800	nuc	nuc	0.67
ALA	3, 39	799	CYS	3, 40	800	nuc	nuc	1
CYS	3, 37	797	HIS	3, 41	801	nuc	nuc	0.99
SER	3, 38	798	HIS	3, 41	801	nuc	nuc	0.94
CYS	3, 40	800	HIS	3, 41	801	nuc	nuc	1
HIS	3, 41	801	SER	3, 42	802	nuc	nuc	1
TYR	3, 33	793	MET	3, 43	803	nuc	nuc	0.94
SER	3, 38	798	MET	3, 43	803	nuc	nuc	0.69
HIS	3, 41	801	MET	3, 43	803	nuc	nuc	0.98
SER	3, 42	802	MET	3, 43	803	nuc	nuc	1
SER	3, 42	802	ASP	3, 44	804	nuc	nuc	1
MET	3, 43	803	ASP	3, 44	804	nuc	nuc	1
SER	1, 65	65	TYR	3, 45	805	mit	nuc	0.6
ALA	1, 68	68	TYR	3, 45	805	mit	nuc	0.99
ARG	1, 72	72	TYR	3, 45	805	mit	nuc	0.98
MET	3, 43	803	TYR	3, 45	805	nuc	nuc	0.99
ASP	3, 44	804	TYR	3, 45	805	nuc	nuc	1
MET	3, 43	803	VAL	3, 46	806	nuc	nuc	1
ASP	3, 44	804	VAL	3, 46	806	nuc	nuc	0.64
TYR	3, 45	805	VAL	3, 46	806	nuc	nuc	1
VAL	3, 46	806	ALA	3, 47	807	nuc	nuc	1
ALA	3, 47	807	PHE	3, 48	808	nuc	nuc	1
ALA	3, 47	807	ARG	3, 49	809	nuc	nuc	1
PHE	3, 48	808	ARG	3, 49	809	nuc	nuc	1
ARG	1, 72	72	ASN	3, 50	810	mit	nuc	0.6
VAL	3, 46	806	ASN	3, 50	810	nuc	nuc	0.98
ALA	3, 47	807	ASN	3, 50	810	nuc	nuc	0.99
PHE	3, 48	808	ASN	3, 50	810	nuc	nuc	0.98
ARG	3, 49	809	ASN	3, 50	810	nuc	nuc	1
PHE	3, 30	790	LEU	3, 51	811	nuc	nuc	0.95
PHE	3, 48	808	LEU	3, 51	811	nuc	nuc	0.99
ARG	3, 49	809	LEU	3, 51	811	nuc	nuc	0.98
ASN	3, 50	810	LEU	3, 51	811	nuc	nuc	1
ARG	3, 49	809	ILE	3, 52	812	nuc	nuc	0.98
ASN	3, 50	810	ILE	3, 52	812	nuc	nuc	0.96
LEU	3, 51	811	ILE	3, 52	812	nuc	nuc	1
LEU	3, 51	811	GLY	3, 53	813	nuc	nuc	0.99
ILE	3, 52	812	GLY	3, 53	813	nuc	nuc	1
HIS	3, 23	783	VAL	3, 54	814	nuc	nuc	0.96
VAL	3, 26	786	VAL	3, 54	814	nuc	nuc	0.91
ASN	3, 50	810	VAL	3, 54	814	nuc	nuc	0.9
LEU	3, 51	811	VAL	3, 54	814	nuc	nuc	0.98
ILE	3, 52	812	VAL	3, 54	814	nuc	nuc	0.97
GLY	3, 53	813	VAL	3, 54	814	nuc	nuc	1
HIS	3, 23	783	THR	3, 55	815	nuc	nuc	0.98
VAL	3, 26	786	THR	3, 55	815	nuc	nuc	0.98
ARG	3, 27	787	THR	3, 55	815	nuc	nuc	0.99
PHE	3, 30	790	THR	3, 55	815	nuc	nuc	0.97
LEU	3, 51	811	THR	3, 55	815	nuc	nuc	0.97
GLY	3, 53	813	THR	3, 55	815	nuc	nuc	0.96
VAL	3, 54	814	THR	3, 55	815	nuc	nuc	1
ARG	3, 27	787	HIS	3, 56	816	nuc	nuc	0.88
LEU	3, 51	811	HIS	3, 56	816	nuc	nuc	0.98
ILE	3, 52	812	HIS	3, 56	816	nuc	nuc	0.95
GLY	3, 53	813	HIS	3, 56	816	nuc	nuc	0.88
VAL	3, 54	814	HIS	3, 56	816	nuc	nuc	0.86
THR	3, 55	815	HIS	3, 56	816	nuc	nuc	1
ILE	3, 52	812	THR	3, 57	817	nuc	nuc	0.91
GLY	3, 53	813	THR	3, 57	817	nuc	nuc	0.8
HIS	3, 56	816	THR	3, 57	817	nuc	nuc	1
ILE	3, 52	812	GLU	3, 58	818	nuc	nuc	0.98
THR	3, 57	817	GLU	3, 58	818	nuc	nuc	1
THR	3, 57	817	ALA	3, 59	819	nuc	nuc	1
GLU	3, 58	818	ALA	3, 59	819	nuc	nuc	1
HIS	3, 56	816	GLU	3, 60	820	nuc	nuc	0.98
THR	3, 57	817	GLU	3, 60	820	nuc	nuc	0.99
GLU	3, 58	818	GLU	3, 60	820	nuc	nuc	0.96
ALA	3, 59	819	GLU	3, 60	820	nuc	nuc	1
PHE	3, 48	808	ALA	3, 61	821	nuc	nuc	0.99
ARG	3, 49	809	ALA	3, 61	821	nuc	nuc	0.89
LEU	3, 51	811	ALA	3, 61	821	nuc	nuc	0.99
ILE	3, 52	812	ALA	3, 61	821	nuc	nuc	0.98
HIS	3, 56	816	ALA	3, 61	821	nuc	nuc	0.99
THR	3, 57	817	ALA	3, 61	821	nuc	nuc	0.98
GLU	3, 58	818	ALA	3, 61	821	nuc	nuc	0.99
ALA	3, 59	819	ALA	3, 61	821	nuc	nuc	0.98
GLU	3, 60	820	ALA	3, 61	821	nuc	nuc	1
GLU	3, 58	818	LYS	3, 62	822	nuc	nuc	0.99
ALA	3, 59	819	LYS	3, 62	822	nuc	nuc	0.99
GLU	3, 60	820	LYS	3, 62	822	nuc	nuc	0.99
ALA	3, 61	821	LYS	3, 62	822	nuc	nuc	1
ALA	3, 59	819	ALA	3, 63	823	nuc	nuc	0.97
GLU	3, 60	820	ALA	3, 63	823	nuc	nuc	0.99
ALA	3, 61	821	ALA	3, 63	823	nuc	nuc	0.99
LYS	3, 62	822	ALA	3, 63	823	nuc	nuc	1
PHE	3, 48	808	LEU	3, 64	824	nuc	nuc	0.97
LEU	3, 51	811	LEU	3, 64	824	nuc	nuc	0.75
HIS	3, 56	816	LEU	3, 64	824	nuc	nuc	0.91
GLU	3, 60	820	LEU	3, 64	824	nuc	nuc	0.98
ALA	3, 61	821	LEU	3, 64	824	nuc	nuc	1
LYS	3, 62	822	LEU	3, 64	824	nuc	nuc	0.98
ALA	3, 63	823	LEU	3, 64	824	nuc	nuc	1
PHE	3, 48	808	ALA	3, 65	825	nuc	nuc	0.99
ALA	3, 61	821	ALA	3, 65	825	nuc	nuc	0.99
LYS	3, 62	822	ALA	3, 65	825	nuc	nuc	1
ALA	3, 63	823	ALA	3, 65	825	nuc	nuc	0.98
LEU	3, 64	824	ALA	3, 65	825	nuc	nuc	1
LYS	3, 62	822	GLU	3, 66	826	nuc	nuc	0.98
ALA	3, 63	823	GLU	3, 66	826	nuc	nuc	0.99
LEU	3, 64	824	GLU	3, 66	826	nuc	nuc	0.97
ALA	3, 65	825	GLU	3, 66	826	nuc	nuc	1
ALA	3, 63	823	GLU	3, 67	827	nuc	nuc	0.92
LEU	3, 64	824	GLU	3, 67	827	nuc	nuc	0.99
ALA	3, 65	825	GLU	3, 67	827	nuc	nuc	0.98
GLU	3, 66	826	GLU	3, 67	827	nuc	nuc	1
LEU	3, 64	824	VAL	3, 68	828	nuc	nuc	0.54
ALA	3, 65	825	VAL	3, 68	828	nuc	nuc	0.96
GLU	3, 66	826	VAL	3, 68	828	nuc	nuc	0.76
GLU	3, 67	827	VAL	3, 68	828	nuc	nuc	1
VAL	3, 68	828	GLU	3, 69	829	nuc	nuc	1
VAL	3, 68	828	VAL	3, 70	830	nuc	nuc	0.99
GLU	3, 69	829	VAL	3, 70	830	nuc	nuc	1
GLU	3, 69	829	GLN	3, 71	831	nuc	nuc	0.55
VAL	3, 70	830	GLN	3, 71	831	nuc	nuc	1
VAL	3, 70	830	ASP	3, 72	832	nuc	nuc	0.98
GLN	3, 71	831	ASP	3, 72	832	nuc	nuc	1
GLN	3, 71	831	GLY	3, 73	833	nuc	nuc	0.91
ASP	3, 72	832	GLY	3, 73	833	nuc	nuc	1
GLY	3, 73	833	PRO	3, 74	834	nuc	nuc	1
GLY	3, 73	833	ASP	3, 75	835	nuc	nuc	0.96
PRO	3, 74	834	ASP	3, 75	835	nuc	nuc	1
ASP	3, 75	835	GLU	3, 76	836	nuc	nuc	1
ASP	3, 75	835	ASN	3, 77	837	nuc	nuc	0.98
GLU	3, 76	836	ASN	3, 77	837	nuc	nuc	1
GLY	3, 73	833	GLY	3, 78	838	nuc	nuc	0.59
PRO	3, 74	834	GLY	3, 78	838	nuc	nuc	0.89
ASP	3, 75	835	GLY	3, 78	838	nuc	nuc	0.99
GLU	3, 76	836	GLY	3, 78	838	nuc	nuc	0.97
ASN	3, 77	837	GLY	3, 78	838	nuc	nuc	1
PRO	3, 74	834	GLU	3, 79	839	nuc	nuc	0.88
ASP	3, 75	835	GLU	3, 79	839	nuc	nuc	0.93
ASN	3, 77	837	GLU	3, 79	839	nuc	nuc	0.97
GLY	3, 78	838	GLU	3, 79	839	nuc	nuc	1
GLN	3, 71	831	LEU	3, 80	840	nuc	nuc	0.94
ASP	3, 72	832	LEU	3, 80	840	nuc	nuc	0.84
GLY	3, 73	833	LEU	3, 80	840	nuc	nuc	0.95
PRO	3, 74	834	LEU	3, 80	840	nuc	nuc	0.94
GLY	3, 78	838	LEU	3, 80	840	nuc	nuc	0.82
GLU	3, 79	839	LEU	3, 80	840	nuc	nuc	1
GLN	3, 71	831	PHE	3, 81	841	nuc	nuc	0.79
ASP	3, 72	832	PHE	3, 81	841	nuc	nuc	0.94
GLY	3, 73	833	PHE	3, 81	841	nuc	nuc	0.94
ASP	3, 75	835	PHE	3, 81	841	nuc	nuc	0.93
GLU	3, 79	839	PHE	3, 81	841	nuc	nuc	0.95
LEU	3, 80	840	PHE	3, 81	841	nuc	nuc	1
GLU	3, 69	829	MET	3, 82	842	nuc	nuc	0.98
VAL	3, 70	830	MET	3, 82	842	nuc	nuc	0.92
GLN	3, 71	831	MET	3, 82	842	nuc	nuc	0.97
ASP	3, 72	832	MET	3, 82	842	nuc	nuc	0.75
PHE	3, 81	841	MET	3, 82	842	nuc	nuc	1
GLU	3, 69	829	ARG	3, 83	843	nuc	nuc	0.91
VAL	3, 70	830	ARG	3, 83	843	nuc	nuc	0.96
ASP	3, 72	832	ARG	3, 83	843	nuc	nuc	0.95
PHE	3, 81	841	ARG	3, 83	843	nuc	nuc	0.99
MET	3, 82	842	ARG	3, 83	843	nuc	nuc	1
ALA	3, 65	825	PRO	3, 84	844	nuc	nuc	0.56
GLU	3, 66	826	PRO	3, 84	844	nuc	nuc	0.98
VAL	3, 68	828	PRO	3, 84	844	nuc	nuc	0.62
GLU	3, 69	829	PRO	3, 84	844	nuc	nuc	0.96
VAL	3, 70	830	PRO	3, 84	844	nuc	nuc	0.65
ARG	3, 83	843	PRO	3, 84	844	nuc	nuc	1
ALA	3, 65	825	GLY	3, 85	845	nuc	nuc	0.99
GLU	3, 66	826	GLY	3, 85	845	nuc	nuc	0.98
VAL	3, 68	828	GLY	3, 85	845	nuc	nuc	0.97
GLU	3, 69	829	GLY	3, 85	845	nuc	nuc	0.91
VAL	3, 70	830	GLY	3, 85	845	nuc	nuc	0.98
ARG	3, 83	843	GLY	3, 85	845	nuc	nuc	1
PRO	3, 84	844	GLY	3, 85	845	nuc	nuc	1
PHE	3, 48	808	LYS	3, 86	846	nuc	nuc	0.59
LYS	3, 62	822	LYS	3, 86	846	nuc	nuc	0.52
ALA	3, 65	825	LYS	3, 86	846	nuc	nuc	0.99
PRO	3, 84	844	LYS	3, 86	846	nuc	nuc	0.82
GLY	3, 85	845	LYS	3, 86	846	nuc	nuc	1
ALA	3, 47	807	ILE	3, 87	847	nuc	nuc	0.76
PHE	3, 48	808	ILE	3, 87	847	nuc	nuc	0.99
ARG	3, 49	809	ILE	3, 87	847	nuc	nuc	0.98
ILE	3, 52	812	ILE	3, 87	847	nuc	nuc	0.78
GLU	3, 58	818	ILE	3, 87	847	nuc	nuc	0.66
ALA	3, 61	821	ILE	3, 87	847	nuc	nuc	0.97
LYS	3, 62	822	ILE	3, 87	847	nuc	nuc	0.98
ALA	3, 65	825	ILE	3, 87	847	nuc	nuc	0.98
LYS	3, 86	846	ILE	3, 87	847	nuc	nuc	1
ALA	3, 47	807	SER	3, 88	848	nuc	nuc	0.97
PHE	3, 48	808	SER	3, 88	848	nuc	nuc	0.71
ARG	3, 49	809	SER	3, 88	848	nuc	nuc	0.98
LYS	3, 86	846	SER	3, 88	848	nuc	nuc	1
ILE	3, 87	847	SER	3, 88	848	nuc	nuc	1
ALA	3, 47	807	ASP	3, 89	849	nuc	nuc	0.98
PHE	3, 48	808	ASP	3, 89	849	nuc	nuc	0.97
ALA	3, 65	825	ASP	3, 89	849	nuc	nuc	0.95
VAL	3, 68	828	ASP	3, 89	849	nuc	nuc	0.57
VAL	3, 70	830	ASP	3, 89	849	nuc	nuc	0.97
GLY	3, 85	845	ASP	3, 89	849	nuc	nuc	0.99
LYS	3, 86	846	ASP	3, 89	849	nuc	nuc	0.99
ILE	3, 87	847	ASP	3, 89	849	nuc	nuc	0.97
SER	3, 88	848	ASP	3, 89	849	nuc	nuc	1
ASP	3, 44	804	TYR	3, 90	850	nuc	nuc	0.99
TYR	3, 45	805	TYR	3, 90	850	nuc	nuc	0.91
VAL	3, 46	806	TYR	3, 90	850	nuc	nuc	0.98
ALA	3, 47	807	TYR	3, 90	850	nuc	nuc	1
ASP	3, 89	849	TYR	3, 90	850	nuc	nuc	1
SER	3, 38	798	PHE	3, 91	851	nuc	nuc	0.87
SER	3, 42	802	PHE	3, 91	851	nuc	nuc	0.82
MET	3, 43	803	PHE	3, 91	851	nuc	nuc	1
ASP	3, 44	804	PHE	3, 91	851	nuc	nuc	0.9
VAL	3, 46	806	PHE	3, 91	851	nuc	nuc	0.99
ALA	3, 47	807	PHE	3, 91	851	nuc	nuc	0.96
PHE	3, 48	808	PHE	3, 91	851	nuc	nuc	0.86
TYR	3, 90	850	PHE	3, 91	851	nuc	nuc	1
SER	3, 38	798	PRO	3, 92	852	nuc	nuc	0.76
VAL	3, 68	828	PRO	3, 92	852	nuc	nuc	0.98
VAL	3, 70	830	PRO	3, 92	852	nuc	nuc	0.93
TYR	3, 90	850	PRO	3, 92	852	nuc	nuc	0.84
PHE	3, 91	851	PRO	3, 92	852	nuc	nuc	1
SER	3, 42	802	LYS	3, 93	853	nuc	nuc	1
ASP	3, 44	804	LYS	3, 93	853	nuc	nuc	0.96
PHE	3, 91	851	LYS	3, 93	853	nuc	nuc	0.59
PRO	3, 92	852	LYS	3, 93	853	nuc	nuc	1
SER	3, 38	798	PRO	3, 94	854	nuc	nuc	0.97
ALA	3, 39	799	PRO	3, 94	854	nuc	nuc	0.98
CYS	3, 40	800	PRO	3, 94	854	nuc	nuc	0.98
HIS	3, 41	801	PRO	3, 94	854	nuc	nuc	0.92
SER	3, 42	802	PRO	3, 94	854	nuc	nuc	0.99
PRO	3, 92	852	PRO	3, 94	854	nuc	nuc	0.92
LYS	3, 93	853	PRO	3, 94	854	nuc	nuc	1
LYS	3, 93	853	TYR	3, 95	855	nuc	nuc	0.99
PRO	3, 94	854	TYR	3, 95	855	nuc	nuc	1
LYS	3, 93	853	PRO	3, 96	856	nuc	nuc	0.9
TYR	3, 95	855	PRO	3, 96	856	nuc	nuc	1
TYR	3, 95	855	ASN	3, 97	857	nuc	nuc	0.98
PRO	3, 96	856	ASN	3, 97	857	nuc	nuc	1
TYR	3, 95	855	PRO	3, 98	858	nuc	nuc	0.7
ASN	3, 97	857	PRO	3, 98	858	nuc	nuc	1
ASN	3, 97	857	GLU	3, 99	859	nuc	nuc	1
PRO	3, 98	858	GLU	3, 99	859	nuc	nuc	1
TYR	3, 95	855	ALA	3, 100	860	nuc	nuc	0.99
PRO	3, 96	856	ALA	3, 100	860	nuc	nuc	0.99
ASN	3, 97	857	ALA	3, 100	860	nuc	nuc	0.99
PRO	3, 98	858	ALA	3, 100	860	nuc	nuc	0.98
GLU	3, 99	859	ALA	3, 100	860	nuc	nuc	1
PRO	3, 94	854	ALA	3, 101	861	nuc	nuc	0.84
TYR	3, 95	855	ALA	3, 101	861	nuc	nuc	0.99
ASN	3, 97	857	ALA	3, 101	861	nuc	nuc	0.93
PRO	3, 98	858	ALA	3, 101	861	nuc	nuc	1
GLU	3, 99	859	ALA	3, 101	861	nuc	nuc	0.99
ALA	3, 100	860	ALA	3, 101	861	nuc	nuc	1
PRO	3, 98	858	ARG	3, 102	862	nuc	nuc	0.98
GLU	3, 99	859	ARG	3, 102	862	nuc	nuc	1
ALA	3, 100	860	ARG	3, 102	862	nuc	nuc	0.98
ALA	3, 101	861	ARG	3, 102	862	nuc	nuc	1
GLU	3, 99	859	ALA	3, 103	863	nuc	nuc	0.97
ALA	3, 100	860	ALA	3, 103	863	nuc	nuc	0.99
ALA	3, 101	861	ALA	3, 103	863	nuc	nuc	0.98
ARG	3, 102	862	ALA	3, 103	863	nuc	nuc	1
TYR	3, 95	855	ALA	3, 104	864	nuc	nuc	0.95
ALA	3, 100	860	ALA	3, 104	864	nuc	nuc	0.97
ALA	3, 101	861	ALA	3, 104	864	nuc	nuc	0.99
ARG	3, 102	862	ALA	3, 104	864	nuc	nuc	0.95
ALA	3, 103	863	ALA	3, 104	864	nuc	nuc	1
CYS	3, 40	800	ASN	3, 105	865	nuc	nuc	0.92
ALA	3, 101	861	ASN	3, 105	865	nuc	nuc	0.97
ARG	3, 102	862	ASN	3, 105	865	nuc	nuc	0.97
ALA	3, 103	863	ASN	3, 105	865	nuc	nuc	0.67
ALA	3, 104	864	ASN	3, 105	865	nuc	nuc	1
ASN	3, 105	865	ASN	3, 106	866	nuc	nuc	1
ARG	3, 102	862	GLY	3, 107	867	nuc	nuc	0.99
ALA	3, 103	863	GLY	3, 107	867	nuc	nuc	0.92
ASN	3, 105	865	GLY	3, 107	867	nuc	nuc	1
ASN	3, 106	866	GLY	3, 107	867	nuc	nuc	1
ARG	3, 102	862	ALA	3, 108	868	nuc	nuc	0.98
ASN	3, 105	865	ALA	3, 108	868	nuc	nuc	0.98
ASN	3, 106	866	ALA	3, 108	868	nuc	nuc	0.98
GLY	3, 107	867	ALA	3, 108	868	nuc	nuc	1
PRO	3, 98	858	LEU	3, 109	869	nuc	nuc	0.97
ALA	3, 101	861	LEU	3, 109	869	nuc	nuc	0.98
ARG	3, 102	862	LEU	3, 109	869	nuc	nuc	0.99
ASN	3, 105	865	LEU	3, 109	869	nuc	nuc	0.85
GLY	3, 107	867	LEU	3, 109	869	nuc	nuc	0.98
ALA	3, 108	868	LEU	3, 109	869	nuc	nuc	1
CYS	3, 40	800	PRO	3, 110	870	nuc	nuc	0.99
HIS	3, 41	801	PRO	3, 110	870	nuc	nuc	0.99
SER	3, 42	802	PRO	3, 110	870	nuc	nuc	0.66
ALA	3, 101	861	PRO	3, 110	870	nuc	nuc	0.98
ASN	3, 105	865	PRO	3, 110	870	nuc	nuc	0.98
ALA	3, 108	868	PRO	3, 110	870	nuc	nuc	0.98
LEU	3, 109	869	PRO	3, 110	870	nuc	nuc	1
THR	1, 258	258	PRO	3, 111	871	mit	nuc	0.55
HIS	3, 41	801	PRO	3, 111	871	nuc	nuc	0.96
LEU	3, 109	869	PRO	3, 111	871	nuc	nuc	0.99
PRO	3, 110	870	PRO	3, 111	871	nuc	nuc	1
HIS	3, 41	801	ASP	3, 112	872	nuc	nuc	0.97
SER	3, 42	802	ASP	3, 112	872	nuc	nuc	0.99
MET	3, 43	803	ASP	3, 112	872	nuc	nuc	0.99
ASP	3, 44	804	ASP	3, 112	872	nuc	nuc	0.99
PRO	3, 111	871	ASP	3, 112	872	nuc	nuc	1
TYR	3, 33	793	LEU	3, 113	873	nuc	nuc	0.87
CYS	3, 37	797	LEU	3, 113	873	nuc	nuc	0.96
HIS	3, 41	801	LEU	3, 113	873	nuc	nuc	1
SER	3, 42	802	LEU	3, 113	873	nuc	nuc	0.94
MET	3, 43	803	LEU	3, 113	873	nuc	nuc	0.99
PRO	3, 111	871	LEU	3, 113	873	nuc	nuc	0.99
ASP	3, 112	872	LEU	3, 113	873	nuc	nuc	1
ALA	1, 68	68	SER	3, 114	874	mit	nuc	0.52
MET	3, 43	803	SER	3, 114	874	nuc	nuc	1
ASP	3, 44	804	SER	3, 114	874	nuc	nuc	0.99
TYR	3, 45	805	SER	3, 114	874	nuc	nuc	1
VAL	3, 46	806	SER	3, 114	874	nuc	nuc	0.99
ASP	3, 112	872	SER	3, 114	874	nuc	nuc	1
LEU	3, 113	873	SER	3, 114	874	nuc	nuc	1
PHE	1, 257	257	TYR	3, 115	875	mit	nuc	0.99
THR	1, 258	258	TYR	3, 115	875	mit	nuc	0.78
TYR	3, 45	805	TYR	3, 115	875	nuc	nuc	0.76
ASP	3, 112	872	TYR	3, 115	875	nuc	nuc	0.92
LEU	3, 113	873	TYR	3, 115	875	nuc	nuc	0.51
SER	3, 114	874	TYR	3, 115	875	nuc	nuc	1
PRO	3, 111	871	ILE	3, 116	876	nuc	nuc	0.99
ASP	3, 112	872	ILE	3, 116	876	nuc	nuc	0.88
LEU	3, 113	873	ILE	3, 116	876	nuc	nuc	1
SER	3, 114	874	ILE	3, 116	876	nuc	nuc	0.97
TYR	3, 115	875	ILE	3, 116	876	nuc	nuc	1
TYR	3, 115	875	VAL	3, 117	877	nuc	nuc	0.97
ILE	3, 116	876	VAL	3, 117	877	nuc	nuc	1
ASN	1, 249	249	ASN	3, 118	878	mit	nuc	0.94
PRO	1, 254	254	ASN	3, 118	878	mit	nuc	0.91
PHE	1, 257	257	ASN	3, 118	878	mit	nuc	0.98
TYR	3, 115	875	ASN	3, 118	878	nuc	nuc	1
ILE	3, 116	876	ASN	3, 118	878	nuc	nuc	0.96
VAL	3, 117	877	ASN	3, 118	878	nuc	nuc	1
PRO	1, 254	254	ALA	3, 119	879	mit	nuc	0.95
GLU	1, 255	255	ALA	3, 119	879	mit	nuc	0.89
PHE	1, 257	257	ALA	3, 119	879	mit	nuc	0.99
THR	1, 258	258	ALA	3, 119	879	mit	nuc	0.99
PRO	3, 111	871	ALA	3, 119	879	nuc	nuc	0.54
TYR	3, 115	875	ALA	3, 119	879	nuc	nuc	1
ILE	3, 116	876	ALA	3, 119	879	nuc	nuc	1
VAL	3, 117	877	ALA	3, 119	879	nuc	nuc	0.98
ASN	3, 118	878	ALA	3, 119	879	nuc	nuc	1
PRO	1, 254	254	ARG	3, 120	880	mit	nuc	0.92
ILE	3, 116	876	ARG	3, 120	880	nuc	nuc	0.98
VAL	3, 117	877	ARG	3, 120	880	nuc	nuc	0.95
ALA	3, 119	879	ARG	3, 120	880	nuc	nuc	1
PRO	1, 254	254	HIS	3, 121	881	mit	nuc	0.96
ARG	3, 120	880	HIS	3, 121	881	nuc	nuc	1
PRO	3, 7	767	GLY	3, 122	882	nuc	nuc	0.98
ARG	3, 120	880	GLY	3, 122	882	nuc	nuc	1
HIS	3, 121	881	GLY	3, 122	882	nuc	nuc	1
VAL	3, 117	877	GLY	3, 123	883	nuc	nuc	1
ASN	3, 118	878	GLY	3, 123	883	nuc	nuc	0.92
ARG	3, 120	880	GLY	3, 123	883	nuc	nuc	0.98
HIS	3, 121	881	GLY	3, 123	883	nuc	nuc	0.99
GLY	3, 122	882	GLY	3, 123	883	nuc	nuc	1
PHE	3, 10	770	GLU	3, 124	884	nuc	nuc	0.7
TRP	3, 12	772	GLU	3, 124	884	nuc	nuc	0.98
VAL	3, 117	877	GLU	3, 124	884	nuc	nuc	0.99
GLY	3, 122	882	GLU	3, 124	884	nuc	nuc	0.96
GLY	3, 123	883	GLU	3, 124	884	nuc	nuc	1
PRO	3, 7	767	ASP	3, 125	885	nuc	nuc	1
PRO	3, 8	768	ASP	3, 125	885	nuc	nuc	0.98
ALA	3, 9	769	ASP	3, 125	885	nuc	nuc	0.99
PHE	3, 10	770	ASP	3, 125	885	nuc	nuc	0.99
GLY	3, 122	882	ASP	3, 125	885	nuc	nuc	1
GLY	3, 123	883	ASP	3, 125	885	nuc	nuc	1
GLU	3, 124	884	ASP	3, 125	885	nuc	nuc	1
PRO	3, 7	767	TYR	3, 126	886	nuc	nuc	0.99
ARG	3, 120	880	TYR	3, 126	886	nuc	nuc	1
HIS	3, 121	881	TYR	3, 126	886	nuc	nuc	0.99
GLY	3, 122	882	TYR	3, 126	886	nuc	nuc	1
GLY	3, 123	883	TYR	3, 126	886	nuc	nuc	1
GLU	3, 124	884	TYR	3, 126	886	nuc	nuc	0.99
ASP	3, 125	885	TYR	3, 126	886	nuc	nuc	1
ILE	3, 116	876	VAL	3, 127	887	nuc	nuc	0.97
VAL	3, 117	877	VAL	3, 127	887	nuc	nuc	0.98
ARG	3, 120	880	VAL	3, 127	887	nuc	nuc	0.9
GLY	3, 123	883	VAL	3, 127	887	nuc	nuc	0.99
GLU	3, 124	884	VAL	3, 127	887	nuc	nuc	1
ASP	3, 125	885	VAL	3, 127	887	nuc	nuc	0.92
TYR	3, 126	886	VAL	3, 127	887	nuc	nuc	1
PRO	3, 7	767	PHE	3, 128	888	nuc	nuc	0.74
PHE	3, 10	770	PHE	3, 128	888	nuc	nuc	0.98
GLU	3, 124	884	PHE	3, 128	888	nuc	nuc	0.99
ASP	3, 125	885	PHE	3, 128	888	nuc	nuc	1
TYR	3, 126	886	PHE	3, 128	888	nuc	nuc	0.99
VAL	3, 127	887	PHE	3, 128	888	nuc	nuc	1
PRO	3, 7	767	SER	3, 129	889	nuc	nuc	0.99
PRO	3, 8	768	SER	3, 129	889	nuc	nuc	0.94
ASP	3, 125	885	SER	3, 129	889	nuc	nuc	0.99
TYR	3, 126	886	SER	3, 129	889	nuc	nuc	1
VAL	3, 127	887	SER	3, 129	889	nuc	nuc	0.98
PHE	3, 128	888	SER	3, 129	889	nuc	nuc	1
TYR	3, 126	886	LEU	3, 130	890	nuc	nuc	1
VAL	3, 127	887	LEU	3, 130	890	nuc	nuc	1
PHE	3, 128	888	LEU	3, 130	890	nuc	nuc	0.99
SER	3, 129	889	LEU	3, 130	890	nuc	nuc	1
VAL	3, 127	887	LEU	3, 131	891	nuc	nuc	1
PHE	3, 128	888	LEU	3, 131	891	nuc	nuc	1
SER	3, 129	889	LEU	3, 131	891	nuc	nuc	0.95
LEU	3, 130	890	LEU	3, 131	891	nuc	nuc	1
PHE	3, 128	888	THR	3, 132	892	nuc	nuc	0.99
SER	3, 129	889	THR	3, 132	892	nuc	nuc	0.99
LEU	3, 130	890	THR	3, 132	892	nuc	nuc	0.87
LEU	3, 131	891	THR	3, 132	892	nuc	nuc	1
SER	3, 129	889	GLY	3, 133	893	nuc	nuc	0.99
LEU	3, 130	890	GLY	3, 133	893	nuc	nuc	0.99
LEU	3, 131	891	GLY	3, 133	893	nuc	nuc	0.99
THR	3, 132	892	GLY	3, 133	893	nuc	nuc	1
THR	3, 132	892	TYR	3, 134	894	nuc	nuc	0.82
GLY	3, 133	893	TYR	3, 134	894	nuc	nuc	1
GLY	3, 133	893	CYS	3, 135	895	nuc	nuc	1
TYR	3, 134	894	CYS	3, 135	895	nuc	nuc	1
CYS	3, 135	895	ASP	3, 136	896	nuc	nuc	1
CYS	3, 135	895	PRO	3, 137	897	nuc	nuc	0.6
ASP	3, 136	896	PRO	3, 137	897	nuc	nuc	1
ASP	3, 136	896	PRO	3, 138	898	nuc	nuc	0.54
PRO	3, 137	897	PRO	3, 138	898	nuc	nuc	1
PRO	3, 138	898	ALA	3, 139	899	nuc	nuc	1
PRO	3, 137	897	GLY	3, 140	900	nuc	nuc	0.59
PRO	3, 138	898	GLY	3, 140	900	nuc	nuc	1
ALA	3, 139	899	GLY	3, 140	900	nuc	nuc	1
PRO	3, 137	897	VAL	3, 141	901	nuc	nuc	0.97
PRO	3, 138	898	VAL	3, 141	901	nuc	nuc	0.98
ALA	3, 139	899	VAL	3, 141	901	nuc	nuc	0.91
GLY	3, 140	900	VAL	3, 141	901	nuc	nuc	1
PRO	3, 137	897	VAL	3, 142	902	nuc	nuc	0.8
GLY	3, 140	900	VAL	3, 142	902	nuc	nuc	0.99
VAL	3, 141	901	VAL	3, 142	902	nuc	nuc	1
PRO	3, 137	897	VAL	3, 143	903	nuc	nuc	0.95
VAL	3, 141	901	VAL	3, 143	903	nuc	nuc	0.96
VAL	3, 142	902	VAL	3, 143	903	nuc	nuc	1
VAL	3, 142	902	ARG	3, 144	904	nuc	nuc	0.82
VAL	3, 143	903	ARG	3, 144	904	nuc	nuc	1
ARG	3, 144	904	GLU	3, 145	905	nuc	nuc	1
ASN	3, 106	866	GLY	3, 146	906	nuc	nuc	0.94
ARG	3, 144	904	GLY	3, 146	906	nuc	nuc	0.99
GLU	3, 145	905	GLY	3, 146	906	nuc	nuc	1
VAL	3, 143	903	LEU	3, 147	907	nuc	nuc	0.98
ARG	3, 144	904	LEU	3, 147	907	nuc	nuc	0.98
GLU	3, 145	905	LEU	3, 147	907	nuc	nuc	0.92
GLY	3, 146	906	LEU	3, 147	907	nuc	nuc	1
TYR	3, 134	894	HIS	3, 148	908	nuc	nuc	0.96
VAL	3, 143	903	HIS	3, 148	908	nuc	nuc	0.91
GLY	3, 146	906	HIS	3, 148	908	nuc	nuc	0.98
LEU	3, 147	907	HIS	3, 148	908	nuc	nuc	1
TYR	3, 134	894	TYR	3, 149	909	nuc	nuc	0.88
CYS	3, 135	895	TYR	3, 149	909	nuc	nuc	0.97
ASP	3, 136	896	TYR	3, 149	909	nuc	nuc	0.94
PRO	3, 137	897	TYR	3, 149	909	nuc	nuc	0.99
VAL	3, 141	901	TYR	3, 149	909	nuc	nuc	0.81
VAL	3, 143	903	TYR	3, 149	909	nuc	nuc	0.96
LEU	3, 147	907	TYR	3, 149	909	nuc	nuc	0.65
HIS	3, 148	908	TYR	3, 149	909	nuc	nuc	1
LEU	3, 130	890	ASN	3, 150	910	nuc	nuc	0.99
GLY	3, 133	893	ASN	3, 150	910	nuc	nuc	0.99
TYR	3, 134	894	ASN	3, 150	910	nuc	nuc	0.99
CYS	3, 135	895	ASN	3, 150	910	nuc	nuc	0.79
HIS	3, 148	908	ASN	3, 150	910	nuc	nuc	0.99
TYR	3, 149	909	ASN	3, 150	910	nuc	nuc	1
LEU	3, 5	765	PRO	3, 151	911	nuc	nuc	0.98
GLY	3, 133	893	PRO	3, 151	911	nuc	nuc	0.97
CYS	3, 135	895	PRO	3, 151	911	nuc	nuc	0.97
TYR	3, 149	909	PRO	3, 151	911	nuc	nuc	0.94
ASN	3, 150	910	PRO	3, 151	911	nuc	nuc	1
LEU	3, 5	765	TYR	3, 152	912	nuc	nuc	0.99
PRO	3, 7	767	TYR	3, 152	912	nuc	nuc	0.98
TYR	3, 126	886	TYR	3, 152	912	nuc	nuc	0.97
SER	3, 129	889	TYR	3, 152	912	nuc	nuc	1
LEU	3, 130	890	TYR	3, 152	912	nuc	nuc	1
GLY	3, 133	893	TYR	3, 152	912	nuc	nuc	0.98
ASN	3, 150	910	TYR	3, 152	912	nuc	nuc	1
PRO	3, 151	911	TYR	3, 152	912	nuc	nuc	1
LEU	3, 130	890	PHE	3, 153	913	nuc	nuc	0.98
ASN	3, 150	910	PHE	3, 153	913	nuc	nuc	1
PRO	3, 151	911	PHE	3, 153	913	nuc	nuc	0.94
TYR	3, 152	912	PHE	3, 153	913	nuc	nuc	1
PRO	1, 267	267	PRO	3, 154	914	mit	nuc	0.52
GLU	3, 4	764	PRO	3, 154	914	nuc	nuc	0.95
PHE	3, 153	913	PRO	3, 154	914	nuc	nuc	1
GLU	3, 2	762	GLY	3, 155	915	nuc	nuc	0.71
PHE	3, 153	913	GLY	3, 155	915	nuc	nuc	1
PRO	3, 154	914	GLY	3, 155	915	nuc	nuc	1
VAL	3, 141	901	GLN	3, 156	916	nuc	nuc	0.73
TYR	3, 149	909	GLN	3, 156	916	nuc	nuc	0.97
ASN	3, 150	910	GLN	3, 156	916	nuc	nuc	0.94
PRO	3, 151	911	GLN	3, 156	916	nuc	nuc	0.96
PHE	3, 153	913	GLN	3, 156	916	nuc	nuc	0.97
PRO	3, 154	914	GLN	3, 156	916	nuc	nuc	0.67
GLY	3, 155	915	GLN	3, 156	916	nuc	nuc	1
VAL	3, 143	903	ALA	3, 157	917	nuc	nuc	0.95
ARG	3, 144	904	ALA	3, 157	917	nuc	nuc	0.75
LEU	3, 147	907	ALA	3, 157	917	nuc	nuc	0.99
HIS	3, 148	908	ALA	3, 157	917	nuc	nuc	0.94
TYR	3, 149	909	ALA	3, 157	917	nuc	nuc	0.98
ASN	3, 150	910	ALA	3, 157	917	nuc	nuc	0.84
PHE	3, 153	913	ALA	3, 157	917	nuc	nuc	0.94
GLY	3, 155	915	ALA	3, 157	917	nuc	nuc	0.99
GLN	3, 156	916	ALA	3, 157	917	nuc	nuc	1
LEU	3, 147	907	ILE	3, 158	918	nuc	nuc	0.96
HIS	3, 148	908	ILE	3, 158	918	nuc	nuc	0.99
ASN	3, 150	910	ILE	3, 158	918	nuc	nuc	0.99
PHE	3, 153	913	ILE	3, 158	918	nuc	nuc	0.99
ALA	3, 157	917	ILE	3, 158	918	nuc	nuc	1
ASN	3, 105	865	GLY	3, 159	919	nuc	nuc	0.78
ASN	3, 106	866	GLY	3, 159	919	nuc	nuc	0.75
ALA	3, 108	868	GLY	3, 159	919	nuc	nuc	0.99
GLY	3, 146	906	GLY	3, 159	919	nuc	nuc	0.94
LEU	3, 147	907	GLY	3, 159	919	nuc	nuc	0.99
HIS	3, 148	908	GLY	3, 159	919	nuc	nuc	0.98
ALA	3, 157	917	GLY	3, 159	919	nuc	nuc	0.99
ILE	3, 158	918	GLY	3, 159	919	nuc	nuc	1
ALA	3, 108	868	MET	3, 160	920	nuc	nuc	0.73
PRO	3, 110	870	MET	3, 160	920	nuc	nuc	0.7
HIS	3, 148	908	MET	3, 160	920	nuc	nuc	0.93
ILE	3, 158	918	MET	3, 160	920	nuc	nuc	1
GLY	3, 159	919	MET	3, 160	920	nuc	nuc	1
HIS	3, 148	908	ALA	3, 161	921	nuc	nuc	0.96
GLY	3, 159	919	ALA	3, 161	921	nuc	nuc	0.92
MET	3, 160	920	ALA	3, 161	921	nuc	nuc	1
TYR	3, 134	894	PRO	3, 162	922	nuc	nuc	0.98
HIS	3, 148	908	PRO	3, 162	922	nuc	nuc	0.91
ALA	3, 161	921	PRO	3, 162	922	nuc	nuc	1
VAL	3, 36	796	PRO	3, 163	923	nuc	nuc	0.95
CYS	3, 37	797	PRO	3, 163	923	nuc	nuc	0.84
LEU	3, 131	891	PRO	3, 163	923	nuc	nuc	0.93
MET	3, 160	920	PRO	3, 163	923	nuc	nuc	0.95
ALA	3, 161	921	PRO	3, 163	923	nuc	nuc	0.98
PRO	3, 162	922	PRO	3, 163	923	nuc	nuc	1
VAL	3, 32	792	ILE	3, 164	924	nuc	nuc	0.53
VAL	3, 36	796	ILE	3, 164	924	nuc	nuc	0.91
LEU	3, 131	891	ILE	3, 164	924	nuc	nuc	0.99
PRO	3, 162	922	ILE	3, 164	924	nuc	nuc	0.96
PRO	3, 163	923	ILE	3, 164	924	nuc	nuc	1
PRO	3, 162	922	TYR	3, 165	925	nuc	nuc	0.93
ILE	3, 164	924	TYR	3, 165	925	nuc	nuc	1
TYR	3, 165	925	ASN	3, 166	926	nuc	nuc	1
TYR	3, 165	925	GLU	3, 167	927	nuc	nuc	0.79
ASN	3, 166	926	GLU	3, 167	927	nuc	nuc	1
VAL	3, 36	796	ILE	3, 168	928	nuc	nuc	0.96
ILE	3, 164	924	ILE	3, 168	928	nuc	nuc	0.93
TYR	3, 165	925	ILE	3, 168	928	nuc	nuc	0.98
ASN	3, 166	926	ILE	3, 168	928	nuc	nuc	0.92
GLU	3, 167	927	ILE	3, 168	928	nuc	nuc	1
GLN	3, 31	791	LEU	3, 169	929	nuc	nuc	0.92
VAL	3, 32	792	LEU	3, 169	929	nuc	nuc	0.97
GLN	3, 35	795	LEU	3, 169	929	nuc	nuc	0.98
VAL	3, 36	796	LEU	3, 169	929	nuc	nuc	0.9
GLU	3, 167	927	LEU	3, 169	929	nuc	nuc	0.69
ILE	3, 168	928	LEU	3, 169	929	nuc	nuc	1
GLU	3, 167	927	GLU	3, 170	930	nuc	nuc	0.67
LEU	3, 169	929	GLU	3, 170	930	nuc	nuc	1
ARG	3, 28	788	TYR	3, 171	931	nuc	nuc	0.98
GLN	3, 31	791	TYR	3, 171	931	nuc	nuc	0.96
LEU	3, 169	929	TYR	3, 171	931	nuc	nuc	0.98
GLU	3, 170	930	TYR	3, 171	931	nuc	nuc	1
GLN	3, 31	791	ASP	3, 172	932	nuc	nuc	0.92
GLU	3, 170	930	ASP	3, 172	932	nuc	nuc	0.56
TYR	3, 171	931	ASP	3, 172	932	nuc	nuc	1
SER	3, 24	784	ASP	3, 173	933	nuc	nuc	0.66
ARG	3, 28	788	ASP	3, 173	933	nuc	nuc	0.87
TYR	3, 171	931	ASP	3, 173	933	nuc	nuc	0.99
ASP	3, 172	932	ASP	3, 173	933	nuc	nuc	1
GLU	3, 170	930	GLY	3, 174	934	nuc	nuc	0.7
TYR	3, 171	931	GLY	3, 174	934	nuc	nuc	0.99
ASP	3, 172	932	GLY	3, 174	934	nuc	nuc	0.98
ASP	3, 173	933	GLY	3, 174	934	nuc	nuc	1
ARG	3, 28	788	THR	3, 175	935	nuc	nuc	0.94
TYR	3, 171	931	THR	3, 175	935	nuc	nuc	0.97
ASP	3, 173	933	THR	3, 175	935	nuc	nuc	0.99
GLY	3, 174	934	THR	3, 175	935	nuc	nuc	1
GLY	3, 174	934	PRO	3, 176	936	nuc	nuc	0.95
THR	3, 175	935	PRO	3, 176	936	nuc	nuc	1
ASN	3, 166	926	ALA	3, 177	937	nuc	nuc	0.91
GLU	3, 167	927	ALA	3, 177	937	nuc	nuc	0.97
ILE	3, 168	928	ALA	3, 177	937	nuc	nuc	0.9
LEU	3, 169	929	ALA	3, 177	937	nuc	nuc	0.98
GLU	3, 170	930	ALA	3, 177	937	nuc	nuc	0.96
TYR	3, 171	931	ALA	3, 177	937	nuc	nuc	0.97
THR	3, 175	935	ALA	3, 177	937	nuc	nuc	0.97
PRO	3, 176	936	ALA	3, 177	937	nuc	nuc	1
ASN	3, 166	926	THR	3, 178	938	nuc	nuc	0.98
PRO	3, 176	936	THR	3, 178	938	nuc	nuc	0.99
ALA	3, 177	937	THR	3, 178	938	nuc	nuc	1
THR	3, 132	892	MET	3, 179	939	nuc	nuc	0.96
ILE	3, 164	924	MET	3, 179	939	nuc	nuc	0.99
TYR	3, 165	925	MET	3, 179	939	nuc	nuc	0.98
ASN	3, 166	926	MET	3, 179	939	nuc	nuc	0.99
THR	3, 178	938	MET	3, 179	939	nuc	nuc	1
THR	3, 132	892	SER	3, 180	940	nuc	nuc	0.97
THR	3, 178	938	SER	3, 180	940	nuc	nuc	1
MET	3, 179	939	SER	3, 180	940	nuc	nuc	1
THR	3, 175	935	GLN	3, 181	941	nuc	nuc	0.97
PRO	3, 176	936	GLN	3, 181	941	nuc	nuc	0.97
ALA	3, 177	937	GLN	3, 181	941	nuc	nuc	0.97
THR	3, 178	938	GLN	3, 181	941	nuc	nuc	1
MET	3, 179	939	GLN	3, 181	941	nuc	nuc	0.97
SER	3, 180	940	GLN	3, 181	941	nuc	nuc	1
VAL	3, 32	792	ILE	3, 182	942	nuc	nuc	0.99
ILE	3, 164	924	ILE	3, 182	942	nuc	nuc	0.99
ILE	3, 168	928	ILE	3, 182	942	nuc	nuc	0.9
LEU	3, 169	929	ILE	3, 182	942	nuc	nuc	0.82
ALA	3, 177	937	ILE	3, 182	942	nuc	nuc	0.97
THR	3, 178	938	ILE	3, 182	942	nuc	nuc	0.98
MET	3, 179	939	ILE	3, 182	942	nuc	nuc	1
SER	3, 180	940	ILE	3, 182	942	nuc	nuc	0.98
GLN	3, 181	941	ILE	3, 182	942	nuc	nuc	1
PHE	3, 128	888	ALA	3, 183	943	nuc	nuc	1
LEU	3, 131	891	ALA	3, 183	943	nuc	nuc	1
THR	3, 132	892	ALA	3, 183	943	nuc	nuc	0.99
ILE	3, 164	924	ALA	3, 183	943	nuc	nuc	0.98
MET	3, 179	939	ALA	3, 183	943	nuc	nuc	0.99
SER	3, 180	940	ALA	3, 183	943	nuc	nuc	1
GLN	3, 181	941	ALA	3, 183	943	nuc	nuc	0.99
ILE	3, 182	942	ALA	3, 183	943	nuc	nuc	1
SER	3, 25	785	LYS	3, 184	944	nuc	nuc	0.97
PHE	3, 128	888	LYS	3, 184	944	nuc	nuc	0.97
SER	3, 180	940	LYS	3, 184	944	nuc	nuc	0.99
GLN	3, 181	941	LYS	3, 184	944	nuc	nuc	1
ILE	3, 182	942	LYS	3, 184	944	nuc	nuc	0.98
ALA	3, 183	943	LYS	3, 184	944	nuc	nuc	1
SER	3, 25	785	ASP	3, 185	945	nuc	nuc	1
VAL	3, 26	786	ASP	3, 185	945	nuc	nuc	0.6
ARG	3, 28	788	ASP	3, 185	945	nuc	nuc	1
GLY	3, 29	789	ASP	3, 185	945	nuc	nuc	1
VAL	3, 32	792	ASP	3, 185	945	nuc	nuc	0.98
GLN	3, 181	941	ASP	3, 185	945	nuc	nuc	0.99
ILE	3, 182	942	ASP	3, 185	945	nuc	nuc	1
ALA	3, 183	943	ASP	3, 185	945	nuc	nuc	0.98
LYS	3, 184	944	ASP	3, 185	945	nuc	nuc	1
GLY	3, 29	789	VAL	3, 186	946	nuc	nuc	1
VAL	3, 32	792	VAL	3, 186	946	nuc	nuc	1
TYR	3, 33	793	VAL	3, 186	946	nuc	nuc	0.98
CYS	3, 37	797	VAL	3, 186	946	nuc	nuc	0.87
VAL	3, 127	887	VAL	3, 186	946	nuc	nuc	0.54
LEU	3, 131	891	VAL	3, 186	946	nuc	nuc	0.87
ILE	3, 164	924	VAL	3, 186	946	nuc	nuc	0.51
ILE	3, 182	942	VAL	3, 186	946	nuc	nuc	1
ALA	3, 183	943	VAL	3, 186	946	nuc	nuc	1
LYS	3, 184	944	VAL	3, 186	946	nuc	nuc	0.93
ASP	3, 185	945	VAL	3, 186	946	nuc	nuc	1
VAL	3, 117	877	CYS	3, 187	947	nuc	nuc	0.88
GLU	3, 124	884	CYS	3, 187	947	nuc	nuc	0.99
VAL	3, 127	887	CYS	3, 187	947	nuc	nuc	1
PHE	3, 128	888	CYS	3, 187	947	nuc	nuc	1
LEU	3, 131	891	CYS	3, 187	947	nuc	nuc	0.61
ALA	3, 183	943	CYS	3, 187	947	nuc	nuc	1
LYS	3, 184	944	CYS	3, 187	947	nuc	nuc	1
ASP	3, 185	945	CYS	3, 187	947	nuc	nuc	0.99
VAL	3, 186	946	CYS	3, 187	947	nuc	nuc	1
TRP	3, 12	772	THR	3, 188	948	nuc	nuc	0.8
SER	3, 13	773	THR	3, 188	948	nuc	nuc	0.63
HIS	3, 14	774	THR	3, 188	948	nuc	nuc	0.9
LEU	3, 21	781	THR	3, 188	948	nuc	nuc	0.99
ASP	3, 22	782	THR	3, 188	948	nuc	nuc	0.99
SER	3, 25	785	THR	3, 188	948	nuc	nuc	1
VAL	3, 26	786	THR	3, 188	948	nuc	nuc	0.99
GLY	3, 29	789	THR	3, 188	948	nuc	nuc	0.98
GLU	3, 124	884	THR	3, 188	948	nuc	nuc	0.81
LYS	3, 184	944	THR	3, 188	948	nuc	nuc	0.99
ASP	3, 185	945	THR	3, 188	948	nuc	nuc	1
VAL	3, 186	946	THR	3, 188	948	nuc	nuc	0.99
CYS	3, 187	947	THR	3, 188	948	nuc	nuc	1
SER	3, 25	785	PHE	3, 189	949	nuc	nuc	0.83
VAL	3, 26	786	PHE	3, 189	949	nuc	nuc	1
ARG	3, 28	788	PHE	3, 189	949	nuc	nuc	0.6
GLY	3, 29	789	PHE	3, 189	949	nuc	nuc	1
PHE	3, 30	790	PHE	3, 189	949	nuc	nuc	0.99
VAL	3, 32	792	PHE	3, 189	949	nuc	nuc	0.92
TYR	3, 33	793	PHE	3, 189	949	nuc	nuc	0.99
ASP	3, 185	945	PHE	3, 189	949	nuc	nuc	0.99
VAL	3, 186	946	PHE	3, 189	949	nuc	nuc	1
CYS	3, 187	947	PHE	3, 189	949	nuc	nuc	1
THR	3, 188	948	PHE	3, 189	949	nuc	nuc	1
LEU	3, 113	873	LEU	3, 190	950	nuc	nuc	0.99
ILE	3, 116	876	LEU	3, 190	950	nuc	nuc	0.99
VAL	3, 117	877	LEU	3, 190	950	nuc	nuc	1
GLU	3, 124	884	LEU	3, 190	950	nuc	nuc	0.89
VAL	3, 127	887	LEU	3, 190	950	nuc	nuc	0.98
VAL	3, 186	946	LEU	3, 190	950	nuc	nuc	1
CYS	3, 187	947	LEU	3, 190	950	nuc	nuc	1
THR	3, 188	948	LEU	3, 190	950	nuc	nuc	0.99
PHE	3, 189	949	LEU	3, 190	950	nuc	nuc	1
HIS	3, 14	774	ARG	3, 191	951	nuc	nuc	0.97
LEU	3, 21	781	ARG	3, 191	951	nuc	nuc	0.96
VAL	3, 117	877	ARG	3, 191	951	nuc	nuc	1
GLU	3, 124	884	ARG	3, 191	951	nuc	nuc	0.99
CYS	3, 187	947	ARG	3, 191	951	nuc	nuc	0.99
THR	3, 188	948	ARG	3, 191	951	nuc	nuc	1
PHE	3, 189	949	ARG	3, 191	951	nuc	nuc	1
LEU	3, 190	950	ARG	3, 191	951	nuc	nuc	1
LEU	3, 21	781	TRP	3, 192	952	nuc	nuc	0.99
VAL	3, 26	786	TRP	3, 192	952	nuc	nuc	1
VAL	3, 54	814	TRP	3, 192	952	nuc	nuc	0.86
THR	3, 188	948	TRP	3, 192	952	nuc	nuc	0.99
PHE	3, 189	949	TRP	3, 192	952	nuc	nuc	1
LEU	3, 190	950	TRP	3, 192	952	nuc	nuc	0.99
ARG	3, 191	951	TRP	3, 192	952	nuc	nuc	1
MET	3, 43	803	ALA	3, 193	953	nuc	nuc	0.98
VAL	3, 46	806	ALA	3, 193	953	nuc	nuc	0.99
LEU	3, 113	873	ALA	3, 193	953	nuc	nuc	0.96
SER	3, 114	874	ALA	3, 193	953	nuc	nuc	1
TYR	3, 115	875	ALA	3, 193	953	nuc	nuc	0.53
VAL	3, 117	877	ALA	3, 193	953	nuc	nuc	0.6
PHE	3, 189	949	ALA	3, 193	953	nuc	nuc	1
LEU	3, 190	950	ALA	3, 193	953	nuc	nuc	1
ARG	3, 191	951	ALA	3, 193	953	nuc	nuc	0.99
TRP	3, 192	952	ALA	3, 193	953	nuc	nuc	1
SER	3, 114	874	ALA	3, 194	954	nuc	nuc	0.97
TYR	3, 115	875	ALA	3, 194	954	nuc	nuc	1
ILE	3, 116	876	ALA	3, 194	954	nuc	nuc	0.93
VAL	3, 117	877	ALA	3, 194	954	nuc	nuc	1
ASN	3, 118	878	ALA	3, 194	954	nuc	nuc	1
LEU	3, 190	950	ALA	3, 194	954	nuc	nuc	1
ARG	3, 191	951	ALA	3, 194	954	nuc	nuc	1
TRP	3, 192	952	ALA	3, 194	954	nuc	nuc	0.98
ALA	3, 193	953	ALA	3, 194	954	nuc	nuc	1
ASN	3, 118	878	GLU	3, 195	955	nuc	nuc	0.93
ARG	3, 191	951	GLU	3, 195	955	nuc	nuc	0.98
TRP	3, 192	952	GLU	3, 195	955	nuc	nuc	0.97
ALA	3, 194	954	GLU	3, 195	955	nuc	nuc	1
ARG	1, 72	72	PRO	3, 196	956	mit	nuc	0.98
ASN	3, 50	810	PRO	3, 196	956	nuc	nuc	0.97
VAL	3, 54	814	PRO	3, 196	956	nuc	nuc	0.52
TRP	3, 192	952	PRO	3, 196	956	nuc	nuc	0.99
ALA	3, 193	953	PRO	3, 196	956	nuc	nuc	0.94
GLU	3, 195	955	PRO	3, 196	956	nuc	nuc	1
CYS	1, 71	71	GLU	3, 197	957	mit	nuc	0.58
TRP	1, 78	78	GLU	3, 197	957	mit	nuc	1
GLU	3, 195	955	GLU	3, 197	957	nuc	nuc	1
PRO	3, 196	956	GLU	3, 197	957	nuc	nuc	1
HIS	3, 14	774	HIS	3, 198	958	nuc	nuc	0.93
ALA	3, 20	780	HIS	3, 198	958	nuc	nuc	0.84
LEU	3, 21	781	HIS	3, 198	958	nuc	nuc	0.99
ARG	3, 191	951	HIS	3, 198	958	nuc	nuc	0.96
TRP	3, 192	952	HIS	3, 198	958	nuc	nuc	0.97
GLU	3, 195	955	HIS	3, 198	958	nuc	nuc	1
PRO	3, 196	956	HIS	3, 198	958	nuc	nuc	0.99
GLU	3, 197	957	HIS	3, 198	958	nuc	nuc	1
ALA	3, 20	780	ASP	3, 199	959	nuc	nuc	1
LEU	3, 21	781	ASP	3, 199	959	nuc	nuc	0.99
GLU	3, 197	957	ASP	3, 199	959	nuc	nuc	0.88
HIS	3, 198	958	ASP	3, 199	959	nuc	nuc	1
GLU	3, 197	957	GLN	3, 200	960	nuc	nuc	1
HIS	3, 198	958	GLN	3, 200	960	nuc	nuc	0.98
ASP	3, 199	959	GLN	3, 200	960	nuc	nuc	1
TRP	1, 78	78	ARG	3, 201	961	mit	nuc	0.78
LEU	1, 79	79	ARG	3, 201	961	mit	nuc	0.57
LEU	1, 245	245	ARG	3, 201	961	mit	nuc	0.99
PRO	1, 248	248	ARG	3, 201	961	mit	nuc	0.62
GLU	3, 195	955	ARG	3, 201	961	nuc	nuc	0.78
GLU	3, 197	957	ARG	3, 201	961	nuc	nuc	1
HIS	3, 198	958	ARG	3, 201	961	nuc	nuc	1
ASP	3, 199	959	ARG	3, 201	961	nuc	nuc	0.99
GLN	3, 200	960	ARG	3, 201	961	nuc	nuc	1
LEU	1, 245	245	LYS	3, 202	962	mit	nuc	0.86
PHE	1, 246	246	LYS	3, 202	962	mit	nuc	0.86
PRO	3, 17	777	LYS	3, 202	962	nuc	nuc	0.93
LEU	3, 18	778	LYS	3, 202	962	nuc	nuc	0.99
SER	3, 19	779	LYS	3, 202	962	nuc	nuc	0.9
ALA	3, 20	780	LYS	3, 202	962	nuc	nuc	0.98
HIS	3, 198	958	LYS	3, 202	962	nuc	nuc	0.99
ASP	3, 199	959	LYS	3, 202	962	nuc	nuc	1
GLN	3, 200	960	LYS	3, 202	962	nuc	nuc	0.97
ARG	3, 201	961	LYS	3, 202	962	nuc	nuc	1
ASP	3, 199	959	ARG	3, 203	963	nuc	nuc	0.99
GLN	3, 200	960	ARG	3, 203	963	nuc	nuc	1
ARG	3, 201	961	ARG	3, 203	963	nuc	nuc	0.99
LYS	3, 202	962	ARG	3, 203	963	nuc	nuc	1
LEU	1, 79	79	MET	3, 204	964	mit	nuc	0.67
LEU	1, 245	245	MET	3, 204	964	mit	nuc	0.99
GLN	3, 200	960	MET	3, 204	964	nuc	nuc	1
ARG	3, 201	961	MET	3, 204	964	nuc	nuc	1
LYS	3, 202	962	MET	3, 204	964	nuc	nuc	0.99
ARG	3, 203	963	MET	3, 204	964	nuc	nuc	1
LEU	1, 241	241	GLY	3, 205	965	mit	nuc	0.83
THR	1, 242	242	GLY	3, 205	965	mit	nuc	0.54
LEU	1, 245	245	GLY	3, 205	965	mit	nuc	1
PHE	1, 246	246	GLY	3, 205	965	mit	nuc	0.97
ARG	3, 201	961	GLY	3, 205	965	nuc	nuc	0.99
LYS	3, 202	962	GLY	3, 205	965	nuc	nuc	1
ARG	3, 203	963	GLY	3, 205	965	nuc	nuc	1
MET	3, 204	964	GLY	3, 205	965	nuc	nuc	1
LEU	3, 18	778	LEU	3, 206	966	nuc	nuc	0.99
LYS	3, 202	962	LEU	3, 206	966	nuc	nuc	0.99
ARG	3, 203	963	LEU	3, 206	966	nuc	nuc	1
MET	3, 204	964	LEU	3, 206	966	nuc	nuc	0.99
GLY	3, 205	965	LEU	3, 206	966	nuc	nuc	1
ARG	3, 203	963	LYS	3, 207	967	nuc	nuc	0.99
MET	3, 204	964	LYS	3, 207	967	nuc	nuc	1
GLY	3, 205	965	LYS	3, 207	967	nuc	nuc	1
LEU	3, 206	966	LYS	3, 207	967	nuc	nuc	1
LEU	1, 241	241	MET	3, 208	968	mit	nuc	1
THR	1, 242	242	MET	3, 208	968	mit	nuc	0.79
LEU	1, 245	245	MET	3, 208	968	mit	nuc	0.98
MET	3, 204	964	MET	3, 208	968	nuc	nuc	1
GLY	3, 205	965	MET	3, 208	968	nuc	nuc	1
LEU	3, 206	966	MET	3, 208	968	nuc	nuc	1
LYS	3, 207	967	MET	3, 208	968	nuc	nuc	1
THR	1, 242	242	LEU	3, 209	969	mit	nuc	0.85
GLY	3, 205	965	LEU	3, 209	969	nuc	nuc	1
LEU	3, 206	966	LEU	3, 209	969	nuc	nuc	1
LYS	3, 207	967	LEU	3, 209	969	nuc	nuc	0.99
MET	3, 208	968	LEU	3, 209	969	nuc	nuc	1
LEU	3, 206	966	LEU	3, 210	970	nuc	nuc	1
LYS	3, 207	967	LEU	3, 210	970	nuc	nuc	1
MET	3, 208	968	LEU	3, 210	970	nuc	nuc	0.99
LEU	3, 209	969	LEU	3, 210	970	nuc	nuc	1
LYS	3, 207	967	ILE	3, 211	971	nuc	nuc	1
MET	3, 208	968	ILE	3, 211	971	nuc	nuc	1
LEU	3, 209	969	ILE	3, 211	971	nuc	nuc	0.96
LEU	3, 210	970	ILE	3, 211	971	nuc	nuc	1
THR	1, 234	234	SER	3, 212	972	mit	nuc	0.94
LEU	1, 237	237	SER	3, 212	972	mit	nuc	0.91
THR	1, 238	238	SER	3, 212	972	mit	nuc	1
LEU	1, 241	241	SER	3, 212	972	mit	nuc	0.87
MET	3, 208	968	SER	3, 212	972	nuc	nuc	1
LEU	3, 209	969	SER	3, 212	972	nuc	nuc	1
LEU	3, 210	970	SER	3, 212	972	nuc	nuc	0.99
ILE	3, 211	971	SER	3, 212	972	nuc	nuc	1
LEU	3, 209	969	ALA	3, 213	973	nuc	nuc	1
LEU	3, 210	970	ALA	3, 213	973	nuc	nuc	1
ILE	3, 211	971	ALA	3, 213	973	nuc	nuc	0.99
SER	3, 212	972	ALA	3, 213	973	nuc	nuc	1
LEU	3, 210	970	LEU	3, 214	974	nuc	nuc	0.99
ILE	3, 211	971	LEU	3, 214	974	nuc	nuc	1
SER	3, 212	972	LEU	3, 214	974	nuc	nuc	0.99
ALA	3, 213	973	LEU	3, 214	974	nuc	nuc	1
THR	1, 234	234	LEU	3, 215	975	mit	nuc	0.99
ILE	3, 211	971	LEU	3, 215	975	nuc	nuc	1
SER	3, 212	972	LEU	3, 215	975	nuc	nuc	1
ALA	3, 213	973	LEU	3, 215	975	nuc	nuc	0.96
LEU	3, 214	974	LEU	3, 215	975	nuc	nuc	1
LEU	1, 231	231	THR	3, 216	976	mit	nuc	0.73
THR	1, 234	234	THR	3, 216	976	mit	nuc	0.99
LEU	1, 235	235	THR	3, 216	976	mit	nuc	0.98
THR	1, 238	238	THR	3, 216	976	mit	nuc	0.98
SER	3, 212	972	THR	3, 216	976	nuc	nuc	1
ALA	3, 213	973	THR	3, 216	976	nuc	nuc	1
LEU	3, 214	974	THR	3, 216	976	nuc	nuc	0.98
LEU	3, 215	975	THR	3, 216	976	nuc	nuc	1
ALA	3, 213	973	SER	3, 217	977	nuc	nuc	0.99
LEU	3, 214	974	SER	3, 217	977	nuc	nuc	1
LEU	3, 215	975	SER	3, 217	977	nuc	nuc	0.99
THR	3, 216	976	SER	3, 217	977	nuc	nuc	1
LEU	3, 214	974	LEU	3, 218	978	nuc	nuc	1
LEU	3, 215	975	LEU	3, 218	978	nuc	nuc	1
THR	3, 216	976	LEU	3, 218	978	nuc	nuc	0.99
SER	3, 217	977	LEU	3, 218	978	nuc	nuc	1
PHE	1, 227	227	LEU	3, 219	979	mit	nuc	0.77
ILE	1, 230	230	LEU	3, 219	979	mit	nuc	0.99
LEU	1, 231	231	LEU	3, 219	979	mit	nuc	0.99
THR	1, 234	234	LEU	3, 219	979	mit	nuc	0.99
LEU	3, 215	975	LEU	3, 219	979	nuc	nuc	1
THR	3, 216	976	LEU	3, 219	979	nuc	nuc	1
SER	3, 217	977	LEU	3, 219	979	nuc	nuc	0.98
LEU	3, 218	978	LEU	3, 219	979	nuc	nuc	1
LEU	1, 231	231	TYR	3, 220	980	mit	nuc	0.99
THR	3, 216	976	TYR	3, 220	980	nuc	nuc	1
SER	3, 217	977	TYR	3, 220	980	nuc	nuc	1
LEU	3, 218	978	TYR	3, 220	980	nuc	nuc	1
LEU	3, 219	979	TYR	3, 220	980	nuc	nuc	1
SER	3, 217	977	TYR	3, 221	981	nuc	nuc	0.99
LEU	3, 218	978	TYR	3, 221	981	nuc	nuc	1
LEU	3, 219	979	TYR	3, 221	981	nuc	nuc	1
TYR	3, 220	980	TYR	3, 221	981	nuc	nuc	1
PHE	1, 227	227	MET	3, 222	982	mit	nuc	0.99
LEU	3, 218	978	MET	3, 222	982	nuc	nuc	1
LEU	3, 219	979	MET	3, 222	982	nuc	nuc	1
TYR	3, 220	980	MET	3, 222	982	nuc	nuc	1
TYR	3, 221	981	MET	3, 222	982	nuc	nuc	1
PHE	1, 227	227	LYS	3, 223	983	mit	nuc	1
LYS	1, 228	228	LYS	3, 223	983	mit	nuc	0.99
LEU	1, 231	231	LYS	3, 223	983	mit	nuc	1
LEU	3, 219	979	LYS	3, 223	983	nuc	nuc	1
TYR	3, 220	980	LYS	3, 223	983	nuc	nuc	1
TYR	3, 221	981	LYS	3, 223	983	nuc	nuc	0.99
MET	3, 222	982	LYS	3, 223	983	nuc	nuc	1
TYR	3, 220	980	ARG	3, 224	984	nuc	nuc	1
TYR	3, 221	981	ARG	3, 224	984	nuc	nuc	1
MET	3, 222	982	ARG	3, 224	984	nuc	nuc	0.99
LYS	3, 223	983	ARG	3, 224	984	nuc	nuc	1
TYR	3, 221	981	HIS	3, 225	985	nuc	nuc	1
MET	3, 222	982	HIS	3, 225	985	nuc	nuc	1
LYS	3, 223	983	HIS	3, 225	985	nuc	nuc	1
ARG	3, 224	984	HIS	3, 225	985	nuc	nuc	1
PRO	1, 223	223	LYS	3, 226	986	mit	nuc	0.99
TYR	1, 224	224	LYS	3, 226	986	mit	nuc	0.99
PHE	1, 227	227	LYS	3, 226	986	mit	nuc	1
MET	3, 222	982	LYS	3, 226	986	nuc	nuc	1
LYS	3, 223	983	LYS	3, 226	986	nuc	nuc	1
ARG	3, 224	984	LYS	3, 226	986	nuc	nuc	0.95
HIS	3, 225	985	LYS	3, 226	986	nuc	nuc	1
TYR	1, 224	224	TRP	3, 227	987	mit	nuc	0.99
PHE	1, 227	227	TRP	3, 227	987	mit	nuc	0.59
LYS	1, 228	228	TRP	3, 227	987	mit	nuc	0.54
LYS	3, 223	983	TRP	3, 227	987	nuc	nuc	1
ARG	3, 224	984	TRP	3, 227	987	nuc	nuc	1
HIS	3, 225	985	TRP	3, 227	987	nuc	nuc	0.99
LYS	3, 226	986	TRP	3, 227	987	nuc	nuc	1
ARG	3, 224	984	SER	3, 228	988	nuc	nuc	1
HIS	3, 225	985	SER	3, 228	988	nuc	nuc	1
LYS	3, 226	986	SER	3, 228	988	nuc	nuc	1
TRP	3, 227	987	SER	3, 228	988	nuc	nuc	1
LYS	3, 226	986	VAL	3, 229	989	nuc	nuc	0.92
TRP	3, 227	987	VAL	3, 229	989	nuc	nuc	0.99
SER	3, 228	988	VAL	3, 229	989	nuc	nuc	1
SER	1, 26	26	LEU	3, 230	990	mit	nuc	0.97
ILE	1, 219	219	LEU	3, 230	990	mit	nuc	0.96
TYR	1, 224	224	LEU	3, 230	990	mit	nuc	0.92
TRP	3, 227	987	LEU	3, 230	990	nuc	nuc	1
SER	3, 228	988	LEU	3, 230	990	nuc	nuc	0.98
VAL	3, 229	989	LEU	3, 230	990	nuc	nuc	1
TRP	3, 227	987	LYS	3, 231	991	nuc	nuc	1
SER	3, 228	988	LYS	3, 231	991	nuc	nuc	1
VAL	3, 229	989	LYS	3, 231	991	nuc	nuc	0.96
LEU	3, 230	990	LYS	3, 231	991	nuc	nuc	1
SER	3, 228	988	SER	3, 232	992	nuc	nuc	1
VAL	3, 229	989	SER	3, 232	992	nuc	nuc	0.99
LEU	3, 230	990	SER	3, 232	992	nuc	nuc	0.93
LYS	3, 231	991	SER	3, 232	992	nuc	nuc	1
VAL	3, 229	989	ARG	3, 233	993	nuc	nuc	0.97
LEU	3, 230	990	ARG	3, 233	993	nuc	nuc	1
LYS	3, 231	991	ARG	3, 233	993	nuc	nuc	0.98
SER	3, 232	992	ARG	3, 233	993	nuc	nuc	1
SER	3, 232	992	LYS	3, 234	994	nuc	nuc	0.93
ARG	3, 233	993	LYS	3, 234	994	nuc	nuc	1
ARG	3, 233	993	MET	3, 235	995	nuc	nuc	1
LYS	3, 234	994	MET	3, 235	995	nuc	nuc	1
LYS	3, 234	994	ALA	3, 236	996	nuc	nuc	0.99
MET	3, 235	995	ALA	3, 236	996	nuc	nuc	1
MET	3, 235	995	TYR	3, 237	997	nuc	nuc	0.94
ALA	3, 236	996	TYR	3, 237	997	nuc	nuc	1
ALA	3, 236	996	ARG	3, 238	998	nuc	nuc	1
TYR	3, 237	997	ARG	3, 238	998	nuc	nuc	1
TYR	3, 237	997	PRO	3, 239	999	nuc	nuc	0.99
ARG	3, 238	998	PRO	3, 239	999	nuc	nuc	1
ARG	3, 238	998	PRO	3, 240	1000	nuc	nuc	0.58
PRO	3, 239	999	PRO	3, 240	1000	nuc	nuc	1
PRO	3, 239	999	LYS	3, 241	1001	nuc	nuc	0.89
PRO	3, 240	1000	LYS	3, 241	1001	nuc	nuc	1
GLY	4, 1	1002	GLU	4, 2	1003	nuc	nuc	1
GLY	4, 1	1002	LEU	4, 3	1004	nuc	nuc	0.86
GLU	4, 2	1003	LEU	4, 3	1004	nuc	nuc	1
GLU	4, 2	1003	GLU	4, 4	1005	nuc	nuc	0.92
LEU	4, 3	1004	GLU	4, 4	1005	nuc	nuc	1
LEU	4, 3	1004	LEU	4, 5	1006	nuc	nuc	0.82
GLU	4, 4	1005	LEU	4, 5	1006	nuc	nuc	1
GLU	4, 4	1005	HIS	4, 6	1007	nuc	nuc	0.97
LEU	4, 5	1006	HIS	4, 6	1007	nuc	nuc	1
LEU	4, 5	1006	PRO	4, 7	1008	nuc	nuc	0.76
HIS	4, 6	1007	PRO	4, 7	1008	nuc	nuc	1
HIS	4, 6	1007	PRO	4, 8	1009	nuc	nuc	0.56
PRO	4, 7	1008	PRO	4, 8	1009	nuc	nuc	1
PRO	4, 7	1008	ALA	4, 9	1010	nuc	nuc	0.65
PRO	4, 8	1009	ALA	4, 9	1010	nuc	nuc	1
PRO	4, 8	1009	PHE	4, 10	1011	nuc	nuc	0.99
ALA	4, 9	1010	PHE	4, 10	1011	nuc	nuc	1
ALA	4, 9	1010	PRO	4, 11	1012	nuc	nuc	0.82
PHE	4, 10	1011	PRO	4, 11	1012	nuc	nuc	1
PHE	4, 10	1011	TRP	4, 12	1013	nuc	nuc	1
PRO	4, 11	1012	TRP	4, 12	1013	nuc	nuc	1
TRP	4, 12	1013	SER	4, 13	1014	nuc	nuc	1
TRP	4, 12	1013	HIS	4, 14	1015	nuc	nuc	1
SER	4, 13	1014	HIS	4, 14	1015	nuc	nuc	1
PRO	4, 11	1012	GLY	4, 15	1016	nuc	nuc	0.72
TRP	4, 12	1013	GLY	4, 15	1016	nuc	nuc	0.99
SER	4, 13	1014	GLY	4, 15	1016	nuc	nuc	0.99
HIS	4, 14	1015	GLY	4, 15	1016	nuc	nuc	1
HIS	4, 14	1015	GLY	4, 16	1017	nuc	nuc	0.98
GLY	4, 15	1016	GLY	4, 16	1017	nuc	nuc	1
PHE	2, 246	626	PRO	4, 17	1018	nuc	nuc	0.98
GLY	4, 15	1016	PRO	4, 17	1018	nuc	nuc	0.65
GLY	4, 16	1017	PRO	4, 17	1018	nuc	nuc	1
GLY	4, 16	1017	LEU	4, 18	1019	nuc	nuc	1
PRO	4, 17	1018	LEU	4, 18	1019	nuc	nuc	1
SER	4, 13	1014	SER	4, 19	1020	nuc	nuc	0.98
HIS	4, 14	1015	SER	4, 19	1020	nuc	nuc	0.99
GLY	4, 15	1016	SER	4, 19	1020	nuc	nuc	0.99
GLY	4, 16	1017	SER	4, 19	1020	nuc	nuc	0.99
PRO	4, 17	1018	SER	4, 19	1020	nuc	nuc	0.98
LEU	4, 18	1019	SER	4, 19	1020	nuc	nuc	1
HIS	4, 14	1015	ALA	4, 20	1021	nuc	nuc	0.97
SER	4, 19	1020	ALA	4, 20	1021	nuc	nuc	1
SER	4, 13	1014	LEU	4, 21	1022	nuc	nuc	0.72
HIS	4, 14	1015	LEU	4, 21	1022	nuc	nuc	0.99
ALA	4, 20	1021	LEU	4, 21	1022	nuc	nuc	1
SER	4, 13	1014	ASP	4, 22	1023	nuc	nuc	0.99
HIS	4, 14	1015	ASP	4, 22	1023	nuc	nuc	0.93
ALA	4, 20	1021	ASP	4, 22	1023	nuc	nuc	0.76
LEU	4, 21	1022	ASP	4, 22	1023	nuc	nuc	1
LEU	4, 21	1022	HIS	4, 23	1024	nuc	nuc	0.99
ASP	4, 22	1023	HIS	4, 23	1024	nuc	nuc	1
ASP	4, 22	1023	SER	4, 24	1025	nuc	nuc	1
HIS	4, 23	1024	SER	4, 24	1025	nuc	nuc	1
SER	4, 13	1014	SER	4, 25	1026	nuc	nuc	0.82
LEU	4, 21	1022	SER	4, 25	1026	nuc	nuc	0.78
ASP	4, 22	1023	SER	4, 25	1026	nuc	nuc	1
HIS	4, 23	1024	SER	4, 25	1026	nuc	nuc	0.99
SER	4, 24	1025	SER	4, 25	1026	nuc	nuc	1
LEU	4, 21	1022	VAL	4, 26	1027	nuc	nuc	0.99
ASP	4, 22	1023	VAL	4, 26	1027	nuc	nuc	0.99
HIS	4, 23	1024	VAL	4, 26	1027	nuc	nuc	1
SER	4, 24	1025	VAL	4, 26	1027	nuc	nuc	0.99
SER	4, 25	1026	VAL	4, 26	1027	nuc	nuc	1
HIS	4, 23	1024	ARG	4, 27	1028	nuc	nuc	0.99
SER	4, 24	1025	ARG	4, 27	1028	nuc	nuc	1
SER	4, 25	1026	ARG	4, 27	1028	nuc	nuc	0.99
VAL	4, 26	1027	ARG	4, 27	1028	nuc	nuc	1
SER	4, 24	1025	ARG	4, 28	1029	nuc	nuc	0.98
SER	4, 25	1026	ARG	4, 28	1029	nuc	nuc	1
VAL	4, 26	1027	ARG	4, 28	1029	nuc	nuc	0.98
ARG	4, 27	1028	ARG	4, 28	1029	nuc	nuc	1
SER	4, 25	1026	GLY	4, 29	1030	nuc	nuc	0.99
VAL	4, 26	1027	GLY	4, 29	1030	nuc	nuc	1
ARG	4, 27	1028	GLY	4, 29	1030	nuc	nuc	1
ARG	4, 28	1029	GLY	4, 29	1030	nuc	nuc	1
VAL	4, 26	1027	PHE	4, 30	1031	nuc	nuc	0.99
ARG	4, 27	1028	PHE	4, 30	1031	nuc	nuc	1
ARG	4, 28	1029	PHE	4, 30	1031	nuc	nuc	0.99
GLY	4, 29	1030	PHE	4, 30	1031	nuc	nuc	1
ARG	4, 27	1028	GLN	4, 31	1032	nuc	nuc	0.95
ARG	4, 28	1029	GLN	4, 31	1032	nuc	nuc	1
GLY	4, 29	1030	GLN	4, 31	1032	nuc	nuc	1
PHE	4, 30	1031	GLN	4, 31	1032	nuc	nuc	1
ARG	4, 28	1029	VAL	4, 32	1033	nuc	nuc	0.98
GLY	4, 29	1030	VAL	4, 32	1033	nuc	nuc	1
PHE	4, 30	1031	VAL	4, 32	1033	nuc	nuc	0.99
GLN	4, 31	1032	VAL	4, 32	1033	nuc	nuc	1
GLY	4, 29	1030	TYR	4, 33	1034	nuc	nuc	1
PHE	4, 30	1031	TYR	4, 33	1034	nuc	nuc	1
GLN	4, 31	1032	TYR	4, 33	1034	nuc	nuc	0.99
VAL	4, 32	1033	TYR	4, 33	1034	nuc	nuc	1
PHE	4, 30	1031	LYS	4, 34	1035	nuc	nuc	0.99
GLN	4, 31	1032	LYS	4, 34	1035	nuc	nuc	1
VAL	4, 32	1033	LYS	4, 34	1035	nuc	nuc	0.98
TYR	4, 33	1034	LYS	4, 34	1035	nuc	nuc	1
GLN	4, 31	1032	GLN	4, 35	1036	nuc	nuc	0.99
VAL	4, 32	1033	GLN	4, 35	1036	nuc	nuc	0.99
TYR	4, 33	1034	GLN	4, 35	1036	nuc	nuc	0.75
LYS	4, 34	1035	GLN	4, 35	1036	nuc	nuc	1
VAL	4, 32	1033	VAL	4, 36	1037	nuc	nuc	0.99
TYR	4, 33	1034	VAL	4, 36	1037	nuc	nuc	0.95
GLN	4, 35	1036	VAL	4, 36	1037	nuc	nuc	1
VAL	4, 32	1033	CYS	4, 37	1038	nuc	nuc	0.96
TYR	4, 33	1034	CYS	4, 37	1038	nuc	nuc	1
VAL	4, 36	1037	CYS	4, 37	1038	nuc	nuc	1
TYR	4, 33	1034	SER	4, 38	1039	nuc	nuc	0.99
LYS	4, 34	1035	SER	4, 38	1039	nuc	nuc	0.99
GLN	4, 35	1036	SER	4, 38	1039	nuc	nuc	0.88
VAL	4, 36	1037	SER	4, 38	1039	nuc	nuc	0.83
CYS	4, 37	1038	SER	4, 38	1039	nuc	nuc	1
VAL	4, 36	1037	ALA	4, 39	1040	nuc	nuc	0.79
CYS	4, 37	1038	ALA	4, 39	1040	nuc	nuc	0.96
SER	4, 38	1039	ALA	4, 39	1040	nuc	nuc	1
CYS	4, 37	1038	CYS	4, 40	1041	nuc	nuc	0.97
SER	4, 38	1039	CYS	4, 40	1041	nuc	nuc	0.67
ALA	4, 39	1040	CYS	4, 40	1041	nuc	nuc	1
CYS	4, 37	1038	HIS	4, 41	1042	nuc	nuc	0.99
SER	4, 38	1039	HIS	4, 41	1042	nuc	nuc	0.94
CYS	4, 40	1041	HIS	4, 41	1042	nuc	nuc	1
HIS	4, 41	1042	SER	4, 42	1043	nuc	nuc	1
TYR	4, 33	1034	MET	4, 43	1044	nuc	nuc	0.94
SER	4, 38	1039	MET	4, 43	1044	nuc	nuc	0.67
HIS	4, 41	1042	MET	4, 43	1044	nuc	nuc	0.98
SER	4, 42	1043	MET	4, 43	1044	nuc	nuc	1
SER	4, 42	1043	ASP	4, 44	1045	nuc	nuc	1
MET	4, 43	1044	ASP	4, 44	1045	nuc	nuc	1
SER	2, 65	445	TYR	4, 45	1046	nuc	nuc	0.59
ALA	2, 68	448	TYR	4, 45	1046	nuc	nuc	0.99
ARG	2, 72	452	TYR	4, 45	1046	nuc	nuc	0.98
MET	4, 43	1044	TYR	4, 45	1046	nuc	nuc	0.99
ASP	4, 44	1045	TYR	4, 45	1046	nuc	nuc	1
MET	4, 43	1044	VAL	4, 46	1047	nuc	nuc	1
ASP	4, 44	1045	VAL	4, 46	1047	nuc	nuc	0.64
TYR	4, 45	1046	VAL	4, 46	1047	nuc	nuc	1
VAL	4, 46	1047	ALA	4, 47	1048	nuc	nuc	1
ALA	4, 47	1048	PHE	4, 48	1049	nuc	nuc	1
ALA	4, 47	1048	ARG	4, 49	1050	nuc	nuc	1
PHE	4, 48	1049	ARG	4, 49	1050	nuc	nuc	1
ARG	2, 72	452	ASN	4, 50	1051	nuc	nuc	0.6
VAL	4, 46	1047	ASN	4, 50	1051	nuc	nuc	0.98
ALA	4, 47	1048	ASN	4, 50	1051	nuc	nuc	0.99
PHE	4, 48	1049	ASN	4, 50	1051	nuc	nuc	0.98
ARG	4, 49	1050	ASN	4, 50	1051	nuc	nuc	1
PHE	4, 30	1031	LEU	4, 51	1052	nuc	nuc	0.95
PHE	4, 48	1049	LEU	4, 51	1052	nuc	nuc	0.99
ARG	4, 49	1050	LEU	4, 51	1052	nuc	nuc	0.98
ASN	4, 50	1051	LEU	4, 51	1052	nuc	nuc	1
ARG	4, 49	1050	ILE	4, 52	1053	nuc	nuc	0.98
ASN	4, 50	1051	ILE	4, 52	1053	nuc	nuc	0.96
LEU	4, 51	1052	ILE	4, 52	1053	nuc	nuc	1
LEU	4, 51	1052	GLY	4, 53	1054	nuc	nuc	0.99
ILE	4, 52	1053	GLY	4, 53	1054	nuc	nuc	1
HIS	4, 23	1024	VAL	4, 54	1055	nuc	nuc	0.96
VAL	4, 26	1027	VAL	4, 54	1055	nuc	nuc	0.91
ASN	4, 50	1051	VAL	4, 54	1055	nuc	nuc	0.89
LEU	4, 51	1052	VAL	4, 54	1055	nuc	nuc	0.98
ILE	4, 52	1053	VAL	4, 54	1055	nuc	nuc	0.97
GLY	4, 53	1054	VAL	4, 54	1055	nuc	nuc	1
HIS	4, 23	1024	THR	4, 55	1056	nuc	nuc	0.98
VAL	4, 26	1027	THR	4, 55	1056	nuc	nuc	0.98
ARG	4, 27	1028	THR	4, 55	1056	nuc	nuc	0.98
PHE	4, 30	1031	THR	4, 55	1056	nuc	nuc	0.97
LEU	4, 51	1052	THR	4, 55	1056	nuc	nuc	0.97
GLY	4, 53	1054	THR	4, 55	1056	nuc	nuc	0.96
VAL	4, 54	1055	THR	4, 55	1056	nuc	nuc	1
ARG	4, 27	1028	HIS	4, 56	1057	nuc	nuc	0.88
LEU	4, 51	1052	HIS	4, 56	1057	nuc	nuc	0.98
ILE	4, 52	1053	HIS	4, 56	1057	nuc	nuc	0.95
GLY	4, 53	1054	HIS	4, 56	1057	nuc	nuc	0.88
VAL	4, 54	1055	HIS	4, 56	1057	nuc	nuc	0.86
THR	4, 55	1056	HIS	4, 56	1057	nuc	nuc	1
ILE	4, 52	1053	THR	4, 57	1058	nuc	nuc	0.91
GLY	4, 53	1054	THR	4, 57	1058	nuc	nuc	0.8
HIS	4, 56	1057	THR	4, 57	1058	nuc	nuc	1
ILE	4, 52	1053	GLU	4, 58	1059	nuc	nuc	0.98
THR	4, 57	1058	GLU	4, 58	1059	nuc	nuc	1
THR	4, 57	1058	ALA	4, 59	1060	nuc	nuc	1
GLU	4, 58	1059	ALA	4, 59	1060	nuc	nuc	1
HIS	4, 56	1057	GLU	4, 60	1061	nuc	nuc	0.98
THR	4, 57	1058	GLU	4, 60	1061	nuc	nuc	0.99
GLU	4, 58	1059	GLU	4, 60	1061	nuc	nuc	0.97
ALA	4, 59	1060	GLU	4, 60	1061	nuc	nuc	1
PHE	4, 48	1049	ALA	4, 61	1062	nuc	nuc	0.99
ARG	4, 49	1050	ALA	4, 61	1062	nuc	nuc	0.89
LEU	4, 51	1052	ALA	4, 61	1062	nuc	nuc	0.98
ILE	4, 52	1053	ALA	4, 61	1062	nuc	nuc	0.98
HIS	4, 56	1057	ALA	4, 61	1062	nuc	nuc	0.99
THR	4, 57	1058	ALA	4, 61	1062	nuc	nuc	0.98
GLU	4, 58	1059	ALA	4, 61	1062	nuc	nuc	0.99
ALA	4, 59	1060	ALA	4, 61	1062	nuc	nuc	0.98
GLU	4, 60	1061	ALA	4, 61	1062	nuc	nuc	1
GLU	4, 58	1059	LYS	4, 62	1063	nuc	nuc	0.99
ALA	4, 59	1060	LYS	4, 62	1063	nuc	nuc	0.99
GLU	4, 60	1061	LYS	4, 62	1063	nuc	nuc	0.99
ALA	4, 61	1062	LYS	4, 62	1063	nuc	nuc	1
ALA	4, 59	1060	ALA	4, 63	1064	nuc	nuc	0.97
GLU	4, 60	1061	ALA	4, 63	1064	nuc	nuc	0.99
ALA	4, 61	1062	ALA	4, 63	1064	nuc	nuc	0.99
LYS	4, 62	1063	ALA	4, 63	1064	nuc	nuc	1
PHE	4, 48	1049	LEU	4, 64	1065	nuc	nuc	0.97
LEU	4, 51	1052	LEU	4, 64	1065	nuc	nuc	0.74
HIS	4, 56	1057	LEU	4, 64	1065	nuc	nuc	0.91
GLU	4, 60	1061	LEU	4, 64	1065	nuc	nuc	0.98
ALA	4, 61	1062	LEU	4, 64	1065	nuc	nuc	1
LYS	4, 62	1063	LEU	4, 64	1065	nuc	nuc	0.98
ALA	4, 63	1064	LEU	4, 64	1065	nuc	nuc	1
PHE	4, 48	1049	ALA	4, 65	1066	nuc	nuc	0.99
ALA	4, 61	1062	ALA	4, 65	1066	nuc	nuc	0.99
LYS	4, 62	1063	ALA	4, 65	1066	nuc	nuc	1
ALA	4, 63	1064	ALA	4, 65	1066	nuc	nuc	0.98
LEU	4, 64	1065	ALA	4, 65	1066	nuc	nuc	1
LYS	4, 62	1063	GLU	4, 66	1067	nuc	nuc	0.98
ALA	4, 63	1064	GLU	4, 66	1067	nuc	nuc	0.99
LEU	4, 64	1065	GLU	4, 66	1067	nuc	nuc	0.97
ALA	4, 65	1066	GLU	4, 66	1067	nuc	nuc	1
ALA	4, 63	1064	GLU	4, 67	1068	nuc	nuc	0.92
LEU	4, 64	1065	GLU	4, 67	1068	nuc	nuc	0.99
ALA	4, 65	1066	GLU	4, 67	1068	nuc	nuc	0.98
GLU	4, 66	1067	GLU	4, 67	1068	nuc	nuc	1
LEU	4, 64	1065	VAL	4, 68	1069	nuc	nuc	0.54
ALA	4, 65	1066	VAL	4, 68	1069	nuc	nuc	0.96
GLU	4, 66	1067	VAL	4, 68	1069	nuc	nuc	0.77
GLU	4, 67	1068	VAL	4, 68	1069	nuc	nuc	1
VAL	4, 68	1069	GLU	4, 69	1070	nuc	nuc	1
VAL	4, 68	1069	VAL	4, 70	1071	nuc	nuc	0.99
GLU	4, 69	1070	VAL	4, 70	1071	nuc	nuc	1
GLU	4, 69	1070	GLN	4, 71	1072	nuc	nuc	0.54
VAL	4, 70	1071	GLN	4, 71	1072	nuc	nuc	1
VAL	4, 70	1071	ASP	4, 72	1073	nuc	nuc	0.98
GLN	4, 71	1072	ASP	4, 72	1073	nuc	nuc	1
GLN	4, 71	1072	GLY	4, 73	1074	nuc	nuc	0.91
ASP	4, 72	1073	GLY	4, 73	1074	nuc	nuc	1
ASN	3, 97	857	PRO	4, 74	1075	nuc	nuc	0.94
GLU	3, 99	859	PRO	4, 74	1075	nuc	nuc	0.94
ALA	3, 100	860	PRO	4, 74	1075	nuc	nuc	0.65
GLY	4, 73	1074	PRO	4, 74	1075	nuc	nuc	1
GLU	3, 99	859	ASP	4, 75	1076	nuc	nuc	0.83
GLY	4, 73	1074	ASP	4, 75	1076	nuc	nuc	0.96
PRO	4, 74	1075	ASP	4, 75	1076	nuc	nuc	1
GLU	3, 99	859	GLU	4, 76	1077	nuc	nuc	0.89
ALA	3, 103	863	GLU	4, 76	1077	nuc	nuc	0.81
ASP	4, 75	1076	GLU	4, 76	1077	nuc	nuc	1
GLU	3, 99	859	ASN	4, 77	1078	nuc	nuc	0.78
ALA	3, 100	860	ASN	4, 77	1078	nuc	nuc	0.82
ALA	3, 103	863	ASN	4, 77	1078	nuc	nuc	0.93
ASP	4, 75	1076	ASN	4, 77	1078	nuc	nuc	0.98
GLU	4, 76	1077	ASN	4, 77	1078	nuc	nuc	1
PRO	3, 96	856	GLY	4, 78	1079	nuc	nuc	0.76
ASN	3, 97	857	GLY	4, 78	1079	nuc	nuc	0.91
GLU	3, 99	859	GLY	4, 78	1079	nuc	nuc	0.93
ALA	3, 100	860	GLY	4, 78	1079	nuc	nuc	0.93
ALA	3, 103	863	GLY	4, 78	1079	nuc	nuc	0.83
GLY	4, 73	1074	GLY	4, 78	1079	nuc	nuc	0.59
PRO	4, 74	1075	GLY	4, 78	1079	nuc	nuc	0.89
ASP	4, 75	1076	GLY	4, 78	1079	nuc	nuc	0.99
GLU	4, 76	1077	GLY	4, 78	1079	nuc	nuc	0.97
ASN	4, 77	1078	GLY	4, 78	1079	nuc	nuc	1
PRO	4, 74	1075	GLU	4, 79	1080	nuc	nuc	0.88
ASP	4, 75	1076	GLU	4, 79	1080	nuc	nuc	0.93
ASN	4, 77	1078	GLU	4, 79	1080	nuc	nuc	0.97
GLY	4, 78	1079	GLU	4, 79	1080	nuc	nuc	1
GLN	4, 71	1072	LEU	4, 80	1081	nuc	nuc	0.94
ASP	4, 72	1073	LEU	4, 80	1081	nuc	nuc	0.84
GLY	4, 73	1074	LEU	4, 80	1081	nuc	nuc	0.95
PRO	4, 74	1075	LEU	4, 80	1081	nuc	nuc	0.94
GLY	4, 78	1079	LEU	4, 80	1081	nuc	nuc	0.81
GLU	4, 79	1080	LEU	4, 80	1081	nuc	nuc	1
GLN	4, 71	1072	PHE	4, 81	1082	nuc	nuc	0.79
ASP	4, 72	1073	PHE	4, 81	1082	nuc	nuc	0.95
GLY	4, 73	1074	PHE	4, 81	1082	nuc	nuc	0.95
ASP	4, 75	1076	PHE	4, 81	1082	nuc	nuc	0.93
GLU	4, 79	1080	PHE	4, 81	1082	nuc	nuc	0.95
LEU	4, 80	1081	PHE	4, 81	1082	nuc	nuc	1
GLU	4, 69	1070	MET	4, 82	1083	nuc	nuc	0.98
VAL	4, 70	1071	MET	4, 82	1083	nuc	nuc	0.92
GLN	4, 71	1072	MET	4, 82	1083	nuc	nuc	0.97
ASP	4, 72	1073	MET	4, 82	1083	nuc	nuc	0.76
PHE	4, 81	1082	MET	4, 82	1083	nuc	nuc	1
GLU	4, 69	1070	ARG	4, 83	1084	nuc	nuc	0.9
VAL	4, 70	1071	ARG	4, 83	1084	nuc	nuc	0.95
ASP	4, 72	1073	ARG	4, 83	1084	nuc	nuc	0.96
PHE	4, 81	1082	ARG	4, 83	1084	nuc	nuc	0.99
MET	4, 82	1083	ARG	4, 83	1084	nuc	nuc	1
ALA	4, 65	1066	PRO	4, 84	1085	nuc	nuc	0.56
GLU	4, 66	1067	PRO	4, 84	1085	nuc	nuc	0.98
VAL	4, 68	1069	PRO	4, 84	1085	nuc	nuc	0.62
GLU	4, 69	1070	PRO	4, 84	1085	nuc	nuc	0.96
VAL	4, 70	1071	PRO	4, 84	1085	nuc	nuc	0.65
ARG	4, 83	1084	PRO	4, 84	1085	nuc	nuc	1
ALA	4, 65	1066	GLY	4, 85	1086	nuc	nuc	0.99
GLU	4, 66	1067	GLY	4, 85	1086	nuc	nuc	0.98
VAL	4, 68	1069	GLY	4, 85	1086	nuc	nuc	0.97
GLU	4, 69	1070	GLY	4, 85	1086	nuc	nuc	0.91
VAL	4, 70	1071	GLY	4, 85	1086	nuc	nuc	0.98
ARG	4, 83	1084	GLY	4, 85	1086	nuc	nuc	1
PRO	4, 84	1085	GLY	4, 85	1086	nuc	nuc	1
PHE	4, 48	1049	LYS	4, 86	1087	nuc	nuc	0.59
LYS	4, 62	1063	LYS	4, 86	1087	nuc	nuc	0.51
ALA	4, 65	1066	LYS	4, 86	1087	nuc	nuc	0.99
PRO	4, 84	1085	LYS	4, 86	1087	nuc	nuc	0.83
GLY	4, 85	1086	LYS	4, 86	1087	nuc	nuc	1
ALA	4, 47	1048	ILE	4, 87	1088	nuc	nuc	0.75
PHE	4, 48	1049	ILE	4, 87	1088	nuc	nuc	0.99
ARG	4, 49	1050	ILE	4, 87	1088	nuc	nuc	0.98
ILE	4, 52	1053	ILE	4, 87	1088	nuc	nuc	0.79
GLU	4, 58	1059	ILE	4, 87	1088	nuc	nuc	0.66
ALA	4, 61	1062	ILE	4, 87	1088	nuc	nuc	0.97
LYS	4, 62	1063	ILE	4, 87	1088	nuc	nuc	0.98
ALA	4, 65	1066	ILE	4, 87	1088	nuc	nuc	0.98
LYS	4, 86	1087	ILE	4, 87	1088	nuc	nuc	1
ALA	4, 47	1048	SER	4, 88	1089	nuc	nuc	0.97
PHE	4, 48	1049	SER	4, 88	1089	nuc	nuc	0.72
ARG	4, 49	1050	SER	4, 88	1089	nuc	nuc	0.98
LYS	4, 86	1087	SER	4, 88	1089	nuc	nuc	1
ILE	4, 87	1088	SER	4, 88	1089	nuc	nuc	1
ALA	4, 47	1048	ASP	4, 89	1090	nuc	nuc	0.98
PHE	4, 48	1049	ASP	4, 89	1090	nuc	nuc	0.97
ALA	4, 65	1066	ASP	4, 89	1090	nuc	nuc	0.95
VAL	4, 68	1069	ASP	4, 89	1090	nuc	nuc	0.57
VAL	4, 70	1071	ASP	4, 89	1090	nuc	nuc	0.97
GLY	4, 85	1086	ASP	4, 89	1090	nuc	nuc	0.99
LYS	4, 86	1087	ASP	4, 89	1090	nuc	nuc	0.99
ILE	4, 87	1088	ASP	4, 89	1090	nuc	nuc	0.97
SER	4, 88	1089	ASP	4, 89	1090	nuc	nuc	1
ASP	4, 44	1045	TYR	4, 90	1091	nuc	nuc	0.99
TYR	4, 45	1046	TYR	4, 90	1091	nuc	nuc	0.91
VAL	4, 46	1047	TYR	4, 90	1091	nuc	nuc	0.98
ALA	4, 47	1048	TYR	4, 90	1091	nuc	nuc	1
ASP	4, 89	1090	TYR	4, 90	1091	nuc	nuc	1
SER	4, 38	1039	PHE	4, 91	1092	nuc	nuc	0.87
SER	4, 42	1043	PHE	4, 91	1092	nuc	nuc	0.82
MET	4, 43	1044	PHE	4, 91	1092	nuc	nuc	1
ASP	4, 44	1045	PHE	4, 91	1092	nuc	nuc	0.9
VAL	4, 46	1047	PHE	4, 91	1092	nuc	nuc	0.99
ALA	4, 47	1048	PHE	4, 91	1092	nuc	nuc	0.96
PHE	4, 48	1049	PHE	4, 91	1092	nuc	nuc	0.86
TYR	4, 90	1091	PHE	4, 91	1092	nuc	nuc	1
SER	4, 38	1039	PRO	4, 92	1093	nuc	nuc	0.76
VAL	4, 68	1069	PRO	4, 92	1093	nuc	nuc	0.98
VAL	4, 70	1071	PRO	4, 92	1093	nuc	nuc	0.93
TYR	4, 90	1091	PRO	4, 92	1093	nuc	nuc	0.84
PHE	4, 91	1092	PRO	4, 92	1093	nuc	nuc	1
SER	4, 42	1043	LYS	4, 93	1094	nuc	nuc	1
ASP	4, 44	1045	LYS	4, 93	1094	nuc	nuc	0.96
PHE	4, 91	1092	LYS	4, 93	1094	nuc	nuc	0.59
PRO	4, 92	1093	LYS	4, 93	1094	nuc	nuc	1
SER	4, 38	1039	PRO	4, 94	1095	nuc	nuc	0.97
ALA	4, 39	1040	PRO	4, 94	1095	nuc	nuc	0.98
CYS	4, 40	1041	PRO	4, 94	1095	nuc	nuc	0.98
HIS	4, 41	1042	PRO	4, 94	1095	nuc	nuc	0.92
SER	4, 42	1043	PRO	4, 94	1095	nuc	nuc	0.99
PRO	4, 92	1093	PRO	4, 94	1095	nuc	nuc	0.92
LYS	4, 93	1094	PRO	4, 94	1095	nuc	nuc	1
LYS	4, 93	1094	TYR	4, 95	1096	nuc	nuc	0.99
PRO	4, 94	1095	TYR	4, 95	1096	nuc	nuc	1
GLY	3, 78	838	PRO	4, 96	1097	nuc	nuc	0.77
LYS	4, 93	1094	PRO	4, 96	1097	nuc	nuc	0.9
TYR	4, 95	1096	PRO	4, 96	1097	nuc	nuc	1
PRO	3, 74	834	ASN	4, 97	1098	nuc	nuc	0.93
GLY	3, 78	838	ASN	4, 97	1098	nuc	nuc	0.91
TYR	4, 95	1096	ASN	4, 97	1098	nuc	nuc	0.98
PRO	4, 96	1097	ASN	4, 97	1098	nuc	nuc	1
TYR	4, 95	1096	PRO	4, 98	1099	nuc	nuc	0.7
ASN	4, 97	1098	PRO	4, 98	1099	nuc	nuc	1
PRO	3, 74	834	GLU	4, 99	1100	nuc	nuc	0.94
ASP	3, 75	835	GLU	4, 99	1100	nuc	nuc	0.83
GLU	3, 76	836	GLU	4, 99	1100	nuc	nuc	0.89
ASN	3, 77	837	GLU	4, 99	1100	nuc	nuc	0.78
GLY	3, 78	838	GLU	4, 99	1100	nuc	nuc	0.93
ASN	4, 97	1098	GLU	4, 99	1100	nuc	nuc	1
PRO	4, 98	1099	GLU	4, 99	1100	nuc	nuc	1
PRO	3, 74	834	ALA	4, 100	1101	nuc	nuc	0.64
ASN	3, 77	837	ALA	4, 100	1101	nuc	nuc	0.82
GLY	3, 78	838	ALA	4, 100	1101	nuc	nuc	0.93
TYR	4, 95	1096	ALA	4, 100	1101	nuc	nuc	0.99
PRO	4, 96	1097	ALA	4, 100	1101	nuc	nuc	0.99
ASN	4, 97	1098	ALA	4, 100	1101	nuc	nuc	0.99
PRO	4, 98	1099	ALA	4, 100	1101	nuc	nuc	0.98
GLU	4, 99	1100	ALA	4, 100	1101	nuc	nuc	1
PRO	4, 94	1095	ALA	4, 101	1102	nuc	nuc	0.83
TYR	4, 95	1096	ALA	4, 101	1102	nuc	nuc	0.99
ASN	4, 97	1098	ALA	4, 101	1102	nuc	nuc	0.92
PRO	4, 98	1099	ALA	4, 101	1102	nuc	nuc	1
GLU	4, 99	1100	ALA	4, 101	1102	nuc	nuc	0.99
ALA	4, 100	1101	ALA	4, 101	1102	nuc	nuc	1
PRO	4, 98	1099	ARG	4, 102	1103	nuc	nuc	0.98
GLU	4, 99	1100	ARG	4, 102	1103	nuc	nuc	1
ALA	4, 100	1101	ARG	4, 102	1103	nuc	nuc	0.98
ALA	4, 101	1102	ARG	4, 102	1103	nuc	nuc	1
GLU	3, 76	836	ALA	4, 103	1104	nuc	nuc	0.81
ASN	3, 77	837	ALA	4, 103	1104	nuc	nuc	0.92
GLY	3, 78	838	ALA	4, 103	1104	nuc	nuc	0.83
GLU	4, 99	1100	ALA	4, 103	1104	nuc	nuc	0.97
ALA	4, 100	1101	ALA	4, 103	1104	nuc	nuc	0.99
ALA	4, 101	1102	ALA	4, 103	1104	nuc	nuc	0.98
ARG	4, 102	1103	ALA	4, 103	1104	nuc	nuc	1
TYR	4, 95	1096	ALA	4, 104	1105	nuc	nuc	0.95
ALA	4, 100	1101	ALA	4, 104	1105	nuc	nuc	0.97
ALA	4, 101	1102	ALA	4, 104	1105	nuc	nuc	0.99
ARG	4, 102	1103	ALA	4, 104	1105	nuc	nuc	0.95
ALA	4, 103	1104	ALA	4, 104	1105	nuc	nuc	1
CYS	4, 40	1041	ASN	4, 105	1106	nuc	nuc	0.91
ALA	4, 101	1102	ASN	4, 105	1106	nuc	nuc	0.97
ARG	4, 102	1103	ASN	4, 105	1106	nuc	nuc	0.97
ALA	4, 103	1104	ASN	4, 105	1106	nuc	nuc	0.68
ALA	4, 104	1105	ASN	4, 105	1106	nuc	nuc	1
ASN	4, 105	1106	ASN	4, 106	1107	nuc	nuc	1
ARG	4, 102	1103	GLY	4, 107	1108	nuc	nuc	0.99
ALA	4, 103	1104	GLY	4, 107	1108	nuc	nuc	0.92
ASN	4, 105	1106	GLY	4, 107	1108	nuc	nuc	1
ASN	4, 106	1107	GLY	4, 107	1108	nuc	nuc	1
ARG	4, 102	1103	ALA	4, 108	1109	nuc	nuc	0.98
ASN	4, 105	1106	ALA	4, 108	1109	nuc	nuc	0.98
ASN	4, 106	1107	ALA	4, 108	1109	nuc	nuc	0.98
GLY	4, 107	1108	ALA	4, 108	1109	nuc	nuc	1
PRO	4, 98	1099	LEU	4, 109	1110	nuc	nuc	0.97
ALA	4, 101	1102	LEU	4, 109	1110	nuc	nuc	0.98
ARG	4, 102	1103	LEU	4, 109	1110	nuc	nuc	0.99
ASN	4, 105	1106	LEU	4, 109	1110	nuc	nuc	0.85
GLY	4, 107	1108	LEU	4, 109	1110	nuc	nuc	0.97
ALA	4, 108	1109	LEU	4, 109	1110	nuc	nuc	1
CYS	4, 40	1041	PRO	4, 110	1111	nuc	nuc	0.99
HIS	4, 41	1042	PRO	4, 110	1111	nuc	nuc	0.99
SER	4, 42	1043	PRO	4, 110	1111	nuc	nuc	0.67
ALA	4, 101	1102	PRO	4, 110	1111	nuc	nuc	0.99
ASN	4, 105	1106	PRO	4, 110	1111	nuc	nuc	0.97
ALA	4, 108	1109	PRO	4, 110	1111	nuc	nuc	0.98
LEU	4, 109	1110	PRO	4, 110	1111	nuc	nuc	1
THR	2, 258	638	PRO	4, 111	1112	nuc	nuc	0.55
HIS	4, 41	1042	PRO	4, 111	1112	nuc	nuc	0.96
LEU	4, 109	1110	PRO	4, 111	1112	nuc	nuc	0.99
PRO	4, 110	1111	PRO	4, 111	1112	nuc	nuc	1
HIS	4, 41	1042	ASP	4, 112	1113	nuc	nuc	0.97
SER	4, 42	1043	ASP	4, 112	1113	nuc	nuc	0.99
MET	4, 43	1044	ASP	4, 112	1113	nuc	nuc	0.99
ASP	4, 44	1045	ASP	4, 112	1113	nuc	nuc	0.99
PRO	4, 111	1112	ASP	4, 112	1113	nuc	nuc	1
TYR	4, 33	1034	LEU	4, 113	1114	nuc	nuc	0.87
CYS	4, 37	1038	LEU	4, 113	1114	nuc	nuc	0.96
HIS	4, 41	1042	LEU	4, 113	1114	nuc	nuc	1
SER	4, 42	1043	LEU	4, 113	1114	nuc	nuc	0.94
MET	4, 43	1044	LEU	4, 113	1114	nuc	nuc	0.99
PRO	4, 111	1112	LEU	4, 113	1114	nuc	nuc	0.99
ASP	4, 112	1113	LEU	4, 113	1114	nuc	nuc	1
ALA	2, 68	448	SER	4, 114	1115	nuc	nuc	0.52
MET	4, 43	1044	SER	4, 114	1115	nuc	nuc	1
ASP	4, 44	1045	SER	4, 114	1115	nuc	nuc	0.99
TYR	4, 45	1046	SER	4, 114	1115	nuc	nuc	1
VAL	4, 46	1047	SER	4, 114	1115	nuc	nuc	0.99
ASP	4, 112	1113	SER	4, 114	1115	nuc	nuc	1
LEU	4, 113	1114	SER	4, 114	1115	nuc	nuc	1
PHE	2, 257	637	TYR	4, 115	1116	nuc	nuc	0.99
THR	2, 258	638	TYR	4, 115	1116	nuc	nuc	0.78
TYR	4, 45	1046	TYR	4, 115	1116	nuc	nuc	0.76
ASP	4, 112	1113	TYR	4, 115	1116	nuc	nuc	0.91
LEU	4, 113	1114	TYR	4, 115	1116	nuc	nuc	0.51
SER	4, 114	1115	TYR	4, 115	1116	nuc	nuc	1
PRO	4, 111	1112	ILE	4, 116	1117	nuc	nuc	0.99
ASP	4, 112	1113	ILE	4, 116	1117	nuc	nuc	0.88
LEU	4, 113	1114	ILE	4, 116	1117	nuc	nuc	1
SER	4, 114	1115	ILE	4, 116	1117	nuc	nuc	0.97
TYR	4, 115	1116	ILE	4, 116	1117	nuc	nuc	1
TYR	4, 115	1116	VAL	4, 117	1118	nuc	nuc	0.97
ILE	4, 116	1117	VAL	4, 117	1118	nuc	nuc	1
ASN	2, 249	629	ASN	4, 118	1119	nuc	nuc	0.93
PRO	2, 254	634	ASN	4, 118	1119	nuc	nuc	0.92
PHE	2, 257	637	ASN	4, 118	1119	nuc	nuc	0.98
TYR	4, 115	1116	ASN	4, 118	1119	nuc	nuc	1
ILE	4, 116	1117	ASN	4, 118	1119	nuc	nuc	0.96
VAL	4, 117	1118	ASN	4, 118	1119	nuc	nuc	1
PRO	2, 254	634	ALA	4, 119	1120	nuc	nuc	0.95
GLU	2, 255	635	ALA	4, 119	1120	nuc	nuc	0.89
PHE	2, 257	637	ALA	4, 119	1120	nuc	nuc	0.99
THR	2, 258	638	ALA	4, 119	1120	nuc	nuc	0.99
PRO	4, 111	1112	ALA	4, 119	1120	nuc	nuc	0.54
TYR	4, 115	1116	ALA	4, 119	1120	nuc	nuc	1
ILE	4, 116	1117	ALA	4, 119	1120	nuc	nuc	1
VAL	4, 117	1118	ALA	4, 119	1120	nuc	nuc	0.98
ASN	4, 118	1119	ALA	4, 119	1120	nuc	nuc	1
PRO	2, 254	634	ARG	4, 120	1121	nuc	nuc	0.92
ILE	4, 116	1117	ARG	4, 120	1121	nuc	nuc	0.98
VAL	4, 117	1118	ARG	4, 120	1121	nuc	nuc	0.95
ALA	4, 119	1120	ARG	4, 120	1121	nuc	nuc	1
PRO	2, 254	634	HIS	4, 121	1122	nuc	nuc	0.96
ARG	4, 120	1121	HIS	4, 121	1122	nuc	nuc	1
PRO	4, 7	1008	GLY	4, 122	1123	nuc	nuc	0.98
ARG	4, 120	1121	GLY	4, 122	1123	nuc	nuc	1
HIS	4, 121	1122	GLY	4, 122	1123	nuc	nuc	1
VAL	4, 117	1118	GLY	4, 123	1124	nuc	nuc	1
ASN	4, 118	1119	GLY	4, 123	1124	nuc	nuc	0.92
ARG	4, 120	1121	GLY	4, 123	1124	nuc	nuc	0.98
HIS	4, 121	1122	GLY	4, 123	1124	nuc	nuc	0.99
GLY	4, 122	1123	GLY	4, 123	1124	nuc	nuc	1
PHE	4, 10	1011	GLU	4, 124	1125	nuc	nuc	0.7
TRP	4, 12	1013	GLU	4, 124	1125	nuc	nuc	0.98
VAL	4, 117	1118	GLU	4, 124	1125	nuc	nuc	0.99
GLY	4, 122	1123	GLU	4, 124	1125	nuc	nuc	0.96
GLY	4, 123	1124	GLU	4, 124	1125	nuc	nuc	1
PRO	4, 7	1008	ASP	4, 125	1126	nuc	nuc	1
PRO	4, 8	1009	ASP	4, 125	1126	nuc	nuc	0.98
ALA	4, 9	1010	ASP	4, 125	1126	nuc	nuc	0.99
PHE	4, 10	1011	ASP	4, 125	1126	nuc	nuc	0.99
GLY	4, 122	1123	ASP	4, 125	1126	nuc	nuc	1
GLY	4, 123	1124	ASP	4, 125	1126	nuc	nuc	1
GLU	4, 124	1125	ASP	4, 125	1126	nuc	nuc	1
PRO	4, 7	1008	TYR	4, 126	1127	nuc	nuc	0.99
ARG	4, 120	1121	TYR	4, 126	1127	nuc	nuc	1
HIS	4, 121	1122	TYR	4, 126	1127	nuc	nuc	0.99
GLY	4, 122	1123	TYR	4, 126	1127	nuc	nuc	1
GLY	4, 123	1124	TYR	4, 126	1127	nuc	nuc	1
GLU	4, 124	1125	TYR	4, 126	1127	nuc	nuc	0.99
ASP	4, 125	1126	TYR	4, 126	1127	nuc	nuc	1
ILE	4, 116	1117	VAL	4, 127	1128	nuc	nuc	0.97
VAL	4, 117	1118	VAL	4, 127	1128	nuc	nuc	0.98
ARG	4, 120	1121	VAL	4, 127	1128	nuc	nuc	0.9
GLY	4, 123	1124	VAL	4, 127	1128	nuc	nuc	0.99
GLU	4, 124	1125	VAL	4, 127	1128	nuc	nuc	1
ASP	4, 125	1126	VAL	4, 127	1128	nuc	nuc	0.93
TYR	4, 126	1127	VAL	4, 127	1128	nuc	nuc	1
PRO	4, 7	1008	PHE	4, 128	1129	nuc	nuc	0.74
PHE	4, 10	1011	PHE	4, 128	1129	nuc	nuc	0.98
GLU	4, 124	1125	PHE	4, 128	1129	nuc	nuc	0.99
ASP	4, 125	1126	PHE	4, 128	1129	nuc	nuc	1
TYR	4, 126	1127	PHE	4, 128	1129	nuc	nuc	0.99
VAL	4, 127	1128	PHE	4, 128	1129	nuc	nuc	1
PRO	4, 7	1008	SER	4, 129	1130	nuc	nuc	0.99
PRO	4, 8	1009	SER	4, 129	1130	nuc	nuc	0.94
ASP	4, 125	1126	SER	4, 129	1130	nuc	nuc	0.99
TYR	4, 126	1127	SER	4, 129	1130	nuc	nuc	1
VAL	4, 127	1128	SER	4, 129	1130	nuc	nuc	0.98
PHE	4, 128	1129	SER	4, 129	1130	nuc	nuc	1
TYR	4, 126	1127	LEU	4, 130	1131	nuc	nuc	1
VAL	4, 127	1128	LEU	4, 130	1131	nuc	nuc	1
PHE	4, 128	1129	LEU	4, 130	1131	nuc	nuc	0.99
SER	4, 129	1130	LEU	4, 130	1131	nuc	nuc	1
VAL	4, 127	1128	LEU	4, 131	1132	nuc	nuc	1
PHE	4, 128	1129	LEU	4, 131	1132	nuc	nuc	1
SER	4, 129	1130	LEU	4, 131	1132	nuc	nuc	0.95
LEU	4, 130	1131	LEU	4, 131	1132	nuc	nuc	1
PHE	4, 128	1129	THR	4, 132	1133	nuc	nuc	0.99
SER	4, 129	1130	THR	4, 132	1133	nuc	nuc	0.99
LEU	4, 130	1131	THR	4, 132	1133	nuc	nuc	0.87
LEU	4, 131	1132	THR	4, 132	1133	nuc	nuc	1
SER	4, 129	1130	GLY	4, 133	1134	nuc	nuc	0.99
LEU	4, 130	1131	GLY	4, 133	1134	nuc	nuc	0.99
LEU	4, 131	1132	GLY	4, 133	1134	nuc	nuc	0.99
THR	4, 132	1133	GLY	4, 133	1134	nuc	nuc	1
THR	4, 132	1133	TYR	4, 134	1135	nuc	nuc	0.81
GLY	4, 133	1134	TYR	4, 134	1135	nuc	nuc	1
GLY	4, 133	1134	CYS	4, 135	1136	nuc	nuc	1
TYR	4, 134	1135	CYS	4, 135	1136	nuc	nuc	1
CYS	4, 135	1136	ASP	4, 136	1137	nuc	nuc	1
CYS	4, 135	1136	PRO	4, 137	1138	nuc	nuc	0.61
ASP	4, 136	1137	PRO	4, 137	1138	nuc	nuc	1
ASP	4, 136	1137	PRO	4, 138	1139	nuc	nuc	0.55
PRO	4, 137	1138	PRO	4, 138	1139	nuc	nuc	1
PRO	4, 138	1139	ALA	4, 139	1140	nuc	nuc	1
PRO	4, 137	1138	GLY	4, 140	1141	nuc	nuc	0.59
PRO	4, 138	1139	GLY	4, 140	1141	nuc	nuc	1
ALA	4, 139	1140	GLY	4, 140	1141	nuc	nuc	1
PRO	4, 137	1138	VAL	4, 141	1142	nuc	nuc	0.97
PRO	4, 138	1139	VAL	4, 141	1142	nuc	nuc	0.98
ALA	4, 139	1140	VAL	4, 141	1142	nuc	nuc	0.91
GLY	4, 140	1141	VAL	4, 141	1142	nuc	nuc	1
PRO	4, 137	1138	VAL	4, 142	1143	nuc	nuc	0.8
GLY	4, 140	1141	VAL	4, 142	1143	nuc	nuc	0.99
VAL	4, 141	1142	VAL	4, 142	1143	nuc	nuc	1
PRO	4, 137	1138	VAL	4, 143	1144	nuc	nuc	0.95
VAL	4, 141	1142	VAL	4, 143	1144	nuc	nuc	0.96
VAL	4, 142	1143	VAL	4, 143	1144	nuc	nuc	1
VAL	4, 142	1143	ARG	4, 144	1145	nuc	nuc	0.81
VAL	4, 143	1144	ARG	4, 144	1145	nuc	nuc	1
ARG	4, 144	1145	GLU	4, 145	1146	nuc	nuc	1
ASN	4, 106	1107	GLY	4, 146	1147	nuc	nuc	0.94
ARG	4, 144	1145	GLY	4, 146	1147	nuc	nuc	0.99
GLU	4, 145	1146	GLY	4, 146	1147	nuc	nuc	1
VAL	4, 143	1144	LEU	4, 147	1148	nuc	nuc	0.98
ARG	4, 144	1145	LEU	4, 147	1148	nuc	nuc	0.98
GLU	4, 145	1146	LEU	4, 147	1148	nuc	nuc	0.92
GLY	4, 146	1147	LEU	4, 147	1148	nuc	nuc	1
TYR	4, 134	1135	HIS	4, 148	1149	nuc	nuc	0.96
VAL	4, 143	1144	HIS	4, 148	1149	nuc	nuc	0.91
GLY	4, 146	1147	HIS	4, 148	1149	nuc	nuc	0.98
LEU	4, 147	1148	HIS	4, 148	1149	nuc	nuc	1
TYR	4, 134	1135	TYR	4, 149	1150	nuc	nuc	0.87
CYS	4, 135	1136	TYR	4, 149	1150	nuc	nuc	0.97
ASP	4, 136	1137	TYR	4, 149	1150	nuc	nuc	0.94
PRO	4, 137	1138	TYR	4, 149	1150	nuc	nuc	0.99
VAL	4, 141	1142	TYR	4, 149	1150	nuc	nuc	0.81
VAL	4, 143	1144	TYR	4, 149	1150	nuc	nuc	0.96
LEU	4, 147	1148	TYR	4, 149	1150	nuc	nuc	0.65
HIS	4, 148	1149	TYR	4, 149	1150	nuc	nuc	1
LEU	4, 130	1131	ASN	4, 150	1151	nuc	nuc	0.99
GLY	4, 133	1134	ASN	4, 150	1151	nuc	nuc	0.99
TYR	4, 134	1135	ASN	4, 150	1151	nuc	nuc	0.99
CYS	4, 135	1136	ASN	4, 150	1151	nuc	nuc	0.78
HIS	4, 148	1149	ASN	4, 150	1151	nuc	nuc	0.99
TYR	4, 149	1150	ASN	4, 150	1151	nuc	nuc	1
LEU	4, 5	1006	PRO	4, 151	1152	nuc	nuc	0.98
GLY	4, 133	1134	PRO	4, 151	1152	nuc	nuc	0.97
CYS	4, 135	1136	PRO	4, 151	1152	nuc	nuc	0.97
TYR	4, 149	1150	PRO	4, 151	1152	nuc	nuc	0.94
ASN	4, 150	1151	PRO	4, 151	1152	nuc	nuc	1
LEU	4, 5	1006	TYR	4, 152	1153	nuc	nuc	0.99
PRO	4, 7	1008	TYR	4, 152	1153	nuc	nuc	0.98
TYR	4, 126	1127	TYR	4, 152	1153	nuc	nuc	0.97
SER	4, 129	1130	TYR	4, 152	1153	nuc	nuc	1
LEU	4, 130	1131	TYR	4, 152	1153	nuc	nuc	1
GLY	4, 133	1134	TYR	4, 152	1153	nuc	nuc	0.98
ASN	4, 150	1151	TYR	4, 152	1153	nuc	nuc	1
PRO	4, 151	1152	TYR	4, 152	1153	nuc	nuc	1
LEU	4, 130	1131	PHE	4, 153	1154	nuc	nuc	0.98
ASN	4, 150	1151	PHE	4, 153	1154	nuc	nuc	1
PRO	4, 151	1152	PHE	4, 153	1154	nuc	nuc	0.94
TYR	4, 152	1153	PHE	4, 153	1154	nuc	nuc	1
PRO	2, 267	647	PRO	4, 154	1155	nuc	nuc	0.51
GLU	4, 4	1005	PRO	4, 154	1155	nuc	nuc	0.95
PHE	4, 153	1154	PRO	4, 154	1155	nuc	nuc	1
GLU	4, 2	1003	GLY	4, 155	1156	nuc	nuc	0.71
PHE	4, 153	1154	GLY	4, 155	1156	nuc	nuc	1
PRO	4, 154	1155	GLY	4, 155	1156	nuc	nuc	1
VAL	4, 141	1142	GLN	4, 156	1157	nuc	nuc	0.73
TYR	4, 149	1150	GLN	4, 156	1157	nuc	nuc	0.97
ASN	4, 150	1151	GLN	4, 156	1157	nuc	nuc	0.94
PRO	4, 151	1152	GLN	4, 156	1157	nuc	nuc	0.96
PHE	4, 153	1154	GLN	4, 156	1157	nuc	nuc	0.97
PRO	4, 154	1155	GLN	4, 156	1157	nuc	nuc	0.65
GLY	4, 155	1156	GLN	4, 156	1157	nuc	nuc	1
VAL	4, 143	1144	ALA	4, 157	1158	nuc	nuc	0.95
ARG	4, 144	1145	ALA	4, 157	1158	nuc	nuc	0.75
LEU	4, 147	1148	ALA	4, 157	1158	nuc	nuc	0.99
HIS	4, 148	1149	ALA	4, 157	1158	nuc	nuc	0.94
TYR	4, 149	1150	ALA	4, 157	1158	nuc	nuc	0.98
ASN	4, 150	1151	ALA	4, 157	1158	nuc	nuc	0.84
PHE	4, 153	1154	ALA	4, 157	1158	nuc	nuc	0.94
GLY	4, 155	1156	ALA	4, 157	1158	nuc	nuc	0.99
GLN	4, 156	1157	ALA	4, 157	1158	nuc	nuc	1
LEU	4, 147	1148	ILE	4, 158	1159	nuc	nuc	0.96
HIS	4, 148	1149	ILE	4, 158	1159	nuc	nuc	0.99
ASN	4, 150	1151	ILE	4, 158	1159	nuc	nuc	0.99
PHE	4, 153	1154	ILE	4, 158	1159	nuc	nuc	0.99
ALA	4, 157	1158	ILE	4, 158	1159	nuc	nuc	1
ASN	4, 105	1106	GLY	4, 159	1160	nuc	nuc	0.78
ASN	4, 106	1107	GLY	4, 159	1160	nuc	nuc	0.74
ALA	4, 108	1109	GLY	4, 159	1160	nuc	nuc	0.99
GLY	4, 146	1147	GLY	4, 159	1160	nuc	nuc	0.94
LEU	4, 147	1148	GLY	4, 159	1160	nuc	nuc	0.99
HIS	4, 148	1149	GLY	4, 159	1160	nuc	nuc	0.98
ALA	4, 157	1158	GLY	4, 159	1160	nuc	nuc	0.99
ILE	4, 158	1159	GLY	4, 159	1160	nuc	nuc	1
ALA	4, 108	1109	MET	4, 160	1161	nuc	nuc	0.72
PRO	4, 110	1111	MET	4, 160	1161	nuc	nuc	0.7
HIS	4, 148	1149	MET	4, 160	1161	nuc	nuc	0.92
ILE	4, 158	1159	MET	4, 160	1161	nuc	nuc	1
GLY	4, 159	1160	MET	4, 160	1161	nuc	nuc	1
HIS	4, 148	1149	ALA	4, 161	1162	nuc	nuc	0.96
GLY	4, 159	1160	ALA	4, 161	1162	nuc	nuc	0.92
MET	4, 160	1161	ALA	4, 161	1162	nuc	nuc	1
TYR	4, 134	1135	PRO	4, 162	1163	nuc	nuc	0.98
HIS	4, 148	1149	PRO	4, 162	1163	nuc	nuc	0.91
ALA	4, 161	1162	PRO	4, 162	1163	nuc	nuc	1
VAL	4, 36	1037	PRO	4, 163	1164	nuc	nuc	0.96
CYS	4, 37	1038	PRO	4, 163	1164	nuc	nuc	0.84
LEU	4, 131	1132	PRO	4, 163	1164	nuc	nuc	0.93
MET	4, 160	1161	PRO	4, 163	1164	nuc	nuc	0.95
ALA	4, 161	1162	PRO	4, 163	1164	nuc	nuc	0.98
PRO	4, 162	1163	PRO	4, 163	1164	nuc	nuc	1
VAL	4, 32	1033	ILE	4, 164	1165	nuc	nuc	0.54
VAL	4, 36	1037	ILE	4, 164	1165	nuc	nuc	0.91
LEU	4, 131	1132	ILE	4, 164	1165	nuc	nuc	0.99
PRO	4, 162	1163	ILE	4, 164	1165	nuc	nuc	0.96
PRO	4, 163	1164	ILE	4, 164	1165	nuc	nuc	1
PRO	4, 162	1163	TYR	4, 165	1166	nuc	nuc	0.93
ILE	4, 164	1165	TYR	4, 165	1166	nuc	nuc	1
TYR	4, 165	1166	ASN	4, 166	1167	nuc	nuc	1
TYR	4, 165	1166	GLU	4, 167	1168	nuc	nuc	0.78
ASN	4, 166	1167	GLU	4, 167	1168	nuc	nuc	1
VAL	4, 36	1037	ILE	4, 168	1169	nuc	nuc	0.96
ILE	4, 164	1165	ILE	4, 168	1169	nuc	nuc	0.93
TYR	4, 165	1166	ILE	4, 168	1169	nuc	nuc	0.98
ASN	4, 166	1167	ILE	4, 168	1169	nuc	nuc	0.92
GLU	4, 167	1168	ILE	4, 168	1169	nuc	nuc	1
GLN	4, 31	1032	LEU	4, 169	1170	nuc	nuc	0.92
VAL	4, 32	1033	LEU	4, 169	1170	nuc	nuc	0.97
GLN	4, 35	1036	LEU	4, 169	1170	nuc	nuc	0.98
VAL	4, 36	1037	LEU	4, 169	1170	nuc	nuc	0.9
GLU	4, 167	1168	LEU	4, 169	1170	nuc	nuc	0.68
ILE	4, 168	1169	LEU	4, 169	1170	nuc	nuc	1
GLU	4, 167	1168	GLU	4, 170	1171	nuc	nuc	0.67
LEU	4, 169	1170	GLU	4, 170	1171	nuc	nuc	1
ARG	4, 28	1029	TYR	4, 171	1172	nuc	nuc	0.98
GLN	4, 31	1032	TYR	4, 171	1172	nuc	nuc	0.95
LEU	4, 169	1170	TYR	4, 171	1172	nuc	nuc	0.98
GLU	4, 170	1171	TYR	4, 171	1172	nuc	nuc	1
GLN	4, 31	1032	ASP	4, 172	1173	nuc	nuc	0.92
GLU	4, 170	1171	ASP	4, 172	1173	nuc	nuc	0.55
TYR	4, 171	1172	ASP	4, 172	1173	nuc	nuc	1
SER	4, 24	1025	ASP	4, 173	1174	nuc	nuc	0.66
ARG	4, 28	1029	ASP	4, 173	1174	nuc	nuc	0.87
TYR	4, 171	1172	ASP	4, 173	1174	nuc	nuc	0.99
ASP	4, 172	1173	ASP	4, 173	1174	nuc	nuc	1
GLU	4, 170	1171	GLY	4, 174	1175	nuc	nuc	0.7
TYR	4, 171	1172	GLY	4, 174	1175	nuc	nuc	0.99
ASP	4, 172	1173	GLY	4, 174	1175	nuc	nuc	0.98
ASP	4, 173	1174	GLY	4, 174	1175	nuc	nuc	1
ARG	4, 28	1029	THR	4, 175	1176	nuc	nuc	0.94
TYR	4, 171	1172	THR	4, 175	1176	nuc	nuc	0.97
ASP	4, 173	1174	THR	4, 175	1176	nuc	nuc	0.99
GLY	4, 174	1175	THR	4, 175	1176	nuc	nuc	1
GLY	4, 174	1175	PRO	4, 176	1177	nuc	nuc	0.95
THR	4, 175	1176	PRO	4, 176	1177	nuc	nuc	1
ASN	4, 166	1167	ALA	4, 177	1178	nuc	nuc	0.91
GLU	4, 167	1168	ALA	4, 177	1178	nuc	nuc	0.97
ILE	4, 168	1169	ALA	4, 177	1178	nuc	nuc	0.91
LEU	4, 169	1170	ALA	4, 177	1178	nuc	nuc	0.98
GLU	4, 170	1171	ALA	4, 177	1178	nuc	nuc	0.96
TYR	4, 171	1172	ALA	4, 177	1178	nuc	nuc	0.97
THR	4, 175	1176	ALA	4, 177	1178	nuc	nuc	0.97
PRO	4, 176	1177	ALA	4, 177	1178	nuc	nuc	1
ASN	4, 166	1167	THR	4, 178	1179	nuc	nuc	0.98
PRO	4, 176	1177	THR	4, 178	1179	nuc	nuc	0.99
ALA	4, 177	1178	THR	4, 178	1179	nuc	nuc	1
THR	4, 132	1133	MET	4, 179	1180	nuc	nuc	0.96
ILE	4, 164	1165	MET	4, 179	1180	nuc	nuc	0.99
TYR	4, 165	1166	MET	4, 179	1180	nuc	nuc	0.98
ASN	4, 166	1167	MET	4, 179	1180	nuc	nuc	0.99
THR	4, 178	1179	MET	4, 179	1180	nuc	nuc	1
THR	4, 132	1133	SER	4, 180	1181	nuc	nuc	0.97
THR	4, 178	1179	SER	4, 180	1181	nuc	nuc	1
MET	4, 179	1180	SER	4, 180	1181	nuc	nuc	1
THR	4, 175	1176	GLN	4, 181	1182	nuc	nuc	0.97
PRO	4, 176	1177	GLN	4, 181	1182	nuc	nuc	0.97
ALA	4, 177	1178	GLN	4, 181	1182	nuc	nuc	0.97
THR	4, 178	1179	GLN	4, 181	1182	nuc	nuc	1
MET	4, 179	1180	GLN	4, 181	1182	nuc	nuc	0.97
SER	4, 180	1181	GLN	4, 181	1182	nuc	nuc	1
VAL	4, 32	1033	ILE	4, 182	1183	nuc	nuc	0.99
ILE	4, 164	1165	ILE	4, 182	1183	nuc	nuc	0.99
ILE	4, 168	1169	ILE	4, 182	1183	nuc	nuc	0.9
LEU	4, 169	1170	ILE	4, 182	1183	nuc	nuc	0.81
ALA	4, 177	1178	ILE	4, 182	1183	nuc	nuc	0.97
THR	4, 178	1179	ILE	4, 182	1183	nuc	nuc	0.98
MET	4, 179	1180	ILE	4, 182	1183	nuc	nuc	1
SER	4, 180	1181	ILE	4, 182	1183	nuc	nuc	0.98
GLN	4, 181	1182	ILE	4, 182	1183	nuc	nuc	1
PHE	4, 128	1129	ALA	4, 183	1184	nuc	nuc	1
LEU	4, 131	1132	ALA	4, 183	1184	nuc	nuc	1
THR	4, 132	1133	ALA	4, 183	1184	nuc	nuc	0.99
ILE	4, 164	1165	ALA	4, 183	1184	nuc	nuc	0.98
MET	4, 179	1180	ALA	4, 183	1184	nuc	nuc	0.99
SER	4, 180	1181	ALA	4, 183	1184	nuc	nuc	1
GLN	4, 181	1182	ALA	4, 183	1184	nuc	nuc	0.99
ILE	4, 182	1183	ALA	4, 183	1184	nuc	nuc	1
SER	4, 25	1026	LYS	4, 184	1185	nuc	nuc	0.97
PHE	4, 128	1129	LYS	4, 184	1185	nuc	nuc	0.97
SER	4, 180	1181	LYS	4, 184	1185	nuc	nuc	0.99
GLN	4, 181	1182	LYS	4, 184	1185	nuc	nuc	1
ILE	4, 182	1183	LYS	4, 184	1185	nuc	nuc	0.98
ALA	4, 183	1184	LYS	4, 184	1185	nuc	nuc	1
SER	4, 25	1026	ASP	4, 185	1186	nuc	nuc	1
VAL	4, 26	1027	ASP	4, 185	1186	nuc	nuc	0.6
ARG	4, 28	1029	ASP	4, 185	1186	nuc	nuc	1
GLY	4, 29	1030	ASP	4, 185	1186	nuc	nuc	1
VAL	4, 32	1033	ASP	4, 185	1186	nuc	nuc	0.98
GLN	4, 181	1182	ASP	4, 185	1186	nuc	nuc	0.99
ILE	4, 182	1183	ASP	4, 185	1186	nuc	nuc	1
ALA	4, 183	1184	ASP	4, 185	1186	nuc	nuc	0.98
LYS	4, 184	1185	ASP	4, 185	1186	nuc	nuc	1
GLY	4, 29	1030	VAL	4, 186	1187	nuc	nuc	1
VAL	4, 32	1033	VAL	4, 186	1187	nuc	nuc	1
TYR	4, 33	1034	VAL	4, 186	1187	nuc	nuc	0.98
CYS	4, 37	1038	VAL	4, 186	1187	nuc	nuc	0.87
VAL	4, 127	1128	VAL	4, 186	1187	nuc	nuc	0.54
LEU	4, 131	1132	VAL	4, 186	1187	nuc	nuc	0.87
ILE	4, 164	1165	VAL	4, 186	1187	nuc	nuc	0.51
ILE	4, 182	1183	VAL	4, 186	1187	nuc	nuc	1
ALA	4, 183	1184	VAL	4, 186	1187	nuc	nuc	1
LYS	4, 184	1185	VAL	4, 186	1187	nuc	nuc	0.93
ASP	4, 185	1186	VAL	4, 186	1187	nuc	nuc	1
VAL	4, 117	1118	CYS	4, 187	1188	nuc	nuc	0.89
GLU	4, 124	1125	CYS	4, 187	1188	nuc	nuc	0.99
VAL	4, 127	1128	CYS	4, 187	1188	nuc	nuc	1
PHE	4, 128	1129	CYS	4, 187	1188	nuc	nuc	1
LEU	4, 131	1132	CYS	4, 187	1188	nuc	nuc	0.61
ALA	4, 183	1184	CYS	4, 187	1188	nuc	nuc	1
LYS	4, 184	1185	CYS	4, 187	1188	nuc	nuc	1
ASP	4, 185	1186	CYS	4, 187	1188	nuc	nuc	0.99
VAL	4, 186	1187	CYS	4, 187	1188	nuc	nuc	1
TRP	4, 12	1013	THR	4, 188	1189	nuc	nuc	0.8
SER	4, 13	1014	THR	4, 188	1189	nuc	nuc	0.63
HIS	4, 14	1015	THR	4, 188	1189	nuc	nuc	0.9
LEU	4, 21	1022	THR	4, 188	1189	nuc	nuc	0.99
ASP	4, 22	1023	THR	4, 188	1189	nuc	nuc	0.99
SER	4, 25	1026	THR	4, 188	1189	nuc	nuc	1
VAL	4, 26	1027	THR	4, 188	1189	nuc	nuc	0.99
GLY	4, 29	1030	THR	4, 188	1189	nuc	nuc	0.98
GLU	4, 124	1125	THR	4, 188	1189	nuc	nuc	0.81
LYS	4, 184	1185	THR	4, 188	1189	nuc	nuc	0.99
ASP	4, 185	1186	THR	4, 188	1189	nuc	nuc	1
VAL	4, 186	1187	THR	4, 188	1189	nuc	nuc	0.99
CYS	4, 187	1188	THR	4, 188	1189	nuc	nuc	1
SER	4, 25	1026	PHE	4, 189	1190	nuc	nuc	0.82
VAL	4, 26	1027	PHE	4, 189	1190	nuc	nuc	1
ARG	4, 28	1029	PHE	4, 189	1190	nuc	nuc	0.6
GLY	4, 29	1030	PHE	4, 189	1190	nuc	nuc	1
PHE	4, 30	1031	PHE	4, 189	1190	nuc	nuc	0.99
VAL	4, 32	1033	PHE	4, 189	1190	nuc	nuc	0.91
TYR	4, 33	1034	PHE	4, 189	1190	nuc	nuc	0.99
ASP	4, 185	1186	PHE	4, 189	1190	nuc	nuc	0.99
VAL	4, 186	1187	PHE	4, 189	1190	nuc	nuc	1
CYS	4, 187	1188	PHE	4, 189	1190	nuc	nuc	1
THR	4, 188	1189	PHE	4, 189	1190	nuc	nuc	1
LEU	4, 113	1114	LEU	4, 190	1191	nuc	nuc	0.99
ILE	4, 116	1117	LEU	4, 190	1191	nuc	nuc	0.99
VAL	4, 117	1118	LEU	4, 190	1191	nuc	nuc	1
GLU	4, 124	1125	LEU	4, 190	1191	nuc	nuc	0.89
VAL	4, 127	1128	LEU	4, 190	1191	nuc	nuc	0.98
VAL	4, 186	1187	LEU	4, 190	1191	nuc	nuc	1
CYS	4, 187	1188	LEU	4, 190	1191	nuc	nuc	1
THR	4, 188	1189	LEU	4, 190	1191	nuc	nuc	0.99
PHE	4, 189	1190	LEU	4, 190	1191	nuc	nuc	1
HIS	4, 14	1015	ARG	4, 191	1192	nuc	nuc	0.96
LEU	4, 21	1022	ARG	4, 191	1192	nuc	nuc	0.96
VAL	4, 117	1118	ARG	4, 191	1192	nuc	nuc	1
GLU	4, 124	1125	ARG	4, 191	1192	nuc	nuc	0.99
CYS	4, 187	1188	ARG	4, 191	1192	nuc	nuc	0.99
THR	4, 188	1189	ARG	4, 191	1192	nuc	nuc	1
PHE	4, 189	1190	ARG	4, 191	1192	nuc	nuc	1
LEU	4, 190	1191	ARG	4, 191	1192	nuc	nuc	1
LEU	4, 21	1022	TRP	4, 192	1193	nuc	nuc	0.99
VAL	4, 26	1027	TRP	4, 192	1193	nuc	nuc	1
VAL	4, 54	1055	TRP	4, 192	1193	nuc	nuc	0.86
THR	4, 188	1189	TRP	4, 192	1193	nuc	nuc	0.99
PHE	4, 189	1190	TRP	4, 192	1193	nuc	nuc	1
LEU	4, 190	1191	TRP	4, 192	1193	nuc	nuc	0.99
ARG	4, 191	1192	TRP	4, 192	1193	nuc	nuc	1
MET	4, 43	1044	ALA	4, 193	1194	nuc	nuc	0.98
VAL	4, 46	1047	ALA	4, 193	1194	nuc	nuc	0.99
LEU	4, 113	1114	ALA	4, 193	1194	nuc	nuc	0.95
SER	4, 114	1115	ALA	4, 193	1194	nuc	nuc	1
TYR	4, 115	1116	ALA	4, 193	1194	nuc	nuc	0.52
VAL	4, 117	1118	ALA	4, 193	1194	nuc	nuc	0.61
PHE	4, 189	1190	ALA	4, 193	1194	nuc	nuc	1
LEU	4, 190	1191	ALA	4, 193	1194	nuc	nuc	1
ARG	4, 191	1192	ALA	4, 193	1194	nuc	nuc	0.99
TRP	4, 192	1193	ALA	4, 193	1194	nuc	nuc	1
SER	4, 114	1115	ALA	4, 194	1195	nuc	nuc	0.97
TYR	4, 115	1116	ALA	4, 194	1195	nuc	nuc	1
ILE	4, 116	1117	ALA	4, 194	1195	nuc	nuc	0.93
VAL	4, 117	1118	ALA	4, 194	1195	nuc	nuc	1
ASN	4, 118	1119	ALA	4, 194	1195	nuc	nuc	1
LEU	4, 190	1191	ALA	4, 194	1195	nuc	nuc	1
ARG	4, 191	1192	ALA	4, 194	1195	nuc	nuc	1
TRP	4, 192	1193	ALA	4, 194	1195	nuc	nuc	0.98
ALA	4, 193	1194	ALA	4, 194	1195	nuc	nuc	1
ASN	4, 118	1119	GLU	4, 195	1196	nuc	nuc	0.93
ARG	4, 191	1192	GLU	4, 195	1196	nuc	nuc	0.98
TRP	4, 192	1193	GLU	4, 195	1196	nuc	nuc	0.97
ALA	4, 194	1195	GLU	4, 195	1196	nuc	nuc	1
ARG	2, 72	452	PRO	4, 196	1197	nuc	nuc	0.98
ASN	4, 50	1051	PRO	4, 196	1197	nuc	nuc	0.97
VAL	4, 54	1055	PRO	4, 196	1197	nuc	nuc	0.52
TRP	4, 192	1193	PRO	4, 196	1197	nuc	nuc	0.99
ALA	4, 193	1194	PRO	4, 196	1197	nuc	nuc	0.94
GLU	4, 195	1196	PRO	4, 196	1197	nuc	nuc	1
CYS	2, 71	451	GLU	4, 197	1198	nuc	nuc	0.57
TRP	2, 78	458	GLU	4, 197	1198	nuc	nuc	1
GLU	4, 195	1196	GLU	4, 197	1198	nuc	nuc	1
PRO	4, 196	1197	GLU	4, 197	1198	nuc	nuc	1
HIS	4, 14	1015	HIS	4, 198	1199	nuc	nuc	0.93
ALA	4, 20	1021	HIS	4, 198	1199	nuc	nuc	0.83
LEU	4, 21	1022	HIS	4, 198	1199	nuc	nuc	0.99
ARG	4, 191	1192	HIS	4, 198	1199	nuc	nuc	0.96
TRP	4, 192	1193	HIS	4, 198	1199	nuc	nuc	0.97
GLU	4, 195	1196	HIS	4, 198	1199	nuc	nuc	1
PRO	4, 196	1197	HIS	4, 198	1199	nuc	nuc	0.99
GLU	4, 197	1198	HIS	4, 198	1199	nuc	nuc	1
ALA	4, 20	1021	ASP	4, 199	1200	nuc	nuc	0.99
LEU	4, 21	1022	ASP	4, 199	1200	nuc	nuc	0.99
GLU	4, 197	1198	ASP	4, 199	1200	nuc	nuc	0.88
HIS	4, 198	1199	ASP	4, 199	1200	nuc	nuc	1
GLU	4, 197	1198	GLN	4, 200	1201	nuc	nuc	1
HIS	4, 198	1199	GLN	4, 200	1201	nuc	nuc	0.98
ASP	4, 199	1200	GLN	4, 200	1201	nuc	nuc	1
TRP	2, 78	458	ARG	4, 201	1202	nuc	nuc	0.79
LEU	2, 79	459	ARG	4, 201	1202	nuc	nuc	0.56
LEU	2, 245	625	ARG	4, 201	1202	nuc	nuc	0.99
PRO	2, 248	628	ARG	4, 201	1202	nuc	nuc	0.61
GLU	4, 195	1196	ARG	4, 201	1202	nuc	nuc	0.79
GLU	4, 197	1198	ARG	4, 201	1202	nuc	nuc	1
HIS	4, 198	1199	ARG	4, 201	1202	nuc	nuc	1
ASP	4, 199	1200	ARG	4, 201	1202	nuc	nuc	0.99
GLN	4, 200	1201	ARG	4, 201	1202	nuc	nuc	1
LEU	2, 245	625	LYS	4, 202	1203	nuc	nuc	0.86
PHE	2, 246	626	LYS	4, 202	1203	nuc	nuc	0.86
PRO	4, 17	1018	LYS	4, 202	1203	nuc	nuc	0.93
LEU	4, 18	1019	LYS	4, 202	1203	nuc	nuc	0.99
SER	4, 19	1020	LYS	4, 202	1203	nuc	nuc	0.9
ALA	4, 20	1021	LYS	4, 202	1203	nuc	nuc	0.98
HIS	4, 198	1199	LYS	4, 202	1203	nuc	nuc	0.99
ASP	4, 199	1200	LYS	4, 202	1203	nuc	nuc	1
GLN	4, 200	1201	LYS	4, 202	1203	nuc	nuc	0.97
ARG	4, 201	1202	LYS	4, 202	1203	nuc	nuc	1
ASP	4, 199	1200	ARG	4, 203	1204	nuc	nuc	0.99
GLN	4, 200	1201	ARG	4, 203	1204	nuc	nuc	1
ARG	4, 201	1202	ARG	4, 203	1204	nuc	nuc	0.99
LYS	4, 202	1203	ARG	4, 203	1204	nuc	nuc	1
LEU	2, 79	459	MET	4, 204	1205	nuc	nuc	0.66
LEU	2, 245	625	MET	4, 204	1205	nuc	nuc	0.99
GLN	4, 200	1201	MET	4, 204	1205	nuc	nuc	1
ARG	4, 201	1202	MET	4, 204	1205	nuc	nuc	1
LYS	4, 202	1203	MET	4, 204	1205	nuc	nuc	0.99
ARG	4, 203	1204	MET	4, 204	1205	nuc	nuc	1
LEU	2, 241	621	GLY	4, 205	1206	nuc	nuc	0.82
THR	2, 242	622	GLY	4, 205	1206	nuc	nuc	0.53
LEU	2, 245	625	GLY	4, 205	1206	nuc	nuc	0.99
PHE	2, 246	626	GLY	4, 205	1206	nuc	nuc	0.97
ARG	4, 201	1202	GLY	4, 205	1206	nuc	nuc	0.99
LYS	4, 202	1203	GLY	4, 205	1206	nuc	nuc	1
ARG	4, 203	1204	GLY	4, 205	1206	nuc	nuc	1
MET	4, 204	1205	GLY	4, 205	1206	nuc	nuc	1
LEU	4, 18	1019	LEU	4, 206	1207	nuc	nuc	0.99
LYS	4, 202	1203	LEU	4, 206	1207	nuc	nuc	0.99
ARG	4, 203	1204	LEU	4, 206	1207	nuc	nuc	1
MET	4, 204	1205	LEU	4, 206	1207	nuc	nuc	0.99
GLY	4, 205	1206	LEU	4, 206	1207	nuc	nuc	1
ARG	4, 203	1204	LYS	4, 207	1208	nuc	nuc	0.99
MET	4, 204	1205	LYS	4, 207	1208	nuc	nuc	1
GLY	4, 205	1206	LYS	4, 207	1208	nuc	nuc	1
LEU	4, 206	1207	LYS	4, 207	1208	nuc	nuc	1
LEU	2, 241	621	MET	4, 208	1209	nuc	nuc	1
THR	2, 242	622	MET	4, 208	1209	nuc	nuc	0.78
LEU	2, 245	625	MET	4, 208	1209	nuc	nuc	0.98
MET	4, 204	1205	MET	4, 208	1209	nuc	nuc	1
GLY	4, 205	1206	MET	4, 208	1209	nuc	nuc	1
LEU	4, 206	1207	MET	4, 208	1209	nuc	nuc	1
LYS	4, 207	1208	MET	4, 208	1209	nuc	nuc	1
THR	2, 242	622	LEU	4, 209	1210	nuc	nuc	0.84
GLY	4, 205	1206	LEU	4, 209	1210	nuc	nuc	1
LEU	4, 206	1207	LEU	4, 209	1210	nuc	nuc	1
LYS	4, 207	1208	LEU	4, 209	1210	nuc	nuc	0.99
MET	4, 208	1209	LEU	4, 209	1210	nuc	nuc	1
LEU	4, 206	1207	LEU	4, 210	1211	nuc	nuc	1
LYS	4, 207	1208	LEU	4, 210	1211	nuc	nuc	1
MET	4, 208	1209	LEU	4, 210	1211	nuc	nuc	0.99
LEU	4, 209	1210	LEU	4, 210	1211	nuc	nuc	1
LYS	4, 207	1208	ILE	4, 211	1212	nuc	nuc	1
MET	4, 208	1209	ILE	4, 211	1212	nuc	nuc	1
LEU	4, 209	1210	ILE	4, 211	1212	nuc	nuc	0.96
LEU	4, 210	1211	ILE	4, 211	1212	nuc	nuc	1
THR	2, 234	614	SER	4, 212	1213	nuc	nuc	0.94
LEU	2, 237	617	SER	4, 212	1213	nuc	nuc	0.9
THR	2, 238	618	SER	4, 212	1213	nuc	nuc	1
LEU	2, 241	621	SER	4, 212	1213	nuc	nuc	0.87
MET	4, 208	1209	SER	4, 212	1213	nuc	nuc	1
LEU	4, 209	1210	SER	4, 212	1213	nuc	nuc	1
LEU	4, 210	1211	SER	4, 212	1213	nuc	nuc	0.99
ILE	4, 211	1212	SER	4, 212	1213	nuc	nuc	1
LEU	4, 209	1210	ALA	4, 213	1214	nuc	nuc	1
LEU	4, 210	1211	ALA	4, 213	1214	nuc	nuc	1
ILE	4, 211	1212	ALA	4, 213	1214	nuc	nuc	0.99
SER	4, 212	1213	ALA	4, 213	1214	nuc	nuc	1
LEU	4, 210	1211	LEU	4, 214	1215	nuc	nuc	0.99
ILE	4, 211	1212	LEU	4, 214	1215	nuc	nuc	1
SER	4, 212	1213	LEU	4, 214	1215	nuc	nuc	0.99
ALA	4, 213	1214	LEU	4, 214	1215	nuc	nuc	1
THR	2, 234	614	LEU	4, 215	1216	nuc	nuc	0.99
ILE	4, 211	1212	LEU	4, 215	1216	nuc	nuc	1
SER	4, 212	1213	LEU	4, 215	1216	nuc	nuc	1
ALA	4, 213	1214	LEU	4, 215	1216	nuc	nuc	0.96
LEU	4, 214	1215	LEU	4, 215	1216	nuc	nuc	1
LEU	2, 231	611	THR	4, 216	1217	nuc	nuc	0.74
THR	2, 234	614	THR	4, 216	1217	nuc	nuc	0.99
LEU	2, 235	615	THR	4, 216	1217	nuc	nuc	0.98
THR	2, 238	618	THR	4, 216	1217	nuc	nuc	0.98
SER	4, 212	1213	THR	4, 216	1217	nuc	nuc	1
ALA	4, 213	1214	THR	4, 216	1217	nuc	nuc	1
LEU	4, 214	1215	THR	4, 216	1217	nuc	nuc	0.98
LEU	4, 215	1216	THR	4, 216	1217	nuc	nuc	1
ALA	4, 213	1214	SER	4, 217	1218	nuc	nuc	0.99
LEU	4, 214	1215	SER	4, 217	1218	nuc	nuc	1
LEU	4, 215	1216	SER	4, 217	1218	nuc	nuc	0.99
THR	4, 216	1217	SER	4, 217	1218	nuc	nuc	1
LEU	4, 214	1215	LEU	4, 218	1219	nuc	nuc	1
LEU	4, 215	1216	LEU	4, 218	1219	nuc	nuc	1
THR	4, 216	1217	LEU	4, 218	1219	nuc	nuc	0.99
SER	4, 217	1218	LEU	4, 218	1219	nuc	nuc	1
PHE	2, 227	607	LEU	4, 219	1220	nuc	nuc	0.77
ILE	2, 230	610	LEU	4, 219	1220	nuc	nuc	0.99
LEU	2, 231	611	LEU	4, 219	1220	nuc	nuc	0.99
THR	2, 234	614	LEU	4, 219	1220	nuc	nuc	0.99
LEU	4, 215	1216	LEU	4, 219	1220	nuc	nuc	1
THR	4, 216	1217	LEU	4, 219	1220	nuc	nuc	1
SER	4, 217	1218	LEU	4, 219	1220	nuc	nuc	0.98
LEU	4, 218	1219	LEU	4, 219	1220	nuc	nuc	1
LEU	2, 231	611	TYR	4, 220	1221	nuc	nuc	0.99
THR	4, 216	1217	TYR	4, 220	1221	nuc	nuc	1
SER	4, 217	1218	TYR	4, 220	1221	nuc	nuc	1
LEU	4, 218	1219	TYR	4, 220	1221	nuc	nuc	1
LEU	4, 219	1220	TYR	4, 220	1221	nuc	nuc	1
SER	4, 217	1218	TYR	4, 221	1222	nuc	nuc	0.99
LEU	4, 218	1219	TYR	4, 221	1222	nuc	nuc	1
LEU	4, 219	1220	TYR	4, 221	1222	nuc	nuc	1
TYR	4, 220	1221	TYR	4, 221	1222	nuc	nuc	1
PHE	2, 227	607	MET	4, 222	1223	nuc	nuc	0.99
LEU	4, 218	1219	MET	4, 222	1223	nuc	nuc	1
LEU	4, 219	1220	MET	4, 222	1223	nuc	nuc	1
TYR	4, 220	1221	MET	4, 222	1223	nuc	nuc	1
TYR	4, 221	1222	MET	4, 222	1223	nuc	nuc	1
PHE	2, 227	607	LYS	4, 223	1224	nuc	nuc	1
LYS	2, 228	608	LYS	4, 223	1224	nuc	nuc	0.99
LEU	2, 231	611	LYS	4, 223	1224	nuc	nuc	1
LEU	4, 219	1220	LYS	4, 223	1224	nuc	nuc	1
TYR	4, 220	1221	LYS	4, 223	1224	nuc	nuc	1
TYR	4, 221	1222	LYS	4, 223	1224	nuc	nuc	0.99
MET	4, 222	1223	LYS	4, 223	1224	nuc	nuc	1
TYR	4, 220	1221	ARG	4, 224	1225	nuc	nuc	1
TYR	4, 221	1222	ARG	4, 224	1225	nuc	nuc	1
MET	4, 222	1223	ARG	4, 224	1225	nuc	nuc	0.99
LYS	4, 223	1224	ARG	4, 224	1225	nuc	nuc	1
TYR	4, 221	1222	HIS	4, 225	1226	nuc	nuc	1
MET	4, 222	1223	HIS	4, 225	1226	nuc	nuc	1
LYS	4, 223	1224	HIS	4, 225	1226	nuc	nuc	1
ARG	4, 224	1225	HIS	4, 225	1226	nuc	nuc	1
PRO	2, 223	603	LYS	4, 226	1227	nuc	nuc	0.99
TYR	2, 224	604	LYS	4, 226	1227	nuc	nuc	0.99
PHE	2, 227	607	LYS	4, 226	1227	nuc	nuc	1
MET	4, 222	1223	LYS	4, 226	1227	nuc	nuc	1
LYS	4, 223	1224	LYS	4, 226	1227	nuc	nuc	1
ARG	4, 224	1225	LYS	4, 226	1227	nuc	nuc	0.95
HIS	4, 225	1226	LYS	4, 226	1227	nuc	nuc	1
TYR	2, 224	604	TRP	4, 227	1228	nuc	nuc	0.99
PHE	2, 227	607	TRP	4, 227	1228	nuc	nuc	0.59
LYS	2, 228	608	TRP	4, 227	1228	nuc	nuc	0.54
LYS	4, 223	1224	TRP	4, 227	1228	nuc	nuc	1
ARG	4, 224	1225	TRP	4, 227	1228	nuc	nuc	1
HIS	4, 225	1226	TRP	4, 227	1228	nuc	nuc	0.99
LYS	4, 226	1227	TRP	4, 227	1228	nuc	nuc	1
ARG	4, 224	1225	SER	4, 228	1229	nuc	nuc	1
HIS	4, 225	1226	SER	4, 228	1229	nuc	nuc	1
LYS	4, 226	1227	SER	4, 228	1229	nuc	nuc	1
TRP	4, 227	1228	SER	4, 228	1229	nuc	nuc	1
LYS	4, 226	1227	VAL	4, 229	1230	nuc	nuc	0.92
TRP	4, 227	1228	VAL	4, 229	1230	nuc	nuc	1
SER	4, 228	1229	VAL	4, 229	1230	nuc	nuc	1
SER	2, 26	406	LEU	4, 230	1231	nuc	nuc	0.97
ILE	2, 219	599	LEU	4, 230	1231	nuc	nuc	0.96
TYR	2, 224	604	LEU	4, 230	1231	nuc	nuc	0.91
TRP	4, 227	1228	LEU	4, 230	1231	nuc	nuc	1
SER	4, 228	1229	LEU	4, 230	1231	nuc	nuc	0.97
VAL	4, 229	1230	LEU	4, 230	1231	nuc	nuc	1
TRP	4, 227	1228	LYS	4, 231	1232	nuc	nuc	1
SER	4, 228	1229	LYS	4, 231	1232	nuc	nuc	1
VAL	4, 229	1230	LYS	4, 231	1232	nuc	nuc	0.96
LEU	4, 230	1231	LYS	4, 231	1232	nuc	nuc	1
SER	4, 228	1229	SER	4, 232	1233	nuc	nuc	0.99
VAL	4, 229	1230	SER	4, 232	1233	nuc	nuc	0.99
LEU	4, 230	1231	SER	4, 232	1233	nuc	nuc	0.93
LYS	4, 231	1232	SER	4, 232	1233	nuc	nuc	1
VAL	4, 229	1230	ARG	4, 233	1234	nuc	nuc	0.97
LEU	4, 230	1231	ARG	4, 233	1234	nuc	nuc	1
LYS	4, 231	1232	ARG	4, 233	1234	nuc	nuc	0.98
SER	4, 232	1233	ARG	4, 233	1234	nuc	nuc	1
SER	4, 232	1233	LYS	4, 234	1235	nuc	nuc	0.93
ARG	4, 233	1234	LYS	4, 234	1235	nuc	nuc	1
ARG	4, 233	1234	MET	4, 235	1236	nuc	nuc	1
LYS	4, 234	1235	MET	4, 235	1236	nuc	nuc	1
LYS	4, 234	1235	ALA	4, 236	1237	nuc	nuc	0.99
MET	4, 235	1236	ALA	4, 236	1237	nuc	nuc	1
MET	4, 235	1236	TYR	4, 237	1238	nuc	nuc	0.94
ALA	4, 236	1237	TYR	4, 237	1238	nuc	nuc	1
ALA	4, 236	1237	ARG	4, 238	1239	nuc	nuc	1
TYR	4, 237	1238	ARG	4, 238	1239	nuc	nuc	1
TYR	4, 237	1238	PRO	4, 239	1240	nuc	nuc	0.99
ARG	4, 238	1239	PRO	4, 239	1240	nuc	nuc	1
ARG	4, 238	1239	PRO	4, 240	1241	nuc	nuc	0.58
PRO	4, 239	1240	PRO	4, 240	1241	nuc	nuc	1
PRO	4, 239	1240	LYS	4, 241	1242	nuc	nuc	0.89
PRO	4, 240	1241	LYS	4, 241	1242	nuc	nuc	1
ALA	5, 1	1243	ALA	5, 2	1244	nuc	nuc	1
ALA	5, 1	1243	THR	5, 3	1245	nuc	nuc	0.71
ALA	5, 2	1244	THR	5, 3	1245	nuc	nuc	1
THR	5, 3	1245	TYR	5, 4	1246	nuc	nuc	1
THR	5, 3	1245	ALA	5, 5	1247	nuc	nuc	0.99
TYR	5, 4	1246	ALA	5, 5	1247	nuc	nuc	1
ALA	5, 2	1244	GLN	5, 6	1248	nuc	nuc	0.96
THR	5, 3	1245	GLN	5, 6	1248	nuc	nuc	0.98
TYR	5, 4	1246	GLN	5, 6	1248	nuc	nuc	0.96
ALA	5, 5	1247	GLN	5, 6	1248	nuc	nuc	1
ALA	5, 2	1244	THR	5, 7	1249	nuc	nuc	0.93
THR	5, 3	1245	THR	5, 7	1249	nuc	nuc	0.93
TYR	5, 4	1246	THR	5, 7	1249	nuc	nuc	0.99
ALA	5, 5	1247	THR	5, 7	1249	nuc	nuc	0.96
GLN	5, 6	1248	THR	5, 7	1249	nuc	nuc	1
TYR	5, 4	1246	LEU	5, 8	1250	nuc	nuc	0.97
ALA	5, 5	1247	LEU	5, 8	1250	nuc	nuc	0.99
GLN	5, 6	1248	LEU	5, 8	1250	nuc	nuc	0.98
THR	5, 7	1249	LEU	5, 8	1250	nuc	nuc	1
ALA	5, 5	1247	GLN	5, 9	1251	nuc	nuc	0.9
GLN	5, 6	1248	GLN	5, 9	1251	nuc	nuc	0.98
THR	5, 7	1249	GLN	5, 9	1251	nuc	nuc	0.97
LEU	5, 8	1250	GLN	5, 9	1251	nuc	nuc	1
GLN	5, 6	1248	ASN	5, 10	1252	nuc	nuc	0.88
THR	5, 7	1249	ASN	5, 10	1252	nuc	nuc	0.98
LEU	5, 8	1250	ASN	5, 10	1252	nuc	nuc	0.91
GLN	5, 9	1251	ASN	5, 10	1252	nuc	nuc	1
THR	5, 7	1249	ILE	5, 11	1253	nuc	nuc	0.81
LEU	5, 8	1250	ILE	5, 11	1253	nuc	nuc	0.97
GLN	5, 9	1251	ILE	5, 11	1253	nuc	nuc	0.92
ASN	5, 10	1252	ILE	5, 11	1253	nuc	nuc	1
ILE	5, 11	1253	PRO	5, 12	1254	nuc	nuc	1
ILE	5, 11	1253	GLU	5, 13	1255	nuc	nuc	0.62
PRO	5, 12	1254	GLU	5, 13	1255	nuc	nuc	1
PRO	5, 12	1254	THR	5, 14	1256	nuc	nuc	0.74
GLU	5, 13	1255	THR	5, 14	1256	nuc	nuc	1
GLU	5, 13	1255	ASN	5, 15	1257	nuc	nuc	0.97
THR	5, 14	1256	ASN	5, 15	1257	nuc	nuc	1
THR	5, 14	1256	VAL	5, 16	1258	nuc	nuc	0.99
ASN	5, 15	1257	VAL	5, 16	1258	nuc	nuc	1
ASN	5, 15	1257	THR	5, 17	1259	nuc	nuc	0.98
VAL	5, 16	1258	THR	5, 17	1259	nuc	nuc	1
VAL	5, 16	1258	THR	5, 18	1260	nuc	nuc	0.95
THR	5, 17	1259	THR	5, 18	1260	nuc	nuc	1
THR	5, 17	1259	LEU	5, 19	1261	nuc	nuc	0.97
THR	5, 18	1260	LEU	5, 19	1261	nuc	nuc	1
LEU	5, 19	1261	ASP	5, 20	1262	nuc	nuc	1
LEU	5, 19	1261	ASN	5, 21	1263	nuc	nuc	1
ASP	5, 20	1262	ASN	5, 21	1263	nuc	nuc	1
THR	5, 18	1260	GLY	5, 22	1264	nuc	nuc	0.98
LEU	5, 19	1261	GLY	5, 22	1264	nuc	nuc	0.99
ASP	5, 20	1262	GLY	5, 22	1264	nuc	nuc	0.99
ASN	5, 21	1263	GLY	5, 22	1264	nuc	nuc	1
THR	5, 18	1260	LEU	5, 23	1265	nuc	nuc	0.94
LEU	5, 19	1261	LEU	5, 23	1265	nuc	nuc	0.98
ASN	5, 21	1263	LEU	5, 23	1265	nuc	nuc	0.99
GLY	5, 22	1264	LEU	5, 23	1265	nuc	nuc	1
VAL	5, 16	1258	ARG	5, 24	1266	nuc	nuc	0.99
THR	5, 17	1259	ARG	5, 24	1266	nuc	nuc	0.88
THR	5, 18	1260	ARG	5, 24	1266	nuc	nuc	1
LEU	5, 19	1261	ARG	5, 24	1266	nuc	nuc	0.64
GLY	5, 22	1264	ARG	5, 24	1266	nuc	nuc	0.99
LEU	5, 23	1265	ARG	5, 24	1266	nuc	nuc	1
VAL	5, 16	1258	VAL	5, 25	1267	nuc	nuc	0.96
THR	5, 17	1259	VAL	5, 25	1267	nuc	nuc	0.99
THR	5, 18	1260	VAL	5, 25	1267	nuc	nuc	0.81
LEU	5, 19	1261	VAL	5, 25	1267	nuc	nuc	0.98
LEU	5, 23	1265	VAL	5, 25	1267	nuc	nuc	0.99
ARG	5, 24	1266	VAL	5, 25	1267	nuc	nuc	1
THR	5, 14	1256	ALA	5, 26	1268	nuc	nuc	0.99
ASN	5, 15	1257	ALA	5, 26	1268	nuc	nuc	0.99
VAL	5, 16	1258	ALA	5, 26	1268	nuc	nuc	1
THR	5, 17	1259	ALA	5, 26	1268	nuc	nuc	0.75
ARG	5, 24	1266	ALA	5, 26	1268	nuc	nuc	1
VAL	5, 25	1267	ALA	5, 26	1268	nuc	nuc	1
THR	5, 14	1256	SER	5, 27	1269	nuc	nuc	0.96
ASN	5, 15	1257	SER	5, 27	1269	nuc	nuc	0.99
VAL	5, 25	1267	SER	5, 27	1269	nuc	nuc	0.98
ALA	5, 26	1268	SER	5, 27	1269	nuc	nuc	1
PRO	5, 12	1254	GLU	5, 28	1270	nuc	nuc	0.98
THR	5, 14	1256	GLU	5, 28	1270	nuc	nuc	1
ASN	5, 15	1257	GLU	5, 28	1270	nuc	nuc	0.77
ALA	5, 26	1268	GLU	5, 28	1270	nuc	nuc	0.72
SER	5, 27	1269	GLU	5, 28	1270	nuc	nuc	1
PRO	5, 12	1254	GLU	5, 29	1271	nuc	nuc	0.96
ASN	5, 15	1257	GLU	5, 29	1271	nuc	nuc	0.66
SER	5, 27	1269	GLU	5, 29	1271	nuc	nuc	1
GLU	5, 28	1270	GLU	5, 29	1271	nuc	nuc	1
PRO	5, 12	1254	SER	5, 30	1272	nuc	nuc	0.88
GLU	5, 28	1270	SER	5, 30	1272	nuc	nuc	0.99
GLU	5, 29	1271	SER	5, 30	1272	nuc	nuc	1
SER	5, 30	1272	SER	5, 31	1273	nuc	nuc	1
SER	5, 30	1272	GLN	5, 32	1274	nuc	nuc	1
SER	5, 31	1273	GLN	5, 32	1274	nuc	nuc	1
GLN	5, 32	1274	PRO	5, 33	1275	nuc	nuc	1
GLN	5, 32	1274	THR	5, 34	1276	nuc	nuc	1
PRO	5, 33	1275	THR	5, 34	1276	nuc	nuc	1
GLN	5, 32	1274	CYS	5, 35	1277	nuc	nuc	0.79
THR	5, 34	1276	CYS	5, 35	1277	nuc	nuc	1
THR	5, 34	1276	THR	5, 36	1278	nuc	nuc	0.85
CYS	5, 35	1277	THR	5, 36	1278	nuc	nuc	1
CYS	5, 35	1277	VAL	5, 37	1279	nuc	nuc	1
THR	5, 36	1278	VAL	5, 37	1279	nuc	nuc	1
THR	5, 36	1278	GLY	5, 38	1280	nuc	nuc	1
VAL	5, 37	1279	GLY	5, 38	1280	nuc	nuc	1
GLY	5, 38	1280	VAL	5, 39	1281	nuc	nuc	1
GLY	5, 38	1280	TRP	5, 40	1282	nuc	nuc	1
VAL	5, 39	1281	TRP	5, 40	1282	nuc	nuc	1
VAL	5, 39	1281	ILE	5, 41	1283	nuc	nuc	1
TRP	5, 40	1282	ILE	5, 41	1283	nuc	nuc	1
TRP	5, 40	1282	GLY	5, 42	1284	nuc	nuc	1
ILE	5, 41	1283	GLY	5, 42	1284	nuc	nuc	1
ILE	5, 41	1283	ALA	5, 43	1285	nuc	nuc	1
GLY	5, 42	1284	ALA	5, 43	1285	nuc	nuc	1
GLY	5, 42	1284	GLY	5, 44	1286	nuc	nuc	1
ALA	5, 43	1285	GLY	5, 44	1286	nuc	nuc	1
GLY	5, 44	1286	SER	5, 45	1287	nuc	nuc	1
GLY	5, 44	1286	ARG	5, 46	1288	nuc	nuc	1
SER	5, 45	1287	ARG	5, 46	1288	nuc	nuc	1
ALA	5, 43	1285	TYR	5, 47	1289	nuc	nuc	0.99
GLY	5, 44	1286	TYR	5, 47	1289	nuc	nuc	1
SER	5, 45	1287	TYR	5, 47	1289	nuc	nuc	0.98
ARG	5, 46	1288	TYR	5, 47	1289	nuc	nuc	1
GLY	5, 44	1286	GLU	5, 48	1290	nuc	nuc	0.96
SER	5, 45	1287	GLU	5, 48	1290	nuc	nuc	0.99
ARG	5, 46	1288	GLU	5, 48	1290	nuc	nuc	0.97
TYR	5, 47	1289	GLU	5, 48	1290	nuc	nuc	1
GLU	5, 48	1290	ASN	5, 49	1291	nuc	nuc	1
ASN	5, 49	1291	GLU	5, 50	1292	nuc	nuc	1
ASN	5, 49	1291	LYS	5, 51	1293	nuc	nuc	0.99
GLU	5, 50	1292	LYS	5, 51	1293	nuc	nuc	1
GLU	5, 48	1290	ASN	5, 52	1294	nuc	nuc	1
ASN	5, 49	1291	ASN	5, 52	1294	nuc	nuc	1
GLU	5, 50	1292	ASN	5, 52	1294	nuc	nuc	0.56
LYS	5, 51	1293	ASN	5, 52	1294	nuc	nuc	1
SER	5, 45	1287	ASN	5, 53	1295	nuc	nuc	0.94
GLU	5, 48	1290	ASN	5, 53	1295	nuc	nuc	0.99
ASN	5, 49	1291	ASN	5, 53	1295	nuc	nuc	0.95
GLU	5, 50	1292	ASN	5, 53	1295	nuc	nuc	0.98
LYS	5, 51	1293	ASN	5, 53	1295	nuc	nuc	0.93
ASN	5, 52	1294	ASN	5, 53	1295	nuc	nuc	1
SER	5, 45	1287	GLY	5, 54	1296	nuc	nuc	0.92
GLU	5, 48	1290	GLY	5, 54	1296	nuc	nuc	0.98
ASN	5, 52	1294	GLY	5, 54	1296	nuc	nuc	1
ASN	5, 53	1295	GLY	5, 54	1296	nuc	nuc	1
GLU	5, 48	1290	ALA	5, 55	1297	nuc	nuc	0.99
ASN	5, 52	1294	ALA	5, 55	1297	nuc	nuc	0.99
ASN	5, 53	1295	ALA	5, 55	1297	nuc	nuc	0.98
GLY	5, 54	1296	ALA	5, 55	1297	nuc	nuc	1
ALA	5, 43	1285	GLY	5, 56	1298	nuc	nuc	0.83
GLY	5, 44	1286	GLY	5, 56	1298	nuc	nuc	0.99
SER	5, 45	1287	GLY	5, 56	1298	nuc	nuc	0.91
GLU	5, 48	1290	GLY	5, 56	1298	nuc	nuc	0.96
GLY	5, 54	1296	GLY	5, 56	1298	nuc	nuc	1
ALA	5, 55	1297	GLY	5, 56	1298	nuc	nuc	1
SER	5, 45	1287	TYR	5, 57	1299	nuc	nuc	0.69
GLY	5, 54	1296	TYR	5, 57	1299	nuc	nuc	1
ALA	5, 55	1297	TYR	5, 57	1299	nuc	nuc	0.97
GLY	5, 56	1298	TYR	5, 57	1299	nuc	nuc	1
GLY	5, 54	1296	PHE	5, 58	1300	nuc	nuc	0.99
ALA	5, 55	1297	PHE	5, 58	1300	nuc	nuc	1
GLY	5, 56	1298	PHE	5, 58	1300	nuc	nuc	1
TYR	5, 57	1299	PHE	5, 58	1300	nuc	nuc	1
ALA	5, 55	1297	VAL	5, 59	1301	nuc	nuc	0.99
GLY	5, 56	1298	VAL	5, 59	1301	nuc	nuc	1
TYR	5, 57	1299	VAL	5, 59	1301	nuc	nuc	0.99
PHE	5, 58	1300	VAL	5, 59	1301	nuc	nuc	1
GLY	5, 56	1298	GLU	5, 60	1302	nuc	nuc	1
TYR	5, 57	1299	GLU	5, 60	1302	nuc	nuc	1
PHE	5, 58	1300	GLU	5, 60	1302	nuc	nuc	1
VAL	5, 59	1301	GLU	5, 60	1302	nuc	nuc	1
TYR	5, 57	1299	HIS	5, 61	1303	nuc	nuc	0.99
PHE	5, 58	1300	HIS	5, 61	1303	nuc	nuc	1
VAL	5, 59	1301	HIS	5, 61	1303	nuc	nuc	0.99
GLU	5, 60	1302	HIS	5, 61	1303	nuc	nuc	1
PHE	5, 58	1300	LEU	5, 62	1304	nuc	nuc	0.99
VAL	5, 59	1301	LEU	5, 62	1304	nuc	nuc	1
GLU	5, 60	1302	LEU	5, 62	1304	nuc	nuc	0.96
HIS	5, 61	1303	LEU	5, 62	1304	nuc	nuc	1
VAL	5, 59	1301	ALA	5, 63	1305	nuc	nuc	0.99
GLU	5, 60	1302	ALA	5, 63	1305	nuc	nuc	1
HIS	5, 61	1303	ALA	5, 63	1305	nuc	nuc	0.98
LEU	5, 62	1304	ALA	5, 63	1305	nuc	nuc	1
HIS	5, 61	1303	PHE	5, 64	1306	nuc	nuc	0.84
LEU	5, 62	1304	PHE	5, 64	1306	nuc	nuc	0.94
ALA	5, 63	1305	PHE	5, 64	1306	nuc	nuc	1
HIS	5, 61	1303	LYS	5, 65	1307	nuc	nuc	0.82
LEU	5, 62	1304	LYS	5, 65	1307	nuc	nuc	0.99
ALA	5, 63	1305	LYS	5, 65	1307	nuc	nuc	0.96
PHE	5, 64	1306	LYS	5, 65	1307	nuc	nuc	1
ALA	5, 63	1305	GLY	5, 66	1308	nuc	nuc	0.59
PHE	5, 64	1306	GLY	5, 66	1308	nuc	nuc	0.98
LYS	5, 65	1307	GLY	5, 66	1308	nuc	nuc	1
GLY	5, 66	1308	THR	5, 67	1309	nuc	nuc	1
THR	5, 67	1309	LYS	5, 68	1310	nuc	nuc	1
THR	5, 67	1309	LYS	5, 69	1311	nuc	nuc	0.99
LYS	5, 68	1310	LYS	5, 69	1311	nuc	nuc	1
GLY	5, 66	1308	ARG	5, 70	1312	nuc	nuc	0.94
THR	5, 67	1309	ARG	5, 70	1312	nuc	nuc	0.98
LYS	5, 69	1311	ARG	5, 70	1312	nuc	nuc	1
GLY	5, 66	1308	PRO	5, 71	1313	nuc	nuc	0.95
THR	5, 67	1309	PRO	5, 71	1313	nuc	nuc	0.61
ARG	5, 70	1312	PRO	5, 71	1313	nuc	nuc	1
LYS	5, 65	1307	CYS	5, 72	1314	nuc	nuc	0.99
GLY	5, 66	1308	CYS	5, 72	1314	nuc	nuc	0.99
PRO	5, 71	1313	CYS	5, 72	1314	nuc	nuc	1
PRO	5, 71	1313	ALA	5, 73	1315	nuc	nuc	0.98
CYS	5, 72	1314	ALA	5, 73	1315	nuc	nuc	1
ARG	5, 70	1312	ALA	5, 74	1316	nuc	nuc	0.99
PRO	5, 71	1313	ALA	5, 74	1316	nuc	nuc	0.99
CYS	5, 72	1314	ALA	5, 74	1316	nuc	nuc	0.96
ALA	5, 73	1315	ALA	5, 74	1316	nuc	nuc	1
GLY	5, 66	1308	PHE	5, 75	1317	nuc	nuc	0.99
THR	5, 67	1309	PHE	5, 75	1317	nuc	nuc	0.97
ARG	5, 70	1312	PHE	5, 75	1317	nuc	nuc	0.98
PRO	5, 71	1313	PHE	5, 75	1317	nuc	nuc	0.97
CYS	5, 72	1314	PHE	5, 75	1317	nuc	nuc	0.99
ALA	5, 73	1315	PHE	5, 75	1317	nuc	nuc	0.98
ALA	5, 74	1316	PHE	5, 75	1317	nuc	nuc	1
CYS	5, 72	1314	GLU	5, 76	1318	nuc	nuc	0.98
ALA	5, 73	1315	GLU	5, 76	1318	nuc	nuc	0.99
ALA	5, 74	1316	GLU	5, 76	1318	nuc	nuc	0.97
PHE	5, 75	1317	GLU	5, 76	1318	nuc	nuc	1
ALA	5, 73	1315	LYS	5, 77	1319	nuc	nuc	0.99
ALA	5, 74	1316	LYS	5, 77	1319	nuc	nuc	1
PHE	5, 75	1317	LYS	5, 77	1319	nuc	nuc	0.99
GLU	5, 76	1318	LYS	5, 77	1319	nuc	nuc	1
ARG	5, 70	1312	GLU	5, 78	1320	nuc	nuc	0.94
ALA	5, 74	1316	GLU	5, 78	1320	nuc	nuc	0.98
PHE	5, 75	1317	GLU	5, 78	1320	nuc	nuc	1
GLU	5, 76	1318	GLU	5, 78	1320	nuc	nuc	0.98
LYS	5, 77	1319	GLU	5, 78	1320	nuc	nuc	1
PHE	5, 75	1317	VAL	5, 79	1321	nuc	nuc	0.99
GLU	5, 76	1318	VAL	5, 79	1321	nuc	nuc	0.99
LYS	5, 77	1319	VAL	5, 79	1321	nuc	nuc	0.91
GLU	5, 78	1320	VAL	5, 79	1321	nuc	nuc	1
GLU	5, 76	1318	GLU	5, 80	1322	nuc	nuc	0.99
LYS	5, 77	1319	GLU	5, 80	1322	nuc	nuc	1
GLU	5, 78	1320	GLU	5, 80	1322	nuc	nuc	0.93
VAL	5, 79	1321	GLU	5, 80	1322	nuc	nuc	1
LYS	5, 77	1319	SER	5, 81	1323	nuc	nuc	0.99
GLU	5, 78	1320	SER	5, 81	1323	nuc	nuc	1
VAL	5, 79	1321	SER	5, 81	1323	nuc	nuc	0.98
GLU	5, 80	1322	SER	5, 81	1323	nuc	nuc	1
GLU	5, 78	1320	MET	5, 82	1324	nuc	nuc	0.96
VAL	5, 79	1321	MET	5, 82	1324	nuc	nuc	0.99
GLU	5, 80	1322	MET	5, 82	1324	nuc	nuc	0.94
SER	5, 81	1323	MET	5, 82	1324	nuc	nuc	1
VAL	5, 79	1321	GLY	5, 83	1325	nuc	nuc	0.9
GLU	5, 80	1322	GLY	5, 83	1325	nuc	nuc	0.99
SER	5, 81	1323	GLY	5, 83	1325	nuc	nuc	1
MET	5, 82	1324	GLY	5, 83	1325	nuc	nuc	1
VAL	5, 79	1321	ALA	5, 84	1326	nuc	nuc	0.99
GLU	5, 80	1322	ALA	5, 84	1326	nuc	nuc	0.74
MET	5, 82	1324	ALA	5, 84	1326	nuc	nuc	1
GLY	5, 83	1325	ALA	5, 84	1326	nuc	nuc	1
GLY	5, 83	1325	HIS	5, 85	1327	nuc	nuc	0.96
ALA	5, 84	1326	HIS	5, 85	1327	nuc	nuc	1
PHE	5, 64	1306	PHE	5, 86	1328	nuc	nuc	0.95
VAL	5, 79	1321	PHE	5, 86	1328	nuc	nuc	0.99
ALA	5, 84	1326	PHE	5, 86	1328	nuc	nuc	1
HIS	5, 85	1327	PHE	5, 86	1328	nuc	nuc	1
HIS	5, 85	1327	ASN	5, 87	1329	nuc	nuc	1
PHE	5, 86	1328	ASN	5, 87	1329	nuc	nuc	1
GLU	5, 60	1302	GLY	5, 88	1330	nuc	nuc	0.98
PHE	5, 86	1328	GLY	5, 88	1330	nuc	nuc	0.87
ASN	5, 87	1329	GLY	5, 88	1330	nuc	nuc	1
GLU	5, 60	1302	TYR	5, 89	1331	nuc	nuc	0.85
ASN	5, 87	1329	TYR	5, 89	1331	nuc	nuc	0.91
GLY	5, 88	1330	TYR	5, 89	1331	nuc	nuc	1
GLY	5, 44	1286	THR	5, 90	1332	nuc	nuc	0.99
SER	5, 45	1287	THR	5, 90	1332	nuc	nuc	0.79
GLY	5, 56	1298	THR	5, 90	1332	nuc	nuc	0.99
TYR	5, 57	1299	THR	5, 90	1332	nuc	nuc	1
GLU	5, 60	1302	THR	5, 90	1332	nuc	nuc	1
GLY	5, 88	1330	THR	5, 90	1332	nuc	nuc	0.79
TYR	5, 89	1331	THR	5, 90	1332	nuc	nuc	1
GLY	5, 44	1286	SER	5, 91	1333	nuc	nuc	0.98
SER	5, 45	1287	SER	5, 91	1333	nuc	nuc	0.68
TYR	5, 89	1331	SER	5, 91	1333	nuc	nuc	1
THR	5, 90	1332	SER	5, 91	1333	nuc	nuc	1
GLY	5, 44	1286	ARG	5, 92	1334	nuc	nuc	1
SER	5, 45	1287	ARG	5, 92	1334	nuc	nuc	1
ARG	5, 46	1288	ARG	5, 92	1334	nuc	nuc	0.99
SER	5, 91	1333	ARG	5, 92	1334	nuc	nuc	1
GLY	5, 42	1284	GLU	5, 93	1335	nuc	nuc	0.98
GLY	5, 44	1286	GLU	5, 93	1335	nuc	nuc	1
ARG	5, 46	1288	GLU	5, 93	1335	nuc	nuc	0.99
SER	5, 91	1333	GLU	5, 93	1335	nuc	nuc	1
ARG	5, 92	1334	GLU	5, 93	1335	nuc	nuc	1
TRP	5, 40	1282	GLN	5, 94	1336	nuc	nuc	0.99
ILE	5, 41	1283	GLN	5, 94	1336	nuc	nuc	0.93
GLY	5, 42	1284	GLN	5, 94	1336	nuc	nuc	1
ALA	5, 43	1285	GLN	5, 94	1336	nuc	nuc	0.82
GLY	5, 44	1286	GLN	5, 94	1336	nuc	nuc	0.98
THR	5, 90	1332	GLN	5, 94	1336	nuc	nuc	0.69
SER	5, 91	1333	GLN	5, 94	1336	nuc	nuc	1
ARG	5, 92	1334	GLN	5, 94	1336	nuc	nuc	0.6
GLU	5, 93	1335	GLN	5, 94	1336	nuc	nuc	1
TRP	5, 40	1282	THR	5, 95	1337	nuc	nuc	0.88
ILE	5, 41	1283	THR	5, 95	1337	nuc	nuc	1
GLY	5, 42	1284	THR	5, 95	1337	nuc	nuc	0.99
ALA	5, 43	1285	THR	5, 95	1337	nuc	nuc	1
GLY	5, 44	1286	THR	5, 95	1337	nuc	nuc	1
GLY	5, 56	1298	THR	5, 95	1337	nuc	nuc	0.93
GLU	5, 60	1302	THR	5, 95	1337	nuc	nuc	0.96
TYR	5, 89	1331	THR	5, 95	1337	nuc	nuc	0.95
THR	5, 90	1332	THR	5, 95	1337	nuc	nuc	1
SER	5, 91	1333	THR	5, 95	1337	nuc	nuc	0.96
GLN	5, 94	1336	THR	5, 95	1337	nuc	nuc	1
GLY	5, 38	1280	ALA	5, 96	1338	nuc	nuc	0.96
VAL	5, 39	1281	ALA	5, 96	1338	nuc	nuc	0.98
TRP	5, 40	1282	ALA	5, 96	1338	nuc	nuc	1
ILE	5, 41	1283	ALA	5, 96	1338	nuc	nuc	0.97
GLY	5, 88	1330	ALA	5, 96	1338	nuc	nuc	1
TYR	5, 89	1331	ALA	5, 96	1338	nuc	nuc	1
GLN	5, 94	1336	ALA	5, 96	1338	nuc	nuc	1
THR	5, 95	1337	ALA	5, 96	1338	nuc	nuc	1
GLY	5, 38	1280	PHE	5, 97	1339	nuc	nuc	1
VAL	5, 39	1281	PHE	5, 97	1339	nuc	nuc	1
ALA	5, 63	1305	PHE	5, 97	1339	nuc	nuc	0.99
PHE	5, 86	1328	PHE	5, 97	1339	nuc	nuc	0.67
ASN	5, 87	1329	PHE	5, 97	1339	nuc	nuc	0.53
GLY	5, 88	1330	PHE	5, 97	1339	nuc	nuc	1
THR	5, 95	1337	PHE	5, 97	1339	nuc	nuc	0.94
ALA	5, 96	1338	PHE	5, 97	1339	nuc	nuc	1
THR	5, 36	1278	TYR	5, 98	1340	nuc	nuc	1
VAL	5, 37	1279	TYR	5, 98	1340	nuc	nuc	0.99
GLY	5, 38	1280	TYR	5, 98	1340	nuc	nuc	1
VAL	5, 39	1281	TYR	5, 98	1340	nuc	nuc	0.93
PHE	5, 86	1328	TYR	5, 98	1340	nuc	nuc	0.68
ASN	5, 87	1329	TYR	5, 98	1340	nuc	nuc	1
GLY	5, 88	1330	TYR	5, 98	1340	nuc	nuc	1
ALA	5, 96	1338	TYR	5, 98	1340	nuc	nuc	1
PHE	5, 97	1339	TYR	5, 98	1340	nuc	nuc	1
THR	5, 36	1278	ILE	5, 99	1341	nuc	nuc	0.98
VAL	5, 37	1279	ILE	5, 99	1341	nuc	nuc	1
GLY	5, 38	1280	ILE	5, 99	1341	nuc	nuc	1
VAL	5, 79	1321	ILE	5, 99	1341	nuc	nuc	0.87
ALA	5, 84	1326	ILE	5, 99	1341	nuc	nuc	1
HIS	5, 85	1327	ILE	5, 99	1341	nuc	nuc	0.99
PHE	5, 86	1328	ILE	5, 99	1341	nuc	nuc	1
ASN	5, 87	1329	ILE	5, 99	1341	nuc	nuc	0.56
PHE	5, 97	1339	ILE	5, 99	1341	nuc	nuc	0.73
TYR	5, 98	1340	ILE	5, 99	1341	nuc	nuc	1
THR	5, 34	1276	LYS	5, 100	1342	nuc	nuc	0.97
CYS	5, 35	1277	LYS	5, 100	1342	nuc	nuc	0.87
THR	5, 36	1278	LYS	5, 100	1342	nuc	nuc	1
ALA	5, 84	1326	LYS	5, 100	1342	nuc	nuc	0.99
HIS	5, 85	1327	LYS	5, 100	1342	nuc	nuc	1
ASN	5, 87	1329	LYS	5, 100	1342	nuc	nuc	0.63
TYR	5, 98	1340	LYS	5, 100	1342	nuc	nuc	0.99
ILE	5, 99	1341	LYS	5, 100	1342	nuc	nuc	1
THR	5, 34	1276	ALA	5, 101	1343	nuc	nuc	0.94
CYS	5, 35	1277	ALA	5, 101	1343	nuc	nuc	0.99
THR	5, 36	1278	ALA	5, 101	1343	nuc	nuc	0.64
VAL	5, 37	1279	ALA	5, 101	1343	nuc	nuc	0.79
MET	5, 82	1324	ALA	5, 101	1343	nuc	nuc	0.97
GLY	5, 83	1325	ALA	5, 101	1343	nuc	nuc	0.97
ALA	5, 84	1326	ALA	5, 101	1343	nuc	nuc	1
HIS	5, 85	1327	ALA	5, 101	1343	nuc	nuc	0.83
ILE	5, 99	1341	ALA	5, 101	1343	nuc	nuc	1
LYS	5, 100	1342	ALA	5, 101	1343	nuc	nuc	1
PRO	5, 33	1275	LEU	5, 102	1344	nuc	nuc	0.97
THR	5, 34	1276	LEU	5, 102	1344	nuc	nuc	0.99
CYS	5, 35	1277	LEU	5, 102	1344	nuc	nuc	0.96
MET	5, 82	1324	LEU	5, 102	1344	nuc	nuc	0.67
GLY	5, 83	1325	LEU	5, 102	1344	nuc	nuc	0.56
ALA	5, 84	1326	LEU	5, 102	1344	nuc	nuc	0.52
ALA	5, 101	1343	LEU	5, 102	1344	nuc	nuc	1
GLN	5, 32	1274	SER	5, 103	1345	nuc	nuc	0.8
PRO	5, 33	1275	SER	5, 103	1345	nuc	nuc	0.99
THR	5, 34	1276	SER	5, 103	1345	nuc	nuc	0.99
CYS	5, 35	1277	SER	5, 103	1345	nuc	nuc	1
ALA	5, 101	1343	SER	5, 103	1345	nuc	nuc	0.58
LEU	5, 102	1344	SER	5, 103	1345	nuc	nuc	1
LEU	5, 102	1344	LYS	5, 104	1346	nuc	nuc	1
SER	5, 103	1345	LYS	5, 104	1346	nuc	nuc	1
MET	5, 82	1324	ASP	5, 105	1347	nuc	nuc	0.99
ALA	5, 84	1326	ASP	5, 105	1347	nuc	nuc	0.9
ALA	5, 101	1343	ASP	5, 105	1347	nuc	nuc	0.99
LEU	5, 102	1344	ASP	5, 105	1347	nuc	nuc	0.99
SER	5, 103	1345	ASP	5, 105	1347	nuc	nuc	0.95
LYS	5, 104	1346	ASP	5, 105	1347	nuc	nuc	1
CYS	5, 35	1277	MET	5, 106	1348	nuc	nuc	0.99
VAL	5, 37	1279	MET	5, 106	1348	nuc	nuc	0.98
ALA	5, 101	1343	MET	5, 106	1348	nuc	nuc	0.86
SER	5, 103	1345	MET	5, 106	1348	nuc	nuc	0.99
LYS	5, 104	1346	MET	5, 106	1348	nuc	nuc	0.96
ASP	5, 105	1347	MET	5, 106	1348	nuc	nuc	1
ASP	5, 105	1347	PRO	5, 107	1349	nuc	nuc	0.96
MET	5, 106	1348	PRO	5, 107	1349	nuc	nuc	1
MET	5, 82	1324	LYS	5, 108	1350	nuc	nuc	0.92
ASP	5, 105	1347	LYS	5, 108	1350	nuc	nuc	1
MET	5, 106	1348	LYS	5, 108	1350	nuc	nuc	0.96
PRO	5, 107	1349	LYS	5, 108	1350	nuc	nuc	1
VAL	5, 37	1279	VAL	5, 109	1351	nuc	nuc	1
ALA	5, 84	1326	VAL	5, 109	1351	nuc	nuc	0.97
ILE	5, 99	1341	VAL	5, 109	1351	nuc	nuc	1
ALA	5, 101	1343	VAL	5, 109	1351	nuc	nuc	1
ASP	5, 105	1347	VAL	5, 109	1351	nuc	nuc	0.99
MET	5, 106	1348	VAL	5, 109	1351	nuc	nuc	1
PRO	5, 107	1349	VAL	5, 109	1351	nuc	nuc	0.98
LYS	5, 108	1350	VAL	5, 109	1351	nuc	nuc	1
VAL	5, 37	1279	VAL	5, 110	1352	nuc	nuc	0.99
MET	5, 106	1348	VAL	5, 110	1352	nuc	nuc	0.98
PRO	5, 107	1349	VAL	5, 110	1352	nuc	nuc	0.99
LYS	5, 108	1350	VAL	5, 110	1352	nuc	nuc	0.97
VAL	5, 109	1351	VAL	5, 110	1352	nuc	nuc	1
PRO	5, 107	1349	GLU	5, 111	1353	nuc	nuc	0.97
LYS	5, 108	1350	GLU	5, 111	1353	nuc	nuc	1
VAL	5, 109	1351	GLU	5, 111	1353	nuc	nuc	0.99
VAL	5, 110	1352	GLU	5, 111	1353	nuc	nuc	1
PHE	5, 75	1317	LEU	5, 112	1354	nuc	nuc	0.59
GLU	5, 78	1320	LEU	5, 112	1354	nuc	nuc	0.85
VAL	5, 79	1321	LEU	5, 112	1354	nuc	nuc	0.97
ILE	5, 99	1341	LEU	5, 112	1354	nuc	nuc	0.97
LYS	5, 108	1350	LEU	5, 112	1354	nuc	nuc	0.99
VAL	5, 109	1351	LEU	5, 112	1354	nuc	nuc	1
VAL	5, 110	1352	LEU	5, 112	1354	nuc	nuc	0.99
GLU	5, 111	1353	LEU	5, 112	1354	nuc	nuc	1
VAL	5, 37	1279	LEU	5, 113	1355	nuc	nuc	0.98
GLY	5, 38	1280	LEU	5, 113	1355	nuc	nuc	1
VAL	5, 39	1281	LEU	5, 113	1355	nuc	nuc	1
PHE	5, 97	1339	LEU	5, 113	1355	nuc	nuc	0.99
ILE	5, 99	1341	LEU	5, 113	1355	nuc	nuc	0.99
VAL	5, 109	1351	LEU	5, 113	1355	nuc	nuc	0.99
VAL	5, 110	1352	LEU	5, 113	1355	nuc	nuc	1
GLU	5, 111	1353	LEU	5, 113	1355	nuc	nuc	0.98
LEU	5, 112	1354	LEU	5, 113	1355	nuc	nuc	1
VAL	5, 110	1352	ALA	5, 114	1356	nuc	nuc	0.99
GLU	5, 111	1353	ALA	5, 114	1356	nuc	nuc	1
LEU	5, 112	1354	ALA	5, 114	1356	nuc	nuc	0.99
LEU	5, 113	1355	ALA	5, 114	1356	nuc	nuc	1
THR	5, 67	1309	ASP	5, 115	1357	nuc	nuc	0.99
LYS	5, 69	1311	ASP	5, 115	1357	nuc	nuc	0.96
ARG	5, 70	1312	ASP	5, 115	1357	nuc	nuc	0.92
GLU	5, 111	1353	ASP	5, 115	1357	nuc	nuc	0.99
LEU	5, 112	1354	ASP	5, 115	1357	nuc	nuc	1
LEU	5, 113	1355	ASP	5, 115	1357	nuc	nuc	0.99
ALA	5, 114	1356	ASP	5, 115	1357	nuc	nuc	1
ALA	5, 63	1305	VAL	5, 116	1358	nuc	nuc	0.99
GLY	5, 66	1308	VAL	5, 116	1358	nuc	nuc	0.69
THR	5, 67	1309	VAL	5, 116	1358	nuc	nuc	0.98
PHE	5, 97	1339	VAL	5, 116	1358	nuc	nuc	0.99
LEU	5, 112	1354	VAL	5, 116	1358	nuc	nuc	0.99
LEU	5, 113	1355	VAL	5, 116	1358	nuc	nuc	1
ALA	5, 114	1356	VAL	5, 116	1358	nuc	nuc	0.98
ASP	5, 115	1357	VAL	5, 116	1358	nuc	nuc	1
VAL	5, 39	1281	VAL	5, 117	1359	nuc	nuc	0.99
ILE	5, 41	1283	VAL	5, 117	1359	nuc	nuc	0.6
PHE	5, 97	1339	VAL	5, 117	1359	nuc	nuc	0.93
LEU	5, 113	1355	VAL	5, 117	1359	nuc	nuc	0.99
ALA	5, 114	1356	VAL	5, 117	1359	nuc	nuc	0.99
ASP	5, 115	1357	VAL	5, 117	1359	nuc	nuc	0.85
VAL	5, 116	1358	VAL	5, 117	1359	nuc	nuc	1
ALA	5, 114	1356	GLN	5, 118	1360	nuc	nuc	0.99
ASP	5, 115	1357	GLN	5, 118	1360	nuc	nuc	0.98
VAL	5, 116	1358	GLN	5, 118	1360	nuc	nuc	0.64
VAL	5, 117	1359	GLN	5, 118	1360	nuc	nuc	1
THR	5, 67	1309	ASN	5, 119	1361	nuc	nuc	0.98
LYS	5, 68	1310	ASN	5, 119	1361	nuc	nuc	0.98
LYS	5, 69	1311	ASN	5, 119	1361	nuc	nuc	0.94
ASP	5, 115	1357	ASN	5, 119	1361	nuc	nuc	0.97
VAL	5, 116	1358	ASN	5, 119	1361	nuc	nuc	0.76
GLN	5, 118	1360	ASN	5, 119	1361	nuc	nuc	1
VAL	5, 59	1301	CYS	5, 120	1362	nuc	nuc	0.78
LEU	5, 62	1304	CYS	5, 120	1362	nuc	nuc	0.95
ALA	5, 63	1305	CYS	5, 120	1362	nuc	nuc	0.95
GLY	5, 66	1308	CYS	5, 120	1362	nuc	nuc	0.88
THR	5, 67	1309	CYS	5, 120	1362	nuc	nuc	0.98
LYS	5, 68	1310	CYS	5, 120	1362	nuc	nuc	0.73
VAL	5, 116	1358	CYS	5, 120	1362	nuc	nuc	0.96
VAL	5, 117	1359	CYS	5, 120	1362	nuc	nuc	0.72
GLN	5, 118	1360	CYS	5, 120	1362	nuc	nuc	0.64
ASN	5, 119	1361	CYS	5, 120	1362	nuc	nuc	1
LEU	5, 62	1304	ALA	5, 121	1363	nuc	nuc	0.53
LYS	5, 65	1307	ALA	5, 121	1363	nuc	nuc	0.74
GLY	5, 66	1308	ALA	5, 121	1363	nuc	nuc	0.97
THR	5, 67	1309	ALA	5, 121	1363	nuc	nuc	0.99
LYS	5, 68	1310	ALA	5, 121	1363	nuc	nuc	0.98
PRO	5, 71	1313	ALA	5, 121	1363	nuc	nuc	0.71
CYS	5, 72	1314	ALA	5, 121	1363	nuc	nuc	0.53
ASN	5, 119	1361	ALA	5, 121	1363	nuc	nuc	0.81
CYS	5, 120	1362	ALA	5, 121	1363	nuc	nuc	1
LEU	5, 62	1304	LEU	5, 122	1364	nuc	nuc	0.95
CYS	5, 120	1362	LEU	5, 122	1364	nuc	nuc	0.99
ALA	5, 121	1363	LEU	5, 122	1364	nuc	nuc	1
LYS	5, 65	1307	GLU	5, 123	1365	nuc	nuc	0.55
ALA	5, 121	1363	GLU	5, 123	1365	nuc	nuc	0.99
LEU	5, 122	1364	GLU	5, 123	1365	nuc	nuc	1
LEU	5, 122	1364	GLU	5, 124	1366	nuc	nuc	0.53
GLU	5, 123	1365	GLU	5, 124	1366	nuc	nuc	1
GLU	5, 123	1365	SER	5, 125	1367	nuc	nuc	1
GLU	5, 124	1366	SER	5, 125	1367	nuc	nuc	1
LEU	5, 62	1304	GLN	5, 126	1368	nuc	nuc	0.94
LYS	5, 65	1307	GLN	5, 126	1368	nuc	nuc	0.98
CYS	5, 72	1314	GLN	5, 126	1368	nuc	nuc	0.84
ALA	5, 121	1363	GLN	5, 126	1368	nuc	nuc	0.74
LEU	5, 122	1364	GLN	5, 126	1368	nuc	nuc	0.67
GLU	5, 123	1365	GLN	5, 126	1368	nuc	nuc	0.99
GLU	5, 124	1366	GLN	5, 126	1368	nuc	nuc	0.96
SER	5, 125	1367	GLN	5, 126	1368	nuc	nuc	1
LEU	5, 62	1304	ILE	5, 127	1369	nuc	nuc	0.96
LEU	5, 122	1364	ILE	5, 127	1369	nuc	nuc	0.95
GLU	5, 123	1365	ILE	5, 127	1369	nuc	nuc	0.97
GLU	5, 124	1366	ILE	5, 127	1369	nuc	nuc	0.99
SER	5, 125	1367	ILE	5, 127	1369	nuc	nuc	0.98
GLN	5, 126	1368	ILE	5, 127	1369	nuc	nuc	1
GLU	5, 124	1366	GLU	5, 128	1370	nuc	nuc	0.96
SER	5, 125	1367	GLU	5, 128	1370	nuc	nuc	0.99
GLN	5, 126	1368	GLU	5, 128	1370	nuc	nuc	0.95
ILE	5, 127	1369	GLU	5, 128	1370	nuc	nuc	1
SER	5, 125	1367	LYS	5, 129	1371	nuc	nuc	0.96
GLN	5, 126	1368	LYS	5, 129	1371	nuc	nuc	1
ILE	5, 127	1369	LYS	5, 129	1371	nuc	nuc	0.98
GLU	5, 128	1370	LYS	5, 129	1371	nuc	nuc	1
PHE	5, 58	1300	GLU	5, 130	1372	nuc	nuc	0.93
HIS	5, 61	1303	GLU	5, 130	1372	nuc	nuc	0.99
LEU	5, 62	1304	GLU	5, 130	1372	nuc	nuc	0.98
LYS	5, 65	1307	GLU	5, 130	1372	nuc	nuc	0.91
GLN	5, 126	1368	GLU	5, 130	1372	nuc	nuc	1
ILE	5, 127	1369	GLU	5, 130	1372	nuc	nuc	1
GLU	5, 128	1370	GLU	5, 130	1372	nuc	nuc	0.94
LYS	5, 129	1371	GLU	5, 130	1372	nuc	nuc	1
ILE	5, 127	1369	ARG	5, 131	1373	nuc	nuc	0.99
GLU	5, 128	1370	ARG	5, 131	1373	nuc	nuc	1
LYS	5, 129	1371	ARG	5, 131	1373	nuc	nuc	0.99
GLU	5, 130	1372	ARG	5, 131	1373	nuc	nuc	1
GLU	5, 128	1370	GLY	5, 132	1374	nuc	nuc	0.84
LYS	5, 129	1371	GLY	5, 132	1374	nuc	nuc	0.99
GLU	5, 130	1372	GLY	5, 132	1374	nuc	nuc	1
ARG	5, 131	1373	GLY	5, 132	1374	nuc	nuc	1
HIS	5, 61	1303	VAL	5, 133	1375	nuc	nuc	0.94
LYS	5, 129	1371	VAL	5, 133	1375	nuc	nuc	0.99
GLU	5, 130	1372	VAL	5, 133	1375	nuc	nuc	1
ARG	5, 131	1373	VAL	5, 133	1375	nuc	nuc	0.99
GLY	5, 132	1374	VAL	5, 133	1375	nuc	nuc	1
TYR	5, 57	1299	ILE	5, 134	1376	nuc	nuc	0.91
PHE	5, 58	1300	ILE	5, 134	1376	nuc	nuc	0.98
HIS	5, 61	1303	ILE	5, 134	1376	nuc	nuc	0.98
GLU	5, 130	1372	ILE	5, 134	1376	nuc	nuc	1
ARG	5, 131	1373	ILE	5, 134	1376	nuc	nuc	1
GLY	5, 132	1374	ILE	5, 134	1376	nuc	nuc	1
VAL	5, 133	1375	ILE	5, 134	1376	nuc	nuc	1
ARG	5, 131	1373	LEU	5, 135	1377	nuc	nuc	0.99
GLY	5, 132	1374	LEU	5, 135	1377	nuc	nuc	1
VAL	5, 133	1375	LEU	5, 135	1377	nuc	nuc	0.99
ILE	5, 134	1376	LEU	5, 135	1377	nuc	nuc	1
GLY	5, 132	1374	GLN	5, 136	1378	nuc	nuc	1
VAL	5, 133	1375	GLN	5, 136	1378	nuc	nuc	1
ILE	5, 134	1376	GLN	5, 136	1378	nuc	nuc	0.99
LEU	5, 135	1377	GLN	5, 136	1378	nuc	nuc	1
VAL	5, 133	1375	GLU	5, 137	1379	nuc	nuc	1
ILE	5, 134	1376	GLU	5, 137	1379	nuc	nuc	1
LEU	5, 135	1377	GLU	5, 137	1379	nuc	nuc	0.99
GLN	5, 136	1378	GLU	5, 137	1379	nuc	nuc	1
ILE	5, 134	1376	LEU	5, 138	1380	nuc	nuc	1
LEU	5, 135	1377	LEU	5, 138	1380	nuc	nuc	1
GLN	5, 136	1378	LEU	5, 138	1380	nuc	nuc	0.99
GLU	5, 137	1379	LEU	5, 138	1380	nuc	nuc	1
LEU	5, 135	1377	LYS	5, 139	1381	nuc	nuc	0.96
GLN	5, 136	1378	LYS	5, 139	1381	nuc	nuc	1
GLU	5, 137	1379	LYS	5, 139	1381	nuc	nuc	0.99
LEU	5, 138	1380	LYS	5, 139	1381	nuc	nuc	1
GLN	5, 136	1378	GLU	5, 140	1382	nuc	nuc	0.98
GLU	5, 137	1379	GLU	5, 140	1382	nuc	nuc	1
LEU	5, 138	1380	GLU	5, 140	1382	nuc	nuc	0.99
LYS	5, 139	1381	GLU	5, 140	1382	nuc	nuc	1
GLU	5, 137	1379	MET	5, 141	1383	nuc	nuc	0.99
LEU	5, 138	1380	MET	5, 141	1383	nuc	nuc	0.99
LYS	5, 139	1381	MET	5, 141	1383	nuc	nuc	0.94
GLU	5, 140	1382	MET	5, 141	1383	nuc	nuc	1
LEU	5, 138	1380	ASP	5, 142	1384	nuc	nuc	0.97
LYS	5, 139	1381	ASP	5, 142	1384	nuc	nuc	1
GLU	5, 140	1382	ASP	5, 142	1384	nuc	nuc	0.99
MET	5, 141	1383	ASP	5, 142	1384	nuc	nuc	1
LYS	5, 139	1381	ASN	5, 143	1385	nuc	nuc	0.54
GLU	5, 140	1382	ASN	5, 143	1385	nuc	nuc	0.97
MET	5, 141	1383	ASN	5, 143	1385	nuc	nuc	0.95
ASP	5, 142	1384	ASN	5, 143	1385	nuc	nuc	1
GLU	5, 140	1382	ASP	5, 144	1386	nuc	nuc	0.75
MET	5, 141	1383	ASP	5, 144	1386	nuc	nuc	1
ASP	5, 142	1384	ASP	5, 144	1386	nuc	nuc	0.95
ASN	5, 143	1385	ASP	5, 144	1386	nuc	nuc	1
ASN	5, 143	1385	MET	5, 145	1387	nuc	nuc	0.9
ASP	5, 144	1386	MET	5, 145	1387	nuc	nuc	1
ASP	5, 144	1386	THR	5, 146	1388	nuc	nuc	1
MET	5, 145	1387	THR	5, 146	1388	nuc	nuc	1
MET	5, 141	1383	ASN	5, 147	1389	nuc	nuc	0.99
ASP	5, 144	1386	ASN	5, 147	1389	nuc	nuc	1
MET	5, 145	1387	ASN	5, 147	1389	nuc	nuc	0.94
THR	5, 146	1388	ASN	5, 147	1389	nuc	nuc	1
MET	5, 141	1383	VAL	5, 148	1390	nuc	nuc	0.71
ASP	5, 142	1384	VAL	5, 148	1390	nuc	nuc	0.98
ASP	5, 144	1386	VAL	5, 148	1390	nuc	nuc	0.99
MET	5, 145	1387	VAL	5, 148	1390	nuc	nuc	1
THR	5, 146	1388	VAL	5, 148	1390	nuc	nuc	0.99
ASN	5, 147	1389	VAL	5, 148	1390	nuc	nuc	1
MET	5, 145	1387	THR	5, 149	1391	nuc	nuc	0.99
THR	5, 146	1388	THR	5, 149	1391	nuc	nuc	1
ASN	5, 147	1389	THR	5, 149	1391	nuc	nuc	0.99
VAL	5, 148	1390	THR	5, 149	1391	nuc	nuc	1
THR	5, 146	1388	PHE	5, 150	1392	nuc	nuc	0.99
ASN	5, 147	1389	PHE	5, 150	1392	nuc	nuc	1
VAL	5, 148	1390	PHE	5, 150	1392	nuc	nuc	0.97
THR	5, 149	1391	PHE	5, 150	1392	nuc	nuc	1
ASN	5, 147	1389	ASP	5, 151	1393	nuc	nuc	1
VAL	5, 148	1390	ASP	5, 151	1393	nuc	nuc	1
THR	5, 149	1391	ASP	5, 151	1393	nuc	nuc	0.99
PHE	5, 150	1392	ASP	5, 151	1393	nuc	nuc	1
VAL	5, 148	1390	TYR	5, 152	1394	nuc	nuc	1
THR	5, 149	1391	TYR	5, 152	1394	nuc	nuc	1
PHE	5, 150	1392	TYR	5, 152	1394	nuc	nuc	1
ASP	5, 151	1393	TYR	5, 152	1394	nuc	nuc	1
THR	5, 149	1391	LEU	5, 153	1395	nuc	nuc	1
PHE	5, 150	1392	LEU	5, 153	1395	nuc	nuc	1
ASP	5, 151	1393	LEU	5, 153	1395	nuc	nuc	1
TYR	5, 152	1394	LEU	5, 153	1395	nuc	nuc	1
ARG	5, 92	1334	HIS	5, 154	1396	nuc	nuc	0.52
PHE	5, 150	1392	HIS	5, 154	1396	nuc	nuc	0.99
ASP	5, 151	1393	HIS	5, 154	1396	nuc	nuc	1
TYR	5, 152	1394	HIS	5, 154	1396	nuc	nuc	0.99
LEU	5, 153	1395	HIS	5, 154	1396	nuc	nuc	1
ASP	5, 151	1393	ALA	5, 155	1397	nuc	nuc	1
TYR	5, 152	1394	ALA	5, 155	1397	nuc	nuc	1
LEU	5, 153	1395	ALA	5, 155	1397	nuc	nuc	1
HIS	5, 154	1396	ALA	5, 155	1397	nuc	nuc	1
TYR	5, 152	1394	THR	5, 156	1398	nuc	nuc	1
LEU	5, 153	1395	THR	5, 156	1398	nuc	nuc	1
HIS	5, 154	1396	THR	5, 156	1398	nuc	nuc	0.9
ALA	5, 155	1397	THR	5, 156	1398	nuc	nuc	1
LEU	5, 153	1395	ALA	5, 157	1399	nuc	nuc	1
HIS	5, 154	1396	ALA	5, 157	1399	nuc	nuc	1
ALA	5, 155	1397	ALA	5, 157	1399	nuc	nuc	0.97
THR	5, 156	1398	ALA	5, 157	1399	nuc	nuc	1
HIS	5, 154	1396	PHE	5, 158	1400	nuc	nuc	1
ALA	5, 155	1397	PHE	5, 158	1400	nuc	nuc	0.93
ALA	5, 157	1399	PHE	5, 158	1400	nuc	nuc	1
ALA	5, 155	1397	GLN	5, 159	1401	nuc	nuc	0.97
THR	5, 156	1398	GLN	5, 159	1401	nuc	nuc	1
ALA	5, 157	1399	GLN	5, 159	1401	nuc	nuc	0.98
PHE	5, 158	1400	GLN	5, 159	1401	nuc	nuc	1
PHE	5, 158	1400	GLY	5, 160	1402	nuc	nuc	1
GLN	5, 159	1401	GLY	5, 160	1402	nuc	nuc	1
PHE	5, 158	1400	THR	5, 161	1403	nuc	nuc	1
GLN	5, 159	1401	THR	5, 161	1403	nuc	nuc	0.99
GLY	5, 160	1402	THR	5, 161	1403	nuc	nuc	1
SER	5, 45	1287	ALA	5, 162	1404	nuc	nuc	0.8
ARG	5, 46	1288	ALA	5, 162	1404	nuc	nuc	0.99
TYR	5, 47	1289	ALA	5, 162	1404	nuc	nuc	0.74
GLU	5, 48	1290	ALA	5, 162	1404	nuc	nuc	0.88
ASN	5, 49	1291	ALA	5, 162	1404	nuc	nuc	0.67
THR	5, 161	1403	ALA	5, 162	1404	nuc	nuc	1
ARG	5, 46	1288	LEU	5, 163	1405	nuc	nuc	0.99
ARG	5, 92	1334	LEU	5, 163	1405	nuc	nuc	0.99
HIS	5, 154	1396	LEU	5, 163	1405	nuc	nuc	0.99
PHE	5, 158	1400	LEU	5, 163	1405	nuc	nuc	1
THR	5, 161	1403	LEU	5, 163	1405	nuc	nuc	1
ALA	5, 162	1404	LEU	5, 163	1405	nuc	nuc	1
HIS	5, 154	1396	ALA	5, 164	1406	nuc	nuc	0.99
ALA	5, 155	1397	ALA	5, 164	1406	nuc	nuc	1
THR	5, 156	1398	ALA	5, 164	1406	nuc	nuc	0.54
ALA	5, 157	1399	ALA	5, 164	1406	nuc	nuc	0.73
PHE	5, 158	1400	ALA	5, 164	1406	nuc	nuc	1
GLN	5, 159	1401	ALA	5, 164	1406	nuc	nuc	0.99
GLY	5, 160	1402	ALA	5, 164	1406	nuc	nuc	1
THR	5, 161	1403	ALA	5, 164	1406	nuc	nuc	1
ALA	5, 162	1404	ALA	5, 164	1406	nuc	nuc	0.99
LEU	5, 163	1405	ALA	5, 164	1406	nuc	nuc	1
SER	5, 45	1287	ARG	5, 165	1407	nuc	nuc	0.99
GLU	5, 48	1290	ARG	5, 165	1407	nuc	nuc	0.91
GLU	5, 50	1292	ARG	5, 165	1407	nuc	nuc	0.67
ASN	5, 53	1295	ARG	5, 165	1407	nuc	nuc	1
ALA	5, 155	1397	ARG	5, 165	1407	nuc	nuc	0.56
ALA	5, 162	1404	ARG	5, 165	1407	nuc	nuc	0.98
LEU	5, 163	1405	ARG	5, 165	1407	nuc	nuc	0.95
ALA	5, 164	1406	ARG	5, 165	1407	nuc	nuc	1
SER	5, 45	1287	THR	5, 166	1408	nuc	nuc	0.96
ASN	5, 53	1295	THR	5, 166	1408	nuc	nuc	0.76
ASP	5, 151	1393	THR	5, 166	1408	nuc	nuc	1
HIS	5, 154	1396	THR	5, 166	1408	nuc	nuc	0.66
ALA	5, 155	1397	THR	5, 166	1408	nuc	nuc	0.71
ARG	5, 165	1407	THR	5, 166	1408	nuc	nuc	1
GLY	5, 44	1286	VAL	5, 167	1409	nuc	nuc	0.89
SER	5, 45	1287	VAL	5, 167	1409	nuc	nuc	0.99
GLY	5, 54	1296	VAL	5, 167	1409	nuc	nuc	0.84
TYR	5, 57	1299	VAL	5, 167	1409	nuc	nuc	0.99
THR	5, 90	1332	VAL	5, 167	1409	nuc	nuc	1
SER	5, 91	1333	VAL	5, 167	1409	nuc	nuc	0.98
ARG	5, 92	1334	VAL	5, 167	1409	nuc	nuc	0.99
THR	5, 166	1408	VAL	5, 167	1409	nuc	nuc	1
GLY	5, 54	1296	GLU	5, 168	1410	nuc	nuc	0.98
TYR	5, 57	1299	GLU	5, 168	1410	nuc	nuc	1
ILE	5, 134	1376	GLU	5, 168	1410	nuc	nuc	0.85
GLU	5, 137	1379	GLU	5, 168	1410	nuc	nuc	0.69
LEU	5, 138	1380	GLU	5, 168	1410	nuc	nuc	0.99
MET	5, 141	1383	GLU	5, 168	1410	nuc	nuc	0.91
THR	5, 166	1408	GLU	5, 168	1410	nuc	nuc	1
VAL	5, 167	1409	GLU	5, 168	1410	nuc	nuc	1
SER	5, 45	1287	GLY	5, 169	1411	nuc	nuc	0.71
ASN	5, 53	1295	GLY	5, 169	1411	nuc	nuc	1
GLY	5, 54	1296	GLY	5, 169	1411	nuc	nuc	1
TYR	5, 57	1299	GLY	5, 169	1411	nuc	nuc	0.97
ARG	5, 165	1407	GLY	5, 169	1411	nuc	nuc	0.95
THR	5, 166	1408	GLY	5, 169	1411	nuc	nuc	1
VAL	5, 167	1409	GLY	5, 169	1411	nuc	nuc	0.99
GLU	5, 168	1410	GLY	5, 169	1411	nuc	nuc	1
ASN	5, 53	1295	THR	5, 170	1412	nuc	nuc	0.98
GLY	5, 54	1296	THR	5, 170	1412	nuc	nuc	0.69
THR	5, 166	1408	THR	5, 170	1412	nuc	nuc	0.67
GLY	5, 169	1411	THR	5, 170	1412	nuc	nuc	1
LEU	5, 135	1377	THR	5, 171	1413	nuc	nuc	0.95
LEU	5, 138	1380	THR	5, 171	1413	nuc	nuc	0.97
THR	5, 170	1412	THR	5, 171	1413	nuc	nuc	1
THR	5, 170	1412	GLU	5, 172	1414	nuc	nuc	1
THR	5, 171	1413	GLU	5, 172	1414	nuc	nuc	1
LYS	5, 51	1293	ASN	5, 173	1415	nuc	nuc	0.87
ASN	5, 52	1294	ASN	5, 173	1415	nuc	nuc	0.81
ASN	5, 53	1295	ASN	5, 173	1415	nuc	nuc	0.99
GLY	5, 54	1296	ASN	5, 173	1415	nuc	nuc	0.98
GLY	5, 169	1411	ASN	5, 173	1415	nuc	nuc	0.99
THR	5, 170	1412	ASN	5, 173	1415	nuc	nuc	1
THR	5, 171	1413	ASN	5, 173	1415	nuc	nuc	0.95
GLU	5, 172	1414	ASN	5, 173	1415	nuc	nuc	1
GLY	5, 54	1296	ILE	5, 174	1416	nuc	nuc	0.98
PHE	5, 58	1300	ILE	5, 174	1416	nuc	nuc	0.91
ARG	5, 131	1373	ILE	5, 174	1416	nuc	nuc	0.98
ILE	5, 134	1376	ILE	5, 174	1416	nuc	nuc	0.99
LEU	5, 135	1377	ILE	5, 174	1416	nuc	nuc	0.98
LEU	5, 138	1380	ILE	5, 174	1416	nuc	nuc	0.83
GLY	5, 169	1411	ILE	5, 174	1416	nuc	nuc	0.99
THR	5, 170	1412	ILE	5, 174	1416	nuc	nuc	0.98
THR	5, 171	1413	ILE	5, 174	1416	nuc	nuc	1
GLU	5, 172	1414	ILE	5, 174	1416	nuc	nuc	0.96
ASN	5, 173	1415	ILE	5, 174	1416	nuc	nuc	1
ARG	5, 131	1373	LYS	5, 175	1417	nuc	nuc	0.9
LEU	5, 135	1377	LYS	5, 175	1417	nuc	nuc	0.78
THR	5, 171	1413	LYS	5, 175	1417	nuc	nuc	0.98
GLU	5, 172	1414	LYS	5, 175	1417	nuc	nuc	0.99
ASN	5, 173	1415	LYS	5, 175	1417	nuc	nuc	0.98
ILE	5, 174	1416	LYS	5, 175	1417	nuc	nuc	1
GLU	5, 172	1414	HIS	5, 176	1418	nuc	nuc	0.96
ASN	5, 173	1415	HIS	5, 176	1418	nuc	nuc	0.98
ILE	5, 174	1416	HIS	5, 176	1418	nuc	nuc	0.78
LYS	5, 175	1417	HIS	5, 176	1418	nuc	nuc	1
ASN	5, 52	1294	LEU	5, 177	1419	nuc	nuc	0.75
GLY	5, 54	1296	LEU	5, 177	1419	nuc	nuc	0.91
ALA	5, 55	1297	LEU	5, 177	1419	nuc	nuc	0.97
PHE	5, 58	1300	LEU	5, 177	1419	nuc	nuc	0.97
ARG	5, 131	1373	LEU	5, 177	1419	nuc	nuc	0.53
ASN	5, 173	1415	LEU	5, 177	1419	nuc	nuc	0.98
ILE	5, 174	1416	LEU	5, 177	1419	nuc	nuc	0.99
LYS	5, 175	1417	LEU	5, 177	1419	nuc	nuc	0.76
HIS	5, 176	1418	LEU	5, 177	1419	nuc	nuc	1
HIS	5, 176	1418	THR	5, 178	1420	nuc	nuc	0.9
LEU	5, 177	1419	THR	5, 178	1420	nuc	nuc	1
LEU	5, 122	1364	ARG	5, 179	1421	nuc	nuc	0.98
GLU	5, 124	1366	ARG	5, 179	1421	nuc	nuc	0.96
ILE	5, 127	1369	ARG	5, 179	1421	nuc	nuc	0.98
THR	5, 178	1420	ARG	5, 179	1421	nuc	nuc	1
THR	5, 178	1420	ALA	5, 180	1422	nuc	nuc	1
ARG	5, 179	1421	ALA	5, 180	1422	nuc	nuc	1
ASN	5, 52	1294	ASP	5, 181	1423	nuc	nuc	0.96
ALA	5, 55	1297	ASP	5, 181	1423	nuc	nuc	0.98
LEU	5, 177	1419	ASP	5, 181	1423	nuc	nuc	0.99
THR	5, 178	1420	ASP	5, 181	1423	nuc	nuc	0.99
ARG	5, 179	1421	ASP	5, 181	1423	nuc	nuc	0.96
ALA	5, 180	1422	ASP	5, 181	1423	nuc	nuc	1
ALA	5, 55	1297	LEU	5, 182	1424	nuc	nuc	0.98
PHE	5, 58	1300	LEU	5, 182	1424	nuc	nuc	0.99
VAL	5, 59	1301	LEU	5, 182	1424	nuc	nuc	0.98
LEU	5, 62	1304	LEU	5, 182	1424	nuc	nuc	0.91
LEU	5, 122	1364	LEU	5, 182	1424	nuc	nuc	0.95
ILE	5, 127	1369	LEU	5, 182	1424	nuc	nuc	0.79
LEU	5, 177	1419	LEU	5, 182	1424	nuc	nuc	0.97
THR	5, 178	1420	LEU	5, 182	1424	nuc	nuc	0.91
ARG	5, 179	1421	LEU	5, 182	1424	nuc	nuc	0.99
ALA	5, 180	1422	LEU	5, 182	1424	nuc	nuc	0.98
ASP	5, 181	1423	LEU	5, 182	1424	nuc	nuc	1
LEU	5, 122	1364	ALA	5, 183	1425	nuc	nuc	0.95
ARG	5, 179	1421	ALA	5, 183	1425	nuc	nuc	0.99
ALA	5, 180	1422	ALA	5, 183	1425	nuc	nuc	0.99
ASP	5, 181	1423	ALA	5, 183	1425	nuc	nuc	0.98
LEU	5, 182	1424	ALA	5, 183	1425	nuc	nuc	1
ALA	5, 180	1422	SER	5, 184	1426	nuc	nuc	0.98
ASP	5, 181	1423	SER	5, 184	1426	nuc	nuc	1
LEU	5, 182	1424	SER	5, 184	1426	nuc	nuc	0.99
ALA	5, 183	1425	SER	5, 184	1426	nuc	nuc	1
GLU	5, 48	1290	TYR	5, 185	1427	nuc	nuc	0.67
ASN	5, 52	1294	TYR	5, 185	1427	nuc	nuc	0.93
ALA	5, 55	1297	TYR	5, 185	1427	nuc	nuc	1
GLY	5, 56	1298	TYR	5, 185	1427	nuc	nuc	0.99
VAL	5, 59	1301	TYR	5, 185	1427	nuc	nuc	0.98
ASP	5, 181	1423	TYR	5, 185	1427	nuc	nuc	0.98
LEU	5, 182	1424	TYR	5, 185	1427	nuc	nuc	1
ALA	5, 183	1425	TYR	5, 185	1427	nuc	nuc	0.99
SER	5, 184	1426	TYR	5, 185	1427	nuc	nuc	1
VAL	5, 59	1301	ILE	5, 186	1428	nuc	nuc	0.99
CYS	5, 120	1362	ILE	5, 186	1428	nuc	nuc	0.94
LEU	5, 182	1424	ILE	5, 186	1428	nuc	nuc	0.98
ALA	5, 183	1425	ILE	5, 186	1428	nuc	nuc	0.99
SER	5, 184	1426	ILE	5, 186	1428	nuc	nuc	0.96
TYR	5, 185	1427	ILE	5, 186	1428	nuc	nuc	1
ALA	5, 183	1425	ASP	5, 187	1429	nuc	nuc	0.99
SER	5, 184	1426	ASP	5, 187	1429	nuc	nuc	0.99
TYR	5, 185	1427	ASP	5, 187	1429	nuc	nuc	0.96
ILE	5, 186	1428	ASP	5, 187	1429	nuc	nuc	1
SER	5, 184	1426	THR	5, 188	1430	nuc	nuc	0.99
TYR	5, 185	1427	THR	5, 188	1430	nuc	nuc	0.99
ILE	5, 186	1428	THR	5, 188	1430	nuc	nuc	0.91
ASP	5, 187	1429	THR	5, 188	1430	nuc	nuc	1
ILE	5, 41	1283	HIS	5, 189	1431	nuc	nuc	0.92
GLY	5, 42	1284	HIS	5, 189	1431	nuc	nuc	0.82
ALA	5, 43	1285	HIS	5, 189	1431	nuc	nuc	1
GLY	5, 44	1286	HIS	5, 189	1431	nuc	nuc	0.77
TYR	5, 47	1289	HIS	5, 189	1431	nuc	nuc	0.98
TYR	5, 185	1427	HIS	5, 189	1431	nuc	nuc	0.99
ILE	5, 186	1428	HIS	5, 189	1431	nuc	nuc	0.98
THR	5, 188	1430	HIS	5, 189	1431	nuc	nuc	1
ILE	5, 41	1283	PHE	5, 190	1432	nuc	nuc	0.99
ALA	5, 43	1285	PHE	5, 190	1432	nuc	nuc	0.89
VAL	5, 117	1359	PHE	5, 190	1432	nuc	nuc	0.97
GLN	5, 118	1360	PHE	5, 190	1432	nuc	nuc	0.53
ILE	5, 186	1428	PHE	5, 190	1432	nuc	nuc	0.99
ASP	5, 187	1429	PHE	5, 190	1432	nuc	nuc	0.94
HIS	5, 189	1431	PHE	5, 190	1432	nuc	nuc	1
THR	5, 188	1430	LYS	5, 191	1433	nuc	nuc	0.6
HIS	5, 189	1431	LYS	5, 191	1433	nuc	nuc	0.98
PHE	5, 190	1432	LYS	5, 191	1433	nuc	nuc	1
LEU	5, 19	1261	ALA	5, 192	1434	nuc	nuc	0.64
ASN	5, 21	1263	ALA	5, 192	1434	nuc	nuc	0.98
GLY	5, 22	1264	ALA	5, 192	1434	nuc	nuc	0.98
LEU	5, 23	1265	ALA	5, 192	1434	nuc	nuc	0.98
LYS	5, 191	1433	ALA	5, 192	1434	nuc	nuc	1
ASN	5, 21	1263	PRO	5, 193	1435	nuc	nuc	0.62
GLY	5, 22	1264	PRO	5, 193	1435	nuc	nuc	0.99
LEU	5, 23	1265	PRO	5, 193	1435	nuc	nuc	0.81
LYS	5, 191	1433	PRO	5, 193	1435	nuc	nuc	0.99
ALA	5, 192	1434	PRO	5, 193	1435	nuc	nuc	1
ILE	5, 41	1283	ARG	5, 194	1436	nuc	nuc	0.99
GLY	5, 42	1284	ARG	5, 194	1436	nuc	nuc	1
ALA	5, 43	1285	ARG	5, 194	1436	nuc	nuc	0.96
HIS	5, 189	1431	ARG	5, 194	1436	nuc	nuc	0.94
PHE	5, 190	1432	ARG	5, 194	1436	nuc	nuc	0.69
LYS	5, 191	1433	ARG	5, 194	1436	nuc	nuc	0.99
ALA	5, 192	1434	ARG	5, 194	1436	nuc	nuc	0.97
PRO	5, 193	1435	ARG	5, 194	1436	nuc	nuc	1
LEU	5, 23	1265	MET	5, 195	1437	nuc	nuc	0.99
ARG	5, 24	1266	MET	5, 195	1437	nuc	nuc	0.71
VAL	5, 39	1281	MET	5, 195	1437	nuc	nuc	1
TRP	5, 40	1282	MET	5, 195	1437	nuc	nuc	0.97
ILE	5, 41	1283	MET	5, 195	1437	nuc	nuc	1
GLY	5, 42	1284	MET	5, 195	1437	nuc	nuc	0.89
VAL	5, 117	1359	MET	5, 195	1437	nuc	nuc	0.84
PHE	5, 190	1432	MET	5, 195	1437	nuc	nuc	0.96
LYS	5, 191	1433	MET	5, 195	1437	nuc	nuc	0.96
ALA	5, 192	1434	MET	5, 195	1437	nuc	nuc	0.99
PRO	5, 193	1435	MET	5, 195	1437	nuc	nuc	0.94
ARG	5, 194	1436	MET	5, 195	1437	nuc	nuc	1
LEU	5, 23	1265	VAL	5, 196	1438	nuc	nuc	0.91
ARG	5, 24	1266	VAL	5, 196	1438	nuc	nuc	1
VAL	5, 25	1267	VAL	5, 196	1438	nuc	nuc	0.66
ALA	5, 26	1268	VAL	5, 196	1438	nuc	nuc	0.98
VAL	5, 39	1281	VAL	5, 196	1438	nuc	nuc	0.99
TRP	5, 40	1282	VAL	5, 196	1438	nuc	nuc	1
ILE	5, 41	1283	VAL	5, 196	1438	nuc	nuc	0.57
MET	5, 195	1437	VAL	5, 196	1438	nuc	nuc	1
LEU	5, 23	1265	LEU	5, 197	1439	nuc	nuc	0.99
ARG	5, 24	1266	LEU	5, 197	1439	nuc	nuc	0.98
VAL	5, 25	1267	LEU	5, 197	1439	nuc	nuc	1
ALA	5, 26	1268	LEU	5, 197	1439	nuc	nuc	0.96
VAL	5, 37	1279	LEU	5, 197	1439	nuc	nuc	0.92
GLY	5, 38	1280	LEU	5, 197	1439	nuc	nuc	1
VAL	5, 39	1281	LEU	5, 197	1439	nuc	nuc	1
VAL	5, 110	1352	LEU	5, 197	1439	nuc	nuc	0.76
LEU	5, 113	1355	LEU	5, 197	1439	nuc	nuc	0.66
MET	5, 195	1437	LEU	5, 197	1439	nuc	nuc	0.99
VAL	5, 196	1438	LEU	5, 197	1439	nuc	nuc	1
ALA	5, 26	1268	ALA	5, 198	1440	nuc	nuc	1
SER	5, 27	1269	ALA	5, 198	1440	nuc	nuc	0.93
VAL	5, 37	1279	ALA	5, 198	1440	nuc	nuc	0.94
GLY	5, 38	1280	ALA	5, 198	1440	nuc	nuc	1
VAL	5, 39	1281	ALA	5, 198	1440	nuc	nuc	0.73
TRP	5, 40	1282	ALA	5, 198	1440	nuc	nuc	0.99
VAL	5, 196	1438	ALA	5, 198	1440	nuc	nuc	1
LEU	5, 197	1439	ALA	5, 198	1440	nuc	nuc	1
ALA	5, 26	1268	ALA	5, 199	1441	nuc	nuc	0.88
SER	5, 27	1269	ALA	5, 199	1441	nuc	nuc	1
GLU	5, 28	1270	ALA	5, 199	1441	nuc	nuc	0.76
CYS	5, 35	1277	ALA	5, 199	1441	nuc	nuc	0.99
THR	5, 36	1278	ALA	5, 199	1441	nuc	nuc	0.98
VAL	5, 37	1279	ALA	5, 199	1441	nuc	nuc	1
GLY	5, 38	1280	ALA	5, 199	1441	nuc	nuc	0.99
MET	5, 106	1348	ALA	5, 199	1441	nuc	nuc	0.81
LEU	5, 197	1439	ALA	5, 199	1441	nuc	nuc	0.99
ALA	5, 198	1440	ALA	5, 199	1441	nuc	nuc	1
SER	5, 27	1269	ALA	5, 200	1442	nuc	nuc	0.97
GLU	5, 28	1270	ALA	5, 200	1442	nuc	nuc	1
SER	5, 30	1272	ALA	5, 200	1442	nuc	nuc	0.93
CYS	5, 35	1277	ALA	5, 200	1442	nuc	nuc	0.97
THR	5, 36	1278	ALA	5, 200	1442	nuc	nuc	1
ALA	5, 198	1440	ALA	5, 200	1442	nuc	nuc	0.99
ALA	5, 199	1441	ALA	5, 200	1442	nuc	nuc	1
GLU	5, 28	1270	GLY	5, 201	1443	nuc	nuc	0.96
GLU	5, 29	1271	GLY	5, 201	1443	nuc	nuc	0.97
SER	5, 30	1272	GLY	5, 201	1443	nuc	nuc	0.99
GLN	5, 32	1274	GLY	5, 201	1443	nuc	nuc	0.99
THR	5, 34	1276	GLY	5, 201	1443	nuc	nuc	0.97
CYS	5, 35	1277	GLY	5, 201	1443	nuc	nuc	1
THR	5, 36	1278	GLY	5, 201	1443	nuc	nuc	0.95
SER	5, 103	1345	GLY	5, 201	1443	nuc	nuc	0.97
ALA	5, 199	1441	GLY	5, 201	1443	nuc	nuc	1
ALA	5, 200	1442	GLY	5, 201	1443	nuc	nuc	1
GLU	5, 29	1271	GLY	5, 202	1444	nuc	nuc	0.99
SER	5, 30	1272	GLY	5, 202	1444	nuc	nuc	0.99
SER	5, 31	1273	GLY	5, 202	1444	nuc	nuc	0.97
GLN	5, 32	1274	GLY	5, 202	1444	nuc	nuc	0.99
PRO	5, 33	1275	GLY	5, 202	1444	nuc	nuc	0.86
THR	5, 34	1276	GLY	5, 202	1444	nuc	nuc	0.57
CYS	5, 35	1277	GLY	5, 202	1444	nuc	nuc	0.99
SER	5, 103	1345	GLY	5, 202	1444	nuc	nuc	0.99
GLY	5, 201	1443	GLY	5, 202	1444	nuc	nuc	1
SER	5, 27	1269	ILE	5, 203	1445	nuc	nuc	0.97
GLU	5, 29	1271	ILE	5, 203	1445	nuc	nuc	0.98
CYS	5, 35	1277	ILE	5, 203	1445	nuc	nuc	0.99
VAL	5, 37	1279	ILE	5, 203	1445	nuc	nuc	0.65
SER	5, 103	1345	ILE	5, 203	1445	nuc	nuc	0.98
MET	5, 106	1348	ILE	5, 203	1445	nuc	nuc	0.98
ALA	5, 199	1441	ILE	5, 203	1445	nuc	nuc	0.98
ALA	5, 200	1442	ILE	5, 203	1445	nuc	nuc	0.67
GLY	5, 201	1443	ILE	5, 203	1445	nuc	nuc	1
GLY	5, 202	1444	ILE	5, 203	1445	nuc	nuc	1
GLU	5, 29	1271	SER	5, 204	1446	nuc	nuc	0.97
GLY	5, 202	1444	SER	5, 204	1446	nuc	nuc	0.84
ILE	5, 203	1445	SER	5, 204	1446	nuc	nuc	1
ASN	5, 15	1257	HIS	5, 205	1447	nuc	nuc	0.99
THR	5, 17	1259	HIS	5, 205	1447	nuc	nuc	0.91
SER	5, 27	1269	HIS	5, 205	1447	nuc	nuc	0.99
GLU	5, 29	1271	HIS	5, 205	1447	nuc	nuc	0.97
ILE	5, 203	1445	HIS	5, 205	1447	nuc	nuc	0.85
SER	5, 204	1446	HIS	5, 205	1447	nuc	nuc	1
SER	5, 204	1446	LYS	5, 206	1448	nuc	nuc	1
HIS	5, 205	1447	LYS	5, 206	1448	nuc	nuc	1
MET	5, 106	1348	GLU	5, 207	1449	nuc	nuc	0.87
PRO	5, 107	1349	GLU	5, 207	1449	nuc	nuc	0.71
ILE	5, 203	1445	GLU	5, 207	1449	nuc	nuc	0.95
SER	5, 204	1446	GLU	5, 207	1449	nuc	nuc	1
HIS	5, 205	1447	GLU	5, 207	1449	nuc	nuc	0.95
LYS	5, 206	1448	GLU	5, 207	1449	nuc	nuc	1
VAL	5, 25	1267	LEU	5, 208	1450	nuc	nuc	0.99
SER	5, 27	1269	LEU	5, 208	1450	nuc	nuc	0.99
VAL	5, 37	1279	LEU	5, 208	1450	nuc	nuc	0.59
MET	5, 106	1348	LEU	5, 208	1450	nuc	nuc	0.91
VAL	5, 110	1352	LEU	5, 208	1450	nuc	nuc	0.89
LEU	5, 197	1439	LEU	5, 208	1450	nuc	nuc	0.72
ALA	5, 199	1441	LEU	5, 208	1450	nuc	nuc	0.99
ILE	5, 203	1445	LEU	5, 208	1450	nuc	nuc	0.98
SER	5, 204	1446	LEU	5, 208	1450	nuc	nuc	0.98
HIS	5, 205	1447	LEU	5, 208	1450	nuc	nuc	1
LYS	5, 206	1448	LEU	5, 208	1450	nuc	nuc	0.98
GLU	5, 207	1449	LEU	5, 208	1450	nuc	nuc	1
THR	5, 17	1259	VAL	5, 209	1451	nuc	nuc	0.98
LEU	5, 19	1261	VAL	5, 209	1451	nuc	nuc	0.68
VAL	5, 25	1267	VAL	5, 209	1451	nuc	nuc	0.99
HIS	5, 205	1447	VAL	5, 209	1451	nuc	nuc	0.99
LYS	5, 206	1448	VAL	5, 209	1451	nuc	nuc	0.99
GLU	5, 207	1449	VAL	5, 209	1451	nuc	nuc	0.95
LEU	5, 208	1450	VAL	5, 209	1451	nuc	nuc	1
LYS	5, 206	1448	ASP	5, 210	1452	nuc	nuc	0.97
GLU	5, 207	1449	ASP	5, 210	1452	nuc	nuc	0.99
LEU	5, 208	1450	ASP	5, 210	1452	nuc	nuc	0.98
VAL	5, 209	1451	ASP	5, 210	1452	nuc	nuc	1
MET	5, 106	1348	ALA	5, 211	1453	nuc	nuc	0.87
PRO	5, 107	1349	ALA	5, 211	1453	nuc	nuc	0.99
VAL	5, 110	1352	ALA	5, 211	1453	nuc	nuc	0.99
GLU	5, 111	1353	ALA	5, 211	1453	nuc	nuc	0.68
GLU	5, 207	1449	ALA	5, 211	1453	nuc	nuc	0.98
LEU	5, 208	1450	ALA	5, 211	1453	nuc	nuc	1
VAL	5, 209	1451	ALA	5, 211	1453	nuc	nuc	0.98
ASP	5, 210	1452	ALA	5, 211	1453	nuc	nuc	1
LEU	5, 19	1261	ALA	5, 212	1454	nuc	nuc	0.93
LEU	5, 23	1265	ALA	5, 212	1454	nuc	nuc	0.91
VAL	5, 25	1267	ALA	5, 212	1454	nuc	nuc	0.99
VAL	5, 110	1352	ALA	5, 212	1454	nuc	nuc	0.97
LEU	5, 197	1439	ALA	5, 212	1454	nuc	nuc	0.98
LEU	5, 208	1450	ALA	5, 212	1454	nuc	nuc	0.99
VAL	5, 209	1451	ALA	5, 212	1454	nuc	nuc	1
ASP	5, 210	1452	ALA	5, 212	1454	nuc	nuc	0.98
ALA	5, 211	1453	ALA	5, 212	1454	nuc	nuc	1
LEU	5, 19	1261	ARG	5, 213	1455	nuc	nuc	0.95
VAL	5, 209	1451	ARG	5, 213	1455	nuc	nuc	0.98
ASP	5, 210	1452	ARG	5, 213	1455	nuc	nuc	0.99
ALA	5, 211	1453	ARG	5, 213	1455	nuc	nuc	0.97
ALA	5, 212	1454	ARG	5, 213	1455	nuc	nuc	1
ASP	5, 210	1452	GLN	5, 214	1456	nuc	nuc	0.94
ALA	5, 211	1453	GLN	5, 214	1456	nuc	nuc	0.97
ALA	5, 212	1454	GLN	5, 214	1456	nuc	nuc	0.97
ARG	5, 213	1455	GLN	5, 214	1456	nuc	nuc	1
VAL	5, 110	1352	HIS	5, 215	1457	nuc	nuc	0.95
GLU	5, 111	1353	HIS	5, 215	1457	nuc	nuc	0.97
ALA	5, 114	1356	HIS	5, 215	1457	nuc	nuc	0.99
ALA	5, 211	1453	HIS	5, 215	1457	nuc	nuc	0.95
ALA	5, 212	1454	HIS	5, 215	1457	nuc	nuc	0.97
GLN	5, 214	1456	HIS	5, 215	1457	nuc	nuc	1
LEU	5, 19	1261	PHE	5, 216	1458	nuc	nuc	0.75
ASN	5, 21	1263	PHE	5, 216	1458	nuc	nuc	0.71
LEU	5, 23	1265	PHE	5, 216	1458	nuc	nuc	0.93
ALA	5, 114	1356	PHE	5, 216	1458	nuc	nuc	0.98
ALA	5, 192	1434	PHE	5, 216	1458	nuc	nuc	0.71
LEU	5, 197	1439	PHE	5, 216	1458	nuc	nuc	0.85
ALA	5, 212	1454	PHE	5, 216	1458	nuc	nuc	0.97
ARG	5, 213	1455	PHE	5, 216	1458	nuc	nuc	0.91
HIS	5, 215	1457	PHE	5, 216	1458	nuc	nuc	1
LEU	5, 19	1261	SER	5, 217	1459	nuc	nuc	0.51
ASN	5, 21	1263	SER	5, 217	1459	nuc	nuc	0.77
ARG	5, 213	1455	SER	5, 217	1459	nuc	nuc	0.86
GLN	5, 214	1456	SER	5, 217	1459	nuc	nuc	0.8
HIS	5, 215	1457	SER	5, 217	1459	nuc	nuc	0.83
PHE	5, 216	1458	SER	5, 217	1459	nuc	nuc	1
ASN	5, 21	1263	GLY	5, 218	1460	nuc	nuc	0.85
GLN	5, 118	1360	GLY	5, 218	1460	nuc	nuc	0.53
PHE	5, 216	1458	GLY	5, 218	1460	nuc	nuc	0.97
SER	5, 217	1459	GLY	5, 218	1460	nuc	nuc	1
ASN	5, 21	1263	VAL	5, 219	1461	nuc	nuc	0.85
LEU	5, 23	1265	VAL	5, 219	1461	nuc	nuc	0.66
VAL	5, 117	1359	VAL	5, 219	1461	nuc	nuc	0.52
GLN	5, 118	1360	VAL	5, 219	1461	nuc	nuc	0.83
PHE	5, 190	1432	VAL	5, 219	1461	nuc	nuc	0.53
LYS	5, 191	1433	VAL	5, 219	1461	nuc	nuc	0.8
ALA	5, 192	1434	VAL	5, 219	1461	nuc	nuc	0.87
MET	5, 195	1437	VAL	5, 219	1461	nuc	nuc	0.64
PHE	5, 216	1458	VAL	5, 219	1461	nuc	nuc	0.76
SER	5, 217	1459	VAL	5, 219	1461	nuc	nuc	0.78
GLY	5, 218	1460	VAL	5, 219	1461	nuc	nuc	1
ASN	5, 21	1263	SER	5, 220	1462	nuc	nuc	0.57
LYS	5, 191	1433	SER	5, 220	1462	nuc	nuc	0.91
ALA	5, 192	1434	SER	5, 220	1462	nuc	nuc	0.92
GLY	5, 218	1460	SER	5, 220	1462	nuc	nuc	0.93
VAL	5, 219	1461	SER	5, 220	1462	nuc	nuc	1
ASN	5, 21	1263	PHE	5, 221	1463	nuc	nuc	0.68
GLY	5, 22	1264	PHE	5, 221	1463	nuc	nuc	0.65
LYS	5, 191	1433	PHE	5, 221	1463	nuc	nuc	0.73
ALA	5, 192	1434	PHE	5, 221	1463	nuc	nuc	0.73
PRO	5, 193	1435	PHE	5, 221	1463	nuc	nuc	0.67
VAL	5, 219	1461	PHE	5, 221	1463	nuc	nuc	0.81
SER	5, 220	1462	PHE	5, 221	1463	nuc	nuc	1
SER	5, 220	1462	THR	5, 222	1464	nuc	nuc	0.84
PHE	5, 221	1463	THR	5, 222	1464	nuc	nuc	1
LYS	5, 191	1433	TYR	5, 223	1465	nuc	nuc	0.63
PHE	5, 221	1463	TYR	5, 223	1465	nuc	nuc	0.61
THR	5, 222	1464	TYR	5, 223	1465	nuc	nuc	1
THR	5, 222	1464	LYS	5, 224	1466	nuc	nuc	0.68
TYR	5, 223	1465	LYS	5, 224	1466	nuc	nuc	1
TYR	5, 223	1465	GLU	5, 225	1467	nuc	nuc	0.84
LYS	5, 224	1466	GLU	5, 225	1467	nuc	nuc	1
TYR	5, 223	1465	ASP	5, 226	1468	nuc	nuc	0.67
LYS	5, 224	1466	ASP	5, 226	1468	nuc	nuc	0.57
GLU	5, 225	1467	ASP	5, 226	1468	nuc	nuc	1
TYR	5, 223	1465	ALA	5, 227	1469	nuc	nuc	0.69
LYS	5, 224	1466	ALA	5, 227	1469	nuc	nuc	0.55
GLU	5, 225	1467	ALA	5, 227	1469	nuc	nuc	0.68
ASP	5, 226	1468	ALA	5, 227	1469	nuc	nuc	1
PRO	5, 193	1435	VAL	5, 228	1470	nuc	nuc	0.72
ARG	5, 194	1436	VAL	5, 228	1470	nuc	nuc	0.67
ALA	5, 227	1469	VAL	5, 228	1470	nuc	nuc	1
ALA	5, 227	1469	PRO	5, 229	1471	nuc	nuc	0.72
VAL	5, 228	1470	PRO	5, 229	1471	nuc	nuc	1
VAL	5, 228	1470	ILE	5, 230	1472	nuc	nuc	0.8
PRO	5, 229	1471	ILE	5, 230	1472	nuc	nuc	1
ARG	5, 46	1288	LEU	5, 231	1473	nuc	nuc	0.9
TYR	5, 47	1289	LEU	5, 231	1473	nuc	nuc	0.82
ALA	5, 162	1404	LEU	5, 231	1473	nuc	nuc	0.59
PRO	5, 229	1471	LEU	5, 231	1473	nuc	nuc	0.9
ILE	5, 230	1472	LEU	5, 231	1473	nuc	nuc	1
THR	5, 161	1403	PRO	5, 232	1474	nuc	nuc	0.53
ALA	5, 162	1404	PRO	5, 232	1474	nuc	nuc	0.76
ILE	5, 230	1472	PRO	5, 232	1474	nuc	nuc	0.57
LEU	5, 231	1473	PRO	5, 232	1474	nuc	nuc	1
LEU	5, 231	1473	ARG	5, 233	1475	nuc	nuc	0.67
PRO	5, 232	1474	ARG	5, 233	1475	nuc	nuc	1
PHE	5, 158	1400	CYS	5, 234	1476	nuc	nuc	1
THR	5, 161	1403	CYS	5, 234	1476	nuc	nuc	0.99
ALA	5, 162	1404	CYS	5, 234	1476	nuc	nuc	0.96
LEU	5, 163	1405	CYS	5, 234	1476	nuc	nuc	0.99
PRO	5, 232	1474	CYS	5, 234	1476	nuc	nuc	0.96
ARG	5, 233	1475	CYS	5, 234	1476	nuc	nuc	1
PHE	5, 158	1400	ARG	5, 235	1477	nuc	nuc	0.96
GLY	5, 160	1402	ARG	5, 235	1477	nuc	nuc	0.68
THR	5, 161	1403	ARG	5, 235	1477	nuc	nuc	0.99
ARG	5, 233	1475	ARG	5, 235	1477	nuc	nuc	0.96
CYS	5, 234	1476	ARG	5, 235	1477	nuc	nuc	1
ALA	5, 157	1399	PHE	5, 236	1478	nuc	nuc	1
PHE	5, 158	1400	PHE	5, 236	1478	nuc	nuc	0.99
CYS	5, 234	1476	PHE	5, 236	1478	nuc	nuc	0.96
ARG	5, 235	1477	PHE	5, 236	1478	nuc	nuc	1
THR	5, 156	1398	THR	5, 237	1479	nuc	nuc	0.85
ALA	5, 157	1399	THR	5, 237	1479	nuc	nuc	0.98
PHE	5, 158	1400	THR	5, 237	1479	nuc	nuc	0.9
GLN	5, 159	1401	THR	5, 237	1479	nuc	nuc	1
ARG	5, 235	1477	THR	5, 237	1479	nuc	nuc	1
PHE	5, 236	1478	THR	5, 237	1479	nuc	nuc	1
THR	5, 156	1398	GLY	5, 238	1480	nuc	nuc	0.64
ALA	5, 157	1399	GLY	5, 238	1480	nuc	nuc	0.96
PHE	5, 236	1478	GLY	5, 238	1480	nuc	nuc	1
THR	5, 237	1479	GLY	5, 238	1480	nuc	nuc	1
THR	5, 156	1398	SER	5, 239	1481	nuc	nuc	1
ALA	5, 157	1399	SER	5, 239	1481	nuc	nuc	0.94
GLN	5, 159	1401	SER	5, 239	1481	nuc	nuc	0.99
THR	5, 237	1479	SER	5, 239	1481	nuc	nuc	1
GLY	5, 238	1480	SER	5, 239	1481	nuc	nuc	1
THR	5, 156	1398	GLU	5, 240	1482	nuc	nuc	0.99
GLY	5, 238	1480	GLU	5, 240	1482	nuc	nuc	0.82
SER	5, 239	1481	GLU	5, 240	1482	nuc	nuc	1
TYR	5, 152	1394	ILE	5, 241	1483	nuc	nuc	1
LEU	5, 153	1395	ILE	5, 241	1483	nuc	nuc	0.6
ALA	5, 155	1397	ILE	5, 241	1483	nuc	nuc	0.97
THR	5, 156	1398	ILE	5, 241	1483	nuc	nuc	1
SER	5, 239	1481	ILE	5, 241	1483	nuc	nuc	0.99
GLU	5, 240	1482	ILE	5, 241	1483	nuc	nuc	1
GLU	5, 240	1482	ARG	5, 242	1484	nuc	nuc	1
ILE	5, 241	1483	ARG	5, 242	1484	nuc	nuc	1
TYR	5, 152	1394	ALA	5, 243	1485	nuc	nuc	0.99
ILE	5, 241	1483	ALA	5, 243	1485	nuc	nuc	1
ARG	5, 242	1484	ALA	5, 243	1485	nuc	nuc	1
ARG	5, 242	1484	ARG	5, 244	1486	nuc	nuc	1
ALA	5, 243	1485	ARG	5, 244	1486	nuc	nuc	1
ALA	5, 243	1485	ASP	5, 245	1487	nuc	nuc	1
ARG	5, 244	1486	ASP	5, 245	1487	nuc	nuc	1
ARG	5, 244	1486	ASP	5, 246	1488	nuc	nuc	1
ASP	5, 245	1487	ASP	5, 246	1488	nuc	nuc	1
ASP	5, 245	1487	ALA	5, 247	1489	nuc	nuc	1
ASP	5, 246	1488	ALA	5, 247	1489	nuc	nuc	1
MET	5, 145	1387	LEU	5, 248	1490	nuc	nuc	0.87
ASP	5, 245	1487	LEU	5, 248	1490	nuc	nuc	1
ASP	5, 246	1488	LEU	5, 248	1490	nuc	nuc	0.97
ALA	5, 247	1489	LEU	5, 248	1490	nuc	nuc	1
LEU	5, 248	1490	PRO	5, 249	1491	nuc	nuc	1
LEU	5, 248	1490	VAL	5, 250	1492	nuc	nuc	0.99
PRO	5, 249	1491	VAL	5, 250	1492	nuc	nuc	1
LEU	5, 248	1490	ALA	5, 251	1493	nuc	nuc	0.88
VAL	5, 250	1492	ALA	5, 251	1493	nuc	nuc	1
MET	5, 145	1387	HIS	5, 252	1494	nuc	nuc	1
THR	5, 146	1388	HIS	5, 252	1494	nuc	nuc	0.98
VAL	5, 148	1390	HIS	5, 252	1494	nuc	nuc	0.7
THR	5, 149	1391	HIS	5, 252	1494	nuc	nuc	1
VAL	5, 250	1492	HIS	5, 252	1494	nuc	nuc	0.99
ALA	5, 251	1493	HIS	5, 252	1494	nuc	nuc	1
THR	5, 149	1391	VAL	5, 253	1495	nuc	nuc	0.88
ALA	5, 251	1493	VAL	5, 253	1495	nuc	nuc	1
HIS	5, 252	1494	VAL	5, 253	1495	nuc	nuc	1
THR	5, 149	1391	ALA	5, 254	1496	nuc	nuc	1
PHE	5, 150	1392	ALA	5, 254	1496	nuc	nuc	0.99
LEU	5, 153	1395	ALA	5, 254	1496	nuc	nuc	1
HIS	5, 252	1494	ALA	5, 254	1496	nuc	nuc	0.99
VAL	5, 253	1495	ALA	5, 254	1496	nuc	nuc	1
VAL	5, 253	1495	LEU	5, 255	1497	nuc	nuc	1
ALA	5, 254	1496	LEU	5, 255	1497	nuc	nuc	1
LEU	5, 153	1395	ALA	5, 256	1498	nuc	nuc	1
ALA	5, 157	1399	ALA	5, 256	1498	nuc	nuc	0.99
ALA	5, 254	1496	ALA	5, 256	1498	nuc	nuc	1
LEU	5, 255	1497	ALA	5, 256	1498	nuc	nuc	1
ALA	5, 256	1498	VAL	5, 257	1499	nuc	nuc	1
PHE	5, 236	1478	GLU	5, 258	1500	nuc	nuc	1
VAL	5, 257	1499	GLU	5, 258	1500	nuc	nuc	1
VAL	5, 257	1499	GLY	5, 259	1501	nuc	nuc	1
GLU	5, 258	1500	GLY	5, 259	1501	nuc	nuc	1
GLY	5, 259	1501	PRO	5, 260	1502	nuc	nuc	1
GLY	5, 259	1501	GLY	5, 261	1503	nuc	nuc	1
PRO	5, 260	1502	GLY	5, 261	1503	nuc	nuc	1
GLY	5, 261	1503	TRP	5, 262	1504	nuc	nuc	1
GLY	5, 261	1503	ALA	5, 263	1505	nuc	nuc	1
TRP	5, 262	1504	ALA	5, 263	1505	nuc	nuc	1
PRO	5, 260	1502	ASP	5, 264	1506	nuc	nuc	0.99
GLY	5, 261	1503	ASP	5, 264	1506	nuc	nuc	1
TRP	5, 262	1504	ASP	5, 264	1506	nuc	nuc	0.95
ALA	5, 263	1505	ASP	5, 264	1506	nuc	nuc	1
ASP	5, 264	1506	PRO	5, 265	1507	nuc	nuc	1
PRO	5, 260	1502	ASP	5, 266	1508	nuc	nuc	0.99
ASP	5, 264	1506	ASP	5, 266	1508	nuc	nuc	1
PRO	5, 265	1507	ASP	5, 266	1508	nuc	nuc	1
PRO	5, 260	1502	ASN	5, 267	1509	nuc	nuc	0.99
GLY	5, 261	1503	ASN	5, 267	1509	nuc	nuc	0.97
TRP	5, 262	1504	ASN	5, 267	1509	nuc	nuc	0.93
ASP	5, 264	1506	ASN	5, 267	1509	nuc	nuc	0.99
PRO	5, 265	1507	ASN	5, 267	1509	nuc	nuc	0.99
ASP	5, 266	1508	ASN	5, 267	1509	nuc	nuc	1
PRO	5, 265	1507	VAL	5, 268	1510	nuc	nuc	0.94
ASP	5, 266	1508	VAL	5, 268	1510	nuc	nuc	0.96
ASN	5, 267	1509	VAL	5, 268	1510	nuc	nuc	1
ASP	5, 266	1508	VAL	5, 269	1511	nuc	nuc	1
ASN	5, 267	1509	VAL	5, 269	1511	nuc	nuc	0.99
VAL	5, 268	1510	VAL	5, 269	1511	nuc	nuc	1
GLY	5, 259	1501	LEU	5, 270	1512	nuc	nuc	0.9
PRO	5, 260	1502	LEU	5, 270	1512	nuc	nuc	0.95
ASP	5, 266	1508	LEU	5, 270	1512	nuc	nuc	0.99
ASN	5, 267	1509	LEU	5, 270	1512	nuc	nuc	1
VAL	5, 268	1510	LEU	5, 270	1512	nuc	nuc	0.99
VAL	5, 269	1511	LEU	5, 270	1512	nuc	nuc	1
ASN	5, 267	1509	HIS	5, 271	1513	nuc	nuc	0.99
VAL	5, 268	1510	HIS	5, 271	1513	nuc	nuc	1
VAL	5, 269	1511	HIS	5, 271	1513	nuc	nuc	0.99
LEU	5, 270	1512	HIS	5, 271	1513	nuc	nuc	1
VAL	5, 268	1510	VAL	5, 272	1514	nuc	nuc	0.99
VAL	5, 269	1511	VAL	5, 272	1514	nuc	nuc	1
LEU	5, 270	1512	VAL	5, 272	1514	nuc	nuc	1
HIS	5, 271	1513	VAL	5, 272	1514	nuc	nuc	1
VAL	5, 269	1511	ALA	5, 273	1515	nuc	nuc	1
LEU	5, 270	1512	ALA	5, 273	1515	nuc	nuc	1
HIS	5, 271	1513	ALA	5, 273	1515	nuc	nuc	1
VAL	5, 272	1514	ALA	5, 273	1515	nuc	nuc	1
LEU	5, 270	1512	ASN	5, 274	1516	nuc	nuc	0.99
HIS	5, 271	1513	ASN	5, 274	1516	nuc	nuc	1
VAL	5, 272	1514	ASN	5, 274	1516	nuc	nuc	0.99
ALA	5, 273	1515	ASN	5, 274	1516	nuc	nuc	1
HIS	5, 271	1513	ALA	5, 275	1517	nuc	nuc	0.99
VAL	5, 272	1514	ALA	5, 275	1517	nuc	nuc	1
ALA	5, 273	1515	ALA	5, 275	1517	nuc	nuc	1
ASN	5, 274	1516	ALA	5, 275	1517	nuc	nuc	1
VAL	5, 272	1514	ILE	5, 276	1518	nuc	nuc	0.98
ALA	5, 273	1515	ILE	5, 276	1518	nuc	nuc	1
ASN	5, 274	1516	ILE	5, 276	1518	nuc	nuc	1
ALA	5, 275	1517	ILE	5, 276	1518	nuc	nuc	1
ALA	5, 273	1515	ILE	5, 277	1519	nuc	nuc	0.92
ASN	5, 274	1516	ILE	5, 277	1519	nuc	nuc	1
ALA	5, 275	1517	ILE	5, 277	1519	nuc	nuc	0.91
ILE	5, 276	1518	ILE	5, 277	1519	nuc	nuc	1
ASN	5, 274	1516	GLY	5, 278	1520	nuc	nuc	0.99
ALA	5, 275	1517	GLY	5, 278	1520	nuc	nuc	1
ILE	5, 276	1518	GLY	5, 278	1520	nuc	nuc	1
ILE	5, 277	1519	GLY	5, 278	1520	nuc	nuc	1
GLY	5, 278	1520	ARG	5, 279	1521	nuc	nuc	1
GLY	5, 278	1520	TYR	5, 280	1522	nuc	nuc	0.99
ARG	5, 279	1521	TYR	5, 280	1522	nuc	nuc	1
ARG	5, 279	1521	ASP	5, 281	1523	nuc	nuc	0.97
TYR	5, 280	1522	ASP	5, 281	1523	nuc	nuc	1
ASP	5, 281	1523	ARG	5, 282	1524	nuc	nuc	1
ASP	5, 281	1523	THR	5, 283	1525	nuc	nuc	1
ARG	5, 282	1524	THR	5, 283	1525	nuc	nuc	1
TYR	5, 280	1522	PHE	5, 284	1526	nuc	nuc	0.98
ASP	5, 281	1523	PHE	5, 284	1526	nuc	nuc	1
ARG	5, 282	1524	PHE	5, 284	1526	nuc	nuc	0.98
THR	5, 283	1525	PHE	5, 284	1526	nuc	nuc	1
THR	5, 283	1525	GLY	5, 285	1527	nuc	nuc	0.96
PHE	5, 284	1526	GLY	5, 285	1527	nuc	nuc	1
PHE	5, 284	1526	GLY	5, 286	1528	nuc	nuc	0.99
GLY	5, 285	1527	GLY	5, 286	1528	nuc	nuc	1
PHE	5, 284	1526	GLY	5, 287	1529	nuc	nuc	0.94
GLY	5, 285	1527	GLY	5, 287	1529	nuc	nuc	1
GLY	5, 286	1528	GLY	5, 287	1529	nuc	nuc	1
GLY	5, 286	1528	LYS	5, 288	1530	nuc	nuc	0.87
GLY	5, 287	1529	LYS	5, 288	1530	nuc	nuc	1
GLY	5, 286	1528	HIS	5, 289	1531	nuc	nuc	0.93
GLY	5, 287	1529	HIS	5, 289	1531	nuc	nuc	0.99
LYS	5, 288	1530	HIS	5, 289	1531	nuc	nuc	1
TYR	5, 280	1522	LEU	5, 290	1532	nuc	nuc	0.87
PHE	5, 284	1526	LEU	5, 290	1532	nuc	nuc	0.87
GLY	5, 286	1528	LEU	5, 290	1532	nuc	nuc	0.95
GLY	5, 287	1529	LEU	5, 290	1532	nuc	nuc	0.97
LYS	5, 288	1530	LEU	5, 290	1532	nuc	nuc	0.93
HIS	5, 289	1531	LEU	5, 290	1532	nuc	nuc	1
LEU	5, 290	1532	SER	5, 291	1533	nuc	nuc	1
ILE	5, 276	1518	SER	5, 292	1534	nuc	nuc	0.84
ILE	5, 277	1519	SER	5, 292	1534	nuc	nuc	0.99
GLY	5, 278	1520	SER	5, 292	1534	nuc	nuc	1
TYR	5, 280	1522	SER	5, 292	1534	nuc	nuc	0.94
LEU	5, 290	1532	SER	5, 292	1534	nuc	nuc	1
SER	5, 291	1533	SER	5, 292	1534	nuc	nuc	1
SER	5, 292	1534	ARG	5, 293	1535	nuc	nuc	1
ILE	5, 277	1519	LEU	5, 294	1536	nuc	nuc	0.99
GLY	5, 278	1520	LEU	5, 294	1536	nuc	nuc	0.78
TYR	5, 280	1522	LEU	5, 294	1536	nuc	nuc	0.92
SER	5, 292	1534	LEU	5, 294	1536	nuc	nuc	1
ARG	5, 293	1535	LEU	5, 294	1536	nuc	nuc	1
GLY	5, 278	1520	ALA	5, 295	1537	nuc	nuc	0.93
ARG	5, 279	1521	ALA	5, 295	1537	nuc	nuc	0.51
TYR	5, 280	1522	ALA	5, 295	1537	nuc	nuc	1
PHE	5, 284	1526	ALA	5, 295	1537	nuc	nuc	0.7
GLY	5, 287	1529	ALA	5, 295	1537	nuc	nuc	0.59
LEU	5, 290	1532	ALA	5, 295	1537	nuc	nuc	0.99
SER	5, 291	1533	ALA	5, 295	1537	nuc	nuc	0.64
SER	5, 292	1534	ALA	5, 295	1537	nuc	nuc	1
ARG	5, 293	1535	ALA	5, 295	1537	nuc	nuc	0.99
LEU	5, 294	1536	ALA	5, 295	1537	nuc	nuc	1
GLY	5, 287	1529	ALA	5, 296	1538	nuc	nuc	0.62
LYS	5, 288	1530	ALA	5, 296	1538	nuc	nuc	0.96
HIS	5, 289	1531	ALA	5, 296	1538	nuc	nuc	0.84
LEU	5, 290	1532	ALA	5, 296	1538	nuc	nuc	0.98
SER	5, 292	1534	ALA	5, 296	1538	nuc	nuc	0.99
ARG	5, 293	1535	ALA	5, 296	1538	nuc	nuc	1
LEU	5, 294	1536	ALA	5, 296	1538	nuc	nuc	0.99
ALA	5, 295	1537	ALA	5, 296	1538	nuc	nuc	1
PRO	1, 3	3	LEU	5, 297	1539	mit	nuc	0.84
ARG	5, 293	1535	LEU	5, 297	1539	nuc	nuc	0.99
LEU	5, 294	1536	LEU	5, 297	1539	nuc	nuc	1
ALA	5, 295	1537	LEU	5, 297	1539	nuc	nuc	0.99
ALA	5, 296	1538	LEU	5, 297	1539	nuc	nuc	1
TYR	5, 280	1522	ALA	5, 298	1540	nuc	nuc	0.99
LEU	5, 294	1536	ALA	5, 298	1540	nuc	nuc	1
ALA	5, 295	1537	ALA	5, 298	1540	nuc	nuc	1
ALA	5, 296	1538	ALA	5, 298	1540	nuc	nuc	1
LEU	5, 297	1539	ALA	5, 298	1540	nuc	nuc	1
GLY	5, 287	1529	VAL	5, 299	1541	nuc	nuc	0.99
LYS	5, 288	1530	VAL	5, 299	1541	nuc	nuc	0.99
LEU	5, 290	1532	VAL	5, 299	1541	nuc	nuc	0.86
ALA	5, 295	1537	VAL	5, 299	1541	nuc	nuc	0.99
ALA	5, 296	1538	VAL	5, 299	1541	nuc	nuc	1
LEU	5, 297	1539	VAL	5, 299	1541	nuc	nuc	0.97
ALA	5, 298	1540	VAL	5, 299	1541	nuc	nuc	1
LYS	5, 288	1530	GLU	5, 300	1542	nuc	nuc	0.96
ALA	5, 296	1538	GLU	5, 300	1542	nuc	nuc	0.99
LEU	5, 297	1539	GLU	5, 300	1542	nuc	nuc	1
ALA	5, 298	1540	GLU	5, 300	1542	nuc	nuc	0.96
VAL	5, 299	1541	GLU	5, 300	1542	nuc	nuc	1
ALA	1, 2	2	HIS	5, 301	1543	mit	nuc	0.77
PRO	1, 3	3	HIS	5, 301	1543	mit	nuc	0.93
LEU	5, 297	1539	HIS	5, 301	1543	nuc	nuc	0.99
ALA	5, 298	1540	HIS	5, 301	1543	nuc	nuc	0.98
VAL	5, 299	1541	HIS	5, 301	1543	nuc	nuc	0.53
GLU	5, 300	1542	HIS	5, 301	1543	nuc	nuc	1
ALA	5, 298	1540	LYS	5, 302	1544	nuc	nuc	0.88
VAL	5, 299	1541	LYS	5, 302	1544	nuc	nuc	0.89
GLU	5, 300	1542	LYS	5, 302	1544	nuc	nuc	0.63
HIS	5, 301	1543	LYS	5, 302	1544	nuc	nuc	1
LEU	5, 297	1539	LEU	5, 303	1545	nuc	nuc	0.96
ALA	5, 298	1540	LEU	5, 303	1545	nuc	nuc	0.99
HIS	5, 301	1543	LEU	5, 303	1545	nuc	nuc	1
LYS	5, 302	1544	LEU	5, 303	1545	nuc	nuc	1
TYR	5, 280	1522	CYS	5, 304	1546	nuc	nuc	0.84
ALA	5, 298	1540	CYS	5, 304	1546	nuc	nuc	1
LEU	5, 303	1545	CYS	5, 304	1546	nuc	nuc	1
VAL	5, 250	1492	HIS	5, 305	1547	nuc	nuc	0.98
ASP	5, 281	1523	HIS	5, 305	1547	nuc	nuc	0.85
ARG	5, 282	1524	HIS	5, 305	1547	nuc	nuc	0.99
CYS	5, 304	1546	HIS	5, 305	1547	nuc	nuc	1
ARG	5, 279	1521	SER	5, 306	1548	nuc	nuc	0.6
TYR	5, 280	1522	SER	5, 306	1548	nuc	nuc	0.99
ASP	5, 281	1523	SER	5, 306	1548	nuc	nuc	1
ARG	5, 282	1524	SER	5, 306	1548	nuc	nuc	0.97
CYS	5, 304	1546	SER	5, 306	1548	nuc	nuc	0.99
HIS	5, 305	1547	SER	5, 306	1548	nuc	nuc	1
ARG	5, 279	1521	PHE	5, 307	1549	nuc	nuc	0.98
TYR	5, 280	1522	PHE	5, 307	1549	nuc	nuc	1
LEU	5, 294	1536	PHE	5, 307	1549	nuc	nuc	0.94
ALA	5, 298	1540	PHE	5, 307	1549	nuc	nuc	0.96
CYS	5, 304	1546	PHE	5, 307	1549	nuc	nuc	0.99
SER	5, 306	1548	PHE	5, 307	1549	nuc	nuc	1
GLY	5, 278	1520	GLN	5, 308	1550	nuc	nuc	0.63
ARG	5, 279	1521	GLN	5, 308	1550	nuc	nuc	1
SER	5, 306	1548	GLN	5, 308	1550	nuc	nuc	1
PHE	5, 307	1549	GLN	5, 308	1550	nuc	nuc	1
ASN	5, 274	1516	THR	5, 309	1551	nuc	nuc	1
ILE	5, 277	1519	THR	5, 309	1551	nuc	nuc	1
GLY	5, 278	1520	THR	5, 309	1551	nuc	nuc	1
ARG	5, 279	1521	THR	5, 309	1551	nuc	nuc	0.99
PHE	5, 307	1549	THR	5, 309	1551	nuc	nuc	0.87
GLN	5, 308	1550	THR	5, 309	1551	nuc	nuc	1
ALA	5, 256	1498	PHE	5, 310	1552	nuc	nuc	0.7
ASN	5, 274	1516	PHE	5, 310	1552	nuc	nuc	0.84
GLN	5, 308	1550	PHE	5, 310	1552	nuc	nuc	1
THR	5, 309	1551	PHE	5, 310	1552	nuc	nuc	1
GLY	5, 259	1501	ASN	5, 311	1553	nuc	nuc	0.79
ASN	5, 267	1509	ASN	5, 311	1553	nuc	nuc	0.92
LEU	5, 270	1512	ASN	5, 311	1553	nuc	nuc	0.99
HIS	5, 271	1513	ASN	5, 311	1553	nuc	nuc	0.99
ASN	5, 274	1516	ASN	5, 311	1553	nuc	nuc	1
THR	5, 309	1551	ASN	5, 311	1553	nuc	nuc	0.97
PHE	5, 310	1552	ASN	5, 311	1553	nuc	nuc	1
PHE	5, 310	1552	THR	5, 312	1554	nuc	nuc	1
ASN	5, 311	1553	THR	5, 312	1554	nuc	nuc	1
GLY	5, 259	1501	SER	5, 313	1555	nuc	nuc	0.87
PRO	5, 260	1502	SER	5, 313	1555	nuc	nuc	0.94
GLY	5, 261	1503	SER	5, 313	1555	nuc	nuc	1
TRP	5, 262	1504	SER	5, 313	1555	nuc	nuc	1
ASN	5, 267	1509	SER	5, 313	1555	nuc	nuc	0.99
ASN	5, 311	1553	SER	5, 313	1555	nuc	nuc	1
THR	5, 312	1554	SER	5, 313	1555	nuc	nuc	1
ARG	5, 46	1288	TYR	5, 314	1556	nuc	nuc	0.76
ARG	5, 92	1334	TYR	5, 314	1556	nuc	nuc	0.96
GLU	5, 93	1335	TYR	5, 314	1556	nuc	nuc	0.99
LEU	5, 163	1405	TYR	5, 314	1556	nuc	nuc	0.98
CYS	5, 234	1476	TYR	5, 314	1556	nuc	nuc	0.51
GLY	5, 261	1503	TYR	5, 314	1556	nuc	nuc	0.99
TRP	5, 262	1504	TYR	5, 314	1556	nuc	nuc	0.96
THR	5, 312	1554	TYR	5, 314	1556	nuc	nuc	0.99
SER	5, 313	1555	TYR	5, 314	1556	nuc	nuc	1
GLU	5, 93	1335	SER	5, 315	1557	nuc	nuc	0.98
LEU	5, 231	1473	SER	5, 315	1557	nuc	nuc	0.86
GLY	5, 261	1503	SER	5, 315	1557	nuc	nuc	0.99
TRP	5, 262	1504	SER	5, 315	1557	nuc	nuc	0.99
TYR	5, 314	1556	SER	5, 315	1557	nuc	nuc	1
LEU	5, 231	1473	ASP	5, 316	1558	nuc	nuc	0.64
ARG	5, 233	1475	ASP	5, 316	1558	nuc	nuc	0.99
CYS	5, 234	1476	ASP	5, 316	1558	nuc	nuc	0.78
GLY	5, 261	1503	ASP	5, 316	1558	nuc	nuc	0.99
TYR	5, 314	1556	ASP	5, 316	1558	nuc	nuc	0.99
SER	5, 315	1557	ASP	5, 316	1558	nuc	nuc	1
PHE	5, 158	1400	THR	5, 317	1559	nuc	nuc	0.56
LEU	5, 163	1405	THR	5, 317	1559	nuc	nuc	0.7
ARG	5, 233	1475	THR	5, 317	1559	nuc	nuc	0.81
CYS	5, 234	1476	THR	5, 317	1559	nuc	nuc	0.99
PHE	5, 236	1478	THR	5, 317	1559	nuc	nuc	0.98
GLU	5, 258	1500	THR	5, 317	1559	nuc	nuc	0.99
GLY	5, 259	1501	THR	5, 317	1559	nuc	nuc	0.99
PRO	5, 260	1502	THR	5, 317	1559	nuc	nuc	0.53
GLY	5, 261	1503	THR	5, 317	1559	nuc	nuc	0.99
TYR	5, 314	1556	THR	5, 317	1559	nuc	nuc	1
SER	5, 315	1557	THR	5, 317	1559	nuc	nuc	0.76
ASP	5, 316	1558	THR	5, 317	1559	nuc	nuc	1
GLU	5, 258	1500	GLY	5, 318	1560	nuc	nuc	1
GLY	5, 259	1501	GLY	5, 318	1560	nuc	nuc	1
PRO	5, 260	1502	GLY	5, 318	1560	nuc	nuc	0.99
GLY	5, 261	1503	GLY	5, 318	1560	nuc	nuc	1
THR	5, 312	1554	GLY	5, 318	1560	nuc	nuc	1
SER	5, 313	1555	GLY	5, 318	1560	nuc	nuc	1
TYR	5, 314	1556	GLY	5, 318	1560	nuc	nuc	1
THR	5, 317	1559	GLY	5, 318	1560	nuc	nuc	1
LEU	5, 153	1395	LEU	5, 319	1561	nuc	nuc	0.94
HIS	5, 154	1396	LEU	5, 319	1561	nuc	nuc	0.77
ALA	5, 157	1399	LEU	5, 319	1561	nuc	nuc	0.99
ALA	5, 256	1498	LEU	5, 319	1561	nuc	nuc	1
VAL	5, 257	1499	LEU	5, 319	1561	nuc	nuc	0.81
GLU	5, 258	1500	LEU	5, 319	1561	nuc	nuc	0.96
GLY	5, 259	1501	LEU	5, 319	1561	nuc	nuc	1
PHE	5, 310	1552	LEU	5, 319	1561	nuc	nuc	0.95
ASN	5, 311	1553	LEU	5, 319	1561	nuc	nuc	0.9
THR	5, 312	1554	LEU	5, 319	1561	nuc	nuc	1
GLY	5, 318	1560	LEU	5, 319	1561	nuc	nuc	1
ALA	5, 256	1498	PHE	5, 320	1562	nuc	nuc	1
VAL	5, 257	1499	PHE	5, 320	1562	nuc	nuc	1
GLU	5, 258	1500	PHE	5, 320	1562	nuc	nuc	0.94
GLY	5, 259	1501	PHE	5, 320	1562	nuc	nuc	1
LEU	5, 270	1512	PHE	5, 320	1562	nuc	nuc	0.99
PHE	5, 310	1552	PHE	5, 320	1562	nuc	nuc	0.88
ASN	5, 311	1553	PHE	5, 320	1562	nuc	nuc	1
THR	5, 312	1554	PHE	5, 320	1562	nuc	nuc	0.56
GLY	5, 318	1560	PHE	5, 320	1562	nuc	nuc	0.99
LEU	5, 319	1561	PHE	5, 320	1562	nuc	nuc	1
ALA	5, 254	1496	GLY	5, 321	1563	nuc	nuc	0.88
LEU	5, 255	1497	GLY	5, 321	1563	nuc	nuc	1
ALA	5, 256	1498	GLY	5, 321	1563	nuc	nuc	1
VAL	5, 257	1499	GLY	5, 321	1563	nuc	nuc	1
THR	5, 309	1551	GLY	5, 321	1563	nuc	nuc	1
PHE	5, 310	1552	GLY	5, 321	1563	nuc	nuc	1
ASN	5, 311	1553	GLY	5, 321	1563	nuc	nuc	0.95
LEU	5, 319	1561	GLY	5, 321	1563	nuc	nuc	1
PHE	5, 320	1562	GLY	5, 321	1563	nuc	nuc	1
ALA	5, 254	1496	PHE	5, 322	1564	nuc	nuc	0.95
LEU	5, 255	1497	PHE	5, 322	1564	nuc	nuc	1
ALA	5, 256	1498	PHE	5, 322	1564	nuc	nuc	0.55
ILE	5, 277	1519	PHE	5, 322	1564	nuc	nuc	0.95
PHE	5, 307	1549	PHE	5, 322	1564	nuc	nuc	0.99
GLN	5, 308	1550	PHE	5, 322	1564	nuc	nuc	0.98
THR	5, 309	1551	PHE	5, 322	1564	nuc	nuc	1
PHE	5, 310	1552	PHE	5, 322	1564	nuc	nuc	0.99
GLY	5, 321	1563	PHE	5, 322	1564	nuc	nuc	1
THR	5, 146	1388	HIS	5, 323	1565	nuc	nuc	0.89
THR	5, 149	1391	HIS	5, 323	1565	nuc	nuc	0.99
PHE	5, 150	1392	HIS	5, 323	1565	nuc	nuc	0.9
HIS	5, 252	1494	HIS	5, 323	1565	nuc	nuc	0.95
VAL	5, 253	1495	HIS	5, 323	1565	nuc	nuc	0.99
ALA	5, 254	1496	HIS	5, 323	1565	nuc	nuc	1
LEU	5, 255	1497	HIS	5, 323	1565	nuc	nuc	0.58
PHE	5, 307	1549	HIS	5, 323	1565	nuc	nuc	0.99
GLN	5, 308	1550	HIS	5, 323	1565	nuc	nuc	1
THR	5, 309	1551	HIS	5, 323	1565	nuc	nuc	0.58
PHE	5, 310	1552	HIS	5, 323	1565	nuc	nuc	0.99
GLY	5, 321	1563	HIS	5, 323	1565	nuc	nuc	0.97
PHE	5, 322	1564	HIS	5, 323	1565	nuc	nuc	1
HIS	5, 252	1494	PHE	5, 324	1566	nuc	nuc	0.57
VAL	5, 253	1495	PHE	5, 324	1566	nuc	nuc	1
CYS	5, 304	1546	PHE	5, 324	1566	nuc	nuc	0.99
SER	5, 306	1548	PHE	5, 324	1566	nuc	nuc	0.98
PHE	5, 307	1549	PHE	5, 324	1566	nuc	nuc	1
GLN	5, 308	1550	PHE	5, 324	1566	nuc	nuc	0.82
PHE	5, 322	1564	PHE	5, 324	1566	nuc	nuc	1
HIS	5, 323	1565	PHE	5, 324	1566	nuc	nuc	1
VAL	5, 250	1492	VAL	5, 325	1567	nuc	nuc	1
ALA	5, 251	1493	VAL	5, 325	1567	nuc	nuc	0.99
HIS	5, 252	1494	VAL	5, 325	1567	nuc	nuc	1
CYS	5, 304	1546	VAL	5, 325	1567	nuc	nuc	0.99
HIS	5, 305	1547	VAL	5, 325	1567	nuc	nuc	1
SER	5, 306	1548	VAL	5, 325	1567	nuc	nuc	1
PHE	5, 307	1549	VAL	5, 325	1567	nuc	nuc	0.95
HIS	5, 323	1565	VAL	5, 325	1567	nuc	nuc	0.69
PHE	5, 324	1566	VAL	5, 325	1567	nuc	nuc	1
VAL	5, 250	1492	ALA	5, 326	1568	nuc	nuc	0.97
ALA	5, 251	1493	ALA	5, 326	1568	nuc	nuc	1
VAL	5, 253	1495	ALA	5, 326	1568	nuc	nuc	0.93
LEU	5, 303	1545	ALA	5, 326	1568	nuc	nuc	0.97
CYS	5, 304	1546	ALA	5, 326	1568	nuc	nuc	1
HIS	5, 305	1547	ALA	5, 326	1568	nuc	nuc	0.99
PHE	5, 324	1566	ALA	5, 326	1568	nuc	nuc	1
VAL	5, 325	1567	ALA	5, 326	1568	nuc	nuc	1
VAL	5, 250	1492	ASP	5, 327	1569	nuc	nuc	0.99
ALA	5, 251	1493	ASP	5, 327	1569	nuc	nuc	0.88
CYS	5, 304	1546	ASP	5, 327	1569	nuc	nuc	0.52
HIS	5, 305	1547	ASP	5, 327	1569	nuc	nuc	0.9
ALA	5, 326	1568	ASP	5, 327	1569	nuc	nuc	1
ASP	5, 246	1488	PRO	5, 328	1570	nuc	nuc	0.61
VAL	5, 250	1492	PRO	5, 328	1570	nuc	nuc	0.7
ALA	5, 251	1493	PRO	5, 328	1570	nuc	nuc	0.99
ALA	5, 326	1568	PRO	5, 328	1570	nuc	nuc	0.64
ASP	5, 327	1569	PRO	5, 328	1570	nuc	nuc	1
ASP	5, 327	1569	LEU	5, 329	1571	nuc	nuc	1
PRO	5, 328	1570	LEU	5, 329	1571	nuc	nuc	1
LYS	5, 302	1544	SER	5, 330	1572	nuc	nuc	0.96
LEU	5, 303	1545	SER	5, 330	1572	nuc	nuc	1
CYS	5, 304	1546	SER	5, 330	1572	nuc	nuc	0.97
ALA	5, 326	1568	SER	5, 330	1572	nuc	nuc	1
ASP	5, 327	1569	SER	5, 330	1572	nuc	nuc	1
PRO	5, 328	1570	SER	5, 330	1572	nuc	nuc	0.93
LEU	5, 329	1571	SER	5, 330	1572	nuc	nuc	1
ALA	5, 251	1493	ILE	5, 331	1573	nuc	nuc	1
VAL	5, 253	1495	ILE	5, 331	1573	nuc	nuc	0.99
ALA	5, 326	1568	ILE	5, 331	1573	nuc	nuc	1
ASP	5, 327	1569	ILE	5, 331	1573	nuc	nuc	0.78
PRO	5, 328	1570	ILE	5, 331	1573	nuc	nuc	0.99
LEU	5, 329	1571	ILE	5, 331	1573	nuc	nuc	0.94
SER	5, 330	1572	ILE	5, 331	1573	nuc	nuc	1
SER	5, 330	1572	ASP	5, 332	1574	nuc	nuc	0.93
ILE	5, 331	1573	ASP	5, 332	1574	nuc	nuc	1
ALA	1, 2	2	ASP	5, 333	1575	mit	nuc	0.76
PRO	1, 3	3	ASP	5, 333	1575	mit	nuc	0.94
ASN	1, 4	4	ASP	5, 333	1575	mit	nuc	0.94
LYS	1, 7	7	ASP	5, 333	1575	mit	nuc	0.66
HIS	5, 301	1543	ASP	5, 333	1575	nuc	nuc	0.98
LEU	5, 303	1545	ASP	5, 333	1575	nuc	nuc	0.99
SER	5, 330	1572	ASP	5, 333	1575	nuc	nuc	1
ILE	5, 331	1573	ASP	5, 333	1575	nuc	nuc	0.95
ASP	5, 332	1574	ASP	5, 333	1575	nuc	nuc	1
ALA	5, 298	1540	MET	5, 334	1576	nuc	nuc	0.91
LEU	5, 303	1545	MET	5, 334	1576	nuc	nuc	0.99
CYS	5, 304	1546	MET	5, 334	1576	nuc	nuc	1
PHE	5, 307	1549	MET	5, 334	1576	nuc	nuc	0.79
PHE	5, 324	1566	MET	5, 334	1576	nuc	nuc	1
ALA	5, 326	1568	MET	5, 334	1576	nuc	nuc	1
SER	5, 330	1572	MET	5, 334	1576	nuc	nuc	1
ILE	5, 331	1573	MET	5, 334	1576	nuc	nuc	1
ASP	5, 332	1574	MET	5, 334	1576	nuc	nuc	0.99
ASP	5, 333	1575	MET	5, 334	1576	nuc	nuc	1
VAL	5, 253	1495	MET	5, 335	1577	nuc	nuc	0.95
LEU	5, 255	1497	MET	5, 335	1577	nuc	nuc	0.69
ILE	5, 331	1573	MET	5, 335	1577	nuc	nuc	1
ASP	5, 332	1574	MET	5, 335	1577	nuc	nuc	1
ASP	5, 333	1575	MET	5, 335	1577	nuc	nuc	0.99
MET	5, 334	1576	MET	5, 335	1577	nuc	nuc	1
PRO	1, 3	3	PHE	5, 336	1578	mit	nuc	0.79
ASN	1, 4	4	PHE	5, 336	1578	mit	nuc	0.97
ASP	5, 332	1574	PHE	5, 336	1578	nuc	nuc	1
ASP	5, 333	1575	PHE	5, 336	1578	nuc	nuc	1
MET	5, 334	1576	PHE	5, 336	1578	nuc	nuc	1
MET	5, 335	1577	PHE	5, 336	1578	nuc	nuc	1
PRO	1, 3	3	CYS	5, 337	1579	mit	nuc	0.87
LEU	5, 294	1536	CYS	5, 337	1579	nuc	nuc	0.99
LEU	5, 297	1539	CYS	5, 337	1579	nuc	nuc	1
ALA	5, 298	1540	CYS	5, 337	1579	nuc	nuc	0.8
LEU	5, 303	1545	CYS	5, 337	1579	nuc	nuc	0.96
ASP	5, 333	1575	CYS	5, 337	1579	nuc	nuc	1
MET	5, 334	1576	CYS	5, 337	1579	nuc	nuc	1
MET	5, 335	1577	CYS	5, 337	1579	nuc	nuc	0.98
PHE	5, 336	1578	CYS	5, 337	1579	nuc	nuc	1
LEU	5, 255	1497	ALA	5, 338	1580	nuc	nuc	0.8
LEU	5, 294	1536	ALA	5, 338	1580	nuc	nuc	0.99
PHE	5, 307	1549	ALA	5, 338	1580	nuc	nuc	0.92
PHE	5, 322	1564	ALA	5, 338	1580	nuc	nuc	1
PHE	5, 324	1566	ALA	5, 338	1580	nuc	nuc	0.98
MET	5, 334	1576	ALA	5, 338	1580	nuc	nuc	1
MET	5, 335	1577	ALA	5, 338	1580	nuc	nuc	1
PHE	5, 336	1578	ALA	5, 338	1580	nuc	nuc	0.99
CYS	5, 337	1579	ALA	5, 338	1580	nuc	nuc	1
LEU	5, 255	1497	GLN	5, 339	1581	nuc	nuc	0.53
MET	5, 335	1577	GLN	5, 339	1581	nuc	nuc	1
PHE	5, 336	1578	GLN	5, 339	1581	nuc	nuc	1
CYS	5, 337	1579	GLN	5, 339	1581	nuc	nuc	0.96
ALA	5, 338	1580	GLN	5, 339	1581	nuc	nuc	1
PHE	5, 336	1578	GLY	5, 340	1582	nuc	nuc	0.99
CYS	5, 337	1579	GLY	5, 340	1582	nuc	nuc	1
ALA	5, 338	1580	GLY	5, 340	1582	nuc	nuc	1
GLN	5, 339	1581	GLY	5, 340	1582	nuc	nuc	1
ILE	5, 277	1519	GLU	5, 341	1583	nuc	nuc	0.99
ARG	5, 293	1535	GLU	5, 341	1583	nuc	nuc	0.99
LEU	5, 294	1536	GLU	5, 341	1583	nuc	nuc	1
CYS	5, 337	1579	GLU	5, 341	1583	nuc	nuc	0.99
ALA	5, 338	1580	GLU	5, 341	1583	nuc	nuc	1
GLN	5, 339	1581	GLU	5, 341	1583	nuc	nuc	0.99
GLY	5, 340	1582	GLU	5, 341	1583	nuc	nuc	1
ALA	5, 338	1580	TRP	5, 342	1584	nuc	nuc	0.99
GLN	5, 339	1581	TRP	5, 342	1584	nuc	nuc	1
GLY	5, 340	1582	TRP	5, 342	1584	nuc	nuc	1
GLU	5, 341	1583	TRP	5, 342	1584	nuc	nuc	1
GLN	5, 339	1581	MET	5, 343	1585	nuc	nuc	0.99
GLY	5, 340	1582	MET	5, 343	1585	nuc	nuc	1
GLU	5, 341	1583	MET	5, 343	1585	nuc	nuc	0.99
TRP	5, 342	1584	MET	5, 343	1585	nuc	nuc	1
ARG	5, 293	1535	ARG	5, 344	1586	nuc	nuc	0.79
GLY	5, 340	1582	ARG	5, 344	1586	nuc	nuc	1
GLU	5, 341	1583	ARG	5, 344	1586	nuc	nuc	1
TRP	5, 342	1584	ARG	5, 344	1586	nuc	nuc	0.99
MET	5, 343	1585	ARG	5, 344	1586	nuc	nuc	1
ALA	5, 273	1515	LEU	5, 345	1587	nuc	nuc	0.99
ILE	5, 276	1518	LEU	5, 345	1587	nuc	nuc	0.99
ILE	5, 277	1519	LEU	5, 345	1587	nuc	nuc	0.92
GLU	5, 341	1583	LEU	5, 345	1587	nuc	nuc	0.99
TRP	5, 342	1584	LEU	5, 345	1587	nuc	nuc	1
MET	5, 343	1585	LEU	5, 345	1587	nuc	nuc	1
ARG	5, 344	1586	LEU	5, 345	1587	nuc	nuc	1
TRP	5, 342	1584	CYS	5, 346	1588	nuc	nuc	0.99
MET	5, 343	1585	CYS	5, 346	1588	nuc	nuc	1
ARG	5, 344	1586	CYS	5, 346	1588	nuc	nuc	0.98
LEU	5, 345	1587	CYS	5, 346	1588	nuc	nuc	1
MET	5, 343	1585	THR	5, 347	1589	nuc	nuc	0.99
ARG	5, 344	1586	THR	5, 347	1589	nuc	nuc	0.99
LEU	5, 345	1587	THR	5, 347	1589	nuc	nuc	0.81
CYS	5, 346	1588	THR	5, 347	1589	nuc	nuc	1
ARG	5, 344	1586	SER	5, 348	1590	nuc	nuc	0.99
LEU	5, 345	1587	SER	5, 348	1590	nuc	nuc	0.54
THR	5, 347	1589	SER	5, 348	1590	nuc	nuc	1
ILE	5, 276	1518	THR	5, 349	1591	nuc	nuc	0.94
ARG	5, 344	1586	THR	5, 349	1591	nuc	nuc	0.93
LEU	5, 345	1587	THR	5, 349	1591	nuc	nuc	1
THR	5, 347	1589	THR	5, 349	1591	nuc	nuc	0.61
SER	5, 348	1590	THR	5, 349	1591	nuc	nuc	1
SER	5, 348	1590	THR	5, 350	1592	nuc	nuc	0.96
THR	5, 349	1591	THR	5, 350	1592	nuc	nuc	1
THR	5, 350	1592	GLU	5, 351	1593	nuc	nuc	1
THR	5, 350	1592	SER	5, 352	1594	nuc	nuc	1
GLU	5, 351	1593	SER	5, 352	1594	nuc	nuc	1
ILE	5, 276	1518	GLU	5, 353	1595	nuc	nuc	0.99
THR	5, 349	1591	GLU	5, 353	1595	nuc	nuc	0.99
THR	5, 350	1592	GLU	5, 353	1595	nuc	nuc	1
GLU	5, 351	1593	GLU	5, 353	1595	nuc	nuc	0.96
SER	5, 352	1594	GLU	5, 353	1595	nuc	nuc	1
VAL	5, 272	1514	VAL	5, 354	1596	nuc	nuc	0.98
ILE	5, 276	1518	VAL	5, 354	1596	nuc	nuc	0.94
THR	5, 349	1591	VAL	5, 354	1596	nuc	nuc	0.99
THR	5, 350	1592	VAL	5, 354	1596	nuc	nuc	0.96
GLU	5, 351	1593	VAL	5, 354	1596	nuc	nuc	1
SER	5, 352	1594	VAL	5, 354	1596	nuc	nuc	0.99
GLU	5, 353	1595	VAL	5, 354	1596	nuc	nuc	1
GLU	5, 351	1593	LYS	5, 355	1597	nuc	nuc	0.99
SER	5, 352	1594	LYS	5, 355	1597	nuc	nuc	1
GLU	5, 353	1595	LYS	5, 355	1597	nuc	nuc	0.99
VAL	5, 354	1596	LYS	5, 355	1597	nuc	nuc	1
ILE	5, 276	1518	ARG	5, 356	1598	nuc	nuc	0.77
SER	5, 291	1533	ARG	5, 356	1598	nuc	nuc	0.97
SER	5, 352	1594	ARG	5, 356	1598	nuc	nuc	0.98
GLU	5, 353	1595	ARG	5, 356	1598	nuc	nuc	1
VAL	5, 354	1596	ARG	5, 356	1598	nuc	nuc	0.99
LYS	5, 355	1597	ARG	5, 356	1598	nuc	nuc	1
VAL	5, 272	1514	ALA	5, 357	1599	nuc	nuc	1
ALA	5, 273	1515	ALA	5, 357	1599	nuc	nuc	0.74
ALA	5, 275	1517	ALA	5, 357	1599	nuc	nuc	1
ILE	5, 276	1518	ALA	5, 357	1599	nuc	nuc	1
GLU	5, 353	1595	ALA	5, 357	1599	nuc	nuc	0.99
VAL	5, 354	1596	ALA	5, 357	1599	nuc	nuc	1
LYS	5, 355	1597	ALA	5, 357	1599	nuc	nuc	1
ARG	5, 356	1598	ALA	5, 357	1599	nuc	nuc	1
VAL	5, 272	1514	LYS	5, 358	1600	nuc	nuc	0.99
ALA	5, 275	1517	LYS	5, 358	1600	nuc	nuc	0.66
VAL	5, 354	1596	LYS	5, 358	1600	nuc	nuc	1
LYS	5, 355	1597	LYS	5, 358	1600	nuc	nuc	1
ARG	5, 356	1598	LYS	5, 358	1600	nuc	nuc	0.99
ALA	5, 357	1599	LYS	5, 358	1600	nuc	nuc	1
LYS	5, 355	1597	ASN	5, 359	1601	nuc	nuc	0.99
ARG	5, 356	1598	ASN	5, 359	1601	nuc	nuc	1
ALA	5, 357	1599	ASN	5, 359	1601	nuc	nuc	0.99
LYS	5, 358	1600	ASN	5, 359	1601	nuc	nuc	1
ALA	5, 275	1517	HIS	5, 360	1602	nuc	nuc	1
ARG	5, 356	1598	HIS	5, 360	1602	nuc	nuc	1
ALA	5, 357	1599	HIS	5, 360	1602	nuc	nuc	1
LYS	5, 358	1600	HIS	5, 360	1602	nuc	nuc	0.99
ASN	5, 359	1601	HIS	5, 360	1602	nuc	nuc	1
HIS	5, 271	1513	LEU	5, 361	1603	nuc	nuc	0.99
VAL	5, 272	1514	LEU	5, 361	1603	nuc	nuc	0.99
ALA	5, 275	1517	LEU	5, 361	1603	nuc	nuc	1
ALA	5, 357	1599	LEU	5, 361	1603	nuc	nuc	1
LYS	5, 358	1600	LEU	5, 361	1603	nuc	nuc	1
ASN	5, 359	1601	LEU	5, 361	1603	nuc	nuc	0.99
HIS	5, 360	1602	LEU	5, 361	1603	nuc	nuc	1
LYS	5, 358	1600	ARG	5, 362	1604	nuc	nuc	1
ASN	5, 359	1601	ARG	5, 362	1604	nuc	nuc	1
HIS	5, 360	1602	ARG	5, 362	1604	nuc	nuc	0.99
LEU	5, 361	1603	ARG	5, 362	1604	nuc	nuc	1
ASN	5, 359	1601	SER	5, 363	1605	nuc	nuc	1
HIS	5, 360	1602	SER	5, 363	1605	nuc	nuc	1
LEU	5, 361	1603	SER	5, 363	1605	nuc	nuc	0.99
ARG	5, 362	1604	SER	5, 363	1605	nuc	nuc	1
ALA	5, 275	1517	ALA	5, 364	1606	nuc	nuc	0.51
HIS	5, 360	1602	ALA	5, 364	1606	nuc	nuc	1
LEU	5, 361	1603	ALA	5, 364	1606	nuc	nuc	1
ARG	5, 362	1604	ALA	5, 364	1606	nuc	nuc	0.99
SER	5, 363	1605	ALA	5, 364	1606	nuc	nuc	1
LEU	5, 361	1603	MET	5, 365	1607	nuc	nuc	1
ARG	5, 362	1604	MET	5, 365	1607	nuc	nuc	1
SER	5, 363	1605	MET	5, 365	1607	nuc	nuc	0.99
ALA	5, 364	1606	MET	5, 365	1607	nuc	nuc	1
ARG	5, 362	1604	VAL	5, 366	1608	nuc	nuc	0.98
SER	5, 363	1605	VAL	5, 366	1608	nuc	nuc	1
ALA	5, 364	1606	VAL	5, 366	1608	nuc	nuc	0.95
MET	5, 365	1607	VAL	5, 366	1608	nuc	nuc	1
SER	5, 363	1605	ALA	5, 367	1609	nuc	nuc	0.99
ALA	5, 364	1606	ALA	5, 367	1609	nuc	nuc	1
MET	5, 365	1607	ALA	5, 367	1609	nuc	nuc	0.97
VAL	5, 366	1608	ALA	5, 367	1609	nuc	nuc	1
ALA	5, 364	1606	GLN	5, 368	1610	nuc	nuc	0.99
MET	5, 365	1607	GLN	5, 368	1610	nuc	nuc	0.99
VAL	5, 366	1608	GLN	5, 368	1610	nuc	nuc	0.97
ALA	5, 367	1609	GLN	5, 368	1610	nuc	nuc	1
MET	5, 365	1607	LEU	5, 369	1611	nuc	nuc	0.85
VAL	5, 366	1608	LEU	5, 369	1611	nuc	nuc	0.99
ALA	5, 367	1609	LEU	5, 369	1611	nuc	nuc	0.94
GLN	5, 368	1610	LEU	5, 369	1611	nuc	nuc	1
ALA	5, 367	1609	ASP	5, 370	1612	nuc	nuc	0.97
GLN	5, 368	1610	ASP	5, 370	1612	nuc	nuc	0.94
LEU	5, 369	1611	ASP	5, 370	1612	nuc	nuc	1
ALA	5, 200	1442	GLY	5, 371	1613	nuc	nuc	0.53
LEU	5, 369	1611	GLY	5, 371	1613	nuc	nuc	0.97
ASP	5, 370	1612	GLY	5, 371	1613	nuc	nuc	1
SER	5, 30	1272	THR	5, 372	1614	nuc	nuc	0.71
GLN	5, 32	1274	THR	5, 372	1614	nuc	nuc	0.94
THR	5, 34	1276	THR	5, 372	1614	nuc	nuc	0.99
CYS	5, 35	1277	THR	5, 372	1614	nuc	nuc	0.98
THR	5, 36	1278	THR	5, 372	1614	nuc	nuc	1
LYS	5, 100	1342	THR	5, 372	1614	nuc	nuc	0.86
ALA	5, 200	1442	THR	5, 372	1614	nuc	nuc	1
GLY	5, 201	1443	THR	5, 372	1614	nuc	nuc	1
GLY	5, 371	1613	THR	5, 372	1614	nuc	nuc	1
THR	5, 36	1278	THR	5, 373	1615	nuc	nuc	1
TYR	5, 98	1340	THR	5, 373	1615	nuc	nuc	0.95
LYS	5, 100	1342	THR	5, 373	1615	nuc	nuc	0.99
ALA	5, 200	1442	THR	5, 373	1615	nuc	nuc	0.55
GLY	5, 371	1613	THR	5, 373	1615	nuc	nuc	1
THR	5, 372	1614	THR	5, 373	1615	nuc	nuc	1
GLN	5, 368	1610	PRO	5, 374	1616	nuc	nuc	0.99
LEU	5, 369	1611	PRO	5, 374	1616	nuc	nuc	0.99
ASP	5, 370	1612	PRO	5, 374	1616	nuc	nuc	0.98
GLY	5, 371	1613	PRO	5, 374	1616	nuc	nuc	1
THR	5, 372	1614	PRO	5, 374	1616	nuc	nuc	0.89
THR	5, 373	1615	PRO	5, 374	1616	nuc	nuc	1
GLU	5, 28	1270	VAL	5, 375	1617	nuc	nuc	0.99
THR	5, 36	1278	VAL	5, 375	1617	nuc	nuc	0.63
ALA	5, 200	1442	VAL	5, 375	1617	nuc	nuc	1
GLY	5, 201	1443	VAL	5, 375	1617	nuc	nuc	0.57
LEU	5, 369	1611	VAL	5, 375	1617	nuc	nuc	0.98
GLY	5, 371	1613	VAL	5, 375	1617	nuc	nuc	0.99
THR	5, 372	1614	VAL	5, 375	1617	nuc	nuc	1
THR	5, 373	1615	VAL	5, 375	1617	nuc	nuc	0.99
PRO	5, 374	1616	VAL	5, 375	1617	nuc	nuc	1
THR	5, 36	1278	CYS	5, 376	1618	nuc	nuc	1
VAL	5, 37	1279	CYS	5, 376	1618	nuc	nuc	0.92
GLY	5, 38	1280	CYS	5, 376	1618	nuc	nuc	0.99
TYR	5, 98	1340	CYS	5, 376	1618	nuc	nuc	0.99
ALA	5, 198	1440	CYS	5, 376	1618	nuc	nuc	1
ALA	5, 199	1441	CYS	5, 376	1618	nuc	nuc	0.99
ALA	5, 200	1442	CYS	5, 376	1618	nuc	nuc	1
THR	5, 372	1614	CYS	5, 376	1618	nuc	nuc	0.99
THR	5, 373	1615	CYS	5, 376	1618	nuc	nuc	1
PRO	5, 374	1616	CYS	5, 376	1618	nuc	nuc	0.99
VAL	5, 375	1617	CYS	5, 376	1618	nuc	nuc	1
ALA	5, 96	1338	GLU	5, 377	1619	nuc	nuc	0.81
TYR	5, 98	1340	GLU	5, 377	1619	nuc	nuc	0.65
THR	5, 373	1615	GLU	5, 377	1619	nuc	nuc	1
PRO	5, 374	1616	GLU	5, 377	1619	nuc	nuc	1
VAL	5, 375	1617	GLU	5, 377	1619	nuc	nuc	0.99
CYS	5, 376	1618	GLU	5, 377	1619	nuc	nuc	1
GLN	5, 368	1610	THR	5, 378	1620	nuc	nuc	0.63
LEU	5, 369	1611	THR	5, 378	1620	nuc	nuc	0.96
PRO	5, 374	1616	THR	5, 378	1620	nuc	nuc	0.99
VAL	5, 375	1617	THR	5, 378	1620	nuc	nuc	1
CYS	5, 376	1618	THR	5, 378	1620	nuc	nuc	0.99
GLU	5, 377	1619	THR	5, 378	1620	nuc	nuc	1
THR	5, 14	1256	ILE	5, 379	1621	nuc	nuc	0.99
ALA	5, 26	1268	ILE	5, 379	1621	nuc	nuc	1
SER	5, 27	1269	ILE	5, 379	1621	nuc	nuc	0.63
GLU	5, 28	1270	ILE	5, 379	1621	nuc	nuc	0.99
ALA	5, 198	1440	ILE	5, 379	1621	nuc	nuc	1
ALA	5, 200	1442	ILE	5, 379	1621	nuc	nuc	0.98
VAL	5, 375	1617	ILE	5, 379	1621	nuc	nuc	1
CYS	5, 376	1618	ILE	5, 379	1621	nuc	nuc	1
GLU	5, 377	1619	ILE	5, 379	1621	nuc	nuc	0.99
THR	5, 378	1620	ILE	5, 379	1621	nuc	nuc	1
ALA	5, 26	1268	GLY	5, 380	1622	nuc	nuc	0.96
TRP	5, 40	1282	GLY	5, 380	1622	nuc	nuc	1
ALA	5, 96	1338	GLY	5, 380	1622	nuc	nuc	0.54
VAL	5, 196	1438	GLY	5, 380	1622	nuc	nuc	1
ALA	5, 198	1440	GLY	5, 380	1622	nuc	nuc	1
CYS	5, 376	1618	GLY	5, 380	1622	nuc	nuc	0.99
GLU	5, 377	1619	GLY	5, 380	1622	nuc	nuc	1
THR	5, 378	1620	GLY	5, 380	1622	nuc	nuc	1
ILE	5, 379	1621	GLY	5, 380	1622	nuc	nuc	1
TRP	5, 40	1282	SER	5, 381	1623	nuc	nuc	0.99
GLN	5, 94	1336	SER	5, 381	1623	nuc	nuc	0.98
GLU	5, 377	1619	SER	5, 381	1623	nuc	nuc	1
THR	5, 378	1620	SER	5, 381	1623	nuc	nuc	1
ILE	5, 379	1621	SER	5, 381	1623	nuc	nuc	0.93
GLY	5, 380	1622	SER	5, 381	1623	nuc	nuc	1
THR	5, 378	1620	HIS	5, 382	1624	nuc	nuc	1
ILE	5, 379	1621	HIS	5, 382	1624	nuc	nuc	1
GLY	5, 380	1622	HIS	5, 382	1624	nuc	nuc	1
SER	5, 381	1623	HIS	5, 382	1624	nuc	nuc	1
VAL	5, 16	1258	LEU	5, 383	1625	nuc	nuc	0.93
ARG	5, 24	1266	LEU	5, 383	1625	nuc	nuc	0.99
ALA	5, 26	1268	LEU	5, 383	1625	nuc	nuc	0.99
TRP	5, 40	1282	LEU	5, 383	1625	nuc	nuc	0.85
VAL	5, 196	1438	LEU	5, 383	1625	nuc	nuc	1
ALA	5, 198	1440	LEU	5, 383	1625	nuc	nuc	0.92
ILE	5, 379	1621	LEU	5, 383	1625	nuc	nuc	1
GLY	5, 380	1622	LEU	5, 383	1625	nuc	nuc	1
SER	5, 381	1623	LEU	5, 383	1625	nuc	nuc	0.97
HIS	5, 382	1624	LEU	5, 383	1625	nuc	nuc	1
TRP	5, 40	1282	LEU	5, 384	1626	nuc	nuc	1
GLY	5, 42	1284	LEU	5, 384	1626	nuc	nuc	1
GLN	5, 94	1336	LEU	5, 384	1626	nuc	nuc	0.98
VAL	5, 196	1438	LEU	5, 384	1626	nuc	nuc	1
GLY	5, 380	1622	LEU	5, 384	1626	nuc	nuc	1
SER	5, 381	1623	LEU	5, 384	1626	nuc	nuc	1
HIS	5, 382	1624	LEU	5, 384	1626	nuc	nuc	0.98
LEU	5, 383	1625	LEU	5, 384	1626	nuc	nuc	1
TRP	5, 262	1504	ASN	5, 385	1627	nuc	nuc	0.99
ALA	5, 263	1505	ASN	5, 385	1627	nuc	nuc	0.74
SER	5, 315	1557	ASN	5, 385	1627	nuc	nuc	0.9
SER	5, 381	1623	ASN	5, 385	1627	nuc	nuc	0.99
HIS	5, 382	1624	ASN	5, 385	1627	nuc	nuc	0.99
LEU	5, 383	1625	ASN	5, 385	1627	nuc	nuc	0.67
LEU	5, 384	1626	ASN	5, 385	1627	nuc	nuc	1
TRP	5, 262	1504	TYR	5, 386	1628	nuc	nuc	0.96
ALA	5, 263	1505	TYR	5, 386	1628	nuc	nuc	0.95
HIS	5, 382	1624	TYR	5, 386	1628	nuc	nuc	0.99
LEU	5, 383	1625	TYR	5, 386	1628	nuc	nuc	0.97
ASN	5, 385	1627	TYR	5, 386	1628	nuc	nuc	1
HIS	5, 382	1624	GLY	5, 387	1629	nuc	nuc	0.95
LEU	5, 383	1625	GLY	5, 387	1629	nuc	nuc	1
LEU	5, 384	1626	GLY	5, 387	1629	nuc	nuc	0.94
ASN	5, 385	1627	GLY	5, 387	1629	nuc	nuc	0.98
TYR	5, 386	1628	GLY	5, 387	1629	nuc	nuc	1
VAL	5, 16	1258	ARG	5, 388	1630	nuc	nuc	0.77
HIS	5, 382	1624	ARG	5, 388	1630	nuc	nuc	0.95
LEU	5, 383	1625	ARG	5, 388	1630	nuc	nuc	0.98
TYR	5, 386	1628	ARG	5, 388	1630	nuc	nuc	0.99
GLY	5, 387	1629	ARG	5, 388	1630	nuc	nuc	1
THR	5, 14	1256	ARG	5, 389	1631	nuc	nuc	0.99
VAL	5, 16	1258	ARG	5, 389	1631	nuc	nuc	0.84
ALA	5, 26	1268	ARG	5, 389	1631	nuc	nuc	0.92
THR	5, 378	1620	ARG	5, 389	1631	nuc	nuc	0.73
ILE	5, 379	1621	ARG	5, 389	1631	nuc	nuc	0.99
HIS	5, 382	1624	ARG	5, 389	1631	nuc	nuc	0.99
LEU	5, 383	1625	ARG	5, 389	1631	nuc	nuc	0.99
TYR	5, 386	1628	ARG	5, 389	1631	nuc	nuc	0.72
ARG	5, 388	1630	ARG	5, 389	1631	nuc	nuc	1
HIS	5, 382	1624	ILE	5, 390	1632	nuc	nuc	0.98
TYR	5, 386	1628	ILE	5, 390	1632	nuc	nuc	0.98
ARG	5, 388	1630	ILE	5, 390	1632	nuc	nuc	0.99
ARG	5, 389	1631	ILE	5, 390	1632	nuc	nuc	1
ILE	5, 11	1253	SER	5, 391	1633	nuc	nuc	0.79
GLU	5, 13	1255	SER	5, 391	1633	nuc	nuc	0.71
THR	5, 14	1256	SER	5, 391	1633	nuc	nuc	0.53
ARG	5, 389	1631	SER	5, 391	1633	nuc	nuc	0.98
ILE	5, 390	1632	SER	5, 391	1633	nuc	nuc	1
LEU	5, 8	1250	LEU	5, 392	1634	nuc	nuc	0.99
ILE	5, 11	1253	LEU	5, 392	1634	nuc	nuc	0.97
MET	5, 365	1607	LEU	5, 392	1634	nuc	nuc	0.93
VAL	5, 366	1608	LEU	5, 392	1634	nuc	nuc	0.82
LEU	5, 369	1611	LEU	5, 392	1634	nuc	nuc	0.76
SER	5, 391	1633	LEU	5, 392	1634	nuc	nuc	1
LEU	5, 8	1250	GLU	5, 393	1635	nuc	nuc	0.99
GLN	5, 9	1251	GLU	5, 393	1635	nuc	nuc	0.94
ILE	5, 11	1253	GLU	5, 393	1635	nuc	nuc	0.58
SER	5, 391	1633	GLU	5, 393	1635	nuc	nuc	1
LEU	5, 392	1634	GLU	5, 393	1635	nuc	nuc	1
ILE	5, 390	1632	GLU	5, 394	1636	nuc	nuc	0.99
SER	5, 391	1633	GLU	5, 394	1636	nuc	nuc	1
LEU	5, 392	1634	GLU	5, 394	1636	nuc	nuc	0.97
GLU	5, 393	1635	GLU	5, 394	1636	nuc	nuc	1
MET	5, 365	1607	TRP	5, 395	1637	nuc	nuc	0.98
ILE	5, 390	1632	TRP	5, 395	1637	nuc	nuc	0.99
SER	5, 391	1633	TRP	5, 395	1637	nuc	nuc	0.97
LEU	5, 392	1634	TRP	5, 395	1637	nuc	nuc	1
GLU	5, 393	1635	TRP	5, 395	1637	nuc	nuc	0.99
GLU	5, 394	1636	TRP	5, 395	1637	nuc	nuc	1
ALA	5, 5	1247	ASP	5, 396	1638	nuc	nuc	0.59
LEU	5, 8	1250	ASP	5, 396	1638	nuc	nuc	0.97
ARG	5, 362	1604	ASP	5, 396	1638	nuc	nuc	0.98
MET	5, 365	1607	ASP	5, 396	1638	nuc	nuc	0.53
LEU	5, 392	1634	ASP	5, 396	1638	nuc	nuc	0.99
GLU	5, 393	1635	ASP	5, 396	1638	nuc	nuc	1
GLU	5, 394	1636	ASP	5, 396	1638	nuc	nuc	0.99
TRP	5, 395	1637	ASP	5, 396	1638	nuc	nuc	1
GLU	5, 393	1635	SER	5, 397	1639	nuc	nuc	0.99
GLU	5, 394	1636	SER	5, 397	1639	nuc	nuc	1
TRP	5, 395	1637	SER	5, 397	1639	nuc	nuc	0.99
ASP	5, 396	1638	SER	5, 397	1639	nuc	nuc	1
PRO	5, 265	1507	ARG	5, 398	1640	nuc	nuc	0.66
VAL	5, 268	1510	ARG	5, 398	1640	nuc	nuc	1
GLU	5, 394	1636	ARG	5, 398	1640	nuc	nuc	0.99
TRP	5, 395	1637	ARG	5, 398	1640	nuc	nuc	1
ASP	5, 396	1638	ARG	5, 398	1640	nuc	nuc	0.99
SER	5, 397	1639	ARG	5, 398	1640	nuc	nuc	1
VAL	5, 268	1510	ILE	5, 399	1641	nuc	nuc	0.99
VAL	5, 272	1514	ILE	5, 399	1641	nuc	nuc	0.96
LYS	5, 358	1600	ILE	5, 399	1641	nuc	nuc	1
LEU	5, 361	1603	ILE	5, 399	1641	nuc	nuc	0.99
ARG	5, 362	1604	ILE	5, 399	1641	nuc	nuc	0.99
TRP	5, 395	1637	ILE	5, 399	1641	nuc	nuc	1
ASP	5, 396	1638	ILE	5, 399	1641	nuc	nuc	1
SER	5, 397	1639	ILE	5, 399	1641	nuc	nuc	0.99
ARG	5, 398	1640	ILE	5, 399	1641	nuc	nuc	1
LYS	5, 358	1600	SER	5, 400	1642	nuc	nuc	0.94
ASP	5, 396	1638	SER	5, 400	1642	nuc	nuc	0.99
SER	5, 397	1639	SER	5, 400	1642	nuc	nuc	1
ARG	5, 398	1640	SER	5, 400	1642	nuc	nuc	0.98
ILE	5, 399	1641	SER	5, 400	1642	nuc	nuc	1
SER	5, 397	1639	ALA	5, 401	1643	nuc	nuc	0.98
ARG	5, 398	1640	ALA	5, 401	1643	nuc	nuc	0.99
ILE	5, 399	1641	ALA	5, 401	1643	nuc	nuc	0.97
SER	5, 400	1642	ALA	5, 401	1643	nuc	nuc	1
VAL	5, 268	1510	VAL	5, 402	1644	nuc	nuc	0.96
VAL	5, 269	1511	VAL	5, 402	1644	nuc	nuc	0.99
VAL	5, 272	1514	VAL	5, 402	1644	nuc	nuc	1
VAL	5, 354	1596	VAL	5, 402	1644	nuc	nuc	0.98
LYS	5, 358	1600	VAL	5, 402	1644	nuc	nuc	0.98
ARG	5, 398	1640	VAL	5, 402	1644	nuc	nuc	0.79
ILE	5, 399	1641	VAL	5, 402	1644	nuc	nuc	0.99
SER	5, 400	1642	VAL	5, 402	1644	nuc	nuc	0.98
ALA	5, 401	1643	VAL	5, 402	1644	nuc	nuc	1
GLU	5, 351	1593	ASP	5, 403	1645	nuc	nuc	0.91
VAL	5, 354	1596	ASP	5, 403	1645	nuc	nuc	0.98
ALA	5, 401	1643	ASP	5, 403	1645	nuc	nuc	0.81
VAL	5, 402	1644	ASP	5, 403	1645	nuc	nuc	1
THR	5, 349	1591	ALA	5, 404	1646	nuc	nuc	0.99
THR	5, 350	1592	ALA	5, 404	1646	nuc	nuc	0.99
GLU	5, 351	1593	ALA	5, 404	1646	nuc	nuc	0.99
GLU	5, 353	1595	ALA	5, 404	1646	nuc	nuc	0.65
VAL	5, 354	1596	ALA	5, 404	1646	nuc	nuc	1
ASP	5, 403	1645	ALA	5, 404	1646	nuc	nuc	1
ASP	5, 403	1645	ARG	5, 405	1647	nuc	nuc	1
ALA	5, 404	1646	ARG	5, 405	1647	nuc	nuc	1
VAL	5, 269	1511	MET	5, 406	1648	nuc	nuc	0.99
VAL	5, 402	1644	MET	5, 406	1648	nuc	nuc	0.99
ASP	5, 403	1645	MET	5, 406	1648	nuc	nuc	1
ALA	5, 404	1646	MET	5, 406	1648	nuc	nuc	0.99
ARG	5, 405	1647	MET	5, 406	1648	nuc	nuc	1
VAL	5, 269	1511	VAL	5, 407	1649	nuc	nuc	0.99
VAL	5, 272	1514	VAL	5, 407	1649	nuc	nuc	0.99
ALA	5, 273	1515	VAL	5, 407	1649	nuc	nuc	1
ILE	5, 276	1518	VAL	5, 407	1649	nuc	nuc	0.75
LEU	5, 345	1587	VAL	5, 407	1649	nuc	nuc	0.96
THR	5, 349	1591	VAL	5, 407	1649	nuc	nuc	0.99
VAL	5, 354	1596	VAL	5, 407	1649	nuc	nuc	0.99
VAL	5, 402	1644	VAL	5, 407	1649	nuc	nuc	0.98
ASP	5, 403	1645	VAL	5, 407	1649	nuc	nuc	0.95
ALA	5, 404	1646	VAL	5, 407	1649	nuc	nuc	1
ARG	5, 405	1647	VAL	5, 407	1649	nuc	nuc	0.99
MET	5, 406	1648	VAL	5, 407	1649	nuc	nuc	1
LEU	5, 345	1587	ARG	5, 408	1650	nuc	nuc	0.83
CYS	5, 346	1588	ARG	5, 408	1650	nuc	nuc	0.99
THR	5, 347	1589	ARG	5, 408	1650	nuc	nuc	0.96
THR	5, 349	1591	ARG	5, 408	1650	nuc	nuc	0.99
ALA	5, 404	1646	ARG	5, 408	1650	nuc	nuc	0.99
ARG	5, 405	1647	ARG	5, 408	1650	nuc	nuc	1
MET	5, 406	1648	ARG	5, 408	1650	nuc	nuc	0.98
VAL	5, 407	1649	ARG	5, 408	1650	nuc	nuc	1
ARG	5, 405	1647	ASP	5, 409	1651	nuc	nuc	0.99
MET	5, 406	1648	ASP	5, 409	1651	nuc	nuc	1
VAL	5, 407	1649	ASP	5, 409	1651	nuc	nuc	0.98
ARG	5, 408	1650	ASP	5, 409	1651	nuc	nuc	1
ASP	5, 266	1508	VAL	5, 410	1652	nuc	nuc	1
VAL	5, 269	1511	VAL	5, 410	1652	nuc	nuc	1
LEU	5, 270	1512	VAL	5, 410	1652	nuc	nuc	0.98
ALA	5, 273	1515	VAL	5, 410	1652	nuc	nuc	0.88
MET	5, 406	1648	VAL	5, 410	1652	nuc	nuc	1
VAL	5, 407	1649	VAL	5, 410	1652	nuc	nuc	1
ARG	5, 408	1650	VAL	5, 410	1652	nuc	nuc	0.86
ASP	5, 409	1651	VAL	5, 410	1652	nuc	nuc	1
VAL	5, 269	1511	CYS	5, 411	1653	nuc	nuc	0.54
LEU	5, 270	1512	CYS	5, 411	1653	nuc	nuc	0.79
ALA	5, 273	1515	CYS	5, 411	1653	nuc	nuc	1
TRP	5, 342	1584	CYS	5, 411	1653	nuc	nuc	0.78
LEU	5, 345	1587	CYS	5, 411	1653	nuc	nuc	1
CYS	5, 346	1588	CYS	5, 411	1653	nuc	nuc	1
THR	5, 349	1591	CYS	5, 411	1653	nuc	nuc	0.66
VAL	5, 407	1649	CYS	5, 411	1653	nuc	nuc	1
ARG	5, 408	1650	CYS	5, 411	1653	nuc	nuc	1
ASP	5, 409	1651	CYS	5, 411	1653	nuc	nuc	0.98
VAL	5, 410	1652	CYS	5, 411	1653	nuc	nuc	1
CYS	5, 346	1588	SER	5, 412	1654	nuc	nuc	0.99
ARG	5, 408	1650	SER	5, 412	1654	nuc	nuc	1
ASP	5, 409	1651	SER	5, 412	1654	nuc	nuc	1
VAL	5, 410	1652	SER	5, 412	1654	nuc	nuc	0.99
CYS	5, 411	1653	SER	5, 412	1654	nuc	nuc	1
ASP	5, 266	1508	LYS	5, 413	1655	nuc	nuc	0.77
ASP	5, 409	1651	LYS	5, 413	1655	nuc	nuc	0.99
VAL	5, 410	1652	LYS	5, 413	1655	nuc	nuc	1
CYS	5, 411	1653	LYS	5, 413	1655	nuc	nuc	0.99
SER	5, 412	1654	LYS	5, 413	1655	nuc	nuc	1
VAL	5, 257	1499	TYR	5, 414	1656	nuc	nuc	0.99
GLU	5, 258	1500	TYR	5, 414	1656	nuc	nuc	0.95
GLY	5, 259	1501	TYR	5, 414	1656	nuc	nuc	1
PRO	5, 260	1502	TYR	5, 414	1656	nuc	nuc	0.88
ASP	5, 266	1508	TYR	5, 414	1656	nuc	nuc	0.83
LEU	5, 270	1512	TYR	5, 414	1656	nuc	nuc	0.96
PHE	5, 320	1562	TYR	5, 414	1656	nuc	nuc	0.99
VAL	5, 410	1652	TYR	5, 414	1656	nuc	nuc	0.99
CYS	5, 411	1653	TYR	5, 414	1656	nuc	nuc	1
SER	5, 412	1654	TYR	5, 414	1656	nuc	nuc	0.68
LYS	5, 413	1655	TYR	5, 414	1656	nuc	nuc	1
VAL	5, 257	1499	ILE	5, 415	1657	nuc	nuc	1
PHE	5, 320	1562	ILE	5, 415	1657	nuc	nuc	0.75
TRP	5, 342	1584	ILE	5, 415	1657	nuc	nuc	1
LEU	5, 345	1587	ILE	5, 415	1657	nuc	nuc	0.84
CYS	5, 346	1588	ILE	5, 415	1657	nuc	nuc	0.99
CYS	5, 411	1653	ILE	5, 415	1657	nuc	nuc	1
SER	5, 412	1654	ILE	5, 415	1657	nuc	nuc	0.98
TYR	5, 414	1656	ILE	5, 415	1657	nuc	nuc	1
MET	5, 343	1585	TYR	5, 416	1658	nuc	nuc	0.61
CYS	5, 346	1588	TYR	5, 416	1658	nuc	nuc	1
CYS	5, 411	1653	TYR	5, 416	1658	nuc	nuc	0.9
SER	5, 412	1654	TYR	5, 416	1658	nuc	nuc	1
LYS	5, 413	1655	TYR	5, 416	1658	nuc	nuc	0.76
ILE	5, 415	1657	TYR	5, 416	1658	nuc	nuc	1
TYR	5, 416	1658	ASP	5, 417	1659	nuc	nuc	1
VAL	5, 257	1499	LYS	5, 418	1660	nuc	nuc	1
GLU	5, 258	1500	LYS	5, 418	1660	nuc	nuc	0.85
TYR	5, 414	1656	LYS	5, 418	1660	nuc	nuc	0.97
ILE	5, 415	1657	LYS	5, 418	1660	nuc	nuc	0.99
TYR	5, 416	1658	LYS	5, 418	1660	nuc	nuc	1
ASP	5, 417	1659	LYS	5, 418	1660	nuc	nuc	1
GLY	5, 238	1480	CYS	5, 419	1661	nuc	nuc	1
LYS	5, 418	1660	CYS	5, 419	1661	nuc	nuc	1
GLY	5, 238	1480	PRO	5, 420	1662	nuc	nuc	1
LEU	5, 255	1497	PRO	5, 420	1662	nuc	nuc	1
ALA	5, 256	1498	PRO	5, 420	1662	nuc	nuc	0.99
VAL	5, 257	1499	PRO	5, 420	1662	nuc	nuc	1
LYS	5, 418	1660	PRO	5, 420	1662	nuc	nuc	1
CYS	5, 419	1661	PRO	5, 420	1662	nuc	nuc	1
LEU	5, 153	1395	ALA	5, 421	1663	nuc	nuc	1
THR	5, 156	1398	ALA	5, 421	1663	nuc	nuc	1
ALA	5, 157	1399	ALA	5, 421	1663	nuc	nuc	1
PHE	5, 236	1478	ALA	5, 421	1663	nuc	nuc	0.94
THR	5, 237	1479	ALA	5, 421	1663	nuc	nuc	0.95
GLY	5, 238	1480	ALA	5, 421	1663	nuc	nuc	1
SER	5, 239	1481	ALA	5, 421	1663	nuc	nuc	1
GLU	5, 240	1482	ALA	5, 421	1663	nuc	nuc	0.95
LEU	5, 255	1497	ALA	5, 421	1663	nuc	nuc	0.97
ALA	5, 256	1498	ALA	5, 421	1663	nuc	nuc	1
VAL	5, 257	1499	ALA	5, 421	1663	nuc	nuc	0.93
LEU	5, 319	1561	ALA	5, 421	1663	nuc	nuc	0.6
CYS	5, 419	1661	ALA	5, 421	1663	nuc	nuc	0.52
PRO	5, 420	1662	ALA	5, 421	1663	nuc	nuc	1
THR	5, 156	1398	LEU	5, 422	1664	nuc	nuc	0.82
SER	5, 239	1481	LEU	5, 422	1664	nuc	nuc	0.86
GLU	5, 240	1482	LEU	5, 422	1664	nuc	nuc	1
ILE	5, 241	1483	LEU	5, 422	1664	nuc	nuc	0.96
ARG	5, 242	1484	LEU	5, 422	1664	nuc	nuc	0.55
VAL	5, 253	1495	LEU	5, 422	1664	nuc	nuc	0.94
ALA	5, 254	1496	LEU	5, 422	1664	nuc	nuc	0.98
LEU	5, 255	1497	LEU	5, 422	1664	nuc	nuc	1
PRO	5, 420	1662	LEU	5, 422	1664	nuc	nuc	1
ALA	5, 421	1663	LEU	5, 422	1664	nuc	nuc	1
THR	5, 149	1391	ALA	5, 423	1665	nuc	nuc	1
PHE	5, 150	1392	ALA	5, 423	1665	nuc	nuc	0.83
TYR	5, 152	1394	ALA	5, 423	1665	nuc	nuc	1
LEU	5, 153	1395	ALA	5, 423	1665	nuc	nuc	1
THR	5, 156	1398	ALA	5, 423	1665	nuc	nuc	1
GLU	5, 240	1482	ALA	5, 423	1665	nuc	nuc	0.87
ILE	5, 241	1483	ALA	5, 423	1665	nuc	nuc	1
VAL	5, 253	1495	ALA	5, 423	1665	nuc	nuc	0.95
ALA	5, 254	1496	ALA	5, 423	1665	nuc	nuc	1
ALA	5, 421	1663	ALA	5, 423	1665	nuc	nuc	0.99
LEU	5, 422	1664	ALA	5, 423	1665	nuc	nuc	1
THR	5, 149	1391	ALA	5, 424	1666	nuc	nuc	0.86
GLU	5, 240	1482	ALA	5, 424	1666	nuc	nuc	0.75
ILE	5, 241	1483	ALA	5, 424	1666	nuc	nuc	0.94
ARG	5, 242	1484	ALA	5, 424	1666	nuc	nuc	1
ALA	5, 243	1485	ALA	5, 424	1666	nuc	nuc	0.99
ALA	5, 251	1493	ALA	5, 424	1666	nuc	nuc	0.98
HIS	5, 252	1494	ALA	5, 424	1666	nuc	nuc	0.99
VAL	5, 253	1495	ALA	5, 424	1666	nuc	nuc	1
ALA	5, 254	1496	ALA	5, 424	1666	nuc	nuc	0.93
LEU	5, 422	1664	ALA	5, 424	1666	nuc	nuc	1
ALA	5, 423	1665	ALA	5, 424	1666	nuc	nuc	1
MET	5, 145	1387	VAL	5, 425	1667	nuc	nuc	0.99
VAL	5, 148	1390	VAL	5, 425	1667	nuc	nuc	0.99
THR	5, 149	1391	VAL	5, 425	1667	nuc	nuc	1
TYR	5, 152	1394	VAL	5, 425	1667	nuc	nuc	0.98
ALA	5, 243	1485	VAL	5, 425	1667	nuc	nuc	1
ASP	5, 245	1487	VAL	5, 425	1667	nuc	nuc	0.93
LEU	5, 248	1490	VAL	5, 425	1667	nuc	nuc	0.88
ALA	5, 251	1493	VAL	5, 425	1667	nuc	nuc	0.97
HIS	5, 252	1494	VAL	5, 425	1667	nuc	nuc	1
ALA	5, 423	1665	VAL	5, 425	1667	nuc	nuc	0.98
ALA	5, 424	1666	VAL	5, 425	1667	nuc	nuc	1
MET	5, 145	1387	GLY	5, 426	1668	nuc	nuc	0.7
ALA	5, 243	1485	GLY	5, 426	1668	nuc	nuc	0.99
ARG	5, 244	1486	GLY	5, 426	1668	nuc	nuc	0.99
ASP	5, 245	1487	GLY	5, 426	1668	nuc	nuc	1
ASP	5, 246	1488	GLY	5, 426	1668	nuc	nuc	0.95
LEU	5, 248	1490	GLY	5, 426	1668	nuc	nuc	1
VAL	5, 250	1492	GLY	5, 426	1668	nuc	nuc	0.85
ALA	5, 251	1493	GLY	5, 426	1668	nuc	nuc	1
HIS	5, 252	1494	GLY	5, 426	1668	nuc	nuc	0.99
ALA	5, 424	1666	GLY	5, 426	1668	nuc	nuc	1
VAL	5, 425	1667	GLY	5, 426	1668	nuc	nuc	1
ARG	5, 244	1486	PRO	5, 427	1669	nuc	nuc	0.88
ASP	5, 245	1487	PRO	5, 427	1669	nuc	nuc	0.95
ASP	5, 246	1488	PRO	5, 427	1669	nuc	nuc	1
LEU	5, 248	1490	PRO	5, 427	1669	nuc	nuc	0.99
VAL	5, 250	1492	PRO	5, 427	1669	nuc	nuc	0.84
ALA	5, 251	1493	PRO	5, 427	1669	nuc	nuc	1
PRO	5, 328	1570	PRO	5, 427	1669	nuc	nuc	1
GLY	5, 426	1668	PRO	5, 427	1669	nuc	nuc	1
ARG	5, 242	1484	ILE	5, 428	1670	nuc	nuc	0.99
ARG	5, 244	1486	ILE	5, 428	1670	nuc	nuc	1
ALA	5, 251	1493	ILE	5, 428	1670	nuc	nuc	1
VAL	5, 253	1495	ILE	5, 428	1670	nuc	nuc	0.94
PRO	5, 328	1570	ILE	5, 428	1670	nuc	nuc	0.52
ILE	5, 331	1573	ILE	5, 428	1670	nuc	nuc	0.97
ALA	5, 424	1666	ILE	5, 428	1670	nuc	nuc	1
VAL	5, 425	1667	ILE	5, 428	1670	nuc	nuc	0.91
GLY	5, 426	1668	ILE	5, 428	1670	nuc	nuc	1
PRO	5, 427	1669	ILE	5, 428	1670	nuc	nuc	1
ARG	5, 244	1486	GLU	5, 429	1671	nuc	nuc	0.93
ASP	5, 246	1488	GLU	5, 429	1671	nuc	nuc	0.9
PRO	5, 328	1570	GLU	5, 429	1671	nuc	nuc	0.87
PRO	5, 427	1669	GLU	5, 429	1671	nuc	nuc	0.99
ILE	5, 428	1670	GLU	5, 429	1671	nuc	nuc	1
PRO	5, 328	1570	GLN	5, 430	1672	nuc	nuc	0.98
LEU	5, 329	1571	GLN	5, 430	1672	nuc	nuc	0.99
ILE	5, 331	1573	GLN	5, 430	1672	nuc	nuc	1
ASP	5, 332	1574	GLN	5, 430	1672	nuc	nuc	1
ILE	5, 428	1670	GLN	5, 430	1672	nuc	nuc	0.98
GLU	5, 429	1671	GLN	5, 430	1672	nuc	nuc	1
ARG	5, 242	1484	LEU	5, 431	1673	nuc	nuc	0.9
ALA	5, 251	1493	LEU	5, 431	1673	nuc	nuc	0.81
VAL	5, 253	1495	LEU	5, 431	1673	nuc	nuc	0.99
ILE	5, 331	1573	LEU	5, 431	1673	nuc	nuc	1
ASP	5, 332	1574	LEU	5, 431	1673	nuc	nuc	0.97
MET	5, 335	1577	LEU	5, 431	1673	nuc	nuc	0.96
ALA	5, 424	1666	LEU	5, 431	1673	nuc	nuc	0.99
ILE	5, 428	1670	LEU	5, 431	1673	nuc	nuc	1
GLU	5, 429	1671	LEU	5, 431	1673	nuc	nuc	0.99
GLN	5, 430	1672	LEU	5, 431	1673	nuc	nuc	1
PRO	1, 220	220	LEU	5, 432	1674	mit	nuc	0.96
ASP	5, 332	1574	LEU	5, 432	1674	nuc	nuc	1
MET	5, 335	1577	LEU	5, 432	1674	nuc	nuc	0.98
GLN	5, 430	1672	LEU	5, 432	1674	nuc	nuc	0.56
LEU	5, 431	1673	LEU	5, 432	1674	nuc	nuc	1
ILE	1, 219	219	ASP	5, 433	1675	mit	nuc	0.98
PRO	1, 220	220	ASP	5, 433	1675	mit	nuc	0.99
VAL	3, 229	989	ASP	5, 433	1675	nuc	nuc	0.88
LEU	5, 432	1674	ASP	5, 433	1675	nuc	nuc	1
VAL	3, 229	989	TYR	5, 434	1676	nuc	nuc	1
GLU	5, 240	1482	TYR	5, 434	1676	nuc	nuc	1
LEU	5, 422	1664	TYR	5, 434	1676	nuc	nuc	0.98
ASP	5, 433	1675	TYR	5, 434	1676	nuc	nuc	1
PRO	1, 223	223	ASN	5, 435	1677	mit	nuc	0.99
TYR	1, 224	224	ASN	5, 435	1677	mit	nuc	0.66
LYS	3, 226	986	ASN	5, 435	1677	nuc	nuc	0.99
VAL	3, 229	989	ASN	5, 435	1677	nuc	nuc	0.99
ASP	5, 433	1675	ASN	5, 435	1677	nuc	nuc	1
TYR	5, 434	1676	ASN	5, 435	1677	nuc	nuc	1
PRO	1, 220	220	ARG	5, 436	1678	mit	nuc	0.97
HIS	1, 222	222	ARG	5, 436	1678	mit	nuc	0.67
PRO	1, 223	223	ARG	5, 436	1678	mit	nuc	0.94
LEU	5, 432	1674	ARG	5, 436	1678	nuc	nuc	1
ASP	5, 433	1675	ARG	5, 436	1678	nuc	nuc	1
TYR	5, 434	1676	ARG	5, 436	1678	nuc	nuc	0.98
ASN	5, 435	1677	ARG	5, 436	1678	nuc	nuc	1
LEU	5, 255	1497	ILE	5, 437	1679	nuc	nuc	0.9
MET	5, 335	1577	ILE	5, 437	1679	nuc	nuc	0.98
GLN	5, 339	1581	ILE	5, 437	1679	nuc	nuc	0.92
PRO	5, 420	1662	ILE	5, 437	1679	nuc	nuc	0.96
LEU	5, 422	1664	ILE	5, 437	1679	nuc	nuc	0.99
LEU	5, 432	1674	ILE	5, 437	1679	nuc	nuc	0.99
ASP	5, 433	1675	ILE	5, 437	1679	nuc	nuc	0.98
TYR	5, 434	1676	ILE	5, 437	1679	nuc	nuc	1
ASN	5, 435	1677	ILE	5, 437	1679	nuc	nuc	0.99
ARG	5, 436	1678	ILE	5, 437	1679	nuc	nuc	1
CYS	5, 419	1661	ARG	5, 438	1680	nuc	nuc	0.99
PRO	5, 420	1662	ARG	5, 438	1680	nuc	nuc	0.96
TYR	5, 434	1676	ARG	5, 438	1680	nuc	nuc	1
ASN	5, 435	1677	ARG	5, 438	1680	nuc	nuc	1
ARG	5, 436	1678	ARG	5, 438	1680	nuc	nuc	0.99
ILE	5, 437	1679	ARG	5, 438	1680	nuc	nuc	1
PRO	1, 223	223	SER	5, 439	1681	mit	nuc	0.64
ASN	5, 435	1677	SER	5, 439	1681	nuc	nuc	0.99
ARG	5, 436	1678	SER	5, 439	1681	nuc	nuc	1
ILE	5, 437	1679	SER	5, 439	1681	nuc	nuc	0.99
ARG	5, 438	1680	SER	5, 439	1681	nuc	nuc	1
GLN	5, 339	1581	GLY	5, 440	1682	nuc	nuc	1
GLY	5, 340	1582	GLY	5, 440	1682	nuc	nuc	0.81
MET	5, 343	1585	GLY	5, 440	1682	nuc	nuc	0.9
ARG	5, 436	1678	GLY	5, 440	1682	nuc	nuc	0.92
ILE	5, 437	1679	GLY	5, 440	1682	nuc	nuc	1
ARG	5, 438	1680	GLY	5, 440	1682	nuc	nuc	1
SER	5, 439	1681	GLY	5, 440	1682	nuc	nuc	1
GLN	5, 339	1581	MET	5, 441	1683	nuc	nuc	0.98
TRP	5, 342	1584	MET	5, 441	1683	nuc	nuc	0.79
MET	5, 343	1585	MET	5, 441	1683	nuc	nuc	0.67
ILE	5, 415	1657	MET	5, 441	1683	nuc	nuc	0.96
TYR	5, 416	1658	MET	5, 441	1683	nuc	nuc	0.98
ASP	5, 417	1659	MET	5, 441	1683	nuc	nuc	1
LYS	5, 418	1660	MET	5, 441	1683	nuc	nuc	0.99
CYS	5, 419	1661	MET	5, 441	1683	nuc	nuc	0.65
PRO	5, 420	1662	MET	5, 441	1683	nuc	nuc	0.99
ILE	5, 437	1679	MET	5, 441	1683	nuc	nuc	0.77
ARG	5, 438	1680	MET	5, 441	1683	nuc	nuc	1
SER	5, 439	1681	MET	5, 441	1683	nuc	nuc	0.99
GLY	5, 440	1682	MET	5, 441	1683	nuc	nuc	1
MET	5, 343	1585	TYR	5, 442	1684	nuc	nuc	0.83
TYR	5, 416	1658	TYR	5, 442	1684	nuc	nuc	0.99
ASP	5, 417	1659	TYR	5, 442	1684	nuc	nuc	0.99
SER	5, 439	1681	TYR	5, 442	1684	nuc	nuc	0.96
GLY	5, 440	1682	TYR	5, 442	1684	nuc	nuc	1
MET	5, 441	1683	TYR	5, 442	1684	nuc	nuc	1
MET	5, 343	1585	TRP	5, 443	1685	nuc	nuc	1
THR	5, 347	1589	TRP	5, 443	1685	nuc	nuc	0.92
TYR	5, 442	1684	TRP	5, 443	1685	nuc	nuc	1
TYR	5, 442	1684	ILE	5, 444	1686	nuc	nuc	0.94
TRP	5, 443	1685	ILE	5, 444	1686	nuc	nuc	1
TRP	5, 443	1685	ARG	5, 445	1687	nuc	nuc	1
ILE	5, 444	1686	ARG	5, 445	1687	nuc	nuc	1
THR	5, 347	1589	PHE	5, 446	1688	nuc	nuc	0.96
TYR	5, 442	1684	PHE	5, 446	1688	nuc	nuc	0.68
TRP	5, 443	1685	PHE	5, 446	1688	nuc	nuc	0.99
ILE	5, 444	1686	PHE	5, 446	1688	nuc	nuc	0.8
ARG	5, 445	1687	PHE	5, 446	1688	nuc	nuc	1
ALA	6, 1	1689	ALA	6, 2	1690	nuc	nuc	1
ALA	6, 1	1689	THR	6, 3	1691	nuc	nuc	0.71
ALA	6, 2	1690	THR	6, 3	1691	nuc	nuc	1
THR	6, 3	1691	TYR	6, 4	1692	nuc	nuc	1
THR	6, 3	1691	ALA	6, 5	1693	nuc	nuc	0.99
TYR	6, 4	1692	ALA	6, 5	1693	nuc	nuc	1
ALA	6, 2	1690	GLN	6, 6	1694	nuc	nuc	0.96
THR	6, 3	1691	GLN	6, 6	1694	nuc	nuc	0.98
TYR	6, 4	1692	GLN	6, 6	1694	nuc	nuc	0.96
ALA	6, 5	1693	GLN	6, 6	1694	nuc	nuc	1
ALA	6, 2	1690	THR	6, 7	1695	nuc	nuc	0.93
THR	6, 3	1691	THR	6, 7	1695	nuc	nuc	0.93
TYR	6, 4	1692	THR	6, 7	1695	nuc	nuc	0.99
ALA	6, 5	1693	THR	6, 7	1695	nuc	nuc	0.96
GLN	6, 6	1694	THR	6, 7	1695	nuc	nuc	1
TYR	6, 4	1692	LEU	6, 8	1696	nuc	nuc	0.97
ALA	6, 5	1693	LEU	6, 8	1696	nuc	nuc	0.99
GLN	6, 6	1694	LEU	6, 8	1696	nuc	nuc	0.98
THR	6, 7	1695	LEU	6, 8	1696	nuc	nuc	1
ALA	6, 5	1693	GLN	6, 9	1697	nuc	nuc	0.9
GLN	6, 6	1694	GLN	6, 9	1697	nuc	nuc	0.98
THR	6, 7	1695	GLN	6, 9	1697	nuc	nuc	0.97
LEU	6, 8	1696	GLN	6, 9	1697	nuc	nuc	1
GLN	6, 6	1694	ASN	6, 10	1698	nuc	nuc	0.87
THR	6, 7	1695	ASN	6, 10	1698	nuc	nuc	0.98
LEU	6, 8	1696	ASN	6, 10	1698	nuc	nuc	0.9
GLN	6, 9	1697	ASN	6, 10	1698	nuc	nuc	1
THR	6, 7	1695	ILE	6, 11	1699	nuc	nuc	0.81
LEU	6, 8	1696	ILE	6, 11	1699	nuc	nuc	0.97
GLN	6, 9	1697	ILE	6, 11	1699	nuc	nuc	0.92
ASN	6, 10	1698	ILE	6, 11	1699	nuc	nuc	1
ILE	6, 11	1699	PRO	6, 12	1700	nuc	nuc	1
ILE	6, 11	1699	GLU	6, 13	1701	nuc	nuc	0.61
PRO	6, 12	1700	GLU	6, 13	1701	nuc	nuc	1
PRO	6, 12	1700	THR	6, 14	1702	nuc	nuc	0.74
GLU	6, 13	1701	THR	6, 14	1702	nuc	nuc	1
GLU	6, 13	1701	ASN	6, 15	1703	nuc	nuc	0.97
THR	6, 14	1702	ASN	6, 15	1703	nuc	nuc	1
THR	6, 14	1702	VAL	6, 16	1704	nuc	nuc	0.99
ASN	6, 15	1703	VAL	6, 16	1704	nuc	nuc	1
ASN	6, 15	1703	THR	6, 17	1705	nuc	nuc	0.98
VAL	6, 16	1704	THR	6, 17	1705	nuc	nuc	1
VAL	6, 16	1704	THR	6, 18	1706	nuc	nuc	0.95
THR	6, 17	1705	THR	6, 18	1706	nuc	nuc	1
THR	6, 17	1705	LEU	6, 19	1707	nuc	nuc	0.97
THR	6, 18	1706	LEU	6, 19	1707	nuc	nuc	1
LEU	6, 19	1707	ASP	6, 20	1708	nuc	nuc	1
LEU	6, 19	1707	ASN	6, 21	1709	nuc	nuc	1
ASP	6, 20	1708	ASN	6, 21	1709	nuc	nuc	1
THR	6, 18	1706	GLY	6, 22	1710	nuc	nuc	0.98
LEU	6, 19	1707	GLY	6, 22	1710	nuc	nuc	0.99
ASP	6, 20	1708	GLY	6, 22	1710	nuc	nuc	0.99
ASN	6, 21	1709	GLY	6, 22	1710	nuc	nuc	1
THR	6, 18	1706	LEU	6, 23	1711	nuc	nuc	0.94
LEU	6, 19	1707	LEU	6, 23	1711	nuc	nuc	0.98
ASN	6, 21	1709	LEU	6, 23	1711	nuc	nuc	0.99
GLY	6, 22	1710	LEU	6, 23	1711	nuc	nuc	1
VAL	6, 16	1704	ARG	6, 24	1712	nuc	nuc	0.99
THR	6, 17	1705	ARG	6, 24	1712	nuc	nuc	0.88
THR	6, 18	1706	ARG	6, 24	1712	nuc	nuc	1
LEU	6, 19	1707	ARG	6, 24	1712	nuc	nuc	0.63
GLY	6, 22	1710	ARG	6, 24	1712	nuc	nuc	0.99
LEU	6, 23	1711	ARG	6, 24	1712	nuc	nuc	1
VAL	6, 16	1704	VAL	6, 25	1713	nuc	nuc	0.96
THR	6, 17	1705	VAL	6, 25	1713	nuc	nuc	0.99
THR	6, 18	1706	VAL	6, 25	1713	nuc	nuc	0.81
LEU	6, 19	1707	VAL	6, 25	1713	nuc	nuc	0.98
LEU	6, 23	1711	VAL	6, 25	1713	nuc	nuc	0.99
ARG	6, 24	1712	VAL	6, 25	1713	nuc	nuc	1
THR	6, 14	1702	ALA	6, 26	1714	nuc	nuc	0.99
ASN	6, 15	1703	ALA	6, 26	1714	nuc	nuc	0.99
VAL	6, 16	1704	ALA	6, 26	1714	nuc	nuc	1
THR	6, 17	1705	ALA	6, 26	1714	nuc	nuc	0.75
ARG	6, 24	1712	ALA	6, 26	1714	nuc	nuc	1
VAL	6, 25	1713	ALA	6, 26	1714	nuc	nuc	1
THR	6, 14	1702	SER	6, 27	1715	nuc	nuc	0.96
ASN	6, 15	1703	SER	6, 27	1715	nuc	nuc	0.99
VAL	6, 25	1713	SER	6, 27	1715	nuc	nuc	0.98
ALA	6, 26	1714	SER	6, 27	1715	nuc	nuc	1
PRO	6, 12	1700	GLU	6, 28	1716	nuc	nuc	0.98
THR	6, 14	1702	GLU	6, 28	1716	nuc	nuc	1
ASN	6, 15	1703	GLU	6, 28	1716	nuc	nuc	0.77
ALA	6, 26	1714	GLU	6, 28	1716	nuc	nuc	0.72
SER	6, 27	1715	GLU	6, 28	1716	nuc	nuc	1
PRO	6, 12	1700	GLU	6, 29	1717	nuc	nuc	0.96
ASN	6, 15	1703	GLU	6, 29	1717	nuc	nuc	0.66
SER	6, 27	1715	GLU	6, 29	1717	nuc	nuc	1
GLU	6, 28	1716	GLU	6, 29	1717	nuc	nuc	1
PRO	6, 12	1700	SER	6, 30	1718	nuc	nuc	0.88
GLU	6, 28	1716	SER	6, 30	1718	nuc	nuc	0.99
GLU	6, 29	1717	SER	6, 30	1718	nuc	nuc	1
SER	6, 30	1718	SER	6, 31	1719	nuc	nuc	1
SER	6, 30	1718	GLN	6, 32	1720	nuc	nuc	1
SER	6, 31	1719	GLN	6, 32	1720	nuc	nuc	1
GLN	6, 32	1720	PRO	6, 33	1721	nuc	nuc	1
GLN	6, 32	1720	THR	6, 34	1722	nuc	nuc	1
PRO	6, 33	1721	THR	6, 34	1722	nuc	nuc	1
GLN	6, 32	1720	CYS	6, 35	1723	nuc	nuc	0.79
THR	6, 34	1722	CYS	6, 35	1723	nuc	nuc	1
THR	6, 34	1722	THR	6, 36	1724	nuc	nuc	0.85
CYS	6, 35	1723	THR	6, 36	1724	nuc	nuc	1
CYS	6, 35	1723	VAL	6, 37	1725	nuc	nuc	1
THR	6, 36	1724	VAL	6, 37	1725	nuc	nuc	1
THR	6, 36	1724	GLY	6, 38	1726	nuc	nuc	1
VAL	6, 37	1725	GLY	6, 38	1726	nuc	nuc	1
GLY	6, 38	1726	VAL	6, 39	1727	nuc	nuc	1
GLY	6, 38	1726	TRP	6, 40	1728	nuc	nuc	1
VAL	6, 39	1727	TRP	6, 40	1728	nuc	nuc	1
VAL	6, 39	1727	ILE	6, 41	1729	nuc	nuc	1
TRP	6, 40	1728	ILE	6, 41	1729	nuc	nuc	1
TRP	6, 40	1728	GLY	6, 42	1730	nuc	nuc	1
ILE	6, 41	1729	GLY	6, 42	1730	nuc	nuc	1
ILE	6, 41	1729	ALA	6, 43	1731	nuc	nuc	1
GLY	6, 42	1730	ALA	6, 43	1731	nuc	nuc	1
GLY	6, 42	1730	GLY	6, 44	1732	nuc	nuc	1
ALA	6, 43	1731	GLY	6, 44	1732	nuc	nuc	1
GLY	6, 44	1732	SER	6, 45	1733	nuc	nuc	1
GLY	6, 44	1732	ARG	6, 46	1734	nuc	nuc	1
SER	6, 45	1733	ARG	6, 46	1734	nuc	nuc	1
ALA	6, 43	1731	TYR	6, 47	1735	nuc	nuc	0.99
GLY	6, 44	1732	TYR	6, 47	1735	nuc	nuc	1
SER	6, 45	1733	TYR	6, 47	1735	nuc	nuc	0.98
ARG	6, 46	1734	TYR	6, 47	1735	nuc	nuc	1
GLY	6, 44	1732	GLU	6, 48	1736	nuc	nuc	0.96
SER	6, 45	1733	GLU	6, 48	1736	nuc	nuc	0.99
ARG	6, 46	1734	GLU	6, 48	1736	nuc	nuc	0.97
TYR	6, 47	1735	GLU	6, 48	1736	nuc	nuc	1
GLU	6, 48	1736	ASN	6, 49	1737	nuc	nuc	1
ASN	6, 49	1737	GLU	6, 50	1738	nuc	nuc	1
ASN	6, 49	1737	LYS	6, 51	1739	nuc	nuc	0.99
GLU	6, 50	1738	LYS	6, 51	1739	nuc	nuc	1
GLU	6, 48	1736	ASN	6, 52	1740	nuc	nuc	1
ASN	6, 49	1737	ASN	6, 52	1740	nuc	nuc	1
GLU	6, 50	1738	ASN	6, 52	1740	nuc	nuc	0.55
LYS	6, 51	1739	ASN	6, 52	1740	nuc	nuc	1
SER	6, 45	1733	ASN	6, 53	1741	nuc	nuc	0.94
GLU	6, 48	1736	ASN	6, 53	1741	nuc	nuc	0.99
ASN	6, 49	1737	ASN	6, 53	1741	nuc	nuc	0.95
GLU	6, 50	1738	ASN	6, 53	1741	nuc	nuc	0.98
LYS	6, 51	1739	ASN	6, 53	1741	nuc	nuc	0.93
ASN	6, 52	1740	ASN	6, 53	1741	nuc	nuc	1
SER	6, 45	1733	GLY	6, 54	1742	nuc	nuc	0.92
GLU	6, 48	1736	GLY	6, 54	1742	nuc	nuc	0.98
ASN	6, 52	1740	GLY	6, 54	1742	nuc	nuc	1
ASN	6, 53	1741	GLY	6, 54	1742	nuc	nuc	1
GLU	6, 48	1736	ALA	6, 55	1743	nuc	nuc	0.99
ASN	6, 52	1740	ALA	6, 55	1743	nuc	nuc	0.99
ASN	6, 53	1741	ALA	6, 55	1743	nuc	nuc	0.98
GLY	6, 54	1742	ALA	6, 55	1743	nuc	nuc	1
ALA	6, 43	1731	GLY	6, 56	1744	nuc	nuc	0.83
GLY	6, 44	1732	GLY	6, 56	1744	nuc	nuc	0.99
SER	6, 45	1733	GLY	6, 56	1744	nuc	nuc	0.91
GLU	6, 48	1736	GLY	6, 56	1744	nuc	nuc	0.95
GLY	6, 54	1742	GLY	6, 56	1744	nuc	nuc	1
ALA	6, 55	1743	GLY	6, 56	1744	nuc	nuc	1
SER	6, 45	1733	TYR	6, 57	1745	nuc	nuc	0.69
GLY	6, 54	1742	TYR	6, 57	1745	nuc	nuc	1
ALA	6, 55	1743	TYR	6, 57	1745	nuc	nuc	0.97
GLY	6, 56	1744	TYR	6, 57	1745	nuc	nuc	1
GLY	6, 54	1742	PHE	6, 58	1746	nuc	nuc	0.99
ALA	6, 55	1743	PHE	6, 58	1746	nuc	nuc	1
GLY	6, 56	1744	PHE	6, 58	1746	nuc	nuc	1
TYR	6, 57	1745	PHE	6, 58	1746	nuc	nuc	1
ALA	6, 55	1743	VAL	6, 59	1747	nuc	nuc	0.99
GLY	6, 56	1744	VAL	6, 59	1747	nuc	nuc	1
TYR	6, 57	1745	VAL	6, 59	1747	nuc	nuc	0.99
PHE	6, 58	1746	VAL	6, 59	1747	nuc	nuc	1
GLY	6, 56	1744	GLU	6, 60	1748	nuc	nuc	1
TYR	6, 57	1745	GLU	6, 60	1748	nuc	nuc	1
PHE	6, 58	1746	GLU	6, 60	1748	nuc	nuc	0.99
VAL	6, 59	1747	GLU	6, 60	1748	nuc	nuc	1
TYR	6, 57	1745	HIS	6, 61	1749	nuc	nuc	0.99
PHE	6, 58	1746	HIS	6, 61	1749	nuc	nuc	1
VAL	6, 59	1747	HIS	6, 61	1749	nuc	nuc	0.99
GLU	6, 60	1748	HIS	6, 61	1749	nuc	nuc	1
PHE	6, 58	1746	LEU	6, 62	1750	nuc	nuc	0.99
VAL	6, 59	1747	LEU	6, 62	1750	nuc	nuc	1
GLU	6, 60	1748	LEU	6, 62	1750	nuc	nuc	0.96
HIS	6, 61	1749	LEU	6, 62	1750	nuc	nuc	1
VAL	6, 59	1747	ALA	6, 63	1751	nuc	nuc	0.99
GLU	6, 60	1748	ALA	6, 63	1751	nuc	nuc	1
HIS	6, 61	1749	ALA	6, 63	1751	nuc	nuc	0.98
LEU	6, 62	1750	ALA	6, 63	1751	nuc	nuc	1
HIS	6, 61	1749	PHE	6, 64	1752	nuc	nuc	0.85
LEU	6, 62	1750	PHE	6, 64	1752	nuc	nuc	0.94
ALA	6, 63	1751	PHE	6, 64	1752	nuc	nuc	1
HIS	6, 61	1749	LYS	6, 65	1753	nuc	nuc	0.82
LEU	6, 62	1750	LYS	6, 65	1753	nuc	nuc	0.99
ALA	6, 63	1751	LYS	6, 65	1753	nuc	nuc	0.96
PHE	6, 64	1752	LYS	6, 65	1753	nuc	nuc	1
ALA	6, 63	1751	GLY	6, 66	1754	nuc	nuc	0.59
PHE	6, 64	1752	GLY	6, 66	1754	nuc	nuc	0.98
LYS	6, 65	1753	GLY	6, 66	1754	nuc	nuc	1
GLY	6, 66	1754	THR	6, 67	1755	nuc	nuc	1
THR	6, 67	1755	LYS	6, 68	1756	nuc	nuc	1
THR	6, 67	1755	LYS	6, 69	1757	nuc	nuc	0.99
LYS	6, 68	1756	LYS	6, 69	1757	nuc	nuc	1
GLY	6, 66	1754	ARG	6, 70	1758	nuc	nuc	0.93
THR	6, 67	1755	ARG	6, 70	1758	nuc	nuc	0.98
LYS	6, 69	1757	ARG	6, 70	1758	nuc	nuc	1
GLY	6, 66	1754	PRO	6, 71	1759	nuc	nuc	0.95
THR	6, 67	1755	PRO	6, 71	1759	nuc	nuc	0.61
ARG	6, 70	1758	PRO	6, 71	1759	nuc	nuc	1
LYS	6, 65	1753	CYS	6, 72	1760	nuc	nuc	0.99
GLY	6, 66	1754	CYS	6, 72	1760	nuc	nuc	0.99
PRO	6, 71	1759	CYS	6, 72	1760	nuc	nuc	1
PRO	6, 71	1759	ALA	6, 73	1761	nuc	nuc	0.98
CYS	6, 72	1760	ALA	6, 73	1761	nuc	nuc	1
ARG	6, 70	1758	ALA	6, 74	1762	nuc	nuc	0.99
PRO	6, 71	1759	ALA	6, 74	1762	nuc	nuc	0.99
CYS	6, 72	1760	ALA	6, 74	1762	nuc	nuc	0.96
ALA	6, 73	1761	ALA	6, 74	1762	nuc	nuc	1
GLY	6, 66	1754	PHE	6, 75	1763	nuc	nuc	0.99
THR	6, 67	1755	PHE	6, 75	1763	nuc	nuc	0.97
ARG	6, 70	1758	PHE	6, 75	1763	nuc	nuc	0.98
PRO	6, 71	1759	PHE	6, 75	1763	nuc	nuc	0.97
CYS	6, 72	1760	PHE	6, 75	1763	nuc	nuc	0.99
ALA	6, 73	1761	PHE	6, 75	1763	nuc	nuc	0.98
ALA	6, 74	1762	PHE	6, 75	1763	nuc	nuc	1
CYS	6, 72	1760	GLU	6, 76	1764	nuc	nuc	0.98
ALA	6, 73	1761	GLU	6, 76	1764	nuc	nuc	0.99
ALA	6, 74	1762	GLU	6, 76	1764	nuc	nuc	0.97
PHE	6, 75	1763	GLU	6, 76	1764	nuc	nuc	1
ALA	6, 73	1761	LYS	6, 77	1765	nuc	nuc	0.99
ALA	6, 74	1762	LYS	6, 77	1765	nuc	nuc	1
PHE	6, 75	1763	LYS	6, 77	1765	nuc	nuc	0.99
GLU	6, 76	1764	LYS	6, 77	1765	nuc	nuc	1
ARG	6, 70	1758	GLU	6, 78	1766	nuc	nuc	0.94
ALA	6, 74	1762	GLU	6, 78	1766	nuc	nuc	0.99
PHE	6, 75	1763	GLU	6, 78	1766	nuc	nuc	1
GLU	6, 76	1764	GLU	6, 78	1766	nuc	nuc	0.98
LYS	6, 77	1765	GLU	6, 78	1766	nuc	nuc	1
PHE	6, 75	1763	VAL	6, 79	1767	nuc	nuc	0.99
GLU	6, 76	1764	VAL	6, 79	1767	nuc	nuc	0.99
LYS	6, 77	1765	VAL	6, 79	1767	nuc	nuc	0.91
GLU	6, 78	1766	VAL	6, 79	1767	nuc	nuc	1
GLU	6, 76	1764	GLU	6, 80	1768	nuc	nuc	0.99
LYS	6, 77	1765	GLU	6, 80	1768	nuc	nuc	1
GLU	6, 78	1766	GLU	6, 80	1768	nuc	nuc	0.93
VAL	6, 79	1767	GLU	6, 80	1768	nuc	nuc	1
LYS	6, 77	1765	SER	6, 81	1769	nuc	nuc	0.99
GLU	6, 78	1766	SER	6, 81	1769	nuc	nuc	1
VAL	6, 79	1767	SER	6, 81	1769	nuc	nuc	0.98
GLU	6, 80	1768	SER	6, 81	1769	nuc	nuc	1
GLU	6, 78	1766	MET	6, 82	1770	nuc	nuc	0.96
VAL	6, 79	1767	MET	6, 82	1770	nuc	nuc	0.99
GLU	6, 80	1768	MET	6, 82	1770	nuc	nuc	0.94
SER	6, 81	1769	MET	6, 82	1770	nuc	nuc	1
VAL	6, 79	1767	GLY	6, 83	1771	nuc	nuc	0.91
GLU	6, 80	1768	GLY	6, 83	1771	nuc	nuc	0.99
SER	6, 81	1769	GLY	6, 83	1771	nuc	nuc	1
MET	6, 82	1770	GLY	6, 83	1771	nuc	nuc	1
VAL	6, 79	1767	ALA	6, 84	1772	nuc	nuc	0.99
GLU	6, 80	1768	ALA	6, 84	1772	nuc	nuc	0.74
MET	6, 82	1770	ALA	6, 84	1772	nuc	nuc	1
GLY	6, 83	1771	ALA	6, 84	1772	nuc	nuc	1
GLY	6, 83	1771	HIS	6, 85	1773	nuc	nuc	0.96
ALA	6, 84	1772	HIS	6, 85	1773	nuc	nuc	1
PHE	6, 64	1752	PHE	6, 86	1774	nuc	nuc	0.95
VAL	6, 79	1767	PHE	6, 86	1774	nuc	nuc	0.99
ALA	6, 84	1772	PHE	6, 86	1774	nuc	nuc	1
HIS	6, 85	1773	PHE	6, 86	1774	nuc	nuc	1
HIS	6, 85	1773	ASN	6, 87	1775	nuc	nuc	1
PHE	6, 86	1774	ASN	6, 87	1775	nuc	nuc	1
GLU	6, 60	1748	GLY	6, 88	1776	nuc	nuc	0.98
PHE	6, 86	1774	GLY	6, 88	1776	nuc	nuc	0.86
ASN	6, 87	1775	GLY	6, 88	1776	nuc	nuc	1
GLU	6, 60	1748	TYR	6, 89	1777	nuc	nuc	0.85
ASN	6, 87	1775	TYR	6, 89	1777	nuc	nuc	0.91
GLY	6, 88	1776	TYR	6, 89	1777	nuc	nuc	1
GLY	6, 44	1732	THR	6, 90	1778	nuc	nuc	0.99
SER	6, 45	1733	THR	6, 90	1778	nuc	nuc	0.79
GLY	6, 56	1744	THR	6, 90	1778	nuc	nuc	0.99
TYR	6, 57	1745	THR	6, 90	1778	nuc	nuc	1
GLU	6, 60	1748	THR	6, 90	1778	nuc	nuc	1
GLY	6, 88	1776	THR	6, 90	1778	nuc	nuc	0.78
TYR	6, 89	1777	THR	6, 90	1778	nuc	nuc	1
GLY	6, 44	1732	SER	6, 91	1779	nuc	nuc	0.98
SER	6, 45	1733	SER	6, 91	1779	nuc	nuc	0.69
TYR	6, 89	1777	SER	6, 91	1779	nuc	nuc	1
THR	6, 90	1778	SER	6, 91	1779	nuc	nuc	1
GLY	6, 44	1732	ARG	6, 92	1780	nuc	nuc	1
SER	6, 45	1733	ARG	6, 92	1780	nuc	nuc	1
ARG	6, 46	1734	ARG	6, 92	1780	nuc	nuc	0.99
SER	6, 91	1779	ARG	6, 92	1780	nuc	nuc	1
GLY	6, 42	1730	GLU	6, 93	1781	nuc	nuc	0.98
GLY	6, 44	1732	GLU	6, 93	1781	nuc	nuc	1
ARG	6, 46	1734	GLU	6, 93	1781	nuc	nuc	0.99
SER	6, 91	1779	GLU	6, 93	1781	nuc	nuc	1
ARG	6, 92	1780	GLU	6, 93	1781	nuc	nuc	1
TRP	6, 40	1728	GLN	6, 94	1782	nuc	nuc	0.99
ILE	6, 41	1729	GLN	6, 94	1782	nuc	nuc	0.93
GLY	6, 42	1730	GLN	6, 94	1782	nuc	nuc	1
ALA	6, 43	1731	GLN	6, 94	1782	nuc	nuc	0.82
GLY	6, 44	1732	GLN	6, 94	1782	nuc	nuc	0.98
THR	6, 90	1778	GLN	6, 94	1782	nuc	nuc	0.69
SER	6, 91	1779	GLN	6, 94	1782	nuc	nuc	1
ARG	6, 92	1780	GLN	6, 94	1782	nuc	nuc	0.6
GLU	6, 93	1781	GLN	6, 94	1782	nuc	nuc	1
TRP	6, 40	1728	THR	6, 95	1783	nuc	nuc	0.88
ILE	6, 41	1729	THR	6, 95	1783	nuc	nuc	1
GLY	6, 42	1730	THR	6, 95	1783	nuc	nuc	0.99
ALA	6, 43	1731	THR	6, 95	1783	nuc	nuc	1
GLY	6, 44	1732	THR	6, 95	1783	nuc	nuc	1
GLY	6, 56	1744	THR	6, 95	1783	nuc	nuc	0.93
GLU	6, 60	1748	THR	6, 95	1783	nuc	nuc	0.96
TYR	6, 89	1777	THR	6, 95	1783	nuc	nuc	0.95
THR	6, 90	1778	THR	6, 95	1783	nuc	nuc	1
SER	6, 91	1779	THR	6, 95	1783	nuc	nuc	0.96
GLN	6, 94	1782	THR	6, 95	1783	nuc	nuc	1
GLY	6, 38	1726	ALA	6, 96	1784	nuc	nuc	0.96
VAL	6, 39	1727	ALA	6, 96	1784	nuc	nuc	0.98
TRP	6, 40	1728	ALA	6, 96	1784	nuc	nuc	1
ILE	6, 41	1729	ALA	6, 96	1784	nuc	nuc	0.97
GLY	6, 88	1776	ALA	6, 96	1784	nuc	nuc	1
TYR	6, 89	1777	ALA	6, 96	1784	nuc	nuc	1
GLN	6, 94	1782	ALA	6, 96	1784	nuc	nuc	1
THR	6, 95	1783	ALA	6, 96	1784	nuc	nuc	1
GLY	6, 38	1726	PHE	6, 97	1785	nuc	nuc	1
VAL	6, 39	1727	PHE	6, 97	1785	nuc	nuc	1
ALA	6, 63	1751	PHE	6, 97	1785	nuc	nuc	0.99
PHE	6, 86	1774	PHE	6, 97	1785	nuc	nuc	0.68
ASN	6, 87	1775	PHE	6, 97	1785	nuc	nuc	0.54
GLY	6, 88	1776	PHE	6, 97	1785	nuc	nuc	1
THR	6, 95	1783	PHE	6, 97	1785	nuc	nuc	0.94
ALA	6, 96	1784	PHE	6, 97	1785	nuc	nuc	1
THR	6, 36	1724	TYR	6, 98	1786	nuc	nuc	1
VAL	6, 37	1725	TYR	6, 98	1786	nuc	nuc	0.98
GLY	6, 38	1726	TYR	6, 98	1786	nuc	nuc	1
VAL	6, 39	1727	TYR	6, 98	1786	nuc	nuc	0.93
PHE	6, 86	1774	TYR	6, 98	1786	nuc	nuc	0.69
ASN	6, 87	1775	TYR	6, 98	1786	nuc	nuc	1
GLY	6, 88	1776	TYR	6, 98	1786	nuc	nuc	1
ALA	6, 96	1784	TYR	6, 98	1786	nuc	nuc	1
PHE	6, 97	1785	TYR	6, 98	1786	nuc	nuc	1
THR	6, 36	1724	ILE	6, 99	1787	nuc	nuc	0.98
VAL	6, 37	1725	ILE	6, 99	1787	nuc	nuc	1
GLY	6, 38	1726	ILE	6, 99	1787	nuc	nuc	1
VAL	6, 79	1767	ILE	6, 99	1787	nuc	nuc	0.87
ALA	6, 84	1772	ILE	6, 99	1787	nuc	nuc	1
HIS	6, 85	1773	ILE	6, 99	1787	nuc	nuc	0.99
PHE	6, 86	1774	ILE	6, 99	1787	nuc	nuc	1
ASN	6, 87	1775	ILE	6, 99	1787	nuc	nuc	0.57
PHE	6, 97	1785	ILE	6, 99	1787	nuc	nuc	0.72
TYR	6, 98	1786	ILE	6, 99	1787	nuc	nuc	1
THR	6, 34	1722	LYS	6, 100	1788	nuc	nuc	0.96
CYS	6, 35	1723	LYS	6, 100	1788	nuc	nuc	0.86
THR	6, 36	1724	LYS	6, 100	1788	nuc	nuc	1
ALA	6, 84	1772	LYS	6, 100	1788	nuc	nuc	0.99
HIS	6, 85	1773	LYS	6, 100	1788	nuc	nuc	1
ASN	6, 87	1775	LYS	6, 100	1788	nuc	nuc	0.63
TYR	6, 98	1786	LYS	6, 100	1788	nuc	nuc	0.99
ILE	6, 99	1787	LYS	6, 100	1788	nuc	nuc	1
THR	6, 34	1722	ALA	6, 101	1789	nuc	nuc	0.94
CYS	6, 35	1723	ALA	6, 101	1789	nuc	nuc	0.99
THR	6, 36	1724	ALA	6, 101	1789	nuc	nuc	0.64
VAL	6, 37	1725	ALA	6, 101	1789	nuc	nuc	0.79
MET	6, 82	1770	ALA	6, 101	1789	nuc	nuc	0.97
GLY	6, 83	1771	ALA	6, 101	1789	nuc	nuc	0.97
ALA	6, 84	1772	ALA	6, 101	1789	nuc	nuc	1
HIS	6, 85	1773	ALA	6, 101	1789	nuc	nuc	0.83
ILE	6, 99	1787	ALA	6, 101	1789	nuc	nuc	1
LYS	6, 100	1788	ALA	6, 101	1789	nuc	nuc	1
PRO	6, 33	1721	LEU	6, 102	1790	nuc	nuc	0.97
THR	6, 34	1722	LEU	6, 102	1790	nuc	nuc	0.99
CYS	6, 35	1723	LEU	6, 102	1790	nuc	nuc	0.97
MET	6, 82	1770	LEU	6, 102	1790	nuc	nuc	0.67
GLY	6, 83	1771	LEU	6, 102	1790	nuc	nuc	0.57
ALA	6, 84	1772	LEU	6, 102	1790	nuc	nuc	0.52
ALA	6, 101	1789	LEU	6, 102	1790	nuc	nuc	1
GLN	6, 32	1720	SER	6, 103	1791	nuc	nuc	0.8
PRO	6, 33	1721	SER	6, 103	1791	nuc	nuc	0.99
THR	6, 34	1722	SER	6, 103	1791	nuc	nuc	0.99
CYS	6, 35	1723	SER	6, 103	1791	nuc	nuc	1
ALA	6, 101	1789	SER	6, 103	1791	nuc	nuc	0.57
LEU	6, 102	1790	SER	6, 103	1791	nuc	nuc	1
LEU	6, 102	1790	LYS	6, 104	1792	nuc	nuc	1
SER	6, 103	1791	LYS	6, 104	1792	nuc	nuc	1
MET	6, 82	1770	ASP	6, 105	1793	nuc	nuc	0.99
ALA	6, 84	1772	ASP	6, 105	1793	nuc	nuc	0.9
ALA	6, 101	1789	ASP	6, 105	1793	nuc	nuc	0.99
LEU	6, 102	1790	ASP	6, 105	1793	nuc	nuc	0.99
SER	6, 103	1791	ASP	6, 105	1793	nuc	nuc	0.95
LYS	6, 104	1792	ASP	6, 105	1793	nuc	nuc	1
CYS	6, 35	1723	MET	6, 106	1794	nuc	nuc	0.99
VAL	6, 37	1725	MET	6, 106	1794	nuc	nuc	0.98
ALA	6, 101	1789	MET	6, 106	1794	nuc	nuc	0.85
SER	6, 103	1791	MET	6, 106	1794	nuc	nuc	0.99
LYS	6, 104	1792	MET	6, 106	1794	nuc	nuc	0.96
ASP	6, 105	1793	MET	6, 106	1794	nuc	nuc	1
ASP	6, 105	1793	PRO	6, 107	1795	nuc	nuc	0.96
MET	6, 106	1794	PRO	6, 107	1795	nuc	nuc	1
MET	6, 82	1770	LYS	6, 108	1796	nuc	nuc	0.92
ASP	6, 105	1793	LYS	6, 108	1796	nuc	nuc	1
MET	6, 106	1794	LYS	6, 108	1796	nuc	nuc	0.96
PRO	6, 107	1795	LYS	6, 108	1796	nuc	nuc	1
VAL	6, 37	1725	VAL	6, 109	1797	nuc	nuc	1
ALA	6, 84	1772	VAL	6, 109	1797	nuc	nuc	0.97
ILE	6, 99	1787	VAL	6, 109	1797	nuc	nuc	1
ALA	6, 101	1789	VAL	6, 109	1797	nuc	nuc	1
ASP	6, 105	1793	VAL	6, 109	1797	nuc	nuc	0.99
MET	6, 106	1794	VAL	6, 109	1797	nuc	nuc	1
PRO	6, 107	1795	VAL	6, 109	1797	nuc	nuc	0.98
LYS	6, 108	1796	VAL	6, 109	1797	nuc	nuc	1
VAL	6, 37	1725	VAL	6, 110	1798	nuc	nuc	0.99
MET	6, 106	1794	VAL	6, 110	1798	nuc	nuc	0.98
PRO	6, 107	1795	VAL	6, 110	1798	nuc	nuc	0.99
LYS	6, 108	1796	VAL	6, 110	1798	nuc	nuc	0.97
VAL	6, 109	1797	VAL	6, 110	1798	nuc	nuc	1
PRO	6, 107	1795	GLU	6, 111	1799	nuc	nuc	0.97
LYS	6, 108	1796	GLU	6, 111	1799	nuc	nuc	1
VAL	6, 109	1797	GLU	6, 111	1799	nuc	nuc	0.99
VAL	6, 110	1798	GLU	6, 111	1799	nuc	nuc	1
PHE	6, 75	1763	LEU	6, 112	1800	nuc	nuc	0.59
GLU	6, 78	1766	LEU	6, 112	1800	nuc	nuc	0.85
VAL	6, 79	1767	LEU	6, 112	1800	nuc	nuc	0.97
ILE	6, 99	1787	LEU	6, 112	1800	nuc	nuc	0.97
LYS	6, 108	1796	LEU	6, 112	1800	nuc	nuc	0.99
VAL	6, 109	1797	LEU	6, 112	1800	nuc	nuc	1
VAL	6, 110	1798	LEU	6, 112	1800	nuc	nuc	0.99
GLU	6, 111	1799	LEU	6, 112	1800	nuc	nuc	1
VAL	6, 37	1725	LEU	6, 113	1801	nuc	nuc	0.98
GLY	6, 38	1726	LEU	6, 113	1801	nuc	nuc	1
VAL	6, 39	1727	LEU	6, 113	1801	nuc	nuc	1
PHE	6, 97	1785	LEU	6, 113	1801	nuc	nuc	0.99
ILE	6, 99	1787	LEU	6, 113	1801	nuc	nuc	0.99
VAL	6, 109	1797	LEU	6, 113	1801	nuc	nuc	0.99
VAL	6, 110	1798	LEU	6, 113	1801	nuc	nuc	1
GLU	6, 111	1799	LEU	6, 113	1801	nuc	nuc	0.98
LEU	6, 112	1800	LEU	6, 113	1801	nuc	nuc	1
VAL	6, 110	1798	ALA	6, 114	1802	nuc	nuc	0.99
GLU	6, 111	1799	ALA	6, 114	1802	nuc	nuc	1
LEU	6, 112	1800	ALA	6, 114	1802	nuc	nuc	0.99
LEU	6, 113	1801	ALA	6, 114	1802	nuc	nuc	1
THR	6, 67	1755	ASP	6, 115	1803	nuc	nuc	0.99
LYS	6, 69	1757	ASP	6, 115	1803	nuc	nuc	0.96
ARG	6, 70	1758	ASP	6, 115	1803	nuc	nuc	0.92
GLU	6, 111	1799	ASP	6, 115	1803	nuc	nuc	0.99
LEU	6, 112	1800	ASP	6, 115	1803	nuc	nuc	1
LEU	6, 113	1801	ASP	6, 115	1803	nuc	nuc	0.99
ALA	6, 114	1802	ASP	6, 115	1803	nuc	nuc	1
ALA	6, 63	1751	VAL	6, 116	1804	nuc	nuc	0.99
GLY	6, 66	1754	VAL	6, 116	1804	nuc	nuc	0.69
THR	6, 67	1755	VAL	6, 116	1804	nuc	nuc	0.97
PHE	6, 97	1785	VAL	6, 116	1804	nuc	nuc	0.99
LEU	6, 112	1800	VAL	6, 116	1804	nuc	nuc	0.99
LEU	6, 113	1801	VAL	6, 116	1804	nuc	nuc	1
ALA	6, 114	1802	VAL	6, 116	1804	nuc	nuc	0.98
ASP	6, 115	1803	VAL	6, 116	1804	nuc	nuc	1
VAL	6, 39	1727	VAL	6, 117	1805	nuc	nuc	0.99
ILE	6, 41	1729	VAL	6, 117	1805	nuc	nuc	0.61
PHE	6, 97	1785	VAL	6, 117	1805	nuc	nuc	0.93
LEU	6, 113	1801	VAL	6, 117	1805	nuc	nuc	0.99
ALA	6, 114	1802	VAL	6, 117	1805	nuc	nuc	0.99
ASP	6, 115	1803	VAL	6, 117	1805	nuc	nuc	0.86
VAL	6, 116	1804	VAL	6, 117	1805	nuc	nuc	1
ALA	6, 114	1802	GLN	6, 118	1806	nuc	nuc	0.98
ASP	6, 115	1803	GLN	6, 118	1806	nuc	nuc	0.98
VAL	6, 116	1804	GLN	6, 118	1806	nuc	nuc	0.66
VAL	6, 117	1805	GLN	6, 118	1806	nuc	nuc	1
THR	6, 67	1755	ASN	6, 119	1807	nuc	nuc	0.98
LYS	6, 68	1756	ASN	6, 119	1807	nuc	nuc	0.98
LYS	6, 69	1757	ASN	6, 119	1807	nuc	nuc	0.94
ASP	6, 115	1803	ASN	6, 119	1807	nuc	nuc	0.97
VAL	6, 116	1804	ASN	6, 119	1807	nuc	nuc	0.76
GLN	6, 118	1806	ASN	6, 119	1807	nuc	nuc	1
VAL	6, 59	1747	CYS	6, 120	1808	nuc	nuc	0.77
LEU	6, 62	1750	CYS	6, 120	1808	nuc	nuc	0.95
ALA	6, 63	1751	CYS	6, 120	1808	nuc	nuc	0.95
GLY	6, 66	1754	CYS	6, 120	1808	nuc	nuc	0.88
THR	6, 67	1755	CYS	6, 120	1808	nuc	nuc	0.98
LYS	6, 68	1756	CYS	6, 120	1808	nuc	nuc	0.73
VAL	6, 116	1804	CYS	6, 120	1808	nuc	nuc	0.96
VAL	6, 117	1805	CYS	6, 120	1808	nuc	nuc	0.71
GLN	6, 118	1806	CYS	6, 120	1808	nuc	nuc	0.64
ASN	6, 119	1807	CYS	6, 120	1808	nuc	nuc	1
LEU	6, 62	1750	ALA	6, 121	1809	nuc	nuc	0.53
LYS	6, 65	1753	ALA	6, 121	1809	nuc	nuc	0.74
GLY	6, 66	1754	ALA	6, 121	1809	nuc	nuc	0.97
THR	6, 67	1755	ALA	6, 121	1809	nuc	nuc	0.99
LYS	6, 68	1756	ALA	6, 121	1809	nuc	nuc	0.98
PRO	6, 71	1759	ALA	6, 121	1809	nuc	nuc	0.71
CYS	6, 72	1760	ALA	6, 121	1809	nuc	nuc	0.53
ASN	6, 119	1807	ALA	6, 121	1809	nuc	nuc	0.81
CYS	6, 120	1808	ALA	6, 121	1809	nuc	nuc	1
LEU	6, 62	1750	LEU	6, 122	1810	nuc	nuc	0.95
CYS	6, 120	1808	LEU	6, 122	1810	nuc	nuc	0.99
ALA	6, 121	1809	LEU	6, 122	1810	nuc	nuc	1
LYS	6, 65	1753	GLU	6, 123	1811	nuc	nuc	0.54
ALA	6, 121	1809	GLU	6, 123	1811	nuc	nuc	0.99
LEU	6, 122	1810	GLU	6, 123	1811	nuc	nuc	1
LEU	6, 122	1810	GLU	6, 124	1812	nuc	nuc	0.53
GLU	6, 123	1811	GLU	6, 124	1812	nuc	nuc	1
GLU	6, 123	1811	SER	6, 125	1813	nuc	nuc	1
GLU	6, 124	1812	SER	6, 125	1813	nuc	nuc	1
LEU	6, 62	1750	GLN	6, 126	1814	nuc	nuc	0.95
LYS	6, 65	1753	GLN	6, 126	1814	nuc	nuc	0.98
CYS	6, 72	1760	GLN	6, 126	1814	nuc	nuc	0.84
ALA	6, 121	1809	GLN	6, 126	1814	nuc	nuc	0.74
LEU	6, 122	1810	GLN	6, 126	1814	nuc	nuc	0.67
GLU	6, 123	1811	GLN	6, 126	1814	nuc	nuc	0.99
GLU	6, 124	1812	GLN	6, 126	1814	nuc	nuc	0.95
SER	6, 125	1813	GLN	6, 126	1814	nuc	nuc	1
LEU	6, 62	1750	ILE	6, 127	1815	nuc	nuc	0.96
LEU	6, 122	1810	ILE	6, 127	1815	nuc	nuc	0.95
GLU	6, 123	1811	ILE	6, 127	1815	nuc	nuc	0.97
GLU	6, 124	1812	ILE	6, 127	1815	nuc	nuc	0.99
SER	6, 125	1813	ILE	6, 127	1815	nuc	nuc	0.98
GLN	6, 126	1814	ILE	6, 127	1815	nuc	nuc	1
GLU	6, 124	1812	GLU	6, 128	1816	nuc	nuc	0.96
SER	6, 125	1813	GLU	6, 128	1816	nuc	nuc	0.99
GLN	6, 126	1814	GLU	6, 128	1816	nuc	nuc	0.95
ILE	6, 127	1815	GLU	6, 128	1816	nuc	nuc	1
SER	6, 125	1813	LYS	6, 129	1817	nuc	nuc	0.96
GLN	6, 126	1814	LYS	6, 129	1817	nuc	nuc	1
ILE	6, 127	1815	LYS	6, 129	1817	nuc	nuc	0.98
GLU	6, 128	1816	LYS	6, 129	1817	nuc	nuc	1
PHE	6, 58	1746	GLU	6, 130	1818	nuc	nuc	0.92
HIS	6, 61	1749	GLU	6, 130	1818	nuc	nuc	0.99
LEU	6, 62	1750	GLU	6, 130	1818	nuc	nuc	0.98
LYS	6, 65	1753	GLU	6, 130	1818	nuc	nuc	0.91
GLN	6, 126	1814	GLU	6, 130	1818	nuc	nuc	0.99
ILE	6, 127	1815	GLU	6, 130	1818	nuc	nuc	1
GLU	6, 128	1816	GLU	6, 130	1818	nuc	nuc	0.94
LYS	6, 129	1817	GLU	6, 130	1818	nuc	nuc	1
ILE	6, 127	1815	ARG	6, 131	1819	nuc	nuc	0.99
GLU	6, 128	1816	ARG	6, 131	1819	nuc	nuc	1
LYS	6, 129	1817	ARG	6, 131	1819	nuc	nuc	0.99
GLU	6, 130	1818	ARG	6, 131	1819	nuc	nuc	1
GLU	6, 128	1816	GLY	6, 132	1820	nuc	nuc	0.84
LYS	6, 129	1817	GLY	6, 132	1820	nuc	nuc	0.99
GLU	6, 130	1818	GLY	6, 132	1820	nuc	nuc	1
ARG	6, 131	1819	GLY	6, 132	1820	nuc	nuc	1
HIS	6, 61	1749	VAL	6, 133	1821	nuc	nuc	0.94
LYS	6, 129	1817	VAL	6, 133	1821	nuc	nuc	0.98
GLU	6, 130	1818	VAL	6, 133	1821	nuc	nuc	1
ARG	6, 131	1819	VAL	6, 133	1821	nuc	nuc	0.99
GLY	6, 132	1820	VAL	6, 133	1821	nuc	nuc	1
TYR	6, 57	1745	ILE	6, 134	1822	nuc	nuc	0.91
PHE	6, 58	1746	ILE	6, 134	1822	nuc	nuc	0.98
HIS	6, 61	1749	ILE	6, 134	1822	nuc	nuc	0.98
GLU	6, 130	1818	ILE	6, 134	1822	nuc	nuc	1
ARG	6, 131	1819	ILE	6, 134	1822	nuc	nuc	1
GLY	6, 132	1820	ILE	6, 134	1822	nuc	nuc	1
VAL	6, 133	1821	ILE	6, 134	1822	nuc	nuc	1
ARG	6, 131	1819	LEU	6, 135	1823	nuc	nuc	0.99
GLY	6, 132	1820	LEU	6, 135	1823	nuc	nuc	1
VAL	6, 133	1821	LEU	6, 135	1823	nuc	nuc	0.99
ILE	6, 134	1822	LEU	6, 135	1823	nuc	nuc	1
GLY	6, 132	1820	GLN	6, 136	1824	nuc	nuc	1
VAL	6, 133	1821	GLN	6, 136	1824	nuc	nuc	1
ILE	6, 134	1822	GLN	6, 136	1824	nuc	nuc	0.99
LEU	6, 135	1823	GLN	6, 136	1824	nuc	nuc	1
VAL	6, 133	1821	GLU	6, 137	1825	nuc	nuc	1
ILE	6, 134	1822	GLU	6, 137	1825	nuc	nuc	1
LEU	6, 135	1823	GLU	6, 137	1825	nuc	nuc	0.99
GLN	6, 136	1824	GLU	6, 137	1825	nuc	nuc	1
ILE	6, 134	1822	LEU	6, 138	1826	nuc	nuc	1
LEU	6, 135	1823	LEU	6, 138	1826	nuc	nuc	1
GLN	6, 136	1824	LEU	6, 138	1826	nuc	nuc	0.99
GLU	6, 137	1825	LEU	6, 138	1826	nuc	nuc	1
LEU	6, 135	1823	LYS	6, 139	1827	nuc	nuc	0.96
GLN	6, 136	1824	LYS	6, 139	1827	nuc	nuc	1
GLU	6, 137	1825	LYS	6, 139	1827	nuc	nuc	0.99
LEU	6, 138	1826	LYS	6, 139	1827	nuc	nuc	1
GLN	6, 136	1824	GLU	6, 140	1828	nuc	nuc	0.98
GLU	6, 137	1825	GLU	6, 140	1828	nuc	nuc	1
LEU	6, 138	1826	GLU	6, 140	1828	nuc	nuc	0.99
LYS	6, 139	1827	GLU	6, 140	1828	nuc	nuc	1
GLU	6, 137	1825	MET	6, 141	1829	nuc	nuc	0.99
LEU	6, 138	1826	MET	6, 141	1829	nuc	nuc	0.99
LYS	6, 139	1827	MET	6, 141	1829	nuc	nuc	0.95
GLU	6, 140	1828	MET	6, 141	1829	nuc	nuc	1
LEU	6, 138	1826	ASP	6, 142	1830	nuc	nuc	0.97
LYS	6, 139	1827	ASP	6, 142	1830	nuc	nuc	1
GLU	6, 140	1828	ASP	6, 142	1830	nuc	nuc	0.99
MET	6, 141	1829	ASP	6, 142	1830	nuc	nuc	1
LYS	6, 139	1827	ASN	6, 143	1831	nuc	nuc	0.54
GLU	6, 140	1828	ASN	6, 143	1831	nuc	nuc	0.97
MET	6, 141	1829	ASN	6, 143	1831	nuc	nuc	0.95
ASP	6, 142	1830	ASN	6, 143	1831	nuc	nuc	1
GLU	6, 140	1828	ASP	6, 144	1832	nuc	nuc	0.75
MET	6, 141	1829	ASP	6, 144	1832	nuc	nuc	1
ASP	6, 142	1830	ASP	6, 144	1832	nuc	nuc	0.95
ASN	6, 143	1831	ASP	6, 144	1832	nuc	nuc	1
ASN	6, 143	1831	MET	6, 145	1833	nuc	nuc	0.91
ASP	6, 144	1832	MET	6, 145	1833	nuc	nuc	1
ASP	6, 144	1832	THR	6, 146	1834	nuc	nuc	1
MET	6, 145	1833	THR	6, 146	1834	nuc	nuc	1
MET	6, 141	1829	ASN	6, 147	1835	nuc	nuc	0.99
ASP	6, 144	1832	ASN	6, 147	1835	nuc	nuc	1
MET	6, 145	1833	ASN	6, 147	1835	nuc	nuc	0.94
THR	6, 146	1834	ASN	6, 147	1835	nuc	nuc	1
MET	6, 141	1829	VAL	6, 148	1836	nuc	nuc	0.7
ASP	6, 142	1830	VAL	6, 148	1836	nuc	nuc	0.98
ASP	6, 144	1832	VAL	6, 148	1836	nuc	nuc	0.99
MET	6, 145	1833	VAL	6, 148	1836	nuc	nuc	1
THR	6, 146	1834	VAL	6, 148	1836	nuc	nuc	0.99
ASN	6, 147	1835	VAL	6, 148	1836	nuc	nuc	1
MET	6, 145	1833	THR	6, 149	1837	nuc	nuc	0.99
THR	6, 146	1834	THR	6, 149	1837	nuc	nuc	1
ASN	6, 147	1835	THR	6, 149	1837	nuc	nuc	0.99
VAL	6, 148	1836	THR	6, 149	1837	nuc	nuc	1
THR	6, 146	1834	PHE	6, 150	1838	nuc	nuc	0.99
ASN	6, 147	1835	PHE	6, 150	1838	nuc	nuc	1
VAL	6, 148	1836	PHE	6, 150	1838	nuc	nuc	0.97
THR	6, 149	1837	PHE	6, 150	1838	nuc	nuc	1
ASN	6, 147	1835	ASP	6, 151	1839	nuc	nuc	1
VAL	6, 148	1836	ASP	6, 151	1839	nuc	nuc	1
THR	6, 149	1837	ASP	6, 151	1839	nuc	nuc	0.99
PHE	6, 150	1838	ASP	6, 151	1839	nuc	nuc	1
VAL	6, 148	1836	TYR	6, 152	1840	nuc	nuc	1
THR	6, 149	1837	TYR	6, 152	1840	nuc	nuc	1
PHE	6, 150	1838	TYR	6, 152	1840	nuc	nuc	1
ASP	6, 151	1839	TYR	6, 152	1840	nuc	nuc	1
THR	6, 149	1837	LEU	6, 153	1841	nuc	nuc	1
PHE	6, 150	1838	LEU	6, 153	1841	nuc	nuc	1
ASP	6, 151	1839	LEU	6, 153	1841	nuc	nuc	1
TYR	6, 152	1840	LEU	6, 153	1841	nuc	nuc	1
ARG	6, 92	1780	HIS	6, 154	1842	nuc	nuc	0.52
PHE	6, 150	1838	HIS	6, 154	1842	nuc	nuc	0.99
ASP	6, 151	1839	HIS	6, 154	1842	nuc	nuc	1
TYR	6, 152	1840	HIS	6, 154	1842	nuc	nuc	0.99
LEU	6, 153	1841	HIS	6, 154	1842	nuc	nuc	1
ASP	6, 151	1839	ALA	6, 155	1843	nuc	nuc	1
TYR	6, 152	1840	ALA	6, 155	1843	nuc	nuc	1
LEU	6, 153	1841	ALA	6, 155	1843	nuc	nuc	1
HIS	6, 154	1842	ALA	6, 155	1843	nuc	nuc	1
TYR	6, 152	1840	THR	6, 156	1844	nuc	nuc	1
LEU	6, 153	1841	THR	6, 156	1844	nuc	nuc	1
HIS	6, 154	1842	THR	6, 156	1844	nuc	nuc	0.9
ALA	6, 155	1843	THR	6, 156	1844	nuc	nuc	1
LEU	6, 153	1841	ALA	6, 157	1845	nuc	nuc	1
HIS	6, 154	1842	ALA	6, 157	1845	nuc	nuc	1
ALA	6, 155	1843	ALA	6, 157	1845	nuc	nuc	0.97
THR	6, 156	1844	ALA	6, 157	1845	nuc	nuc	1
HIS	6, 154	1842	PHE	6, 158	1846	nuc	nuc	1
ALA	6, 155	1843	PHE	6, 158	1846	nuc	nuc	0.93
ALA	6, 157	1845	PHE	6, 158	1846	nuc	nuc	1
ALA	6, 155	1843	GLN	6, 159	1847	nuc	nuc	0.97
THR	6, 156	1844	GLN	6, 159	1847	nuc	nuc	1
ALA	6, 157	1845	GLN	6, 159	1847	nuc	nuc	0.98
PHE	6, 158	1846	GLN	6, 159	1847	nuc	nuc	1
PHE	6, 158	1846	GLY	6, 160	1848	nuc	nuc	1
GLN	6, 159	1847	GLY	6, 160	1848	nuc	nuc	1
PHE	6, 158	1846	THR	6, 161	1849	nuc	nuc	1
GLN	6, 159	1847	THR	6, 161	1849	nuc	nuc	0.99
GLY	6, 160	1848	THR	6, 161	1849	nuc	nuc	1
SER	6, 45	1733	ALA	6, 162	1850	nuc	nuc	0.81
ARG	6, 46	1734	ALA	6, 162	1850	nuc	nuc	0.99
TYR	6, 47	1735	ALA	6, 162	1850	nuc	nuc	0.74
GLU	6, 48	1736	ALA	6, 162	1850	nuc	nuc	0.88
ASN	6, 49	1737	ALA	6, 162	1850	nuc	nuc	0.67
THR	6, 161	1849	ALA	6, 162	1850	nuc	nuc	1
ARG	6, 46	1734	LEU	6, 163	1851	nuc	nuc	0.99
ARG	6, 92	1780	LEU	6, 163	1851	nuc	nuc	0.99
HIS	6, 154	1842	LEU	6, 163	1851	nuc	nuc	0.99
PHE	6, 158	1846	LEU	6, 163	1851	nuc	nuc	1
THR	6, 161	1849	LEU	6, 163	1851	nuc	nuc	1
ALA	6, 162	1850	LEU	6, 163	1851	nuc	nuc	1
HIS	6, 154	1842	ALA	6, 164	1852	nuc	nuc	0.99
ALA	6, 155	1843	ALA	6, 164	1852	nuc	nuc	1
THR	6, 156	1844	ALA	6, 164	1852	nuc	nuc	0.53
ALA	6, 157	1845	ALA	6, 164	1852	nuc	nuc	0.74
PHE	6, 158	1846	ALA	6, 164	1852	nuc	nuc	1
GLN	6, 159	1847	ALA	6, 164	1852	nuc	nuc	0.99
GLY	6, 160	1848	ALA	6, 164	1852	nuc	nuc	1
THR	6, 161	1849	ALA	6, 164	1852	nuc	nuc	1
ALA	6, 162	1850	ALA	6, 164	1852	nuc	nuc	0.99
LEU	6, 163	1851	ALA	6, 164	1852	nuc	nuc	1
SER	6, 45	1733	ARG	6, 165	1853	nuc	nuc	0.99
GLU	6, 48	1736	ARG	6, 165	1853	nuc	nuc	0.91
GLU	6, 50	1738	ARG	6, 165	1853	nuc	nuc	0.67
ASN	6, 53	1741	ARG	6, 165	1853	nuc	nuc	1
ALA	6, 155	1843	ARG	6, 165	1853	nuc	nuc	0.56
ALA	6, 162	1850	ARG	6, 165	1853	nuc	nuc	0.98
LEU	6, 163	1851	ARG	6, 165	1853	nuc	nuc	0.95
ALA	6, 164	1852	ARG	6, 165	1853	nuc	nuc	1
SER	6, 45	1733	THR	6, 166	1854	nuc	nuc	0.96
ASN	6, 53	1741	THR	6, 166	1854	nuc	nuc	0.75
ASP	6, 151	1839	THR	6, 166	1854	nuc	nuc	1
HIS	6, 154	1842	THR	6, 166	1854	nuc	nuc	0.65
ALA	6, 155	1843	THR	6, 166	1854	nuc	nuc	0.7
ARG	6, 165	1853	THR	6, 166	1854	nuc	nuc	1
GLY	6, 44	1732	VAL	6, 167	1855	nuc	nuc	0.89
SER	6, 45	1733	VAL	6, 167	1855	nuc	nuc	0.99
GLY	6, 54	1742	VAL	6, 167	1855	nuc	nuc	0.84
TYR	6, 57	1745	VAL	6, 167	1855	nuc	nuc	0.99
THR	6, 90	1778	VAL	6, 167	1855	nuc	nuc	0.99
SER	6, 91	1779	VAL	6, 167	1855	nuc	nuc	0.98
ARG	6, 92	1780	VAL	6, 167	1855	nuc	nuc	0.99
THR	6, 166	1854	VAL	6, 167	1855	nuc	nuc	1
GLY	6, 54	1742	GLU	6, 168	1856	nuc	nuc	0.98
TYR	6, 57	1745	GLU	6, 168	1856	nuc	nuc	1
ILE	6, 134	1822	GLU	6, 168	1856	nuc	nuc	0.85
GLU	6, 137	1825	GLU	6, 168	1856	nuc	nuc	0.69
LEU	6, 138	1826	GLU	6, 168	1856	nuc	nuc	0.99
MET	6, 141	1829	GLU	6, 168	1856	nuc	nuc	0.91
THR	6, 166	1854	GLU	6, 168	1856	nuc	nuc	1
VAL	6, 167	1855	GLU	6, 168	1856	nuc	nuc	1
SER	6, 45	1733	GLY	6, 169	1857	nuc	nuc	0.71
ASN	6, 53	1741	GLY	6, 169	1857	nuc	nuc	1
GLY	6, 54	1742	GLY	6, 169	1857	nuc	nuc	1
TYR	6, 57	1745	GLY	6, 169	1857	nuc	nuc	0.97
ARG	6, 165	1853	GLY	6, 169	1857	nuc	nuc	0.95
THR	6, 166	1854	GLY	6, 169	1857	nuc	nuc	1
VAL	6, 167	1855	GLY	6, 169	1857	nuc	nuc	0.99
GLU	6, 168	1856	GLY	6, 169	1857	nuc	nuc	1
ASN	6, 53	1741	THR	6, 170	1858	nuc	nuc	0.98
GLY	6, 54	1742	THR	6, 170	1858	nuc	nuc	0.7
THR	6, 166	1854	THR	6, 170	1858	nuc	nuc	0.66
GLY	6, 169	1857	THR	6, 170	1858	nuc	nuc	1
LEU	6, 135	1823	THR	6, 171	1859	nuc	nuc	0.95
LEU	6, 138	1826	THR	6, 171	1859	nuc	nuc	0.97
THR	6, 170	1858	THR	6, 171	1859	nuc	nuc	1
THR	6, 170	1858	GLU	6, 172	1860	nuc	nuc	1
THR	6, 171	1859	GLU	6, 172	1860	nuc	nuc	1
LYS	6, 51	1739	ASN	6, 173	1861	nuc	nuc	0.87
ASN	6, 52	1740	ASN	6, 173	1861	nuc	nuc	0.81
ASN	6, 53	1741	ASN	6, 173	1861	nuc	nuc	0.99
GLY	6, 54	1742	ASN	6, 173	1861	nuc	nuc	0.98
GLY	6, 169	1857	ASN	6, 173	1861	nuc	nuc	0.99
THR	6, 170	1858	ASN	6, 173	1861	nuc	nuc	1
THR	6, 171	1859	ASN	6, 173	1861	nuc	nuc	0.95
GLU	6, 172	1860	ASN	6, 173	1861	nuc	nuc	1
GLY	6, 54	1742	ILE	6, 174	1862	nuc	nuc	0.98
PHE	6, 58	1746	ILE	6, 174	1862	nuc	nuc	0.91
ARG	6, 131	1819	ILE	6, 174	1862	nuc	nuc	0.98
ILE	6, 134	1822	ILE	6, 174	1862	nuc	nuc	0.99
LEU	6, 135	1823	ILE	6, 174	1862	nuc	nuc	0.98
LEU	6, 138	1826	ILE	6, 174	1862	nuc	nuc	0.84
GLY	6, 169	1857	ILE	6, 174	1862	nuc	nuc	0.99
THR	6, 170	1858	ILE	6, 174	1862	nuc	nuc	0.98
THR	6, 171	1859	ILE	6, 174	1862	nuc	nuc	1
GLU	6, 172	1860	ILE	6, 174	1862	nuc	nuc	0.96
ASN	6, 173	1861	ILE	6, 174	1862	nuc	nuc	1
ARG	6, 131	1819	LYS	6, 175	1863	nuc	nuc	0.9
LEU	6, 135	1823	LYS	6, 175	1863	nuc	nuc	0.79
THR	6, 171	1859	LYS	6, 175	1863	nuc	nuc	0.98
GLU	6, 172	1860	LYS	6, 175	1863	nuc	nuc	0.99
ASN	6, 173	1861	LYS	6, 175	1863	nuc	nuc	0.98
ILE	6, 174	1862	LYS	6, 175	1863	nuc	nuc	1
GLU	6, 172	1860	HIS	6, 176	1864	nuc	nuc	0.96
ASN	6, 173	1861	HIS	6, 176	1864	nuc	nuc	0.98
ILE	6, 174	1862	HIS	6, 176	1864	nuc	nuc	0.78
LYS	6, 175	1863	HIS	6, 176	1864	nuc	nuc	1
ASN	6, 52	1740	LEU	6, 177	1865	nuc	nuc	0.75
GLY	6, 54	1742	LEU	6, 177	1865	nuc	nuc	0.91
ALA	6, 55	1743	LEU	6, 177	1865	nuc	nuc	0.97
PHE	6, 58	1746	LEU	6, 177	1865	nuc	nuc	0.97
ARG	6, 131	1819	LEU	6, 177	1865	nuc	nuc	0.54
ASN	6, 173	1861	LEU	6, 177	1865	nuc	nuc	0.98
ILE	6, 174	1862	LEU	6, 177	1865	nuc	nuc	0.99
LYS	6, 175	1863	LEU	6, 177	1865	nuc	nuc	0.75
HIS	6, 176	1864	LEU	6, 177	1865	nuc	nuc	1
HIS	6, 176	1864	THR	6, 178	1866	nuc	nuc	0.91
LEU	6, 177	1865	THR	6, 178	1866	nuc	nuc	1
LEU	6, 122	1810	ARG	6, 179	1867	nuc	nuc	0.98
GLU	6, 124	1812	ARG	6, 179	1867	nuc	nuc	0.96
ILE	6, 127	1815	ARG	6, 179	1867	nuc	nuc	0.98
THR	6, 178	1866	ARG	6, 179	1867	nuc	nuc	1
THR	6, 178	1866	ALA	6, 180	1868	nuc	nuc	0.99
ARG	6, 179	1867	ALA	6, 180	1868	nuc	nuc	1
ASN	6, 52	1740	ASP	6, 181	1869	nuc	nuc	0.96
ALA	6, 55	1743	ASP	6, 181	1869	nuc	nuc	0.98
LEU	6, 177	1865	ASP	6, 181	1869	nuc	nuc	0.99
THR	6, 178	1866	ASP	6, 181	1869	nuc	nuc	0.99
ARG	6, 179	1867	ASP	6, 181	1869	nuc	nuc	0.96
ALA	6, 180	1868	ASP	6, 181	1869	nuc	nuc	1
ALA	6, 55	1743	LEU	6, 182	1870	nuc	nuc	0.98
PHE	6, 58	1746	LEU	6, 182	1870	nuc	nuc	0.98
VAL	6, 59	1747	LEU	6, 182	1870	nuc	nuc	0.98
LEU	6, 62	1750	LEU	6, 182	1870	nuc	nuc	0.91
LEU	6, 122	1810	LEU	6, 182	1870	nuc	nuc	0.95
ILE	6, 127	1815	LEU	6, 182	1870	nuc	nuc	0.79
LEU	6, 177	1865	LEU	6, 182	1870	nuc	nuc	0.97
THR	6, 178	1866	LEU	6, 182	1870	nuc	nuc	0.9
ARG	6, 179	1867	LEU	6, 182	1870	nuc	nuc	0.99
ALA	6, 180	1868	LEU	6, 182	1870	nuc	nuc	0.98
ASP	6, 181	1869	LEU	6, 182	1870	nuc	nuc	1
LEU	6, 122	1810	ALA	6, 183	1871	nuc	nuc	0.94
ARG	6, 179	1867	ALA	6, 183	1871	nuc	nuc	0.99
ALA	6, 180	1868	ALA	6, 183	1871	nuc	nuc	0.99
ASP	6, 181	1869	ALA	6, 183	1871	nuc	nuc	0.98
LEU	6, 182	1870	ALA	6, 183	1871	nuc	nuc	1
ALA	6, 180	1868	SER	6, 184	1872	nuc	nuc	0.99
ASP	6, 181	1869	SER	6, 184	1872	nuc	nuc	1
LEU	6, 182	1870	SER	6, 184	1872	nuc	nuc	0.99
ALA	6, 183	1871	SER	6, 184	1872	nuc	nuc	1
GLU	6, 48	1736	TYR	6, 185	1873	nuc	nuc	0.66
ASN	6, 52	1740	TYR	6, 185	1873	nuc	nuc	0.93
ALA	6, 55	1743	TYR	6, 185	1873	nuc	nuc	1
GLY	6, 56	1744	TYR	6, 185	1873	nuc	nuc	0.99
VAL	6, 59	1747	TYR	6, 185	1873	nuc	nuc	0.98
ASP	6, 181	1869	TYR	6, 185	1873	nuc	nuc	0.98
LEU	6, 182	1870	TYR	6, 185	1873	nuc	nuc	1
ALA	6, 183	1871	TYR	6, 185	1873	nuc	nuc	0.99
SER	6, 184	1872	TYR	6, 185	1873	nuc	nuc	1
VAL	6, 59	1747	ILE	6, 186	1874	nuc	nuc	0.99
CYS	6, 120	1808	ILE	6, 186	1874	nuc	nuc	0.94
LEU	6, 182	1870	ILE	6, 186	1874	nuc	nuc	0.98
ALA	6, 183	1871	ILE	6, 186	1874	nuc	nuc	0.99
SER	6, 184	1872	ILE	6, 186	1874	nuc	nuc	0.96
TYR	6, 185	1873	ILE	6, 186	1874	nuc	nuc	1
ALA	6, 183	1871	ASP	6, 187	1875	nuc	nuc	0.99
SER	6, 184	1872	ASP	6, 187	1875	nuc	nuc	0.99
TYR	6, 185	1873	ASP	6, 187	1875	nuc	nuc	0.96
ILE	6, 186	1874	ASP	6, 187	1875	nuc	nuc	1
SER	6, 184	1872	THR	6, 188	1876	nuc	nuc	0.99
TYR	6, 185	1873	THR	6, 188	1876	nuc	nuc	0.99
ILE	6, 186	1874	THR	6, 188	1876	nuc	nuc	0.91
ASP	6, 187	1875	THR	6, 188	1876	nuc	nuc	1
ILE	6, 41	1729	HIS	6, 189	1877	nuc	nuc	0.92
GLY	6, 42	1730	HIS	6, 189	1877	nuc	nuc	0.81
ALA	6, 43	1731	HIS	6, 189	1877	nuc	nuc	1
GLY	6, 44	1732	HIS	6, 189	1877	nuc	nuc	0.77
TYR	6, 47	1735	HIS	6, 189	1877	nuc	nuc	0.98
TYR	6, 185	1873	HIS	6, 189	1877	nuc	nuc	0.99
ILE	6, 186	1874	HIS	6, 189	1877	nuc	nuc	0.98
THR	6, 188	1876	HIS	6, 189	1877	nuc	nuc	1
ILE	6, 41	1729	PHE	6, 190	1878	nuc	nuc	0.99
ALA	6, 43	1731	PHE	6, 190	1878	nuc	nuc	0.9
VAL	6, 117	1805	PHE	6, 190	1878	nuc	nuc	0.97
GLN	6, 118	1806	PHE	6, 190	1878	nuc	nuc	0.52
ILE	6, 186	1874	PHE	6, 190	1878	nuc	nuc	0.99
ASP	6, 187	1875	PHE	6, 190	1878	nuc	nuc	0.93
HIS	6, 189	1877	PHE	6, 190	1878	nuc	nuc	1
THR	6, 188	1876	LYS	6, 191	1879	nuc	nuc	0.6
HIS	6, 189	1877	LYS	6, 191	1879	nuc	nuc	0.98
PHE	6, 190	1878	LYS	6, 191	1879	nuc	nuc	1
LEU	6, 19	1707	ALA	6, 192	1880	nuc	nuc	0.63
ASN	6, 21	1709	ALA	6, 192	1880	nuc	nuc	0.98
GLY	6, 22	1710	ALA	6, 192	1880	nuc	nuc	0.98
LEU	6, 23	1711	ALA	6, 192	1880	nuc	nuc	0.98
LYS	6, 191	1879	ALA	6, 192	1880	nuc	nuc	1
ASN	6, 21	1709	PRO	6, 193	1881	nuc	nuc	0.61
GLY	6, 22	1710	PRO	6, 193	1881	nuc	nuc	0.99
LEU	6, 23	1711	PRO	6, 193	1881	nuc	nuc	0.81
LYS	6, 191	1879	PRO	6, 193	1881	nuc	nuc	0.99
ALA	6, 192	1880	PRO	6, 193	1881	nuc	nuc	1
ILE	6, 41	1729	ARG	6, 194	1882	nuc	nuc	0.99
GLY	6, 42	1730	ARG	6, 194	1882	nuc	nuc	1
ALA	6, 43	1731	ARG	6, 194	1882	nuc	nuc	0.96
HIS	6, 189	1877	ARG	6, 194	1882	nuc	nuc	0.94
PHE	6, 190	1878	ARG	6, 194	1882	nuc	nuc	0.69
LYS	6, 191	1879	ARG	6, 194	1882	nuc	nuc	0.99
ALA	6, 192	1880	ARG	6, 194	1882	nuc	nuc	0.97
PRO	6, 193	1881	ARG	6, 194	1882	nuc	nuc	1
LEU	6, 23	1711	MET	6, 195	1883	nuc	nuc	0.99
ARG	6, 24	1712	MET	6, 195	1883	nuc	nuc	0.71
VAL	6, 39	1727	MET	6, 195	1883	nuc	nuc	1
TRP	6, 40	1728	MET	6, 195	1883	nuc	nuc	0.97
ILE	6, 41	1729	MET	6, 195	1883	nuc	nuc	1
GLY	6, 42	1730	MET	6, 195	1883	nuc	nuc	0.89
VAL	6, 117	1805	MET	6, 195	1883	nuc	nuc	0.84
PHE	6, 190	1878	MET	6, 195	1883	nuc	nuc	0.96
LYS	6, 191	1879	MET	6, 195	1883	nuc	nuc	0.96
ALA	6, 192	1880	MET	6, 195	1883	nuc	nuc	0.99
PRO	6, 193	1881	MET	6, 195	1883	nuc	nuc	0.94
ARG	6, 194	1882	MET	6, 195	1883	nuc	nuc	1
LEU	6, 23	1711	VAL	6, 196	1884	nuc	nuc	0.91
ARG	6, 24	1712	VAL	6, 196	1884	nuc	nuc	1
VAL	6, 25	1713	VAL	6, 196	1884	nuc	nuc	0.66
ALA	6, 26	1714	VAL	6, 196	1884	nuc	nuc	0.98
VAL	6, 39	1727	VAL	6, 196	1884	nuc	nuc	0.99
TRP	6, 40	1728	VAL	6, 196	1884	nuc	nuc	1
ILE	6, 41	1729	VAL	6, 196	1884	nuc	nuc	0.57
MET	6, 195	1883	VAL	6, 196	1884	nuc	nuc	1
LEU	6, 23	1711	LEU	6, 197	1885	nuc	nuc	0.99
ARG	6, 24	1712	LEU	6, 197	1885	nuc	nuc	0.98
VAL	6, 25	1713	LEU	6, 197	1885	nuc	nuc	1
ALA	6, 26	1714	LEU	6, 197	1885	nuc	nuc	0.96
VAL	6, 37	1725	LEU	6, 197	1885	nuc	nuc	0.92
GLY	6, 38	1726	LEU	6, 197	1885	nuc	nuc	1
VAL	6, 39	1727	LEU	6, 197	1885	nuc	nuc	1
VAL	6, 110	1798	LEU	6, 197	1885	nuc	nuc	0.76
LEU	6, 113	1801	LEU	6, 197	1885	nuc	nuc	0.65
MET	6, 195	1883	LEU	6, 197	1885	nuc	nuc	0.99
VAL	6, 196	1884	LEU	6, 197	1885	nuc	nuc	1
ALA	6, 26	1714	ALA	6, 198	1886	nuc	nuc	1
SER	6, 27	1715	ALA	6, 198	1886	nuc	nuc	0.93
VAL	6, 37	1725	ALA	6, 198	1886	nuc	nuc	0.94
GLY	6, 38	1726	ALA	6, 198	1886	nuc	nuc	1
VAL	6, 39	1727	ALA	6, 198	1886	nuc	nuc	0.73
TRP	6, 40	1728	ALA	6, 198	1886	nuc	nuc	0.99
VAL	6, 196	1884	ALA	6, 198	1886	nuc	nuc	1
LEU	6, 197	1885	ALA	6, 198	1886	nuc	nuc	1
ALA	6, 26	1714	ALA	6, 199	1887	nuc	nuc	0.88
SER	6, 27	1715	ALA	6, 199	1887	nuc	nuc	1
GLU	6, 28	1716	ALA	6, 199	1887	nuc	nuc	0.77
CYS	6, 35	1723	ALA	6, 199	1887	nuc	nuc	0.99
THR	6, 36	1724	ALA	6, 199	1887	nuc	nuc	0.98
VAL	6, 37	1725	ALA	6, 199	1887	nuc	nuc	1
GLY	6, 38	1726	ALA	6, 199	1887	nuc	nuc	0.99
MET	6, 106	1794	ALA	6, 199	1887	nuc	nuc	0.81
LEU	6, 197	1885	ALA	6, 199	1887	nuc	nuc	0.99
ALA	6, 198	1886	ALA	6, 199	1887	nuc	nuc	1
SER	6, 27	1715	ALA	6, 200	1888	nuc	nuc	0.97
GLU	6, 28	1716	ALA	6, 200	1888	nuc	nuc	1
SER	6, 30	1718	ALA	6, 200	1888	nuc	nuc	0.94
CYS	6, 35	1723	ALA	6, 200	1888	nuc	nuc	0.97
THR	6, 36	1724	ALA	6, 200	1888	nuc	nuc	1
ALA	6, 198	1886	ALA	6, 200	1888	nuc	nuc	0.99
ALA	6, 199	1887	ALA	6, 200	1888	nuc	nuc	1
GLU	6, 28	1716	GLY	6, 201	1889	nuc	nuc	0.96
GLU	6, 29	1717	GLY	6, 201	1889	nuc	nuc	0.97
SER	6, 30	1718	GLY	6, 201	1889	nuc	nuc	0.99
GLN	6, 32	1720	GLY	6, 201	1889	nuc	nuc	0.99
THR	6, 34	1722	GLY	6, 201	1889	nuc	nuc	0.97
CYS	6, 35	1723	GLY	6, 201	1889	nuc	nuc	1
THR	6, 36	1724	GLY	6, 201	1889	nuc	nuc	0.95
SER	6, 103	1791	GLY	6, 201	1889	nuc	nuc	0.97
ALA	6, 199	1887	GLY	6, 201	1889	nuc	nuc	1
ALA	6, 200	1888	GLY	6, 201	1889	nuc	nuc	1
GLU	6, 29	1717	GLY	6, 202	1890	nuc	nuc	0.99
SER	6, 30	1718	GLY	6, 202	1890	nuc	nuc	0.99
SER	6, 31	1719	GLY	6, 202	1890	nuc	nuc	0.97
GLN	6, 32	1720	GLY	6, 202	1890	nuc	nuc	0.99
PRO	6, 33	1721	GLY	6, 202	1890	nuc	nuc	0.86
THR	6, 34	1722	GLY	6, 202	1890	nuc	nuc	0.57
CYS	6, 35	1723	GLY	6, 202	1890	nuc	nuc	0.99
SER	6, 103	1791	GLY	6, 202	1890	nuc	nuc	0.99
GLY	6, 201	1889	GLY	6, 202	1890	nuc	nuc	1
SER	6, 27	1715	ILE	6, 203	1891	nuc	nuc	0.97
GLU	6, 29	1717	ILE	6, 203	1891	nuc	nuc	0.98
CYS	6, 35	1723	ILE	6, 203	1891	nuc	nuc	0.99
VAL	6, 37	1725	ILE	6, 203	1891	nuc	nuc	0.65
SER	6, 103	1791	ILE	6, 203	1891	nuc	nuc	0.98
MET	6, 106	1794	ILE	6, 203	1891	nuc	nuc	0.98
ALA	6, 199	1887	ILE	6, 203	1891	nuc	nuc	0.98
ALA	6, 200	1888	ILE	6, 203	1891	nuc	nuc	0.67
GLY	6, 201	1889	ILE	6, 203	1891	nuc	nuc	1
GLY	6, 202	1890	ILE	6, 203	1891	nuc	nuc	1
GLU	6, 29	1717	SER	6, 204	1892	nuc	nuc	0.97
GLY	6, 202	1890	SER	6, 204	1892	nuc	nuc	0.83
ILE	6, 203	1891	SER	6, 204	1892	nuc	nuc	1
ASN	6, 15	1703	HIS	6, 205	1893	nuc	nuc	0.99
THR	6, 17	1705	HIS	6, 205	1893	nuc	nuc	0.9
SER	6, 27	1715	HIS	6, 205	1893	nuc	nuc	0.99
GLU	6, 29	1717	HIS	6, 205	1893	nuc	nuc	0.97
ILE	6, 203	1891	HIS	6, 205	1893	nuc	nuc	0.85
SER	6, 204	1892	HIS	6, 205	1893	nuc	nuc	1
SER	6, 204	1892	LYS	6, 206	1894	nuc	nuc	1
HIS	6, 205	1893	LYS	6, 206	1894	nuc	nuc	1
MET	6, 106	1794	GLU	6, 207	1895	nuc	nuc	0.87
PRO	6, 107	1795	GLU	6, 207	1895	nuc	nuc	0.72
ILE	6, 203	1891	GLU	6, 207	1895	nuc	nuc	0.95
SER	6, 204	1892	GLU	6, 207	1895	nuc	nuc	1
HIS	6, 205	1893	GLU	6, 207	1895	nuc	nuc	0.95
LYS	6, 206	1894	GLU	6, 207	1895	nuc	nuc	1
VAL	6, 25	1713	LEU	6, 208	1896	nuc	nuc	0.99
SER	6, 27	1715	LEU	6, 208	1896	nuc	nuc	0.99
VAL	6, 37	1725	LEU	6, 208	1896	nuc	nuc	0.6
MET	6, 106	1794	LEU	6, 208	1896	nuc	nuc	0.91
VAL	6, 110	1798	LEU	6, 208	1896	nuc	nuc	0.89
LEU	6, 197	1885	LEU	6, 208	1896	nuc	nuc	0.72
ALA	6, 199	1887	LEU	6, 208	1896	nuc	nuc	0.99
ILE	6, 203	1891	LEU	6, 208	1896	nuc	nuc	0.98
SER	6, 204	1892	LEU	6, 208	1896	nuc	nuc	0.98
HIS	6, 205	1893	LEU	6, 208	1896	nuc	nuc	1
LYS	6, 206	1894	LEU	6, 208	1896	nuc	nuc	0.98
GLU	6, 207	1895	LEU	6, 208	1896	nuc	nuc	1
THR	6, 17	1705	VAL	6, 209	1897	nuc	nuc	0.98
LEU	6, 19	1707	VAL	6, 209	1897	nuc	nuc	0.68
VAL	6, 25	1713	VAL	6, 209	1897	nuc	nuc	0.99
HIS	6, 205	1893	VAL	6, 209	1897	nuc	nuc	0.99
LYS	6, 206	1894	VAL	6, 209	1897	nuc	nuc	0.99
GLU	6, 207	1895	VAL	6, 209	1897	nuc	nuc	0.95
LEU	6, 208	1896	VAL	6, 209	1897	nuc	nuc	1
LYS	6, 206	1894	ASP	6, 210	1898	nuc	nuc	0.97
GLU	6, 207	1895	ASP	6, 210	1898	nuc	nuc	0.99
LEU	6, 208	1896	ASP	6, 210	1898	nuc	nuc	0.98
VAL	6, 209	1897	ASP	6, 210	1898	nuc	nuc	1
MET	6, 106	1794	ALA	6, 211	1899	nuc	nuc	0.87
PRO	6, 107	1795	ALA	6, 211	1899	nuc	nuc	0.99
VAL	6, 110	1798	ALA	6, 211	1899	nuc	nuc	0.99
GLU	6, 111	1799	ALA	6, 211	1899	nuc	nuc	0.68
GLU	6, 207	1895	ALA	6, 211	1899	nuc	nuc	0.98
LEU	6, 208	1896	ALA	6, 211	1899	nuc	nuc	1
VAL	6, 209	1897	ALA	6, 211	1899	nuc	nuc	0.98
ASP	6, 210	1898	ALA	6, 211	1899	nuc	nuc	1
LEU	6, 19	1707	ALA	6, 212	1900	nuc	nuc	0.94
LEU	6, 23	1711	ALA	6, 212	1900	nuc	nuc	0.91
VAL	6, 25	1713	ALA	6, 212	1900	nuc	nuc	0.99
VAL	6, 110	1798	ALA	6, 212	1900	nuc	nuc	0.97
LEU	6, 197	1885	ALA	6, 212	1900	nuc	nuc	0.98
LEU	6, 208	1896	ALA	6, 212	1900	nuc	nuc	0.99
VAL	6, 209	1897	ALA	6, 212	1900	nuc	nuc	1
ASP	6, 210	1898	ALA	6, 212	1900	nuc	nuc	0.98
ALA	6, 211	1899	ALA	6, 212	1900	nuc	nuc	1
LEU	6, 19	1707	ARG	6, 213	1901	nuc	nuc	0.95
VAL	6, 209	1897	ARG	6, 213	1901	nuc	nuc	0.98
ASP	6, 210	1898	ARG	6, 213	1901	nuc	nuc	0.99
ALA	6, 211	1899	ARG	6, 213	1901	nuc	nuc	0.97
ALA	6, 212	1900	ARG	6, 213	1901	nuc	nuc	1
ASP	6, 210	1898	GLN	6, 214	1902	nuc	nuc	0.94
ALA	6, 211	1899	GLN	6, 214	1902	nuc	nuc	0.97
ALA	6, 212	1900	GLN	6, 214	1902	nuc	nuc	0.97
ARG	6, 213	1901	GLN	6, 214	1902	nuc	nuc	1
VAL	6, 110	1798	HIS	6, 215	1903	nuc	nuc	0.95
GLU	6, 111	1799	HIS	6, 215	1903	nuc	nuc	0.97
ALA	6, 114	1802	HIS	6, 215	1903	nuc	nuc	0.99
ALA	6, 211	1899	HIS	6, 215	1903	nuc	nuc	0.94
ALA	6, 212	1900	HIS	6, 215	1903	nuc	nuc	0.97
GLN	6, 214	1902	HIS	6, 215	1903	nuc	nuc	1
LEU	6, 19	1707	PHE	6, 216	1904	nuc	nuc	0.74
ASN	6, 21	1709	PHE	6, 216	1904	nuc	nuc	0.7
LEU	6, 23	1711	PHE	6, 216	1904	nuc	nuc	0.93
ALA	6, 114	1802	PHE	6, 216	1904	nuc	nuc	0.98
ALA	6, 192	1880	PHE	6, 216	1904	nuc	nuc	0.7
LEU	6, 197	1885	PHE	6, 216	1904	nuc	nuc	0.85
ALA	6, 212	1900	PHE	6, 216	1904	nuc	nuc	0.97
ARG	6, 213	1901	PHE	6, 216	1904	nuc	nuc	0.9
HIS	6, 215	1903	PHE	6, 216	1904	nuc	nuc	1
ASN	6, 21	1709	SER	6, 217	1905	nuc	nuc	0.78
ARG	6, 213	1901	SER	6, 217	1905	nuc	nuc	0.86
GLN	6, 214	1902	SER	6, 217	1905	nuc	nuc	0.81
HIS	6, 215	1903	SER	6, 217	1905	nuc	nuc	0.84
PHE	6, 216	1904	SER	6, 217	1905	nuc	nuc	1
ASN	6, 21	1709	GLY	6, 218	1906	nuc	nuc	0.85
GLN	6, 118	1806	GLY	6, 218	1906	nuc	nuc	0.53
PHE	6, 216	1904	GLY	6, 218	1906	nuc	nuc	0.98
SER	6, 217	1905	GLY	6, 218	1906	nuc	nuc	1
ASN	6, 21	1709	VAL	6, 219	1907	nuc	nuc	0.84
LEU	6, 23	1711	VAL	6, 219	1907	nuc	nuc	0.66
VAL	6, 117	1805	VAL	6, 219	1907	nuc	nuc	0.53
GLN	6, 118	1806	VAL	6, 219	1907	nuc	nuc	0.83
PHE	6, 190	1878	VAL	6, 219	1907	nuc	nuc	0.53
LYS	6, 191	1879	VAL	6, 219	1907	nuc	nuc	0.8
ALA	6, 192	1880	VAL	6, 219	1907	nuc	nuc	0.88
MET	6, 195	1883	VAL	6, 219	1907	nuc	nuc	0.63
PHE	6, 216	1904	VAL	6, 219	1907	nuc	nuc	0.76
SER	6, 217	1905	VAL	6, 219	1907	nuc	nuc	0.78
GLY	6, 218	1906	VAL	6, 219	1907	nuc	nuc	1
ASN	6, 21	1709	SER	6, 220	1908	nuc	nuc	0.58
LYS	6, 191	1879	SER	6, 220	1908	nuc	nuc	0.91
ALA	6, 192	1880	SER	6, 220	1908	nuc	nuc	0.92
GLY	6, 218	1906	SER	6, 220	1908	nuc	nuc	0.93
VAL	6, 219	1907	SER	6, 220	1908	nuc	nuc	1
ASN	6, 21	1709	PHE	6, 221	1909	nuc	nuc	0.69
GLY	6, 22	1710	PHE	6, 221	1909	nuc	nuc	0.65
LYS	6, 191	1879	PHE	6, 221	1909	nuc	nuc	0.74
ALA	6, 192	1880	PHE	6, 221	1909	nuc	nuc	0.73
PRO	6, 193	1881	PHE	6, 221	1909	nuc	nuc	0.67
VAL	6, 219	1907	PHE	6, 221	1909	nuc	nuc	0.8
SER	6, 220	1908	PHE	6, 221	1909	nuc	nuc	1
SER	6, 220	1908	THR	6, 222	1910	nuc	nuc	0.84
PHE	6, 221	1909	THR	6, 222	1910	nuc	nuc	1
LYS	6, 191	1879	TYR	6, 223	1911	nuc	nuc	0.64
PHE	6, 221	1909	TYR	6, 223	1911	nuc	nuc	0.61
THR	6, 222	1910	TYR	6, 223	1911	nuc	nuc	1
THR	6, 222	1910	LYS	6, 224	1912	nuc	nuc	0.68
TYR	6, 223	1911	LYS	6, 224	1912	nuc	nuc	1
TYR	6, 223	1911	GLU	6, 225	1913	nuc	nuc	0.84
LYS	6, 224	1912	GLU	6, 225	1913	nuc	nuc	1
TYR	6, 223	1911	ASP	6, 226	1914	nuc	nuc	0.67
LYS	6, 224	1912	ASP	6, 226	1914	nuc	nuc	0.57
GLU	6, 225	1913	ASP	6, 226	1914	nuc	nuc	1
TYR	6, 223	1911	ALA	6, 227	1915	nuc	nuc	0.68
LYS	6, 224	1912	ALA	6, 227	1915	nuc	nuc	0.54
GLU	6, 225	1913	ALA	6, 227	1915	nuc	nuc	0.68
ASP	6, 226	1914	ALA	6, 227	1915	nuc	nuc	1
PRO	6, 193	1881	VAL	6, 228	1916	nuc	nuc	0.73
ARG	6, 194	1882	VAL	6, 228	1916	nuc	nuc	0.67
ALA	6, 227	1915	VAL	6, 228	1916	nuc	nuc	1
ALA	6, 227	1915	PRO	6, 229	1917	nuc	nuc	0.73
VAL	6, 228	1916	PRO	6, 229	1917	nuc	nuc	1
VAL	6, 228	1916	ILE	6, 230	1918	nuc	nuc	0.8
PRO	6, 229	1917	ILE	6, 230	1918	nuc	nuc	1
ARG	6, 46	1734	LEU	6, 231	1919	nuc	nuc	0.9
TYR	6, 47	1735	LEU	6, 231	1919	nuc	nuc	0.81
ALA	6, 162	1850	LEU	6, 231	1919	nuc	nuc	0.58
PRO	6, 229	1917	LEU	6, 231	1919	nuc	nuc	0.9
ILE	6, 230	1918	LEU	6, 231	1919	nuc	nuc	1
THR	6, 161	1849	PRO	6, 232	1920	nuc	nuc	0.53
ALA	6, 162	1850	PRO	6, 232	1920	nuc	nuc	0.76
ILE	6, 230	1918	PRO	6, 232	1920	nuc	nuc	0.56
LEU	6, 231	1919	PRO	6, 232	1920	nuc	nuc	1
LEU	6, 231	1919	ARG	6, 233	1921	nuc	nuc	0.66
PRO	6, 232	1920	ARG	6, 233	1921	nuc	nuc	1
PHE	6, 158	1846	CYS	6, 234	1922	nuc	nuc	1
THR	6, 161	1849	CYS	6, 234	1922	nuc	nuc	0.99
ALA	6, 162	1850	CYS	6, 234	1922	nuc	nuc	0.96
LEU	6, 163	1851	CYS	6, 234	1922	nuc	nuc	0.99
PRO	6, 232	1920	CYS	6, 234	1922	nuc	nuc	0.96
ARG	6, 233	1921	CYS	6, 234	1922	nuc	nuc	1
PHE	6, 158	1846	ARG	6, 235	1923	nuc	nuc	0.96
GLY	6, 160	1848	ARG	6, 235	1923	nuc	nuc	0.68
THR	6, 161	1849	ARG	6, 235	1923	nuc	nuc	0.99
ARG	6, 233	1921	ARG	6, 235	1923	nuc	nuc	0.96
CYS	6, 234	1922	ARG	6, 235	1923	nuc	nuc	1
ALA	6, 157	1845	PHE	6, 236	1924	nuc	nuc	1
PHE	6, 158	1846	PHE	6, 236	1924	nuc	nuc	0.99
CYS	6, 234	1922	PHE	6, 236	1924	nuc	nuc	0.96
ARG	6, 235	1923	PHE	6, 236	1924	nuc	nuc	1
THR	6, 156	1844	THR	6, 237	1925	nuc	nuc	0.85
ALA	6, 157	1845	THR	6, 237	1925	nuc	nuc	0.98
PHE	6, 158	1846	THR	6, 237	1925	nuc	nuc	0.9
GLN	6, 159	1847	THR	6, 237	1925	nuc	nuc	1
ARG	6, 235	1923	THR	6, 237	1925	nuc	nuc	1
PHE	6, 236	1924	THR	6, 237	1925	nuc	nuc	1
THR	6, 156	1844	GLY	6, 238	1926	nuc	nuc	0.64
ALA	6, 157	1845	GLY	6, 238	1926	nuc	nuc	0.95
PHE	6, 236	1924	GLY	6, 238	1926	nuc	nuc	1
THR	6, 237	1925	GLY	6, 238	1926	nuc	nuc	1
THR	6, 156	1844	SER	6, 239	1927	nuc	nuc	1
ALA	6, 157	1845	SER	6, 239	1927	nuc	nuc	0.94
GLN	6, 159	1847	SER	6, 239	1927	nuc	nuc	0.99
THR	6, 237	1925	SER	6, 239	1927	nuc	nuc	1
GLY	6, 238	1926	SER	6, 239	1927	nuc	nuc	1
THR	6, 156	1844	GLU	6, 240	1928	nuc	nuc	0.99
GLY	6, 238	1926	GLU	6, 240	1928	nuc	nuc	0.82
SER	6, 239	1927	GLU	6, 240	1928	nuc	nuc	1
TYR	6, 152	1840	ILE	6, 241	1929	nuc	nuc	1
LEU	6, 153	1841	ILE	6, 241	1929	nuc	nuc	0.59
ALA	6, 155	1843	ILE	6, 241	1929	nuc	nuc	0.97
THR	6, 156	1844	ILE	6, 241	1929	nuc	nuc	1
SER	6, 239	1927	ILE	6, 241	1929	nuc	nuc	0.99
GLU	6, 240	1928	ILE	6, 241	1929	nuc	nuc	1
GLU	6, 240	1928	ARG	6, 242	1930	nuc	nuc	1
ILE	6, 241	1929	ARG	6, 242	1930	nuc	nuc	1
TYR	6, 152	1840	ALA	6, 243	1931	nuc	nuc	0.99
ILE	6, 241	1929	ALA	6, 243	1931	nuc	nuc	1
ARG	6, 242	1930	ALA	6, 243	1931	nuc	nuc	1
ARG	6, 242	1930	ARG	6, 244	1932	nuc	nuc	1
ALA	6, 243	1931	ARG	6, 244	1932	nuc	nuc	1
ALA	6, 243	1931	ASP	6, 245	1933	nuc	nuc	1
ARG	6, 244	1932	ASP	6, 245	1933	nuc	nuc	1
ARG	6, 244	1932	ASP	6, 246	1934	nuc	nuc	1
ASP	6, 245	1933	ASP	6, 246	1934	nuc	nuc	1
ASP	6, 245	1933	ALA	6, 247	1935	nuc	nuc	1
ASP	6, 246	1934	ALA	6, 247	1935	nuc	nuc	1
MET	6, 145	1833	LEU	6, 248	1936	nuc	nuc	0.87
ASP	6, 245	1933	LEU	6, 248	1936	nuc	nuc	1
ASP	6, 246	1934	LEU	6, 248	1936	nuc	nuc	0.97
ALA	6, 247	1935	LEU	6, 248	1936	nuc	nuc	1
LEU	6, 248	1936	PRO	6, 249	1937	nuc	nuc	1
LEU	6, 248	1936	VAL	6, 250	1938	nuc	nuc	0.99
PRO	6, 249	1937	VAL	6, 250	1938	nuc	nuc	1
LEU	6, 248	1936	ALA	6, 251	1939	nuc	nuc	0.88
VAL	6, 250	1938	ALA	6, 251	1939	nuc	nuc	1
MET	6, 145	1833	HIS	6, 252	1940	nuc	nuc	1
THR	6, 146	1834	HIS	6, 252	1940	nuc	nuc	0.98
VAL	6, 148	1836	HIS	6, 252	1940	nuc	nuc	0.69
THR	6, 149	1837	HIS	6, 252	1940	nuc	nuc	1
VAL	6, 250	1938	HIS	6, 252	1940	nuc	nuc	0.99
ALA	6, 251	1939	HIS	6, 252	1940	nuc	nuc	1
THR	6, 149	1837	VAL	6, 253	1941	nuc	nuc	0.88
ALA	6, 251	1939	VAL	6, 253	1941	nuc	nuc	1
HIS	6, 252	1940	VAL	6, 253	1941	nuc	nuc	1
THR	6, 149	1837	ALA	6, 254	1942	nuc	nuc	1
PHE	6, 150	1838	ALA	6, 254	1942	nuc	nuc	0.99
LEU	6, 153	1841	ALA	6, 254	1942	nuc	nuc	1
HIS	6, 252	1940	ALA	6, 254	1942	nuc	nuc	0.99
VAL	6, 253	1941	ALA	6, 254	1942	nuc	nuc	1
VAL	6, 253	1941	LEU	6, 255	1943	nuc	nuc	1
ALA	6, 254	1942	LEU	6, 255	1943	nuc	nuc	1
LEU	6, 153	1841	ALA	6, 256	1944	nuc	nuc	1
ALA	6, 157	1845	ALA	6, 256	1944	nuc	nuc	0.99
ALA	6, 254	1942	ALA	6, 256	1944	nuc	nuc	1
LEU	6, 255	1943	ALA	6, 256	1944	nuc	nuc	1
ALA	6, 256	1944	VAL	6, 257	1945	nuc	nuc	1
PHE	6, 236	1924	GLU	6, 258	1946	nuc	nuc	1
VAL	6, 257	1945	GLU	6, 258	1946	nuc	nuc	1
VAL	6, 257	1945	GLY	6, 259	1947	nuc	nuc	1
GLU	6, 258	1946	GLY	6, 259	1947	nuc	nuc	1
GLY	6, 259	1947	PRO	6, 260	1948	nuc	nuc	1
GLY	6, 259	1947	GLY	6, 261	1949	nuc	nuc	1
PRO	6, 260	1948	GLY	6, 261	1949	nuc	nuc	1
GLY	6, 261	1949	TRP	6, 262	1950	nuc	nuc	1
GLY	6, 261	1949	ALA	6, 263	1951	nuc	nuc	1
TRP	6, 262	1950	ALA	6, 263	1951	nuc	nuc	1
PRO	6, 260	1948	ASP	6, 264	1952	nuc	nuc	0.99
GLY	6, 261	1949	ASP	6, 264	1952	nuc	nuc	1
TRP	6, 262	1950	ASP	6, 264	1952	nuc	nuc	0.95
ALA	6, 263	1951	ASP	6, 264	1952	nuc	nuc	1
ASP	6, 264	1952	PRO	6, 265	1953	nuc	nuc	1
PRO	6, 260	1948	ASP	6, 266	1954	nuc	nuc	0.99
ASP	6, 264	1952	ASP	6, 266	1954	nuc	nuc	1
PRO	6, 265	1953	ASP	6, 266	1954	nuc	nuc	1
PRO	6, 260	1948	ASN	6, 267	1955	nuc	nuc	0.99
GLY	6, 261	1949	ASN	6, 267	1955	nuc	nuc	0.97
TRP	6, 262	1950	ASN	6, 267	1955	nuc	nuc	0.93
ASP	6, 264	1952	ASN	6, 267	1955	nuc	nuc	0.99
PRO	6, 265	1953	ASN	6, 267	1955	nuc	nuc	0.98
ASP	6, 266	1954	ASN	6, 267	1955	nuc	nuc	1
PRO	6, 265	1953	VAL	6, 268	1956	nuc	nuc	0.95
ASP	6, 266	1954	VAL	6, 268	1956	nuc	nuc	0.96
ASN	6, 267	1955	VAL	6, 268	1956	nuc	nuc	1
ASP	6, 266	1954	VAL	6, 269	1957	nuc	nuc	1
ASN	6, 267	1955	VAL	6, 269	1957	nuc	nuc	0.99
VAL	6, 268	1956	VAL	6, 269	1957	nuc	nuc	1
GLY	6, 259	1947	LEU	6, 270	1958	nuc	nuc	0.9
PRO	6, 260	1948	LEU	6, 270	1958	nuc	nuc	0.95
ASP	6, 266	1954	LEU	6, 270	1958	nuc	nuc	0.99
ASN	6, 267	1955	LEU	6, 270	1958	nuc	nuc	1
VAL	6, 268	1956	LEU	6, 270	1958	nuc	nuc	0.99
VAL	6, 269	1957	LEU	6, 270	1958	nuc	nuc	1
ASN	6, 267	1955	HIS	6, 271	1959	nuc	nuc	0.99
VAL	6, 268	1956	HIS	6, 271	1959	nuc	nuc	1
VAL	6, 269	1957	HIS	6, 271	1959	nuc	nuc	1
LEU	6, 270	1958	HIS	6, 271	1959	nuc	nuc	1
VAL	6, 268	1956	VAL	6, 272	1960	nuc	nuc	0.99
VAL	6, 269	1957	VAL	6, 272	1960	nuc	nuc	1
LEU	6, 270	1958	VAL	6, 272	1960	nuc	nuc	1
HIS	6, 271	1959	VAL	6, 272	1960	nuc	nuc	1
VAL	6, 269	1957	ALA	6, 273	1961	nuc	nuc	1
LEU	6, 270	1958	ALA	6, 273	1961	nuc	nuc	1
HIS	6, 271	1959	ALA	6, 273	1961	nuc	nuc	1
VAL	6, 272	1960	ALA	6, 273	1961	nuc	nuc	1
LEU	6, 270	1958	ASN	6, 274	1962	nuc	nuc	0.99
HIS	6, 271	1959	ASN	6, 274	1962	nuc	nuc	1
VAL	6, 272	1960	ASN	6, 274	1962	nuc	nuc	0.99
ALA	6, 273	1961	ASN	6, 274	1962	nuc	nuc	1
HIS	6, 271	1959	ALA	6, 275	1963	nuc	nuc	0.99
VAL	6, 272	1960	ALA	6, 275	1963	nuc	nuc	1
ALA	6, 273	1961	ALA	6, 275	1963	nuc	nuc	1
ASN	6, 274	1962	ALA	6, 275	1963	nuc	nuc	1
VAL	6, 272	1960	ILE	6, 276	1964	nuc	nuc	0.98
ALA	6, 273	1961	ILE	6, 276	1964	nuc	nuc	1
ASN	6, 274	1962	ILE	6, 276	1964	nuc	nuc	1
ALA	6, 275	1963	ILE	6, 276	1964	nuc	nuc	1
ALA	6, 273	1961	ILE	6, 277	1965	nuc	nuc	0.92
ASN	6, 274	1962	ILE	6, 277	1965	nuc	nuc	1
ALA	6, 275	1963	ILE	6, 277	1965	nuc	nuc	0.91
ILE	6, 276	1964	ILE	6, 277	1965	nuc	nuc	1
ASN	6, 274	1962	GLY	6, 278	1966	nuc	nuc	0.99
ALA	6, 275	1963	GLY	6, 278	1966	nuc	nuc	1
ILE	6, 276	1964	GLY	6, 278	1966	nuc	nuc	1
ILE	6, 277	1965	GLY	6, 278	1966	nuc	nuc	1
GLY	6, 278	1966	ARG	6, 279	1967	nuc	nuc	1
GLY	6, 278	1966	TYR	6, 280	1968	nuc	nuc	0.99
ARG	6, 279	1967	TYR	6, 280	1968	nuc	nuc	1
ARG	6, 279	1967	ASP	6, 281	1969	nuc	nuc	0.97
TYR	6, 280	1968	ASP	6, 281	1969	nuc	nuc	1
ASP	6, 281	1969	ARG	6, 282	1970	nuc	nuc	1
ASP	6, 281	1969	THR	6, 283	1971	nuc	nuc	1
ARG	6, 282	1970	THR	6, 283	1971	nuc	nuc	1
TYR	6, 280	1968	PHE	6, 284	1972	nuc	nuc	0.98
ASP	6, 281	1969	PHE	6, 284	1972	nuc	nuc	1
ARG	6, 282	1970	PHE	6, 284	1972	nuc	nuc	0.98
THR	6, 283	1971	PHE	6, 284	1972	nuc	nuc	1
THR	6, 283	1971	GLY	6, 285	1973	nuc	nuc	0.96
PHE	6, 284	1972	GLY	6, 285	1973	nuc	nuc	1
PHE	6, 284	1972	GLY	6, 286	1974	nuc	nuc	0.99
GLY	6, 285	1973	GLY	6, 286	1974	nuc	nuc	1
PHE	6, 284	1972	GLY	6, 287	1975	nuc	nuc	0.94
GLY	6, 285	1973	GLY	6, 287	1975	nuc	nuc	1
GLY	6, 286	1974	GLY	6, 287	1975	nuc	nuc	1
GLY	6, 286	1974	LYS	6, 288	1976	nuc	nuc	0.88
GLY	6, 287	1975	LYS	6, 288	1976	nuc	nuc	1
GLY	6, 286	1974	HIS	6, 289	1977	nuc	nuc	0.93
GLY	6, 287	1975	HIS	6, 289	1977	nuc	nuc	0.99
LYS	6, 288	1976	HIS	6, 289	1977	nuc	nuc	1
TYR	6, 280	1968	LEU	6, 290	1978	nuc	nuc	0.87
PHE	6, 284	1972	LEU	6, 290	1978	nuc	nuc	0.87
GLY	6, 286	1974	LEU	6, 290	1978	nuc	nuc	0.95
GLY	6, 287	1975	LEU	6, 290	1978	nuc	nuc	0.97
LYS	6, 288	1976	LEU	6, 290	1978	nuc	nuc	0.93
HIS	6, 289	1977	LEU	6, 290	1978	nuc	nuc	1
LEU	6, 290	1978	SER	6, 291	1979	nuc	nuc	1
ILE	6, 276	1964	SER	6, 292	1980	nuc	nuc	0.84
ILE	6, 277	1965	SER	6, 292	1980	nuc	nuc	0.99
GLY	6, 278	1966	SER	6, 292	1980	nuc	nuc	1
TYR	6, 280	1968	SER	6, 292	1980	nuc	nuc	0.94
LEU	6, 290	1978	SER	6, 292	1980	nuc	nuc	1
SER	6, 291	1979	SER	6, 292	1980	nuc	nuc	1
SER	6, 292	1980	ARG	6, 293	1981	nuc	nuc	1
ILE	6, 277	1965	LEU	6, 294	1982	nuc	nuc	0.99
GLY	6, 278	1966	LEU	6, 294	1982	nuc	nuc	0.78
TYR	6, 280	1968	LEU	6, 294	1982	nuc	nuc	0.92
SER	6, 292	1980	LEU	6, 294	1982	nuc	nuc	1
ARG	6, 293	1981	LEU	6, 294	1982	nuc	nuc	1
GLY	6, 278	1966	ALA	6, 295	1983	nuc	nuc	0.93
ARG	6, 279	1967	ALA	6, 295	1983	nuc	nuc	0.51
TYR	6, 280	1968	ALA	6, 295	1983	nuc	nuc	1
PHE	6, 284	1972	ALA	6, 295	1983	nuc	nuc	0.7
GLY	6, 287	1975	ALA	6, 295	1983	nuc	nuc	0.59
LEU	6, 290	1978	ALA	6, 295	1983	nuc	nuc	0.99
SER	6, 291	1979	ALA	6, 295	1983	nuc	nuc	0.63
SER	6, 292	1980	ALA	6, 295	1983	nuc	nuc	1
ARG	6, 293	1981	ALA	6, 295	1983	nuc	nuc	0.99
LEU	6, 294	1982	ALA	6, 295	1983	nuc	nuc	1
GLY	6, 287	1975	ALA	6, 296	1984	nuc	nuc	0.63
LYS	6, 288	1976	ALA	6, 296	1984	nuc	nuc	0.96
HIS	6, 289	1977	ALA	6, 296	1984	nuc	nuc	0.84
LEU	6, 290	1978	ALA	6, 296	1984	nuc	nuc	0.98
SER	6, 292	1980	ALA	6, 296	1984	nuc	nuc	0.99
ARG	6, 293	1981	ALA	6, 296	1984	nuc	nuc	1
LEU	6, 294	1982	ALA	6, 296	1984	nuc	nuc	0.99
ALA	6, 295	1983	ALA	6, 296	1984	nuc	nuc	1
PRO	2, 3	383	LEU	6, 297	1985	nuc	nuc	0.85
ARG	6, 293	1981	LEU	6, 297	1985	nuc	nuc	0.99
LEU	6, 294	1982	LEU	6, 297	1985	nuc	nuc	1
ALA	6, 295	1983	LEU	6, 297	1985	nuc	nuc	0.99
ALA	6, 296	1984	LEU	6, 297	1985	nuc	nuc	1
TYR	6, 280	1968	ALA	6, 298	1986	nuc	nuc	0.99
LEU	6, 294	1982	ALA	6, 298	1986	nuc	nuc	1
ALA	6, 295	1983	ALA	6, 298	1986	nuc	nuc	1
ALA	6, 296	1984	ALA	6, 298	1986	nuc	nuc	1
LEU	6, 297	1985	ALA	6, 298	1986	nuc	nuc	1
GLY	6, 287	1975	VAL	6, 299	1987	nuc	nuc	0.99
LYS	6, 288	1976	VAL	6, 299	1987	nuc	nuc	0.99
LEU	6, 290	1978	VAL	6, 299	1987	nuc	nuc	0.87
ALA	6, 295	1983	VAL	6, 299	1987	nuc	nuc	0.99
ALA	6, 296	1984	VAL	6, 299	1987	nuc	nuc	1
LEU	6, 297	1985	VAL	6, 299	1987	nuc	nuc	0.97
ALA	6, 298	1986	VAL	6, 299	1987	nuc	nuc	1
LYS	6, 288	1976	GLU	6, 300	1988	nuc	nuc	0.96
ALA	6, 296	1984	GLU	6, 300	1988	nuc	nuc	0.99
LEU	6, 297	1985	GLU	6, 300	1988	nuc	nuc	1
ALA	6, 298	1986	GLU	6, 300	1988	nuc	nuc	0.96
VAL	6, 299	1987	GLU	6, 300	1988	nuc	nuc	1
ALA	2, 2	382	HIS	6, 301	1989	nuc	nuc	0.76
PRO	2, 3	383	HIS	6, 301	1989	nuc	nuc	0.92
LEU	6, 297	1985	HIS	6, 301	1989	nuc	nuc	0.99
ALA	6, 298	1986	HIS	6, 301	1989	nuc	nuc	0.98
VAL	6, 299	1987	HIS	6, 301	1989	nuc	nuc	0.52
GLU	6, 300	1988	HIS	6, 301	1989	nuc	nuc	1
ALA	6, 298	1986	LYS	6, 302	1990	nuc	nuc	0.88
VAL	6, 299	1987	LYS	6, 302	1990	nuc	nuc	0.89
GLU	6, 300	1988	LYS	6, 302	1990	nuc	nuc	0.63
HIS	6, 301	1989	LYS	6, 302	1990	nuc	nuc	1
LEU	6, 297	1985	LEU	6, 303	1991	nuc	nuc	0.96
ALA	6, 298	1986	LEU	6, 303	1991	nuc	nuc	0.99
HIS	6, 301	1989	LEU	6, 303	1991	nuc	nuc	1
LYS	6, 302	1990	LEU	6, 303	1991	nuc	nuc	1
TYR	6, 280	1968	CYS	6, 304	1992	nuc	nuc	0.84
ALA	6, 298	1986	CYS	6, 304	1992	nuc	nuc	1
LEU	6, 303	1991	CYS	6, 304	1992	nuc	nuc	1
VAL	6, 250	1938	HIS	6, 305	1993	nuc	nuc	0.98
ASP	6, 281	1969	HIS	6, 305	1993	nuc	nuc	0.85
ARG	6, 282	1970	HIS	6, 305	1993	nuc	nuc	0.99
CYS	6, 304	1992	HIS	6, 305	1993	nuc	nuc	1
ARG	6, 279	1967	SER	6, 306	1994	nuc	nuc	0.59
TYR	6, 280	1968	SER	6, 306	1994	nuc	nuc	0.99
ASP	6, 281	1969	SER	6, 306	1994	nuc	nuc	1
ARG	6, 282	1970	SER	6, 306	1994	nuc	nuc	0.97
CYS	6, 304	1992	SER	6, 306	1994	nuc	nuc	0.99
HIS	6, 305	1993	SER	6, 306	1994	nuc	nuc	1
ARG	6, 279	1967	PHE	6, 307	1995	nuc	nuc	0.98
TYR	6, 280	1968	PHE	6, 307	1995	nuc	nuc	1
LEU	6, 294	1982	PHE	6, 307	1995	nuc	nuc	0.94
ALA	6, 298	1986	PHE	6, 307	1995	nuc	nuc	0.96
CYS	6, 304	1992	PHE	6, 307	1995	nuc	nuc	0.99
SER	6, 306	1994	PHE	6, 307	1995	nuc	nuc	1
GLY	6, 278	1966	GLN	6, 308	1996	nuc	nuc	0.63
ARG	6, 279	1967	GLN	6, 308	1996	nuc	nuc	1
SER	6, 306	1994	GLN	6, 308	1996	nuc	nuc	1
PHE	6, 307	1995	GLN	6, 308	1996	nuc	nuc	1
ASN	6, 274	1962	THR	6, 309	1997	nuc	nuc	1
ILE	6, 277	1965	THR	6, 309	1997	nuc	nuc	1
GLY	6, 278	1966	THR	6, 309	1997	nuc	nuc	1
ARG	6, 279	1967	THR	6, 309	1997	nuc	nuc	0.99
PHE	6, 307	1995	THR	6, 309	1997	nuc	nuc	0.87
GLN	6, 308	1996	THR	6, 309	1997	nuc	nuc	1
ALA	6, 256	1944	PHE	6, 310	1998	nuc	nuc	0.7
ASN	6, 274	1962	PHE	6, 310	1998	nuc	nuc	0.84
GLN	6, 308	1996	PHE	6, 310	1998	nuc	nuc	1
THR	6, 309	1997	PHE	6, 310	1998	nuc	nuc	1
GLY	6, 259	1947	ASN	6, 311	1999	nuc	nuc	0.79
ASN	6, 267	1955	ASN	6, 311	1999	nuc	nuc	0.92
LEU	6, 270	1958	ASN	6, 311	1999	nuc	nuc	0.99
HIS	6, 271	1959	ASN	6, 311	1999	nuc	nuc	0.99
ASN	6, 274	1962	ASN	6, 311	1999	nuc	nuc	1
THR	6, 309	1997	ASN	6, 311	1999	nuc	nuc	0.97
PHE	6, 310	1998	ASN	6, 311	1999	nuc	nuc	1
PHE	6, 310	1998	THR	6, 312	2000	nuc	nuc	1
ASN	6, 311	1999	THR	6, 312	2000	nuc	nuc	1
GLY	6, 259	1947	SER	6, 313	2001	nuc	nuc	0.87
PRO	6, 260	1948	SER	6, 313	2001	nuc	nuc	0.95
GLY	6, 261	1949	SER	6, 313	2001	nuc	nuc	1
TRP	6, 262	1950	SER	6, 313	2001	nuc	nuc	1
ASN	6, 267	1955	SER	6, 313	2001	nuc	nuc	0.99
ASN	6, 311	1999	SER	6, 313	2001	nuc	nuc	1
THR	6, 312	2000	SER	6, 313	2001	nuc	nuc	1
ARG	6, 46	1734	TYR	6, 314	2002	nuc	nuc	0.77
ARG	6, 92	1780	TYR	6, 314	2002	nuc	nuc	0.96
GLU	6, 93	1781	TYR	6, 314	2002	nuc	nuc	0.99
LEU	6, 163	1851	TYR	6, 314	2002	nuc	nuc	0.98
CYS	6, 234	1922	TYR	6, 314	2002	nuc	nuc	0.52
GLY	6, 261	1949	TYR	6, 314	2002	nuc	nuc	0.99
TRP	6, 262	1950	TYR	6, 314	2002	nuc	nuc	0.96
THR	6, 312	2000	TYR	6, 314	2002	nuc	nuc	0.99
SER	6, 313	2001	TYR	6, 314	2002	nuc	nuc	1
GLU	6, 93	1781	SER	6, 315	2003	nuc	nuc	0.98
LEU	6, 231	1919	SER	6, 315	2003	nuc	nuc	0.86
GLY	6, 261	1949	SER	6, 315	2003	nuc	nuc	0.99
TRP	6, 262	1950	SER	6, 315	2003	nuc	nuc	0.99
TYR	6, 314	2002	SER	6, 315	2003	nuc	nuc	1
LEU	6, 231	1919	ASP	6, 316	2004	nuc	nuc	0.64
ARG	6, 233	1921	ASP	6, 316	2004	nuc	nuc	0.99
CYS	6, 234	1922	ASP	6, 316	2004	nuc	nuc	0.78
GLY	6, 261	1949	ASP	6, 316	2004	nuc	nuc	0.99
TYR	6, 314	2002	ASP	6, 316	2004	nuc	nuc	0.99
SER	6, 315	2003	ASP	6, 316	2004	nuc	nuc	1
PHE	6, 158	1846	THR	6, 317	2005	nuc	nuc	0.55
LEU	6, 163	1851	THR	6, 317	2005	nuc	nuc	0.7
ARG	6, 233	1921	THR	6, 317	2005	nuc	nuc	0.81
CYS	6, 234	1922	THR	6, 317	2005	nuc	nuc	0.99
PHE	6, 236	1924	THR	6, 317	2005	nuc	nuc	0.98
GLU	6, 258	1946	THR	6, 317	2005	nuc	nuc	0.98
GLY	6, 259	1947	THR	6, 317	2005	nuc	nuc	0.99
PRO	6, 260	1948	THR	6, 317	2005	nuc	nuc	0.52
GLY	6, 261	1949	THR	6, 317	2005	nuc	nuc	0.99
TYR	6, 314	2002	THR	6, 317	2005	nuc	nuc	1
SER	6, 315	2003	THR	6, 317	2005	nuc	nuc	0.76
ASP	6, 316	2004	THR	6, 317	2005	nuc	nuc	1
GLU	6, 258	1946	GLY	6, 318	2006	nuc	nuc	1
GLY	6, 259	1947	GLY	6, 318	2006	nuc	nuc	1
PRO	6, 260	1948	GLY	6, 318	2006	nuc	nuc	0.99
GLY	6, 261	1949	GLY	6, 318	2006	nuc	nuc	1
THR	6, 312	2000	GLY	6, 318	2006	nuc	nuc	1
SER	6, 313	2001	GLY	6, 318	2006	nuc	nuc	1
TYR	6, 314	2002	GLY	6, 318	2006	nuc	nuc	1
THR	6, 317	2005	GLY	6, 318	2006	nuc	nuc	1
LEU	6, 153	1841	LEU	6, 319	2007	nuc	nuc	0.94
HIS	6, 154	1842	LEU	6, 319	2007	nuc	nuc	0.78
ALA	6, 157	1845	LEU	6, 319	2007	nuc	nuc	0.99
ALA	6, 256	1944	LEU	6, 319	2007	nuc	nuc	1
VAL	6, 257	1945	LEU	6, 319	2007	nuc	nuc	0.81
GLU	6, 258	1946	LEU	6, 319	2007	nuc	nuc	0.96
GLY	6, 259	1947	LEU	6, 319	2007	nuc	nuc	0.99
PHE	6, 310	1998	LEU	6, 319	2007	nuc	nuc	0.95
ASN	6, 311	1999	LEU	6, 319	2007	nuc	nuc	0.89
THR	6, 312	2000	LEU	6, 319	2007	nuc	nuc	1
GLY	6, 318	2006	LEU	6, 319	2007	nuc	nuc	1
ALA	6, 256	1944	PHE	6, 320	2008	nuc	nuc	1
VAL	6, 257	1945	PHE	6, 320	2008	nuc	nuc	1
GLU	6, 258	1946	PHE	6, 320	2008	nuc	nuc	0.94
GLY	6, 259	1947	PHE	6, 320	2008	nuc	nuc	1
LEU	6, 270	1958	PHE	6, 320	2008	nuc	nuc	0.99
PHE	6, 310	1998	PHE	6, 320	2008	nuc	nuc	0.88
ASN	6, 311	1999	PHE	6, 320	2008	nuc	nuc	1
THR	6, 312	2000	PHE	6, 320	2008	nuc	nuc	0.56
GLY	6, 318	2006	PHE	6, 320	2008	nuc	nuc	0.99
LEU	6, 319	2007	PHE	6, 320	2008	nuc	nuc	1
ALA	6, 254	1942	GLY	6, 321	2009	nuc	nuc	0.88
LEU	6, 255	1943	GLY	6, 321	2009	nuc	nuc	1
ALA	6, 256	1944	GLY	6, 321	2009	nuc	nuc	1
VAL	6, 257	1945	GLY	6, 321	2009	nuc	nuc	1
THR	6, 309	1997	GLY	6, 321	2009	nuc	nuc	1
PHE	6, 310	1998	GLY	6, 321	2009	nuc	nuc	1
ASN	6, 311	1999	GLY	6, 321	2009	nuc	nuc	0.95
LEU	6, 319	2007	GLY	6, 321	2009	nuc	nuc	1
PHE	6, 320	2008	GLY	6, 321	2009	nuc	nuc	1
ALA	6, 254	1942	PHE	6, 322	2010	nuc	nuc	0.95
LEU	6, 255	1943	PHE	6, 322	2010	nuc	nuc	1
ALA	6, 256	1944	PHE	6, 322	2010	nuc	nuc	0.55
ILE	6, 277	1965	PHE	6, 322	2010	nuc	nuc	0.95
PHE	6, 307	1995	PHE	6, 322	2010	nuc	nuc	0.99
GLN	6, 308	1996	PHE	6, 322	2010	nuc	nuc	0.98
THR	6, 309	1997	PHE	6, 322	2010	nuc	nuc	1
PHE	6, 310	1998	PHE	6, 322	2010	nuc	nuc	0.99
GLY	6, 321	2009	PHE	6, 322	2010	nuc	nuc	1
THR	6, 146	1834	HIS	6, 323	2011	nuc	nuc	0.89
THR	6, 149	1837	HIS	6, 323	2011	nuc	nuc	0.99
PHE	6, 150	1838	HIS	6, 323	2011	nuc	nuc	0.9
HIS	6, 252	1940	HIS	6, 323	2011	nuc	nuc	0.95
VAL	6, 253	1941	HIS	6, 323	2011	nuc	nuc	0.99
ALA	6, 254	1942	HIS	6, 323	2011	nuc	nuc	1
LEU	6, 255	1943	HIS	6, 323	2011	nuc	nuc	0.57
PHE	6, 307	1995	HIS	6, 323	2011	nuc	nuc	0.99
GLN	6, 308	1996	HIS	6, 323	2011	nuc	nuc	1
THR	6, 309	1997	HIS	6, 323	2011	nuc	nuc	0.58
PHE	6, 310	1998	HIS	6, 323	2011	nuc	nuc	0.99
GLY	6, 321	2009	HIS	6, 323	2011	nuc	nuc	0.97
PHE	6, 322	2010	HIS	6, 323	2011	nuc	nuc	1
HIS	6, 252	1940	PHE	6, 324	2012	nuc	nuc	0.57
VAL	6, 253	1941	PHE	6, 324	2012	nuc	nuc	1
CYS	6, 304	1992	PHE	6, 324	2012	nuc	nuc	0.99
SER	6, 306	1994	PHE	6, 324	2012	nuc	nuc	0.98
PHE	6, 307	1995	PHE	6, 324	2012	nuc	nuc	1
GLN	6, 308	1996	PHE	6, 324	2012	nuc	nuc	0.82
PHE	6, 322	2010	PHE	6, 324	2012	nuc	nuc	1
HIS	6, 323	2011	PHE	6, 324	2012	nuc	nuc	1
VAL	6, 250	1938	VAL	6, 325	2013	nuc	nuc	1
ALA	6, 251	1939	VAL	6, 325	2013	nuc	nuc	0.99
HIS	6, 252	1940	VAL	6, 325	2013	nuc	nuc	1
CYS	6, 304	1992	VAL	6, 325	2013	nuc	nuc	0.99
HIS	6, 305	1993	VAL	6, 325	2013	nuc	nuc	1
SER	6, 306	1994	VAL	6, 325	2013	nuc	nuc	1
PHE	6, 307	1995	VAL	6, 325	2013	nuc	nuc	0.94
HIS	6, 323	2011	VAL	6, 325	2013	nuc	nuc	0.69
PHE	6, 324	2012	VAL	6, 325	2013	nuc	nuc	1
VAL	6, 250	1938	ALA	6, 326	2014	nuc	nuc	0.97
ALA	6, 251	1939	ALA	6, 326	2014	nuc	nuc	1
VAL	6, 253	1941	ALA	6, 326	2014	nuc	nuc	0.93
LEU	6, 303	1991	ALA	6, 326	2014	nuc	nuc	0.97
CYS	6, 304	1992	ALA	6, 326	2014	nuc	nuc	1
HIS	6, 305	1993	ALA	6, 326	2014	nuc	nuc	0.99
PHE	6, 324	2012	ALA	6, 326	2014	nuc	nuc	1
VAL	6, 325	2013	ALA	6, 326	2014	nuc	nuc	1
VAL	6, 250	1938	ASP	6, 327	2015	nuc	nuc	0.99
ALA	6, 251	1939	ASP	6, 327	2015	nuc	nuc	0.88
CYS	6, 304	1992	ASP	6, 327	2015	nuc	nuc	0.52
HIS	6, 305	1993	ASP	6, 327	2015	nuc	nuc	0.9
ALA	6, 326	2014	ASP	6, 327	2015	nuc	nuc	1
ASP	6, 246	1934	PRO	6, 328	2016	nuc	nuc	0.62
VAL	6, 250	1938	PRO	6, 328	2016	nuc	nuc	0.7
ALA	6, 251	1939	PRO	6, 328	2016	nuc	nuc	0.99
ALA	6, 326	2014	PRO	6, 328	2016	nuc	nuc	0.64
ASP	6, 327	2015	PRO	6, 328	2016	nuc	nuc	1
ASP	6, 327	2015	LEU	6, 329	2017	nuc	nuc	1
PRO	6, 328	2016	LEU	6, 329	2017	nuc	nuc	1
LYS	6, 302	1990	SER	6, 330	2018	nuc	nuc	0.96
LEU	6, 303	1991	SER	6, 330	2018	nuc	nuc	1
CYS	6, 304	1992	SER	6, 330	2018	nuc	nuc	0.97
ALA	6, 326	2014	SER	6, 330	2018	nuc	nuc	1
ASP	6, 327	2015	SER	6, 330	2018	nuc	nuc	1
PRO	6, 328	2016	SER	6, 330	2018	nuc	nuc	0.92
LEU	6, 329	2017	SER	6, 330	2018	nuc	nuc	1
ALA	6, 251	1939	ILE	6, 331	2019	nuc	nuc	1
VAL	6, 253	1941	ILE	6, 331	2019	nuc	nuc	0.99
ALA	6, 326	2014	ILE	6, 331	2019	nuc	nuc	1
ASP	6, 327	2015	ILE	6, 331	2019	nuc	nuc	0.78
PRO	6, 328	2016	ILE	6, 331	2019	nuc	nuc	0.99
LEU	6, 329	2017	ILE	6, 331	2019	nuc	nuc	0.95
SER	6, 330	2018	ILE	6, 331	2019	nuc	nuc	1
SER	6, 330	2018	ASP	6, 332	2020	nuc	nuc	0.93
ILE	6, 331	2019	ASP	6, 332	2020	nuc	nuc	1
ALA	2, 2	382	ASP	6, 333	2021	nuc	nuc	0.76
PRO	2, 3	383	ASP	6, 333	2021	nuc	nuc	0.94
ASN	2, 4	384	ASP	6, 333	2021	nuc	nuc	0.94
LYS	2, 7	387	ASP	6, 333	2021	nuc	nuc	0.66
HIS	6, 301	1989	ASP	6, 333	2021	nuc	nuc	0.98
LEU	6, 303	1991	ASP	6, 333	2021	nuc	nuc	0.99
SER	6, 330	2018	ASP	6, 333	2021	nuc	nuc	1
ILE	6, 331	2019	ASP	6, 333	2021	nuc	nuc	0.95
ASP	6, 332	2020	ASP	6, 333	2021	nuc	nuc	1
ALA	6, 298	1986	MET	6, 334	2022	nuc	nuc	0.91
LEU	6, 303	1991	MET	6, 334	2022	nuc	nuc	0.99
CYS	6, 304	1992	MET	6, 334	2022	nuc	nuc	1
PHE	6, 307	1995	MET	6, 334	2022	nuc	nuc	0.8
PHE	6, 324	2012	MET	6, 334	2022	nuc	nuc	1
ALA	6, 326	2014	MET	6, 334	2022	nuc	nuc	1
SER	6, 330	2018	MET	6, 334	2022	nuc	nuc	1
ILE	6, 331	2019	MET	6, 334	2022	nuc	nuc	1
ASP	6, 332	2020	MET	6, 334	2022	nuc	nuc	0.99
ASP	6, 333	2021	MET	6, 334	2022	nuc	nuc	1
VAL	6, 253	1941	MET	6, 335	2023	nuc	nuc	0.95
LEU	6, 255	1943	MET	6, 335	2023	nuc	nuc	0.69
ILE	6, 331	2019	MET	6, 335	2023	nuc	nuc	1
ASP	6, 332	2020	MET	6, 335	2023	nuc	nuc	1
ASP	6, 333	2021	MET	6, 335	2023	nuc	nuc	0.99
MET	6, 334	2022	MET	6, 335	2023	nuc	nuc	1
PRO	2, 3	383	PHE	6, 336	2024	nuc	nuc	0.79
ASN	2, 4	384	PHE	6, 336	2024	nuc	nuc	0.97
ASP	6, 332	2020	PHE	6, 336	2024	nuc	nuc	1
ASP	6, 333	2021	PHE	6, 336	2024	nuc	nuc	1
MET	6, 334	2022	PHE	6, 336	2024	nuc	nuc	1
MET	6, 335	2023	PHE	6, 336	2024	nuc	nuc	1
PRO	2, 3	383	CYS	6, 337	2025	nuc	nuc	0.87
LEU	6, 294	1982	CYS	6, 337	2025	nuc	nuc	0.99
LEU	6, 297	1985	CYS	6, 337	2025	nuc	nuc	1
ALA	6, 298	1986	CYS	6, 337	2025	nuc	nuc	0.8
LEU	6, 303	1991	CYS	6, 337	2025	nuc	nuc	0.96
ASP	6, 333	2021	CYS	6, 337	2025	nuc	nuc	0.99
MET	6, 334	2022	CYS	6, 337	2025	nuc	nuc	1
MET	6, 335	2023	CYS	6, 337	2025	nuc	nuc	0.98
PHE	6, 336	2024	CYS	6, 337	2025	nuc	nuc	1
LEU	6, 255	1943	ALA	6, 338	2026	nuc	nuc	0.8
LEU	6, 294	1982	ALA	6, 338	2026	nuc	nuc	0.99
PHE	6, 307	1995	ALA	6, 338	2026	nuc	nuc	0.93
PHE	6, 322	2010	ALA	6, 338	2026	nuc	nuc	1
PHE	6, 324	2012	ALA	6, 338	2026	nuc	nuc	0.98
MET	6, 334	2022	ALA	6, 338	2026	nuc	nuc	1
MET	6, 335	2023	ALA	6, 338	2026	nuc	nuc	1
PHE	6, 336	2024	ALA	6, 338	2026	nuc	nuc	0.99
CYS	6, 337	2025	ALA	6, 338	2026	nuc	nuc	1
LEU	6, 255	1943	GLN	6, 339	2027	nuc	nuc	0.53
MET	6, 335	2023	GLN	6, 339	2027	nuc	nuc	1
PHE	6, 336	2024	GLN	6, 339	2027	nuc	nuc	1
CYS	6, 337	2025	GLN	6, 339	2027	nuc	nuc	0.96
ALA	6, 338	2026	GLN	6, 339	2027	nuc	nuc	1
PHE	6, 336	2024	GLY	6, 340	2028	nuc	nuc	0.99
CYS	6, 337	2025	GLY	6, 340	2028	nuc	nuc	1
ALA	6, 338	2026	GLY	6, 340	2028	nuc	nuc	1
GLN	6, 339	2027	GLY	6, 340	2028	nuc	nuc	1
ILE	6, 277	1965	GLU	6, 341	2029	nuc	nuc	0.99
ARG	6, 293	1981	GLU	6, 341	2029	nuc	nuc	0.99
LEU	6, 294	1982	GLU	6, 341	2029	nuc	nuc	1
CYS	6, 337	2025	GLU	6, 341	2029	nuc	nuc	0.99
ALA	6, 338	2026	GLU	6, 341	2029	nuc	nuc	1
GLN	6, 339	2027	GLU	6, 341	2029	nuc	nuc	0.99
GLY	6, 340	2028	GLU	6, 341	2029	nuc	nuc	1
ALA	6, 338	2026	TRP	6, 342	2030	nuc	nuc	0.99
GLN	6, 339	2027	TRP	6, 342	2030	nuc	nuc	1
GLY	6, 340	2028	TRP	6, 342	2030	nuc	nuc	1
GLU	6, 341	2029	TRP	6, 342	2030	nuc	nuc	1
GLN	6, 339	2027	MET	6, 343	2031	nuc	nuc	0.99
GLY	6, 340	2028	MET	6, 343	2031	nuc	nuc	1
GLU	6, 341	2029	MET	6, 343	2031	nuc	nuc	0.99
TRP	6, 342	2030	MET	6, 343	2031	nuc	nuc	1
ARG	6, 293	1981	ARG	6, 344	2032	nuc	nuc	0.79
GLY	6, 340	2028	ARG	6, 344	2032	nuc	nuc	1
GLU	6, 341	2029	ARG	6, 344	2032	nuc	nuc	1
TRP	6, 342	2030	ARG	6, 344	2032	nuc	nuc	0.99
MET	6, 343	2031	ARG	6, 344	2032	nuc	nuc	1
ALA	6, 273	1961	LEU	6, 345	2033	nuc	nuc	0.99
ILE	6, 276	1964	LEU	6, 345	2033	nuc	nuc	0.99
ILE	6, 277	1965	LEU	6, 345	2033	nuc	nuc	0.92
GLU	6, 341	2029	LEU	6, 345	2033	nuc	nuc	1
TRP	6, 342	2030	LEU	6, 345	2033	nuc	nuc	1
MET	6, 343	2031	LEU	6, 345	2033	nuc	nuc	1
ARG	6, 344	2032	LEU	6, 345	2033	nuc	nuc	1
TRP	6, 342	2030	CYS	6, 346	2034	nuc	nuc	0.99
MET	6, 343	2031	CYS	6, 346	2034	nuc	nuc	1
ARG	6, 344	2032	CYS	6, 346	2034	nuc	nuc	0.98
LEU	6, 345	2033	CYS	6, 346	2034	nuc	nuc	1
MET	6, 343	2031	THR	6, 347	2035	nuc	nuc	0.99
ARG	6, 344	2032	THR	6, 347	2035	nuc	nuc	0.99
LEU	6, 345	2033	THR	6, 347	2035	nuc	nuc	0.81
CYS	6, 346	2034	THR	6, 347	2035	nuc	nuc	1
ARG	6, 344	2032	SER	6, 348	2036	nuc	nuc	0.99
LEU	6, 345	2033	SER	6, 348	2036	nuc	nuc	0.53
THR	6, 347	2035	SER	6, 348	2036	nuc	nuc	1
ILE	6, 276	1964	THR	6, 349	2037	nuc	nuc	0.94
ARG	6, 344	2032	THR	6, 349	2037	nuc	nuc	0.93
LEU	6, 345	2033	THR	6, 349	2037	nuc	nuc	1
THR	6, 347	2035	THR	6, 349	2037	nuc	nuc	0.61
SER	6, 348	2036	THR	6, 349	2037	nuc	nuc	1
SER	6, 348	2036	THR	6, 350	2038	nuc	nuc	0.96
THR	6, 349	2037	THR	6, 350	2038	nuc	nuc	1
THR	6, 350	2038	GLU	6, 351	2039	nuc	nuc	1
THR	6, 350	2038	SER	6, 352	2040	nuc	nuc	1
GLU	6, 351	2039	SER	6, 352	2040	nuc	nuc	1
ILE	6, 276	1964	GLU	6, 353	2041	nuc	nuc	0.99
THR	6, 349	2037	GLU	6, 353	2041	nuc	nuc	0.99
THR	6, 350	2038	GLU	6, 353	2041	nuc	nuc	1
GLU	6, 351	2039	GLU	6, 353	2041	nuc	nuc	0.96
SER	6, 352	2040	GLU	6, 353	2041	nuc	nuc	1
VAL	6, 272	1960	VAL	6, 354	2042	nuc	nuc	0.98
ILE	6, 276	1964	VAL	6, 354	2042	nuc	nuc	0.94
THR	6, 349	2037	VAL	6, 354	2042	nuc	nuc	0.99
THR	6, 350	2038	VAL	6, 354	2042	nuc	nuc	0.96
GLU	6, 351	2039	VAL	6, 354	2042	nuc	nuc	1
SER	6, 352	2040	VAL	6, 354	2042	nuc	nuc	0.99
GLU	6, 353	2041	VAL	6, 354	2042	nuc	nuc	1
GLU	6, 351	2039	LYS	6, 355	2043	nuc	nuc	0.99
SER	6, 352	2040	LYS	6, 355	2043	nuc	nuc	1
GLU	6, 353	2041	LYS	6, 355	2043	nuc	nuc	0.99
VAL	6, 354	2042	LYS	6, 355	2043	nuc	nuc	1
ILE	6, 276	1964	ARG	6, 356	2044	nuc	nuc	0.77
SER	6, 291	1979	ARG	6, 356	2044	nuc	nuc	0.98
SER	6, 352	2040	ARG	6, 356	2044	nuc	nuc	0.98
GLU	6, 353	2041	ARG	6, 356	2044	nuc	nuc	1
VAL	6, 354	2042	ARG	6, 356	2044	nuc	nuc	0.99
LYS	6, 355	2043	ARG	6, 356	2044	nuc	nuc	1
VAL	6, 272	1960	ALA	6, 357	2045	nuc	nuc	1
ALA	6, 273	1961	ALA	6, 357	2045	nuc	nuc	0.74
ALA	6, 275	1963	ALA	6, 357	2045	nuc	nuc	1
ILE	6, 276	1964	ALA	6, 357	2045	nuc	nuc	1
GLU	6, 353	2041	ALA	6, 357	2045	nuc	nuc	0.99
VAL	6, 354	2042	ALA	6, 357	2045	nuc	nuc	1
LYS	6, 355	2043	ALA	6, 357	2045	nuc	nuc	0.99
ARG	6, 356	2044	ALA	6, 357	2045	nuc	nuc	1
VAL	6, 272	1960	LYS	6, 358	2046	nuc	nuc	0.99
ALA	6, 275	1963	LYS	6, 358	2046	nuc	nuc	0.66
VAL	6, 354	2042	LYS	6, 358	2046	nuc	nuc	1
LYS	6, 355	2043	LYS	6, 358	2046	nuc	nuc	1
ARG	6, 356	2044	LYS	6, 358	2046	nuc	nuc	0.99
ALA	6, 357	2045	LYS	6, 358	2046	nuc	nuc	1
LYS	6, 355	2043	ASN	6, 359	2047	nuc	nuc	0.99
ARG	6, 356	2044	ASN	6, 359	2047	nuc	nuc	1
ALA	6, 357	2045	ASN	6, 359	2047	nuc	nuc	0.99
LYS	6, 358	2046	ASN	6, 359	2047	nuc	nuc	1
ALA	6, 275	1963	HIS	6, 360	2048	nuc	nuc	1
ARG	6, 356	2044	HIS	6, 360	2048	nuc	nuc	1
ALA	6, 357	2045	HIS	6, 360	2048	nuc	nuc	1
LYS	6, 358	2046	HIS	6, 360	2048	nuc	nuc	0.99
ASN	6, 359	2047	HIS	6, 360	2048	nuc	nuc	1
HIS	6, 271	1959	LEU	6, 361	2049	nuc	nuc	0.99
VAL	6, 272	1960	LEU	6, 361	2049	nuc	nuc	0.99
ALA	6, 275	1963	LEU	6, 361	2049	nuc	nuc	1
ALA	6, 357	2045	LEU	6, 361	2049	nuc	nuc	1
LYS	6, 358	2046	LEU	6, 361	2049	nuc	nuc	1
ASN	6, 359	2047	LEU	6, 361	2049	nuc	nuc	0.99
HIS	6, 360	2048	LEU	6, 361	2049	nuc	nuc	1
LYS	6, 358	2046	ARG	6, 362	2050	nuc	nuc	1
ASN	6, 359	2047	ARG	6, 362	2050	nuc	nuc	1
HIS	6, 360	2048	ARG	6, 362	2050	nuc	nuc	0.99
LEU	6, 361	2049	ARG	6, 362	2050	nuc	nuc	1
ASN	6, 359	2047	SER	6, 363	2051	nuc	nuc	1
HIS	6, 360	2048	SER	6, 363	2051	nuc	nuc	1
LEU	6, 361	2049	SER	6, 363	2051	nuc	nuc	0.99
ARG	6, 362	2050	SER	6, 363	2051	nuc	nuc	1
ALA	6, 275	1963	ALA	6, 364	2052	nuc	nuc	0.51
HIS	6, 360	2048	ALA	6, 364	2052	nuc	nuc	1
LEU	6, 361	2049	ALA	6, 364	2052	nuc	nuc	1
ARG	6, 362	2050	ALA	6, 364	2052	nuc	nuc	0.99
SER	6, 363	2051	ALA	6, 364	2052	nuc	nuc	1
LEU	6, 361	2049	MET	6, 365	2053	nuc	nuc	1
ARG	6, 362	2050	MET	6, 365	2053	nuc	nuc	1
SER	6, 363	2051	MET	6, 365	2053	nuc	nuc	0.99
ALA	6, 364	2052	MET	6, 365	2053	nuc	nuc	1
ARG	6, 362	2050	VAL	6, 366	2054	nuc	nuc	0.98
SER	6, 363	2051	VAL	6, 366	2054	nuc	nuc	1
ALA	6, 364	2052	VAL	6, 366	2054	nuc	nuc	0.95
MET	6, 365	2053	VAL	6, 366	2054	nuc	nuc	1
SER	6, 363	2051	ALA	6, 367	2055	nuc	nuc	0.99
ALA	6, 364	2052	ALA	6, 367	2055	nuc	nuc	1
MET	6, 365	2053	ALA	6, 367	2055	nuc	nuc	0.97
VAL	6, 366	2054	ALA	6, 367	2055	nuc	nuc	1
ALA	6, 364	2052	GLN	6, 368	2056	nuc	nuc	0.99
MET	6, 365	2053	GLN	6, 368	2056	nuc	nuc	0.99
VAL	6, 366	2054	GLN	6, 368	2056	nuc	nuc	0.97
ALA	6, 367	2055	GLN	6, 368	2056	nuc	nuc	1
MET	6, 365	2053	LEU	6, 369	2057	nuc	nuc	0.85
VAL	6, 366	2054	LEU	6, 369	2057	nuc	nuc	0.99
ALA	6, 367	2055	LEU	6, 369	2057	nuc	nuc	0.94
GLN	6, 368	2056	LEU	6, 369	2057	nuc	nuc	1
ALA	6, 367	2055	ASP	6, 370	2058	nuc	nuc	0.97
GLN	6, 368	2056	ASP	6, 370	2058	nuc	nuc	0.94
LEU	6, 369	2057	ASP	6, 370	2058	nuc	nuc	1
ALA	6, 200	1888	GLY	6, 371	2059	nuc	nuc	0.53
LEU	6, 369	2057	GLY	6, 371	2059	nuc	nuc	0.97
ASP	6, 370	2058	GLY	6, 371	2059	nuc	nuc	1
SER	6, 30	1718	THR	6, 372	2060	nuc	nuc	0.71
GLN	6, 32	1720	THR	6, 372	2060	nuc	nuc	0.94
THR	6, 34	1722	THR	6, 372	2060	nuc	nuc	0.99
CYS	6, 35	1723	THR	6, 372	2060	nuc	nuc	0.98
THR	6, 36	1724	THR	6, 372	2060	nuc	nuc	1
LYS	6, 100	1788	THR	6, 372	2060	nuc	nuc	0.86
ALA	6, 200	1888	THR	6, 372	2060	nuc	nuc	1
GLY	6, 201	1889	THR	6, 372	2060	nuc	nuc	1
GLY	6, 371	2059	THR	6, 372	2060	nuc	nuc	1
THR	6, 36	1724	THR	6, 373	2061	nuc	nuc	1
TYR	6, 98	1786	THR	6, 373	2061	nuc	nuc	0.94
LYS	6, 100	1788	THR	6, 373	2061	nuc	nuc	0.99
ALA	6, 200	1888	THR	6, 373	2061	nuc	nuc	0.55
GLY	6, 371	2059	THR	6, 373	2061	nuc	nuc	1
THR	6, 372	2060	THR	6, 373	2061	nuc	nuc	1
GLN	6, 368	2056	PRO	6, 374	2062	nuc	nuc	0.99
LEU	6, 369	2057	PRO	6, 374	2062	nuc	nuc	0.99
ASP	6, 370	2058	PRO	6, 374	2062	nuc	nuc	0.98
GLY	6, 371	2059	PRO	6, 374	2062	nuc	nuc	1
THR	6, 372	2060	PRO	6, 374	2062	nuc	nuc	0.9
THR	6, 373	2061	PRO	6, 374	2062	nuc	nuc	1
GLU	6, 28	1716	VAL	6, 375	2063	nuc	nuc	0.99
THR	6, 36	1724	VAL	6, 375	2063	nuc	nuc	0.64
ALA	6, 200	1888	VAL	6, 375	2063	nuc	nuc	1
GLY	6, 201	1889	VAL	6, 375	2063	nuc	nuc	0.57
LEU	6, 369	2057	VAL	6, 375	2063	nuc	nuc	0.99
GLY	6, 371	2059	VAL	6, 375	2063	nuc	nuc	0.99
THR	6, 372	2060	VAL	6, 375	2063	nuc	nuc	1
THR	6, 373	2061	VAL	6, 375	2063	nuc	nuc	0.99
PRO	6, 374	2062	VAL	6, 375	2063	nuc	nuc	1
THR	6, 36	1724	CYS	6, 376	2064	nuc	nuc	1
VAL	6, 37	1725	CYS	6, 376	2064	nuc	nuc	0.92
GLY	6, 38	1726	CYS	6, 376	2064	nuc	nuc	0.99
TYR	6, 98	1786	CYS	6, 376	2064	nuc	nuc	0.99
ALA	6, 198	1886	CYS	6, 376	2064	nuc	nuc	1
ALA	6, 199	1887	CYS	6, 376	2064	nuc	nuc	0.99
ALA	6, 200	1888	CYS	6, 376	2064	nuc	nuc	1
THR	6, 372	2060	CYS	6, 376	2064	nuc	nuc	0.99
THR	6, 373	2061	CYS	6, 376	2064	nuc	nuc	1
PRO	6, 374	2062	CYS	6, 376	2064	nuc	nuc	0.99
VAL	6, 375	2063	CYS	6, 376	2064	nuc	nuc	1
ALA	6, 96	1784	GLU	6, 377	2065	nuc	nuc	0.82
TYR	6, 98	1786	GLU	6, 377	2065	nuc	nuc	0.66
THR	6, 373	2061	GLU	6, 377	2065	nuc	nuc	1
PRO	6, 374	2062	GLU	6, 377	2065	nuc	nuc	1
VAL	6, 375	2063	GLU	6, 377	2065	nuc	nuc	0.99
CYS	6, 376	2064	GLU	6, 377	2065	nuc	nuc	1
GLN	6, 368	2056	THR	6, 378	2066	nuc	nuc	0.64
LEU	6, 369	2057	THR	6, 378	2066	nuc	nuc	0.96
PRO	6, 374	2062	THR	6, 378	2066	nuc	nuc	0.99
VAL	6, 375	2063	THR	6, 378	2066	nuc	nuc	1
CYS	6, 376	2064	THR	6, 378	2066	nuc	nuc	0.99
GLU	6, 377	2065	THR	6, 378	2066	nuc	nuc	1
THR	6, 14	1702	ILE	6, 379	2067	nuc	nuc	0.99
ALA	6, 26	1714	ILE	6, 379	2067	nuc	nuc	1
SER	6, 27	1715	ILE	6, 379	2067	nuc	nuc	0.62
GLU	6, 28	1716	ILE	6, 379	2067	nuc	nuc	0.99
ALA	6, 198	1886	ILE	6, 379	2067	nuc	nuc	1
ALA	6, 200	1888	ILE	6, 379	2067	nuc	nuc	0.98
VAL	6, 375	2063	ILE	6, 379	2067	nuc	nuc	1
CYS	6, 376	2064	ILE	6, 379	2067	nuc	nuc	1
GLU	6, 377	2065	ILE	6, 379	2067	nuc	nuc	0.99
THR	6, 378	2066	ILE	6, 379	2067	nuc	nuc	1
ALA	6, 26	1714	GLY	6, 380	2068	nuc	nuc	0.96
TRP	6, 40	1728	GLY	6, 380	2068	nuc	nuc	1
ALA	6, 96	1784	GLY	6, 380	2068	nuc	nuc	0.55
VAL	6, 196	1884	GLY	6, 380	2068	nuc	nuc	1
ALA	6, 198	1886	GLY	6, 380	2068	nuc	nuc	1
CYS	6, 376	2064	GLY	6, 380	2068	nuc	nuc	0.99
GLU	6, 377	2065	GLY	6, 380	2068	nuc	nuc	1
THR	6, 378	2066	GLY	6, 380	2068	nuc	nuc	1
ILE	6, 379	2067	GLY	6, 380	2068	nuc	nuc	1
TRP	6, 40	1728	SER	6, 381	2069	nuc	nuc	0.99
GLN	6, 94	1782	SER	6, 381	2069	nuc	nuc	0.98
GLU	6, 377	2065	SER	6, 381	2069	nuc	nuc	1
THR	6, 378	2066	SER	6, 381	2069	nuc	nuc	1
ILE	6, 379	2067	SER	6, 381	2069	nuc	nuc	0.93
GLY	6, 380	2068	SER	6, 381	2069	nuc	nuc	1
THR	6, 378	2066	HIS	6, 382	2070	nuc	nuc	1
ILE	6, 379	2067	HIS	6, 382	2070	nuc	nuc	1
GLY	6, 380	2068	HIS	6, 382	2070	nuc	nuc	1
SER	6, 381	2069	HIS	6, 382	2070	nuc	nuc	1
VAL	6, 16	1704	LEU	6, 383	2071	nuc	nuc	0.93
ARG	6, 24	1712	LEU	6, 383	2071	nuc	nuc	0.99
ALA	6, 26	1714	LEU	6, 383	2071	nuc	nuc	0.99
TRP	6, 40	1728	LEU	6, 383	2071	nuc	nuc	0.85
VAL	6, 196	1884	LEU	6, 383	2071	nuc	nuc	1
ALA	6, 198	1886	LEU	6, 383	2071	nuc	nuc	0.92
ILE	6, 379	2067	LEU	6, 383	2071	nuc	nuc	1
GLY	6, 380	2068	LEU	6, 383	2071	nuc	nuc	1
SER	6, 381	2069	LEU	6, 383	2071	nuc	nuc	0.97
HIS	6, 382	2070	LEU	6, 383	2071	nuc	nuc	1
TRP	6, 40	1728	LEU	6, 384	2072	nuc	nuc	1
GLY	6, 42	1730	LEU	6, 384	2072	nuc	nuc	1
GLN	6, 94	1782	LEU	6, 384	2072	nuc	nuc	0.98
VAL	6, 196	1884	LEU	6, 384	2072	nuc	nuc	1
GLY	6, 380	2068	LEU	6, 384	2072	nuc	nuc	1
SER	6, 381	2069	LEU	6, 384	2072	nuc	nuc	1
HIS	6, 382	2070	LEU	6, 384	2072	nuc	nuc	0.98
LEU	6, 383	2071	LEU	6, 384	2072	nuc	nuc	1
TRP	6, 262	1950	ASN	6, 385	2073	nuc	nuc	0.99
ALA	6, 263	1951	ASN	6, 385	2073	nuc	nuc	0.73
SER	6, 315	2003	ASN	6, 385	2073	nuc	nuc	0.9
SER	6, 381	2069	ASN	6, 385	2073	nuc	nuc	0.99
HIS	6, 382	2070	ASN	6, 385	2073	nuc	nuc	0.99
LEU	6, 383	2071	ASN	6, 385	2073	nuc	nuc	0.66
LEU	6, 384	2072	ASN	6, 385	2073	nuc	nuc	1
TRP	6, 262	1950	TYR	6, 386	2074	nuc	nuc	0.96
ALA	6, 263	1951	TYR	6, 386	2074	nuc	nuc	0.95
HIS	6, 382	2070	TYR	6, 386	2074	nuc	nuc	0.99
LEU	6, 383	2071	TYR	6, 386	2074	nuc	nuc	0.97
ASN	6, 385	2073	TYR	6, 386	2074	nuc	nuc	1
HIS	6, 382	2070	GLY	6, 387	2075	nuc	nuc	0.95
LEU	6, 383	2071	GLY	6, 387	2075	nuc	nuc	1
LEU	6, 384	2072	GLY	6, 387	2075	nuc	nuc	0.94
ASN	6, 385	2073	GLY	6, 387	2075	nuc	nuc	0.98
TYR	6, 386	2074	GLY	6, 387	2075	nuc	nuc	1
VAL	6, 16	1704	ARG	6, 388	2076	nuc	nuc	0.76
HIS	6, 382	2070	ARG	6, 388	2076	nuc	nuc	0.95
LEU	6, 383	2071	ARG	6, 388	2076	nuc	nuc	0.98
TYR	6, 386	2074	ARG	6, 388	2076	nuc	nuc	0.99
GLY	6, 387	2075	ARG	6, 388	2076	nuc	nuc	1
THR	6, 14	1702	ARG	6, 389	2077	nuc	nuc	0.99
VAL	6, 16	1704	ARG	6, 389	2077	nuc	nuc	0.84
ALA	6, 26	1714	ARG	6, 389	2077	nuc	nuc	0.92
THR	6, 378	2066	ARG	6, 389	2077	nuc	nuc	0.74
ILE	6, 379	2067	ARG	6, 389	2077	nuc	nuc	0.99
HIS	6, 382	2070	ARG	6, 389	2077	nuc	nuc	0.99
LEU	6, 383	2071	ARG	6, 389	2077	nuc	nuc	0.99
TYR	6, 386	2074	ARG	6, 389	2077	nuc	nuc	0.71
ARG	6, 388	2076	ARG	6, 389	2077	nuc	nuc	1
HIS	6, 382	2070	ILE	6, 390	2078	nuc	nuc	0.98
TYR	6, 386	2074	ILE	6, 390	2078	nuc	nuc	0.98
ARG	6, 388	2076	ILE	6, 390	2078	nuc	nuc	0.99
ARG	6, 389	2077	ILE	6, 390	2078	nuc	nuc	1
ILE	6, 11	1699	SER	6, 391	2079	nuc	nuc	0.78
GLU	6, 13	1701	SER	6, 391	2079	nuc	nuc	0.7
THR	6, 14	1702	SER	6, 391	2079	nuc	nuc	0.53
ARG	6, 389	2077	SER	6, 391	2079	nuc	nuc	0.98
ILE	6, 390	2078	SER	6, 391	2079	nuc	nuc	1
LEU	6, 8	1696	LEU	6, 392	2080	nuc	nuc	0.99
ILE	6, 11	1699	LEU	6, 392	2080	nuc	nuc	0.97
MET	6, 365	2053	LEU	6, 392	2080	nuc	nuc	0.93
VAL	6, 366	2054	LEU	6, 392	2080	nuc	nuc	0.82
LEU	6, 369	2057	LEU	6, 392	2080	nuc	nuc	0.76
SER	6, 391	2079	LEU	6, 392	2080	nuc	nuc	1
LEU	6, 8	1696	GLU	6, 393	2081	nuc	nuc	0.99
GLN	6, 9	1697	GLU	6, 393	2081	nuc	nuc	0.94
ILE	6, 11	1699	GLU	6, 393	2081	nuc	nuc	0.58
SER	6, 391	2079	GLU	6, 393	2081	nuc	nuc	1
LEU	6, 392	2080	GLU	6, 393	2081	nuc	nuc	1
ILE	6, 390	2078	GLU	6, 394	2082	nuc	nuc	0.99
SER	6, 391	2079	GLU	6, 394	2082	nuc	nuc	1
LEU	6, 392	2080	GLU	6, 394	2082	nuc	nuc	0.97
GLU	6, 393	2081	GLU	6, 394	2082	nuc	nuc	1
MET	6, 365	2053	TRP	6, 395	2083	nuc	nuc	0.98
ILE	6, 390	2078	TRP	6, 395	2083	nuc	nuc	0.99
SER	6, 391	2079	TRP	6, 395	2083	nuc	nuc	0.97
LEU	6, 392	2080	TRP	6, 395	2083	nuc	nuc	1
GLU	6, 393	2081	TRP	6, 395	2083	nuc	nuc	0.99
GLU	6, 394	2082	TRP	6, 395	2083	nuc	nuc	1
ALA	6, 5	1693	ASP	6, 396	2084	nuc	nuc	0.59
LEU	6, 8	1696	ASP	6, 396	2084	nuc	nuc	0.97
ARG	6, 362	2050	ASP	6, 396	2084	nuc	nuc	0.98
MET	6, 365	2053	ASP	6, 396	2084	nuc	nuc	0.53
LEU	6, 392	2080	ASP	6, 396	2084	nuc	nuc	0.99
GLU	6, 393	2081	ASP	6, 396	2084	nuc	nuc	1
GLU	6, 394	2082	ASP	6, 396	2084	nuc	nuc	0.99
TRP	6, 395	2083	ASP	6, 396	2084	nuc	nuc	1
GLU	6, 393	2081	SER	6, 397	2085	nuc	nuc	0.99
GLU	6, 394	2082	SER	6, 397	2085	nuc	nuc	1
TRP	6, 395	2083	SER	6, 397	2085	nuc	nuc	0.99
ASP	6, 396	2084	SER	6, 397	2085	nuc	nuc	1
PRO	6, 265	1953	ARG	6, 398	2086	nuc	nuc	0.66
VAL	6, 268	1956	ARG	6, 398	2086	nuc	nuc	1
GLU	6, 394	2082	ARG	6, 398	2086	nuc	nuc	0.99
TRP	6, 395	2083	ARG	6, 398	2086	nuc	nuc	1
ASP	6, 396	2084	ARG	6, 398	2086	nuc	nuc	0.99
SER	6, 397	2085	ARG	6, 398	2086	nuc	nuc	1
VAL	6, 268	1956	ILE	6, 399	2087	nuc	nuc	0.99
VAL	6, 272	1960	ILE	6, 399	2087	nuc	nuc	0.96
LYS	6, 358	2046	ILE	6, 399	2087	nuc	nuc	1
LEU	6, 361	2049	ILE	6, 399	2087	nuc	nuc	0.99
ARG	6, 362	2050	ILE	6, 399	2087	nuc	nuc	0.99
TRP	6, 395	2083	ILE	6, 399	2087	nuc	nuc	1
ASP	6, 396	2084	ILE	6, 399	2087	nuc	nuc	1
SER	6, 397	2085	ILE	6, 399	2087	nuc	nuc	0.98
ARG	6, 398	2086	ILE	6, 399	2087	nuc	nuc	1
LYS	6, 358	2046	SER	6, 400	2088	nuc	nuc	0.94
ASP	6, 396	2084	SER	6, 400	2088	nuc	nuc	0.99
SER	6, 397	2085	SER	6, 400	2088	nuc	nuc	1
ARG	6, 398	2086	SER	6, 400	2088	nuc	nuc	0.98
ILE	6, 399	2087	SER	6, 400	2088	nuc	nuc	1
SER	6, 397	2085	ALA	6, 401	2089	nuc	nuc	0.97
ARG	6, 398	2086	ALA	6, 401	2089	nuc	nuc	0.99
ILE	6, 399	2087	ALA	6, 401	2089	nuc	nuc	0.97
SER	6, 400	2088	ALA	6, 401	2089	nuc	nuc	1
VAL	6, 268	1956	VAL	6, 402	2090	nuc	nuc	0.96
VAL	6, 269	1957	VAL	6, 402	2090	nuc	nuc	0.99
VAL	6, 272	1960	VAL	6, 402	2090	nuc	nuc	1
VAL	6, 354	2042	VAL	6, 402	2090	nuc	nuc	0.98
LYS	6, 358	2046	VAL	6, 402	2090	nuc	nuc	0.98
ARG	6, 398	2086	VAL	6, 402	2090	nuc	nuc	0.78
ILE	6, 399	2087	VAL	6, 402	2090	nuc	nuc	0.99
SER	6, 400	2088	VAL	6, 402	2090	nuc	nuc	0.98
ALA	6, 401	2089	VAL	6, 402	2090	nuc	nuc	1
GLU	6, 351	2039	ASP	6, 403	2091	nuc	nuc	0.91
VAL	6, 354	2042	ASP	6, 403	2091	nuc	nuc	0.98
ALA	6, 401	2089	ASP	6, 403	2091	nuc	nuc	0.8
VAL	6, 402	2090	ASP	6, 403	2091	nuc	nuc	1
THR	6, 349	2037	ALA	6, 404	2092	nuc	nuc	0.99
THR	6, 350	2038	ALA	6, 404	2092	nuc	nuc	0.99
GLU	6, 351	2039	ALA	6, 404	2092	nuc	nuc	0.99
GLU	6, 353	2041	ALA	6, 404	2092	nuc	nuc	0.65
VAL	6, 354	2042	ALA	6, 404	2092	nuc	nuc	1
ASP	6, 403	2091	ALA	6, 404	2092	nuc	nuc	1
ASP	6, 403	2091	ARG	6, 405	2093	nuc	nuc	1
ALA	6, 404	2092	ARG	6, 405	2093	nuc	nuc	1
VAL	6, 269	1957	MET	6, 406	2094	nuc	nuc	0.99
VAL	6, 402	2090	MET	6, 406	2094	nuc	nuc	0.99
ASP	6, 403	2091	MET	6, 406	2094	nuc	nuc	1
ALA	6, 404	2092	MET	6, 406	2094	nuc	nuc	0.99
ARG	6, 405	2093	MET	6, 406	2094	nuc	nuc	1
VAL	6, 269	1957	VAL	6, 407	2095	nuc	nuc	0.99
VAL	6, 272	1960	VAL	6, 407	2095	nuc	nuc	0.99
ALA	6, 273	1961	VAL	6, 407	2095	nuc	nuc	1
ILE	6, 276	1964	VAL	6, 407	2095	nuc	nuc	0.74
LEU	6, 345	2033	VAL	6, 407	2095	nuc	nuc	0.96
THR	6, 349	2037	VAL	6, 407	2095	nuc	nuc	0.99
VAL	6, 354	2042	VAL	6, 407	2095	nuc	nuc	0.99
VAL	6, 402	2090	VAL	6, 407	2095	nuc	nuc	0.98
ASP	6, 403	2091	VAL	6, 407	2095	nuc	nuc	0.95
ALA	6, 404	2092	VAL	6, 407	2095	nuc	nuc	1
ARG	6, 405	2093	VAL	6, 407	2095	nuc	nuc	0.99
MET	6, 406	2094	VAL	6, 407	2095	nuc	nuc	1
LEU	6, 345	2033	ARG	6, 408	2096	nuc	nuc	0.83
CYS	6, 346	2034	ARG	6, 408	2096	nuc	nuc	0.99
THR	6, 347	2035	ARG	6, 408	2096	nuc	nuc	0.96
THR	6, 349	2037	ARG	6, 408	2096	nuc	nuc	0.99
ALA	6, 404	2092	ARG	6, 408	2096	nuc	nuc	0.99
ARG	6, 405	2093	ARG	6, 408	2096	nuc	nuc	1
MET	6, 406	2094	ARG	6, 408	2096	nuc	nuc	0.98
VAL	6, 407	2095	ARG	6, 408	2096	nuc	nuc	1
ARG	6, 405	2093	ASP	6, 409	2097	nuc	nuc	0.99
MET	6, 406	2094	ASP	6, 409	2097	nuc	nuc	1
VAL	6, 407	2095	ASP	6, 409	2097	nuc	nuc	0.98
ARG	6, 408	2096	ASP	6, 409	2097	nuc	nuc	1
ASP	6, 266	1954	VAL	6, 410	2098	nuc	nuc	1
VAL	6, 269	1957	VAL	6, 410	2098	nuc	nuc	1
LEU	6, 270	1958	VAL	6, 410	2098	nuc	nuc	0.98
ALA	6, 273	1961	VAL	6, 410	2098	nuc	nuc	0.88
MET	6, 406	2094	VAL	6, 410	2098	nuc	nuc	1
VAL	6, 407	2095	VAL	6, 410	2098	nuc	nuc	1
ARG	6, 408	2096	VAL	6, 410	2098	nuc	nuc	0.86
ASP	6, 409	2097	VAL	6, 410	2098	nuc	nuc	1
VAL	6, 269	1957	CYS	6, 411	2099	nuc	nuc	0.55
LEU	6, 270	1958	CYS	6, 411	2099	nuc	nuc	0.79
ALA	6, 273	1961	CYS	6, 411	2099	nuc	nuc	1
TRP	6, 342	2030	CYS	6, 411	2099	nuc	nuc	0.78
LEU	6, 345	2033	CYS	6, 411	2099	nuc	nuc	1
CYS	6, 346	2034	CYS	6, 411	2099	nuc	nuc	1
THR	6, 349	2037	CYS	6, 411	2099	nuc	nuc	0.66
VAL	6, 407	2095	CYS	6, 411	2099	nuc	nuc	1
ARG	6, 408	2096	CYS	6, 411	2099	nuc	nuc	1
ASP	6, 409	2097	CYS	6, 411	2099	nuc	nuc	0.98
VAL	6, 410	2098	CYS	6, 411	2099	nuc	nuc	1
CYS	6, 346	2034	SER	6, 412	2100	nuc	nuc	0.99
ARG	6, 408	2096	SER	6, 412	2100	nuc	nuc	1
ASP	6, 409	2097	SER	6, 412	2100	nuc	nuc	1
VAL	6, 410	2098	SER	6, 412	2100	nuc	nuc	0.99
CYS	6, 411	2099	SER	6, 412	2100	nuc	nuc	1
ASP	6, 266	1954	LYS	6, 413	2101	nuc	nuc	0.77
ASP	6, 409	2097	LYS	6, 413	2101	nuc	nuc	0.99
VAL	6, 410	2098	LYS	6, 413	2101	nuc	nuc	1
CYS	6, 411	2099	LYS	6, 413	2101	nuc	nuc	0.99
SER	6, 412	2100	LYS	6, 413	2101	nuc	nuc	1
VAL	6, 257	1945	TYR	6, 414	2102	nuc	nuc	0.99
GLU	6, 258	1946	TYR	6, 414	2102	nuc	nuc	0.94
GLY	6, 259	1947	TYR	6, 414	2102	nuc	nuc	1
PRO	6, 260	1948	TYR	6, 414	2102	nuc	nuc	0.88
ASP	6, 266	1954	TYR	6, 414	2102	nuc	nuc	0.83
LEU	6, 270	1958	TYR	6, 414	2102	nuc	nuc	0.96
PHE	6, 320	2008	TYR	6, 414	2102	nuc	nuc	0.99
VAL	6, 410	2098	TYR	6, 414	2102	nuc	nuc	0.99
CYS	6, 411	2099	TYR	6, 414	2102	nuc	nuc	1
SER	6, 412	2100	TYR	6, 414	2102	nuc	nuc	0.69
LYS	6, 413	2101	TYR	6, 414	2102	nuc	nuc	1
VAL	6, 257	1945	ILE	6, 415	2103	nuc	nuc	1
PHE	6, 320	2008	ILE	6, 415	2103	nuc	nuc	0.75
TRP	6, 342	2030	ILE	6, 415	2103	nuc	nuc	1
LEU	6, 345	2033	ILE	6, 415	2103	nuc	nuc	0.84
CYS	6, 346	2034	ILE	6, 415	2103	nuc	nuc	0.99
CYS	6, 411	2099	ILE	6, 415	2103	nuc	nuc	1
SER	6, 412	2100	ILE	6, 415	2103	nuc	nuc	0.98
TYR	6, 414	2102	ILE	6, 415	2103	nuc	nuc	1
MET	6, 343	2031	TYR	6, 416	2104	nuc	nuc	0.6
CYS	6, 346	2034	TYR	6, 416	2104	nuc	nuc	1
CYS	6, 411	2099	TYR	6, 416	2104	nuc	nuc	0.9
SER	6, 412	2100	TYR	6, 416	2104	nuc	nuc	1
LYS	6, 413	2101	TYR	6, 416	2104	nuc	nuc	0.77
ILE	6, 415	2103	TYR	6, 416	2104	nuc	nuc	1
TYR	6, 416	2104	ASP	6, 417	2105	nuc	nuc	1
VAL	6, 257	1945	LYS	6, 418	2106	nuc	nuc	1
GLU	6, 258	1946	LYS	6, 418	2106	nuc	nuc	0.85
TYR	6, 414	2102	LYS	6, 418	2106	nuc	nuc	0.97
ILE	6, 415	2103	LYS	6, 418	2106	nuc	nuc	0.99
TYR	6, 416	2104	LYS	6, 418	2106	nuc	nuc	1
ASP	6, 417	2105	LYS	6, 418	2106	nuc	nuc	1
GLY	6, 238	1926	CYS	6, 419	2107	nuc	nuc	1
LYS	6, 418	2106	CYS	6, 419	2107	nuc	nuc	1
GLY	6, 238	1926	PRO	6, 420	2108	nuc	nuc	1
LEU	6, 255	1943	PRO	6, 420	2108	nuc	nuc	1
ALA	6, 256	1944	PRO	6, 420	2108	nuc	nuc	0.99
VAL	6, 257	1945	PRO	6, 420	2108	nuc	nuc	1
LYS	6, 418	2106	PRO	6, 420	2108	nuc	nuc	1
CYS	6, 419	2107	PRO	6, 420	2108	nuc	nuc	1
LEU	6, 153	1841	ALA	6, 421	2109	nuc	nuc	1
THR	6, 156	1844	ALA	6, 421	2109	nuc	nuc	1
ALA	6, 157	1845	ALA	6, 421	2109	nuc	nuc	1
PHE	6, 236	1924	ALA	6, 421	2109	nuc	nuc	0.93
THR	6, 237	1925	ALA	6, 421	2109	nuc	nuc	0.95
GLY	6, 238	1926	ALA	6, 421	2109	nuc	nuc	1
SER	6, 239	1927	ALA	6, 421	2109	nuc	nuc	1
GLU	6, 240	1928	ALA	6, 421	2109	nuc	nuc	0.95
LEU	6, 255	1943	ALA	6, 421	2109	nuc	nuc	0.97
ALA	6, 256	1944	ALA	6, 421	2109	nuc	nuc	1
VAL	6, 257	1945	ALA	6, 421	2109	nuc	nuc	0.92
LEU	6, 319	2007	ALA	6, 421	2109	nuc	nuc	0.61
CYS	6, 419	2107	ALA	6, 421	2109	nuc	nuc	0.53
PRO	6, 420	2108	ALA	6, 421	2109	nuc	nuc	1
LEU	6, 153	1841	LEU	6, 422	2110	nuc	nuc	0.51
THR	6, 156	1844	LEU	6, 422	2110	nuc	nuc	0.82
SER	6, 239	1927	LEU	6, 422	2110	nuc	nuc	0.86
GLU	6, 240	1928	LEU	6, 422	2110	nuc	nuc	1
ILE	6, 241	1929	LEU	6, 422	2110	nuc	nuc	0.96
ARG	6, 242	1930	LEU	6, 422	2110	nuc	nuc	0.54
VAL	6, 253	1941	LEU	6, 422	2110	nuc	nuc	0.94
ALA	6, 254	1942	LEU	6, 422	2110	nuc	nuc	0.98
LEU	6, 255	1943	LEU	6, 422	2110	nuc	nuc	1
PRO	6, 420	2108	LEU	6, 422	2110	nuc	nuc	1
ALA	6, 421	2109	LEU	6, 422	2110	nuc	nuc	1
THR	6, 149	1837	ALA	6, 423	2111	nuc	nuc	1
PHE	6, 150	1838	ALA	6, 423	2111	nuc	nuc	0.83
TYR	6, 152	1840	ALA	6, 423	2111	nuc	nuc	1
LEU	6, 153	1841	ALA	6, 423	2111	nuc	nuc	1
THR	6, 156	1844	ALA	6, 423	2111	nuc	nuc	1
GLU	6, 240	1928	ALA	6, 423	2111	nuc	nuc	0.87
ILE	6, 241	1929	ALA	6, 423	2111	nuc	nuc	1
VAL	6, 253	1941	ALA	6, 423	2111	nuc	nuc	0.95
ALA	6, 254	1942	ALA	6, 423	2111	nuc	nuc	1
ALA	6, 421	2109	ALA	6, 423	2111	nuc	nuc	0.99
LEU	6, 422	2110	ALA	6, 423	2111	nuc	nuc	1
THR	6, 149	1837	ALA	6, 424	2112	nuc	nuc	0.86
GLU	6, 240	1928	ALA	6, 424	2112	nuc	nuc	0.75
ILE	6, 241	1929	ALA	6, 424	2112	nuc	nuc	0.94
ARG	6, 242	1930	ALA	6, 424	2112	nuc	nuc	1
ALA	6, 243	1931	ALA	6, 424	2112	nuc	nuc	0.99
ALA	6, 251	1939	ALA	6, 424	2112	nuc	nuc	0.98
HIS	6, 252	1940	ALA	6, 424	2112	nuc	nuc	0.99
VAL	6, 253	1941	ALA	6, 424	2112	nuc	nuc	1
ALA	6, 254	1942	ALA	6, 424	2112	nuc	nuc	0.93
LEU	6, 422	2110	ALA	6, 424	2112	nuc	nuc	1
ALA	6, 423	2111	ALA	6, 424	2112	nuc	nuc	1
MET	6, 145	1833	VAL	6, 425	2113	nuc	nuc	0.99
VAL	6, 148	1836	VAL	6, 425	2113	nuc	nuc	0.99
THR	6, 149	1837	VAL	6, 425	2113	nuc	nuc	1
TYR	6, 152	1840	VAL	6, 425	2113	nuc	nuc	0.98
ALA	6, 243	1931	VAL	6, 425	2113	nuc	nuc	1
ASP	6, 245	1933	VAL	6, 425	2113	nuc	nuc	0.93
LEU	6, 248	1936	VAL	6, 425	2113	nuc	nuc	0.88
ALA	6, 251	1939	VAL	6, 425	2113	nuc	nuc	0.97
HIS	6, 252	1940	VAL	6, 425	2113	nuc	nuc	1
ALA	6, 423	2111	VAL	6, 425	2113	nuc	nuc	0.98
ALA	6, 424	2112	VAL	6, 425	2113	nuc	nuc	1
MET	6, 145	1833	GLY	6, 426	2114	nuc	nuc	0.7
ALA	6, 243	1931	GLY	6, 426	2114	nuc	nuc	0.99
ARG	6, 244	1932	GLY	6, 426	2114	nuc	nuc	0.99
ASP	6, 245	1933	GLY	6, 426	2114	nuc	nuc	1
ASP	6, 246	1934	GLY	6, 426	2114	nuc	nuc	0.95
LEU	6, 248	1936	GLY	6, 426	2114	nuc	nuc	1
VAL	6, 250	1938	GLY	6, 426	2114	nuc	nuc	0.85
ALA	6, 251	1939	GLY	6, 426	2114	nuc	nuc	1
HIS	6, 252	1940	GLY	6, 426	2114	nuc	nuc	0.99
ALA	6, 424	2112	GLY	6, 426	2114	nuc	nuc	1
VAL	6, 425	2113	GLY	6, 426	2114	nuc	nuc	1
ARG	6, 244	1932	PRO	6, 427	2115	nuc	nuc	0.88
ASP	6, 245	1933	PRO	6, 427	2115	nuc	nuc	0.95
ASP	6, 246	1934	PRO	6, 427	2115	nuc	nuc	1
LEU	6, 248	1936	PRO	6, 427	2115	nuc	nuc	0.99
VAL	6, 250	1938	PRO	6, 427	2115	nuc	nuc	0.84
ALA	6, 251	1939	PRO	6, 427	2115	nuc	nuc	1
PRO	6, 328	2016	PRO	6, 427	2115	nuc	nuc	1
GLY	6, 426	2114	PRO	6, 427	2115	nuc	nuc	1
ARG	6, 242	1930	ILE	6, 428	2116	nuc	nuc	0.99
ARG	6, 244	1932	ILE	6, 428	2116	nuc	nuc	1
ALA	6, 251	1939	ILE	6, 428	2116	nuc	nuc	0.99
VAL	6, 253	1941	ILE	6, 428	2116	nuc	nuc	0.94
PRO	6, 328	2016	ILE	6, 428	2116	nuc	nuc	0.51
ILE	6, 331	2019	ILE	6, 428	2116	nuc	nuc	0.97
ALA	6, 424	2112	ILE	6, 428	2116	nuc	nuc	1
VAL	6, 425	2113	ILE	6, 428	2116	nuc	nuc	0.9
GLY	6, 426	2114	ILE	6, 428	2116	nuc	nuc	1
PRO	6, 427	2115	ILE	6, 428	2116	nuc	nuc	1
ARG	6, 244	1932	GLU	6, 429	2117	nuc	nuc	0.93
ASP	6, 246	1934	GLU	6, 429	2117	nuc	nuc	0.9
PRO	6, 328	2016	GLU	6, 429	2117	nuc	nuc	0.87
PRO	6, 427	2115	GLU	6, 429	2117	nuc	nuc	0.99
ILE	6, 428	2116	GLU	6, 429	2117	nuc	nuc	1
PRO	6, 328	2016	GLN	6, 430	2118	nuc	nuc	0.98
LEU	6, 329	2017	GLN	6, 430	2118	nuc	nuc	0.99
ILE	6, 331	2019	GLN	6, 430	2118	nuc	nuc	1
ASP	6, 332	2020	GLN	6, 430	2118	nuc	nuc	1
ILE	6, 428	2116	GLN	6, 430	2118	nuc	nuc	0.98
GLU	6, 429	2117	GLN	6, 430	2118	nuc	nuc	1
ARG	6, 242	1930	LEU	6, 431	2119	nuc	nuc	0.9
ALA	6, 251	1939	LEU	6, 431	2119	nuc	nuc	0.81
VAL	6, 253	1941	LEU	6, 431	2119	nuc	nuc	0.99
ILE	6, 331	2019	LEU	6, 431	2119	nuc	nuc	1
ASP	6, 332	2020	LEU	6, 431	2119	nuc	nuc	0.97
MET	6, 335	2023	LEU	6, 431	2119	nuc	nuc	0.96
ALA	6, 424	2112	LEU	6, 431	2119	nuc	nuc	0.99
ILE	6, 428	2116	LEU	6, 431	2119	nuc	nuc	1
GLU	6, 429	2117	LEU	6, 431	2119	nuc	nuc	0.99
GLN	6, 430	2118	LEU	6, 431	2119	nuc	nuc	1
PRO	2, 220	600	LEU	6, 432	2120	nuc	nuc	0.96
ASP	6, 332	2020	LEU	6, 432	2120	nuc	nuc	1
MET	6, 335	2023	LEU	6, 432	2120	nuc	nuc	0.98
GLN	6, 430	2118	LEU	6, 432	2120	nuc	nuc	0.56
LEU	6, 431	2119	LEU	6, 432	2120	nuc	nuc	1
ILE	2, 219	599	ASP	6, 433	2121	nuc	nuc	0.97
PRO	2, 220	600	ASP	6, 433	2121	nuc	nuc	0.99
VAL	4, 229	1230	ASP	6, 433	2121	nuc	nuc	0.88
LEU	6, 432	2120	ASP	6, 433	2121	nuc	nuc	1
VAL	4, 229	1230	TYR	6, 434	2122	nuc	nuc	1
GLU	6, 240	1928	TYR	6, 434	2122	nuc	nuc	1
LEU	6, 422	2110	TYR	6, 434	2122	nuc	nuc	0.98
ASP	6, 433	2121	TYR	6, 434	2122	nuc	nuc	1
PRO	2, 223	603	ASN	6, 435	2123	nuc	nuc	0.99
TYR	2, 224	604	ASN	6, 435	2123	nuc	nuc	0.67
LYS	4, 226	1227	ASN	6, 435	2123	nuc	nuc	0.99
VAL	4, 229	1230	ASN	6, 435	2123	nuc	nuc	0.99
ASP	6, 433	2121	ASN	6, 435	2123	nuc	nuc	1
TYR	6, 434	2122	ASN	6, 435	2123	nuc	nuc	1
PRO	2, 220	600	ARG	6, 436	2124	nuc	nuc	0.97
HIS	2, 222	602	ARG	6, 436	2124	nuc	nuc	0.67
PRO	2, 223	603	ARG	6, 436	2124	nuc	nuc	0.93
LEU	6, 432	2120	ARG	6, 436	2124	nuc	nuc	1
ASP	6, 433	2121	ARG	6, 436	2124	nuc	nuc	1
TYR	6, 434	2122	ARG	6, 436	2124	nuc	nuc	0.98
ASN	6, 435	2123	ARG	6, 436	2124	nuc	nuc	1
LEU	6, 255	1943	ILE	6, 437	2125	nuc	nuc	0.89
MET	6, 335	2023	ILE	6, 437	2125	nuc	nuc	0.98
GLN	6, 339	2027	ILE	6, 437	2125	nuc	nuc	0.92
PRO	6, 420	2108	ILE	6, 437	2125	nuc	nuc	0.97
LEU	6, 422	2110	ILE	6, 437	2125	nuc	nuc	0.99
LEU	6, 432	2120	ILE	6, 437	2125	nuc	nuc	1
ASP	6, 433	2121	ILE	6, 437	2125	nuc	nuc	0.98
TYR	6, 434	2122	ILE	6, 437	2125	nuc	nuc	1
ASN	6, 435	2123	ILE	6, 437	2125	nuc	nuc	0.99
ARG	6, 436	2124	ILE	6, 437	2125	nuc	nuc	1
CYS	6, 419	2107	ARG	6, 438	2126	nuc	nuc	0.99
PRO	6, 420	2108	ARG	6, 438	2126	nuc	nuc	0.96
TYR	6, 434	2122	ARG	6, 438	2126	nuc	nuc	1
ASN	6, 435	2123	ARG	6, 438	2126	nuc	nuc	1
ARG	6, 436	2124	ARG	6, 438	2126	nuc	nuc	0.99
ILE	6, 437	2125	ARG	6, 438	2126	nuc	nuc	1
PRO	2, 223	603	SER	6, 439	2127	nuc	nuc	0.63
ASN	6, 435	2123	SER	6, 439	2127	nuc	nuc	0.99
ARG	6, 436	2124	SER	6, 439	2127	nuc	nuc	1
ILE	6, 437	2125	SER	6, 439	2127	nuc	nuc	0.99
ARG	6, 438	2126	SER	6, 439	2127	nuc	nuc	1
GLN	6, 339	2027	GLY	6, 440	2128	nuc	nuc	1
GLY	6, 340	2028	GLY	6, 440	2128	nuc	nuc	0.81
MET	6, 343	2031	GLY	6, 440	2128	nuc	nuc	0.9
ARG	6, 436	2124	GLY	6, 440	2128	nuc	nuc	0.92
ILE	6, 437	2125	GLY	6, 440	2128	nuc	nuc	1
ARG	6, 438	2126	GLY	6, 440	2128	nuc	nuc	1
SER	6, 439	2127	GLY	6, 440	2128	nuc	nuc	1
GLN	6, 339	2027	MET	6, 441	2129	nuc	nuc	0.98
TRP	6, 342	2030	MET	6, 441	2129	nuc	nuc	0.79
MET	6, 343	2031	MET	6, 441	2129	nuc	nuc	0.68
ILE	6, 415	2103	MET	6, 441	2129	nuc	nuc	0.96
TYR	6, 416	2104	MET	6, 441	2129	nuc	nuc	0.98
ASP	6, 417	2105	MET	6, 441	2129	nuc	nuc	1
LYS	6, 418	2106	MET	6, 441	2129	nuc	nuc	0.99
CYS	6, 419	2107	MET	6, 441	2129	nuc	nuc	0.64
PRO	6, 420	2108	MET	6, 441	2129	nuc	nuc	0.99
ILE	6, 437	2125	MET	6, 441	2129	nuc	nuc	0.77
ARG	6, 438	2126	MET	6, 441	2129	nuc	nuc	1
SER	6, 439	2127	MET	6, 441	2129	nuc	nuc	0.99
GLY	6, 440	2128	MET	6, 441	2129	nuc	nuc	1
MET	6, 343	2031	TYR	6, 442	2130	nuc	nuc	0.82
TYR	6, 416	2104	TYR	6, 442	2130	nuc	nuc	0.99
ASP	6, 417	2105	TYR	6, 442	2130	nuc	nuc	1
SER	6, 439	2127	TYR	6, 442	2130	nuc	nuc	0.96
GLY	6, 440	2128	TYR	6, 442	2130	nuc	nuc	1
MET	6, 441	2129	TYR	6, 442	2130	nuc	nuc	1
MET	6, 343	2031	TRP	6, 443	2131	nuc	nuc	1
THR	6, 347	2035	TRP	6, 443	2131	nuc	nuc	0.92
TYR	6, 442	2130	TRP	6, 443	2131	nuc	nuc	1
TYR	6, 442	2130	ILE	6, 444	2132	nuc	nuc	0.94
TRP	6, 443	2131	ILE	6, 444	2132	nuc	nuc	1
TRP	6, 443	2131	ARG	6, 445	2133	nuc	nuc	1
ILE	6, 444	2132	ARG	6, 445	2133	nuc	nuc	1
THR	6, 347	2035	PHE	6, 446	2134	nuc	nuc	0.96
TYR	6, 442	2130	PHE	6, 446	2134	nuc	nuc	0.68
TRP	6, 443	2131	PHE	6, 446	2134	nuc	nuc	0.99
ILE	6, 444	2132	PHE	6, 446	2134	nuc	nuc	0.81
ARG	6, 445	2133	PHE	6, 446	2134	nuc	nuc	1
SER	7, 1	2135	LEU	7, 2	2136	nuc	nuc	1
ALA	5, 263	1505	LYS	7, 3	2137	nuc	nuc	0.52
SER	7, 1	2135	LYS	7, 3	2137	nuc	nuc	0.75
LEU	7, 2	2136	LYS	7, 3	2137	nuc	nuc	1
TYR	5, 386	1628	VAL	7, 4	2138	nuc	nuc	0.59
GLY	5, 387	1629	VAL	7, 4	2138	nuc	nuc	0.62
ARG	5, 388	1630	VAL	7, 4	2138	nuc	nuc	0.61
LEU	7, 2	2136	VAL	7, 4	2138	nuc	nuc	0.79
LYS	7, 3	2137	VAL	7, 4	2138	nuc	nuc	1
ALA	5, 263	1505	ALA	7, 5	2139	nuc	nuc	0.57
LYS	7, 3	2137	ALA	7, 5	2139	nuc	nuc	0.62
VAL	7, 4	2138	ALA	7, 5	2139	nuc	nuc	1
VAL	7, 4	2138	PRO	7, 6	2140	nuc	nuc	0.64
ALA	7, 5	2139	PRO	7, 6	2140	nuc	nuc	1
GLU	5, 394	1636	LYS	7, 7	2141	nuc	nuc	0.54
ALA	7, 5	2139	LYS	7, 7	2141	nuc	nuc	0.64
PRO	7, 6	2140	LYS	7, 7	2141	nuc	nuc	1
GLU	5, 394	1636	VAL	7, 8	2142	nuc	nuc	0.75
SER	5, 397	1639	VAL	7, 8	2142	nuc	nuc	0.72
ARG	5, 398	1640	VAL	7, 8	2142	nuc	nuc	0.61
PRO	7, 6	2140	VAL	7, 8	2142	nuc	nuc	0.86
LYS	7, 7	2141	VAL	7, 8	2142	nuc	nuc	1
LYS	7, 7	2141	ALA	7, 9	2143	nuc	nuc	0.75
VAL	7, 8	2142	ALA	7, 9	2143	nuc	nuc	1
GLU	5, 393	1635	VAL	7, 10	2144	nuc	nuc	0.56
GLU	5, 394	1636	VAL	7, 10	2144	nuc	nuc	0.59
SER	5, 397	1639	VAL	7, 10	2144	nuc	nuc	0.66
VAL	7, 8	2142	VAL	7, 10	2144	nuc	nuc	0.82
ALA	7, 9	2143	VAL	7, 10	2144	nuc	nuc	1
ALA	7, 9	2143	SER	7, 11	2145	nuc	nuc	0.79
VAL	7, 10	2144	SER	7, 11	2145	nuc	nuc	1
VAL	7, 10	2144	ALA	7, 12	2146	nuc	nuc	0.72
SER	7, 11	2145	ALA	7, 12	2146	nuc	nuc	1
SER	7, 11	2145	ALA	7, 13	2147	nuc	nuc	0.85
ALA	7, 12	2146	ALA	7, 13	2147	nuc	nuc	1
ALA	7, 12	2146	ALA	7, 14	2148	nuc	nuc	0.78
ALA	7, 13	2147	ALA	7, 14	2148	nuc	nuc	1
ALA	7, 13	2147	GLU	7, 15	2149	nuc	nuc	0.71
ALA	7, 14	2148	GLU	7, 15	2149	nuc	nuc	1
GLN	5, 9	1251	ARG	7, 16	2150	nuc	nuc	0.77
ALA	7, 14	2148	ARG	7, 16	2150	nuc	nuc	0.76
GLU	7, 15	2149	ARG	7, 16	2150	nuc	nuc	1
GLN	5, 6	1248	VAL	7, 17	2151	nuc	nuc	0.73
GLN	5, 9	1251	VAL	7, 17	2151	nuc	nuc	0.58
GLU	7, 15	2149	VAL	7, 17	2151	nuc	nuc	0.8
ARG	7, 16	2150	VAL	7, 17	2151	nuc	nuc	1
ASN	5, 10	1252	LYS	7, 18	2152	nuc	nuc	0.75
ARG	7, 16	2150	LYS	7, 18	2152	nuc	nuc	0.79
VAL	7, 17	2151	LYS	7, 18	2152	nuc	nuc	1
ALA	5, 2	1244	LEU	7, 19	2153	nuc	nuc	0.61
GLN	5, 6	1248	LEU	7, 19	2153	nuc	nuc	0.6
ASN	5, 10	1252	LEU	7, 19	2153	nuc	nuc	0.82
VAL	7, 17	2151	LEU	7, 19	2153	nuc	nuc	0.87
LYS	7, 18	2152	LEU	7, 19	2153	nuc	nuc	1
LYS	7, 18	2152	CYS	7, 20	2154	nuc	nuc	0.78
LEU	7, 19	2153	CYS	7, 20	2154	nuc	nuc	1
LEU	7, 19	2153	PRO	7, 21	2155	nuc	nuc	0.69
CYS	7, 20	2154	PRO	7, 21	2155	nuc	nuc	1
CYS	7, 20	2154	GLY	7, 22	2156	nuc	nuc	0.98
PRO	7, 21	2155	GLY	7, 22	2156	nuc	nuc	1
PRO	7, 21	2155	ALA	7, 23	2157	nuc	nuc	0.76
GLY	7, 22	2156	ALA	7, 23	2157	nuc	nuc	1
GLY	7, 22	2156	GLU	7, 24	2158	nuc	nuc	0.93
ALA	7, 23	2157	GLU	7, 24	2158	nuc	nuc	1
ALA	7, 23	2157	ASP	7, 25	2159	nuc	nuc	0.71
GLU	7, 24	2158	ASP	7, 25	2159	nuc	nuc	1
ASP	7, 25	2159	LEU	7, 26	2160	nuc	nuc	1
ASP	7, 25	2159	GLU	7, 27	2161	nuc	nuc	0.91
LEU	7, 26	2160	GLU	7, 27	2161	nuc	nuc	1
LEU	7, 26	2160	ILE	7, 28	2162	nuc	nuc	0.99
GLU	7, 27	2161	ILE	7, 28	2162	nuc	nuc	1
GLU	7, 27	2161	THR	7, 29	2163	nuc	nuc	0.98
ILE	7, 28	2162	THR	7, 29	2163	nuc	nuc	1
ILE	7, 28	2162	LYS	7, 30	2164	nuc	nuc	0.89
THR	7, 29	2163	LYS	7, 30	2164	nuc	nuc	1
THR	7, 29	2163	LEU	7, 31	2165	nuc	nuc	0.98
LYS	7, 30	2164	LEU	7, 31	2165	nuc	nuc	1
LEU	7, 31	2165	PRO	7, 32	2166	nuc	nuc	1
LEU	7, 31	2165	ASN	7, 33	2167	nuc	nuc	0.99
PRO	7, 32	2166	ASN	7, 33	2167	nuc	nuc	1
LYS	7, 30	2164	GLY	7, 34	2168	nuc	nuc	0.97
LEU	7, 31	2165	GLY	7, 34	2168	nuc	nuc	0.99
PRO	7, 32	2166	GLY	7, 34	2168	nuc	nuc	0.99
ASN	7, 33	2167	GLY	7, 34	2168	nuc	nuc	1
LYS	7, 30	2164	LEU	7, 35	2169	nuc	nuc	0.88
LEU	7, 31	2165	LEU	7, 35	2169	nuc	nuc	0.99
ASN	7, 33	2167	LEU	7, 35	2169	nuc	nuc	0.99
GLY	7, 34	2168	LEU	7, 35	2169	nuc	nuc	1
ILE	7, 28	2162	ILE	7, 36	2170	nuc	nuc	0.95
THR	7, 29	2163	ILE	7, 36	2170	nuc	nuc	0.87
LYS	7, 30	2164	ILE	7, 36	2170	nuc	nuc	0.99
LEU	7, 31	2165	ILE	7, 36	2170	nuc	nuc	0.67
GLY	7, 34	2168	ILE	7, 36	2170	nuc	nuc	0.99
LEU	7, 35	2169	ILE	7, 36	2170	nuc	nuc	1
ILE	7, 28	2162	ILE	7, 37	2171	nuc	nuc	0.95
THR	7, 29	2163	ILE	7, 37	2171	nuc	nuc	0.99
LYS	7, 30	2164	ILE	7, 37	2171	nuc	nuc	0.64
LEU	7, 31	2165	ILE	7, 37	2171	nuc	nuc	0.96
LEU	7, 35	2169	ILE	7, 37	2171	nuc	nuc	1
ILE	7, 36	2170	ILE	7, 37	2171	nuc	nuc	1
LEU	7, 26	2160	ALA	7, 38	2172	nuc	nuc	0.97
GLU	7, 27	2161	ALA	7, 38	2172	nuc	nuc	0.96
ILE	7, 28	2162	ALA	7, 38	2172	nuc	nuc	1
THR	7, 29	2163	ALA	7, 38	2172	nuc	nuc	0.63
ILE	7, 36	2170	ALA	7, 38	2172	nuc	nuc	1
ILE	7, 37	2171	ALA	7, 38	2172	nuc	nuc	1
LEU	7, 26	2160	SER	7, 39	2173	nuc	nuc	0.9
GLU	7, 27	2161	SER	7, 39	2173	nuc	nuc	0.99
ILE	7, 37	2171	SER	7, 39	2173	nuc	nuc	0.99
ALA	7, 38	2172	SER	7, 39	2173	nuc	nuc	1
GLU	7, 24	2158	LEU	7, 40	2174	nuc	nuc	0.72
ASP	7, 25	2159	LEU	7, 40	2174	nuc	nuc	0.65
LEU	7, 26	2160	LEU	7, 40	2174	nuc	nuc	0.99
GLU	7, 27	2161	LEU	7, 40	2174	nuc	nuc	0.7
ALA	7, 38	2172	LEU	7, 40	2174	nuc	nuc	0.89
SER	7, 39	2173	LEU	7, 40	2174	nuc	nuc	1
GLU	7, 24	2158	GLU	7, 41	2175	nuc	nuc	0.82
SER	7, 39	2173	GLU	7, 41	2175	nuc	nuc	0.99
LEU	7, 40	2174	GLU	7, 41	2175	nuc	nuc	1
ALA	7, 23	2157	ASN	7, 42	2176	nuc	nuc	0.58
GLU	7, 24	2158	ASN	7, 42	2176	nuc	nuc	0.59
LEU	7, 40	2174	ASN	7, 42	2176	nuc	nuc	1
GLU	7, 41	2175	ASN	7, 42	2176	nuc	nuc	1
ALA	5, 2	1244	PHE	7, 43	2177	nuc	nuc	0.84
THR	5, 7	1249	PHE	7, 43	2177	nuc	nuc	0.97
ASN	5, 10	1252	PHE	7, 43	2177	nuc	nuc	0.93
LEU	7, 19	2153	PHE	7, 43	2177	nuc	nuc	0.77
GLU	7, 41	2175	PHE	7, 43	2177	nuc	nuc	0.97
ASN	7, 42	2176	PHE	7, 43	2177	nuc	nuc	1
THR	5, 7	1249	SER	7, 44	2178	nuc	nuc	0.95
ASN	7, 42	2176	SER	7, 44	2178	nuc	nuc	1
PHE	7, 43	2177	SER	7, 44	2178	nuc	nuc	1
TYR	5, 4	1246	PRO	7, 45	2179	nuc	nuc	0.96
THR	5, 7	1249	PRO	7, 45	2179	nuc	nuc	0.98
LEU	5, 8	1250	PRO	7, 45	2179	nuc	nuc	0.97
VAL	5, 366	1608	PRO	7, 45	2179	nuc	nuc	0.99
LEU	5, 392	1634	PRO	7, 45	2179	nuc	nuc	0.73
SER	7, 44	2178	PRO	7, 45	2179	nuc	nuc	1
SER	5, 363	1605	ALA	7, 46	2180	nuc	nuc	0.88
VAL	5, 366	1608	ALA	7, 46	2180	nuc	nuc	1
ALA	5, 367	1609	ALA	7, 46	2180	nuc	nuc	0.97
SER	7, 44	2178	ALA	7, 46	2180	nuc	nuc	1
PRO	7, 45	2179	ALA	7, 46	2180	nuc	nuc	1
SER	7, 44	2178	SER	7, 47	2181	nuc	nuc	0.83
ALA	7, 46	2180	SER	7, 47	2181	nuc	nuc	1
ALA	7, 46	2180	ARG	7, 48	2182	nuc	nuc	1
SER	7, 47	2181	ARG	7, 48	2182	nuc	nuc	1
SER	7, 47	2181	ILE	7, 49	2183	nuc	nuc	1
ARG	7, 48	2182	ILE	7, 49	2183	nuc	nuc	1
ARG	7, 48	2182	GLY	7, 50	2184	nuc	nuc	1
ILE	7, 49	2183	GLY	7, 50	2184	nuc	nuc	1
ILE	7, 49	2183	VAL	7, 51	2185	nuc	nuc	0.92
GLY	7, 50	2184	VAL	7, 51	2185	nuc	nuc	1
GLY	7, 50	2184	PHE	7, 52	2186	nuc	nuc	1
VAL	7, 51	2185	PHE	7, 52	2186	nuc	nuc	1
VAL	7, 51	2185	ILE	7, 53	2187	nuc	nuc	1
PHE	7, 52	2186	ILE	7, 53	2187	nuc	nuc	1
PHE	7, 52	2186	LYS	7, 54	2188	nuc	nuc	0.59
ILE	7, 53	2187	LYS	7, 54	2188	nuc	nuc	1
ILE	7, 53	2187	ALA	7, 55	2189	nuc	nuc	1
LYS	7, 54	2188	ALA	7, 55	2189	nuc	nuc	1
LYS	7, 54	2188	GLY	7, 56	2190	nuc	nuc	0.93
ALA	7, 55	2189	GLY	7, 56	2190	nuc	nuc	1
GLY	7, 56	2190	SER	7, 57	2191	nuc	nuc	1
GLY	7, 56	2190	ARG	7, 58	2192	nuc	nuc	1
SER	7, 57	2191	ARG	7, 58	2192	nuc	nuc	1
LYS	7, 54	2188	TYR	7, 59	2193	nuc	nuc	0.72
ALA	7, 55	2189	TYR	7, 59	2193	nuc	nuc	0.99
GLY	7, 56	2190	TYR	7, 59	2193	nuc	nuc	1
SER	7, 57	2191	TYR	7, 59	2193	nuc	nuc	0.98
ARG	7, 58	2192	TYR	7, 59	2193	nuc	nuc	1
GLY	7, 56	2190	GLU	7, 60	2194	nuc	nuc	0.81
SER	7, 57	2191	GLU	7, 60	2194	nuc	nuc	0.99
ARG	7, 58	2192	GLU	7, 60	2194	nuc	nuc	0.97
TYR	7, 59	2193	GLU	7, 60	2194	nuc	nuc	1
GLU	7, 60	2194	THR	7, 61	2195	nuc	nuc	1
THR	7, 61	2195	THR	7, 62	2196	nuc	nuc	1
THR	7, 61	2195	ALA	7, 63	2197	nuc	nuc	0.99
THR	7, 62	2196	ALA	7, 63	2197	nuc	nuc	1
GLU	7, 60	2194	ASN	7, 64	2198	nuc	nuc	0.99
THR	7, 61	2195	ASN	7, 64	2198	nuc	nuc	0.99
THR	7, 62	2196	ASN	7, 64	2198	nuc	nuc	0.55
ALA	7, 63	2197	ASN	7, 64	2198	nuc	nuc	1
GLU	7, 60	2194	LEU	7, 65	2199	nuc	nuc	0.99
THR	7, 61	2195	LEU	7, 65	2199	nuc	nuc	0.74
THR	7, 62	2196	LEU	7, 65	2199	nuc	nuc	0.99
ALA	7, 63	2197	LEU	7, 65	2199	nuc	nuc	0.88
ASN	7, 64	2198	LEU	7, 65	2199	nuc	nuc	1
SER	7, 57	2191	GLY	7, 66	2200	nuc	nuc	0.61
GLU	7, 60	2194	GLY	7, 66	2200	nuc	nuc	0.98
ASN	7, 64	2198	GLY	7, 66	2200	nuc	nuc	1
LEU	7, 65	2199	GLY	7, 66	2200	nuc	nuc	1
GLU	7, 60	2194	THR	7, 67	2201	nuc	nuc	0.99
ASN	7, 64	2198	THR	7, 67	2201	nuc	nuc	1
LEU	7, 65	2199	THR	7, 67	2201	nuc	nuc	0.99
GLY	7, 66	2200	THR	7, 67	2201	nuc	nuc	1
ALA	7, 55	2189	ALA	7, 68	2202	nuc	nuc	0.95
GLY	7, 56	2190	ALA	7, 68	2202	nuc	nuc	1
SER	7, 57	2191	ALA	7, 68	2202	nuc	nuc	1
TYR	7, 59	2193	ALA	7, 68	2202	nuc	nuc	0.77
GLU	7, 60	2194	ALA	7, 68	2202	nuc	nuc	0.99
GLY	7, 66	2200	ALA	7, 68	2202	nuc	nuc	1
THR	7, 67	2201	ALA	7, 68	2202	nuc	nuc	1
SER	7, 57	2191	HIS	7, 69	2203	nuc	nuc	0.61
GLY	7, 66	2200	HIS	7, 69	2203	nuc	nuc	1
THR	7, 67	2201	HIS	7, 69	2203	nuc	nuc	0.99
ALA	7, 68	2202	HIS	7, 69	2203	nuc	nuc	1
GLY	7, 66	2200	LEU	7, 70	2204	nuc	nuc	0.99
THR	7, 67	2201	LEU	7, 70	2204	nuc	nuc	1
ALA	7, 68	2202	LEU	7, 70	2204	nuc	nuc	0.97
HIS	7, 69	2203	LEU	7, 70	2204	nuc	nuc	1
ALA	7, 55	2189	LEU	7, 71	2205	nuc	nuc	0.55
THR	7, 67	2201	LEU	7, 71	2205	nuc	nuc	1
ALA	7, 68	2202	LEU	7, 71	2205	nuc	nuc	1
HIS	7, 69	2203	LEU	7, 71	2205	nuc	nuc	1
LEU	7, 70	2204	LEU	7, 71	2205	nuc	nuc	1
ALA	7, 68	2202	ARG	7, 72	2206	nuc	nuc	0.99
HIS	7, 69	2203	ARG	7, 72	2206	nuc	nuc	1
LEU	7, 70	2204	ARG	7, 72	2206	nuc	nuc	0.99
LEU	7, 71	2205	ARG	7, 72	2206	nuc	nuc	1
GLY	5, 285	1527	LEU	7, 73	2207	nuc	nuc	0.94
HIS	7, 69	2203	LEU	7, 73	2207	nuc	nuc	0.98
LEU	7, 70	2204	LEU	7, 73	2207	nuc	nuc	1
LEU	7, 71	2205	LEU	7, 73	2207	nuc	nuc	0.98
ARG	7, 72	2206	LEU	7, 73	2207	nuc	nuc	1
LEU	7, 70	2204	ALA	7, 74	2208	nuc	nuc	1
LEU	7, 71	2205	ALA	7, 74	2208	nuc	nuc	1
ARG	7, 72	2206	ALA	7, 74	2208	nuc	nuc	0.99
LEU	7, 73	2207	ALA	7, 74	2208	nuc	nuc	1
GLY	5, 285	1527	SER	7, 75	2209	nuc	nuc	0.61
ARG	7, 72	2206	SER	7, 75	2209	nuc	nuc	0.92
LEU	7, 73	2207	SER	7, 75	2209	nuc	nuc	0.97
ALA	7, 74	2208	SER	7, 75	2209	nuc	nuc	1
GLY	5, 285	1527	PRO	7, 76	2210	nuc	nuc	0.99
GLY	5, 286	1528	PRO	7, 76	2210	nuc	nuc	0.99
GLY	5, 287	1529	PRO	7, 76	2210	nuc	nuc	0.61
HIS	5, 289	1531	PRO	7, 76	2210	nuc	nuc	0.69
ALA	7, 74	2208	PRO	7, 76	2210	nuc	nuc	0.92
SER	7, 75	2209	PRO	7, 76	2210	nuc	nuc	1
ALA	7, 74	2208	LEU	7, 77	2211	nuc	nuc	1
SER	7, 75	2209	LEU	7, 77	2211	nuc	nuc	0.98
PRO	7, 76	2210	LEU	7, 77	2211	nuc	nuc	1
LEU	7, 77	2211	THR	7, 78	2212	nuc	nuc	1
LEU	7, 77	2211	THR	7, 79	2213	nuc	nuc	0.98
THR	7, 78	2212	THR	7, 79	2213	nuc	nuc	1
THR	7, 79	2213	LYS	7, 80	2214	nuc	nuc	1
THR	7, 79	2213	GLY	7, 81	2215	nuc	nuc	1
LYS	7, 80	2214	GLY	7, 81	2215	nuc	nuc	1
THR	7, 78	2212	ALA	7, 82	2216	nuc	nuc	0.74
THR	7, 79	2213	ALA	7, 82	2216	nuc	nuc	0.99
GLY	7, 81	2215	ALA	7, 82	2216	nuc	nuc	1
THR	7, 78	2212	SER	7, 83	2217	nuc	nuc	0.99
THR	7, 79	2213	SER	7, 83	2217	nuc	nuc	0.64
GLY	7, 81	2215	SER	7, 83	2217	nuc	nuc	0.6
ALA	7, 82	2216	SER	7, 83	2217	nuc	nuc	1
HIS	5, 289	1531	SER	7, 84	2218	nuc	nuc	0.97
PRO	7, 76	2210	SER	7, 84	2218	nuc	nuc	0.99
LEU	7, 77	2211	SER	7, 84	2218	nuc	nuc	0.99
THR	7, 78	2212	SER	7, 84	2218	nuc	nuc	1
SER	7, 83	2217	SER	7, 84	2218	nuc	nuc	1
HIS	5, 289	1531	PHE	7, 85	2219	nuc	nuc	0.99
SER	7, 83	2217	PHE	7, 85	2219	nuc	nuc	1
SER	7, 84	2218	PHE	7, 85	2219	nuc	nuc	1
ALA	7, 82	2216	ARG	7, 86	2220	nuc	nuc	1
SER	7, 83	2217	ARG	7, 86	2220	nuc	nuc	1
SER	7, 84	2218	ARG	7, 86	2220	nuc	nuc	0.96
PHE	7, 85	2219	ARG	7, 86	2220	nuc	nuc	1
PRO	7, 76	2210	ILE	7, 87	2221	nuc	nuc	0.99
THR	7, 79	2213	ILE	7, 87	2221	nuc	nuc	0.95
ALA	7, 82	2216	ILE	7, 87	2221	nuc	nuc	0.99
SER	7, 83	2217	ILE	7, 87	2221	nuc	nuc	0.99
SER	7, 84	2218	ILE	7, 87	2221	nuc	nuc	1
PHE	7, 85	2219	ILE	7, 87	2221	nuc	nuc	0.99
ARG	7, 86	2220	ILE	7, 87	2221	nuc	nuc	1
GLY	5, 286	1528	THR	7, 88	2222	nuc	nuc	0.98
GLY	5, 287	1529	THR	7, 88	2222	nuc	nuc	0.72
HIS	5, 289	1531	THR	7, 88	2222	nuc	nuc	0.99
LEU	5, 290	1532	THR	7, 88	2222	nuc	nuc	0.97
SER	5, 291	1533	THR	7, 88	2222	nuc	nuc	0.77
PRO	7, 76	2210	THR	7, 88	2222	nuc	nuc	0.99
SER	7, 84	2218	THR	7, 88	2222	nuc	nuc	0.99
PHE	7, 85	2219	THR	7, 88	2222	nuc	nuc	1
ARG	7, 86	2220	THR	7, 88	2222	nuc	nuc	0.9
ILE	7, 87	2221	THR	7, 88	2222	nuc	nuc	1
HIS	5, 289	1531	ARG	7, 89	2223	nuc	nuc	0.96
SER	5, 291	1533	ARG	7, 89	2223	nuc	nuc	0.98
PHE	7, 85	2219	ARG	7, 89	2223	nuc	nuc	1
ARG	7, 86	2220	ARG	7, 89	2223	nuc	nuc	1
ILE	7, 87	2221	ARG	7, 89	2223	nuc	nuc	0.86
THR	7, 88	2222	ARG	7, 89	2223	nuc	nuc	1
ARG	7, 86	2220	GLY	7, 90	2224	nuc	nuc	1
ILE	7, 87	2221	GLY	7, 90	2224	nuc	nuc	1
THR	7, 88	2222	GLY	7, 90	2224	nuc	nuc	1
ARG	7, 89	2223	GLY	7, 90	2224	nuc	nuc	1
ILE	7, 87	2221	ILE	7, 91	2225	nuc	nuc	0.99
THR	7, 88	2222	ILE	7, 91	2225	nuc	nuc	1
ARG	7, 89	2223	ILE	7, 91	2225	nuc	nuc	0.94
GLY	7, 90	2224	ILE	7, 91	2225	nuc	nuc	1
LEU	5, 290	1532	GLU	7, 92	2226	nuc	nuc	0.86
SER	5, 291	1533	GLU	7, 92	2226	nuc	nuc	0.98
ARG	5, 356	1598	GLU	7, 92	2226	nuc	nuc	0.96
HIS	5, 360	1602	GLU	7, 92	2226	nuc	nuc	0.8
THR	7, 88	2222	GLU	7, 92	2226	nuc	nuc	1
ARG	7, 89	2223	GLU	7, 92	2226	nuc	nuc	1
GLY	7, 90	2224	GLU	7, 92	2226	nuc	nuc	1
ILE	7, 91	2225	GLU	7, 92	2226	nuc	nuc	1
SER	5, 291	1533	ALA	7, 93	2227	nuc	nuc	0.82
LYS	5, 355	1597	ALA	7, 93	2227	nuc	nuc	0.61
ARG	5, 356	1598	ALA	7, 93	2227	nuc	nuc	0.99
ASN	5, 359	1601	ALA	7, 93	2227	nuc	nuc	0.93
ARG	7, 89	2223	ALA	7, 93	2227	nuc	nuc	1
GLY	7, 90	2224	ALA	7, 93	2227	nuc	nuc	1
ILE	7, 91	2225	ALA	7, 93	2227	nuc	nuc	0.99
GLU	7, 92	2226	ALA	7, 93	2227	nuc	nuc	1
ASN	5, 359	1601	VAL	7, 94	2228	nuc	nuc	0.99
GLY	7, 90	2224	VAL	7, 94	2228	nuc	nuc	0.99
ILE	7, 91	2225	VAL	7, 94	2228	nuc	nuc	0.99
GLU	7, 92	2226	VAL	7, 94	2228	nuc	nuc	0.88
ALA	7, 93	2227	VAL	7, 94	2228	nuc	nuc	1
ARG	5, 356	1598	GLY	7, 95	2229	nuc	nuc	0.85
ASN	5, 359	1601	GLY	7, 95	2229	nuc	nuc	1
HIS	5, 360	1602	GLY	7, 95	2229	nuc	nuc	1
ARG	5, 362	1604	GLY	7, 95	2229	nuc	nuc	0.63
SER	5, 363	1605	GLY	7, 95	2229	nuc	nuc	1
ILE	7, 91	2225	GLY	7, 95	2229	nuc	nuc	0.99
GLU	7, 92	2226	GLY	7, 95	2229	nuc	nuc	1
ALA	7, 93	2227	GLY	7, 95	2229	nuc	nuc	1
VAL	7, 94	2228	GLY	7, 95	2229	nuc	nuc	1
ASN	5, 359	1601	GLY	7, 96	2230	nuc	nuc	0.54
HIS	5, 360	1602	GLY	7, 96	2230	nuc	nuc	0.57
SER	5, 363	1605	GLY	7, 96	2230	nuc	nuc	1
ILE	7, 91	2225	GLY	7, 96	2230	nuc	nuc	1
GLU	7, 92	2226	GLY	7, 96	2230	nuc	nuc	0.96
VAL	7, 94	2228	GLY	7, 96	2230	nuc	nuc	1
GLY	7, 95	2229	GLY	7, 96	2230	nuc	nuc	1
SER	5, 363	1605	SER	7, 97	2231	nuc	nuc	0.52
ILE	7, 91	2225	SER	7, 97	2231	nuc	nuc	0.96
GLY	7, 95	2229	SER	7, 97	2231	nuc	nuc	0.97
GLY	7, 96	2230	SER	7, 97	2231	nuc	nuc	1
SER	7, 75	2209	LEU	7, 98	2232	nuc	nuc	0.99
PRO	7, 76	2210	LEU	7, 98	2232	nuc	nuc	0.73
ILE	7, 87	2221	LEU	7, 98	2232	nuc	nuc	0.54
ILE	7, 91	2225	LEU	7, 98	2232	nuc	nuc	1
GLY	7, 96	2230	LEU	7, 98	2232	nuc	nuc	0.97
SER	7, 97	2231	LEU	7, 98	2232	nuc	nuc	1
SER	7, 97	2231	SER	7, 99	2233	nuc	nuc	1
LEU	7, 98	2232	SER	7, 99	2233	nuc	nuc	1
ARG	7, 72	2206	VAL	7, 100	2234	nuc	nuc	1
SER	7, 75	2209	VAL	7, 100	2234	nuc	nuc	1
LEU	7, 98	2232	VAL	7, 100	2234	nuc	nuc	0.93
SER	7, 99	2233	VAL	7, 100	2234	nuc	nuc	1
SER	7, 99	2233	TYR	7, 101	2235	nuc	nuc	1
VAL	7, 100	2234	TYR	7, 101	2235	nuc	nuc	1
GLY	7, 56	2190	SER	7, 102	2236	nuc	nuc	0.99
SER	7, 57	2191	SER	7, 102	2236	nuc	nuc	0.84
ALA	7, 68	2202	SER	7, 102	2236	nuc	nuc	0.99
HIS	7, 69	2203	SER	7, 102	2236	nuc	nuc	0.64
ARG	7, 72	2206	SER	7, 102	2236	nuc	nuc	1
VAL	7, 100	2234	SER	7, 102	2236	nuc	nuc	1
TYR	7, 101	2235	SER	7, 102	2236	nuc	nuc	1
GLY	7, 56	2190	THR	7, 103	2237	nuc	nuc	0.97
TYR	7, 101	2235	THR	7, 103	2237	nuc	nuc	0.98
SER	7, 102	2236	THR	7, 103	2237	nuc	nuc	1
GLY	7, 56	2190	ARG	7, 104	2238	nuc	nuc	0.99
SER	7, 57	2191	ARG	7, 104	2238	nuc	nuc	1
ARG	7, 58	2192	ARG	7, 104	2238	nuc	nuc	0.99
THR	7, 103	2237	ARG	7, 104	2238	nuc	nuc	1
LYS	7, 54	2188	GLU	7, 105	2239	nuc	nuc	0.97
GLY	7, 56	2190	GLU	7, 105	2239	nuc	nuc	0.99
ARG	7, 58	2192	GLU	7, 105	2239	nuc	nuc	0.99
THR	7, 103	2237	GLU	7, 105	2239	nuc	nuc	1
ARG	7, 104	2238	GLU	7, 105	2239	nuc	nuc	1
PHE	7, 52	2186	LYS	7, 106	2240	nuc	nuc	0.99
ILE	7, 53	2187	LYS	7, 106	2240	nuc	nuc	0.97
LYS	7, 54	2188	LYS	7, 106	2240	nuc	nuc	0.99
ALA	7, 55	2189	LYS	7, 106	2240	nuc	nuc	0.9
GLY	7, 56	2190	LYS	7, 106	2240	nuc	nuc	0.99
SER	7, 102	2236	LYS	7, 106	2240	nuc	nuc	0.88
THR	7, 103	2237	LYS	7, 106	2240	nuc	nuc	1
GLU	7, 105	2239	LYS	7, 106	2240	nuc	nuc	1
PHE	7, 52	2186	MET	7, 107	2241	nuc	nuc	0.71
ILE	7, 53	2187	MET	7, 107	2241	nuc	nuc	1
ALA	7, 55	2189	MET	7, 107	2241	nuc	nuc	1
GLY	7, 56	2190	MET	7, 107	2241	nuc	nuc	1
ALA	7, 68	2202	MET	7, 107	2241	nuc	nuc	0.93
LEU	7, 71	2205	MET	7, 107	2241	nuc	nuc	0.82
ARG	7, 72	2206	MET	7, 107	2241	nuc	nuc	0.96
VAL	7, 100	2234	MET	7, 107	2241	nuc	nuc	0.99
TYR	7, 101	2235	MET	7, 107	2241	nuc	nuc	0.95
SER	7, 102	2236	MET	7, 107	2241	nuc	nuc	1
THR	7, 103	2237	MET	7, 107	2241	nuc	nuc	0.72
LYS	7, 106	2240	MET	7, 107	2241	nuc	nuc	1
GLY	7, 50	2184	THR	7, 108	2242	nuc	nuc	0.99
VAL	7, 51	2185	THR	7, 108	2242	nuc	nuc	0.98
PHE	7, 52	2186	THR	7, 108	2242	nuc	nuc	1
ILE	7, 53	2187	THR	7, 108	2242	nuc	nuc	0.89
VAL	7, 100	2234	THR	7, 108	2242	nuc	nuc	0.99
TYR	7, 101	2235	THR	7, 108	2242	nuc	nuc	1
SER	7, 102	2236	THR	7, 108	2242	nuc	nuc	0.86
LYS	7, 106	2240	THR	7, 108	2242	nuc	nuc	1
MET	7, 107	2241	THR	7, 108	2242	nuc	nuc	1
GLY	7, 50	2184	TYR	7, 109	2243	nuc	nuc	1
VAL	7, 51	2185	TYR	7, 109	2243	nuc	nuc	1
ILE	7, 53	2187	TYR	7, 109	2243	nuc	nuc	0.82
SER	7, 75	2209	TYR	7, 109	2243	nuc	nuc	0.93
LEU	7, 98	2232	TYR	7, 109	2243	nuc	nuc	0.91
SER	7, 99	2233	TYR	7, 109	2243	nuc	nuc	0.71
VAL	7, 100	2234	TYR	7, 109	2243	nuc	nuc	1
MET	7, 107	2241	TYR	7, 109	2243	nuc	nuc	0.99
THR	7, 108	2242	TYR	7, 109	2243	nuc	nuc	1
ARG	7, 48	2182	CYS	7, 110	2244	nuc	nuc	0.99
ILE	7, 49	2183	CYS	7, 110	2244	nuc	nuc	0.97
GLY	7, 50	2184	CYS	7, 110	2244	nuc	nuc	1
VAL	7, 51	2185	CYS	7, 110	2244	nuc	nuc	0.67
LEU	7, 98	2232	CYS	7, 110	2244	nuc	nuc	0.91
SER	7, 99	2233	CYS	7, 110	2244	nuc	nuc	1
VAL	7, 100	2234	CYS	7, 110	2244	nuc	nuc	0.9
TYR	7, 101	2235	CYS	7, 110	2244	nuc	nuc	0.97
THR	7, 108	2242	CYS	7, 110	2244	nuc	nuc	1
TYR	7, 109	2243	CYS	7, 110	2244	nuc	nuc	1
ARG	7, 48	2182	VAL	7, 111	2245	nuc	nuc	0.94
ILE	7, 49	2183	VAL	7, 111	2245	nuc	nuc	1
GLY	7, 50	2184	VAL	7, 111	2245	nuc	nuc	1
ILE	7, 91	2225	VAL	7, 111	2245	nuc	nuc	0.69
GLY	7, 96	2230	VAL	7, 111	2245	nuc	nuc	0.95
SER	7, 97	2231	VAL	7, 111	2245	nuc	nuc	0.98
LEU	7, 98	2232	VAL	7, 111	2245	nuc	nuc	1
SER	7, 99	2233	VAL	7, 111	2245	nuc	nuc	0.73
TYR	7, 109	2243	VAL	7, 111	2245	nuc	nuc	0.98
CYS	7, 110	2244	VAL	7, 111	2245	nuc	nuc	1
SER	5, 363	1605	GLU	7, 112	2246	nuc	nuc	0.73
ALA	5, 367	1609	GLU	7, 112	2246	nuc	nuc	0.86
ALA	7, 46	2180	GLU	7, 112	2246	nuc	nuc	0.99
SER	7, 47	2181	GLU	7, 112	2246	nuc	nuc	0.92
ARG	7, 48	2182	GLU	7, 112	2246	nuc	nuc	1
GLY	7, 96	2230	GLU	7, 112	2246	nuc	nuc	1
SER	7, 97	2231	GLU	7, 112	2246	nuc	nuc	0.99
SER	7, 99	2233	GLU	7, 112	2246	nuc	nuc	0.73
CYS	7, 110	2244	GLU	7, 112	2246	nuc	nuc	1
VAL	7, 111	2245	GLU	7, 112	2246	nuc	nuc	1
SER	5, 363	1605	CYS	7, 113	2247	nuc	nuc	0.95
ALA	7, 46	2180	CYS	7, 113	2247	nuc	nuc	0.94
SER	7, 47	2181	CYS	7, 113	2247	nuc	nuc	0.99
ILE	7, 91	2225	CYS	7, 113	2247	nuc	nuc	0.51
VAL	7, 94	2228	CYS	7, 113	2247	nuc	nuc	0.99
GLY	7, 95	2229	CYS	7, 113	2247	nuc	nuc	0.98
GLY	7, 96	2230	CYS	7, 113	2247	nuc	nuc	1
SER	7, 97	2231	CYS	7, 113	2247	nuc	nuc	0.81
VAL	7, 111	2245	CYS	7, 113	2247	nuc	nuc	1
GLU	7, 112	2246	CYS	7, 113	2247	nuc	nuc	1
TYR	5, 4	1246	LEU	7, 114	2248	nuc	nuc	0.99
ASN	5, 359	1601	LEU	7, 114	2248	nuc	nuc	0.89
ARG	5, 362	1604	LEU	7, 114	2248	nuc	nuc	0.98
SER	5, 363	1605	LEU	7, 114	2248	nuc	nuc	0.99
VAL	5, 366	1608	LEU	7, 114	2248	nuc	nuc	0.89
PRO	7, 45	2179	LEU	7, 114	2248	nuc	nuc	0.97
ALA	7, 46	2180	LEU	7, 114	2248	nuc	nuc	0.99
SER	7, 47	2181	LEU	7, 114	2248	nuc	nuc	0.95
VAL	7, 94	2228	LEU	7, 114	2248	nuc	nuc	0.9
GLY	7, 95	2229	LEU	7, 114	2248	nuc	nuc	0.8
GLY	7, 96	2230	LEU	7, 114	2248	nuc	nuc	0.73
CYS	7, 113	2247	LEU	7, 114	2248	nuc	nuc	1
ALA	5, 2	1244	ARG	7, 115	2249	nuc	nuc	0.71
THR	5, 3	1245	ARG	7, 115	2249	nuc	nuc	0.81
TYR	5, 4	1246	ARG	7, 115	2249	nuc	nuc	0.99
THR	5, 7	1249	ARG	7, 115	2249	nuc	nuc	0.94
SER	7, 44	2178	ARG	7, 115	2249	nuc	nuc	0.75
PRO	7, 45	2179	ARG	7, 115	2249	nuc	nuc	0.98
ALA	7, 46	2180	ARG	7, 115	2249	nuc	nuc	0.96
SER	7, 47	2181	ARG	7, 115	2249	nuc	nuc	1
CYS	7, 113	2247	ARG	7, 115	2249	nuc	nuc	0.65
LEU	7, 114	2248	ARG	7, 115	2249	nuc	nuc	1
THR	5, 3	1245	ASP	7, 116	2250	nuc	nuc	0.96
TYR	5, 4	1246	ASP	7, 116	2250	nuc	nuc	0.99
LEU	7, 114	2248	ASP	7, 116	2250	nuc	nuc	1
ARG	7, 115	2249	ASP	7, 116	2250	nuc	nuc	1
VAL	7, 94	2228	HIS	7, 117	2251	nuc	nuc	1
GLY	7, 95	2229	HIS	7, 117	2251	nuc	nuc	0.7
GLY	7, 96	2230	HIS	7, 117	2251	nuc	nuc	0.81
CYS	7, 113	2247	HIS	7, 117	2251	nuc	nuc	0.99
LEU	7, 114	2248	HIS	7, 117	2251	nuc	nuc	1
ARG	7, 115	2249	HIS	7, 117	2251	nuc	nuc	0.9
ASP	7, 116	2250	HIS	7, 117	2251	nuc	nuc	1
SER	7, 47	2181	VAL	7, 118	2252	nuc	nuc	0.99
ILE	7, 49	2183	VAL	7, 118	2252	nuc	nuc	0.92
CYS	7, 113	2247	VAL	7, 118	2252	nuc	nuc	0.97
ARG	7, 115	2249	VAL	7, 118	2252	nuc	nuc	0.98
ASP	7, 116	2250	VAL	7, 118	2252	nuc	nuc	0.94
HIS	7, 117	2251	VAL	7, 118	2252	nuc	nuc	1
HIS	7, 117	2251	ASP	7, 119	2253	nuc	nuc	0.98
VAL	7, 118	2252	ASP	7, 119	2253	nuc	nuc	1
GLY	7, 90	2224	THR	7, 120	2254	nuc	nuc	0.89
VAL	7, 94	2228	THR	7, 120	2254	nuc	nuc	0.99
CYS	7, 113	2247	THR	7, 120	2254	nuc	nuc	0.58
HIS	7, 117	2251	THR	7, 120	2254	nuc	nuc	0.99
VAL	7, 118	2252	THR	7, 120	2254	nuc	nuc	0.94
ASP	7, 119	2253	THR	7, 120	2254	nuc	nuc	1
ILE	7, 49	2183	VAL	7, 121	2255	nuc	nuc	0.75
ILE	7, 91	2225	VAL	7, 121	2255	nuc	nuc	0.98
VAL	7, 94	2228	VAL	7, 121	2255	nuc	nuc	0.97
GLY	7, 96	2230	VAL	7, 121	2255	nuc	nuc	0.97
LEU	7, 98	2232	VAL	7, 121	2255	nuc	nuc	0.66
VAL	7, 111	2245	VAL	7, 121	2255	nuc	nuc	1
CYS	7, 113	2247	VAL	7, 121	2255	nuc	nuc	1
HIS	7, 117	2251	VAL	7, 121	2255	nuc	nuc	0.99
VAL	7, 118	2252	VAL	7, 121	2255	nuc	nuc	1
ASP	7, 119	2253	VAL	7, 121	2255	nuc	nuc	0.81
THR	7, 120	2254	VAL	7, 121	2255	nuc	nuc	1
ILE	7, 49	2183	MET	7, 122	2256	nuc	nuc	0.98
VAL	7, 111	2245	MET	7, 122	2256	nuc	nuc	0.77
VAL	7, 118	2252	MET	7, 122	2256	nuc	nuc	1
ASP	7, 119	2253	MET	7, 122	2256	nuc	nuc	1
THR	7, 120	2254	MET	7, 122	2256	nuc	nuc	0.99
VAL	7, 121	2255	MET	7, 122	2256	nuc	nuc	1
ALA	7, 82	2216	GLU	7, 123	2257	nuc	nuc	0.81
ASP	7, 119	2253	GLU	7, 123	2257	nuc	nuc	0.94
THR	7, 120	2254	GLU	7, 123	2257	nuc	nuc	0.99
VAL	7, 121	2255	GLU	7, 123	2257	nuc	nuc	0.99
MET	7, 122	2256	GLU	7, 123	2257	nuc	nuc	1
ALA	7, 82	2216	TYR	7, 124	2258	nuc	nuc	0.97
ILE	7, 87	2221	TYR	7, 124	2258	nuc	nuc	1
GLY	7, 90	2224	TYR	7, 124	2258	nuc	nuc	0.94
ILE	7, 91	2225	TYR	7, 124	2258	nuc	nuc	0.99
LEU	7, 98	2232	TYR	7, 124	2258	nuc	nuc	0.93
VAL	7, 111	2245	TYR	7, 124	2258	nuc	nuc	0.8
THR	7, 120	2254	TYR	7, 124	2258	nuc	nuc	0.87
VAL	7, 121	2255	TYR	7, 124	2258	nuc	nuc	1
MET	7, 122	2256	TYR	7, 124	2258	nuc	nuc	0.99
GLU	7, 123	2257	TYR	7, 124	2258	nuc	nuc	1
ILE	7, 49	2183	LEU	7, 125	2259	nuc	nuc	0.98
GLY	7, 50	2184	LEU	7, 125	2259	nuc	nuc	0.74
VAL	7, 51	2185	LEU	7, 125	2259	nuc	nuc	0.99
LEU	7, 98	2232	LEU	7, 125	2259	nuc	nuc	0.89
TYR	7, 109	2243	LEU	7, 125	2259	nuc	nuc	0.99
VAL	7, 111	2245	LEU	7, 125	2259	nuc	nuc	1
VAL	7, 121	2255	LEU	7, 125	2259	nuc	nuc	0.99
MET	7, 122	2256	LEU	7, 125	2259	nuc	nuc	1
GLU	7, 123	2257	LEU	7, 125	2259	nuc	nuc	0.99
TYR	7, 124	2258	LEU	7, 125	2259	nuc	nuc	1
MET	7, 122	2256	LEU	7, 126	2260	nuc	nuc	1
GLU	7, 123	2257	LEU	7, 126	2260	nuc	nuc	1
TYR	7, 124	2258	LEU	7, 126	2260	nuc	nuc	0.99
LEU	7, 125	2259	LEU	7, 126	2260	nuc	nuc	1
THR	7, 79	2213	ASN	7, 127	2261	nuc	nuc	1
LYS	7, 80	2214	ASN	7, 127	2261	nuc	nuc	0.92
GLY	7, 81	2215	ASN	7, 127	2261	nuc	nuc	0.99
ALA	7, 82	2216	ASN	7, 127	2261	nuc	nuc	0.99
ILE	7, 87	2221	ASN	7, 127	2261	nuc	nuc	0.89
GLU	7, 123	2257	ASN	7, 127	2261	nuc	nuc	0.99
TYR	7, 124	2258	ASN	7, 127	2261	nuc	nuc	1
LEU	7, 125	2259	ASN	7, 127	2261	nuc	nuc	0.99
LEU	7, 126	2260	ASN	7, 127	2261	nuc	nuc	1
SER	7, 75	2209	VAL	7, 128	2262	nuc	nuc	0.99
PRO	7, 76	2210	VAL	7, 128	2262	nuc	nuc	0.59
THR	7, 79	2213	VAL	7, 128	2262	nuc	nuc	0.99
ILE	7, 87	2221	VAL	7, 128	2262	nuc	nuc	0.95
LEU	7, 98	2232	VAL	7, 128	2262	nuc	nuc	0.84
TYR	7, 109	2243	VAL	7, 128	2262	nuc	nuc	0.98
TYR	7, 124	2258	VAL	7, 128	2262	nuc	nuc	0.99
LEU	7, 125	2259	VAL	7, 128	2262	nuc	nuc	1
LEU	7, 126	2260	VAL	7, 128	2262	nuc	nuc	0.94
ASN	7, 127	2261	VAL	7, 128	2262	nuc	nuc	1
VAL	7, 51	2185	THR	7, 129	2263	nuc	nuc	1
ILE	7, 53	2187	THR	7, 129	2263	nuc	nuc	0.73
TYR	7, 109	2243	THR	7, 129	2263	nuc	nuc	0.99
LEU	7, 125	2259	THR	7, 129	2263	nuc	nuc	0.99
LEU	7, 126	2260	THR	7, 129	2263	nuc	nuc	1
ASN	7, 127	2261	THR	7, 129	2263	nuc	nuc	0.91
VAL	7, 128	2262	THR	7, 129	2263	nuc	nuc	1
LEU	7, 126	2260	THR	7, 130	2264	nuc	nuc	0.99
ASN	7, 127	2261	THR	7, 130	2264	nuc	nuc	0.98
THR	7, 129	2263	THR	7, 130	2264	nuc	nuc	1
THR	7, 79	2213	ALA	7, 131	2265	nuc	nuc	0.99
LYS	7, 80	2214	ALA	7, 131	2265	nuc	nuc	0.99
GLY	7, 81	2215	ALA	7, 131	2265	nuc	nuc	0.95
LEU	7, 126	2260	ALA	7, 131	2265	nuc	nuc	0.6
ASN	7, 127	2261	ALA	7, 131	2265	nuc	nuc	0.98
THR	7, 130	2264	ALA	7, 131	2265	nuc	nuc	1
ALA	7, 74	2208	PRO	7, 132	2266	nuc	nuc	0.82
LEU	7, 77	2211	PRO	7, 132	2266	nuc	nuc	0.94
THR	7, 79	2213	PRO	7, 132	2266	nuc	nuc	0.99
VAL	7, 128	2262	PRO	7, 132	2266	nuc	nuc	0.96
THR	7, 129	2263	PRO	7, 132	2266	nuc	nuc	0.6
THR	7, 130	2264	PRO	7, 132	2266	nuc	nuc	0.6
ALA	7, 131	2265	PRO	7, 132	2266	nuc	nuc	1
LEU	7, 77	2211	GLU	7, 133	2267	nuc	nuc	0.88
THR	7, 78	2212	GLU	7, 133	2267	nuc	nuc	0.99
THR	7, 79	2213	GLU	7, 133	2267	nuc	nuc	0.99
LYS	7, 80	2214	GLU	7, 133	2267	nuc	nuc	0.99
ALA	7, 131	2265	GLU	7, 133	2267	nuc	nuc	0.91
PRO	7, 132	2266	GLU	7, 133	2267	nuc	nuc	1
ALA	7, 74	2208	PHE	7, 134	2268	nuc	nuc	0.94
LEU	7, 77	2211	PHE	7, 134	2268	nuc	nuc	0.97
PRO	7, 132	2266	PHE	7, 134	2268	nuc	nuc	1
GLU	7, 133	2267	PHE	7, 134	2268	nuc	nuc	1
LEU	7, 77	2211	ARG	7, 135	2269	nuc	nuc	0.9
THR	7, 78	2212	ARG	7, 135	2269	nuc	nuc	0.98
GLU	7, 133	2267	ARG	7, 135	2269	nuc	nuc	1
PHE	7, 134	2268	ARG	7, 135	2269	nuc	nuc	1
PHE	7, 134	2268	PRO	7, 136	2270	nuc	nuc	0.7
ARG	7, 135	2269	PRO	7, 136	2270	nuc	nuc	1
ARG	7, 135	2269	TRP	7, 137	2271	nuc	nuc	1
PRO	7, 136	2270	TRP	7, 137	2271	nuc	nuc	1
LEU	7, 77	2211	GLU	7, 138	2272	nuc	nuc	1
THR	7, 78	2212	GLU	7, 138	2272	nuc	nuc	0.98
SER	7, 84	2218	GLU	7, 138	2272	nuc	nuc	0.92
PHE	7, 134	2268	GLU	7, 138	2272	nuc	nuc	0.93
ARG	7, 135	2269	GLU	7, 138	2272	nuc	nuc	1
PRO	7, 136	2270	GLU	7, 138	2272	nuc	nuc	0.98
TRP	7, 137	2271	GLU	7, 138	2272	nuc	nuc	1
LEU	7, 70	2204	VAL	7, 139	2273	nuc	nuc	0.75
ALA	7, 74	2208	VAL	7, 139	2273	nuc	nuc	0.86
LEU	7, 77	2211	VAL	7, 139	2273	nuc	nuc	0.8
PHE	7, 134	2268	VAL	7, 139	2273	nuc	nuc	0.99
ARG	7, 135	2269	VAL	7, 139	2273	nuc	nuc	0.98
PRO	7, 136	2270	VAL	7, 139	2273	nuc	nuc	1
TRP	7, 137	2271	VAL	7, 139	2273	nuc	nuc	0.98
GLU	7, 138	2272	VAL	7, 139	2273	nuc	nuc	1
PRO	7, 136	2270	THR	7, 140	2274	nuc	nuc	0.99
TRP	7, 137	2271	THR	7, 140	2274	nuc	nuc	1
GLU	7, 138	2272	THR	7, 140	2274	nuc	nuc	0.98
VAL	7, 139	2273	THR	7, 140	2274	nuc	nuc	1
TRP	7, 137	2271	ASP	7, 141	2275	nuc	nuc	0.99
GLU	7, 138	2272	ASP	7, 141	2275	nuc	nuc	1
VAL	7, 139	2273	ASP	7, 141	2275	nuc	nuc	0.98
THR	7, 140	2274	ASP	7, 141	2275	nuc	nuc	1
LEU	7, 70	2204	LEU	7, 142	2276	nuc	nuc	0.96
LEU	7, 73	2207	LEU	7, 142	2276	nuc	nuc	0.99
ALA	7, 74	2208	LEU	7, 142	2276	nuc	nuc	0.99
LEU	7, 77	2211	LEU	7, 142	2276	nuc	nuc	0.93
GLU	7, 138	2272	LEU	7, 142	2276	nuc	nuc	0.99
VAL	7, 139	2273	LEU	7, 142	2276	nuc	nuc	1
THR	7, 140	2274	LEU	7, 142	2276	nuc	nuc	0.99
ASP	7, 141	2275	LEU	7, 142	2276	nuc	nuc	1
LEU	7, 70	2204	GLN	7, 143	2277	nuc	nuc	0.78
VAL	7, 139	2273	GLN	7, 143	2277	nuc	nuc	0.97
THR	7, 140	2274	GLN	7, 143	2277	nuc	nuc	1
ASP	7, 141	2275	GLN	7, 143	2277	nuc	nuc	0.98
LEU	7, 142	2276	GLN	7, 143	2277	nuc	nuc	1
ASP	7, 141	2275	PRO	7, 144	2278	nuc	nuc	0.79
LEU	7, 142	2276	PRO	7, 144	2278	nuc	nuc	0.97
GLN	7, 143	2277	PRO	7, 144	2278	nuc	nuc	1
GLY	5, 285	1527	GLN	7, 145	2279	nuc	nuc	0.76
LEU	7, 73	2207	GLN	7, 145	2279	nuc	nuc	1
LEU	7, 142	2276	GLN	7, 145	2279	nuc	nuc	1
GLN	7, 143	2277	GLN	7, 145	2279	nuc	nuc	0.99
PRO	7, 144	2278	GLN	7, 145	2279	nuc	nuc	1
HIS	7, 69	2203	LEU	7, 146	2280	nuc	nuc	0.98
LEU	7, 70	2204	LEU	7, 146	2280	nuc	nuc	0.99
LEU	7, 73	2207	LEU	7, 146	2280	nuc	nuc	0.99
LEU	7, 142	2276	LEU	7, 146	2280	nuc	nuc	0.72
GLN	7, 143	2277	LEU	7, 146	2280	nuc	nuc	1
PRO	7, 144	2278	LEU	7, 146	2280	nuc	nuc	1
GLN	7, 145	2279	LEU	7, 146	2280	nuc	nuc	1
PRO	7, 144	2278	LYS	7, 147	2281	nuc	nuc	1
GLN	7, 145	2279	LYS	7, 147	2281	nuc	nuc	0.99
LEU	7, 146	2280	LYS	7, 147	2281	nuc	nuc	1
ARG	5, 282	1524	VAL	7, 148	2282	nuc	nuc	0.99
THR	5, 283	1525	VAL	7, 148	2282	nuc	nuc	0.96
PRO	7, 144	2278	VAL	7, 148	2282	nuc	nuc	0.97
GLN	7, 145	2279	VAL	7, 148	2282	nuc	nuc	1
LEU	7, 146	2280	VAL	7, 148	2282	nuc	nuc	0.99
LYS	7, 147	2281	VAL	7, 148	2282	nuc	nuc	1
THR	5, 283	1525	ASP	7, 149	2283	nuc	nuc	0.98
HIS	7, 69	2203	ASP	7, 149	2283	nuc	nuc	0.74
LEU	7, 73	2207	ASP	7, 149	2283	nuc	nuc	0.99
GLN	7, 145	2279	ASP	7, 149	2283	nuc	nuc	1
LEU	7, 146	2280	ASP	7, 149	2283	nuc	nuc	1
LYS	7, 147	2281	ASP	7, 149	2283	nuc	nuc	0.97
VAL	7, 148	2282	ASP	7, 149	2283	nuc	nuc	1
LEU	7, 146	2280	LYS	7, 150	2284	nuc	nuc	0.99
LYS	7, 147	2281	LYS	7, 150	2284	nuc	nuc	1
VAL	7, 148	2282	LYS	7, 150	2284	nuc	nuc	0.99
ASP	7, 149	2283	LYS	7, 150	2284	nuc	nuc	1
LYS	7, 147	2281	ALA	7, 151	2285	nuc	nuc	1
VAL	7, 148	2282	ALA	7, 151	2285	nuc	nuc	1
ASP	7, 149	2283	ALA	7, 151	2285	nuc	nuc	0.99
LYS	7, 150	2284	ALA	7, 151	2285	nuc	nuc	1
THR	5, 283	1525	VAL	7, 152	2286	nuc	nuc	0.99
VAL	7, 148	2282	VAL	7, 152	2286	nuc	nuc	0.99
ASP	7, 149	2283	VAL	7, 152	2286	nuc	nuc	1
LYS	7, 150	2284	VAL	7, 152	2286	nuc	nuc	0.97
ALA	7, 151	2285	VAL	7, 152	2286	nuc	nuc	1
ASP	7, 149	2283	ALA	7, 153	2287	nuc	nuc	1
LYS	7, 150	2284	ALA	7, 153	2287	nuc	nuc	1
ALA	7, 151	2285	ALA	7, 153	2287	nuc	nuc	0.98
VAL	7, 152	2286	ALA	7, 153	2287	nuc	nuc	1
LYS	7, 150	2284	PHE	7, 154	2288	nuc	nuc	1
ALA	7, 151	2285	PHE	7, 154	2288	nuc	nuc	1
VAL	7, 152	2286	PHE	7, 154	2288	nuc	nuc	0.9
ALA	7, 153	2287	PHE	7, 154	2288	nuc	nuc	1
ALA	7, 151	2285	GLN	7, 155	2289	nuc	nuc	0.95
VAL	7, 152	2286	GLN	7, 155	2289	nuc	nuc	1
ALA	7, 153	2287	GLN	7, 155	2289	nuc	nuc	0.99
PHE	7, 154	2288	GLN	7, 155	2289	nuc	nuc	1
ALA	7, 153	2287	SER	7, 156	2290	nuc	nuc	0.96
PHE	7, 154	2288	SER	7, 156	2290	nuc	nuc	0.97
GLN	7, 155	2289	SER	7, 156	2290	nuc	nuc	1
SER	7, 156	2290	PRO	7, 157	2291	nuc	nuc	1
SER	7, 156	2290	GLN	7, 158	2292	nuc	nuc	1
PRO	7, 157	2291	GLN	7, 158	2292	nuc	nuc	1
ALA	7, 153	2287	VAL	7, 159	2293	nuc	nuc	1
PHE	7, 154	2288	VAL	7, 159	2293	nuc	nuc	0.99
SER	7, 156	2290	VAL	7, 159	2293	nuc	nuc	1
PRO	7, 157	2291	VAL	7, 159	2293	nuc	nuc	0.99
GLN	7, 158	2292	VAL	7, 159	2293	nuc	nuc	1
PHE	7, 154	2288	GLY	7, 160	2294	nuc	nuc	0.99
SER	7, 156	2290	GLY	7, 160	2294	nuc	nuc	0.53
PRO	7, 157	2291	GLY	7, 160	2294	nuc	nuc	0.99
GLN	7, 158	2292	GLY	7, 160	2294	nuc	nuc	1
VAL	7, 159	2293	GLY	7, 160	2294	nuc	nuc	1
PRO	7, 157	2291	VAL	7, 161	2295	nuc	nuc	0.99
GLN	7, 158	2292	VAL	7, 161	2295	nuc	nuc	1
VAL	7, 159	2293	VAL	7, 161	2295	nuc	nuc	0.98
GLY	7, 160	2294	VAL	7, 161	2295	nuc	nuc	1
GLN	7, 158	2292	LEU	7, 162	2296	nuc	nuc	1
VAL	7, 159	2293	LEU	7, 162	2296	nuc	nuc	1
GLY	7, 160	2294	LEU	7, 162	2296	nuc	nuc	1
VAL	7, 161	2295	LEU	7, 162	2296	nuc	nuc	1
VAL	7, 159	2293	GLU	7, 163	2297	nuc	nuc	1
GLY	7, 160	2294	GLU	7, 163	2297	nuc	nuc	1
VAL	7, 161	2295	GLU	7, 163	2297	nuc	nuc	0.99
LEU	7, 162	2296	GLU	7, 163	2297	nuc	nuc	1
GLY	7, 160	2294	ASN	7, 164	2298	nuc	nuc	1
VAL	7, 161	2295	ASN	7, 164	2298	nuc	nuc	1
LEU	7, 162	2296	ASN	7, 164	2298	nuc	nuc	0.99
GLU	7, 163	2297	ASN	7, 164	2298	nuc	nuc	1
VAL	7, 161	2295	LEU	7, 165	2299	nuc	nuc	1
LEU	7, 162	2296	LEU	7, 165	2299	nuc	nuc	1
GLU	7, 163	2297	LEU	7, 165	2299	nuc	nuc	1
ASN	7, 164	2298	LEU	7, 165	2299	nuc	nuc	1
ARG	7, 104	2238	HIS	7, 166	2300	nuc	nuc	0.91
LEU	7, 162	2296	HIS	7, 166	2300	nuc	nuc	0.99
GLU	7, 163	2297	HIS	7, 166	2300	nuc	nuc	1
ASN	7, 164	2298	HIS	7, 166	2300	nuc	nuc	0.97
LEU	7, 165	2299	HIS	7, 166	2300	nuc	nuc	1
GLU	7, 163	2297	ALA	7, 167	2301	nuc	nuc	0.99
ASN	7, 164	2298	ALA	7, 167	2301	nuc	nuc	1
LEU	7, 165	2299	ALA	7, 167	2301	nuc	nuc	0.99
HIS	7, 166	2300	ALA	7, 167	2301	nuc	nuc	1
ASN	7, 164	2298	ALA	7, 168	2302	nuc	nuc	1
LEU	7, 165	2299	ALA	7, 168	2302	nuc	nuc	1
HIS	7, 166	2300	ALA	7, 168	2302	nuc	nuc	0.99
ALA	7, 167	2301	ALA	7, 168	2302	nuc	nuc	1
LEU	7, 165	2299	ALA	7, 169	2303	nuc	nuc	1
HIS	7, 166	2300	ALA	7, 169	2303	nuc	nuc	1
ALA	7, 167	2301	ALA	7, 169	2303	nuc	nuc	0.95
ALA	7, 168	2302	ALA	7, 169	2303	nuc	nuc	1
HIS	7, 166	2300	TYR	7, 170	2304	nuc	nuc	0.99
ALA	7, 167	2301	TYR	7, 170	2304	nuc	nuc	0.9
ALA	7, 169	2303	TYR	7, 170	2304	nuc	nuc	1
TYR	7, 170	2304	LYS	7, 171	2305	nuc	nuc	1
TYR	7, 170	2304	THR	7, 172	2306	nuc	nuc	0.98
LYS	7, 171	2305	THR	7, 172	2306	nuc	nuc	1
ARG	7, 58	2192	ALA	7, 173	2307	nuc	nuc	0.99
TYR	7, 59	2193	ALA	7, 173	2307	nuc	nuc	0.52
TYR	7, 170	2304	ALA	7, 173	2307	nuc	nuc	0.97
THR	7, 172	2306	ALA	7, 173	2307	nuc	nuc	1
ARG	7, 58	2192	LEU	7, 174	2308	nuc	nuc	0.99
ARG	7, 104	2238	LEU	7, 174	2308	nuc	nuc	0.99
HIS	7, 166	2300	LEU	7, 174	2308	nuc	nuc	0.99
ALA	7, 169	2303	LEU	7, 174	2308	nuc	nuc	0.67
TYR	7, 170	2304	LEU	7, 174	2308	nuc	nuc	0.99
THR	7, 172	2306	LEU	7, 174	2308	nuc	nuc	0.74
ALA	7, 173	2307	LEU	7, 174	2308	nuc	nuc	1
HIS	7, 166	2300	ALA	7, 175	2309	nuc	nuc	0.99
ALA	7, 167	2301	ALA	7, 175	2309	nuc	nuc	1
ALA	7, 169	2303	ALA	7, 175	2309	nuc	nuc	0.79
TYR	7, 170	2304	ALA	7, 175	2309	nuc	nuc	1
LYS	7, 171	2305	ALA	7, 175	2309	nuc	nuc	0.98
THR	7, 172	2306	ALA	7, 175	2309	nuc	nuc	0.98
ALA	7, 173	2307	ALA	7, 175	2309	nuc	nuc	0.99
LEU	7, 174	2308	ALA	7, 175	2309	nuc	nuc	1
SER	7, 57	2191	ASN	7, 176	2310	nuc	nuc	1
ARG	7, 58	2192	ASN	7, 176	2310	nuc	nuc	0.97
GLU	7, 60	2194	ASN	7, 176	2310	nuc	nuc	0.99
LEU	7, 65	2199	ASN	7, 176	2310	nuc	nuc	0.98
ARG	7, 104	2238	ASN	7, 176	2310	nuc	nuc	0.82
ALA	7, 173	2307	ASN	7, 176	2310	nuc	nuc	0.97
LEU	7, 174	2308	ASN	7, 176	2310	nuc	nuc	0.98
ALA	7, 175	2309	ASN	7, 176	2310	nuc	nuc	1
SER	7, 57	2191	PRO	7, 177	2311	nuc	nuc	0.99
LEU	7, 65	2199	PRO	7, 177	2311	nuc	nuc	0.86
GLY	7, 66	2200	PRO	7, 177	2311	nuc	nuc	0.71
GLU	7, 163	2297	PRO	7, 177	2311	nuc	nuc	1
HIS	7, 166	2300	PRO	7, 177	2311	nuc	nuc	0.57
ALA	7, 167	2301	PRO	7, 177	2311	nuc	nuc	0.91
ASN	7, 176	2310	PRO	7, 177	2311	nuc	nuc	1
SER	7, 57	2191	LEU	7, 178	2312	nuc	nuc	1
ALA	7, 68	2202	LEU	7, 178	2312	nuc	nuc	0.67
HIS	7, 69	2203	LEU	7, 178	2312	nuc	nuc	0.97
SER	7, 102	2236	LEU	7, 178	2312	nuc	nuc	0.98
THR	7, 103	2237	LEU	7, 178	2312	nuc	nuc	0.65
ARG	7, 104	2238	LEU	7, 178	2312	nuc	nuc	0.99
GLU	7, 163	2297	LEU	7, 178	2312	nuc	nuc	0.98
PRO	7, 177	2311	LEU	7, 178	2312	nuc	nuc	1
GLY	7, 66	2200	TYR	7, 179	2313	nuc	nuc	0.55
HIS	7, 69	2203	TYR	7, 179	2313	nuc	nuc	1
ASP	7, 149	2283	TYR	7, 179	2313	nuc	nuc	0.87
LYS	7, 150	2284	TYR	7, 179	2313	nuc	nuc	1
ALA	7, 153	2287	TYR	7, 179	2313	nuc	nuc	0.99
PHE	7, 154	2288	TYR	7, 179	2313	nuc	nuc	0.85
VAL	7, 159	2293	TYR	7, 179	2313	nuc	nuc	0.68
GLU	7, 163	2297	TYR	7, 179	2313	nuc	nuc	0.95
PRO	7, 177	2311	TYR	7, 179	2313	nuc	nuc	1
LEU	7, 178	2312	TYR	7, 179	2313	nuc	nuc	1
LEU	7, 65	2199	CYS	7, 180	2314	nuc	nuc	0.95
GLY	7, 66	2200	CYS	7, 180	2314	nuc	nuc	1
HIS	7, 69	2203	CYS	7, 180	2314	nuc	nuc	1
LEU	7, 70	2204	CYS	7, 180	2314	nuc	nuc	0.96
LEU	7, 146	2280	CYS	7, 180	2314	nuc	nuc	0.99
LYS	7, 150	2284	CYS	7, 180	2314	nuc	nuc	0.98
PRO	7, 177	2311	CYS	7, 180	2314	nuc	nuc	0.86
TYR	7, 179	2313	CYS	7, 180	2314	nuc	nuc	1
LEU	7, 65	2199	PRO	7, 181	2315	nuc	nuc	0.99
GLY	7, 66	2200	PRO	7, 181	2315	nuc	nuc	0.97
PRO	7, 177	2311	PRO	7, 181	2315	nuc	nuc	0.98
TYR	7, 179	2313	PRO	7, 181	2315	nuc	nuc	0.61
CYS	7, 180	2314	PRO	7, 181	2315	nuc	nuc	1
CYS	7, 180	2314	ASP	7, 182	2316	nuc	nuc	0.55
PRO	7, 181	2315	ASP	7, 182	2316	nuc	nuc	1
PRO	7, 181	2315	TYR	7, 183	2317	nuc	nuc	1
ASP	7, 182	2316	TYR	7, 183	2317	nuc	nuc	1
LEU	7, 65	2199	ARG	7, 184	2318	nuc	nuc	0.99
GLY	7, 66	2200	ARG	7, 184	2318	nuc	nuc	0.99
CYS	7, 180	2314	ARG	7, 184	2318	nuc	nuc	0.99
PRO	7, 181	2315	ARG	7, 184	2318	nuc	nuc	1
ASP	7, 182	2316	ARG	7, 184	2318	nuc	nuc	0.96
TYR	7, 183	2317	ARG	7, 184	2318	nuc	nuc	1
GLN	7, 143	2277	ILE	7, 185	2319	nuc	nuc	0.98
LEU	7, 146	2280	ILE	7, 185	2319	nuc	nuc	0.99
LYS	7, 147	2281	ILE	7, 185	2319	nuc	nuc	0.99
LYS	7, 150	2284	ILE	7, 185	2319	nuc	nuc	0.53
CYS	7, 180	2314	ILE	7, 185	2319	nuc	nuc	0.99
PRO	7, 181	2315	ILE	7, 185	2319	nuc	nuc	0.74
ASP	7, 182	2316	ILE	7, 185	2319	nuc	nuc	1
TYR	7, 183	2317	ILE	7, 185	2319	nuc	nuc	0.98
ARG	7, 184	2318	ILE	7, 185	2319	nuc	nuc	1
THR	7, 140	2274	GLY	7, 186	2320	nuc	nuc	0.54
GLN	7, 143	2277	GLY	7, 186	2320	nuc	nuc	1
LEU	7, 146	2280	GLY	7, 186	2320	nuc	nuc	0.85
ARG	7, 184	2318	GLY	7, 186	2320	nuc	nuc	1
ILE	7, 185	2319	GLY	7, 186	2320	nuc	nuc	1
TYR	7, 183	2317	LYS	7, 187	2321	nuc	nuc	0.78
ARG	7, 184	2318	LYS	7, 187	2321	nuc	nuc	0.99
ILE	7, 185	2319	LYS	7, 187	2321	nuc	nuc	0.97
GLY	7, 186	2320	LYS	7, 187	2321	nuc	nuc	1
ASN	7, 64	2198	ILE	7, 188	2322	nuc	nuc	0.54
GLY	7, 66	2200	ILE	7, 188	2322	nuc	nuc	0.98
THR	7, 67	2201	ILE	7, 188	2322	nuc	nuc	0.99
LEU	7, 70	2204	ILE	7, 188	2322	nuc	nuc	1
VAL	7, 139	2273	ILE	7, 188	2322	nuc	nuc	0.88
GLN	7, 143	2277	ILE	7, 188	2322	nuc	nuc	0.96
CYS	7, 180	2314	ILE	7, 188	2322	nuc	nuc	0.71
ARG	7, 184	2318	ILE	7, 188	2322	nuc	nuc	0.98
GLY	7, 186	2320	ILE	7, 188	2322	nuc	nuc	1
LYS	7, 187	2321	ILE	7, 188	2322	nuc	nuc	1
VAL	7, 139	2273	THR	7, 189	2323	nuc	nuc	0.87
LYS	7, 187	2321	THR	7, 189	2323	nuc	nuc	0.86
ILE	7, 188	2322	THR	7, 189	2323	nuc	nuc	1
PHE	7, 134	2268	SER	7, 190	2324	nuc	nuc	0.99
ARG	7, 135	2269	SER	7, 190	2324	nuc	nuc	0.92
PRO	7, 136	2270	SER	7, 190	2324	nuc	nuc	1
VAL	7, 139	2273	SER	7, 190	2324	nuc	nuc	1
THR	7, 189	2323	SER	7, 190	2324	nuc	nuc	1
THR	7, 189	2323	GLU	7, 191	2325	nuc	nuc	1
SER	7, 190	2324	GLU	7, 191	2325	nuc	nuc	1
ASN	7, 64	2198	GLN	7, 192	2326	nuc	nuc	0.98
THR	7, 67	2201	GLN	7, 192	2326	nuc	nuc	0.99
ILE	7, 188	2322	GLN	7, 192	2326	nuc	nuc	0.99
THR	7, 189	2323	GLN	7, 192	2326	nuc	nuc	1
SER	7, 190	2324	GLN	7, 192	2326	nuc	nuc	0.99
GLU	7, 191	2325	GLN	7, 192	2326	nuc	nuc	1
THR	7, 67	2201	LEU	7, 193	2327	nuc	nuc	0.99
LEU	7, 70	2204	LEU	7, 193	2327	nuc	nuc	0.99
LEU	7, 71	2205	LEU	7, 193	2327	nuc	nuc	0.99
ALA	7, 74	2208	LEU	7, 193	2327	nuc	nuc	0.96
PRO	7, 132	2266	LEU	7, 193	2327	nuc	nuc	0.54
PHE	7, 134	2268	LEU	7, 193	2327	nuc	nuc	0.99
VAL	7, 139	2273	LEU	7, 193	2327	nuc	nuc	0.97
ILE	7, 188	2322	LEU	7, 193	2327	nuc	nuc	0.96
THR	7, 189	2323	LEU	7, 193	2327	nuc	nuc	0.93
SER	7, 190	2324	LEU	7, 193	2327	nuc	nuc	1
GLU	7, 191	2325	LEU	7, 193	2327	nuc	nuc	0.99
GLN	7, 192	2326	LEU	7, 193	2327	nuc	nuc	1
PHE	7, 134	2268	HIS	7, 194	2328	nuc	nuc	0.99
SER	7, 190	2324	HIS	7, 194	2328	nuc	nuc	0.99
GLU	7, 191	2325	HIS	7, 194	2328	nuc	nuc	1
GLN	7, 192	2326	HIS	7, 194	2328	nuc	nuc	0.99
LEU	7, 193	2327	HIS	7, 194	2328	nuc	nuc	1
ASN	7, 64	2198	HIS	7, 195	2329	nuc	nuc	0.61
GLU	7, 191	2325	HIS	7, 195	2329	nuc	nuc	0.99
GLN	7, 192	2326	HIS	7, 195	2329	nuc	nuc	1
LEU	7, 193	2327	HIS	7, 195	2329	nuc	nuc	0.99
HIS	7, 194	2328	HIS	7, 195	2329	nuc	nuc	1
ALA	7, 55	2189	PHE	7, 196	2330	nuc	nuc	0.77
GLU	7, 60	2194	PHE	7, 196	2330	nuc	nuc	0.55
ASN	7, 64	2198	PHE	7, 196	2330	nuc	nuc	0.95
THR	7, 67	2201	PHE	7, 196	2330	nuc	nuc	1
ALA	7, 68	2202	PHE	7, 196	2330	nuc	nuc	0.88
LEU	7, 71	2205	PHE	7, 196	2330	nuc	nuc	0.98
GLN	7, 192	2326	PHE	7, 196	2330	nuc	nuc	0.99
LEU	7, 193	2327	PHE	7, 196	2330	nuc	nuc	1
HIS	7, 194	2328	PHE	7, 196	2330	nuc	nuc	0.99
HIS	7, 195	2329	PHE	7, 196	2330	nuc	nuc	1
LEU	7, 71	2205	VAL	7, 197	2331	nuc	nuc	0.95
PRO	7, 132	2266	VAL	7, 197	2331	nuc	nuc	0.98
LEU	7, 193	2327	VAL	7, 197	2331	nuc	nuc	0.99
HIS	7, 194	2328	VAL	7, 197	2331	nuc	nuc	1
HIS	7, 195	2329	VAL	7, 197	2331	nuc	nuc	0.96
PHE	7, 196	2330	VAL	7, 197	2331	nuc	nuc	1
HIS	7, 194	2328	GLN	7, 198	2332	nuc	nuc	1
HIS	7, 195	2329	GLN	7, 198	2332	nuc	nuc	1
PHE	7, 196	2330	GLN	7, 198	2332	nuc	nuc	0.97
VAL	7, 197	2331	GLN	7, 198	2332	nuc	nuc	1
HIS	7, 195	2329	ASN	7, 199	2333	nuc	nuc	0.99
PHE	7, 196	2330	ASN	7, 199	2333	nuc	nuc	0.99
VAL	7, 197	2331	ASN	7, 199	2333	nuc	nuc	0.91
GLN	7, 198	2332	ASN	7, 199	2333	nuc	nuc	1
ILE	7, 53	2187	ASN	7, 200	2334	nuc	nuc	0.9
LYS	7, 54	2188	ASN	7, 200	2334	nuc	nuc	0.89
ALA	7, 55	2189	ASN	7, 200	2334	nuc	nuc	0.99
GLY	7, 56	2190	ASN	7, 200	2334	nuc	nuc	0.54
TYR	7, 59	2193	ASN	7, 200	2334	nuc	nuc	0.99
PHE	7, 196	2330	ASN	7, 200	2334	nuc	nuc	0.99
VAL	7, 197	2331	ASN	7, 200	2334	nuc	nuc	0.99
GLN	7, 198	2332	ASN	7, 200	2334	nuc	nuc	0.52
ASN	7, 199	2333	ASN	7, 200	2334	nuc	nuc	1
ILE	7, 53	2187	PHE	7, 201	2335	nuc	nuc	0.99
ALA	7, 55	2189	PHE	7, 201	2335	nuc	nuc	0.97
THR	7, 129	2263	PHE	7, 201	2335	nuc	nuc	0.93
THR	7, 130	2264	PHE	7, 201	2335	nuc	nuc	0.7
VAL	7, 197	2331	PHE	7, 201	2335	nuc	nuc	0.99
GLN	7, 198	2332	PHE	7, 201	2335	nuc	nuc	0.95
ASN	7, 200	2334	PHE	7, 201	2335	nuc	nuc	1
ASN	7, 199	2333	THR	7, 202	2336	nuc	nuc	0.54
ASN	7, 200	2334	THR	7, 202	2336	nuc	nuc	0.97
PHE	7, 201	2335	THR	7, 202	2336	nuc	nuc	1
LEU	7, 31	2165	SER	7, 203	2337	nuc	nuc	0.62
ASN	7, 33	2167	SER	7, 203	2337	nuc	nuc	0.99
GLY	7, 34	2168	SER	7, 203	2337	nuc	nuc	0.98
LEU	7, 35	2169	SER	7, 203	2337	nuc	nuc	0.99
THR	7, 202	2336	SER	7, 203	2337	nuc	nuc	1
ASN	7, 33	2167	ALA	7, 204	2338	nuc	nuc	0.9
GLY	7, 34	2168	ALA	7, 204	2338	nuc	nuc	0.99
LEU	7, 35	2169	ALA	7, 204	2338	nuc	nuc	0.86
THR	7, 202	2336	ALA	7, 204	2338	nuc	nuc	1
SER	7, 203	2337	ALA	7, 204	2338	nuc	nuc	1
ILE	7, 53	2187	ARG	7, 205	2339	nuc	nuc	0.99
LYS	7, 54	2188	ARG	7, 205	2339	nuc	nuc	1
ALA	7, 55	2189	ARG	7, 205	2339	nuc	nuc	0.87
ASN	7, 200	2334	ARG	7, 205	2339	nuc	nuc	0.95
PHE	7, 201	2335	ARG	7, 205	2339	nuc	nuc	0.85
THR	7, 202	2336	ARG	7, 205	2339	nuc	nuc	0.99
SER	7, 203	2337	ARG	7, 205	2339	nuc	nuc	0.95
ALA	7, 204	2338	ARG	7, 205	2339	nuc	nuc	1
LEU	7, 35	2169	MET	7, 206	2340	nuc	nuc	0.99
ILE	7, 36	2170	MET	7, 206	2340	nuc	nuc	0.72
VAL	7, 51	2185	MET	7, 206	2340	nuc	nuc	0.99
PHE	7, 52	2186	MET	7, 206	2340	nuc	nuc	0.98
ILE	7, 53	2187	MET	7, 206	2340	nuc	nuc	1
LYS	7, 54	2188	MET	7, 206	2340	nuc	nuc	0.69
PHE	7, 201	2335	MET	7, 206	2340	nuc	nuc	0.91
THR	7, 202	2336	MET	7, 206	2340	nuc	nuc	0.95
SER	7, 203	2337	MET	7, 206	2340	nuc	nuc	0.99
ALA	7, 204	2338	MET	7, 206	2340	nuc	nuc	0.9
ARG	7, 205	2339	MET	7, 206	2340	nuc	nuc	1
LEU	7, 35	2169	ALA	7, 207	2341	nuc	nuc	0.95
ILE	7, 36	2170	ALA	7, 207	2341	nuc	nuc	1
ILE	7, 37	2171	ALA	7, 207	2341	nuc	nuc	0.82
ALA	7, 38	2172	ALA	7, 207	2341	nuc	nuc	0.93
VAL	7, 51	2185	ALA	7, 207	2341	nuc	nuc	0.96
PHE	7, 52	2186	ALA	7, 207	2341	nuc	nuc	1
MET	7, 206	2340	ALA	7, 207	2341	nuc	nuc	1
LEU	7, 35	2169	LEU	7, 208	2342	nuc	nuc	0.98
ILE	7, 36	2170	LEU	7, 208	2342	nuc	nuc	0.96
ILE	7, 37	2171	LEU	7, 208	2342	nuc	nuc	1
ALA	7, 38	2172	LEU	7, 208	2342	nuc	nuc	0.92
ILE	7, 49	2183	LEU	7, 208	2342	nuc	nuc	0.89
GLY	7, 50	2184	LEU	7, 208	2342	nuc	nuc	0.99
VAL	7, 51	2185	LEU	7, 208	2342	nuc	nuc	1
PHE	7, 52	2186	LEU	7, 208	2342	nuc	nuc	0.59
MET	7, 206	2340	LEU	7, 208	2342	nuc	nuc	0.99
ALA	7, 207	2341	LEU	7, 208	2342	nuc	nuc	1
ILE	7, 37	2171	VAL	7, 209	2343	nuc	nuc	0.64
ALA	7, 38	2172	VAL	7, 209	2343	nuc	nuc	1
SER	7, 39	2173	VAL	7, 209	2343	nuc	nuc	0.93
ILE	7, 49	2183	VAL	7, 209	2343	nuc	nuc	0.96
GLY	7, 50	2184	VAL	7, 209	2343	nuc	nuc	1
VAL	7, 51	2185	VAL	7, 209	2343	nuc	nuc	0.56
PHE	7, 52	2186	VAL	7, 209	2343	nuc	nuc	0.99
ALA	7, 207	2341	VAL	7, 209	2343	nuc	nuc	1
LEU	7, 208	2342	VAL	7, 209	2343	nuc	nuc	1
ALA	7, 38	2172	GLY	7, 210	2344	nuc	nuc	0.99
SER	7, 39	2173	GLY	7, 210	2344	nuc	nuc	1
LEU	7, 40	2174	GLY	7, 210	2344	nuc	nuc	0.98
SER	7, 47	2181	GLY	7, 210	2344	nuc	nuc	0.89
ARG	7, 48	2182	GLY	7, 210	2344	nuc	nuc	1
ILE	7, 49	2183	GLY	7, 210	2344	nuc	nuc	1
GLY	7, 50	2184	GLY	7, 210	2344	nuc	nuc	1
LEU	7, 208	2342	GLY	7, 210	2344	nuc	nuc	1
VAL	7, 209	2343	GLY	7, 210	2344	nuc	nuc	1
SER	7, 39	2173	ILE	7, 211	2345	nuc	nuc	0.79
LEU	7, 40	2174	ILE	7, 211	2345	nuc	nuc	1
ASN	7, 42	2176	ILE	7, 211	2345	nuc	nuc	0.97
SER	7, 44	2178	ILE	7, 211	2345	nuc	nuc	0.84
SER	7, 47	2181	ILE	7, 211	2345	nuc	nuc	0.98
ARG	7, 48	2182	ILE	7, 211	2345	nuc	nuc	1
ILE	7, 49	2183	ILE	7, 211	2345	nuc	nuc	0.7
VAL	7, 209	2343	ILE	7, 211	2345	nuc	nuc	0.96
GLY	7, 210	2344	ILE	7, 211	2345	nuc	nuc	1
SER	7, 39	2173	GLY	7, 212	2346	nuc	nuc	0.81
LEU	7, 40	2174	GLY	7, 212	2346	nuc	nuc	0.98
GLU	7, 41	2175	GLY	7, 212	2346	nuc	nuc	0.99
ASN	7, 42	2176	GLY	7, 212	2346	nuc	nuc	0.99
PHE	7, 43	2177	GLY	7, 212	2346	nuc	nuc	0.81
SER	7, 44	2178	GLY	7, 212	2346	nuc	nuc	0.98
ALA	7, 46	2180	GLY	7, 212	2346	nuc	nuc	0.7
SER	7, 47	2181	GLY	7, 212	2346	nuc	nuc	1
ARG	7, 48	2182	GLY	7, 212	2346	nuc	nuc	0.94
ARG	7, 115	2249	GLY	7, 212	2346	nuc	nuc	0.95
GLY	7, 210	2344	GLY	7, 212	2346	nuc	nuc	1
ILE	7, 211	2345	GLY	7, 212	2346	nuc	nuc	1
SER	7, 39	2173	VAL	7, 213	2347	nuc	nuc	0.99
GLU	7, 41	2175	VAL	7, 213	2347	nuc	nuc	0.96
SER	7, 47	2181	VAL	7, 213	2347	nuc	nuc	1
ILE	7, 49	2183	VAL	7, 213	2347	nuc	nuc	0.98
ARG	7, 115	2249	VAL	7, 213	2347	nuc	nuc	0.56
VAL	7, 118	2252	VAL	7, 213	2347	nuc	nuc	0.98
GLY	7, 210	2344	VAL	7, 213	2347	nuc	nuc	1
ILE	7, 211	2345	VAL	7, 213	2347	nuc	nuc	0.98
GLY	7, 212	2346	VAL	7, 213	2347	nuc	nuc	1
ALA	5, 1	1243	LYS	7, 214	2348	nuc	nuc	0.8
SER	7, 39	2173	LYS	7, 214	2348	nuc	nuc	0.96
GLU	7, 41	2175	LYS	7, 214	2348	nuc	nuc	0.98
VAL	7, 213	2347	LYS	7, 214	2348	nuc	nuc	1
GLU	7, 27	2161	HIS	7, 215	2349	nuc	nuc	0.99
THR	7, 29	2163	HIS	7, 215	2349	nuc	nuc	0.89
ILE	7, 37	2171	HIS	7, 215	2349	nuc	nuc	0.88
SER	7, 39	2173	HIS	7, 215	2349	nuc	nuc	0.99
GLU	7, 41	2175	HIS	7, 215	2349	nuc	nuc	0.79
VAL	7, 213	2347	HIS	7, 215	2349	nuc	nuc	0.61
LYS	7, 214	2348	HIS	7, 215	2349	nuc	nuc	1
LYS	7, 214	2348	SER	7, 216	2350	nuc	nuc	1
HIS	7, 215	2349	SER	7, 216	2350	nuc	nuc	1
VAL	7, 118	2252	ASP	7, 217	2351	nuc	nuc	0.55
VAL	7, 213	2347	ASP	7, 217	2351	nuc	nuc	0.98
LYS	7, 214	2348	ASP	7, 217	2351	nuc	nuc	0.99
HIS	7, 215	2349	ASP	7, 217	2351	nuc	nuc	0.96
SER	7, 216	2350	ASP	7, 217	2351	nuc	nuc	1
ILE	7, 37	2171	LEU	7, 218	2352	nuc	nuc	0.99
SER	7, 39	2173	LEU	7, 218	2352	nuc	nuc	0.99
ILE	7, 49	2183	LEU	7, 218	2352	nuc	nuc	0.6
LEU	7, 208	2342	LEU	7, 218	2352	nuc	nuc	0.99
GLY	7, 210	2344	LEU	7, 218	2352	nuc	nuc	0.99
VAL	7, 213	2347	LEU	7, 218	2352	nuc	nuc	0.99
LYS	7, 214	2348	LEU	7, 218	2352	nuc	nuc	0.95
HIS	7, 215	2349	LEU	7, 218	2352	nuc	nuc	1
SER	7, 216	2350	LEU	7, 218	2352	nuc	nuc	0.97
ASP	7, 217	2351	LEU	7, 218	2352	nuc	nuc	1
THR	7, 29	2163	LYS	7, 219	2353	nuc	nuc	0.95
ILE	7, 37	2171	LYS	7, 219	2353	nuc	nuc	0.99
HIS	7, 215	2349	LYS	7, 219	2353	nuc	nuc	0.99
SER	7, 216	2350	LYS	7, 219	2353	nuc	nuc	0.99
ASP	7, 217	2351	LYS	7, 219	2353	nuc	nuc	0.98
LEU	7, 218	2352	LYS	7, 219	2353	nuc	nuc	1
SER	7, 216	2350	GLN	7, 220	2354	nuc	nuc	0.97
ASP	7, 217	2351	GLN	7, 220	2354	nuc	nuc	0.99
LEU	7, 218	2352	GLN	7, 220	2354	nuc	nuc	0.98
LYS	7, 219	2353	GLN	7, 220	2354	nuc	nuc	1
MET	7, 122	2256	VAL	7, 221	2355	nuc	nuc	0.99
LEU	7, 126	2260	VAL	7, 221	2355	nuc	nuc	0.88
ASP	7, 217	2351	VAL	7, 221	2355	nuc	nuc	0.98
LEU	7, 218	2352	VAL	7, 221	2355	nuc	nuc	1
LYS	7, 219	2353	VAL	7, 221	2355	nuc	nuc	0.95
GLN	7, 220	2354	VAL	7, 221	2355	nuc	nuc	1
LEU	7, 31	2165	ALA	7, 222	2356	nuc	nuc	0.93
LEU	7, 35	2169	ALA	7, 222	2356	nuc	nuc	0.97
ILE	7, 37	2171	ALA	7, 222	2356	nuc	nuc	0.99
LEU	7, 208	2342	ALA	7, 222	2356	nuc	nuc	0.98
LEU	7, 218	2352	ALA	7, 222	2356	nuc	nuc	0.99
LYS	7, 219	2353	ALA	7, 222	2356	nuc	nuc	0.99
GLN	7, 220	2354	ALA	7, 222	2356	nuc	nuc	0.97
VAL	7, 221	2355	ALA	7, 222	2356	nuc	nuc	1
LEU	7, 31	2165	GLU	7, 223	2357	nuc	nuc	0.91
LYS	7, 219	2353	GLU	7, 223	2357	nuc	nuc	0.98
GLN	7, 220	2354	GLU	7, 223	2357	nuc	nuc	0.99
VAL	7, 221	2355	GLU	7, 223	2357	nuc	nuc	0.93
ALA	7, 222	2356	GLU	7, 223	2357	nuc	nuc	1
GLN	7, 220	2354	GLN	7, 224	2358	nuc	nuc	0.97
VAL	7, 221	2355	GLN	7, 224	2358	nuc	nuc	0.98
ALA	7, 222	2356	GLN	7, 224	2358	nuc	nuc	0.9
GLU	7, 223	2357	GLN	7, 224	2358	nuc	nuc	1
LEU	7, 126	2260	PHE	7, 225	2359	nuc	nuc	0.99
THR	7, 130	2264	PHE	7, 225	2359	nuc	nuc	0.94
VAL	7, 221	2355	PHE	7, 225	2359	nuc	nuc	0.98
ALA	7, 222	2356	PHE	7, 225	2359	nuc	nuc	0.95
GLN	7, 224	2358	PHE	7, 225	2359	nuc	nuc	1
LEU	7, 35	2169	LEU	7, 226	2360	nuc	nuc	0.92
LEU	7, 126	2260	LEU	7, 226	2360	nuc	nuc	0.82
THR	7, 130	2264	LEU	7, 226	2360	nuc	nuc	0.94
SER	7, 203	2337	LEU	7, 226	2360	nuc	nuc	0.9
MET	7, 206	2340	LEU	7, 226	2360	nuc	nuc	0.86
LEU	7, 208	2342	LEU	7, 226	2360	nuc	nuc	0.86
VAL	7, 221	2355	LEU	7, 226	2360	nuc	nuc	0.74
ALA	7, 222	2356	LEU	7, 226	2360	nuc	nuc	0.97
GLU	7, 223	2357	LEU	7, 226	2360	nuc	nuc	0.72
PHE	7, 225	2359	LEU	7, 226	2360	nuc	nuc	1
ASN	7, 33	2167	ASN	7, 227	2361	nuc	nuc	0.89
SER	7, 203	2337	ASN	7, 227	2361	nuc	nuc	0.92
ALA	7, 222	2356	ASN	7, 227	2361	nuc	nuc	0.51
GLU	7, 223	2357	ASN	7, 227	2361	nuc	nuc	0.85
GLN	7, 224	2358	ASN	7, 227	2361	nuc	nuc	0.68
PHE	7, 225	2359	ASN	7, 227	2361	nuc	nuc	0.84
LEU	7, 226	2360	ASN	7, 227	2361	nuc	nuc	1
THR	7, 130	2264	ILE	7, 228	2362	nuc	nuc	0.86
PHE	7, 201	2335	ILE	7, 228	2362	nuc	nuc	0.7
THR	7, 202	2336	ILE	7, 228	2362	nuc	nuc	0.82
SER	7, 203	2337	ILE	7, 228	2362	nuc	nuc	0.92
LEU	7, 226	2360	ILE	7, 228	2362	nuc	nuc	0.94
ASN	7, 227	2361	ILE	7, 228	2362	nuc	nuc	1
GLN	7, 198	2332	ARG	7, 229	2363	nuc	nuc	0.58
THR	7, 202	2336	ARG	7, 229	2363	nuc	nuc	0.89
SER	7, 203	2337	ARG	7, 229	2363	nuc	nuc	0.89
ILE	7, 228	2362	ARG	7, 229	2363	nuc	nuc	1
ASN	7, 33	2167	SER	7, 230	2364	nuc	nuc	0.73
THR	7, 202	2336	SER	7, 230	2364	nuc	nuc	0.91
SER	7, 203	2337	SER	7, 230	2364	nuc	nuc	0.87
ALA	7, 204	2338	SER	7, 230	2364	nuc	nuc	0.76
ILE	7, 228	2362	SER	7, 230	2364	nuc	nuc	0.63
ARG	7, 229	2363	SER	7, 230	2364	nuc	nuc	1
THR	7, 202	2336	GLY	7, 231	2365	nuc	nuc	0.96
SER	7, 203	2337	GLY	7, 231	2365	nuc	nuc	0.65
ALA	7, 204	2338	GLY	7, 231	2365	nuc	nuc	0.93
ARG	7, 229	2363	GLY	7, 231	2365	nuc	nuc	0.93
SER	7, 230	2364	GLY	7, 231	2365	nuc	nuc	1
THR	7, 202	2336	ALA	7, 232	2366	nuc	nuc	0.86
ALA	7, 204	2338	ALA	7, 232	2366	nuc	nuc	0.88
ARG	7, 205	2339	ALA	7, 232	2366	nuc	nuc	0.65
GLY	7, 231	2365	ALA	7, 232	2366	nuc	nuc	1
ASN	7, 199	2333	GLY	7, 233	2367	nuc	nuc	0.88
ASN	7, 200	2334	GLY	7, 233	2367	nuc	nuc	0.77
THR	7, 202	2336	GLY	7, 233	2367	nuc	nuc	0.83
ALA	7, 204	2338	GLY	7, 233	2367	nuc	nuc	0.52
ARG	7, 205	2339	GLY	7, 233	2367	nuc	nuc	0.57
GLY	7, 231	2365	GLY	7, 233	2367	nuc	nuc	0.99
ALA	7, 232	2366	GLY	7, 233	2367	nuc	nuc	1
TYR	7, 59	2193	THR	7, 234	2368	nuc	nuc	0.69
ASN	7, 199	2333	THR	7, 234	2368	nuc	nuc	0.88
ASN	7, 200	2334	THR	7, 234	2368	nuc	nuc	0.75
GLY	7, 233	2367	THR	7, 234	2368	nuc	nuc	1
ALA	7, 232	2366	SER	7, 235	2369	nuc	nuc	0.59
GLY	7, 233	2367	SER	7, 235	2369	nuc	nuc	0.95
THR	7, 234	2368	SER	7, 235	2369	nuc	nuc	1
ARG	7, 58	2192	SER	7, 236	2370	nuc	nuc	0.8
TYR	7, 59	2193	SER	7, 236	2370	nuc	nuc	0.88
ALA	7, 173	2307	SER	7, 236	2370	nuc	nuc	0.84
THR	7, 234	2368	SER	7, 236	2370	nuc	nuc	0.71
SER	7, 235	2369	SER	7, 236	2370	nuc	nuc	1
THR	7, 172	2306	ALA	7, 237	2371	nuc	nuc	0.89
ALA	7, 173	2307	ALA	7, 237	2371	nuc	nuc	0.94
SER	7, 235	2369	ALA	7, 237	2371	nuc	nuc	0.65
SER	7, 236	2370	ALA	7, 237	2371	nuc	nuc	1
THR	7, 172	2306	LYS	7, 238	2372	nuc	nuc	0.67
ALA	7, 173	2307	LYS	7, 238	2372	nuc	nuc	0.89
SER	7, 236	2370	LYS	7, 238	2372	nuc	nuc	0.67
ALA	7, 237	2371	LYS	7, 238	2372	nuc	nuc	1
ARG	7, 58	2192	ALA	7, 239	2373	nuc	nuc	0.72
TYR	7, 170	2304	ALA	7, 239	2373	nuc	nuc	0.96
THR	7, 172	2306	ALA	7, 239	2373	nuc	nuc	0.89
ALA	7, 173	2307	ALA	7, 239	2373	nuc	nuc	0.97
LEU	7, 174	2308	ALA	7, 239	2373	nuc	nuc	0.95
ALA	7, 237	2371	ALA	7, 239	2373	nuc	nuc	0.81
LYS	7, 238	2372	ALA	7, 239	2373	nuc	nuc	1
TYR	7, 170	2304	THR	7, 240	2374	nuc	nuc	0.97
LYS	7, 171	2305	THR	7, 240	2374	nuc	nuc	0.98
THR	7, 172	2306	THR	7, 240	2374	nuc	nuc	0.94
LYS	7, 238	2372	THR	7, 240	2374	nuc	nuc	0.97
ALA	7, 239	2373	THR	7, 240	2374	nuc	nuc	1
ALA	7, 169	2303	TYR	7, 241	2375	nuc	nuc	0.99
TYR	7, 170	2304	TYR	7, 241	2375	nuc	nuc	0.99
LYS	7, 171	2305	TYR	7, 241	2375	nuc	nuc	0.6
ALA	7, 239	2373	TYR	7, 241	2375	nuc	nuc	0.94
THR	7, 240	2374	TYR	7, 241	2375	nuc	nuc	1
ALA	7, 169	2303	TRP	7, 242	2376	nuc	nuc	0.91
TYR	7, 170	2304	TRP	7, 242	2376	nuc	nuc	0.94
LYS	7, 171	2305	TRP	7, 242	2376	nuc	nuc	0.99
THR	7, 240	2374	TRP	7, 242	2376	nuc	nuc	0.97
TYR	7, 241	2375	TRP	7, 242	2376	nuc	nuc	1
ALA	7, 168	2302	GLY	7, 243	2377	nuc	nuc	0.98
ALA	7, 169	2303	GLY	7, 243	2377	nuc	nuc	0.99
TYR	7, 241	2375	GLY	7, 243	2377	nuc	nuc	0.99
TRP	7, 242	2376	GLY	7, 243	2377	nuc	nuc	1
ALA	7, 168	2302	GLY	7, 244	2378	nuc	nuc	1
ALA	7, 169	2303	GLY	7, 244	2378	nuc	nuc	0.9
TRP	7, 242	2376	GLY	7, 244	2378	nuc	nuc	0.99
GLY	7, 243	2377	GLY	7, 244	2378	nuc	nuc	1
ALA	7, 168	2302	GLU	7, 245	2379	nuc	nuc	0.99
GLY	7, 244	2378	GLU	7, 245	2379	nuc	nuc	1
ASN	7, 164	2298	ILE	7, 246	2380	nuc	nuc	1
LEU	7, 165	2299	ILE	7, 246	2380	nuc	nuc	0.8
ALA	7, 167	2301	ILE	7, 246	2380	nuc	nuc	0.99
ALA	7, 168	2302	ILE	7, 246	2380	nuc	nuc	1
GLY	7, 244	2378	ILE	7, 246	2380	nuc	nuc	0.97
GLU	7, 245	2379	ILE	7, 246	2380	nuc	nuc	1
GLU	7, 245	2379	ARG	7, 247	2381	nuc	nuc	1
ILE	7, 246	2380	ARG	7, 247	2381	nuc	nuc	1
GLY	7, 160	2294	GLU	7, 248	2382	nuc	nuc	0.68
VAL	7, 161	2295	GLU	7, 248	2382	nuc	nuc	0.52
ASN	7, 164	2298	GLU	7, 248	2382	nuc	nuc	0.99
ILE	7, 246	2380	GLU	7, 248	2382	nuc	nuc	0.99
ARG	7, 247	2381	GLU	7, 248	2382	nuc	nuc	1
ARG	7, 247	2381	GLN	7, 249	2383	nuc	nuc	0.99
GLU	7, 248	2382	GLN	7, 249	2383	nuc	nuc	1
GLU	7, 248	2382	ASN	7, 250	2384	nuc	nuc	1
GLN	7, 249	2383	ASN	7, 250	2384	nuc	nuc	1
GLN	7, 249	2383	GLY	7, 251	2385	nuc	nuc	0.98
ASN	7, 250	2384	GLY	7, 251	2385	nuc	nuc	1
PRO	7, 157	2291	HIS	7, 252	2386	nuc	nuc	0.93
ASN	7, 250	2384	HIS	7, 252	2386	nuc	nuc	1
GLY	7, 251	2385	HIS	7, 252	2386	nuc	nuc	1
GLY	7, 251	2385	SER	7, 253	2387	nuc	nuc	0.95
HIS	7, 252	2386	SER	7, 253	2387	nuc	nuc	1
PRO	7, 157	2291	LEU	7, 254	2388	nuc	nuc	0.73
HIS	7, 252	2386	LEU	7, 254	2388	nuc	nuc	1
SER	7, 253	2387	LEU	7, 254	2388	nuc	nuc	1
HIS	7, 252	2386	VAL	7, 255	2389	nuc	nuc	0.77
LEU	7, 254	2388	VAL	7, 255	2389	nuc	nuc	1
PRO	7, 157	2291	HIS	7, 256	2390	nuc	nuc	1
GLN	7, 158	2292	HIS	7, 256	2390	nuc	nuc	0.98
VAL	7, 161	2295	HIS	7, 256	2390	nuc	nuc	1
LEU	7, 254	2388	HIS	7, 256	2390	nuc	nuc	0.99
VAL	7, 255	2389	HIS	7, 256	2390	nuc	nuc	1
VAL	7, 161	2295	ALA	7, 257	2391	nuc	nuc	0.87
VAL	7, 255	2389	ALA	7, 257	2391	nuc	nuc	1
HIS	7, 256	2390	ALA	7, 257	2391	nuc	nuc	1
VAL	7, 161	2295	ALA	7, 258	2392	nuc	nuc	1
LEU	7, 162	2296	ALA	7, 258	2392	nuc	nuc	0.94
LEU	7, 165	2299	ALA	7, 258	2392	nuc	nuc	1
HIS	7, 256	2390	ALA	7, 258	2392	nuc	nuc	0.97
ALA	7, 257	2391	ALA	7, 258	2392	nuc	nuc	1
ALA	7, 257	2391	VAL	7, 259	2393	nuc	nuc	1
ALA	7, 258	2392	VAL	7, 259	2393	nuc	nuc	1
LEU	7, 165	2299	VAL	7, 260	2394	nuc	nuc	0.99
ALA	7, 169	2303	VAL	7, 260	2394	nuc	nuc	0.98
ALA	7, 258	2392	VAL	7, 260	2394	nuc	nuc	1
VAL	7, 259	2393	VAL	7, 260	2394	nuc	nuc	1
VAL	7, 260	2394	THR	7, 261	2395	nuc	nuc	1
ALA	7, 169	2303	GLU	7, 262	2396	nuc	nuc	0.63
TYR	7, 241	2375	GLU	7, 262	2396	nuc	nuc	0.99
THR	7, 261	2395	GLU	7, 262	2396	nuc	nuc	1
THR	7, 261	2395	GLY	7, 263	2397	nuc	nuc	1
GLU	7, 262	2396	GLY	7, 263	2397	nuc	nuc	1
GLY	7, 263	2397	ALA	7, 264	2398	nuc	nuc	1
ALA	7, 264	2398	ALA	7, 265	2399	nuc	nuc	1
ALA	7, 265	2399	VAL	7, 266	2400	nuc	nuc	1
ALA	7, 265	2399	GLY	7, 267	2401	nuc	nuc	1
VAL	7, 266	2400	GLY	7, 267	2401	nuc	nuc	1
ALA	7, 264	2398	SER	7, 268	2402	nuc	nuc	0.97
ALA	7, 265	2399	SER	7, 268	2402	nuc	nuc	0.97
VAL	7, 266	2400	SER	7, 268	2402	nuc	nuc	0.94
GLY	7, 267	2401	SER	7, 268	2402	nuc	nuc	1
SER	7, 268	2402	ALA	7, 269	2403	nuc	nuc	1
GLY	7, 263	2397	GLU	7, 270	2404	nuc	nuc	0.68
ALA	7, 264	2398	GLU	7, 270	2404	nuc	nuc	0.99
SER	7, 268	2402	GLU	7, 270	2404	nuc	nuc	1
ALA	7, 269	2403	GLU	7, 270	2404	nuc	nuc	1
ALA	7, 264	2398	ALA	7, 271	2405	nuc	nuc	0.99
ALA	7, 265	2399	ALA	7, 271	2405	nuc	nuc	0.97
VAL	7, 266	2400	ALA	7, 271	2405	nuc	nuc	0.98
GLY	7, 267	2401	ALA	7, 271	2405	nuc	nuc	0.99
SER	7, 268	2402	ALA	7, 271	2405	nuc	nuc	0.99
ALA	7, 269	2403	ALA	7, 271	2405	nuc	nuc	0.98
GLU	7, 270	2404	ALA	7, 271	2405	nuc	nuc	1
SER	7, 268	2402	ASN	7, 272	2406	nuc	nuc	0.71
ALA	7, 269	2403	ASN	7, 272	2406	nuc	nuc	0.98
GLU	7, 270	2404	ASN	7, 272	2406	nuc	nuc	0.97
ALA	7, 271	2405	ASN	7, 272	2406	nuc	nuc	1
ALA	7, 264	2398	ALA	7, 273	2407	nuc	nuc	0.7
ALA	7, 269	2403	ALA	7, 273	2407	nuc	nuc	0.95
GLU	7, 270	2404	ALA	7, 273	2407	nuc	nuc	1
ALA	7, 271	2405	ALA	7, 273	2407	nuc	nuc	0.99
ASN	7, 272	2406	ALA	7, 273	2407	nuc	nuc	1
GLY	7, 263	2397	PHE	7, 274	2408	nuc	nuc	0.98
ALA	7, 264	2398	PHE	7, 274	2408	nuc	nuc	0.98
GLU	7, 270	2404	PHE	7, 274	2408	nuc	nuc	0.99
ALA	7, 271	2405	PHE	7, 274	2408	nuc	nuc	1
ASN	7, 272	2406	PHE	7, 274	2408	nuc	nuc	0.99
ALA	7, 273	2407	PHE	7, 274	2408	nuc	nuc	1
ALA	7, 271	2405	SER	7, 275	2409	nuc	nuc	0.99
ASN	7, 272	2406	SER	7, 275	2409	nuc	nuc	1
ALA	7, 273	2407	SER	7, 275	2409	nuc	nuc	0.99
PHE	7, 274	2408	SER	7, 275	2409	nuc	nuc	1
ASN	7, 272	2406	VAL	7, 276	2410	nuc	nuc	0.99
ALA	7, 273	2407	VAL	7, 276	2410	nuc	nuc	1
PHE	7, 274	2408	VAL	7, 276	2410	nuc	nuc	0.98
SER	7, 275	2409	VAL	7, 276	2410	nuc	nuc	1
ALA	7, 273	2407	LEU	7, 277	2411	nuc	nuc	0.99
PHE	7, 274	2408	LEU	7, 277	2411	nuc	nuc	1
SER	7, 275	2409	LEU	7, 277	2411	nuc	nuc	1
VAL	7, 276	2410	LEU	7, 277	2411	nuc	nuc	1
PHE	7, 274	2408	GLN	7, 278	2412	nuc	nuc	0.99
SER	7, 275	2409	GLN	7, 278	2412	nuc	nuc	1
VAL	7, 276	2410	GLN	7, 278	2412	nuc	nuc	1
LEU	7, 277	2411	GLN	7, 278	2412	nuc	nuc	1
SER	7, 275	2409	HIS	7, 279	2413	nuc	nuc	0.96
VAL	7, 276	2410	HIS	7, 279	2413	nuc	nuc	1
LEU	7, 277	2411	HIS	7, 279	2413	nuc	nuc	0.97
GLN	7, 278	2412	HIS	7, 279	2413	nuc	nuc	1
VAL	7, 276	2410	VAL	7, 280	2414	nuc	nuc	0.99
LEU	7, 277	2411	VAL	7, 280	2414	nuc	nuc	1
GLN	7, 278	2412	VAL	7, 280	2414	nuc	nuc	0.99
HIS	7, 279	2413	VAL	7, 280	2414	nuc	nuc	1
LEU	7, 277	2411	LEU	7, 281	2415	nuc	nuc	0.99
GLN	7, 278	2412	LEU	7, 281	2415	nuc	nuc	0.99
HIS	7, 279	2413	LEU	7, 281	2415	nuc	nuc	0.95
VAL	7, 280	2414	LEU	7, 281	2415	nuc	nuc	1
GLN	7, 278	2412	GLY	7, 282	2416	nuc	nuc	0.99
HIS	7, 279	2413	GLY	7, 282	2416	nuc	nuc	0.99
VAL	7, 280	2414	GLY	7, 282	2416	nuc	nuc	0.99
LEU	7, 281	2415	GLY	7, 282	2416	nuc	nuc	1
GLN	7, 278	2412	ALA	7, 283	2417	nuc	nuc	0.95
HIS	7, 279	2413	ALA	7, 283	2417	nuc	nuc	0.96
LEU	7, 281	2415	ALA	7, 283	2417	nuc	nuc	0.53
GLY	7, 282	2416	ALA	7, 283	2417	nuc	nuc	1
GLY	7, 282	2416	GLY	7, 284	2418	nuc	nuc	1
ALA	7, 283	2417	GLY	7, 284	2418	nuc	nuc	1
GLY	7, 284	2418	PRO	7, 285	2419	nuc	nuc	1
VAL	5, 79	1321	LEU	7, 286	2420	nuc	nuc	0.92
GLU	5, 80	1322	LEU	7, 286	2420	nuc	nuc	0.99
GLY	5, 83	1325	LEU	7, 286	2420	nuc	nuc	0.97
ALA	5, 84	1326	LEU	7, 286	2420	nuc	nuc	0.95
HIS	5, 85	1327	LEU	7, 286	2420	nuc	nuc	0.99
PHE	5, 86	1328	LEU	7, 286	2420	nuc	nuc	0.92
GLY	7, 284	2418	LEU	7, 286	2420	nuc	nuc	0.99
PRO	7, 285	2419	LEU	7, 286	2420	nuc	nuc	1
PHE	5, 64	1306	ILE	7, 287	2421	nuc	nuc	0.97
GLU	5, 76	1318	ILE	7, 287	2421	nuc	nuc	0.98
VAL	5, 79	1321	ILE	7, 287	2421	nuc	nuc	0.98
GLU	5, 80	1322	ILE	7, 287	2421	nuc	nuc	0.94
HIS	5, 85	1327	ILE	7, 287	2421	nuc	nuc	0.82
PHE	5, 86	1328	ILE	7, 287	2421	nuc	nuc	0.99
PRO	7, 285	2419	ILE	7, 287	2421	nuc	nuc	0.99
LEU	7, 286	2420	ILE	7, 287	2421	nuc	nuc	1
PHE	5, 64	1306	LYS	7, 288	2422	nuc	nuc	0.94
PHE	5, 86	1328	LYS	7, 288	2422	nuc	nuc	0.97
ASN	5, 87	1329	LYS	7, 288	2422	nuc	nuc	0.99
GLY	5, 88	1330	LYS	7, 288	2422	nuc	nuc	0.98
PRO	7, 285	2419	LYS	7, 288	2422	nuc	nuc	0.76
ILE	7, 287	2421	LYS	7, 288	2422	nuc	nuc	1
HIS	5, 61	1303	ARG	7, 289	2423	nuc	nuc	0.96
PHE	5, 64	1306	ARG	7, 289	2423	nuc	nuc	0.96
VAL	5, 133	1375	ARG	7, 289	2423	nuc	nuc	0.59
ILE	7, 287	2421	ARG	7, 289	2423	nuc	nuc	0.98
LYS	7, 288	2422	ARG	7, 289	2423	nuc	nuc	1
PHE	5, 64	1306	GLY	7, 290	2424	nuc	nuc	0.96
GLU	5, 76	1318	GLY	7, 290	2424	nuc	nuc	0.96
PRO	7, 285	2419	GLY	7, 290	2424	nuc	nuc	0.94
ILE	7, 287	2421	GLY	7, 290	2424	nuc	nuc	1
LYS	7, 288	2422	GLY	7, 290	2424	nuc	nuc	0.99
ARG	7, 289	2423	GLY	7, 290	2424	nuc	nuc	1
CYS	5, 72	1314	SER	7, 291	2425	nuc	nuc	0.53
ALA	5, 73	1315	SER	7, 291	2425	nuc	nuc	0.56
GLU	5, 76	1318	SER	7, 291	2425	nuc	nuc	0.94
GLY	7, 290	2424	SER	7, 291	2425	nuc	nuc	1
GLU	5, 80	1322	SER	7, 292	2426	nuc	nuc	0.74
GLY	7, 282	2416	SER	7, 292	2426	nuc	nuc	0.78
GLY	7, 284	2418	SER	7, 292	2426	nuc	nuc	0.88
PRO	7, 285	2419	SER	7, 292	2426	nuc	nuc	0.96
LEU	7, 286	2420	SER	7, 292	2426	nuc	nuc	0.69
ILE	7, 287	2421	SER	7, 292	2426	nuc	nuc	0.53
GLY	7, 290	2424	SER	7, 292	2426	nuc	nuc	0.99
SER	7, 291	2425	SER	7, 292	2426	nuc	nuc	1
ALA	5, 73	1315	VAL	7, 293	2427	nuc	nuc	0.97
GLU	5, 76	1318	VAL	7, 293	2427	nuc	nuc	0.98
LYS	5, 77	1319	VAL	7, 293	2427	nuc	nuc	0.97
GLU	5, 80	1322	VAL	7, 293	2427	nuc	nuc	0.94
SER	7, 291	2425	VAL	7, 293	2427	nuc	nuc	0.99
SER	7, 292	2426	VAL	7, 293	2427	nuc	nuc	1
GLU	5, 76	1318	THR	7, 294	2428	nuc	nuc	0.56
LYS	5, 77	1319	THR	7, 294	2428	nuc	nuc	0.95
GLU	5, 80	1322	THR	7, 294	2428	nuc	nuc	0.99
SER	5, 81	1323	THR	7, 294	2428	nuc	nuc	0.92
GLY	7, 282	2416	THR	7, 294	2428	nuc	nuc	0.65
SER	7, 292	2426	THR	7, 294	2428	nuc	nuc	0.99
VAL	7, 293	2427	THR	7, 294	2428	nuc	nuc	1
LEU	7, 281	2415	SER	7, 295	2429	nuc	nuc	0.97
GLY	7, 282	2416	SER	7, 295	2429	nuc	nuc	0.99
ALA	7, 283	2417	SER	7, 295	2429	nuc	nuc	0.58
GLY	7, 284	2418	SER	7, 295	2429	nuc	nuc	0.86
SER	7, 292	2426	SER	7, 295	2429	nuc	nuc	0.99
VAL	7, 293	2427	SER	7, 295	2429	nuc	nuc	0.94
THR	7, 294	2428	SER	7, 295	2429	nuc	nuc	1
VAL	7, 280	2414	LYS	7, 296	2430	nuc	nuc	0.97
LEU	7, 281	2415	LYS	7, 296	2430	nuc	nuc	0.99
GLY	7, 282	2416	LYS	7, 296	2430	nuc	nuc	0.93
SER	7, 295	2429	LYS	7, 296	2430	nuc	nuc	1
LEU	7, 281	2415	LEU	7, 297	2431	nuc	nuc	1
GLY	7, 282	2416	LEU	7, 297	2431	nuc	nuc	0.99
SER	7, 295	2429	LEU	7, 297	2431	nuc	nuc	1
LYS	7, 296	2430	LEU	7, 297	2431	nuc	nuc	1
GLY	7, 282	2416	TYR	7, 298	2432	nuc	nuc	0.92
SER	7, 291	2425	TYR	7, 298	2432	nuc	nuc	0.67
SER	7, 292	2426	TYR	7, 298	2432	nuc	nuc	0.99
SER	7, 295	2429	TYR	7, 298	2432	nuc	nuc	1
LYS	7, 296	2430	TYR	7, 298	2432	nuc	nuc	0.93
LEU	7, 297	2431	TYR	7, 298	2432	nuc	nuc	1
SER	7, 292	2426	GLN	7, 299	2433	nuc	nuc	0.81
VAL	7, 293	2427	GLN	7, 299	2433	nuc	nuc	0.95
SER	7, 295	2429	GLN	7, 299	2433	nuc	nuc	0.98
LYS	7, 296	2430	GLN	7, 299	2433	nuc	nuc	0.99
LEU	7, 297	2431	GLN	7, 299	2433	nuc	nuc	0.95
TYR	7, 298	2432	GLN	7, 299	2433	nuc	nuc	1
LYS	7, 296	2430	GLY	7, 300	2434	nuc	nuc	0.98
LEU	7, 297	2431	GLY	7, 300	2434	nuc	nuc	1
TYR	7, 298	2432	GLY	7, 300	2434	nuc	nuc	1
GLN	7, 299	2433	GLY	7, 300	2434	nuc	nuc	1
LEU	7, 297	2431	VAL	7, 301	2435	nuc	nuc	0.99
TYR	7, 298	2432	VAL	7, 301	2435	nuc	nuc	0.99
GLN	7, 299	2433	VAL	7, 301	2435	nuc	nuc	0.93
GLY	7, 300	2434	VAL	7, 301	2435	nuc	nuc	1
SER	7, 291	2425	ALA	7, 302	2436	nuc	nuc	0.58
TYR	7, 298	2432	ALA	7, 302	2436	nuc	nuc	0.99
GLN	7, 299	2433	ALA	7, 302	2436	nuc	nuc	1
GLY	7, 300	2434	ALA	7, 302	2436	nuc	nuc	1
VAL	7, 301	2435	ALA	7, 302	2436	nuc	nuc	1
GLN	7, 299	2433	LYS	7, 303	2437	nuc	nuc	0.95
GLY	7, 300	2434	LYS	7, 303	2437	nuc	nuc	0.99
VAL	7, 301	2435	LYS	7, 303	2437	nuc	nuc	0.97
ALA	7, 302	2436	LYS	7, 303	2437	nuc	nuc	1
GLY	7, 300	2434	ALA	7, 304	2438	nuc	nuc	0.94
VAL	7, 301	2435	ALA	7, 304	2438	nuc	nuc	0.98
ALA	7, 302	2436	ALA	7, 304	2438	nuc	nuc	0.95
LYS	7, 303	2437	ALA	7, 304	2438	nuc	nuc	1
VAL	7, 301	2435	THR	7, 305	2439	nuc	nuc	0.95
ALA	7, 302	2436	THR	7, 305	2439	nuc	nuc	0.87
ALA	7, 304	2438	THR	7, 305	2439	nuc	nuc	1
THR	7, 305	2439	THR	7, 306	2440	nuc	nuc	1
THR	7, 305	2439	GLN	7, 307	2441	nuc	nuc	0.98
THR	7, 306	2440	GLN	7, 307	2441	nuc	nuc	1
GLN	7, 307	2441	PRO	7, 308	2442	nuc	nuc	1
VAL	7, 301	2435	PHE	7, 309	2443	nuc	nuc	0.98
THR	7, 305	2439	PHE	7, 309	2443	nuc	nuc	0.96
GLN	7, 307	2441	PHE	7, 309	2443	nuc	nuc	0.99
PRO	7, 308	2442	PHE	7, 309	2443	nuc	nuc	1
PHE	7, 309	2443	ASP	7, 310	2444	nuc	nuc	1
LEU	7, 297	2431	ALA	7, 311	2445	nuc	nuc	1
TYR	7, 298	2432	ALA	7, 311	2445	nuc	nuc	0.99
VAL	7, 301	2435	ALA	7, 311	2445	nuc	nuc	0.99
PHE	7, 309	2443	ALA	7, 311	2445	nuc	nuc	0.99
ASP	7, 310	2444	ALA	7, 311	2445	nuc	nuc	1
GLY	7, 282	2416	SER	7, 312	2446	nuc	nuc	0.99
ALA	7, 283	2417	SER	7, 312	2446	nuc	nuc	0.97
GLY	7, 284	2418	SER	7, 312	2446	nuc	nuc	1
LEU	7, 297	2431	SER	7, 312	2446	nuc	nuc	0.93
ASP	7, 310	2444	SER	7, 312	2446	nuc	nuc	0.99
ALA	7, 311	2445	SER	7, 312	2446	nuc	nuc	1
LEU	7, 277	2411	ALA	7, 313	2447	nuc	nuc	0.87
GLN	7, 278	2412	ALA	7, 313	2447	nuc	nuc	1
LEU	7, 281	2415	ALA	7, 313	2447	nuc	nuc	1
GLY	7, 282	2416	ALA	7, 313	2447	nuc	nuc	1
ALA	7, 283	2417	ALA	7, 313	2447	nuc	nuc	0.95
LEU	7, 297	2431	ALA	7, 313	2447	nuc	nuc	0.98
SER	7, 312	2446	ALA	7, 313	2447	nuc	nuc	1
ALA	7, 258	2392	PHE	7, 314	2448	nuc	nuc	0.99
VAL	7, 260	2394	PHE	7, 314	2448	nuc	nuc	0.99
GLN	7, 278	2412	PHE	7, 314	2448	nuc	nuc	0.64
SER	7, 312	2446	PHE	7, 314	2448	nuc	nuc	0.99
ALA	7, 313	2447	PHE	7, 314	2448	nuc	nuc	1
PHE	7, 274	2408	ASN	7, 315	2449	nuc	nuc	0.99
SER	7, 275	2409	ASN	7, 315	2449	nuc	nuc	0.99
LEU	7, 277	2411	ASN	7, 315	2449	nuc	nuc	0.51
GLN	7, 278	2412	ASN	7, 315	2449	nuc	nuc	1
ALA	7, 313	2447	ASN	7, 315	2449	nuc	nuc	1
PHE	7, 314	2448	ASN	7, 315	2449	nuc	nuc	1
PHE	7, 314	2448	VAL	7, 316	2450	nuc	nuc	1
ASN	7, 315	2449	VAL	7, 316	2450	nuc	nuc	1
GLY	7, 263	2397	ASN	7, 317	2451	nuc	nuc	0.72
ALA	7, 264	2398	ASN	7, 317	2451	nuc	nuc	0.96
ALA	7, 265	2399	ASN	7, 317	2451	nuc	nuc	0.98
VAL	7, 266	2400	ASN	7, 317	2451	nuc	nuc	0.99
GLY	7, 267	2401	ASN	7, 317	2451	nuc	nuc	0.82
ALA	7, 271	2405	ASN	7, 317	2451	nuc	nuc	0.99
PHE	7, 274	2408	ASN	7, 317	2451	nuc	nuc	0.76
ASN	7, 315	2449	ASN	7, 317	2451	nuc	nuc	0.99
VAL	7, 316	2450	ASN	7, 317	2451	nuc	nuc	1
ARG	7, 104	2238	TYR	7, 318	2452	nuc	nuc	0.93
GLU	7, 105	2239	TYR	7, 318	2452	nuc	nuc	0.99
LEU	7, 174	2308	TYR	7, 318	2452	nuc	nuc	0.97
ALA	7, 239	2373	TYR	7, 318	2452	nuc	nuc	0.76
ALA	7, 265	2399	TYR	7, 318	2452	nuc	nuc	0.96
VAL	7, 266	2400	TYR	7, 318	2452	nuc	nuc	0.97
VAL	7, 316	2450	TYR	7, 318	2452	nuc	nuc	1
ASN	7, 317	2451	TYR	7, 318	2452	nuc	nuc	1
GLU	7, 105	2239	SER	7, 319	2453	nuc	nuc	0.98
ALA	7, 265	2399	SER	7, 319	2453	nuc	nuc	0.98
VAL	7, 266	2400	SER	7, 319	2453	nuc	nuc	0.98
TYR	7, 318	2452	SER	7, 319	2453	nuc	nuc	1
LYS	7, 238	2372	ASP	7, 320	2454	nuc	nuc	0.91
ALA	7, 239	2373	ASP	7, 320	2454	nuc	nuc	0.97
ALA	7, 265	2399	ASP	7, 320	2454	nuc	nuc	0.98
TYR	7, 318	2452	ASP	7, 320	2454	nuc	nuc	0.99
SER	7, 319	2453	ASP	7, 320	2454	nuc	nuc	1
TYR	7, 170	2304	SER	7, 321	2455	nuc	nuc	0.67
LEU	7, 174	2308	SER	7, 321	2455	nuc	nuc	0.89
ALA	7, 239	2373	SER	7, 321	2455	nuc	nuc	0.98
TYR	7, 241	2375	SER	7, 321	2455	nuc	nuc	0.97
GLU	7, 262	2396	SER	7, 321	2455	nuc	nuc	0.97
GLY	7, 263	2397	SER	7, 321	2455	nuc	nuc	0.95
ALA	7, 265	2399	SER	7, 321	2455	nuc	nuc	0.98
TYR	7, 318	2452	SER	7, 321	2455	nuc	nuc	0.99
ASP	7, 320	2454	SER	7, 321	2455	nuc	nuc	1
GLU	7, 262	2396	GLY	7, 322	2456	nuc	nuc	0.99
GLY	7, 263	2397	GLY	7, 322	2456	nuc	nuc	1
ALA	7, 264	2398	GLY	7, 322	2456	nuc	nuc	0.99
ALA	7, 265	2399	GLY	7, 322	2456	nuc	nuc	0.99
VAL	7, 316	2450	GLY	7, 322	2456	nuc	nuc	1
ASN	7, 317	2451	GLY	7, 322	2456	nuc	nuc	1
TYR	7, 318	2452	GLY	7, 322	2456	nuc	nuc	1
SER	7, 321	2455	GLY	7, 322	2456	nuc	nuc	1
LEU	7, 165	2299	LEU	7, 323	2457	nuc	nuc	0.8
ALA	7, 169	2303	LEU	7, 323	2457	nuc	nuc	0.99
VAL	7, 260	2394	LEU	7, 323	2457	nuc	nuc	1
THR	7, 261	2395	LEU	7, 323	2457	nuc	nuc	0.95
GLU	7, 262	2396	LEU	7, 323	2457	nuc	nuc	0.98
GLY	7, 263	2397	LEU	7, 323	2457	nuc	nuc	0.99
PHE	7, 314	2448	LEU	7, 323	2457	nuc	nuc	0.96
ASN	7, 315	2449	LEU	7, 323	2457	nuc	nuc	0.9
VAL	7, 316	2450	LEU	7, 323	2457	nuc	nuc	1
SER	7, 321	2455	LEU	7, 323	2457	nuc	nuc	0.81
GLY	7, 322	2456	LEU	7, 323	2457	nuc	nuc	1
VAL	7, 260	2394	PHE	7, 324	2458	nuc	nuc	0.99
THR	7, 261	2395	PHE	7, 324	2458	nuc	nuc	0.99
GLU	7, 262	2396	PHE	7, 324	2458	nuc	nuc	0.64
GLY	7, 263	2397	PHE	7, 324	2458	nuc	nuc	1
ALA	7, 264	2398	PHE	7, 324	2458	nuc	nuc	0.72
PHE	7, 274	2408	PHE	7, 324	2458	nuc	nuc	1
LEU	7, 277	2411	PHE	7, 324	2458	nuc	nuc	0.76
GLN	7, 278	2412	PHE	7, 324	2458	nuc	nuc	0.78
ALA	7, 313	2447	PHE	7, 324	2458	nuc	nuc	0.53
PHE	7, 314	2448	PHE	7, 324	2458	nuc	nuc	0.99
ASN	7, 315	2449	PHE	7, 324	2458	nuc	nuc	1
VAL	7, 316	2450	PHE	7, 324	2458	nuc	nuc	0.65
GLY	7, 322	2456	PHE	7, 324	2458	nuc	nuc	0.99
LEU	7, 323	2457	PHE	7, 324	2458	nuc	nuc	1
ALA	7, 258	2392	GLY	7, 325	2459	nuc	nuc	0.85
VAL	7, 259	2393	GLY	7, 325	2459	nuc	nuc	1
VAL	7, 260	2394	GLY	7, 325	2459	nuc	nuc	1
THR	7, 261	2395	GLY	7, 325	2459	nuc	nuc	1
ALA	7, 313	2447	GLY	7, 325	2459	nuc	nuc	1
PHE	7, 314	2448	GLY	7, 325	2459	nuc	nuc	1
ASN	7, 315	2449	GLY	7, 325	2459	nuc	nuc	0.96
LEU	7, 323	2457	GLY	7, 325	2459	nuc	nuc	1
PHE	7, 324	2458	GLY	7, 325	2459	nuc	nuc	1
ALA	7, 258	2392	PHE	7, 326	2460	nuc	nuc	0.95
VAL	7, 259	2393	PHE	7, 326	2460	nuc	nuc	1
VAL	7, 260	2394	PHE	7, 326	2460	nuc	nuc	0.66
LEU	7, 281	2415	PHE	7, 326	2460	nuc	nuc	0.91
LEU	7, 297	2431	PHE	7, 326	2460	nuc	nuc	0.98
ALA	7, 311	2445	PHE	7, 326	2460	nuc	nuc	0.99
SER	7, 312	2446	PHE	7, 326	2460	nuc	nuc	0.98
ALA	7, 313	2447	PHE	7, 326	2460	nuc	nuc	1
PHE	7, 314	2448	PHE	7, 326	2460	nuc	nuc	1
GLY	7, 325	2459	PHE	7, 326	2460	nuc	nuc	1
HIS	7, 256	2390	TYR	7, 327	2461	nuc	nuc	0.84
ALA	7, 257	2391	TYR	7, 327	2461	nuc	nuc	0.96
ALA	7, 258	2392	TYR	7, 327	2461	nuc	nuc	1
ALA	7, 311	2445	TYR	7, 327	2461	nuc	nuc	0.97
SER	7, 312	2446	TYR	7, 327	2461	nuc	nuc	1
ALA	7, 313	2447	TYR	7, 327	2461	nuc	nuc	0.79
PHE	7, 314	2448	TYR	7, 327	2461	nuc	nuc	1
GLY	7, 325	2459	TYR	7, 327	2461	nuc	nuc	0.91
PHE	7, 326	2460	TYR	7, 327	2461	nuc	nuc	1
HIS	7, 256	2390	THR	7, 328	2462	nuc	nuc	0.9
ALA	7, 257	2391	THR	7, 328	2462	nuc	nuc	1
ALA	7, 258	2392	THR	7, 328	2462	nuc	nuc	0.82
VAL	7, 301	2435	THR	7, 328	2462	nuc	nuc	0.71
PHE	7, 309	2443	THR	7, 328	2462	nuc	nuc	0.94
ASP	7, 310	2444	THR	7, 328	2462	nuc	nuc	0.95
ALA	7, 311	2445	THR	7, 328	2462	nuc	nuc	1
PHE	7, 326	2460	THR	7, 328	2462	nuc	nuc	1
TYR	7, 327	2461	THR	7, 328	2462	nuc	nuc	1
LEU	7, 254	2388	ILE	7, 329	2463	nuc	nuc	0.99
VAL	7, 255	2389	ILE	7, 329	2463	nuc	nuc	0.97
HIS	7, 256	2390	ILE	7, 329	2463	nuc	nuc	1
PHE	7, 309	2443	ILE	7, 329	2463	nuc	nuc	0.99
ASP	7, 310	2444	ILE	7, 329	2463	nuc	nuc	1
ALA	7, 311	2445	ILE	7, 329	2463	nuc	nuc	0.91
TYR	7, 327	2461	ILE	7, 329	2463	nuc	nuc	0.93
THR	7, 328	2462	ILE	7, 329	2463	nuc	nuc	1
LEU	7, 254	2388	SER	7, 330	2464	nuc	nuc	0.96
VAL	7, 255	2389	SER	7, 330	2464	nuc	nuc	1
ALA	7, 257	2391	SER	7, 330	2464	nuc	nuc	0.78
THR	7, 305	2439	SER	7, 330	2464	nuc	nuc	0.58
GLN	7, 307	2441	SER	7, 330	2464	nuc	nuc	0.71
PHE	7, 309	2443	SER	7, 330	2464	nuc	nuc	1
THR	7, 328	2462	SER	7, 330	2464	nuc	nuc	1
ILE	7, 329	2463	SER	7, 330	2464	nuc	nuc	1
SER	7, 253	2387	GLN	7, 331	2465	nuc	nuc	0.96
LEU	7, 254	2388	GLN	7, 331	2465	nuc	nuc	0.99
VAL	7, 255	2389	GLN	7, 331	2465	nuc	nuc	0.96
GLN	7, 307	2441	GLN	7, 331	2465	nuc	nuc	0.97
PRO	7, 308	2442	GLN	7, 331	2465	nuc	nuc	0.96
PHE	7, 309	2443	GLN	7, 331	2465	nuc	nuc	0.91
SER	7, 330	2464	GLN	7, 331	2465	nuc	nuc	1
GLY	7, 251	2385	ALA	7, 332	2466	nuc	nuc	0.57
HIS	7, 252	2386	ALA	7, 332	2466	nuc	nuc	0.52
SER	7, 253	2387	ALA	7, 332	2466	nuc	nuc	0.98
LEU	7, 254	2388	ALA	7, 332	2466	nuc	nuc	0.91
VAL	7, 255	2389	ALA	7, 332	2466	nuc	nuc	0.99
SER	7, 330	2464	ALA	7, 332	2466	nuc	nuc	0.69
GLN	7, 331	2465	ALA	7, 332	2466	nuc	nuc	1
GLN	7, 331	2465	ALA	7, 333	2467	nuc	nuc	0.99
ALA	7, 332	2466	ALA	7, 333	2467	nuc	nuc	1
THR	7, 305	2439	HIS	7, 334	2468	nuc	nuc	0.97
GLN	7, 307	2441	HIS	7, 334	2468	nuc	nuc	0.96
PHE	7, 309	2443	HIS	7, 334	2468	nuc	nuc	0.68
SER	7, 330	2464	HIS	7, 334	2468	nuc	nuc	0.99
GLN	7, 331	2465	HIS	7, 334	2468	nuc	nuc	0.99
ALA	7, 332	2466	HIS	7, 334	2468	nuc	nuc	0.83
ALA	7, 333	2467	HIS	7, 334	2468	nuc	nuc	1
VAL	7, 255	2389	ALA	7, 335	2469	nuc	nuc	1
ALA	7, 257	2391	ALA	7, 335	2469	nuc	nuc	0.94
THR	7, 328	2462	ALA	7, 335	2469	nuc	nuc	0.66
SER	7, 330	2464	ALA	7, 335	2469	nuc	nuc	1
GLN	7, 331	2465	ALA	7, 335	2469	nuc	nuc	0.94
ALA	7, 332	2466	ALA	7, 335	2469	nuc	nuc	0.97
ALA	7, 333	2467	ALA	7, 335	2469	nuc	nuc	0.95
HIS	7, 334	2468	ALA	7, 335	2469	nuc	nuc	1
SER	7, 330	2464	GLY	7, 336	2470	nuc	nuc	0.82
HIS	7, 334	2468	GLY	7, 336	2470	nuc	nuc	1
ALA	7, 335	2469	GLY	7, 336	2470	nuc	nuc	1
ALA	7, 304	2438	GLU	7, 337	2471	nuc	nuc	0.98
THR	7, 305	2439	GLU	7, 337	2471	nuc	nuc	0.99
HIS	7, 334	2468	GLU	7, 337	2471	nuc	nuc	0.99
ALA	7, 335	2469	GLU	7, 337	2471	nuc	nuc	0.95
GLY	7, 336	2470	GLU	7, 337	2471	nuc	nuc	1
VAL	7, 301	2435	VAL	7, 338	2472	nuc	nuc	0.99
ALA	7, 304	2438	VAL	7, 338	2472	nuc	nuc	0.86
THR	7, 305	2439	VAL	7, 338	2472	nuc	nuc	0.97
PHE	7, 309	2443	VAL	7, 338	2472	nuc	nuc	0.99
ALA	7, 311	2445	VAL	7, 338	2472	nuc	nuc	0.95
THR	7, 328	2462	VAL	7, 338	2472	nuc	nuc	1
SER	7, 330	2464	VAL	7, 338	2472	nuc	nuc	1
HIS	7, 334	2468	VAL	7, 338	2472	nuc	nuc	0.98
ALA	7, 335	2469	VAL	7, 338	2472	nuc	nuc	0.99
GLY	7, 336	2470	VAL	7, 338	2472	nuc	nuc	1
GLU	7, 337	2471	VAL	7, 338	2472	nuc	nuc	1
ALA	7, 257	2391	ILE	7, 339	2473	nuc	nuc	0.99
VAL	7, 259	2393	ILE	7, 339	2473	nuc	nuc	0.97
THR	7, 328	2462	ILE	7, 339	2473	nuc	nuc	1
SER	7, 330	2464	ILE	7, 339	2473	nuc	nuc	0.81
ALA	7, 335	2469	ILE	7, 339	2473	nuc	nuc	0.99
GLY	7, 336	2470	ILE	7, 339	2473	nuc	nuc	1
GLU	7, 337	2471	ILE	7, 339	2473	nuc	nuc	0.87
VAL	7, 338	2472	ILE	7, 339	2473	nuc	nuc	1
ALA	7, 304	2438	ARG	7, 340	2474	nuc	nuc	0.51
GLY	7, 336	2470	ARG	7, 340	2474	nuc	nuc	1
GLU	7, 337	2471	ARG	7, 340	2474	nuc	nuc	1
VAL	7, 338	2472	ARG	7, 340	2474	nuc	nuc	0.97
ILE	7, 339	2473	ARG	7, 340	2474	nuc	nuc	1
GLY	7, 300	2434	ALA	7, 341	2475	nuc	nuc	0.99
VAL	7, 301	2435	ALA	7, 341	2475	nuc	nuc	0.99
LYS	7, 303	2437	ALA	7, 341	2475	nuc	nuc	0.7
ALA	7, 304	2438	ALA	7, 341	2475	nuc	nuc	0.98
THR	7, 305	2439	ALA	7, 341	2475	nuc	nuc	0.84
GLU	7, 337	2471	ALA	7, 341	2475	nuc	nuc	0.99
VAL	7, 338	2472	ALA	7, 341	2475	nuc	nuc	1
ILE	7, 339	2473	ALA	7, 341	2475	nuc	nuc	0.99
ARG	7, 340	2474	ALA	7, 341	2475	nuc	nuc	1
VAL	7, 259	2393	ALA	7, 342	2476	nuc	nuc	0.61
LEU	7, 297	2431	ALA	7, 342	2476	nuc	nuc	1
GLY	7, 300	2434	ALA	7, 342	2476	nuc	nuc	0.55
VAL	7, 301	2435	ALA	7, 342	2476	nuc	nuc	0.99
ALA	7, 311	2445	ALA	7, 342	2476	nuc	nuc	0.99
PHE	7, 326	2460	ALA	7, 342	2476	nuc	nuc	0.99
THR	7, 328	2462	ALA	7, 342	2476	nuc	nuc	0.99
VAL	7, 338	2472	ALA	7, 342	2476	nuc	nuc	1
ILE	7, 339	2473	ALA	7, 342	2476	nuc	nuc	1
ARG	7, 340	2474	ALA	7, 342	2476	nuc	nuc	0.99
ALA	7, 341	2475	ALA	7, 342	2476	nuc	nuc	1
VAL	7, 259	2393	MET	7, 343	2477	nuc	nuc	0.91
ILE	7, 339	2473	MET	7, 343	2477	nuc	nuc	0.99
ARG	7, 340	2474	MET	7, 343	2477	nuc	nuc	1
ALA	7, 341	2475	MET	7, 343	2477	nuc	nuc	0.99
ALA	7, 342	2476	MET	7, 343	2477	nuc	nuc	1
ARG	7, 340	2474	ASN	7, 344	2478	nuc	nuc	0.99
ALA	7, 341	2475	ASN	7, 344	2478	nuc	nuc	1
ALA	7, 342	2476	ASN	7, 344	2478	nuc	nuc	0.99
MET	7, 343	2477	ASN	7, 344	2478	nuc	nuc	1
LEU	7, 281	2415	GLN	7, 345	2479	nuc	nuc	0.91
LYS	7, 296	2430	GLN	7, 345	2479	nuc	nuc	0.98
LEU	7, 297	2431	GLN	7, 345	2479	nuc	nuc	0.99
GLY	7, 300	2434	GLN	7, 345	2479	nuc	nuc	0.99
VAL	7, 301	2435	GLN	7, 345	2479	nuc	nuc	0.76
ALA	7, 341	2475	GLN	7, 345	2479	nuc	nuc	0.98
ALA	7, 342	2476	GLN	7, 345	2479	nuc	nuc	1
MET	7, 343	2477	GLN	7, 345	2479	nuc	nuc	0.99
ASN	7, 344	2478	GLN	7, 345	2479	nuc	nuc	1
LEU	7, 281	2415	LEU	7, 346	2480	nuc	nuc	0.91
GLY	7, 325	2459	LEU	7, 346	2480	nuc	nuc	0.77
PHE	7, 326	2460	LEU	7, 346	2480	nuc	nuc	0.95
ALA	7, 342	2476	LEU	7, 346	2480	nuc	nuc	0.97
MET	7, 343	2477	LEU	7, 346	2480	nuc	nuc	1
ASN	7, 344	2478	LEU	7, 346	2480	nuc	nuc	0.98
GLN	7, 345	2479	LEU	7, 346	2480	nuc	nuc	1
MET	7, 343	2477	LYS	7, 347	2481	nuc	nuc	0.99
ASN	7, 344	2478	LYS	7, 347	2481	nuc	nuc	1
GLN	7, 345	2479	LYS	7, 347	2481	nuc	nuc	0.99
LEU	7, 346	2480	LYS	7, 347	2481	nuc	nuc	1
ASN	7, 344	2478	ALA	7, 348	2482	nuc	nuc	0.99
GLN	7, 345	2479	ALA	7, 348	2482	nuc	nuc	1
LEU	7, 346	2480	ALA	7, 348	2482	nuc	nuc	0.99
LYS	7, 347	2481	ALA	7, 348	2482	nuc	nuc	1
LEU	7, 277	2411	ALA	7, 349	2483	nuc	nuc	0.83
VAL	7, 280	2414	ALA	7, 349	2483	nuc	nuc	0.81
LEU	7, 281	2415	ALA	7, 349	2483	nuc	nuc	0.91
LYS	7, 296	2430	ALA	7, 349	2483	nuc	nuc	0.84
GLN	7, 345	2479	ALA	7, 349	2483	nuc	nuc	0.98
LEU	7, 346	2480	ALA	7, 349	2483	nuc	nuc	1
LYS	7, 347	2481	ALA	7, 349	2483	nuc	nuc	0.98
ALA	7, 348	2482	ALA	7, 349	2483	nuc	nuc	1
LEU	7, 346	2480	ALA	7, 350	2484	nuc	nuc	0.97
LYS	7, 347	2481	ALA	7, 350	2484	nuc	nuc	0.99
ALA	7, 348	2482	ALA	7, 350	2484	nuc	nuc	0.98
ALA	7, 349	2483	ALA	7, 350	2484	nuc	nuc	1
LYS	7, 347	2481	GLN	7, 351	2485	nuc	nuc	0.96
ALA	7, 348	2482	GLN	7, 351	2485	nuc	nuc	0.98
ALA	7, 349	2483	GLN	7, 351	2485	nuc	nuc	0.95
ALA	7, 350	2484	GLN	7, 351	2485	nuc	nuc	1
ALA	7, 348	2482	GLY	7, 352	2486	nuc	nuc	0.86
ALA	7, 349	2483	GLY	7, 352	2486	nuc	nuc	0.95
ALA	7, 350	2484	GLY	7, 352	2486	nuc	nuc	0.98
GLN	7, 351	2485	GLY	7, 352	2486	nuc	nuc	1
ALA	7, 348	2482	GLY	7, 353	2487	nuc	nuc	0.95
ALA	7, 349	2483	GLY	7, 353	2487	nuc	nuc	0.96
GLN	7, 351	2485	GLY	7, 353	2487	nuc	nuc	0.98
GLY	7, 352	2486	GLY	7, 353	2487	nuc	nuc	1
VAL	7, 280	2414	VAL	7, 354	2488	nuc	nuc	0.96
ALA	7, 349	2483	VAL	7, 354	2488	nuc	nuc	0.96
GLY	7, 352	2486	VAL	7, 354	2488	nuc	nuc	0.99
GLY	7, 353	2487	VAL	7, 354	2488	nuc	nuc	1
GLY	7, 353	2487	THR	7, 355	2489	nuc	nuc	0.98
VAL	7, 354	2488	THR	7, 355	2489	nuc	nuc	1
THR	7, 355	2489	GLU	7, 356	2490	nuc	nuc	1
THR	7, 355	2489	GLU	7, 357	2491	nuc	nuc	0.99
GLU	7, 356	2490	GLU	7, 357	2491	nuc	nuc	1
VAL	7, 280	2414	ASP	7, 358	2492	nuc	nuc	0.99
LYS	7, 296	2430	ASP	7, 358	2492	nuc	nuc	0.82
VAL	7, 354	2488	ASP	7, 358	2492	nuc	nuc	0.98
THR	7, 355	2489	ASP	7, 358	2492	nuc	nuc	0.99
GLU	7, 356	2490	ASP	7, 358	2492	nuc	nuc	0.97
GLU	7, 357	2491	ASP	7, 358	2492	nuc	nuc	1
VAL	7, 276	2410	VAL	7, 359	2493	nuc	nuc	0.97
VAL	7, 280	2414	VAL	7, 359	2493	nuc	nuc	0.97
VAL	7, 354	2488	VAL	7, 359	2493	nuc	nuc	0.97
THR	7, 355	2489	VAL	7, 359	2493	nuc	nuc	0.92
GLU	7, 356	2490	VAL	7, 359	2493	nuc	nuc	0.99
GLU	7, 357	2491	VAL	7, 359	2493	nuc	nuc	0.96
ASP	7, 358	2492	VAL	7, 359	2493	nuc	nuc	1
GLU	7, 356	2490	THR	7, 360	2494	nuc	nuc	0.98
GLU	7, 357	2491	THR	7, 360	2494	nuc	nuc	1
ASP	7, 358	2492	THR	7, 360	2494	nuc	nuc	0.97
VAL	7, 359	2493	THR	7, 360	2494	nuc	nuc	1
GLU	5, 80	1322	LYS	7, 361	2495	nuc	nuc	0.65
SER	5, 81	1323	LYS	7, 361	2495	nuc	nuc	0.99
VAL	7, 280	2414	LYS	7, 361	2495	nuc	nuc	0.59
THR	7, 294	2428	LYS	7, 361	2495	nuc	nuc	0.97
GLU	7, 357	2491	LYS	7, 361	2495	nuc	nuc	0.99
ASP	7, 358	2492	LYS	7, 361	2495	nuc	nuc	1
VAL	7, 359	2493	LYS	7, 361	2495	nuc	nuc	0.98
THR	7, 360	2494	LYS	7, 361	2495	nuc	nuc	1
VAL	7, 276	2410	ALA	7, 362	2496	nuc	nuc	0.99
LEU	7, 277	2411	ALA	7, 362	2496	nuc	nuc	0.65
HIS	7, 279	2413	ALA	7, 362	2496	nuc	nuc	1
VAL	7, 280	2414	ALA	7, 362	2496	nuc	nuc	0.99
ASP	7, 358	2492	ALA	7, 362	2496	nuc	nuc	0.99
VAL	7, 359	2493	ALA	7, 362	2496	nuc	nuc	1
THR	7, 360	2494	ALA	7, 362	2496	nuc	nuc	0.99
LYS	7, 361	2495	ALA	7, 362	2496	nuc	nuc	1
VAL	7, 276	2410	LYS	7, 363	2497	nuc	nuc	0.99
HIS	7, 279	2413	LYS	7, 363	2497	nuc	nuc	0.64
VAL	7, 359	2493	LYS	7, 363	2497	nuc	nuc	1
THR	7, 360	2494	LYS	7, 363	2497	nuc	nuc	1
LYS	7, 361	2495	LYS	7, 363	2497	nuc	nuc	0.99
ALA	7, 362	2496	LYS	7, 363	2497	nuc	nuc	1
SER	5, 81	1323	ASN	7, 364	2498	nuc	nuc	0.92
MET	5, 82	1324	ASN	7, 364	2498	nuc	nuc	0.95
GLY	5, 83	1325	ASN	7, 364	2498	nuc	nuc	0.99
THR	7, 360	2494	ASN	7, 364	2498	nuc	nuc	0.99
LYS	7, 361	2495	ASN	7, 364	2498	nuc	nuc	1
ALA	7, 362	2496	ASN	7, 364	2498	nuc	nuc	0.99
LYS	7, 363	2497	ASN	7, 364	2498	nuc	nuc	1
GLU	5, 80	1322	GLN	7, 365	2499	nuc	nuc	0.82
GLY	5, 83	1325	GLN	7, 365	2499	nuc	nuc	0.99
HIS	7, 279	2413	GLN	7, 365	2499	nuc	nuc	1
ALA	7, 283	2417	GLN	7, 365	2499	nuc	nuc	0.79
LEU	7, 286	2420	GLN	7, 365	2499	nuc	nuc	0.63
LYS	7, 361	2495	GLN	7, 365	2499	nuc	nuc	0.99
ALA	7, 362	2496	GLN	7, 365	2499	nuc	nuc	1
LYS	7, 363	2497	GLN	7, 365	2499	nuc	nuc	0.99
ASN	7, 364	2498	GLN	7, 365	2499	nuc	nuc	1
SER	7, 275	2409	LEU	7, 366	2500	nuc	nuc	0.99
VAL	7, 276	2410	LEU	7, 366	2500	nuc	nuc	0.99
HIS	7, 279	2413	LEU	7, 366	2500	nuc	nuc	0.99
ALA	7, 362	2496	LEU	7, 366	2500	nuc	nuc	0.99
LYS	7, 363	2497	LEU	7, 366	2500	nuc	nuc	1
ASN	7, 364	2498	LEU	7, 366	2500	nuc	nuc	0.99
GLN	7, 365	2499	LEU	7, 366	2500	nuc	nuc	1
LEU	5, 102	1344	LYS	7, 367	2501	nuc	nuc	0.6
LYS	7, 363	2497	LYS	7, 367	2501	nuc	nuc	1
ASN	7, 364	2498	LYS	7, 367	2501	nuc	nuc	1
GLN	7, 365	2499	LYS	7, 367	2501	nuc	nuc	0.99
LEU	7, 366	2500	LYS	7, 367	2501	nuc	nuc	1
THR	5, 34	1276	ALA	7, 368	2502	nuc	nuc	0.64
MET	5, 82	1324	ALA	7, 368	2502	nuc	nuc	0.66
GLY	5, 83	1325	ALA	7, 368	2502	nuc	nuc	1
ALA	5, 84	1326	ALA	7, 368	2502	nuc	nuc	0.9
ALA	5, 101	1343	ALA	7, 368	2502	nuc	nuc	0.88
LEU	5, 102	1344	ALA	7, 368	2502	nuc	nuc	0.99
ASN	7, 364	2498	ALA	7, 368	2502	nuc	nuc	1
GLN	7, 365	2499	ALA	7, 368	2502	nuc	nuc	1
LEU	7, 366	2500	ALA	7, 368	2502	nuc	nuc	0.99
LYS	7, 367	2501	ALA	7, 368	2502	nuc	nuc	1
GLY	5, 83	1325	THR	7, 369	2503	nuc	nuc	0.7
HIS	7, 279	2413	THR	7, 369	2503	nuc	nuc	0.67
ALA	7, 283	2417	THR	7, 369	2503	nuc	nuc	0.72
GLN	7, 365	2499	THR	7, 369	2503	nuc	nuc	1
LEU	7, 366	2500	THR	7, 369	2503	nuc	nuc	1
LYS	7, 367	2501	THR	7, 369	2503	nuc	nuc	0.97
ALA	7, 368	2502	THR	7, 369	2503	nuc	nuc	1
LEU	7, 366	2500	TYR	7, 370	2504	nuc	nuc	1
LYS	7, 367	2501	TYR	7, 370	2504	nuc	nuc	1
ALA	7, 368	2502	TYR	7, 370	2504	nuc	nuc	0.99
THR	7, 369	2503	TYR	7, 370	2504	nuc	nuc	1
PRO	5, 33	1275	LEU	7, 371	2505	nuc	nuc	0.99
THR	5, 34	1276	LEU	7, 371	2505	nuc	nuc	0.99
LEU	5, 102	1344	LEU	7, 371	2505	nuc	nuc	0.96
LYS	7, 367	2501	LEU	7, 371	2505	nuc	nuc	1
ALA	7, 368	2502	LEU	7, 371	2505	nuc	nuc	1
THR	7, 369	2503	LEU	7, 371	2505	nuc	nuc	0.95
TYR	7, 370	2504	LEU	7, 371	2505	nuc	nuc	1
THR	5, 34	1276	MET	7, 372	2506	nuc	nuc	0.99
HIS	5, 85	1327	MET	7, 372	2506	nuc	nuc	0.56
LYS	5, 100	1342	MET	7, 372	2506	nuc	nuc	0.98
ALA	7, 368	2502	MET	7, 372	2506	nuc	nuc	1
THR	7, 369	2503	MET	7, 372	2506	nuc	nuc	1
TYR	7, 370	2504	MET	7, 372	2506	nuc	nuc	0.99
LEU	7, 371	2505	MET	7, 372	2506	nuc	nuc	1
THR	7, 369	2503	SER	7, 373	2507	nuc	nuc	0.99
TYR	7, 370	2504	SER	7, 373	2507	nuc	nuc	1
LEU	7, 371	2505	SER	7, 373	2507	nuc	nuc	0.99
MET	7, 372	2506	SER	7, 373	2507	nuc	nuc	1
TYR	7, 370	2504	VAL	7, 374	2508	nuc	nuc	0.97
LEU	7, 371	2505	VAL	7, 374	2508	nuc	nuc	1
MET	7, 372	2506	VAL	7, 374	2508	nuc	nuc	0.9
SER	7, 373	2507	VAL	7, 374	2508	nuc	nuc	1
GLN	5, 32	1274	GLU	7, 375	2509	nuc	nuc	0.96
THR	5, 34	1276	GLU	7, 375	2509	nuc	nuc	0.99
GLY	5, 371	1613	GLU	7, 375	2509	nuc	nuc	0.99
THR	5, 372	1614	GLU	7, 375	2509	nuc	nuc	0.98
LEU	7, 371	2505	GLU	7, 375	2509	nuc	nuc	0.94
MET	7, 372	2506	GLU	7, 375	2509	nuc	nuc	1
SER	7, 373	2507	GLU	7, 375	2509	nuc	nuc	0.97
VAL	7, 374	2508	GLU	7, 375	2509	nuc	nuc	1
ASP	5, 370	1612	THR	7, 376	2510	nuc	nuc	0.99
GLY	5, 371	1613	THR	7, 376	2510	nuc	nuc	0.99
SER	7, 373	2507	THR	7, 376	2510	nuc	nuc	0.58
VAL	7, 374	2508	THR	7, 376	2510	nuc	nuc	0.83
GLU	7, 375	2509	THR	7, 376	2510	nuc	nuc	1
ASP	5, 370	1612	ALA	7, 377	2511	nuc	nuc	0.98
SER	7, 44	2178	ALA	7, 377	2511	nuc	nuc	0.92
ALA	7, 46	2180	ALA	7, 377	2511	nuc	nuc	0.84
ARG	7, 48	2182	ALA	7, 377	2511	nuc	nuc	0.99
ILE	7, 211	2345	ALA	7, 377	2511	nuc	nuc	0.99
THR	7, 376	2510	ALA	7, 377	2511	nuc	nuc	1
ASP	5, 370	1612	GLN	7, 378	2512	nuc	nuc	0.8
ARG	7, 48	2182	GLN	7, 378	2512	nuc	nuc	0.92
THR	7, 376	2510	GLN	7, 378	2512	nuc	nuc	1
ALA	7, 377	2511	GLN	7, 378	2512	nuc	nuc	1
SER	7, 373	2507	GLY	7, 379	2513	nuc	nuc	0.99
VAL	7, 374	2508	GLY	7, 379	2513	nuc	nuc	0.98
THR	7, 376	2510	GLY	7, 379	2513	nuc	nuc	1
ALA	7, 377	2511	GLY	7, 379	2513	nuc	nuc	1
GLN	7, 378	2512	GLY	7, 379	2513	nuc	nuc	1
LEU	7, 40	2174	LEU	7, 380	2514	nuc	nuc	0.68
ILE	7, 211	2345	LEU	7, 380	2514	nuc	nuc	0.97
VAL	7, 374	2508	LEU	7, 380	2514	nuc	nuc	0.99
GLU	7, 375	2509	LEU	7, 380	2514	nuc	nuc	0.68
THR	7, 376	2510	LEU	7, 380	2514	nuc	nuc	0.99
ALA	7, 377	2511	LEU	7, 380	2514	nuc	nuc	1
GLN	7, 378	2512	LEU	7, 380	2514	nuc	nuc	0.99
GLY	7, 379	2513	LEU	7, 380	2514	nuc	nuc	1
ARG	7, 48	2182	LEU	7, 381	2515	nuc	nuc	0.99
GLY	7, 50	2184	LEU	7, 381	2515	nuc	nuc	0.98
CYS	7, 110	2244	LEU	7, 381	2515	nuc	nuc	0.93
VAL	7, 209	2343	LEU	7, 381	2515	nuc	nuc	0.99
GLY	7, 210	2344	LEU	7, 381	2515	nuc	nuc	0.97
ILE	7, 211	2345	LEU	7, 381	2515	nuc	nuc	0.99
ALA	7, 377	2511	LEU	7, 381	2515	nuc	nuc	0.99
GLN	7, 378	2512	LEU	7, 381	2515	nuc	nuc	1
GLY	7, 379	2513	LEU	7, 381	2515	nuc	nuc	1
LEU	7, 380	2514	LEU	7, 381	2515	nuc	nuc	1
THR	7, 108	2242	ASN	7, 382	2516	nuc	nuc	0.84
GLN	7, 378	2512	ASN	7, 382	2516	nuc	nuc	0.98
GLY	7, 379	2513	ASN	7, 382	2516	nuc	nuc	1
LEU	7, 380	2514	ASN	7, 382	2516	nuc	nuc	0.99
LEU	7, 381	2515	ASN	7, 382	2516	nuc	nuc	1
SER	7, 373	2507	GLU	7, 383	2517	nuc	nuc	0.91
VAL	7, 374	2508	GLU	7, 383	2517	nuc	nuc	0.98
GLY	7, 379	2513	GLU	7, 383	2517	nuc	nuc	1
LEU	7, 380	2514	GLU	7, 383	2517	nuc	nuc	1
LEU	7, 381	2515	GLU	7, 383	2517	nuc	nuc	0.98
ASN	7, 382	2516	GLU	7, 383	2517	nuc	nuc	1
LEU	7, 26	2160	ILE	7, 384	2518	nuc	nuc	0.87
ALA	7, 38	2172	ILE	7, 384	2518	nuc	nuc	0.99
LEU	7, 40	2174	ILE	7, 384	2518	nuc	nuc	0.78
VAL	7, 209	2343	ILE	7, 384	2518	nuc	nuc	1
LEU	7, 380	2514	ILE	7, 384	2518	nuc	nuc	1
LEU	7, 381	2515	ILE	7, 384	2518	nuc	nuc	1
ASN	7, 382	2516	ILE	7, 384	2518	nuc	nuc	0.95
GLU	7, 383	2517	ILE	7, 384	2518	nuc	nuc	1
ALA	7, 38	2172	GLY	7, 385	2519	nuc	nuc	0.95
GLY	7, 50	2184	GLY	7, 385	2519	nuc	nuc	0.57
PHE	7, 52	2186	GLY	7, 385	2519	nuc	nuc	0.99
ALA	7, 207	2341	GLY	7, 385	2519	nuc	nuc	0.99
VAL	7, 209	2343	GLY	7, 385	2519	nuc	nuc	1
LEU	7, 381	2515	GLY	7, 385	2519	nuc	nuc	0.99
ASN	7, 382	2516	GLY	7, 385	2519	nuc	nuc	1
GLU	7, 383	2517	GLY	7, 385	2519	nuc	nuc	1
ILE	7, 384	2518	GLY	7, 385	2519	nuc	nuc	1
PHE	7, 52	2186	SER	7, 386	2520	nuc	nuc	0.94
LYS	7, 106	2240	SER	7, 386	2520	nuc	nuc	0.92
ASN	7, 382	2516	SER	7, 386	2520	nuc	nuc	0.99
GLU	7, 383	2517	SER	7, 386	2520	nuc	nuc	1
ILE	7, 384	2518	SER	7, 386	2520	nuc	nuc	0.95
GLY	7, 385	2519	SER	7, 386	2520	nuc	nuc	1
GLU	7, 383	2517	GLU	7, 387	2521	nuc	nuc	0.99
ILE	7, 384	2518	GLU	7, 387	2521	nuc	nuc	0.99
GLY	7, 385	2519	GLU	7, 387	2521	nuc	nuc	1
SER	7, 386	2520	GLU	7, 387	2521	nuc	nuc	1
ILE	7, 28	2162	ALA	7, 388	2522	nuc	nuc	0.92
ILE	7, 36	2170	ALA	7, 388	2522	nuc	nuc	1
ALA	7, 38	2172	ALA	7, 388	2522	nuc	nuc	0.99
PHE	7, 52	2186	ALA	7, 388	2522	nuc	nuc	0.85
ALA	7, 207	2341	ALA	7, 388	2522	nuc	nuc	1
VAL	7, 209	2343	ALA	7, 388	2522	nuc	nuc	0.97
ILE	7, 384	2518	ALA	7, 388	2522	nuc	nuc	0.99
GLY	7, 385	2519	ALA	7, 388	2522	nuc	nuc	1
SER	7, 386	2520	ALA	7, 388	2522	nuc	nuc	0.98
GLU	7, 387	2521	ALA	7, 388	2522	nuc	nuc	1
ILE	7, 36	2170	LEU	7, 389	2523	nuc	nuc	0.88
PHE	7, 52	2186	LEU	7, 389	2523	nuc	nuc	0.99
LYS	7, 54	2188	LEU	7, 389	2523	nuc	nuc	0.99
LYS	7, 106	2240	LEU	7, 389	2523	nuc	nuc	0.94
ALA	7, 207	2341	LEU	7, 389	2523	nuc	nuc	0.99
GLY	7, 385	2519	LEU	7, 389	2523	nuc	nuc	0.99
SER	7, 386	2520	LEU	7, 389	2523	nuc	nuc	0.99
GLU	7, 387	2521	LEU	7, 389	2523	nuc	nuc	0.98
ALA	7, 388	2522	LEU	7, 389	2523	nuc	nuc	1
VAL	7, 266	2400	LEU	7, 390	2524	nuc	nuc	0.93
SER	7, 319	2453	LEU	7, 390	2524	nuc	nuc	0.93
SER	7, 386	2520	LEU	7, 390	2524	nuc	nuc	0.95
GLU	7, 387	2521	LEU	7, 390	2524	nuc	nuc	0.98
ALA	7, 388	2522	LEU	7, 390	2524	nuc	nuc	0.91
LEU	7, 389	2523	LEU	7, 390	2524	nuc	nuc	1
GLU	7, 387	2521	SER	7, 391	2525	nuc	nuc	0.96
ALA	7, 388	2522	SER	7, 391	2525	nuc	nuc	0.9
LEU	7, 390	2524	SER	7, 391	2525	nuc	nuc	1
ILE	7, 28	2162	GLY	7, 392	2526	nuc	nuc	0.77
LYS	7, 30	2164	GLY	7, 392	2526	nuc	nuc	0.88
ILE	7, 36	2170	GLY	7, 392	2526	nuc	nuc	0.97
GLU	7, 387	2521	GLY	7, 392	2526	nuc	nuc	0.81
ALA	7, 388	2522	GLY	7, 392	2526	nuc	nuc	0.99
LEU	7, 389	2523	GLY	7, 392	2526	nuc	nuc	0.89
LEU	7, 390	2524	GLY	7, 392	2526	nuc	nuc	0.98
SER	7, 391	2525	GLY	7, 392	2526	nuc	nuc	1
ILE	7, 28	2162	THR	7, 393	2527	nuc	nuc	0.95
GLU	7, 387	2521	THR	7, 393	2527	nuc	nuc	0.83
ALA	7, 388	2522	THR	7, 393	2527	nuc	nuc	0.91
SER	7, 391	2525	THR	7, 393	2527	nuc	nuc	0.97
GLY	7, 392	2526	THR	7, 393	2527	nuc	nuc	1
LEU	7, 26	2160	HIS	7, 394	2528	nuc	nuc	0.95
ILE	7, 28	2162	HIS	7, 394	2528	nuc	nuc	0.97
ALA	7, 38	2172	HIS	7, 394	2528	nuc	nuc	0.93
ILE	7, 384	2518	HIS	7, 394	2528	nuc	nuc	0.96
GLU	7, 387	2521	HIS	7, 394	2528	nuc	nuc	0.97
ALA	7, 388	2522	HIS	7, 394	2528	nuc	nuc	0.94
GLY	7, 392	2526	HIS	7, 394	2528	nuc	nuc	0.53
THR	7, 393	2527	HIS	7, 394	2528	nuc	nuc	1
GLU	7, 387	2521	THR	7, 395	2529	nuc	nuc	0.95
THR	7, 393	2527	THR	7, 395	2529	nuc	nuc	0.94
HIS	7, 394	2528	THR	7, 395	2529	nuc	nuc	1
HIS	7, 394	2528	ALA	7, 396	2530	nuc	nuc	0.88
THR	7, 395	2529	ALA	7, 396	2530	nuc	nuc	1
PRO	5, 33	1275	PRO	7, 397	2531	nuc	nuc	0.84
TYR	7, 370	2504	PRO	7, 397	2531	nuc	nuc	0.82
LEU	7, 371	2505	PRO	7, 397	2531	nuc	nuc	0.98
VAL	7, 374	2508	PRO	7, 397	2531	nuc	nuc	0.96
ALA	7, 396	2530	PRO	7, 397	2531	nuc	nuc	1
ALA	7, 396	2530	SER	7, 398	2532	nuc	nuc	1
PRO	7, 397	2531	SER	7, 398	2532	nuc	nuc	1
THR	7, 395	2529	VAL	7, 399	2533	nuc	nuc	0.98
ALA	7, 396	2530	VAL	7, 399	2533	nuc	nuc	0.99
PRO	7, 397	2531	VAL	7, 399	2533	nuc	nuc	0.95
SER	7, 398	2532	VAL	7, 399	2533	nuc	nuc	1
TYR	7, 370	2504	VAL	7, 400	2534	nuc	nuc	0.98
THR	7, 395	2529	VAL	7, 400	2534	nuc	nuc	0.96
ALA	7, 396	2530	VAL	7, 400	2534	nuc	nuc	0.93
PRO	7, 397	2531	VAL	7, 400	2534	nuc	nuc	0.99
SER	7, 398	2532	VAL	7, 400	2534	nuc	nuc	0.98
VAL	7, 399	2533	VAL	7, 400	2534	nuc	nuc	1
LYS	7, 367	2501	ALA	7, 401	2535	nuc	nuc	0.99
TYR	7, 370	2504	ALA	7, 401	2535	nuc	nuc	0.75
LEU	7, 371	2505	ALA	7, 401	2535	nuc	nuc	0.67
PRO	7, 397	2531	ALA	7, 401	2535	nuc	nuc	0.97
SER	7, 398	2532	ALA	7, 401	2535	nuc	nuc	0.99
VAL	7, 399	2533	ALA	7, 401	2535	nuc	nuc	0.99
VAL	7, 400	2534	ALA	7, 401	2535	nuc	nuc	1
SER	7, 398	2532	GLN	7, 402	2536	nuc	nuc	0.94
VAL	7, 399	2533	GLN	7, 402	2536	nuc	nuc	1
VAL	7, 400	2534	GLN	7, 402	2536	nuc	nuc	0.98
ALA	7, 401	2535	GLN	7, 402	2536	nuc	nuc	1
ASN	7, 272	2406	LYS	7, 403	2537	nuc	nuc	0.97
VAL	7, 399	2533	LYS	7, 403	2537	nuc	nuc	0.98
VAL	7, 400	2534	LYS	7, 403	2537	nuc	nuc	1
ALA	7, 401	2535	LYS	7, 403	2537	nuc	nuc	0.98
GLN	7, 402	2536	LYS	7, 403	2537	nuc	nuc	1
ASN	7, 272	2406	ILE	7, 404	2538	nuc	nuc	0.97
SER	7, 275	2409	ILE	7, 404	2538	nuc	nuc	0.57
VAL	7, 276	2410	ILE	7, 404	2538	nuc	nuc	0.93
LYS	7, 363	2497	ILE	7, 404	2538	nuc	nuc	0.99
LEU	7, 366	2500	ILE	7, 404	2538	nuc	nuc	0.99
LYS	7, 367	2501	ILE	7, 404	2538	nuc	nuc	0.99
TYR	7, 370	2504	ILE	7, 404	2538	nuc	nuc	0.78
VAL	7, 400	2534	ILE	7, 404	2538	nuc	nuc	0.99
ALA	7, 401	2535	ILE	7, 404	2538	nuc	nuc	0.99
GLN	7, 402	2536	ILE	7, 404	2538	nuc	nuc	0.98
LYS	7, 403	2537	ILE	7, 404	2538	nuc	nuc	1
LYS	7, 363	2497	ASP	7, 405	2539	nuc	nuc	0.99
ALA	7, 401	2535	ASP	7, 405	2539	nuc	nuc	0.97
GLN	7, 402	2536	ASP	7, 405	2539	nuc	nuc	1
LYS	7, 403	2537	ASP	7, 405	2539	nuc	nuc	0.97
ILE	7, 404	2538	ASP	7, 405	2539	nuc	nuc	1
GLN	7, 402	2536	SER	7, 406	2540	nuc	nuc	0.96
LYS	7, 403	2537	SER	7, 406	2540	nuc	nuc	0.99
ILE	7, 404	2538	SER	7, 406	2540	nuc	nuc	0.98
ASP	7, 405	2539	SER	7, 406	2540	nuc	nuc	1
ALA	7, 269	2403	VAL	7, 407	2541	nuc	nuc	0.6
ASN	7, 272	2406	VAL	7, 407	2541	nuc	nuc	0.99
ALA	7, 273	2407	VAL	7, 407	2541	nuc	nuc	0.99
VAL	7, 276	2410	VAL	7, 407	2541	nuc	nuc	0.99
VAL	7, 359	2493	VAL	7, 407	2541	nuc	nuc	0.62
LYS	7, 363	2497	VAL	7, 407	2541	nuc	nuc	0.93
LYS	7, 403	2537	VAL	7, 407	2541	nuc	nuc	0.57
ILE	7, 404	2538	VAL	7, 407	2541	nuc	nuc	0.98
ASP	7, 405	2539	VAL	7, 407	2541	nuc	nuc	0.95
SER	7, 406	2540	VAL	7, 407	2541	nuc	nuc	1
SER	7, 406	2540	THR	7, 408	2542	nuc	nuc	0.65
VAL	7, 407	2541	THR	7, 408	2542	nuc	nuc	1
VAL	7, 354	2488	SER	7, 409	2543	nuc	nuc	0.93
THR	7, 355	2489	SER	7, 409	2543	nuc	nuc	0.53
GLU	7, 356	2490	SER	7, 409	2543	nuc	nuc	0.97
VAL	7, 359	2493	SER	7, 409	2543	nuc	nuc	0.99
THR	7, 408	2542	SER	7, 409	2543	nuc	nuc	1
THR	7, 408	2542	ALA	7, 410	2544	nuc	nuc	0.99
SER	7, 409	2543	ALA	7, 410	2544	nuc	nuc	1
ALA	7, 269	2403	ASP	7, 411	2545	nuc	nuc	0.7
GLU	7, 270	2404	ASP	7, 411	2545	nuc	nuc	0.58
ALA	7, 273	2407	ASP	7, 411	2545	nuc	nuc	0.99
VAL	7, 276	2410	ASP	7, 411	2545	nuc	nuc	0.51
VAL	7, 407	2541	ASP	7, 411	2545	nuc	nuc	0.98
THR	7, 408	2542	ASP	7, 411	2545	nuc	nuc	0.99
SER	7, 409	2543	ASP	7, 411	2545	nuc	nuc	0.97
ALA	7, 410	2544	ASP	7, 411	2545	nuc	nuc	1
ALA	7, 273	2407	VAL	7, 412	2546	nuc	nuc	0.99
VAL	7, 276	2410	VAL	7, 412	2546	nuc	nuc	0.99
LEU	7, 277	2411	VAL	7, 412	2546	nuc	nuc	0.99
VAL	7, 280	2414	VAL	7, 412	2546	nuc	nuc	0.96
VAL	7, 354	2488	VAL	7, 412	2546	nuc	nuc	0.96
VAL	7, 359	2493	VAL	7, 412	2546	nuc	nuc	0.98
VAL	7, 407	2541	VAL	7, 412	2546	nuc	nuc	0.95
THR	7, 408	2542	VAL	7, 412	2546	nuc	nuc	0.89
SER	7, 409	2543	VAL	7, 412	2546	nuc	nuc	0.99
ALA	7, 410	2544	VAL	7, 412	2546	nuc	nuc	0.98
ASP	7, 411	2545	VAL	7, 412	2546	nuc	nuc	1
ALA	7, 349	2483	VAL	7, 413	2547	nuc	nuc	0.87
ALA	7, 350	2484	VAL	7, 413	2547	nuc	nuc	0.92
GLY	7, 352	2486	VAL	7, 413	2547	nuc	nuc	0.96
GLY	7, 353	2487	VAL	7, 413	2547	nuc	nuc	0.64
VAL	7, 354	2488	VAL	7, 413	2547	nuc	nuc	0.95
SER	7, 409	2543	VAL	7, 413	2547	nuc	nuc	0.97
ALA	7, 410	2544	VAL	7, 413	2547	nuc	nuc	0.99
ASP	7, 411	2545	VAL	7, 413	2547	nuc	nuc	0.96
VAL	7, 412	2546	VAL	7, 413	2547	nuc	nuc	1
ALA	7, 273	2407	ASN	7, 414	2548	nuc	nuc	0.9
ALA	7, 410	2544	ASN	7, 414	2548	nuc	nuc	0.98
ASP	7, 411	2545	ASN	7, 414	2548	nuc	nuc	1
VAL	7, 412	2546	ASN	7, 414	2548	nuc	nuc	0.99
VAL	7, 413	2547	ASN	7, 414	2548	nuc	nuc	1
GLU	7, 270	2404	ALA	7, 415	2549	nuc	nuc	0.95
ALA	7, 273	2407	ALA	7, 415	2549	nuc	nuc	0.99
PHE	7, 274	2408	ALA	7, 415	2549	nuc	nuc	0.99
LEU	7, 277	2411	ALA	7, 415	2549	nuc	nuc	0.99
PHE	7, 324	2458	ALA	7, 415	2549	nuc	nuc	0.72
ASP	7, 411	2545	ALA	7, 415	2549	nuc	nuc	0.99
VAL	7, 412	2546	ALA	7, 415	2549	nuc	nuc	1
VAL	7, 413	2547	ALA	7, 415	2549	nuc	nuc	0.99
ASN	7, 414	2548	ALA	7, 415	2549	nuc	nuc	1
LEU	7, 277	2411	ALA	7, 416	2550	nuc	nuc	0.98
LEU	7, 346	2480	ALA	7, 416	2550	nuc	nuc	0.97
ALA	7, 349	2483	ALA	7, 416	2550	nuc	nuc	0.98
ALA	7, 350	2484	ALA	7, 416	2550	nuc	nuc	0.99
VAL	7, 354	2488	ALA	7, 416	2550	nuc	nuc	0.68
VAL	7, 412	2546	ALA	7, 416	2550	nuc	nuc	0.98
VAL	7, 413	2547	ALA	7, 416	2550	nuc	nuc	1
ASN	7, 414	2548	ALA	7, 416	2550	nuc	nuc	0.98
ALA	7, 415	2549	ALA	7, 416	2550	nuc	nuc	1
ALA	7, 350	2484	LYS	7, 417	2551	nuc	nuc	0.98
VAL	7, 413	2547	LYS	7, 417	2551	nuc	nuc	0.98
ASN	7, 414	2548	LYS	7, 417	2551	nuc	nuc	1
ALA	7, 415	2549	LYS	7, 417	2551	nuc	nuc	0.99
ALA	7, 416	2550	LYS	7, 417	2551	nuc	nuc	1
THR	7, 261	2395	LYS	7, 418	2552	nuc	nuc	0.86
GLY	7, 263	2397	LYS	7, 418	2552	nuc	nuc	0.9
ASN	7, 414	2548	LYS	7, 418	2552	nuc	nuc	0.97
ALA	7, 415	2549	LYS	7, 418	2552	nuc	nuc	0.99
ALA	7, 416	2550	LYS	7, 418	2552	nuc	nuc	0.99
LYS	7, 417	2551	LYS	7, 418	2552	nuc	nuc	1
THR	7, 261	2395	PHE	7, 419	2553	nuc	nuc	0.99
PHE	7, 324	2458	PHE	7, 419	2553	nuc	nuc	0.99
GLY	7, 325	2459	PHE	7, 419	2553	nuc	nuc	0.98
LEU	7, 346	2480	PHE	7, 419	2553	nuc	nuc	0.97
ALA	7, 350	2484	PHE	7, 419	2553	nuc	nuc	0.89
ALA	7, 415	2549	PHE	7, 419	2553	nuc	nuc	0.96
ALA	7, 416	2550	PHE	7, 419	2553	nuc	nuc	0.99
LYS	7, 417	2551	PHE	7, 419	2553	nuc	nuc	0.98
LYS	7, 418	2552	PHE	7, 419	2553	nuc	nuc	1
LEU	7, 346	2480	VAL	7, 420	2554	nuc	nuc	0.95
LYS	7, 347	2481	VAL	7, 420	2554	nuc	nuc	0.98
ALA	7, 350	2484	VAL	7, 420	2554	nuc	nuc	0.97
ALA	7, 416	2550	VAL	7, 420	2554	nuc	nuc	0.96
LYS	7, 417	2551	VAL	7, 420	2554	nuc	nuc	0.99
LYS	7, 418	2552	VAL	7, 420	2554	nuc	nuc	0.87
PHE	7, 419	2553	VAL	7, 420	2554	nuc	nuc	1
LYS	7, 417	2551	SER	7, 421	2555	nuc	nuc	0.98
LYS	7, 418	2552	SER	7, 421	2555	nuc	nuc	0.99
PHE	7, 419	2553	SER	7, 421	2555	nuc	nuc	0.85
VAL	7, 420	2554	SER	7, 421	2555	nuc	nuc	1
THR	7, 261	2395	GLY	7, 422	2556	nuc	nuc	1
GLU	7, 262	2396	GLY	7, 422	2556	nuc	nuc	0.95
LYS	7, 418	2552	GLY	7, 422	2556	nuc	nuc	0.98
PHE	7, 419	2553	GLY	7, 422	2556	nuc	nuc	0.97
VAL	7, 420	2554	GLY	7, 422	2556	nuc	nuc	0.99
SER	7, 421	2555	GLY	7, 422	2556	nuc	nuc	1
TYR	7, 241	2375	LYS	7, 423	2557	nuc	nuc	0.68
GLY	7, 243	2377	LYS	7, 423	2557	nuc	nuc	0.99
THR	7, 261	2395	LYS	7, 423	2557	nuc	nuc	0.97
GLU	7, 262	2396	LYS	7, 423	2557	nuc	nuc	0.81
GLY	7, 422	2556	LYS	7, 423	2557	nuc	nuc	1
GLY	7, 243	2377	LYS	7, 424	2558	nuc	nuc	0.94
GLY	7, 244	2378	LYS	7, 424	2558	nuc	nuc	0.71
VAL	7, 259	2393	LYS	7, 424	2558	nuc	nuc	0.99
VAL	7, 260	2394	LYS	7, 424	2558	nuc	nuc	0.95
THR	7, 261	2395	LYS	7, 424	2558	nuc	nuc	1
GLY	7, 422	2556	LYS	7, 424	2558	nuc	nuc	1
LYS	7, 423	2557	LYS	7, 424	2558	nuc	nuc	1
LEU	7, 165	2299	SER	7, 425	2559	nuc	nuc	0.98
ALA	7, 168	2302	SER	7, 425	2559	nuc	nuc	1
ALA	7, 169	2303	SER	7, 425	2559	nuc	nuc	1
GLY	7, 243	2377	SER	7, 425	2559	nuc	nuc	1
GLY	7, 244	2378	SER	7, 425	2559	nuc	nuc	1
GLU	7, 245	2379	SER	7, 425	2559	nuc	nuc	0.94
VAL	7, 259	2393	SER	7, 425	2559	nuc	nuc	0.96
VAL	7, 260	2394	SER	7, 425	2559	nuc	nuc	1
THR	7, 261	2395	SER	7, 425	2559	nuc	nuc	0.97
LEU	7, 323	2457	SER	7, 425	2559	nuc	nuc	0.64
LYS	7, 423	2557	SER	7, 425	2559	nuc	nuc	0.91
LYS	7, 424	2558	SER	7, 425	2559	nuc	nuc	1
LEU	7, 165	2299	MET	7, 426	2560	nuc	nuc	0.51
ALA	7, 168	2302	MET	7, 426	2560	nuc	nuc	0.94
GLY	7, 244	2378	MET	7, 426	2560	nuc	nuc	0.98
GLU	7, 245	2379	MET	7, 426	2560	nuc	nuc	1
ILE	7, 246	2380	MET	7, 426	2560	nuc	nuc	0.79
ARG	7, 247	2381	MET	7, 426	2560	nuc	nuc	0.51
ALA	7, 257	2391	MET	7, 426	2560	nuc	nuc	0.98
ALA	7, 258	2392	MET	7, 426	2560	nuc	nuc	0.99
VAL	7, 259	2393	MET	7, 426	2560	nuc	nuc	1
VAL	7, 260	2394	MET	7, 426	2560	nuc	nuc	0.6
LYS	7, 424	2558	MET	7, 426	2560	nuc	nuc	0.99
SER	7, 425	2559	MET	7, 426	2560	nuc	nuc	1
VAL	7, 161	2295	ALA	7, 427	2561	nuc	nuc	1
LEU	7, 162	2296	ALA	7, 427	2561	nuc	nuc	0.77
ASN	7, 164	2298	ALA	7, 427	2561	nuc	nuc	1
LEU	7, 165	2299	ALA	7, 427	2561	nuc	nuc	1
ALA	7, 168	2302	ALA	7, 427	2561	nuc	nuc	0.99
GLU	7, 245	2379	ALA	7, 427	2561	nuc	nuc	0.89
ILE	7, 246	2380	ALA	7, 427	2561	nuc	nuc	1
ARG	7, 247	2381	ALA	7, 427	2561	nuc	nuc	0.77
GLU	7, 248	2382	ALA	7, 427	2561	nuc	nuc	0.53
ALA	7, 257	2391	ALA	7, 427	2561	nuc	nuc	0.97
ALA	7, 258	2392	ALA	7, 427	2561	nuc	nuc	1
SER	7, 425	2559	ALA	7, 427	2561	nuc	nuc	0.97
MET	7, 426	2560	ALA	7, 427	2561	nuc	nuc	1
VAL	7, 161	2295	ALA	7, 428	2562	nuc	nuc	0.96
ILE	7, 246	2380	ALA	7, 428	2562	nuc	nuc	0.66
ARG	7, 247	2381	ALA	7, 428	2562	nuc	nuc	1
GLU	7, 248	2382	ALA	7, 428	2562	nuc	nuc	0.98
VAL	7, 255	2389	ALA	7, 428	2562	nuc	nuc	0.99
HIS	7, 256	2390	ALA	7, 428	2562	nuc	nuc	0.99
ALA	7, 257	2391	ALA	7, 428	2562	nuc	nuc	1
ALA	7, 258	2392	ALA	7, 428	2562	nuc	nuc	0.88
MET	7, 426	2560	ALA	7, 428	2562	nuc	nuc	1
ALA	7, 427	2561	ALA	7, 428	2562	nuc	nuc	1
PRO	7, 157	2291	SER	7, 429	2563	nuc	nuc	0.99
GLY	7, 160	2294	SER	7, 429	2563	nuc	nuc	0.99
VAL	7, 161	2295	SER	7, 429	2563	nuc	nuc	1
ASN	7, 164	2298	SER	7, 429	2563	nuc	nuc	0.85
ARG	7, 247	2381	SER	7, 429	2563	nuc	nuc	0.52
GLU	7, 248	2382	SER	7, 429	2563	nuc	nuc	1
ASN	7, 250	2384	SER	7, 429	2563	nuc	nuc	0.99
HIS	7, 252	2386	SER	7, 429	2563	nuc	nuc	0.89
VAL	7, 255	2389	SER	7, 429	2563	nuc	nuc	0.96
HIS	7, 256	2390	SER	7, 429	2563	nuc	nuc	1
ALA	7, 257	2391	SER	7, 429	2563	nuc	nuc	0.62
ALA	7, 427	2561	SER	7, 429	2563	nuc	nuc	0.95
ALA	7, 428	2562	SER	7, 429	2563	nuc	nuc	1
PRO	7, 157	2291	GLY	7, 430	2564	nuc	nuc	0.65
GLU	7, 248	2382	GLY	7, 430	2564	nuc	nuc	0.96
GLN	7, 249	2383	GLY	7, 430	2564	nuc	nuc	0.99
ASN	7, 250	2384	GLY	7, 430	2564	nuc	nuc	1
GLY	7, 251	2385	GLY	7, 430	2564	nuc	nuc	1
HIS	7, 252	2386	GLY	7, 430	2564	nuc	nuc	0.99
LEU	7, 254	2388	GLY	7, 430	2564	nuc	nuc	0.97
VAL	7, 255	2389	GLY	7, 430	2564	nuc	nuc	1
HIS	7, 256	2390	GLY	7, 430	2564	nuc	nuc	0.99
ALA	7, 332	2466	GLY	7, 430	2564	nuc	nuc	0.91
ALA	7, 428	2562	GLY	7, 430	2564	nuc	nuc	1
SER	7, 429	2563	GLY	7, 430	2564	nuc	nuc	1
GLN	7, 249	2383	ASP	7, 431	2565	nuc	nuc	0.95
ASN	7, 250	2384	ASP	7, 431	2565	nuc	nuc	0.67
GLY	7, 251	2385	ASP	7, 431	2565	nuc	nuc	0.99
HIS	7, 252	2386	ASP	7, 431	2565	nuc	nuc	0.97
SER	7, 253	2387	ASP	7, 431	2565	nuc	nuc	0.94
VAL	7, 255	2389	ASP	7, 431	2565	nuc	nuc	0.99
ALA	7, 332	2466	ASP	7, 431	2565	nuc	nuc	0.99
GLY	7, 430	2564	ASP	7, 431	2565	nuc	nuc	1
ARG	7, 247	2381	LEU	7, 432	2566	nuc	nuc	0.99
GLN	7, 249	2383	LEU	7, 432	2566	nuc	nuc	0.99
VAL	7, 255	2389	LEU	7, 432	2566	nuc	nuc	0.97
ALA	7, 335	2469	LEU	7, 432	2566	nuc	nuc	0.66
ALA	7, 428	2562	LEU	7, 432	2566	nuc	nuc	0.99
GLY	7, 430	2564	LEU	7, 432	2566	nuc	nuc	1
ASP	7, 431	2565	LEU	7, 432	2566	nuc	nuc	1
ALA	7, 332	2466	GLY	7, 433	2567	nuc	nuc	0.84
ASP	7, 431	2565	GLY	7, 433	2567	nuc	nuc	1
LEU	7, 432	2566	GLY	7, 433	2567	nuc	nuc	1
ALA	7, 332	2466	SER	7, 434	2568	nuc	nuc	0.95
ALA	7, 333	2467	SER	7, 434	2568	nuc	nuc	0.98
HIS	7, 334	2468	SER	7, 434	2568	nuc	nuc	0.87
ALA	7, 335	2469	SER	7, 434	2568	nuc	nuc	0.99
GLY	7, 336	2470	SER	7, 434	2568	nuc	nuc	0.98
LEU	7, 432	2566	SER	7, 434	2568	nuc	nuc	0.84
GLY	7, 433	2567	SER	7, 434	2568	nuc	nuc	1
ARG	7, 247	2381	THR	7, 435	2569	nuc	nuc	0.78
VAL	7, 255	2389	THR	7, 435	2569	nuc	nuc	0.98
ALA	7, 257	2391	THR	7, 435	2569	nuc	nuc	0.98
ALA	7, 335	2469	THR	7, 435	2569	nuc	nuc	0.99
GLY	7, 336	2470	THR	7, 435	2569	nuc	nuc	0.99
ILE	7, 339	2473	THR	7, 435	2569	nuc	nuc	0.94
ALA	7, 428	2562	THR	7, 435	2569	nuc	nuc	0.99
LEU	7, 432	2566	THR	7, 435	2569	nuc	nuc	0.99
GLY	7, 433	2567	THR	7, 435	2569	nuc	nuc	1
SER	7, 434	2568	THR	7, 435	2569	nuc	nuc	1
ALA	7, 335	2469	PRO	7, 436	2570	nuc	nuc	0.64
GLY	7, 336	2470	PRO	7, 436	2570	nuc	nuc	0.99
ILE	7, 339	2473	PRO	7, 436	2570	nuc	nuc	0.99
ARG	7, 340	2474	PRO	7, 436	2570	nuc	nuc	0.95
THR	7, 435	2569	PRO	7, 436	2570	nuc	nuc	1
GLU	7, 245	2379	PHE	7, 437	2571	nuc	nuc	0.95
MET	7, 426	2560	PHE	7, 437	2571	nuc	nuc	0.58
THR	7, 435	2569	PHE	7, 437	2571	nuc	nuc	0.64
PRO	7, 436	2570	PHE	7, 437	2571	nuc	nuc	1
GLY	7, 244	2378	LEU	7, 438	2572	nuc	nuc	0.89
GLU	7, 245	2379	LEU	7, 438	2572	nuc	nuc	0.98
VAL	7, 259	2393	LEU	7, 438	2572	nuc	nuc	0.58
LYS	7, 424	2558	LEU	7, 438	2572	nuc	nuc	0.99
MET	7, 426	2560	LEU	7, 438	2572	nuc	nuc	0.99
PHE	7, 437	2571	LEU	7, 438	2572	nuc	nuc	1
PHE	7, 437	2571	ASP	7, 439	2573	nuc	nuc	0.99
LEU	7, 438	2572	ASP	7, 439	2573	nuc	nuc	1
PRO	7, 436	2570	GLU	7, 440	2574	nuc	nuc	0.98
PHE	7, 437	2571	GLU	7, 440	2574	nuc	nuc	0.98
LEU	7, 438	2572	GLU	7, 440	2574	nuc	nuc	0.93
ASP	7, 439	2573	GLU	7, 440	2574	nuc	nuc	1
VAL	7, 259	2393	LEU	7, 441	2575	nuc	nuc	0.77
ILE	7, 339	2473	LEU	7, 441	2575	nuc	nuc	0.86
ARG	7, 340	2474	LEU	7, 441	2575	nuc	nuc	0.91
MET	7, 343	2477	LEU	7, 441	2575	nuc	nuc	0.98
LYS	7, 424	2558	LEU	7, 441	2575	nuc	nuc	0.75
PRO	7, 436	2570	LEU	7, 441	2575	nuc	nuc	0.96
PHE	7, 437	2571	LEU	7, 441	2575	nuc	nuc	0.52
LEU	7, 438	2572	LEU	7, 441	2575	nuc	nuc	0.96
ASP	7, 439	2573	LEU	7, 441	2575	nuc	nuc	0.9
GLU	7, 440	2574	LEU	7, 441	2575	nuc	nuc	1
SER	8, 1	2576	LEU	8, 2	2577	nuc	nuc	1
ALA	6, 263	1951	LYS	8, 3	2578	nuc	nuc	0.53
SER	8, 1	2576	LYS	8, 3	2578	nuc	nuc	0.74
LEU	8, 2	2577	LYS	8, 3	2578	nuc	nuc	1
TYR	6, 386	2074	VAL	8, 4	2579	nuc	nuc	0.59
GLY	6, 387	2075	VAL	8, 4	2579	nuc	nuc	0.62
ARG	6, 388	2076	VAL	8, 4	2579	nuc	nuc	0.61
LEU	8, 2	2577	VAL	8, 4	2579	nuc	nuc	0.79
LYS	8, 3	2578	VAL	8, 4	2579	nuc	nuc	1
ALA	6, 263	1951	ALA	8, 5	2580	nuc	nuc	0.57
LYS	8, 3	2578	ALA	8, 5	2580	nuc	nuc	0.62
VAL	8, 4	2579	ALA	8, 5	2580	nuc	nuc	1
VAL	8, 4	2579	PRO	8, 6	2581	nuc	nuc	0.64
ALA	8, 5	2580	PRO	8, 6	2581	nuc	nuc	1
GLU	6, 394	2082	LYS	8, 7	2582	nuc	nuc	0.54
ALA	8, 5	2580	LYS	8, 7	2582	nuc	nuc	0.64
PRO	8, 6	2581	LYS	8, 7	2582	nuc	nuc	1
GLU	6, 394	2082	VAL	8, 8	2583	nuc	nuc	0.76
SER	6, 397	2085	VAL	8, 8	2583	nuc	nuc	0.73
ARG	6, 398	2086	VAL	8, 8	2583	nuc	nuc	0.62
PRO	8, 6	2581	VAL	8, 8	2583	nuc	nuc	0.86
LYS	8, 7	2582	VAL	8, 8	2583	nuc	nuc	1
LYS	8, 7	2582	ALA	8, 9	2584	nuc	nuc	0.76
VAL	8, 8	2583	ALA	8, 9	2584	nuc	nuc	1
GLU	6, 393	2081	VAL	8, 10	2585	nuc	nuc	0.57
GLU	6, 394	2082	VAL	8, 10	2585	nuc	nuc	0.59
SER	6, 397	2085	VAL	8, 10	2585	nuc	nuc	0.66
VAL	8, 8	2583	VAL	8, 10	2585	nuc	nuc	0.82
ALA	8, 9	2584	VAL	8, 10	2585	nuc	nuc	1
ALA	8, 9	2584	SER	8, 11	2586	nuc	nuc	0.8
VAL	8, 10	2585	SER	8, 11	2586	nuc	nuc	1
VAL	8, 10	2585	ALA	8, 12	2587	nuc	nuc	0.72
SER	8, 11	2586	ALA	8, 12	2587	nuc	nuc	1
SER	8, 11	2586	ALA	8, 13	2588	nuc	nuc	0.84
ALA	8, 12	2587	ALA	8, 13	2588	nuc	nuc	1
ALA	8, 12	2587	ALA	8, 14	2589	nuc	nuc	0.78
ALA	8, 13	2588	ALA	8, 14	2589	nuc	nuc	1
ALA	8, 13	2588	GLU	8, 15	2590	nuc	nuc	0.71
ALA	8, 14	2589	GLU	8, 15	2590	nuc	nuc	1
GLN	6, 9	1697	ARG	8, 16	2591	nuc	nuc	0.76
ALA	8, 14	2589	ARG	8, 16	2591	nuc	nuc	0.76
GLU	8, 15	2590	ARG	8, 16	2591	nuc	nuc	1
GLN	6, 6	1694	VAL	8, 17	2592	nuc	nuc	0.72
GLN	6, 9	1697	VAL	8, 17	2592	nuc	nuc	0.57
GLU	8, 15	2590	VAL	8, 17	2592	nuc	nuc	0.79
ARG	8, 16	2591	VAL	8, 17	2592	nuc	nuc	1
ASN	6, 10	1698	LYS	8, 18	2593	nuc	nuc	0.75
ARG	8, 16	2591	LYS	8, 18	2593	nuc	nuc	0.79
VAL	8, 17	2592	LYS	8, 18	2593	nuc	nuc	1
ALA	6, 2	1690	LEU	8, 19	2594	nuc	nuc	0.61
GLN	6, 6	1694	LEU	8, 19	2594	nuc	nuc	0.6
ASN	6, 10	1698	LEU	8, 19	2594	nuc	nuc	0.82
VAL	8, 17	2592	LEU	8, 19	2594	nuc	nuc	0.88
LYS	8, 18	2593	LEU	8, 19	2594	nuc	nuc	1
LYS	8, 18	2593	CYS	8, 20	2595	nuc	nuc	0.77
LEU	8, 19	2594	CYS	8, 20	2595	nuc	nuc	1
LEU	8, 19	2594	PRO	8, 21	2596	nuc	nuc	0.69
CYS	8, 20	2595	PRO	8, 21	2596	nuc	nuc	1
CYS	8, 20	2595	GLY	8, 22	2597	nuc	nuc	0.98
PRO	8, 21	2596	GLY	8, 22	2597	nuc	nuc	1
PRO	8, 21	2596	ALA	8, 23	2598	nuc	nuc	0.76
GLY	8, 22	2597	ALA	8, 23	2598	nuc	nuc	1
GLY	8, 22	2597	GLU	8, 24	2599	nuc	nuc	0.93
ALA	8, 23	2598	GLU	8, 24	2599	nuc	nuc	1
ALA	8, 23	2598	ASP	8, 25	2600	nuc	nuc	0.71
GLU	8, 24	2599	ASP	8, 25	2600	nuc	nuc	1
ASP	8, 25	2600	LEU	8, 26	2601	nuc	nuc	1
ASP	8, 25	2600	GLU	8, 27	2602	nuc	nuc	0.91
LEU	8, 26	2601	GLU	8, 27	2602	nuc	nuc	1
LEU	8, 26	2601	ILE	8, 28	2603	nuc	nuc	0.99
GLU	8, 27	2602	ILE	8, 28	2603	nuc	nuc	1
GLU	8, 27	2602	THR	8, 29	2604	nuc	nuc	0.98
ILE	8, 28	2603	THR	8, 29	2604	nuc	nuc	1
ILE	8, 28	2603	LYS	8, 30	2605	nuc	nuc	0.89
THR	8, 29	2604	LYS	8, 30	2605	nuc	nuc	1
THR	8, 29	2604	LEU	8, 31	2606	nuc	nuc	0.98
LYS	8, 30	2605	LEU	8, 31	2606	nuc	nuc	1
LEU	8, 31	2606	PRO	8, 32	2607	nuc	nuc	1
LEU	8, 31	2606	ASN	8, 33	2608	nuc	nuc	0.99
PRO	8, 32	2607	ASN	8, 33	2608	nuc	nuc	1
LYS	8, 30	2605	GLY	8, 34	2609	nuc	nuc	0.97
LEU	8, 31	2606	GLY	8, 34	2609	nuc	nuc	0.99
PRO	8, 32	2607	GLY	8, 34	2609	nuc	nuc	0.99
ASN	8, 33	2608	GLY	8, 34	2609	nuc	nuc	1
LYS	8, 30	2605	LEU	8, 35	2610	nuc	nuc	0.88
LEU	8, 31	2606	LEU	8, 35	2610	nuc	nuc	0.99
ASN	8, 33	2608	LEU	8, 35	2610	nuc	nuc	0.99
GLY	8, 34	2609	LEU	8, 35	2610	nuc	nuc	1
ILE	8, 28	2603	ILE	8, 36	2611	nuc	nuc	0.96
THR	8, 29	2604	ILE	8, 36	2611	nuc	nuc	0.87
LYS	8, 30	2605	ILE	8, 36	2611	nuc	nuc	0.99
LEU	8, 31	2606	ILE	8, 36	2611	nuc	nuc	0.68
GLY	8, 34	2609	ILE	8, 36	2611	nuc	nuc	0.99
LEU	8, 35	2610	ILE	8, 36	2611	nuc	nuc	1
ILE	8, 28	2603	ILE	8, 37	2612	nuc	nuc	0.95
THR	8, 29	2604	ILE	8, 37	2612	nuc	nuc	0.99
LYS	8, 30	2605	ILE	8, 37	2612	nuc	nuc	0.64
LEU	8, 31	2606	ILE	8, 37	2612	nuc	nuc	0.96
LEU	8, 35	2610	ILE	8, 37	2612	nuc	nuc	1
ILE	8, 36	2611	ILE	8, 37	2612	nuc	nuc	1
LEU	8, 26	2601	ALA	8, 38	2613	nuc	nuc	0.97
GLU	8, 27	2602	ALA	8, 38	2613	nuc	nuc	0.96
ILE	8, 28	2603	ALA	8, 38	2613	nuc	nuc	1
THR	8, 29	2604	ALA	8, 38	2613	nuc	nuc	0.62
ILE	8, 36	2611	ALA	8, 38	2613	nuc	nuc	1
ILE	8, 37	2612	ALA	8, 38	2613	nuc	nuc	1
LEU	8, 26	2601	SER	8, 39	2614	nuc	nuc	0.9
GLU	8, 27	2602	SER	8, 39	2614	nuc	nuc	0.99
ILE	8, 37	2612	SER	8, 39	2614	nuc	nuc	0.99
ALA	8, 38	2613	SER	8, 39	2614	nuc	nuc	1
GLU	8, 24	2599	LEU	8, 40	2615	nuc	nuc	0.71
ASP	8, 25	2600	LEU	8, 40	2615	nuc	nuc	0.65
LEU	8, 26	2601	LEU	8, 40	2615	nuc	nuc	0.99
GLU	8, 27	2602	LEU	8, 40	2615	nuc	nuc	0.71
ALA	8, 38	2613	LEU	8, 40	2615	nuc	nuc	0.89
SER	8, 39	2614	LEU	8, 40	2615	nuc	nuc	1
GLU	8, 24	2599	GLU	8, 41	2616	nuc	nuc	0.82
SER	8, 39	2614	GLU	8, 41	2616	nuc	nuc	0.99
LEU	8, 40	2615	GLU	8, 41	2616	nuc	nuc	1
ALA	8, 23	2598	ASN	8, 42	2617	nuc	nuc	0.59
GLU	8, 24	2599	ASN	8, 42	2617	nuc	nuc	0.59
LEU	8, 40	2615	ASN	8, 42	2617	nuc	nuc	1
GLU	8, 41	2616	ASN	8, 42	2617	nuc	nuc	1
ALA	6, 2	1690	PHE	8, 43	2618	nuc	nuc	0.83
THR	6, 7	1695	PHE	8, 43	2618	nuc	nuc	0.97
ASN	6, 10	1698	PHE	8, 43	2618	nuc	nuc	0.93
LEU	8, 19	2594	PHE	8, 43	2618	nuc	nuc	0.77
GLU	8, 41	2616	PHE	8, 43	2618	nuc	nuc	0.97
ASN	8, 42	2617	PHE	8, 43	2618	nuc	nuc	1
THR	6, 7	1695	SER	8, 44	2619	nuc	nuc	0.95
ASN	8, 42	2617	SER	8, 44	2619	nuc	nuc	1
PHE	8, 43	2618	SER	8, 44	2619	nuc	nuc	1
TYR	6, 4	1692	PRO	8, 45	2620	nuc	nuc	0.96
THR	6, 7	1695	PRO	8, 45	2620	nuc	nuc	0.98
LEU	6, 8	1696	PRO	8, 45	2620	nuc	nuc	0.97
VAL	6, 366	2054	PRO	8, 45	2620	nuc	nuc	0.99
LEU	6, 392	2080	PRO	8, 45	2620	nuc	nuc	0.73
SER	8, 44	2619	PRO	8, 45	2620	nuc	nuc	1
SER	6, 363	2051	ALA	8, 46	2621	nuc	nuc	0.88
VAL	6, 366	2054	ALA	8, 46	2621	nuc	nuc	1
ALA	6, 367	2055	ALA	8, 46	2621	nuc	nuc	0.97
SER	8, 44	2619	ALA	8, 46	2621	nuc	nuc	1
PRO	8, 45	2620	ALA	8, 46	2621	nuc	nuc	1
SER	8, 44	2619	SER	8, 47	2622	nuc	nuc	0.83
ALA	8, 46	2621	SER	8, 47	2622	nuc	nuc	1
ALA	8, 46	2621	ARG	8, 48	2623	nuc	nuc	1
SER	8, 47	2622	ARG	8, 48	2623	nuc	nuc	1
SER	8, 47	2622	ILE	8, 49	2624	nuc	nuc	1
ARG	8, 48	2623	ILE	8, 49	2624	nuc	nuc	1
ARG	8, 48	2623	GLY	8, 50	2625	nuc	nuc	1
ILE	8, 49	2624	GLY	8, 50	2625	nuc	nuc	1
ILE	8, 49	2624	VAL	8, 51	2626	nuc	nuc	0.92
GLY	8, 50	2625	VAL	8, 51	2626	nuc	nuc	1
GLY	8, 50	2625	PHE	8, 52	2627	nuc	nuc	1
VAL	8, 51	2626	PHE	8, 52	2627	nuc	nuc	1
VAL	8, 51	2626	ILE	8, 53	2628	nuc	nuc	1
PHE	8, 52	2627	ILE	8, 53	2628	nuc	nuc	1
PHE	8, 52	2627	LYS	8, 54	2629	nuc	nuc	0.59
ILE	8, 53	2628	LYS	8, 54	2629	nuc	nuc	1
ILE	8, 53	2628	ALA	8, 55	2630	nuc	nuc	1
LYS	8, 54	2629	ALA	8, 55	2630	nuc	nuc	1
LYS	8, 54	2629	GLY	8, 56	2631	nuc	nuc	0.93
ALA	8, 55	2630	GLY	8, 56	2631	nuc	nuc	1
GLY	8, 56	2631	SER	8, 57	2632	nuc	nuc	1
GLY	8, 56	2631	ARG	8, 58	2633	nuc	nuc	1
SER	8, 57	2632	ARG	8, 58	2633	nuc	nuc	1
LYS	8, 54	2629	TYR	8, 59	2634	nuc	nuc	0.73
ALA	8, 55	2630	TYR	8, 59	2634	nuc	nuc	0.99
GLY	8, 56	2631	TYR	8, 59	2634	nuc	nuc	1
SER	8, 57	2632	TYR	8, 59	2634	nuc	nuc	0.98
ARG	8, 58	2633	TYR	8, 59	2634	nuc	nuc	1
GLY	8, 56	2631	GLU	8, 60	2635	nuc	nuc	0.81
SER	8, 57	2632	GLU	8, 60	2635	nuc	nuc	0.99
ARG	8, 58	2633	GLU	8, 60	2635	nuc	nuc	0.97
TYR	8, 59	2634	GLU	8, 60	2635	nuc	nuc	1
GLU	8, 60	2635	THR	8, 61	2636	nuc	nuc	1
GLN	7, 249	2383	THR	8, 62	2637	nuc	nuc	0.78
ASP	7, 431	2565	THR	8, 62	2637	nuc	nuc	0.92
LEU	7, 432	2566	THR	8, 62	2637	nuc	nuc	0.86
GLY	7, 433	2567	THR	8, 62	2637	nuc	nuc	0.99
THR	8, 61	2636	THR	8, 62	2637	nuc	nuc	1
ASP	7, 431	2565	ALA	8, 63	2638	nuc	nuc	0.62
THR	8, 61	2636	ALA	8, 63	2638	nuc	nuc	0.99
THR	8, 62	2637	ALA	8, 63	2638	nuc	nuc	1
GLU	8, 60	2635	ASN	8, 64	2639	nuc	nuc	0.99
THR	8, 61	2636	ASN	8, 64	2639	nuc	nuc	0.99
THR	8, 62	2637	ASN	8, 64	2639	nuc	nuc	0.54
ALA	8, 63	2638	ASN	8, 64	2639	nuc	nuc	1
GLN	7, 249	2383	LEU	8, 65	2640	nuc	nuc	0.59
GLU	8, 60	2635	LEU	8, 65	2640	nuc	nuc	0.99
THR	8, 61	2636	LEU	8, 65	2640	nuc	nuc	0.74
THR	8, 62	2637	LEU	8, 65	2640	nuc	nuc	0.99
ALA	8, 63	2638	LEU	8, 65	2640	nuc	nuc	0.88
ASN	8, 64	2639	LEU	8, 65	2640	nuc	nuc	1
SER	8, 57	2632	GLY	8, 66	2641	nuc	nuc	0.61
GLU	8, 60	2635	GLY	8, 66	2641	nuc	nuc	0.98
ASN	8, 64	2639	GLY	8, 66	2641	nuc	nuc	1
LEU	8, 65	2640	GLY	8, 66	2641	nuc	nuc	1
GLU	8, 60	2635	THR	8, 67	2642	nuc	nuc	0.99
ASN	8, 64	2639	THR	8, 67	2642	nuc	nuc	1
LEU	8, 65	2640	THR	8, 67	2642	nuc	nuc	0.98
GLY	8, 66	2641	THR	8, 67	2642	nuc	nuc	1
ALA	8, 55	2630	ALA	8, 68	2643	nuc	nuc	0.95
GLY	8, 56	2631	ALA	8, 68	2643	nuc	nuc	1
SER	8, 57	2632	ALA	8, 68	2643	nuc	nuc	1
TYR	8, 59	2634	ALA	8, 68	2643	nuc	nuc	0.76
GLU	8, 60	2635	ALA	8, 68	2643	nuc	nuc	0.99
GLY	8, 66	2641	ALA	8, 68	2643	nuc	nuc	1
THR	8, 67	2642	ALA	8, 68	2643	nuc	nuc	1
SER	8, 57	2632	HIS	8, 69	2644	nuc	nuc	0.6
GLY	8, 66	2641	HIS	8, 69	2644	nuc	nuc	1
THR	8, 67	2642	HIS	8, 69	2644	nuc	nuc	0.99
ALA	8, 68	2643	HIS	8, 69	2644	nuc	nuc	1
GLY	8, 66	2641	LEU	8, 70	2645	nuc	nuc	0.99
THR	8, 67	2642	LEU	8, 70	2645	nuc	nuc	1
ALA	8, 68	2643	LEU	8, 70	2645	nuc	nuc	0.97
HIS	8, 69	2644	LEU	8, 70	2645	nuc	nuc	1
ALA	8, 55	2630	LEU	8, 71	2646	nuc	nuc	0.55
THR	8, 67	2642	LEU	8, 71	2646	nuc	nuc	1
ALA	8, 68	2643	LEU	8, 71	2646	nuc	nuc	1
HIS	8, 69	2644	LEU	8, 71	2646	nuc	nuc	1
LEU	8, 70	2645	LEU	8, 71	2646	nuc	nuc	1
ALA	8, 68	2643	ARG	8, 72	2647	nuc	nuc	0.99
HIS	8, 69	2644	ARG	8, 72	2647	nuc	nuc	1
LEU	8, 70	2645	ARG	8, 72	2647	nuc	nuc	0.99
LEU	8, 71	2646	ARG	8, 72	2647	nuc	nuc	1
GLY	6, 285	1973	LEU	8, 73	2648	nuc	nuc	0.94
HIS	8, 69	2644	LEU	8, 73	2648	nuc	nuc	0.97
LEU	8, 70	2645	LEU	8, 73	2648	nuc	nuc	1
LEU	8, 71	2646	LEU	8, 73	2648	nuc	nuc	0.98
ARG	8, 72	2647	LEU	8, 73	2648	nuc	nuc	1
LEU	8, 70	2645	ALA	8, 74	2649	nuc	nuc	1
LEU	8, 71	2646	ALA	8, 74	2649	nuc	nuc	1
ARG	8, 72	2647	ALA	8, 74	2649	nuc	nuc	0.99
LEU	8, 73	2648	ALA	8, 74	2649	nuc	nuc	1
GLY	6, 285	1973	SER	8, 75	2650	nuc	nuc	0.61
ARG	8, 72	2647	SER	8, 75	2650	nuc	nuc	0.92
LEU	8, 73	2648	SER	8, 75	2650	nuc	nuc	0.97
ALA	8, 74	2649	SER	8, 75	2650	nuc	nuc	1
GLY	6, 285	1973	PRO	8, 76	2651	nuc	nuc	0.99
GLY	6, 286	1974	PRO	8, 76	2651	nuc	nuc	0.99
GLY	6, 287	1975	PRO	8, 76	2651	nuc	nuc	0.61
HIS	6, 289	1977	PRO	8, 76	2651	nuc	nuc	0.69
ALA	8, 74	2649	PRO	8, 76	2651	nuc	nuc	0.92
SER	8, 75	2650	PRO	8, 76	2651	nuc	nuc	1
ALA	8, 74	2649	LEU	8, 77	2652	nuc	nuc	1
SER	8, 75	2650	LEU	8, 77	2652	nuc	nuc	0.98
PRO	8, 76	2651	LEU	8, 77	2652	nuc	nuc	1
LEU	8, 77	2652	THR	8, 78	2653	nuc	nuc	1
LEU	8, 77	2652	THR	8, 79	2654	nuc	nuc	0.98
THR	8, 78	2653	THR	8, 79	2654	nuc	nuc	1
THR	8, 79	2654	LYS	8, 80	2655	nuc	nuc	1
THR	8, 79	2654	GLY	8, 81	2656	nuc	nuc	1
LYS	8, 80	2655	GLY	8, 81	2656	nuc	nuc	1
THR	8, 78	2653	ALA	8, 82	2657	nuc	nuc	0.73
THR	8, 79	2654	ALA	8, 82	2657	nuc	nuc	0.99
GLY	8, 81	2656	ALA	8, 82	2657	nuc	nuc	1
THR	8, 78	2653	SER	8, 83	2658	nuc	nuc	0.99
THR	8, 79	2654	SER	8, 83	2658	nuc	nuc	0.64
GLY	8, 81	2656	SER	8, 83	2658	nuc	nuc	0.6
ALA	8, 82	2657	SER	8, 83	2658	nuc	nuc	1
HIS	6, 289	1977	SER	8, 84	2659	nuc	nuc	0.97
PRO	8, 76	2651	SER	8, 84	2659	nuc	nuc	0.99
LEU	8, 77	2652	SER	8, 84	2659	nuc	nuc	0.99
THR	8, 78	2653	SER	8, 84	2659	nuc	nuc	1
SER	8, 83	2658	SER	8, 84	2659	nuc	nuc	1
HIS	6, 289	1977	PHE	8, 85	2660	nuc	nuc	0.99
SER	8, 83	2658	PHE	8, 85	2660	nuc	nuc	1
SER	8, 84	2659	PHE	8, 85	2660	nuc	nuc	1
ALA	8, 82	2657	ARG	8, 86	2661	nuc	nuc	0.99
SER	8, 83	2658	ARG	8, 86	2661	nuc	nuc	1
SER	8, 84	2659	ARG	8, 86	2661	nuc	nuc	0.95
PHE	8, 85	2660	ARG	8, 86	2661	nuc	nuc	1
PRO	8, 76	2651	ILE	8, 87	2662	nuc	nuc	0.99
THR	8, 79	2654	ILE	8, 87	2662	nuc	nuc	0.95
ALA	8, 82	2657	ILE	8, 87	2662	nuc	nuc	0.99
SER	8, 83	2658	ILE	8, 87	2662	nuc	nuc	0.98
SER	8, 84	2659	ILE	8, 87	2662	nuc	nuc	1
PHE	8, 85	2660	ILE	8, 87	2662	nuc	nuc	0.99
ARG	8, 86	2661	ILE	8, 87	2662	nuc	nuc	1
GLY	6, 286	1974	THR	8, 88	2663	nuc	nuc	0.98
GLY	6, 287	1975	THR	8, 88	2663	nuc	nuc	0.72
HIS	6, 289	1977	THR	8, 88	2663	nuc	nuc	0.99
LEU	6, 290	1978	THR	8, 88	2663	nuc	nuc	0.97
SER	6, 291	1979	THR	8, 88	2663	nuc	nuc	0.76
PRO	8, 76	2651	THR	8, 88	2663	nuc	nuc	0.99
SER	8, 84	2659	THR	8, 88	2663	nuc	nuc	0.99
PHE	8, 85	2660	THR	8, 88	2663	nuc	nuc	1
ARG	8, 86	2661	THR	8, 88	2663	nuc	nuc	0.9
ILE	8, 87	2662	THR	8, 88	2663	nuc	nuc	1
HIS	6, 289	1977	ARG	8, 89	2664	nuc	nuc	0.96
SER	6, 291	1979	ARG	8, 89	2664	nuc	nuc	0.98
PHE	8, 85	2660	ARG	8, 89	2664	nuc	nuc	1
ARG	8, 86	2661	ARG	8, 89	2664	nuc	nuc	1
ILE	8, 87	2662	ARG	8, 89	2664	nuc	nuc	0.86
THR	8, 88	2663	ARG	8, 89	2664	nuc	nuc	1
ARG	8, 86	2661	GLY	8, 90	2665	nuc	nuc	1
ILE	8, 87	2662	GLY	8, 90	2665	nuc	nuc	1
THR	8, 88	2663	GLY	8, 90	2665	nuc	nuc	1
ARG	8, 89	2664	GLY	8, 90	2665	nuc	nuc	1
ILE	8, 87	2662	ILE	8, 91	2666	nuc	nuc	1
THR	8, 88	2663	ILE	8, 91	2666	nuc	nuc	1
ARG	8, 89	2664	ILE	8, 91	2666	nuc	nuc	0.94
GLY	8, 90	2665	ILE	8, 91	2666	nuc	nuc	1
LEU	6, 290	1978	GLU	8, 92	2667	nuc	nuc	0.86
SER	6, 291	1979	GLU	8, 92	2667	nuc	nuc	0.98
ARG	6, 356	2044	GLU	8, 92	2667	nuc	nuc	0.96
HIS	6, 360	2048	GLU	8, 92	2667	nuc	nuc	0.8
THR	8, 88	2663	GLU	8, 92	2667	nuc	nuc	1
ARG	8, 89	2664	GLU	8, 92	2667	nuc	nuc	1
GLY	8, 90	2665	GLU	8, 92	2667	nuc	nuc	1
ILE	8, 91	2666	GLU	8, 92	2667	nuc	nuc	1
SER	6, 291	1979	ALA	8, 93	2668	nuc	nuc	0.83
LYS	6, 355	2043	ALA	8, 93	2668	nuc	nuc	0.6
ARG	6, 356	2044	ALA	8, 93	2668	nuc	nuc	0.99
ASN	6, 359	2047	ALA	8, 93	2668	nuc	nuc	0.92
ARG	8, 89	2664	ALA	8, 93	2668	nuc	nuc	1
GLY	8, 90	2665	ALA	8, 93	2668	nuc	nuc	1
ILE	8, 91	2666	ALA	8, 93	2668	nuc	nuc	0.99
GLU	8, 92	2667	ALA	8, 93	2668	nuc	nuc	1
ASN	6, 359	2047	VAL	8, 94	2669	nuc	nuc	0.99
GLY	8, 90	2665	VAL	8, 94	2669	nuc	nuc	0.99
ILE	8, 91	2666	VAL	8, 94	2669	nuc	nuc	0.99
GLU	8, 92	2667	VAL	8, 94	2669	nuc	nuc	0.88
ALA	8, 93	2668	VAL	8, 94	2669	nuc	nuc	1
ARG	6, 356	2044	GLY	8, 95	2670	nuc	nuc	0.85
ASN	6, 359	2047	GLY	8, 95	2670	nuc	nuc	1
HIS	6, 360	2048	GLY	8, 95	2670	nuc	nuc	1
ARG	6, 362	2050	GLY	8, 95	2670	nuc	nuc	0.63
SER	6, 363	2051	GLY	8, 95	2670	nuc	nuc	1
ILE	8, 91	2666	GLY	8, 95	2670	nuc	nuc	0.99
GLU	8, 92	2667	GLY	8, 95	2670	nuc	nuc	1
ALA	8, 93	2668	GLY	8, 95	2670	nuc	nuc	1
VAL	8, 94	2669	GLY	8, 95	2670	nuc	nuc	1
ASN	6, 359	2047	GLY	8, 96	2671	nuc	nuc	0.54
HIS	6, 360	2048	GLY	8, 96	2671	nuc	nuc	0.56
SER	6, 363	2051	GLY	8, 96	2671	nuc	nuc	1
ILE	8, 91	2666	GLY	8, 96	2671	nuc	nuc	1
GLU	8, 92	2667	GLY	8, 96	2671	nuc	nuc	0.96
VAL	8, 94	2669	GLY	8, 96	2671	nuc	nuc	1
GLY	8, 95	2670	GLY	8, 96	2671	nuc	nuc	1
SER	6, 363	2051	SER	8, 97	2672	nuc	nuc	0.54
ILE	8, 91	2666	SER	8, 97	2672	nuc	nuc	0.96
GLY	8, 95	2670	SER	8, 97	2672	nuc	nuc	0.97
GLY	8, 96	2671	SER	8, 97	2672	nuc	nuc	1
SER	8, 75	2650	LEU	8, 98	2673	nuc	nuc	0.99
PRO	8, 76	2651	LEU	8, 98	2673	nuc	nuc	0.72
ILE	8, 87	2662	LEU	8, 98	2673	nuc	nuc	0.54
ILE	8, 91	2666	LEU	8, 98	2673	nuc	nuc	1
GLY	8, 96	2671	LEU	8, 98	2673	nuc	nuc	0.97
SER	8, 97	2672	LEU	8, 98	2673	nuc	nuc	1
SER	8, 97	2672	SER	8, 99	2674	nuc	nuc	1
LEU	8, 98	2673	SER	8, 99	2674	nuc	nuc	1
ARG	8, 72	2647	VAL	8, 100	2675	nuc	nuc	1
SER	8, 75	2650	VAL	8, 100	2675	nuc	nuc	1
LEU	8, 98	2673	VAL	8, 100	2675	nuc	nuc	0.93
SER	8, 99	2674	VAL	8, 100	2675	nuc	nuc	1
SER	8, 99	2674	TYR	8, 101	2676	nuc	nuc	1
VAL	8, 100	2675	TYR	8, 101	2676	nuc	nuc	1
GLY	8, 56	2631	SER	8, 102	2677	nuc	nuc	1
SER	8, 57	2632	SER	8, 102	2677	nuc	nuc	0.83
ALA	8, 68	2643	SER	8, 102	2677	nuc	nuc	0.99
HIS	8, 69	2644	SER	8, 102	2677	nuc	nuc	0.63
ARG	8, 72	2647	SER	8, 102	2677	nuc	nuc	1
VAL	8, 100	2675	SER	8, 102	2677	nuc	nuc	1
TYR	8, 101	2676	SER	8, 102	2677	nuc	nuc	1
GLY	8, 56	2631	THR	8, 103	2678	nuc	nuc	0.97
TYR	8, 101	2676	THR	8, 103	2678	nuc	nuc	0.98
SER	8, 102	2677	THR	8, 103	2678	nuc	nuc	1
GLY	8, 56	2631	ARG	8, 104	2679	nuc	nuc	0.99
SER	8, 57	2632	ARG	8, 104	2679	nuc	nuc	1
ARG	8, 58	2633	ARG	8, 104	2679	nuc	nuc	0.99
THR	8, 103	2678	ARG	8, 104	2679	nuc	nuc	1
LYS	8, 54	2629	GLU	8, 105	2680	nuc	nuc	0.97
GLY	8, 56	2631	GLU	8, 105	2680	nuc	nuc	0.99
ARG	8, 58	2633	GLU	8, 105	2680	nuc	nuc	0.99
THR	8, 103	2678	GLU	8, 105	2680	nuc	nuc	1
ARG	8, 104	2679	GLU	8, 105	2680	nuc	nuc	1
PHE	8, 52	2627	LYS	8, 106	2681	nuc	nuc	0.99
ILE	8, 53	2628	LYS	8, 106	2681	nuc	nuc	0.97
LYS	8, 54	2629	LYS	8, 106	2681	nuc	nuc	0.99
ALA	8, 55	2630	LYS	8, 106	2681	nuc	nuc	0.91
GLY	8, 56	2631	LYS	8, 106	2681	nuc	nuc	0.99
SER	8, 102	2677	LYS	8, 106	2681	nuc	nuc	0.88
THR	8, 103	2678	LYS	8, 106	2681	nuc	nuc	1
GLU	8, 105	2680	LYS	8, 106	2681	nuc	nuc	1
PHE	8, 52	2627	MET	8, 107	2682	nuc	nuc	0.71
ILE	8, 53	2628	MET	8, 107	2682	nuc	nuc	1
ALA	8, 55	2630	MET	8, 107	2682	nuc	nuc	1
GLY	8, 56	2631	MET	8, 107	2682	nuc	nuc	1
ALA	8, 68	2643	MET	8, 107	2682	nuc	nuc	0.93
LEU	8, 71	2646	MET	8, 107	2682	nuc	nuc	0.82
ARG	8, 72	2647	MET	8, 107	2682	nuc	nuc	0.96
VAL	8, 100	2675	MET	8, 107	2682	nuc	nuc	0.99
TYR	8, 101	2676	MET	8, 107	2682	nuc	nuc	0.95
SER	8, 102	2677	MET	8, 107	2682	nuc	nuc	1
THR	8, 103	2678	MET	8, 107	2682	nuc	nuc	0.72
LYS	8, 106	2681	MET	8, 107	2682	nuc	nuc	1
GLY	8, 50	2625	THR	8, 108	2683	nuc	nuc	0.99
VAL	8, 51	2626	THR	8, 108	2683	nuc	nuc	0.98
PHE	8, 52	2627	THR	8, 108	2683	nuc	nuc	1
ILE	8, 53	2628	THR	8, 108	2683	nuc	nuc	0.89
VAL	8, 100	2675	THR	8, 108	2683	nuc	nuc	0.99
TYR	8, 101	2676	THR	8, 108	2683	nuc	nuc	1
SER	8, 102	2677	THR	8, 108	2683	nuc	nuc	0.87
LYS	8, 106	2681	THR	8, 108	2683	nuc	nuc	1
MET	8, 107	2682	THR	8, 108	2683	nuc	nuc	1
GLY	8, 50	2625	TYR	8, 109	2684	nuc	nuc	1
VAL	8, 51	2626	TYR	8, 109	2684	nuc	nuc	1
ILE	8, 53	2628	TYR	8, 109	2684	nuc	nuc	0.82
SER	8, 75	2650	TYR	8, 109	2684	nuc	nuc	0.94
LEU	8, 98	2673	TYR	8, 109	2684	nuc	nuc	0.91
SER	8, 99	2674	TYR	8, 109	2684	nuc	nuc	0.71
VAL	8, 100	2675	TYR	8, 109	2684	nuc	nuc	1
MET	8, 107	2682	TYR	8, 109	2684	nuc	nuc	0.99
THR	8, 108	2683	TYR	8, 109	2684	nuc	nuc	1
ARG	8, 48	2623	CYS	8, 110	2685	nuc	nuc	0.99
ILE	8, 49	2624	CYS	8, 110	2685	nuc	nuc	0.97
GLY	8, 50	2625	CYS	8, 110	2685	nuc	nuc	1
VAL	8, 51	2626	CYS	8, 110	2685	nuc	nuc	0.67
LEU	8, 98	2673	CYS	8, 110	2685	nuc	nuc	0.91
SER	8, 99	2674	CYS	8, 110	2685	nuc	nuc	1
VAL	8, 100	2675	CYS	8, 110	2685	nuc	nuc	0.91
TYR	8, 101	2676	CYS	8, 110	2685	nuc	nuc	0.97
THR	8, 108	2683	CYS	8, 110	2685	nuc	nuc	1
TYR	8, 109	2684	CYS	8, 110	2685	nuc	nuc	1
ARG	8, 48	2623	VAL	8, 111	2686	nuc	nuc	0.94
ILE	8, 49	2624	VAL	8, 111	2686	nuc	nuc	1
GLY	8, 50	2625	VAL	8, 111	2686	nuc	nuc	1
ILE	8, 91	2666	VAL	8, 111	2686	nuc	nuc	0.69
GLY	8, 96	2671	VAL	8, 111	2686	nuc	nuc	0.96
SER	8, 97	2672	VAL	8, 111	2686	nuc	nuc	0.98
LEU	8, 98	2673	VAL	8, 111	2686	nuc	nuc	1
SER	8, 99	2674	VAL	8, 111	2686	nuc	nuc	0.73
TYR	8, 109	2684	VAL	8, 111	2686	nuc	nuc	0.98
CYS	8, 110	2685	VAL	8, 111	2686	nuc	nuc	1
SER	6, 363	2051	GLU	8, 112	2687	nuc	nuc	0.73
ALA	6, 367	2055	GLU	8, 112	2687	nuc	nuc	0.86
ALA	8, 46	2621	GLU	8, 112	2687	nuc	nuc	0.99
SER	8, 47	2622	GLU	8, 112	2687	nuc	nuc	0.92
ARG	8, 48	2623	GLU	8, 112	2687	nuc	nuc	1
GLY	8, 96	2671	GLU	8, 112	2687	nuc	nuc	1
SER	8, 97	2672	GLU	8, 112	2687	nuc	nuc	0.99
SER	8, 99	2674	GLU	8, 112	2687	nuc	nuc	0.73
CYS	8, 110	2685	GLU	8, 112	2687	nuc	nuc	1
VAL	8, 111	2686	GLU	8, 112	2687	nuc	nuc	1
SER	6, 363	2051	CYS	8, 113	2688	nuc	nuc	0.95
ALA	8, 46	2621	CYS	8, 113	2688	nuc	nuc	0.95
SER	8, 47	2622	CYS	8, 113	2688	nuc	nuc	0.99
ILE	8, 91	2666	CYS	8, 113	2688	nuc	nuc	0.53
VAL	8, 94	2669	CYS	8, 113	2688	nuc	nuc	0.99
GLY	8, 95	2670	CYS	8, 113	2688	nuc	nuc	0.98
GLY	8, 96	2671	CYS	8, 113	2688	nuc	nuc	1
SER	8, 97	2672	CYS	8, 113	2688	nuc	nuc	0.81
VAL	8, 111	2686	CYS	8, 113	2688	nuc	nuc	1
GLU	8, 112	2687	CYS	8, 113	2688	nuc	nuc	1
TYR	6, 4	1692	LEU	8, 114	2689	nuc	nuc	0.99
ASN	6, 359	2047	LEU	8, 114	2689	nuc	nuc	0.89
ARG	6, 362	2050	LEU	8, 114	2689	nuc	nuc	0.98
SER	6, 363	2051	LEU	8, 114	2689	nuc	nuc	0.99
VAL	6, 366	2054	LEU	8, 114	2689	nuc	nuc	0.89
PRO	8, 45	2620	LEU	8, 114	2689	nuc	nuc	0.97
ALA	8, 46	2621	LEU	8, 114	2689	nuc	nuc	0.99
SER	8, 47	2622	LEU	8, 114	2689	nuc	nuc	0.95
VAL	8, 94	2669	LEU	8, 114	2689	nuc	nuc	0.9
GLY	8, 95	2670	LEU	8, 114	2689	nuc	nuc	0.81
GLY	8, 96	2671	LEU	8, 114	2689	nuc	nuc	0.72
CYS	8, 113	2688	LEU	8, 114	2689	nuc	nuc	1
ALA	6, 2	1690	ARG	8, 115	2690	nuc	nuc	0.72
THR	6, 3	1691	ARG	8, 115	2690	nuc	nuc	0.81
TYR	6, 4	1692	ARG	8, 115	2690	nuc	nuc	0.99
THR	6, 7	1695	ARG	8, 115	2690	nuc	nuc	0.94
SER	8, 44	2619	ARG	8, 115	2690	nuc	nuc	0.74
PRO	8, 45	2620	ARG	8, 115	2690	nuc	nuc	0.98
ALA	8, 46	2621	ARG	8, 115	2690	nuc	nuc	0.96
SER	8, 47	2622	ARG	8, 115	2690	nuc	nuc	1
CYS	8, 113	2688	ARG	8, 115	2690	nuc	nuc	0.65
LEU	8, 114	2689	ARG	8, 115	2690	nuc	nuc	1
THR	6, 3	1691	ASP	8, 116	2691	nuc	nuc	0.95
TYR	6, 4	1692	ASP	8, 116	2691	nuc	nuc	0.99
LEU	8, 114	2689	ASP	8, 116	2691	nuc	nuc	1
ARG	8, 115	2690	ASP	8, 116	2691	nuc	nuc	1
VAL	8, 94	2669	HIS	8, 117	2692	nuc	nuc	1
GLY	8, 95	2670	HIS	8, 117	2692	nuc	nuc	0.7
GLY	8, 96	2671	HIS	8, 117	2692	nuc	nuc	0.81
CYS	8, 113	2688	HIS	8, 117	2692	nuc	nuc	0.99
LEU	8, 114	2689	HIS	8, 117	2692	nuc	nuc	1
ARG	8, 115	2690	HIS	8, 117	2692	nuc	nuc	0.9
ASP	8, 116	2691	HIS	8, 117	2692	nuc	nuc	1
SER	8, 47	2622	VAL	8, 118	2693	nuc	nuc	0.99
ILE	8, 49	2624	VAL	8, 118	2693	nuc	nuc	0.92
CYS	8, 113	2688	VAL	8, 118	2693	nuc	nuc	0.97
ARG	8, 115	2690	VAL	8, 118	2693	nuc	nuc	0.98
ASP	8, 116	2691	VAL	8, 118	2693	nuc	nuc	0.94
HIS	8, 117	2692	VAL	8, 118	2693	nuc	nuc	1
HIS	8, 117	2692	ASP	8, 119	2694	nuc	nuc	0.98
VAL	8, 118	2693	ASP	8, 119	2694	nuc	nuc	1
GLY	8, 90	2665	THR	8, 120	2695	nuc	nuc	0.89
VAL	8, 94	2669	THR	8, 120	2695	nuc	nuc	0.99
CYS	8, 113	2688	THR	8, 120	2695	nuc	nuc	0.58
HIS	8, 117	2692	THR	8, 120	2695	nuc	nuc	0.99
VAL	8, 118	2693	THR	8, 120	2695	nuc	nuc	0.94
ASP	8, 119	2694	THR	8, 120	2695	nuc	nuc	1
ILE	8, 49	2624	VAL	8, 121	2696	nuc	nuc	0.76
ILE	8, 91	2666	VAL	8, 121	2696	nuc	nuc	0.98
VAL	8, 94	2669	VAL	8, 121	2696	nuc	nuc	0.97
GLY	8, 96	2671	VAL	8, 121	2696	nuc	nuc	0.97
LEU	8, 98	2673	VAL	8, 121	2696	nuc	nuc	0.67
VAL	8, 111	2686	VAL	8, 121	2696	nuc	nuc	1
CYS	8, 113	2688	VAL	8, 121	2696	nuc	nuc	1
HIS	8, 117	2692	VAL	8, 121	2696	nuc	nuc	0.99
VAL	8, 118	2693	VAL	8, 121	2696	nuc	nuc	0.99
ASP	8, 119	2694	VAL	8, 121	2696	nuc	nuc	0.81
THR	8, 120	2695	VAL	8, 121	2696	nuc	nuc	1
ILE	8, 49	2624	MET	8, 122	2697	nuc	nuc	0.98
VAL	8, 111	2686	MET	8, 122	2697	nuc	nuc	0.77
VAL	8, 118	2693	MET	8, 122	2697	nuc	nuc	1
ASP	8, 119	2694	MET	8, 122	2697	nuc	nuc	1
THR	8, 120	2695	MET	8, 122	2697	nuc	nuc	0.98
VAL	8, 121	2696	MET	8, 122	2697	nuc	nuc	1
ALA	8, 82	2657	GLU	8, 123	2698	nuc	nuc	0.8
ASP	8, 119	2694	GLU	8, 123	2698	nuc	nuc	0.95
THR	8, 120	2695	GLU	8, 123	2698	nuc	nuc	0.99
VAL	8, 121	2696	GLU	8, 123	2698	nuc	nuc	0.99
MET	8, 122	2697	GLU	8, 123	2698	nuc	nuc	1
ALA	8, 82	2657	TYR	8, 124	2699	nuc	nuc	0.97
ILE	8, 87	2662	TYR	8, 124	2699	nuc	nuc	1
GLY	8, 90	2665	TYR	8, 124	2699	nuc	nuc	0.94
ILE	8, 91	2666	TYR	8, 124	2699	nuc	nuc	0.99
LEU	8, 98	2673	TYR	8, 124	2699	nuc	nuc	0.93
VAL	8, 111	2686	TYR	8, 124	2699	nuc	nuc	0.8
THR	8, 120	2695	TYR	8, 124	2699	nuc	nuc	0.88
VAL	8, 121	2696	TYR	8, 124	2699	nuc	nuc	1
MET	8, 122	2697	TYR	8, 124	2699	nuc	nuc	0.99
GLU	8, 123	2698	TYR	8, 124	2699	nuc	nuc	1
ILE	8, 49	2624	LEU	8, 125	2700	nuc	nuc	0.98
GLY	8, 50	2625	LEU	8, 125	2700	nuc	nuc	0.75
VAL	8, 51	2626	LEU	8, 125	2700	nuc	nuc	0.99
LEU	8, 98	2673	LEU	8, 125	2700	nuc	nuc	0.88
TYR	8, 109	2684	LEU	8, 125	2700	nuc	nuc	0.99
VAL	8, 111	2686	LEU	8, 125	2700	nuc	nuc	1
VAL	8, 121	2696	LEU	8, 125	2700	nuc	nuc	0.99
MET	8, 122	2697	LEU	8, 125	2700	nuc	nuc	1
GLU	8, 123	2698	LEU	8, 125	2700	nuc	nuc	0.99
TYR	8, 124	2699	LEU	8, 125	2700	nuc	nuc	1
MET	8, 122	2697	LEU	8, 126	2701	nuc	nuc	1
GLU	8, 123	2698	LEU	8, 126	2701	nuc	nuc	1
TYR	8, 124	2699	LEU	8, 126	2701	nuc	nuc	0.99
LEU	8, 125	2700	LEU	8, 126	2701	nuc	nuc	1
THR	8, 79	2654	ASN	8, 127	2702	nuc	nuc	1
LYS	8, 80	2655	ASN	8, 127	2702	nuc	nuc	0.93
GLY	8, 81	2656	ASN	8, 127	2702	nuc	nuc	0.99
ALA	8, 82	2657	ASN	8, 127	2702	nuc	nuc	0.99
ILE	8, 87	2662	ASN	8, 127	2702	nuc	nuc	0.89
GLU	8, 123	2698	ASN	8, 127	2702	nuc	nuc	0.99
TYR	8, 124	2699	ASN	8, 127	2702	nuc	nuc	1
LEU	8, 125	2700	ASN	8, 127	2702	nuc	nuc	0.99
LEU	8, 126	2701	ASN	8, 127	2702	nuc	nuc	1
SER	8, 75	2650	VAL	8, 128	2703	nuc	nuc	0.99
PRO	8, 76	2651	VAL	8, 128	2703	nuc	nuc	0.59
THR	8, 79	2654	VAL	8, 128	2703	nuc	nuc	0.99
ILE	8, 87	2662	VAL	8, 128	2703	nuc	nuc	0.95
LEU	8, 98	2673	VAL	8, 128	2703	nuc	nuc	0.84
TYR	8, 109	2684	VAL	8, 128	2703	nuc	nuc	0.98
TYR	8, 124	2699	VAL	8, 128	2703	nuc	nuc	0.99
LEU	8, 125	2700	VAL	8, 128	2703	nuc	nuc	1
LEU	8, 126	2701	VAL	8, 128	2703	nuc	nuc	0.94
ASN	8, 127	2702	VAL	8, 128	2703	nuc	nuc	1
VAL	8, 51	2626	THR	8, 129	2704	nuc	nuc	1
ILE	8, 53	2628	THR	8, 129	2704	nuc	nuc	0.73
TYR	8, 109	2684	THR	8, 129	2704	nuc	nuc	0.99
LEU	8, 125	2700	THR	8, 129	2704	nuc	nuc	0.99
LEU	8, 126	2701	THR	8, 129	2704	nuc	nuc	1
ASN	8, 127	2702	THR	8, 129	2704	nuc	nuc	0.91
VAL	8, 128	2703	THR	8, 129	2704	nuc	nuc	1
LEU	8, 126	2701	THR	8, 130	2705	nuc	nuc	0.99
ASN	8, 127	2702	THR	8, 130	2705	nuc	nuc	0.98
THR	8, 129	2704	THR	8, 130	2705	nuc	nuc	1
THR	8, 79	2654	ALA	8, 131	2706	nuc	nuc	0.99
LYS	8, 80	2655	ALA	8, 131	2706	nuc	nuc	0.99
GLY	8, 81	2656	ALA	8, 131	2706	nuc	nuc	0.95
LEU	8, 126	2701	ALA	8, 131	2706	nuc	nuc	0.59
ASN	8, 127	2702	ALA	8, 131	2706	nuc	nuc	0.98
THR	8, 130	2705	ALA	8, 131	2706	nuc	nuc	1
ALA	8, 74	2649	PRO	8, 132	2707	nuc	nuc	0.83
LEU	8, 77	2652	PRO	8, 132	2707	nuc	nuc	0.94
THR	8, 79	2654	PRO	8, 132	2707	nuc	nuc	0.99
VAL	8, 128	2703	PRO	8, 132	2707	nuc	nuc	0.96
THR	8, 129	2704	PRO	8, 132	2707	nuc	nuc	0.59
THR	8, 130	2705	PRO	8, 132	2707	nuc	nuc	0.61
ALA	8, 131	2706	PRO	8, 132	2707	nuc	nuc	1
LEU	8, 77	2652	GLU	8, 133	2708	nuc	nuc	0.88
THR	8, 78	2653	GLU	8, 133	2708	nuc	nuc	0.99
THR	8, 79	2654	GLU	8, 133	2708	nuc	nuc	0.99
LYS	8, 80	2655	GLU	8, 133	2708	nuc	nuc	0.99
ALA	8, 131	2706	GLU	8, 133	2708	nuc	nuc	0.91
PRO	8, 132	2707	GLU	8, 133	2708	nuc	nuc	1
ALA	8, 74	2649	PHE	8, 134	2709	nuc	nuc	0.94
LEU	8, 77	2652	PHE	8, 134	2709	nuc	nuc	0.97
PRO	8, 132	2707	PHE	8, 134	2709	nuc	nuc	1
GLU	8, 133	2708	PHE	8, 134	2709	nuc	nuc	1
LEU	8, 77	2652	ARG	8, 135	2710	nuc	nuc	0.91
THR	8, 78	2653	ARG	8, 135	2710	nuc	nuc	0.98
GLU	8, 133	2708	ARG	8, 135	2710	nuc	nuc	1
PHE	8, 134	2709	ARG	8, 135	2710	nuc	nuc	1
PHE	8, 134	2709	PRO	8, 136	2711	nuc	nuc	0.71
ARG	8, 135	2710	PRO	8, 136	2711	nuc	nuc	1
ARG	8, 135	2710	TRP	8, 137	2712	nuc	nuc	1
PRO	8, 136	2711	TRP	8, 137	2712	nuc	nuc	1
LEU	8, 77	2652	GLU	8, 138	2713	nuc	nuc	1
THR	8, 78	2653	GLU	8, 138	2713	nuc	nuc	0.98
SER	8, 84	2659	GLU	8, 138	2713	nuc	nuc	0.93
PHE	8, 134	2709	GLU	8, 138	2713	nuc	nuc	0.93
ARG	8, 135	2710	GLU	8, 138	2713	nuc	nuc	1
PRO	8, 136	2711	GLU	8, 138	2713	nuc	nuc	0.98
TRP	8, 137	2712	GLU	8, 138	2713	nuc	nuc	1
LEU	8, 70	2645	VAL	8, 139	2714	nuc	nuc	0.74
ALA	8, 74	2649	VAL	8, 139	2714	nuc	nuc	0.86
LEU	8, 77	2652	VAL	8, 139	2714	nuc	nuc	0.81
PHE	8, 134	2709	VAL	8, 139	2714	nuc	nuc	0.99
ARG	8, 135	2710	VAL	8, 139	2714	nuc	nuc	0.98
PRO	8, 136	2711	VAL	8, 139	2714	nuc	nuc	1
TRP	8, 137	2712	VAL	8, 139	2714	nuc	nuc	0.98
GLU	8, 138	2713	VAL	8, 139	2714	nuc	nuc	1
PRO	8, 136	2711	THR	8, 140	2715	nuc	nuc	0.99
TRP	8, 137	2712	THR	8, 140	2715	nuc	nuc	1
GLU	8, 138	2713	THR	8, 140	2715	nuc	nuc	0.98
VAL	8, 139	2714	THR	8, 140	2715	nuc	nuc	1
TRP	8, 137	2712	ASP	8, 141	2716	nuc	nuc	0.99
GLU	8, 138	2713	ASP	8, 141	2716	nuc	nuc	1
VAL	8, 139	2714	ASP	8, 141	2716	nuc	nuc	0.98
THR	8, 140	2715	ASP	8, 141	2716	nuc	nuc	1
LEU	8, 70	2645	LEU	8, 142	2717	nuc	nuc	0.96
LEU	8, 73	2648	LEU	8, 142	2717	nuc	nuc	0.99
ALA	8, 74	2649	LEU	8, 142	2717	nuc	nuc	0.99
LEU	8, 77	2652	LEU	8, 142	2717	nuc	nuc	0.93
GLU	8, 138	2713	LEU	8, 142	2717	nuc	nuc	0.99
VAL	8, 139	2714	LEU	8, 142	2717	nuc	nuc	1
THR	8, 140	2715	LEU	8, 142	2717	nuc	nuc	0.99
ASP	8, 141	2716	LEU	8, 142	2717	nuc	nuc	1
LEU	8, 70	2645	GLN	8, 143	2718	nuc	nuc	0.78
VAL	8, 139	2714	GLN	8, 143	2718	nuc	nuc	0.97
THR	8, 140	2715	GLN	8, 143	2718	nuc	nuc	1
ASP	8, 141	2716	GLN	8, 143	2718	nuc	nuc	0.98
LEU	8, 142	2717	GLN	8, 143	2718	nuc	nuc	1
ASP	8, 141	2716	PRO	8, 144	2719	nuc	nuc	0.8
LEU	8, 142	2717	PRO	8, 144	2719	nuc	nuc	0.97
GLN	8, 143	2718	PRO	8, 144	2719	nuc	nuc	1
GLY	6, 285	1973	GLN	8, 145	2720	nuc	nuc	0.76
LEU	8, 73	2648	GLN	8, 145	2720	nuc	nuc	1
LEU	8, 142	2717	GLN	8, 145	2720	nuc	nuc	1
GLN	8, 143	2718	GLN	8, 145	2720	nuc	nuc	0.99
PRO	8, 144	2719	GLN	8, 145	2720	nuc	nuc	1
HIS	8, 69	2644	LEU	8, 146	2721	nuc	nuc	0.98
LEU	8, 70	2645	LEU	8, 146	2721	nuc	nuc	0.99
LEU	8, 73	2648	LEU	8, 146	2721	nuc	nuc	0.99
LEU	8, 142	2717	LEU	8, 146	2721	nuc	nuc	0.71
GLN	8, 143	2718	LEU	8, 146	2721	nuc	nuc	1
PRO	8, 144	2719	LEU	8, 146	2721	nuc	nuc	1
GLN	8, 145	2720	LEU	8, 146	2721	nuc	nuc	1
PRO	8, 144	2719	LYS	8, 147	2722	nuc	nuc	1
GLN	8, 145	2720	LYS	8, 147	2722	nuc	nuc	0.99
LEU	8, 146	2721	LYS	8, 147	2722	nuc	nuc	1
ARG	6, 282	1970	VAL	8, 148	2723	nuc	nuc	0.99
THR	6, 283	1971	VAL	8, 148	2723	nuc	nuc	0.96
PRO	8, 144	2719	VAL	8, 148	2723	nuc	nuc	0.97
GLN	8, 145	2720	VAL	8, 148	2723	nuc	nuc	1
LEU	8, 146	2721	VAL	8, 148	2723	nuc	nuc	0.99
LYS	8, 147	2722	VAL	8, 148	2723	nuc	nuc	1
THR	6, 283	1971	ASP	8, 149	2724	nuc	nuc	0.98
HIS	8, 69	2644	ASP	8, 149	2724	nuc	nuc	0.74
LEU	8, 73	2648	ASP	8, 149	2724	nuc	nuc	0.99
GLN	8, 145	2720	ASP	8, 149	2724	nuc	nuc	1
LEU	8, 146	2721	ASP	8, 149	2724	nuc	nuc	1
LYS	8, 147	2722	ASP	8, 149	2724	nuc	nuc	0.97
VAL	8, 148	2723	ASP	8, 149	2724	nuc	nuc	1
LEU	8, 146	2721	LYS	8, 150	2725	nuc	nuc	0.99
LYS	8, 147	2722	LYS	8, 150	2725	nuc	nuc	1
VAL	8, 148	2723	LYS	8, 150	2725	nuc	nuc	0.99
ASP	8, 149	2724	LYS	8, 150	2725	nuc	nuc	1
LYS	8, 147	2722	ALA	8, 151	2726	nuc	nuc	1
VAL	8, 148	2723	ALA	8, 151	2726	nuc	nuc	1
ASP	8, 149	2724	ALA	8, 151	2726	nuc	nuc	0.99
LYS	8, 150	2725	ALA	8, 151	2726	nuc	nuc	1
THR	6, 283	1971	VAL	8, 152	2727	nuc	nuc	0.99
VAL	8, 148	2723	VAL	8, 152	2727	nuc	nuc	0.99
ASP	8, 149	2724	VAL	8, 152	2727	nuc	nuc	1
LYS	8, 150	2725	VAL	8, 152	2727	nuc	nuc	0.97
ALA	8, 151	2726	VAL	8, 152	2727	nuc	nuc	1
ASP	8, 149	2724	ALA	8, 153	2728	nuc	nuc	1
LYS	8, 150	2725	ALA	8, 153	2728	nuc	nuc	1
ALA	8, 151	2726	ALA	8, 153	2728	nuc	nuc	0.98
VAL	8, 152	2727	ALA	8, 153	2728	nuc	nuc	1
LYS	8, 150	2725	PHE	8, 154	2729	nuc	nuc	1
ALA	8, 151	2726	PHE	8, 154	2729	nuc	nuc	1
VAL	8, 152	2727	PHE	8, 154	2729	nuc	nuc	0.91
ALA	8, 153	2728	PHE	8, 154	2729	nuc	nuc	1
ALA	8, 151	2726	GLN	8, 155	2730	nuc	nuc	0.95
VAL	8, 152	2727	GLN	8, 155	2730	nuc	nuc	1
ALA	8, 153	2728	GLN	8, 155	2730	nuc	nuc	0.99
PHE	8, 154	2729	GLN	8, 155	2730	nuc	nuc	1
ALA	8, 153	2728	SER	8, 156	2731	nuc	nuc	0.97
PHE	8, 154	2729	SER	8, 156	2731	nuc	nuc	0.98
GLN	8, 155	2730	SER	8, 156	2731	nuc	nuc	1
SER	8, 156	2731	PRO	8, 157	2732	nuc	nuc	1
SER	8, 156	2731	GLN	8, 158	2733	nuc	nuc	1
PRO	8, 157	2732	GLN	8, 158	2733	nuc	nuc	1
ALA	8, 153	2728	VAL	8, 159	2734	nuc	nuc	1
PHE	8, 154	2729	VAL	8, 159	2734	nuc	nuc	0.99
SER	8, 156	2731	VAL	8, 159	2734	nuc	nuc	1
PRO	8, 157	2732	VAL	8, 159	2734	nuc	nuc	0.99
GLN	8, 158	2733	VAL	8, 159	2734	nuc	nuc	1
PHE	8, 154	2729	GLY	8, 160	2735	nuc	nuc	0.99
SER	8, 156	2731	GLY	8, 160	2735	nuc	nuc	0.53
PRO	8, 157	2732	GLY	8, 160	2735	nuc	nuc	0.99
GLN	8, 158	2733	GLY	8, 160	2735	nuc	nuc	1
VAL	8, 159	2734	GLY	8, 160	2735	nuc	nuc	1
PRO	8, 157	2732	VAL	8, 161	2736	nuc	nuc	0.99
GLN	8, 158	2733	VAL	8, 161	2736	nuc	nuc	1
VAL	8, 159	2734	VAL	8, 161	2736	nuc	nuc	0.98
GLY	8, 160	2735	VAL	8, 161	2736	nuc	nuc	1
GLN	8, 158	2733	LEU	8, 162	2737	nuc	nuc	1
VAL	8, 159	2734	LEU	8, 162	2737	nuc	nuc	1
GLY	8, 160	2735	LEU	8, 162	2737	nuc	nuc	1
VAL	8, 161	2736	LEU	8, 162	2737	nuc	nuc	1
VAL	8, 159	2734	GLU	8, 163	2738	nuc	nuc	1
GLY	8, 160	2735	GLU	8, 163	2738	nuc	nuc	1
VAL	8, 161	2736	GLU	8, 163	2738	nuc	nuc	0.99
LEU	8, 162	2737	GLU	8, 163	2738	nuc	nuc	1
GLY	8, 160	2735	ASN	8, 164	2739	nuc	nuc	1
VAL	8, 161	2736	ASN	8, 164	2739	nuc	nuc	1
LEU	8, 162	2737	ASN	8, 164	2739	nuc	nuc	0.99
GLU	8, 163	2738	ASN	8, 164	2739	nuc	nuc	1
VAL	8, 161	2736	LEU	8, 165	2740	nuc	nuc	1
LEU	8, 162	2737	LEU	8, 165	2740	nuc	nuc	1
GLU	8, 163	2738	LEU	8, 165	2740	nuc	nuc	1
ASN	8, 164	2739	LEU	8, 165	2740	nuc	nuc	1
ARG	8, 104	2679	HIS	8, 166	2741	nuc	nuc	0.9
LEU	8, 162	2737	HIS	8, 166	2741	nuc	nuc	0.99
GLU	8, 163	2738	HIS	8, 166	2741	nuc	nuc	1
ASN	8, 164	2739	HIS	8, 166	2741	nuc	nuc	0.97
LEU	8, 165	2740	HIS	8, 166	2741	nuc	nuc	1
GLU	8, 163	2738	ALA	8, 167	2742	nuc	nuc	0.99
ASN	8, 164	2739	ALA	8, 167	2742	nuc	nuc	1
LEU	8, 165	2740	ALA	8, 167	2742	nuc	nuc	0.99
HIS	8, 166	2741	ALA	8, 167	2742	nuc	nuc	1
ASN	8, 164	2739	ALA	8, 168	2743	nuc	nuc	1
LEU	8, 165	2740	ALA	8, 168	2743	nuc	nuc	1
HIS	8, 166	2741	ALA	8, 168	2743	nuc	nuc	0.99
ALA	8, 167	2742	ALA	8, 168	2743	nuc	nuc	1
LEU	8, 165	2740	ALA	8, 169	2744	nuc	nuc	1
HIS	8, 166	2741	ALA	8, 169	2744	nuc	nuc	1
ALA	8, 167	2742	ALA	8, 169	2744	nuc	nuc	0.95
ALA	8, 168	2743	ALA	8, 169	2744	nuc	nuc	1
HIS	8, 166	2741	TYR	8, 170	2745	nuc	nuc	0.99
ALA	8, 167	2742	TYR	8, 170	2745	nuc	nuc	0.91
ALA	8, 169	2744	TYR	8, 170	2745	nuc	nuc	1
PHE	7, 437	2571	LYS	8, 171	2746	nuc	nuc	0.95
TYR	8, 170	2745	LYS	8, 171	2746	nuc	nuc	1
TYR	8, 170	2745	THR	8, 172	2747	nuc	nuc	0.98
LYS	8, 171	2746	THR	8, 172	2747	nuc	nuc	1
ARG	8, 58	2633	ALA	8, 173	2748	nuc	nuc	0.99
TYR	8, 59	2634	ALA	8, 173	2748	nuc	nuc	0.53
TYR	8, 170	2745	ALA	8, 173	2748	nuc	nuc	0.96
THR	8, 172	2747	ALA	8, 173	2748	nuc	nuc	1
ARG	8, 58	2633	LEU	8, 174	2749	nuc	nuc	0.98
ARG	8, 104	2679	LEU	8, 174	2749	nuc	nuc	0.99
HIS	8, 166	2741	LEU	8, 174	2749	nuc	nuc	0.99
ALA	8, 169	2744	LEU	8, 174	2749	nuc	nuc	0.67
TYR	8, 170	2745	LEU	8, 174	2749	nuc	nuc	0.99
THR	8, 172	2747	LEU	8, 174	2749	nuc	nuc	0.74
ALA	8, 173	2748	LEU	8, 174	2749	nuc	nuc	1
HIS	8, 166	2741	ALA	8, 175	2750	nuc	nuc	0.99
ALA	8, 167	2742	ALA	8, 175	2750	nuc	nuc	1
ALA	8, 169	2744	ALA	8, 175	2750	nuc	nuc	0.79
TYR	8, 170	2745	ALA	8, 175	2750	nuc	nuc	1
LYS	8, 171	2746	ALA	8, 175	2750	nuc	nuc	0.98
THR	8, 172	2747	ALA	8, 175	2750	nuc	nuc	0.98
ALA	8, 173	2748	ALA	8, 175	2750	nuc	nuc	0.99
LEU	8, 174	2749	ALA	8, 175	2750	nuc	nuc	1
SER	8, 57	2632	ASN	8, 176	2751	nuc	nuc	1
ARG	8, 58	2633	ASN	8, 176	2751	nuc	nuc	0.97
GLU	8, 60	2635	ASN	8, 176	2751	nuc	nuc	0.99
LEU	8, 65	2640	ASN	8, 176	2751	nuc	nuc	0.98
ARG	8, 104	2679	ASN	8, 176	2751	nuc	nuc	0.81
ALA	8, 173	2748	ASN	8, 176	2751	nuc	nuc	0.97
LEU	8, 174	2749	ASN	8, 176	2751	nuc	nuc	0.98
ALA	8, 175	2750	ASN	8, 176	2751	nuc	nuc	1
SER	8, 57	2632	PRO	8, 177	2752	nuc	nuc	0.99
LEU	8, 65	2640	PRO	8, 177	2752	nuc	nuc	0.86
GLY	8, 66	2641	PRO	8, 177	2752	nuc	nuc	0.71
GLU	8, 163	2738	PRO	8, 177	2752	nuc	nuc	1
HIS	8, 166	2741	PRO	8, 177	2752	nuc	nuc	0.57
ALA	8, 167	2742	PRO	8, 177	2752	nuc	nuc	0.91
ASN	8, 176	2751	PRO	8, 177	2752	nuc	nuc	1
SER	8, 57	2632	LEU	8, 178	2753	nuc	nuc	1
ALA	8, 68	2643	LEU	8, 178	2753	nuc	nuc	0.68
HIS	8, 69	2644	LEU	8, 178	2753	nuc	nuc	0.97
SER	8, 102	2677	LEU	8, 178	2753	nuc	nuc	0.98
THR	8, 103	2678	LEU	8, 178	2753	nuc	nuc	0.66
ARG	8, 104	2679	LEU	8, 178	2753	nuc	nuc	0.99
GLU	8, 163	2738	LEU	8, 178	2753	nuc	nuc	0.97
PRO	8, 177	2752	LEU	8, 178	2753	nuc	nuc	1
GLY	8, 66	2641	TYR	8, 179	2754	nuc	nuc	0.55
HIS	8, 69	2644	TYR	8, 179	2754	nuc	nuc	0.99
ASP	8, 149	2724	TYR	8, 179	2754	nuc	nuc	0.87
LYS	8, 150	2725	TYR	8, 179	2754	nuc	nuc	1
ALA	8, 153	2728	TYR	8, 179	2754	nuc	nuc	0.99
PHE	8, 154	2729	TYR	8, 179	2754	nuc	nuc	0.85
VAL	8, 159	2734	TYR	8, 179	2754	nuc	nuc	0.68
GLU	8, 163	2738	TYR	8, 179	2754	nuc	nuc	0.94
PRO	8, 177	2752	TYR	8, 179	2754	nuc	nuc	1
LEU	8, 178	2753	TYR	8, 179	2754	nuc	nuc	1
LEU	8, 65	2640	CYS	8, 180	2755	nuc	nuc	0.95
GLY	8, 66	2641	CYS	8, 180	2755	nuc	nuc	1
HIS	8, 69	2644	CYS	8, 180	2755	nuc	nuc	1
LEU	8, 70	2645	CYS	8, 180	2755	nuc	nuc	0.96
LEU	8, 146	2721	CYS	8, 180	2755	nuc	nuc	0.99
LYS	8, 150	2725	CYS	8, 180	2755	nuc	nuc	0.98
PRO	8, 177	2752	CYS	8, 180	2755	nuc	nuc	0.86
TYR	8, 179	2754	CYS	8, 180	2755	nuc	nuc	1
GLN	7, 249	2383	PRO	8, 181	2756	nuc	nuc	0.92
LEU	8, 65	2640	PRO	8, 181	2756	nuc	nuc	0.99
GLY	8, 66	2641	PRO	8, 181	2756	nuc	nuc	0.97
PRO	8, 177	2752	PRO	8, 181	2756	nuc	nuc	0.98
TYR	8, 179	2754	PRO	8, 181	2756	nuc	nuc	0.61
CYS	8, 180	2755	PRO	8, 181	2756	nuc	nuc	1
CYS	8, 180	2755	ASP	8, 182	2757	nuc	nuc	0.55
PRO	8, 181	2756	ASP	8, 182	2757	nuc	nuc	1
ASN	7, 250	2384	TYR	8, 183	2758	nuc	nuc	0.99
GLY	7, 251	2385	TYR	8, 183	2758	nuc	nuc	0.97
PRO	8, 181	2756	TYR	8, 183	2758	nuc	nuc	1
ASP	8, 182	2757	TYR	8, 183	2758	nuc	nuc	1
LEU	8, 65	2640	ARG	8, 184	2759	nuc	nuc	0.99
GLY	8, 66	2641	ARG	8, 184	2759	nuc	nuc	0.99
CYS	8, 180	2755	ARG	8, 184	2759	nuc	nuc	0.99
PRO	8, 181	2756	ARG	8, 184	2759	nuc	nuc	1
ASP	8, 182	2757	ARG	8, 184	2759	nuc	nuc	0.96
TYR	8, 183	2758	ARG	8, 184	2759	nuc	nuc	1
GLN	8, 143	2718	ILE	8, 185	2760	nuc	nuc	0.98
LEU	8, 146	2721	ILE	8, 185	2760	nuc	nuc	0.99
LYS	8, 147	2722	ILE	8, 185	2760	nuc	nuc	0.99
LYS	8, 150	2725	ILE	8, 185	2760	nuc	nuc	0.53
CYS	8, 180	2755	ILE	8, 185	2760	nuc	nuc	0.99
PRO	8, 181	2756	ILE	8, 185	2760	nuc	nuc	0.74
ASP	8, 182	2757	ILE	8, 185	2760	nuc	nuc	1
TYR	8, 183	2758	ILE	8, 185	2760	nuc	nuc	0.98
ARG	8, 184	2759	ILE	8, 185	2760	nuc	nuc	1
THR	8, 140	2715	GLY	8, 186	2761	nuc	nuc	0.54
GLN	8, 143	2718	GLY	8, 186	2761	nuc	nuc	1
LEU	8, 146	2721	GLY	8, 186	2761	nuc	nuc	0.85
ARG	8, 184	2759	GLY	8, 186	2761	nuc	nuc	1
ILE	8, 185	2760	GLY	8, 186	2761	nuc	nuc	1
TYR	8, 183	2758	LYS	8, 187	2762	nuc	nuc	0.79
ARG	8, 184	2759	LYS	8, 187	2762	nuc	nuc	0.99
ILE	8, 185	2760	LYS	8, 187	2762	nuc	nuc	0.97
GLY	8, 186	2761	LYS	8, 187	2762	nuc	nuc	1
ASN	8, 64	2639	ILE	8, 188	2763	nuc	nuc	0.54
GLY	8, 66	2641	ILE	8, 188	2763	nuc	nuc	0.98
THR	8, 67	2642	ILE	8, 188	2763	nuc	nuc	0.99
LEU	8, 70	2645	ILE	8, 188	2763	nuc	nuc	1
VAL	8, 139	2714	ILE	8, 188	2763	nuc	nuc	0.88
GLN	8, 143	2718	ILE	8, 188	2763	nuc	nuc	0.96
CYS	8, 180	2755	ILE	8, 188	2763	nuc	nuc	0.71
ARG	8, 184	2759	ILE	8, 188	2763	nuc	nuc	0.98
GLY	8, 186	2761	ILE	8, 188	2763	nuc	nuc	1
LYS	8, 187	2762	ILE	8, 188	2763	nuc	nuc	1
VAL	8, 139	2714	THR	8, 189	2764	nuc	nuc	0.87
LYS	8, 187	2762	THR	8, 189	2764	nuc	nuc	0.86
ILE	8, 188	2763	THR	8, 189	2764	nuc	nuc	1
PHE	8, 134	2709	SER	8, 190	2765	nuc	nuc	0.99
ARG	8, 135	2710	SER	8, 190	2765	nuc	nuc	0.92
PRO	8, 136	2711	SER	8, 190	2765	nuc	nuc	1
VAL	8, 139	2714	SER	8, 190	2765	nuc	nuc	1
THR	8, 189	2764	SER	8, 190	2765	nuc	nuc	1
THR	8, 189	2764	GLU	8, 191	2766	nuc	nuc	1
SER	8, 190	2765	GLU	8, 191	2766	nuc	nuc	1
ASN	8, 64	2639	GLN	8, 192	2767	nuc	nuc	0.98
THR	8, 67	2642	GLN	8, 192	2767	nuc	nuc	0.99
ILE	8, 188	2763	GLN	8, 192	2767	nuc	nuc	0.99
THR	8, 189	2764	GLN	8, 192	2767	nuc	nuc	1
SER	8, 190	2765	GLN	8, 192	2767	nuc	nuc	0.99
GLU	8, 191	2766	GLN	8, 192	2767	nuc	nuc	1
THR	8, 67	2642	LEU	8, 193	2768	nuc	nuc	0.99
LEU	8, 70	2645	LEU	8, 193	2768	nuc	nuc	0.99
LEU	8, 71	2646	LEU	8, 193	2768	nuc	nuc	0.99
ALA	8, 74	2649	LEU	8, 193	2768	nuc	nuc	0.96
PRO	8, 132	2707	LEU	8, 193	2768	nuc	nuc	0.55
PHE	8, 134	2709	LEU	8, 193	2768	nuc	nuc	0.99
VAL	8, 139	2714	LEU	8, 193	2768	nuc	nuc	0.97
ILE	8, 188	2763	LEU	8, 193	2768	nuc	nuc	0.96
THR	8, 189	2764	LEU	8, 193	2768	nuc	nuc	0.93
SER	8, 190	2765	LEU	8, 193	2768	nuc	nuc	1
GLU	8, 191	2766	LEU	8, 193	2768	nuc	nuc	0.99
GLN	8, 192	2767	LEU	8, 193	2768	nuc	nuc	1
PHE	8, 134	2709	HIS	8, 194	2769	nuc	nuc	0.99
SER	8, 190	2765	HIS	8, 194	2769	nuc	nuc	0.99
GLU	8, 191	2766	HIS	8, 194	2769	nuc	nuc	1
GLN	8, 192	2767	HIS	8, 194	2769	nuc	nuc	0.99
LEU	8, 193	2768	HIS	8, 194	2769	nuc	nuc	1
ASN	8, 64	2639	HIS	8, 195	2770	nuc	nuc	0.61
GLU	8, 191	2766	HIS	8, 195	2770	nuc	nuc	0.99
GLN	8, 192	2767	HIS	8, 195	2770	nuc	nuc	1
LEU	8, 193	2768	HIS	8, 195	2770	nuc	nuc	0.99
HIS	8, 194	2769	HIS	8, 195	2770	nuc	nuc	1
ALA	8, 55	2630	PHE	8, 196	2771	nuc	nuc	0.77
GLU	8, 60	2635	PHE	8, 196	2771	nuc	nuc	0.55
ASN	8, 64	2639	PHE	8, 196	2771	nuc	nuc	0.95
THR	8, 67	2642	PHE	8, 196	2771	nuc	nuc	1
ALA	8, 68	2643	PHE	8, 196	2771	nuc	nuc	0.88
LEU	8, 71	2646	PHE	8, 196	2771	nuc	nuc	0.98
GLN	8, 192	2767	PHE	8, 196	2771	nuc	nuc	0.99
LEU	8, 193	2768	PHE	8, 196	2771	nuc	nuc	1
HIS	8, 194	2769	PHE	8, 196	2771	nuc	nuc	0.99
HIS	8, 195	2770	PHE	8, 196	2771	nuc	nuc	1
LEU	8, 71	2646	VAL	8, 197	2772	nuc	nuc	0.95
PRO	8, 132	2707	VAL	8, 197	2772	nuc	nuc	0.98
LEU	8, 193	2768	VAL	8, 197	2772	nuc	nuc	0.99
HIS	8, 194	2769	VAL	8, 197	2772	nuc	nuc	1
HIS	8, 195	2770	VAL	8, 197	2772	nuc	nuc	0.95
PHE	8, 196	2771	VAL	8, 197	2772	nuc	nuc	1
HIS	8, 194	2769	GLN	8, 198	2773	nuc	nuc	1
HIS	8, 195	2770	GLN	8, 198	2773	nuc	nuc	1
PHE	8, 196	2771	GLN	8, 198	2773	nuc	nuc	0.97
VAL	8, 197	2772	GLN	8, 198	2773	nuc	nuc	1
HIS	8, 195	2770	ASN	8, 199	2774	nuc	nuc	0.99
PHE	8, 196	2771	ASN	8, 199	2774	nuc	nuc	0.99
VAL	8, 197	2772	ASN	8, 199	2774	nuc	nuc	0.9
GLN	8, 198	2773	ASN	8, 199	2774	nuc	nuc	1
ILE	8, 53	2628	ASN	8, 200	2775	nuc	nuc	0.9
LYS	8, 54	2629	ASN	8, 200	2775	nuc	nuc	0.89
ALA	8, 55	2630	ASN	8, 200	2775	nuc	nuc	1
GLY	8, 56	2631	ASN	8, 200	2775	nuc	nuc	0.55
TYR	8, 59	2634	ASN	8, 200	2775	nuc	nuc	0.99
PHE	8, 196	2771	ASN	8, 200	2775	nuc	nuc	0.99
VAL	8, 197	2772	ASN	8, 200	2775	nuc	nuc	0.99
GLN	8, 198	2773	ASN	8, 200	2775	nuc	nuc	0.51
ASN	8, 199	2774	ASN	8, 200	2775	nuc	nuc	1
ILE	8, 53	2628	PHE	8, 201	2776	nuc	nuc	0.99
ALA	8, 55	2630	PHE	8, 201	2776	nuc	nuc	0.97
THR	8, 129	2704	PHE	8, 201	2776	nuc	nuc	0.93
THR	8, 130	2705	PHE	8, 201	2776	nuc	nuc	0.69
VAL	8, 197	2772	PHE	8, 201	2776	nuc	nuc	0.99
GLN	8, 198	2773	PHE	8, 201	2776	nuc	nuc	0.95
ASN	8, 200	2775	PHE	8, 201	2776	nuc	nuc	1
ASN	8, 199	2774	THR	8, 202	2777	nuc	nuc	0.52
ASN	8, 200	2775	THR	8, 202	2777	nuc	nuc	0.98
PHE	8, 201	2776	THR	8, 202	2777	nuc	nuc	1
LEU	8, 31	2606	SER	8, 203	2778	nuc	nuc	0.62
ASN	8, 33	2608	SER	8, 203	2778	nuc	nuc	0.99
GLY	8, 34	2609	SER	8, 203	2778	nuc	nuc	0.98
LEU	8, 35	2610	SER	8, 203	2778	nuc	nuc	0.99
THR	8, 202	2777	SER	8, 203	2778	nuc	nuc	1
ASN	8, 33	2608	ALA	8, 204	2779	nuc	nuc	0.9
GLY	8, 34	2609	ALA	8, 204	2779	nuc	nuc	0.99
LEU	8, 35	2610	ALA	8, 204	2779	nuc	nuc	0.85
THR	8, 202	2777	ALA	8, 204	2779	nuc	nuc	1
SER	8, 203	2778	ALA	8, 204	2779	nuc	nuc	1
ILE	8, 53	2628	ARG	8, 205	2780	nuc	nuc	0.99
LYS	8, 54	2629	ARG	8, 205	2780	nuc	nuc	1
ALA	8, 55	2630	ARG	8, 205	2780	nuc	nuc	0.87
ASN	8, 200	2775	ARG	8, 205	2780	nuc	nuc	0.95
PHE	8, 201	2776	ARG	8, 205	2780	nuc	nuc	0.85
THR	8, 202	2777	ARG	8, 205	2780	nuc	nuc	0.99
SER	8, 203	2778	ARG	8, 205	2780	nuc	nuc	0.96
ALA	8, 204	2779	ARG	8, 205	2780	nuc	nuc	1
LEU	8, 35	2610	MET	8, 206	2781	nuc	nuc	0.99
ILE	8, 36	2611	MET	8, 206	2781	nuc	nuc	0.71
VAL	8, 51	2626	MET	8, 206	2781	nuc	nuc	0.99
PHE	8, 52	2627	MET	8, 206	2781	nuc	nuc	0.98
ILE	8, 53	2628	MET	8, 206	2781	nuc	nuc	1
LYS	8, 54	2629	MET	8, 206	2781	nuc	nuc	0.69
PHE	8, 201	2776	MET	8, 206	2781	nuc	nuc	0.91
THR	8, 202	2777	MET	8, 206	2781	nuc	nuc	0.95
SER	8, 203	2778	MET	8, 206	2781	nuc	nuc	0.99
ALA	8, 204	2779	MET	8, 206	2781	nuc	nuc	0.9
ARG	8, 205	2780	MET	8, 206	2781	nuc	nuc	1
LEU	8, 35	2610	ALA	8, 207	2782	nuc	nuc	0.95
ILE	8, 36	2611	ALA	8, 207	2782	nuc	nuc	1
ILE	8, 37	2612	ALA	8, 207	2782	nuc	nuc	0.82
ALA	8, 38	2613	ALA	8, 207	2782	nuc	nuc	0.93
VAL	8, 51	2626	ALA	8, 207	2782	nuc	nuc	0.96
PHE	8, 52	2627	ALA	8, 207	2782	nuc	nuc	1
MET	8, 206	2781	ALA	8, 207	2782	nuc	nuc	1
LEU	8, 35	2610	LEU	8, 208	2783	nuc	nuc	0.98
ILE	8, 36	2611	LEU	8, 208	2783	nuc	nuc	0.96
ILE	8, 37	2612	LEU	8, 208	2783	nuc	nuc	1
ALA	8, 38	2613	LEU	8, 208	2783	nuc	nuc	0.92
ILE	8, 49	2624	LEU	8, 208	2783	nuc	nuc	0.89
GLY	8, 50	2625	LEU	8, 208	2783	nuc	nuc	0.99
VAL	8, 51	2626	LEU	8, 208	2783	nuc	nuc	1
PHE	8, 52	2627	LEU	8, 208	2783	nuc	nuc	0.59
MET	8, 206	2781	LEU	8, 208	2783	nuc	nuc	0.99
ALA	8, 207	2782	LEU	8, 208	2783	nuc	nuc	1
ILE	8, 37	2612	VAL	8, 209	2784	nuc	nuc	0.63
ALA	8, 38	2613	VAL	8, 209	2784	nuc	nuc	1
SER	8, 39	2614	VAL	8, 209	2784	nuc	nuc	0.93
ILE	8, 49	2624	VAL	8, 209	2784	nuc	nuc	0.96
GLY	8, 50	2625	VAL	8, 209	2784	nuc	nuc	1
VAL	8, 51	2626	VAL	8, 209	2784	nuc	nuc	0.56
PHE	8, 52	2627	VAL	8, 209	2784	nuc	nuc	0.99
ALA	8, 207	2782	VAL	8, 209	2784	nuc	nuc	1
LEU	8, 208	2783	VAL	8, 209	2784	nuc	nuc	1
ALA	8, 38	2613	GLY	8, 210	2785	nuc	nuc	0.99
SER	8, 39	2614	GLY	8, 210	2785	nuc	nuc	1
LEU	8, 40	2615	GLY	8, 210	2785	nuc	nuc	0.98
SER	8, 47	2622	GLY	8, 210	2785	nuc	nuc	0.89
ARG	8, 48	2623	GLY	8, 210	2785	nuc	nuc	1
ILE	8, 49	2624	GLY	8, 210	2785	nuc	nuc	1
GLY	8, 50	2625	GLY	8, 210	2785	nuc	nuc	1
LEU	8, 208	2783	GLY	8, 210	2785	nuc	nuc	1
VAL	8, 209	2784	GLY	8, 210	2785	nuc	nuc	1
SER	8, 39	2614	ILE	8, 211	2786	nuc	nuc	0.79
LEU	8, 40	2615	ILE	8, 211	2786	nuc	nuc	1
ASN	8, 42	2617	ILE	8, 211	2786	nuc	nuc	0.97
SER	8, 44	2619	ILE	8, 211	2786	nuc	nuc	0.84
SER	8, 47	2622	ILE	8, 211	2786	nuc	nuc	0.98
ARG	8, 48	2623	ILE	8, 211	2786	nuc	nuc	1
ILE	8, 49	2624	ILE	8, 211	2786	nuc	nuc	0.7
VAL	8, 209	2784	ILE	8, 211	2786	nuc	nuc	0.96
GLY	8, 210	2785	ILE	8, 211	2786	nuc	nuc	1
SER	8, 39	2614	GLY	8, 212	2787	nuc	nuc	0.81
LEU	8, 40	2615	GLY	8, 212	2787	nuc	nuc	0.98
GLU	8, 41	2616	GLY	8, 212	2787	nuc	nuc	0.99
ASN	8, 42	2617	GLY	8, 212	2787	nuc	nuc	0.99
PHE	8, 43	2618	GLY	8, 212	2787	nuc	nuc	0.81
SER	8, 44	2619	GLY	8, 212	2787	nuc	nuc	0.98
ALA	8, 46	2621	GLY	8, 212	2787	nuc	nuc	0.7
SER	8, 47	2622	GLY	8, 212	2787	nuc	nuc	1
ARG	8, 48	2623	GLY	8, 212	2787	nuc	nuc	0.94
ARG	8, 115	2690	GLY	8, 212	2787	nuc	nuc	0.95
GLY	8, 210	2785	GLY	8, 212	2787	nuc	nuc	1
ILE	8, 211	2786	GLY	8, 212	2787	nuc	nuc	1
SER	8, 39	2614	VAL	8, 213	2788	nuc	nuc	0.99
GLU	8, 41	2616	VAL	8, 213	2788	nuc	nuc	0.96
SER	8, 47	2622	VAL	8, 213	2788	nuc	nuc	1
ILE	8, 49	2624	VAL	8, 213	2788	nuc	nuc	0.98
ARG	8, 115	2690	VAL	8, 213	2788	nuc	nuc	0.57
VAL	8, 118	2693	VAL	8, 213	2788	nuc	nuc	0.98
GLY	8, 210	2785	VAL	8, 213	2788	nuc	nuc	1
ILE	8, 211	2786	VAL	8, 213	2788	nuc	nuc	0.98
GLY	8, 212	2787	VAL	8, 213	2788	nuc	nuc	1
ALA	6, 1	1689	LYS	8, 214	2789	nuc	nuc	0.79
SER	8, 39	2614	LYS	8, 214	2789	nuc	nuc	0.96
GLU	8, 41	2616	LYS	8, 214	2789	nuc	nuc	0.98
VAL	8, 213	2788	LYS	8, 214	2789	nuc	nuc	1
GLU	8, 27	2602	HIS	8, 215	2790	nuc	nuc	0.99
THR	8, 29	2604	HIS	8, 215	2790	nuc	nuc	0.89
ILE	8, 37	2612	HIS	8, 215	2790	nuc	nuc	0.88
SER	8, 39	2614	HIS	8, 215	2790	nuc	nuc	1
GLU	8, 41	2616	HIS	8, 215	2790	nuc	nuc	0.79
VAL	8, 213	2788	HIS	8, 215	2790	nuc	nuc	0.62
LYS	8, 214	2789	HIS	8, 215	2790	nuc	nuc	1
LYS	8, 214	2789	SER	8, 216	2791	nuc	nuc	1
HIS	8, 215	2790	SER	8, 216	2791	nuc	nuc	1
VAL	8, 118	2693	ASP	8, 217	2792	nuc	nuc	0.55
VAL	8, 213	2788	ASP	8, 217	2792	nuc	nuc	0.98
LYS	8, 214	2789	ASP	8, 217	2792	nuc	nuc	0.99
HIS	8, 215	2790	ASP	8, 217	2792	nuc	nuc	0.96
SER	8, 216	2791	ASP	8, 217	2792	nuc	nuc	1
ILE	8, 37	2612	LEU	8, 218	2793	nuc	nuc	0.99
SER	8, 39	2614	LEU	8, 218	2793	nuc	nuc	0.99
ILE	8, 49	2624	LEU	8, 218	2793	nuc	nuc	0.6
LEU	8, 208	2783	LEU	8, 218	2793	nuc	nuc	0.99
GLY	8, 210	2785	LEU	8, 218	2793	nuc	nuc	0.99
VAL	8, 213	2788	LEU	8, 218	2793	nuc	nuc	1
LYS	8, 214	2789	LEU	8, 218	2793	nuc	nuc	0.95
HIS	8, 215	2790	LEU	8, 218	2793	nuc	nuc	1
SER	8, 216	2791	LEU	8, 218	2793	nuc	nuc	0.97
ASP	8, 217	2792	LEU	8, 218	2793	nuc	nuc	1
THR	8, 29	2604	LYS	8, 219	2794	nuc	nuc	0.95
ILE	8, 37	2612	LYS	8, 219	2794	nuc	nuc	0.99
HIS	8, 215	2790	LYS	8, 219	2794	nuc	nuc	0.99
SER	8, 216	2791	LYS	8, 219	2794	nuc	nuc	0.99
ASP	8, 217	2792	LYS	8, 219	2794	nuc	nuc	0.98
LEU	8, 218	2793	LYS	8, 219	2794	nuc	nuc	1
SER	8, 216	2791	GLN	8, 220	2795	nuc	nuc	0.96
ASP	8, 217	2792	GLN	8, 220	2795	nuc	nuc	0.99
LEU	8, 218	2793	GLN	8, 220	2795	nuc	nuc	0.98
LYS	8, 219	2794	GLN	8, 220	2795	nuc	nuc	1
MET	8, 122	2697	VAL	8, 221	2796	nuc	nuc	0.99
LEU	8, 126	2701	VAL	8, 221	2796	nuc	nuc	0.88
ASP	8, 217	2792	VAL	8, 221	2796	nuc	nuc	0.98
LEU	8, 218	2793	VAL	8, 221	2796	nuc	nuc	1
LYS	8, 219	2794	VAL	8, 221	2796	nuc	nuc	0.95
GLN	8, 220	2795	VAL	8, 221	2796	nuc	nuc	1
LEU	8, 31	2606	ALA	8, 222	2797	nuc	nuc	0.93
LEU	8, 35	2610	ALA	8, 222	2797	nuc	nuc	0.97
ILE	8, 37	2612	ALA	8, 222	2797	nuc	nuc	0.99
LEU	8, 208	2783	ALA	8, 222	2797	nuc	nuc	0.99
LEU	8, 218	2793	ALA	8, 222	2797	nuc	nuc	0.99
LYS	8, 219	2794	ALA	8, 222	2797	nuc	nuc	0.99
GLN	8, 220	2795	ALA	8, 222	2797	nuc	nuc	0.97
VAL	8, 221	2796	ALA	8, 222	2797	nuc	nuc	1
LEU	8, 31	2606	GLU	8, 223	2798	nuc	nuc	0.91
LYS	8, 219	2794	GLU	8, 223	2798	nuc	nuc	0.98
GLN	8, 220	2795	GLU	8, 223	2798	nuc	nuc	0.99
VAL	8, 221	2796	GLU	8, 223	2798	nuc	nuc	0.93
ALA	8, 222	2797	GLU	8, 223	2798	nuc	nuc	1
GLN	8, 220	2795	GLN	8, 224	2799	nuc	nuc	0.97
VAL	8, 221	2796	GLN	8, 224	2799	nuc	nuc	0.98
ALA	8, 222	2797	GLN	8, 224	2799	nuc	nuc	0.9
GLU	8, 223	2798	GLN	8, 224	2799	nuc	nuc	1
LEU	8, 126	2701	PHE	8, 225	2800	nuc	nuc	0.99
THR	8, 130	2705	PHE	8, 225	2800	nuc	nuc	0.94
VAL	8, 221	2796	PHE	8, 225	2800	nuc	nuc	0.98
ALA	8, 222	2797	PHE	8, 225	2800	nuc	nuc	0.95
GLN	8, 224	2799	PHE	8, 225	2800	nuc	nuc	1
LEU	8, 35	2610	LEU	8, 226	2801	nuc	nuc	0.92
LEU	8, 126	2701	LEU	8, 226	2801	nuc	nuc	0.83
THR	8, 130	2705	LEU	8, 226	2801	nuc	nuc	0.94
SER	8, 203	2778	LEU	8, 226	2801	nuc	nuc	0.9
MET	8, 206	2781	LEU	8, 226	2801	nuc	nuc	0.86
LEU	8, 208	2783	LEU	8, 226	2801	nuc	nuc	0.86
VAL	8, 221	2796	LEU	8, 226	2801	nuc	nuc	0.74
ALA	8, 222	2797	LEU	8, 226	2801	nuc	nuc	0.97
GLU	8, 223	2798	LEU	8, 226	2801	nuc	nuc	0.72
PHE	8, 225	2800	LEU	8, 226	2801	nuc	nuc	1
ASN	8, 33	2608	ASN	8, 227	2802	nuc	nuc	0.88
SER	8, 203	2778	ASN	8, 227	2802	nuc	nuc	0.92
ALA	8, 222	2797	ASN	8, 227	2802	nuc	nuc	0.51
GLU	8, 223	2798	ASN	8, 227	2802	nuc	nuc	0.85
GLN	8, 224	2799	ASN	8, 227	2802	nuc	nuc	0.69
PHE	8, 225	2800	ASN	8, 227	2802	nuc	nuc	0.83
LEU	8, 226	2801	ASN	8, 227	2802	nuc	nuc	1
THR	8, 130	2705	ILE	8, 228	2803	nuc	nuc	0.85
PHE	8, 201	2776	ILE	8, 228	2803	nuc	nuc	0.7
THR	8, 202	2777	ILE	8, 228	2803	nuc	nuc	0.82
SER	8, 203	2778	ILE	8, 228	2803	nuc	nuc	0.92
LEU	8, 226	2801	ILE	8, 228	2803	nuc	nuc	0.93
ASN	8, 227	2802	ILE	8, 228	2803	nuc	nuc	1
GLN	8, 198	2773	ARG	8, 229	2804	nuc	nuc	0.57
THR	8, 202	2777	ARG	8, 229	2804	nuc	nuc	0.89
SER	8, 203	2778	ARG	8, 229	2804	nuc	nuc	0.89
ILE	8, 228	2803	ARG	8, 229	2804	nuc	nuc	1
ASN	8, 33	2608	SER	8, 230	2805	nuc	nuc	0.73
THR	8, 202	2777	SER	8, 230	2805	nuc	nuc	0.91
SER	8, 203	2778	SER	8, 230	2805	nuc	nuc	0.86
ALA	8, 204	2779	SER	8, 230	2805	nuc	nuc	0.75
ILE	8, 228	2803	SER	8, 230	2805	nuc	nuc	0.63
ARG	8, 229	2804	SER	8, 230	2805	nuc	nuc	1
THR	8, 202	2777	GLY	8, 231	2806	nuc	nuc	0.96
SER	8, 203	2778	GLY	8, 231	2806	nuc	nuc	0.64
ALA	8, 204	2779	GLY	8, 231	2806	nuc	nuc	0.93
ARG	8, 229	2804	GLY	8, 231	2806	nuc	nuc	0.93
SER	8, 230	2805	GLY	8, 231	2806	nuc	nuc	1
THR	8, 202	2777	ALA	8, 232	2807	nuc	nuc	0.86
ALA	8, 204	2779	ALA	8, 232	2807	nuc	nuc	0.88
ARG	8, 205	2780	ALA	8, 232	2807	nuc	nuc	0.65
GLY	8, 231	2806	ALA	8, 232	2807	nuc	nuc	1
ASN	8, 199	2774	GLY	8, 233	2808	nuc	nuc	0.89
ASN	8, 200	2775	GLY	8, 233	2808	nuc	nuc	0.76
THR	8, 202	2777	GLY	8, 233	2808	nuc	nuc	0.82
ALA	8, 204	2779	GLY	8, 233	2808	nuc	nuc	0.52
ARG	8, 205	2780	GLY	8, 233	2808	nuc	nuc	0.56
GLY	8, 231	2806	GLY	8, 233	2808	nuc	nuc	0.99
ALA	8, 232	2807	GLY	8, 233	2808	nuc	nuc	1
TYR	8, 59	2634	THR	8, 234	2809	nuc	nuc	0.69
ASN	8, 199	2774	THR	8, 234	2809	nuc	nuc	0.88
ASN	8, 200	2775	THR	8, 234	2809	nuc	nuc	0.76
GLY	8, 233	2808	THR	8, 234	2809	nuc	nuc	1
ALA	8, 232	2807	SER	8, 235	2810	nuc	nuc	0.59
GLY	8, 233	2808	SER	8, 235	2810	nuc	nuc	0.96
THR	8, 234	2809	SER	8, 235	2810	nuc	nuc	1
ARG	8, 58	2633	SER	8, 236	2811	nuc	nuc	0.79
TYR	8, 59	2634	SER	8, 236	2811	nuc	nuc	0.88
ALA	8, 173	2748	SER	8, 236	2811	nuc	nuc	0.85
THR	8, 234	2809	SER	8, 236	2811	nuc	nuc	0.72
SER	8, 235	2810	SER	8, 236	2811	nuc	nuc	1
THR	8, 172	2747	ALA	8, 237	2812	nuc	nuc	0.89
ALA	8, 173	2748	ALA	8, 237	2812	nuc	nuc	0.94
SER	8, 235	2810	ALA	8, 237	2812	nuc	nuc	0.65
SER	8, 236	2811	ALA	8, 237	2812	nuc	nuc	1
THR	8, 172	2747	LYS	8, 238	2813	nuc	nuc	0.66
ALA	8, 173	2748	LYS	8, 238	2813	nuc	nuc	0.89
SER	8, 236	2811	LYS	8, 238	2813	nuc	nuc	0.66
ALA	8, 237	2812	LYS	8, 238	2813	nuc	nuc	1
ARG	8, 58	2633	ALA	8, 239	2814	nuc	nuc	0.72
TYR	8, 170	2745	ALA	8, 239	2814	nuc	nuc	0.96
THR	8, 172	2747	ALA	8, 239	2814	nuc	nuc	0.89
ALA	8, 173	2748	ALA	8, 239	2814	nuc	nuc	0.97
LEU	8, 174	2749	ALA	8, 239	2814	nuc	nuc	0.95
ALA	8, 237	2812	ALA	8, 239	2814	nuc	nuc	0.81
LYS	8, 238	2813	ALA	8, 239	2814	nuc	nuc	1
TYR	8, 170	2745	THR	8, 240	2815	nuc	nuc	0.97
LYS	8, 171	2746	THR	8, 240	2815	nuc	nuc	0.98
THR	8, 172	2747	THR	8, 240	2815	nuc	nuc	0.94
LYS	8, 238	2813	THR	8, 240	2815	nuc	nuc	0.97
ALA	8, 239	2814	THR	8, 240	2815	nuc	nuc	1
ALA	8, 169	2744	TYR	8, 241	2816	nuc	nuc	0.99
TYR	8, 170	2745	TYR	8, 241	2816	nuc	nuc	0.99
LYS	8, 171	2746	TYR	8, 241	2816	nuc	nuc	0.6
ALA	8, 239	2814	TYR	8, 241	2816	nuc	nuc	0.94
THR	8, 240	2815	TYR	8, 241	2816	nuc	nuc	1
PHE	7, 437	2571	TRP	8, 242	2817	nuc	nuc	0.88
ASP	7, 439	2573	TRP	8, 242	2817	nuc	nuc	0.72
ALA	8, 169	2744	TRP	8, 242	2817	nuc	nuc	0.92
TYR	8, 170	2745	TRP	8, 242	2817	nuc	nuc	0.94
LYS	8, 171	2746	TRP	8, 242	2817	nuc	nuc	0.99
THR	8, 240	2815	TRP	8, 242	2817	nuc	nuc	0.97
TYR	8, 241	2816	TRP	8, 242	2817	nuc	nuc	1
ALA	8, 168	2743	GLY	8, 243	2818	nuc	nuc	0.98
ALA	8, 169	2744	GLY	8, 243	2818	nuc	nuc	0.98
TYR	8, 241	2816	GLY	8, 243	2818	nuc	nuc	0.99
TRP	8, 242	2817	GLY	8, 243	2818	nuc	nuc	1
ALA	8, 168	2743	GLY	8, 244	2819	nuc	nuc	1
ALA	8, 169	2744	GLY	8, 244	2819	nuc	nuc	0.9
TRP	8, 242	2817	GLY	8, 244	2819	nuc	nuc	0.99
GLY	8, 243	2818	GLY	8, 244	2819	nuc	nuc	1
ALA	8, 168	2743	GLU	8, 245	2820	nuc	nuc	0.99
GLY	8, 244	2819	GLU	8, 245	2820	nuc	nuc	1
ASN	8, 164	2739	ILE	8, 246	2821	nuc	nuc	1
LEU	8, 165	2740	ILE	8, 246	2821	nuc	nuc	0.8
ALA	8, 167	2742	ILE	8, 246	2821	nuc	nuc	0.99
ALA	8, 168	2743	ILE	8, 246	2821	nuc	nuc	1
GLY	8, 244	2819	ILE	8, 246	2821	nuc	nuc	0.97
GLU	8, 245	2820	ILE	8, 246	2821	nuc	nuc	1
GLU	8, 245	2820	ARG	8, 247	2822	nuc	nuc	1
ILE	8, 246	2821	ARG	8, 247	2822	nuc	nuc	1
GLY	8, 160	2735	GLU	8, 248	2823	nuc	nuc	0.68
VAL	8, 161	2736	GLU	8, 248	2823	nuc	nuc	0.51
ASN	8, 164	2739	GLU	8, 248	2823	nuc	nuc	0.99
ILE	8, 246	2821	GLU	8, 248	2823	nuc	nuc	0.99
ARG	8, 247	2822	GLU	8, 248	2823	nuc	nuc	1
THR	7, 62	2196	GLN	8, 249	2824	nuc	nuc	0.78
LEU	7, 65	2199	GLN	8, 249	2824	nuc	nuc	0.58
PRO	7, 181	2315	GLN	8, 249	2824	nuc	nuc	0.91
ARG	8, 247	2822	GLN	8, 249	2824	nuc	nuc	0.99
GLU	8, 248	2823	GLN	8, 249	2824	nuc	nuc	1
TYR	7, 183	2317	ASN	8, 250	2825	nuc	nuc	0.99
GLU	8, 248	2823	ASN	8, 250	2825	nuc	nuc	1
GLN	8, 249	2824	ASN	8, 250	2825	nuc	nuc	1
TYR	7, 183	2317	GLY	8, 251	2826	nuc	nuc	0.97
GLN	8, 249	2824	GLY	8, 251	2826	nuc	nuc	0.98
ASN	8, 250	2825	GLY	8, 251	2826	nuc	nuc	1
PRO	8, 157	2732	HIS	8, 252	2827	nuc	nuc	0.92
ASN	8, 250	2825	HIS	8, 252	2827	nuc	nuc	1
GLY	8, 251	2826	HIS	8, 252	2827	nuc	nuc	1
GLY	8, 251	2826	SER	8, 253	2828	nuc	nuc	0.94
HIS	8, 252	2827	SER	8, 253	2828	nuc	nuc	1
PRO	8, 157	2732	LEU	8, 254	2829	nuc	nuc	0.73
HIS	8, 252	2827	LEU	8, 254	2829	nuc	nuc	1
SER	8, 253	2828	LEU	8, 254	2829	nuc	nuc	1
HIS	8, 252	2827	VAL	8, 255	2830	nuc	nuc	0.77
LEU	8, 254	2829	VAL	8, 255	2830	nuc	nuc	1
PRO	8, 157	2732	HIS	8, 256	2831	nuc	nuc	1
GLN	8, 158	2733	HIS	8, 256	2831	nuc	nuc	0.98
VAL	8, 161	2736	HIS	8, 256	2831	nuc	nuc	1
LEU	8, 254	2829	HIS	8, 256	2831	nuc	nuc	0.99
VAL	8, 255	2830	HIS	8, 256	2831	nuc	nuc	1
VAL	8, 161	2736	ALA	8, 257	2832	nuc	nuc	0.87
VAL	8, 255	2830	ALA	8, 257	2832	nuc	nuc	1
HIS	8, 256	2831	ALA	8, 257	2832	nuc	nuc	1
VAL	8, 161	2736	ALA	8, 258	2833	nuc	nuc	1
LEU	8, 162	2737	ALA	8, 258	2833	nuc	nuc	0.94
LEU	8, 165	2740	ALA	8, 258	2833	nuc	nuc	1
HIS	8, 256	2831	ALA	8, 258	2833	nuc	nuc	0.97
ALA	8, 257	2832	ALA	8, 258	2833	nuc	nuc	1
ALA	8, 257	2832	VAL	8, 259	2834	nuc	nuc	1
ALA	8, 258	2833	VAL	8, 259	2834	nuc	nuc	1
LEU	8, 165	2740	VAL	8, 260	2835	nuc	nuc	0.99
ALA	8, 169	2744	VAL	8, 260	2835	nuc	nuc	0.98
ALA	8, 258	2833	VAL	8, 260	2835	nuc	nuc	1
VAL	8, 259	2834	VAL	8, 260	2835	nuc	nuc	1
VAL	8, 260	2835	THR	8, 261	2836	nuc	nuc	1
ALA	8, 169	2744	GLU	8, 262	2837	nuc	nuc	0.63
TYR	8, 241	2816	GLU	8, 262	2837	nuc	nuc	0.99
THR	8, 261	2836	GLU	8, 262	2837	nuc	nuc	1
THR	8, 261	2836	GLY	8, 263	2838	nuc	nuc	1
GLU	8, 262	2837	GLY	8, 263	2838	nuc	nuc	1
GLY	8, 263	2838	ALA	8, 264	2839	nuc	nuc	1
ALA	8, 264	2839	ALA	8, 265	2840	nuc	nuc	1
ALA	8, 265	2840	VAL	8, 266	2841	nuc	nuc	1
ALA	8, 265	2840	GLY	8, 267	2842	nuc	nuc	1
VAL	8, 266	2841	GLY	8, 267	2842	nuc	nuc	1
ALA	8, 264	2839	SER	8, 268	2843	nuc	nuc	0.97
ALA	8, 265	2840	SER	8, 268	2843	nuc	nuc	0.97
VAL	8, 266	2841	SER	8, 268	2843	nuc	nuc	0.94
GLY	8, 267	2842	SER	8, 268	2843	nuc	nuc	1
SER	8, 268	2843	ALA	8, 269	2844	nuc	nuc	1
GLY	8, 263	2838	GLU	8, 270	2845	nuc	nuc	0.68
ALA	8, 264	2839	GLU	8, 270	2845	nuc	nuc	0.99
SER	8, 268	2843	GLU	8, 270	2845	nuc	nuc	1
ALA	8, 269	2844	GLU	8, 270	2845	nuc	nuc	1
ALA	8, 264	2839	ALA	8, 271	2846	nuc	nuc	0.99
ALA	8, 265	2840	ALA	8, 271	2846	nuc	nuc	0.97
VAL	8, 266	2841	ALA	8, 271	2846	nuc	nuc	0.98
GLY	8, 267	2842	ALA	8, 271	2846	nuc	nuc	0.99
SER	8, 268	2843	ALA	8, 271	2846	nuc	nuc	0.99
ALA	8, 269	2844	ALA	8, 271	2846	nuc	nuc	0.98
GLU	8, 270	2845	ALA	8, 271	2846	nuc	nuc	1
SER	8, 268	2843	ASN	8, 272	2847	nuc	nuc	0.71
ALA	8, 269	2844	ASN	8, 272	2847	nuc	nuc	0.98
GLU	8, 270	2845	ASN	8, 272	2847	nuc	nuc	0.97
ALA	8, 271	2846	ASN	8, 272	2847	nuc	nuc	1
ALA	8, 264	2839	ALA	8, 273	2848	nuc	nuc	0.71
ALA	8, 269	2844	ALA	8, 273	2848	nuc	nuc	0.95
GLU	8, 270	2845	ALA	8, 273	2848	nuc	nuc	1
ALA	8, 271	2846	ALA	8, 273	2848	nuc	nuc	0.99
ASN	8, 272	2847	ALA	8, 273	2848	nuc	nuc	1
GLY	8, 263	2838	PHE	8, 274	2849	nuc	nuc	0.98
ALA	8, 264	2839	PHE	8, 274	2849	nuc	nuc	0.98
GLU	8, 270	2845	PHE	8, 274	2849	nuc	nuc	0.99
ALA	8, 271	2846	PHE	8, 274	2849	nuc	nuc	1
ASN	8, 272	2847	PHE	8, 274	2849	nuc	nuc	0.99
ALA	8, 273	2848	PHE	8, 274	2849	nuc	nuc	1
ALA	8, 271	2846	SER	8, 275	2850	nuc	nuc	0.99
ASN	8, 272	2847	SER	8, 275	2850	nuc	nuc	1
ALA	8, 273	2848	SER	8, 275	2850	nuc	nuc	0.99
PHE	8, 274	2849	SER	8, 275	2850	nuc	nuc	1
ASN	8, 272	2847	VAL	8, 276	2851	nuc	nuc	0.99
ALA	8, 273	2848	VAL	8, 276	2851	nuc	nuc	1
PHE	8, 274	2849	VAL	8, 276	2851	nuc	nuc	0.98
SER	8, 275	2850	VAL	8, 276	2851	nuc	nuc	1
ALA	8, 273	2848	LEU	8, 277	2852	nuc	nuc	0.99
PHE	8, 274	2849	LEU	8, 277	2852	nuc	nuc	1
SER	8, 275	2850	LEU	8, 277	2852	nuc	nuc	1
VAL	8, 276	2851	LEU	8, 277	2852	nuc	nuc	1
PHE	8, 274	2849	GLN	8, 278	2853	nuc	nuc	0.99
SER	8, 275	2850	GLN	8, 278	2853	nuc	nuc	1
VAL	8, 276	2851	GLN	8, 278	2853	nuc	nuc	1
LEU	8, 277	2852	GLN	8, 278	2853	nuc	nuc	1
SER	8, 275	2850	HIS	8, 279	2854	nuc	nuc	0.96
VAL	8, 276	2851	HIS	8, 279	2854	nuc	nuc	1
LEU	8, 277	2852	HIS	8, 279	2854	nuc	nuc	0.97
GLN	8, 278	2853	HIS	8, 279	2854	nuc	nuc	1
VAL	8, 276	2851	VAL	8, 280	2855	nuc	nuc	0.99
LEU	8, 277	2852	VAL	8, 280	2855	nuc	nuc	1
GLN	8, 278	2853	VAL	8, 280	2855	nuc	nuc	0.99
HIS	8, 279	2854	VAL	8, 280	2855	nuc	nuc	1
LEU	8, 277	2852	LEU	8, 281	2856	nuc	nuc	0.99
GLN	8, 278	2853	LEU	8, 281	2856	nuc	nuc	0.99
HIS	8, 279	2854	LEU	8, 281	2856	nuc	nuc	0.96
VAL	8, 280	2855	LEU	8, 281	2856	nuc	nuc	1
GLN	8, 278	2853	GLY	8, 282	2857	nuc	nuc	0.99
HIS	8, 279	2854	GLY	8, 282	2857	nuc	nuc	0.99
VAL	8, 280	2855	GLY	8, 282	2857	nuc	nuc	0.99
LEU	8, 281	2856	GLY	8, 282	2857	nuc	nuc	1
GLN	8, 278	2853	ALA	8, 283	2858	nuc	nuc	0.95
HIS	8, 279	2854	ALA	8, 283	2858	nuc	nuc	0.96
LEU	8, 281	2856	ALA	8, 283	2858	nuc	nuc	0.52
GLY	8, 282	2857	ALA	8, 283	2858	nuc	nuc	1
GLY	8, 282	2857	GLY	8, 284	2859	nuc	nuc	1
ALA	8, 283	2858	GLY	8, 284	2859	nuc	nuc	1
GLY	8, 284	2859	PRO	8, 285	2860	nuc	nuc	1
VAL	6, 79	1767	LEU	8, 286	2861	nuc	nuc	0.92
GLU	6, 80	1768	LEU	8, 286	2861	nuc	nuc	0.99
GLY	6, 83	1771	LEU	8, 286	2861	nuc	nuc	0.96
ALA	6, 84	1772	LEU	8, 286	2861	nuc	nuc	0.94
HIS	6, 85	1773	LEU	8, 286	2861	nuc	nuc	0.99
PHE	6, 86	1774	LEU	8, 286	2861	nuc	nuc	0.92
GLY	8, 284	2859	LEU	8, 286	2861	nuc	nuc	0.99
PRO	8, 285	2860	LEU	8, 286	2861	nuc	nuc	1
PHE	6, 64	1752	ILE	8, 287	2862	nuc	nuc	0.97
GLU	6, 76	1764	ILE	8, 287	2862	nuc	nuc	0.98
VAL	6, 79	1767	ILE	8, 287	2862	nuc	nuc	0.98
GLU	6, 80	1768	ILE	8, 287	2862	nuc	nuc	0.94
HIS	6, 85	1773	ILE	8, 287	2862	nuc	nuc	0.82
PHE	6, 86	1774	ILE	8, 287	2862	nuc	nuc	0.99
PRO	8, 285	2860	ILE	8, 287	2862	nuc	nuc	0.99
LEU	8, 286	2861	ILE	8, 287	2862	nuc	nuc	1
PHE	6, 64	1752	LYS	8, 288	2863	nuc	nuc	0.94
PHE	6, 86	1774	LYS	8, 288	2863	nuc	nuc	0.97
ASN	6, 87	1775	LYS	8, 288	2863	nuc	nuc	0.99
GLY	6, 88	1776	LYS	8, 288	2863	nuc	nuc	0.98
PRO	8, 285	2860	LYS	8, 288	2863	nuc	nuc	0.75
ILE	8, 287	2862	LYS	8, 288	2863	nuc	nuc	1
HIS	6, 61	1749	ARG	8, 289	2864	nuc	nuc	0.96
PHE	6, 64	1752	ARG	8, 289	2864	nuc	nuc	0.96
VAL	6, 133	1821	ARG	8, 289	2864	nuc	nuc	0.59
ILE	8, 287	2862	ARG	8, 289	2864	nuc	nuc	0.98
LYS	8, 288	2863	ARG	8, 289	2864	nuc	nuc	1
PHE	6, 64	1752	GLY	8, 290	2865	nuc	nuc	0.96
GLU	6, 76	1764	GLY	8, 290	2865	nuc	nuc	0.96
PRO	8, 285	2860	GLY	8, 290	2865	nuc	nuc	0.94
ILE	8, 287	2862	GLY	8, 290	2865	nuc	nuc	1
LYS	8, 288	2863	GLY	8, 290	2865	nuc	nuc	0.99
ARG	8, 289	2864	GLY	8, 290	2865	nuc	nuc	1
CYS	6, 72	1760	SER	8, 291	2866	nuc	nuc	0.53
ALA	6, 73	1761	SER	8, 291	2866	nuc	nuc	0.55
GLU	6, 76	1764	SER	8, 291	2866	nuc	nuc	0.94
GLY	8, 290	2865	SER	8, 291	2866	nuc	nuc	1
GLU	6, 80	1768	SER	8, 292	2867	nuc	nuc	0.74
GLY	8, 282	2857	SER	8, 292	2867	nuc	nuc	0.79
GLY	8, 284	2859	SER	8, 292	2867	nuc	nuc	0.88
PRO	8, 285	2860	SER	8, 292	2867	nuc	nuc	0.96
LEU	8, 286	2861	SER	8, 292	2867	nuc	nuc	0.69
ILE	8, 287	2862	SER	8, 292	2867	nuc	nuc	0.53
GLY	8, 290	2865	SER	8, 292	2867	nuc	nuc	0.99
SER	8, 291	2866	SER	8, 292	2867	nuc	nuc	1
ALA	6, 73	1761	VAL	8, 293	2868	nuc	nuc	0.97
GLU	6, 76	1764	VAL	8, 293	2868	nuc	nuc	0.98
LYS	6, 77	1765	VAL	8, 293	2868	nuc	nuc	0.97
GLU	6, 80	1768	VAL	8, 293	2868	nuc	nuc	0.94
SER	8, 291	2866	VAL	8, 293	2868	nuc	nuc	0.99
SER	8, 292	2867	VAL	8, 293	2868	nuc	nuc	1
GLU	6, 76	1764	THR	8, 294	2869	nuc	nuc	0.56
LYS	6, 77	1765	THR	8, 294	2869	nuc	nuc	0.95
GLU	6, 80	1768	THR	8, 294	2869	nuc	nuc	0.99
SER	6, 81	1769	THR	8, 294	2869	nuc	nuc	0.92
GLY	8, 282	2857	THR	8, 294	2869	nuc	nuc	0.64
SER	8, 292	2867	THR	8, 294	2869	nuc	nuc	0.99
VAL	8, 293	2868	THR	8, 294	2869	nuc	nuc	1
LEU	8, 281	2856	SER	8, 295	2870	nuc	nuc	0.97
GLY	8, 282	2857	SER	8, 295	2870	nuc	nuc	0.99
ALA	8, 283	2858	SER	8, 295	2870	nuc	nuc	0.58
GLY	8, 284	2859	SER	8, 295	2870	nuc	nuc	0.86
SER	8, 292	2867	SER	8, 295	2870	nuc	nuc	0.99
VAL	8, 293	2868	SER	8, 295	2870	nuc	nuc	0.94
THR	8, 294	2869	SER	8, 295	2870	nuc	nuc	1
VAL	8, 280	2855	LYS	8, 296	2871	nuc	nuc	0.97
LEU	8, 281	2856	LYS	8, 296	2871	nuc	nuc	0.99
GLY	8, 282	2857	LYS	8, 296	2871	nuc	nuc	0.93
SER	8, 295	2870	LYS	8, 296	2871	nuc	nuc	1
LEU	8, 281	2856	LEU	8, 297	2872	nuc	nuc	1
GLY	8, 282	2857	LEU	8, 297	2872	nuc	nuc	0.99
SER	8, 295	2870	LEU	8, 297	2872	nuc	nuc	1
LYS	8, 296	2871	LEU	8, 297	2872	nuc	nuc	1
GLY	8, 282	2857	TYR	8, 298	2873	nuc	nuc	0.92
SER	8, 291	2866	TYR	8, 298	2873	nuc	nuc	0.66
SER	8, 292	2867	TYR	8, 298	2873	nuc	nuc	0.99
SER	8, 295	2870	TYR	8, 298	2873	nuc	nuc	1
LYS	8, 296	2871	TYR	8, 298	2873	nuc	nuc	0.93
LEU	8, 297	2872	TYR	8, 298	2873	nuc	nuc	1
SER	8, 292	2867	GLN	8, 299	2874	nuc	nuc	0.81
VAL	8, 293	2868	GLN	8, 299	2874	nuc	nuc	0.95
SER	8, 295	2870	GLN	8, 299	2874	nuc	nuc	0.98
LYS	8, 296	2871	GLN	8, 299	2874	nuc	nuc	0.99
LEU	8, 297	2872	GLN	8, 299	2874	nuc	nuc	0.95
TYR	8, 298	2873	GLN	8, 299	2874	nuc	nuc	1
LYS	8, 296	2871	GLY	8, 300	2875	nuc	nuc	0.98
LEU	8, 297	2872	GLY	8, 300	2875	nuc	nuc	0.99
TYR	8, 298	2873	GLY	8, 300	2875	nuc	nuc	1
GLN	8, 299	2874	GLY	8, 300	2875	nuc	nuc	1
LEU	8, 297	2872	VAL	8, 301	2876	nuc	nuc	0.99
TYR	8, 298	2873	VAL	8, 301	2876	nuc	nuc	0.99
GLN	8, 299	2874	VAL	8, 301	2876	nuc	nuc	0.93
GLY	8, 300	2875	VAL	8, 301	2876	nuc	nuc	1
SER	8, 291	2866	ALA	8, 302	2877	nuc	nuc	0.58
TYR	8, 298	2873	ALA	8, 302	2877	nuc	nuc	0.99
GLN	8, 299	2874	ALA	8, 302	2877	nuc	nuc	1
GLY	8, 300	2875	ALA	8, 302	2877	nuc	nuc	1
VAL	8, 301	2876	ALA	8, 302	2877	nuc	nuc	1
GLN	8, 299	2874	LYS	8, 303	2878	nuc	nuc	0.95
GLY	8, 300	2875	LYS	8, 303	2878	nuc	nuc	0.99
VAL	8, 301	2876	LYS	8, 303	2878	nuc	nuc	0.97
ALA	8, 302	2877	LYS	8, 303	2878	nuc	nuc	1
GLY	8, 300	2875	ALA	8, 304	2879	nuc	nuc	0.94
VAL	8, 301	2876	ALA	8, 304	2879	nuc	nuc	0.98
ALA	8, 302	2877	ALA	8, 304	2879	nuc	nuc	0.95
LYS	8, 303	2878	ALA	8, 304	2879	nuc	nuc	1
VAL	8, 301	2876	THR	8, 305	2880	nuc	nuc	0.95
ALA	8, 302	2877	THR	8, 305	2880	nuc	nuc	0.87
ALA	8, 304	2879	THR	8, 305	2880	nuc	nuc	1
THR	8, 305	2880	THR	8, 306	2881	nuc	nuc	1
THR	8, 305	2880	GLN	8, 307	2882	nuc	nuc	0.98
THR	8, 306	2881	GLN	8, 307	2882	nuc	nuc	1
GLN	8, 307	2882	PRO	8, 308	2883	nuc	nuc	1
VAL	8, 301	2876	PHE	8, 309	2884	nuc	nuc	0.98
THR	8, 305	2880	PHE	8, 309	2884	nuc	nuc	0.96
GLN	8, 307	2882	PHE	8, 309	2884	nuc	nuc	0.99
PRO	8, 308	2883	PHE	8, 309	2884	nuc	nuc	1
PHE	8, 309	2884	ASP	8, 310	2885	nuc	nuc	1
LEU	8, 297	2872	ALA	8, 311	2886	nuc	nuc	1
TYR	8, 298	2873	ALA	8, 311	2886	nuc	nuc	0.99
VAL	8, 301	2876	ALA	8, 311	2886	nuc	nuc	0.99
PHE	8, 309	2884	ALA	8, 311	2886	nuc	nuc	0.99
ASP	8, 310	2885	ALA	8, 311	2886	nuc	nuc	1
GLY	8, 282	2857	SER	8, 312	2887	nuc	nuc	0.99
ALA	8, 283	2858	SER	8, 312	2887	nuc	nuc	0.97
GLY	8, 284	2859	SER	8, 312	2887	nuc	nuc	1
LEU	8, 297	2872	SER	8, 312	2887	nuc	nuc	0.93
ASP	8, 310	2885	SER	8, 312	2887	nuc	nuc	0.99
ALA	8, 311	2886	SER	8, 312	2887	nuc	nuc	1
LEU	8, 277	2852	ALA	8, 313	2888	nuc	nuc	0.86
GLN	8, 278	2853	ALA	8, 313	2888	nuc	nuc	1
LEU	8, 281	2856	ALA	8, 313	2888	nuc	nuc	1
GLY	8, 282	2857	ALA	8, 313	2888	nuc	nuc	1
ALA	8, 283	2858	ALA	8, 313	2888	nuc	nuc	0.95
LEU	8, 297	2872	ALA	8, 313	2888	nuc	nuc	0.98
SER	8, 312	2887	ALA	8, 313	2888	nuc	nuc	1
ALA	8, 258	2833	PHE	8, 314	2889	nuc	nuc	0.99
VAL	8, 260	2835	PHE	8, 314	2889	nuc	nuc	0.99
GLN	8, 278	2853	PHE	8, 314	2889	nuc	nuc	0.63
SER	8, 312	2887	PHE	8, 314	2889	nuc	nuc	0.99
ALA	8, 313	2888	PHE	8, 314	2889	nuc	nuc	1
PHE	8, 274	2849	ASN	8, 315	2890	nuc	nuc	0.99
SER	8, 275	2850	ASN	8, 315	2890	nuc	nuc	0.99
LEU	8, 277	2852	ASN	8, 315	2890	nuc	nuc	0.51
GLN	8, 278	2853	ASN	8, 315	2890	nuc	nuc	1
ALA	8, 313	2888	ASN	8, 315	2890	nuc	nuc	1
PHE	8, 314	2889	ASN	8, 315	2890	nuc	nuc	1
PHE	8, 314	2889	VAL	8, 316	2891	nuc	nuc	1
ASN	8, 315	2890	VAL	8, 316	2891	nuc	nuc	1
GLY	8, 263	2838	ASN	8, 317	2892	nuc	nuc	0.72
ALA	8, 264	2839	ASN	8, 317	2892	nuc	nuc	0.96
ALA	8, 265	2840	ASN	8, 317	2892	nuc	nuc	0.98
VAL	8, 266	2841	ASN	8, 317	2892	nuc	nuc	0.99
GLY	8, 267	2842	ASN	8, 317	2892	nuc	nuc	0.82
ALA	8, 271	2846	ASN	8, 317	2892	nuc	nuc	0.99
PHE	8, 274	2849	ASN	8, 317	2892	nuc	nuc	0.76
ASN	8, 315	2890	ASN	8, 317	2892	nuc	nuc	0.99
VAL	8, 316	2891	ASN	8, 317	2892	nuc	nuc	1
ARG	8, 104	2679	TYR	8, 318	2893	nuc	nuc	0.93
GLU	8, 105	2680	TYR	8, 318	2893	nuc	nuc	0.99
LEU	8, 174	2749	TYR	8, 318	2893	nuc	nuc	0.97
ALA	8, 239	2814	TYR	8, 318	2893	nuc	nuc	0.77
ALA	8, 265	2840	TYR	8, 318	2893	nuc	nuc	0.96
VAL	8, 266	2841	TYR	8, 318	2893	nuc	nuc	0.97
VAL	8, 316	2891	TYR	8, 318	2893	nuc	nuc	1
ASN	8, 317	2892	TYR	8, 318	2893	nuc	nuc	1
GLU	8, 105	2680	SER	8, 319	2894	nuc	nuc	0.98
ALA	8, 265	2840	SER	8, 319	2894	nuc	nuc	0.98
VAL	8, 266	2841	SER	8, 319	2894	nuc	nuc	0.98
TYR	8, 318	2893	SER	8, 319	2894	nuc	nuc	1
LYS	8, 238	2813	ASP	8, 320	2895	nuc	nuc	0.9
ALA	8, 239	2814	ASP	8, 320	2895	nuc	nuc	0.97
ALA	8, 265	2840	ASP	8, 320	2895	nuc	nuc	0.98
TYR	8, 318	2893	ASP	8, 320	2895	nuc	nuc	0.99
SER	8, 319	2894	ASP	8, 320	2895	nuc	nuc	1
TYR	8, 170	2745	SER	8, 321	2896	nuc	nuc	0.67
LEU	8, 174	2749	SER	8, 321	2896	nuc	nuc	0.88
ALA	8, 239	2814	SER	8, 321	2896	nuc	nuc	0.98
TYR	8, 241	2816	SER	8, 321	2896	nuc	nuc	0.97
GLU	8, 262	2837	SER	8, 321	2896	nuc	nuc	0.97
GLY	8, 263	2838	SER	8, 321	2896	nuc	nuc	0.95
ALA	8, 265	2840	SER	8, 321	2896	nuc	nuc	0.98
TYR	8, 318	2893	SER	8, 321	2896	nuc	nuc	0.99
ASP	8, 320	2895	SER	8, 321	2896	nuc	nuc	1
GLU	8, 262	2837	GLY	8, 322	2897	nuc	nuc	0.99
GLY	8, 263	2838	GLY	8, 322	2897	nuc	nuc	1
ALA	8, 264	2839	GLY	8, 322	2897	nuc	nuc	0.99
ALA	8, 265	2840	GLY	8, 322	2897	nuc	nuc	0.99
VAL	8, 316	2891	GLY	8, 322	2897	nuc	nuc	1
ASN	8, 317	2892	GLY	8, 322	2897	nuc	nuc	1
TYR	8, 318	2893	GLY	8, 322	2897	nuc	nuc	1
SER	8, 321	2896	GLY	8, 322	2897	nuc	nuc	1
LEU	8, 165	2740	LEU	8, 323	2898	nuc	nuc	0.8
HIS	8, 166	2741	LEU	8, 323	2898	nuc	nuc	0.51
ALA	8, 169	2744	LEU	8, 323	2898	nuc	nuc	0.99
VAL	8, 260	2835	LEU	8, 323	2898	nuc	nuc	1
THR	8, 261	2836	LEU	8, 323	2898	nuc	nuc	0.95
GLU	8, 262	2837	LEU	8, 323	2898	nuc	nuc	0.98
GLY	8, 263	2838	LEU	8, 323	2898	nuc	nuc	0.99
PHE	8, 314	2889	LEU	8, 323	2898	nuc	nuc	0.96
ASN	8, 315	2890	LEU	8, 323	2898	nuc	nuc	0.9
VAL	8, 316	2891	LEU	8, 323	2898	nuc	nuc	1
SER	8, 321	2896	LEU	8, 323	2898	nuc	nuc	0.81
GLY	8, 322	2897	LEU	8, 323	2898	nuc	nuc	1
VAL	8, 260	2835	PHE	8, 324	2899	nuc	nuc	0.99
THR	8, 261	2836	PHE	8, 324	2899	nuc	nuc	0.99
GLU	8, 262	2837	PHE	8, 324	2899	nuc	nuc	0.64
GLY	8, 263	2838	PHE	8, 324	2899	nuc	nuc	1
ALA	8, 264	2839	PHE	8, 324	2899	nuc	nuc	0.72
PHE	8, 274	2849	PHE	8, 324	2899	nuc	nuc	1
LEU	8, 277	2852	PHE	8, 324	2899	nuc	nuc	0.75
GLN	8, 278	2853	PHE	8, 324	2899	nuc	nuc	0.77
ALA	8, 313	2888	PHE	8, 324	2899	nuc	nuc	0.53
PHE	8, 314	2889	PHE	8, 324	2899	nuc	nuc	0.99
ASN	8, 315	2890	PHE	8, 324	2899	nuc	nuc	1
VAL	8, 316	2891	PHE	8, 324	2899	nuc	nuc	0.64
GLY	8, 322	2897	PHE	8, 324	2899	nuc	nuc	0.99
LEU	8, 323	2898	PHE	8, 324	2899	nuc	nuc	1
ALA	8, 258	2833	GLY	8, 325	2900	nuc	nuc	0.84
VAL	8, 259	2834	GLY	8, 325	2900	nuc	nuc	1
VAL	8, 260	2835	GLY	8, 325	2900	nuc	nuc	1
THR	8, 261	2836	GLY	8, 325	2900	nuc	nuc	1
ALA	8, 313	2888	GLY	8, 325	2900	nuc	nuc	1
PHE	8, 314	2889	GLY	8, 325	2900	nuc	nuc	1
ASN	8, 315	2890	GLY	8, 325	2900	nuc	nuc	0.96
LEU	8, 323	2898	GLY	8, 325	2900	nuc	nuc	1
PHE	8, 324	2899	GLY	8, 325	2900	nuc	nuc	1
ALA	8, 258	2833	PHE	8, 326	2901	nuc	nuc	0.95
VAL	8, 259	2834	PHE	8, 326	2901	nuc	nuc	1
VAL	8, 260	2835	PHE	8, 326	2901	nuc	nuc	0.66
LEU	8, 281	2856	PHE	8, 326	2901	nuc	nuc	0.92
LEU	8, 297	2872	PHE	8, 326	2901	nuc	nuc	0.98
ALA	8, 311	2886	PHE	8, 326	2901	nuc	nuc	0.99
SER	8, 312	2887	PHE	8, 326	2901	nuc	nuc	0.98
ALA	8, 313	2888	PHE	8, 326	2901	nuc	nuc	1
PHE	8, 314	2889	PHE	8, 326	2901	nuc	nuc	1
GLY	8, 325	2900	PHE	8, 326	2901	nuc	nuc	1
HIS	8, 256	2831	TYR	8, 327	2902	nuc	nuc	0.84
ALA	8, 257	2832	TYR	8, 327	2902	nuc	nuc	0.96
ALA	8, 258	2833	TYR	8, 327	2902	nuc	nuc	1
ALA	8, 311	2886	TYR	8, 327	2902	nuc	nuc	0.97
SER	8, 312	2887	TYR	8, 327	2902	nuc	nuc	1
ALA	8, 313	2888	TYR	8, 327	2902	nuc	nuc	0.8
PHE	8, 314	2889	TYR	8, 327	2902	nuc	nuc	1
GLY	8, 325	2900	TYR	8, 327	2902	nuc	nuc	0.91
PHE	8, 326	2901	TYR	8, 327	2902	nuc	nuc	1
HIS	8, 256	2831	THR	8, 328	2903	nuc	nuc	0.89
ALA	8, 257	2832	THR	8, 328	2903	nuc	nuc	1
ALA	8, 258	2833	THR	8, 328	2903	nuc	nuc	0.82
VAL	8, 301	2876	THR	8, 328	2903	nuc	nuc	0.71
PHE	8, 309	2884	THR	8, 328	2903	nuc	nuc	0.94
ASP	8, 310	2885	THR	8, 328	2903	nuc	nuc	0.95
ALA	8, 311	2886	THR	8, 328	2903	nuc	nuc	1
PHE	8, 326	2901	THR	8, 328	2903	nuc	nuc	1
TYR	8, 327	2902	THR	8, 328	2903	nuc	nuc	1
LEU	8, 254	2829	ILE	8, 329	2904	nuc	nuc	0.99
VAL	8, 255	2830	ILE	8, 329	2904	nuc	nuc	0.97
HIS	8, 256	2831	ILE	8, 329	2904	nuc	nuc	1
PHE	8, 309	2884	ILE	8, 329	2904	nuc	nuc	0.99
ASP	8, 310	2885	ILE	8, 329	2904	nuc	nuc	1
ALA	8, 311	2886	ILE	8, 329	2904	nuc	nuc	0.91
TYR	8, 327	2902	ILE	8, 329	2904	nuc	nuc	0.93
THR	8, 328	2903	ILE	8, 329	2904	nuc	nuc	1
LEU	8, 254	2829	SER	8, 330	2905	nuc	nuc	0.96
VAL	8, 255	2830	SER	8, 330	2905	nuc	nuc	1
ALA	8, 257	2832	SER	8, 330	2905	nuc	nuc	0.78
THR	8, 305	2880	SER	8, 330	2905	nuc	nuc	0.57
GLN	8, 307	2882	SER	8, 330	2905	nuc	nuc	0.71
PHE	8, 309	2884	SER	8, 330	2905	nuc	nuc	1
THR	8, 328	2903	SER	8, 330	2905	nuc	nuc	1
ILE	8, 329	2904	SER	8, 330	2905	nuc	nuc	1
SER	8, 253	2828	GLN	8, 331	2906	nuc	nuc	0.96
LEU	8, 254	2829	GLN	8, 331	2906	nuc	nuc	0.99
VAL	8, 255	2830	GLN	8, 331	2906	nuc	nuc	0.96
GLN	8, 307	2882	GLN	8, 331	2906	nuc	nuc	0.97
PRO	8, 308	2883	GLN	8, 331	2906	nuc	nuc	0.96
PHE	8, 309	2884	GLN	8, 331	2906	nuc	nuc	0.91
SER	8, 330	2905	GLN	8, 331	2906	nuc	nuc	1
GLY	8, 251	2826	ALA	8, 332	2907	nuc	nuc	0.56
HIS	8, 252	2827	ALA	8, 332	2907	nuc	nuc	0.52
SER	8, 253	2828	ALA	8, 332	2907	nuc	nuc	0.98
LEU	8, 254	2829	ALA	8, 332	2907	nuc	nuc	0.92
VAL	8, 255	2830	ALA	8, 332	2907	nuc	nuc	0.99
SER	8, 330	2905	ALA	8, 332	2907	nuc	nuc	0.7
GLN	8, 331	2906	ALA	8, 332	2907	nuc	nuc	1
GLN	8, 331	2906	ALA	8, 333	2908	nuc	nuc	0.99
ALA	8, 332	2907	ALA	8, 333	2908	nuc	nuc	1
THR	8, 305	2880	HIS	8, 334	2909	nuc	nuc	0.97
GLN	8, 307	2882	HIS	8, 334	2909	nuc	nuc	0.96
PHE	8, 309	2884	HIS	8, 334	2909	nuc	nuc	0.68
SER	8, 330	2905	HIS	8, 334	2909	nuc	nuc	0.99
GLN	8, 331	2906	HIS	8, 334	2909	nuc	nuc	0.99
ALA	8, 332	2907	HIS	8, 334	2909	nuc	nuc	0.83
ALA	8, 333	2908	HIS	8, 334	2909	nuc	nuc	1
VAL	8, 255	2830	ALA	8, 335	2910	nuc	nuc	1
ALA	8, 257	2832	ALA	8, 335	2910	nuc	nuc	0.94
THR	8, 328	2903	ALA	8, 335	2910	nuc	nuc	0.65
SER	8, 330	2905	ALA	8, 335	2910	nuc	nuc	1
GLN	8, 331	2906	ALA	8, 335	2910	nuc	nuc	0.94
ALA	8, 332	2907	ALA	8, 335	2910	nuc	nuc	0.97
ALA	8, 333	2908	ALA	8, 335	2910	nuc	nuc	0.95
HIS	8, 334	2909	ALA	8, 335	2910	nuc	nuc	1
SER	8, 330	2905	GLY	8, 336	2911	nuc	nuc	0.82
HIS	8, 334	2909	GLY	8, 336	2911	nuc	nuc	1
ALA	8, 335	2910	GLY	8, 336	2911	nuc	nuc	1
ALA	8, 304	2879	GLU	8, 337	2912	nuc	nuc	0.98
THR	8, 305	2880	GLU	8, 337	2912	nuc	nuc	0.99
HIS	8, 334	2909	GLU	8, 337	2912	nuc	nuc	0.99
ALA	8, 335	2910	GLU	8, 337	2912	nuc	nuc	0.95
GLY	8, 336	2911	GLU	8, 337	2912	nuc	nuc	1
VAL	8, 301	2876	VAL	8, 338	2913	nuc	nuc	0.99
ALA	8, 304	2879	VAL	8, 338	2913	nuc	nuc	0.86
THR	8, 305	2880	VAL	8, 338	2913	nuc	nuc	0.97
PHE	8, 309	2884	VAL	8, 338	2913	nuc	nuc	0.99
ALA	8, 311	2886	VAL	8, 338	2913	nuc	nuc	0.95
THR	8, 328	2903	VAL	8, 338	2913	nuc	nuc	1
SER	8, 330	2905	VAL	8, 338	2913	nuc	nuc	1
HIS	8, 334	2909	VAL	8, 338	2913	nuc	nuc	0.98
ALA	8, 335	2910	VAL	8, 338	2913	nuc	nuc	0.99
GLY	8, 336	2911	VAL	8, 338	2913	nuc	nuc	1
GLU	8, 337	2912	VAL	8, 338	2913	nuc	nuc	1
ALA	8, 257	2832	ILE	8, 339	2914	nuc	nuc	0.99
VAL	8, 259	2834	ILE	8, 339	2914	nuc	nuc	0.97
THR	8, 328	2903	ILE	8, 339	2914	nuc	nuc	1
SER	8, 330	2905	ILE	8, 339	2914	nuc	nuc	0.81
ALA	8, 335	2910	ILE	8, 339	2914	nuc	nuc	0.99
GLY	8, 336	2911	ILE	8, 339	2914	nuc	nuc	1
GLU	8, 337	2912	ILE	8, 339	2914	nuc	nuc	0.87
VAL	8, 338	2913	ILE	8, 339	2914	nuc	nuc	1
GLY	8, 336	2911	ARG	8, 340	2915	nuc	nuc	1
GLU	8, 337	2912	ARG	8, 340	2915	nuc	nuc	1
VAL	8, 338	2913	ARG	8, 340	2915	nuc	nuc	0.97
ILE	8, 339	2914	ARG	8, 340	2915	nuc	nuc	1
GLY	8, 300	2875	ALA	8, 341	2916	nuc	nuc	0.99
VAL	8, 301	2876	ALA	8, 341	2916	nuc	nuc	0.99
LYS	8, 303	2878	ALA	8, 341	2916	nuc	nuc	0.7
ALA	8, 304	2879	ALA	8, 341	2916	nuc	nuc	0.98
THR	8, 305	2880	ALA	8, 341	2916	nuc	nuc	0.83
GLU	8, 337	2912	ALA	8, 341	2916	nuc	nuc	0.99
VAL	8, 338	2913	ALA	8, 341	2916	nuc	nuc	1
ILE	8, 339	2914	ALA	8, 341	2916	nuc	nuc	0.99
ARG	8, 340	2915	ALA	8, 341	2916	nuc	nuc	1
VAL	8, 259	2834	ALA	8, 342	2917	nuc	nuc	0.61
LEU	8, 297	2872	ALA	8, 342	2917	nuc	nuc	0.99
GLY	8, 300	2875	ALA	8, 342	2917	nuc	nuc	0.55
VAL	8, 301	2876	ALA	8, 342	2917	nuc	nuc	0.99
ALA	8, 311	2886	ALA	8, 342	2917	nuc	nuc	0.99
PHE	8, 326	2901	ALA	8, 342	2917	nuc	nuc	0.99
THR	8, 328	2903	ALA	8, 342	2917	nuc	nuc	0.99
VAL	8, 338	2913	ALA	8, 342	2917	nuc	nuc	0.99
ILE	8, 339	2914	ALA	8, 342	2917	nuc	nuc	1
ARG	8, 340	2915	ALA	8, 342	2917	nuc	nuc	0.99
ALA	8, 341	2916	ALA	8, 342	2917	nuc	nuc	1
VAL	8, 259	2834	MET	8, 343	2918	nuc	nuc	0.92
ILE	8, 339	2914	MET	8, 343	2918	nuc	nuc	0.99
ARG	8, 340	2915	MET	8, 343	2918	nuc	nuc	1
ALA	8, 341	2916	MET	8, 343	2918	nuc	nuc	0.99
ALA	8, 342	2917	MET	8, 343	2918	nuc	nuc	1
ARG	8, 340	2915	ASN	8, 344	2919	nuc	nuc	0.99
ALA	8, 341	2916	ASN	8, 344	2919	nuc	nuc	1
ALA	8, 342	2917	ASN	8, 344	2919	nuc	nuc	0.99
MET	8, 343	2918	ASN	8, 344	2919	nuc	nuc	1
LEU	8, 281	2856	GLN	8, 345	2920	nuc	nuc	0.91
LYS	8, 296	2871	GLN	8, 345	2920	nuc	nuc	0.98
LEU	8, 297	2872	GLN	8, 345	2920	nuc	nuc	0.99
GLY	8, 300	2875	GLN	8, 345	2920	nuc	nuc	0.99
VAL	8, 301	2876	GLN	8, 345	2920	nuc	nuc	0.76
ALA	8, 341	2916	GLN	8, 345	2920	nuc	nuc	0.98
ALA	8, 342	2917	GLN	8, 345	2920	nuc	nuc	1
MET	8, 343	2918	GLN	8, 345	2920	nuc	nuc	0.99
ASN	8, 344	2919	GLN	8, 345	2920	nuc	nuc	1
LEU	8, 281	2856	LEU	8, 346	2921	nuc	nuc	0.9
GLY	8, 325	2900	LEU	8, 346	2921	nuc	nuc	0.77
PHE	8, 326	2901	LEU	8, 346	2921	nuc	nuc	0.95
ALA	8, 342	2917	LEU	8, 346	2921	nuc	nuc	0.97
MET	8, 343	2918	LEU	8, 346	2921	nuc	nuc	1
ASN	8, 344	2919	LEU	8, 346	2921	nuc	nuc	0.98
GLN	8, 345	2920	LEU	8, 346	2921	nuc	nuc	1
MET	8, 343	2918	LYS	8, 347	2922	nuc	nuc	0.99
ASN	8, 344	2919	LYS	8, 347	2922	nuc	nuc	1
GLN	8, 345	2920	LYS	8, 347	2922	nuc	nuc	0.99
LEU	8, 346	2921	LYS	8, 347	2922	nuc	nuc	1
ASN	8, 344	2919	ALA	8, 348	2923	nuc	nuc	0.99
GLN	8, 345	2920	ALA	8, 348	2923	nuc	nuc	1
LEU	8, 346	2921	ALA	8, 348	2923	nuc	nuc	0.99
LYS	8, 347	2922	ALA	8, 348	2923	nuc	nuc	1
LEU	8, 277	2852	ALA	8, 349	2924	nuc	nuc	0.82
VAL	8, 280	2855	ALA	8, 349	2924	nuc	nuc	0.81
LEU	8, 281	2856	ALA	8, 349	2924	nuc	nuc	0.9
LYS	8, 296	2871	ALA	8, 349	2924	nuc	nuc	0.83
GLN	8, 345	2920	ALA	8, 349	2924	nuc	nuc	0.98
LEU	8, 346	2921	ALA	8, 349	2924	nuc	nuc	1
LYS	8, 347	2922	ALA	8, 349	2924	nuc	nuc	0.98
ALA	8, 348	2923	ALA	8, 349	2924	nuc	nuc	1
LEU	8, 346	2921	ALA	8, 350	2925	nuc	nuc	0.97
LYS	8, 347	2922	ALA	8, 350	2925	nuc	nuc	0.99
ALA	8, 348	2923	ALA	8, 350	2925	nuc	nuc	0.98
ALA	8, 349	2924	ALA	8, 350	2925	nuc	nuc	1
LYS	8, 347	2922	GLN	8, 351	2926	nuc	nuc	0.95
ALA	8, 348	2923	GLN	8, 351	2926	nuc	nuc	0.98
ALA	8, 349	2924	GLN	8, 351	2926	nuc	nuc	0.95
ALA	8, 350	2925	GLN	8, 351	2926	nuc	nuc	1
ALA	8, 348	2923	GLY	8, 352	2927	nuc	nuc	0.86
ALA	8, 349	2924	GLY	8, 352	2927	nuc	nuc	0.95
ALA	8, 350	2925	GLY	8, 352	2927	nuc	nuc	0.98
GLN	8, 351	2926	GLY	8, 352	2927	nuc	nuc	1
ALA	8, 348	2923	GLY	8, 353	2928	nuc	nuc	0.94
ALA	8, 349	2924	GLY	8, 353	2928	nuc	nuc	0.96
GLN	8, 351	2926	GLY	8, 353	2928	nuc	nuc	0.97
GLY	8, 352	2927	GLY	8, 353	2928	nuc	nuc	1
VAL	8, 280	2855	VAL	8, 354	2929	nuc	nuc	0.96
ALA	8, 349	2924	VAL	8, 354	2929	nuc	nuc	0.96
GLY	8, 352	2927	VAL	8, 354	2929	nuc	nuc	0.99
GLY	8, 353	2928	VAL	8, 354	2929	nuc	nuc	1
GLY	8, 353	2928	THR	8, 355	2930	nuc	nuc	0.98
VAL	8, 354	2929	THR	8, 355	2930	nuc	nuc	1
THR	8, 355	2930	GLU	8, 356	2931	nuc	nuc	1
THR	8, 355	2930	GLU	8, 357	2932	nuc	nuc	0.99
GLU	8, 356	2931	GLU	8, 357	2932	nuc	nuc	1
VAL	8, 280	2855	ASP	8, 358	2933	nuc	nuc	0.99
LYS	8, 296	2871	ASP	8, 358	2933	nuc	nuc	0.82
VAL	8, 354	2929	ASP	8, 358	2933	nuc	nuc	0.98
THR	8, 355	2930	ASP	8, 358	2933	nuc	nuc	0.98
GLU	8, 356	2931	ASP	8, 358	2933	nuc	nuc	0.97
GLU	8, 357	2932	ASP	8, 358	2933	nuc	nuc	1
VAL	8, 276	2851	VAL	8, 359	2934	nuc	nuc	0.97
VAL	8, 280	2855	VAL	8, 359	2934	nuc	nuc	0.97
VAL	8, 354	2929	VAL	8, 359	2934	nuc	nuc	0.97
THR	8, 355	2930	VAL	8, 359	2934	nuc	nuc	0.92
GLU	8, 356	2931	VAL	8, 359	2934	nuc	nuc	0.99
GLU	8, 357	2932	VAL	8, 359	2934	nuc	nuc	0.96
ASP	8, 358	2933	VAL	8, 359	2934	nuc	nuc	1
GLU	8, 356	2931	THR	8, 360	2935	nuc	nuc	0.98
GLU	8, 357	2932	THR	8, 360	2935	nuc	nuc	0.99
ASP	8, 358	2933	THR	8, 360	2935	nuc	nuc	0.97
VAL	8, 359	2934	THR	8, 360	2935	nuc	nuc	1
GLU	6, 80	1768	LYS	8, 361	2936	nuc	nuc	0.65
SER	6, 81	1769	LYS	8, 361	2936	nuc	nuc	0.99
VAL	8, 280	2855	LYS	8, 361	2936	nuc	nuc	0.6
THR	8, 294	2869	LYS	8, 361	2936	nuc	nuc	0.97
GLU	8, 357	2932	LYS	8, 361	2936	nuc	nuc	0.99
ASP	8, 358	2933	LYS	8, 361	2936	nuc	nuc	1
VAL	8, 359	2934	LYS	8, 361	2936	nuc	nuc	0.98
THR	8, 360	2935	LYS	8, 361	2936	nuc	nuc	1
VAL	8, 276	2851	ALA	8, 362	2937	nuc	nuc	0.99
LEU	8, 277	2852	ALA	8, 362	2937	nuc	nuc	0.65
HIS	8, 279	2854	ALA	8, 362	2937	nuc	nuc	1
VAL	8, 280	2855	ALA	8, 362	2937	nuc	nuc	0.99
ASP	8, 358	2933	ALA	8, 362	2937	nuc	nuc	0.99
VAL	8, 359	2934	ALA	8, 362	2937	nuc	nuc	1
THR	8, 360	2935	ALA	8, 362	2937	nuc	nuc	0.99
LYS	8, 361	2936	ALA	8, 362	2937	nuc	nuc	1
VAL	8, 276	2851	LYS	8, 363	2938	nuc	nuc	0.99
HIS	8, 279	2854	LYS	8, 363	2938	nuc	nuc	0.64
VAL	8, 359	2934	LYS	8, 363	2938	nuc	nuc	1
THR	8, 360	2935	LYS	8, 363	2938	nuc	nuc	1
LYS	8, 361	2936	LYS	8, 363	2938	nuc	nuc	0.99
ALA	8, 362	2937	LYS	8, 363	2938	nuc	nuc	1
SER	6, 81	1769	ASN	8, 364	2939	nuc	nuc	0.92
MET	6, 82	1770	ASN	8, 364	2939	nuc	nuc	0.95
GLY	6, 83	1771	ASN	8, 364	2939	nuc	nuc	0.99
THR	8, 360	2935	ASN	8, 364	2939	nuc	nuc	0.99
LYS	8, 361	2936	ASN	8, 364	2939	nuc	nuc	1
ALA	8, 362	2937	ASN	8, 364	2939	nuc	nuc	0.99
LYS	8, 363	2938	ASN	8, 364	2939	nuc	nuc	1
GLU	6, 80	1768	GLN	8, 365	2940	nuc	nuc	0.81
GLY	6, 83	1771	GLN	8, 365	2940	nuc	nuc	0.99
HIS	8, 279	2854	GLN	8, 365	2940	nuc	nuc	1
ALA	8, 283	2858	GLN	8, 365	2940	nuc	nuc	0.79
LEU	8, 286	2861	GLN	8, 365	2940	nuc	nuc	0.62
LYS	8, 361	2936	GLN	8, 365	2940	nuc	nuc	0.99
ALA	8, 362	2937	GLN	8, 365	2940	nuc	nuc	1
LYS	8, 363	2938	GLN	8, 365	2940	nuc	nuc	0.99
ASN	8, 364	2939	GLN	8, 365	2940	nuc	nuc	1
SER	8, 275	2850	LEU	8, 366	2941	nuc	nuc	0.99
VAL	8, 276	2851	LEU	8, 366	2941	nuc	nuc	0.99
HIS	8, 279	2854	LEU	8, 366	2941	nuc	nuc	0.99
ALA	8, 362	2937	LEU	8, 366	2941	nuc	nuc	0.99
LYS	8, 363	2938	LEU	8, 366	2941	nuc	nuc	1
ASN	8, 364	2939	LEU	8, 366	2941	nuc	nuc	0.99
GLN	8, 365	2940	LEU	8, 366	2941	nuc	nuc	1
LEU	6, 102	1790	LYS	8, 367	2942	nuc	nuc	0.6
LYS	8, 363	2938	LYS	8, 367	2942	nuc	nuc	1
ASN	8, 364	2939	LYS	8, 367	2942	nuc	nuc	1
GLN	8, 365	2940	LYS	8, 367	2942	nuc	nuc	0.99
LEU	8, 366	2941	LYS	8, 367	2942	nuc	nuc	1
THR	6, 34	1722	ALA	8, 368	2943	nuc	nuc	0.64
MET	6, 82	1770	ALA	8, 368	2943	nuc	nuc	0.66
GLY	6, 83	1771	ALA	8, 368	2943	nuc	nuc	1
ALA	6, 84	1772	ALA	8, 368	2943	nuc	nuc	0.9
ALA	6, 101	1789	ALA	8, 368	2943	nuc	nuc	0.88
LEU	6, 102	1790	ALA	8, 368	2943	nuc	nuc	0.99
ASN	8, 364	2939	ALA	8, 368	2943	nuc	nuc	1
GLN	8, 365	2940	ALA	8, 368	2943	nuc	nuc	1
LEU	8, 366	2941	ALA	8, 368	2943	nuc	nuc	0.99
LYS	8, 367	2942	ALA	8, 368	2943	nuc	nuc	1
GLY	6, 83	1771	THR	8, 369	2944	nuc	nuc	0.71
HIS	8, 279	2854	THR	8, 369	2944	nuc	nuc	0.66
ALA	8, 283	2858	THR	8, 369	2944	nuc	nuc	0.72
GLN	8, 365	2940	THR	8, 369	2944	nuc	nuc	1
LEU	8, 366	2941	THR	8, 369	2944	nuc	nuc	1
LYS	8, 367	2942	THR	8, 369	2944	nuc	nuc	0.97
ALA	8, 368	2943	THR	8, 369	2944	nuc	nuc	1
LEU	8, 366	2941	TYR	8, 370	2945	nuc	nuc	1
LYS	8, 367	2942	TYR	8, 370	2945	nuc	nuc	1
ALA	8, 368	2943	TYR	8, 370	2945	nuc	nuc	0.99
THR	8, 369	2944	TYR	8, 370	2945	nuc	nuc	1
PRO	6, 33	1721	LEU	8, 371	2946	nuc	nuc	0.99
THR	6, 34	1722	LEU	8, 371	2946	nuc	nuc	0.99
LEU	6, 102	1790	LEU	8, 371	2946	nuc	nuc	0.96
LYS	8, 367	2942	LEU	8, 371	2946	nuc	nuc	1
ALA	8, 368	2943	LEU	8, 371	2946	nuc	nuc	1
THR	8, 369	2944	LEU	8, 371	2946	nuc	nuc	0.95
TYR	8, 370	2945	LEU	8, 371	2946	nuc	nuc	1
THR	6, 34	1722	MET	8, 372	2947	nuc	nuc	0.99
HIS	6, 85	1773	MET	8, 372	2947	nuc	nuc	0.55
LYS	6, 100	1788	MET	8, 372	2947	nuc	nuc	0.98
ALA	8, 368	2943	MET	8, 372	2947	nuc	nuc	1
THR	8, 369	2944	MET	8, 372	2947	nuc	nuc	1
TYR	8, 370	2945	MET	8, 372	2947	nuc	nuc	0.99
LEU	8, 371	2946	MET	8, 372	2947	nuc	nuc	1
THR	8, 369	2944	SER	8, 373	2948	nuc	nuc	0.99
TYR	8, 370	2945	SER	8, 373	2948	nuc	nuc	1
LEU	8, 371	2946	SER	8, 373	2948	nuc	nuc	0.99
MET	8, 372	2947	SER	8, 373	2948	nuc	nuc	1
TYR	8, 370	2945	VAL	8, 374	2949	nuc	nuc	0.97
LEU	8, 371	2946	VAL	8, 374	2949	nuc	nuc	1
MET	8, 372	2947	VAL	8, 374	2949	nuc	nuc	0.9
SER	8, 373	2948	VAL	8, 374	2949	nuc	nuc	1
GLN	6, 32	1720	GLU	8, 375	2950	nuc	nuc	0.96
THR	6, 34	1722	GLU	8, 375	2950	nuc	nuc	0.99
GLY	6, 371	2059	GLU	8, 375	2950	nuc	nuc	0.99
THR	6, 372	2060	GLU	8, 375	2950	nuc	nuc	0.98
LEU	8, 371	2946	GLU	8, 375	2950	nuc	nuc	0.94
MET	8, 372	2947	GLU	8, 375	2950	nuc	nuc	1
SER	8, 373	2948	GLU	8, 375	2950	nuc	nuc	0.97
VAL	8, 374	2949	GLU	8, 375	2950	nuc	nuc	1
ASP	6, 370	2058	THR	8, 376	2951	nuc	nuc	0.99
GLY	6, 371	2059	THR	8, 376	2951	nuc	nuc	0.99
SER	8, 373	2948	THR	8, 376	2951	nuc	nuc	0.57
VAL	8, 374	2949	THR	8, 376	2951	nuc	nuc	0.82
GLU	8, 375	2950	THR	8, 376	2951	nuc	nuc	1
ASP	6, 370	2058	ALA	8, 377	2952	nuc	nuc	0.98
SER	8, 44	2619	ALA	8, 377	2952	nuc	nuc	0.92
ALA	8, 46	2621	ALA	8, 377	2952	nuc	nuc	0.84
ARG	8, 48	2623	ALA	8, 377	2952	nuc	nuc	0.99
ILE	8, 211	2786	ALA	8, 377	2952	nuc	nuc	0.99
THR	8, 376	2951	ALA	8, 377	2952	nuc	nuc	1
ASP	6, 370	2058	GLN	8, 378	2953	nuc	nuc	0.8
ARG	8, 48	2623	GLN	8, 378	2953	nuc	nuc	0.92
THR	8, 376	2951	GLN	8, 378	2953	nuc	nuc	1
ALA	8, 377	2952	GLN	8, 378	2953	nuc	nuc	1
SER	8, 373	2948	GLY	8, 379	2954	nuc	nuc	0.99
VAL	8, 374	2949	GLY	8, 379	2954	nuc	nuc	0.98
THR	8, 376	2951	GLY	8, 379	2954	nuc	nuc	0.99
ALA	8, 377	2952	GLY	8, 379	2954	nuc	nuc	1
GLN	8, 378	2953	GLY	8, 379	2954	nuc	nuc	1
LEU	8, 40	2615	LEU	8, 380	2955	nuc	nuc	0.67
ILE	8, 211	2786	LEU	8, 380	2955	nuc	nuc	0.97
VAL	8, 374	2949	LEU	8, 380	2955	nuc	nuc	0.99
GLU	8, 375	2950	LEU	8, 380	2955	nuc	nuc	0.68
THR	8, 376	2951	LEU	8, 380	2955	nuc	nuc	0.99
ALA	8, 377	2952	LEU	8, 380	2955	nuc	nuc	1
GLN	8, 378	2953	LEU	8, 380	2955	nuc	nuc	0.99
GLY	8, 379	2954	LEU	8, 380	2955	nuc	nuc	1
ARG	8, 48	2623	LEU	8, 381	2956	nuc	nuc	0.99
GLY	8, 50	2625	LEU	8, 381	2956	nuc	nuc	0.98
CYS	8, 110	2685	LEU	8, 381	2956	nuc	nuc	0.93
VAL	8, 209	2784	LEU	8, 381	2956	nuc	nuc	0.99
GLY	8, 210	2785	LEU	8, 381	2956	nuc	nuc	0.97
ILE	8, 211	2786	LEU	8, 381	2956	nuc	nuc	0.99
ALA	8, 377	2952	LEU	8, 381	2956	nuc	nuc	0.99
GLN	8, 378	2953	LEU	8, 381	2956	nuc	nuc	1
GLY	8, 379	2954	LEU	8, 381	2956	nuc	nuc	1
LEU	8, 380	2955	LEU	8, 381	2956	nuc	nuc	1
THR	8, 108	2683	ASN	8, 382	2957	nuc	nuc	0.84
GLN	8, 378	2953	ASN	8, 382	2957	nuc	nuc	0.98
GLY	8, 379	2954	ASN	8, 382	2957	nuc	nuc	1
LEU	8, 380	2955	ASN	8, 382	2957	nuc	nuc	0.99
LEU	8, 381	2956	ASN	8, 382	2957	nuc	nuc	1
SER	8, 373	2948	GLU	8, 383	2958	nuc	nuc	0.91
VAL	8, 374	2949	GLU	8, 383	2958	nuc	nuc	0.98
GLY	8, 379	2954	GLU	8, 383	2958	nuc	nuc	1
LEU	8, 380	2955	GLU	8, 383	2958	nuc	nuc	1
LEU	8, 381	2956	GLU	8, 383	2958	nuc	nuc	0.98
ASN	8, 382	2957	GLU	8, 383	2958	nuc	nuc	1
LEU	8, 26	2601	ILE	8, 384	2959	nuc	nuc	0.87
ALA	8, 38	2613	ILE	8, 384	2959	nuc	nuc	0.99
LEU	8, 40	2615	ILE	8, 384	2959	nuc	nuc	0.79
VAL	8, 209	2784	ILE	8, 384	2959	nuc	nuc	1
LEU	8, 380	2955	ILE	8, 384	2959	nuc	nuc	1
LEU	8, 381	2956	ILE	8, 384	2959	nuc	nuc	1
ASN	8, 382	2957	ILE	8, 384	2959	nuc	nuc	0.94
GLU	8, 383	2958	ILE	8, 384	2959	nuc	nuc	1
ALA	8, 38	2613	GLY	8, 385	2960	nuc	nuc	0.95
GLY	8, 50	2625	GLY	8, 385	2960	nuc	nuc	0.56
PHE	8, 52	2627	GLY	8, 385	2960	nuc	nuc	0.99
ALA	8, 207	2782	GLY	8, 385	2960	nuc	nuc	0.99
VAL	8, 209	2784	GLY	8, 385	2960	nuc	nuc	1
LEU	8, 381	2956	GLY	8, 385	2960	nuc	nuc	0.99
ASN	8, 382	2957	GLY	8, 385	2960	nuc	nuc	1
GLU	8, 383	2958	GLY	8, 385	2960	nuc	nuc	1
ILE	8, 384	2959	GLY	8, 385	2960	nuc	nuc	1
PHE	8, 52	2627	SER	8, 386	2961	nuc	nuc	0.94
LYS	8, 106	2681	SER	8, 386	2961	nuc	nuc	0.91
ASN	8, 382	2957	SER	8, 386	2961	nuc	nuc	0.99
GLU	8, 383	2958	SER	8, 386	2961	nuc	nuc	1
ILE	8, 384	2959	SER	8, 386	2961	nuc	nuc	0.95
GLY	8, 385	2960	SER	8, 386	2961	nuc	nuc	1
GLU	8, 383	2958	GLU	8, 387	2962	nuc	nuc	0.99
ILE	8, 384	2959	GLU	8, 387	2962	nuc	nuc	0.99
GLY	8, 385	2960	GLU	8, 387	2962	nuc	nuc	1
SER	8, 386	2961	GLU	8, 387	2962	nuc	nuc	1
ILE	8, 28	2603	ALA	8, 388	2963	nuc	nuc	0.92
ILE	8, 36	2611	ALA	8, 388	2963	nuc	nuc	1
ALA	8, 38	2613	ALA	8, 388	2963	nuc	nuc	0.99
PHE	8, 52	2627	ALA	8, 388	2963	nuc	nuc	0.85
ALA	8, 207	2782	ALA	8, 388	2963	nuc	nuc	1
VAL	8, 209	2784	ALA	8, 388	2963	nuc	nuc	0.97
ILE	8, 384	2959	ALA	8, 388	2963	nuc	nuc	0.99
GLY	8, 385	2960	ALA	8, 388	2963	nuc	nuc	1
SER	8, 386	2961	ALA	8, 388	2963	nuc	nuc	0.98
GLU	8, 387	2962	ALA	8, 388	2963	nuc	nuc	1
ILE	8, 36	2611	LEU	8, 389	2964	nuc	nuc	0.88
PHE	8, 52	2627	LEU	8, 389	2964	nuc	nuc	0.99
LYS	8, 54	2629	LEU	8, 389	2964	nuc	nuc	0.99
LYS	8, 106	2681	LEU	8, 389	2964	nuc	nuc	0.94
ALA	8, 207	2782	LEU	8, 389	2964	nuc	nuc	0.99
GLY	8, 385	2960	LEU	8, 389	2964	nuc	nuc	0.99
SER	8, 386	2961	LEU	8, 389	2964	nuc	nuc	0.99
GLU	8, 387	2962	LEU	8, 389	2964	nuc	nuc	0.98
ALA	8, 388	2963	LEU	8, 389	2964	nuc	nuc	1
VAL	8, 266	2841	LEU	8, 390	2965	nuc	nuc	0.93
SER	8, 319	2894	LEU	8, 390	2965	nuc	nuc	0.93
SER	8, 386	2961	LEU	8, 390	2965	nuc	nuc	0.95
GLU	8, 387	2962	LEU	8, 390	2965	nuc	nuc	0.98
ALA	8, 388	2963	LEU	8, 390	2965	nuc	nuc	0.91
LEU	8, 389	2964	LEU	8, 390	2965	nuc	nuc	1
GLU	8, 387	2962	SER	8, 391	2966	nuc	nuc	0.96
ALA	8, 388	2963	SER	8, 391	2966	nuc	nuc	0.9
LEU	8, 390	2965	SER	8, 391	2966	nuc	nuc	1
ILE	8, 28	2603	GLY	8, 392	2967	nuc	nuc	0.78
LYS	8, 30	2605	GLY	8, 392	2967	nuc	nuc	0.88
ILE	8, 36	2611	GLY	8, 392	2967	nuc	nuc	0.97
GLU	8, 387	2962	GLY	8, 392	2967	nuc	nuc	0.81
ALA	8, 388	2963	GLY	8, 392	2967	nuc	nuc	0.99
LEU	8, 389	2964	GLY	8, 392	2967	nuc	nuc	0.89
LEU	8, 390	2965	GLY	8, 392	2967	nuc	nuc	0.98
SER	8, 391	2966	GLY	8, 392	2967	nuc	nuc	1
ILE	8, 28	2603	THR	8, 393	2968	nuc	nuc	0.94
GLU	8, 387	2962	THR	8, 393	2968	nuc	nuc	0.83
ALA	8, 388	2963	THR	8, 393	2968	nuc	nuc	0.91
SER	8, 391	2966	THR	8, 393	2968	nuc	nuc	0.97
GLY	8, 392	2967	THR	8, 393	2968	nuc	nuc	1
LEU	8, 26	2601	HIS	8, 394	2969	nuc	nuc	0.95
ILE	8, 28	2603	HIS	8, 394	2969	nuc	nuc	0.97
ALA	8, 38	2613	HIS	8, 394	2969	nuc	nuc	0.92
ILE	8, 384	2959	HIS	8, 394	2969	nuc	nuc	0.96
GLU	8, 387	2962	HIS	8, 394	2969	nuc	nuc	0.97
ALA	8, 388	2963	HIS	8, 394	2969	nuc	nuc	0.94
GLY	8, 392	2967	HIS	8, 394	2969	nuc	nuc	0.52
THR	8, 393	2968	HIS	8, 394	2969	nuc	nuc	1
GLU	8, 387	2962	THR	8, 395	2970	nuc	nuc	0.95
THR	8, 393	2968	THR	8, 395	2970	nuc	nuc	0.94
HIS	8, 394	2969	THR	8, 395	2970	nuc	nuc	1
HIS	8, 394	2969	ALA	8, 396	2971	nuc	nuc	0.88
THR	8, 395	2970	ALA	8, 396	2971	nuc	nuc	1
PRO	6, 33	1721	PRO	8, 397	2972	nuc	nuc	0.84
TYR	8, 370	2945	PRO	8, 397	2972	nuc	nuc	0.82
LEU	8, 371	2946	PRO	8, 397	2972	nuc	nuc	0.98
VAL	8, 374	2949	PRO	8, 397	2972	nuc	nuc	0.96
ALA	8, 396	2971	PRO	8, 397	2972	nuc	nuc	1
ALA	8, 396	2971	SER	8, 398	2973	nuc	nuc	1
PRO	8, 397	2972	SER	8, 398	2973	nuc	nuc	1
THR	8, 395	2970	VAL	8, 399	2974	nuc	nuc	0.98
ALA	8, 396	2971	VAL	8, 399	2974	nuc	nuc	0.98
PRO	8, 397	2972	VAL	8, 399	2974	nuc	nuc	0.94
SER	8, 398	2973	VAL	8, 399	2974	nuc	nuc	1
TYR	8, 370	2945	VAL	8, 400	2975	nuc	nuc	0.98
THR	8, 395	2970	VAL	8, 400	2975	nuc	nuc	0.96
ALA	8, 396	2971	VAL	8, 400	2975	nuc	nuc	0.93
PRO	8, 397	2972	VAL	8, 400	2975	nuc	nuc	0.99
SER	8, 398	2973	VAL	8, 400	2975	nuc	nuc	0.98
VAL	8, 399	2974	VAL	8, 400	2975	nuc	nuc	1
LYS	8, 367	2942	ALA	8, 401	2976	nuc	nuc	0.99
TYR	8, 370	2945	ALA	8, 401	2976	nuc	nuc	0.75
LEU	8, 371	2946	ALA	8, 401	2976	nuc	nuc	0.67
PRO	8, 397	2972	ALA	8, 401	2976	nuc	nuc	0.97
SER	8, 398	2973	ALA	8, 401	2976	nuc	nuc	0.99
VAL	8, 399	2974	ALA	8, 401	2976	nuc	nuc	0.99
VAL	8, 400	2975	ALA	8, 401	2976	nuc	nuc	1
SER	8, 398	2973	GLN	8, 402	2977	nuc	nuc	0.94
VAL	8, 399	2974	GLN	8, 402	2977	nuc	nuc	1
VAL	8, 400	2975	GLN	8, 402	2977	nuc	nuc	0.98
ALA	8, 401	2976	GLN	8, 402	2977	nuc	nuc	1
ASN	8, 272	2847	LYS	8, 403	2978	nuc	nuc	0.97
VAL	8, 399	2974	LYS	8, 403	2978	nuc	nuc	0.98
VAL	8, 400	2975	LYS	8, 403	2978	nuc	nuc	1
ALA	8, 401	2976	LYS	8, 403	2978	nuc	nuc	0.98
GLN	8, 402	2977	LYS	8, 403	2978	nuc	nuc	1
ASN	8, 272	2847	ILE	8, 404	2979	nuc	nuc	0.97
SER	8, 275	2850	ILE	8, 404	2979	nuc	nuc	0.56
VAL	8, 276	2851	ILE	8, 404	2979	nuc	nuc	0.93
LYS	8, 363	2938	ILE	8, 404	2979	nuc	nuc	0.99
LEU	8, 366	2941	ILE	8, 404	2979	nuc	nuc	0.99
LYS	8, 367	2942	ILE	8, 404	2979	nuc	nuc	0.99
TYR	8, 370	2945	ILE	8, 404	2979	nuc	nuc	0.78
VAL	8, 400	2975	ILE	8, 404	2979	nuc	nuc	0.99
ALA	8, 401	2976	ILE	8, 404	2979	nuc	nuc	0.99
GLN	8, 402	2977	ILE	8, 404	2979	nuc	nuc	0.99
LYS	8, 403	2978	ILE	8, 404	2979	nuc	nuc	1
LYS	8, 363	2938	ASP	8, 405	2980	nuc	nuc	0.98
ALA	8, 401	2976	ASP	8, 405	2980	nuc	nuc	0.97
GLN	8, 402	2977	ASP	8, 405	2980	nuc	nuc	1
LYS	8, 403	2978	ASP	8, 405	2980	nuc	nuc	0.97
ILE	8, 404	2979	ASP	8, 405	2980	nuc	nuc	1
ASN	8, 272	2847	SER	8, 406	2981	nuc	nuc	0.51
GLN	8, 402	2977	SER	8, 406	2981	nuc	nuc	0.96
LYS	8, 403	2978	SER	8, 406	2981	nuc	nuc	0.99
ILE	8, 404	2979	SER	8, 406	2981	nuc	nuc	0.98
ASP	8, 405	2980	SER	8, 406	2981	nuc	nuc	1
ALA	8, 269	2844	VAL	8, 407	2982	nuc	nuc	0.6
ASN	8, 272	2847	VAL	8, 407	2982	nuc	nuc	0.98
ALA	8, 273	2848	VAL	8, 407	2982	nuc	nuc	0.99
VAL	8, 276	2851	VAL	8, 407	2982	nuc	nuc	0.99
VAL	8, 359	2934	VAL	8, 407	2982	nuc	nuc	0.62
LYS	8, 363	2938	VAL	8, 407	2982	nuc	nuc	0.93
LYS	8, 403	2978	VAL	8, 407	2982	nuc	nuc	0.56
ILE	8, 404	2979	VAL	8, 407	2982	nuc	nuc	0.98
ASP	8, 405	2980	VAL	8, 407	2982	nuc	nuc	0.95
SER	8, 406	2981	VAL	8, 407	2982	nuc	nuc	1
SER	8, 406	2981	THR	8, 408	2983	nuc	nuc	0.65
VAL	8, 407	2982	THR	8, 408	2983	nuc	nuc	1
VAL	8, 354	2929	SER	8, 409	2984	nuc	nuc	0.93
THR	8, 355	2930	SER	8, 409	2984	nuc	nuc	0.52
GLU	8, 356	2931	SER	8, 409	2984	nuc	nuc	0.97
VAL	8, 359	2934	SER	8, 409	2984	nuc	nuc	0.99
THR	8, 408	2983	SER	8, 409	2984	nuc	nuc	1
THR	8, 408	2983	ALA	8, 410	2985	nuc	nuc	0.99
SER	8, 409	2984	ALA	8, 410	2985	nuc	nuc	1
ALA	8, 269	2844	ASP	8, 411	2986	nuc	nuc	0.7
GLU	8, 270	2845	ASP	8, 411	2986	nuc	nuc	0.59
ALA	8, 273	2848	ASP	8, 411	2986	nuc	nuc	0.99
VAL	8, 276	2851	ASP	8, 411	2986	nuc	nuc	0.52
VAL	8, 407	2982	ASP	8, 411	2986	nuc	nuc	0.98
THR	8, 408	2983	ASP	8, 411	2986	nuc	nuc	0.99
SER	8, 409	2984	ASP	8, 411	2986	nuc	nuc	0.97
ALA	8, 410	2985	ASP	8, 411	2986	nuc	nuc	1
ALA	8, 273	2848	VAL	8, 412	2987	nuc	nuc	0.99
VAL	8, 276	2851	VAL	8, 412	2987	nuc	nuc	0.99
LEU	8, 277	2852	VAL	8, 412	2987	nuc	nuc	0.99
VAL	8, 280	2855	VAL	8, 412	2987	nuc	nuc	0.96
VAL	8, 354	2929	VAL	8, 412	2987	nuc	nuc	0.96
VAL	8, 359	2934	VAL	8, 412	2987	nuc	nuc	0.98
VAL	8, 407	2982	VAL	8, 412	2987	nuc	nuc	0.95
THR	8, 408	2983	VAL	8, 412	2987	nuc	nuc	0.89
SER	8, 409	2984	VAL	8, 412	2987	nuc	nuc	0.99
ALA	8, 410	2985	VAL	8, 412	2987	nuc	nuc	0.98
ASP	8, 411	2986	VAL	8, 412	2987	nuc	nuc	1
ALA	8, 349	2924	VAL	8, 413	2988	nuc	nuc	0.87
ALA	8, 350	2925	VAL	8, 413	2988	nuc	nuc	0.92
GLY	8, 352	2927	VAL	8, 413	2988	nuc	nuc	0.96
GLY	8, 353	2928	VAL	8, 413	2988	nuc	nuc	0.64
VAL	8, 354	2929	VAL	8, 413	2988	nuc	nuc	0.95
SER	8, 409	2984	VAL	8, 413	2988	nuc	nuc	0.97
ALA	8, 410	2985	VAL	8, 413	2988	nuc	nuc	0.99
ASP	8, 411	2986	VAL	8, 413	2988	nuc	nuc	0.96
VAL	8, 412	2987	VAL	8, 413	2988	nuc	nuc	1
ALA	8, 273	2848	ASN	8, 414	2989	nuc	nuc	0.9
ALA	8, 410	2985	ASN	8, 414	2989	nuc	nuc	0.98
ASP	8, 411	2986	ASN	8, 414	2989	nuc	nuc	1
VAL	8, 412	2987	ASN	8, 414	2989	nuc	nuc	0.98
VAL	8, 413	2988	ASN	8, 414	2989	nuc	nuc	1
GLU	8, 270	2845	ALA	8, 415	2990	nuc	nuc	0.95
ALA	8, 273	2848	ALA	8, 415	2990	nuc	nuc	0.99
PHE	8, 274	2849	ALA	8, 415	2990	nuc	nuc	0.99
LEU	8, 277	2852	ALA	8, 415	2990	nuc	nuc	0.99
PHE	8, 324	2899	ALA	8, 415	2990	nuc	nuc	0.71
ASP	8, 411	2986	ALA	8, 415	2990	nuc	nuc	0.99
VAL	8, 412	2987	ALA	8, 415	2990	nuc	nuc	1
VAL	8, 413	2988	ALA	8, 415	2990	nuc	nuc	0.99
ASN	8, 414	2989	ALA	8, 415	2990	nuc	nuc	1
LEU	8, 277	2852	ALA	8, 416	2991	nuc	nuc	0.98
LEU	8, 346	2921	ALA	8, 416	2991	nuc	nuc	0.97
ALA	8, 349	2924	ALA	8, 416	2991	nuc	nuc	0.99
ALA	8, 350	2925	ALA	8, 416	2991	nuc	nuc	0.99
VAL	8, 354	2929	ALA	8, 416	2991	nuc	nuc	0.68
VAL	8, 412	2987	ALA	8, 416	2991	nuc	nuc	0.98
VAL	8, 413	2988	ALA	8, 416	2991	nuc	nuc	1
ASN	8, 414	2989	ALA	8, 416	2991	nuc	nuc	0.99
ALA	8, 415	2990	ALA	8, 416	2991	nuc	nuc	1
ALA	8, 350	2925	LYS	8, 417	2992	nuc	nuc	0.98
VAL	8, 413	2988	LYS	8, 417	2992	nuc	nuc	0.98
ASN	8, 414	2989	LYS	8, 417	2992	nuc	nuc	1
ALA	8, 415	2990	LYS	8, 417	2992	nuc	nuc	0.99
ALA	8, 416	2991	LYS	8, 417	2992	nuc	nuc	1
THR	8, 261	2836	LYS	8, 418	2993	nuc	nuc	0.86
GLY	8, 263	2838	LYS	8, 418	2993	nuc	nuc	0.89
ASN	8, 414	2989	LYS	8, 418	2993	nuc	nuc	0.97
ALA	8, 415	2990	LYS	8, 418	2993	nuc	nuc	0.99
ALA	8, 416	2991	LYS	8, 418	2993	nuc	nuc	0.99
LYS	8, 417	2992	LYS	8, 418	2993	nuc	nuc	1
THR	8, 261	2836	PHE	8, 419	2994	nuc	nuc	0.99
PHE	8, 324	2899	PHE	8, 419	2994	nuc	nuc	0.99
GLY	8, 325	2900	PHE	8, 419	2994	nuc	nuc	0.98
LEU	8, 346	2921	PHE	8, 419	2994	nuc	nuc	0.97
ALA	8, 350	2925	PHE	8, 419	2994	nuc	nuc	0.88
ALA	8, 415	2990	PHE	8, 419	2994	nuc	nuc	0.96
ALA	8, 416	2991	PHE	8, 419	2994	nuc	nuc	0.99
LYS	8, 417	2992	PHE	8, 419	2994	nuc	nuc	0.98
LYS	8, 418	2993	PHE	8, 419	2994	nuc	nuc	1
LEU	8, 346	2921	VAL	8, 420	2995	nuc	nuc	0.95
LYS	8, 347	2922	VAL	8, 420	2995	nuc	nuc	0.98
ALA	8, 350	2925	VAL	8, 420	2995	nuc	nuc	0.97
ALA	8, 416	2991	VAL	8, 420	2995	nuc	nuc	0.96
LYS	8, 417	2992	VAL	8, 420	2995	nuc	nuc	0.99
LYS	8, 418	2993	VAL	8, 420	2995	nuc	nuc	0.87
PHE	8, 419	2994	VAL	8, 420	2995	nuc	nuc	1
LYS	8, 417	2992	SER	8, 421	2996	nuc	nuc	0.98
LYS	8, 418	2993	SER	8, 421	2996	nuc	nuc	0.99
PHE	8, 419	2994	SER	8, 421	2996	nuc	nuc	0.85
VAL	8, 420	2995	SER	8, 421	2996	nuc	nuc	1
THR	8, 261	2836	GLY	8, 422	2997	nuc	nuc	1
GLU	8, 262	2837	GLY	8, 422	2997	nuc	nuc	0.95
LYS	8, 418	2993	GLY	8, 422	2997	nuc	nuc	0.98
PHE	8, 419	2994	GLY	8, 422	2997	nuc	nuc	0.97
VAL	8, 420	2995	GLY	8, 422	2997	nuc	nuc	0.99
SER	8, 421	2996	GLY	8, 422	2997	nuc	nuc	1
TYR	8, 241	2816	LYS	8, 423	2998	nuc	nuc	0.69
GLY	8, 243	2818	LYS	8, 423	2998	nuc	nuc	0.99
THR	8, 261	2836	LYS	8, 423	2998	nuc	nuc	0.97
GLU	8, 262	2837	LYS	8, 423	2998	nuc	nuc	0.81
GLY	8, 422	2997	LYS	8, 423	2998	nuc	nuc	1
GLY	8, 243	2818	LYS	8, 424	2999	nuc	nuc	0.94
GLY	8, 244	2819	LYS	8, 424	2999	nuc	nuc	0.7
VAL	8, 259	2834	LYS	8, 424	2999	nuc	nuc	0.99
VAL	8, 260	2835	LYS	8, 424	2999	nuc	nuc	0.95
THR	8, 261	2836	LYS	8, 424	2999	nuc	nuc	1
GLY	8, 422	2997	LYS	8, 424	2999	nuc	nuc	1
LYS	8, 423	2998	LYS	8, 424	2999	nuc	nuc	1
LEU	8, 165	2740	SER	8, 425	3000	nuc	nuc	0.98
ALA	8, 168	2743	SER	8, 425	3000	nuc	nuc	1
ALA	8, 169	2744	SER	8, 425	3000	nuc	nuc	1
GLY	8, 243	2818	SER	8, 425	3000	nuc	nuc	1
GLY	8, 244	2819	SER	8, 425	3000	nuc	nuc	1
GLU	8, 245	2820	SER	8, 425	3000	nuc	nuc	0.94
VAL	8, 259	2834	SER	8, 425	3000	nuc	nuc	0.96
VAL	8, 260	2835	SER	8, 425	3000	nuc	nuc	1
THR	8, 261	2836	SER	8, 425	3000	nuc	nuc	0.97
LEU	8, 323	2898	SER	8, 425	3000	nuc	nuc	0.65
LYS	8, 423	2998	SER	8, 425	3000	nuc	nuc	0.91
LYS	8, 424	2999	SER	8, 425	3000	nuc	nuc	1
LEU	8, 165	2740	MET	8, 426	3001	nuc	nuc	0.51
ALA	8, 168	2743	MET	8, 426	3001	nuc	nuc	0.94
GLY	8, 244	2819	MET	8, 426	3001	nuc	nuc	0.98
GLU	8, 245	2820	MET	8, 426	3001	nuc	nuc	1
ILE	8, 246	2821	MET	8, 426	3001	nuc	nuc	0.78
ARG	8, 247	2822	MET	8, 426	3001	nuc	nuc	0.52
ALA	8, 257	2832	MET	8, 426	3001	nuc	nuc	0.98
ALA	8, 258	2833	MET	8, 426	3001	nuc	nuc	0.99
VAL	8, 259	2834	MET	8, 426	3001	nuc	nuc	1
VAL	8, 260	2835	MET	8, 426	3001	nuc	nuc	0.59
LYS	8, 424	2999	MET	8, 426	3001	nuc	nuc	0.99
SER	8, 425	3000	MET	8, 426	3001	nuc	nuc	1
VAL	8, 161	2736	ALA	8, 427	3002	nuc	nuc	1
LEU	8, 162	2737	ALA	8, 427	3002	nuc	nuc	0.77
ASN	8, 164	2739	ALA	8, 427	3002	nuc	nuc	1
LEU	8, 165	2740	ALA	8, 427	3002	nuc	nuc	1
ALA	8, 168	2743	ALA	8, 427	3002	nuc	nuc	0.99
GLU	8, 245	2820	ALA	8, 427	3002	nuc	nuc	0.89
ILE	8, 246	2821	ALA	8, 427	3002	nuc	nuc	1
ARG	8, 247	2822	ALA	8, 427	3002	nuc	nuc	0.77
GLU	8, 248	2823	ALA	8, 427	3002	nuc	nuc	0.52
ALA	8, 257	2832	ALA	8, 427	3002	nuc	nuc	0.97
ALA	8, 258	2833	ALA	8, 427	3002	nuc	nuc	1
SER	8, 425	3000	ALA	8, 427	3002	nuc	nuc	0.97
MET	8, 426	3001	ALA	8, 427	3002	nuc	nuc	1
VAL	8, 161	2736	ALA	8, 428	3003	nuc	nuc	0.96
ILE	8, 246	2821	ALA	8, 428	3003	nuc	nuc	0.66
ARG	8, 247	2822	ALA	8, 428	3003	nuc	nuc	1
GLU	8, 248	2823	ALA	8, 428	3003	nuc	nuc	0.98
VAL	8, 255	2830	ALA	8, 428	3003	nuc	nuc	0.99
HIS	8, 256	2831	ALA	8, 428	3003	nuc	nuc	0.99
ALA	8, 257	2832	ALA	8, 428	3003	nuc	nuc	1
ALA	8, 258	2833	ALA	8, 428	3003	nuc	nuc	0.88
MET	8, 426	3001	ALA	8, 428	3003	nuc	nuc	1
ALA	8, 427	3002	ALA	8, 428	3003	nuc	nuc	1
PRO	8, 157	2732	SER	8, 429	3004	nuc	nuc	0.99
GLY	8, 160	2735	SER	8, 429	3004	nuc	nuc	0.99
VAL	8, 161	2736	SER	8, 429	3004	nuc	nuc	1
ASN	8, 164	2739	SER	8, 429	3004	nuc	nuc	0.85
ARG	8, 247	2822	SER	8, 429	3004	nuc	nuc	0.51
GLU	8, 248	2823	SER	8, 429	3004	nuc	nuc	1
ASN	8, 250	2825	SER	8, 429	3004	nuc	nuc	0.99
HIS	8, 252	2827	SER	8, 429	3004	nuc	nuc	0.89
VAL	8, 255	2830	SER	8, 429	3004	nuc	nuc	0.96
HIS	8, 256	2831	SER	8, 429	3004	nuc	nuc	1
ALA	8, 257	2832	SER	8, 429	3004	nuc	nuc	0.62
ALA	8, 427	3002	SER	8, 429	3004	nuc	nuc	0.96
ALA	8, 428	3003	SER	8, 429	3004	nuc	nuc	1
PRO	8, 157	2732	GLY	8, 430	3005	nuc	nuc	0.65
GLU	8, 248	2823	GLY	8, 430	3005	nuc	nuc	0.96
GLN	8, 249	2824	GLY	8, 430	3005	nuc	nuc	0.99
ASN	8, 250	2825	GLY	8, 430	3005	nuc	nuc	1
GLY	8, 251	2826	GLY	8, 430	3005	nuc	nuc	1
HIS	8, 252	2827	GLY	8, 430	3005	nuc	nuc	0.99
SER	8, 253	2828	GLY	8, 430	3005	nuc	nuc	0.51
LEU	8, 254	2829	GLY	8, 430	3005	nuc	nuc	0.97
VAL	8, 255	2830	GLY	8, 430	3005	nuc	nuc	1
HIS	8, 256	2831	GLY	8, 430	3005	nuc	nuc	0.99
ALA	8, 332	2907	GLY	8, 430	3005	nuc	nuc	0.91
ALA	8, 428	3003	GLY	8, 430	3005	nuc	nuc	1
SER	8, 429	3004	GLY	8, 430	3005	nuc	nuc	1
THR	7, 62	2196	ASP	8, 431	3006	nuc	nuc	0.92
ALA	7, 63	2197	ASP	8, 431	3006	nuc	nuc	0.61
GLN	8, 249	2824	ASP	8, 431	3006	nuc	nuc	0.95
ASN	8, 250	2825	ASP	8, 431	3006	nuc	nuc	0.67
GLY	8, 251	2826	ASP	8, 431	3006	nuc	nuc	0.99
HIS	8, 252	2827	ASP	8, 431	3006	nuc	nuc	0.97
SER	8, 253	2828	ASP	8, 431	3006	nuc	nuc	0.94
VAL	8, 255	2830	ASP	8, 431	3006	nuc	nuc	0.99
ALA	8, 332	2907	ASP	8, 431	3006	nuc	nuc	0.99
GLY	8, 430	3005	ASP	8, 431	3006	nuc	nuc	1
THR	7, 62	2196	LEU	8, 432	3007	nuc	nuc	0.86
ARG	8, 247	2822	LEU	8, 432	3007	nuc	nuc	0.99
GLN	8, 249	2824	LEU	8, 432	3007	nuc	nuc	0.99
VAL	8, 255	2830	LEU	8, 432	3007	nuc	nuc	0.97
ALA	8, 335	2910	LEU	8, 432	3007	nuc	nuc	0.66
ALA	8, 428	3003	LEU	8, 432	3007	nuc	nuc	0.99
GLY	8, 430	3005	LEU	8, 432	3007	nuc	nuc	1
ASP	8, 431	3006	LEU	8, 432	3007	nuc	nuc	1
THR	7, 62	2196	GLY	8, 433	3008	nuc	nuc	0.99
ALA	8, 332	2907	GLY	8, 433	3008	nuc	nuc	0.85
ASP	8, 431	3006	GLY	8, 433	3008	nuc	nuc	1
LEU	8, 432	3007	GLY	8, 433	3008	nuc	nuc	1
ALA	8, 332	2907	SER	8, 434	3009	nuc	nuc	0.95
ALA	8, 333	2908	SER	8, 434	3009	nuc	nuc	0.98
HIS	8, 334	2909	SER	8, 434	3009	nuc	nuc	0.86
ALA	8, 335	2910	SER	8, 434	3009	nuc	nuc	0.99
GLY	8, 336	2911	SER	8, 434	3009	nuc	nuc	0.98
LEU	8, 432	3007	SER	8, 434	3009	nuc	nuc	0.84
GLY	8, 433	3008	SER	8, 434	3009	nuc	nuc	1
ARG	8, 247	2822	THR	8, 435	3010	nuc	nuc	0.78
VAL	8, 255	2830	THR	8, 435	3010	nuc	nuc	0.98
ALA	8, 257	2832	THR	8, 435	3010	nuc	nuc	0.98
ALA	8, 335	2910	THR	8, 435	3010	nuc	nuc	0.99
GLY	8, 336	2911	THR	8, 435	3010	nuc	nuc	0.99
ILE	8, 339	2914	THR	8, 435	3010	nuc	nuc	0.94
ALA	8, 428	3003	THR	8, 435	3010	nuc	nuc	0.99
LEU	8, 432	3007	THR	8, 435	3010	nuc	nuc	0.99
GLY	8, 433	3008	THR	8, 435	3010	nuc	nuc	1
SER	8, 434	3009	THR	8, 435	3010	nuc	nuc	1
ALA	8, 335	2910	PRO	8, 436	3011	nuc	nuc	0.65
GLY	8, 336	2911	PRO	8, 436	3011	nuc	nuc	0.99
ILE	8, 339	2914	PRO	8, 436	3011	nuc	nuc	0.99
ARG	8, 340	2915	PRO	8, 436	3011	nuc	nuc	0.95
THR	8, 435	3010	PRO	8, 436	3011	nuc	nuc	1
LYS	7, 171	2305	PHE	8, 437	3012	nuc	nuc	0.95
TRP	7, 242	2376	PHE	8, 437	3012	nuc	nuc	0.88
GLU	8, 245	2820	PHE	8, 437	3012	nuc	nuc	0.95
MET	8, 426	3001	PHE	8, 437	3012	nuc	nuc	0.58
THR	8, 435	3010	PHE	8, 437	3012	nuc	nuc	0.63
PRO	8, 436	3011	PHE	8, 437	3012	nuc	nuc	1
GLY	8, 244	2819	LEU	8, 438	3013	nuc	nuc	0.9
GLU	8, 245	2820	LEU	8, 438	3013	nuc	nuc	0.98
VAL	8, 259	2834	LEU	8, 438	3013	nuc	nuc	0.58
LYS	8, 424	2999	LEU	8, 438	3013	nuc	nuc	0.99
MET	8, 426	3001	LEU	8, 438	3013	nuc	nuc	0.99
PHE	8, 437	3012	LEU	8, 438	3013	nuc	nuc	1
TRP	7, 242	2376	ASP	8, 439	3014	nuc	nuc	0.71
PHE	8, 437	3012	ASP	8, 439	3014	nuc	nuc	0.99
LEU	8, 438	3013	ASP	8, 439	3014	nuc	nuc	1
PRO	8, 436	3011	GLU	8, 440	3015	nuc	nuc	0.98
PHE	8, 437	3012	GLU	8, 440	3015	nuc	nuc	0.98
LEU	8, 438	3013	GLU	8, 440	3015	nuc	nuc	0.93
ASP	8, 439	3014	GLU	8, 440	3015	nuc	nuc	1
VAL	8, 259	2834	LEU	8, 441	3016	nuc	nuc	0.76
ILE	8, 339	2914	LEU	8, 441	3016	nuc	nuc	0.86
ARG	8, 340	2915	LEU	8, 441	3016	nuc	nuc	0.92
MET	8, 343	2918	LEU	8, 441	3016	nuc	nuc	0.98
LYS	8, 424	2999	LEU	8, 441	3016	nuc	nuc	0.74
PRO	8, 436	3011	LEU	8, 441	3016	nuc	nuc	0.96
PHE	8, 437	3012	LEU	8, 441	3016	nuc	nuc	0.52
LEU	8, 438	3013	LEU	8, 441	3016	nuc	nuc	0.96
ASP	8, 439	3014	LEU	8, 441	3016	nuc	nuc	0.9
GLU	8, 440	3015	LEU	8, 441	3016	nuc	nuc	1
MET	9, 1	3017	LEU	9, 2	3018	nuc	nuc	1
MET	9, 1	3017	SER	9, 3	3019	nuc	nuc	0.91
LEU	9, 2	3018	SER	9, 3	3019	nuc	nuc	1
SER	9, 3	3019	VAL	9, 4	3020	nuc	nuc	1
SER	9, 3	3019	ALA	9, 5	3021	nuc	nuc	0.92
VAL	9, 4	3020	ALA	9, 5	3021	nuc	nuc	1
MET	9, 1	3017	ALA	9, 6	3022	nuc	nuc	0.6
LEU	9, 2	3018	ALA	9, 6	3022	nuc	nuc	0.51
SER	9, 3	3019	ALA	9, 6	3022	nuc	nuc	0.79
VAL	9, 4	3020	ALA	9, 6	3022	nuc	nuc	0.84
ALA	9, 5	3021	ALA	9, 6	3022	nuc	nuc	1
SER	9, 3	3019	ARG	9, 7	3023	nuc	nuc	0.64
VAL	9, 4	3020	ARG	9, 7	3023	nuc	nuc	0.81
ALA	9, 5	3021	ARG	9, 7	3023	nuc	nuc	0.77
ALA	9, 6	3022	ARG	9, 7	3023	nuc	nuc	1
ALA	9, 6	3022	SER	9, 8	3024	nuc	nuc	0.53
ARG	9, 7	3023	SER	9, 8	3024	nuc	nuc	1
ARG	9, 7	3023	GLY	9, 9	3025	nuc	nuc	0.91
SER	9, 8	3024	GLY	9, 9	3025	nuc	nuc	1
GLY	9, 9	3025	PRO	9, 10	3026	nuc	nuc	1
GLY	9, 9	3025	PHE	9, 11	3027	nuc	nuc	0.88
PRO	9, 10	3026	PHE	9, 11	3027	nuc	nuc	1
PRO	9, 10	3026	ALA	9, 12	3028	nuc	nuc	0.77
PHE	9, 11	3027	ALA	9, 12	3028	nuc	nuc	1
PHE	9, 11	3027	PRO	9, 13	3029	nuc	nuc	0.79
ALA	9, 12	3028	PRO	9, 13	3029	nuc	nuc	1
ALA	9, 12	3028	TYR	9, 14	3030	nuc	nuc	0.84
PRO	9, 13	3029	TYR	9, 14	3030	nuc	nuc	1
PRO	9, 13	3029	LEU	9, 15	3031	nuc	nuc	0.8
TYR	9, 14	3030	LEU	9, 15	3031	nuc	nuc	1
TYR	9, 14	3030	SER	9, 16	3032	nuc	nuc	0.78
LEU	9, 15	3031	SER	9, 16	3032	nuc	nuc	1
LEU	9, 15	3031	ALA	9, 17	3033	nuc	nuc	0.61
SER	9, 16	3032	ALA	9, 17	3033	nuc	nuc	1
SER	9, 16	3032	ALA	9, 18	3034	nuc	nuc	0.82
ALA	9, 17	3033	ALA	9, 18	3034	nuc	nuc	1
ALA	9, 17	3033	ALA	9, 19	3035	nuc	nuc	0.51
ALA	9, 18	3034	ALA	9, 19	3035	nuc	nuc	1
ALA	9, 18	3034	HIS	9, 20	3036	nuc	nuc	0.83
ALA	9, 19	3035	HIS	9, 20	3036	nuc	nuc	1
ALA	9, 19	3035	ALA	9, 21	3037	nuc	nuc	0.57
HIS	9, 20	3036	ALA	9, 21	3037	nuc	nuc	1
HIS	9, 20	3036	VAL	9, 22	3038	nuc	nuc	0.75
ALA	9, 21	3037	VAL	9, 22	3038	nuc	nuc	1
ALA	9, 21	3037	PRO	9, 23	3039	nuc	nuc	0.78
VAL	9, 22	3038	PRO	9, 23	3039	nuc	nuc	1
VAL	9, 22	3038	GLY	9, 24	3040	nuc	nuc	0.95
PRO	9, 23	3039	GLY	9, 24	3040	nuc	nuc	1
GLY	9, 24	3040	PRO	9, 25	3041	nuc	nuc	1
GLY	9, 24	3040	LEU	9, 26	3042	nuc	nuc	0.86
PRO	9, 25	3041	LEU	9, 26	3042	nuc	nuc	1
PRO	9, 25	3041	LYS	9, 27	3043	nuc	nuc	0.72
LEU	9, 26	3042	LYS	9, 27	3043	nuc	nuc	1
LEU	9, 26	3042	ALA	9, 28	3044	nuc	nuc	0.71
LYS	9, 27	3043	ALA	9, 28	3044	nuc	nuc	1
LYS	9, 27	3043	LEU	9, 29	3045	nuc	nuc	0.74
ALA	9, 28	3044	LEU	9, 29	3045	nuc	nuc	1
ALA	9, 28	3044	ALA	9, 30	3046	nuc	nuc	0.83
LEU	9, 29	3045	ALA	9, 30	3046	nuc	nuc	1
LEU	9, 29	3045	PRO	9, 31	3047	nuc	nuc	0.61
ALA	9, 30	3046	PRO	9, 31	3047	nuc	nuc	1
ALA	9, 30	3046	ALA	9, 32	3048	nuc	nuc	0.74
PRO	9, 31	3047	ALA	9, 32	3048	nuc	nuc	1
PRO	9, 31	3047	ALA	9, 33	3049	nuc	nuc	0.79
ALA	9, 32	3048	ALA	9, 33	3049	nuc	nuc	1
ALA	9, 32	3048	LEU	9, 34	3050	nuc	nuc	0.76
ALA	9, 33	3049	LEU	9, 34	3050	nuc	nuc	1
ALA	9, 33	3049	ARG	9, 35	3051	nuc	nuc	0.59
LEU	9, 34	3050	ARG	9, 35	3051	nuc	nuc	1
ARG	9, 35	3051	PRO	9, 36	3052	nuc	nuc	1
ASP	5, 281	1523	GLU	9, 37	3053	nuc	nuc	0.61
SER	5, 306	1548	GLU	9, 37	3053	nuc	nuc	0.61
ARG	9, 35	3051	GLU	9, 37	3053	nuc	nuc	0.64
PRO	9, 36	3052	GLU	9, 37	3053	nuc	nuc	1
ASP	5, 281	1523	LYS	9, 38	3054	nuc	nuc	0.6
THR	5, 283	1525	LYS	9, 38	3054	nuc	nuc	0.58
SER	5, 306	1548	LYS	9, 38	3054	nuc	nuc	0.54
VAL	7, 152	2286	LYS	9, 38	3054	nuc	nuc	0.66
PRO	9, 36	3052	LYS	9, 38	3054	nuc	nuc	0.81
GLU	9, 37	3053	LYS	9, 38	3054	nuc	nuc	1
VAL	5, 250	1492	VAL	9, 39	3055	nuc	nuc	0.67
HIS	5, 305	1547	VAL	9, 39	3055	nuc	nuc	0.81
SER	5, 306	1548	VAL	9, 39	3055	nuc	nuc	0.73
VAL	5, 325	1567	VAL	9, 39	3055	nuc	nuc	0.76
GLU	9, 37	3053	VAL	9, 39	3055	nuc	nuc	0.84
LYS	9, 38	3054	VAL	9, 39	3055	nuc	nuc	1
ARG	5, 282	1524	VAL	9, 40	3056	nuc	nuc	0.59
HIS	5, 305	1547	VAL	9, 40	3056	nuc	nuc	0.83
VAL	7, 148	2282	VAL	9, 40	3056	nuc	nuc	0.7
ALA	7, 151	2285	VAL	9, 40	3056	nuc	nuc	0.82
VAL	7, 152	2286	VAL	9, 40	3056	nuc	nuc	0.81
GLN	7, 155	2289	VAL	9, 40	3056	nuc	nuc	0.59
LYS	9, 38	3054	VAL	9, 40	3056	nuc	nuc	0.71
VAL	9, 39	3055	VAL	9, 40	3056	nuc	nuc	1
PRO	5, 249	1491	LEU	9, 41	3057	nuc	nuc	0.88
VAL	5, 250	1492	LEU	9, 41	3057	nuc	nuc	0.83
VAL	9, 39	3055	LEU	9, 41	3057	nuc	nuc	0.87
VAL	9, 40	3056	LEU	9, 41	3057	nuc	nuc	1
MET	5, 145	1387	ASP	9, 42	3058	nuc	nuc	0.84
PRO	5, 249	1491	ASP	9, 42	3058	nuc	nuc	0.82
VAL	5, 250	1492	ASP	9, 42	3058	nuc	nuc	0.9
VAL	5, 325	1567	ASP	9, 42	3058	nuc	nuc	0.75
VAL	9, 39	3055	ASP	9, 42	3058	nuc	nuc	0.66
VAL	9, 40	3056	ASP	9, 42	3058	nuc	nuc	0.79
LEU	9, 41	3057	ASP	9, 42	3058	nuc	nuc	1
ASN	5, 143	1385	LEU	9, 43	3059	nuc	nuc	0.88
ASP	5, 144	1386	LEU	9, 43	3059	nuc	nuc	0.51
MET	5, 145	1387	LEU	9, 43	3059	nuc	nuc	0.85
LEU	5, 248	1490	LEU	9, 43	3059	nuc	nuc	0.75
PRO	5, 249	1491	LEU	9, 43	3059	nuc	nuc	0.61
ASP	9, 42	3058	LEU	9, 43	3059	nuc	nuc	1
ASN	5, 143	1385	LYS	9, 44	3060	nuc	nuc	0.84
GLN	7, 155	2289	LYS	9, 44	3060	nuc	nuc	0.77
ASP	9, 42	3058	LYS	9, 44	3060	nuc	nuc	0.84
LEU	9, 43	3059	LYS	9, 44	3060	nuc	nuc	1
GLU	5, 140	1382	ARG	9, 45	3061	nuc	nuc	0.95
MET	5, 141	1383	ARG	9, 45	3061	nuc	nuc	0.66
ASN	5, 143	1385	ARG	9, 45	3061	nuc	nuc	0.96
ASP	5, 144	1386	ARG	9, 45	3061	nuc	nuc	0.97
LEU	9, 43	3059	ARG	9, 45	3061	nuc	nuc	0.67
LYS	9, 44	3060	ARG	9, 45	3061	nuc	nuc	1
LYS	5, 139	1381	PRO	9, 46	3062	nuc	nuc	0.67
GLU	5, 140	1382	PRO	9, 46	3062	nuc	nuc	0.96
ASN	5, 143	1385	PRO	9, 46	3062	nuc	nuc	0.97
LYS	9, 44	3060	PRO	9, 46	3062	nuc	nuc	0.92
ARG	9, 45	3061	PRO	9, 46	3062	nuc	nuc	1
GLU	5, 140	1382	LEU	9, 47	3063	nuc	nuc	0.9
LEU	7, 254	2388	LEU	9, 47	3063	nuc	nuc	0.92
PRO	7, 308	2442	LEU	9, 47	3063	nuc	nuc	0.66
ARG	9, 45	3061	LEU	9, 47	3063	nuc	nuc	0.92
PRO	9, 46	3062	LEU	9, 47	3063	nuc	nuc	1
GLN	5, 136	1378	LEU	9, 48	3064	nuc	nuc	0.97
LYS	5, 139	1381	LEU	9, 48	3064	nuc	nuc	0.91
GLU	5, 140	1382	LEU	9, 48	3064	nuc	nuc	0.95
PRO	7, 308	2442	LEU	9, 48	3064	nuc	nuc	0.89
PRO	9, 46	3062	LEU	9, 48	3064	nuc	nuc	0.98
LEU	9, 47	3063	LEU	9, 48	3064	nuc	nuc	1
VAL	5, 133	1375	CYS	9, 49	3065	nuc	nuc	0.96
GLN	5, 136	1378	CYS	9, 49	3065	nuc	nuc	0.97
GLU	5, 137	1379	CYS	9, 49	3065	nuc	nuc	0.91
GLU	5, 140	1382	CYS	9, 49	3065	nuc	nuc	0.57
PRO	7, 308	2442	CYS	9, 49	3065	nuc	nuc	0.97
LEU	9, 47	3063	CYS	9, 49	3065	nuc	nuc	0.84
LEU	9, 48	3064	CYS	9, 49	3065	nuc	nuc	1
PRO	7, 308	2442	ARG	9, 50	3066	nuc	nuc	0.99
PHE	7, 309	2443	ARG	9, 50	3066	nuc	nuc	0.92
ASP	7, 310	2444	ARG	9, 50	3066	nuc	nuc	0.75
CYS	9, 49	3065	ARG	9, 50	3066	nuc	nuc	1
VAL	5, 133	1375	GLU	9, 51	3067	nuc	nuc	0.96
GLU	5, 137	1379	GLU	9, 51	3067	nuc	nuc	0.62
ARG	7, 289	2423	GLU	9, 51	3067	nuc	nuc	0.99
GLY	7, 290	2424	GLU	9, 51	3067	nuc	nuc	0.89
CYS	9, 49	3065	GLU	9, 51	3067	nuc	nuc	0.99
ARG	9, 50	3066	GLU	9, 51	3067	nuc	nuc	1
GLN	5, 136	1378	SER	9, 52	3068	nuc	nuc	0.53
GLU	5, 137	1379	SER	9, 52	3068	nuc	nuc	0.93
GLU	5, 140	1382	SER	9, 52	3068	nuc	nuc	0.95
LEU	9, 47	3063	SER	9, 52	3068	nuc	nuc	0.96
LEU	9, 48	3064	SER	9, 52	3068	nuc	nuc	0.88
CYS	9, 49	3065	SER	9, 52	3068	nuc	nuc	0.99
ARG	9, 50	3066	SER	9, 52	3068	nuc	nuc	0.9
GLU	9, 51	3067	SER	9, 52	3068	nuc	nuc	1
PRO	7, 308	2442	MET	9, 53	3069	nuc	nuc	0.97
PHE	7, 309	2443	MET	9, 53	3069	nuc	nuc	0.92
ASP	7, 310	2444	MET	9, 53	3069	nuc	nuc	0.99
ILE	7, 329	2463	MET	9, 53	3069	nuc	nuc	0.97
LEU	9, 47	3063	MET	9, 53	3069	nuc	nuc	0.97
CYS	9, 49	3065	MET	9, 53	3069	nuc	nuc	0.94
ARG	9, 50	3066	MET	9, 53	3069	nuc	nuc	0.98
GLU	9, 51	3067	MET	9, 53	3069	nuc	nuc	0.96
SER	9, 52	3068	MET	9, 53	3069	nuc	nuc	1
GLY	7, 284	2418	SER	9, 54	3070	nuc	nuc	0.58
PRO	7, 285	2419	SER	9, 54	3070	nuc	nuc	0.98
ARG	7, 289	2423	SER	9, 54	3070	nuc	nuc	0.66
GLY	7, 290	2424	SER	9, 54	3070	nuc	nuc	0.86
SER	7, 292	2426	SER	9, 54	3070	nuc	nuc	0.79
ASP	7, 310	2444	SER	9, 54	3070	nuc	nuc	0.98
ARG	9, 50	3066	SER	9, 54	3070	nuc	nuc	0.94
GLU	9, 51	3067	SER	9, 54	3070	nuc	nuc	0.97
SER	9, 52	3068	SER	9, 54	3070	nuc	nuc	0.95
MET	9, 53	3069	SER	9, 54	3070	nuc	nuc	1
GLY	7, 284	2418	GLY	9, 55	3071	nuc	nuc	0.97
PRO	7, 285	2419	GLY	9, 55	3071	nuc	nuc	0.98
ASP	7, 310	2444	GLY	9, 55	3071	nuc	nuc	0.97
SER	7, 312	2446	GLY	9, 55	3071	nuc	nuc	0.9
MET	9, 53	3069	GLY	9, 55	3071	nuc	nuc	0.99
SER	9, 54	3070	GLY	9, 55	3071	nuc	nuc	1
GLN	7, 158	2292	ARG	9, 56	3072	nuc	nuc	0.79
ASP	7, 310	2444	ARG	9, 56	3072	nuc	nuc	0.97
ILE	7, 329	2463	ARG	9, 56	3072	nuc	nuc	0.96
LEU	9, 47	3063	ARG	9, 56	3072	nuc	nuc	0.83
MET	9, 53	3069	ARG	9, 56	3072	nuc	nuc	0.98
SER	9, 54	3070	ARG	9, 56	3072	nuc	nuc	0.96
GLY	9, 55	3071	ARG	9, 56	3072	nuc	nuc	1
GLN	7, 158	2292	SER	9, 57	3073	nuc	nuc	0.53
GLY	7, 284	2418	SER	9, 57	3073	nuc	nuc	0.72
ASP	7, 310	2444	SER	9, 57	3073	nuc	nuc	0.98
ALA	7, 311	2445	SER	9, 57	3073	nuc	nuc	0.97
SER	7, 312	2446	SER	9, 57	3073	nuc	nuc	0.99
TYR	7, 327	2461	SER	9, 57	3073	nuc	nuc	0.99
THR	7, 328	2462	SER	9, 57	3073	nuc	nuc	0.93
ILE	7, 329	2463	SER	9, 57	3073	nuc	nuc	0.98
GLY	9, 55	3071	SER	9, 57	3073	nuc	nuc	1
ARG	9, 56	3072	SER	9, 57	3073	nuc	nuc	1
GLN	7, 158	2292	ALA	9, 58	3074	nuc	nuc	0.98
VAL	7, 161	2295	ALA	9, 58	3074	nuc	nuc	0.71
LEU	7, 162	2296	ALA	9, 58	3074	nuc	nuc	0.97
ALA	7, 258	2392	ALA	9, 58	3074	nuc	nuc	0.82
SER	7, 312	2446	ALA	9, 58	3074	nuc	nuc	0.9
PHE	7, 314	2448	ALA	9, 58	3074	nuc	nuc	0.97
TYR	7, 327	2461	ALA	9, 58	3074	nuc	nuc	0.98
SER	9, 57	3073	ALA	9, 58	3074	nuc	nuc	1
GLN	7, 278	2412	ARG	9, 59	3075	nuc	nuc	0.59
ALA	7, 283	2417	ARG	9, 59	3075	nuc	nuc	0.92
GLY	7, 284	2418	ARG	9, 59	3075	nuc	nuc	0.93
SER	7, 312	2446	ARG	9, 59	3075	nuc	nuc	0.98
ALA	7, 313	2447	ARG	9, 59	3075	nuc	nuc	0.87
PHE	7, 314	2448	ARG	9, 59	3075	nuc	nuc	0.97
ASN	7, 315	2449	ARG	9, 59	3075	nuc	nuc	0.8
TYR	7, 327	2461	ARG	9, 59	3075	nuc	nuc	0.82
SER	9, 57	3073	ARG	9, 59	3075	nuc	nuc	0.98
ALA	9, 58	3074	ARG	9, 59	3075	nuc	nuc	1
PHE	7, 314	2448	ARG	9, 60	3076	nuc	nuc	0.71
ASN	7, 315	2449	ARG	9, 60	3076	nuc	nuc	0.83
VAL	7, 316	2450	ARG	9, 60	3076	nuc	nuc	0.97
ALA	9, 58	3074	ARG	9, 60	3076	nuc	nuc	0.95
ARG	9, 59	3075	ARG	9, 60	3076	nuc	nuc	1
THR	7, 103	2237	ASP	9, 61	3077	nuc	nuc	0.92
ARG	7, 104	2238	ASP	9, 61	3077	nuc	nuc	0.92
LEU	7, 162	2296	ASP	9, 61	3077	nuc	nuc	0.92
VAL	7, 316	2450	ASP	9, 61	3077	nuc	nuc	0.99
ARG	9, 60	3076	ASP	9, 61	3077	nuc	nuc	1
THR	7, 103	2237	LEU	9, 62	3078	nuc	nuc	0.75
VAL	7, 159	2293	LEU	9, 62	3078	nuc	nuc	0.97
LEU	7, 162	2296	LEU	9, 62	3078	nuc	nuc	0.98
GLU	7, 163	2297	LEU	9, 62	3078	nuc	nuc	0.64
LEU	7, 178	2312	LEU	9, 62	3078	nuc	nuc	0.95
ASP	9, 61	3077	LEU	9, 62	3078	nuc	nuc	1
TYR	7, 101	2235	VAL	9, 63	3079	nuc	nuc	0.98
SER	7, 102	2236	VAL	9, 63	3079	nuc	nuc	0.84
THR	7, 103	2237	VAL	9, 63	3079	nuc	nuc	0.99
ASP	9, 61	3077	VAL	9, 63	3079	nuc	nuc	0.91
LEU	9, 62	3078	VAL	9, 63	3079	nuc	nuc	1
ARG	7, 72	2206	ALA	9, 64	3080	nuc	nuc	0.92
TYR	7, 101	2235	ALA	9, 64	3080	nuc	nuc	0.97
SER	7, 102	2236	ALA	9, 64	3080	nuc	nuc	0.99
THR	7, 103	2237	ALA	9, 64	3080	nuc	nuc	0.58
ALA	7, 153	2287	ALA	9, 64	3080	nuc	nuc	0.93
LEU	7, 178	2312	ALA	9, 64	3080	nuc	nuc	0.98
TYR	7, 179	2313	ALA	9, 64	3080	nuc	nuc	0.82
LEU	9, 62	3078	ALA	9, 64	3080	nuc	nuc	0.99
VAL	9, 63	3079	ALA	9, 64	3080	nuc	nuc	1
ARG	7, 72	2206	GLY	9, 65	3081	nuc	nuc	0.85
SER	7, 99	2233	GLY	9, 65	3081	nuc	nuc	0.97
VAL	7, 100	2234	GLY	9, 65	3081	nuc	nuc	0.99
TYR	7, 101	2235	GLY	9, 65	3081	nuc	nuc	0.99
SER	7, 102	2236	GLY	9, 65	3081	nuc	nuc	0.97
VAL	9, 63	3079	GLY	9, 65	3081	nuc	nuc	1
ALA	9, 64	3080	GLY	9, 65	3081	nuc	nuc	1
THR	5, 283	1525	ILE	9, 66	3082	nuc	nuc	0.85
GLY	5, 285	1527	ILE	9, 66	3082	nuc	nuc	0.91
ARG	7, 72	2206	ILE	9, 66	3082	nuc	nuc	0.99
LEU	7, 73	2207	ILE	9, 66	3082	nuc	nuc	0.98
SER	7, 75	2209	ILE	9, 66	3082	nuc	nuc	0.71
SER	7, 99	2233	ILE	9, 66	3082	nuc	nuc	0.97
VAL	7, 100	2234	ILE	9, 66	3082	nuc	nuc	0.99
ASP	7, 149	2283	ILE	9, 66	3082	nuc	nuc	0.9
ALA	9, 64	3080	ILE	9, 66	3082	nuc	nuc	0.98
GLY	9, 65	3081	ILE	9, 66	3082	nuc	nuc	1
PHE	5, 284	1526	SER	9, 67	3083	nuc	nuc	0.82
GLY	5, 285	1527	SER	9, 67	3083	nuc	nuc	0.84
SER	7, 97	2231	SER	9, 67	3083	nuc	nuc	0.98
LEU	7, 98	2232	SER	9, 67	3083	nuc	nuc	0.97
SER	7, 99	2233	SER	9, 67	3083	nuc	nuc	0.99
VAL	7, 100	2234	SER	9, 67	3083	nuc	nuc	0.78
GLY	9, 65	3081	SER	9, 67	3083	nuc	nuc	0.99
ILE	9, 66	3082	SER	9, 67	3083	nuc	nuc	1
PHE	5, 284	1526	LEU	9, 68	3084	nuc	nuc	0.95
GLY	5, 285	1527	LEU	9, 68	3084	nuc	nuc	0.98
GLY	5, 286	1528	LEU	9, 68	3084	nuc	nuc	0.95
SER	7, 75	2209	LEU	9, 68	3084	nuc	nuc	0.74
PRO	7, 76	2210	LEU	9, 68	3084	nuc	nuc	0.98
THR	7, 88	2222	LEU	9, 68	3084	nuc	nuc	0.97
ILE	7, 91	2225	LEU	9, 68	3084	nuc	nuc	0.95
GLU	7, 92	2226	LEU	9, 68	3084	nuc	nuc	0.66
SER	7, 97	2231	LEU	9, 68	3084	nuc	nuc	0.95
LEU	7, 98	2232	LEU	9, 68	3084	nuc	nuc	0.99
SER	7, 99	2233	LEU	9, 68	3084	nuc	nuc	0.79
SER	9, 67	3083	LEU	9, 68	3084	nuc	nuc	1
PHE	5, 284	1526	ASN	9, 69	3085	nuc	nuc	0.93
GLY	5, 286	1528	ASN	9, 69	3085	nuc	nuc	0.6
LEU	5, 290	1532	ASN	9, 69	3085	nuc	nuc	0.6
GLU	7, 92	2226	ASN	9, 69	3085	nuc	nuc	0.94
GLY	7, 96	2230	ASN	9, 69	3085	nuc	nuc	0.54
SER	7, 97	2231	ASN	9, 69	3085	nuc	nuc	0.98
SER	9, 67	3083	ASN	9, 69	3085	nuc	nuc	0.99
LEU	9, 68	3084	ASN	9, 69	3085	nuc	nuc	1
PHE	5, 284	1526	ALA	9, 70	3086	nuc	nuc	0.77
SER	7, 97	2231	ALA	9, 70	3086	nuc	nuc	0.95
SER	7, 99	2233	ALA	9, 70	3086	nuc	nuc	0.87
SER	9, 67	3083	ALA	9, 70	3086	nuc	nuc	0.98
LEU	9, 68	3084	ALA	9, 70	3086	nuc	nuc	0.86
ASN	9, 69	3085	ALA	9, 70	3086	nuc	nuc	1
ASP	5, 281	1523	PRO	9, 71	3087	nuc	nuc	0.98
THR	5, 283	1525	PRO	9, 71	3087	nuc	nuc	0.97
PHE	5, 284	1526	PRO	9, 71	3087	nuc	nuc	0.85
ARG	9, 35	3051	PRO	9, 71	3087	nuc	nuc	0.54
PRO	9, 36	3052	PRO	9, 71	3087	nuc	nuc	0.55
GLU	9, 37	3053	PRO	9, 71	3087	nuc	nuc	0.57
LYS	9, 38	3054	PRO	9, 71	3087	nuc	nuc	0.56
SER	9, 67	3083	PRO	9, 71	3087	nuc	nuc	0.84
ALA	9, 70	3086	PRO	9, 71	3087	nuc	nuc	1
THR	5, 283	1525	ALA	9, 72	3088	nuc	nuc	0.98
ASP	7, 149	2283	ALA	9, 72	3088	nuc	nuc	0.97
VAL	7, 152	2286	ALA	9, 72	3088	nuc	nuc	0.96
ALA	7, 153	2287	ALA	9, 72	3088	nuc	nuc	0.76
ALA	9, 64	3080	ALA	9, 72	3088	nuc	nuc	0.7
GLY	9, 65	3081	ALA	9, 72	3088	nuc	nuc	0.99
ILE	9, 66	3082	ALA	9, 72	3088	nuc	nuc	0.99
SER	9, 67	3083	ALA	9, 72	3088	nuc	nuc	0.86
PRO	9, 71	3087	ALA	9, 72	3088	nuc	nuc	1
ALA	9, 64	3080	SER	9, 73	3089	nuc	nuc	0.73
GLY	9, 65	3081	SER	9, 73	3089	nuc	nuc	0.99
PRO	9, 71	3087	SER	9, 73	3089	nuc	nuc	0.98
ALA	9, 72	3088	SER	9, 73	3089	nuc	nuc	1
ALA	7, 153	2287	VAL	9, 74	3090	nuc	nuc	0.99
SER	7, 156	2290	VAL	9, 74	3090	nuc	nuc	0.96
VAL	7, 159	2293	VAL	9, 74	3090	nuc	nuc	0.97
LEU	9, 62	3078	VAL	9, 74	3090	nuc	nuc	0.97
VAL	9, 63	3079	VAL	9, 74	3090	nuc	nuc	0.95
ALA	9, 64	3080	VAL	9, 74	3090	nuc	nuc	0.98
GLY	9, 65	3081	VAL	9, 74	3090	nuc	nuc	0.94
ALA	9, 72	3088	VAL	9, 74	3090	nuc	nuc	0.91
SER	9, 73	3089	VAL	9, 74	3090	nuc	nuc	1
LEU	9, 62	3078	ARG	9, 75	3091	nuc	nuc	0.92
VAL	9, 63	3079	ARG	9, 75	3091	nuc	nuc	0.98
SER	9, 73	3089	ARG	9, 75	3091	nuc	nuc	0.99
VAL	9, 74	3090	ARG	9, 75	3091	nuc	nuc	1
GLN	7, 158	2292	TYR	9, 76	3092	nuc	nuc	0.95
VAL	7, 159	2293	TYR	9, 76	3092	nuc	nuc	0.69
LEU	7, 162	2296	TYR	9, 76	3092	nuc	nuc	0.87
ALA	9, 58	3074	TYR	9, 76	3092	nuc	nuc	0.96
ARG	9, 59	3075	TYR	9, 76	3092	nuc	nuc	0.76
ARG	9, 60	3076	TYR	9, 76	3092	nuc	nuc	0.94
ASP	9, 61	3077	TYR	9, 76	3092	nuc	nuc	0.83
LEU	9, 62	3078	TYR	9, 76	3092	nuc	nuc	0.96
VAL	9, 63	3079	TYR	9, 76	3092	nuc	nuc	0.73
VAL	9, 74	3090	TYR	9, 76	3092	nuc	nuc	0.96
ARG	9, 75	3091	TYR	9, 76	3092	nuc	nuc	1
MET	10, 1	3093	LEU	10, 2	3094	nuc	nuc	1
MET	10, 1	3093	SER	10, 3	3095	nuc	nuc	0.91
LEU	10, 2	3094	SER	10, 3	3095	nuc	nuc	1
SER	10, 3	3095	VAL	10, 4	3096	nuc	nuc	1
SER	10, 3	3095	ALA	10, 5	3097	nuc	nuc	0.92
VAL	10, 4	3096	ALA	10, 5	3097	nuc	nuc	1
MET	10, 1	3093	ALA	10, 6	3098	nuc	nuc	0.61
LEU	10, 2	3094	ALA	10, 6	3098	nuc	nuc	0.52
SER	10, 3	3095	ALA	10, 6	3098	nuc	nuc	0.8
VAL	10, 4	3096	ALA	10, 6	3098	nuc	nuc	0.85
ALA	10, 5	3097	ALA	10, 6	3098	nuc	nuc	1
SER	10, 3	3095	ARG	10, 7	3099	nuc	nuc	0.64
VAL	10, 4	3096	ARG	10, 7	3099	nuc	nuc	0.81
ALA	10, 5	3097	ARG	10, 7	3099	nuc	nuc	0.77
ALA	10, 6	3098	ARG	10, 7	3099	nuc	nuc	1
ALA	10, 6	3098	SER	10, 8	3100	nuc	nuc	0.53
ARG	10, 7	3099	SER	10, 8	3100	nuc	nuc	1
ARG	10, 7	3099	GLY	10, 9	3101	nuc	nuc	0.91
SER	10, 8	3100	GLY	10, 9	3101	nuc	nuc	1
GLY	10, 9	3101	PRO	10, 10	3102	nuc	nuc	1
GLY	10, 9	3101	PHE	10, 11	3103	nuc	nuc	0.88
PRO	10, 10	3102	PHE	10, 11	3103	nuc	nuc	1
PRO	10, 10	3102	ALA	10, 12	3104	nuc	nuc	0.76
PHE	10, 11	3103	ALA	10, 12	3104	nuc	nuc	1
PHE	10, 11	3103	PRO	10, 13	3105	nuc	nuc	0.79
ALA	10, 12	3104	PRO	10, 13	3105	nuc	nuc	1
ALA	10, 12	3104	TYR	10, 14	3106	nuc	nuc	0.84
PRO	10, 13	3105	TYR	10, 14	3106	nuc	nuc	1
PRO	10, 13	3105	LEU	10, 15	3107	nuc	nuc	0.8
TYR	10, 14	3106	LEU	10, 15	3107	nuc	nuc	1
TYR	10, 14	3106	SER	10, 16	3108	nuc	nuc	0.78
LEU	10, 15	3107	SER	10, 16	3108	nuc	nuc	1
LEU	10, 15	3107	ALA	10, 17	3109	nuc	nuc	0.61
SER	10, 16	3108	ALA	10, 17	3109	nuc	nuc	1
SER	10, 16	3108	ALA	10, 18	3110	nuc	nuc	0.82
ALA	10, 17	3109	ALA	10, 18	3110	nuc	nuc	1
ALA	10, 18	3110	ALA	10, 19	3111	nuc	nuc	1
ALA	10, 18	3110	HIS	10, 20	3112	nuc	nuc	0.82
ALA	10, 19	3111	HIS	10, 20	3112	nuc	nuc	1
ALA	10, 19	3111	ALA	10, 21	3113	nuc	nuc	0.56
HIS	10, 20	3112	ALA	10, 21	3113	nuc	nuc	1
HIS	10, 20	3112	VAL	10, 22	3114	nuc	nuc	0.75
ALA	10, 21	3113	VAL	10, 22	3114	nuc	nuc	1
ALA	10, 21	3113	PRO	10, 23	3115	nuc	nuc	0.78
VAL	10, 22	3114	PRO	10, 23	3115	nuc	nuc	1
VAL	10, 22	3114	GLY	10, 24	3116	nuc	nuc	0.95
PRO	10, 23	3115	GLY	10, 24	3116	nuc	nuc	1
GLY	10, 24	3116	PRO	10, 25	3117	nuc	nuc	1
GLY	10, 24	3116	LEU	10, 26	3118	nuc	nuc	0.86
PRO	10, 25	3117	LEU	10, 26	3118	nuc	nuc	1
PRO	10, 25	3117	LYS	10, 27	3119	nuc	nuc	0.72
LEU	10, 26	3118	LYS	10, 27	3119	nuc	nuc	1
LEU	10, 26	3118	ALA	10, 28	3120	nuc	nuc	0.72
LYS	10, 27	3119	ALA	10, 28	3120	nuc	nuc	1
LYS	10, 27	3119	LEU	10, 29	3121	nuc	nuc	0.74
ALA	10, 28	3120	LEU	10, 29	3121	nuc	nuc	1
ALA	10, 28	3120	ALA	10, 30	3122	nuc	nuc	0.83
LEU	10, 29	3121	ALA	10, 30	3122	nuc	nuc	1
LEU	10, 29	3121	PRO	10, 31	3123	nuc	nuc	0.6
ALA	10, 30	3122	PRO	10, 31	3123	nuc	nuc	1
ALA	10, 30	3122	ALA	10, 32	3124	nuc	nuc	0.73
PRO	10, 31	3123	ALA	10, 32	3124	nuc	nuc	1
PRO	10, 31	3123	ALA	10, 33	3125	nuc	nuc	0.79
ALA	10, 32	3124	ALA	10, 33	3125	nuc	nuc	1
ALA	10, 32	3124	LEU	10, 34	3126	nuc	nuc	0.76
ALA	10, 33	3125	LEU	10, 34	3126	nuc	nuc	1
ALA	10, 33	3125	ARG	10, 35	3127	nuc	nuc	0.59
LEU	10, 34	3126	ARG	10, 35	3127	nuc	nuc	1
ARG	10, 35	3127	PRO	10, 36	3128	nuc	nuc	1
ASP	6, 281	1969	GLU	10, 37	3129	nuc	nuc	0.61
SER	6, 306	1994	GLU	10, 37	3129	nuc	nuc	0.62
ARG	10, 35	3127	GLU	10, 37	3129	nuc	nuc	0.64
PRO	10, 36	3128	GLU	10, 37	3129	nuc	nuc	1
ASP	6, 281	1969	LYS	10, 38	3130	nuc	nuc	0.6
THR	6, 283	1971	LYS	10, 38	3130	nuc	nuc	0.58
SER	6, 306	1994	LYS	10, 38	3130	nuc	nuc	0.54
VAL	8, 152	2727	LYS	10, 38	3130	nuc	nuc	0.66
PRO	10, 36	3128	LYS	10, 38	3130	nuc	nuc	0.8
GLU	10, 37	3129	LYS	10, 38	3130	nuc	nuc	1
VAL	6, 250	1938	VAL	10, 39	3131	nuc	nuc	0.67
HIS	6, 305	1993	VAL	10, 39	3131	nuc	nuc	0.81
SER	6, 306	1994	VAL	10, 39	3131	nuc	nuc	0.72
VAL	6, 325	2013	VAL	10, 39	3131	nuc	nuc	0.75
GLU	10, 37	3129	VAL	10, 39	3131	nuc	nuc	0.83
LYS	10, 38	3130	VAL	10, 39	3131	nuc	nuc	1
ARG	6, 282	1970	VAL	10, 40	3132	nuc	nuc	0.59
HIS	6, 305	1993	VAL	10, 40	3132	nuc	nuc	0.83
VAL	8, 148	2723	VAL	10, 40	3132	nuc	nuc	0.69
ALA	8, 151	2726	VAL	10, 40	3132	nuc	nuc	0.82
VAL	8, 152	2727	VAL	10, 40	3132	nuc	nuc	0.81
GLN	8, 155	2730	VAL	10, 40	3132	nuc	nuc	0.59
LYS	10, 38	3130	VAL	10, 40	3132	nuc	nuc	0.71
VAL	10, 39	3131	VAL	10, 40	3132	nuc	nuc	1
PRO	6, 249	1937	LEU	10, 41	3133	nuc	nuc	0.88
VAL	6, 250	1938	LEU	10, 41	3133	nuc	nuc	0.83
VAL	10, 39	3131	LEU	10, 41	3133	nuc	nuc	0.87
VAL	10, 40	3132	LEU	10, 41	3133	nuc	nuc	1
MET	6, 145	1833	ASP	10, 42	3134	nuc	nuc	0.84
PRO	6, 249	1937	ASP	10, 42	3134	nuc	nuc	0.82
VAL	6, 250	1938	ASP	10, 42	3134	nuc	nuc	0.9
VAL	6, 325	2013	ASP	10, 42	3134	nuc	nuc	0.75
VAL	10, 39	3131	ASP	10, 42	3134	nuc	nuc	0.66
VAL	10, 40	3132	ASP	10, 42	3134	nuc	nuc	0.79
LEU	10, 41	3133	ASP	10, 42	3134	nuc	nuc	1
ASN	6, 143	1831	LEU	10, 43	3135	nuc	nuc	0.88
MET	6, 145	1833	LEU	10, 43	3135	nuc	nuc	0.85
LEU	6, 248	1936	LEU	10, 43	3135	nuc	nuc	0.76
PRO	6, 249	1937	LEU	10, 43	3135	nuc	nuc	0.62
ASP	10, 42	3134	LEU	10, 43	3135	nuc	nuc	1
ASN	6, 143	1831	LYS	10, 44	3136	nuc	nuc	0.84
GLN	8, 155	2730	LYS	10, 44	3136	nuc	nuc	0.77
ASP	10, 42	3134	LYS	10, 44	3136	nuc	nuc	0.84
LEU	10, 43	3135	LYS	10, 44	3136	nuc	nuc	1
GLU	6, 140	1828	ARG	10, 45	3137	nuc	nuc	0.95
MET	6, 141	1829	ARG	10, 45	3137	nuc	nuc	0.66
ASN	6, 143	1831	ARG	10, 45	3137	nuc	nuc	0.96
ASP	6, 144	1832	ARG	10, 45	3137	nuc	nuc	0.97
LEU	10, 43	3135	ARG	10, 45	3137	nuc	nuc	0.67
LYS	10, 44	3136	ARG	10, 45	3137	nuc	nuc	1
LYS	6, 139	1827	PRO	10, 46	3138	nuc	nuc	0.66
GLU	6, 140	1828	PRO	10, 46	3138	nuc	nuc	0.96
ASN	6, 143	1831	PRO	10, 46	3138	nuc	nuc	0.97
LYS	10, 44	3136	PRO	10, 46	3138	nuc	nuc	0.92
ARG	10, 45	3137	PRO	10, 46	3138	nuc	nuc	1
GLU	6, 140	1828	LEU	10, 47	3139	nuc	nuc	0.9
LEU	8, 254	2829	LEU	10, 47	3139	nuc	nuc	0.91
PRO	8, 308	2883	LEU	10, 47	3139	nuc	nuc	0.66
ARG	10, 45	3137	LEU	10, 47	3139	nuc	nuc	0.92
PRO	10, 46	3138	LEU	10, 47	3139	nuc	nuc	1
GLN	6, 136	1824	LEU	10, 48	3140	nuc	nuc	0.97
LYS	6, 139	1827	LEU	10, 48	3140	nuc	nuc	0.91
GLU	6, 140	1828	LEU	10, 48	3140	nuc	nuc	0.95
PRO	8, 308	2883	LEU	10, 48	3140	nuc	nuc	0.89
PRO	10, 46	3138	LEU	10, 48	3140	nuc	nuc	0.98
LEU	10, 47	3139	LEU	10, 48	3140	nuc	nuc	1
VAL	6, 133	1821	CYS	10, 49	3141	nuc	nuc	0.96
GLN	6, 136	1824	CYS	10, 49	3141	nuc	nuc	0.98
GLU	6, 137	1825	CYS	10, 49	3141	nuc	nuc	0.91
GLU	6, 140	1828	CYS	10, 49	3141	nuc	nuc	0.56
PRO	8, 308	2883	CYS	10, 49	3141	nuc	nuc	0.97
LEU	10, 47	3139	CYS	10, 49	3141	nuc	nuc	0.84
LEU	10, 48	3140	CYS	10, 49	3141	nuc	nuc	1
PRO	8, 308	2883	ARG	10, 50	3142	nuc	nuc	0.99
PHE	8, 309	2884	ARG	10, 50	3142	nuc	nuc	0.92
ASP	8, 310	2885	ARG	10, 50	3142	nuc	nuc	0.75
CYS	10, 49	3141	ARG	10, 50	3142	nuc	nuc	1
VAL	6, 133	1821	GLU	10, 51	3143	nuc	nuc	0.96
GLU	6, 137	1825	GLU	10, 51	3143	nuc	nuc	0.61
ARG	8, 289	2864	GLU	10, 51	3143	nuc	nuc	0.99
GLY	8, 290	2865	GLU	10, 51	3143	nuc	nuc	0.89
CYS	10, 49	3141	GLU	10, 51	3143	nuc	nuc	0.99
ARG	10, 50	3142	GLU	10, 51	3143	nuc	nuc	1
GLN	6, 136	1824	SER	10, 52	3144	nuc	nuc	0.53
GLU	6, 137	1825	SER	10, 52	3144	nuc	nuc	0.93
GLU	6, 140	1828	SER	10, 52	3144	nuc	nuc	0.95
LEU	10, 47	3139	SER	10, 52	3144	nuc	nuc	0.96
LEU	10, 48	3140	SER	10, 52	3144	nuc	nuc	0.88
CYS	10, 49	3141	SER	10, 52	3144	nuc	nuc	0.99
ARG	10, 50	3142	SER	10, 52	3144	nuc	nuc	0.9
GLU	10, 51	3143	SER	10, 52	3144	nuc	nuc	1
PRO	8, 308	2883	MET	10, 53	3145	nuc	nuc	0.97
PHE	8, 309	2884	MET	10, 53	3145	nuc	nuc	0.92
ASP	8, 310	2885	MET	10, 53	3145	nuc	nuc	0.99
ILE	8, 329	2904	MET	10, 53	3145	nuc	nuc	0.97
LEU	10, 47	3139	MET	10, 53	3145	nuc	nuc	0.97
CYS	10, 49	3141	MET	10, 53	3145	nuc	nuc	0.94
ARG	10, 50	3142	MET	10, 53	3145	nuc	nuc	0.98
GLU	10, 51	3143	MET	10, 53	3145	nuc	nuc	0.95
SER	10, 52	3144	MET	10, 53	3145	nuc	nuc	1
GLY	8, 284	2859	SER	10, 54	3146	nuc	nuc	0.58
PRO	8, 285	2860	SER	10, 54	3146	nuc	nuc	0.98
ARG	8, 289	2864	SER	10, 54	3146	nuc	nuc	0.66
GLY	8, 290	2865	SER	10, 54	3146	nuc	nuc	0.86
SER	8, 292	2867	SER	10, 54	3146	nuc	nuc	0.79
ASP	8, 310	2885	SER	10, 54	3146	nuc	nuc	0.98
ARG	10, 50	3142	SER	10, 54	3146	nuc	nuc	0.94
GLU	10, 51	3143	SER	10, 54	3146	nuc	nuc	0.97
SER	10, 52	3144	SER	10, 54	3146	nuc	nuc	0.95
MET	10, 53	3145	SER	10, 54	3146	nuc	nuc	1
GLY	8, 284	2859	GLY	10, 55	3147	nuc	nuc	0.97
PRO	8, 285	2860	GLY	10, 55	3147	nuc	nuc	0.98
ASP	8, 310	2885	GLY	10, 55	3147	nuc	nuc	0.97
SER	8, 312	2887	GLY	10, 55	3147	nuc	nuc	0.9
MET	10, 53	3145	GLY	10, 55	3147	nuc	nuc	0.99
SER	10, 54	3146	GLY	10, 55	3147	nuc	nuc	1
GLN	8, 158	2733	ARG	10, 56	3148	nuc	nuc	0.79
ASP	8, 310	2885	ARG	10, 56	3148	nuc	nuc	0.97
ILE	8, 329	2904	ARG	10, 56	3148	nuc	nuc	0.96
LEU	10, 47	3139	ARG	10, 56	3148	nuc	nuc	0.82
MET	10, 53	3145	ARG	10, 56	3148	nuc	nuc	0.98
SER	10, 54	3146	ARG	10, 56	3148	nuc	nuc	0.96
GLY	10, 55	3147	ARG	10, 56	3148	nuc	nuc	1
GLN	8, 158	2733	SER	10, 57	3149	nuc	nuc	0.53
GLY	8, 284	2859	SER	10, 57	3149	nuc	nuc	0.72
ASP	8, 310	2885	SER	10, 57	3149	nuc	nuc	0.98
ALA	8, 311	2886	SER	10, 57	3149	nuc	nuc	0.97
SER	8, 312	2887	SER	10, 57	3149	nuc	nuc	0.99
TYR	8, 327	2902	SER	10, 57	3149	nuc	nuc	0.99
THR	8, 328	2903	SER	10, 57	3149	nuc	nuc	0.92
ILE	8, 329	2904	SER	10, 57	3149	nuc	nuc	0.98
GLY	10, 55	3147	SER	10, 57	3149	nuc	nuc	1
ARG	10, 56	3148	SER	10, 57	3149	nuc	nuc	1
GLN	8, 158	2733	ALA	10, 58	3150	nuc	nuc	0.98
VAL	8, 161	2736	ALA	10, 58	3150	nuc	nuc	0.7
LEU	8, 162	2737	ALA	10, 58	3150	nuc	nuc	0.97
ALA	8, 258	2833	ALA	10, 58	3150	nuc	nuc	0.81
SER	8, 312	2887	ALA	10, 58	3150	nuc	nuc	0.9
PHE	8, 314	2889	ALA	10, 58	3150	nuc	nuc	0.97
TYR	8, 327	2902	ALA	10, 58	3150	nuc	nuc	0.98
SER	10, 57	3149	ALA	10, 58	3150	nuc	nuc	1
GLN	8, 278	2853	ARG	10, 59	3151	nuc	nuc	0.59
ALA	8, 283	2858	ARG	10, 59	3151	nuc	nuc	0.92
GLY	8, 284	2859	ARG	10, 59	3151	nuc	nuc	0.93
SER	8, 312	2887	ARG	10, 59	3151	nuc	nuc	0.98
ALA	8, 313	2888	ARG	10, 59	3151	nuc	nuc	0.87
PHE	8, 314	2889	ARG	10, 59	3151	nuc	nuc	0.97
ASN	8, 315	2890	ARG	10, 59	3151	nuc	nuc	0.8
TYR	8, 327	2902	ARG	10, 59	3151	nuc	nuc	0.81
SER	10, 57	3149	ARG	10, 59	3151	nuc	nuc	0.97
ALA	10, 58	3150	ARG	10, 59	3151	nuc	nuc	1
PHE	8, 314	2889	ARG	10, 60	3152	nuc	nuc	0.71
ASN	8, 315	2890	ARG	10, 60	3152	nuc	nuc	0.82
VAL	8, 316	2891	ARG	10, 60	3152	nuc	nuc	0.97
ALA	10, 58	3150	ARG	10, 60	3152	nuc	nuc	0.95
ARG	10, 59	3151	ARG	10, 60	3152	nuc	nuc	1
THR	8, 103	2678	ASP	10, 61	3153	nuc	nuc	0.92
ARG	8, 104	2679	ASP	10, 61	3153	nuc	nuc	0.92
LEU	8, 162	2737	ASP	10, 61	3153	nuc	nuc	0.92
VAL	8, 316	2891	ASP	10, 61	3153	nuc	nuc	0.99
ARG	10, 60	3152	ASP	10, 61	3153	nuc	nuc	1
THR	8, 103	2678	LEU	10, 62	3154	nuc	nuc	0.75
VAL	8, 159	2734	LEU	10, 62	3154	nuc	nuc	0.97
LEU	8, 162	2737	LEU	10, 62	3154	nuc	nuc	0.98
GLU	8, 163	2738	LEU	10, 62	3154	nuc	nuc	0.63
LEU	8, 178	2753	LEU	10, 62	3154	nuc	nuc	0.95
ASP	10, 61	3153	LEU	10, 62	3154	nuc	nuc	1
TYR	8, 101	2676	VAL	10, 63	3155	nuc	nuc	0.98
SER	8, 102	2677	VAL	10, 63	3155	nuc	nuc	0.83
THR	8, 103	2678	VAL	10, 63	3155	nuc	nuc	0.99
ASP	10, 61	3153	VAL	10, 63	3155	nuc	nuc	0.92
LEU	10, 62	3154	VAL	10, 63	3155	nuc	nuc	1
ARG	8, 72	2647	ALA	10, 64	3156	nuc	nuc	0.92
TYR	8, 101	2676	ALA	10, 64	3156	nuc	nuc	0.97
SER	8, 102	2677	ALA	10, 64	3156	nuc	nuc	0.99
THR	8, 103	2678	ALA	10, 64	3156	nuc	nuc	0.57
ALA	8, 153	2728	ALA	10, 64	3156	nuc	nuc	0.93
LEU	8, 178	2753	ALA	10, 64	3156	nuc	nuc	0.98
TYR	8, 179	2754	ALA	10, 64	3156	nuc	nuc	0.83
LEU	10, 62	3154	ALA	10, 64	3156	nuc	nuc	0.99
VAL	10, 63	3155	ALA	10, 64	3156	nuc	nuc	1
ARG	8, 72	2647	GLY	10, 65	3157	nuc	nuc	0.85
SER	8, 99	2674	GLY	10, 65	3157	nuc	nuc	0.98
VAL	8, 100	2675	GLY	10, 65	3157	nuc	nuc	0.99
TYR	8, 101	2676	GLY	10, 65	3157	nuc	nuc	0.99
SER	8, 102	2677	GLY	10, 65	3157	nuc	nuc	0.97
VAL	10, 63	3155	GLY	10, 65	3157	nuc	nuc	1
ALA	10, 64	3156	GLY	10, 65	3157	nuc	nuc	1
THR	6, 283	1971	ILE	10, 66	3158	nuc	nuc	0.85
GLY	6, 285	1973	ILE	10, 66	3158	nuc	nuc	0.91
ARG	8, 72	2647	ILE	10, 66	3158	nuc	nuc	0.99
LEU	8, 73	2648	ILE	10, 66	3158	nuc	nuc	0.98
SER	8, 75	2650	ILE	10, 66	3158	nuc	nuc	0.71
SER	8, 99	2674	ILE	10, 66	3158	nuc	nuc	0.97
VAL	8, 100	2675	ILE	10, 66	3158	nuc	nuc	0.99
ASP	8, 149	2724	ILE	10, 66	3158	nuc	nuc	0.9
ALA	10, 64	3156	ILE	10, 66	3158	nuc	nuc	0.97
GLY	10, 65	3157	ILE	10, 66	3158	nuc	nuc	1
PHE	6, 284	1972	SER	10, 67	3159	nuc	nuc	0.82
GLY	6, 285	1973	SER	10, 67	3159	nuc	nuc	0.84
SER	8, 97	2672	SER	10, 67	3159	nuc	nuc	0.98
LEU	8, 98	2673	SER	10, 67	3159	nuc	nuc	0.96
SER	8, 99	2674	SER	10, 67	3159	nuc	nuc	0.99
VAL	8, 100	2675	SER	10, 67	3159	nuc	nuc	0.78
GLY	10, 65	3157	SER	10, 67	3159	nuc	nuc	0.99
ILE	10, 66	3158	SER	10, 67	3159	nuc	nuc	1
PHE	6, 284	1972	LEU	10, 68	3160	nuc	nuc	0.95
GLY	6, 285	1973	LEU	10, 68	3160	nuc	nuc	0.98
GLY	6, 286	1974	LEU	10, 68	3160	nuc	nuc	0.95
SER	8, 75	2650	LEU	10, 68	3160	nuc	nuc	0.74
PRO	8, 76	2651	LEU	10, 68	3160	nuc	nuc	0.98
THR	8, 88	2663	LEU	10, 68	3160	nuc	nuc	0.97
ILE	8, 91	2666	LEU	10, 68	3160	nuc	nuc	0.96
GLU	8, 92	2667	LEU	10, 68	3160	nuc	nuc	0.66
SER	8, 97	2672	LEU	10, 68	3160	nuc	nuc	0.95
LEU	8, 98	2673	LEU	10, 68	3160	nuc	nuc	0.99
SER	8, 99	2674	LEU	10, 68	3160	nuc	nuc	0.79
SER	10, 67	3159	LEU	10, 68	3160	nuc	nuc	1
PHE	6, 284	1972	ASN	10, 69	3161	nuc	nuc	0.93
GLY	6, 286	1974	ASN	10, 69	3161	nuc	nuc	0.6
LEU	6, 290	1978	ASN	10, 69	3161	nuc	nuc	0.6
GLU	8, 92	2667	ASN	10, 69	3161	nuc	nuc	0.94
GLY	8, 96	2671	ASN	10, 69	3161	nuc	nuc	0.54
SER	8, 97	2672	ASN	10, 69	3161	nuc	nuc	0.98
SER	10, 67	3159	ASN	10, 69	3161	nuc	nuc	0.99
LEU	10, 68	3160	ASN	10, 69	3161	nuc	nuc	1
PHE	6, 284	1972	ALA	10, 70	3162	nuc	nuc	0.77
SER	8, 97	2672	ALA	10, 70	3162	nuc	nuc	0.95
SER	8, 99	2674	ALA	10, 70	3162	nuc	nuc	0.87
SER	10, 67	3159	ALA	10, 70	3162	nuc	nuc	0.98
LEU	10, 68	3160	ALA	10, 70	3162	nuc	nuc	0.86
ASN	10, 69	3161	ALA	10, 70	3162	nuc	nuc	1
ASP	6, 281	1969	PRO	10, 71	3163	nuc	nuc	0.98
THR	6, 283	1971	PRO	10, 71	3163	nuc	nuc	0.97
PHE	6, 284	1972	PRO	10, 71	3163	nuc	nuc	0.85
ARG	10, 35	3127	PRO	10, 71	3163	nuc	nuc	0.54
PRO	10, 36	3128	PRO	10, 71	3163	nuc	nuc	0.55
GLU	10, 37	3129	PRO	10, 71	3163	nuc	nuc	0.56
LYS	10, 38	3130	PRO	10, 71	3163	nuc	nuc	0.56
SER	10, 67	3159	PRO	10, 71	3163	nuc	nuc	0.84
ALA	10, 70	3162	PRO	10, 71	3163	nuc	nuc	1
THR	6, 283	1971	ALA	10, 72	3164	nuc	nuc	0.98
ASP	8, 149	2724	ALA	10, 72	3164	nuc	nuc	0.97
VAL	8, 152	2727	ALA	10, 72	3164	nuc	nuc	0.96
ALA	8, 153	2728	ALA	10, 72	3164	nuc	nuc	0.77
ALA	10, 64	3156	ALA	10, 72	3164	nuc	nuc	0.69
GLY	10, 65	3157	ALA	10, 72	3164	nuc	nuc	0.99
ILE	10, 66	3158	ALA	10, 72	3164	nuc	nuc	0.99
SER	10, 67	3159	ALA	10, 72	3164	nuc	nuc	0.86
PRO	10, 71	3163	ALA	10, 72	3164	nuc	nuc	1
ALA	10, 64	3156	SER	10, 73	3165	nuc	nuc	0.72
GLY	10, 65	3157	SER	10, 73	3165	nuc	nuc	0.99
PRO	10, 71	3163	SER	10, 73	3165	nuc	nuc	0.98
ALA	10, 72	3164	SER	10, 73	3165	nuc	nuc	1
ALA	8, 153	2728	VAL	10, 74	3166	nuc	nuc	0.99
SER	8, 156	2731	VAL	10, 74	3166	nuc	nuc	0.96
VAL	8, 159	2734	VAL	10, 74	3166	nuc	nuc	0.97
LEU	10, 62	3154	VAL	10, 74	3166	nuc	nuc	0.97
VAL	10, 63	3155	VAL	10, 74	3166	nuc	nuc	0.95
ALA	10, 64	3156	VAL	10, 74	3166	nuc	nuc	0.98
GLY	10, 65	3157	VAL	10, 74	3166	nuc	nuc	0.94
ALA	10, 72	3164	VAL	10, 74	3166	nuc	nuc	0.91
SER	10, 73	3165	VAL	10, 74	3166	nuc	nuc	1
LEU	10, 62	3154	ARG	10, 75	3167	nuc	nuc	0.92
VAL	10, 63	3155	ARG	10, 75	3167	nuc	nuc	0.97
SER	10, 73	3165	ARG	10, 75	3167	nuc	nuc	0.99
VAL	10, 74	3166	ARG	10, 75	3167	nuc	nuc	1
GLN	8, 158	2733	TYR	10, 76	3168	nuc	nuc	0.96
VAL	8, 159	2734	TYR	10, 76	3168	nuc	nuc	0.69
LEU	8, 162	2737	TYR	10, 76	3168	nuc	nuc	0.87
ALA	10, 58	3150	TYR	10, 76	3168	nuc	nuc	0.96
ARG	10, 59	3151	TYR	10, 76	3168	nuc	nuc	0.76
ARG	10, 60	3152	TYR	10, 76	3168	nuc	nuc	0.93
ASP	10, 61	3153	TYR	10, 76	3168	nuc	nuc	0.83
LEU	10, 62	3154	TYR	10, 76	3168	nuc	nuc	0.96
VAL	10, 63	3155	TYR	10, 76	3168	nuc	nuc	0.73
VAL	10, 74	3166	TYR	10, 76	3168	nuc	nuc	0.96
ARG	10, 75	3167	TYR	10, 76	3168	nuc	nuc	1
LEU	5, 138	1380	VAL	11, 1	3169	nuc	nuc	0.95
LYS	5, 139	1381	VAL	11, 1	3169	nuc	nuc	0.89
ASP	5, 142	1384	VAL	11, 1	3169	nuc	nuc	0.97
THR	5, 171	1413	VAL	11, 1	3169	nuc	nuc	0.96
MET	5, 141	1383	HIS	11, 2	3170	nuc	nuc	0.54
ASP	5, 142	1384	HIS	11, 2	3170	nuc	nuc	0.98
VAL	5, 148	1390	HIS	11, 2	3170	nuc	nuc	0.99
ASP	5, 151	1393	HIS	11, 2	3170	nuc	nuc	0.97
TYR	5, 152	1394	HIS	11, 2	3170	nuc	nuc	0.83
VAL	11, 1	3169	HIS	11, 2	3170	nuc	nuc	1
LEU	5, 138	1380	ASN	11, 3	3171	nuc	nuc	0.96
ASP	5, 151	1393	ASN	11, 3	3171	nuc	nuc	0.9
THR	5, 166	1408	ASN	11, 3	3171	nuc	nuc	0.99
GLU	5, 168	1410	ASN	11, 3	3171	nuc	nuc	0.98
GLY	5, 169	1411	ASN	11, 3	3171	nuc	nuc	0.99
THR	5, 170	1412	ASN	11, 3	3171	nuc	nuc	0.97
THR	5, 171	1413	ASN	11, 3	3171	nuc	nuc	0.9
VAL	11, 1	3169	ASN	11, 3	3171	nuc	nuc	0.99
HIS	11, 2	3170	ASN	11, 3	3171	nuc	nuc	1
THR	5, 170	1412	ASP	11, 4	3172	nuc	nuc	0.98
THR	5, 171	1413	ASP	11, 4	3172	nuc	nuc	0.97
GLU	5, 172	1414	ASP	11, 4	3172	nuc	nuc	0.81
VAL	11, 1	3169	ASP	11, 4	3172	nuc	nuc	0.99
HIS	11, 2	3170	ASP	11, 4	3172	nuc	nuc	0.97
ASN	11, 3	3171	ASP	11, 4	3172	nuc	nuc	1
ARG	3, 238	998	VAL	11, 5	3173	nuc	nuc	0.8
TYR	5, 152	1394	VAL	11, 5	3173	nuc	nuc	0.91
ALA	5, 155	1397	VAL	11, 5	3173	nuc	nuc	0.97
HIS	11, 2	3170	VAL	11, 5	3173	nuc	nuc	0.97
ASN	11, 3	3171	VAL	11, 5	3173	nuc	nuc	0.97
ASP	11, 4	3172	VAL	11, 5	3173	nuc	nuc	1
ALA	5, 155	1397	THR	11, 6	3174	nuc	nuc	0.84
ASP	11, 4	3172	THR	11, 6	3174	nuc	nuc	0.88
VAL	11, 5	3173	THR	11, 6	3174	nuc	nuc	1
ALA	5, 155	1397	VAL	11, 7	3175	nuc	nuc	0.99
THR	5, 156	1398	VAL	11, 7	3175	nuc	nuc	0.98
GLN	5, 159	1401	VAL	11, 7	3175	nuc	nuc	0.99
GLY	5, 160	1402	VAL	11, 7	3175	nuc	nuc	0.89
ALA	5, 164	1406	VAL	11, 7	3175	nuc	nuc	0.88
SER	5, 239	1481	VAL	11, 7	3175	nuc	nuc	0.57
ILE	5, 241	1483	VAL	11, 7	3175	nuc	nuc	0.9
VAL	11, 5	3173	VAL	11, 7	3175	nuc	nuc	0.76
THR	11, 6	3174	VAL	11, 7	3175	nuc	nuc	1
LYS	3, 234	994	PRO	11, 8	3176	nuc	nuc	1
ALA	3, 236	996	PRO	11, 8	3176	nuc	nuc	0.52
THR	11, 6	3174	PRO	11, 8	3176	nuc	nuc	0.93
VAL	11, 7	3175	PRO	11, 8	3176	nuc	nuc	1
PRO	11, 8	3176	ASP	11, 9	3177	nuc	nuc	1
SER	3, 232	992	PHE	11, 10	3178	nuc	nuc	0.97
GLN	5, 159	1401	PHE	11, 10	3178	nuc	nuc	0.77
VAL	11, 7	3175	PHE	11, 10	3178	nuc	nuc	0.57
PRO	11, 8	3176	PHE	11, 10	3178	nuc	nuc	0.99
ASP	11, 9	3177	PHE	11, 10	3178	nuc	nuc	1
ASP	11, 9	3177	SER	11, 11	3179	nuc	nuc	1
PHE	11, 10	3178	SER	11, 11	3179	nuc	nuc	1
ASP	11, 9	3177	ALA	11, 12	3180	nuc	nuc	0.76
PHE	11, 10	3178	ALA	11, 12	3180	nuc	nuc	0.98
SER	11, 11	3179	ALA	11, 12	3180	nuc	nuc	1
SER	3, 228	988	TYR	11, 13	3181	nuc	nuc	0.82
SER	3, 232	992	TYR	11, 13	3181	nuc	nuc	0.99
PHE	11, 10	3178	TYR	11, 13	3181	nuc	nuc	1
SER	11, 11	3179	TYR	11, 13	3181	nuc	nuc	0.96
ALA	11, 12	3180	TYR	11, 13	3181	nuc	nuc	1
PHE	11, 10	3178	ARG	11, 14	3182	nuc	nuc	0.99
SER	11, 11	3179	ARG	11, 14	3182	nuc	nuc	1
ALA	11, 12	3180	ARG	11, 14	3182	nuc	nuc	0.94
TYR	11, 13	3181	ARG	11, 14	3182	nuc	nuc	1
ARG	11, 14	3182	ARG	11, 15	3183	nuc	nuc	1
ARG	11, 14	3182	GLU	11, 16	3184	nuc	nuc	0.64
ARG	11, 15	3183	GLU	11, 16	3184	nuc	nuc	1
ARG	11, 15	3183	ASP	11, 17	3185	nuc	nuc	1
GLU	11, 16	3184	ASP	11, 17	3185	nuc	nuc	1
ARG	5, 235	1477	VAL	11, 18	3186	nuc	nuc	0.91
THR	5, 237	1479	VAL	11, 18	3186	nuc	nuc	0.88
ARG	11, 14	3182	VAL	11, 18	3186	nuc	nuc	0.99
ARG	11, 15	3183	VAL	11, 18	3186	nuc	nuc	0.99
GLU	11, 16	3184	VAL	11, 18	3186	nuc	nuc	0.7
ASP	11, 17	3185	VAL	11, 18	3186	nuc	nuc	1
SER	11, 11	3179	MET	11, 19	3187	nuc	nuc	0.97
ARG	11, 14	3182	MET	11, 19	3187	nuc	nuc	0.99
ARG	11, 15	3183	MET	11, 19	3187	nuc	nuc	0.9
GLU	11, 16	3184	MET	11, 19	3187	nuc	nuc	0.99
ASP	11, 17	3185	MET	11, 19	3187	nuc	nuc	0.95
VAL	11, 18	3186	MET	11, 19	3187	nuc	nuc	1
ARG	5, 235	1477	ASP	11, 20	3188	nuc	nuc	0.85
VAL	11, 18	3186	ASP	11, 20	3188	nuc	nuc	0.85
MET	11, 19	3187	ASP	11, 20	3188	nuc	nuc	1
GLY	5, 160	1402	ALA	11, 21	3189	nuc	nuc	0.99
THR	5, 161	1403	ALA	11, 21	3189	nuc	nuc	0.98
CYS	5, 234	1476	ALA	11, 21	3189	nuc	nuc	0.78
ARG	5, 235	1477	ALA	11, 21	3189	nuc	nuc	0.98
ASP	11, 20	3188	ALA	11, 21	3189	nuc	nuc	1
PRO	5, 232	1474	THR	11, 22	3190	nuc	nuc	0.97
ARG	5, 233	1475	THR	11, 22	3190	nuc	nuc	0.98
CYS	5, 234	1476	THR	11, 22	3190	nuc	nuc	0.51
ARG	5, 235	1477	THR	11, 22	3190	nuc	nuc	0.92
ASP	11, 20	3188	THR	11, 22	3190	nuc	nuc	1
ALA	11, 21	3189	THR	11, 22	3190	nuc	nuc	1
ARG	5, 233	1475	THR	11, 23	3191	nuc	nuc	0.9
ARG	5, 235	1477	THR	11, 23	3191	nuc	nuc	0.97
VAL	11, 18	3186	THR	11, 23	3191	nuc	nuc	0.66
ASP	11, 20	3188	THR	11, 23	3191	nuc	nuc	0.99
ALA	11, 21	3189	THR	11, 23	3191	nuc	nuc	0.81
THR	11, 22	3190	THR	11, 23	3191	nuc	nuc	1
ARG	5, 233	1475	SER	11, 24	3192	nuc	nuc	0.95
ARG	5, 235	1477	SER	11, 24	3192	nuc	nuc	0.95
PHE	5, 236	1478	SER	11, 24	3192	nuc	nuc	0.7
THR	11, 23	3191	SER	11, 24	3192	nuc	nuc	1
ARG	5, 235	1477	SER	11, 25	3193	nuc	nuc	0.99
PHE	5, 236	1478	SER	11, 25	3193	nuc	nuc	0.99
THR	5, 237	1479	SER	11, 25	3193	nuc	nuc	0.97
GLU	5, 258	1500	SER	11, 25	3193	nuc	nuc	0.77
VAL	11, 18	3186	SER	11, 25	3193	nuc	nuc	0.98
THR	11, 23	3191	SER	11, 25	3193	nuc	nuc	0.79
SER	11, 24	3192	SER	11, 25	3193	nuc	nuc	1
PHE	5, 236	1478	GLN	11, 26	3194	nuc	nuc	0.63
GLU	5, 258	1500	GLN	11, 26	3194	nuc	nuc	0.95
SER	11, 24	3192	GLN	11, 26	3194	nuc	nuc	1
SER	11, 25	3193	GLN	11, 26	3194	nuc	nuc	1
THR	11, 23	3191	THR	11, 27	3195	nuc	nuc	0.84
SER	11, 24	3192	THR	11, 27	3195	nuc	nuc	0.99
SER	11, 25	3193	THR	11, 27	3195	nuc	nuc	0.93
GLN	11, 26	3194	THR	11, 27	3195	nuc	nuc	1
ASP	11, 17	3185	SER	11, 28	3196	nuc	nuc	0.99
VAL	11, 18	3186	SER	11, 28	3196	nuc	nuc	0.94
SER	11, 25	3193	SER	11, 28	3196	nuc	nuc	0.97
GLN	11, 26	3194	SER	11, 28	3196	nuc	nuc	0.8
THR	11, 27	3195	SER	11, 28	3196	nuc	nuc	1
LYS	5, 418	1660	SER	11, 29	3197	nuc	nuc	0.81
CYS	5, 419	1661	SER	11, 29	3197	nuc	nuc	0.68
SER	11, 25	3193	SER	11, 29	3197	nuc	nuc	0.98
GLN	11, 26	3194	SER	11, 29	3197	nuc	nuc	0.99
THR	11, 27	3195	SER	11, 29	3197	nuc	nuc	0.97
SER	11, 28	3196	SER	11, 29	3197	nuc	nuc	1
SER	11, 28	3196	GLU	11, 30	3198	nuc	nuc	0.88
SER	11, 29	3197	GLU	11, 30	3198	nuc	nuc	1
ASP	11, 17	3185	ASP	11, 31	3199	nuc	nuc	0.92
SER	11, 28	3196	ASP	11, 31	3199	nuc	nuc	0.99
SER	11, 29	3197	ASP	11, 31	3199	nuc	nuc	0.98
GLU	11, 30	3198	ASP	11, 31	3199	nuc	nuc	1
ARG	11, 15	3183	ARG	11, 32	3200	nuc	nuc	0.98
ASP	11, 17	3185	ARG	11, 32	3200	nuc	nuc	0.95
VAL	11, 18	3186	ARG	11, 32	3200	nuc	nuc	0.74
SER	11, 28	3196	ARG	11, 32	3200	nuc	nuc	0.97
SER	11, 29	3197	ARG	11, 32	3200	nuc	nuc	0.99
GLU	11, 30	3198	ARG	11, 32	3200	nuc	nuc	0.93
ASP	11, 31	3199	ARG	11, 32	3200	nuc	nuc	1
ASP	5, 417	1659	LYS	11, 33	3201	nuc	nuc	0.93
SER	11, 29	3197	LYS	11, 33	3201	nuc	nuc	0.99
GLU	11, 30	3198	LYS	11, 33	3201	nuc	nuc	1
ASP	11, 31	3199	LYS	11, 33	3201	nuc	nuc	0.97
ARG	11, 32	3200	LYS	11, 33	3201	nuc	nuc	1
GLU	11, 30	3198	GLY	11, 34	3202	nuc	nuc	0.99
ASP	11, 31	3199	GLY	11, 34	3202	nuc	nuc	1
ARG	11, 32	3200	GLY	11, 34	3202	nuc	nuc	1
LYS	11, 33	3201	GLY	11, 34	3202	nuc	nuc	1
ASP	11, 31	3199	PHE	11, 35	3203	nuc	nuc	0.99
ARG	11, 32	3200	PHE	11, 35	3203	nuc	nuc	1
LYS	11, 33	3201	PHE	11, 35	3203	nuc	nuc	0.98
GLY	11, 34	3202	PHE	11, 35	3203	nuc	nuc	1
HIS	3, 225	985	SER	11, 36	3204	nuc	nuc	0.99
ARG	11, 32	3200	SER	11, 36	3204	nuc	nuc	0.98
LYS	11, 33	3201	SER	11, 36	3204	nuc	nuc	1
GLY	11, 34	3202	SER	11, 36	3204	nuc	nuc	1
PHE	11, 35	3203	SER	11, 36	3204	nuc	nuc	1
LYS	11, 33	3201	TYR	11, 37	3205	nuc	nuc	1
GLY	11, 34	3202	TYR	11, 37	3205	nuc	nuc	1
PHE	11, 35	3203	TYR	11, 37	3205	nuc	nuc	0.99
SER	11, 36	3204	TYR	11, 37	3205	nuc	nuc	1
GLY	11, 34	3202	LEU	11, 38	3206	nuc	nuc	1
PHE	11, 35	3203	LEU	11, 38	3206	nuc	nuc	1
SER	11, 36	3204	LEU	11, 38	3206	nuc	nuc	1
TYR	11, 37	3205	LEU	11, 38	3206	nuc	nuc	1
LEU	3, 218	978	VAL	11, 39	3207	nuc	nuc	0.99
TYR	3, 221	981	VAL	11, 39	3207	nuc	nuc	0.99
MET	3, 222	982	VAL	11, 39	3207	nuc	nuc	0.98
PHE	11, 35	3203	VAL	11, 39	3207	nuc	nuc	1
SER	11, 36	3204	VAL	11, 39	3207	nuc	nuc	1
TYR	11, 37	3205	VAL	11, 39	3207	nuc	nuc	1
LEU	11, 38	3206	VAL	11, 39	3207	nuc	nuc	1
MET	3, 222	982	THR	11, 40	3208	nuc	nuc	0.99
SER	11, 36	3204	THR	11, 40	3208	nuc	nuc	1
TYR	11, 37	3205	THR	11, 40	3208	nuc	nuc	1
LEU	11, 38	3206	THR	11, 40	3208	nuc	nuc	0.99
VAL	11, 39	3207	THR	11, 40	3208	nuc	nuc	1
TYR	11, 37	3205	ALA	11, 41	3209	nuc	nuc	1
LEU	11, 38	3206	ALA	11, 41	3209	nuc	nuc	1
VAL	11, 39	3207	ALA	11, 41	3209	nuc	nuc	0.99
THR	11, 40	3208	ALA	11, 41	3209	nuc	nuc	1
LEU	3, 218	978	THR	11, 42	3210	nuc	nuc	0.99
LEU	11, 38	3206	THR	11, 42	3210	nuc	nuc	1
VAL	11, 39	3207	THR	11, 42	3210	nuc	nuc	1
THR	11, 40	3208	THR	11, 42	3210	nuc	nuc	0.99
ALA	11, 41	3209	THR	11, 42	3210	nuc	nuc	1
LEU	3, 215	975	ALA	11, 43	3211	nuc	nuc	0.98
LEU	3, 218	978	ALA	11, 43	3211	nuc	nuc	1
LEU	3, 219	979	ALA	11, 43	3211	nuc	nuc	0.99
MET	3, 222	982	ALA	11, 43	3211	nuc	nuc	0.98
VAL	11, 39	3207	ALA	11, 43	3211	nuc	nuc	1
THR	11, 40	3208	ALA	11, 43	3211	nuc	nuc	1
ALA	11, 41	3209	ALA	11, 43	3211	nuc	nuc	1
THR	11, 42	3210	ALA	11, 43	3211	nuc	nuc	1
THR	11, 40	3208	CYS	11, 44	3212	nuc	nuc	1
ALA	11, 41	3209	CYS	11, 44	3212	nuc	nuc	1
THR	11, 42	3210	CYS	11, 44	3212	nuc	nuc	1
ALA	11, 43	3211	CYS	11, 44	3212	nuc	nuc	1
ALA	11, 41	3209	VAL	11, 45	3213	nuc	nuc	1
THR	11, 42	3210	VAL	11, 45	3213	nuc	nuc	1
ALA	11, 43	3211	VAL	11, 45	3213	nuc	nuc	0.99
CYS	11, 44	3212	VAL	11, 45	3213	nuc	nuc	1
ILE	3, 211	971	ALA	11, 46	3214	nuc	nuc	0.99
LEU	3, 214	974	ALA	11, 46	3214	nuc	nuc	0.99
LEU	3, 215	975	ALA	11, 46	3214	nuc	nuc	0.99
LEU	3, 218	978	ALA	11, 46	3214	nuc	nuc	0.94
THR	11, 42	3210	ALA	11, 46	3214	nuc	nuc	1
ALA	11, 43	3211	ALA	11, 46	3214	nuc	nuc	1
CYS	11, 44	3212	ALA	11, 46	3214	nuc	nuc	0.99
VAL	11, 45	3213	ALA	11, 46	3214	nuc	nuc	1
LEU	3, 215	975	THR	11, 47	3215	nuc	nuc	0.98
ALA	11, 43	3211	THR	11, 47	3215	nuc	nuc	1
CYS	11, 44	3212	THR	11, 47	3215	nuc	nuc	1
VAL	11, 45	3213	THR	11, 47	3215	nuc	nuc	0.99
ALA	11, 46	3214	THR	11, 47	3215	nuc	nuc	1
CYS	11, 44	3212	ALA	11, 48	3216	nuc	nuc	1
VAL	11, 45	3213	ALA	11, 48	3216	nuc	nuc	1
ALA	11, 46	3214	ALA	11, 48	3216	nuc	nuc	1
THR	11, 47	3215	ALA	11, 48	3216	nuc	nuc	1
ILE	3, 211	971	TYR	11, 49	3217	nuc	nuc	0.9
VAL	11, 45	3213	TYR	11, 49	3217	nuc	nuc	1
ALA	11, 46	3214	TYR	11, 49	3217	nuc	nuc	1
THR	11, 47	3215	TYR	11, 49	3217	nuc	nuc	1
ALA	11, 48	3216	TYR	11, 49	3217	nuc	nuc	1
ILE	3, 211	971	ALA	11, 50	3218	nuc	nuc	0.99
LEU	3, 215	975	ALA	11, 50	3218	nuc	nuc	0.84
ALA	11, 46	3214	ALA	11, 50	3218	nuc	nuc	1
THR	11, 47	3215	ALA	11, 50	3218	nuc	nuc	1
ALA	11, 48	3216	ALA	11, 50	3218	nuc	nuc	1
TYR	11, 49	3217	ALA	11, 50	3218	nuc	nuc	1
THR	11, 47	3215	ALA	11, 51	3219	nuc	nuc	1
ALA	11, 48	3216	ALA	11, 51	3219	nuc	nuc	1
TYR	11, 49	3217	ALA	11, 51	3219	nuc	nuc	1
ALA	11, 50	3218	ALA	11, 51	3219	nuc	nuc	1
ALA	11, 48	3216	LYS	11, 52	3220	nuc	nuc	1
TYR	11, 49	3217	LYS	11, 52	3220	nuc	nuc	1
ALA	11, 50	3218	LYS	11, 52	3220	nuc	nuc	1
ALA	11, 51	3219	LYS	11, 52	3220	nuc	nuc	1
TYR	11, 49	3217	ASN	11, 53	3221	nuc	nuc	1
ALA	11, 50	3218	ASN	11, 53	3221	nuc	nuc	1
ALA	11, 51	3219	ASN	11, 53	3221	nuc	nuc	0.99
LYS	11, 52	3220	ASN	11, 53	3221	nuc	nuc	1
ALA	11, 50	3218	VAL	11, 54	3222	nuc	nuc	1
ALA	11, 51	3219	VAL	11, 54	3222	nuc	nuc	1
LYS	11, 52	3220	VAL	11, 54	3222	nuc	nuc	0.98
ASN	11, 53	3221	VAL	11, 54	3222	nuc	nuc	1
ALA	11, 51	3219	VAL	11, 55	3223	nuc	nuc	1
LYS	11, 52	3220	VAL	11, 55	3223	nuc	nuc	1
ASN	11, 53	3221	VAL	11, 55	3223	nuc	nuc	0.96
VAL	11, 54	3222	VAL	11, 55	3223	nuc	nuc	1
LYS	11, 52	3220	THR	11, 56	3224	nuc	nuc	1
ASN	11, 53	3221	THR	11, 56	3224	nuc	nuc	1
VAL	11, 54	3222	THR	11, 56	3224	nuc	nuc	0.96
VAL	11, 55	3223	THR	11, 56	3224	nuc	nuc	1
GLN	1, 75	75	GLN	11, 57	3225	mit	nuc	0.56
TYR	1, 76	76	GLN	11, 57	3225	mit	nuc	0.99
LEU	1, 79	79	GLN	11, 57	3225	mit	nuc	0.96
ASN	11, 53	3221	GLN	11, 57	3225	nuc	nuc	1
VAL	11, 54	3222	GLN	11, 57	3225	nuc	nuc	1
VAL	11, 55	3223	GLN	11, 57	3225	nuc	nuc	1
THR	11, 56	3224	GLN	11, 57	3225	nuc	nuc	1
LEU	1, 47	47	PHE	11, 58	3226	mit	nuc	0.74
LEU	1, 51	51	PHE	11, 58	3226	mit	nuc	0.98
TYR	1, 76	76	PHE	11, 58	3226	mit	nuc	0.69
ILE	1, 80	80	PHE	11, 58	3226	mit	nuc	0.82
VAL	11, 54	3222	PHE	11, 58	3226	nuc	nuc	1
VAL	11, 55	3223	PHE	11, 58	3226	nuc	nuc	1
THR	11, 56	3224	PHE	11, 58	3226	nuc	nuc	0.99
GLN	11, 57	3225	PHE	11, 58	3226	nuc	nuc	1
VAL	11, 55	3223	ILE	11, 59	3227	nuc	nuc	1
THR	11, 56	3224	ILE	11, 59	3227	nuc	nuc	1
GLN	11, 57	3225	ILE	11, 59	3227	nuc	nuc	0.99
PHE	11, 58	3226	ILE	11, 59	3227	nuc	nuc	1
GLN	1, 75	75	SER	11, 60	3228	mit	nuc	0.99
TYR	1, 76	76	SER	11, 60	3228	mit	nuc	0.97
THR	11, 56	3224	SER	11, 60	3228	nuc	nuc	1
GLN	11, 57	3225	SER	11, 60	3228	nuc	nuc	1
PHE	11, 58	3226	SER	11, 60	3228	nuc	nuc	0.99
ILE	11, 59	3227	SER	11, 60	3228	nuc	nuc	1
LEU	1, 51	51	SER	11, 61	3229	mit	nuc	0.98
VAL	1, 74	74	SER	11, 61	3229	mit	nuc	0.98
GLN	1, 75	75	SER	11, 61	3229	mit	nuc	0.99
TYR	1, 76	76	SER	11, 61	3229	mit	nuc	0.98
GLY	1, 77	77	SER	11, 61	3229	mit	nuc	0.98
ILE	1, 80	80	SER	11, 61	3229	mit	nuc	0.98
GLN	11, 57	3225	SER	11, 61	3229	nuc	nuc	0.98
PHE	11, 58	3226	SER	11, 61	3229	nuc	nuc	1
ILE	11, 59	3227	SER	11, 61	3229	nuc	nuc	1
SER	11, 60	3228	SER	11, 61	3229	nuc	nuc	1
LEU	1, 51	51	LEU	11, 62	3230	mit	nuc	0.75
MET	1, 54	54	LEU	11, 62	3230	mit	nuc	0.94
TRP	2, 164	544	LEU	11, 62	3230	nuc	nuc	0.96
GLY	2, 167	547	LEU	11, 62	3230	nuc	nuc	0.91
ARG	2, 178	558	LEU	11, 62	3230	nuc	nuc	0.83
PHE	11, 58	3226	LEU	11, 62	3230	nuc	nuc	0.65
ILE	11, 59	3227	LEU	11, 62	3230	nuc	nuc	1
SER	11, 60	3228	LEU	11, 62	3230	nuc	nuc	0.98
SER	11, 61	3229	LEU	11, 62	3230	nuc	nuc	1
GLN	1, 75	75	SER	11, 63	3231	mit	nuc	0.95
GLU	2, 163	543	SER	11, 63	3231	nuc	nuc	0.58
TRP	2, 164	544	SER	11, 63	3231	nuc	nuc	0.98
GLY	2, 167	547	SER	11, 63	3231	nuc	nuc	0.96
GLY	2, 168	548	SER	11, 63	3231	nuc	nuc	0.52
ILE	11, 59	3227	SER	11, 63	3231	nuc	nuc	0.87
SER	11, 60	3228	SER	11, 63	3231	nuc	nuc	1
SER	11, 61	3229	SER	11, 63	3231	nuc	nuc	0.98
LEU	11, 62	3230	SER	11, 63	3231	nuc	nuc	1
GLU	2, 163	543	ALA	11, 64	3232	nuc	nuc	0.89
GLY	2, 167	547	ALA	11, 64	3232	nuc	nuc	0.98
GLY	2, 168	548	ALA	11, 64	3232	nuc	nuc	0.98
PHE	2, 169	549	ALA	11, 64	3232	nuc	nuc	0.77
SER	11, 63	3231	ALA	11, 64	3232	nuc	nuc	1
HIS	1, 69	69	SER	11, 65	3233	mit	nuc	0.71
ASN	1, 73	73	SER	11, 65	3233	mit	nuc	0.98
VAL	1, 74	74	SER	11, 65	3233	mit	nuc	0.98
GLN	1, 75	75	SER	11, 65	3233	mit	nuc	0.91
GLY	2, 167	547	SER	11, 65	3233	nuc	nuc	0.66
GLY	2, 168	548	SER	11, 65	3233	nuc	nuc	0.55
PRO	2, 174	554	SER	11, 65	3233	nuc	nuc	0.87
ALA	11, 64	3232	SER	11, 65	3233	nuc	nuc	1
ARG	1, 72	72	ALA	11, 66	3234	mit	nuc	0.56
ASN	1, 73	73	ALA	11, 66	3234	mit	nuc	0.98
VAL	1, 74	74	ALA	11, 66	3234	mit	nuc	0.58
GLN	1, 75	75	ALA	11, 66	3234	mit	nuc	0.74
ARG	3, 49	809	ALA	11, 66	3234	nuc	nuc	0.7
SER	11, 65	3233	ALA	11, 66	3234	nuc	nuc	1
HIS	1, 69	69	ASP	11, 67	3235	mit	nuc	0.77
ASN	1, 73	73	ASP	11, 67	3235	mit	nuc	0.99
SER	3, 88	848	ASP	11, 67	3235	nuc	nuc	0.71
SER	11, 65	3233	ASP	11, 67	3235	nuc	nuc	1
ALA	11, 66	3234	ASP	11, 67	3235	nuc	nuc	1
GLY	2, 167	547	VAL	11, 68	3236	nuc	nuc	0.83
GLY	2, 168	548	VAL	11, 68	3236	nuc	nuc	0.98
PHE	2, 169	549	VAL	11, 68	3236	nuc	nuc	0.8
PRO	2, 174	554	VAL	11, 68	3236	nuc	nuc	0.83
ALA	11, 64	3232	VAL	11, 68	3236	nuc	nuc	0.98
SER	11, 65	3233	VAL	11, 68	3236	nuc	nuc	0.99
ALA	11, 66	3234	VAL	11, 68	3236	nuc	nuc	0.94
ASP	11, 67	3235	VAL	11, 68	3236	nuc	nuc	1
ALA	11, 64	3232	LEU	11, 69	3237	nuc	nuc	0.98
SER	11, 65	3233	LEU	11, 69	3237	nuc	nuc	0.98
ALA	11, 66	3234	LEU	11, 69	3237	nuc	nuc	0.99
ASP	11, 67	3235	LEU	11, 69	3237	nuc	nuc	0.98
VAL	11, 68	3236	LEU	11, 69	3237	nuc	nuc	1
ARG	3, 49	809	ALA	11, 70	3238	nuc	nuc	0.97
ILE	3, 87	847	ALA	11, 70	3238	nuc	nuc	0.89
SER	3, 88	848	ALA	11, 70	3238	nuc	nuc	0.98
ALA	11, 66	3234	ALA	11, 70	3238	nuc	nuc	0.98
ASP	11, 67	3235	ALA	11, 70	3238	nuc	nuc	0.99
VAL	11, 68	3236	ALA	11, 70	3238	nuc	nuc	0.98
LEU	11, 69	3237	ALA	11, 70	3238	nuc	nuc	1
SER	3, 88	848	LEU	11, 71	3239	nuc	nuc	0.97
ASP	11, 67	3235	LEU	11, 71	3239	nuc	nuc	0.96
VAL	11, 68	3236	LEU	11, 71	3239	nuc	nuc	0.99
LEU	11, 69	3237	LEU	11, 71	3239	nuc	nuc	0.92
ALA	11, 70	3238	LEU	11, 71	3239	nuc	nuc	1
GLY	2, 168	548	SER	11, 72	3240	nuc	nuc	0.66
PHE	2, 169	549	SER	11, 72	3240	nuc	nuc	0.94
ALA	11, 64	3232	SER	11, 72	3240	nuc	nuc	0.58
VAL	11, 68	3236	SER	11, 72	3240	nuc	nuc	0.95
LEU	11, 69	3237	SER	11, 72	3240	nuc	nuc	0.97
ALA	11, 70	3238	SER	11, 72	3240	nuc	nuc	0.97
LEU	11, 71	3239	SER	11, 72	3240	nuc	nuc	1
ALA	11, 70	3238	LYS	11, 73	3241	nuc	nuc	0.51
SER	11, 72	3240	LYS	11, 73	3241	nuc	nuc	1
LEU	11, 71	3239	ILE	11, 74	3242	nuc	nuc	0.53
LYS	11, 73	3241	ILE	11, 74	3242	nuc	nuc	1
LYS	11, 73	3241	GLU	11, 75	3243	nuc	nuc	0.76
ILE	11, 74	3242	GLU	11, 75	3243	nuc	nuc	1
ILE	11, 74	3242	ILE	11, 76	3244	nuc	nuc	0.9
GLU	11, 75	3243	ILE	11, 76	3244	nuc	nuc	1
GLU	11, 75	3243	LYS	11, 77	3245	nuc	nuc	0.83
ILE	11, 76	3244	LYS	11, 77	3245	nuc	nuc	1
ILE	11, 76	3244	LEU	11, 78	3246	nuc	nuc	0.87
LYS	11, 77	3245	LEU	11, 78	3246	nuc	nuc	1
LYS	11, 77	3245	SER	11, 79	3247	nuc	nuc	0.92
LEU	11, 78	3246	SER	11, 79	3247	nuc	nuc	1
LYS	11, 77	3245	ASP	11, 80	3248	nuc	nuc	0.79
LEU	11, 78	3246	ASP	11, 80	3248	nuc	nuc	0.83
SER	11, 79	3247	ASP	11, 80	3248	nuc	nuc	1
LEU	11, 78	3246	ILE	11, 81	3249	nuc	nuc	0.75
SER	11, 79	3247	ILE	11, 81	3249	nuc	nuc	0.88
ASP	11, 80	3248	ILE	11, 81	3249	nuc	nuc	1
ILE	11, 81	3249	PRO	11, 82	3250	nuc	nuc	1
PRO	11, 82	3250	GLU	11, 83	3251	nuc	nuc	1
PRO	11, 82	3250	GLY	11, 84	3252	nuc	nuc	0.99
GLU	11, 83	3251	GLY	11, 84	3252	nuc	nuc	1
ILE	11, 81	3249	LYS	11, 85	3253	nuc	nuc	0.96
PRO	11, 82	3250	LYS	11, 85	3253	nuc	nuc	0.97
GLU	11, 83	3251	LYS	11, 85	3253	nuc	nuc	0.92
GLY	11, 84	3252	LYS	11, 85	3253	nuc	nuc	1
GLY	11, 84	3252	ASN	11, 86	3254	nuc	nuc	0.97
LYS	11, 85	3253	ASN	11, 86	3254	nuc	nuc	1
ILE	11, 81	3249	VAL	11, 87	3255	nuc	nuc	0.97
LYS	11, 85	3253	VAL	11, 87	3255	nuc	nuc	0.98
ASN	11, 86	3254	VAL	11, 87	3255	nuc	nuc	1
ASN	11, 86	3254	ALA	11, 88	3256	nuc	nuc	0.94
VAL	11, 87	3255	ALA	11, 88	3256	nuc	nuc	1
ILE	11, 74	3242	PHE	11, 89	3257	nuc	nuc	0.52
ILE	11, 76	3244	PHE	11, 89	3257	nuc	nuc	0.66
VAL	11, 87	3255	PHE	11, 89	3257	nuc	nuc	0.98
ALA	11, 88	3256	PHE	11, 89	3257	nuc	nuc	1
ALA	11, 88	3256	LYS	11, 90	3258	nuc	nuc	0.58
PHE	11, 89	3257	LYS	11, 90	3258	nuc	nuc	1
ILE	11, 74	3242	TRP	11, 91	3259	nuc	nuc	0.72
PHE	11, 89	3257	TRP	11, 91	3259	nuc	nuc	0.99
LYS	11, 90	3258	TRP	11, 91	3259	nuc	nuc	1
PHE	2, 169	549	ARG	11, 92	3260	nuc	nuc	0.9
SER	2, 170	550	ARG	11, 92	3260	nuc	nuc	0.91
LEU	11, 71	3239	ARG	11, 92	3260	nuc	nuc	0.61
SER	11, 72	3240	ARG	11, 92	3260	nuc	nuc	0.82
TRP	11, 91	3259	ARG	11, 92	3260	nuc	nuc	1
SER	2, 170	550	GLY	11, 93	3261	nuc	nuc	0.65
PRO	2, 262	642	GLY	11, 93	3261	nuc	nuc	0.77
LYS	11, 90	3258	GLY	11, 93	3261	nuc	nuc	0.97
TRP	11, 91	3259	GLY	11, 93	3261	nuc	nuc	1
ARG	11, 92	3260	GLY	11, 93	3261	nuc	nuc	1
PRO	2, 262	642	LYS	11, 94	3262	nuc	nuc	0.75
LEU	2, 263	643	LYS	11, 94	3262	nuc	nuc	0.74
LYS	11, 90	3258	LYS	11, 94	3262	nuc	nuc	0.72
TRP	11, 91	3259	LYS	11, 94	3262	nuc	nuc	0.98
ARG	11, 92	3260	LYS	11, 94	3262	nuc	nuc	0.99
GLY	11, 93	3261	LYS	11, 94	3262	nuc	nuc	1
ALA	11, 88	3256	PRO	11, 95	3263	nuc	nuc	0.99
PHE	11, 89	3257	PRO	11, 95	3263	nuc	nuc	0.88
LYS	11, 90	3258	PRO	11, 95	3263	nuc	nuc	0.98
TRP	11, 91	3259	PRO	11, 95	3263	nuc	nuc	0.65
GLY	11, 93	3261	PRO	11, 95	3263	nuc	nuc	0.58
LYS	11, 94	3262	PRO	11, 95	3263	nuc	nuc	1
ALA	11, 88	3256	LEU	11, 96	3264	nuc	nuc	0.97
PHE	11, 89	3257	LEU	11, 96	3264	nuc	nuc	0.99
LYS	11, 90	3258	LEU	11, 96	3264	nuc	nuc	0.94
TRP	11, 91	3259	LEU	11, 96	3264	nuc	nuc	0.99
LYS	11, 94	3262	LEU	11, 96	3264	nuc	nuc	0.97
PRO	11, 95	3263	LEU	11, 96	3264	nuc	nuc	1
ASN	11, 86	3254	PHE	11, 97	3265	nuc	nuc	0.98
VAL	11, 87	3255	PHE	11, 97	3265	nuc	nuc	0.85
ALA	11, 88	3256	PHE	11, 97	3265	nuc	nuc	0.99
PRO	11, 95	3263	PHE	11, 97	3265	nuc	nuc	0.98
LEU	11, 96	3264	PHE	11, 97	3265	nuc	nuc	1
ILE	11, 76	3244	VAL	11, 98	3266	nuc	nuc	0.51
ILE	11, 81	3249	VAL	11, 98	3266	nuc	nuc	0.93
ASN	11, 86	3254	VAL	11, 98	3266	nuc	nuc	0.95
VAL	11, 87	3255	VAL	11, 98	3266	nuc	nuc	0.98
PHE	11, 89	3257	VAL	11, 98	3266	nuc	nuc	0.93
LEU	11, 96	3264	VAL	11, 98	3266	nuc	nuc	0.99
PHE	11, 97	3265	VAL	11, 98	3266	nuc	nuc	1
GLY	11, 84	3252	ARG	11, 99	3267	nuc	nuc	0.94
LYS	11, 85	3253	ARG	11, 99	3267	nuc	nuc	0.83
ASN	11, 86	3254	ARG	11, 99	3267	nuc	nuc	0.99
VAL	11, 87	3255	ARG	11, 99	3267	nuc	nuc	0.53
PHE	11, 97	3265	ARG	11, 99	3267	nuc	nuc	0.99
VAL	11, 98	3266	ARG	11, 99	3267	nuc	nuc	1
ILE	11, 81	3249	HIS	11, 100	3268	nuc	nuc	0.98
PRO	11, 82	3250	HIS	11, 100	3268	nuc	nuc	0.92
GLU	11, 83	3251	HIS	11, 100	3268	nuc	nuc	0.98
GLY	11, 84	3252	HIS	11, 100	3268	nuc	nuc	0.99
LYS	11, 85	3253	HIS	11, 100	3268	nuc	nuc	0.92
VAL	11, 98	3266	HIS	11, 100	3268	nuc	nuc	0.85
ARG	11, 99	3267	HIS	11, 100	3268	nuc	nuc	1
GLU	11, 83	3251	ARG	11, 101	3269	nuc	nuc	0.79
GLY	11, 84	3252	ARG	11, 101	3269	nuc	nuc	0.94
ARG	11, 99	3267	ARG	11, 101	3269	nuc	nuc	1
HIS	11, 100	3268	ARG	11, 101	3269	nuc	nuc	1
GLU	11, 83	3251	THR	11, 102	3270	nuc	nuc	0.97
GLY	11, 84	3252	THR	11, 102	3270	nuc	nuc	0.97
ARG	11, 101	3269	THR	11, 102	3270	nuc	nuc	1
THR	11, 102	3270	GLN	11, 103	3271	nuc	nuc	1
THR	11, 102	3270	ALA	11, 104	3272	nuc	nuc	0.99
GLN	11, 103	3271	ALA	11, 104	3272	nuc	nuc	1
GLY	11, 84	3252	GLU	11, 105	3273	nuc	nuc	0.7
ARG	11, 101	3269	GLU	11, 105	3273	nuc	nuc	0.98
THR	11, 102	3270	GLU	11, 105	3273	nuc	nuc	0.99
GLN	11, 103	3271	GLU	11, 105	3273	nuc	nuc	0.94
ALA	11, 104	3272	GLU	11, 105	3273	nuc	nuc	1
ARG	11, 101	3269	ILE	11, 106	3274	nuc	nuc	0.96
THR	11, 102	3270	ILE	11, 106	3274	nuc	nuc	0.9
GLN	11, 103	3271	ILE	11, 106	3274	nuc	nuc	0.98
ALA	11, 104	3272	ILE	11, 106	3274	nuc	nuc	0.96
GLU	11, 105	3273	ILE	11, 106	3274	nuc	nuc	1
GLN	11, 103	3271	ASN	11, 107	3275	nuc	nuc	0.94
ALA	11, 104	3272	ASN	11, 107	3275	nuc	nuc	0.98
GLU	11, 105	3273	ASN	11, 107	3275	nuc	nuc	0.95
ILE	11, 106	3274	ASN	11, 107	3275	nuc	nuc	1
ALA	11, 104	3272	GLN	11, 108	3276	nuc	nuc	0.96
GLU	11, 105	3273	GLN	11, 108	3276	nuc	nuc	0.99
ILE	11, 106	3274	GLN	11, 108	3276	nuc	nuc	0.94
ASN	11, 107	3275	GLN	11, 108	3276	nuc	nuc	1
GLU	11, 105	3273	GLU	11, 109	3277	nuc	nuc	0.96
ILE	11, 106	3274	GLU	11, 109	3277	nuc	nuc	0.99
ASN	11, 107	3275	GLU	11, 109	3277	nuc	nuc	0.91
GLN	11, 108	3276	GLU	11, 109	3277	nuc	nuc	1
ILE	11, 106	3274	ALA	11, 110	3278	nuc	nuc	0.97
ASN	11, 107	3275	ALA	11, 110	3278	nuc	nuc	0.98
GLN	11, 108	3276	ALA	11, 110	3278	nuc	nuc	0.93
GLU	11, 109	3277	ALA	11, 110	3278	nuc	nuc	1
ASN	11, 107	3275	GLU	11, 111	3279	nuc	nuc	0.94
GLN	11, 108	3276	GLU	11, 111	3279	nuc	nuc	0.97
GLU	11, 109	3277	GLU	11, 111	3279	nuc	nuc	0.91
ALA	11, 110	3278	GLU	11, 111	3279	nuc	nuc	1
GLN	11, 108	3276	VAL	11, 112	3280	nuc	nuc	0.75
GLU	11, 109	3277	VAL	11, 112	3280	nuc	nuc	0.95
ALA	11, 110	3278	VAL	11, 112	3280	nuc	nuc	0.92
GLU	11, 111	3279	VAL	11, 112	3280	nuc	nuc	1
VAL	11, 112	3280	ASP	11, 113	3281	nuc	nuc	1
VAL	11, 112	3280	VAL	11, 114	3282	nuc	nuc	0.87
ASP	11, 113	3281	VAL	11, 114	3282	nuc	nuc	1
ASP	11, 113	3281	SER	11, 115	3283	nuc	nuc	0.99
VAL	11, 114	3282	SER	11, 115	3283	nuc	nuc	1
ASP	11, 113	3281	LYS	11, 116	3284	nuc	nuc	0.96
VAL	11, 114	3282	LYS	11, 116	3284	nuc	nuc	0.78
SER	11, 115	3283	LYS	11, 116	3284	nuc	nuc	1
VAL	11, 112	3280	LEU	11, 117	3285	nuc	nuc	0.82
ASP	11, 113	3281	LEU	11, 117	3285	nuc	nuc	0.78
VAL	11, 114	3282	LEU	11, 117	3285	nuc	nuc	0.93
SER	11, 115	3283	LEU	11, 117	3285	nuc	nuc	0.91
LYS	11, 116	3284	LEU	11, 117	3285	nuc	nuc	1
LEU	11, 117	3285	ARG	11, 118	3286	nuc	nuc	1
LEU	11, 117	3285	ASP	11, 119	3287	nuc	nuc	0.98
ARG	11, 118	3286	ASP	11, 119	3287	nuc	nuc	1
VAL	11, 114	3282	PRO	11, 120	3288	nuc	nuc	0.93
SER	11, 115	3283	PRO	11, 120	3288	nuc	nuc	0.85
LEU	11, 117	3285	PRO	11, 120	3288	nuc	nuc	0.96
ASP	11, 119	3287	PRO	11, 120	3288	nuc	nuc	1
VAL	11, 114	3282	GLN	11, 121	3289	nuc	nuc	0.77
LEU	11, 117	3285	GLN	11, 121	3289	nuc	nuc	0.81
ASP	11, 119	3287	GLN	11, 121	3289	nuc	nuc	0.99
PRO	11, 120	3288	GLN	11, 121	3289	nuc	nuc	1
VAL	11, 114	3282	HIS	11, 122	3290	nuc	nuc	0.93
GLN	11, 121	3289	HIS	11, 122	3290	nuc	nuc	1
ILE	11, 106	3274	ASP	11, 123	3291	nuc	nuc	0.57
GLU	11, 109	3277	ASP	11, 123	3291	nuc	nuc	0.97
ALA	11, 110	3278	ASP	11, 123	3291	nuc	nuc	0.96
VAL	11, 112	3280	ASP	11, 123	3291	nuc	nuc	0.7
GLN	11, 121	3289	ASP	11, 123	3291	nuc	nuc	0.6
HIS	11, 122	3290	ASP	11, 123	3291	nuc	nuc	1
ALA	11, 110	3278	LEU	11, 124	3292	nuc	nuc	0.85
HIS	11, 122	3290	LEU	11, 124	3292	nuc	nuc	0.98
ASP	11, 123	3291	LEU	11, 124	3292	nuc	nuc	1
GLN	11, 121	3289	ASP	11, 125	3293	nuc	nuc	0.94
HIS	11, 122	3290	ASP	11, 125	3293	nuc	nuc	0.98
ASP	11, 123	3291	ASP	11, 125	3293	nuc	nuc	0.94
LEU	11, 124	3292	ASP	11, 125	3293	nuc	nuc	1
GLN	11, 121	3289	ARG	11, 126	3294	nuc	nuc	0.97
HIS	11, 122	3290	ARG	11, 126	3294	nuc	nuc	0.78
ASP	11, 123	3291	ARG	11, 126	3294	nuc	nuc	0.98
LEU	11, 124	3292	ARG	11, 126	3294	nuc	nuc	0.93
ASP	11, 125	3293	ARG	11, 126	3294	nuc	nuc	1
ASP	11, 123	3291	VAL	11, 127	3295	nuc	nuc	0.92
LEU	11, 124	3292	VAL	11, 127	3295	nuc	nuc	0.91
ARG	11, 126	3294	VAL	11, 127	3295	nuc	nuc	1
VAL	11, 127	3295	LYS	11, 128	3296	nuc	nuc	1
VAL	11, 127	3295	LYS	11, 129	3297	nuc	nuc	0.98
LYS	11, 128	3296	LYS	11, 129	3297	nuc	nuc	1
ARG	11, 101	3269	PRO	11, 130	3298	nuc	nuc	0.74
ILE	11, 106	3274	PRO	11, 130	3298	nuc	nuc	0.97
ASP	11, 123	3291	PRO	11, 130	3298	nuc	nuc	0.51
LEU	11, 124	3292	PRO	11, 130	3298	nuc	nuc	0.82
VAL	11, 127	3295	PRO	11, 130	3298	nuc	nuc	0.95
LYS	11, 129	3297	PRO	11, 130	3298	nuc	nuc	1
HIS	11, 100	3268	GLU	11, 131	3299	nuc	nuc	0.96
ARG	11, 101	3269	GLU	11, 131	3299	nuc	nuc	0.99
ILE	11, 106	3274	GLU	11, 131	3299	nuc	nuc	0.86
LYS	11, 129	3297	GLU	11, 131	3299	nuc	nuc	0.99
PRO	11, 130	3298	GLU	11, 131	3299	nuc	nuc	1
VAL	11, 98	3266	TRP	11, 132	3300	nuc	nuc	0.91
ARG	11, 99	3267	TRP	11, 132	3300	nuc	nuc	0.89
HIS	11, 100	3268	TRP	11, 132	3300	nuc	nuc	0.98
ARG	11, 101	3269	TRP	11, 132	3300	nuc	nuc	0.93
VAL	11, 127	3295	TRP	11, 132	3300	nuc	nuc	0.89
LYS	11, 128	3296	TRP	11, 132	3300	nuc	nuc	0.61
LYS	11, 129	3297	TRP	11, 132	3300	nuc	nuc	0.98
PRO	11, 130	3298	TRP	11, 132	3300	nuc	nuc	0.66
GLU	11, 131	3299	TRP	11, 132	3300	nuc	nuc	1
PHE	11, 97	3265	VAL	11, 133	3301	nuc	nuc	0.57
VAL	11, 98	3266	VAL	11, 133	3301	nuc	nuc	0.83
ARG	11, 99	3267	VAL	11, 133	3301	nuc	nuc	0.99
ARG	11, 101	3269	VAL	11, 133	3301	nuc	nuc	0.98
ARG	11, 126	3294	VAL	11, 133	3301	nuc	nuc	0.67
VAL	11, 127	3295	VAL	11, 133	3301	nuc	nuc	0.97
TRP	11, 132	3300	VAL	11, 133	3301	nuc	nuc	1
LEU	11, 96	3264	ILE	11, 134	3302	nuc	nuc	0.97
PHE	11, 97	3265	ILE	11, 134	3302	nuc	nuc	0.96
VAL	11, 98	3266	ILE	11, 134	3302	nuc	nuc	0.99
ARG	11, 99	3267	ILE	11, 134	3302	nuc	nuc	0.58
TRP	11, 132	3300	ILE	11, 134	3302	nuc	nuc	0.99
VAL	11, 133	3301	ILE	11, 134	3302	nuc	nuc	1
LEU	11, 96	3264	LEU	11, 135	3303	nuc	nuc	0.84
PHE	11, 97	3265	LEU	11, 135	3303	nuc	nuc	0.99
ARG	11, 99	3267	LEU	11, 135	3303	nuc	nuc	0.71
VAL	11, 133	3301	LEU	11, 135	3303	nuc	nuc	1
ILE	11, 134	3302	LEU	11, 135	3303	nuc	nuc	1
LYS	11, 94	3262	VAL	11, 136	3304	nuc	nuc	0.98
PRO	11, 95	3263	VAL	11, 136	3304	nuc	nuc	0.91
LEU	11, 96	3264	VAL	11, 136	3304	nuc	nuc	0.98
PHE	11, 97	3265	VAL	11, 136	3304	nuc	nuc	0.89
LEU	11, 135	3303	VAL	11, 136	3304	nuc	nuc	1
ALA	11, 88	3256	GLY	11, 137	3305	nuc	nuc	0.64
LYS	11, 94	3262	GLY	11, 137	3305	nuc	nuc	0.95
PRO	11, 95	3263	GLY	11, 137	3305	nuc	nuc	0.98
LEU	11, 96	3264	GLY	11, 137	3305	nuc	nuc	0.95
PHE	11, 97	3265	GLY	11, 137	3305	nuc	nuc	0.99
LEU	11, 135	3303	GLY	11, 137	3305	nuc	nuc	1
VAL	11, 136	3304	GLY	11, 137	3305	nuc	nuc	1
LEU	2, 263	643	VAL	11, 138	3306	nuc	nuc	0.71
LYS	11, 94	3262	VAL	11, 138	3306	nuc	nuc	0.97
PRO	11, 95	3263	VAL	11, 138	3306	nuc	nuc	0.92
VAL	11, 136	3304	VAL	11, 138	3306	nuc	nuc	0.99
GLY	11, 137	3305	VAL	11, 138	3306	nuc	nuc	1
GLY	11, 137	3305	CYS	11, 139	3307	nuc	nuc	0.95
VAL	11, 138	3306	CYS	11, 139	3307	nuc	nuc	1
VAL	11, 138	3306	THR	11, 140	3308	nuc	nuc	0.87
CYS	11, 139	3307	THR	11, 140	3308	nuc	nuc	1
CYS	11, 139	3307	HIS	11, 141	3309	nuc	nuc	0.99
THR	11, 140	3308	HIS	11, 141	3309	nuc	nuc	1
VAL	2, 264	644	LEU	11, 142	3310	nuc	nuc	0.51
CYS	11, 139	3307	LEU	11, 142	3310	nuc	nuc	0.9
HIS	11, 141	3309	LEU	11, 142	3310	nuc	nuc	1
LEU	2, 263	643	GLY	11, 143	3311	nuc	nuc	0.58
VAL	2, 264	644	GLY	11, 143	3311	nuc	nuc	0.62
THR	2, 265	645	GLY	11, 143	3311	nuc	nuc	0.59
VAL	11, 138	3306	GLY	11, 143	3311	nuc	nuc	0.95
CYS	11, 139	3307	GLY	11, 143	3311	nuc	nuc	0.96
THR	11, 140	3308	GLY	11, 143	3311	nuc	nuc	0.69
HIS	11, 141	3309	GLY	11, 143	3311	nuc	nuc	0.97
LEU	11, 142	3310	GLY	11, 143	3311	nuc	nuc	1
VAL	11, 138	3306	CYS	11, 144	3312	nuc	nuc	0.59
CYS	11, 139	3307	CYS	11, 144	3312	nuc	nuc	0.97
HIS	11, 141	3309	CYS	11, 144	3312	nuc	nuc	0.64
LEU	11, 142	3310	CYS	11, 144	3312	nuc	nuc	0.96
GLY	11, 143	3311	CYS	11, 144	3312	nuc	nuc	1
LEU	2, 263	643	VAL	11, 145	3313	nuc	nuc	0.57
PRO	11, 95	3263	VAL	11, 145	3313	nuc	nuc	0.97
GLY	11, 137	3305	VAL	11, 145	3313	nuc	nuc	0.97
VAL	11, 138	3306	VAL	11, 145	3313	nuc	nuc	0.94
CYS	11, 139	3307	VAL	11, 145	3313	nuc	nuc	0.91
GLY	11, 143	3311	VAL	11, 145	3313	nuc	nuc	0.85
CYS	11, 144	3312	VAL	11, 145	3313	nuc	nuc	1
GLY	11, 137	3305	PRO	11, 146	3314	nuc	nuc	0.97
CYS	11, 139	3307	PRO	11, 146	3314	nuc	nuc	0.97
CYS	11, 144	3312	PRO	11, 146	3314	nuc	nuc	0.95
VAL	11, 145	3313	PRO	11, 146	3314	nuc	nuc	1
VAL	11, 145	3313	ILE	11, 147	3315	nuc	nuc	0.8
PRO	11, 146	3314	ILE	11, 147	3315	nuc	nuc	1
ASN	11, 86	3254	ALA	11, 148	3316	nuc	nuc	0.98
ALA	11, 88	3256	ALA	11, 148	3316	nuc	nuc	0.67
PHE	11, 97	3265	ALA	11, 148	3316	nuc	nuc	0.92
ARG	11, 99	3267	ALA	11, 148	3316	nuc	nuc	0.71
PRO	11, 146	3314	ALA	11, 148	3316	nuc	nuc	0.95
ILE	11, 147	3315	ALA	11, 148	3316	nuc	nuc	1
GLY	11, 84	3252	ASN	11, 149	3317	nuc	nuc	0.64
ASN	11, 86	3254	ASN	11, 149	3317	nuc	nuc	0.93
ILE	11, 147	3315	ASN	11, 149	3317	nuc	nuc	0.8
ALA	11, 148	3316	ASN	11, 149	3317	nuc	nuc	1
ILE	11, 147	3315	SER	11, 150	3318	nuc	nuc	0.98
ALA	11, 148	3316	SER	11, 150	3318	nuc	nuc	0.95
ASN	11, 149	3317	SER	11, 150	3318	nuc	nuc	1
SER	11, 150	3318	GLY	11, 151	3319	nuc	nuc	1
GLY	11, 151	3319	ASP	11, 152	3320	nuc	nuc	1
GLY	11, 151	3319	PHE	11, 153	3321	nuc	nuc	0.99
ASP	11, 152	3320	PHE	11, 153	3321	nuc	nuc	1
ASN	11, 149	3317	GLY	11, 154	3322	nuc	nuc	0.94
SER	11, 150	3318	GLY	11, 154	3322	nuc	nuc	0.74
GLY	11, 151	3319	GLY	11, 154	3322	nuc	nuc	0.99
ASP	11, 152	3320	GLY	11, 154	3322	nuc	nuc	0.92
PHE	11, 153	3321	GLY	11, 154	3322	nuc	nuc	1
ALA	11, 148	3316	GLY	11, 155	3323	nuc	nuc	0.86
ASN	11, 149	3317	GLY	11, 155	3323	nuc	nuc	0.98
SER	11, 150	3318	GLY	11, 155	3323	nuc	nuc	0.91
GLY	11, 151	3319	GLY	11, 155	3323	nuc	nuc	0.97
PHE	11, 153	3321	GLY	11, 155	3323	nuc	nuc	0.99
GLY	11, 154	3322	GLY	11, 155	3323	nuc	nuc	1
PHE	11, 97	3265	TYR	11, 156	3324	nuc	nuc	0.55
PRO	11, 146	3314	TYR	11, 156	3324	nuc	nuc	0.99
ILE	11, 147	3315	TYR	11, 156	3324	nuc	nuc	0.97
ALA	11, 148	3316	TYR	11, 156	3324	nuc	nuc	0.97
ASN	11, 149	3317	TYR	11, 156	3324	nuc	nuc	0.6
SER	11, 150	3318	TYR	11, 156	3324	nuc	nuc	0.92
GLY	11, 151	3319	TYR	11, 156	3324	nuc	nuc	0.83
GLY	11, 155	3323	TYR	11, 156	3324	nuc	nuc	1
PRO	11, 146	3314	TYR	11, 157	3325	nuc	nuc	0.98
ILE	11, 147	3315	TYR	11, 157	3325	nuc	nuc	0.98
SER	11, 150	3318	TYR	11, 157	3325	nuc	nuc	0.98
GLY	11, 151	3319	TYR	11, 157	3325	nuc	nuc	0.98
GLY	11, 155	3323	TYR	11, 157	3325	nuc	nuc	0.97
TYR	11, 156	3324	TYR	11, 157	3325	nuc	nuc	1
CYS	11, 139	3307	CYS	11, 158	3326	nuc	nuc	0.98
HIS	11, 141	3309	CYS	11, 158	3326	nuc	nuc	0.81
CYS	11, 144	3312	CYS	11, 158	3326	nuc	nuc	0.98
PRO	11, 146	3314	CYS	11, 158	3326	nuc	nuc	0.99
ILE	11, 147	3315	CYS	11, 158	3326	nuc	nuc	0.75
TYR	11, 156	3324	CYS	11, 158	3326	nuc	nuc	0.96
TYR	11, 157	3325	CYS	11, 158	3326	nuc	nuc	1
GLY	4, 107	1108	PRO	11, 159	3327	nuc	nuc	0.58
CYS	11, 144	3312	PRO	11, 159	3327	nuc	nuc	0.92
ILE	11, 147	3315	PRO	11, 159	3327	nuc	nuc	0.95
TYR	11, 157	3325	PRO	11, 159	3327	nuc	nuc	0.97
CYS	11, 158	3326	PRO	11, 159	3327	nuc	nuc	1
CYS	11, 139	3307	CYS	11, 160	3328	nuc	nuc	0.82
HIS	11, 141	3309	CYS	11, 160	3328	nuc	nuc	0.62
LEU	11, 142	3310	CYS	11, 160	3328	nuc	nuc	0.91
GLY	11, 143	3311	CYS	11, 160	3328	nuc	nuc	0.66
CYS	11, 144	3312	CYS	11, 160	3328	nuc	nuc	0.99
CYS	11, 158	3326	CYS	11, 160	3328	nuc	nuc	1
PRO	11, 159	3327	CYS	11, 160	3328	nuc	nuc	1
HIS	11, 141	3309	HIS	11, 161	3329	nuc	nuc	0.89
LEU	11, 142	3310	HIS	11, 161	3329	nuc	nuc	0.87
CYS	11, 144	3312	HIS	11, 161	3329	nuc	nuc	0.51
CYS	11, 158	3326	HIS	11, 161	3329	nuc	nuc	0.97
CYS	11, 160	3328	HIS	11, 161	3329	nuc	nuc	1
TYR	11, 157	3325	GLY	11, 162	3330	nuc	nuc	0.94
CYS	11, 158	3326	GLY	11, 162	3330	nuc	nuc	0.99
PRO	11, 159	3327	GLY	11, 162	3330	nuc	nuc	0.92
CYS	11, 160	3328	GLY	11, 162	3330	nuc	nuc	0.98
HIS	11, 161	3329	GLY	11, 162	3330	nuc	nuc	1
CYS	11, 139	3307	SER	11, 163	3331	nuc	nuc	0.94
HIS	11, 141	3309	SER	11, 163	3331	nuc	nuc	0.88
PRO	11, 146	3314	SER	11, 163	3331	nuc	nuc	0.71
TYR	11, 157	3325	SER	11, 163	3331	nuc	nuc	0.87
CYS	11, 158	3326	SER	11, 163	3331	nuc	nuc	0.99
HIS	11, 161	3329	SER	11, 163	3331	nuc	nuc	0.99
GLY	11, 162	3330	SER	11, 163	3331	nuc	nuc	1
GLY	11, 151	3319	HIS	11, 164	3332	nuc	nuc	0.96
ASP	11, 152	3320	HIS	11, 164	3332	nuc	nuc	0.95
PHE	11, 153	3321	HIS	11, 164	3332	nuc	nuc	0.97
GLY	11, 155	3323	HIS	11, 164	3332	nuc	nuc	0.53
TYR	11, 156	3324	HIS	11, 164	3332	nuc	nuc	0.63
TYR	11, 157	3325	HIS	11, 164	3332	nuc	nuc	0.98
CYS	11, 158	3326	HIS	11, 164	3332	nuc	nuc	0.54
GLY	11, 162	3330	HIS	11, 164	3332	nuc	nuc	0.99
SER	11, 163	3331	HIS	11, 164	3332	nuc	nuc	1
PRO	11, 146	3314	TYR	11, 165	3333	nuc	nuc	0.95
PHE	11, 153	3321	TYR	11, 165	3333	nuc	nuc	0.88
GLY	11, 155	3323	TYR	11, 165	3333	nuc	nuc	0.98
TYR	11, 156	3324	TYR	11, 165	3333	nuc	nuc	0.99
TYR	11, 157	3325	TYR	11, 165	3333	nuc	nuc	0.88
CYS	11, 158	3326	TYR	11, 165	3333	nuc	nuc	0.67
SER	11, 163	3331	TYR	11, 165	3333	nuc	nuc	0.99
HIS	11, 164	3332	TYR	11, 165	3333	nuc	nuc	1
GLU	11, 109	3277	ASP	11, 166	3334	nuc	nuc	0.94
VAL	11, 112	3280	ASP	11, 166	3334	nuc	nuc	0.79
PHE	11, 153	3321	ASP	11, 166	3334	nuc	nuc	0.98
GLY	11, 154	3322	ASP	11, 166	3334	nuc	nuc	0.94
GLY	11, 155	3323	ASP	11, 166	3334	nuc	nuc	0.98
HIS	11, 164	3332	ASP	11, 166	3334	nuc	nuc	0.68
TYR	11, 165	3333	ASP	11, 166	3334	nuc	nuc	1
ARG	11, 99	3267	ALA	11, 167	3335	nuc	nuc	0.84
ARG	11, 101	3269	ALA	11, 167	3335	nuc	nuc	0.94
GLU	11, 105	3273	ALA	11, 167	3335	nuc	nuc	0.97
GLN	11, 108	3276	ALA	11, 167	3335	nuc	nuc	0.74
GLU	11, 109	3277	ALA	11, 167	3335	nuc	nuc	0.94
VAL	11, 133	3301	ALA	11, 167	3335	nuc	nuc	0.88
PHE	11, 153	3321	ALA	11, 167	3335	nuc	nuc	0.72
GLY	11, 154	3322	ALA	11, 167	3335	nuc	nuc	0.98
GLY	11, 155	3323	ALA	11, 167	3335	nuc	nuc	0.99
ASP	11, 166	3334	ALA	11, 167	3335	nuc	nuc	1
GLU	11, 109	3277	SER	11, 168	3336	nuc	nuc	0.97
ASP	11, 123	3291	SER	11, 168	3336	nuc	nuc	0.97
ARG	11, 126	3294	SER	11, 168	3336	nuc	nuc	0.95
VAL	11, 127	3295	SER	11, 168	3336	nuc	nuc	0.77
VAL	11, 133	3301	SER	11, 168	3336	nuc	nuc	0.98
ASP	11, 166	3334	SER	11, 168	3336	nuc	nuc	1
ALA	11, 167	3335	SER	11, 168	3336	nuc	nuc	1
VAL	11, 133	3301	GLY	11, 169	3337	nuc	nuc	0.81
LEU	11, 135	3303	GLY	11, 169	3337	nuc	nuc	0.98
GLY	11, 155	3323	GLY	11, 169	3337	nuc	nuc	0.86
TYR	11, 156	3324	GLY	11, 169	3337	nuc	nuc	0.93
TYR	11, 165	3333	GLY	11, 169	3337	nuc	nuc	0.99
ASP	11, 166	3334	GLY	11, 169	3337	nuc	nuc	1
ALA	11, 167	3335	GLY	11, 169	3337	nuc	nuc	0.99
SER	11, 168	3336	GLY	11, 169	3337	nuc	nuc	1
VAL	11, 112	3280	ARG	11, 170	3338	nuc	nuc	0.63
LEU	11, 117	3285	ARG	11, 170	3338	nuc	nuc	0.95
ASP	11, 119	3287	ARG	11, 170	3338	nuc	nuc	0.89
GLN	11, 121	3289	ARG	11, 170	3338	nuc	nuc	0.91
ASP	11, 123	3291	ARG	11, 170	3338	nuc	nuc	0.54
TYR	11, 165	3333	ARG	11, 170	3338	nuc	nuc	0.98
ASP	11, 166	3334	ARG	11, 170	3338	nuc	nuc	0.98
SER	11, 168	3336	ARG	11, 170	3338	nuc	nuc	1
GLY	11, 169	3337	ARG	11, 170	3338	nuc	nuc	1
LEU	11, 117	3285	ILE	11, 171	3339	nuc	nuc	0.63
ARG	11, 118	3286	ILE	11, 171	3339	nuc	nuc	0.97
ASP	11, 119	3287	ILE	11, 171	3339	nuc	nuc	0.93
THR	11, 140	3308	ILE	11, 171	3339	nuc	nuc	0.74
SER	11, 163	3331	ILE	11, 171	3339	nuc	nuc	0.93
HIS	11, 164	3332	ILE	11, 171	3339	nuc	nuc	0.78
TYR	11, 165	3333	ILE	11, 171	3339	nuc	nuc	0.99
GLY	11, 169	3337	ILE	11, 171	3339	nuc	nuc	0.91
ARG	11, 170	3338	ILE	11, 171	3339	nuc	nuc	1
LEU	11, 117	3285	ARG	11, 172	3340	nuc	nuc	0.67
ARG	11, 118	3286	ARG	11, 172	3340	nuc	nuc	0.58
PHE	11, 153	3321	ARG	11, 172	3340	nuc	nuc	0.97
HIS	11, 164	3332	ARG	11, 172	3340	nuc	nuc	0.98
TYR	11, 165	3333	ARG	11, 172	3340	nuc	nuc	0.97
ASP	11, 166	3334	ARG	11, 172	3340	nuc	nuc	0.97
ARG	11, 170	3338	ARG	11, 172	3340	nuc	nuc	0.99
ILE	11, 171	3339	ARG	11, 172	3340	nuc	nuc	1
ASP	11, 152	3320	LYS	11, 173	3341	nuc	nuc	0.77
PHE	11, 153	3321	LYS	11, 173	3341	nuc	nuc	0.61
GLY	11, 162	3330	LYS	11, 173	3341	nuc	nuc	0.59
SER	11, 163	3331	LYS	11, 173	3341	nuc	nuc	0.92
HIS	11, 164	3332	LYS	11, 173	3341	nuc	nuc	0.98
ILE	11, 171	3339	LYS	11, 173	3341	nuc	nuc	0.87
ARG	11, 172	3340	LYS	11, 173	3341	nuc	nuc	1
HIS	11, 161	3329	GLY	11, 174	3342	nuc	nuc	0.8
GLY	11, 162	3330	GLY	11, 174	3342	nuc	nuc	0.96
SER	11, 163	3331	GLY	11, 174	3342	nuc	nuc	0.98
HIS	11, 164	3332	GLY	11, 174	3342	nuc	nuc	0.95
ILE	11, 171	3339	GLY	11, 174	3342	nuc	nuc	0.92
LYS	11, 173	3341	GLY	11, 174	3342	nuc	nuc	1
HIS	11, 141	3309	PRO	11, 175	3343	nuc	nuc	0.94
HIS	11, 161	3329	PRO	11, 175	3343	nuc	nuc	0.94
GLY	11, 162	3330	PRO	11, 175	3343	nuc	nuc	0.79
SER	11, 163	3331	PRO	11, 175	3343	nuc	nuc	0.97
GLY	11, 174	3342	PRO	11, 175	3343	nuc	nuc	1
CYS	11, 139	3307	ALA	11, 176	3344	nuc	nuc	0.95
THR	11, 140	3308	ALA	11, 176	3344	nuc	nuc	0.96
HIS	11, 141	3309	ALA	11, 176	3344	nuc	nuc	0.97
CYS	11, 158	3326	ALA	11, 176	3344	nuc	nuc	0.81
SER	11, 163	3331	ALA	11, 176	3344	nuc	nuc	0.95
ILE	11, 171	3339	ALA	11, 176	3344	nuc	nuc	0.97
GLY	11, 174	3342	ALA	11, 176	3344	nuc	nuc	0.99
PRO	11, 175	3343	ALA	11, 176	3344	nuc	nuc	1
ARG	11, 118	3286	PRO	11, 177	3345	nuc	nuc	0.82
ASP	11, 119	3287	PRO	11, 177	3345	nuc	nuc	0.77
THR	11, 140	3308	PRO	11, 177	3345	nuc	nuc	0.94
HIS	11, 141	3309	PRO	11, 177	3345	nuc	nuc	0.8
ILE	11, 171	3339	PRO	11, 177	3345	nuc	nuc	0.77
PRO	11, 175	3343	PRO	11, 177	3345	nuc	nuc	0.59
ALA	11, 176	3344	PRO	11, 177	3345	nuc	nuc	1
ASP	11, 119	3287	TYR	11, 178	3346	nuc	nuc	0.97
THR	11, 140	3308	TYR	11, 178	3346	nuc	nuc	0.96
ILE	11, 171	3339	TYR	11, 178	3346	nuc	nuc	0.91
ALA	11, 176	3344	TYR	11, 178	3346	nuc	nuc	0.97
PRO	11, 177	3345	TYR	11, 178	3346	nuc	nuc	1
ASP	11, 119	3287	ASN	11, 179	3347	nuc	nuc	0.98
GLN	11, 121	3289	ASN	11, 179	3347	nuc	nuc	0.94
THR	11, 140	3308	ASN	11, 179	3347	nuc	nuc	0.83
TYR	11, 165	3333	ASN	11, 179	3347	nuc	nuc	0.61
GLY	11, 169	3337	ASN	11, 179	3347	nuc	nuc	0.98
ARG	11, 170	3338	ASN	11, 179	3347	nuc	nuc	0.99
ILE	11, 171	3339	ASN	11, 179	3347	nuc	nuc	0.99
TYR	11, 178	3346	ASN	11, 179	3347	nuc	nuc	1
LEU	11, 135	3303	LEU	11, 180	3348	nuc	nuc	0.99
VAL	11, 136	3304	LEU	11, 180	3348	nuc	nuc	0.98
GLY	11, 137	3305	LEU	11, 180	3348	nuc	nuc	0.97
VAL	11, 138	3306	LEU	11, 180	3348	nuc	nuc	0.65
CYS	11, 139	3307	LEU	11, 180	3348	nuc	nuc	0.64
THR	11, 140	3308	LEU	11, 180	3348	nuc	nuc	0.92
PRO	11, 146	3314	LEU	11, 180	3348	nuc	nuc	0.68
TYR	11, 156	3324	LEU	11, 180	3348	nuc	nuc	0.74
TYR	11, 165	3333	LEU	11, 180	3348	nuc	nuc	0.97
GLY	11, 169	3337	LEU	11, 180	3348	nuc	nuc	0.99
ARG	11, 170	3338	LEU	11, 180	3348	nuc	nuc	0.61
ASN	11, 179	3347	LEU	11, 180	3348	nuc	nuc	1
LEU	11, 135	3303	GLU	11, 181	3349	nuc	nuc	0.94
VAL	11, 136	3304	GLU	11, 181	3349	nuc	nuc	0.98
VAL	11, 138	3306	GLU	11, 181	3349	nuc	nuc	0.6
THR	11, 140	3308	GLU	11, 181	3349	nuc	nuc	0.6
ASN	11, 179	3347	GLU	11, 181	3349	nuc	nuc	0.77
LEU	11, 180	3348	GLU	11, 181	3349	nuc	nuc	1
ARG	11, 126	3294	VAL	11, 182	3350	nuc	nuc	0.98
ILE	11, 134	3302	VAL	11, 182	3350	nuc	nuc	0.95
LEU	11, 135	3303	VAL	11, 182	3350	nuc	nuc	0.98
VAL	11, 136	3304	VAL	11, 182	3350	nuc	nuc	0.82
LEU	11, 180	3348	VAL	11, 182	3350	nuc	nuc	0.92
GLU	11, 181	3349	VAL	11, 182	3350	nuc	nuc	1
TRP	11, 91	3259	PRO	11, 183	3351	nuc	nuc	0.7
LEU	11, 96	3264	PRO	11, 183	3351	nuc	nuc	0.93
ILE	11, 134	3302	PRO	11, 183	3351	nuc	nuc	0.98
LEU	11, 135	3303	PRO	11, 183	3351	nuc	nuc	0.72
VAL	11, 136	3304	PRO	11, 183	3351	nuc	nuc	0.99
GLU	11, 181	3349	PRO	11, 183	3351	nuc	nuc	0.98
VAL	11, 182	3350	PRO	11, 183	3351	nuc	nuc	1
PRO	11, 183	3351	THR	11, 184	3352	nuc	nuc	1
LYS	11, 128	3296	TYR	11, 185	3353	nuc	nuc	0.8
ILE	11, 134	3302	TYR	11, 185	3353	nuc	nuc	0.98
PRO	11, 183	3351	TYR	11, 185	3353	nuc	nuc	0.99
THR	11, 184	3352	TYR	11, 185	3353	nuc	nuc	1
THR	11, 184	3352	GLN	11, 186	3354	nuc	nuc	0.74
TYR	11, 185	3353	GLN	11, 186	3354	nuc	nuc	1
LYS	11, 128	3296	PHE	11, 187	3355	nuc	nuc	0.85
LYS	11, 129	3297	PHE	11, 187	3355	nuc	nuc	0.9
TYR	11, 185	3353	PHE	11, 187	3355	nuc	nuc	0.89
GLN	11, 186	3354	PHE	11, 187	3355	nuc	nuc	1
GLN	11, 186	3354	VAL	11, 188	3356	nuc	nuc	0.97
PHE	11, 187	3355	VAL	11, 188	3356	nuc	nuc	1
PHE	11, 187	3355	GLY	11, 189	3357	nuc	nuc	0.98
VAL	11, 188	3356	GLY	11, 189	3357	nuc	nuc	1
PHE	11, 187	3355	ASP	11, 190	3358	nuc	nuc	0.6
GLY	11, 189	3357	ASP	11, 190	3358	nuc	nuc	1
LYS	11, 77	3245	ASP	11, 191	3359	nuc	nuc	0.77
LEU	11, 78	3246	ASP	11, 191	3359	nuc	nuc	0.9
SER	11, 79	3247	ASP	11, 191	3359	nuc	nuc	0.96
GLY	11, 189	3357	ASP	11, 191	3359	nuc	nuc	0.99
ASP	11, 190	3358	ASP	11, 191	3359	nuc	nuc	1
GLU	11, 75	3243	LEU	11, 192	3360	nuc	nuc	0.74
ILE	11, 76	3244	LEU	11, 192	3360	nuc	nuc	0.87
LYS	11, 77	3245	LEU	11, 192	3360	nuc	nuc	0.87
LEU	11, 78	3246	LEU	11, 192	3360	nuc	nuc	0.79
PHE	11, 187	3355	LEU	11, 192	3360	nuc	nuc	0.81
VAL	11, 188	3356	LEU	11, 192	3360	nuc	nuc	0.96
GLY	11, 189	3357	LEU	11, 192	3360	nuc	nuc	0.98
ASP	11, 190	3358	LEU	11, 192	3360	nuc	nuc	0.6
ASP	11, 191	3359	LEU	11, 192	3360	nuc	nuc	1
GLU	11, 75	3243	VAL	11, 193	3361	nuc	nuc	0.72
ILE	11, 76	3244	VAL	11, 193	3361	nuc	nuc	0.85
LYS	11, 77	3245	VAL	11, 193	3361	nuc	nuc	0.61
LEU	11, 78	3246	VAL	11, 193	3361	nuc	nuc	0.79
VAL	11, 98	3266	VAL	11, 193	3361	nuc	nuc	0.61
TRP	11, 132	3300	VAL	11, 193	3361	nuc	nuc	0.76
ILE	11, 134	3302	VAL	11, 193	3361	nuc	nuc	0.77
TYR	11, 185	3353	VAL	11, 193	3361	nuc	nuc	0.96
GLN	11, 186	3354	VAL	11, 193	3361	nuc	nuc	0.86
PHE	11, 187	3355	VAL	11, 193	3361	nuc	nuc	0.98
VAL	11, 188	3356	VAL	11, 193	3361	nuc	nuc	0.88
LEU	11, 192	3360	VAL	11, 193	3361	nuc	nuc	1
LYS	11, 73	3241	VAL	11, 194	3362	nuc	nuc	0.88
ILE	11, 74	3242	VAL	11, 194	3362	nuc	nuc	0.77
GLU	11, 75	3243	VAL	11, 194	3362	nuc	nuc	0.89
ILE	11, 76	3244	VAL	11, 194	3362	nuc	nuc	0.61
TYR	11, 185	3353	VAL	11, 194	3362	nuc	nuc	0.97
GLN	11, 186	3354	VAL	11, 194	3362	nuc	nuc	0.98
VAL	11, 188	3356	VAL	11, 194	3362	nuc	nuc	0.95
LEU	11, 192	3360	VAL	11, 194	3362	nuc	nuc	0.95
VAL	11, 193	3361	VAL	11, 194	3362	nuc	nuc	1
LYS	11, 73	3241	VAL	11, 195	3363	nuc	nuc	0.83
ILE	11, 74	3242	VAL	11, 195	3363	nuc	nuc	0.75
GLU	11, 75	3243	VAL	11, 195	3363	nuc	nuc	0.68
ILE	11, 76	3244	VAL	11, 195	3363	nuc	nuc	0.71
TRP	11, 91	3259	VAL	11, 195	3363	nuc	nuc	0.96
LEU	11, 96	3264	VAL	11, 195	3363	nuc	nuc	0.95
ILE	11, 134	3302	VAL	11, 195	3363	nuc	nuc	0.95
PRO	11, 183	3351	VAL	11, 195	3363	nuc	nuc	0.98
THR	11, 184	3352	VAL	11, 195	3363	nuc	nuc	0.82
TYR	11, 185	3353	VAL	11, 195	3363	nuc	nuc	0.99
VAL	11, 193	3361	VAL	11, 195	3363	nuc	nuc	0.99
VAL	11, 194	3362	VAL	11, 195	3363	nuc	nuc	1
SER	11, 72	3240	GLY	11, 196	3364	nuc	nuc	0.79
LYS	11, 73	3241	GLY	11, 196	3364	nuc	nuc	0.94
PRO	11, 183	3351	GLY	11, 196	3364	nuc	nuc	0.95
THR	11, 184	3352	GLY	11, 196	3364	nuc	nuc	0.98
TYR	11, 185	3353	GLY	11, 196	3364	nuc	nuc	0.98
VAL	11, 194	3362	GLY	11, 196	3364	nuc	nuc	1
VAL	11, 195	3363	GLY	11, 196	3364	nuc	nuc	1
LEU	6, 138	1826	VAL	12, 1	3365	nuc	nuc	0.95
LYS	6, 139	1827	VAL	12, 1	3365	nuc	nuc	0.89
ASP	6, 142	1830	VAL	12, 1	3365	nuc	nuc	0.97
THR	6, 171	1859	VAL	12, 1	3365	nuc	nuc	0.96
MET	6, 141	1829	HIS	12, 2	3366	nuc	nuc	0.54
ASP	6, 142	1830	HIS	12, 2	3366	nuc	nuc	0.98
VAL	6, 148	1836	HIS	12, 2	3366	nuc	nuc	0.99
ASP	6, 151	1839	HIS	12, 2	3366	nuc	nuc	0.97
TYR	6, 152	1840	HIS	12, 2	3366	nuc	nuc	0.83
VAL	12, 1	3365	HIS	12, 2	3366	nuc	nuc	1
LEU	6, 138	1826	ASN	12, 3	3367	nuc	nuc	0.96
ASP	6, 151	1839	ASN	12, 3	3367	nuc	nuc	0.9
THR	6, 166	1854	ASN	12, 3	3367	nuc	nuc	0.99
GLU	6, 168	1856	ASN	12, 3	3367	nuc	nuc	0.98
GLY	6, 169	1857	ASN	12, 3	3367	nuc	nuc	0.99
THR	6, 170	1858	ASN	12, 3	3367	nuc	nuc	0.97
THR	6, 171	1859	ASN	12, 3	3367	nuc	nuc	0.9
VAL	12, 1	3365	ASN	12, 3	3367	nuc	nuc	0.99
HIS	12, 2	3366	ASN	12, 3	3367	nuc	nuc	1
THR	6, 170	1858	ASP	12, 4	3368	nuc	nuc	0.98
THR	6, 171	1859	ASP	12, 4	3368	nuc	nuc	0.97
GLU	6, 172	1860	ASP	12, 4	3368	nuc	nuc	0.8
VAL	12, 1	3365	ASP	12, 4	3368	nuc	nuc	0.99
HIS	12, 2	3366	ASP	12, 4	3368	nuc	nuc	0.97
ASN	12, 3	3367	ASP	12, 4	3368	nuc	nuc	1
ARG	4, 238	1239	VAL	12, 5	3369	nuc	nuc	0.79
TYR	6, 152	1840	VAL	12, 5	3369	nuc	nuc	0.91
ALA	6, 155	1843	VAL	12, 5	3369	nuc	nuc	0.97
HIS	12, 2	3366	VAL	12, 5	3369	nuc	nuc	0.97
ASN	12, 3	3367	VAL	12, 5	3369	nuc	nuc	0.96
ASP	12, 4	3368	VAL	12, 5	3369	nuc	nuc	1
ALA	6, 155	1843	THR	12, 6	3370	nuc	nuc	0.84
ASP	12, 4	3368	THR	12, 6	3370	nuc	nuc	0.88
VAL	12, 5	3369	THR	12, 6	3370	nuc	nuc	1
ALA	6, 155	1843	VAL	12, 7	3371	nuc	nuc	0.99
THR	6, 156	1844	VAL	12, 7	3371	nuc	nuc	0.98
GLN	6, 159	1847	VAL	12, 7	3371	nuc	nuc	0.99
GLY	6, 160	1848	VAL	12, 7	3371	nuc	nuc	0.88
ALA	6, 164	1852	VAL	12, 7	3371	nuc	nuc	0.88
SER	6, 239	1927	VAL	12, 7	3371	nuc	nuc	0.58
ILE	6, 241	1929	VAL	12, 7	3371	nuc	nuc	0.89
VAL	12, 5	3369	VAL	12, 7	3371	nuc	nuc	0.77
THR	12, 6	3370	VAL	12, 7	3371	nuc	nuc	1
LYS	4, 234	1235	PRO	12, 8	3372	nuc	nuc	1
THR	12, 6	3370	PRO	12, 8	3372	nuc	nuc	0.93
VAL	12, 7	3371	PRO	12, 8	3372	nuc	nuc	1
PRO	12, 8	3372	ASP	12, 9	3373	nuc	nuc	1
SER	4, 232	1233	PHE	12, 10	3374	nuc	nuc	0.96
GLN	6, 159	1847	PHE	12, 10	3374	nuc	nuc	0.77
VAL	12, 7	3371	PHE	12, 10	3374	nuc	nuc	0.58
PRO	12, 8	3372	PHE	12, 10	3374	nuc	nuc	0.99
ASP	12, 9	3373	PHE	12, 10	3374	nuc	nuc	1
ASP	12, 9	3373	SER	12, 11	3375	nuc	nuc	1
PHE	12, 10	3374	SER	12, 11	3375	nuc	nuc	1
ASP	12, 9	3373	ALA	12, 12	3376	nuc	nuc	0.76
PHE	12, 10	3374	ALA	12, 12	3376	nuc	nuc	0.98
SER	12, 11	3375	ALA	12, 12	3376	nuc	nuc	1
SER	4, 228	1229	TYR	12, 13	3377	nuc	nuc	0.82
SER	4, 232	1233	TYR	12, 13	3377	nuc	nuc	0.99
PHE	12, 10	3374	TYR	12, 13	3377	nuc	nuc	1
SER	12, 11	3375	TYR	12, 13	3377	nuc	nuc	0.96
ALA	12, 12	3376	TYR	12, 13	3377	nuc	nuc	1
PHE	12, 10	3374	ARG	12, 14	3378	nuc	nuc	0.99
SER	12, 11	3375	ARG	12, 14	3378	nuc	nuc	0.99
ALA	12, 12	3376	ARG	12, 14	3378	nuc	nuc	0.94
TYR	12, 13	3377	ARG	12, 14	3378	nuc	nuc	1
ARG	12, 14	3378	ARG	12, 15	3379	nuc	nuc	1
ARG	12, 14	3378	GLU	12, 16	3380	nuc	nuc	0.64
ARG	12, 15	3379	GLU	12, 16	3380	nuc	nuc	1
ARG	12, 15	3379	ASP	12, 17	3381	nuc	nuc	1
GLU	12, 16	3380	ASP	12, 17	3381	nuc	nuc	1
ARG	6, 235	1923	VAL	12, 18	3382	nuc	nuc	0.91
THR	6, 237	1925	VAL	12, 18	3382	nuc	nuc	0.88
ARG	12, 14	3378	VAL	12, 18	3382	nuc	nuc	0.99
ARG	12, 15	3379	VAL	12, 18	3382	nuc	nuc	0.99
GLU	12, 16	3380	VAL	12, 18	3382	nuc	nuc	0.7
ASP	12, 17	3381	VAL	12, 18	3382	nuc	nuc	1
SER	12, 11	3375	MET	12, 19	3383	nuc	nuc	0.97
ARG	12, 14	3378	MET	12, 19	3383	nuc	nuc	0.99
ARG	12, 15	3379	MET	12, 19	3383	nuc	nuc	0.9
GLU	12, 16	3380	MET	12, 19	3383	nuc	nuc	0.99
ASP	12, 17	3381	MET	12, 19	3383	nuc	nuc	0.95
VAL	12, 18	3382	MET	12, 19	3383	nuc	nuc	1
ARG	6, 235	1923	ASP	12, 20	3384	nuc	nuc	0.85
VAL	12, 18	3382	ASP	12, 20	3384	nuc	nuc	0.84
MET	12, 19	3383	ASP	12, 20	3384	nuc	nuc	1
GLY	6, 160	1848	ALA	12, 21	3385	nuc	nuc	0.99
THR	6, 161	1849	ALA	12, 21	3385	nuc	nuc	0.98
CYS	6, 234	1922	ALA	12, 21	3385	nuc	nuc	0.78
ARG	6, 235	1923	ALA	12, 21	3385	nuc	nuc	0.98
ASP	12, 20	3384	ALA	12, 21	3385	nuc	nuc	1
PRO	6, 232	1920	THR	12, 22	3386	nuc	nuc	0.97
ARG	6, 233	1921	THR	12, 22	3386	nuc	nuc	0.98
CYS	6, 234	1922	THR	12, 22	3386	nuc	nuc	0.51
ARG	6, 235	1923	THR	12, 22	3386	nuc	nuc	0.92
ASP	12, 20	3384	THR	12, 22	3386	nuc	nuc	1
ALA	12, 21	3385	THR	12, 22	3386	nuc	nuc	1
ARG	6, 233	1921	THR	12, 23	3387	nuc	nuc	0.9
ARG	6, 235	1923	THR	12, 23	3387	nuc	nuc	0.97
VAL	12, 18	3382	THR	12, 23	3387	nuc	nuc	0.65
ASP	12, 20	3384	THR	12, 23	3387	nuc	nuc	0.99
ALA	12, 21	3385	THR	12, 23	3387	nuc	nuc	0.8
THR	12, 22	3386	THR	12, 23	3387	nuc	nuc	1
ARG	6, 233	1921	SER	12, 24	3388	nuc	nuc	0.95
ARG	6, 235	1923	SER	12, 24	3388	nuc	nuc	0.95
PHE	6, 236	1924	SER	12, 24	3388	nuc	nuc	0.69
THR	12, 23	3387	SER	12, 24	3388	nuc	nuc	1
ARG	6, 235	1923	SER	12, 25	3389	nuc	nuc	0.99
PHE	6, 236	1924	SER	12, 25	3389	nuc	nuc	0.99
THR	6, 237	1925	SER	12, 25	3389	nuc	nuc	0.96
GLU	6, 258	1946	SER	12, 25	3389	nuc	nuc	0.77
VAL	12, 18	3382	SER	12, 25	3389	nuc	nuc	0.97
THR	12, 23	3387	SER	12, 25	3389	nuc	nuc	0.78
SER	12, 24	3388	SER	12, 25	3389	nuc	nuc	1
PHE	6, 236	1924	GLN	12, 26	3390	nuc	nuc	0.63
GLU	6, 258	1946	GLN	12, 26	3390	nuc	nuc	0.94
SER	12, 24	3388	GLN	12, 26	3390	nuc	nuc	1
SER	12, 25	3389	GLN	12, 26	3390	nuc	nuc	1
THR	12, 23	3387	THR	12, 27	3391	nuc	nuc	0.83
SER	12, 24	3388	THR	12, 27	3391	nuc	nuc	0.99
SER	12, 25	3389	THR	12, 27	3391	nuc	nuc	0.93
GLN	12, 26	3390	THR	12, 27	3391	nuc	nuc	1
ASP	12, 17	3381	SER	12, 28	3392	nuc	nuc	0.99
VAL	12, 18	3382	SER	12, 28	3392	nuc	nuc	0.94
SER	12, 25	3389	SER	12, 28	3392	nuc	nuc	0.97
GLN	12, 26	3390	SER	12, 28	3392	nuc	nuc	0.8
THR	12, 27	3391	SER	12, 28	3392	nuc	nuc	1
LYS	6, 418	2106	SER	12, 29	3393	nuc	nuc	0.8
CYS	6, 419	2107	SER	12, 29	3393	nuc	nuc	0.68
SER	12, 25	3389	SER	12, 29	3393	nuc	nuc	0.98
GLN	12, 26	3390	SER	12, 29	3393	nuc	nuc	0.99
THR	12, 27	3391	SER	12, 29	3393	nuc	nuc	0.97
SER	12, 28	3392	SER	12, 29	3393	nuc	nuc	1
SER	12, 28	3392	GLU	12, 30	3394	nuc	nuc	0.88
SER	12, 29	3393	GLU	12, 30	3394	nuc	nuc	1
ASP	12, 17	3381	ASP	12, 31	3395	nuc	nuc	0.92
SER	12, 28	3392	ASP	12, 31	3395	nuc	nuc	0.99
SER	12, 29	3393	ASP	12, 31	3395	nuc	nuc	0.98
GLU	12, 30	3394	ASP	12, 31	3395	nuc	nuc	1
ARG	12, 15	3379	ARG	12, 32	3396	nuc	nuc	0.98
ASP	12, 17	3381	ARG	12, 32	3396	nuc	nuc	0.95
VAL	12, 18	3382	ARG	12, 32	3396	nuc	nuc	0.74
SER	12, 28	3392	ARG	12, 32	3396	nuc	nuc	0.97
SER	12, 29	3393	ARG	12, 32	3396	nuc	nuc	0.99
GLU	12, 30	3394	ARG	12, 32	3396	nuc	nuc	0.93
ASP	12, 31	3395	ARG	12, 32	3396	nuc	nuc	1
ASP	6, 417	2105	LYS	12, 33	3397	nuc	nuc	0.93
SER	12, 29	3393	LYS	12, 33	3397	nuc	nuc	0.99
GLU	12, 30	3394	LYS	12, 33	3397	nuc	nuc	1
ASP	12, 31	3395	LYS	12, 33	3397	nuc	nuc	0.96
ARG	12, 32	3396	LYS	12, 33	3397	nuc	nuc	1
GLU	12, 30	3394	GLY	12, 34	3398	nuc	nuc	0.99
ASP	12, 31	3395	GLY	12, 34	3398	nuc	nuc	1
ARG	12, 32	3396	GLY	12, 34	3398	nuc	nuc	1
LYS	12, 33	3397	GLY	12, 34	3398	nuc	nuc	1
ASP	12, 31	3395	PHE	12, 35	3399	nuc	nuc	0.99
ARG	12, 32	3396	PHE	12, 35	3399	nuc	nuc	1
LYS	12, 33	3397	PHE	12, 35	3399	nuc	nuc	0.98
GLY	12, 34	3398	PHE	12, 35	3399	nuc	nuc	1
HIS	4, 225	1226	SER	12, 36	3400	nuc	nuc	0.99
ARG	12, 32	3396	SER	12, 36	3400	nuc	nuc	0.98
LYS	12, 33	3397	SER	12, 36	3400	nuc	nuc	1
GLY	12, 34	3398	SER	12, 36	3400	nuc	nuc	1
PHE	12, 35	3399	SER	12, 36	3400	nuc	nuc	1
LYS	12, 33	3397	TYR	12, 37	3401	nuc	nuc	1
GLY	12, 34	3398	TYR	12, 37	3401	nuc	nuc	1
PHE	12, 35	3399	TYR	12, 37	3401	nuc	nuc	0.99
SER	12, 36	3400	TYR	12, 37	3401	nuc	nuc	1
GLY	12, 34	3398	LEU	12, 38	3402	nuc	nuc	1
PHE	12, 35	3399	LEU	12, 38	3402	nuc	nuc	1
SER	12, 36	3400	LEU	12, 38	3402	nuc	nuc	1
TYR	12, 37	3401	LEU	12, 38	3402	nuc	nuc	1
LEU	4, 218	1219	VAL	12, 39	3403	nuc	nuc	0.99
TYR	4, 221	1222	VAL	12, 39	3403	nuc	nuc	0.99
MET	4, 222	1223	VAL	12, 39	3403	nuc	nuc	0.98
PHE	12, 35	3399	VAL	12, 39	3403	nuc	nuc	1
SER	12, 36	3400	VAL	12, 39	3403	nuc	nuc	1
TYR	12, 37	3401	VAL	12, 39	3403	nuc	nuc	1
LEU	12, 38	3402	VAL	12, 39	3403	nuc	nuc	1
MET	4, 222	1223	THR	12, 40	3404	nuc	nuc	0.99
SER	12, 36	3400	THR	12, 40	3404	nuc	nuc	1
TYR	12, 37	3401	THR	12, 40	3404	nuc	nuc	1
LEU	12, 38	3402	THR	12, 40	3404	nuc	nuc	0.99
VAL	12, 39	3403	THR	12, 40	3404	nuc	nuc	1
TYR	12, 37	3401	ALA	12, 41	3405	nuc	nuc	1
LEU	12, 38	3402	ALA	12, 41	3405	nuc	nuc	1
VAL	12, 39	3403	ALA	12, 41	3405	nuc	nuc	0.99
THR	12, 40	3404	ALA	12, 41	3405	nuc	nuc	1
LEU	4, 218	1219	THR	12, 42	3406	nuc	nuc	0.99
LEU	12, 38	3402	THR	12, 42	3406	nuc	nuc	1
VAL	12, 39	3403	THR	12, 42	3406	nuc	nuc	1
THR	12, 40	3404	THR	12, 42	3406	nuc	nuc	0.99
ALA	12, 41	3405	THR	12, 42	3406	nuc	nuc	1
LEU	4, 215	1216	ALA	12, 43	3407	nuc	nuc	0.98
LEU	4, 218	1219	ALA	12, 43	3407	nuc	nuc	1
LEU	4, 219	1220	ALA	12, 43	3407	nuc	nuc	0.99
MET	4, 222	1223	ALA	12, 43	3407	nuc	nuc	0.98
VAL	12, 39	3403	ALA	12, 43	3407	nuc	nuc	1
THR	12, 40	3404	ALA	12, 43	3407	nuc	nuc	1
ALA	12, 41	3405	ALA	12, 43	3407	nuc	nuc	1
THR	12, 42	3406	ALA	12, 43	3407	nuc	nuc	1
THR	12, 40	3404	CYS	12, 44	3408	nuc	nuc	1
ALA	12, 41	3405	CYS	12, 44	3408	nuc	nuc	1
THR	12, 42	3406	CYS	12, 44	3408	nuc	nuc	1
ALA	12, 43	3407	CYS	12, 44	3408	nuc	nuc	1
ALA	12, 41	3405	VAL	12, 45	3409	nuc	nuc	1
THR	12, 42	3406	VAL	12, 45	3409	nuc	nuc	1
ALA	12, 43	3407	VAL	12, 45	3409	nuc	nuc	0.99
CYS	12, 44	3408	VAL	12, 45	3409	nuc	nuc	1
ILE	4, 211	1212	ALA	12, 46	3410	nuc	nuc	0.99
LEU	4, 214	1215	ALA	12, 46	3410	nuc	nuc	0.99
LEU	4, 215	1216	ALA	12, 46	3410	nuc	nuc	0.99
LEU	4, 218	1219	ALA	12, 46	3410	nuc	nuc	0.94
THR	12, 42	3406	ALA	12, 46	3410	nuc	nuc	1
ALA	12, 43	3407	ALA	12, 46	3410	nuc	nuc	1
CYS	12, 44	3408	ALA	12, 46	3410	nuc	nuc	0.99
VAL	12, 45	3409	ALA	12, 46	3410	nuc	nuc	1
LEU	4, 215	1216	THR	12, 47	3411	nuc	nuc	0.98
ALA	12, 43	3407	THR	12, 47	3411	nuc	nuc	1
CYS	12, 44	3408	THR	12, 47	3411	nuc	nuc	1
VAL	12, 45	3409	THR	12, 47	3411	nuc	nuc	0.99
ALA	12, 46	3410	THR	12, 47	3411	nuc	nuc	1
CYS	12, 44	3408	ALA	12, 48	3412	nuc	nuc	1
VAL	12, 45	3409	ALA	12, 48	3412	nuc	nuc	1
ALA	12, 46	3410	ALA	12, 48	3412	nuc	nuc	1
THR	12, 47	3411	ALA	12, 48	3412	nuc	nuc	1
ILE	4, 211	1212	TYR	12, 49	3413	nuc	nuc	0.9
VAL	12, 45	3409	TYR	12, 49	3413	nuc	nuc	1
ALA	12, 46	3410	TYR	12, 49	3413	nuc	nuc	1
THR	12, 47	3411	TYR	12, 49	3413	nuc	nuc	1
ALA	12, 48	3412	TYR	12, 49	3413	nuc	nuc	1
ILE	4, 211	1212	ALA	12, 50	3414	nuc	nuc	0.99
LEU	4, 215	1216	ALA	12, 50	3414	nuc	nuc	0.84
ALA	12, 46	3410	ALA	12, 50	3414	nuc	nuc	1
THR	12, 47	3411	ALA	12, 50	3414	nuc	nuc	1
ALA	12, 48	3412	ALA	12, 50	3414	nuc	nuc	1
TYR	12, 49	3413	ALA	12, 50	3414	nuc	nuc	1
THR	12, 47	3411	ALA	12, 51	3415	nuc	nuc	1
ALA	12, 48	3412	ALA	12, 51	3415	nuc	nuc	1
TYR	12, 49	3413	ALA	12, 51	3415	nuc	nuc	1
ALA	12, 50	3414	ALA	12, 51	3415	nuc	nuc	1
ALA	12, 48	3412	LYS	12, 52	3416	nuc	nuc	1
TYR	12, 49	3413	LYS	12, 52	3416	nuc	nuc	1
ALA	12, 50	3414	LYS	12, 52	3416	nuc	nuc	1
ALA	12, 51	3415	LYS	12, 52	3416	nuc	nuc	1
TYR	12, 49	3413	ASN	12, 53	3417	nuc	nuc	1
ALA	12, 50	3414	ASN	12, 53	3417	nuc	nuc	1
ALA	12, 51	3415	ASN	12, 53	3417	nuc	nuc	0.99
LYS	12, 52	3416	ASN	12, 53	3417	nuc	nuc	1
ALA	12, 50	3414	VAL	12, 54	3418	nuc	nuc	1
ALA	12, 51	3415	VAL	12, 54	3418	nuc	nuc	1
LYS	12, 52	3416	VAL	12, 54	3418	nuc	nuc	0.98
ASN	12, 53	3417	VAL	12, 54	3418	nuc	nuc	1
ALA	12, 51	3415	VAL	12, 55	3419	nuc	nuc	1
LYS	12, 52	3416	VAL	12, 55	3419	nuc	nuc	1
ASN	12, 53	3417	VAL	12, 55	3419	nuc	nuc	0.96
VAL	12, 54	3418	VAL	12, 55	3419	nuc	nuc	1
LYS	12, 52	3416	THR	12, 56	3420	nuc	nuc	1
ASN	12, 53	3417	THR	12, 56	3420	nuc	nuc	1
VAL	12, 54	3418	THR	12, 56	3420	nuc	nuc	0.96
VAL	12, 55	3419	THR	12, 56	3420	nuc	nuc	1
GLN	2, 75	455	GLN	12, 57	3421	nuc	nuc	0.55
TYR	2, 76	456	GLN	12, 57	3421	nuc	nuc	0.99
LEU	2, 79	459	GLN	12, 57	3421	nuc	nuc	0.96
ASN	12, 53	3417	GLN	12, 57	3421	nuc	nuc	1
VAL	12, 54	3418	GLN	12, 57	3421	nuc	nuc	1
VAL	12, 55	3419	GLN	12, 57	3421	nuc	nuc	1
THR	12, 56	3420	GLN	12, 57	3421	nuc	nuc	1
LEU	2, 47	427	PHE	12, 58	3422	nuc	nuc	0.73
LEU	2, 51	431	PHE	12, 58	3422	nuc	nuc	0.98
TYR	2, 76	456	PHE	12, 58	3422	nuc	nuc	0.69
ILE	2, 80	460	PHE	12, 58	3422	nuc	nuc	0.81
VAL	12, 54	3418	PHE	12, 58	3422	nuc	nuc	1
VAL	12, 55	3419	PHE	12, 58	3422	nuc	nuc	1
THR	12, 56	3420	PHE	12, 58	3422	nuc	nuc	0.99
GLN	12, 57	3421	PHE	12, 58	3422	nuc	nuc	1
VAL	12, 55	3419	ILE	12, 59	3423	nuc	nuc	1
THR	12, 56	3420	ILE	12, 59	3423	nuc	nuc	1
GLN	12, 57	3421	ILE	12, 59	3423	nuc	nuc	0.99
PHE	12, 58	3422	ILE	12, 59	3423	nuc	nuc	1
GLN	2, 75	455	SER	12, 60	3424	nuc	nuc	0.99
TYR	2, 76	456	SER	12, 60	3424	nuc	nuc	0.97
THR	12, 56	3420	SER	12, 60	3424	nuc	nuc	1
GLN	12, 57	3421	SER	12, 60	3424	nuc	nuc	1
PHE	12, 58	3422	SER	12, 60	3424	nuc	nuc	0.99
ILE	12, 59	3423	SER	12, 60	3424	nuc	nuc	1
LEU	2, 51	431	SER	12, 61	3425	nuc	nuc	0.98
VAL	2, 74	454	SER	12, 61	3425	nuc	nuc	0.98
GLN	2, 75	455	SER	12, 61	3425	nuc	nuc	0.99
TYR	2, 76	456	SER	12, 61	3425	nuc	nuc	0.98
GLY	2, 77	457	SER	12, 61	3425	nuc	nuc	0.98
ILE	2, 80	460	SER	12, 61	3425	nuc	nuc	0.97
GLN	12, 57	3421	SER	12, 61	3425	nuc	nuc	0.98
PHE	12, 58	3422	SER	12, 61	3425	nuc	nuc	1
ILE	12, 59	3423	SER	12, 61	3425	nuc	nuc	1
SER	12, 60	3424	SER	12, 61	3425	nuc	nuc	1
TRP	1, 164	164	LEU	12, 62	3426	mit	nuc	0.96
GLY	1, 167	167	LEU	12, 62	3426	mit	nuc	0.92
ARG	1, 178	178	LEU	12, 62	3426	mit	nuc	0.82
LEU	2, 51	431	LEU	12, 62	3426	nuc	nuc	0.74
MET	2, 54	434	LEU	12, 62	3426	nuc	nuc	0.94
PHE	12, 58	3422	LEU	12, 62	3426	nuc	nuc	0.64
ILE	12, 59	3423	LEU	12, 62	3426	nuc	nuc	1
SER	12, 60	3424	LEU	12, 62	3426	nuc	nuc	0.98
SER	12, 61	3425	LEU	12, 62	3426	nuc	nuc	1
GLU	1, 163	163	SER	12, 63	3427	mit	nuc	0.6
TRP	1, 164	164	SER	12, 63	3427	mit	nuc	0.98
GLY	1, 167	167	SER	12, 63	3427	mit	nuc	0.96
GLY	1, 168	168	SER	12, 63	3427	mit	nuc	0.53
GLN	2, 75	455	SER	12, 63	3427	nuc	nuc	0.95
ILE	12, 59	3423	SER	12, 63	3427	nuc	nuc	0.86
SER	12, 60	3424	SER	12, 63	3427	nuc	nuc	1
SER	12, 61	3425	SER	12, 63	3427	nuc	nuc	0.98
LEU	12, 62	3426	SER	12, 63	3427	nuc	nuc	1
GLU	1, 163	163	ALA	12, 64	3428	mit	nuc	0.89
GLY	1, 167	167	ALA	12, 64	3428	mit	nuc	0.98
GLY	1, 168	168	ALA	12, 64	3428	mit	nuc	0.98
PHE	1, 169	169	ALA	12, 64	3428	mit	nuc	0.76
SER	12, 63	3427	ALA	12, 64	3428	nuc	nuc	1
GLY	1, 167	167	SER	12, 65	3429	mit	nuc	0.66
GLY	1, 168	168	SER	12, 65	3429	mit	nuc	0.55
PRO	1, 174	174	SER	12, 65	3429	mit	nuc	0.87
HIS	2, 69	449	SER	12, 65	3429	nuc	nuc	0.7
ASN	2, 73	453	SER	12, 65	3429	nuc	nuc	0.98
VAL	2, 74	454	SER	12, 65	3429	nuc	nuc	0.98
GLN	2, 75	455	SER	12, 65	3429	nuc	nuc	0.9
ALA	12, 64	3428	SER	12, 65	3429	nuc	nuc	1
ARG	2, 72	452	ALA	12, 66	3430	nuc	nuc	0.54
ASN	2, 73	453	ALA	12, 66	3430	nuc	nuc	0.98
VAL	2, 74	454	ALA	12, 66	3430	nuc	nuc	0.58
GLN	2, 75	455	ALA	12, 66	3430	nuc	nuc	0.74
ARG	4, 49	1050	ALA	12, 66	3430	nuc	nuc	0.69
SER	12, 65	3429	ALA	12, 66	3430	nuc	nuc	1
HIS	2, 69	449	ASP	12, 67	3431	nuc	nuc	0.77
ASN	2, 73	453	ASP	12, 67	3431	nuc	nuc	0.99
SER	4, 88	1089	ASP	12, 67	3431	nuc	nuc	0.7
SER	12, 65	3429	ASP	12, 67	3431	nuc	nuc	1
ALA	12, 66	3430	ASP	12, 67	3431	nuc	nuc	1
GLY	1, 167	167	VAL	12, 68	3432	mit	nuc	0.82
GLY	1, 168	168	VAL	12, 68	3432	mit	nuc	0.98
PHE	1, 169	169	VAL	12, 68	3432	mit	nuc	0.81
PRO	1, 174	174	VAL	12, 68	3432	mit	nuc	0.83
ALA	12, 64	3428	VAL	12, 68	3432	nuc	nuc	0.98
SER	12, 65	3429	VAL	12, 68	3432	nuc	nuc	0.99
ALA	12, 66	3430	VAL	12, 68	3432	nuc	nuc	0.94
ASP	12, 67	3431	VAL	12, 68	3432	nuc	nuc	1
ALA	12, 64	3428	LEU	12, 69	3433	nuc	nuc	0.98
SER	12, 65	3429	LEU	12, 69	3433	nuc	nuc	0.97
ALA	12, 66	3430	LEU	12, 69	3433	nuc	nuc	0.99
ASP	12, 67	3431	LEU	12, 69	3433	nuc	nuc	0.98
VAL	12, 68	3432	LEU	12, 69	3433	nuc	nuc	1
ARG	4, 49	1050	ALA	12, 70	3434	nuc	nuc	0.97
ILE	4, 87	1088	ALA	12, 70	3434	nuc	nuc	0.89
SER	4, 88	1089	ALA	12, 70	3434	nuc	nuc	0.98
ALA	12, 66	3430	ALA	12, 70	3434	nuc	nuc	0.98
ASP	12, 67	3431	ALA	12, 70	3434	nuc	nuc	0.99
VAL	12, 68	3432	ALA	12, 70	3434	nuc	nuc	0.98
LEU	12, 69	3433	ALA	12, 70	3434	nuc	nuc	1
SER	4, 88	1089	LEU	12, 71	3435	nuc	nuc	0.97
ASP	12, 67	3431	LEU	12, 71	3435	nuc	nuc	0.96
VAL	12, 68	3432	LEU	12, 71	3435	nuc	nuc	0.99
LEU	12, 69	3433	LEU	12, 71	3435	nuc	nuc	0.91
ALA	12, 70	3434	LEU	12, 71	3435	nuc	nuc	1
GLY	1, 168	168	SER	12, 72	3436	mit	nuc	0.66
PHE	1, 169	169	SER	12, 72	3436	mit	nuc	0.93
ALA	12, 64	3428	SER	12, 72	3436	nuc	nuc	0.57
VAL	12, 68	3432	SER	12, 72	3436	nuc	nuc	0.95
LEU	12, 69	3433	SER	12, 72	3436	nuc	nuc	0.97
ALA	12, 70	3434	SER	12, 72	3436	nuc	nuc	0.97
LEU	12, 71	3435	SER	12, 72	3436	nuc	nuc	1
SER	12, 72	3436	LYS	12, 73	3437	nuc	nuc	1
LEU	12, 71	3435	ILE	12, 74	3438	nuc	nuc	0.54
LYS	12, 73	3437	ILE	12, 74	3438	nuc	nuc	1
LYS	12, 73	3437	GLU	12, 75	3439	nuc	nuc	0.75
ILE	12, 74	3438	GLU	12, 75	3439	nuc	nuc	1
ILE	12, 74	3438	ILE	12, 76	3440	nuc	nuc	0.9
GLU	12, 75	3439	ILE	12, 76	3440	nuc	nuc	1
GLU	12, 75	3439	LYS	12, 77	3441	nuc	nuc	0.83
ILE	12, 76	3440	LYS	12, 77	3441	nuc	nuc	1
ILE	12, 76	3440	LEU	12, 78	3442	nuc	nuc	0.88
LYS	12, 77	3441	LEU	12, 78	3442	nuc	nuc	1
LYS	12, 77	3441	SER	12, 79	3443	nuc	nuc	0.92
LEU	12, 78	3442	SER	12, 79	3443	nuc	nuc	1
LYS	12, 77	3441	ASP	12, 80	3444	nuc	nuc	0.78
LEU	12, 78	3442	ASP	12, 80	3444	nuc	nuc	0.83
SER	12, 79	3443	ASP	12, 80	3444	nuc	nuc	1
LEU	12, 78	3442	ILE	12, 81	3445	nuc	nuc	0.75
SER	12, 79	3443	ILE	12, 81	3445	nuc	nuc	0.87
ASP	12, 80	3444	ILE	12, 81	3445	nuc	nuc	1
ILE	12, 81	3445	PRO	12, 82	3446	nuc	nuc	1
PRO	12, 82	3446	GLU	12, 83	3447	nuc	nuc	1
PRO	12, 82	3446	GLY	12, 84	3448	nuc	nuc	0.99
GLU	12, 83	3447	GLY	12, 84	3448	nuc	nuc	1
ILE	12, 81	3445	LYS	12, 85	3449	nuc	nuc	0.96
PRO	12, 82	3446	LYS	12, 85	3449	nuc	nuc	0.97
GLU	12, 83	3447	LYS	12, 85	3449	nuc	nuc	0.92
GLY	12, 84	3448	LYS	12, 85	3449	nuc	nuc	1
GLY	12, 84	3448	ASN	12, 86	3450	nuc	nuc	0.97
LYS	12, 85	3449	ASN	12, 86	3450	nuc	nuc	1
ILE	12, 81	3445	VAL	12, 87	3451	nuc	nuc	0.97
LYS	12, 85	3449	VAL	12, 87	3451	nuc	nuc	0.98
ASN	12, 86	3450	VAL	12, 87	3451	nuc	nuc	1
ASN	12, 86	3450	ALA	12, 88	3452	nuc	nuc	0.94
VAL	12, 87	3451	ALA	12, 88	3452	nuc	nuc	1
ILE	12, 74	3438	PHE	12, 89	3453	nuc	nuc	0.51
ILE	12, 76	3440	PHE	12, 89	3453	nuc	nuc	0.65
VAL	12, 87	3451	PHE	12, 89	3453	nuc	nuc	0.98
ALA	12, 88	3452	PHE	12, 89	3453	nuc	nuc	1
ALA	12, 88	3452	LYS	12, 90	3454	nuc	nuc	0.57
PHE	12, 89	3453	LYS	12, 90	3454	nuc	nuc	1
ILE	12, 74	3438	TRP	12, 91	3455	nuc	nuc	0.71
PHE	12, 89	3453	TRP	12, 91	3455	nuc	nuc	0.99
LYS	12, 90	3454	TRP	12, 91	3455	nuc	nuc	1
PHE	1, 169	169	ARG	12, 92	3456	mit	nuc	0.91
SER	1, 170	170	ARG	12, 92	3456	mit	nuc	0.91
LEU	12, 71	3435	ARG	12, 92	3456	nuc	nuc	0.6
SER	12, 72	3436	ARG	12, 92	3456	nuc	nuc	0.82
TRP	12, 91	3455	ARG	12, 92	3456	nuc	nuc	1
SER	1, 170	170	GLY	12, 93	3457	mit	nuc	0.66
PRO	1, 262	262	GLY	12, 93	3457	mit	nuc	0.77
LYS	12, 90	3454	GLY	12, 93	3457	nuc	nuc	0.97
TRP	12, 91	3455	GLY	12, 93	3457	nuc	nuc	1
ARG	12, 92	3456	GLY	12, 93	3457	nuc	nuc	1
PRO	1, 262	262	LYS	12, 94	3458	mit	nuc	0.75
LEU	1, 263	263	LYS	12, 94	3458	mit	nuc	0.73
LYS	12, 90	3454	LYS	12, 94	3458	nuc	nuc	0.72
TRP	12, 91	3455	LYS	12, 94	3458	nuc	nuc	0.98
ARG	12, 92	3456	LYS	12, 94	3458	nuc	nuc	0.99
GLY	12, 93	3457	LYS	12, 94	3458	nuc	nuc	1
ALA	12, 88	3452	PRO	12, 95	3459	nuc	nuc	0.99
PHE	12, 89	3453	PRO	12, 95	3459	nuc	nuc	0.87
LYS	12, 90	3454	PRO	12, 95	3459	nuc	nuc	0.98
TRP	12, 91	3455	PRO	12, 95	3459	nuc	nuc	0.65
GLY	12, 93	3457	PRO	12, 95	3459	nuc	nuc	0.59
LYS	12, 94	3458	PRO	12, 95	3459	nuc	nuc	1
ALA	12, 88	3452	LEU	12, 96	3460	nuc	nuc	0.97
PHE	12, 89	3453	LEU	12, 96	3460	nuc	nuc	0.99
LYS	12, 90	3454	LEU	12, 96	3460	nuc	nuc	0.94
TRP	12, 91	3455	LEU	12, 96	3460	nuc	nuc	0.99
LYS	12, 94	3458	LEU	12, 96	3460	nuc	nuc	0.97
PRO	12, 95	3459	LEU	12, 96	3460	nuc	nuc	1
ASN	12, 86	3450	PHE	12, 97	3461	nuc	nuc	0.98
VAL	12, 87	3451	PHE	12, 97	3461	nuc	nuc	0.84
ALA	12, 88	3452	PHE	12, 97	3461	nuc	nuc	0.99
PRO	12, 95	3459	PHE	12, 97	3461	nuc	nuc	0.98
LEU	12, 96	3460	PHE	12, 97	3461	nuc	nuc	1
ILE	12, 76	3440	VAL	12, 98	3462	nuc	nuc	0.51
ILE	12, 81	3445	VAL	12, 98	3462	nuc	nuc	0.93
ASN	12, 86	3450	VAL	12, 98	3462	nuc	nuc	0.95
VAL	12, 87	3451	VAL	12, 98	3462	nuc	nuc	0.98
PHE	12, 89	3453	VAL	12, 98	3462	nuc	nuc	0.94
LEU	12, 96	3460	VAL	12, 98	3462	nuc	nuc	0.99
PHE	12, 97	3461	VAL	12, 98	3462	nuc	nuc	1
GLY	12, 84	3448	ARG	12, 99	3463	nuc	nuc	0.94
LYS	12, 85	3449	ARG	12, 99	3463	nuc	nuc	0.82
ASN	12, 86	3450	ARG	12, 99	3463	nuc	nuc	0.99
VAL	12, 87	3451	ARG	12, 99	3463	nuc	nuc	0.53
PHE	12, 97	3461	ARG	12, 99	3463	nuc	nuc	0.99
VAL	12, 98	3462	ARG	12, 99	3463	nuc	nuc	1
ILE	12, 81	3445	HIS	12, 100	3464	nuc	nuc	0.98
PRO	12, 82	3446	HIS	12, 100	3464	nuc	nuc	0.92
GLU	12, 83	3447	HIS	12, 100	3464	nuc	nuc	0.98
GLY	12, 84	3448	HIS	12, 100	3464	nuc	nuc	0.99
LYS	12, 85	3449	HIS	12, 100	3464	nuc	nuc	0.91
VAL	12, 98	3462	HIS	12, 100	3464	nuc	nuc	0.85
ARG	12, 99	3463	HIS	12, 100	3464	nuc	nuc	1
GLU	12, 83	3447	ARG	12, 101	3465	nuc	nuc	0.78
GLY	12, 84	3448	ARG	12, 101	3465	nuc	nuc	0.93
ARG	12, 99	3463	ARG	12, 101	3465	nuc	nuc	1
HIS	12, 100	3464	ARG	12, 101	3465	nuc	nuc	1
GLU	12, 83	3447	THR	12, 102	3466	nuc	nuc	0.97
GLY	12, 84	3448	THR	12, 102	3466	nuc	nuc	0.97
ARG	12, 101	3465	THR	12, 102	3466	nuc	nuc	1
THR	12, 102	3466	GLN	12, 103	3467	nuc	nuc	1
THR	12, 102	3466	ALA	12, 104	3468	nuc	nuc	0.99
GLN	12, 103	3467	ALA	12, 104	3468	nuc	nuc	1
GLY	12, 84	3448	GLU	12, 105	3469	nuc	nuc	0.7
ARG	12, 101	3465	GLU	12, 105	3469	nuc	nuc	0.98
THR	12, 102	3466	GLU	12, 105	3469	nuc	nuc	0.99
GLN	12, 103	3467	GLU	12, 105	3469	nuc	nuc	0.94
ALA	12, 104	3468	GLU	12, 105	3469	nuc	nuc	1
ARG	12, 101	3465	ILE	12, 106	3470	nuc	nuc	0.96
THR	12, 102	3466	ILE	12, 106	3470	nuc	nuc	0.9
GLN	12, 103	3467	ILE	12, 106	3470	nuc	nuc	0.98
ALA	12, 104	3468	ILE	12, 106	3470	nuc	nuc	0.96
GLU	12, 105	3469	ILE	12, 106	3470	nuc	nuc	1
GLN	12, 103	3467	ASN	12, 107	3471	nuc	nuc	0.94
ALA	12, 104	3468	ASN	12, 107	3471	nuc	nuc	0.98
GLU	12, 105	3469	ASN	12, 107	3471	nuc	nuc	0.95
ILE	12, 106	3470	ASN	12, 107	3471	nuc	nuc	1
ALA	12, 104	3468	GLN	12, 108	3472	nuc	nuc	0.96
GLU	12, 105	3469	GLN	12, 108	3472	nuc	nuc	0.99
ILE	12, 106	3470	GLN	12, 108	3472	nuc	nuc	0.94
ASN	12, 107	3471	GLN	12, 108	3472	nuc	nuc	1
GLU	12, 105	3469	GLU	12, 109	3473	nuc	nuc	0.96
ILE	12, 106	3470	GLU	12, 109	3473	nuc	nuc	0.99
ASN	12, 107	3471	GLU	12, 109	3473	nuc	nuc	0.91
GLN	12, 108	3472	GLU	12, 109	3473	nuc	nuc	1
ILE	12, 106	3470	ALA	12, 110	3474	nuc	nuc	0.96
ASN	12, 107	3471	ALA	12, 110	3474	nuc	nuc	0.98
GLN	12, 108	3472	ALA	12, 110	3474	nuc	nuc	0.92
GLU	12, 109	3473	ALA	12, 110	3474	nuc	nuc	1
ASN	12, 107	3471	GLU	12, 111	3475	nuc	nuc	0.94
GLN	12, 108	3472	GLU	12, 111	3475	nuc	nuc	0.97
GLU	12, 109	3473	GLU	12, 111	3475	nuc	nuc	0.91
ALA	12, 110	3474	GLU	12, 111	3475	nuc	nuc	1
GLN	12, 108	3472	VAL	12, 112	3476	nuc	nuc	0.75
GLU	12, 109	3473	VAL	12, 112	3476	nuc	nuc	0.95
ALA	12, 110	3474	VAL	12, 112	3476	nuc	nuc	0.92
GLU	12, 111	3475	VAL	12, 112	3476	nuc	nuc	1
VAL	12, 112	3476	ASP	12, 113	3477	nuc	nuc	1
VAL	12, 112	3476	VAL	12, 114	3478	nuc	nuc	0.87
ASP	12, 113	3477	VAL	12, 114	3478	nuc	nuc	1
ASP	12, 113	3477	SER	12, 115	3479	nuc	nuc	0.99
VAL	12, 114	3478	SER	12, 115	3479	nuc	nuc	1
ASP	12, 113	3477	LYS	12, 116	3480	nuc	nuc	0.96
VAL	12, 114	3478	LYS	12, 116	3480	nuc	nuc	0.78
SER	12, 115	3479	LYS	12, 116	3480	nuc	nuc	1
VAL	12, 112	3476	LEU	12, 117	3481	nuc	nuc	0.82
ASP	12, 113	3477	LEU	12, 117	3481	nuc	nuc	0.77
VAL	12, 114	3478	LEU	12, 117	3481	nuc	nuc	0.93
SER	12, 115	3479	LEU	12, 117	3481	nuc	nuc	0.91
LYS	12, 116	3480	LEU	12, 117	3481	nuc	nuc	1
LEU	12, 117	3481	ARG	12, 118	3482	nuc	nuc	1
LEU	12, 117	3481	ASP	12, 119	3483	nuc	nuc	0.98
ARG	12, 118	3482	ASP	12, 119	3483	nuc	nuc	1
VAL	12, 114	3478	PRO	12, 120	3484	nuc	nuc	0.93
SER	12, 115	3479	PRO	12, 120	3484	nuc	nuc	0.85
LEU	12, 117	3481	PRO	12, 120	3484	nuc	nuc	0.95
ASP	12, 119	3483	PRO	12, 120	3484	nuc	nuc	1
VAL	12, 114	3478	GLN	12, 121	3485	nuc	nuc	0.77
LEU	12, 117	3481	GLN	12, 121	3485	nuc	nuc	0.81
ASP	12, 119	3483	GLN	12, 121	3485	nuc	nuc	0.99
PRO	12, 120	3484	GLN	12, 121	3485	nuc	nuc	1
VAL	12, 114	3478	HIS	12, 122	3486	nuc	nuc	0.92
GLN	12, 121	3485	HIS	12, 122	3486	nuc	nuc	1
ILE	12, 106	3470	ASP	12, 123	3487	nuc	nuc	0.58
GLU	12, 109	3473	ASP	12, 123	3487	nuc	nuc	0.97
ALA	12, 110	3474	ASP	12, 123	3487	nuc	nuc	0.95
VAL	12, 112	3476	ASP	12, 123	3487	nuc	nuc	0.7
GLN	12, 121	3485	ASP	12, 123	3487	nuc	nuc	0.6
HIS	12, 122	3486	ASP	12, 123	3487	nuc	nuc	1
ALA	12, 110	3474	LEU	12, 124	3488	nuc	nuc	0.85
HIS	12, 122	3486	LEU	12, 124	3488	nuc	nuc	0.98
ASP	12, 123	3487	LEU	12, 124	3488	nuc	nuc	1
GLN	12, 121	3485	ASP	12, 125	3489	nuc	nuc	0.94
HIS	12, 122	3486	ASP	12, 125	3489	nuc	nuc	0.98
ASP	12, 123	3487	ASP	12, 125	3489	nuc	nuc	0.94
LEU	12, 124	3488	ASP	12, 125	3489	nuc	nuc	1
GLN	12, 121	3485	ARG	12, 126	3490	nuc	nuc	0.96
HIS	12, 122	3486	ARG	12, 126	3490	nuc	nuc	0.79
ASP	12, 123	3487	ARG	12, 126	3490	nuc	nuc	0.98
LEU	12, 124	3488	ARG	12, 126	3490	nuc	nuc	0.92
ASP	12, 125	3489	ARG	12, 126	3490	nuc	nuc	1
ASP	12, 123	3487	VAL	12, 127	3491	nuc	nuc	0.91
LEU	12, 124	3488	VAL	12, 127	3491	nuc	nuc	0.91
ARG	12, 126	3490	VAL	12, 127	3491	nuc	nuc	1
VAL	12, 127	3491	LYS	12, 128	3492	nuc	nuc	1
VAL	12, 127	3491	LYS	12, 129	3493	nuc	nuc	0.98
LYS	12, 128	3492	LYS	12, 129	3493	nuc	nuc	1
ARG	12, 101	3465	PRO	12, 130	3494	nuc	nuc	0.74
ILE	12, 106	3470	PRO	12, 130	3494	nuc	nuc	0.96
LEU	12, 124	3488	PRO	12, 130	3494	nuc	nuc	0.82
VAL	12, 127	3491	PRO	12, 130	3494	nuc	nuc	0.95
LYS	12, 129	3493	PRO	12, 130	3494	nuc	nuc	1
HIS	12, 100	3464	GLU	12, 131	3495	nuc	nuc	0.96
ARG	12, 101	3465	GLU	12, 131	3495	nuc	nuc	0.99
ILE	12, 106	3470	GLU	12, 131	3495	nuc	nuc	0.85
LYS	12, 129	3493	GLU	12, 131	3495	nuc	nuc	0.99
PRO	12, 130	3494	GLU	12, 131	3495	nuc	nuc	1
VAL	12, 98	3462	TRP	12, 132	3496	nuc	nuc	0.91
ARG	12, 99	3463	TRP	12, 132	3496	nuc	nuc	0.88
HIS	12, 100	3464	TRP	12, 132	3496	nuc	nuc	0.98
ARG	12, 101	3465	TRP	12, 132	3496	nuc	nuc	0.93
VAL	12, 127	3491	TRP	12, 132	3496	nuc	nuc	0.89
LYS	12, 128	3492	TRP	12, 132	3496	nuc	nuc	0.62
LYS	12, 129	3493	TRP	12, 132	3496	nuc	nuc	0.98
PRO	12, 130	3494	TRP	12, 132	3496	nuc	nuc	0.66
GLU	12, 131	3495	TRP	12, 132	3496	nuc	nuc	1
PHE	12, 97	3461	VAL	12, 133	3497	nuc	nuc	0.57
VAL	12, 98	3462	VAL	12, 133	3497	nuc	nuc	0.83
ARG	12, 99	3463	VAL	12, 133	3497	nuc	nuc	0.99
ARG	12, 101	3465	VAL	12, 133	3497	nuc	nuc	0.98
ARG	12, 126	3490	VAL	12, 133	3497	nuc	nuc	0.66
VAL	12, 127	3491	VAL	12, 133	3497	nuc	nuc	0.97
TRP	12, 132	3496	VAL	12, 133	3497	nuc	nuc	1
LEU	12, 96	3460	ILE	12, 134	3498	nuc	nuc	0.97
PHE	12, 97	3461	ILE	12, 134	3498	nuc	nuc	0.96
VAL	12, 98	3462	ILE	12, 134	3498	nuc	nuc	0.99
ARG	12, 99	3463	ILE	12, 134	3498	nuc	nuc	0.57
TRP	12, 132	3496	ILE	12, 134	3498	nuc	nuc	0.99
VAL	12, 133	3497	ILE	12, 134	3498	nuc	nuc	1
LEU	12, 96	3460	LEU	12, 135	3499	nuc	nuc	0.84
PHE	12, 97	3461	LEU	12, 135	3499	nuc	nuc	0.99
ARG	12, 99	3463	LEU	12, 135	3499	nuc	nuc	0.7
VAL	12, 133	3497	LEU	12, 135	3499	nuc	nuc	1
ILE	12, 134	3498	LEU	12, 135	3499	nuc	nuc	1
LYS	12, 94	3458	VAL	12, 136	3500	nuc	nuc	0.98
PRO	12, 95	3459	VAL	12, 136	3500	nuc	nuc	0.92
LEU	12, 96	3460	VAL	12, 136	3500	nuc	nuc	0.98
PHE	12, 97	3461	VAL	12, 136	3500	nuc	nuc	0.89
LEU	12, 135	3499	VAL	12, 136	3500	nuc	nuc	1
ALA	12, 88	3452	GLY	12, 137	3501	nuc	nuc	0.64
LYS	12, 94	3458	GLY	12, 137	3501	nuc	nuc	0.95
PRO	12, 95	3459	GLY	12, 137	3501	nuc	nuc	0.98
LEU	12, 96	3460	GLY	12, 137	3501	nuc	nuc	0.95
PHE	12, 97	3461	GLY	12, 137	3501	nuc	nuc	0.99
LEU	12, 135	3499	GLY	12, 137	3501	nuc	nuc	1
VAL	12, 136	3500	GLY	12, 137	3501	nuc	nuc	1
LEU	1, 263	263	VAL	12, 138	3502	mit	nuc	0.7
LYS	12, 94	3458	VAL	12, 138	3502	nuc	nuc	0.97
PRO	12, 95	3459	VAL	12, 138	3502	nuc	nuc	0.92
VAL	12, 136	3500	VAL	12, 138	3502	nuc	nuc	0.99
GLY	12, 137	3501	VAL	12, 138	3502	nuc	nuc	1
GLY	12, 137	3501	CYS	12, 139	3503	nuc	nuc	0.95
VAL	12, 138	3502	CYS	12, 139	3503	nuc	nuc	1
VAL	12, 138	3502	THR	12, 140	3504	nuc	nuc	0.87
CYS	12, 139	3503	THR	12, 140	3504	nuc	nuc	1
CYS	12, 139	3503	HIS	12, 141	3505	nuc	nuc	0.99
THR	12, 140	3504	HIS	12, 141	3505	nuc	nuc	1
VAL	1, 264	264	LEU	12, 142	3506	mit	nuc	0.51
CYS	12, 139	3503	LEU	12, 142	3506	nuc	nuc	0.89
HIS	12, 141	3505	LEU	12, 142	3506	nuc	nuc	1
LEU	1, 263	263	GLY	12, 143	3507	mit	nuc	0.57
VAL	1, 264	264	GLY	12, 143	3507	mit	nuc	0.61
THR	1, 265	265	GLY	12, 143	3507	mit	nuc	0.58
VAL	12, 138	3502	GLY	12, 143	3507	nuc	nuc	0.94
CYS	12, 139	3503	GLY	12, 143	3507	nuc	nuc	0.96
THR	12, 140	3504	GLY	12, 143	3507	nuc	nuc	0.69
HIS	12, 141	3505	GLY	12, 143	3507	nuc	nuc	0.97
LEU	12, 142	3506	GLY	12, 143	3507	nuc	nuc	1
VAL	12, 138	3502	CYS	12, 144	3508	nuc	nuc	0.59
CYS	12, 139	3503	CYS	12, 144	3508	nuc	nuc	0.97
HIS	12, 141	3505	CYS	12, 144	3508	nuc	nuc	0.63
LEU	12, 142	3506	CYS	12, 144	3508	nuc	nuc	0.96
GLY	12, 143	3507	CYS	12, 144	3508	nuc	nuc	1
LEU	1, 263	263	VAL	12, 145	3509	mit	nuc	0.57
PRO	12, 95	3459	VAL	12, 145	3509	nuc	nuc	0.97
GLY	12, 137	3501	VAL	12, 145	3509	nuc	nuc	0.97
VAL	12, 138	3502	VAL	12, 145	3509	nuc	nuc	0.93
CYS	12, 139	3503	VAL	12, 145	3509	nuc	nuc	0.91
GLY	12, 143	3507	VAL	12, 145	3509	nuc	nuc	0.85
CYS	12, 144	3508	VAL	12, 145	3509	nuc	nuc	1
GLY	12, 137	3501	PRO	12, 146	3510	nuc	nuc	0.97
CYS	12, 139	3503	PRO	12, 146	3510	nuc	nuc	0.97
CYS	12, 144	3508	PRO	12, 146	3510	nuc	nuc	0.95
VAL	12, 145	3509	PRO	12, 146	3510	nuc	nuc	1
VAL	12, 145	3509	ILE	12, 147	3511	nuc	nuc	0.8
PRO	12, 146	3510	ILE	12, 147	3511	nuc	nuc	1
ASN	12, 86	3450	ALA	12, 148	3512	nuc	nuc	0.98
ALA	12, 88	3452	ALA	12, 148	3512	nuc	nuc	0.66
PHE	12, 97	3461	ALA	12, 148	3512	nuc	nuc	0.92
ARG	12, 99	3463	ALA	12, 148	3512	nuc	nuc	0.71
PRO	12, 146	3510	ALA	12, 148	3512	nuc	nuc	0.94
ILE	12, 147	3511	ALA	12, 148	3512	nuc	nuc	1
GLY	12, 84	3448	ASN	12, 149	3513	nuc	nuc	0.64
ASN	12, 86	3450	ASN	12, 149	3513	nuc	nuc	0.93
ILE	12, 147	3511	ASN	12, 149	3513	nuc	nuc	0.79
ALA	12, 148	3512	ASN	12, 149	3513	nuc	nuc	1
ILE	12, 147	3511	SER	12, 150	3514	nuc	nuc	0.98
ALA	12, 148	3512	SER	12, 150	3514	nuc	nuc	0.96
ASN	12, 149	3513	SER	12, 150	3514	nuc	nuc	1
SER	12, 150	3514	GLY	12, 151	3515	nuc	nuc	1
GLY	12, 151	3515	ASP	12, 152	3516	nuc	nuc	1
GLY	12, 151	3515	PHE	12, 153	3517	nuc	nuc	0.99
ASP	12, 152	3516	PHE	12, 153	3517	nuc	nuc	1
ASN	12, 149	3513	GLY	12, 154	3518	nuc	nuc	0.94
SER	12, 150	3514	GLY	12, 154	3518	nuc	nuc	0.73
GLY	12, 151	3515	GLY	12, 154	3518	nuc	nuc	0.99
ASP	12, 152	3516	GLY	12, 154	3518	nuc	nuc	0.93
PHE	12, 153	3517	GLY	12, 154	3518	nuc	nuc	1
ALA	12, 148	3512	GLY	12, 155	3519	nuc	nuc	0.86
ASN	12, 149	3513	GLY	12, 155	3519	nuc	nuc	0.98
SER	12, 150	3514	GLY	12, 155	3519	nuc	nuc	0.92
GLY	12, 151	3515	GLY	12, 155	3519	nuc	nuc	0.97
PHE	12, 153	3517	GLY	12, 155	3519	nuc	nuc	0.99
GLY	12, 154	3518	GLY	12, 155	3519	nuc	nuc	1
PHE	12, 97	3461	TYR	12, 156	3520	nuc	nuc	0.56
PRO	12, 146	3510	TYR	12, 156	3520	nuc	nuc	0.99
ILE	12, 147	3511	TYR	12, 156	3520	nuc	nuc	0.97
ALA	12, 148	3512	TYR	12, 156	3520	nuc	nuc	0.97
ASN	12, 149	3513	TYR	12, 156	3520	nuc	nuc	0.61
SER	12, 150	3514	TYR	12, 156	3520	nuc	nuc	0.92
GLY	12, 151	3515	TYR	12, 156	3520	nuc	nuc	0.83
GLY	12, 155	3519	TYR	12, 156	3520	nuc	nuc	1
PRO	12, 146	3510	TYR	12, 157	3521	nuc	nuc	0.98
ILE	12, 147	3511	TYR	12, 157	3521	nuc	nuc	0.98
SER	12, 150	3514	TYR	12, 157	3521	nuc	nuc	0.98
GLY	12, 151	3515	TYR	12, 157	3521	nuc	nuc	0.98
GLY	12, 155	3519	TYR	12, 157	3521	nuc	nuc	0.97
TYR	12, 156	3520	TYR	12, 157	3521	nuc	nuc	1
CYS	12, 139	3503	CYS	12, 158	3522	nuc	nuc	0.97
HIS	12, 141	3505	CYS	12, 158	3522	nuc	nuc	0.8
CYS	12, 144	3508	CYS	12, 158	3522	nuc	nuc	0.98
PRO	12, 146	3510	CYS	12, 158	3522	nuc	nuc	0.99
ILE	12, 147	3511	CYS	12, 158	3522	nuc	nuc	0.75
TYR	12, 156	3520	CYS	12, 158	3522	nuc	nuc	0.96
TYR	12, 157	3521	CYS	12, 158	3522	nuc	nuc	1
GLY	3, 107	867	PRO	12, 159	3523	nuc	nuc	0.57
CYS	12, 144	3508	PRO	12, 159	3523	nuc	nuc	0.92
ILE	12, 147	3511	PRO	12, 159	3523	nuc	nuc	0.95
TYR	12, 157	3521	PRO	12, 159	3523	nuc	nuc	0.97
CYS	12, 158	3522	PRO	12, 159	3523	nuc	nuc	1
CYS	12, 139	3503	CYS	12, 160	3524	nuc	nuc	0.82
HIS	12, 141	3505	CYS	12, 160	3524	nuc	nuc	0.61
LEU	12, 142	3506	CYS	12, 160	3524	nuc	nuc	0.91
GLY	12, 143	3507	CYS	12, 160	3524	nuc	nuc	0.65
CYS	12, 144	3508	CYS	12, 160	3524	nuc	nuc	0.99
CYS	12, 158	3522	CYS	12, 160	3524	nuc	nuc	1
PRO	12, 159	3523	CYS	12, 160	3524	nuc	nuc	1
HIS	12, 141	3505	HIS	12, 161	3525	nuc	nuc	0.89
LEU	12, 142	3506	HIS	12, 161	3525	nuc	nuc	0.86
CYS	12, 144	3508	HIS	12, 161	3525	nuc	nuc	0.51
CYS	12, 158	3522	HIS	12, 161	3525	nuc	nuc	0.97
CYS	12, 160	3524	HIS	12, 161	3525	nuc	nuc	1
TYR	12, 157	3521	GLY	12, 162	3526	nuc	nuc	0.94
CYS	12, 158	3522	GLY	12, 162	3526	nuc	nuc	0.99
PRO	12, 159	3523	GLY	12, 162	3526	nuc	nuc	0.92
CYS	12, 160	3524	GLY	12, 162	3526	nuc	nuc	0.97
HIS	12, 161	3525	GLY	12, 162	3526	nuc	nuc	1
CYS	12, 139	3503	SER	12, 163	3527	nuc	nuc	0.94
HIS	12, 141	3505	SER	12, 163	3527	nuc	nuc	0.88
PRO	12, 146	3510	SER	12, 163	3527	nuc	nuc	0.71
TYR	12, 157	3521	SER	12, 163	3527	nuc	nuc	0.87
CYS	12, 158	3522	SER	12, 163	3527	nuc	nuc	0.99
HIS	12, 161	3525	SER	12, 163	3527	nuc	nuc	0.98
GLY	12, 162	3526	SER	12, 163	3527	nuc	nuc	1
GLY	12, 151	3515	HIS	12, 164	3528	nuc	nuc	0.96
ASP	12, 152	3516	HIS	12, 164	3528	nuc	nuc	0.95
PHE	12, 153	3517	HIS	12, 164	3528	nuc	nuc	0.97
GLY	12, 155	3519	HIS	12, 164	3528	nuc	nuc	0.53
TYR	12, 156	3520	HIS	12, 164	3528	nuc	nuc	0.63
TYR	12, 157	3521	HIS	12, 164	3528	nuc	nuc	0.98
CYS	12, 158	3522	HIS	12, 164	3528	nuc	nuc	0.54
GLY	12, 162	3526	HIS	12, 164	3528	nuc	nuc	0.99
SER	12, 163	3527	HIS	12, 164	3528	nuc	nuc	1
PRO	12, 146	3510	TYR	12, 165	3529	nuc	nuc	0.95
PHE	12, 153	3517	TYR	12, 165	3529	nuc	nuc	0.88
GLY	12, 155	3519	TYR	12, 165	3529	nuc	nuc	0.98
TYR	12, 156	3520	TYR	12, 165	3529	nuc	nuc	0.99
TYR	12, 157	3521	TYR	12, 165	3529	nuc	nuc	0.88
CYS	12, 158	3522	TYR	12, 165	3529	nuc	nuc	0.67
SER	12, 163	3527	TYR	12, 165	3529	nuc	nuc	0.99
HIS	12, 164	3528	TYR	12, 165	3529	nuc	nuc	1
GLU	12, 109	3473	ASP	12, 166	3530	nuc	nuc	0.94
VAL	12, 112	3476	ASP	12, 166	3530	nuc	nuc	0.79
PHE	12, 153	3517	ASP	12, 166	3530	nuc	nuc	0.98
GLY	12, 154	3518	ASP	12, 166	3530	nuc	nuc	0.94
GLY	12, 155	3519	ASP	12, 166	3530	nuc	nuc	0.98
HIS	12, 164	3528	ASP	12, 166	3530	nuc	nuc	0.68
TYR	12, 165	3529	ASP	12, 166	3530	nuc	nuc	1
ARG	12, 99	3463	ALA	12, 167	3531	nuc	nuc	0.84
ARG	12, 101	3465	ALA	12, 167	3531	nuc	nuc	0.94
GLU	12, 105	3469	ALA	12, 167	3531	nuc	nuc	0.98
GLN	12, 108	3472	ALA	12, 167	3531	nuc	nuc	0.74
GLU	12, 109	3473	ALA	12, 167	3531	nuc	nuc	0.94
VAL	12, 133	3497	ALA	12, 167	3531	nuc	nuc	0.88
PHE	12, 153	3517	ALA	12, 167	3531	nuc	nuc	0.71
GLY	12, 154	3518	ALA	12, 167	3531	nuc	nuc	0.98
GLY	12, 155	3519	ALA	12, 167	3531	nuc	nuc	0.99
ASP	12, 166	3530	ALA	12, 167	3531	nuc	nuc	1
GLU	12, 109	3473	SER	12, 168	3532	nuc	nuc	0.97
ASP	12, 123	3487	SER	12, 168	3532	nuc	nuc	0.97
ARG	12, 126	3490	SER	12, 168	3532	nuc	nuc	0.95
VAL	12, 127	3491	SER	12, 168	3532	nuc	nuc	0.77
VAL	12, 133	3497	SER	12, 168	3532	nuc	nuc	0.98
ASP	12, 166	3530	SER	12, 168	3532	nuc	nuc	1
ALA	12, 167	3531	SER	12, 168	3532	nuc	nuc	1
VAL	12, 133	3497	GLY	12, 169	3533	nuc	nuc	0.81
LEU	12, 135	3499	GLY	12, 169	3533	nuc	nuc	0.98
GLY	12, 155	3519	GLY	12, 169	3533	nuc	nuc	0.86
TYR	12, 156	3520	GLY	12, 169	3533	nuc	nuc	0.93
TYR	12, 165	3529	GLY	12, 169	3533	nuc	nuc	0.99
ASP	12, 166	3530	GLY	12, 169	3533	nuc	nuc	1
ALA	12, 167	3531	GLY	12, 169	3533	nuc	nuc	0.99
SER	12, 168	3532	GLY	12, 169	3533	nuc	nuc	1
VAL	12, 112	3476	ARG	12, 170	3534	nuc	nuc	0.63
LEU	12, 117	3481	ARG	12, 170	3534	nuc	nuc	0.95
ASP	12, 119	3483	ARG	12, 170	3534	nuc	nuc	0.89
GLN	12, 121	3485	ARG	12, 170	3534	nuc	nuc	0.91
ASP	12, 123	3487	ARG	12, 170	3534	nuc	nuc	0.54
TYR	12, 165	3529	ARG	12, 170	3534	nuc	nuc	0.97
ASP	12, 166	3530	ARG	12, 170	3534	nuc	nuc	0.98
SER	12, 168	3532	ARG	12, 170	3534	nuc	nuc	1
GLY	12, 169	3533	ARG	12, 170	3534	nuc	nuc	1
LEU	12, 117	3481	ILE	12, 171	3535	nuc	nuc	0.63
ARG	12, 118	3482	ILE	12, 171	3535	nuc	nuc	0.96
ASP	12, 119	3483	ILE	12, 171	3535	nuc	nuc	0.93
THR	12, 140	3504	ILE	12, 171	3535	nuc	nuc	0.74
SER	12, 163	3527	ILE	12, 171	3535	nuc	nuc	0.93
HIS	12, 164	3528	ILE	12, 171	3535	nuc	nuc	0.78
TYR	12, 165	3529	ILE	12, 171	3535	nuc	nuc	0.99
GLY	12, 169	3533	ILE	12, 171	3535	nuc	nuc	0.92
ARG	12, 170	3534	ILE	12, 171	3535	nuc	nuc	1
LEU	12, 117	3481	ARG	12, 172	3536	nuc	nuc	0.65
ARG	12, 118	3482	ARG	12, 172	3536	nuc	nuc	0.56
PHE	12, 153	3517	ARG	12, 172	3536	nuc	nuc	0.97
HIS	12, 164	3528	ARG	12, 172	3536	nuc	nuc	0.98
TYR	12, 165	3529	ARG	12, 172	3536	nuc	nuc	0.97
ASP	12, 166	3530	ARG	12, 172	3536	nuc	nuc	0.97
ARG	12, 170	3534	ARG	12, 172	3536	nuc	nuc	0.99
ILE	12, 171	3535	ARG	12, 172	3536	nuc	nuc	1
ASP	12, 152	3516	LYS	12, 173	3537	nuc	nuc	0.76
PHE	12, 153	3517	LYS	12, 173	3537	nuc	nuc	0.61
GLY	12, 162	3526	LYS	12, 173	3537	nuc	nuc	0.58
SER	12, 163	3527	LYS	12, 173	3537	nuc	nuc	0.92
HIS	12, 164	3528	LYS	12, 173	3537	nuc	nuc	0.99
ILE	12, 171	3535	LYS	12, 173	3537	nuc	nuc	0.87
ARG	12, 172	3536	LYS	12, 173	3537	nuc	nuc	1
HIS	12, 161	3525	GLY	12, 174	3538	nuc	nuc	0.8
GLY	12, 162	3526	GLY	12, 174	3538	nuc	nuc	0.97
SER	12, 163	3527	GLY	12, 174	3538	nuc	nuc	0.99
HIS	12, 164	3528	GLY	12, 174	3538	nuc	nuc	0.95
ILE	12, 171	3535	GLY	12, 174	3538	nuc	nuc	0.92
LYS	12, 173	3537	GLY	12, 174	3538	nuc	nuc	1
HIS	12, 141	3505	PRO	12, 175	3539	nuc	nuc	0.94
HIS	12, 161	3525	PRO	12, 175	3539	nuc	nuc	0.94
GLY	12, 162	3526	PRO	12, 175	3539	nuc	nuc	0.8
SER	12, 163	3527	PRO	12, 175	3539	nuc	nuc	0.97
GLY	12, 174	3538	PRO	12, 175	3539	nuc	nuc	1
CYS	12, 139	3503	ALA	12, 176	3540	nuc	nuc	0.94
THR	12, 140	3504	ALA	12, 176	3540	nuc	nuc	0.96
HIS	12, 141	3505	ALA	12, 176	3540	nuc	nuc	0.97
CYS	12, 158	3522	ALA	12, 176	3540	nuc	nuc	0.81
SER	12, 163	3527	ALA	12, 176	3540	nuc	nuc	0.94
ILE	12, 171	3535	ALA	12, 176	3540	nuc	nuc	0.97
GLY	12, 174	3538	ALA	12, 176	3540	nuc	nuc	0.99
PRO	12, 175	3539	ALA	12, 176	3540	nuc	nuc	1
ARG	12, 118	3482	PRO	12, 177	3541	nuc	nuc	0.83
ASP	12, 119	3483	PRO	12, 177	3541	nuc	nuc	0.77
THR	12, 140	3504	PRO	12, 177	3541	nuc	nuc	0.94
HIS	12, 141	3505	PRO	12, 177	3541	nuc	nuc	0.79
ILE	12, 171	3535	PRO	12, 177	3541	nuc	nuc	0.78
PRO	12, 175	3539	PRO	12, 177	3541	nuc	nuc	0.6
ALA	12, 176	3540	PRO	12, 177	3541	nuc	nuc	1
ASP	12, 119	3483	TYR	12, 178	3542	nuc	nuc	0.97
THR	12, 140	3504	TYR	12, 178	3542	nuc	nuc	0.96
ILE	12, 171	3535	TYR	12, 178	3542	nuc	nuc	0.91
ALA	12, 176	3540	TYR	12, 178	3542	nuc	nuc	0.97
PRO	12, 177	3541	TYR	12, 178	3542	nuc	nuc	1
ASP	12, 119	3483	ASN	12, 179	3543	nuc	nuc	0.98
GLN	12, 121	3485	ASN	12, 179	3543	nuc	nuc	0.94
THR	12, 140	3504	ASN	12, 179	3543	nuc	nuc	0.84
TYR	12, 165	3529	ASN	12, 179	3543	nuc	nuc	0.61
GLY	12, 169	3533	ASN	12, 179	3543	nuc	nuc	0.98
ARG	12, 170	3534	ASN	12, 179	3543	nuc	nuc	0.99
ILE	12, 171	3535	ASN	12, 179	3543	nuc	nuc	0.99
TYR	12, 178	3542	ASN	12, 179	3543	nuc	nuc	1
LEU	12, 135	3499	LEU	12, 180	3544	nuc	nuc	0.99
VAL	12, 136	3500	LEU	12, 180	3544	nuc	nuc	0.98
GLY	12, 137	3501	LEU	12, 180	3544	nuc	nuc	0.97
VAL	12, 138	3502	LEU	12, 180	3544	nuc	nuc	0.64
CYS	12, 139	3503	LEU	12, 180	3544	nuc	nuc	0.65
THR	12, 140	3504	LEU	12, 180	3544	nuc	nuc	0.92
PRO	12, 146	3510	LEU	12, 180	3544	nuc	nuc	0.68
TYR	12, 156	3520	LEU	12, 180	3544	nuc	nuc	0.73
TYR	12, 165	3529	LEU	12, 180	3544	nuc	nuc	0.97
GLY	12, 169	3533	LEU	12, 180	3544	nuc	nuc	0.99
ARG	12, 170	3534	LEU	12, 180	3544	nuc	nuc	0.59
ASN	12, 179	3543	LEU	12, 180	3544	nuc	nuc	1
LEU	12, 135	3499	GLU	12, 181	3545	nuc	nuc	0.94
VAL	12, 136	3500	GLU	12, 181	3545	nuc	nuc	0.98
VAL	12, 138	3502	GLU	12, 181	3545	nuc	nuc	0.6
THR	12, 140	3504	GLU	12, 181	3545	nuc	nuc	0.6
ASN	12, 179	3543	GLU	12, 181	3545	nuc	nuc	0.76
LEU	12, 180	3544	GLU	12, 181	3545	nuc	nuc	1
ARG	12, 126	3490	VAL	12, 182	3546	nuc	nuc	0.98
ILE	12, 134	3498	VAL	12, 182	3546	nuc	nuc	0.95
LEU	12, 135	3499	VAL	12, 182	3546	nuc	nuc	0.98
VAL	12, 136	3500	VAL	12, 182	3546	nuc	nuc	0.82
LEU	12, 180	3544	VAL	12, 182	3546	nuc	nuc	0.92
GLU	12, 181	3545	VAL	12, 182	3546	nuc	nuc	1
TRP	12, 91	3455	PRO	12, 183	3547	nuc	nuc	0.7
LEU	12, 96	3460	PRO	12, 183	3547	nuc	nuc	0.93
ILE	12, 134	3498	PRO	12, 183	3547	nuc	nuc	0.98
LEU	12, 135	3499	PRO	12, 183	3547	nuc	nuc	0.73
VAL	12, 136	3500	PRO	12, 183	3547	nuc	nuc	0.99
GLU	12, 181	3545	PRO	12, 183	3547	nuc	nuc	0.98
VAL	12, 182	3546	PRO	12, 183	3547	nuc	nuc	1
PRO	12, 183	3547	THR	12, 184	3548	nuc	nuc	1
LYS	12, 128	3492	TYR	12, 185	3549	nuc	nuc	0.79
ILE	12, 134	3498	TYR	12, 185	3549	nuc	nuc	0.98
PRO	12, 183	3547	TYR	12, 185	3549	nuc	nuc	0.99
THR	12, 184	3548	TYR	12, 185	3549	nuc	nuc	1
THR	12, 184	3548	GLN	12, 186	3550	nuc	nuc	0.75
TYR	12, 185	3549	GLN	12, 186	3550	nuc	nuc	1
LYS	12, 128	3492	PHE	12, 187	3551	nuc	nuc	0.85
LYS	12, 129	3493	PHE	12, 187	3551	nuc	nuc	0.89
TYR	12, 185	3549	PHE	12, 187	3551	nuc	nuc	0.89
GLN	12, 186	3550	PHE	12, 187	3551	nuc	nuc	1
GLN	12, 186	3550	VAL	12, 188	3552	nuc	nuc	0.97
PHE	12, 187	3551	VAL	12, 188	3552	nuc	nuc	1
PHE	12, 187	3551	GLY	12, 189	3553	nuc	nuc	0.98
VAL	12, 188	3552	GLY	12, 189	3553	nuc	nuc	1
PHE	12, 187	3551	ASP	12, 190	3554	nuc	nuc	0.61
GLY	12, 189	3553	ASP	12, 190	3554	nuc	nuc	1
LYS	12, 77	3441	ASP	12, 191	3555	nuc	nuc	0.76
LEU	12, 78	3442	ASP	12, 191	3555	nuc	nuc	0.9
SER	12, 79	3443	ASP	12, 191	3555	nuc	nuc	0.96
GLY	12, 189	3553	ASP	12, 191	3555	nuc	nuc	0.99
ASP	12, 190	3554	ASP	12, 191	3555	nuc	nuc	1
GLU	12, 75	3439	LEU	12, 192	3556	nuc	nuc	0.74
ILE	12, 76	3440	LEU	12, 192	3556	nuc	nuc	0.87
LYS	12, 77	3441	LEU	12, 192	3556	nuc	nuc	0.87
LEU	12, 78	3442	LEU	12, 192	3556	nuc	nuc	0.79
PHE	12, 187	3551	LEU	12, 192	3556	nuc	nuc	0.81
VAL	12, 188	3552	LEU	12, 192	3556	nuc	nuc	0.95
GLY	12, 189	3553	LEU	12, 192	3556	nuc	nuc	0.98
ASP	12, 190	3554	LEU	12, 192	3556	nuc	nuc	0.6
ASP	12, 191	3555	LEU	12, 192	3556	nuc	nuc	1
GLU	12, 75	3439	VAL	12, 193	3557	nuc	nuc	0.72
ILE	12, 76	3440	VAL	12, 193	3557	nuc	nuc	0.85
LYS	12, 77	3441	VAL	12, 193	3557	nuc	nuc	0.61
LEU	12, 78	3442	VAL	12, 193	3557	nuc	nuc	0.79
VAL	12, 98	3462	VAL	12, 193	3557	nuc	nuc	0.61
TRP	12, 132	3496	VAL	12, 193	3557	nuc	nuc	0.76
ILE	12, 134	3498	VAL	12, 193	3557	nuc	nuc	0.76
TYR	12, 185	3549	VAL	12, 193	3557	nuc	nuc	0.96
GLN	12, 186	3550	VAL	12, 193	3557	nuc	nuc	0.86
PHE	12, 187	3551	VAL	12, 193	3557	nuc	nuc	0.97
VAL	12, 188	3552	VAL	12, 193	3557	nuc	nuc	0.88
LEU	12, 192	3556	VAL	12, 193	3557	nuc	nuc	1
LYS	12, 73	3437	VAL	12, 194	3558	nuc	nuc	0.88
ILE	12, 74	3438	VAL	12, 194	3558	nuc	nuc	0.77
GLU	12, 75	3439	VAL	12, 194	3558	nuc	nuc	0.89
ILE	12, 76	3440	VAL	12, 194	3558	nuc	nuc	0.61
TYR	12, 185	3549	VAL	12, 194	3558	nuc	nuc	0.96
GLN	12, 186	3550	VAL	12, 194	3558	nuc	nuc	0.98
VAL	12, 188	3552	VAL	12, 194	3558	nuc	nuc	0.96
LEU	12, 192	3556	VAL	12, 194	3558	nuc	nuc	0.94
VAL	12, 193	3557	VAL	12, 194	3558	nuc	nuc	1
LYS	12, 73	3437	VAL	12, 195	3559	nuc	nuc	0.83
ILE	12, 74	3438	VAL	12, 195	3559	nuc	nuc	0.75
GLU	12, 75	3439	VAL	12, 195	3559	nuc	nuc	0.68
ILE	12, 76	3440	VAL	12, 195	3559	nuc	nuc	0.7
TRP	12, 91	3455	VAL	12, 195	3559	nuc	nuc	0.96
LEU	12, 96	3460	VAL	12, 195	3559	nuc	nuc	0.95
ILE	12, 134	3498	VAL	12, 195	3559	nuc	nuc	0.95
PRO	12, 183	3547	VAL	12, 195	3559	nuc	nuc	0.98
THR	12, 184	3548	VAL	12, 195	3559	nuc	nuc	0.81
TYR	12, 185	3549	VAL	12, 195	3559	nuc	nuc	0.99
VAL	12, 193	3557	VAL	12, 195	3559	nuc	nuc	0.99
VAL	12, 194	3558	VAL	12, 195	3559	nuc	nuc	1
SER	12, 72	3436	GLY	12, 196	3560	nuc	nuc	0.78
LYS	12, 73	3437	GLY	12, 196	3560	nuc	nuc	0.94
PRO	12, 183	3547	GLY	12, 196	3560	nuc	nuc	0.95
THR	12, 184	3548	GLY	12, 196	3560	nuc	nuc	0.98
TYR	12, 185	3549	GLY	12, 196	3560	nuc	nuc	0.98
VAL	12, 194	3558	GLY	12, 196	3560	nuc	nuc	1
VAL	12, 195	3559	GLY	12, 196	3560	nuc	nuc	1
GLY	13, 1	3561	GLU	13, 2	3562	nuc	nuc	1
GLY	13, 1	3561	PRO	13, 3	3563	nuc	nuc	0.9
GLU	13, 2	3562	PRO	13, 3	3563	nuc	nuc	1
GLU	13, 2	3562	GLU	13, 4	3564	nuc	nuc	0.79
PRO	13, 3	3563	GLU	13, 4	3564	nuc	nuc	1
PRO	13, 3	3563	GLU	13, 5	3565	nuc	nuc	0.79
GLU	13, 4	3564	GLU	13, 5	3565	nuc	nuc	1
GLU	13, 4	3564	GLU	13, 6	3566	nuc	nuc	0.84
GLU	13, 5	3565	GLU	13, 6	3566	nuc	nuc	1
GLU	13, 5	3565	GLU	13, 7	3567	nuc	nuc	0.8
GLU	13, 6	3566	GLU	13, 7	3567	nuc	nuc	1
GLU	13, 6	3566	GLU	13, 8	3568	nuc	nuc	0.83
GLU	13, 7	3567	GLU	13, 8	3568	nuc	nuc	1
GLU	13, 7	3567	GLU	13, 9	3569	nuc	nuc	0.81
GLU	13, 8	3568	GLU	13, 9	3569	nuc	nuc	1
GLU	13, 8	3568	GLU	13, 10	3570	nuc	nuc	0.82
GLU	13, 9	3569	GLU	13, 10	3570	nuc	nuc	1
ASN	3, 166	926	LEU	13, 11	3571	nuc	nuc	0.79
GLU	3, 167	927	LEU	13, 11	3571	nuc	nuc	0.7
PRO	3, 176	936	LEU	13, 11	3571	nuc	nuc	0.87
THR	3, 178	938	LEU	13, 11	3571	nuc	nuc	0.81
GLU	13, 9	3569	LEU	13, 11	3571	nuc	nuc	0.72
GLU	13, 10	3570	LEU	13, 11	3571	nuc	nuc	1
GLU	13, 10	3570	VAL	13, 12	3572	nuc	nuc	0.86
LEU	13, 11	3571	VAL	13, 12	3572	nuc	nuc	1
ASN	3, 166	926	ASP	13, 13	3573	nuc	nuc	0.94
THR	3, 178	938	ASP	13, 13	3573	nuc	nuc	0.98
MET	3, 179	939	ASP	13, 13	3573	nuc	nuc	0.94
SER	3, 180	940	ASP	13, 13	3573	nuc	nuc	0.95
LEU	13, 11	3571	ASP	13, 13	3573	nuc	nuc	0.76
VAL	13, 12	3572	ASP	13, 13	3573	nuc	nuc	1
THR	3, 178	938	PRO	13, 14	3574	nuc	nuc	0.93
SER	3, 180	940	PRO	13, 14	3574	nuc	nuc	0.96
VAL	13, 12	3572	PRO	13, 14	3574	nuc	nuc	0.86
ASP	13, 13	3573	PRO	13, 14	3574	nuc	nuc	1
THR	3, 132	892	LEU	13, 15	3575	nuc	nuc	0.95
THR	3, 178	938	LEU	13, 15	3575	nuc	nuc	0.83
MET	3, 179	939	LEU	13, 15	3575	nuc	nuc	0.93
SER	3, 180	940	LEU	13, 15	3575	nuc	nuc	0.99
ASP	13, 13	3573	LEU	13, 15	3575	nuc	nuc	1
PRO	13, 14	3574	LEU	13, 15	3575	nuc	nuc	1
VAL	13, 12	3572	THR	13, 16	3576	nuc	nuc	0.9
ASP	13, 13	3573	THR	13, 16	3576	nuc	nuc	0.99
PRO	13, 14	3574	THR	13, 16	3576	nuc	nuc	0.92
LEU	13, 15	3575	THR	13, 16	3576	nuc	nuc	1
VAL	13, 12	3572	THR	13, 17	3577	nuc	nuc	0.91
ASP	13, 13	3573	THR	13, 17	3577	nuc	nuc	0.84
PRO	13, 14	3574	THR	13, 17	3577	nuc	nuc	0.99
LEU	13, 15	3575	THR	13, 17	3577	nuc	nuc	0.95
THR	13, 16	3576	THR	13, 17	3577	nuc	nuc	1
PRO	13, 14	3574	ILE	13, 18	3578	nuc	nuc	0.98
LEU	13, 15	3575	ILE	13, 18	3578	nuc	nuc	0.99
THR	13, 16	3576	ILE	13, 18	3578	nuc	nuc	0.88
THR	13, 17	3577	ILE	13, 18	3578	nuc	nuc	1
LEU	13, 15	3575	ARG	13, 19	3579	nuc	nuc	0.98
THR	13, 16	3576	ARG	13, 19	3579	nuc	nuc	1
THR	13, 17	3577	ARG	13, 19	3579	nuc	nuc	0.98
ILE	13, 18	3578	ARG	13, 19	3579	nuc	nuc	1
THR	13, 16	3576	GLU	13, 20	3580	nuc	nuc	0.97
THR	13, 17	3577	GLU	13, 20	3580	nuc	nuc	0.99
ILE	13, 18	3578	GLU	13, 20	3580	nuc	nuc	0.98
ARG	13, 19	3579	GLU	13, 20	3580	nuc	nuc	1
THR	13, 17	3577	HIS	13, 21	3581	nuc	nuc	0.96
ILE	13, 18	3578	HIS	13, 21	3581	nuc	nuc	0.99
ARG	13, 19	3579	HIS	13, 21	3581	nuc	nuc	0.97
GLU	13, 20	3580	HIS	13, 21	3581	nuc	nuc	1
ILE	13, 18	3578	CYS	13, 22	3582	nuc	nuc	0.98
ARG	13, 19	3579	CYS	13, 22	3582	nuc	nuc	0.99
GLU	13, 20	3580	CYS	13, 22	3582	nuc	nuc	0.95
HIS	13, 21	3581	CYS	13, 22	3582	nuc	nuc	1
ARG	13, 19	3579	GLU	13, 23	3583	nuc	nuc	0.98
GLU	13, 20	3580	GLU	13, 23	3583	nuc	nuc	0.99
HIS	13, 21	3581	GLU	13, 23	3583	nuc	nuc	0.98
CYS	13, 22	3582	GLU	13, 23	3583	nuc	nuc	1
GLU	13, 20	3580	GLN	13, 24	3584	nuc	nuc	0.79
HIS	13, 21	3581	GLN	13, 24	3584	nuc	nuc	0.98
CYS	13, 22	3582	GLN	13, 24	3584	nuc	nuc	0.96
GLU	13, 23	3583	GLN	13, 24	3584	nuc	nuc	1
CYS	13, 22	3582	THR	13, 25	3585	nuc	nuc	0.97
GLU	13, 23	3583	THR	13, 25	3585	nuc	nuc	0.93
GLN	13, 24	3584	THR	13, 25	3585	nuc	nuc	1
THR	13, 25	3585	GLU	13, 26	3586	nuc	nuc	1
THR	13, 25	3585	LYS	13, 27	3587	nuc	nuc	0.98
GLU	13, 26	3586	LYS	13, 27	3587	nuc	nuc	1
CYS	13, 22	3582	CYS	13, 28	3588	nuc	nuc	0.95
GLU	13, 23	3583	CYS	13, 28	3588	nuc	nuc	0.98
GLN	13, 24	3584	CYS	13, 28	3588	nuc	nuc	0.86
THR	13, 25	3585	CYS	13, 28	3588	nuc	nuc	0.98
GLU	13, 26	3586	CYS	13, 28	3588	nuc	nuc	0.93
LYS	13, 27	3587	CYS	13, 28	3588	nuc	nuc	1
GLU	13, 23	3583	VAL	13, 29	3589	nuc	nuc	0.72
GLN	13, 24	3584	VAL	13, 29	3589	nuc	nuc	0.91
THR	13, 25	3585	VAL	13, 29	3589	nuc	nuc	0.95
GLU	13, 26	3586	VAL	13, 29	3589	nuc	nuc	0.99
LYS	13, 27	3587	VAL	13, 29	3589	nuc	nuc	0.94
CYS	13, 28	3588	VAL	13, 29	3589	nuc	nuc	1
GLU	13, 26	3586	LYS	13, 30	3590	nuc	nuc	0.96
LYS	13, 27	3587	LYS	13, 30	3590	nuc	nuc	0.98
CYS	13, 28	3588	LYS	13, 30	3590	nuc	nuc	0.96
VAL	13, 29	3589	LYS	13, 30	3590	nuc	nuc	1
LYS	13, 27	3587	ALA	13, 31	3591	nuc	nuc	0.96
CYS	13, 28	3588	ALA	13, 31	3591	nuc	nuc	0.99
VAL	13, 29	3589	ALA	13, 31	3591	nuc	nuc	0.97
LYS	13, 30	3590	ALA	13, 31	3591	nuc	nuc	1
GLU	13, 23	3583	ARG	13, 32	3592	nuc	nuc	0.9
CYS	13, 28	3588	ARG	13, 32	3592	nuc	nuc	0.99
VAL	13, 29	3589	ARG	13, 32	3592	nuc	nuc	0.99
LYS	13, 30	3590	ARG	13, 32	3592	nuc	nuc	0.97
ALA	13, 31	3591	ARG	13, 32	3592	nuc	nuc	1
VAL	13, 29	3589	GLU	13, 33	3593	nuc	nuc	0.98
LYS	13, 30	3590	GLU	13, 33	3593	nuc	nuc	0.99
ALA	13, 31	3591	GLU	13, 33	3593	nuc	nuc	0.98
ARG	13, 32	3592	GLU	13, 33	3593	nuc	nuc	1
LYS	13, 30	3590	ARG	13, 34	3594	nuc	nuc	0.96
ALA	13, 31	3591	ARG	13, 34	3594	nuc	nuc	0.99
ARG	13, 32	3592	ARG	13, 34	3594	nuc	nuc	0.98
GLU	13, 33	3593	ARG	13, 34	3594	nuc	nuc	1
ALA	13, 31	3591	LEU	13, 35	3595	nuc	nuc	0.98
ARG	13, 32	3592	LEU	13, 35	3595	nuc	nuc	1
GLU	13, 33	3593	LEU	13, 35	3595	nuc	nuc	0.99
ARG	13, 34	3594	LEU	13, 35	3595	nuc	nuc	1
ARG	13, 32	3592	GLU	13, 36	3596	nuc	nuc	0.99
GLU	13, 33	3593	GLU	13, 36	3596	nuc	nuc	0.99
ARG	13, 34	3594	GLU	13, 36	3596	nuc	nuc	0.95
LEU	13, 35	3595	GLU	13, 36	3596	nuc	nuc	1
GLU	13, 33	3593	LEU	13, 37	3597	nuc	nuc	0.98
ARG	13, 34	3594	LEU	13, 37	3597	nuc	nuc	0.99
LEU	13, 35	3595	LEU	13, 37	3597	nuc	nuc	0.98
GLU	13, 36	3596	LEU	13, 37	3597	nuc	nuc	1
ALA	3, 139	899	CYS	13, 38	3598	nuc	nuc	0.8
ARG	13, 34	3594	CYS	13, 38	3598	nuc	nuc	0.98
LEU	13, 35	3595	CYS	13, 38	3598	nuc	nuc	0.99
GLU	13, 36	3596	CYS	13, 38	3598	nuc	nuc	0.97
LEU	13, 37	3597	CYS	13, 38	3598	nuc	nuc	1
PRO	3, 138	898	ASP	13, 39	3599	nuc	nuc	0.73
ALA	3, 139	899	ASP	13, 39	3599	nuc	nuc	0.97
LEU	13, 35	3595	ASP	13, 39	3599	nuc	nuc	0.99
GLU	13, 36	3596	ASP	13, 39	3599	nuc	nuc	0.99
LEU	13, 37	3597	ASP	13, 39	3599	nuc	nuc	0.97
CYS	13, 38	3598	ASP	13, 39	3599	nuc	nuc	1
GLU	13, 36	3596	ALA	13, 40	3600	nuc	nuc	0.98
LEU	13, 37	3597	ALA	13, 40	3600	nuc	nuc	0.99
CYS	13, 38	3598	ALA	13, 40	3600	nuc	nuc	0.98
ASP	13, 39	3599	ALA	13, 40	3600	nuc	nuc	1
LEU	13, 37	3597	ARG	13, 41	3601	nuc	nuc	0.97
CYS	13, 38	3598	ARG	13, 41	3601	nuc	nuc	0.99
ASP	13, 39	3599	ARG	13, 41	3601	nuc	nuc	0.95
ALA	13, 40	3600	ARG	13, 41	3601	nuc	nuc	1
ALA	3, 139	899	VAL	13, 42	3602	nuc	nuc	0.95
GLY	3, 140	900	VAL	13, 42	3602	nuc	nuc	0.94
CYS	13, 38	3598	VAL	13, 42	3602	nuc	nuc	0.97
ASP	13, 39	3599	VAL	13, 42	3602	nuc	nuc	0.98
ALA	13, 40	3600	VAL	13, 42	3602	nuc	nuc	0.84
ARG	13, 41	3601	VAL	13, 42	3602	nuc	nuc	1
ALA	3, 139	899	SER	13, 43	3603	nuc	nuc	0.92
ASP	13, 39	3599	SER	13, 43	3603	nuc	nuc	0.97
ALA	13, 40	3600	SER	13, 43	3603	nuc	nuc	0.98
ARG	13, 41	3601	SER	13, 43	3603	nuc	nuc	0.88
VAL	13, 42	3602	SER	13, 43	3603	nuc	nuc	1
ALA	13, 40	3600	SER	13, 44	3604	nuc	nuc	0.92
ARG	13, 41	3601	SER	13, 44	3604	nuc	nuc	0.96
VAL	13, 42	3602	SER	13, 44	3604	nuc	nuc	0.92
SER	13, 43	3603	SER	13, 44	3604	nuc	nuc	1
ARG	13, 41	3601	ARG	13, 45	3605	nuc	nuc	0.83
VAL	13, 42	3602	ARG	13, 45	3605	nuc	nuc	0.91
SER	13, 43	3603	ARG	13, 45	3605	nuc	nuc	0.72
SER	13, 44	3604	ARG	13, 45	3605	nuc	nuc	1
ARG	13, 45	3605	SER	13, 46	3606	nuc	nuc	1
ARG	13, 45	3605	HIS	13, 47	3607	nuc	nuc	0.91
SER	13, 46	3606	HIS	13, 47	3607	nuc	nuc	1
VAL	13, 42	3602	THR	13, 48	3608	nuc	nuc	0.91
ARG	13, 45	3605	THR	13, 48	3608	nuc	nuc	0.93
SER	13, 46	3606	THR	13, 48	3608	nuc	nuc	0.7
HIS	13, 47	3607	THR	13, 48	3608	nuc	nuc	1
THR	13, 48	3608	GLU	13, 49	3609	nuc	nuc	1
GLY	3, 140	900	GLU	13, 50	3610	nuc	nuc	0.73
CYS	13, 38	3598	GLU	13, 50	3610	nuc	nuc	0.54
ARG	13, 41	3601	GLU	13, 50	3610	nuc	nuc	0.76
VAL	13, 42	3602	GLU	13, 50	3610	nuc	nuc	0.94
THR	13, 48	3608	GLU	13, 50	3610	nuc	nuc	0.98
GLU	13, 49	3609	GLU	13, 50	3610	nuc	nuc	1
PRO	3, 138	898	GLN	13, 51	3611	nuc	nuc	0.89
ALA	3, 139	899	GLN	13, 51	3611	nuc	nuc	0.74
GLY	3, 140	900	GLN	13, 51	3611	nuc	nuc	0.96
VAL	3, 141	901	GLN	13, 51	3611	nuc	nuc	0.94
VAL	13, 42	3602	GLN	13, 51	3611	nuc	nuc	0.75
GLU	13, 49	3609	GLN	13, 51	3611	nuc	nuc	0.78
GLU	13, 50	3610	GLN	13, 51	3611	nuc	nuc	1
PRO	3, 138	898	CYS	13, 52	3612	nuc	nuc	0.98
ALA	3, 139	899	CYS	13, 52	3612	nuc	nuc	0.95
GLY	3, 140	900	CYS	13, 52	3612	nuc	nuc	0.93
LEU	13, 35	3595	CYS	13, 52	3612	nuc	nuc	0.94
CYS	13, 38	3598	CYS	13, 52	3612	nuc	nuc	0.97
ASP	13, 39	3599	CYS	13, 52	3612	nuc	nuc	0.98
VAL	13, 42	3602	CYS	13, 52	3612	nuc	nuc	0.95
GLU	13, 50	3610	CYS	13, 52	3612	nuc	nuc	0.92
GLN	13, 51	3611	CYS	13, 52	3612	nuc	nuc	1
LEU	3, 3	763	THR	13, 53	3613	nuc	nuc	0.9
PRO	3, 138	898	THR	13, 53	3613	nuc	nuc	0.96
VAL	3, 141	901	THR	13, 53	3613	nuc	nuc	0.9
GLN	3, 156	916	THR	13, 53	3613	nuc	nuc	0.87
GLN	13, 51	3611	THR	13, 53	3613	nuc	nuc	1
CYS	13, 52	3612	THR	13, 53	3613	nuc	nuc	1
LEU	3, 3	763	GLU	13, 54	3614	nuc	nuc	0.93
GLN	13, 51	3611	GLU	13, 54	3614	nuc	nuc	0.64
CYS	13, 52	3612	GLU	13, 54	3614	nuc	nuc	0.96
THR	13, 53	3613	GLU	13, 54	3614	nuc	nuc	1
PRO	3, 138	898	GLU	13, 55	3615	nuc	nuc	0.57
ALA	13, 31	3591	GLU	13, 55	3615	nuc	nuc	0.81
ARG	13, 34	3594	GLU	13, 55	3615	nuc	nuc	0.98
LEU	13, 35	3595	GLU	13, 55	3615	nuc	nuc	0.99
CYS	13, 38	3598	GLU	13, 55	3615	nuc	nuc	0.99
CYS	13, 52	3612	GLU	13, 55	3615	nuc	nuc	0.98
THR	13, 53	3613	GLU	13, 55	3615	nuc	nuc	0.94
GLU	13, 54	3614	GLU	13, 55	3615	nuc	nuc	1
PRO	3, 138	898	LEU	13, 56	3616	nuc	nuc	0.98
PRO	3, 151	911	LEU	13, 56	3616	nuc	nuc	0.91
LEU	13, 35	3595	LEU	13, 56	3616	nuc	nuc	0.97
CYS	13, 52	3612	LEU	13, 56	3616	nuc	nuc	0.98
THR	13, 53	3613	LEU	13, 56	3616	nuc	nuc	0.99
GLU	13, 54	3614	LEU	13, 56	3616	nuc	nuc	0.99
GLU	13, 55	3615	LEU	13, 56	3616	nuc	nuc	1
LEU	3, 3	763	PHE	13, 57	3617	nuc	nuc	0.92
LEU	3, 5	765	PHE	13, 57	3617	nuc	nuc	0.98
PRO	3, 151	911	PHE	13, 57	3617	nuc	nuc	0.94
THR	13, 53	3613	PHE	13, 57	3617	nuc	nuc	0.99
GLU	13, 54	3614	PHE	13, 57	3617	nuc	nuc	1
GLU	13, 55	3615	PHE	13, 57	3617	nuc	nuc	0.98
LEU	13, 56	3616	PHE	13, 57	3617	nuc	nuc	1
ALA	13, 31	3591	ASP	13, 58	3618	nuc	nuc	0.98
ARG	13, 34	3594	ASP	13, 58	3618	nuc	nuc	0.84
LEU	13, 35	3595	ASP	13, 58	3618	nuc	nuc	0.63
GLU	13, 54	3614	ASP	13, 58	3618	nuc	nuc	0.98
GLU	13, 55	3615	ASP	13, 58	3618	nuc	nuc	0.99
LEU	13, 56	3616	ASP	13, 58	3618	nuc	nuc	0.98
PHE	13, 57	3617	ASP	13, 58	3618	nuc	nuc	1
CYS	13, 28	3588	PHE	13, 59	3619	nuc	nuc	0.94
ALA	13, 31	3591	PHE	13, 59	3619	nuc	nuc	0.99
ARG	13, 32	3592	PHE	13, 59	3619	nuc	nuc	0.98
ARG	13, 34	3594	PHE	13, 59	3619	nuc	nuc	0.64
LEU	13, 35	3595	PHE	13, 59	3619	nuc	nuc	0.97
GLU	13, 55	3615	PHE	13, 59	3619	nuc	nuc	0.98
LEU	13, 56	3616	PHE	13, 59	3619	nuc	nuc	1
PHE	13, 57	3617	PHE	13, 59	3619	nuc	nuc	0.99
ASP	13, 58	3618	PHE	13, 59	3619	nuc	nuc	1
LEU	3, 5	765	LEU	13, 60	3620	nuc	nuc	0.95
PRO	3, 151	911	LEU	13, 60	3620	nuc	nuc	0.97
LEU	13, 56	3616	LEU	13, 60	3620	nuc	nuc	0.99
PHE	13, 57	3617	LEU	13, 60	3620	nuc	nuc	1
ASP	13, 58	3618	LEU	13, 60	3620	nuc	nuc	0.93
PHE	13, 59	3619	LEU	13, 60	3620	nuc	nuc	1
LEU	3, 5	765	HIS	13, 61	3621	nuc	nuc	0.96
PHE	13, 57	3617	HIS	13, 61	3621	nuc	nuc	0.99
ASP	13, 58	3618	HIS	13, 61	3621	nuc	nuc	1
PHE	13, 59	3619	HIS	13, 61	3621	nuc	nuc	0.99
LEU	13, 60	3620	HIS	13, 61	3621	nuc	nuc	1
THR	13, 25	3585	ALA	13, 62	3622	nuc	nuc	0.62
LYS	13, 27	3587	ALA	13, 62	3622	nuc	nuc	0.98
CYS	13, 28	3588	ALA	13, 62	3622	nuc	nuc	0.98
ALA	13, 31	3591	ALA	13, 62	3622	nuc	nuc	0.98
ASP	13, 58	3618	ALA	13, 62	3622	nuc	nuc	0.98
PHE	13, 59	3619	ALA	13, 62	3622	nuc	nuc	0.99
LEU	13, 60	3620	ALA	13, 62	3622	nuc	nuc	0.97
HIS	13, 61	3621	ALA	13, 62	3622	nuc	nuc	1
ARG	13, 19	3579	ARG	13, 63	3623	nuc	nuc	0.94
CYS	13, 22	3582	ARG	13, 63	3623	nuc	nuc	0.98
GLU	13, 23	3583	ARG	13, 63	3623	nuc	nuc	0.96
CYS	13, 28	3588	ARG	13, 63	3623	nuc	nuc	0.98
PHE	13, 59	3619	ARG	13, 63	3623	nuc	nuc	0.99
LEU	13, 60	3620	ARG	13, 63	3623	nuc	nuc	0.99
HIS	13, 61	3621	ARG	13, 63	3623	nuc	nuc	0.97
ALA	13, 62	3622	ARG	13, 63	3623	nuc	nuc	1
PRO	3, 8	768	ASP	13, 64	3624	nuc	nuc	0.99
SER	3, 129	889	ASP	13, 64	3624	nuc	nuc	0.93
LEU	13, 60	3620	ASP	13, 64	3624	nuc	nuc	0.99
HIS	13, 61	3621	ASP	13, 64	3624	nuc	nuc	1
ALA	13, 62	3622	ASP	13, 64	3624	nuc	nuc	0.82
ARG	13, 63	3623	ASP	13, 64	3624	nuc	nuc	1
PRO	3, 8	768	HIS	13, 65	3625	nuc	nuc	0.98
HIS	13, 61	3621	HIS	13, 65	3625	nuc	nuc	0.99
ALA	13, 62	3622	HIS	13, 65	3625	nuc	nuc	0.99
ARG	13, 63	3623	HIS	13, 65	3625	nuc	nuc	0.97
ASP	13, 64	3624	HIS	13, 65	3625	nuc	nuc	1
CYS	13, 22	3582	CYS	13, 66	3626	nuc	nuc	0.98
THR	13, 25	3585	CYS	13, 66	3626	nuc	nuc	0.96
CYS	13, 28	3588	CYS	13, 66	3626	nuc	nuc	0.88
ALA	13, 62	3622	CYS	13, 66	3626	nuc	nuc	0.96
ARG	13, 63	3623	CYS	13, 66	3626	nuc	nuc	0.98
ASP	13, 64	3624	CYS	13, 66	3626	nuc	nuc	0.98
HIS	13, 65	3625	CYS	13, 66	3626	nuc	nuc	1
PRO	3, 8	768	VAL	13, 67	3627	nuc	nuc	0.7
LEU	13, 15	3575	VAL	13, 67	3627	nuc	nuc	0.85
ILE	13, 18	3578	VAL	13, 67	3627	nuc	nuc	0.98
ARG	13, 19	3579	VAL	13, 67	3627	nuc	nuc	0.96
CYS	13, 22	3582	VAL	13, 67	3627	nuc	nuc	0.97
ARG	13, 63	3623	VAL	13, 67	3627	nuc	nuc	0.98
ASP	13, 64	3624	VAL	13, 67	3627	nuc	nuc	1
HIS	13, 65	3625	VAL	13, 67	3627	nuc	nuc	0.98
CYS	13, 66	3626	VAL	13, 67	3627	nuc	nuc	1
PRO	3, 8	768	ALA	13, 68	3628	nuc	nuc	0.98
ALA	3, 9	769	ALA	13, 68	3628	nuc	nuc	0.96
PHE	3, 10	770	ALA	13, 68	3628	nuc	nuc	0.98
PRO	3, 11	771	ALA	13, 68	3628	nuc	nuc	0.84
ASP	13, 64	3624	ALA	13, 68	3628	nuc	nuc	0.99
HIS	13, 65	3625	ALA	13, 68	3628	nuc	nuc	0.99
CYS	13, 66	3626	ALA	13, 68	3628	nuc	nuc	0.99
VAL	13, 67	3627	ALA	13, 68	3628	nuc	nuc	1
PRO	3, 11	771	HIS	13, 69	3629	nuc	nuc	0.75
HIS	13, 65	3625	HIS	13, 69	3629	nuc	nuc	0.84
CYS	13, 66	3626	HIS	13, 69	3629	nuc	nuc	0.98
VAL	13, 67	3627	HIS	13, 69	3629	nuc	nuc	0.94
ALA	13, 68	3628	HIS	13, 69	3629	nuc	nuc	1
ILE	13, 18	3578	LYS	13, 70	3630	nuc	nuc	0.96
HIS	13, 21	3581	LYS	13, 70	3630	nuc	nuc	0.58
CYS	13, 22	3582	LYS	13, 70	3630	nuc	nuc	0.67
CYS	13, 66	3626	LYS	13, 70	3630	nuc	nuc	0.83
VAL	13, 67	3627	LYS	13, 70	3630	nuc	nuc	0.96
ALA	13, 68	3628	LYS	13, 70	3630	nuc	nuc	0.61
HIS	13, 69	3629	LYS	13, 70	3630	nuc	nuc	1
PHE	3, 10	770	LEU	13, 71	3631	nuc	nuc	0.82
SER	3, 180	940	LEU	13, 71	3631	nuc	nuc	0.94
PRO	13, 14	3574	LEU	13, 71	3631	nuc	nuc	0.91
LEU	13, 15	3575	LEU	13, 71	3631	nuc	nuc	0.96
ILE	13, 18	3578	LEU	13, 71	3631	nuc	nuc	0.97
VAL	13, 67	3627	LEU	13, 71	3631	nuc	nuc	0.98
ALA	13, 68	3628	LEU	13, 71	3631	nuc	nuc	0.98
HIS	13, 69	3629	LEU	13, 71	3631	nuc	nuc	0.68
LYS	13, 70	3630	LEU	13, 71	3631	nuc	nuc	1
PHE	3, 10	770	PHE	13, 72	3632	nuc	nuc	0.95
PRO	3, 11	771	PHE	13, 72	3632	nuc	nuc	0.98
TRP	3, 12	772	PHE	13, 72	3632	nuc	nuc	0.77
LYS	3, 184	944	PHE	13, 72	3632	nuc	nuc	0.84
LYS	13, 70	3630	PHE	13, 72	3632	nuc	nuc	0.6
LEU	13, 71	3631	PHE	13, 72	3632	nuc	nuc	1
LYS	13, 70	3630	ASN	13, 73	3633	nuc	nuc	0.98
LEU	13, 71	3631	ASN	13, 73	3633	nuc	nuc	0.96
PHE	13, 72	3632	ASN	13, 73	3633	nuc	nuc	1
PRO	13, 14	3574	LYS	13, 74	3634	nuc	nuc	0.98
ILE	13, 18	3578	LYS	13, 74	3634	nuc	nuc	0.86
LYS	13, 70	3630	LYS	13, 74	3634	nuc	nuc	0.8
LEU	13, 71	3631	LYS	13, 74	3634	nuc	nuc	0.96
PHE	13, 72	3632	LYS	13, 74	3634	nuc	nuc	0.89
ASN	13, 73	3633	LYS	13, 74	3634	nuc	nuc	1
SER	3, 180	940	LEU	13, 75	3635	nuc	nuc	0.97
GLN	3, 181	941	LEU	13, 75	3635	nuc	nuc	0.98
LYS	3, 184	944	LEU	13, 75	3635	nuc	nuc	0.98
PRO	13, 14	3574	LEU	13, 75	3635	nuc	nuc	0.94
LEU	13, 71	3631	LEU	13, 75	3635	nuc	nuc	0.96
PHE	13, 72	3632	LEU	13, 75	3635	nuc	nuc	0.99
ASN	13, 73	3633	LEU	13, 75	3635	nuc	nuc	0.82
LYS	13, 74	3634	LEU	13, 75	3635	nuc	nuc	1
SER	3, 25	785	LYS	13, 76	3636	nuc	nuc	0.61
THR	3, 175	935	LYS	13, 76	3636	nuc	nuc	0.92
GLN	3, 181	941	LYS	13, 76	3636	nuc	nuc	0.86
LEU	13, 75	3635	LYS	13, 76	3636	nuc	nuc	1
GLY	14, 1	3637	GLU	14, 2	3638	nuc	nuc	1
GLY	14, 1	3637	PRO	14, 3	3639	nuc	nuc	0.9
GLU	14, 2	3638	PRO	14, 3	3639	nuc	nuc	1
GLU	14, 2	3638	GLU	14, 4	3640	nuc	nuc	0.8
PRO	14, 3	3639	GLU	14, 4	3640	nuc	nuc	1
PRO	14, 3	3639	GLU	14, 5	3641	nuc	nuc	0.79
GLU	14, 4	3640	GLU	14, 5	3641	nuc	nuc	1
GLU	14, 4	3640	GLU	14, 6	3642	nuc	nuc	0.84
GLU	14, 5	3641	GLU	14, 6	3642	nuc	nuc	1
GLU	14, 5	3641	GLU	14, 7	3643	nuc	nuc	0.8
GLU	14, 6	3642	GLU	14, 7	3643	nuc	nuc	1
GLU	14, 6	3642	GLU	14, 8	3644	nuc	nuc	0.83
GLU	14, 7	3643	GLU	14, 8	3644	nuc	nuc	1
GLU	14, 7	3643	GLU	14, 9	3645	nuc	nuc	0.81
GLU	14, 8	3644	GLU	14, 9	3645	nuc	nuc	1
GLU	14, 8	3644	GLU	14, 10	3646	nuc	nuc	0.82
GLU	14, 9	3645	GLU	14, 10	3646	nuc	nuc	1
ASN	4, 166	1167	LEU	14, 11	3647	nuc	nuc	0.79
GLU	4, 167	1168	LEU	14, 11	3647	nuc	nuc	0.7
PRO	4, 176	1177	LEU	14, 11	3647	nuc	nuc	0.86
THR	4, 178	1179	LEU	14, 11	3647	nuc	nuc	0.81
GLU	14, 9	3645	LEU	14, 11	3647	nuc	nuc	0.73
GLU	14, 10	3646	LEU	14, 11	3647	nuc	nuc	1
GLU	14, 10	3646	VAL	14, 12	3648	nuc	nuc	0.86
LEU	14, 11	3647	VAL	14, 12	3648	nuc	nuc	1
ASN	4, 166	1167	ASP	14, 13	3649	nuc	nuc	0.94
THR	4, 178	1179	ASP	14, 13	3649	nuc	nuc	0.98
MET	4, 179	1180	ASP	14, 13	3649	nuc	nuc	0.94
SER	4, 180	1181	ASP	14, 13	3649	nuc	nuc	0.95
LEU	14, 11	3647	ASP	14, 13	3649	nuc	nuc	0.76
VAL	14, 12	3648	ASP	14, 13	3649	nuc	nuc	1
THR	4, 178	1179	PRO	14, 14	3650	nuc	nuc	0.93
SER	4, 180	1181	PRO	14, 14	3650	nuc	nuc	0.96
VAL	14, 12	3648	PRO	14, 14	3650	nuc	nuc	0.86
ASP	14, 13	3649	PRO	14, 14	3650	nuc	nuc	1
THR	4, 132	1133	LEU	14, 15	3651	nuc	nuc	0.95
THR	4, 178	1179	LEU	14, 15	3651	nuc	nuc	0.83
MET	4, 179	1180	LEU	14, 15	3651	nuc	nuc	0.92
SER	4, 180	1181	LEU	14, 15	3651	nuc	nuc	0.98
ASP	14, 13	3649	LEU	14, 15	3651	nuc	nuc	1
PRO	14, 14	3650	LEU	14, 15	3651	nuc	nuc	1
VAL	14, 12	3648	THR	14, 16	3652	nuc	nuc	0.9
ASP	14, 13	3649	THR	14, 16	3652	nuc	nuc	0.99
PRO	14, 14	3650	THR	14, 16	3652	nuc	nuc	0.92
LEU	14, 15	3651	THR	14, 16	3652	nuc	nuc	1
VAL	14, 12	3648	THR	14, 17	3653	nuc	nuc	0.91
ASP	14, 13	3649	THR	14, 17	3653	nuc	nuc	0.84
PRO	14, 14	3650	THR	14, 17	3653	nuc	nuc	0.99
LEU	14, 15	3651	THR	14, 17	3653	nuc	nuc	0.95
THR	14, 16	3652	THR	14, 17	3653	nuc	nuc	1
PRO	14, 14	3650	ILE	14, 18	3654	nuc	nuc	0.98
LEU	14, 15	3651	ILE	14, 18	3654	nuc	nuc	0.99
THR	14, 16	3652	ILE	14, 18	3654	nuc	nuc	0.88
THR	14, 17	3653	ILE	14, 18	3654	nuc	nuc	1
LEU	14, 15	3651	ARG	14, 19	3655	nuc	nuc	0.98
THR	14, 16	3652	ARG	14, 19	3655	nuc	nuc	0.99
THR	14, 17	3653	ARG	14, 19	3655	nuc	nuc	0.98
ILE	14, 18	3654	ARG	14, 19	3655	nuc	nuc	1
THR	14, 16	3652	GLU	14, 20	3656	nuc	nuc	0.97
THR	14, 17	3653	GLU	14, 20	3656	nuc	nuc	0.99
ILE	14, 18	3654	GLU	14, 20	3656	nuc	nuc	0.98
ARG	14, 19	3655	GLU	14, 20	3656	nuc	nuc	1
THR	14, 17	3653	HIS	14, 21	3657	nuc	nuc	0.97
ILE	14, 18	3654	HIS	14, 21	3657	nuc	nuc	0.99
ARG	14, 19	3655	HIS	14, 21	3657	nuc	nuc	0.97
GLU	14, 20	3656	HIS	14, 21	3657	nuc	nuc	1
ILE	14, 18	3654	CYS	14, 22	3658	nuc	nuc	0.98
ARG	14, 19	3655	CYS	14, 22	3658	nuc	nuc	0.99
GLU	14, 20	3656	CYS	14, 22	3658	nuc	nuc	0.95
HIS	14, 21	3657	CYS	14, 22	3658	nuc	nuc	1
ARG	14, 19	3655	GLU	14, 23	3659	nuc	nuc	0.98
GLU	14, 20	3656	GLU	14, 23	3659	nuc	nuc	0.99
HIS	14, 21	3657	GLU	14, 23	3659	nuc	nuc	0.98
CYS	14, 22	3658	GLU	14, 23	3659	nuc	nuc	1
GLU	14, 20	3656	GLN	14, 24	3660	nuc	nuc	0.79
HIS	14, 21	3657	GLN	14, 24	3660	nuc	nuc	0.98
CYS	14, 22	3658	GLN	14, 24	3660	nuc	nuc	0.96
GLU	14, 23	3659	GLN	14, 24	3660	nuc	nuc	1
CYS	14, 22	3658	THR	14, 25	3661	nuc	nuc	0.97
GLU	14, 23	3659	THR	14, 25	3661	nuc	nuc	0.93
GLN	14, 24	3660	THR	14, 25	3661	nuc	nuc	1
THR	14, 25	3661	GLU	14, 26	3662	nuc	nuc	1
THR	14, 25	3661	LYS	14, 27	3663	nuc	nuc	0.98
GLU	14, 26	3662	LYS	14, 27	3663	nuc	nuc	1
CYS	14, 22	3658	CYS	14, 28	3664	nuc	nuc	0.95
GLU	14, 23	3659	CYS	14, 28	3664	nuc	nuc	0.98
GLN	14, 24	3660	CYS	14, 28	3664	nuc	nuc	0.86
THR	14, 25	3661	CYS	14, 28	3664	nuc	nuc	0.98
GLU	14, 26	3662	CYS	14, 28	3664	nuc	nuc	0.93
LYS	14, 27	3663	CYS	14, 28	3664	nuc	nuc	1
GLU	14, 23	3659	VAL	14, 29	3665	nuc	nuc	0.73
GLN	14, 24	3660	VAL	14, 29	3665	nuc	nuc	0.91
THR	14, 25	3661	VAL	14, 29	3665	nuc	nuc	0.95
GLU	14, 26	3662	VAL	14, 29	3665	nuc	nuc	0.99
LYS	14, 27	3663	VAL	14, 29	3665	nuc	nuc	0.94
CYS	14, 28	3664	VAL	14, 29	3665	nuc	nuc	1
GLU	14, 26	3662	LYS	14, 30	3666	nuc	nuc	0.96
LYS	14, 27	3663	LYS	14, 30	3666	nuc	nuc	0.98
CYS	14, 28	3664	LYS	14, 30	3666	nuc	nuc	0.96
VAL	14, 29	3665	LYS	14, 30	3666	nuc	nuc	1
LYS	14, 27	3663	ALA	14, 31	3667	nuc	nuc	0.96
CYS	14, 28	3664	ALA	14, 31	3667	nuc	nuc	0.99
VAL	14, 29	3665	ALA	14, 31	3667	nuc	nuc	0.97
LYS	14, 30	3666	ALA	14, 31	3667	nuc	nuc	1
GLU	14, 23	3659	ARG	14, 32	3668	nuc	nuc	0.9
CYS	14, 28	3664	ARG	14, 32	3668	nuc	nuc	0.99
VAL	14, 29	3665	ARG	14, 32	3668	nuc	nuc	0.99
LYS	14, 30	3666	ARG	14, 32	3668	nuc	nuc	0.97
ALA	14, 31	3667	ARG	14, 32	3668	nuc	nuc	1
VAL	14, 29	3665	GLU	14, 33	3669	nuc	nuc	0.97
LYS	14, 30	3666	GLU	14, 33	3669	nuc	nuc	0.99
ALA	14, 31	3667	GLU	14, 33	3669	nuc	nuc	0.98
ARG	14, 32	3668	GLU	14, 33	3669	nuc	nuc	1
LYS	14, 30	3666	ARG	14, 34	3670	nuc	nuc	0.96
ALA	14, 31	3667	ARG	14, 34	3670	nuc	nuc	0.99
ARG	14, 32	3668	ARG	14, 34	3670	nuc	nuc	0.98
GLU	14, 33	3669	ARG	14, 34	3670	nuc	nuc	1
ALA	14, 31	3667	LEU	14, 35	3671	nuc	nuc	0.98
ARG	14, 32	3668	LEU	14, 35	3671	nuc	nuc	1
GLU	14, 33	3669	LEU	14, 35	3671	nuc	nuc	0.99
ARG	14, 34	3670	LEU	14, 35	3671	nuc	nuc	1
ARG	14, 32	3668	GLU	14, 36	3672	nuc	nuc	0.99
GLU	14, 33	3669	GLU	14, 36	3672	nuc	nuc	0.99
ARG	14, 34	3670	GLU	14, 36	3672	nuc	nuc	0.95
LEU	14, 35	3671	GLU	14, 36	3672	nuc	nuc	1
GLU	14, 33	3669	LEU	14, 37	3673	nuc	nuc	0.98
ARG	14, 34	3670	LEU	14, 37	3673	nuc	nuc	0.99
LEU	14, 35	3671	LEU	14, 37	3673	nuc	nuc	0.98
GLU	14, 36	3672	LEU	14, 37	3673	nuc	nuc	1
ALA	4, 139	1140	CYS	14, 38	3674	nuc	nuc	0.8
ARG	14, 34	3670	CYS	14, 38	3674	nuc	nuc	0.98
LEU	14, 35	3671	CYS	14, 38	3674	nuc	nuc	0.99
GLU	14, 36	3672	CYS	14, 38	3674	nuc	nuc	0.97
LEU	14, 37	3673	CYS	14, 38	3674	nuc	nuc	1
PRO	4, 138	1139	ASP	14, 39	3675	nuc	nuc	0.73
ALA	4, 139	1140	ASP	14, 39	3675	nuc	nuc	0.97
LEU	14, 35	3671	ASP	14, 39	3675	nuc	nuc	0.99
GLU	14, 36	3672	ASP	14, 39	3675	nuc	nuc	0.99
LEU	14, 37	3673	ASP	14, 39	3675	nuc	nuc	0.97
CYS	14, 38	3674	ASP	14, 39	3675	nuc	nuc	1
GLU	14, 36	3672	ALA	14, 40	3676	nuc	nuc	0.98
LEU	14, 37	3673	ALA	14, 40	3676	nuc	nuc	0.99
CYS	14, 38	3674	ALA	14, 40	3676	nuc	nuc	0.98
ASP	14, 39	3675	ALA	14, 40	3676	nuc	nuc	1
LEU	14, 37	3673	ARG	14, 41	3677	nuc	nuc	0.97
CYS	14, 38	3674	ARG	14, 41	3677	nuc	nuc	0.99
ASP	14, 39	3675	ARG	14, 41	3677	nuc	nuc	0.95
ALA	14, 40	3676	ARG	14, 41	3677	nuc	nuc	1
ALA	4, 139	1140	VAL	14, 42	3678	nuc	nuc	0.95
GLY	4, 140	1141	VAL	14, 42	3678	nuc	nuc	0.93
CYS	14, 38	3674	VAL	14, 42	3678	nuc	nuc	0.97
ASP	14, 39	3675	VAL	14, 42	3678	nuc	nuc	0.98
ALA	14, 40	3676	VAL	14, 42	3678	nuc	nuc	0.84
ARG	14, 41	3677	VAL	14, 42	3678	nuc	nuc	1
ALA	4, 139	1140	SER	14, 43	3679	nuc	nuc	0.92
ASP	14, 39	3675	SER	14, 43	3679	nuc	nuc	0.97
ALA	14, 40	3676	SER	14, 43	3679	nuc	nuc	0.98
ARG	14, 41	3677	SER	14, 43	3679	nuc	nuc	0.88
VAL	14, 42	3678	SER	14, 43	3679	nuc	nuc	1
ALA	14, 40	3676	SER	14, 44	3680	nuc	nuc	0.92
ARG	14, 41	3677	SER	14, 44	3680	nuc	nuc	0.96
VAL	14, 42	3678	SER	14, 44	3680	nuc	nuc	0.92
SER	14, 43	3679	SER	14, 44	3680	nuc	nuc	1
ARG	14, 41	3677	ARG	14, 45	3681	nuc	nuc	0.83
VAL	14, 42	3678	ARG	14, 45	3681	nuc	nuc	0.91
SER	14, 43	3679	ARG	14, 45	3681	nuc	nuc	0.72
SER	14, 44	3680	ARG	14, 45	3681	nuc	nuc	1
ARG	14, 45	3681	SER	14, 46	3682	nuc	nuc	1
ARG	14, 45	3681	HIS	14, 47	3683	nuc	nuc	0.91
SER	14, 46	3682	HIS	14, 47	3683	nuc	nuc	1
VAL	14, 42	3678	THR	14, 48	3684	nuc	nuc	0.91
ARG	14, 45	3681	THR	14, 48	3684	nuc	nuc	0.93
SER	14, 46	3682	THR	14, 48	3684	nuc	nuc	0.7
HIS	14, 47	3683	THR	14, 48	3684	nuc	nuc	1
THR	14, 48	3684	GLU	14, 49	3685	nuc	nuc	1
GLY	4, 140	1141	GLU	14, 50	3686	nuc	nuc	0.73
CYS	14, 38	3674	GLU	14, 50	3686	nuc	nuc	0.55
ARG	14, 41	3677	GLU	14, 50	3686	nuc	nuc	0.77
VAL	14, 42	3678	GLU	14, 50	3686	nuc	nuc	0.95
THR	14, 48	3684	GLU	14, 50	3686	nuc	nuc	0.98
GLU	14, 49	3685	GLU	14, 50	3686	nuc	nuc	1
PRO	4, 138	1139	GLN	14, 51	3687	nuc	nuc	0.88
ALA	4, 139	1140	GLN	14, 51	3687	nuc	nuc	0.75
GLY	4, 140	1141	GLN	14, 51	3687	nuc	nuc	0.96
VAL	4, 141	1142	GLN	14, 51	3687	nuc	nuc	0.94
VAL	14, 42	3678	GLN	14, 51	3687	nuc	nuc	0.75
GLU	14, 49	3685	GLN	14, 51	3687	nuc	nuc	0.77
GLU	14, 50	3686	GLN	14, 51	3687	nuc	nuc	1
PRO	4, 138	1139	CYS	14, 52	3688	nuc	nuc	0.98
ALA	4, 139	1140	CYS	14, 52	3688	nuc	nuc	0.95
GLY	4, 140	1141	CYS	14, 52	3688	nuc	nuc	0.92
LEU	14, 35	3671	CYS	14, 52	3688	nuc	nuc	0.94
CYS	14, 38	3674	CYS	14, 52	3688	nuc	nuc	0.97
ASP	14, 39	3675	CYS	14, 52	3688	nuc	nuc	0.98
VAL	14, 42	3678	CYS	14, 52	3688	nuc	nuc	0.95
GLU	14, 50	3686	CYS	14, 52	3688	nuc	nuc	0.92
GLN	14, 51	3687	CYS	14, 52	3688	nuc	nuc	1
LEU	4, 3	1004	THR	14, 53	3689	nuc	nuc	0.91
PRO	4, 138	1139	THR	14, 53	3689	nuc	nuc	0.96
VAL	4, 141	1142	THR	14, 53	3689	nuc	nuc	0.9
GLN	4, 156	1157	THR	14, 53	3689	nuc	nuc	0.87
GLN	14, 51	3687	THR	14, 53	3689	nuc	nuc	1
CYS	14, 52	3688	THR	14, 53	3689	nuc	nuc	1
LEU	4, 3	1004	GLU	14, 54	3690	nuc	nuc	0.93
GLN	14, 51	3687	GLU	14, 54	3690	nuc	nuc	0.65
CYS	14, 52	3688	GLU	14, 54	3690	nuc	nuc	0.96
THR	14, 53	3689	GLU	14, 54	3690	nuc	nuc	1
PRO	4, 138	1139	GLU	14, 55	3691	nuc	nuc	0.57
ALA	14, 31	3667	GLU	14, 55	3691	nuc	nuc	0.8
ARG	14, 34	3670	GLU	14, 55	3691	nuc	nuc	0.98
LEU	14, 35	3671	GLU	14, 55	3691	nuc	nuc	0.99
CYS	14, 38	3674	GLU	14, 55	3691	nuc	nuc	0.99
CYS	14, 52	3688	GLU	14, 55	3691	nuc	nuc	0.98
THR	14, 53	3689	GLU	14, 55	3691	nuc	nuc	0.94
GLU	14, 54	3690	GLU	14, 55	3691	nuc	nuc	1
PRO	4, 138	1139	LEU	14, 56	3692	nuc	nuc	0.98
PRO	4, 151	1152	LEU	14, 56	3692	nuc	nuc	0.92
LEU	14, 35	3671	LEU	14, 56	3692	nuc	nuc	0.97
CYS	14, 52	3688	LEU	14, 56	3692	nuc	nuc	0.98
THR	14, 53	3689	LEU	14, 56	3692	nuc	nuc	0.99
GLU	14, 54	3690	LEU	14, 56	3692	nuc	nuc	0.99
GLU	14, 55	3691	LEU	14, 56	3692	nuc	nuc	1
LEU	4, 3	1004	PHE	14, 57	3693	nuc	nuc	0.92
LEU	4, 5	1006	PHE	14, 57	3693	nuc	nuc	0.98
PRO	4, 151	1152	PHE	14, 57	3693	nuc	nuc	0.94
THR	14, 53	3689	PHE	14, 57	3693	nuc	nuc	0.99
GLU	14, 54	3690	PHE	14, 57	3693	nuc	nuc	1
GLU	14, 55	3691	PHE	14, 57	3693	nuc	nuc	0.98
LEU	14, 56	3692	PHE	14, 57	3693	nuc	nuc	1
ALA	14, 31	3667	ASP	14, 58	3694	nuc	nuc	0.98
ARG	14, 34	3670	ASP	14, 58	3694	nuc	nuc	0.84
LEU	14, 35	3671	ASP	14, 58	3694	nuc	nuc	0.61
GLU	14, 54	3690	ASP	14, 58	3694	nuc	nuc	0.98
GLU	14, 55	3691	ASP	14, 58	3694	nuc	nuc	0.99
LEU	14, 56	3692	ASP	14, 58	3694	nuc	nuc	0.98
PHE	14, 57	3693	ASP	14, 58	3694	nuc	nuc	1
CYS	14, 28	3664	PHE	14, 59	3695	nuc	nuc	0.95
ALA	14, 31	3667	PHE	14, 59	3695	nuc	nuc	0.99
ARG	14, 32	3668	PHE	14, 59	3695	nuc	nuc	0.97
ARG	14, 34	3670	PHE	14, 59	3695	nuc	nuc	0.63
LEU	14, 35	3671	PHE	14, 59	3695	nuc	nuc	0.97
GLU	14, 55	3691	PHE	14, 59	3695	nuc	nuc	0.98
LEU	14, 56	3692	PHE	14, 59	3695	nuc	nuc	1
PHE	14, 57	3693	PHE	14, 59	3695	nuc	nuc	0.99
ASP	14, 58	3694	PHE	14, 59	3695	nuc	nuc	1
LEU	4, 5	1006	LEU	14, 60	3696	nuc	nuc	0.95
PRO	4, 151	1152	LEU	14, 60	3696	nuc	nuc	0.97
LEU	14, 56	3692	LEU	14, 60	3696	nuc	nuc	0.99
PHE	14, 57	3693	LEU	14, 60	3696	nuc	nuc	1
ASP	14, 58	3694	LEU	14, 60	3696	nuc	nuc	0.93
PHE	14, 59	3695	LEU	14, 60	3696	nuc	nuc	1
LEU	4, 5	1006	HIS	14, 61	3697	nuc	nuc	0.96
PHE	14, 57	3693	HIS	14, 61	3697	nuc	nuc	0.99
ASP	14, 58	3694	HIS	14, 61	3697	nuc	nuc	1
PHE	14, 59	3695	HIS	14, 61	3697	nuc	nuc	0.99
LEU	14, 60	3696	HIS	14, 61	3697	nuc	nuc	1
THR	14, 25	3661	ALA	14, 62	3698	nuc	nuc	0.61
LYS	14, 27	3663	ALA	14, 62	3698	nuc	nuc	0.98
CYS	14, 28	3664	ALA	14, 62	3698	nuc	nuc	0.98
ALA	14, 31	3667	ALA	14, 62	3698	nuc	nuc	0.98
ASP	14, 58	3694	ALA	14, 62	3698	nuc	nuc	0.98
PHE	14, 59	3695	ALA	14, 62	3698	nuc	nuc	0.99
LEU	14, 60	3696	ALA	14, 62	3698	nuc	nuc	0.96
HIS	14, 61	3697	ALA	14, 62	3698	nuc	nuc	1
ARG	14, 19	3655	ARG	14, 63	3699	nuc	nuc	0.94
CYS	14, 22	3658	ARG	14, 63	3699	nuc	nuc	0.98
GLU	14, 23	3659	ARG	14, 63	3699	nuc	nuc	0.96
CYS	14, 28	3664	ARG	14, 63	3699	nuc	nuc	0.98
PHE	14, 59	3695	ARG	14, 63	3699	nuc	nuc	0.99
LEU	14, 60	3696	ARG	14, 63	3699	nuc	nuc	0.99
HIS	14, 61	3697	ARG	14, 63	3699	nuc	nuc	0.97
ALA	14, 62	3698	ARG	14, 63	3699	nuc	nuc	1
PRO	4, 8	1009	ASP	14, 64	3700	nuc	nuc	0.99
SER	4, 129	1130	ASP	14, 64	3700	nuc	nuc	0.93
LEU	14, 60	3696	ASP	14, 64	3700	nuc	nuc	0.99
HIS	14, 61	3697	ASP	14, 64	3700	nuc	nuc	1
ALA	14, 62	3698	ASP	14, 64	3700	nuc	nuc	0.82
ARG	14, 63	3699	ASP	14, 64	3700	nuc	nuc	1
PRO	4, 8	1009	HIS	14, 65	3701	nuc	nuc	0.98
HIS	14, 61	3697	HIS	14, 65	3701	nuc	nuc	0.99
ALA	14, 62	3698	HIS	14, 65	3701	nuc	nuc	0.99
ARG	14, 63	3699	HIS	14, 65	3701	nuc	nuc	0.97
ASP	14, 64	3700	HIS	14, 65	3701	nuc	nuc	1
CYS	14, 22	3658	CYS	14, 66	3702	nuc	nuc	0.98
THR	14, 25	3661	CYS	14, 66	3702	nuc	nuc	0.96
CYS	14, 28	3664	CYS	14, 66	3702	nuc	nuc	0.89
ALA	14, 62	3698	CYS	14, 66	3702	nuc	nuc	0.96
ARG	14, 63	3699	CYS	14, 66	3702	nuc	nuc	0.98
ASP	14, 64	3700	CYS	14, 66	3702	nuc	nuc	0.98
HIS	14, 65	3701	CYS	14, 66	3702	nuc	nuc	1
PRO	4, 8	1009	VAL	14, 67	3703	nuc	nuc	0.69
LEU	14, 15	3651	VAL	14, 67	3703	nuc	nuc	0.85
ILE	14, 18	3654	VAL	14, 67	3703	nuc	nuc	0.98
ARG	14, 19	3655	VAL	14, 67	3703	nuc	nuc	0.96
CYS	14, 22	3658	VAL	14, 67	3703	nuc	nuc	0.97
ARG	14, 63	3699	VAL	14, 67	3703	nuc	nuc	0.98
ASP	14, 64	3700	VAL	14, 67	3703	nuc	nuc	1
HIS	14, 65	3701	VAL	14, 67	3703	nuc	nuc	0.98
CYS	14, 66	3702	VAL	14, 67	3703	nuc	nuc	1
PRO	4, 8	1009	ALA	14, 68	3704	nuc	nuc	0.98
ALA	4, 9	1010	ALA	14, 68	3704	nuc	nuc	0.96
PHE	4, 10	1011	ALA	14, 68	3704	nuc	nuc	0.98
PRO	4, 11	1012	ALA	14, 68	3704	nuc	nuc	0.85
ASP	14, 64	3700	ALA	14, 68	3704	nuc	nuc	0.99
HIS	14, 65	3701	ALA	14, 68	3704	nuc	nuc	0.99
CYS	14, 66	3702	ALA	14, 68	3704	nuc	nuc	0.99
VAL	14, 67	3703	ALA	14, 68	3704	nuc	nuc	1
PRO	4, 11	1012	HIS	14, 69	3705	nuc	nuc	0.75
HIS	14, 65	3701	HIS	14, 69	3705	nuc	nuc	0.84
CYS	14, 66	3702	HIS	14, 69	3705	nuc	nuc	0.98
VAL	14, 67	3703	HIS	14, 69	3705	nuc	nuc	0.94
ALA	14, 68	3704	HIS	14, 69	3705	nuc	nuc	1
ILE	14, 18	3654	LYS	14, 70	3706	nuc	nuc	0.96
HIS	14, 21	3657	LYS	14, 70	3706	nuc	nuc	0.59
CYS	14, 22	3658	LYS	14, 70	3706	nuc	nuc	0.67
CYS	14, 66	3702	LYS	14, 70	3706	nuc	nuc	0.83
VAL	14, 67	3703	LYS	14, 70	3706	nuc	nuc	0.96
ALA	14, 68	3704	LYS	14, 70	3706	nuc	nuc	0.61
HIS	14, 69	3705	LYS	14, 70	3706	nuc	nuc	1
PHE	4, 10	1011	LEU	14, 71	3707	nuc	nuc	0.82
SER	4, 180	1181	LEU	14, 71	3707	nuc	nuc	0.93
PRO	14, 14	3650	LEU	14, 71	3707	nuc	nuc	0.92
LEU	14, 15	3651	LEU	14, 71	3707	nuc	nuc	0.96
ILE	14, 18	3654	LEU	14, 71	3707	nuc	nuc	0.97
VAL	14, 67	3703	LEU	14, 71	3707	nuc	nuc	0.99
ALA	14, 68	3704	LEU	14, 71	3707	nuc	nuc	0.98
HIS	14, 69	3705	LEU	14, 71	3707	nuc	nuc	0.68
LYS	14, 70	3706	LEU	14, 71	3707	nuc	nuc	1
PHE	4, 10	1011	PHE	14, 72	3708	nuc	nuc	0.95
PRO	4, 11	1012	PHE	14, 72	3708	nuc	nuc	0.98
TRP	4, 12	1013	PHE	14, 72	3708	nuc	nuc	0.78
LYS	4, 184	1185	PHE	14, 72	3708	nuc	nuc	0.84
LYS	14, 70	3706	PHE	14, 72	3708	nuc	nuc	0.6
LEU	14, 71	3707	PHE	14, 72	3708	nuc	nuc	1
LYS	14, 70	3706	ASN	14, 73	3709	nuc	nuc	0.98
LEU	14, 71	3707	ASN	14, 73	3709	nuc	nuc	0.96
PHE	14, 72	3708	ASN	14, 73	3709	nuc	nuc	1
PRO	14, 14	3650	LYS	14, 74	3710	nuc	nuc	0.98
ILE	14, 18	3654	LYS	14, 74	3710	nuc	nuc	0.86
LYS	14, 70	3706	LYS	14, 74	3710	nuc	nuc	0.8
LEU	14, 71	3707	LYS	14, 74	3710	nuc	nuc	0.96
PHE	14, 72	3708	LYS	14, 74	3710	nuc	nuc	0.89
ASN	14, 73	3709	LYS	14, 74	3710	nuc	nuc	1
SER	4, 180	1181	LEU	14, 75	3711	nuc	nuc	0.97
GLN	4, 181	1182	LEU	14, 75	3711	nuc	nuc	0.98
LYS	4, 184	1185	LEU	14, 75	3711	nuc	nuc	0.97
PRO	14, 14	3650	LEU	14, 75	3711	nuc	nuc	0.94
LEU	14, 71	3707	LEU	14, 75	3711	nuc	nuc	0.96
PHE	14, 72	3708	LEU	14, 75	3711	nuc	nuc	0.99
ASN	14, 73	3709	LEU	14, 75	3711	nuc	nuc	0.82
LYS	14, 74	3710	LEU	14, 75	3711	nuc	nuc	1
SER	4, 25	1026	LYS	14, 76	3712	nuc	nuc	0.6
THR	4, 175	1176	LYS	14, 76	3712	nuc	nuc	0.92
GLN	4, 181	1182	LYS	14, 76	3712	nuc	nuc	0.86
LEU	14, 75	3711	LYS	14, 76	3712	nuc	nuc	1
MET	15, 1	3713	ALA	15, 2	3714	nuc	nuc	1
MET	15, 1	3713	ALA	15, 3	3715	nuc	nuc	0.8
ALA	15, 2	3714	ALA	15, 3	3715	nuc	nuc	1
ALA	15, 2	3714	ARG	15, 4	3716	nuc	nuc	0.81
ALA	15, 3	3715	ARG	15, 4	3716	nuc	nuc	1
ALA	15, 3	3715	ALA	15, 5	3717	nuc	nuc	0.83
ARG	15, 4	3716	ALA	15, 5	3717	nuc	nuc	1
ARG	15, 4	3716	THR	15, 6	3718	nuc	nuc	0.8
ALA	15, 5	3717	THR	15, 6	3718	nuc	nuc	1
ALA	15, 5	3717	VAL	15, 7	3719	nuc	nuc	0.78
THR	15, 6	3718	VAL	15, 7	3719	nuc	nuc	1
THR	15, 6	3718	ALA	15, 8	3720	nuc	nuc	0.83
VAL	15, 7	3719	ALA	15, 8	3720	nuc	nuc	1
VAL	15, 7	3719	GLY	15, 9	3721	nuc	nuc	0.95
ALA	15, 8	3720	GLY	15, 9	3721	nuc	nuc	1
VAL	15, 7	3719	GLY	15, 10	3722	nuc	nuc	0.53
ALA	15, 8	3720	GLY	15, 10	3722	nuc	nuc	0.94
GLY	15, 9	3721	GLY	15, 10	3722	nuc	nuc	1
GLY	15, 9	3721	GLY	15, 11	3723	nuc	nuc	1
GLY	15, 10	3722	GLY	15, 11	3723	nuc	nuc	1
GLY	15, 9	3721	ARG	15, 12	3724	nuc	nuc	0.59
GLY	15, 10	3722	ARG	15, 12	3724	nuc	nuc	0.98
GLY	15, 11	3723	ARG	15, 12	3724	nuc	nuc	1
GLY	15, 10	3722	LEU	15, 13	3725	nuc	nuc	0.66
GLY	15, 11	3723	LEU	15, 13	3725	nuc	nuc	0.98
ARG	15, 12	3724	LEU	15, 13	3725	nuc	nuc	1
GLY	15, 10	3722	MET	15, 14	3726	nuc	nuc	0.75
GLY	15, 11	3723	MET	15, 14	3726	nuc	nuc	0.86
ARG	15, 12	3724	MET	15, 14	3726	nuc	nuc	0.91
LEU	15, 13	3725	MET	15, 14	3726	nuc	nuc	1
GLY	15, 11	3723	ASP	15, 15	3727	nuc	nuc	0.88
ARG	15, 12	3724	ASP	15, 15	3727	nuc	nuc	0.94
LEU	15, 13	3725	ASP	15, 15	3727	nuc	nuc	0.94
MET	15, 14	3726	ASP	15, 15	3727	nuc	nuc	1
ARG	15, 12	3724	ARG	15, 16	3728	nuc	nuc	0.85
LEU	15, 13	3725	ARG	15, 16	3728	nuc	nuc	0.97
MET	15, 14	3726	ARG	15, 16	3728	nuc	nuc	0.96
ASP	15, 15	3727	ARG	15, 16	3728	nuc	nuc	1
MET	1, 377	377	ILE	15, 17	3729	mit	nuc	0.84
LEU	15, 13	3725	ILE	15, 17	3729	nuc	nuc	0.91
MET	15, 14	3726	ILE	15, 17	3729	nuc	nuc	0.99
ASP	15, 15	3727	ILE	15, 17	3729	nuc	nuc	0.96
ARG	15, 16	3728	ILE	15, 17	3729	nuc	nuc	1
MET	1, 377	377	ARG	15, 18	3730	mit	nuc	0.98
LEU	1, 378	378	ARG	15, 18	3730	mit	nuc	0.68
ASN	1, 379	379	ARG	15, 18	3730	mit	nuc	0.77
MET	15, 14	3726	ARG	15, 18	3730	nuc	nuc	0.96
ASP	15, 15	3727	ARG	15, 18	3730	nuc	nuc	0.99
ARG	15, 16	3728	ARG	15, 18	3730	nuc	nuc	0.98
ILE	15, 17	3729	ARG	15, 18	3730	nuc	nuc	1
ASP	15, 15	3727	LYS	15, 19	3731	nuc	nuc	0.97
ARG	15, 16	3728	LYS	15, 19	3731	nuc	nuc	0.99
ILE	15, 17	3729	LYS	15, 19	3731	nuc	nuc	0.98
ARG	15, 18	3730	LYS	15, 19	3731	nuc	nuc	1
ARG	15, 16	3728	TRP	15, 20	3732	nuc	nuc	0.97
ILE	15, 17	3729	TRP	15, 20	3732	nuc	nuc	1
ARG	15, 18	3730	TRP	15, 20	3732	nuc	nuc	0.98
LYS	15, 19	3731	TRP	15, 20	3732	nuc	nuc	1
PRO	1, 320	320	TYR	15, 21	3733	mit	nuc	0.71
GLU	1, 374	374	TYR	15, 21	3733	mit	nuc	0.65
MET	1, 377	377	TYR	15, 21	3733	mit	nuc	0.98
LEU	1, 378	378	TYR	15, 21	3733	mit	nuc	0.82
ILE	15, 17	3729	TYR	15, 21	3733	nuc	nuc	0.99
ARG	15, 18	3730	TYR	15, 21	3733	nuc	nuc	1
LYS	15, 19	3731	TYR	15, 21	3733	nuc	nuc	0.98
TRP	15, 20	3732	TYR	15, 21	3733	nuc	nuc	1
LEU	1, 378	378	TYR	15, 22	3734	mit	nuc	0.81
ARG	15, 18	3730	TYR	15, 22	3734	nuc	nuc	0.99
LYS	15, 19	3731	TYR	15, 22	3734	nuc	nuc	1
TRP	15, 20	3732	TYR	15, 22	3734	nuc	nuc	0.99
TYR	15, 21	3733	TYR	15, 22	3734	nuc	nuc	1
LYS	15, 19	3731	ASN	15, 23	3735	nuc	nuc	0.96
TRP	15, 20	3732	ASN	15, 23	3735	nuc	nuc	0.99
TYR	15, 21	3733	ASN	15, 23	3735	nuc	nuc	0.96
TYR	15, 22	3734	ASN	15, 23	3735	nuc	nuc	1
PRO	1, 320	320	ALA	15, 24	3736	mit	nuc	0.99
TRP	15, 20	3732	ALA	15, 24	3736	nuc	nuc	0.99
TYR	15, 21	3733	ALA	15, 24	3736	nuc	nuc	1
TYR	15, 22	3734	ALA	15, 24	3736	nuc	nuc	0.99
ASN	15, 23	3735	ALA	15, 24	3736	nuc	nuc	1
PHE	1, 318	318	ALA	15, 25	3737	mit	nuc	0.99
ARG	1, 319	319	ALA	15, 25	3737	mit	nuc	0.94
PRO	1, 320	320	ALA	15, 25	3737	mit	nuc	0.97
LEU	1, 378	378	ALA	15, 25	3737	mit	nuc	0.72
TYR	15, 21	3733	ALA	15, 25	3737	nuc	nuc	0.99
TYR	15, 22	3734	ALA	15, 25	3737	nuc	nuc	1
ASN	15, 23	3735	ALA	15, 25	3737	nuc	nuc	0.99
ALA	15, 24	3736	ALA	15, 25	3737	nuc	nuc	1
PHE	1, 318	318	GLY	15, 26	3738	mit	nuc	0.99
ASN	15, 23	3735	GLY	15, 26	3738	nuc	nuc	0.92
ALA	15, 24	3736	GLY	15, 26	3738	nuc	nuc	0.99
ALA	15, 25	3737	GLY	15, 26	3738	nuc	nuc	1
PHE	1, 318	318	PHE	15, 27	3739	mit	nuc	0.99
ALA	15, 25	3737	PHE	15, 27	3739	nuc	nuc	1
GLY	15, 26	3738	PHE	15, 27	3739	nuc	nuc	1
TYR	15, 22	3734	ASN	15, 28	3740	nuc	nuc	0.97
ASN	15, 23	3735	ASN	15, 28	3740	nuc	nuc	0.96
ALA	15, 25	3737	ASN	15, 28	3740	nuc	nuc	0.86
GLY	15, 26	3738	ASN	15, 28	3740	nuc	nuc	1
PHE	15, 27	3739	ASN	15, 28	3740	nuc	nuc	1
GLY	15, 26	3738	LYS	15, 29	3741	nuc	nuc	1
PHE	15, 27	3739	LYS	15, 29	3741	nuc	nuc	0.98
ASN	15, 28	3740	LYS	15, 29	3741	nuc	nuc	1
LEU	1, 210	210	TYR	15, 30	3742	mit	nuc	0.85
GLY	15, 26	3738	TYR	15, 30	3742	nuc	nuc	0.91
PHE	15, 27	3739	TYR	15, 30	3742	nuc	nuc	0.99
ASN	15, 28	3740	TYR	15, 30	3742	nuc	nuc	0.97
LYS	15, 29	3741	TYR	15, 30	3742	nuc	nuc	1
PHE	15, 27	3739	GLY	15, 31	3743	nuc	nuc	0.89
ASN	15, 28	3740	GLY	15, 31	3743	nuc	nuc	0.99
LYS	15, 29	3741	GLY	15, 31	3743	nuc	nuc	0.99
TYR	15, 30	3742	GLY	15, 31	3743	nuc	nuc	1
PHE	15, 27	3739	LEU	15, 32	3744	nuc	nuc	0.99
ASN	15, 28	3740	LEU	15, 32	3744	nuc	nuc	0.95
TYR	15, 30	3742	LEU	15, 32	3744	nuc	nuc	1
GLY	15, 31	3743	LEU	15, 32	3744	nuc	nuc	1
GLY	15, 31	3743	MET	15, 33	3745	nuc	nuc	0.96
LEU	15, 32	3744	MET	15, 33	3745	nuc	nuc	1
LEU	1, 378	378	ARG	15, 34	3746	mit	nuc	0.96
PHE	15, 27	3739	ARG	15, 34	3746	nuc	nuc	0.8
MET	15, 33	3745	ARG	15, 34	3746	nuc	nuc	1
MET	15, 33	3745	ASP	15, 35	3747	nuc	nuc	1
ARG	15, 34	3746	ASP	15, 35	3747	nuc	nuc	1
ILE	1, 212	212	ASP	15, 36	3748	mit	nuc	0.95
PHE	15, 27	3739	ASP	15, 36	3748	nuc	nuc	0.75
LEU	15, 32	3744	ASP	15, 36	3748	nuc	nuc	1
MET	15, 33	3745	ASP	15, 36	3748	nuc	nuc	1
ARG	15, 34	3746	ASP	15, 36	3748	nuc	nuc	0.99
ASP	15, 35	3747	ASP	15, 36	3748	nuc	nuc	1
LEU	1, 210	210	THR	15, 37	3749	mit	nuc	0.58
GLY	1, 211	211	THR	15, 37	3749	mit	nuc	0.71
ILE	1, 212	212	THR	15, 37	3749	mit	nuc	0.98
GLN	1, 313	313	THR	15, 37	3749	mit	nuc	0.99
PHE	1, 318	318	THR	15, 37	3749	mit	nuc	0.98
PHE	15, 27	3739	THR	15, 37	3749	nuc	nuc	0.99
LEU	15, 32	3744	THR	15, 37	3749	nuc	nuc	0.99
ARG	15, 34	3746	THR	15, 37	3749	nuc	nuc	0.98
ASP	15, 35	3747	THR	15, 37	3749	nuc	nuc	0.96
ASP	15, 36	3748	THR	15, 37	3749	nuc	nuc	1
LYS	1, 312	312	LEU	15, 38	3750	mit	nuc	0.99
GLN	1, 313	313	LEU	15, 38	3750	mit	nuc	0.94
ASP	15, 35	3747	LEU	15, 38	3750	nuc	nuc	0.99
ASP	15, 36	3748	LEU	15, 38	3750	nuc	nuc	0.98
THR	15, 37	3749	LEU	15, 38	3750	nuc	nuc	1
LEU	1, 109	109	TYR	15, 39	3751	mit	nuc	0.85
GLY	1, 211	211	TYR	15, 39	3751	mit	nuc	0.65
LYS	1, 312	312	TYR	15, 39	3751	mit	nuc	0.98
GLN	1, 313	313	TYR	15, 39	3751	mit	nuc	0.98
ARG	1, 314	314	TYR	15, 39	3751	mit	nuc	1
LEU	15, 38	3750	TYR	15, 39	3751	nuc	nuc	1
SER	1, 213	213	GLU	15, 40	3752	mit	nuc	0.99
LEU	15, 38	3750	GLU	15, 40	3752	nuc	nuc	0.97
TYR	15, 39	3751	GLU	15, 40	3752	nuc	nuc	1
TYR	15, 39	3751	ASP	15, 41	3753	nuc	nuc	1
GLU	15, 40	3752	ASP	15, 41	3753	nuc	nuc	1
ASP	15, 41	3753	ASP	15, 42	3754	nuc	nuc	1
ASP	15, 41	3753	ASP	15, 43	3755	nuc	nuc	1
ASP	15, 42	3754	ASP	15, 43	3755	nuc	nuc	1
LEU	15, 38	3750	VAL	15, 44	3756	nuc	nuc	0.99
TYR	15, 39	3751	VAL	15, 44	3756	nuc	nuc	0.98
GLU	15, 40	3752	VAL	15, 44	3756	nuc	nuc	1
ASP	15, 41	3753	VAL	15, 44	3756	nuc	nuc	1
ASP	15, 42	3754	VAL	15, 44	3756	nuc	nuc	0.95
ASP	15, 43	3755	VAL	15, 44	3756	nuc	nuc	1
GLU	15, 40	3752	LYS	15, 45	3757	nuc	nuc	0.99
ASP	15, 41	3753	LYS	15, 45	3757	nuc	nuc	0.99
ASP	15, 42	3754	LYS	15, 45	3757	nuc	nuc	1
ASP	15, 43	3755	LYS	15, 45	3757	nuc	nuc	0.99
VAL	15, 44	3756	LYS	15, 45	3757	nuc	nuc	1
ASP	15, 42	3754	GLU	15, 46	3758	nuc	nuc	0.99
ASP	15, 43	3755	GLU	15, 46	3758	nuc	nuc	1
VAL	15, 44	3756	GLU	15, 46	3758	nuc	nuc	0.99
LYS	15, 45	3757	GLU	15, 46	3758	nuc	nuc	1
ASP	15, 43	3755	ALA	15, 47	3759	nuc	nuc	0.99
VAL	15, 44	3756	ALA	15, 47	3759	nuc	nuc	1
LYS	15, 45	3757	ALA	15, 47	3759	nuc	nuc	0.99
GLU	15, 46	3758	ALA	15, 47	3759	nuc	nuc	1
GLU	15, 40	3752	LEU	15, 48	3760	nuc	nuc	0.84
VAL	15, 44	3756	LEU	15, 48	3760	nuc	nuc	1
LYS	15, 45	3757	LEU	15, 48	3760	nuc	nuc	1
GLU	15, 46	3758	LEU	15, 48	3760	nuc	nuc	0.99
ALA	15, 47	3759	LEU	15, 48	3760	nuc	nuc	1
TRP	8, 137	2712	LYS	15, 49	3761	nuc	nuc	0.89
LYS	15, 45	3757	LYS	15, 49	3761	nuc	nuc	0.98
GLU	15, 46	3758	LYS	15, 49	3761	nuc	nuc	1
ALA	15, 47	3759	LYS	15, 49	3761	nuc	nuc	0.99
LEU	15, 48	3760	LYS	15, 49	3761	nuc	nuc	1
TRP	8, 137	2712	ARG	15, 50	3762	nuc	nuc	0.99
GLU	15, 46	3758	ARG	15, 50	3762	nuc	nuc	0.97
ALA	15, 47	3759	ARG	15, 50	3762	nuc	nuc	1
LEU	15, 48	3760	ARG	15, 50	3762	nuc	nuc	0.99
LYS	15, 49	3761	ARG	15, 50	3762	nuc	nuc	1
ALA	15, 47	3759	LEU	15, 51	3763	nuc	nuc	0.94
LEU	15, 48	3760	LEU	15, 51	3763	nuc	nuc	1
LYS	15, 49	3761	LEU	15, 51	3763	nuc	nuc	0.99
ARG	15, 50	3762	LEU	15, 51	3763	nuc	nuc	1
PRO	8, 136	2711	PRO	15, 52	3764	nuc	nuc	0.61
LEU	15, 51	3763	PRO	15, 52	3764	nuc	nuc	1
PRO	15, 52	3764	GLU	15, 53	3765	nuc	nuc	1
PRO	15, 52	3764	ASP	15, 54	3766	nuc	nuc	1
GLU	15, 53	3765	ASP	15, 54	3766	nuc	nuc	1
LEU	15, 51	3763	LEU	15, 55	3767	nuc	nuc	1
PRO	15, 52	3764	LEU	15, 55	3767	nuc	nuc	1
GLU	15, 53	3765	LEU	15, 55	3767	nuc	nuc	0.95
ASP	15, 54	3766	LEU	15, 55	3767	nuc	nuc	1
LEU	15, 48	3760	TYR	15, 56	3768	nuc	nuc	0.93
LEU	15, 51	3763	TYR	15, 56	3768	nuc	nuc	1
PRO	15, 52	3764	TYR	15, 56	3768	nuc	nuc	0.99
GLU	15, 53	3765	TYR	15, 56	3768	nuc	nuc	1
ASP	15, 54	3766	TYR	15, 56	3768	nuc	nuc	0.99
LEU	15, 55	3767	TYR	15, 56	3768	nuc	nuc	1
PRO	3, 239	999	ASN	15, 57	3769	nuc	nuc	0.9
GLU	15, 53	3765	ASN	15, 57	3769	nuc	nuc	0.99
ASP	15, 54	3766	ASN	15, 57	3769	nuc	nuc	1
LEU	15, 55	3767	ASN	15, 57	3769	nuc	nuc	0.99
TYR	15, 56	3768	ASN	15, 57	3769	nuc	nuc	1
ASP	15, 54	3766	GLU	15, 58	3770	nuc	nuc	0.99
LEU	15, 55	3767	GLU	15, 58	3770	nuc	nuc	1
TYR	15, 56	3768	GLU	15, 58	3770	nuc	nuc	0.99
ASN	15, 57	3769	GLU	15, 58	3770	nuc	nuc	1
ASP	15, 36	3748	ARG	15, 59	3771	nuc	nuc	0.99
LEU	15, 51	3763	ARG	15, 59	3771	nuc	nuc	0.88
LEU	15, 55	3767	ARG	15, 59	3771	nuc	nuc	1
TYR	15, 56	3768	ARG	15, 59	3771	nuc	nuc	1
ASN	15, 57	3769	ARG	15, 59	3771	nuc	nuc	1
GLU	15, 58	3770	ARG	15, 59	3771	nuc	nuc	1
SER	1, 216	216	MET	15, 60	3772	mit	nuc	0.99
TYR	15, 56	3768	MET	15, 60	3772	nuc	nuc	1
ASN	15, 57	3769	MET	15, 60	3772	nuc	nuc	1
GLU	15, 58	3770	MET	15, 60	3772	nuc	nuc	0.99
ARG	15, 59	3771	MET	15, 60	3772	nuc	nuc	1
TYR	3, 237	997	PHE	15, 61	3773	nuc	nuc	0.99
ASN	15, 57	3769	PHE	15, 61	3773	nuc	nuc	1
GLU	15, 58	3770	PHE	15, 61	3773	nuc	nuc	1
ARG	15, 59	3771	PHE	15, 61	3773	nuc	nuc	0.99
MET	15, 60	3772	PHE	15, 61	3773	nuc	nuc	1
GLY	15, 31	3743	ARG	15, 62	3774	nuc	nuc	0.99
LEU	15, 32	3744	ARG	15, 62	3774	nuc	nuc	0.99
MET	15, 33	3745	ARG	15, 62	3774	nuc	nuc	0.97
ASP	15, 36	3748	ARG	15, 62	3774	nuc	nuc	0.99
GLU	15, 58	3770	ARG	15, 62	3774	nuc	nuc	1
ARG	15, 59	3771	ARG	15, 62	3774	nuc	nuc	1
MET	15, 60	3772	ARG	15, 62	3774	nuc	nuc	0.99
PHE	15, 61	3773	ARG	15, 62	3774	nuc	nuc	1
ILE	1, 212	212	ILE	15, 63	3775	mit	nuc	0.99
SER	1, 213	213	ILE	15, 63	3775	mit	nuc	0.85
SER	1, 216	216	ILE	15, 63	3775	mit	nuc	0.98
LEU	15, 32	3744	ILE	15, 63	3775	nuc	nuc	0.89
ASP	15, 36	3748	ILE	15, 63	3775	nuc	nuc	0.99
ARG	15, 59	3771	ILE	15, 63	3775	nuc	nuc	1
MET	15, 60	3772	ILE	15, 63	3775	nuc	nuc	1
PHE	15, 61	3773	ILE	15, 63	3775	nuc	nuc	1
ARG	15, 62	3774	ILE	15, 63	3775	nuc	nuc	1
SER	1, 216	216	LYS	15, 64	3776	mit	nuc	0.99
ASP	1, 217	217	LYS	15, 64	3776	mit	nuc	0.99
MET	3, 235	995	LYS	15, 64	3776	nuc	nuc	0.98
MET	15, 60	3772	LYS	15, 64	3776	nuc	nuc	1
PHE	15, 61	3773	LYS	15, 64	3776	nuc	nuc	1
ARG	15, 62	3774	LYS	15, 64	3776	nuc	nuc	0.98
ILE	15, 63	3775	LYS	15, 64	3776	nuc	nuc	1
MET	3, 235	995	ARG	15, 65	3777	nuc	nuc	0.98
TYR	15, 30	3742	ARG	15, 65	3777	nuc	nuc	0.72
GLY	15, 31	3743	ARG	15, 65	3777	nuc	nuc	0.94
PHE	15, 61	3773	ARG	15, 65	3777	nuc	nuc	1
ARG	15, 62	3774	ARG	15, 65	3777	nuc	nuc	1
ILE	15, 63	3775	ARG	15, 65	3777	nuc	nuc	0.99
LYS	15, 64	3776	ARG	15, 65	3777	nuc	nuc	1
LEU	1, 210	210	ALA	15, 66	3778	mit	nuc	0.98
ILE	1, 212	212	ALA	15, 66	3778	mit	nuc	0.86
TYR	15, 30	3742	ALA	15, 66	3778	nuc	nuc	0.99
GLY	15, 31	3743	ALA	15, 66	3778	nuc	nuc	0.99
LEU	15, 32	3744	ALA	15, 66	3778	nuc	nuc	1
ASP	15, 36	3748	ALA	15, 66	3778	nuc	nuc	0.71
ARG	15, 62	3774	ALA	15, 66	3778	nuc	nuc	1
ILE	15, 63	3775	ALA	15, 66	3778	nuc	nuc	1
LYS	15, 64	3776	ALA	15, 66	3778	nuc	nuc	1
ARG	15, 65	3777	ALA	15, 66	3778	nuc	nuc	1
PRO	1, 25	25	LEU	15, 67	3779	mit	nuc	0.74
SER	1, 26	26	LEU	15, 67	3779	mit	nuc	0.99
ASN	1, 27	27	LEU	15, 67	3779	mit	nuc	0.99
ASN	1, 208	208	LEU	15, 67	3779	mit	nuc	0.91
LEU	1, 210	210	LEU	15, 67	3779	mit	nuc	0.97
ILE	1, 212	212	LEU	15, 67	3779	mit	nuc	0.69
SER	1, 214	214	LEU	15, 67	3779	mit	nuc	0.97
SER	1, 216	216	LEU	15, 67	3779	mit	nuc	0.83
ASP	1, 217	217	LEU	15, 67	3779	mit	nuc	0.99
ILE	15, 63	3775	LEU	15, 67	3779	nuc	nuc	1
LYS	15, 64	3776	LEU	15, 67	3779	nuc	nuc	1
ARG	15, 65	3777	LEU	15, 67	3779	nuc	nuc	1
ALA	15, 66	3778	LEU	15, 67	3779	nuc	nuc	1
SER	1, 26	26	ASP	15, 68	3780	mit	nuc	0.83
ASN	1, 27	27	ASP	15, 68	3780	mit	nuc	0.54
ASP	1, 217	217	ASP	15, 68	3780	mit	nuc	0.94
ARG	3, 233	993	ASP	15, 68	3780	nuc	nuc	0.95
MET	3, 235	995	ASP	15, 68	3780	nuc	nuc	0.99
LYS	15, 64	3776	ASP	15, 68	3780	nuc	nuc	1
ARG	15, 65	3777	ASP	15, 68	3780	nuc	nuc	1
ALA	15, 66	3778	ASP	15, 68	3780	nuc	nuc	1
LEU	15, 67	3779	ASP	15, 68	3780	nuc	nuc	1
TYR	15, 30	3742	LEU	15, 69	3781	nuc	nuc	0.99
ARG	15, 65	3777	LEU	15, 69	3781	nuc	nuc	1
ALA	15, 66	3778	LEU	15, 69	3781	nuc	nuc	1
LEU	15, 67	3779	LEU	15, 69	3781	nuc	nuc	0.99
ASP	15, 68	3780	LEU	15, 69	3781	nuc	nuc	1
ASN	1, 27	27	SER	15, 70	3782	mit	nuc	0.99
ASN	1, 208	208	SER	15, 70	3782	mit	nuc	0.81
PRO	1, 209	209	SER	15, 70	3782	mit	nuc	0.99
LEU	1, 210	210	SER	15, 70	3782	mit	nuc	0.99
TYR	15, 30	3742	SER	15, 70	3782	nuc	nuc	0.95
ALA	15, 66	3778	SER	15, 70	3782	nuc	nuc	1
LEU	15, 67	3779	SER	15, 70	3782	nuc	nuc	1
ASP	15, 68	3780	SER	15, 70	3782	nuc	nuc	0.99
LEU	15, 69	3781	SER	15, 70	3782	nuc	nuc	1
SER	1, 26	26	LEU	15, 71	3783	mit	nuc	0.99
ASN	1, 27	27	LEU	15, 71	3783	mit	nuc	0.99
LEU	3, 230	990	LEU	15, 71	3783	nuc	nuc	0.98
LYS	3, 231	991	LEU	15, 71	3783	nuc	nuc	0.88
LEU	15, 67	3779	LEU	15, 71	3783	nuc	nuc	0.99
ASP	15, 68	3780	LEU	15, 71	3783	nuc	nuc	1
LEU	15, 69	3781	LEU	15, 71	3783	nuc	nuc	0.99
SER	15, 70	3782	LEU	15, 71	3783	nuc	nuc	1
LYS	3, 231	991	LYS	15, 72	3784	nuc	nuc	0.99
ASP	15, 68	3780	LYS	15, 72	3784	nuc	nuc	0.99
LEU	15, 69	3781	LYS	15, 72	3784	nuc	nuc	1
SER	15, 70	3782	LYS	15, 72	3784	nuc	nuc	0.98
LEU	15, 71	3783	LYS	15, 72	3784	nuc	nuc	1
SER	15, 70	3782	HIS	15, 73	3785	nuc	nuc	0.97
LEU	15, 71	3783	HIS	15, 73	3785	nuc	nuc	0.94
LYS	15, 72	3784	HIS	15, 73	3785	nuc	nuc	1
LEU	15, 69	3781	ARG	15, 74	3786	nuc	nuc	0.99
LYS	15, 72	3784	ARG	15, 74	3786	nuc	nuc	1
HIS	15, 73	3785	ARG	15, 74	3786	nuc	nuc	1
LYS	15, 29	3741	ILE	15, 75	3787	nuc	nuc	0.99
TYR	15, 30	3742	ILE	15, 75	3787	nuc	nuc	0.97
LEU	15, 69	3781	ILE	15, 75	3787	nuc	nuc	0.98
ARG	15, 74	3786	ILE	15, 75	3787	nuc	nuc	1
LYS	15, 29	3741	LEU	15, 76	3788	nuc	nuc	0.98
TYR	15, 30	3742	LEU	15, 76	3788	nuc	nuc	0.98
GLY	15, 31	3743	LEU	15, 76	3788	nuc	nuc	0.99
LEU	15, 69	3781	LEU	15, 76	3788	nuc	nuc	0.98
ILE	15, 75	3787	LEU	15, 76	3788	nuc	nuc	1
LEU	15, 76	3788	PRO	15, 77	3789	nuc	nuc	1
LEU	15, 76	3788	LYS	15, 78	3790	nuc	nuc	0.56
PRO	15, 77	3789	LYS	15, 78	3790	nuc	nuc	1
PRO	15, 77	3789	GLU	15, 79	3791	nuc	nuc	0.99
LYS	15, 78	3790	GLU	15, 79	3791	nuc	nuc	1
GLY	15, 31	3743	GLN	15, 80	3792	nuc	nuc	0.9
LEU	15, 76	3788	GLN	15, 80	3792	nuc	nuc	0.99
PRO	15, 77	3789	GLN	15, 80	3792	nuc	nuc	0.99
LYS	15, 78	3790	GLN	15, 80	3792	nuc	nuc	0.91
GLU	15, 79	3791	GLN	15, 80	3792	nuc	nuc	1
ASN	15, 28	3740	TRP	15, 81	3793	nuc	nuc	0.99
LYS	15, 29	3741	TRP	15, 81	3793	nuc	nuc	0.98
GLY	15, 31	3743	TRP	15, 81	3793	nuc	nuc	0.97
LEU	15, 76	3788	TRP	15, 81	3793	nuc	nuc	0.99
PRO	15, 77	3789	TRP	15, 81	3793	nuc	nuc	0.52
LYS	15, 78	3790	TRP	15, 81	3793	nuc	nuc	0.98
GLU	15, 79	3791	TRP	15, 81	3793	nuc	nuc	0.96
GLN	15, 80	3792	TRP	15, 81	3793	nuc	nuc	1
ASN	15, 28	3740	VAL	15, 82	3794	nuc	nuc	0.98
GLY	15, 31	3743	VAL	15, 82	3794	nuc	nuc	0.99
LEU	15, 32	3744	VAL	15, 82	3794	nuc	nuc	0.92
MET	15, 33	3745	VAL	15, 82	3794	nuc	nuc	0.98
TRP	15, 81	3793	VAL	15, 82	3794	nuc	nuc	1
ASN	15, 28	3740	LYS	15, 83	3795	nuc	nuc	0.72
TRP	15, 81	3793	LYS	15, 83	3795	nuc	nuc	0.98
VAL	15, 82	3794	LYS	15, 83	3795	nuc	nuc	1
ARG	15, 18	3730	TYR	15, 84	3796	nuc	nuc	0.57
LYS	15, 19	3731	TYR	15, 84	3796	nuc	nuc	0.98
TYR	15, 22	3734	TYR	15, 84	3796	nuc	nuc	0.98
ASN	15, 23	3735	TYR	15, 84	3796	nuc	nuc	0.8
ASN	15, 28	3740	TYR	15, 84	3796	nuc	nuc	0.63
LYS	15, 83	3795	TYR	15, 84	3796	nuc	nuc	1
LYS	15, 83	3795	GLU	15, 85	3797	nuc	nuc	0.99
TYR	15, 84	3796	GLU	15, 85	3797	nuc	nuc	1
VAL	15, 82	3794	GLU	15, 86	3798	nuc	nuc	0.97
LYS	15, 83	3795	GLU	15, 86	3798	nuc	nuc	0.99
TYR	15, 84	3796	GLU	15, 86	3798	nuc	nuc	0.9
GLU	15, 85	3797	GLU	15, 86	3798	nuc	nuc	1
TYR	15, 22	3734	ASP	15, 87	3799	nuc	nuc	0.59
ASN	15, 28	3740	ASP	15, 87	3799	nuc	nuc	0.61
MET	15, 33	3745	ASP	15, 87	3799	nuc	nuc	0.99
ARG	15, 34	3746	ASP	15, 87	3799	nuc	nuc	0.98
VAL	15, 82	3794	ASP	15, 87	3799	nuc	nuc	0.96
LYS	15, 83	3795	ASP	15, 87	3799	nuc	nuc	0.9
TYR	15, 84	3796	ASP	15, 87	3799	nuc	nuc	0.98
GLU	15, 85	3797	ASP	15, 87	3799	nuc	nuc	0.91
GLU	15, 86	3798	ASP	15, 87	3799	nuc	nuc	1
MET	15, 33	3745	LYS	15, 88	3800	nuc	nuc	0.87
GLU	15, 86	3798	LYS	15, 88	3800	nuc	nuc	0.91
ASP	15, 87	3799	LYS	15, 88	3800	nuc	nuc	1
ARG	15, 34	3746	PRO	15, 89	3801	nuc	nuc	0.95
ASP	15, 35	3747	PRO	15, 89	3801	nuc	nuc	0.98
ASP	15, 87	3799	PRO	15, 89	3801	nuc	nuc	0.92
LYS	15, 88	3800	PRO	15, 89	3801	nuc	nuc	1
MET	15, 33	3745	TYR	15, 90	3802	nuc	nuc	0.84
ASP	15, 35	3747	TYR	15, 90	3802	nuc	nuc	0.99
LEU	15, 51	3763	TYR	15, 90	3802	nuc	nuc	0.59
LEU	15, 55	3767	TYR	15, 90	3802	nuc	nuc	0.99
ARG	15, 59	3771	TYR	15, 90	3802	nuc	nuc	0.67
LYS	15, 88	3800	TYR	15, 90	3802	nuc	nuc	0.98
PRO	15, 89	3801	TYR	15, 90	3802	nuc	nuc	1
ASP	15, 35	3747	LEU	15, 91	3803	nuc	nuc	1
LEU	15, 38	3750	LEU	15, 91	3803	nuc	nuc	0.94
VAL	15, 44	3756	LEU	15, 91	3803	nuc	nuc	0.78
ALA	15, 47	3759	LEU	15, 91	3803	nuc	nuc	0.99
LEU	15, 48	3760	LEU	15, 91	3803	nuc	nuc	0.83
LEU	15, 51	3763	LEU	15, 91	3803	nuc	nuc	0.91
PRO	15, 89	3801	LEU	15, 91	3803	nuc	nuc	0.98
TYR	15, 90	3802	LEU	15, 91	3803	nuc	nuc	1
ASP	15, 35	3747	GLU	15, 92	3804	nuc	nuc	0.95
PRO	15, 89	3801	GLU	15, 92	3804	nuc	nuc	0.99
TYR	15, 90	3802	GLU	15, 92	3804	nuc	nuc	0.92
LEU	15, 91	3803	GLU	15, 92	3804	nuc	nuc	1
PRO	15, 89	3801	PRO	15, 93	3805	nuc	nuc	0.53
LEU	15, 91	3803	PRO	15, 93	3805	nuc	nuc	0.92
GLU	15, 92	3804	PRO	15, 93	3805	nuc	nuc	1
ALA	15, 47	3759	TYR	15, 94	3806	nuc	nuc	1
ARG	15, 50	3762	TYR	15, 94	3806	nuc	nuc	1
LEU	15, 51	3763	TYR	15, 94	3806	nuc	nuc	0.99
LEU	15, 91	3803	TYR	15, 94	3806	nuc	nuc	1
GLU	15, 92	3804	TYR	15, 94	3806	nuc	nuc	0.97
PRO	15, 93	3805	TYR	15, 94	3806	nuc	nuc	1
ASP	15, 43	3755	LEU	15, 95	3807	nuc	nuc	0.97
VAL	15, 44	3756	LEU	15, 95	3807	nuc	nuc	0.97
ALA	15, 47	3759	LEU	15, 95	3807	nuc	nuc	0.99
LEU	15, 91	3803	LEU	15, 95	3807	nuc	nuc	0.99
GLU	15, 92	3804	LEU	15, 95	3807	nuc	nuc	1
PRO	15, 93	3805	LEU	15, 95	3807	nuc	nuc	0.98
TYR	15, 94	3806	LEU	15, 95	3807	nuc	nuc	1
GLU	15, 92	3804	LYS	15, 96	3808	nuc	nuc	0.99
PRO	15, 93	3805	LYS	15, 96	3808	nuc	nuc	0.99
TYR	15, 94	3806	LYS	15, 96	3808	nuc	nuc	0.98
LEU	15, 95	3807	LYS	15, 96	3808	nuc	nuc	1
PRO	15, 93	3805	GLU	15, 97	3809	nuc	nuc	0.97
TYR	15, 94	3806	GLU	15, 97	3809	nuc	nuc	1
LEU	15, 95	3807	GLU	15, 97	3809	nuc	nuc	0.99
LYS	15, 96	3808	GLU	15, 97	3809	nuc	nuc	1
ASP	15, 43	3755	VAL	15, 98	3810	nuc	nuc	0.99
GLU	15, 46	3758	VAL	15, 98	3810	nuc	nuc	1
ALA	15, 47	3759	VAL	15, 98	3810	nuc	nuc	1
ARG	15, 50	3762	VAL	15, 98	3810	nuc	nuc	0.81
TYR	15, 94	3806	VAL	15, 98	3810	nuc	nuc	0.99
LEU	15, 95	3807	VAL	15, 98	3810	nuc	nuc	1
LYS	15, 96	3808	VAL	15, 98	3810	nuc	nuc	0.98
GLU	15, 97	3809	VAL	15, 98	3810	nuc	nuc	1
ASP	15, 43	3755	ILE	15, 99	3811	nuc	nuc	0.98
LEU	15, 95	3807	ILE	15, 99	3811	nuc	nuc	1
LYS	15, 96	3808	ILE	15, 99	3811	nuc	nuc	1
GLU	15, 97	3809	ILE	15, 99	3811	nuc	nuc	0.98
VAL	15, 98	3810	ILE	15, 99	3811	nuc	nuc	1
LYS	15, 96	3808	ARG	15, 100	3812	nuc	nuc	0.99
GLU	15, 97	3809	ARG	15, 100	3812	nuc	nuc	1
VAL	15, 98	3810	ARG	15, 100	3812	nuc	nuc	0.99
ILE	15, 99	3811	ARG	15, 100	3812	nuc	nuc	1
SER	8, 83	2658	GLU	15, 101	3813	nuc	nuc	0.97
PHE	8, 85	2660	GLU	15, 101	3813	nuc	nuc	0.93
GLU	15, 97	3809	GLU	15, 101	3813	nuc	nuc	0.99
VAL	15, 98	3810	GLU	15, 101	3813	nuc	nuc	1
ILE	15, 99	3811	GLU	15, 101	3813	nuc	nuc	0.99
ARG	15, 100	3812	GLU	15, 101	3813	nuc	nuc	1
ASP	15, 43	3755	ARG	15, 102	3814	nuc	nuc	0.97
VAL	15, 98	3810	ARG	15, 102	3814	nuc	nuc	0.99
ILE	15, 99	3811	ARG	15, 102	3814	nuc	nuc	1
ARG	15, 100	3812	ARG	15, 102	3814	nuc	nuc	0.99
GLU	15, 101	3813	ARG	15, 102	3814	nuc	nuc	1
ILE	15, 99	3811	LEU	15, 103	3815	nuc	nuc	0.99
ARG	15, 100	3812	LEU	15, 103	3815	nuc	nuc	1
GLU	15, 101	3813	LEU	15, 103	3815	nuc	nuc	0.98
ARG	15, 102	3814	LEU	15, 103	3815	nuc	nuc	1
SER	8, 83	2658	GLU	15, 104	3816	nuc	nuc	0.95
PHE	8, 85	2660	GLU	15, 104	3816	nuc	nuc	0.92
ARG	8, 86	2661	GLU	15, 104	3816	nuc	nuc	0.84
ARG	15, 100	3812	GLU	15, 104	3816	nuc	nuc	0.99
GLU	15, 101	3813	GLU	15, 104	3816	nuc	nuc	1
ARG	15, 102	3814	GLU	15, 104	3816	nuc	nuc	0.99
LEU	15, 103	3815	GLU	15, 104	3816	nuc	nuc	1
PHE	8, 85	2660	ARG	15, 105	3817	nuc	nuc	0.97
GLU	15, 101	3813	ARG	15, 105	3817	nuc	nuc	0.99
ARG	15, 102	3814	ARG	15, 105	3817	nuc	nuc	1
LEU	15, 103	3815	ARG	15, 105	3817	nuc	nuc	0.99
GLU	15, 104	3816	ARG	15, 105	3817	nuc	nuc	1
ARG	15, 102	3814	GLU	15, 106	3818	nuc	nuc	0.99
LEU	15, 103	3815	GLU	15, 106	3818	nuc	nuc	1
GLU	15, 104	3816	GLU	15, 106	3818	nuc	nuc	0.99
ARG	15, 105	3817	GLU	15, 106	3818	nuc	nuc	1
LEU	15, 103	3815	ALA	15, 107	3819	nuc	nuc	0.99
GLU	15, 104	3816	ALA	15, 107	3819	nuc	nuc	0.99
ARG	15, 105	3817	ALA	15, 107	3819	nuc	nuc	0.98
GLU	15, 106	3818	ALA	15, 107	3819	nuc	nuc	1
PHE	8, 85	2660	TRP	15, 108	3820	nuc	nuc	0.81
ARG	8, 86	2661	TRP	15, 108	3820	nuc	nuc	0.68
ARG	8, 89	2664	TRP	15, 108	3820	nuc	nuc	0.96
GLU	15, 104	3816	TRP	15, 108	3820	nuc	nuc	0.99
ARG	15, 105	3817	TRP	15, 108	3820	nuc	nuc	1
GLU	15, 106	3818	TRP	15, 108	3820	nuc	nuc	0.99
ALA	15, 107	3819	TRP	15, 108	3820	nuc	nuc	1
ARG	15, 105	3817	ASN	15, 109	3821	nuc	nuc	0.98
GLU	15, 106	3818	ASN	15, 109	3821	nuc	nuc	0.99
ALA	15, 107	3819	ASN	15, 109	3821	nuc	nuc	0.94
TRP	15, 108	3820	ASN	15, 109	3821	nuc	nuc	1
GLU	15, 106	3818	LYS	15, 110	3822	nuc	nuc	0.93
ALA	15, 107	3819	LYS	15, 110	3822	nuc	nuc	0.97
TRP	15, 108	3820	LYS	15, 110	3822	nuc	nuc	0.97
ASN	15, 109	3821	LYS	15, 110	3822	nuc	nuc	1
SER	6, 352	2040	LYS	15, 111	3823	nuc	nuc	0.9
ALA	15, 107	3819	LYS	15, 111	3823	nuc	nuc	0.65
TRP	15, 108	3820	LYS	15, 111	3823	nuc	nuc	0.88
ASN	15, 109	3821	LYS	15, 111	3823	nuc	nuc	0.92
LYS	15, 110	3822	LYS	15, 111	3823	nuc	nuc	1
MET	16, 1	3824	ALA	16, 2	3825	nuc	nuc	1
MET	16, 1	3824	ALA	16, 3	3826	nuc	nuc	0.82
ALA	16, 2	3825	ALA	16, 3	3826	nuc	nuc	1
ALA	16, 2	3825	ARG	16, 4	3827	nuc	nuc	0.8
ALA	16, 3	3826	ARG	16, 4	3827	nuc	nuc	1
ALA	16, 3	3826	ALA	16, 5	3828	nuc	nuc	0.83
ARG	16, 4	3827	ALA	16, 5	3828	nuc	nuc	1
ARG	16, 4	3827	THR	16, 6	3829	nuc	nuc	0.8
ALA	16, 5	3828	THR	16, 6	3829	nuc	nuc	1
ALA	16, 5	3828	VAL	16, 7	3830	nuc	nuc	0.79
THR	16, 6	3829	VAL	16, 7	3830	nuc	nuc	1
THR	16, 6	3829	ALA	16, 8	3831	nuc	nuc	0.82
VAL	16, 7	3830	ALA	16, 8	3831	nuc	nuc	1
VAL	16, 7	3830	GLY	16, 9	3832	nuc	nuc	0.95
ALA	16, 8	3831	GLY	16, 9	3832	nuc	nuc	1
VAL	16, 7	3830	GLY	16, 10	3833	nuc	nuc	0.53
ALA	16, 8	3831	GLY	16, 10	3833	nuc	nuc	0.94
GLY	16, 9	3832	GLY	16, 10	3833	nuc	nuc	1
GLY	16, 9	3832	GLY	16, 11	3834	nuc	nuc	1
GLY	16, 10	3833	GLY	16, 11	3834	nuc	nuc	1
GLY	16, 9	3832	ARG	16, 12	3835	nuc	nuc	0.59
GLY	16, 10	3833	ARG	16, 12	3835	nuc	nuc	0.98
GLY	16, 11	3834	ARG	16, 12	3835	nuc	nuc	1
GLY	16, 10	3833	LEU	16, 13	3836	nuc	nuc	0.67
GLY	16, 11	3834	LEU	16, 13	3836	nuc	nuc	0.98
ARG	16, 12	3835	LEU	16, 13	3836	nuc	nuc	1
GLY	16, 10	3833	MET	16, 14	3837	nuc	nuc	0.75
GLY	16, 11	3834	MET	16, 14	3837	nuc	nuc	0.86
ARG	16, 12	3835	MET	16, 14	3837	nuc	nuc	0.91
LEU	16, 13	3836	MET	16, 14	3837	nuc	nuc	1
GLY	16, 11	3834	ASP	16, 15	3838	nuc	nuc	0.88
ARG	16, 12	3835	ASP	16, 15	3838	nuc	nuc	0.94
LEU	16, 13	3836	ASP	16, 15	3838	nuc	nuc	0.94
MET	16, 14	3837	ASP	16, 15	3838	nuc	nuc	1
ARG	16, 12	3835	ARG	16, 16	3839	nuc	nuc	0.84
LEU	16, 13	3836	ARG	16, 16	3839	nuc	nuc	0.97
MET	16, 14	3837	ARG	16, 16	3839	nuc	nuc	0.96
ASP	16, 15	3838	ARG	16, 16	3839	nuc	nuc	1
MET	2, 377	757	ILE	16, 17	3840	nuc	nuc	0.83
LEU	16, 13	3836	ILE	16, 17	3840	nuc	nuc	0.91
MET	16, 14	3837	ILE	16, 17	3840	nuc	nuc	0.98
ASP	16, 15	3838	ILE	16, 17	3840	nuc	nuc	0.96
ARG	16, 16	3839	ILE	16, 17	3840	nuc	nuc	1
MET	2, 377	757	ARG	16, 18	3841	nuc	nuc	0.98
LEU	2, 378	758	ARG	16, 18	3841	nuc	nuc	0.68
ASN	2, 379	759	ARG	16, 18	3841	nuc	nuc	0.76
MET	16, 14	3837	ARG	16, 18	3841	nuc	nuc	0.96
ASP	16, 15	3838	ARG	16, 18	3841	nuc	nuc	0.99
ARG	16, 16	3839	ARG	16, 18	3841	nuc	nuc	0.98
ILE	16, 17	3840	ARG	16, 18	3841	nuc	nuc	1
ASP	16, 15	3838	LYS	16, 19	3842	nuc	nuc	0.96
ARG	16, 16	3839	LYS	16, 19	3842	nuc	nuc	0.99
ILE	16, 17	3840	LYS	16, 19	3842	nuc	nuc	0.98
ARG	16, 18	3841	LYS	16, 19	3842	nuc	nuc	1
ARG	16, 16	3839	TRP	16, 20	3843	nuc	nuc	0.97
ILE	16, 17	3840	TRP	16, 20	3843	nuc	nuc	1
ARG	16, 18	3841	TRP	16, 20	3843	nuc	nuc	0.98
LYS	16, 19	3842	TRP	16, 20	3843	nuc	nuc	1
PRO	2, 320	700	TYR	16, 21	3844	nuc	nuc	0.72
GLU	2, 374	754	TYR	16, 21	3844	nuc	nuc	0.64
MET	2, 377	757	TYR	16, 21	3844	nuc	nuc	0.98
LEU	2, 378	758	TYR	16, 21	3844	nuc	nuc	0.82
ILE	16, 17	3840	TYR	16, 21	3844	nuc	nuc	0.99
ARG	16, 18	3841	TYR	16, 21	3844	nuc	nuc	1
LYS	16, 19	3842	TYR	16, 21	3844	nuc	nuc	0.98
TRP	16, 20	3843	TYR	16, 21	3844	nuc	nuc	1
LEU	2, 378	758	TYR	16, 22	3845	nuc	nuc	0.8
ARG	16, 18	3841	TYR	16, 22	3845	nuc	nuc	0.99
LYS	16, 19	3842	TYR	16, 22	3845	nuc	nuc	1
TRP	16, 20	3843	TYR	16, 22	3845	nuc	nuc	0.99
TYR	16, 21	3844	TYR	16, 22	3845	nuc	nuc	1
LYS	16, 19	3842	ASN	16, 23	3846	nuc	nuc	0.96
TRP	16, 20	3843	ASN	16, 23	3846	nuc	nuc	0.99
TYR	16, 21	3844	ASN	16, 23	3846	nuc	nuc	0.96
TYR	16, 22	3845	ASN	16, 23	3846	nuc	nuc	1
PRO	2, 320	700	ALA	16, 24	3847	nuc	nuc	0.99
TRP	16, 20	3843	ALA	16, 24	3847	nuc	nuc	0.99
TYR	16, 21	3844	ALA	16, 24	3847	nuc	nuc	1
TYR	16, 22	3845	ALA	16, 24	3847	nuc	nuc	0.99
ASN	16, 23	3846	ALA	16, 24	3847	nuc	nuc	1
PHE	2, 318	698	ALA	16, 25	3848	nuc	nuc	0.99
ARG	2, 319	699	ALA	16, 25	3848	nuc	nuc	0.94
PRO	2, 320	700	ALA	16, 25	3848	nuc	nuc	0.97
LEU	2, 378	758	ALA	16, 25	3848	nuc	nuc	0.72
TYR	16, 21	3844	ALA	16, 25	3848	nuc	nuc	0.99
TYR	16, 22	3845	ALA	16, 25	3848	nuc	nuc	1
ASN	16, 23	3846	ALA	16, 25	3848	nuc	nuc	0.99
ALA	16, 24	3847	ALA	16, 25	3848	nuc	nuc	1
PHE	2, 318	698	GLY	16, 26	3849	nuc	nuc	0.99
ASN	16, 23	3846	GLY	16, 26	3849	nuc	nuc	0.92
ALA	16, 24	3847	GLY	16, 26	3849	nuc	nuc	0.99
ALA	16, 25	3848	GLY	16, 26	3849	nuc	nuc	1
PHE	2, 318	698	PHE	16, 27	3850	nuc	nuc	0.99
ALA	16, 25	3848	PHE	16, 27	3850	nuc	nuc	1
GLY	16, 26	3849	PHE	16, 27	3850	nuc	nuc	1
TYR	16, 22	3845	ASN	16, 28	3851	nuc	nuc	0.97
ASN	16, 23	3846	ASN	16, 28	3851	nuc	nuc	0.96
ALA	16, 25	3848	ASN	16, 28	3851	nuc	nuc	0.85
GLY	16, 26	3849	ASN	16, 28	3851	nuc	nuc	1
PHE	16, 27	3850	ASN	16, 28	3851	nuc	nuc	1
GLY	16, 26	3849	LYS	16, 29	3852	nuc	nuc	1
PHE	16, 27	3850	LYS	16, 29	3852	nuc	nuc	0.99
ASN	16, 28	3851	LYS	16, 29	3852	nuc	nuc	1
LEU	2, 210	590	TYR	16, 30	3853	nuc	nuc	0.85
GLY	16, 26	3849	TYR	16, 30	3853	nuc	nuc	0.91
PHE	16, 27	3850	TYR	16, 30	3853	nuc	nuc	0.99
ASN	16, 28	3851	TYR	16, 30	3853	nuc	nuc	0.97
LYS	16, 29	3852	TYR	16, 30	3853	nuc	nuc	1
PHE	16, 27	3850	GLY	16, 31	3854	nuc	nuc	0.89
ASN	16, 28	3851	GLY	16, 31	3854	nuc	nuc	0.99
LYS	16, 29	3852	GLY	16, 31	3854	nuc	nuc	0.99
TYR	16, 30	3853	GLY	16, 31	3854	nuc	nuc	1
PHE	16, 27	3850	LEU	16, 32	3855	nuc	nuc	0.99
ASN	16, 28	3851	LEU	16, 32	3855	nuc	nuc	0.95
TYR	16, 30	3853	LEU	16, 32	3855	nuc	nuc	1
GLY	16, 31	3854	LEU	16, 32	3855	nuc	nuc	1
GLY	16, 31	3854	MET	16, 33	3856	nuc	nuc	0.96
LEU	16, 32	3855	MET	16, 33	3856	nuc	nuc	1
LEU	2, 378	758	ARG	16, 34	3857	nuc	nuc	0.96
PHE	16, 27	3850	ARG	16, 34	3857	nuc	nuc	0.81
MET	16, 33	3856	ARG	16, 34	3857	nuc	nuc	1
MET	16, 33	3856	ASP	16, 35	3858	nuc	nuc	1
ARG	16, 34	3857	ASP	16, 35	3858	nuc	nuc	1
ILE	2, 212	592	ASP	16, 36	3859	nuc	nuc	0.95
PHE	16, 27	3850	ASP	16, 36	3859	nuc	nuc	0.74
LEU	16, 32	3855	ASP	16, 36	3859	nuc	nuc	1
MET	16, 33	3856	ASP	16, 36	3859	nuc	nuc	1
ARG	16, 34	3857	ASP	16, 36	3859	nuc	nuc	0.99
ASP	16, 35	3858	ASP	16, 36	3859	nuc	nuc	1
LEU	2, 210	590	THR	16, 37	3860	nuc	nuc	0.58
GLY	2, 211	591	THR	16, 37	3860	nuc	nuc	0.72
ILE	2, 212	592	THR	16, 37	3860	nuc	nuc	0.98
GLN	2, 313	693	THR	16, 37	3860	nuc	nuc	0.99
PHE	2, 318	698	THR	16, 37	3860	nuc	nuc	0.98
PHE	16, 27	3850	THR	16, 37	3860	nuc	nuc	0.99
LEU	16, 32	3855	THR	16, 37	3860	nuc	nuc	0.99
ARG	16, 34	3857	THR	16, 37	3860	nuc	nuc	0.98
ASP	16, 35	3858	THR	16, 37	3860	nuc	nuc	0.96
ASP	16, 36	3859	THR	16, 37	3860	nuc	nuc	1
LYS	2, 312	692	LEU	16, 38	3861	nuc	nuc	0.99
GLN	2, 313	693	LEU	16, 38	3861	nuc	nuc	0.94
ASP	16, 35	3858	LEU	16, 38	3861	nuc	nuc	0.99
ASP	16, 36	3859	LEU	16, 38	3861	nuc	nuc	0.97
THR	16, 37	3860	LEU	16, 38	3861	nuc	nuc	1
LEU	2, 109	489	TYR	16, 39	3862	nuc	nuc	0.85
GLY	2, 211	591	TYR	16, 39	3862	nuc	nuc	0.66
LYS	2, 312	692	TYR	16, 39	3862	nuc	nuc	0.98
GLN	2, 313	693	TYR	16, 39	3862	nuc	nuc	0.98
ARG	2, 314	694	TYR	16, 39	3862	nuc	nuc	1
LEU	16, 38	3861	TYR	16, 39	3862	nuc	nuc	1
SER	2, 213	593	GLU	16, 40	3863	nuc	nuc	0.99
LEU	16, 38	3861	GLU	16, 40	3863	nuc	nuc	0.97
TYR	16, 39	3862	GLU	16, 40	3863	nuc	nuc	1
TYR	16, 39	3862	ASP	16, 41	3864	nuc	nuc	1
GLU	16, 40	3863	ASP	16, 41	3864	nuc	nuc	1
ASP	16, 41	3864	ASP	16, 42	3865	nuc	nuc	1
ASP	16, 41	3864	ASP	16, 43	3866	nuc	nuc	1
ASP	16, 42	3865	ASP	16, 43	3866	nuc	nuc	1
LEU	16, 38	3861	VAL	16, 44	3867	nuc	nuc	0.99
TYR	16, 39	3862	VAL	16, 44	3867	nuc	nuc	0.98
GLU	16, 40	3863	VAL	16, 44	3867	nuc	nuc	1
ASP	16, 41	3864	VAL	16, 44	3867	nuc	nuc	1
ASP	16, 42	3865	VAL	16, 44	3867	nuc	nuc	0.95
ASP	16, 43	3866	VAL	16, 44	3867	nuc	nuc	1
GLU	16, 40	3863	LYS	16, 45	3868	nuc	nuc	0.99
ASP	16, 41	3864	LYS	16, 45	3868	nuc	nuc	0.99
ASP	16, 42	3865	LYS	16, 45	3868	nuc	nuc	1
ASP	16, 43	3866	LYS	16, 45	3868	nuc	nuc	0.99
VAL	16, 44	3867	LYS	16, 45	3868	nuc	nuc	1
ASP	16, 42	3865	GLU	16, 46	3869	nuc	nuc	0.99
ASP	16, 43	3866	GLU	16, 46	3869	nuc	nuc	1
VAL	16, 44	3867	GLU	16, 46	3869	nuc	nuc	0.99
LYS	16, 45	3868	GLU	16, 46	3869	nuc	nuc	1
ASP	16, 43	3866	ALA	16, 47	3870	nuc	nuc	0.99
VAL	16, 44	3867	ALA	16, 47	3870	nuc	nuc	1
LYS	16, 45	3868	ALA	16, 47	3870	nuc	nuc	0.99
GLU	16, 46	3869	ALA	16, 47	3870	nuc	nuc	1
GLU	16, 40	3863	LEU	16, 48	3871	nuc	nuc	0.84
VAL	16, 44	3867	LEU	16, 48	3871	nuc	nuc	1
LYS	16, 45	3868	LEU	16, 48	3871	nuc	nuc	1
GLU	16, 46	3869	LEU	16, 48	3871	nuc	nuc	0.99
ALA	16, 47	3870	LEU	16, 48	3871	nuc	nuc	1
TRP	7, 137	2271	LYS	16, 49	3872	nuc	nuc	0.89
LYS	16, 45	3868	LYS	16, 49	3872	nuc	nuc	0.98
GLU	16, 46	3869	LYS	16, 49	3872	nuc	nuc	1
ALA	16, 47	3870	LYS	16, 49	3872	nuc	nuc	0.99
LEU	16, 48	3871	LYS	16, 49	3872	nuc	nuc	1
TRP	7, 137	2271	ARG	16, 50	3873	nuc	nuc	0.99
GLU	16, 46	3869	ARG	16, 50	3873	nuc	nuc	0.97
ALA	16, 47	3870	ARG	16, 50	3873	nuc	nuc	1
LEU	16, 48	3871	ARG	16, 50	3873	nuc	nuc	0.99
LYS	16, 49	3872	ARG	16, 50	3873	nuc	nuc	1
ALA	16, 47	3870	LEU	16, 51	3874	nuc	nuc	0.94
LEU	16, 48	3871	LEU	16, 51	3874	nuc	nuc	1
LYS	16, 49	3872	LEU	16, 51	3874	nuc	nuc	0.99
ARG	16, 50	3873	LEU	16, 51	3874	nuc	nuc	1
PRO	7, 136	2270	PRO	16, 52	3875	nuc	nuc	0.6
LEU	16, 51	3874	PRO	16, 52	3875	nuc	nuc	1
PRO	16, 52	3875	GLU	16, 53	3876	nuc	nuc	1
PRO	16, 52	3875	ASP	16, 54	3877	nuc	nuc	1
GLU	16, 53	3876	ASP	16, 54	3877	nuc	nuc	1
LEU	16, 51	3874	LEU	16, 55	3878	nuc	nuc	1
PRO	16, 52	3875	LEU	16, 55	3878	nuc	nuc	1
GLU	16, 53	3876	LEU	16, 55	3878	nuc	nuc	0.95
ASP	16, 54	3877	LEU	16, 55	3878	nuc	nuc	1
LEU	16, 48	3871	TYR	16, 56	3879	nuc	nuc	0.93
LEU	16, 51	3874	TYR	16, 56	3879	nuc	nuc	1
PRO	16, 52	3875	TYR	16, 56	3879	nuc	nuc	0.99
GLU	16, 53	3876	TYR	16, 56	3879	nuc	nuc	1
ASP	16, 54	3877	TYR	16, 56	3879	nuc	nuc	0.99
LEU	16, 55	3878	TYR	16, 56	3879	nuc	nuc	1
PRO	4, 239	1240	ASN	16, 57	3880	nuc	nuc	0.9
GLU	16, 53	3876	ASN	16, 57	3880	nuc	nuc	0.99
ASP	16, 54	3877	ASN	16, 57	3880	nuc	nuc	1
LEU	16, 55	3878	ASN	16, 57	3880	nuc	nuc	0.99
TYR	16, 56	3879	ASN	16, 57	3880	nuc	nuc	1
ASP	16, 54	3877	GLU	16, 58	3881	nuc	nuc	0.99
LEU	16, 55	3878	GLU	16, 58	3881	nuc	nuc	1
TYR	16, 56	3879	GLU	16, 58	3881	nuc	nuc	0.99
ASN	16, 57	3880	GLU	16, 58	3881	nuc	nuc	1
ASP	16, 36	3859	ARG	16, 59	3882	nuc	nuc	0.99
LEU	16, 51	3874	ARG	16, 59	3882	nuc	nuc	0.88
LEU	16, 55	3878	ARG	16, 59	3882	nuc	nuc	1
TYR	16, 56	3879	ARG	16, 59	3882	nuc	nuc	1
ASN	16, 57	3880	ARG	16, 59	3882	nuc	nuc	1
GLU	16, 58	3881	ARG	16, 59	3882	nuc	nuc	1
SER	2, 216	596	MET	16, 60	3883	nuc	nuc	0.99
TYR	16, 56	3879	MET	16, 60	3883	nuc	nuc	1
ASN	16, 57	3880	MET	16, 60	3883	nuc	nuc	1
GLU	16, 58	3881	MET	16, 60	3883	nuc	nuc	0.99
ARG	16, 59	3882	MET	16, 60	3883	nuc	nuc	1
TYR	4, 237	1238	PHE	16, 61	3884	nuc	nuc	0.99
ASN	16, 57	3880	PHE	16, 61	3884	nuc	nuc	1
GLU	16, 58	3881	PHE	16, 61	3884	nuc	nuc	1
ARG	16, 59	3882	PHE	16, 61	3884	nuc	nuc	0.99
MET	16, 60	3883	PHE	16, 61	3884	nuc	nuc	1
GLY	16, 31	3854	ARG	16, 62	3885	nuc	nuc	0.99
LEU	16, 32	3855	ARG	16, 62	3885	nuc	nuc	0.99
MET	16, 33	3856	ARG	16, 62	3885	nuc	nuc	0.97
ASP	16, 36	3859	ARG	16, 62	3885	nuc	nuc	0.99
GLU	16, 58	3881	ARG	16, 62	3885	nuc	nuc	1
ARG	16, 59	3882	ARG	16, 62	3885	nuc	nuc	1
MET	16, 60	3883	ARG	16, 62	3885	nuc	nuc	0.99
PHE	16, 61	3884	ARG	16, 62	3885	nuc	nuc	1
ILE	2, 212	592	ILE	16, 63	3886	nuc	nuc	0.99
SER	2, 213	593	ILE	16, 63	3886	nuc	nuc	0.85
SER	2, 216	596	ILE	16, 63	3886	nuc	nuc	0.98
LEU	16, 32	3855	ILE	16, 63	3886	nuc	nuc	0.89
ASP	16, 36	3859	ILE	16, 63	3886	nuc	nuc	0.99
ARG	16, 59	3882	ILE	16, 63	3886	nuc	nuc	1
MET	16, 60	3883	ILE	16, 63	3886	nuc	nuc	1
PHE	16, 61	3884	ILE	16, 63	3886	nuc	nuc	1
ARG	16, 62	3885	ILE	16, 63	3886	nuc	nuc	1
SER	2, 216	596	LYS	16, 64	3887	nuc	nuc	0.99
ASP	2, 217	597	LYS	16, 64	3887	nuc	nuc	0.99
MET	4, 235	1236	LYS	16, 64	3887	nuc	nuc	0.98
MET	16, 60	3883	LYS	16, 64	3887	nuc	nuc	1
PHE	16, 61	3884	LYS	16, 64	3887	nuc	nuc	1
ARG	16, 62	3885	LYS	16, 64	3887	nuc	nuc	0.99
ILE	16, 63	3886	LYS	16, 64	3887	nuc	nuc	1
MET	4, 235	1236	ARG	16, 65	3888	nuc	nuc	0.98
TYR	16, 30	3853	ARG	16, 65	3888	nuc	nuc	0.72
GLY	16, 31	3854	ARG	16, 65	3888	nuc	nuc	0.94
PHE	16, 61	3884	ARG	16, 65	3888	nuc	nuc	1
ARG	16, 62	3885	ARG	16, 65	3888	nuc	nuc	1
ILE	16, 63	3886	ARG	16, 65	3888	nuc	nuc	0.99
LYS	16, 64	3887	ARG	16, 65	3888	nuc	nuc	1
LEU	2, 210	590	ALA	16, 66	3889	nuc	nuc	0.98
ILE	2, 212	592	ALA	16, 66	3889	nuc	nuc	0.86
TYR	16, 30	3853	ALA	16, 66	3889	nuc	nuc	0.99
GLY	16, 31	3854	ALA	16, 66	3889	nuc	nuc	0.99
LEU	16, 32	3855	ALA	16, 66	3889	nuc	nuc	1
ASP	16, 36	3859	ALA	16, 66	3889	nuc	nuc	0.71
ARG	16, 62	3885	ALA	16, 66	3889	nuc	nuc	1
ILE	16, 63	3886	ALA	16, 66	3889	nuc	nuc	1
LYS	16, 64	3887	ALA	16, 66	3889	nuc	nuc	1
ARG	16, 65	3888	ALA	16, 66	3889	nuc	nuc	1
PRO	2, 25	405	LEU	16, 67	3890	nuc	nuc	0.74
SER	2, 26	406	LEU	16, 67	3890	nuc	nuc	0.99
ASN	2, 27	407	LEU	16, 67	3890	nuc	nuc	0.99
ASN	2, 208	588	LEU	16, 67	3890	nuc	nuc	0.91
LEU	2, 210	590	LEU	16, 67	3890	nuc	nuc	0.97
ILE	2, 212	592	LEU	16, 67	3890	nuc	nuc	0.69
SER	2, 214	594	LEU	16, 67	3890	nuc	nuc	0.98
SER	2, 216	596	LEU	16, 67	3890	nuc	nuc	0.83
ASP	2, 217	597	LEU	16, 67	3890	nuc	nuc	0.99
ILE	16, 63	3886	LEU	16, 67	3890	nuc	nuc	1
LYS	16, 64	3887	LEU	16, 67	3890	nuc	nuc	1
ARG	16, 65	3888	LEU	16, 67	3890	nuc	nuc	0.99
ALA	16, 66	3889	LEU	16, 67	3890	nuc	nuc	1
SER	2, 26	406	ASP	16, 68	3891	nuc	nuc	0.83
ASN	2, 27	407	ASP	16, 68	3891	nuc	nuc	0.54
ASP	2, 217	597	ASP	16, 68	3891	nuc	nuc	0.94
ARG	4, 233	1234	ASP	16, 68	3891	nuc	nuc	0.95
MET	4, 235	1236	ASP	16, 68	3891	nuc	nuc	0.99
LYS	16, 64	3887	ASP	16, 68	3891	nuc	nuc	1
ARG	16, 65	3888	ASP	16, 68	3891	nuc	nuc	1
ALA	16, 66	3889	ASP	16, 68	3891	nuc	nuc	1
LEU	16, 67	3890	ASP	16, 68	3891	nuc	nuc	1
TYR	16, 30	3853	LEU	16, 69	3892	nuc	nuc	0.99
ARG	16, 65	3888	LEU	16, 69	3892	nuc	nuc	1
ALA	16, 66	3889	LEU	16, 69	3892	nuc	nuc	1
LEU	16, 67	3890	LEU	16, 69	3892	nuc	nuc	0.99
ASP	16, 68	3891	LEU	16, 69	3892	nuc	nuc	1
ASN	2, 27	407	SER	16, 70	3893	nuc	nuc	0.99
ASN	2, 208	588	SER	16, 70	3893	nuc	nuc	0.81
PRO	2, 209	589	SER	16, 70	3893	nuc	nuc	0.99
LEU	2, 210	590	SER	16, 70	3893	nuc	nuc	0.99
TYR	16, 30	3853	SER	16, 70	3893	nuc	nuc	0.95
ALA	16, 66	3889	SER	16, 70	3893	nuc	nuc	1
LEU	16, 67	3890	SER	16, 70	3893	nuc	nuc	1
ASP	16, 68	3891	SER	16, 70	3893	nuc	nuc	0.99
LEU	16, 69	3892	SER	16, 70	3893	nuc	nuc	1
SER	2, 26	406	LEU	16, 71	3894	nuc	nuc	0.99
ASN	2, 27	407	LEU	16, 71	3894	nuc	nuc	0.99
LEU	4, 230	1231	LEU	16, 71	3894	nuc	nuc	0.98
LYS	4, 231	1232	LEU	16, 71	3894	nuc	nuc	0.88
LEU	16, 67	3890	LEU	16, 71	3894	nuc	nuc	0.99
ASP	16, 68	3891	LEU	16, 71	3894	nuc	nuc	1
LEU	16, 69	3892	LEU	16, 71	3894	nuc	nuc	0.99
SER	16, 70	3893	LEU	16, 71	3894	nuc	nuc	1
LYS	4, 231	1232	LYS	16, 72	3895	nuc	nuc	0.99
ASP	16, 68	3891	LYS	16, 72	3895	nuc	nuc	0.99
LEU	16, 69	3892	LYS	16, 72	3895	nuc	nuc	1
SER	16, 70	3893	LYS	16, 72	3895	nuc	nuc	0.98
LEU	16, 71	3894	LYS	16, 72	3895	nuc	nuc	1
SER	16, 70	3893	HIS	16, 73	3896	nuc	nuc	0.97
LEU	16, 71	3894	HIS	16, 73	3896	nuc	nuc	0.94
LYS	16, 72	3895	HIS	16, 73	3896	nuc	nuc	1
LEU	16, 69	3892	ARG	16, 74	3897	nuc	nuc	0.99
LYS	16, 72	3895	ARG	16, 74	3897	nuc	nuc	1
HIS	16, 73	3896	ARG	16, 74	3897	nuc	nuc	1
LYS	16, 29	3852	ILE	16, 75	3898	nuc	nuc	0.99
TYR	16, 30	3853	ILE	16, 75	3898	nuc	nuc	0.97
LEU	16, 69	3892	ILE	16, 75	3898	nuc	nuc	0.98
ARG	16, 74	3897	ILE	16, 75	3898	nuc	nuc	1
LYS	16, 29	3852	LEU	16, 76	3899	nuc	nuc	0.98
TYR	16, 30	3853	LEU	16, 76	3899	nuc	nuc	0.98
GLY	16, 31	3854	LEU	16, 76	3899	nuc	nuc	0.99
LEU	16, 69	3892	LEU	16, 76	3899	nuc	nuc	0.98
ILE	16, 75	3898	LEU	16, 76	3899	nuc	nuc	1
LEU	16, 76	3899	PRO	16, 77	3900	nuc	nuc	1
LEU	16, 76	3899	LYS	16, 78	3901	nuc	nuc	0.56
PRO	16, 77	3900	LYS	16, 78	3901	nuc	nuc	1
PRO	16, 77	3900	GLU	16, 79	3902	nuc	nuc	0.99
LYS	16, 78	3901	GLU	16, 79	3902	nuc	nuc	1
GLY	16, 31	3854	GLN	16, 80	3903	nuc	nuc	0.9
LEU	16, 76	3899	GLN	16, 80	3903	nuc	nuc	0.99
PRO	16, 77	3900	GLN	16, 80	3903	nuc	nuc	0.99
LYS	16, 78	3901	GLN	16, 80	3903	nuc	nuc	0.91
GLU	16, 79	3902	GLN	16, 80	3903	nuc	nuc	1
ASN	16, 28	3851	TRP	16, 81	3904	nuc	nuc	0.99
LYS	16, 29	3852	TRP	16, 81	3904	nuc	nuc	0.98
GLY	16, 31	3854	TRP	16, 81	3904	nuc	nuc	0.97
LEU	16, 76	3899	TRP	16, 81	3904	nuc	nuc	0.99
PRO	16, 77	3900	TRP	16, 81	3904	nuc	nuc	0.53
LYS	16, 78	3901	TRP	16, 81	3904	nuc	nuc	0.97
GLU	16, 79	3902	TRP	16, 81	3904	nuc	nuc	0.96
GLN	16, 80	3903	TRP	16, 81	3904	nuc	nuc	1
ASN	16, 28	3851	VAL	16, 82	3905	nuc	nuc	0.98
GLY	16, 31	3854	VAL	16, 82	3905	nuc	nuc	0.99
LEU	16, 32	3855	VAL	16, 82	3905	nuc	nuc	0.92
MET	16, 33	3856	VAL	16, 82	3905	nuc	nuc	0.98
TRP	16, 81	3904	VAL	16, 82	3905	nuc	nuc	1
ASN	16, 28	3851	LYS	16, 83	3906	nuc	nuc	0.7
TRP	16, 81	3904	LYS	16, 83	3906	nuc	nuc	0.98
VAL	16, 82	3905	LYS	16, 83	3906	nuc	nuc	1
ARG	16, 18	3841	TYR	16, 84	3907	nuc	nuc	0.57
LYS	16, 19	3842	TYR	16, 84	3907	nuc	nuc	0.98
TYR	16, 22	3845	TYR	16, 84	3907	nuc	nuc	0.98
ASN	16, 23	3846	TYR	16, 84	3907	nuc	nuc	0.8
ASN	16, 28	3851	TYR	16, 84	3907	nuc	nuc	0.63
LYS	16, 83	3906	TYR	16, 84	3907	nuc	nuc	1
LYS	16, 83	3906	GLU	16, 85	3908	nuc	nuc	0.99
TYR	16, 84	3907	GLU	16, 85	3908	nuc	nuc	1
VAL	16, 82	3905	GLU	16, 86	3909	nuc	nuc	0.96
LYS	16, 83	3906	GLU	16, 86	3909	nuc	nuc	0.99
TYR	16, 84	3907	GLU	16, 86	3909	nuc	nuc	0.9
GLU	16, 85	3908	GLU	16, 86	3909	nuc	nuc	1
TYR	16, 22	3845	ASP	16, 87	3910	nuc	nuc	0.59
ASN	16, 28	3851	ASP	16, 87	3910	nuc	nuc	0.6
MET	16, 33	3856	ASP	16, 87	3910	nuc	nuc	0.99
ARG	16, 34	3857	ASP	16, 87	3910	nuc	nuc	0.98
VAL	16, 82	3905	ASP	16, 87	3910	nuc	nuc	0.96
LYS	16, 83	3906	ASP	16, 87	3910	nuc	nuc	0.9
TYR	16, 84	3907	ASP	16, 87	3910	nuc	nuc	0.98
GLU	16, 85	3908	ASP	16, 87	3910	nuc	nuc	0.91
GLU	16, 86	3909	ASP	16, 87	3910	nuc	nuc	1
MET	16, 33	3856	LYS	16, 88	3911	nuc	nuc	0.87
GLU	16, 86	3909	LYS	16, 88	3911	nuc	nuc	0.91
ASP	16, 87	3910	LYS	16, 88	3911	nuc	nuc	1
ARG	16, 34	3857	PRO	16, 89	3912	nuc	nuc	0.95
ASP	16, 35	3858	PRO	16, 89	3912	nuc	nuc	0.98
ASP	16, 87	3910	PRO	16, 89	3912	nuc	nuc	0.92
LYS	16, 88	3911	PRO	16, 89	3912	nuc	nuc	1
MET	16, 33	3856	TYR	16, 90	3913	nuc	nuc	0.84
ASP	16, 35	3858	TYR	16, 90	3913	nuc	nuc	0.99
LEU	16, 51	3874	TYR	16, 90	3913	nuc	nuc	0.59
LEU	16, 55	3878	TYR	16, 90	3913	nuc	nuc	0.99
ARG	16, 59	3882	TYR	16, 90	3913	nuc	nuc	0.68
LYS	16, 88	3911	TYR	16, 90	3913	nuc	nuc	0.98
PRO	16, 89	3912	TYR	16, 90	3913	nuc	nuc	1
ASP	16, 35	3858	LEU	16, 91	3914	nuc	nuc	0.99
LEU	16, 38	3861	LEU	16, 91	3914	nuc	nuc	0.94
VAL	16, 44	3867	LEU	16, 91	3914	nuc	nuc	0.78
ALA	16, 47	3870	LEU	16, 91	3914	nuc	nuc	0.99
LEU	16, 48	3871	LEU	16, 91	3914	nuc	nuc	0.84
LEU	16, 51	3874	LEU	16, 91	3914	nuc	nuc	0.91
PRO	16, 89	3912	LEU	16, 91	3914	nuc	nuc	0.98
TYR	16, 90	3913	LEU	16, 91	3914	nuc	nuc	1
ASP	16, 35	3858	GLU	16, 92	3915	nuc	nuc	0.95
PRO	16, 89	3912	GLU	16, 92	3915	nuc	nuc	0.99
TYR	16, 90	3913	GLU	16, 92	3915	nuc	nuc	0.92
LEU	16, 91	3914	GLU	16, 92	3915	nuc	nuc	1
PRO	16, 89	3912	PRO	16, 93	3916	nuc	nuc	0.54
LEU	16, 91	3914	PRO	16, 93	3916	nuc	nuc	0.92
GLU	16, 92	3915	PRO	16, 93	3916	nuc	nuc	1
ALA	16, 47	3870	TYR	16, 94	3917	nuc	nuc	1
ARG	16, 50	3873	TYR	16, 94	3917	nuc	nuc	1
LEU	16, 51	3874	TYR	16, 94	3917	nuc	nuc	0.99
LEU	16, 91	3914	TYR	16, 94	3917	nuc	nuc	1
GLU	16, 92	3915	TYR	16, 94	3917	nuc	nuc	0.97
PRO	16, 93	3916	TYR	16, 94	3917	nuc	nuc	1
ASP	16, 43	3866	LEU	16, 95	3918	nuc	nuc	0.97
VAL	16, 44	3867	LEU	16, 95	3918	nuc	nuc	0.97
ALA	16, 47	3870	LEU	16, 95	3918	nuc	nuc	0.99
LEU	16, 91	3914	LEU	16, 95	3918	nuc	nuc	0.99
GLU	16, 92	3915	LEU	16, 95	3918	nuc	nuc	1
PRO	16, 93	3916	LEU	16, 95	3918	nuc	nuc	0.98
TYR	16, 94	3917	LEU	16, 95	3918	nuc	nuc	1
GLU	16, 92	3915	LYS	16, 96	3919	nuc	nuc	0.99
PRO	16, 93	3916	LYS	16, 96	3919	nuc	nuc	0.99
TYR	16, 94	3917	LYS	16, 96	3919	nuc	nuc	0.98
LEU	16, 95	3918	LYS	16, 96	3919	nuc	nuc	1
PRO	16, 93	3916	GLU	16, 97	3920	nuc	nuc	0.97
TYR	16, 94	3917	GLU	16, 97	3920	nuc	nuc	1
LEU	16, 95	3918	GLU	16, 97	3920	nuc	nuc	0.99
LYS	16, 96	3919	GLU	16, 97	3920	nuc	nuc	1
ASP	16, 43	3866	VAL	16, 98	3921	nuc	nuc	0.99
GLU	16, 46	3869	VAL	16, 98	3921	nuc	nuc	0.99
ALA	16, 47	3870	VAL	16, 98	3921	nuc	nuc	1
ARG	16, 50	3873	VAL	16, 98	3921	nuc	nuc	0.81
TYR	16, 94	3917	VAL	16, 98	3921	nuc	nuc	0.99
LEU	16, 95	3918	VAL	16, 98	3921	nuc	nuc	1
LYS	16, 96	3919	VAL	16, 98	3921	nuc	nuc	0.98
GLU	16, 97	3920	VAL	16, 98	3921	nuc	nuc	1
ASP	16, 43	3866	ILE	16, 99	3922	nuc	nuc	0.98
LEU	16, 95	3918	ILE	16, 99	3922	nuc	nuc	1
LYS	16, 96	3919	ILE	16, 99	3922	nuc	nuc	1
GLU	16, 97	3920	ILE	16, 99	3922	nuc	nuc	0.98
VAL	16, 98	3921	ILE	16, 99	3922	nuc	nuc	1
LYS	16, 96	3919	ARG	16, 100	3923	nuc	nuc	0.99
GLU	16, 97	3920	ARG	16, 100	3923	nuc	nuc	1
VAL	16, 98	3921	ARG	16, 100	3923	nuc	nuc	0.99
ILE	16, 99	3922	ARG	16, 100	3923	nuc	nuc	1
SER	7, 83	2217	GLU	16, 101	3924	nuc	nuc	0.97
PHE	7, 85	2219	GLU	16, 101	3924	nuc	nuc	0.93
GLU	16, 97	3920	GLU	16, 101	3924	nuc	nuc	0.99
VAL	16, 98	3921	GLU	16, 101	3924	nuc	nuc	1
ILE	16, 99	3922	GLU	16, 101	3924	nuc	nuc	0.99
ARG	16, 100	3923	GLU	16, 101	3924	nuc	nuc	1
ASP	16, 43	3866	ARG	16, 102	3925	nuc	nuc	0.97
VAL	16, 98	3921	ARG	16, 102	3925	nuc	nuc	0.99
ILE	16, 99	3922	ARG	16, 102	3925	nuc	nuc	1
ARG	16, 100	3923	ARG	16, 102	3925	nuc	nuc	0.99
GLU	16, 101	3924	ARG	16, 102	3925	nuc	nuc	1
ILE	16, 99	3922	LEU	16, 103	3926	nuc	nuc	0.99
ARG	16, 100	3923	LEU	16, 103	3926	nuc	nuc	1
GLU	16, 101	3924	LEU	16, 103	3926	nuc	nuc	0.98
ARG	16, 102	3925	LEU	16, 103	3926	nuc	nuc	1
SER	7, 83	2217	GLU	16, 104	3927	nuc	nuc	0.95
PHE	7, 85	2219	GLU	16, 104	3927	nuc	nuc	0.92
ARG	7, 86	2220	GLU	16, 104	3927	nuc	nuc	0.84
ARG	16, 100	3923	GLU	16, 104	3927	nuc	nuc	0.99
GLU	16, 101	3924	GLU	16, 104	3927	nuc	nuc	1
ARG	16, 102	3925	GLU	16, 104	3927	nuc	nuc	0.99
LEU	16, 103	3926	GLU	16, 104	3927	nuc	nuc	1
PHE	7, 85	2219	ARG	16, 105	3928	nuc	nuc	0.97
GLU	16, 101	3924	ARG	16, 105	3928	nuc	nuc	0.99
ARG	16, 102	3925	ARG	16, 105	3928	nuc	nuc	1
LEU	16, 103	3926	ARG	16, 105	3928	nuc	nuc	0.99
GLU	16, 104	3927	ARG	16, 105	3928	nuc	nuc	1
ARG	16, 102	3925	GLU	16, 106	3929	nuc	nuc	0.99
LEU	16, 103	3926	GLU	16, 106	3929	nuc	nuc	1
GLU	16, 104	3927	GLU	16, 106	3929	nuc	nuc	0.98
ARG	16, 105	3928	GLU	16, 106	3929	nuc	nuc	1
LEU	16, 103	3926	ALA	16, 107	3930	nuc	nuc	0.99
GLU	16, 104	3927	ALA	16, 107	3930	nuc	nuc	0.99
ARG	16, 105	3928	ALA	16, 107	3930	nuc	nuc	0.98
GLU	16, 106	3929	ALA	16, 107	3930	nuc	nuc	1
PHE	7, 85	2219	TRP	16, 108	3931	nuc	nuc	0.8
ARG	7, 86	2220	TRP	16, 108	3931	nuc	nuc	0.68
ARG	7, 89	2223	TRP	16, 108	3931	nuc	nuc	0.96
GLU	16, 104	3927	TRP	16, 108	3931	nuc	nuc	0.99
ARG	16, 105	3928	TRP	16, 108	3931	nuc	nuc	0.99
GLU	16, 106	3929	TRP	16, 108	3931	nuc	nuc	0.99
ALA	16, 107	3930	TRP	16, 108	3931	nuc	nuc	1
ARG	16, 105	3928	ASN	16, 109	3932	nuc	nuc	0.98
GLU	16, 106	3929	ASN	16, 109	3932	nuc	nuc	0.99
ALA	16, 107	3930	ASN	16, 109	3932	nuc	nuc	0.95
TRP	16, 108	3931	ASN	16, 109	3932	nuc	nuc	1
GLU	16, 106	3929	LYS	16, 110	3933	nuc	nuc	0.94
ALA	16, 107	3930	LYS	16, 110	3933	nuc	nuc	0.97
TRP	16, 108	3931	LYS	16, 110	3933	nuc	nuc	0.97
ASN	16, 109	3932	LYS	16, 110	3933	nuc	nuc	1
SER	5, 352	1594	LYS	16, 111	3934	nuc	nuc	0.91
ALA	16, 107	3930	LYS	16, 111	3934	nuc	nuc	0.67
TRP	16, 108	3931	LYS	16, 111	3934	nuc	nuc	0.89
ASN	16, 109	3932	LYS	16, 111	3934	nuc	nuc	0.93
LYS	16, 110	3933	LYS	16, 111	3934	nuc	nuc	1
GLU	1, 203	203	MET	17, 1	3935	mit	nuc	0.59
ASN	1, 17	17	GLY	17, 2	3936	mit	nuc	0.58
HIS	1, 202	202	GLY	17, 2	3936	mit	nuc	0.81
GLU	1, 203	203	GLY	17, 2	3936	mit	nuc	0.92
MET	17, 1	3935	GLY	17, 2	3936	nuc	nuc	1
PRO	1, 23	23	ILE	17, 3	3937	mit	nuc	0.95
HIS	1, 202	202	ILE	17, 3	3937	mit	nuc	0.6
GLU	1, 203	203	ILE	17, 3	3937	mit	nuc	0.65
GLY	1, 205	205	ILE	17, 3	3937	mit	nuc	0.9
MET	17, 1	3935	ILE	17, 3	3937	nuc	nuc	0.52
GLY	17, 2	3936	ILE	17, 3	3937	nuc	nuc	1
ASN	1, 17	17	HIS	17, 4	3938	mit	nuc	0.63
ASP	1, 21	21	HIS	17, 4	3938	mit	nuc	0.8
PRO	1, 23	23	HIS	17, 4	3938	mit	nuc	0.92
GLY	17, 2	3936	HIS	17, 4	3938	nuc	nuc	0.99
ILE	17, 3	3937	HIS	17, 4	3938	nuc	nuc	1
ASP	1, 21	21	PHE	17, 5	3939	mit	nuc	0.92
PRO	1, 23	23	PHE	17, 5	3939	mit	nuc	0.98
LYS	1, 218	218	PHE	17, 5	3939	mit	nuc	0.83
PRO	1, 220	220	PHE	17, 5	3939	mit	nuc	0.71
ASP	5, 332	1574	PHE	17, 5	3939	nuc	nuc	0.73
GLU	5, 429	1671	PHE	17, 5	3939	nuc	nuc	0.99
GLN	5, 430	1672	PHE	17, 5	3939	nuc	nuc	1
HIS	17, 4	3938	PHE	17, 5	3939	nuc	nuc	1
PRO	5, 328	1570	GLY	17, 6	3940	nuc	nuc	0.96
LEU	5, 329	1571	GLY	17, 6	3940	nuc	nuc	0.98
GLU	5, 429	1671	GLY	17, 6	3940	nuc	nuc	0.99
GLN	5, 430	1672	GLY	17, 6	3940	nuc	nuc	0.99
HIS	17, 4	3938	GLY	17, 6	3940	nuc	nuc	1
PHE	17, 5	3939	GLY	17, 6	3940	nuc	nuc	1
ILE	17, 3	3937	ASN	17, 7	3941	nuc	nuc	0.69
HIS	17, 4	3938	ASN	17, 7	3941	nuc	nuc	0.95
PHE	17, 5	3939	ASN	17, 7	3941	nuc	nuc	0.78
GLY	17, 6	3940	ASN	17, 7	3941	nuc	nuc	1
PRO	1, 23	23	LEU	17, 8	3942	mit	nuc	0.96
ASP	1, 215	215	LEU	17, 8	3942	mit	nuc	0.99
SER	1, 216	216	LEU	17, 8	3942	mit	nuc	0.71
LYS	1, 218	218	LEU	17, 8	3942	mit	nuc	0.97
GLU	5, 429	1671	LEU	17, 8	3942	nuc	nuc	0.98
ILE	17, 3	3937	LEU	17, 8	3942	nuc	nuc	0.92
HIS	17, 4	3938	LEU	17, 8	3942	nuc	nuc	0.6
PHE	17, 5	3939	LEU	17, 8	3942	nuc	nuc	0.97
GLY	17, 6	3940	LEU	17, 8	3942	nuc	nuc	1
ASN	17, 7	3941	LEU	17, 8	3942	nuc	nuc	1
ASP	1, 215	215	ALA	17, 9	3943	mit	nuc	0.99
SER	1, 216	216	ALA	17, 9	3943	mit	nuc	0.98
GLU	5, 429	1671	ALA	17, 9	3943	nuc	nuc	0.55
MET	15, 60	3772	ALA	17, 9	3943	nuc	nuc	0.78
LEU	17, 8	3942	ALA	17, 9	3943	nuc	nuc	1
ASP	5, 246	1488	ARG	17, 10	3944	nuc	nuc	1
ALA	17, 9	3943	ARG	17, 10	3944	nuc	nuc	1
SER	1, 216	216	VAL	17, 11	3945	mit	nuc	0.99
ARG	5, 244	1486	VAL	17, 11	3945	nuc	nuc	0.99
ASP	5, 245	1487	VAL	17, 11	3945	nuc	nuc	0.51
ASP	5, 246	1488	VAL	17, 11	3945	nuc	nuc	0.98
GLU	5, 429	1671	VAL	17, 11	3945	nuc	nuc	0.64
MET	15, 60	3772	VAL	17, 11	3945	nuc	nuc	0.99
LYS	15, 64	3776	VAL	17, 11	3945	nuc	nuc	0.79
ALA	17, 9	3943	VAL	17, 11	3945	nuc	nuc	1
ARG	17, 10	3944	VAL	17, 11	3945	nuc	nuc	1
ARG	5, 244	1486	ARG	17, 12	3946	nuc	nuc	0.79
ASP	5, 245	1487	ARG	17, 12	3946	nuc	nuc	0.99
ASP	5, 246	1488	ARG	17, 12	3946	nuc	nuc	0.99
ALA	5, 247	1489	ARG	17, 12	3946	nuc	nuc	0.98
GLU	15, 53	3765	ARG	17, 12	3946	nuc	nuc	0.61
ASN	15, 57	3769	ARG	17, 12	3946	nuc	nuc	0.99
MET	15, 60	3772	ARG	17, 12	3946	nuc	nuc	0.73
ARG	17, 10	3944	ARG	17, 12	3946	nuc	nuc	0.99
VAL	17, 11	3945	ARG	17, 12	3946	nuc	nuc	1
TYR	3, 237	997	HIS	17, 13	3947	nuc	nuc	0.98
ARG	3, 238	998	HIS	17, 13	3947	nuc	nuc	0.99
PRO	3, 239	999	HIS	17, 13	3947	nuc	nuc	0.99
PRO	3, 240	1000	HIS	17, 13	3947	nuc	nuc	0.81
ASP	5, 245	1487	HIS	17, 13	3947	nuc	nuc	0.99
ASN	15, 57	3769	HIS	17, 13	3947	nuc	nuc	0.97
ARG	17, 12	3946	HIS	17, 13	3947	nuc	nuc	1
MET	3, 235	995	ILE	17, 14	3948	nuc	nuc	0.99
ALA	3, 236	996	ILE	17, 14	3948	nuc	nuc	0.89
TYR	3, 237	997	ILE	17, 14	3948	nuc	nuc	0.99
ARG	3, 238	998	ILE	17, 14	3948	nuc	nuc	0.63
ALA	5, 243	1485	ILE	17, 14	3948	nuc	nuc	0.62
ARG	5, 244	1486	ILE	17, 14	3948	nuc	nuc	0.99
MET	15, 60	3772	ILE	17, 14	3948	nuc	nuc	0.76
PHE	15, 61	3773	ILE	17, 14	3948	nuc	nuc	0.99
LYS	15, 64	3776	ILE	17, 14	3948	nuc	nuc	0.99
VAL	17, 11	3945	ILE	17, 14	3948	nuc	nuc	0.99
ARG	17, 12	3946	ILE	17, 14	3948	nuc	nuc	0.98
HIS	17, 13	3947	ILE	17, 14	3948	nuc	nuc	1
MET	3, 235	995	ILE	17, 15	3949	nuc	nuc	0.95
ALA	3, 236	996	ILE	17, 15	3949	nuc	nuc	0.99
TYR	3, 237	997	ILE	17, 15	3949	nuc	nuc	0.61
ARG	3, 238	998	ILE	17, 15	3949	nuc	nuc	0.99
ILE	5, 241	1483	ILE	17, 15	3949	nuc	nuc	0.98
ARG	5, 242	1484	ILE	17, 15	3949	nuc	nuc	0.98
ALA	5, 243	1485	ILE	17, 15	3949	nuc	nuc	1
ARG	5, 244	1486	ILE	17, 15	3949	nuc	nuc	0.82
VAL	11, 5	3173	ILE	17, 15	3949	nuc	nuc	0.93
ILE	17, 14	3948	ILE	17, 15	3949	nuc	nuc	1
ARG	3, 233	993	THR	17, 16	3950	nuc	nuc	1
LYS	3, 234	994	THR	17, 16	3950	nuc	nuc	0.89
MET	3, 235	995	THR	17, 16	3950	nuc	nuc	1
GLU	5, 240	1482	THR	17, 16	3950	nuc	nuc	0.54
ILE	5, 241	1483	THR	17, 16	3950	nuc	nuc	0.92
ARG	5, 242	1484	THR	17, 16	3950	nuc	nuc	1
ARG	5, 244	1486	THR	17, 16	3950	nuc	nuc	0.87
ILE	17, 14	3948	THR	17, 16	3950	nuc	nuc	1
ILE	17, 15	3949	THR	17, 16	3950	nuc	nuc	1
ARG	3, 233	993	TYR	17, 17	3951	nuc	nuc	0.99
LYS	3, 234	994	TYR	17, 17	3951	nuc	nuc	1
MET	3, 235	995	TYR	17, 17	3951	nuc	nuc	0.8
ALA	3, 236	996	TYR	17, 17	3951	nuc	nuc	0.78
THR	5, 156	1398	TYR	17, 17	3951	nuc	nuc	0.89
SER	5, 239	1481	TYR	17, 17	3951	nuc	nuc	0.93
GLU	5, 240	1482	TYR	17, 17	3951	nuc	nuc	0.86
ILE	5, 241	1483	TYR	17, 17	3951	nuc	nuc	1
VAL	11, 7	3175	TYR	17, 17	3951	nuc	nuc	0.99
PRO	11, 8	3176	TYR	17, 17	3951	nuc	nuc	0.99
ILE	17, 15	3949	TYR	17, 17	3951	nuc	nuc	1
THR	17, 16	3950	TYR	17, 17	3951	nuc	nuc	1
VAL	3, 229	989	SER	17, 18	3952	nuc	nuc	1
LEU	3, 230	990	SER	17, 18	3952	nuc	nuc	0.85
SER	3, 232	992	SER	17, 18	3952	nuc	nuc	0.96
ARG	3, 233	993	SER	17, 18	3952	nuc	nuc	1
SER	5, 239	1481	SER	17, 18	3952	nuc	nuc	0.99
GLU	5, 240	1482	SER	17, 18	3952	nuc	nuc	1
ARG	5, 242	1484	SER	17, 18	3952	nuc	nuc	0.61
TYR	5, 434	1676	SER	17, 18	3952	nuc	nuc	0.99
THR	17, 16	3950	SER	17, 18	3952	nuc	nuc	1
TYR	17, 17	3951	SER	17, 18	3952	nuc	nuc	1
SER	3, 228	988	LEU	17, 19	3953	nuc	nuc	0.58
VAL	3, 229	989	LEU	17, 19	3953	nuc	nuc	0.98
SER	3, 232	992	LEU	17, 19	3953	nuc	nuc	0.99
THR	5, 237	1479	LEU	17, 19	3953	nuc	nuc	0.97
GLY	5, 238	1480	LEU	17, 19	3953	nuc	nuc	0.96
SER	5, 239	1481	LEU	17, 19	3953	nuc	nuc	1
GLU	5, 240	1482	LEU	17, 19	3953	nuc	nuc	0.54
PHE	11, 10	3178	LEU	17, 19	3953	nuc	nuc	1
TYR	11, 13	3181	LEU	17, 19	3953	nuc	nuc	0.95
ARG	11, 14	3182	LEU	17, 19	3953	nuc	nuc	0.7
TYR	17, 17	3951	LEU	17, 19	3953	nuc	nuc	0.74
SER	17, 18	3952	LEU	17, 19	3953	nuc	nuc	1
VAL	3, 229	989	SER	17, 20	3954	nuc	nuc	0.95
THR	5, 237	1479	SER	17, 20	3954	nuc	nuc	0.87
GLY	5, 238	1480	SER	17, 20	3954	nuc	nuc	1
SER	5, 239	1481	SER	17, 20	3954	nuc	nuc	0.99
CYS	5, 419	1661	SER	17, 20	3954	nuc	nuc	1
TYR	5, 434	1676	SER	17, 20	3954	nuc	nuc	0.99
ARG	5, 438	1680	SER	17, 20	3954	nuc	nuc	0.97
LEU	17, 19	3953	SER	17, 20	3954	nuc	nuc	1
HIS	3, 225	985	PRO	17, 21	3955	nuc	nuc	1
LYS	3, 226	986	PRO	17, 21	3955	nuc	nuc	0.99
SER	3, 228	988	PRO	17, 21	3955	nuc	nuc	0.99
VAL	3, 229	989	PRO	17, 21	3955	nuc	nuc	0.99
ASN	5, 435	1677	PRO	17, 21	3955	nuc	nuc	0.98
ARG	5, 438	1680	PRO	17, 21	3955	nuc	nuc	0.79
SER	11, 36	3204	PRO	17, 21	3955	nuc	nuc	0.71
LEU	17, 19	3953	PRO	17, 21	3955	nuc	nuc	0.71
SER	17, 20	3954	PRO	17, 21	3955	nuc	nuc	1
CYS	5, 419	1661	PHE	17, 22	3956	nuc	nuc	0.99
SER	11, 29	3197	PHE	17, 22	3956	nuc	nuc	0.72
ARG	11, 32	3200	PHE	17, 22	3956	nuc	nuc	0.99
LYS	11, 33	3201	PHE	17, 22	3956	nuc	nuc	0.99
SER	11, 36	3204	PHE	17, 22	3956	nuc	nuc	0.99
SER	17, 20	3954	PHE	17, 22	3956	nuc	nuc	1
PRO	17, 21	3955	PHE	17, 22	3956	nuc	nuc	1
THR	5, 237	1479	GLU	17, 23	3957	nuc	nuc	0.99
GLY	5, 238	1480	GLU	17, 23	3957	nuc	nuc	0.99
SER	5, 239	1481	GLU	17, 23	3957	nuc	nuc	0.83
CYS	5, 419	1661	GLU	17, 23	3957	nuc	nuc	0.97
ARG	11, 14	3182	GLU	17, 23	3957	nuc	nuc	0.98
ARG	11, 15	3183	GLU	17, 23	3957	nuc	nuc	0.98
VAL	11, 18	3186	GLU	17, 23	3957	nuc	nuc	0.99
SER	11, 25	3193	GLU	17, 23	3957	nuc	nuc	0.74
ARG	11, 32	3200	GLU	17, 23	3957	nuc	nuc	0.72
LEU	17, 19	3953	GLU	17, 23	3957	nuc	nuc	1
SER	17, 20	3954	GLU	17, 23	3957	nuc	nuc	1
PRO	17, 21	3955	GLU	17, 23	3957	nuc	nuc	0.99
PHE	17, 22	3956	GLU	17, 23	3957	nuc	nuc	1
SER	3, 228	988	GLN	17, 24	3958	nuc	nuc	1
SER	3, 232	992	GLN	17, 24	3958	nuc	nuc	0.99
PHE	11, 10	3178	GLN	17, 24	3958	nuc	nuc	0.86
TYR	11, 13	3181	GLN	17, 24	3958	nuc	nuc	0.99
ARG	11, 14	3182	GLN	17, 24	3958	nuc	nuc	0.98
ARG	11, 15	3183	GLN	17, 24	3958	nuc	nuc	0.99
LEU	17, 19	3953	GLN	17, 24	3958	nuc	nuc	0.99
SER	17, 20	3954	GLN	17, 24	3958	nuc	nuc	0.97
PRO	17, 21	3955	GLN	17, 24	3958	nuc	nuc	1
PHE	17, 22	3956	GLN	17, 24	3958	nuc	nuc	0.66
GLU	17, 23	3957	GLN	17, 24	3958	nuc	nuc	1
SER	3, 228	988	ARG	17, 25	3959	nuc	nuc	0.85
TYR	11, 13	3181	ARG	17, 25	3959	nuc	nuc	0.98
ARG	11, 14	3182	ARG	17, 25	3959	nuc	nuc	0.91
ARG	11, 15	3183	ARG	17, 25	3959	nuc	nuc	1
GLN	17, 24	3958	ARG	17, 25	3959	nuc	nuc	1
TYR	3, 221	981	ALA	17, 26	3960	nuc	nuc	0.99
ARG	3, 224	984	ALA	17, 26	3960	nuc	nuc	1
HIS	3, 225	985	ALA	17, 26	3960	nuc	nuc	1
SER	3, 228	988	ALA	17, 26	3960	nuc	nuc	0.99
PRO	17, 21	3955	ALA	17, 26	3960	nuc	nuc	0.68
GLN	17, 24	3958	ALA	17, 26	3960	nuc	nuc	0.84
ARG	17, 25	3959	ALA	17, 26	3960	nuc	nuc	1
TYR	3, 221	981	ILE	17, 27	3961	nuc	nuc	0.84
ARG	3, 224	984	ILE	17, 27	3961	nuc	nuc	0.99
ARG	17, 25	3959	ILE	17, 27	3961	nuc	nuc	0.99
ALA	17, 26	3960	ILE	17, 27	3961	nuc	nuc	1
SER	3, 232	992	PRO	17, 28	3962	nuc	nuc	0.52
ALA	11, 12	3180	PRO	17, 28	3962	nuc	nuc	0.91
TYR	11, 13	3181	PRO	17, 28	3962	nuc	nuc	0.98
GLN	17, 24	3958	PRO	17, 28	3962	nuc	nuc	0.82
ARG	17, 25	3959	PRO	17, 28	3962	nuc	nuc	0.98
ALA	17, 26	3960	PRO	17, 28	3962	nuc	nuc	0.82
ILE	17, 27	3961	PRO	17, 28	3962	nuc	nuc	1
ALA	11, 12	3180	ASN	17, 29	3963	nuc	nuc	0.85
PRO	17, 28	3962	ASN	17, 29	3963	nuc	nuc	1
ILE	17, 27	3961	ILE	17, 30	3964	nuc	nuc	0.97
PRO	17, 28	3962	ILE	17, 30	3964	nuc	nuc	0.85
ASN	17, 29	3963	ILE	17, 30	3964	nuc	nuc	1
ASN	17, 29	3963	PHE	17, 31	3965	nuc	nuc	0.9
ILE	17, 30	3964	PHE	17, 31	3965	nuc	nuc	1
ASN	17, 29	3963	SER	17, 32	3966	nuc	nuc	0.93
ILE	17, 30	3964	SER	17, 32	3966	nuc	nuc	0.78
PHE	17, 31	3965	SER	17, 32	3966	nuc	nuc	1
ASN	17, 29	3963	ASP	17, 33	3967	nuc	nuc	0.92
ILE	17, 30	3964	ASP	17, 33	3967	nuc	nuc	0.75
SER	17, 32	3966	ASP	17, 33	3967	nuc	nuc	1
ASN	17, 29	3963	ALA	17, 34	3968	nuc	nuc	0.88
ILE	17, 30	3964	ALA	17, 34	3968	nuc	nuc	0.95
PHE	17, 31	3965	ALA	17, 34	3968	nuc	nuc	0.88
SER	17, 32	3966	ALA	17, 34	3968	nuc	nuc	0.51
ASP	17, 33	3967	ALA	17, 34	3968	nuc	nuc	1
ILE	17, 30	3964	LEU	17, 35	3969	nuc	nuc	0.78
PHE	17, 31	3965	LEU	17, 35	3969	nuc	nuc	0.93
SER	17, 32	3966	LEU	17, 35	3969	nuc	nuc	0.54
ASP	17, 33	3967	LEU	17, 35	3969	nuc	nuc	0.76
ALA	17, 34	3968	LEU	17, 35	3969	nuc	nuc	1
SER	17, 32	3966	PRO	17, 36	3970	nuc	nuc	0.74
ASP	17, 33	3967	PRO	17, 36	3970	nuc	nuc	0.98
ALA	17, 34	3968	PRO	17, 36	3970	nuc	nuc	0.95
LEU	17, 35	3969	PRO	17, 36	3970	nuc	nuc	1
HIS	15, 73	3785	ASN	17, 37	3971	nuc	nuc	0.96
ARG	15, 74	3786	ASN	17, 37	3971	nuc	nuc	0.95
ASP	17, 33	3967	ASN	17, 37	3971	nuc	nuc	0.98
ALA	17, 34	3968	ASN	17, 37	3971	nuc	nuc	0.99
LEU	17, 35	3969	ASN	17, 37	3971	nuc	nuc	0.99
PRO	17, 36	3970	ASN	17, 37	3971	nuc	nuc	1
ALA	17, 34	3968	VAL	17, 38	3972	nuc	nuc	0.98
LEU	17, 35	3969	VAL	17, 38	3972	nuc	nuc	1
PRO	17, 36	3970	VAL	17, 38	3972	nuc	nuc	0.98
ASN	17, 37	3971	VAL	17, 38	3972	nuc	nuc	1
LEU	17, 35	3969	TRP	17, 39	3973	nuc	nuc	0.98
PRO	17, 36	3970	TRP	17, 39	3973	nuc	nuc	1
ASN	17, 37	3971	TRP	17, 39	3973	nuc	nuc	0.99
VAL	17, 38	3972	TRP	17, 39	3973	nuc	nuc	1
PRO	17, 36	3970	ARG	17, 40	3974	nuc	nuc	0.99
ASN	17, 37	3971	ARG	17, 40	3974	nuc	nuc	1
VAL	17, 38	3972	ARG	17, 40	3974	nuc	nuc	0.99
TRP	17, 39	3973	ARG	17, 40	3974	nuc	nuc	1
HIS	15, 73	3785	ARG	17, 41	3975	nuc	nuc	0.94
ASN	17, 37	3971	ARG	17, 41	3975	nuc	nuc	0.99
VAL	17, 38	3972	ARG	17, 41	3975	nuc	nuc	1
TRP	17, 39	3973	ARG	17, 41	3975	nuc	nuc	0.98
ARG	17, 40	3974	ARG	17, 41	3975	nuc	nuc	1
VAL	17, 38	3972	PHE	17, 42	3976	nuc	nuc	0.99
TRP	17, 39	3973	PHE	17, 42	3976	nuc	nuc	1
ARG	17, 40	3974	PHE	17, 42	3976	nuc	nuc	0.99
ARG	17, 41	3975	PHE	17, 42	3976	nuc	nuc	1
TRP	17, 39	3973	SER	17, 43	3977	nuc	nuc	0.99
ARG	17, 40	3974	SER	17, 43	3977	nuc	nuc	0.99
ARG	17, 41	3975	SER	17, 43	3977	nuc	nuc	0.95
PHE	17, 42	3976	SER	17, 43	3977	nuc	nuc	1
ARG	17, 40	3974	SER	17, 44	3978	nuc	nuc	0.99
ARG	17, 41	3975	SER	17, 44	3978	nuc	nuc	1
PHE	17, 42	3976	SER	17, 44	3978	nuc	nuc	0.97
SER	17, 43	3977	SER	17, 44	3978	nuc	nuc	1
ARG	17, 41	3975	GLN	17, 45	3979	nuc	nuc	0.98
PHE	17, 42	3976	GLN	17, 45	3979	nuc	nuc	0.99
SER	17, 43	3977	GLN	17, 45	3979	nuc	nuc	0.8
SER	17, 44	3978	GLN	17, 45	3979	nuc	nuc	1
PHE	17, 42	3976	VAL	17, 46	3980	nuc	nuc	0.99
SER	17, 43	3977	VAL	17, 46	3980	nuc	nuc	0.98
SER	17, 44	3978	VAL	17, 46	3980	nuc	nuc	0.82
GLN	17, 45	3979	VAL	17, 46	3980	nuc	nuc	1
GLN	17, 45	3979	PHE	17, 47	3981	nuc	nuc	0.86
VAL	17, 46	3980	PHE	17, 47	3981	nuc	nuc	1
PRO	1, 320	320	LYS	17, 48	3982	mit	nuc	0.94
GLN	1, 323	323	LYS	17, 48	3982	mit	nuc	0.99
THR	1, 324	324	LYS	17, 48	3982	mit	nuc	0.99
TRP	1, 327	327	LYS	17, 48	3982	mit	nuc	0.94
GLN	17, 45	3979	LYS	17, 48	3982	nuc	nuc	1
VAL	17, 46	3980	LYS	17, 48	3982	nuc	nuc	0.97
PHE	17, 47	3981	LYS	17, 48	3982	nuc	nuc	1
TRP	1, 327	327	VAL	17, 49	3983	mit	nuc	0.99
GLN	17, 45	3979	VAL	17, 49	3983	nuc	nuc	0.99
VAL	17, 46	3980	VAL	17, 49	3983	nuc	nuc	0.99
PHE	17, 47	3981	VAL	17, 49	3983	nuc	nuc	0.76
LYS	17, 48	3982	VAL	17, 49	3983	nuc	nuc	1
VAL	17, 46	3980	ALA	17, 50	3984	nuc	nuc	0.98
PHE	17, 47	3981	ALA	17, 50	3984	nuc	nuc	0.97
LYS	17, 48	3982	ALA	17, 50	3984	nuc	nuc	0.58
VAL	17, 49	3983	ALA	17, 50	3984	nuc	nuc	1
THR	1, 324	324	PRO	17, 51	3985	mit	nuc	0.65
PHE	17, 47	3981	PRO	17, 51	3985	nuc	nuc	0.91
LYS	17, 48	3982	PRO	17, 51	3985	nuc	nuc	0.74
VAL	17, 49	3983	PRO	17, 51	3985	nuc	nuc	0.81
ALA	17, 50	3984	PRO	17, 51	3985	nuc	nuc	1
THR	1, 324	324	PRO	17, 52	3986	mit	nuc	0.79
TRP	1, 327	327	PRO	17, 52	3986	mit	nuc	0.99
LEU	1, 328	328	PRO	17, 52	3986	mit	nuc	0.99
VAL	1, 330	330	PRO	17, 52	3986	mit	nuc	0.86
ALA	1, 331	331	PRO	17, 52	3986	mit	nuc	0.99
VAL	17, 49	3983	PRO	17, 52	3986	nuc	nuc	0.91
ALA	17, 50	3984	PRO	17, 52	3986	nuc	nuc	0.93
PRO	17, 51	3985	PRO	17, 52	3986	nuc	nuc	1
TRP	1, 327	327	PHE	17, 53	3987	mit	nuc	0.85
ALA	1, 331	331	PHE	17, 53	3987	mit	nuc	0.99
VAL	17, 49	3983	PHE	17, 53	3987	nuc	nuc	0.94
ALA	17, 50	3984	PHE	17, 53	3987	nuc	nuc	0.99
PRO	17, 51	3985	PHE	17, 53	3987	nuc	nuc	0.99
PRO	17, 52	3986	PHE	17, 53	3987	nuc	nuc	1
ALA	17, 50	3984	LEU	17, 54	3988	nuc	nuc	0.99
PRO	17, 51	3985	LEU	17, 54	3988	nuc	nuc	1
PRO	17, 52	3986	LEU	17, 54	3988	nuc	nuc	0.99
PHE	17, 53	3987	LEU	17, 54	3988	nuc	nuc	1
ALA	1, 331	331	GLY	17, 55	3989	mit	nuc	0.92
PRO	17, 51	3985	GLY	17, 55	3989	nuc	nuc	0.97
PRO	17, 52	3986	GLY	17, 55	3989	nuc	nuc	1
PHE	17, 53	3987	GLY	17, 55	3989	nuc	nuc	1
LEU	17, 54	3988	GLY	17, 55	3989	nuc	nuc	1
ALA	1, 331	331	ALA	17, 56	3990	mit	nuc	0.99
LEU	1, 334	334	ALA	17, 56	3990	mit	nuc	0.98
ILE	1, 335	335	ALA	17, 56	3990	mit	nuc	0.99
PRO	17, 52	3986	ALA	17, 56	3990	nuc	nuc	0.99
PHE	17, 53	3987	ALA	17, 56	3990	nuc	nuc	1
LEU	17, 54	3988	ALA	17, 56	3990	nuc	nuc	0.99
GLY	17, 55	3989	ALA	17, 56	3990	nuc	nuc	1
PHE	17, 53	3987	TYR	17, 57	3991	nuc	nuc	0.99
LEU	17, 54	3988	TYR	17, 57	3991	nuc	nuc	1
GLY	17, 55	3989	TYR	17, 57	3991	nuc	nuc	1
ALA	17, 56	3990	TYR	17, 57	3991	nuc	nuc	1
LEU	17, 54	3988	LEU	17, 58	3992	nuc	nuc	0.99
GLY	17, 55	3989	LEU	17, 58	3992	nuc	nuc	1
ALA	17, 56	3990	LEU	17, 58	3992	nuc	nuc	0.99
TYR	17, 57	3991	LEU	17, 58	3992	nuc	nuc	1
ILE	1, 335	335	LEU	17, 59	3993	mit	nuc	0.96
ILE	1, 351	351	LEU	17, 59	3993	mit	nuc	0.95
GLY	17, 55	3989	LEU	17, 59	3993	nuc	nuc	0.99
ALA	17, 56	3990	LEU	17, 59	3993	nuc	nuc	1
TYR	17, 57	3991	LEU	17, 59	3993	nuc	nuc	0.99
LEU	17, 58	3992	LEU	17, 59	3993	nuc	nuc	1
ILE	1, 335	335	TYR	17, 60	3994	mit	nuc	0.81
TRP	1, 338	338	TYR	17, 60	3994	mit	nuc	0.98
ALA	17, 56	3990	TYR	17, 60	3994	nuc	nuc	1
TYR	17, 57	3991	TYR	17, 60	3994	nuc	nuc	1
LEU	17, 58	3992	TYR	17, 60	3994	nuc	nuc	0.99
LEU	17, 59	3993	TYR	17, 60	3994	nuc	nuc	1
TYR	17, 57	3991	SER	17, 61	3995	nuc	nuc	0.99
LEU	17, 58	3992	SER	17, 61	3995	nuc	nuc	1
LEU	17, 59	3993	SER	17, 61	3995	nuc	nuc	0.98
TYR	17, 60	3994	SER	17, 61	3995	nuc	nuc	1
LEU	17, 58	3992	TRP	17, 62	3996	nuc	nuc	0.99
LEU	17, 59	3993	TRP	17, 62	3996	nuc	nuc	1
TYR	17, 60	3994	TRP	17, 62	3996	nuc	nuc	0.97
SER	17, 61	3995	TRP	17, 62	3996	nuc	nuc	1
PRO	1, 347	347	GLY	17, 63	3997	mit	nuc	0.96
PHE	1, 348	348	GLY	17, 63	3997	mit	nuc	0.7
ILE	1, 351	351	GLY	17, 63	3997	mit	nuc	0.92
LEU	17, 59	3993	GLY	17, 63	3997	nuc	nuc	0.99
TYR	17, 60	3994	GLY	17, 63	3997	nuc	nuc	1
SER	17, 61	3995	GLY	17, 63	3997	nuc	nuc	1
TRP	17, 62	3996	GLY	17, 63	3997	nuc	nuc	1
TYR	17, 60	3994	THR	17, 64	3998	nuc	nuc	0.99
SER	17, 61	3995	THR	17, 64	3998	nuc	nuc	0.99
TRP	17, 62	3996	THR	17, 64	3998	nuc	nuc	0.95
GLY	17, 63	3997	THR	17, 64	3998	nuc	nuc	1
SER	17, 61	3995	GLN	17, 65	3999	nuc	nuc	0.99
TRP	17, 62	3996	GLN	17, 65	3999	nuc	nuc	0.99
GLY	17, 63	3997	GLN	17, 65	3999	nuc	nuc	1
THR	17, 64	3998	GLN	17, 65	3999	nuc	nuc	1
PRO	1, 347	347	GLU	17, 66	4000	mit	nuc	0.96
TRP	17, 62	3996	GLU	17, 66	4000	nuc	nuc	0.99
GLY	17, 63	3997	GLU	17, 66	4000	nuc	nuc	1
THR	17, 64	3998	GLU	17, 66	4000	nuc	nuc	0.97
GLN	17, 65	3999	GLU	17, 66	4000	nuc	nuc	1
GLU	1, 345	345	PHE	17, 67	4001	mit	nuc	0.86
PRO	1, 347	347	PHE	17, 67	4001	mit	nuc	0.96
PHE	1, 348	348	PHE	17, 67	4001	mit	nuc	0.91
GLY	17, 63	3997	PHE	17, 67	4001	nuc	nuc	0.99
THR	17, 64	3998	PHE	17, 67	4001	nuc	nuc	1
GLN	17, 65	3999	PHE	17, 67	4001	nuc	nuc	0.99
GLU	17, 66	4000	PHE	17, 67	4001	nuc	nuc	1
THR	17, 64	3998	GLU	17, 68	4002	nuc	nuc	0.98
GLN	17, 65	3999	GLU	17, 68	4002	nuc	nuc	0.99
GLU	17, 66	4000	GLU	17, 68	4002	nuc	nuc	0.97
PHE	17, 67	4001	GLU	17, 68	4002	nuc	nuc	1
GLN	17, 65	3999	ARG	17, 69	4003	nuc	nuc	0.98
GLU	17, 66	4000	ARG	17, 69	4003	nuc	nuc	0.99
PHE	17, 67	4001	ARG	17, 69	4003	nuc	nuc	0.98
GLU	17, 68	4002	ARG	17, 69	4003	nuc	nuc	1
HIS	1, 346	346	LEU	17, 70	4004	mit	nuc	0.86
PRO	1, 347	347	LEU	17, 70	4004	mit	nuc	0.64
GLU	17, 66	4000	LEU	17, 70	4004	nuc	nuc	0.97
PHE	17, 67	4001	LEU	17, 70	4004	nuc	nuc	0.99
GLU	17, 68	4002	LEU	17, 70	4004	nuc	nuc	0.94
ARG	17, 69	4003	LEU	17, 70	4004	nuc	nuc	1
GLY	3, 1	761	LYS	17, 71	4005	nuc	nuc	0.62
LEU	3, 3	763	LYS	17, 71	4005	nuc	nuc	0.9
PHE	17, 67	4001	LYS	17, 71	4005	nuc	nuc	0.96
GLU	17, 68	4002	LYS	17, 71	4005	nuc	nuc	0.98
ARG	17, 69	4003	LYS	17, 71	4005	nuc	nuc	0.95
LEU	17, 70	4004	LYS	17, 71	4005	nuc	nuc	1
GLU	13, 54	3614	ARG	17, 72	4006	nuc	nuc	0.88
GLU	17, 68	4002	ARG	17, 72	4006	nuc	nuc	0.88
ARG	17, 69	4003	ARG	17, 72	4006	nuc	nuc	0.96
LEU	17, 70	4004	ARG	17, 72	4006	nuc	nuc	0.93
LYS	17, 71	4005	ARG	17, 72	4006	nuc	nuc	1
GLU	13, 50	3610	LYS	17, 73	4007	nuc	nuc	0.53
GLU	13, 54	3614	LYS	17, 73	4007	nuc	nuc	0.92
ARG	17, 72	4006	LYS	17, 73	4007	nuc	nuc	1
ARG	17, 72	4006	ASN	17, 74	4008	nuc	nuc	0.72
LYS	17, 73	4007	ASN	17, 74	4008	nuc	nuc	1
LYS	17, 73	4007	PRO	17, 75	4009	nuc	nuc	0.89
ASN	17, 74	4008	PRO	17, 75	4009	nuc	nuc	1
ASN	17, 74	4008	ALA	17, 76	4010	nuc	nuc	0.95
PRO	17, 75	4009	ALA	17, 76	4010	nuc	nuc	1
LYS	17, 73	4007	ASP	17, 77	4011	nuc	nuc	0.55
ASN	17, 74	4008	ASP	17, 77	4011	nuc	nuc	0.91
PRO	17, 75	4009	ASP	17, 77	4011	nuc	nuc	0.88
ALA	17, 76	4010	ASP	17, 77	4011	nuc	nuc	1
THR	13, 48	3608	TYR	17, 78	4012	nuc	nuc	0.68
GLU	13, 49	3609	TYR	17, 78	4012	nuc	nuc	0.54
GLU	13, 50	3610	TYR	17, 78	4012	nuc	nuc	0.78
PRO	17, 75	4009	TYR	17, 78	4012	nuc	nuc	0.81
ALA	17, 76	4010	TYR	17, 78	4012	nuc	nuc	0.82
ASP	17, 77	4011	TYR	17, 78	4012	nuc	nuc	1
PRO	17, 75	4009	GLU	17, 79	4013	nuc	nuc	0.72
ALA	17, 76	4010	GLU	17, 79	4013	nuc	nuc	0.87
ASP	17, 77	4011	GLU	17, 79	4013	nuc	nuc	0.82
TYR	17, 78	4012	GLU	17, 79	4013	nuc	nuc	1
TYR	17, 78	4012	ASN	17, 80	4014	nuc	nuc	0.74
GLU	17, 79	4013	ASN	17, 80	4014	nuc	nuc	1
ARG	13, 45	3605	ASP	17, 81	4015	nuc	nuc	0.78
HIS	13, 47	3607	ASP	17, 81	4015	nuc	nuc	0.67
THR	13, 48	3608	ASP	17, 81	4015	nuc	nuc	0.77
GLU	13, 50	3610	ASP	17, 81	4015	nuc	nuc	0.57
TYR	17, 78	4012	ASP	17, 81	4015	nuc	nuc	0.77
GLU	17, 79	4013	ASP	17, 81	4015	nuc	nuc	0.8
ASN	17, 80	4014	ASP	17, 81	4015	nuc	nuc	1
ARG	13, 45	3605	GLN	17, 82	4016	nuc	nuc	0.76
SER	13, 46	3606	GLN	17, 82	4016	nuc	nuc	0.62
HIS	13, 47	3607	GLN	17, 82	4016	nuc	nuc	0.68
ASN	17, 80	4014	GLN	17, 82	4016	nuc	nuc	0.6
ASP	17, 81	4015	GLN	17, 82	4016	nuc	nuc	1
GLU	2, 203	583	MET	18, 1	4017	nuc	nuc	0.59
ASN	2, 17	397	GLY	18, 2	4018	nuc	nuc	0.58
HIS	2, 202	582	GLY	18, 2	4018	nuc	nuc	0.8
GLU	2, 203	583	GLY	18, 2	4018	nuc	nuc	0.92
MET	18, 1	4017	GLY	18, 2	4018	nuc	nuc	1
PRO	2, 23	403	ILE	18, 3	4019	nuc	nuc	0.95
HIS	2, 202	582	ILE	18, 3	4019	nuc	nuc	0.59
GLU	2, 203	583	ILE	18, 3	4019	nuc	nuc	0.66
GLY	2, 205	585	ILE	18, 3	4019	nuc	nuc	0.91
MET	18, 1	4017	ILE	18, 3	4019	nuc	nuc	0.52
GLY	18, 2	4018	ILE	18, 3	4019	nuc	nuc	1
ASN	2, 17	397	HIS	18, 4	4020	nuc	nuc	0.63
ASP	2, 21	401	HIS	18, 4	4020	nuc	nuc	0.8
PRO	2, 23	403	HIS	18, 4	4020	nuc	nuc	0.92
GLY	18, 2	4018	HIS	18, 4	4020	nuc	nuc	0.99
ILE	18, 3	4019	HIS	18, 4	4020	nuc	nuc	1
ASP	2, 21	401	PHE	18, 5	4021	nuc	nuc	0.92
PRO	2, 23	403	PHE	18, 5	4021	nuc	nuc	0.98
LYS	2, 218	598	PHE	18, 5	4021	nuc	nuc	0.83
PRO	2, 220	600	PHE	18, 5	4021	nuc	nuc	0.72
ASP	6, 332	2020	PHE	18, 5	4021	nuc	nuc	0.73
GLU	6, 429	2117	PHE	18, 5	4021	nuc	nuc	0.99
GLN	6, 430	2118	PHE	18, 5	4021	nuc	nuc	1
HIS	18, 4	4020	PHE	18, 5	4021	nuc	nuc	1
PRO	6, 328	2016	GLY	18, 6	4022	nuc	nuc	0.96
LEU	6, 329	2017	GLY	18, 6	4022	nuc	nuc	0.97
GLU	6, 429	2117	GLY	18, 6	4022	nuc	nuc	0.99
GLN	6, 430	2118	GLY	18, 6	4022	nuc	nuc	0.99
HIS	18, 4	4020	GLY	18, 6	4022	nuc	nuc	1
PHE	18, 5	4021	GLY	18, 6	4022	nuc	nuc	1
ILE	18, 3	4019	ASN	18, 7	4023	nuc	nuc	0.69
HIS	18, 4	4020	ASN	18, 7	4023	nuc	nuc	0.95
PHE	18, 5	4021	ASN	18, 7	4023	nuc	nuc	0.78
GLY	18, 6	4022	ASN	18, 7	4023	nuc	nuc	1
PRO	2, 23	403	LEU	18, 8	4024	nuc	nuc	0.96
ASP	2, 215	595	LEU	18, 8	4024	nuc	nuc	0.99
SER	2, 216	596	LEU	18, 8	4024	nuc	nuc	0.7
LYS	2, 218	598	LEU	18, 8	4024	nuc	nuc	0.97
GLU	6, 429	2117	LEU	18, 8	4024	nuc	nuc	0.98
ILE	18, 3	4019	LEU	18, 8	4024	nuc	nuc	0.92
HIS	18, 4	4020	LEU	18, 8	4024	nuc	nuc	0.6
PHE	18, 5	4021	LEU	18, 8	4024	nuc	nuc	0.97
GLY	18, 6	4022	LEU	18, 8	4024	nuc	nuc	1
ASN	18, 7	4023	LEU	18, 8	4024	nuc	nuc	1
ASP	2, 215	595	ALA	18, 9	4025	nuc	nuc	0.99
SER	2, 216	596	ALA	18, 9	4025	nuc	nuc	0.98
GLU	6, 429	2117	ALA	18, 9	4025	nuc	nuc	0.54
MET	16, 60	3883	ALA	18, 9	4025	nuc	nuc	0.79
LEU	18, 8	4024	ALA	18, 9	4025	nuc	nuc	1
ASP	6, 246	1934	ARG	18, 10	4026	nuc	nuc	0.99
ALA	18, 9	4025	ARG	18, 10	4026	nuc	nuc	1
SER	2, 216	596	VAL	18, 11	4027	nuc	nuc	0.99
ARG	6, 244	1932	VAL	18, 11	4027	nuc	nuc	0.99
ASP	6, 246	1934	VAL	18, 11	4027	nuc	nuc	0.98
GLU	6, 429	2117	VAL	18, 11	4027	nuc	nuc	0.64
MET	16, 60	3883	VAL	18, 11	4027	nuc	nuc	0.99
LYS	16, 64	3887	VAL	18, 11	4027	nuc	nuc	0.79
ALA	18, 9	4025	VAL	18, 11	4027	nuc	nuc	1
ARG	18, 10	4026	VAL	18, 11	4027	nuc	nuc	1
ARG	6, 244	1932	ARG	18, 12	4028	nuc	nuc	0.79
ASP	6, 245	1933	ARG	18, 12	4028	nuc	nuc	0.99
ASP	6, 246	1934	ARG	18, 12	4028	nuc	nuc	0.99
ALA	6, 247	1935	ARG	18, 12	4028	nuc	nuc	0.98
GLU	16, 53	3876	ARG	18, 12	4028	nuc	nuc	0.61
ASN	16, 57	3880	ARG	18, 12	4028	nuc	nuc	0.99
MET	16, 60	3883	ARG	18, 12	4028	nuc	nuc	0.74
ARG	18, 10	4026	ARG	18, 12	4028	nuc	nuc	0.99
VAL	18, 11	4027	ARG	18, 12	4028	nuc	nuc	1
TYR	4, 237	1238	HIS	18, 13	4029	nuc	nuc	0.97
ARG	4, 238	1239	HIS	18, 13	4029	nuc	nuc	0.99
PRO	4, 239	1240	HIS	18, 13	4029	nuc	nuc	0.99
PRO	4, 240	1241	HIS	18, 13	4029	nuc	nuc	0.81
ASP	6, 245	1933	HIS	18, 13	4029	nuc	nuc	0.99
ASN	16, 57	3880	HIS	18, 13	4029	nuc	nuc	0.97
ARG	18, 12	4028	HIS	18, 13	4029	nuc	nuc	1
MET	4, 235	1236	ILE	18, 14	4030	nuc	nuc	0.98
ALA	4, 236	1237	ILE	18, 14	4030	nuc	nuc	0.89
TYR	4, 237	1238	ILE	18, 14	4030	nuc	nuc	0.99
ARG	4, 238	1239	ILE	18, 14	4030	nuc	nuc	0.64
ALA	6, 243	1931	ILE	18, 14	4030	nuc	nuc	0.62
ARG	6, 244	1932	ILE	18, 14	4030	nuc	nuc	0.99
MET	16, 60	3883	ILE	18, 14	4030	nuc	nuc	0.76
PHE	16, 61	3884	ILE	18, 14	4030	nuc	nuc	0.99
LYS	16, 64	3887	ILE	18, 14	4030	nuc	nuc	0.99
VAL	18, 11	4027	ILE	18, 14	4030	nuc	nuc	0.99
ARG	18, 12	4028	ILE	18, 14	4030	nuc	nuc	0.98
HIS	18, 13	4029	ILE	18, 14	4030	nuc	nuc	1
MET	4, 235	1236	ILE	18, 15	4031	nuc	nuc	0.95
ALA	4, 236	1237	ILE	18, 15	4031	nuc	nuc	0.99
TYR	4, 237	1238	ILE	18, 15	4031	nuc	nuc	0.6
ARG	4, 238	1239	ILE	18, 15	4031	nuc	nuc	0.99
ILE	6, 241	1929	ILE	18, 15	4031	nuc	nuc	0.98
ARG	6, 242	1930	ILE	18, 15	4031	nuc	nuc	0.98
ALA	6, 243	1931	ILE	18, 15	4031	nuc	nuc	1
ARG	6, 244	1932	ILE	18, 15	4031	nuc	nuc	0.83
VAL	12, 5	3369	ILE	18, 15	4031	nuc	nuc	0.93
ILE	18, 14	4030	ILE	18, 15	4031	nuc	nuc	1
ARG	4, 233	1234	THR	18, 16	4032	nuc	nuc	1
LYS	4, 234	1235	THR	18, 16	4032	nuc	nuc	0.89
MET	4, 235	1236	THR	18, 16	4032	nuc	nuc	1
GLU	6, 240	1928	THR	18, 16	4032	nuc	nuc	0.54
ILE	6, 241	1929	THR	18, 16	4032	nuc	nuc	0.92
ARG	6, 242	1930	THR	18, 16	4032	nuc	nuc	1
ARG	6, 244	1932	THR	18, 16	4032	nuc	nuc	0.87
ILE	18, 14	4030	THR	18, 16	4032	nuc	nuc	1
ILE	18, 15	4031	THR	18, 16	4032	nuc	nuc	1
ARG	4, 233	1234	TYR	18, 17	4033	nuc	nuc	0.99
LYS	4, 234	1235	TYR	18, 17	4033	nuc	nuc	1
MET	4, 235	1236	TYR	18, 17	4033	nuc	nuc	0.8
ALA	4, 236	1237	TYR	18, 17	4033	nuc	nuc	0.78
THR	6, 156	1844	TYR	18, 17	4033	nuc	nuc	0.89
SER	6, 239	1927	TYR	18, 17	4033	nuc	nuc	0.93
GLU	6, 240	1928	TYR	18, 17	4033	nuc	nuc	0.86
ILE	6, 241	1929	TYR	18, 17	4033	nuc	nuc	1
VAL	12, 7	3371	TYR	18, 17	4033	nuc	nuc	0.99
PRO	12, 8	3372	TYR	18, 17	4033	nuc	nuc	0.99
ILE	18, 15	4031	TYR	18, 17	4033	nuc	nuc	1
THR	18, 16	4032	TYR	18, 17	4033	nuc	nuc	1
VAL	4, 229	1230	SER	18, 18	4034	nuc	nuc	1
LEU	4, 230	1231	SER	18, 18	4034	nuc	nuc	0.85
SER	4, 232	1233	SER	18, 18	4034	nuc	nuc	0.96
ARG	4, 233	1234	SER	18, 18	4034	nuc	nuc	1
SER	6, 239	1927	SER	18, 18	4034	nuc	nuc	0.99
GLU	6, 240	1928	SER	18, 18	4034	nuc	nuc	1
ARG	6, 242	1930	SER	18, 18	4034	nuc	nuc	0.61
TYR	6, 434	2122	SER	18, 18	4034	nuc	nuc	0.99
THR	18, 16	4032	SER	18, 18	4034	nuc	nuc	1
TYR	18, 17	4033	SER	18, 18	4034	nuc	nuc	1
SER	4, 228	1229	LEU	18, 19	4035	nuc	nuc	0.58
VAL	4, 229	1230	LEU	18, 19	4035	nuc	nuc	0.98
SER	4, 232	1233	LEU	18, 19	4035	nuc	nuc	0.99
THR	6, 237	1925	LEU	18, 19	4035	nuc	nuc	0.97
GLY	6, 238	1926	LEU	18, 19	4035	nuc	nuc	0.96
SER	6, 239	1927	LEU	18, 19	4035	nuc	nuc	1
GLU	6, 240	1928	LEU	18, 19	4035	nuc	nuc	0.54
PHE	12, 10	3374	LEU	18, 19	4035	nuc	nuc	1
TYR	12, 13	3377	LEU	18, 19	4035	nuc	nuc	0.95
ARG	12, 14	3378	LEU	18, 19	4035	nuc	nuc	0.69
TYR	18, 17	4033	LEU	18, 19	4035	nuc	nuc	0.74
SER	18, 18	4034	LEU	18, 19	4035	nuc	nuc	1
VAL	4, 229	1230	SER	18, 20	4036	nuc	nuc	0.95
THR	6, 237	1925	SER	18, 20	4036	nuc	nuc	0.87
GLY	6, 238	1926	SER	18, 20	4036	nuc	nuc	1
SER	6, 239	1927	SER	18, 20	4036	nuc	nuc	0.99
CYS	6, 419	2107	SER	18, 20	4036	nuc	nuc	1
TYR	6, 434	2122	SER	18, 20	4036	nuc	nuc	0.99
ARG	6, 438	2126	SER	18, 20	4036	nuc	nuc	0.97
LEU	18, 19	4035	SER	18, 20	4036	nuc	nuc	1
HIS	4, 225	1226	PRO	18, 21	4037	nuc	nuc	1
LYS	4, 226	1227	PRO	18, 21	4037	nuc	nuc	0.99
SER	4, 228	1229	PRO	18, 21	4037	nuc	nuc	0.99
VAL	4, 229	1230	PRO	18, 21	4037	nuc	nuc	0.99
ASN	6, 435	2123	PRO	18, 21	4037	nuc	nuc	0.98
ARG	6, 438	2126	PRO	18, 21	4037	nuc	nuc	0.79
SER	12, 36	3400	PRO	18, 21	4037	nuc	nuc	0.7
LEU	18, 19	4035	PRO	18, 21	4037	nuc	nuc	0.71
SER	18, 20	4036	PRO	18, 21	4037	nuc	nuc	1
CYS	6, 419	2107	PHE	18, 22	4038	nuc	nuc	0.99
SER	12, 29	3393	PHE	18, 22	4038	nuc	nuc	0.72
ARG	12, 32	3396	PHE	18, 22	4038	nuc	nuc	0.99
LYS	12, 33	3397	PHE	18, 22	4038	nuc	nuc	0.99
SER	12, 36	3400	PHE	18, 22	4038	nuc	nuc	0.99
SER	18, 20	4036	PHE	18, 22	4038	nuc	nuc	1
PRO	18, 21	4037	PHE	18, 22	4038	nuc	nuc	1
THR	6, 237	1925	GLU	18, 23	4039	nuc	nuc	0.99
GLY	6, 238	1926	GLU	18, 23	4039	nuc	nuc	0.99
SER	6, 239	1927	GLU	18, 23	4039	nuc	nuc	0.83
CYS	6, 419	2107	GLU	18, 23	4039	nuc	nuc	0.97
ARG	12, 14	3378	GLU	18, 23	4039	nuc	nuc	0.98
ARG	12, 15	3379	GLU	18, 23	4039	nuc	nuc	0.97
VAL	12, 18	3382	GLU	18, 23	4039	nuc	nuc	0.99
SER	12, 25	3389	GLU	18, 23	4039	nuc	nuc	0.74
ARG	12, 32	3396	GLU	18, 23	4039	nuc	nuc	0.72
LEU	18, 19	4035	GLU	18, 23	4039	nuc	nuc	1
SER	18, 20	4036	GLU	18, 23	4039	nuc	nuc	1
PRO	18, 21	4037	GLU	18, 23	4039	nuc	nuc	0.98
PHE	18, 22	4038	GLU	18, 23	4039	nuc	nuc	1
SER	4, 228	1229	GLN	18, 24	4040	nuc	nuc	1
SER	4, 232	1233	GLN	18, 24	4040	nuc	nuc	0.99
PHE	12, 10	3374	GLN	18, 24	4040	nuc	nuc	0.86
TYR	12, 13	3377	GLN	18, 24	4040	nuc	nuc	0.99
ARG	12, 14	3378	GLN	18, 24	4040	nuc	nuc	0.98
ARG	12, 15	3379	GLN	18, 24	4040	nuc	nuc	0.99
LEU	18, 19	4035	GLN	18, 24	4040	nuc	nuc	0.99
SER	18, 20	4036	GLN	18, 24	4040	nuc	nuc	0.97
PRO	18, 21	4037	GLN	18, 24	4040	nuc	nuc	1
PHE	18, 22	4038	GLN	18, 24	4040	nuc	nuc	0.67
GLU	18, 23	4039	GLN	18, 24	4040	nuc	nuc	1
SER	4, 228	1229	ARG	18, 25	4041	nuc	nuc	0.84
TYR	12, 13	3377	ARG	18, 25	4041	nuc	nuc	0.98
ARG	12, 14	3378	ARG	18, 25	4041	nuc	nuc	0.91
ARG	12, 15	3379	ARG	18, 25	4041	nuc	nuc	1
GLN	18, 24	4040	ARG	18, 25	4041	nuc	nuc	1
TYR	4, 221	1222	ALA	18, 26	4042	nuc	nuc	0.99
ARG	4, 224	1225	ALA	18, 26	4042	nuc	nuc	1
HIS	4, 225	1226	ALA	18, 26	4042	nuc	nuc	0.99
SER	4, 228	1229	ALA	18, 26	4042	nuc	nuc	0.99
PRO	18, 21	4037	ALA	18, 26	4042	nuc	nuc	0.68
GLN	18, 24	4040	ALA	18, 26	4042	nuc	nuc	0.84
ARG	18, 25	4041	ALA	18, 26	4042	nuc	nuc	1
TYR	4, 221	1222	ILE	18, 27	4043	nuc	nuc	0.84
ARG	4, 224	1225	ILE	18, 27	4043	nuc	nuc	0.99
ARG	18, 25	4041	ILE	18, 27	4043	nuc	nuc	0.99
ALA	18, 26	4042	ILE	18, 27	4043	nuc	nuc	1
SER	4, 232	1233	PRO	18, 28	4044	nuc	nuc	0.52
ALA	12, 12	3376	PRO	18, 28	4044	nuc	nuc	0.91
TYR	12, 13	3377	PRO	18, 28	4044	nuc	nuc	0.98
GLN	18, 24	4040	PRO	18, 28	4044	nuc	nuc	0.81
ARG	18, 25	4041	PRO	18, 28	4044	nuc	nuc	0.98
ALA	18, 26	4042	PRO	18, 28	4044	nuc	nuc	0.83
ILE	18, 27	4043	PRO	18, 28	4044	nuc	nuc	1
ALA	12, 12	3376	ASN	18, 29	4045	nuc	nuc	0.85
PRO	18, 28	4044	ASN	18, 29	4045	nuc	nuc	1
ILE	18, 27	4043	ILE	18, 30	4046	nuc	nuc	0.97
PRO	18, 28	4044	ILE	18, 30	4046	nuc	nuc	0.85
ASN	18, 29	4045	ILE	18, 30	4046	nuc	nuc	1
ASN	18, 29	4045	PHE	18, 31	4047	nuc	nuc	0.9
ILE	18, 30	4046	PHE	18, 31	4047	nuc	nuc	1
ASN	18, 29	4045	SER	18, 32	4048	nuc	nuc	0.93
ILE	18, 30	4046	SER	18, 32	4048	nuc	nuc	0.77
PHE	18, 31	4047	SER	18, 32	4048	nuc	nuc	1
ASN	18, 29	4045	ASP	18, 33	4049	nuc	nuc	0.92
ILE	18, 30	4046	ASP	18, 33	4049	nuc	nuc	0.75
SER	18, 32	4048	ASP	18, 33	4049	nuc	nuc	1
ASN	18, 29	4045	ALA	18, 34	4050	nuc	nuc	0.88
ILE	18, 30	4046	ALA	18, 34	4050	nuc	nuc	0.95
PHE	18, 31	4047	ALA	18, 34	4050	nuc	nuc	0.88
SER	18, 32	4048	ALA	18, 34	4050	nuc	nuc	0.51
ASP	18, 33	4049	ALA	18, 34	4050	nuc	nuc	1
ILE	18, 30	4046	LEU	18, 35	4051	nuc	nuc	0.78
PHE	18, 31	4047	LEU	18, 35	4051	nuc	nuc	0.92
SER	18, 32	4048	LEU	18, 35	4051	nuc	nuc	0.52
ASP	18, 33	4049	LEU	18, 35	4051	nuc	nuc	0.76
ALA	18, 34	4050	LEU	18, 35	4051	nuc	nuc	1
SER	18, 32	4048	PRO	18, 36	4052	nuc	nuc	0.73
ASP	18, 33	4049	PRO	18, 36	4052	nuc	nuc	0.98
ALA	18, 34	4050	PRO	18, 36	4052	nuc	nuc	0.95
LEU	18, 35	4051	PRO	18, 36	4052	nuc	nuc	1
HIS	16, 73	3896	ASN	18, 37	4053	nuc	nuc	0.96
ARG	16, 74	3897	ASN	18, 37	4053	nuc	nuc	0.95
ASP	18, 33	4049	ASN	18, 37	4053	nuc	nuc	0.98
ALA	18, 34	4050	ASN	18, 37	4053	nuc	nuc	0.99
LEU	18, 35	4051	ASN	18, 37	4053	nuc	nuc	0.99
PRO	18, 36	4052	ASN	18, 37	4053	nuc	nuc	1
ALA	18, 34	4050	VAL	18, 38	4054	nuc	nuc	0.98
LEU	18, 35	4051	VAL	18, 38	4054	nuc	nuc	0.99
PRO	18, 36	4052	VAL	18, 38	4054	nuc	nuc	0.98
ASN	18, 37	4053	VAL	18, 38	4054	nuc	nuc	1
LEU	18, 35	4051	TRP	18, 39	4055	nuc	nuc	0.98
PRO	18, 36	4052	TRP	18, 39	4055	nuc	nuc	0.99
ASN	18, 37	4053	TRP	18, 39	4055	nuc	nuc	0.99
VAL	18, 38	4054	TRP	18, 39	4055	nuc	nuc	1
PRO	18, 36	4052	ARG	18, 40	4056	nuc	nuc	0.99
ASN	18, 37	4053	ARG	18, 40	4056	nuc	nuc	1
VAL	18, 38	4054	ARG	18, 40	4056	nuc	nuc	0.99
TRP	18, 39	4055	ARG	18, 40	4056	nuc	nuc	1
HIS	16, 73	3896	ARG	18, 41	4057	nuc	nuc	0.94
ASN	18, 37	4053	ARG	18, 41	4057	nuc	nuc	0.99
VAL	18, 38	4054	ARG	18, 41	4057	nuc	nuc	1
TRP	18, 39	4055	ARG	18, 41	4057	nuc	nuc	0.98
ARG	18, 40	4056	ARG	18, 41	4057	nuc	nuc	1
VAL	18, 38	4054	PHE	18, 42	4058	nuc	nuc	0.99
TRP	18, 39	4055	PHE	18, 42	4058	nuc	nuc	1
ARG	18, 40	4056	PHE	18, 42	4058	nuc	nuc	0.99
ARG	18, 41	4057	PHE	18, 42	4058	nuc	nuc	1
TRP	18, 39	4055	SER	18, 43	4059	nuc	nuc	0.99
ARG	18, 40	4056	SER	18, 43	4059	nuc	nuc	0.99
ARG	18, 41	4057	SER	18, 43	4059	nuc	nuc	0.95
PHE	18, 42	4058	SER	18, 43	4059	nuc	nuc	1
ARG	18, 40	4056	SER	18, 44	4060	nuc	nuc	0.99
ARG	18, 41	4057	SER	18, 44	4060	nuc	nuc	0.99
PHE	18, 42	4058	SER	18, 44	4060	nuc	nuc	0.97
SER	18, 43	4059	SER	18, 44	4060	nuc	nuc	1
ARG	18, 41	4057	GLN	18, 45	4061	nuc	nuc	0.98
PHE	18, 42	4058	GLN	18, 45	4061	nuc	nuc	0.99
SER	18, 43	4059	GLN	18, 45	4061	nuc	nuc	0.8
SER	18, 44	4060	GLN	18, 45	4061	nuc	nuc	1
PHE	18, 42	4058	VAL	18, 46	4062	nuc	nuc	0.99
SER	18, 43	4059	VAL	18, 46	4062	nuc	nuc	0.99
SER	18, 44	4060	VAL	18, 46	4062	nuc	nuc	0.82
GLN	18, 45	4061	VAL	18, 46	4062	nuc	nuc	1
GLN	18, 45	4061	PHE	18, 47	4063	nuc	nuc	0.86
VAL	18, 46	4062	PHE	18, 47	4063	nuc	nuc	1
PRO	2, 320	700	LYS	18, 48	4064	nuc	nuc	0.93
GLN	2, 323	703	LYS	18, 48	4064	nuc	nuc	0.98
THR	2, 324	704	LYS	18, 48	4064	nuc	nuc	0.99
TRP	2, 327	707	LYS	18, 48	4064	nuc	nuc	0.94
GLN	18, 45	4061	LYS	18, 48	4064	nuc	nuc	1
VAL	18, 46	4062	LYS	18, 48	4064	nuc	nuc	0.96
PHE	18, 47	4063	LYS	18, 48	4064	nuc	nuc	1
TRP	2, 327	707	VAL	18, 49	4065	nuc	nuc	0.99
GLN	18, 45	4061	VAL	18, 49	4065	nuc	nuc	0.99
VAL	18, 46	4062	VAL	18, 49	4065	nuc	nuc	0.99
PHE	18, 47	4063	VAL	18, 49	4065	nuc	nuc	0.76
LYS	18, 48	4064	VAL	18, 49	4065	nuc	nuc	1
VAL	18, 46	4062	ALA	18, 50	4066	nuc	nuc	0.98
PHE	18, 47	4063	ALA	18, 50	4066	nuc	nuc	0.97
LYS	18, 48	4064	ALA	18, 50	4066	nuc	nuc	0.58
VAL	18, 49	4065	ALA	18, 50	4066	nuc	nuc	1
THR	2, 324	704	PRO	18, 51	4067	nuc	nuc	0.65
PHE	18, 47	4063	PRO	18, 51	4067	nuc	nuc	0.9
LYS	18, 48	4064	PRO	18, 51	4067	nuc	nuc	0.74
VAL	18, 49	4065	PRO	18, 51	4067	nuc	nuc	0.81
ALA	18, 50	4066	PRO	18, 51	4067	nuc	nuc	1
THR	2, 324	704	PRO	18, 52	4068	nuc	nuc	0.78
TRP	2, 327	707	PRO	18, 52	4068	nuc	nuc	0.99
LEU	2, 328	708	PRO	18, 52	4068	nuc	nuc	0.99
VAL	2, 330	710	PRO	18, 52	4068	nuc	nuc	0.86
ALA	2, 331	711	PRO	18, 52	4068	nuc	nuc	0.99
VAL	18, 49	4065	PRO	18, 52	4068	nuc	nuc	0.91
ALA	18, 50	4066	PRO	18, 52	4068	nuc	nuc	0.93
PRO	18, 51	4067	PRO	18, 52	4068	nuc	nuc	1
TRP	2, 327	707	PHE	18, 53	4069	nuc	nuc	0.85
ALA	2, 331	711	PHE	18, 53	4069	nuc	nuc	0.99
VAL	18, 49	4065	PHE	18, 53	4069	nuc	nuc	0.94
ALA	18, 50	4066	PHE	18, 53	4069	nuc	nuc	0.99
PRO	18, 51	4067	PHE	18, 53	4069	nuc	nuc	0.99
PRO	18, 52	4068	PHE	18, 53	4069	nuc	nuc	1
ALA	18, 50	4066	LEU	18, 54	4070	nuc	nuc	0.99
PRO	18, 51	4067	LEU	18, 54	4070	nuc	nuc	1
PRO	18, 52	4068	LEU	18, 54	4070	nuc	nuc	0.99
PHE	18, 53	4069	LEU	18, 54	4070	nuc	nuc	1
ALA	2, 331	711	GLY	18, 55	4071	nuc	nuc	0.92
PRO	18, 51	4067	GLY	18, 55	4071	nuc	nuc	0.97
PRO	18, 52	4068	GLY	18, 55	4071	nuc	nuc	1
PHE	18, 53	4069	GLY	18, 55	4071	nuc	nuc	1
LEU	18, 54	4070	GLY	18, 55	4071	nuc	nuc	1
ALA	2, 331	711	ALA	18, 56	4072	nuc	nuc	0.99
LEU	2, 334	714	ALA	18, 56	4072	nuc	nuc	0.98
ILE	2, 335	715	ALA	18, 56	4072	nuc	nuc	0.99
PRO	18, 52	4068	ALA	18, 56	4072	nuc	nuc	0.99
PHE	18, 53	4069	ALA	18, 56	4072	nuc	nuc	1
LEU	18, 54	4070	ALA	18, 56	4072	nuc	nuc	0.99
GLY	18, 55	4071	ALA	18, 56	4072	nuc	nuc	1
PHE	18, 53	4069	TYR	18, 57	4073	nuc	nuc	0.99
LEU	18, 54	4070	TYR	18, 57	4073	nuc	nuc	1
GLY	18, 55	4071	TYR	18, 57	4073	nuc	nuc	1
ALA	18, 56	4072	TYR	18, 57	4073	nuc	nuc	1
LEU	18, 54	4070	LEU	18, 58	4074	nuc	nuc	0.99
GLY	18, 55	4071	LEU	18, 58	4074	nuc	nuc	1
ALA	18, 56	4072	LEU	18, 58	4074	nuc	nuc	0.99
TYR	18, 57	4073	LEU	18, 58	4074	nuc	nuc	1
ILE	2, 335	715	LEU	18, 59	4075	nuc	nuc	0.96
ILE	2, 351	731	LEU	18, 59	4075	nuc	nuc	0.95
GLY	18, 55	4071	LEU	18, 59	4075	nuc	nuc	0.99
ALA	18, 56	4072	LEU	18, 59	4075	nuc	nuc	1
TYR	18, 57	4073	LEU	18, 59	4075	nuc	nuc	0.99
LEU	18, 58	4074	LEU	18, 59	4075	nuc	nuc	1
ILE	2, 335	715	TYR	18, 60	4076	nuc	nuc	0.81
TRP	2, 338	718	TYR	18, 60	4076	nuc	nuc	0.98
ALA	18, 56	4072	TYR	18, 60	4076	nuc	nuc	0.99
TYR	18, 57	4073	TYR	18, 60	4076	nuc	nuc	1
LEU	18, 58	4074	TYR	18, 60	4076	nuc	nuc	0.99
LEU	18, 59	4075	TYR	18, 60	4076	nuc	nuc	1
TYR	18, 57	4073	SER	18, 61	4077	nuc	nuc	0.99
LEU	18, 58	4074	SER	18, 61	4077	nuc	nuc	1
LEU	18, 59	4075	SER	18, 61	4077	nuc	nuc	0.98
TYR	18, 60	4076	SER	18, 61	4077	nuc	nuc	1
LEU	18, 58	4074	TRP	18, 62	4078	nuc	nuc	0.99
LEU	18, 59	4075	TRP	18, 62	4078	nuc	nuc	1
TYR	18, 60	4076	TRP	18, 62	4078	nuc	nuc	0.97
SER	18, 61	4077	TRP	18, 62	4078	nuc	nuc	1
PRO	2, 347	727	GLY	18, 63	4079	nuc	nuc	0.96
PHE	2, 348	728	GLY	18, 63	4079	nuc	nuc	0.7
ILE	2, 351	731	GLY	18, 63	4079	nuc	nuc	0.92
LEU	18, 59	4075	GLY	18, 63	4079	nuc	nuc	0.99
TYR	18, 60	4076	GLY	18, 63	4079	nuc	nuc	1
SER	18, 61	4077	GLY	18, 63	4079	nuc	nuc	1
TRP	18, 62	4078	GLY	18, 63	4079	nuc	nuc	1
TYR	18, 60	4076	THR	18, 64	4080	nuc	nuc	0.99
SER	18, 61	4077	THR	18, 64	4080	nuc	nuc	0.99
TRP	18, 62	4078	THR	18, 64	4080	nuc	nuc	0.95
GLY	18, 63	4079	THR	18, 64	4080	nuc	nuc	1
SER	18, 61	4077	GLN	18, 65	4081	nuc	nuc	0.99
TRP	18, 62	4078	GLN	18, 65	4081	nuc	nuc	0.99
GLY	18, 63	4079	GLN	18, 65	4081	nuc	nuc	1
THR	18, 64	4080	GLN	18, 65	4081	nuc	nuc	1
PRO	2, 347	727	GLU	18, 66	4082	nuc	nuc	0.96
TRP	18, 62	4078	GLU	18, 66	4082	nuc	nuc	0.99
GLY	18, 63	4079	GLU	18, 66	4082	nuc	nuc	1
THR	18, 64	4080	GLU	18, 66	4082	nuc	nuc	0.97
GLN	18, 65	4081	GLU	18, 66	4082	nuc	nuc	1
GLU	2, 345	725	PHE	18, 67	4083	nuc	nuc	0.86
PRO	2, 347	727	PHE	18, 67	4083	nuc	nuc	0.96
PHE	2, 348	728	PHE	18, 67	4083	nuc	nuc	0.91
GLY	18, 63	4079	PHE	18, 67	4083	nuc	nuc	0.99
THR	18, 64	4080	PHE	18, 67	4083	nuc	nuc	1
GLN	18, 65	4081	PHE	18, 67	4083	nuc	nuc	0.99
GLU	18, 66	4082	PHE	18, 67	4083	nuc	nuc	1
THR	18, 64	4080	GLU	18, 68	4084	nuc	nuc	0.98
GLN	18, 65	4081	GLU	18, 68	4084	nuc	nuc	0.99
GLU	18, 66	4082	GLU	18, 68	4084	nuc	nuc	0.97
PHE	18, 67	4083	GLU	18, 68	4084	nuc	nuc	1
GLN	18, 65	4081	ARG	18, 69	4085	nuc	nuc	0.98
GLU	18, 66	4082	ARG	18, 69	4085	nuc	nuc	0.99
PHE	18, 67	4083	ARG	18, 69	4085	nuc	nuc	0.98
GLU	18, 68	4084	ARG	18, 69	4085	nuc	nuc	1
HIS	2, 346	726	LEU	18, 70	4086	nuc	nuc	0.86
PRO	2, 347	727	LEU	18, 70	4086	nuc	nuc	0.65
GLU	18, 66	4082	LEU	18, 70	4086	nuc	nuc	0.97
PHE	18, 67	4083	LEU	18, 70	4086	nuc	nuc	0.99
GLU	18, 68	4084	LEU	18, 70	4086	nuc	nuc	0.94
ARG	18, 69	4085	LEU	18, 70	4086	nuc	nuc	1
GLY	4, 1	1002	LYS	18, 71	4087	nuc	nuc	0.62
LEU	4, 3	1004	LYS	18, 71	4087	nuc	nuc	0.9
PHE	18, 67	4083	LYS	18, 71	4087	nuc	nuc	0.96
GLU	18, 68	4084	LYS	18, 71	4087	nuc	nuc	0.98
ARG	18, 69	4085	LYS	18, 71	4087	nuc	nuc	0.95
LEU	18, 70	4086	LYS	18, 71	4087	nuc	nuc	1
GLU	14, 54	3690	ARG	18, 72	4088	nuc	nuc	0.88
GLU	18, 68	4084	ARG	18, 72	4088	nuc	nuc	0.88
ARG	18, 69	4085	ARG	18, 72	4088	nuc	nuc	0.96
LEU	18, 70	4086	ARG	18, 72	4088	nuc	nuc	0.93
LYS	18, 71	4087	ARG	18, 72	4088	nuc	nuc	1
GLU	14, 50	3686	LYS	18, 73	4089	nuc	nuc	0.52
GLU	14, 54	3690	LYS	18, 73	4089	nuc	nuc	0.92
ARG	18, 72	4088	LYS	18, 73	4089	nuc	nuc	1
ARG	18, 72	4088	ASN	18, 74	4090	nuc	nuc	0.72
LYS	18, 73	4089	ASN	18, 74	4090	nuc	nuc	1
LYS	18, 73	4089	PRO	18, 75	4091	nuc	nuc	0.89
ASN	18, 74	4090	PRO	18, 75	4091	nuc	nuc	1
ASN	18, 74	4090	ALA	18, 76	4092	nuc	nuc	0.95
PRO	18, 75	4091	ALA	18, 76	4092	nuc	nuc	1
LYS	18, 73	4089	ASP	18, 77	4093	nuc	nuc	0.55
ASN	18, 74	4090	ASP	18, 77	4093	nuc	nuc	0.91
PRO	18, 75	4091	ASP	18, 77	4093	nuc	nuc	0.88
ALA	18, 76	4092	ASP	18, 77	4093	nuc	nuc	1
THR	14, 48	3684	TYR	18, 78	4094	nuc	nuc	0.67
GLU	14, 49	3685	TYR	18, 78	4094	nuc	nuc	0.55
GLU	14, 50	3686	TYR	18, 78	4094	nuc	nuc	0.77
PRO	18, 75	4091	TYR	18, 78	4094	nuc	nuc	0.81
ALA	18, 76	4092	TYR	18, 78	4094	nuc	nuc	0.81
ASP	18, 77	4093	TYR	18, 78	4094	nuc	nuc	1
PRO	18, 75	4091	GLU	18, 79	4095	nuc	nuc	0.71
ALA	18, 76	4092	GLU	18, 79	4095	nuc	nuc	0.86
ASP	18, 77	4093	GLU	18, 79	4095	nuc	nuc	0.83
TYR	18, 78	4094	GLU	18, 79	4095	nuc	nuc	1
TYR	18, 78	4094	ASN	18, 80	4096	nuc	nuc	0.74
GLU	18, 79	4095	ASN	18, 80	4096	nuc	nuc	1
ARG	14, 45	3681	ASP	18, 81	4097	nuc	nuc	0.78
HIS	14, 47	3683	ASP	18, 81	4097	nuc	nuc	0.67
THR	14, 48	3684	ASP	18, 81	4097	nuc	nuc	0.76
GLU	14, 50	3686	ASP	18, 81	4097	nuc	nuc	0.57
TYR	18, 78	4094	ASP	18, 81	4097	nuc	nuc	0.78
GLU	18, 79	4095	ASP	18, 81	4097	nuc	nuc	0.81
ASN	18, 80	4096	ASP	18, 81	4097	nuc	nuc	1
ARG	14, 45	3681	GLN	18, 82	4098	nuc	nuc	0.75
SER	14, 46	3682	GLN	18, 82	4098	nuc	nuc	0.61
HIS	14, 47	3683	GLN	18, 82	4098	nuc	nuc	0.67
ASN	18, 80	4096	GLN	18, 82	4098	nuc	nuc	0.6
ASP	18, 81	4097	GLN	18, 82	4098	nuc	nuc	1
VAL	11, 45	3213	ALA	19, 1	4099	nuc	nuc	0.98
ALA	11, 48	3216	ALA	19, 1	4099	nuc	nuc	0.96
TYR	11, 49	3217	ALA	19, 1	4099	nuc	nuc	0.92
ALA	19, 1	4099	VAL	19, 2	4100	nuc	nuc	1
ALA	19, 1	4099	LEU	19, 3	4101	nuc	nuc	0.97
VAL	19, 2	4100	LEU	19, 3	4101	nuc	nuc	1
VAL	11, 45	3213	PHE	19, 4	4102	nuc	nuc	0.98
ALA	11, 46	3214	PHE	19, 4	4102	nuc	nuc	0.83
TYR	11, 49	3217	PHE	19, 4	4102	nuc	nuc	0.97
ALA	19, 1	4099	PHE	19, 4	4102	nuc	nuc	1
VAL	19, 2	4100	PHE	19, 4	4102	nuc	nuc	0.99
LEU	19, 3	4101	PHE	19, 4	4102	nuc	nuc	1
TYR	11, 49	3217	GLU	19, 5	4103	nuc	nuc	0.99
LYS	11, 52	3220	GLU	19, 5	4103	nuc	nuc	0.78
ALA	19, 1	4099	GLU	19, 5	4103	nuc	nuc	0.97
VAL	19, 2	4100	GLU	19, 5	4103	nuc	nuc	0.99
LEU	19, 3	4101	GLU	19, 5	4103	nuc	nuc	0.98
PHE	19, 4	4102	GLU	19, 5	4103	nuc	nuc	1
VAL	19, 2	4100	ARG	19, 6	4104	nuc	nuc	0.96
LEU	19, 3	4101	ARG	19, 6	4104	nuc	nuc	0.99
PHE	19, 4	4102	ARG	19, 6	4104	nuc	nuc	0.96
GLU	19, 5	4103	ARG	19, 6	4104	nuc	nuc	1
LEU	19, 3	4101	ALA	19, 7	4105	nuc	nuc	0.99
PHE	19, 4	4102	ALA	19, 7	4105	nuc	nuc	1
GLU	19, 5	4103	ALA	19, 7	4105	nuc	nuc	0.95
ARG	19, 6	4104	ALA	19, 7	4105	nuc	nuc	1
LYS	3, 207	967	PHE	19, 8	4106	nuc	nuc	0.67
LEU	3, 210	970	PHE	19, 8	4106	nuc	nuc	0.67
TYR	11, 49	3217	PHE	19, 8	4106	nuc	nuc	0.95
PHE	19, 4	4102	PHE	19, 8	4106	nuc	nuc	1
GLU	19, 5	4103	PHE	19, 8	4106	nuc	nuc	0.99
ARG	19, 6	4104	PHE	19, 8	4106	nuc	nuc	0.98
ALA	19, 7	4105	PHE	19, 8	4106	nuc	nuc	1
LYS	3, 207	967	ASP	19, 9	4107	nuc	nuc	0.59
GLU	19, 5	4103	ASP	19, 9	4107	nuc	nuc	0.99
ARG	19, 6	4104	ASP	19, 9	4107	nuc	nuc	0.99
ALA	19, 7	4105	ASP	19, 9	4107	nuc	nuc	0.95
PHE	19, 8	4106	ASP	19, 9	4107	nuc	nuc	1
ARG	19, 6	4104	GLN	19, 10	4108	nuc	nuc	0.99
ALA	19, 7	4105	GLN	19, 10	4108	nuc	nuc	0.99
PHE	19, 8	4106	GLN	19, 10	4108	nuc	nuc	0.98
ASP	19, 9	4107	GLN	19, 10	4108	nuc	nuc	1
ALA	19, 7	4105	GLY	19, 11	4109	nuc	nuc	0.98
PHE	19, 8	4106	GLY	19, 11	4109	nuc	nuc	1
ASP	19, 9	4107	GLY	19, 11	4109	nuc	nuc	1
GLN	19, 10	4108	GLY	19, 11	4109	nuc	nuc	1
LEU	3, 206	966	ALA	19, 12	4110	nuc	nuc	0.98
LYS	3, 207	967	ALA	19, 12	4110	nuc	nuc	0.99
LEU	3, 210	970	ALA	19, 12	4110	nuc	nuc	0.97
PHE	19, 8	4106	ALA	19, 12	4110	nuc	nuc	1
ASP	19, 9	4107	ALA	19, 12	4110	nuc	nuc	1
GLN	19, 10	4108	ALA	19, 12	4110	nuc	nuc	0.94
GLY	19, 11	4109	ALA	19, 12	4110	nuc	nuc	1
ARG	3, 203	963	ASP	19, 13	4111	nuc	nuc	0.87
ASP	19, 9	4107	ASP	19, 13	4111	nuc	nuc	0.99
GLN	19, 10	4108	ASP	19, 13	4111	nuc	nuc	1
GLY	19, 11	4109	ASP	19, 13	4111	nuc	nuc	1
ALA	19, 12	4110	ASP	19, 13	4111	nuc	nuc	1
GLN	19, 10	4108	ALA	19, 14	4112	nuc	nuc	0.99
GLY	19, 11	4109	ALA	19, 14	4112	nuc	nuc	1
ALA	19, 12	4110	ALA	19, 14	4112	nuc	nuc	0.99
ASP	19, 13	4111	ALA	19, 14	4112	nuc	nuc	1
LEU	3, 206	966	ILE	19, 15	4113	nuc	nuc	0.94
GLY	19, 11	4109	ILE	19, 15	4113	nuc	nuc	0.99
ALA	19, 12	4110	ILE	19, 15	4113	nuc	nuc	1
ASP	19, 13	4111	ILE	19, 15	4113	nuc	nuc	0.98
ALA	19, 14	4112	ILE	19, 15	4113	nuc	nuc	1
LEU	3, 18	778	PHE	19, 16	4114	nuc	nuc	0.91
ALA	3, 20	780	PHE	19, 16	4114	nuc	nuc	0.52
LYS	3, 202	962	PHE	19, 16	4114	nuc	nuc	0.69
ARG	3, 203	963	PHE	19, 16	4114	nuc	nuc	0.99
LEU	3, 206	966	PHE	19, 16	4114	nuc	nuc	0.98
ALA	19, 12	4110	PHE	19, 16	4114	nuc	nuc	0.99
ASP	19, 13	4111	PHE	19, 16	4114	nuc	nuc	1
ALA	19, 14	4112	PHE	19, 16	4114	nuc	nuc	0.98
ILE	19, 15	4113	PHE	19, 16	4114	nuc	nuc	1
ASP	19, 13	4111	GLU	19, 17	4115	nuc	nuc	0.99
ALA	19, 14	4112	GLU	19, 17	4115	nuc	nuc	1
ILE	19, 15	4113	GLU	19, 17	4115	nuc	nuc	0.96
PHE	19, 16	4114	GLU	19, 17	4115	nuc	nuc	1
ALA	19, 14	4112	HIS	19, 18	4116	nuc	nuc	0.99
ILE	19, 15	4113	HIS	19, 18	4116	nuc	nuc	1
PHE	19, 16	4114	HIS	19, 18	4116	nuc	nuc	0.98
GLU	19, 17	4115	HIS	19, 18	4116	nuc	nuc	1
LEU	3, 18	778	LEU	19, 19	4117	nuc	nuc	0.96
SER	3, 19	779	LEU	19, 19	4117	nuc	nuc	0.75
ILE	19, 15	4113	LEU	19, 19	4117	nuc	nuc	0.99
PHE	19, 16	4114	LEU	19, 19	4117	nuc	nuc	0.99
GLU	19, 17	4115	LEU	19, 19	4117	nuc	nuc	0.96
HIS	19, 18	4116	LEU	19, 19	4117	nuc	nuc	1
LEU	3, 18	778	ASN	19, 20	4118	nuc	nuc	0.62
SER	3, 19	779	ASN	19, 20	4118	nuc	nuc	0.97
ALA	3, 20	780	ASN	19, 20	4118	nuc	nuc	0.97
PHE	19, 16	4114	ASN	19, 20	4118	nuc	nuc	0.97
GLU	19, 17	4115	ASN	19, 20	4118	nuc	nuc	0.98
HIS	19, 18	4116	ASN	19, 20	4118	nuc	nuc	0.88
LEU	19, 19	4117	ASN	19, 20	4118	nuc	nuc	1
GLU	19, 17	4115	GLU	19, 21	4119	nuc	nuc	0.9
HIS	19, 18	4116	GLU	19, 21	4119	nuc	nuc	0.98
LEU	19, 19	4117	GLU	19, 21	4119	nuc	nuc	0.9
ASN	19, 20	4118	GLU	19, 21	4119	nuc	nuc	1
ASN	19, 20	4118	GLY	19, 22	4120	nuc	nuc	1
GLU	19, 21	4119	GLY	19, 22	4120	nuc	nuc	1
SER	3, 13	773	LYS	19, 23	4121	nuc	nuc	0.88
ALA	3, 20	780	LYS	19, 23	4121	nuc	nuc	0.97
LEU	3, 21	781	LYS	19, 23	4121	nuc	nuc	0.9
ASP	3, 22	782	LYS	19, 23	4121	nuc	nuc	0.98
HIS	3, 23	783	LYS	19, 23	4121	nuc	nuc	0.95
SER	3, 24	784	LYS	19, 23	4121	nuc	nuc	0.56
ASN	19, 20	4118	LYS	19, 23	4121	nuc	nuc	0.98
GLU	19, 21	4119	LYS	19, 23	4121	nuc	nuc	0.96
GLY	19, 22	4120	LYS	19, 23	4121	nuc	nuc	1
ALA	3, 20	780	LEU	19, 24	4122	nuc	nuc	0.97
HIS	3, 23	783	LEU	19, 24	4122	nuc	nuc	0.96
ASP	3, 199	959	LEU	19, 24	4122	nuc	nuc	0.87
GLU	19, 17	4115	LEU	19, 24	4122	nuc	nuc	0.93
ASN	19, 20	4118	LEU	19, 24	4122	nuc	nuc	0.97
GLY	19, 22	4120	LEU	19, 24	4122	nuc	nuc	0.99
LYS	19, 23	4121	LEU	19, 24	4122	nuc	nuc	1
HIS	3, 23	783	TRP	19, 25	4123	nuc	nuc	0.98
GLY	3, 53	813	TRP	19, 25	4123	nuc	nuc	0.97
VAL	3, 54	814	TRP	19, 25	4123	nuc	nuc	0.97
THR	3, 55	815	TRP	19, 25	4123	nuc	nuc	0.83
LEU	19, 24	4122	TRP	19, 25	4123	nuc	nuc	1
GLU	19, 17	4115	LYS	19, 26	4124	nuc	nuc	0.8
LEU	19, 24	4122	LYS	19, 26	4124	nuc	nuc	1
TRP	19, 25	4123	LYS	19, 26	4124	nuc	nuc	1
GLU	19, 21	4119	HIS	19, 27	4125	nuc	nuc	0.94
GLY	19, 22	4120	HIS	19, 27	4125	nuc	nuc	0.97
LYS	19, 23	4121	HIS	19, 27	4125	nuc	nuc	0.92
LEU	19, 24	4122	HIS	19, 27	4125	nuc	nuc	0.98
TRP	19, 25	4123	HIS	19, 27	4125	nuc	nuc	0.98
LYS	19, 26	4124	HIS	19, 27	4125	nuc	nuc	1
HIS	3, 23	783	ILE	19, 28	4126	nuc	nuc	0.96
SER	3, 24	784	ILE	19, 28	4126	nuc	nuc	0.96
GLY	19, 22	4120	ILE	19, 28	4126	nuc	nuc	0.89
LEU	19, 24	4122	ILE	19, 28	4126	nuc	nuc	0.85
TRP	19, 25	4123	ILE	19, 28	4126	nuc	nuc	0.99
LYS	19, 26	4124	ILE	19, 28	4126	nuc	nuc	0.71
HIS	19, 27	4125	ILE	19, 28	4126	nuc	nuc	1
THR	3, 57	817	LYS	19, 29	4127	nuc	nuc	0.62
TRP	19, 25	4123	LYS	19, 29	4127	nuc	nuc	0.97
LYS	19, 26	4124	LYS	19, 29	4127	nuc	nuc	0.96
HIS	19, 27	4125	LYS	19, 29	4127	nuc	nuc	0.86
ILE	19, 28	4126	LYS	19, 29	4127	nuc	nuc	1
ILE	19, 28	4126	HIS	19, 30	4128	nuc	nuc	0.92
LYS	19, 29	4127	HIS	19, 30	4128	nuc	nuc	1
ILE	19, 28	4126	LYS	19, 31	4129	nuc	nuc	0.93
LYS	19, 29	4127	LYS	19, 31	4129	nuc	nuc	0.95
HIS	19, 30	4128	LYS	19, 31	4129	nuc	nuc	1
HIS	3, 56	816	TYR	19, 32	4130	nuc	nuc	0.69
THR	3, 57	817	TYR	19, 32	4130	nuc	nuc	0.94
GLU	3, 60	820	TYR	19, 32	4130	nuc	nuc	0.83
ILE	19, 28	4126	TYR	19, 32	4130	nuc	nuc	0.63
LYS	19, 29	4127	TYR	19, 32	4130	nuc	nuc	0.95
HIS	19, 30	4128	TYR	19, 32	4130	nuc	nuc	0.73
LYS	19, 31	4129	TYR	19, 32	4130	nuc	nuc	1
THR	3, 57	817	GLU	19, 33	4131	nuc	nuc	0.87
LYS	19, 29	4127	GLU	19, 33	4131	nuc	nuc	0.89
HIS	19, 30	4128	GLU	19, 33	4131	nuc	nuc	0.91
LYS	19, 31	4129	GLU	19, 33	4131	nuc	nuc	0.67
TYR	19, 32	4130	GLU	19, 33	4131	nuc	nuc	1
TYR	19, 32	4130	ALA	19, 34	4132	nuc	nuc	0.56
GLU	19, 33	4131	ALA	19, 34	4132	nuc	nuc	1
GLU	19, 33	4131	SER	19, 35	4133	nuc	nuc	0.81
ALA	19, 34	4132	SER	19, 35	4133	nuc	nuc	1
ALA	19, 34	4132	GLU	19, 36	4134	nuc	nuc	0.83
SER	19, 35	4133	GLU	19, 36	4134	nuc	nuc	1
SER	19, 35	4133	GLU	19, 37	4135	nuc	nuc	0.84
GLU	19, 36	4134	GLU	19, 37	4135	nuc	nuc	1
VAL	12, 45	3409	ALA	20, 1	4136	nuc	nuc	0.98
ALA	12, 48	3412	ALA	20, 1	4136	nuc	nuc	0.96
TYR	12, 49	3413	ALA	20, 1	4136	nuc	nuc	0.92
ALA	20, 1	4136	VAL	20, 2	4137	nuc	nuc	1
ALA	20, 1	4136	LEU	20, 3	4138	nuc	nuc	0.97
VAL	20, 2	4137	LEU	20, 3	4138	nuc	nuc	1
VAL	12, 45	3409	PHE	20, 4	4139	nuc	nuc	0.98
ALA	12, 46	3410	PHE	20, 4	4139	nuc	nuc	0.83
TYR	12, 49	3413	PHE	20, 4	4139	nuc	nuc	0.97
ALA	20, 1	4136	PHE	20, 4	4139	nuc	nuc	1
VAL	20, 2	4137	PHE	20, 4	4139	nuc	nuc	0.99
LEU	20, 3	4138	PHE	20, 4	4139	nuc	nuc	1
TYR	12, 49	3413	GLU	20, 5	4140	nuc	nuc	0.99
LYS	12, 52	3416	GLU	20, 5	4140	nuc	nuc	0.77
ALA	20, 1	4136	GLU	20, 5	4140	nuc	nuc	0.97
VAL	20, 2	4137	GLU	20, 5	4140	nuc	nuc	0.99
LEU	20, 3	4138	GLU	20, 5	4140	nuc	nuc	0.98
PHE	20, 4	4139	GLU	20, 5	4140	nuc	nuc	1
VAL	20, 2	4137	ARG	20, 6	4141	nuc	nuc	0.96
LEU	20, 3	4138	ARG	20, 6	4141	nuc	nuc	0.99
PHE	20, 4	4139	ARG	20, 6	4141	nuc	nuc	0.96
GLU	20, 5	4140	ARG	20, 6	4141	nuc	nuc	1
LEU	20, 3	4138	ALA	20, 7	4142	nuc	nuc	0.99
PHE	20, 4	4139	ALA	20, 7	4142	nuc	nuc	1
GLU	20, 5	4140	ALA	20, 7	4142	nuc	nuc	0.95
ARG	20, 6	4141	ALA	20, 7	4142	nuc	nuc	1
LYS	4, 207	1208	PHE	20, 8	4143	nuc	nuc	0.67
LEU	4, 210	1211	PHE	20, 8	4143	nuc	nuc	0.67
TYR	12, 49	3413	PHE	20, 8	4143	nuc	nuc	0.95
PHE	20, 4	4139	PHE	20, 8	4143	nuc	nuc	1
GLU	20, 5	4140	PHE	20, 8	4143	nuc	nuc	0.99
ARG	20, 6	4141	PHE	20, 8	4143	nuc	nuc	0.98
ALA	20, 7	4142	PHE	20, 8	4143	nuc	nuc	1
LYS	4, 207	1208	ASP	20, 9	4144	nuc	nuc	0.59
GLU	20, 5	4140	ASP	20, 9	4144	nuc	nuc	0.99
ARG	20, 6	4141	ASP	20, 9	4144	nuc	nuc	0.99
ALA	20, 7	4142	ASP	20, 9	4144	nuc	nuc	0.95
PHE	20, 8	4143	ASP	20, 9	4144	nuc	nuc	1
ARG	20, 6	4141	GLN	20, 10	4145	nuc	nuc	0.99
ALA	20, 7	4142	GLN	20, 10	4145	nuc	nuc	0.99
PHE	20, 8	4143	GLN	20, 10	4145	nuc	nuc	0.98
ASP	20, 9	4144	GLN	20, 10	4145	nuc	nuc	1
ALA	20, 7	4142	GLY	20, 11	4146	nuc	nuc	0.98
PHE	20, 8	4143	GLY	20, 11	4146	nuc	nuc	1
ASP	20, 9	4144	GLY	20, 11	4146	nuc	nuc	1
GLN	20, 10	4145	GLY	20, 11	4146	nuc	nuc	1
LEU	4, 206	1207	ALA	20, 12	4147	nuc	nuc	0.97
LYS	4, 207	1208	ALA	20, 12	4147	nuc	nuc	0.99
LEU	4, 210	1211	ALA	20, 12	4147	nuc	nuc	0.97
PHE	20, 8	4143	ALA	20, 12	4147	nuc	nuc	1
ASP	20, 9	4144	ALA	20, 12	4147	nuc	nuc	1
GLN	20, 10	4145	ALA	20, 12	4147	nuc	nuc	0.94
GLY	20, 11	4146	ALA	20, 12	4147	nuc	nuc	1
ARG	4, 203	1204	ASP	20, 13	4148	nuc	nuc	0.87
ASP	20, 9	4144	ASP	20, 13	4148	nuc	nuc	0.99
GLN	20, 10	4145	ASP	20, 13	4148	nuc	nuc	1
GLY	20, 11	4146	ASP	20, 13	4148	nuc	nuc	1
ALA	20, 12	4147	ASP	20, 13	4148	nuc	nuc	1
GLN	20, 10	4145	ALA	20, 14	4149	nuc	nuc	0.99
GLY	20, 11	4146	ALA	20, 14	4149	nuc	nuc	1
ALA	20, 12	4147	ALA	20, 14	4149	nuc	nuc	0.99
ASP	20, 13	4148	ALA	20, 14	4149	nuc	nuc	1
LEU	4, 206	1207	ILE	20, 15	4150	nuc	nuc	0.94
GLY	20, 11	4146	ILE	20, 15	4150	nuc	nuc	0.99
ALA	20, 12	4147	ILE	20, 15	4150	nuc	nuc	1
ASP	20, 13	4148	ILE	20, 15	4150	nuc	nuc	0.98
ALA	20, 14	4149	ILE	20, 15	4150	nuc	nuc	1
LEU	4, 18	1019	PHE	20, 16	4151	nuc	nuc	0.9
ALA	4, 20	1021	PHE	20, 16	4151	nuc	nuc	0.51
LYS	4, 202	1203	PHE	20, 16	4151	nuc	nuc	0.69
ARG	4, 203	1204	PHE	20, 16	4151	nuc	nuc	0.99
LEU	4, 206	1207	PHE	20, 16	4151	nuc	nuc	0.98
ALA	20, 12	4147	PHE	20, 16	4151	nuc	nuc	0.99
ASP	20, 13	4148	PHE	20, 16	4151	nuc	nuc	1
ALA	20, 14	4149	PHE	20, 16	4151	nuc	nuc	0.98
ILE	20, 15	4150	PHE	20, 16	4151	nuc	nuc	1
ASP	20, 13	4148	GLU	20, 17	4152	nuc	nuc	0.99
ALA	20, 14	4149	GLU	20, 17	4152	nuc	nuc	1
ILE	20, 15	4150	GLU	20, 17	4152	nuc	nuc	0.96
PHE	20, 16	4151	GLU	20, 17	4152	nuc	nuc	1
ALA	20, 14	4149	HIS	20, 18	4153	nuc	nuc	0.99
ILE	20, 15	4150	HIS	20, 18	4153	nuc	nuc	0.99
PHE	20, 16	4151	HIS	20, 18	4153	nuc	nuc	0.98
GLU	20, 17	4152	HIS	20, 18	4153	nuc	nuc	1
LEU	4, 18	1019	LEU	20, 19	4154	nuc	nuc	0.96
SER	4, 19	1020	LEU	20, 19	4154	nuc	nuc	0.74
ILE	20, 15	4150	LEU	20, 19	4154	nuc	nuc	0.98
PHE	20, 16	4151	LEU	20, 19	4154	nuc	nuc	0.99
GLU	20, 17	4152	LEU	20, 19	4154	nuc	nuc	0.96
HIS	20, 18	4153	LEU	20, 19	4154	nuc	nuc	1
LEU	4, 18	1019	ASN	20, 20	4155	nuc	nuc	0.61
SER	4, 19	1020	ASN	20, 20	4155	nuc	nuc	0.96
ALA	4, 20	1021	ASN	20, 20	4155	nuc	nuc	0.97
PHE	20, 16	4151	ASN	20, 20	4155	nuc	nuc	0.96
GLU	20, 17	4152	ASN	20, 20	4155	nuc	nuc	0.98
HIS	20, 18	4153	ASN	20, 20	4155	nuc	nuc	0.87
LEU	20, 19	4154	ASN	20, 20	4155	nuc	nuc	1
GLU	20, 17	4152	GLU	20, 21	4156	nuc	nuc	0.9
HIS	20, 18	4153	GLU	20, 21	4156	nuc	nuc	0.98
LEU	20, 19	4154	GLU	20, 21	4156	nuc	nuc	0.89
ASN	20, 20	4155	GLU	20, 21	4156	nuc	nuc	1
ASN	20, 20	4155	GLY	20, 22	4157	nuc	nuc	1
GLU	20, 21	4156	GLY	20, 22	4157	nuc	nuc	1
SER	4, 13	1014	LYS	20, 23	4158	nuc	nuc	0.88
ALA	4, 20	1021	LYS	20, 23	4158	nuc	nuc	0.97
LEU	4, 21	1022	LYS	20, 23	4158	nuc	nuc	0.9
ASP	4, 22	1023	LYS	20, 23	4158	nuc	nuc	0.98
HIS	4, 23	1024	LYS	20, 23	4158	nuc	nuc	0.95
SER	4, 24	1025	LYS	20, 23	4158	nuc	nuc	0.56
ASN	20, 20	4155	LYS	20, 23	4158	nuc	nuc	0.98
GLU	20, 21	4156	LYS	20, 23	4158	nuc	nuc	0.96
GLY	20, 22	4157	LYS	20, 23	4158	nuc	nuc	1
ALA	4, 20	1021	LEU	20, 24	4159	nuc	nuc	0.96
HIS	4, 23	1024	LEU	20, 24	4159	nuc	nuc	0.96
ASP	4, 199	1200	LEU	20, 24	4159	nuc	nuc	0.87
GLU	20, 17	4152	LEU	20, 24	4159	nuc	nuc	0.93
ASN	20, 20	4155	LEU	20, 24	4159	nuc	nuc	0.97
GLY	20, 22	4157	LEU	20, 24	4159	nuc	nuc	0.99
LYS	20, 23	4158	LEU	20, 24	4159	nuc	nuc	1
HIS	4, 23	1024	TRP	20, 25	4160	nuc	nuc	0.98
GLY	4, 53	1054	TRP	20, 25	4160	nuc	nuc	0.96
VAL	4, 54	1055	TRP	20, 25	4160	nuc	nuc	0.97
THR	4, 55	1056	TRP	20, 25	4160	nuc	nuc	0.83
LEU	20, 24	4159	TRP	20, 25	4160	nuc	nuc	1
GLU	20, 17	4152	LYS	20, 26	4161	nuc	nuc	0.8
LEU	20, 24	4159	LYS	20, 26	4161	nuc	nuc	1
TRP	20, 25	4160	LYS	20, 26	4161	nuc	nuc	1
GLU	20, 21	4156	HIS	20, 27	4162	nuc	nuc	0.94
GLY	20, 22	4157	HIS	20, 27	4162	nuc	nuc	0.97
LYS	20, 23	4158	HIS	20, 27	4162	nuc	nuc	0.92
LEU	20, 24	4159	HIS	20, 27	4162	nuc	nuc	0.97
TRP	20, 25	4160	HIS	20, 27	4162	nuc	nuc	0.98
LYS	20, 26	4161	HIS	20, 27	4162	nuc	nuc	1
HIS	4, 23	1024	ILE	20, 28	4163	nuc	nuc	0.96
SER	4, 24	1025	ILE	20, 28	4163	nuc	nuc	0.96
GLY	20, 22	4157	ILE	20, 28	4163	nuc	nuc	0.89
LEU	20, 24	4159	ILE	20, 28	4163	nuc	nuc	0.85
TRP	20, 25	4160	ILE	20, 28	4163	nuc	nuc	0.99
LYS	20, 26	4161	ILE	20, 28	4163	nuc	nuc	0.71
HIS	20, 27	4162	ILE	20, 28	4163	nuc	nuc	1
THR	4, 57	1058	LYS	20, 29	4164	nuc	nuc	0.62
TRP	20, 25	4160	LYS	20, 29	4164	nuc	nuc	0.97
LYS	20, 26	4161	LYS	20, 29	4164	nuc	nuc	0.96
HIS	20, 27	4162	LYS	20, 29	4164	nuc	nuc	0.86
ILE	20, 28	4163	LYS	20, 29	4164	nuc	nuc	1
ILE	20, 28	4163	HIS	20, 30	4165	nuc	nuc	0.92
LYS	20, 29	4164	HIS	20, 30	4165	nuc	nuc	1
ILE	20, 28	4163	LYS	20, 31	4166	nuc	nuc	0.93
LYS	20, 29	4164	LYS	20, 31	4166	nuc	nuc	0.95
HIS	20, 30	4165	LYS	20, 31	4166	nuc	nuc	1
HIS	4, 56	1057	TYR	20, 32	4167	nuc	nuc	0.68
THR	4, 57	1058	TYR	20, 32	4167	nuc	nuc	0.94
GLU	4, 60	1061	TYR	20, 32	4167	nuc	nuc	0.82
ILE	20, 28	4163	TYR	20, 32	4167	nuc	nuc	0.64
LYS	20, 29	4164	TYR	20, 32	4167	nuc	nuc	0.95
HIS	20, 30	4165	TYR	20, 32	4167	nuc	nuc	0.73
LYS	20, 31	4166	TYR	20, 32	4167	nuc	nuc	1
THR	4, 57	1058	GLU	20, 33	4168	nuc	nuc	0.87
LYS	20, 29	4164	GLU	20, 33	4168	nuc	nuc	0.89
HIS	20, 30	4165	GLU	20, 33	4168	nuc	nuc	0.91
LYS	20, 31	4166	GLU	20, 33	4168	nuc	nuc	0.67
TYR	20, 32	4167	GLU	20, 33	4168	nuc	nuc	1
TYR	20, 32	4167	ALA	20, 34	4169	nuc	nuc	0.56
GLU	20, 33	4168	ALA	20, 34	4169	nuc	nuc	1
GLU	20, 33	4168	SER	20, 35	4170	nuc	nuc	0.81
ALA	20, 34	4169	SER	20, 35	4170	nuc	nuc	1
ALA	20, 34	4169	GLU	20, 36	4171	nuc	nuc	0.84
SER	20, 35	4170	GLU	20, 36	4171	nuc	nuc	1
SER	20, 35	4170	GLU	20, 37	4172	nuc	nuc	0.84
GLU	20, 36	4171	GLU	20, 37	4172	nuc	nuc	1
THR	5, 350	1592	GLN	21, 2	4174	nuc	nuc	0.6
GLU	5, 351	1593	GLN	21, 2	4174	nuc	nuc	0.68
ALA	5, 404	1646	GLN	21, 2	4174	nuc	nuc	0.77
VAL	21, 1	4173	GLN	21, 2	4174	nuc	nuc	1
SER	5, 348	1590	LEU	21, 3	4175	nuc	nuc	0.92
THR	5, 350	1592	LEU	21, 3	4175	nuc	nuc	0.74
VAL	21, 1	4173	LEU	21, 3	4175	nuc	nuc	0.96
GLN	21, 2	4174	LEU	21, 3	4175	nuc	nuc	1
VAL	21, 1	4173	LEU	21, 4	4176	nuc	nuc	0.89
GLN	21, 2	4174	LEU	21, 4	4176	nuc	nuc	0.94
LEU	21, 3	4175	LEU	21, 4	4176	nuc	nuc	1
VAL	21, 1	4173	GLN	21, 5	4177	nuc	nuc	0.79
GLN	21, 2	4174	GLN	21, 5	4177	nuc	nuc	0.97
LEU	21, 3	4175	GLN	21, 5	4177	nuc	nuc	0.97
LEU	21, 4	4176	GLN	21, 5	4177	nuc	nuc	1
THR	5, 347	1589	ASN	21, 6	4178	nuc	nuc	0.82
SER	5, 348	1590	ASN	21, 6	4178	nuc	nuc	0.82
ARG	5, 408	1650	ASN	21, 6	4178	nuc	nuc	0.85
GLN	21, 2	4174	ASN	21, 6	4178	nuc	nuc	0.9
LEU	21, 3	4175	ASN	21, 6	4178	nuc	nuc	0.99
LEU	21, 4	4176	ASN	21, 6	4178	nuc	nuc	0.95
GLN	21, 5	4177	ASN	21, 6	4178	nuc	nuc	1
THR	5, 347	1589	TRP	21, 7	4179	nuc	nuc	0.59
LEU	21, 3	4175	TRP	21, 7	4179	nuc	nuc	0.97
LEU	21, 4	4176	TRP	21, 7	4179	nuc	nuc	0.98
GLN	21, 5	4177	TRP	21, 7	4179	nuc	nuc	0.87
ASN	21, 6	4178	TRP	21, 7	4179	nuc	nuc	1
LEU	21, 4	4176	THR	21, 8	4180	nuc	nuc	0.95
GLN	21, 5	4177	THR	21, 8	4180	nuc	nuc	0.98
ASN	21, 6	4178	THR	21, 8	4180	nuc	nuc	0.96
TRP	21, 7	4179	THR	21, 8	4180	nuc	nuc	1
ASN	21, 6	4178	PRO	21, 9	4181	nuc	nuc	0.51
TRP	21, 7	4179	PRO	21, 9	4181	nuc	nuc	0.95
THR	21, 8	4180	PRO	21, 9	4181	nuc	nuc	1
ARG	5, 445	1687	THR	21, 10	4182	nuc	nuc	0.64
PHE	5, 446	1688	THR	21, 10	4182	nuc	nuc	0.98
TRP	21, 7	4179	THR	21, 10	4182	nuc	nuc	0.99
THR	21, 8	4180	THR	21, 10	4182	nuc	nuc	0.98
PRO	21, 9	4181	THR	21, 10	4182	nuc	nuc	1
TRP	21, 7	4179	LEU	21, 11	4183	nuc	nuc	0.98
THR	21, 8	4180	LEU	21, 11	4183	nuc	nuc	0.99
PRO	21, 9	4181	LEU	21, 11	4183	nuc	nuc	0.98
THR	21, 10	4182	LEU	21, 11	4183	nuc	nuc	1
THR	21, 8	4180	VAL	21, 12	4184	nuc	nuc	0.98
PRO	21, 9	4181	VAL	21, 12	4184	nuc	nuc	0.99
THR	21, 10	4182	VAL	21, 12	4184	nuc	nuc	0.98
LEU	21, 11	4183	VAL	21, 12	4184	nuc	nuc	1
PRO	21, 9	4181	THR	21, 13	4185	nuc	nuc	0.98
THR	21, 10	4182	THR	21, 13	4185	nuc	nuc	1
LEU	21, 11	4183	THR	21, 13	4185	nuc	nuc	0.99
VAL	21, 12	4184	THR	21, 13	4185	nuc	nuc	1
THR	21, 10	4182	TRP	21, 14	4186	nuc	nuc	0.99
LEU	21, 11	4183	TRP	21, 14	4186	nuc	nuc	1
VAL	21, 12	4184	TRP	21, 14	4186	nuc	nuc	0.98
THR	21, 13	4185	TRP	21, 14	4186	nuc	nuc	1
LEU	21, 11	4183	GLY	21, 15	4187	nuc	nuc	0.99
VAL	21, 12	4184	GLY	21, 15	4187	nuc	nuc	1
THR	21, 13	4185	GLY	21, 15	4187	nuc	nuc	1
TRP	21, 14	4186	GLY	21, 15	4187	nuc	nuc	1
VAL	21, 12	4184	ALA	21, 16	4188	nuc	nuc	0.99
THR	21, 13	4185	ALA	21, 16	4188	nuc	nuc	1
TRP	21, 14	4186	ALA	21, 16	4188	nuc	nuc	0.99
GLY	21, 15	4187	ALA	21, 16	4188	nuc	nuc	1
THR	21, 13	4185	VAL	21, 17	4189	nuc	nuc	1
TRP	21, 14	4186	VAL	21, 17	4189	nuc	nuc	1
GLY	21, 15	4187	VAL	21, 17	4189	nuc	nuc	1
ALA	21, 16	4188	VAL	21, 17	4189	nuc	nuc	1
TRP	21, 14	4186	GLY	21, 18	4190	nuc	nuc	0.99
GLY	21, 15	4187	GLY	21, 18	4190	nuc	nuc	1
ALA	21, 16	4188	GLY	21, 18	4190	nuc	nuc	1
VAL	21, 17	4189	GLY	21, 18	4190	nuc	nuc	1
GLY	21, 15	4187	GLY	21, 19	4191	nuc	nuc	1
ALA	21, 16	4188	GLY	21, 19	4191	nuc	nuc	1
VAL	21, 17	4189	GLY	21, 19	4191	nuc	nuc	1
GLY	21, 18	4190	GLY	21, 19	4191	nuc	nuc	1
VAL	19, 2	4100	THR	21, 20	4192	nuc	nuc	0.82
ALA	21, 16	4188	THR	21, 20	4192	nuc	nuc	0.99
VAL	21, 17	4189	THR	21, 20	4192	nuc	nuc	1
GLY	21, 18	4190	THR	21, 20	4192	nuc	nuc	1
GLY	21, 19	4191	THR	21, 20	4192	nuc	nuc	1
VAL	21, 17	4189	GLY	21, 21	4193	nuc	nuc	0.99
GLY	21, 18	4190	GLY	21, 21	4193	nuc	nuc	1
GLY	21, 19	4191	GLY	21, 21	4193	nuc	nuc	1
THR	21, 20	4192	GLY	21, 21	4193	nuc	nuc	1
GLY	21, 18	4190	LEU	21, 22	4194	nuc	nuc	0.99
GLY	21, 19	4191	LEU	21, 22	4194	nuc	nuc	1
THR	21, 20	4192	LEU	21, 22	4194	nuc	nuc	0.98
GLY	21, 21	4193	LEU	21, 22	4194	nuc	nuc	1
GLY	21, 19	4191	VAL	21, 23	4195	nuc	nuc	0.99
THR	21, 20	4192	VAL	21, 23	4195	nuc	nuc	1
GLY	21, 21	4193	VAL	21, 23	4195	nuc	nuc	1
LEU	21, 22	4194	VAL	21, 23	4195	nuc	nuc	1
LYS	11, 52	3220	TRP	21, 24	4196	nuc	nuc	0.76
ALA	19, 1	4099	TRP	21, 24	4196	nuc	nuc	0.9
VAL	19, 2	4100	TRP	21, 24	4196	nuc	nuc	0.97
GLU	19, 5	4103	TRP	21, 24	4196	nuc	nuc	0.6
THR	21, 20	4192	TRP	21, 24	4196	nuc	nuc	0.99
GLY	21, 21	4193	TRP	21, 24	4196	nuc	nuc	1
LEU	21, 22	4194	TRP	21, 24	4196	nuc	nuc	0.99
VAL	21, 23	4195	TRP	21, 24	4196	nuc	nuc	1
LYS	11, 52	3220	ILE	21, 25	4197	nuc	nuc	0.96
GLY	21, 21	4193	ILE	21, 25	4197	nuc	nuc	0.99
LEU	21, 22	4194	ILE	21, 25	4197	nuc	nuc	0.99
VAL	21, 23	4195	ILE	21, 25	4197	nuc	nuc	0.8
TRP	21, 24	4196	ILE	21, 25	4197	nuc	nuc	1
LEU	21, 22	4194	THR	21, 26	4198	nuc	nuc	0.98
VAL	21, 23	4195	THR	21, 26	4198	nuc	nuc	0.98
TRP	21, 24	4196	THR	21, 26	4198	nuc	nuc	0.89
ILE	21, 25	4197	THR	21, 26	4198	nuc	nuc	1
TRP	21, 24	4196	ASP	21, 27	4199	nuc	nuc	0.91
ILE	21, 25	4197	ASP	21, 27	4199	nuc	nuc	0.87
THR	21, 26	4198	ASP	21, 27	4199	nuc	nuc	1
LEU	21, 22	4194	TRP	21, 28	4200	nuc	nuc	0.7
VAL	21, 23	4195	TRP	21, 28	4200	nuc	nuc	0.95
THR	21, 26	4198	TRP	21, 28	4200	nuc	nuc	0.99
ASP	21, 27	4199	TRP	21, 28	4200	nuc	nuc	1
ASP	21, 27	4199	LYS	21, 29	4201	nuc	nuc	0.95
TRP	21, 28	4200	LYS	21, 29	4201	nuc	nuc	1
TRP	21, 28	4200	LEU	21, 30	4202	nuc	nuc	0.99
LYS	21, 29	4201	LEU	21, 30	4202	nuc	nuc	1
VAL	21, 23	4195	VAL	21, 31	4203	nuc	nuc	0.96
TRP	21, 28	4200	VAL	21, 31	4203	nuc	nuc	0.97
LYS	21, 29	4201	VAL	21, 31	4203	nuc	nuc	0.74
LEU	21, 30	4202	VAL	21, 31	4203	nuc	nuc	1
VAL	21, 23	4195	LEU	21, 32	4204	nuc	nuc	0.92
ASP	21, 27	4199	LEU	21, 32	4204	nuc	nuc	0.91
TRP	21, 28	4200	LEU	21, 32	4204	nuc	nuc	0.96
LYS	21, 29	4201	LEU	21, 32	4204	nuc	nuc	0.97
LEU	21, 30	4202	LEU	21, 32	4204	nuc	nuc	0.79
VAL	21, 31	4203	LEU	21, 32	4204	nuc	nuc	1
LYS	21, 29	4201	GLN	21, 33	4205	nuc	nuc	0.89
LEU	21, 30	4202	GLN	21, 33	4205	nuc	nuc	0.91
VAL	21, 31	4203	GLN	21, 33	4205	nuc	nuc	0.91
LEU	21, 32	4204	GLN	21, 33	4205	nuc	nuc	1
VAL	21, 31	4203	TYR	21, 34	4206	nuc	nuc	0.92
LEU	21, 32	4204	TYR	21, 34	4206	nuc	nuc	0.9
GLN	21, 33	4205	TYR	21, 34	4206	nuc	nuc	1
VAL	21, 31	4203	VAL	21, 35	4207	nuc	nuc	0.69
LEU	21, 32	4204	VAL	21, 35	4207	nuc	nuc	0.95
GLN	21, 33	4205	VAL	21, 35	4207	nuc	nuc	0.87
TYR	21, 34	4206	VAL	21, 35	4207	nuc	nuc	1
VAL	21, 35	4207	PRO	21, 36	4208	nuc	nuc	1
LEU	19, 3	4101	TYR	21, 37	4209	nuc	nuc	0.68
ARG	19, 6	4104	TYR	21, 37	4209	nuc	nuc	0.9
VAL	21, 35	4207	TYR	21, 37	4209	nuc	nuc	0.98
PRO	21, 36	4208	TYR	21, 37	4209	nuc	nuc	1
VAL	19, 2	4100	ILE	21, 38	4210	nuc	nuc	0.85
LEU	19, 3	4101	ILE	21, 38	4210	nuc	nuc	0.63
ARG	19, 6	4104	ILE	21, 38	4210	nuc	nuc	0.94
LEU	21, 32	4204	ILE	21, 38	4210	nuc	nuc	0.92
VAL	21, 35	4207	ILE	21, 38	4210	nuc	nuc	0.94
PRO	21, 36	4208	ILE	21, 38	4210	nuc	nuc	0.86
TYR	21, 37	4209	ILE	21, 38	4210	nuc	nuc	1
LEU	21, 32	4204	GLY	21, 39	4211	nuc	nuc	0.85
GLN	21, 33	4205	GLY	21, 39	4211	nuc	nuc	0.85
TYR	21, 34	4206	GLY	21, 39	4211	nuc	nuc	0.54
VAL	21, 35	4207	GLY	21, 39	4211	nuc	nuc	0.9
PRO	21, 36	4208	GLY	21, 39	4211	nuc	nuc	0.83
TYR	21, 37	4209	GLY	21, 39	4211	nuc	nuc	0.99
ILE	21, 38	4210	GLY	21, 39	4211	nuc	nuc	1
TYR	21, 37	4209	GLY	21, 40	4212	nuc	nuc	0.71
ILE	21, 38	4210	GLY	21, 40	4212	nuc	nuc	0.98
GLY	21, 39	4211	GLY	21, 40	4212	nuc	nuc	1
ARG	19, 6	4104	LYS	21, 41	4213	nuc	nuc	0.68
ILE	21, 38	4210	LYS	21, 41	4213	nuc	nuc	0.74
GLY	21, 39	4211	LYS	21, 41	4213	nuc	nuc	0.98
GLY	21, 40	4212	LYS	21, 41	4213	nuc	nuc	1
LYS	21, 29	4201	TYR	21, 42	4214	nuc	nuc	0.74
LEU	21, 32	4204	TYR	21, 42	4214	nuc	nuc	0.59
GLN	21, 33	4205	TYR	21, 42	4214	nuc	nuc	0.77
GLY	21, 39	4211	TYR	21, 42	4214	nuc	nuc	0.87
GLY	21, 40	4212	TYR	21, 42	4214	nuc	nuc	0.99
LYS	21, 41	4213	TYR	21, 42	4214	nuc	nuc	1
GLY	21, 39	4211	LYS	21, 43	4215	nuc	nuc	0.65
GLY	21, 40	4212	LYS	21, 43	4215	nuc	nuc	0.82
LYS	21, 41	4213	LYS	21, 43	4215	nuc	nuc	0.73
TYR	21, 42	4214	LYS	21, 43	4215	nuc	nuc	1
TYR	21, 42	4214	ALA	21, 44	4216	nuc	nuc	0.64
LYS	21, 43	4215	ALA	21, 44	4216	nuc	nuc	1
LYS	21, 43	4215	GLU	21, 45	4217	nuc	nuc	0.74
ALA	21, 44	4216	GLU	21, 45	4217	nuc	nuc	1
ALA	21, 44	4216	ASP	21, 46	4218	nuc	nuc	0.84
GLU	21, 45	4217	ASP	21, 46	4218	nuc	nuc	1
THR	6, 350	2038	GLN	22, 2	4220	nuc	nuc	0.6
GLU	6, 351	2039	GLN	22, 2	4220	nuc	nuc	0.68
ALA	6, 404	2092	GLN	22, 2	4220	nuc	nuc	0.76
VAL	22, 1	4219	GLN	22, 2	4220	nuc	nuc	1
SER	6, 348	2036	LEU	22, 3	4221	nuc	nuc	0.92
THR	6, 350	2038	LEU	22, 3	4221	nuc	nuc	0.74
VAL	22, 1	4219	LEU	22, 3	4221	nuc	nuc	0.95
GLN	22, 2	4220	LEU	22, 3	4221	nuc	nuc	1
VAL	22, 1	4219	LEU	22, 4	4222	nuc	nuc	0.88
GLN	22, 2	4220	LEU	22, 4	4222	nuc	nuc	0.94
LEU	22, 3	4221	LEU	22, 4	4222	nuc	nuc	1
VAL	22, 1	4219	GLN	22, 5	4223	nuc	nuc	0.79
GLN	22, 2	4220	GLN	22, 5	4223	nuc	nuc	0.97
LEU	22, 3	4221	GLN	22, 5	4223	nuc	nuc	0.97
LEU	22, 4	4222	GLN	22, 5	4223	nuc	nuc	1
THR	6, 347	2035	ASN	22, 6	4224	nuc	nuc	0.82
SER	6, 348	2036	ASN	22, 6	4224	nuc	nuc	0.82
ARG	6, 408	2096	ASN	22, 6	4224	nuc	nuc	0.85
GLN	22, 2	4220	ASN	22, 6	4224	nuc	nuc	0.9
LEU	22, 3	4221	ASN	22, 6	4224	nuc	nuc	0.99
LEU	22, 4	4222	ASN	22, 6	4224	nuc	nuc	0.95
GLN	22, 5	4223	ASN	22, 6	4224	nuc	nuc	1
THR	6, 347	2035	TRP	22, 7	4225	nuc	nuc	0.58
LEU	22, 3	4221	TRP	22, 7	4225	nuc	nuc	0.97
LEU	22, 4	4222	TRP	22, 7	4225	nuc	nuc	0.98
GLN	22, 5	4223	TRP	22, 7	4225	nuc	nuc	0.86
ASN	22, 6	4224	TRP	22, 7	4225	nuc	nuc	1
LEU	22, 4	4222	THR	22, 8	4226	nuc	nuc	0.95
GLN	22, 5	4223	THR	22, 8	4226	nuc	nuc	0.98
ASN	22, 6	4224	THR	22, 8	4226	nuc	nuc	0.96
TRP	22, 7	4225	THR	22, 8	4226	nuc	nuc	1
ASN	22, 6	4224	PRO	22, 9	4227	nuc	nuc	0.51
TRP	22, 7	4225	PRO	22, 9	4227	nuc	nuc	0.95
THR	22, 8	4226	PRO	22, 9	4227	nuc	nuc	1
ARG	6, 445	2133	THR	22, 10	4228	nuc	nuc	0.65
PHE	6, 446	2134	THR	22, 10	4228	nuc	nuc	0.97
TRP	22, 7	4225	THR	22, 10	4228	nuc	nuc	0.99
THR	22, 8	4226	THR	22, 10	4228	nuc	nuc	0.98
PRO	22, 9	4227	THR	22, 10	4228	nuc	nuc	1
TRP	22, 7	4225	LEU	22, 11	4229	nuc	nuc	0.98
THR	22, 8	4226	LEU	22, 11	4229	nuc	nuc	0.99
PRO	22, 9	4227	LEU	22, 11	4229	nuc	nuc	0.98
THR	22, 10	4228	LEU	22, 11	4229	nuc	nuc	1
THR	22, 8	4226	VAL	22, 12	4230	nuc	nuc	0.98
PRO	22, 9	4227	VAL	22, 12	4230	nuc	nuc	0.99
THR	22, 10	4228	VAL	22, 12	4230	nuc	nuc	0.98
LEU	22, 11	4229	VAL	22, 12	4230	nuc	nuc	1
PRO	22, 9	4227	THR	22, 13	4231	nuc	nuc	0.98
THR	22, 10	4228	THR	22, 13	4231	nuc	nuc	1
LEU	22, 11	4229	THR	22, 13	4231	nuc	nuc	0.99
VAL	22, 12	4230	THR	22, 13	4231	nuc	nuc	1
THR	22, 10	4228	TRP	22, 14	4232	nuc	nuc	0.99
LEU	22, 11	4229	TRP	22, 14	4232	nuc	nuc	1
VAL	22, 12	4230	TRP	22, 14	4232	nuc	nuc	0.98
THR	22, 13	4231	TRP	22, 14	4232	nuc	nuc	1
LEU	22, 11	4229	GLY	22, 15	4233	nuc	nuc	0.99
VAL	22, 12	4230	GLY	22, 15	4233	nuc	nuc	1
THR	22, 13	4231	GLY	22, 15	4233	nuc	nuc	1
TRP	22, 14	4232	GLY	22, 15	4233	nuc	nuc	1
VAL	22, 12	4230	ALA	22, 16	4234	nuc	nuc	0.99
THR	22, 13	4231	ALA	22, 16	4234	nuc	nuc	1
TRP	22, 14	4232	ALA	22, 16	4234	nuc	nuc	0.99
GLY	22, 15	4233	ALA	22, 16	4234	nuc	nuc	1
THR	22, 13	4231	VAL	22, 17	4235	nuc	nuc	1
TRP	22, 14	4232	VAL	22, 17	4235	nuc	nuc	1
GLY	22, 15	4233	VAL	22, 17	4235	nuc	nuc	1
ALA	22, 16	4234	VAL	22, 17	4235	nuc	nuc	1
TRP	22, 14	4232	GLY	22, 18	4236	nuc	nuc	0.99
GLY	22, 15	4233	GLY	22, 18	4236	nuc	nuc	1
ALA	22, 16	4234	GLY	22, 18	4236	nuc	nuc	1
VAL	22, 17	4235	GLY	22, 18	4236	nuc	nuc	1
GLY	22, 15	4233	GLY	22, 19	4237	nuc	nuc	1
ALA	22, 16	4234	GLY	22, 19	4237	nuc	nuc	0.99
VAL	22, 17	4235	GLY	22, 19	4237	nuc	nuc	1
GLY	22, 18	4236	GLY	22, 19	4237	nuc	nuc	1
VAL	20, 2	4137	THR	22, 20	4238	nuc	nuc	0.81
ALA	22, 16	4234	THR	22, 20	4238	nuc	nuc	0.99
VAL	22, 17	4235	THR	22, 20	4238	nuc	nuc	1
GLY	22, 18	4236	THR	22, 20	4238	nuc	nuc	1
GLY	22, 19	4237	THR	22, 20	4238	nuc	nuc	1
VAL	22, 17	4235	GLY	22, 21	4239	nuc	nuc	0.99
GLY	22, 18	4236	GLY	22, 21	4239	nuc	nuc	1
GLY	22, 19	4237	GLY	22, 21	4239	nuc	nuc	1
THR	22, 20	4238	GLY	22, 21	4239	nuc	nuc	1
GLY	22, 18	4236	LEU	22, 22	4240	nuc	nuc	0.99
GLY	22, 19	4237	LEU	22, 22	4240	nuc	nuc	1
THR	22, 20	4238	LEU	22, 22	4240	nuc	nuc	0.98
GLY	22, 21	4239	LEU	22, 22	4240	nuc	nuc	1
GLY	22, 19	4237	VAL	22, 23	4241	nuc	nuc	0.99
THR	22, 20	4238	VAL	22, 23	4241	nuc	nuc	1
GLY	22, 21	4239	VAL	22, 23	4241	nuc	nuc	1
LEU	22, 22	4240	VAL	22, 23	4241	nuc	nuc	1
LYS	12, 52	3416	TRP	22, 24	4242	nuc	nuc	0.75
ALA	20, 1	4136	TRP	22, 24	4242	nuc	nuc	0.9
VAL	20, 2	4137	TRP	22, 24	4242	nuc	nuc	0.97
GLU	20, 5	4140	TRP	22, 24	4242	nuc	nuc	0.61
THR	22, 20	4238	TRP	22, 24	4242	nuc	nuc	0.99
GLY	22, 21	4239	TRP	22, 24	4242	nuc	nuc	1
LEU	22, 22	4240	TRP	22, 24	4242	nuc	nuc	0.99
VAL	22, 23	4241	TRP	22, 24	4242	nuc	nuc	1
LYS	12, 52	3416	ILE	22, 25	4243	nuc	nuc	0.96
GLY	22, 21	4239	ILE	22, 25	4243	nuc	nuc	0.99
LEU	22, 22	4240	ILE	22, 25	4243	nuc	nuc	0.99
VAL	22, 23	4241	ILE	22, 25	4243	nuc	nuc	0.8
TRP	22, 24	4242	ILE	22, 25	4243	nuc	nuc	1
LEU	22, 22	4240	THR	22, 26	4244	nuc	nuc	0.98
VAL	22, 23	4241	THR	22, 26	4244	nuc	nuc	0.97
TRP	22, 24	4242	THR	22, 26	4244	nuc	nuc	0.89
ILE	22, 25	4243	THR	22, 26	4244	nuc	nuc	1
TRP	22, 24	4242	ASP	22, 27	4245	nuc	nuc	0.91
ILE	22, 25	4243	ASP	22, 27	4245	nuc	nuc	0.87
THR	22, 26	4244	ASP	22, 27	4245	nuc	nuc	1
LEU	22, 22	4240	TRP	22, 28	4246	nuc	nuc	0.69
VAL	22, 23	4241	TRP	22, 28	4246	nuc	nuc	0.95
THR	22, 26	4244	TRP	22, 28	4246	nuc	nuc	0.99
ASP	22, 27	4245	TRP	22, 28	4246	nuc	nuc	1
ASP	22, 27	4245	LYS	22, 29	4247	nuc	nuc	0.95
TRP	22, 28	4246	LYS	22, 29	4247	nuc	nuc	1
TRP	22, 28	4246	LEU	22, 30	4248	nuc	nuc	0.99
LYS	22, 29	4247	LEU	22, 30	4248	nuc	nuc	1
VAL	22, 23	4241	VAL	22, 31	4249	nuc	nuc	0.95
TRP	22, 28	4246	VAL	22, 31	4249	nuc	nuc	0.96
LYS	22, 29	4247	VAL	22, 31	4249	nuc	nuc	0.73
LEU	22, 30	4248	VAL	22, 31	4249	nuc	nuc	1
VAL	22, 23	4241	LEU	22, 32	4250	nuc	nuc	0.92
ASP	22, 27	4245	LEU	22, 32	4250	nuc	nuc	0.91
TRP	22, 28	4246	LEU	22, 32	4250	nuc	nuc	0.96
LYS	22, 29	4247	LEU	22, 32	4250	nuc	nuc	0.97
LEU	22, 30	4248	LEU	22, 32	4250	nuc	nuc	0.78
VAL	22, 31	4249	LEU	22, 32	4250	nuc	nuc	1
LYS	22, 29	4247	GLN	22, 33	4251	nuc	nuc	0.89
LEU	22, 30	4248	GLN	22, 33	4251	nuc	nuc	0.91
VAL	22, 31	4249	GLN	22, 33	4251	nuc	nuc	0.92
LEU	22, 32	4250	GLN	22, 33	4251	nuc	nuc	1
VAL	22, 31	4249	TYR	22, 34	4252	nuc	nuc	0.92
LEU	22, 32	4250	TYR	22, 34	4252	nuc	nuc	0.9
GLN	22, 33	4251	TYR	22, 34	4252	nuc	nuc	1
VAL	22, 31	4249	VAL	22, 35	4253	nuc	nuc	0.69
LEU	22, 32	4250	VAL	22, 35	4253	nuc	nuc	0.95
GLN	22, 33	4251	VAL	22, 35	4253	nuc	nuc	0.86
TYR	22, 34	4252	VAL	22, 35	4253	nuc	nuc	1
VAL	22, 35	4253	PRO	22, 36	4254	nuc	nuc	1
LEU	20, 3	4138	TYR	22, 37	4255	nuc	nuc	0.67
ARG	20, 6	4141	TYR	22, 37	4255	nuc	nuc	0.89
VAL	22, 35	4253	TYR	22, 37	4255	nuc	nuc	0.98
PRO	22, 36	4254	TYR	22, 37	4255	nuc	nuc	1
VAL	20, 2	4137	ILE	22, 38	4256	nuc	nuc	0.84
LEU	20, 3	4138	ILE	22, 38	4256	nuc	nuc	0.63
ARG	20, 6	4141	ILE	22, 38	4256	nuc	nuc	0.94
LEU	22, 32	4250	ILE	22, 38	4256	nuc	nuc	0.91
VAL	22, 35	4253	ILE	22, 38	4256	nuc	nuc	0.94
PRO	22, 36	4254	ILE	22, 38	4256	nuc	nuc	0.86
TYR	22, 37	4255	ILE	22, 38	4256	nuc	nuc	1
LEU	22, 32	4250	GLY	22, 39	4257	nuc	nuc	0.85
GLN	22, 33	4251	GLY	22, 39	4257	nuc	nuc	0.85
TYR	22, 34	4252	GLY	22, 39	4257	nuc	nuc	0.53
VAL	22, 35	4253	GLY	22, 39	4257	nuc	nuc	0.9
PRO	22, 36	4254	GLY	22, 39	4257	nuc	nuc	0.83
TYR	22, 37	4255	GLY	22, 39	4257	nuc	nuc	0.99
ILE	22, 38	4256	GLY	22, 39	4257	nuc	nuc	1
TYR	22, 37	4255	GLY	22, 40	4258	nuc	nuc	0.71
ILE	22, 38	4256	GLY	22, 40	4258	nuc	nuc	0.98
GLY	22, 39	4257	GLY	22, 40	4258	nuc	nuc	1
ARG	20, 6	4141	LYS	22, 41	4259	nuc	nuc	0.67
ILE	22, 38	4256	LYS	22, 41	4259	nuc	nuc	0.75
GLY	22, 39	4257	LYS	22, 41	4259	nuc	nuc	0.98
GLY	22, 40	4258	LYS	22, 41	4259	nuc	nuc	1
LYS	22, 29	4247	TYR	22, 42	4260	nuc	nuc	0.74
LEU	22, 32	4250	TYR	22, 42	4260	nuc	nuc	0.59
GLN	22, 33	4251	TYR	22, 42	4260	nuc	nuc	0.77
GLY	22, 39	4257	TYR	22, 42	4260	nuc	nuc	0.86
GLY	22, 40	4258	TYR	22, 42	4260	nuc	nuc	0.99
LYS	22, 41	4259	TYR	22, 42	4260	nuc	nuc	1
GLY	22, 39	4257	LYS	22, 43	4261	nuc	nuc	0.64
GLY	22, 40	4258	LYS	22, 43	4261	nuc	nuc	0.82
LYS	22, 41	4259	LYS	22, 43	4261	nuc	nuc	0.73
TYR	22, 42	4260	LYS	22, 43	4261	nuc	nuc	1
TYR	22, 42	4260	ALA	22, 44	4262	nuc	nuc	0.64
LYS	22, 43	4261	ALA	22, 44	4262	nuc	nuc	1
LYS	22, 43	4261	GLU	22, 45	4263	nuc	nuc	0.74
ALA	22, 44	4262	GLU	22, 45	4263	nuc	nuc	1
ALA	22, 44	4262	ASP	22, 46	4264	nuc	nuc	0.84
GLU	22, 45	4263	ASP	22, 46	4264	nuc	nuc	1
