Site	Parent	Child	Recurrence	Reversion	P-Value	Adjusted P-Value	AllSiteSubs	SiteComposition
323	N	S	46	3	4.789e-05	0.0007143	N>S:46,N>T:7,N>H:6,N>D:4,S>P:4,N>K:3,S>N:3,S>T:2,N>R:2,N>P:2,N>Y:1,N>G:1,S>G:1,H>Y:1,N>A:1	N:149,S:67,T:12,H:8,P:6,Y:5,D:4,G:3,K:3,R:2,A:1
289	G	S	45	1	4.789e-05	0.0007143	G>S:45,S>G:1	G:173,S:87
213	A	T	38	10	4.789e-05	0.0007143	A>T:38,A>S:13,T>A:10,T>S:4,A>I:4,T>I:3,S>T:3,A>M:2,T>V:1,A>G:1,I>V:1,I>T:1,A>L:1,S>A:1,T>M:1	A:127,T:72,S:37,I:17,M:3,V:2,G:1,L:1
95	C	S	36	0	4.789e-05	0.0007143	C>S:36,S>T:2,C>Q:1	C:189,S:66,T:3,Q:2
125	T	I	33	1	4.789e-05	0.0007143	T>I:33,T>M:14,T>P:7,T>A:3,T>S:3,T>L:3,M>T:2,I>T:1,P>L:1,A>T:1,T>F:1,T>N:1,S>L:1,T>V:1,M>L:1	T:164,I:43,M:25,L:8,P:7,S:5,A:5,V:1,F:1,N:1
194	I	L	33	1	4.789e-05	0.0007143	I>L:33,I>V:15,I>T:8,I>M:2,T>I:1,V>M:1,L>I:1,I>A:1	I:167,L:63,V:17,T:9,M:3,A:1
175	I	T	33	13	4.789e-05	0.0007143	I>T:33,I>V:23,T>I:13,I>L:5,T>M:1,I>M:1,T>V:1,V>T:1	I:114,T:107,V:27,L:10,M:2
109	V	A	32	4	4.789e-05	0.0007143	V>A:32,A>V:4,V>T:4,T>A:2,A>T:1	V:203,A:47,T:10
62	V	T	29	1	4.789e-05	0.0007143	V>T:29,V>I:4,V>M:1,I>V:1,I>T:1,T>V:1,V>A:1	V:175,T:77,I:6,M:1,A:1
324	T	P	25	0	4.789e-05	0.0007143	T>P:25,T>I:24,T>S:12,T>A:7,I>V:6,T>M:5,T>V:4,T>L:3,I>T:2,S>P:1,T>F:1,P>L:1,A>T:1,I>P:1,I>F:1,V>T:1,P>S:1	T:127,P:42,I:42,V:15,S:14,A:8,M:5,L:5,F:2
317	T	I	25	21	4.789e-05	0.0007143	T>I:25,I>T:21,T>V:9,I>V:7,T>N:7,V>I:5,T>P:3,T>A:3,T>S:3,I>L:2,L>F:2,S>N:2,T>K:1,I>F:1,I>M:1,I>N:1,T>F:1,N>S:1,N>H:1,T>L:1,T>M:1	T:135,I:69,V:17,N:11,S:7,F:5,L:5,P:3,A:3,K:2,M:2,H:1
143	Y	F	25	12	4.789e-05	0.0007143	Y>F:25,F>L:22,F>Y:12,Y>L:4,L>I:3,F>I:2,L>V:2,L>F:2,F>S:2,F>T:2,I>V:1,T>S:1,I>T:1,F>A:1,F>V:1,Y>T:1	F:109,Y:69,L:58,I:9,S:6,T:4,V:4,A:1
324	T	I	24	2	4.789e-05	0.0007143	T>P:25,T>I:24,T>S:12,T>A:7,I>V:6,T>M:5,T>V:4,T>L:3,I>T:2,S>P:1,T>F:1,P>L:1,A>T:1,I>P:1,I>F:1,V>T:1,P>S:1	T:127,P:42,I:42,V:15,S:14,A:8,M:5,L:5,F:2
123	S	P	24	10	4.789e-05	0.0007143	S>P:24,P>S:10,S>T:8,P>T:2,P>H:1,S>H:1	S:131,P:113,T:13,H:2,A:1
89	L	M	23	1	4.789e-05	0.0007143	L>M:23,L>F:1,L>V:1,M>L:1,L>T:1	L:223,M:33,V:2,F:1,T:1
14	L	I	23	3	4.789e-05	0.0007143	L>I:23,L>F:10,L>M:9,L>T:5,I>T:4,I>L:3,I>V:3,L>V:3,L>A:2,I>F:1,I>M:1,T>G:1,A>M:1,V>A:1,I>A:1,L>S:1,T>A:1	L:162,I:48,F:12,T:11,M:11,A:8,V:6,G:1,S:1
94	S	A	22	1	4.789e-05	0.0007143	S>A:22,S>P:10,A>S:1	S:215,A:34,P:10,L:1
226	K	N	22	1	4.789e-05	0.0007143	K>N:22,K>S:4,K>T:3,N>K:1	K:209,N:42,S:6,T:3
93	T	V	22	0	4.789e-05	0.0007143	T>V:22,T>A:16,T>M:10,T>L:9,T>I:8,T>P:5,V>L:3,I>L:1,V>M:1,I>V:1,T>S:1,P>L:1,V>I:1,T>E:1,M>T:1,I>T:1	T:162,V:29,A:17,L:15,M:13,I:11,P:11,E:1,S:1
10	T	I	21	10	4.789e-05	0.0007143	T>I:21,S>T:13,T>A:13,I>T:10,T>S:5,T>V:4,S>L:4,S>Y:4,I>A:4,S>I:3,I>L:3,L>T:2,T>M:2,S>A:2,S>C:2,A>T:2,I>V:2,L>M:1,V>A:1,V>T:1,V>I:1,S>G:1,S>F:1,C>Y:1,S>V:1,A>V:1,I>F:1,I>M:1,I>S:1	T:87,I:54,S:30,A:24,L:20,Y:20,V:15,M:5,F:2,C:2,G:1
321	P	S	21	1	4.789e-05	0.0007143	P>S:21,P>T:8,T>S:6,T>A:5,T>P:5,P>L:4,P>Q:3,S>T:3,T>N:2,P>K:2,P>R:2,T>H:1,S>P:1,N>K:1,T>L:1,P>N:1,P>A:1	P:166,S:35,T:29,A:6,K:6,N:5,L:5,Q:4,R:2,H:2
91	H	N	20	0	4.789e-05	0.0007143	H>N:20,H>Q:3,H>Y:3,H>S:2,H>C:2,H>T:1,Q>H:1,N>T:1,C>Y:1,C>S:1,H>L:1,H>D:1	H:195,N:36,Q:11,C:7,Y:4,S:3,T:2,D:1,L:1
282	I	M	19	1	4.789e-05	0.0007143	I>M:19,I>L:7,I>A:2,I>T:1,I>V:1,M>I:1,I>F:1	I:220,M:26,L:9,A:2,F:1,T:1,V:1
314	Q	L	18	0	4.789e-05	0.0007143	Q>L:18,Q>R:7,Q>H:6,L>T:2,Q>M:2,Q>S:2,T>A:1,Q>P:1,Q>K:1	Q:199,L:36,H:9,R:7,M:2,T:2,S:2,P:1,A:1,K:1
228	S	P	17	0	4.789e-05	0.0007143	S>P:17,S>T:14,S>A:5,A>T:2,S>M:1,A>V:1	S:206,T:23,P:22,A:5,M:2,V:1,N:1
133	A	V	17	11	4.789e-05	0.0007143	A>V:17,M>V:14,V>A:11,V>I:10,A>I:10,V>L:7,A>L:6,M>I:4,M>L:4,I>V:4,V>M:3,M>A:3,L>M:2,I>L:2,L>V:1,M>T:1,I>A:1,I>F:1,A>F:1,A>G:1	V:66,A:60,L:49,I:44,M:36,F:2,T:1,G:1,W:1
11	T	I	16	8	4.789e-05	0.0007143	T>I:16,T>A:10,L>T:9,T>L:8,I>T:8,L>M:7,L>F:6,T>S:6,M>T:4,L>A:3,M>L:3,M>I:3,I>A:3,I>F:3,L>I:2,M>V:2,M>A:2,T>F:2,I>L:2,T>V:2,I>M:2,T>M:2,L>V:1,I>V:1,I>S:1,L>S:1,S>L:1,M>S:1	L:92,T:58,I:41,M:20,A:18,F:14,S:11,V:6
325	L	S	16	7	4.789e-05	0.0007143	L>S:16,L>P:15,L>M:14,S>L:7,S>T:6,L>I:4,M>T:4,L>T:4,L>F:3,S>P:3,P>L:2,P>T:2,P>S:2,S>M:2,S>A:2,L>Y:1,S>F:1,L>H:1,S>Q:1,P>Q:1,I>T:1,Q>S:1,Q>K:1,L>Q:1,T>S:1,T>M:1,L>W:1	L:100,S:46,P:36,T:27,M:21,Q:14,F:5,I:4,W:2,A:2,Y:1,H:1,K:1
80	H	Y	16	3	4.789e-05	0.0007143	H>Y:16,S>F:9,H>Q:9,S>H:8,S>A:7,A>V:5,A>S:5,F>S:4,H>C:4,A>T:3,S>L:3,F>L:3,S>T:3,S>Y:3,H>S:3,Y>H:3,H>D:2,Y>F:2,N>S:1,N>D:1,Y>S:1,N>Y:1,A>N:1,A>M:1,V>A:1,A>F:1,S>I:1,F>I:1,S>V:1,S>M:1,F>C:1,F>T:1,H>A:1,Y>C:1,H>E:1,Y>V:1,F>Y:1,F>H:1,S>K:1	H:80,S:42,F:35,Y:29,A:21,Q:10,T:9,L:9,V:8,C:6,D:3,M:2,I:2,N:2,E:1,K:1
325	L	P	15	2	4.789e-05	0.0007143	L>S:16,L>P:15,L>M:14,S>L:7,S>T:6,L>I:4,M>T:4,L>T:4,L>F:3,S>P:3,P>L:2,P>T:2,P>S:2,S>M:2,S>A:2,L>Y:1,S>F:1,L>H:1,S>Q:1,P>Q:1,I>T:1,Q>S:1,Q>K:1,L>Q:1,T>S:1,T>M:1,L>W:1	L:100,S:46,P:36,T:27,M:21,Q:14,F:5,I:4,W:2,A:2,Y:1,H:1,K:1
316	H	R	15	0	4.789e-05	0.0007143	H>Y:22,H>R:15,H>Q:2,Y>S:1,H>L:1,H>T:1,Y>F:1,S>L:1,H>S:1,Q>K:1,Q>R:1,Q>H:1	H:148,Y:44,R:37,Q:17,S:8,L:3,K:1,F:1,T:1
277	T	P	15	10	4.789e-05	0.0007143	T>P:15,P>S:14,T>A:10,P>T:10,P>L:8,T>V:7,T>S:4,T>I:4,T>M:2,S>P:2,P>V:2,L>M:2,A>V:1,V>L:1,S>A:1,I>V:1,V>I:1,V>A:1,T>L:1,S>M:1,P>A:1,S>L:1,P>I:1,P>M:1	P:139,T:49,S:20,V:14,A:13,L:12,M:6,I:6,W:1
133	M	V	14	3	4.789e-05	0.0007143	A>V:17,M>V:14,V>A:11,V>I:10,A>I:10,V>L:7,A>L:6,M>I:4,M>L:4,I>V:4,V>M:3,M>A:3,L>M:2,I>L:2,L>V:1,M>T:1,I>A:1,I>F:1,A>F:1,A>G:1	V:66,A:60,L:49,I:44,M:36,F:2,T:1,G:1,W:1
156	T	L	14	1	4.789e-05	0.0007143	T>I:24,T>S:20,T>A:15,T>L:14,T>F:5,T>V:3,I>T:3,L>F:2,S>L:2,C>S:2,T>C:2,L>I:1,A>T:1,L>T:1,I>L:1,T>M:1,C>G:1,F>Y:1,F>L:1,F>I:1,C>F:1,C>L:1,T>G:1,T>Y:1,I>V:1	T:128,I:32,S:29,L:27,A:21,F:8,C:6,V:4,G:2,Y:2,M:1
225	L	T	14	0	4.789e-05	0.0007143	L>T:14,L>M:8,L>S:8,M>T:4,L>F:3,L>V:3,M>V:1,I>T:1,L>I:1,L>P:1,L>H:1,L>A:1	L:203,T:26,M:10,S:9,V:5,F:3,A:1,H:1,I:1,P:1
277	P	S	14	2	4.789e-05	0.0007143	T>P:15,P>S:14,T>A:10,P>T:10,P>L:8,T>V:7,T>S:4,T>I:4,T>M:2,S>P:2,P>V:2,L>M:2,A>V:1,V>L:1,S>A:1,I>V:1,V>I:1,V>A:1,T>L:1,S>M:1,P>A:1,S>L:1,P>I:1,P>M:1	P:139,T:49,S:20,V:14,A:13,L:12,M:6,I:6,W:1
319	N	H	13	0	4.789e-05	0.0007143	N>S:20,N>H:13,N>D:7,N>K:5,N>Y:3,N>T:3,N>G:3,D>N:2,H>Y:2,H>C:1,T>I:1,H>P:1,N>P:1	N:166,S:27,H:20,K:12,D:11,T:7,Y:6,G:6,C:2,P:2,I:1
147	P	H	12	6	4.789e-05	0.0007143	P>H:12,Q>P:10,Q>H:10,P>S:9,H>P:6,H>N:6,P>Q:4,H>Q:4,Q>K:2,P>Y:1,N>S:1,N>D:1,Q>S:1,Q>L:1,H>S:1,P>A:1	H:98,P:80,Q:45,S:13,K:9,N:8,L:4,A:1,Y:1,D:1
239	S	A	12	7	4.789e-05	0.0007143	M>T:14,S>A:12,S>P:8,A>S:7,M>A:7,M>V:5,T>A:4,S>T:4,P>S:4,A>T:3,T>S:3,M>I:2,M>L:2,V>M:1,V>A:1,M>S:1,S>L:1,S>M:1,S>I:1,S>V:1,A>P:1	S:93,M:56,A:40,T:31,V:18,P:15,I:4,L:3
344	L	P	11	1	4.789e-05	0.0007143	L>P:11,L>I:8,L>F:7,L>T:7,S>P:5,L>H:3,L>M:3,L>A:3,I>T:2,S>L:2,L>S:2,L>R:2,F>L:2,H>Q:1,H>C:1,I>L:1,S>A:1,H>R:1,H>L:1,P>L:1,L>Y:1,F>Y:1,L>V:1,T>A:1,T>I:1	L:171,P:17,T:13,I:13,F:12,H:9,S:8,A:5,M:3,R:3,Y:2,Q:1,C:1,V:1,K:1
133	V	A	11	17	4.789e-05	0.0007143	A>V:17,M>V:14,V>A:11,V>I:10,A>I:10,V>L:7,A>L:6,M>I:4,M>L:4,I>V:4,V>M:3,M>A:3,L>M:2,I>L:2,L>V:1,M>T:1,I>A:1,I>F:1,A>F:1,A>G:1	V:66,A:60,L:49,I:44,M:36,F:2,T:1,G:1,W:1
224	V	A	11	10	4.789e-05	0.0007143	T>A:18,V>A:11,A>V:10,A>T:8,T>S:7,T>V:5,T>I:5,V>T:3,V>I:2,I>T:2,A>I:1	T:99,A:74,V:63,I:13,S:11
274	D	E	11	5	4.789e-05	0.0007143	D>E:11,E>G:8,E>D:5,D>G:5,D>S:4,D>N:4,E>Q:1,E>N:1,D>H:1,E>T:1	E:159,D:72,G:14,S:6,N:5,H:2,Q:1,T:1
147	Q	P	10	4	4.789e-05	0.0007143	P>H:12,Q>P:10,Q>H:10,P>S:9,H>P:6,H>N:6,P>Q:4,H>Q:4,Q>K:2,P>Y:1,N>S:1,N>D:1,Q>S:1,Q>L:1,H>S:1,P>A:1	H:98,P:80,Q:45,S:13,K:9,N:8,L:4,A:1,Y:1,D:1
277	P	T	10	15	4.789e-05	0.0007143	T>P:15,P>S:14,T>A:10,P>T:10,P>L:8,T>V:7,T>S:4,T>I:4,T>M:2,S>P:2,P>V:2,L>M:2,A>V:1,V>L:1,S>A:1,I>V:1,V>I:1,V>A:1,T>L:1,S>M:1,P>A:1,S>L:1,P>I:1,P>M:1	P:139,T:49,S:20,V:14,A:13,L:12,M:6,I:6,W:1
133	A	I	10	1	4.789e-05	0.0007143	A>V:17,M>V:14,V>A:11,V>I:10,A>I:10,V>L:7,A>L:6,M>I:4,M>L:4,I>V:4,V>M:3,M>A:3,L>M:2,I>L:2,L>V:1,M>T:1,I>A:1,I>F:1,A>F:1,A>G:1	V:66,A:60,L:49,I:44,M:36,F:2,T:1,G:1,W:1
346	I	A	10	0	4.789e-05	0.0007143	T>I:18,I>T:18,T>A:14,T>S:10,I>A:10,T>M:4,I>L:4,M>L:3,I>V:3,T>L:1,T>V:1,I>P:1,A>S:1,I>N:1,I>M:1	I:122,T:63,A:26,M:21,S:14,L:8,V:4,N:1,P:1
80	S	F	9	4	4.789e-05	0.0007143	H>Y:16,S>F:9,H>Q:9,S>H:8,S>A:7,A>V:5,A>S:5,F>S:4,H>C:4,A>T:3,S>L:3,F>L:3,S>T:3,S>Y:3,H>S:3,Y>H:3,H>D:2,Y>F:2,N>S:1,N>D:1,Y>S:1,N>Y:1,A>N:1,A>M:1,V>A:1,A>F:1,S>I:1,F>I:1,S>V:1,S>M:1,F>C:1,F>T:1,H>A:1,Y>C:1,H>E:1,Y>V:1,F>Y:1,F>H:1,S>K:1	H:80,S:42,F:35,Y:29,A:21,Q:10,T:9,L:9,V:8,C:6,D:3,M:2,I:2,N:2,E:1,K:1
317	T	V	9	0	4.789e-05	0.0007143	T>I:25,I>T:21,T>V:9,I>V:7,T>N:7,V>I:5,T>P:3,T>A:3,T>S:3,I>L:2,L>F:2,S>N:2,T>K:1,I>F:1,I>M:1,I>N:1,T>F:1,N>S:1,N>H:1,T>L:1,T>M:1	T:135,I:69,V:17,N:11,S:7,F:5,L:5,P:3,A:3,K:2,M:2,H:1
80	H	Q	9	0	4.789e-05	0.0007143	H>Y:16,S>F:9,H>Q:9,S>H:8,S>A:7,A>V:5,A>S:5,F>S:4,H>C:4,A>T:3,S>L:3,F>L:3,S>T:3,S>Y:3,H>S:3,Y>H:3,H>D:2,Y>F:2,N>S:1,N>D:1,Y>S:1,N>Y:1,A>N:1,A>M:1,V>A:1,A>F:1,S>I:1,F>I:1,S>V:1,S>M:1,F>C:1,F>T:1,H>A:1,Y>C:1,H>E:1,Y>V:1,F>Y:1,F>H:1,S>K:1	H:80,S:42,F:35,Y:29,A:21,Q:10,T:9,L:9,V:8,C:6,D:3,M:2,I:2,N:2,E:1,K:1
80	S	H	8	3	4.789e-05	0.0007143	H>Y:16,S>F:9,H>Q:9,S>H:8,S>A:7,A>V:5,A>S:5,F>S:4,H>C:4,A>T:3,S>L:3,F>L:3,S>T:3,S>Y:3,H>S:3,Y>H:3,H>D:2,Y>F:2,N>S:1,N>D:1,Y>S:1,N>Y:1,A>N:1,A>M:1,V>A:1,A>F:1,S>I:1,F>I:1,S>V:1,S>M:1,F>C:1,F>T:1,H>A:1,Y>C:1,H>E:1,Y>V:1,F>Y:1,F>H:1,S>K:1	H:80,S:42,F:35,Y:29,A:21,Q:10,T:9,L:9,V:8,C:6,D:3,M:2,I:2,N:2,E:1,K:1
321	P	T	8	5	4.789e-05	0.0007143	P>S:21,P>T:8,T>S:6,T>A:5,T>P:5,P>L:4,P>Q:3,S>T:3,T>N:2,P>K:2,P>R:2,T>H:1,S>P:1,N>K:1,T>L:1,P>N:1,P>A:1	P:166,S:35,T:29,A:6,K:6,N:5,L:5,Q:4,R:2,H:2
239	S	P	8	4	4.789e-05	0.0007143	M>T:14,S>A:12,S>P:8,A>S:7,M>A:7,M>V:5,T>A:4,S>T:4,P>S:4,A>T:3,T>S:3,M>I:2,M>L:2,V>M:1,V>A:1,M>S:1,S>L:1,S>M:1,S>I:1,S>V:1,A>P:1	S:93,M:56,A:40,T:31,V:18,P:15,I:4,L:3
277	P	L	8	0	4.789e-05	0.0007143	T>P:15,P>S:14,T>A:10,P>T:10,P>L:8,T>V:7,T>S:4,T>I:4,T>M:2,S>P:2,P>V:2,L>M:2,A>V:1,V>L:1,S>A:1,I>V:1,V>I:1,V>A:1,T>L:1,S>M:1,P>A:1,S>L:1,P>I:1,P>M:1	P:139,T:49,S:20,V:14,A:13,L:12,M:6,I:6,W:1
11	T	L	8	9	4.789e-05	0.0007143	T>I:16,T>A:10,L>T:9,T>L:8,I>T:8,L>M:7,L>F:6,T>S:6,M>T:4,L>A:3,M>L:3,M>I:3,I>A:3,I>F:3,L>I:2,M>V:2,M>A:2,T>F:2,I>L:2,T>V:2,I>M:2,T>M:2,L>V:1,I>V:1,I>S:1,L>S:1,S>L:1,M>S:1	L:92,T:58,I:41,M:20,A:18,F:14,S:11,V:6
276	A	I	8	0	4.789e-05	0.0007143	T>A:10,A>T:10,A>I:8,A>V:6,T>S:3,T>V:1,A>S:1	T:133,A:101,I:12,S:7,V:7
325	S	L	7	16	4.789e-05	0.0007143	L>S:16,L>P:15,L>M:14,S>L:7,S>T:6,L>I:4,M>T:4,L>T:4,L>F:3,S>P:3,P>L:2,P>T:2,P>S:2,S>M:2,S>A:2,L>Y:1,S>F:1,L>H:1,S>Q:1,P>Q:1,I>T:1,Q>S:1,Q>K:1,L>Q:1,T>S:1,T>M:1,L>W:1	L:100,S:46,P:36,T:27,M:21,Q:14,F:5,I:4,W:2,A:2,Y:1,H:1,K:1
317	T	N	7	0	4.789e-05	0.0007143	T>I:25,I>T:21,T>V:9,I>V:7,T>N:7,V>I:5,T>P:3,T>A:3,T>S:3,I>L:2,L>F:2,S>N:2,T>K:1,I>F:1,I>M:1,I>N:1,T>F:1,N>S:1,N>H:1,T>L:1,T>M:1	T:135,I:69,V:17,N:11,S:7,F:5,L:5,P:3,A:3,K:2,M:2,H:1
133	A	L	6	0	4.789e-05	0.0007143	A>V:17,M>V:14,V>A:11,V>I:10,A>I:10,V>L:7,A>L:6,M>I:4,M>L:4,I>V:4,V>M:3,M>A:3,L>M:2,I>L:2,L>V:1,M>T:1,I>A:1,I>F:1,A>F:1,A>G:1	V:66,A:60,L:49,I:44,M:36,F:2,T:1,G:1,W:1
339	I	A	6	0	4.789e-05	0.0007143	I>M:9,L>I:7,I>L:7,I>A:6,I>V:4,I>T:3,L>M:2,L>V:1	L:152,I:82,M:11,A:7,V:5,T:3
14	L	T	5	0	4.789e-05	0.0007143	L>I:23,L>F:10,L>M:9,L>T:5,I>T:4,I>L:3,I>V:3,L>V:3,L>A:2,I>F:1,I>M:1,T>G:1,A>M:1,V>A:1,I>A:1,L>S:1,T>A:1	L:162,I:48,F:12,T:11,M:11,A:8,V:6,G:1,S:1
156	T	F	5	0	4.789e-05	0.0007143	T>I:24,T>S:20,T>A:15,T>L:14,T>F:5,T>V:3,I>T:3,L>F:2,S>L:2,C>S:2,T>C:2,L>I:1,A>T:1,L>T:1,I>L:1,T>M:1,C>G:1,F>Y:1,F>L:1,F>I:1,C>F:1,C>L:1,T>G:1,T>Y:1,I>V:1	T:128,I:32,S:29,L:27,A:21,F:8,C:6,V:4,G:2,Y:2,M:1
80	F	S	4	9	4.789e-05	0.0007143	H>Y:16,S>F:9,H>Q:9,S>H:8,S>A:7,A>V:5,A>S:5,F>S:4,H>C:4,A>T:3,S>L:3,F>L:3,S>T:3,S>Y:3,H>S:3,Y>H:3,H>D:2,Y>F:2,N>S:1,N>D:1,Y>S:1,N>Y:1,A>N:1,A>M:1,V>A:1,A>F:1,S>I:1,F>I:1,S>V:1,S>M:1,F>C:1,F>T:1,H>A:1,Y>C:1,H>E:1,Y>V:1,F>Y:1,F>H:1,S>K:1	H:80,S:42,F:35,Y:29,A:21,Q:10,T:9,L:9,V:8,C:6,D:3,M:2,I:2,N:2,E:1,K:1
10	S	Y	4	0	4.789e-05	0.0007143	T>I:21,S>T:13,T>A:13,I>T:10,T>S:5,T>V:4,S>L:4,S>Y:4,I>A:4,S>I:3,I>L:3,L>T:2,T>M:2,S>A:2,S>C:2,A>T:2,I>V:2,L>M:1,V>A:1,V>T:1,V>I:1,S>G:1,S>F:1,C>Y:1,S>V:1,A>V:1,I>F:1,I>M:1,I>S:1	T:87,I:54,S:30,A:24,L:20,Y:20,V:15,M:5,F:2,C:2,G:1
80	H	C	4	0	4.789e-05	0.0007143	H>Y:16,S>F:9,H>Q:9,S>H:8,S>A:7,A>V:5,A>S:5,F>S:4,H>C:4,A>T:3,S>L:3,F>L:3,S>T:3,S>Y:3,H>S:3,Y>H:3,H>D:2,Y>F:2,N>S:1,N>D:1,Y>S:1,N>Y:1,A>N:1,A>M:1,V>A:1,A>F:1,S>I:1,F>I:1,S>V:1,S>M:1,F>C:1,F>T:1,H>A:1,Y>C:1,H>E:1,Y>V:1,F>Y:1,F>H:1,S>K:1	H:80,S:42,F:35,Y:29,A:21,Q:10,T:9,L:9,V:8,C:6,D:3,M:2,I:2,N:2,E:1,K:1
80	H	S	3	8	4.789e-05	0.0007143	H>Y:16,S>F:9,H>Q:9,S>H:8,S>A:7,A>V:5,A>S:5,F>S:4,H>C:4,A>T:3,S>L:3,F>L:3,S>T:3,S>Y:3,H>S:3,Y>H:3,H>D:2,Y>F:2,N>S:1,N>D:1,Y>S:1,N>Y:1,A>N:1,A>M:1,V>A:1,A>F:1,S>I:1,F>I:1,S>V:1,S>M:1,F>C:1,F>T:1,H>A:1,Y>C:1,H>E:1,Y>V:1,F>Y:1,F>H:1,S>K:1	H:80,S:42,F:35,Y:29,A:21,Q:10,T:9,L:9,V:8,C:6,D:3,M:2,I:2,N:2,E:1,K:1
347	P	L	3	1	4.789e-05	0.0007143	I>V:19,I>T:19,I>L:14,V>I:7,I>F:4,V>L:3,V>A:3,I>M:3,I>P:3,T>I:3,P>T:3,P>L:3,L>F:2,V>M:2,P>S:2,L>I:1,L>V:1,T>M:1,V>T:1,V>F:1,L>P:1,T>A:1,T>S:1,I>H:1,P>F:1,T>P:1	I:98,T:48,V:46,L:25,P:15,F:12,M:7,A:5,S:3,H:1
9	F	C	2	1	4.789e-05	0.0007143	S>F:10,S>T:9,S>L:4,T>M:2,C>S:2,F>C:2,S>C:1,M>L:1,M>V:1,T>I:1,C>F:1,T>C:1,F>L:1,T>A:1,S>V:1,S>A:1	F:140,S:77,T:12,L:12,C:6,M:4,I:3,A:3,V:3
277	P	V	2	0	4.789e-05	0.0007143	T>P:15,P>S:14,T>A:10,P>T:10,P>L:8,T>V:7,T>S:4,T>I:4,T>M:2,S>P:2,P>V:2,L>M:2,A>V:1,V>L:1,S>A:1,I>V:1,V>I:1,V>A:1,T>L:1,S>M:1,P>A:1,S>L:1,P>I:1,P>M:1	P:139,T:49,S:20,V:14,A:13,L:12,M:6,I:6,W:1
80	H	D	2	0	4.789e-05	0.0007143	H>Y:16,S>F:9,H>Q:9,S>H:8,S>A:7,A>V:5,A>S:5,F>S:4,H>C:4,A>T:3,S>L:3,F>L:3,S>T:3,S>Y:3,H>S:3,Y>H:3,H>D:2,Y>F:2,N>S:1,N>D:1,Y>S:1,N>Y:1,A>N:1,A>M:1,V>A:1,A>F:1,S>I:1,F>I:1,S>V:1,S>M:1,F>C:1,F>T:1,H>A:1,Y>C:1,H>E:1,Y>V:1,F>Y:1,F>H:1,S>K:1	H:80,S:42,F:35,Y:29,A:21,Q:10,T:9,L:9,V:8,C:6,D:3,M:2,I:2,N:2,E:1,K:1
278	A	T	36	19	9.578e-05	0.0011627	A>T:36,T>A:19,T>M:10,A>M:5,T>V:3,T>I:3,A>V:3,T>L:2,A>P:2,A>S:2,T>S:1	A:122,T:98,M:21,V:7,I:4,L:3,S:3,P:2
345	T	A	34	7	9.578e-05	0.0011627	T>A:34,T>S:14,A>T:7,S>P:3,T>P:3,T>I:1,S>A:1,A>P:1,T>Y:1	T:175,A:59,S:15,P:9,I:1,Y:1
156	T	I	24	3	9.578e-05	0.0011627	T>I:24,T>S:20,T>A:15,T>L:14,T>F:5,T>V:3,I>T:3,L>F:2,S>L:2,C>S:2,T>C:2,L>I:1,A>T:1,L>T:1,I>L:1,T>M:1,C>G:1,F>Y:1,F>L:1,F>I:1,C>F:1,C>L:1,T>G:1,T>Y:1,I>V:1	T:128,I:32,S:29,L:27,A:21,F:8,C:6,V:4,G:2,Y:2,M:1
346	I	T	18	18	9.578e-05	0.0011627	T>I:18,I>T:18,T>A:14,T>S:10,I>A:10,T>M:4,I>L:4,M>L:3,I>V:3,T>L:1,T>V:1,I>P:1,A>S:1,I>N:1,I>M:1	I:122,T:63,A:26,M:21,S:14,L:8,V:4,N:1,P:1
162	A	V	16	0	9.578e-05	0.0011627	A>T:35,A>V:16,T>A:8,A>I:3,A>M:2,V>I:2,A>G:1,V>T:1,A>L:1,T>I:1	A:157,T:60,V:28,I:11,M:2,L:1,G:1
27	M	V	13	8	9.578e-05	0.0011627	V>I:24,M>V:13,I>V:13,V>M:8,V>A:8,M>I:4,M>A:3,I>A:2,V>T:1,M>T:1,I>L:1,A>T:1	I:98,V:77,M:63,A:16,T:5,L:1
322	T	V	11	7	9.578e-05	0.0011627	T>A:14,T>V:11,T>I:9,V>I:9,V>T:7,T>P:3,T>M:3,P>L:2,P>S:2,I>V:2,S>T:1,T>S:1,V>L:1	T:137,V:47,P:24,I:21,A:14,S:10,M:4,L:3
281	I	A	10	0	9.578e-05	0.0011627	I>T:20,I>A:10,I>L:9,I>V:8,I>M:7,T>A:3,M>V:2,M>T:2,A>M:1,A>V:1,T>I:1,T>V:1,L>I:1,L>F:1,I>S:1,I>G:1	I:160,T:28,L:23,A:19,M:15,V:12,G:1,F:1,S:1
123	P	S	10	24	9.578e-05	0.0011627	S>P:24,P>S:10,S>T:8,P>T:2,P>H:1,S>H:1	S:131,P:113,T:13,H:2,A:1
9	S	F	10	0	9.578e-05	0.0011627	S>F:10,S>T:9,S>L:4,T>M:2,C>S:2,F>C:2,S>C:1,M>L:1,M>V:1,T>I:1,C>F:1,T>C:1,F>L:1,T>A:1,S>V:1,S>A:1	F:140,S:77,T:12,L:12,C:6,M:4,I:3,A:3,V:3
90	T	N	8	6	9.578e-05	0.0011627	T>S:11,T>N:8,N>T:6,N>S:4,T>A:2,N>H:1,S>N:1,T>D:1,T>V:1,T>I:1	T:195,N:38,S:19,H:3,A:2,D:1,I:1,V:1
327	A	P	7	0	9.578e-05	0.0011627	A>S:7,A>P:7,A>T:2,A>G:2,T>S:2,P>S:1,S>P:1	A:218,T:15,S:12,P:12,G:2,N:1
147	P	Q	4	10	9.578e-05	0.0011627	P>H:12,Q>P:10,Q>H:10,P>S:9,H>P:6,H>N:6,P>Q:4,H>Q:4,Q>K:2,P>Y:1,N>S:1,N>D:1,Q>S:1,Q>L:1,H>S:1,P>A:1	H:98,P:80,Q:45,S:13,K:9,N:8,L:4,A:1,Y:1,D:1
160	L	S	4	2	9.578e-05	0.0011627	A>T:14,A>S:7,L>M:5,A>L:4,L>S:4,A>I:3,S>L:2,A>M:2,L>F:2,I>A:1,S>T:1,T>I:1,T>S:1,A>G:1,M>L:1,M>T:1,T>M:1,T>V:1,L>I:1,A>F:1	L:109,A:90,T:18,S:17,M:13,I:8,F:3,G:1,V:1
321	P	K	2	0	9.578e-05	0.0011627	P>S:21,P>T:8,T>S:6,T>A:5,T>P:5,P>L:4,P>Q:3,S>T:3,T>N:2,P>K:2,P>R:2,T>H:1,S>P:1,N>K:1,T>L:1,P>N:1,P>A:1	P:166,S:35,T:29,A:6,K:6,N:5,L:5,Q:4,R:2,H:2
321	P	R	2	0	9.578e-05	0.0011627	P>S:21,P>T:8,T>S:6,T>A:5,T>P:5,P>L:4,P>Q:3,S>T:3,T>N:2,P>K:2,P>R:2,T>H:1,S>P:1,N>K:1,T>L:1,P>N:1,P>A:1	P:166,S:35,T:29,A:6,K:6,N:5,L:5,Q:4,R:2,H:2
47	S	P	15	0	1.437e-04	0.0015957	S>P:15,S>H:3,S>L:2	S:234,P:18,H:5,L:2,K:1
10	S	T	13	5	1.437e-04	0.0015957	T>I:21,S>T:13,T>A:13,I>T:10,T>S:5,T>V:4,S>L:4,S>Y:4,I>A:4,S>I:3,I>L:3,L>T:2,T>M:2,S>A:2,S>C:2,A>T:2,I>V:2,L>M:1,V>A:1,V>T:1,V>I:1,S>G:1,S>F:1,C>Y:1,S>V:1,A>V:1,I>F:1,I>M:1,I>S:1	T:87,I:54,S:30,A:24,L:20,Y:20,V:15,M:5,F:2,C:2,G:1
164	L	V	11	0	1.437e-04	0.0015957	L>V:11,L>I:10,I>V:6,L>M:3,V>I:3,L>F:2,I>L:1,L>T:1,V>M:1	L:212,V:23,I:18,M:4,F:2,T:1
147	P	S	9	0	1.437e-04	0.0015957	P>H:12,Q>P:10,Q>H:10,P>S:9,H>P:6,H>N:6,P>Q:4,H>Q:4,Q>K:2,P>Y:1,N>S:1,N>D:1,Q>S:1,Q>L:1,H>S:1,P>A:1	H:98,P:80,Q:45,S:13,K:9,N:8,L:4,A:1,Y:1,D:1
11	L	T	9	8	1.437e-04	0.0015957	T>I:16,T>A:10,L>T:9,T>L:8,I>T:8,L>M:7,L>F:6,T>S:6,M>T:4,L>A:3,M>L:3,M>I:3,I>A:3,I>F:3,L>I:2,M>V:2,M>A:2,T>F:2,I>L:2,T>V:2,I>M:2,T>M:2,L>V:1,I>V:1,I>S:1,L>S:1,S>L:1,M>S:1	L:92,T:58,I:41,M:20,A:18,F:14,S:11,V:6
225	L	S	8	0	1.437e-04	0.0015957	L>T:14,L>M:8,L>S:8,M>T:4,L>F:3,L>V:3,M>V:1,I>T:1,L>I:1,L>P:1,L>H:1,L>A:1	L:203,T:26,M:10,S:9,V:5,F:3,A:1,H:1,I:1,P:1
151	P	H	7	0	1.437e-04	0.0015957	P>S:14,P>H:7,P>T:5,P>Q:2,P>A:1,H>Y:1,P>C:1	P:224,S:15,H:7,T:7,Y:2,Q:2,A:1,C:1,F:1
143	Y	L	4	0	1.437e-04	0.0015957	Y>F:25,F>L:22,F>Y:12,Y>L:4,L>I:3,F>I:2,L>V:2,L>F:2,F>S:2,F>T:2,I>V:1,T>S:1,I>T:1,F>A:1,F>V:1,Y>T:1	F:109,Y:69,L:58,I:9,S:6,T:4,V:4,A:1
233	A	S	14	4	1.916e-04	0.0019607	A>S:14,A>T:12,S>T:5,T>S:5,S>A:4,T>A:4,T>V:1,A>V:1,A>M:1	S:142,A:72,T:43,V:2,M:1
147	Q	H	10	4	1.916e-04	0.0019607	P>H:12,Q>P:10,Q>H:10,P>S:9,H>P:6,H>N:6,P>Q:4,H>Q:4,Q>K:2,P>Y:1,N>S:1,N>D:1,Q>S:1,Q>L:1,H>S:1,P>A:1	H:98,P:80,Q:45,S:13,K:9,N:8,L:4,A:1,Y:1,D:1
125	T	P	7	0	1.916e-04	0.0019607	T>I:33,T>M:14,T>P:7,T>A:3,T>S:3,T>L:3,M>T:2,I>T:1,P>L:1,A>T:1,T>F:1,T>N:1,S>L:1,T>V:1,M>L:1	T:164,I:43,M:25,L:8,P:7,S:5,A:5,V:1,F:1,N:1
274	D	G	5	0	1.916e-04	0.0019607	D>E:11,E>G:8,E>D:5,D>G:5,D>S:4,D>N:4,E>Q:1,E>N:1,D>H:1,E>T:1	E:159,D:72,G:14,S:6,N:5,H:2,Q:1,T:1
347	I	P	3	0	1.916e-04	0.0019607	I>V:19,I>T:19,I>L:14,V>I:7,I>F:4,V>L:3,V>A:3,I>M:3,I>P:3,T>I:3,P>T:3,P>L:3,L>F:2,V>M:2,P>S:2,L>I:1,L>V:1,T>M:1,V>T:1,V>F:1,L>P:1,T>A:1,T>S:1,I>H:1,P>F:1,T>P:1	I:98,T:48,V:46,L:25,P:15,F:12,M:7,A:5,S:3,H:1
10	S	I	3	1	1.916e-04	0.0019607	T>I:21,S>T:13,T>A:13,I>T:10,T>S:5,T>V:4,S>L:4,S>Y:4,I>A:4,S>I:3,I>L:3,L>T:2,T>M:2,S>A:2,S>C:2,A>T:2,I>V:2,L>M:1,V>A:1,V>T:1,V>I:1,S>G:1,S>F:1,C>Y:1,S>V:1,A>V:1,I>F:1,I>M:1,I>S:1	T:87,I:54,S:30,A:24,L:20,Y:20,V:15,M:5,F:2,C:2,G:1
321	P	Q	3	0	1.916e-04	0.0019607	P>S:21,P>T:8,T>S:6,T>A:5,T>P:5,P>L:4,P>Q:3,S>T:3,T>N:2,P>K:2,P>R:2,T>H:1,S>P:1,N>K:1,T>L:1,P>N:1,P>A:1	P:166,S:35,T:29,A:6,K:6,N:5,L:5,Q:4,R:2,H:2
347	P	T	3	1	1.916e-04	0.0019607	I>V:19,I>T:19,I>L:14,V>I:7,I>F:4,V>L:3,V>A:3,I>M:3,I>P:3,T>I:3,P>T:3,P>L:3,L>F:2,V>M:2,P>S:2,L>I:1,L>V:1,T>M:1,V>T:1,V>F:1,L>P:1,T>A:1,T>S:1,I>H:1,P>F:1,T>P:1	I:98,T:48,V:46,L:25,P:15,F:12,M:7,A:5,S:3,H:1
237	T	A	32	2	2.395e-04	0.0022726	T>A:32,T>S:10,T>I:9,T>M:6,I>T:6,T>N:3,M>T:2,A>T:2,I>M:1,I>A:1,I>V:1,M>I:1,M>V:1,M>A:1,T>K:1,A>M:1,I>N:1,I>F:1	T:140,A:48,I:29,S:17,M:12,N:7,V:5,K:1,F:1
175	I	V	23	0	2.395e-04	0.0022726	I>T:33,I>V:23,T>I:13,I>L:5,T>M:1,I>M:1,T>V:1,V>T:1	I:114,T:107,V:27,L:10,M:2
144	L	M	15	15	2.395e-04	0.0022726	M>L:15,L>M:15,L>Q:1,M>I:1,L>F:1,L>I:1	M:159,L:96,I:3,F:1,Q:1
210	M	V	11	0	2.395e-04	0.0022726	L>M:20,L>I:12,M>V:11,M>L:10,L>V:7,I>T:3,L>T:2,L>A:2,L>F:1,V>I:1,I>V:1	L:160,M:45,I:26,V:21,T:5,A:2,F:1
14	L	F	10	0	2.395e-04	0.0022726	L>I:23,L>F:10,L>M:9,L>T:5,I>T:4,I>L:3,I>V:3,L>V:3,L>A:2,I>F:1,I>M:1,T>G:1,A>M:1,V>A:1,I>A:1,L>S:1,T>A:1	L:162,I:48,F:12,T:11,M:11,A:8,V:6,G:1,S:1
344	L	H	3	1	2.395e-04	0.0022726	L>P:11,L>I:8,L>F:7,L>T:7,S>P:5,L>H:3,L>M:3,L>A:3,I>T:2,S>L:2,L>S:2,L>R:2,F>L:2,H>Q:1,H>C:1,I>L:1,S>A:1,H>R:1,H>L:1,P>L:1,L>Y:1,F>Y:1,L>V:1,T>A:1,T>I:1	L:171,P:17,T:13,I:13,F:12,H:9,S:8,A:5,M:3,R:3,Y:2,Q:1,C:1,V:1,K:1
80	S	Y	3	1	2.395e-04	0.0022726	H>Y:16,S>F:9,H>Q:9,S>H:8,S>A:7,A>V:5,A>S:5,F>S:4,H>C:4,A>T:3,S>L:3,F>L:3,S>T:3,S>Y:3,H>S:3,Y>H:3,H>D:2,Y>F:2,N>S:1,N>D:1,Y>S:1,N>Y:1,A>N:1,A>M:1,V>A:1,A>F:1,S>I:1,F>I:1,S>V:1,S>M:1,F>C:1,F>T:1,H>A:1,Y>C:1,H>E:1,Y>V:1,F>Y:1,F>H:1,S>K:1	H:80,S:42,F:35,Y:29,A:21,Q:10,T:9,L:9,V:8,C:6,D:3,M:2,I:2,N:2,E:1,K:1
11	T	F	2	0	2.395e-04	0.0022726	T>I:16,T>A:10,L>T:9,T>L:8,I>T:8,L>M:7,L>F:6,T>S:6,M>T:4,L>A:3,M>L:3,M>I:3,I>A:3,I>F:3,L>I:2,M>V:2,M>A:2,T>F:2,I>L:2,T>V:2,I>M:2,T>M:2,L>V:1,I>V:1,I>S:1,L>S:1,S>L:1,M>S:1	L:92,T:58,I:41,M:20,A:18,F:14,S:11,V:6
136	F	L	40	2	2.873e-04	0.0025423	F>L:40,L>F:2	F:148,L:112
156	T	S	20	0	2.873e-04	0.0025423	T>I:24,T>S:20,T>A:15,T>L:14,T>F:5,T>V:3,I>T:3,L>F:2,S>L:2,C>S:2,T>C:2,L>I:1,A>T:1,L>T:1,I>L:1,T>M:1,C>G:1,F>Y:1,F>L:1,F>I:1,C>F:1,C>L:1,T>G:1,T>Y:1,I>V:1	T:128,I:32,S:29,L:27,A:21,F:8,C:6,V:4,G:2,Y:2,M:1
213	A	S	13	1	2.873e-04	0.0025423	A>T:38,A>S:13,T>A:10,T>S:4,A>I:4,T>I:3,S>T:3,A>M:2,T>V:1,A>G:1,I>V:1,I>T:1,A>L:1,S>A:1,T>M:1	A:127,T:72,S:37,I:17,M:3,V:2,G:1,L:1
10	T	A	13	2	2.873e-04	0.0025423	T>I:21,S>T:13,T>A:13,I>T:10,T>S:5,T>V:4,S>L:4,S>Y:4,I>A:4,S>I:3,I>L:3,L>T:2,T>M:2,S>A:2,S>C:2,A>T:2,I>V:2,L>M:1,V>A:1,V>T:1,V>I:1,S>G:1,S>F:1,C>Y:1,S>V:1,A>V:1,I>F:1,I>M:1,I>S:1	T:87,I:54,S:30,A:24,L:20,Y:20,V:15,M:5,F:2,C:2,G:1
224	A	V	10	11	2.873e-04	0.0025423	T>A:18,V>A:11,A>V:10,A>T:8,T>S:7,T>V:5,T>I:5,V>T:3,V>I:2,I>T:2,A>I:1	T:99,A:74,V:63,I:13,S:11
90	N	T	6	8	2.873e-04	0.0025423	T>S:11,T>N:8,N>T:6,N>S:4,T>A:2,N>H:1,S>N:1,T>D:1,T>V:1,T>I:1	T:195,N:38,S:19,H:3,A:2,D:1,I:1,V:1
344	S	P	5	0	2.873e-04	0.0025423	L>P:11,L>I:8,L>F:7,L>T:7,S>P:5,L>H:3,L>M:3,L>A:3,I>T:2,S>L:2,L>S:2,L>R:2,F>L:2,H>Q:1,H>C:1,I>L:1,S>A:1,H>R:1,H>L:1,P>L:1,L>Y:1,F>Y:1,L>V:1,T>A:1,T>I:1	L:171,P:17,T:13,I:13,F:12,H:9,S:8,A:5,M:3,R:3,Y:2,Q:1,C:1,V:1,K:1
274	D	S	4	0	2.873e-04	0.0025423	D>E:11,E>G:8,E>D:5,D>G:5,D>S:4,D>N:4,E>Q:1,E>N:1,D>H:1,E>T:1	E:159,D:72,G:14,S:6,N:5,H:2,Q:1,T:1
222	I	M	10	10	3.352e-04	0.0028224	T>I:15,I>M:10,M>I:10,I>T:7,T>M:5,M>T:4,T>A:2,I>V:2,M>V:2,I>S:1,T>L:1,T>S:1,I>N:1,I>A:1	T:115,I:84,M:45,S:4,V:4,A:3,N:3,L:2
339	I	M	9	0	3.352e-04	0.0028224	I>M:9,L>I:7,I>L:7,I>A:6,I>V:4,I>T:3,L>M:2,L>V:1	L:152,I:82,M:11,A:7,V:5,T:3
335	T	I	9	2	3.352e-04	0.0028224	M>T:13,M>L:10,L>M:9,T>I:9,L>S:7,M>I:7,T>A:4,L>F:3,S>L:3,M>S:3,T>M:3,I>T:2,I>V:2,T>V:2,M>A:2,M>V:2,L>I:1,S>A:1,S>T:1,S>F:1,L>T:1,L>A:1,L>W:1,I>A:1,T>L:1,T>F:1	L:79,M:58,T:52,I:26,S:21,A:10,V:6,F:6,W:2
10	T	V	4	1	3.352e-04	0.0028224	T>I:21,S>T:13,T>A:13,I>T:10,T>S:5,T>V:4,S>L:4,S>Y:4,I>A:4,S>I:3,I>L:3,L>T:2,T>M:2,S>A:2,S>C:2,A>T:2,I>V:2,L>M:1,V>A:1,V>T:1,V>I:1,S>G:1,S>F:1,C>Y:1,S>V:1,A>V:1,I>F:1,I>M:1,I>S:1	T:87,I:54,S:30,A:24,L:20,Y:20,V:15,M:5,F:2,C:2,G:1
80	Y	H	3	16	3.352e-04	0.0028224	H>Y:16,S>F:9,H>Q:9,S>H:8,S>A:7,A>V:5,A>S:5,F>S:4,H>C:4,A>T:3,S>L:3,F>L:3,S>T:3,S>Y:3,H>S:3,Y>H:3,H>D:2,Y>F:2,N>S:1,N>D:1,Y>S:1,N>Y:1,A>N:1,A>M:1,V>A:1,A>F:1,S>I:1,F>I:1,S>V:1,S>M:1,F>C:1,F>T:1,H>A:1,Y>C:1,H>E:1,Y>V:1,F>Y:1,F>H:1,S>K:1	H:80,S:42,F:35,Y:29,A:21,Q:10,T:9,L:9,V:8,C:6,D:3,M:2,I:2,N:2,E:1,K:1
156	C	S	2	0	3.352e-04	0.0028224	T>I:24,T>S:20,T>A:15,T>L:14,T>F:5,T>V:3,I>T:3,L>F:2,S>L:2,C>S:2,T>C:2,L>I:1,A>T:1,L>T:1,I>L:1,T>M:1,C>G:1,F>Y:1,F>L:1,F>I:1,C>F:1,C>L:1,T>G:1,T>Y:1,I>V:1	T:128,I:32,S:29,L:27,A:21,F:8,C:6,V:4,G:2,Y:2,M:1
65	A	T	43	10	3.831e-04	0.0030768	A>T:43,T>A:10,A>S:6,A>V:2,T>M:2,T>V:1	A:152,T:88,S:15,V:3,M:2
334	I	T	24	5	3.831e-04	0.0030768	I>T:24,I>L:16,I>V:9,I>A:6,T>I:5,T>A:5,I>M:4,V>I:4,I>S:3,L>I:3,A>T:2,T>V:1,M>V:1,T>M:1	I:131,T:55,L:29,V:22,A:14,M:5,S:4
93	T	L	9	0	3.831e-04	0.0030768	T>V:22,T>A:16,T>M:10,T>L:9,T>I:8,T>P:5,V>L:3,I>L:1,V>M:1,I>V:1,T>S:1,P>L:1,V>I:1,T>E:1,M>T:1,I>T:1	T:162,V:29,A:17,L:15,M:13,I:11,P:11,E:1,S:1
6	K	T	9	0	3.831e-04	0.0030768	K>T:9,K>N:5,K>M:4,N>S:2,T>M:1,T>S:1,N>T:1	K:220,T:17,N:10,S:6,M:6,Q:1
209	S	I	3	2	3.831e-04	0.0030768	T>A:20,A>T:18,T>S:16,T>I:11,S>T:9,A>S:8,A>V:6,T>V:5,S>A:4,I>V:3,I>T:3,S>C:3,S>I:3,I>S:2,T>M:2,T>C:2,V>M:1,I>L:1,A>I:1,V>I:1	T:74,S:70,A:53,I:26,V:18,C:14,M:3,X:1,L:1
325	S	M	2	0	3.831e-04	0.0030768	L>S:16,L>P:15,L>M:14,S>L:7,S>T:6,L>I:4,M>T:4,L>T:4,L>F:3,S>P:3,P>L:2,P>T:2,P>S:2,S>M:2,S>A:2,L>Y:1,S>F:1,L>H:1,S>Q:1,P>Q:1,I>T:1,Q>S:1,Q>K:1,L>Q:1,T>S:1,T>M:1,L>W:1	L:100,S:46,P:36,T:27,M:21,Q:14,F:5,I:4,W:2,A:2,Y:1,H:1,K:1
185	S	A	18	0	4.310e-04	0.0033580	S>A:18,S>T:1	S:232,A:27,T:1
197	N	Y	6	0	4.310e-04	0.0033580	N>S:27,N>D:8,N>Y:6,N>H:6,D>N:5,S>N:3,S>A:1,N>M:1,N>C:1,N>T:1	N:171,S:52,D:14,Y:12,H:6,A:2,M:1,C:1,T:1
239	P	S	4	8	4.310e-04	0.0033580	M>T:14,S>A:12,S>P:8,A>S:7,M>A:7,M>V:5,T>A:4,S>T:4,P>S:4,A>T:3,T>S:3,M>I:2,M>L:2,V>M:1,V>A:1,M>S:1,S>L:1,S>M:1,S>I:1,S>V:1,A>P:1	S:93,M:56,A:40,T:31,V:18,P:15,I:4,L:3
80	Y	F	2	1	4.310e-04	0.0033580	H>Y:16,S>F:9,H>Q:9,S>H:8,S>A:7,A>V:5,A>S:5,F>S:4,H>C:4,A>T:3,S>L:3,F>L:3,S>T:3,S>Y:3,H>S:3,Y>H:3,H>D:2,Y>F:2,N>S:1,N>D:1,Y>S:1,N>Y:1,A>N:1,A>M:1,V>A:1,A>F:1,S>I:1,F>I:1,S>V:1,S>M:1,F>C:1,F>T:1,H>A:1,Y>C:1,H>E:1,Y>V:1,F>Y:1,F>H:1,S>K:1	H:80,S:42,F:35,Y:29,A:21,Q:10,T:9,L:9,V:8,C:6,D:3,M:2,I:2,N:2,E:1,K:1
210	L	M	20	10	4.789e-04	0.0036763	L>M:20,L>I:12,M>V:11,M>L:10,L>V:7,I>T:3,L>T:2,L>A:2,L>F:1,V>I:1,I>V:1	L:160,M:45,I:26,V:21,T:5,A:2,F:1
209	S	C	3	0	4.789e-04	0.0036763	T>A:20,A>T:18,T>S:16,T>I:11,S>T:9,A>S:8,A>V:6,T>V:5,S>A:4,I>V:3,I>T:3,S>C:3,S>I:3,I>S:2,T>M:2,T>C:2,V>M:1,I>L:1,A>I:1,V>I:1	T:74,S:70,A:53,I:26,V:18,C:14,M:3,X:1,L:1
45	S	A	19	0	5.268e-04	0.0039284	S>A:19,S>T:2,A>G:1,S>F:1	S:222,A:34,T:2,G:1,F:1
335	L	S	7	3	5.268e-04	0.0039284	M>T:13,M>L:10,L>M:9,T>I:9,L>S:7,M>I:7,T>A:4,L>F:3,S>L:3,M>S:3,T>M:3,I>T:2,I>V:2,T>V:2,M>A:2,M>V:2,L>I:1,S>A:1,S>T:1,S>F:1,L>T:1,L>A:1,L>W:1,I>A:1,T>L:1,T>F:1	L:79,M:58,T:52,I:26,S:21,A:10,V:6,F:6,W:2
321	P	L	4	0	5.268e-04	0.0039284	P>S:21,P>T:8,T>S:6,T>A:5,T>P:5,P>L:4,P>Q:3,S>T:3,T>N:2,P>K:2,P>R:2,T>H:1,S>P:1,N>K:1,T>L:1,P>N:1,P>A:1	P:166,S:35,T:29,A:6,K:6,N:5,L:5,Q:4,R:2,H:2
10	S	C	2	0	5.268e-04	0.0039284	T>I:21,S>T:13,T>A:13,I>T:10,T>S:5,T>V:4,S>L:4,S>Y:4,I>A:4,S>I:3,I>L:3,L>T:2,T>M:2,S>A:2,S>C:2,A>T:2,I>V:2,L>M:1,V>A:1,V>T:1,V>I:1,S>G:1,S>F:1,C>Y:1,S>V:1,A>V:1,I>F:1,I>M:1,I>S:1	T:87,I:54,S:30,A:24,L:20,Y:20,V:15,M:5,F:2,C:2,G:1
31	T	A	30	10	5.747e-04	0.0042551	T>A:30,A>T:10,T>V:5,T>I:4,T>M:3,A>V:2	T:176,A:69,V:8,I:4,M:3
70	V	L	16	0	6.226e-04	0.0045772	V>I:35,V>L:16,V>M:4,I>M:3,I>V:3,I>L:3,M>V:1,M>L:1	V:129,I:63,L:51,M:17
197	N	S	27	3	6.705e-04	0.0048609	N>S:27,N>D:8,N>Y:6,N>H:6,D>N:5,S>N:3,S>A:1,N>M:1,N>C:1,N>T:1	N:171,S:52,D:14,Y:12,H:6,A:2,M:1,C:1,T:1
344	L	T	7	0	6.705e-04	0.0048609	L>P:11,L>I:8,L>F:7,L>T:7,S>P:5,L>H:3,L>M:3,L>A:3,I>T:2,S>L:2,L>S:2,L>R:2,F>L:2,H>Q:1,H>C:1,I>L:1,S>A:1,H>R:1,H>L:1,P>L:1,L>Y:1,F>Y:1,L>V:1,T>A:1,T>I:1	L:171,P:17,T:13,I:13,F:12,H:9,S:8,A:5,M:3,R:3,Y:2,Q:1,C:1,V:1,K:1
330	T	A	29	2	7.184e-04	0.0050673	T>A:29,T>I:10,T>S:8,I>T:4,T>V:4,A>T:2,T>M:2,I>V:2,S>T:1,T>L:1,V>A:1,V>T:1,I>M:1	T:162,A:46,I:20,S:15,V:13,M:3,L:1
283	S	A	10	7	7.184e-04	0.0050673	A>T:19,S>A:10,A>S:7,T>S:2,A>I:2,T>A:1,A>V:1	S:124,A:98,T:34,I:2,V:1,L:1
11	I	F	3	0	7.184e-04	0.0050673	T>I:16,T>A:10,L>T:9,T>L:8,I>T:8,L>M:7,L>F:6,T>S:6,M>T:4,L>A:3,M>L:3,M>I:3,I>A:3,I>F:3,L>I:2,M>V:2,M>A:2,T>F:2,I>L:2,T>V:2,I>M:2,T>M:2,L>V:1,I>V:1,I>S:1,L>S:1,S>L:1,M>S:1	L:92,T:58,I:41,M:20,A:18,F:14,S:11,V:6
156	T	C	2	0	7.184e-04	0.0050673	T>I:24,T>S:20,T>A:15,T>L:14,T>F:5,T>V:3,I>T:3,L>F:2,S>L:2,C>S:2,T>C:2,L>I:1,A>T:1,L>T:1,I>L:1,T>M:1,C>G:1,F>Y:1,F>L:1,F>I:1,C>F:1,C>L:1,T>G:1,T>Y:1,I>V:1	T:128,I:32,S:29,L:27,A:21,F:8,C:6,V:4,G:2,Y:2,M:1
133	V	L	7	1	7.662e-04	0.0052629	A>V:17,M>V:14,V>A:11,V>I:10,A>I:10,V>L:7,A>L:6,M>I:4,M>L:4,I>V:4,V>M:3,M>A:3,L>M:2,I>L:2,L>V:1,M>T:1,I>A:1,I>F:1,A>F:1,A>G:1	V:66,A:60,L:49,I:44,M:36,F:2,T:1,G:1,W:1
331	T	V	6	0	7.662e-04	0.0052629	S>A:6,T>A:6,T>V:6,S>T:5,T>I:5,T>S:4,A>T:3,T>M:2,A>V:1,S>V:1,S>L:1	T:120,S:106,A:16,V:8,I:5,M:3,L:2
278	A	M	5	0	7.662e-04	0.0052629	A>T:36,T>A:19,T>M:10,A>M:5,T>V:3,T>I:3,A>V:3,T>L:2,A>P:2,A>S:2,T>S:1	A:122,T:98,M:21,V:7,I:4,L:3,S:3,P:2
265	L	A	4	0	7.662e-04	0.0052629	L>F:12,L>M:4,L>A:4	L:231,F:13,M:12,A:4
322	V	T	7	11	8.141e-04	0.0055553	T>A:14,T>V:11,T>I:9,V>I:9,V>T:7,T>P:3,T>M:3,P>L:2,P>S:2,I>V:2,S>T:1,T>S:1,V>L:1	T:137,V:47,P:24,I:21,A:14,S:10,M:4,L:3
344	L	R	2	0	8.620e-04	0.0058062	L>P:11,L>I:8,L>F:7,L>T:7,S>P:5,L>H:3,L>M:3,L>A:3,I>T:2,S>L:2,L>S:2,L>R:2,F>L:2,H>Q:1,H>C:1,I>L:1,S>A:1,H>R:1,H>L:1,P>L:1,L>Y:1,F>Y:1,L>V:1,T>A:1,T>I:1	L:171,P:17,T:13,I:13,F:12,H:9,S:8,A:5,M:3,R:3,Y:2,Q:1,C:1,V:1,K:1
347	P	S	2	0	8.620e-04	0.0058062	I>V:19,I>T:19,I>L:14,V>I:7,I>F:4,V>L:3,V>A:3,I>M:3,I>P:3,T>I:3,P>T:3,P>L:3,L>F:2,V>M:2,P>S:2,L>I:1,L>V:1,T>M:1,V>T:1,V>F:1,L>P:1,T>A:1,T>S:1,I>H:1,P>F:1,T>P:1	I:98,T:48,V:46,L:25,P:15,F:12,M:7,A:5,S:3,H:1
10	I	A	4	0	9.099e-04	0.0060124	T>I:21,S>T:13,T>A:13,I>T:10,T>S:5,T>V:4,S>L:4,S>Y:4,I>A:4,S>I:3,I>L:3,L>T:2,T>M:2,S>A:2,S>C:2,A>T:2,I>V:2,L>M:1,V>A:1,V>T:1,V>I:1,S>G:1,S>F:1,C>Y:1,S>V:1,A>V:1,I>F:1,I>M:1,I>S:1	T:87,I:54,S:30,A:24,L:20,Y:20,V:15,M:5,F:2,C:2,G:1
335	M	S	3	0	9.099e-04	0.0060124	M>T:13,M>L:10,L>M:9,T>I:9,L>S:7,M>I:7,T>A:4,L>F:3,S>L:3,M>S:3,T>M:3,I>T:2,I>V:2,T>V:2,M>A:2,M>V:2,L>I:1,S>A:1,S>T:1,S>F:1,L>T:1,L>A:1,L>W:1,I>A:1,T>L:1,T>F:1	L:79,M:58,T:52,I:26,S:21,A:10,V:6,F:6,W:2
209	T	C	2	0	9.099e-04	0.0060124	T>A:20,A>T:18,T>S:16,T>I:11,S>T:9,A>S:8,A>V:6,T>V:5,S>A:4,I>V:3,I>T:3,S>C:3,S>I:3,I>S:2,T>M:2,T>C:2,V>M:1,I>L:1,A>I:1,V>I:1	T:74,S:70,A:53,I:26,V:18,C:14,M:3,X:1,L:1
221	S	T	14	12	1.006e-03	0.0065622	S>T:14,T>S:12,T>M:4,T>K:2,T>A:2,S>Y:2,S>A:2,S>F:2,K>Q:1,K>M:1,T>I:1,S>L:1,S>W:1,S>N:1	T:139,S:83,K:13,Q:8,M:5,A:4,F:2,Y:2,I:1,N:1,W:1,L:1
10	S	L	4	0	1.006e-03	0.0065622	T>I:21,S>T:13,T>A:13,I>T:10,T>S:5,T>V:4,S>L:4,S>Y:4,I>A:4,S>I:3,I>L:3,L>T:2,T>M:2,S>A:2,S>C:2,A>T:2,I>V:2,L>M:1,V>A:1,V>T:1,V>I:1,S>G:1,S>F:1,C>Y:1,S>V:1,A>V:1,I>F:1,I>M:1,I>S:1	T:87,I:54,S:30,A:24,L:20,Y:20,V:15,M:5,F:2,C:2,G:1
179	L	M	18	5	1.054e-03	0.0068320	L>M:18,M>L:5	L:214,M:45,V:1
159	I	L	22	1	1.101e-03	0.0070549	I>L:22,I>V:15,L>I:1,I>M:1	I:207,L:37,V:15,M:1
239	A	S	7	12	1.101e-03	0.0070549	M>T:14,S>A:12,S>P:8,A>S:7,M>A:7,M>V:5,T>A:4,S>T:4,P>S:4,A>T:3,T>S:3,M>I:2,M>L:2,V>M:1,V>A:1,M>S:1,S>L:1,S>M:1,S>I:1,S>V:1,A>P:1	S:93,M:56,A:40,T:31,V:18,P:15,I:4,L:3
68	A	T	42	8	1.197e-03	0.0075298	A>T:42,T>A:8,A>I:2,T>P:1,A>M:1	A:150,T:106,I:2,P:1,M:1
139	I	M	15	5	1.197e-03	0.0075298	I>M:15,I>T:11,I>L:9,M>I:5,M>L:3,I>F:1,T>A:1,I>V:1,M>F:1	I:169,L:32,M:31,T:24,F:2,A:1,V:1
160	L	M	5	1	1.197e-03	0.0075298	A>T:14,A>S:7,L>M:5,A>L:4,L>S:4,A>I:3,S>L:2,A>M:2,L>F:2,I>A:1,S>T:1,T>I:1,T>S:1,A>G:1,M>L:1,M>T:1,T>M:1,T>V:1,L>I:1,A>F:1	L:109,A:90,T:18,S:17,M:13,I:8,F:3,G:1,V:1
335	M	T	13	3	1.245e-03	0.0076919	M>T:13,M>L:10,L>M:9,T>I:9,L>S:7,M>I:7,T>A:4,L>F:3,S>L:3,M>S:3,T>M:3,I>T:2,I>V:2,T>V:2,M>A:2,M>V:2,L>I:1,S>A:1,S>T:1,S>F:1,L>T:1,L>A:1,L>W:1,I>A:1,T>L:1,T>F:1	L:79,M:58,T:52,I:26,S:21,A:10,V:6,F:6,W:2
14	L	M	9	0	1.245e-03	0.0076919	L>I:23,L>F:10,L>M:9,L>T:5,I>T:4,I>L:3,I>V:3,L>V:3,L>A:2,I>F:1,I>M:1,T>G:1,A>M:1,V>A:1,I>A:1,L>S:1,T>A:1	L:162,I:48,F:12,T:11,M:11,A:8,V:6,G:1,S:1
14	L	A	2	0	1.245e-03	0.0076919	L>I:23,L>F:10,L>M:9,L>T:5,I>T:4,I>L:3,I>V:3,L>V:3,L>A:2,I>F:1,I>M:1,T>G:1,A>M:1,V>A:1,I>A:1,L>S:1,T>A:1	L:162,I:48,F:12,T:11,M:11,A:8,V:6,G:1,S:1
223	K	N	15	0	1.293e-03	0.0079408	K>N:15,N>H:1	K:226,N:32,H:1,S:1
221	S	Y	2	0	1.341e-03	0.0081867	S>T:14,T>S:12,T>M:4,T>K:2,T>A:2,S>Y:2,S>A:2,S>F:2,K>Q:1,K>M:1,T>I:1,S>L:1,S>W:1,S>N:1	T:139,S:83,K:13,Q:8,M:5,A:4,F:2,Y:2,I:1,N:1,W:1,L:1
124	L	M	18	0	1.389e-03	0.0083811	L>M:18,L>I:3,T>P:1,L>T:1	L:214,M:39,I:4,P:2,T:1
317	T	P	3	0	1.389e-03	0.0083811	T>I:25,I>T:21,T>V:9,I>V:7,T>N:7,V>I:5,T>P:3,T>A:3,T>S:3,I>L:2,L>F:2,S>N:2,T>K:1,I>F:1,I>M:1,I>N:1,T>F:1,N>S:1,N>H:1,T>L:1,T>M:1	T:135,I:69,V:17,N:11,S:7,F:5,L:5,P:3,A:3,K:2,M:2,H:1
10	I	T	10	21	1.485e-03	0.0088567	T>I:21,S>T:13,T>A:13,I>T:10,T>S:5,T>V:4,S>L:4,S>Y:4,I>A:4,S>I:3,I>L:3,L>T:2,T>M:2,S>A:2,S>C:2,A>T:2,I>V:2,L>M:1,V>A:1,V>T:1,V>I:1,S>G:1,S>F:1,C>Y:1,S>V:1,A>V:1,I>F:1,I>M:1,I>S:1	T:87,I:54,S:30,A:24,L:20,Y:20,V:15,M:5,F:2,C:2,G:1
314	L	T	2	0	1.485e-03	0.0088567	Q>L:18,Q>R:7,Q>H:6,L>T:2,Q>M:2,Q>S:2,T>A:1,Q>P:1,Q>K:1	Q:199,L:36,H:9,R:7,M:2,T:2,S:2,P:1,A:1,K:1
11	T	A	10	0	1.532e-03	0.0088885	T>I:16,T>A:10,L>T:9,T>L:8,I>T:8,L>M:7,L>F:6,T>S:6,M>T:4,L>A:3,M>L:3,M>I:3,I>A:3,I>F:3,L>I:2,M>V:2,M>A:2,T>F:2,I>L:2,T>V:2,I>M:2,T>M:2,L>V:1,I>V:1,I>S:1,L>S:1,S>L:1,M>S:1	L:92,T:58,I:41,M:20,A:18,F:14,S:11,V:6
222	M	I	10	10	1.532e-03	0.0088885	T>I:15,I>M:10,M>I:10,I>T:7,T>M:5,M>T:4,T>A:2,I>V:2,M>V:2,I>S:1,T>L:1,T>S:1,I>N:1,I>A:1	T:115,I:84,M:45,S:4,V:4,A:3,N:3,L:2
155	T	V	9	0	1.532e-03	0.0088885	T>V:9,T>A:9,T>S:8,T>I:5,T>M:2,S>T:2	T:218,S:16,V:10,A:9,I:5,M:2
247	T	V	9	0	1.532e-03	0.0088885	T>A:25,T>I:9,T>V:9,A>T:3,T>S:3,I>T:1,V>M:1,V>I:1,V>A:1,I>V:1,T>M:1	T:190,A:33,V:20,I:11,S:4,M:2
209	I	S	2	3	1.532e-03	0.0088885	T>A:20,A>T:18,T>S:16,T>I:11,S>T:9,A>S:8,A>V:6,T>V:5,S>A:4,I>V:3,I>T:3,S>C:3,S>I:3,I>S:2,T>M:2,T>C:2,V>M:1,I>L:1,A>I:1,V>I:1	T:74,S:70,A:53,I:26,V:18,C:14,M:3,X:1,L:1
11	T	S	6	0	1.676e-03	0.0096680	T>I:16,T>A:10,L>T:9,T>L:8,I>T:8,L>M:7,L>F:6,T>S:6,M>T:4,L>A:3,M>L:3,M>I:3,I>A:3,I>F:3,L>I:2,M>V:2,M>A:2,T>F:2,I>L:2,T>V:2,I>M:2,T>M:2,L>V:1,I>V:1,I>S:1,L>S:1,S>L:1,M>S:1	L:92,T:58,I:41,M:20,A:18,F:14,S:11,V:6
10	T	S	5	13	1.724e-03	0.0098896	T>I:21,S>T:13,T>A:13,I>T:10,T>S:5,T>V:4,S>L:4,S>Y:4,I>A:4,S>I:3,I>L:3,L>T:2,T>M:2,S>A:2,S>C:2,A>T:2,I>V:2,L>M:1,V>A:1,V>T:1,V>I:1,S>G:1,S>F:1,C>Y:1,S>V:1,A>V:1,I>F:1,I>M:1,I>S:1	T:87,I:54,S:30,A:24,L:20,Y:20,V:15,M:5,F:2,C:2,G:1
214	A	T	23	24	1.820e-03	0.0103820	T>A:24,A>T:23,A>S:4,T>S:3,S>P:2,S>A:2,T>V:1,T>P:1,A>P:1	A:117,T:113,S:23,P:6,V:1
317	I	T	21	25	1.868e-03	0.0105973	T>I:25,I>T:21,T>V:9,I>V:7,T>N:7,V>I:5,T>P:3,T>A:3,T>S:3,I>L:2,L>F:2,S>N:2,T>K:1,I>F:1,I>M:1,I>N:1,T>F:1,N>S:1,N>H:1,T>L:1,T>M:1	T:135,I:69,V:17,N:11,S:7,F:5,L:5,P:3,A:3,K:2,M:2,H:1
76	T	I	18	10	1.916e-03	0.0106947	T>I:18,I>T:10,T>M:6,T>S:4,I>V:3,T>N:2,S>I:1,S>T:1,T>V:1,T>L:1,I>M:1	T:171,I:60,S:13,M:7,V:4,N:3,L:2
346	T	I	18	18	1.916e-03	0.0106947	T>I:18,I>T:18,T>A:14,T>S:10,I>A:10,T>M:4,I>L:4,M>L:3,I>V:3,T>L:1,T>V:1,I>P:1,A>S:1,I>N:1,I>M:1	I:122,T:63,A:26,M:21,S:14,L:8,V:4,N:1,P:1
335	S	L	3	7	1.916e-03	0.0106947	M>T:13,M>L:10,L>M:9,T>I:9,L>S:7,M>I:7,T>A:4,L>F:3,S>L:3,M>S:3,T>M:3,I>T:2,I>V:2,T>V:2,M>A:2,M>V:2,L>I:1,S>A:1,S>T:1,S>F:1,L>T:1,L>A:1,L>W:1,I>A:1,T>L:1,T>F:1	L:79,M:58,T:52,I:26,S:21,A:10,V:6,F:6,W:2
241	S	N	9	15	1.964e-03	0.0109037	N>S:15,S>N:9,S>T:3,N>T:1,N>G:1,T>N:1,T>F:1,T>A:1	N:178,S:63,T:16,F:1,G:1,A:1
328	I	P	2	0	2.011e-03	0.0111106	I>V:19,I>T:17,I>A:5,I>M:5,I>L:4,T>A:3,T>P:2,M>T:2,I>P:2,V>I:2,T>I:2,M>V:1	I:184,T:27,V:24,A:10,M:6,P:4,L:4,S:1
280	T	V	9	3	2.059e-03	0.0112560	T>M:14,T>V:9,T>I:6,I>V:5,V>M:5,T>L:3,V>T:3,V>I:2,I>F:1,M>T:1,V>A:1,V>L:1,M>V:1	T:182,M:29,V:25,I:15,L:5,F:3,A:1
243	M	A	4	0	2.059e-03	0.0112560	T>A:16,M>T:7,T>S:6,I>M:5,T>M:4,T>I:4,M>A:4,T>V:3,M>I:3,I>V:3,T>F:1,S>T:1,M>V:1,M>F:1	T:111,M:72,I:31,A:21,S:15,V:7,F:2,L:1
325	P	T	2	0	2.107e-03	0.0114578	L>S:16,L>P:15,L>M:14,S>L:7,S>T:6,L>I:4,M>T:4,L>T:4,L>F:3,S>P:3,P>L:2,P>T:2,P>S:2,S>M:2,S>A:2,L>Y:1,S>F:1,L>H:1,S>Q:1,P>Q:1,I>T:1,Q>S:1,Q>K:1,L>Q:1,T>S:1,T>M:1,L>W:1	L:100,S:46,P:36,T:27,M:21,Q:14,F:5,I:4,W:2,A:2,Y:1,H:1,K:1
80	F	L	3	0	2.155e-03	0.0116575	H>Y:16,S>F:9,H>Q:9,S>H:8,S>A:7,A>V:5,A>S:5,F>S:4,H>C:4,A>T:3,S>L:3,F>L:3,S>T:3,S>Y:3,H>S:3,Y>H:3,H>D:2,Y>F:2,N>S:1,N>D:1,Y>S:1,N>Y:1,A>N:1,A>M:1,V>A:1,A>F:1,S>I:1,F>I:1,S>V:1,S>M:1,F>C:1,F>T:1,H>A:1,Y>C:1,H>E:1,Y>V:1,F>Y:1,F>H:1,S>K:1	H:80,S:42,F:35,Y:29,A:21,Q:10,T:9,L:9,V:8,C:6,D:3,M:2,I:2,N:2,E:1,K:1
325	S	T	6	1	2.347e-03	0.0126283	L>S:16,L>P:15,L>M:14,S>L:7,S>T:6,L>I:4,M>T:4,L>T:4,L>F:3,S>P:3,P>L:2,P>T:2,P>S:2,S>M:2,S>A:2,L>Y:1,S>F:1,L>H:1,S>Q:1,P>Q:1,I>T:1,Q>S:1,Q>K:1,L>Q:1,T>S:1,T>M:1,L>W:1	L:100,S:46,P:36,T:27,M:21,Q:14,F:5,I:4,W:2,A:2,Y:1,H:1,K:1
325	S	P	3	2	2.442e-03	0.0130096	L>S:16,L>P:15,L>M:14,S>L:7,S>T:6,L>I:4,M>T:4,L>T:4,L>F:3,S>P:3,P>L:2,P>T:2,P>S:2,S>M:2,S>A:2,L>Y:1,S>F:1,L>H:1,S>Q:1,P>Q:1,I>T:1,Q>S:1,Q>K:1,L>Q:1,T>S:1,T>M:1,L>W:1	L:100,S:46,P:36,T:27,M:21,Q:14,F:5,I:4,W:2,A:2,Y:1,H:1,K:1
325	P	L	2	15	2.442e-03	0.0130096	L>S:16,L>P:15,L>M:14,S>L:7,S>T:6,L>I:4,M>T:4,L>T:4,L>F:3,S>P:3,P>L:2,P>T:2,P>S:2,S>M:2,S>A:2,L>Y:1,S>F:1,L>H:1,S>Q:1,P>Q:1,I>T:1,Q>S:1,Q>K:1,L>Q:1,T>S:1,T>M:1,L>W:1	L:100,S:46,P:36,T:27,M:21,Q:14,F:5,I:4,W:2,A:2,Y:1,H:1,K:1
143	F	Y	12	25	2.682e-03	0.0140697	Y>F:25,F>L:22,F>Y:12,Y>L:4,L>I:3,F>I:2,L>V:2,L>F:2,F>S:2,F>T:2,I>V:1,T>S:1,I>T:1,F>A:1,F>V:1,Y>T:1	F:109,Y:69,L:58,I:9,S:6,T:4,V:4,A:1
76	I	T	10	18	2.682e-03	0.0140697	T>I:18,I>T:10,T>M:6,T>S:4,I>V:3,T>N:2,S>I:1,S>T:1,T>V:1,T>L:1,I>M:1	T:171,I:60,S:13,M:7,V:4,N:3,L:2
323	N	R	2	0	2.682e-03	0.0140697	N>S:46,N>T:7,N>H:6,N>D:4,S>P:4,N>K:3,S>N:3,S>T:2,N>R:2,N>P:2,N>Y:1,N>G:1,S>G:1,H>Y:1,N>A:1	N:149,S:67,T:12,H:8,P:6,Y:5,D:4,G:3,K:3,R:2,A:1
28	M	T	25	0	2.921e-03	0.0152493	M>T:25,M>L:18,M>A:4,L>M:2,M>S:2,T>A:1	M:182,L:43,T:26,A:5,S:4
11	I	A	3	0	2.969e-03	0.0154221	T>I:16,T>A:10,L>T:9,T>L:8,I>T:8,L>M:7,L>F:6,T>S:6,M>T:4,L>A:3,M>L:3,M>I:3,I>A:3,I>F:3,L>I:2,M>V:2,M>A:2,T>F:2,I>L:2,T>V:2,I>M:2,T>M:2,L>V:1,I>V:1,I>S:1,L>S:1,S>L:1,M>S:1	L:92,T:58,I:41,M:20,A:18,F:14,S:11,V:6
281	I	T	20	1	3.209e-03	0.0165834	I>T:20,I>A:10,I>L:9,I>V:8,I>M:7,T>A:3,M>V:2,M>T:2,A>M:1,A>V:1,T>I:1,T>V:1,L>I:1,L>F:1,I>S:1,I>G:1	I:160,T:28,L:23,A:19,M:15,V:12,G:1,F:1,S:1
239	S	T	4	3	3.257e-03	0.0167480	M>T:14,S>A:12,S>P:8,A>S:7,M>A:7,M>V:5,T>A:4,S>T:4,P>S:4,A>T:3,T>S:3,M>I:2,M>L:2,V>M:1,V>A:1,M>S:1,S>L:1,S>M:1,S>I:1,S>V:1,A>P:1	S:93,M:56,A:40,T:31,V:18,P:15,I:4,L:3
322	P	L	2	0	3.304e-03	0.0169110	T>A:14,T>V:11,T>I:9,V>I:9,V>T:7,T>P:3,T>M:3,P>L:2,P>S:2,I>V:2,S>T:1,T>S:1,V>L:1	T:137,V:47,P:24,I:21,A:14,S:10,M:4,L:3
11	I	T	8	16	3.400e-03	0.0173162	T>I:16,T>A:10,L>T:9,T>L:8,I>T:8,L>M:7,L>F:6,T>S:6,M>T:4,L>A:3,M>L:3,M>I:3,I>A:3,I>F:3,L>I:2,M>V:2,M>A:2,T>F:2,I>L:2,T>V:2,I>M:2,T>M:2,L>V:1,I>V:1,I>S:1,L>S:1,S>L:1,M>S:1	L:92,T:58,I:41,M:20,A:18,F:14,S:11,V:6
344	S	L	2	2	3.448e-03	0.0174749	L>P:11,L>I:8,L>F:7,L>T:7,S>P:5,L>H:3,L>M:3,L>A:3,I>T:2,S>L:2,L>S:2,L>R:2,F>L:2,H>Q:1,H>C:1,I>L:1,S>A:1,H>R:1,H>L:1,P>L:1,L>Y:1,F>Y:1,L>V:1,T>A:1,T>I:1	L:171,P:17,T:13,I:13,F:12,H:9,S:8,A:5,M:3,R:3,Y:2,Q:1,C:1,V:1,K:1
209	A	S	8	4	3.496e-03	0.0176320	T>A:20,A>T:18,T>S:16,T>I:11,S>T:9,A>S:8,A>V:6,T>V:5,S>A:4,I>V:3,I>T:3,S>C:3,S>I:3,I>S:2,T>M:2,T>C:2,V>M:1,I>L:1,A>I:1,V>I:1	T:74,S:70,A:53,I:26,V:18,C:14,M:3,X:1,L:1
96	T	V	2	0	3.592e-03	0.0180280	L>I:8,L>M:8,L>T:6,L>S:4,L>V:3,M>L:2,T>V:2,T>A:1,I>T:1,L>A:1,M>T:1	L:213,M:14,T:12,I:9,V:6,S:4,A:2
335	T	V	2	0	3.735e-03	0.0186594	M>T:13,M>L:10,L>M:9,T>I:9,L>S:7,M>I:7,T>A:4,L>F:3,S>L:3,M>S:3,T>M:3,I>T:2,I>V:2,T>V:2,M>A:2,M>V:2,L>I:1,S>A:1,S>T:1,S>F:1,L>T:1,L>A:1,L>W:1,I>A:1,T>L:1,T>F:1	L:79,M:58,T:52,I:26,S:21,A:10,V:6,F:6,W:2
80	S	A	7	5	3.831e-03	0.0189564	H>Y:16,S>F:9,H>Q:9,S>H:8,S>A:7,A>V:5,A>S:5,F>S:4,H>C:4,A>T:3,S>L:3,F>L:3,S>T:3,S>Y:3,H>S:3,Y>H:3,H>D:2,Y>F:2,N>S:1,N>D:1,Y>S:1,N>Y:1,A>N:1,A>M:1,V>A:1,A>F:1,S>I:1,F>I:1,S>V:1,S>M:1,F>C:1,F>T:1,H>A:1,Y>C:1,H>E:1,Y>V:1,F>Y:1,F>H:1,S>K:1	H:80,S:42,F:35,Y:29,A:21,Q:10,T:9,L:9,V:8,C:6,D:3,M:2,I:2,N:2,E:1,K:1
280	V	M	5	1	3.831e-03	0.0189564	T>M:14,T>V:9,T>I:6,I>V:5,V>M:5,T>L:3,V>T:3,V>I:2,I>F:1,M>T:1,V>A:1,V>L:1,M>V:1	T:182,M:29,V:25,I:15,L:5,F:3,A:1
93	T	P	5	0	3.927e-03	0.0191580	T>V:22,T>A:16,T>M:10,T>L:9,T>I:8,T>P:5,V>L:3,I>L:1,V>M:1,I>V:1,T>S:1,P>L:1,V>I:1,T>E:1,M>T:1,I>T:1	T:162,V:29,A:17,L:15,M:13,I:11,P:11,E:1,S:1
133	M	A	3	0	3.927e-03	0.0191580	A>V:17,M>V:14,V>A:11,V>I:10,A>I:10,V>L:7,A>L:6,M>I:4,M>L:4,I>V:4,V>M:3,M>A:3,L>M:2,I>L:2,L>V:1,M>T:1,I>A:1,I>F:1,A>F:1,A>G:1	V:66,A:60,L:49,I:44,M:36,F:2,T:1,G:1,W:1
317	S	N	2	1	3.927e-03	0.0191580	T>I:25,I>T:21,T>V:9,I>V:7,T>N:7,V>I:5,T>P:3,T>A:3,T>S:3,I>L:2,L>F:2,S>N:2,T>K:1,I>F:1,I>M:1,I>N:1,T>F:1,N>S:1,N>H:1,T>L:1,T>M:1	T:135,I:69,V:17,N:11,S:7,F:5,L:5,P:3,A:3,K:2,M:2,H:1
153	L	V	7	0	3.975e-03	0.0193014	L>V:7,L>M:4,L>A:3,L>P:3,V>M:2,L>I:2,I>L:1,I>V:1,V>I:1,L>F:1,L>S:1,V>A:1,M>L:1	L:223,V:12,M:8,I:8,A:4,P:3,S:1,F:1
316	H	Y	22	0	4.023e-03	0.0194435	H>Y:22,H>R:15,H>Q:2,Y>S:1,H>L:1,H>T:1,Y>F:1,S>L:1,H>S:1,Q>K:1,Q>R:1,Q>H:1	H:148,Y:44,R:37,Q:17,S:8,L:3,K:1,F:1,T:1
140	T	A	26	0	4.071e-03	0.0195843	T>A:26,T>S:11,T>I:8,T>V:6,I>V:1	T:201,A:30,S:12,I:10,V:7
276	A	V	6	0	4.166e-03	0.0199532	T>A:10,A>T:10,A>I:8,A>V:6,T>S:3,T>V:1,A>S:1	T:133,A:101,I:12,S:7,V:7
332	M	T	10	0	4.262e-03	0.0200441	L>M:13,M>T:10,M>L:7,L>F:3,L>T:3,M>V:3,M>I:2,L>P:1,M>A:1,L>A:1,L>V:1,L>S:1,L>I:1	L:175,M:56,T:14,V:4,I:3,F:3,A:3,P:1,S:1
210	L	V	7	0	4.262e-03	0.0200441	L>M:20,L>I:12,M>V:11,M>L:10,L>V:7,I>T:3,L>T:2,L>A:2,L>F:1,V>I:1,I>V:1	L:160,M:45,I:26,V:21,T:5,A:2,F:1
14	L	V	3	0	4.262e-03	0.0200441	L>I:23,L>F:10,L>M:9,L>T:5,I>T:4,I>L:3,I>V:3,L>V:3,L>A:2,I>F:1,I>M:1,T>G:1,A>M:1,V>A:1,I>A:1,L>S:1,T>A:1	L:162,I:48,F:12,T:11,M:11,A:8,V:6,G:1,S:1
11	T	V	2	0	4.214e-03	0.0200441	T>I:16,T>A:10,L>T:9,T>L:8,I>T:8,L>M:7,L>F:6,T>S:6,M>T:4,L>A:3,M>L:3,M>I:3,I>A:3,I>F:3,L>I:2,M>V:2,M>A:2,T>F:2,I>L:2,T>V:2,I>M:2,T>M:2,L>V:1,I>V:1,I>S:1,L>S:1,S>L:1,M>S:1	L:92,T:58,I:41,M:20,A:18,F:14,S:11,V:6
334	I	S	3	0	4.310e-03	0.0201784	I>T:24,I>L:16,I>V:9,I>A:6,T>I:5,T>A:5,I>M:4,V>I:4,I>S:3,L>I:3,A>T:2,T>V:1,M>V:1,T>M:1	I:131,T:55,L:29,V:22,A:14,M:5,S:4
96	L	T	6	0	4.502e-03	0.0209811	L>I:8,L>M:8,L>T:6,L>S:4,L>V:3,M>L:2,T>V:2,T>A:1,I>T:1,L>A:1,M>T:1	L:213,M:14,T:12,I:9,V:6,S:4,A:2
325	P	S	2	3	4.550e-03	0.0211101	L>S:16,L>P:15,L>M:14,S>L:7,S>T:6,L>I:4,M>T:4,L>T:4,L>F:3,S>P:3,P>L:2,P>T:2,P>S:2,S>M:2,S>A:2,L>Y:1,S>F:1,L>H:1,S>Q:1,P>Q:1,I>T:1,Q>S:1,Q>K:1,L>Q:1,T>S:1,T>M:1,L>W:1	L:100,S:46,P:36,T:27,M:21,Q:14,F:5,I:4,W:2,A:2,Y:1,H:1,K:1
43	L	M	16	0	4.597e-03	0.0211444	L>M:16,L>F:6,L>I:1	L:226,M:20,F:13,I:1
152	T	P	5	0	4.597e-03	0.0211444	T>A:19,T>S:12,T>I:6,T>P:5,T>M:4,T>L:4,A>S:2,T>V:2,T>N:1,P>H:1,L>S:1,T>E:1,T>H:1	T:182,A:25,S:18,L:9,I:6,P:6,M:6,N:2,H:2,V:2,E:2
142	L	F	13	0	4.693e-03	0.0212111	L>F:13,L>M:4,L>I:1	L:239,F:16,M:4,I:1
274	E	G	8	0	4.693e-03	0.0212111	D>E:11,E>G:8,E>D:5,D>G:5,D>S:4,D>N:4,E>Q:1,E>N:1,D>H:1,E>T:1	E:159,D:72,G:14,S:6,N:5,H:2,Q:1,T:1
213	A	I	4	0	4.645e-03	0.0212111	A>T:38,A>S:13,T>A:10,T>S:4,A>I:4,T>I:3,S>T:3,A>M:2,T>V:1,A>G:1,I>V:1,I>T:1,A>L:1,S>A:1,T>M:1	A:127,T:72,S:37,I:17,M:3,V:2,G:1,L:1
278	A	P	2	0	4.693e-03	0.0212111	A>T:36,T>A:19,T>M:10,A>M:5,T>V:3,T>I:3,A>V:3,T>L:2,A>P:2,A>S:2,T>S:1	A:122,T:98,M:21,V:7,I:4,L:3,S:3,P:2
339	I	L	7	7	4.885e-03	0.0219817	I>M:9,L>I:7,I>L:7,I>A:6,I>V:4,I>T:3,L>M:2,L>V:1	L:152,I:82,M:11,A:7,V:5,T:3
209	A	V	6	0	4.981e-03	0.0222212	T>A:20,A>T:18,T>S:16,T>I:11,S>T:9,A>S:8,A>V:6,T>V:5,S>A:4,I>V:3,I>T:3,S>C:3,S>I:3,I>S:2,T>M:2,T>C:2,V>M:1,I>L:1,A>I:1,V>I:1	T:74,S:70,A:53,I:26,V:18,C:14,M:3,X:1,L:1
321	T	P	5	8	4.981e-03	0.0222212	P>S:21,P>T:8,T>S:6,T>A:5,T>P:5,P>L:4,P>Q:3,S>T:3,T>N:2,P>K:2,P>R:2,T>H:1,S>P:1,N>K:1,T>L:1,P>N:1,P>A:1	P:166,S:35,T:29,A:6,K:6,N:5,L:5,Q:4,R:2,H:2
209	T	S	16	9	5.076e-03	0.0225521	T>A:20,A>T:18,T>S:16,T>I:11,S>T:9,A>S:8,A>V:6,T>V:5,S>A:4,I>V:3,I>T:3,S>C:3,S>I:3,I>S:2,T>M:2,T>C:2,V>M:1,I>L:1,A>I:1,V>I:1	T:74,S:70,A:53,I:26,V:18,C:14,M:3,X:1,L:1
347	I	T	19	3	5.124e-03	0.0225728	I>V:19,I>T:19,I>L:14,V>I:7,I>F:4,V>L:3,V>A:3,I>M:3,I>P:3,T>I:3,P>T:3,P>L:3,L>F:2,V>M:2,P>S:2,L>I:1,L>V:1,T>M:1,V>T:1,V>F:1,L>P:1,T>A:1,T>S:1,I>H:1,P>F:1,T>P:1	I:98,T:48,V:46,L:25,P:15,F:12,M:7,A:5,S:3,H:1
344	L	A	3	0	5.124e-03	0.0225728	L>P:11,L>I:8,L>F:7,L>T:7,S>P:5,L>H:3,L>M:3,L>A:3,I>T:2,S>L:2,L>S:2,L>R:2,F>L:2,H>Q:1,H>C:1,I>L:1,S>A:1,H>R:1,H>L:1,P>L:1,L>Y:1,F>Y:1,L>V:1,T>A:1,T>I:1	L:171,P:17,T:13,I:13,F:12,H:9,S:8,A:5,M:3,R:3,Y:2,Q:1,C:1,V:1,K:1
335	T	M	3	13	5.220e-03	0.0228981	M>T:13,M>L:10,L>M:9,T>I:9,L>S:7,M>I:7,T>A:4,L>F:3,S>L:3,M>S:3,T>M:3,I>T:2,I>V:2,T>V:2,M>A:2,M>V:2,L>I:1,S>A:1,S>T:1,S>F:1,L>T:1,L>A:1,L>W:1,I>A:1,T>L:1,T>F:1	L:79,M:58,T:52,I:26,S:21,A:10,V:6,F:6,W:2
247	T	A	25	3	5.316e-03	0.0231239	T>A:25,T>I:9,T>V:9,A>T:3,T>S:3,I>T:1,V>M:1,V>I:1,V>A:1,I>V:1,T>M:1	T:190,A:33,V:20,I:11,S:4,M:2
153	L	A	3	0	5.316e-03	0.0231239	L>V:7,L>M:4,L>A:3,L>P:3,V>M:2,L>I:2,I>L:1,I>V:1,V>I:1,L>F:1,L>S:1,V>A:1,M>L:1	L:223,V:12,M:8,I:8,A:4,P:3,S:1,F:1
335	M	I	7	0	5.364e-03	0.0231394	M>T:13,M>L:10,L>M:9,T>I:9,L>S:7,M>I:7,T>A:4,L>F:3,S>L:3,M>S:3,T>M:3,I>T:2,I>V:2,T>V:2,M>A:2,M>V:2,L>I:1,S>A:1,S>T:1,S>F:1,L>T:1,L>A:1,L>W:1,I>A:1,T>L:1,T>F:1	L:79,M:58,T:52,I:26,S:21,A:10,V:6,F:6,W:2
9	C	S	2	1	5.364e-03	0.0231394	S>F:10,S>T:9,S>L:4,T>M:2,C>S:2,F>C:2,S>C:1,M>L:1,M>V:1,T>I:1,C>F:1,T>C:1,F>L:1,T>A:1,S>V:1,S>A:1	F:140,S:77,T:12,L:12,C:6,M:4,I:3,A:3,V:3
163	A	G	6	0	5.460e-03	0.0233595	A>T:7,A>G:6,A>L:3,A>M:1,V>M:1,L>V:1,A>S:1	A:231,T:9,G:8,L:8,M:2,V:1,S:1
146	S	H	3	0	5.460e-03	0.0233595	S>A:12,S>F:3,S>H:3,S>T:2,S>Y:2,A>T:1	S:230,A:18,H:4,T:3,F:3,Y:2
160	L	F	2	0	5.555e-03	0.0236723	A>T:14,A>S:7,L>M:5,A>L:4,L>S:4,A>I:3,S>L:2,A>M:2,L>F:2,I>A:1,S>T:1,T>I:1,T>S:1,A>G:1,M>L:1,M>T:1,T>M:1,T>V:1,L>I:1,A>F:1	L:109,A:90,T:18,S:17,M:13,I:8,F:3,G:1,V:1
147	H	P	6	12	5.651e-03	0.0239826	P>H:12,Q>P:10,Q>H:10,P>S:9,H>P:6,H>N:6,P>Q:4,H>Q:4,Q>K:2,P>Y:1,N>S:1,N>D:1,Q>S:1,Q>L:1,H>S:1,P>A:1	H:98,P:80,Q:45,S:13,K:9,N:8,L:4,A:1,Y:1,D:1
168	A	M	2	7	5.747e-03	0.0242903	M>A:7,M>T:5,M>L:2,M>V:2,A>M:2,A>T:1,M>S:1	M:237,A:11,T:6,L:3,V:2,S:1
11	L	A	3	0	5.843e-03	0.0245956	T>I:16,T>A:10,L>T:9,T>L:8,I>T:8,L>M:7,L>F:6,T>S:6,M>T:4,L>A:3,M>L:3,M>I:3,I>A:3,I>F:3,L>I:2,M>V:2,M>A:2,T>F:2,I>L:2,T>V:2,I>M:2,T>M:2,L>V:1,I>V:1,I>S:1,L>S:1,S>L:1,M>S:1	L:92,T:58,I:41,M:20,A:18,F:14,S:11,V:6
245	L	M	9	5	5.938e-03	0.0248984	L>M:9,L>F:6,M>L:5,M>T:3,L>V:1	M:153,L:95,F:7,T:4,V:1
47	S	H	3	0	5.986e-03	0.0249988	S>P:15,S>H:3,S>L:2	S:234,P:18,H:5,L:2,K:1
100	T	A	25	10	6.082e-03	0.0252976	T>A:25,A>T:10,A>S:7,T>M:5,T>V:5,S>A:4,T>I:3,A>M:2,T>S:2,M>T:2,A>V:2,T>L:2,I>V:1	T:82,A:80,S:64,M:14,V:13,I:4,L:3
239	M	A	7	0	6.130e-03	0.0253956	M>T:14,S>A:12,S>P:8,A>S:7,M>A:7,M>V:5,T>A:4,S>T:4,P>S:4,A>T:3,T>S:3,M>I:2,M>L:2,V>M:1,V>A:1,M>S:1,S>L:1,S>M:1,S>I:1,S>V:1,A>P:1	S:93,M:56,A:40,T:31,V:18,P:15,I:4,L:3
191	T	A	25	15	6.369e-03	0.0260772	T>A:25,A>T:15,A>S:6,T>I:5,T>S:4,T>V:4,S>A:2,I>T:2,T>M:2,S>C:1,A>V:1,A>I:1	A:125,T:101,I:13,S:11,V:5,M:3,C:1,L:1
168	M	A	7	2	6.322e-03	0.0260772	M>A:7,M>T:5,M>L:2,M>V:2,A>M:2,A>T:1,M>S:1	M:237,A:11,T:6,L:3,V:2,S:1
27	M	A	3	0	6.369e-03	0.0260772	V>I:24,M>V:13,I>V:13,V>M:8,V>A:8,M>I:4,M>A:3,I>A:2,V>T:1,M>T:1,I>L:1,A>T:1	I:98,V:77,M:63,A:16,T:5,L:1
300	A	S	6	4	6.417e-03	0.0261706	A>T:9,A>S:6,S>A:4,T>A:2,S>T:1	S:117,A:106,T:37
314	Q	R	7	0	6.513e-03	0.0264579	Q>L:18,Q>R:7,Q>H:6,L>T:2,Q>M:2,Q>S:2,T>A:1,Q>P:1,Q>K:1	Q:199,L:36,H:9,R:7,M:2,T:2,S:2,P:1,A:1,K:1
4	Q	R	2	0	6.561e-03	0.0265491	H>Y:14,H>L:4,H>P:3,Q>R:2,H>G:1,H>R:1,L>I:1,L>T:1,H>Q:1	Q:132,H:84,Y:22,L:11,R:3,P:3,T:2,I:2,G:1
127	G	S	2	0	6.705e-03	0.0270257	A>G:4,G>S:2,A>T:1,G>A:1,S>N:1,S>C:1	G:129,A:120,S:8,C:1,T:1,N:1
90	N	S	4	1	6.800e-03	0.0273064	T>S:11,T>N:8,N>T:6,N>S:4,T>A:2,N>H:1,S>N:1,T>D:1,T>V:1,T>I:1	T:195,N:38,S:19,H:3,A:2,D:1,I:1,V:1
75	M	T	23	0	6.992e-03	0.0278613	M>T:23,M>L:6,M>I:2,V>T:1,M>V:1,T>A:1	M:205,T:41,L:10,I:2,V:1,A:1
206	Y	L	5	0	6.992e-03	0.0278613	Y>F:6,Y>C:5,Y>L:5,C>S:1,I>A:1,T>A:1,I>T:1,L>I:1	Y:231,C:8,L:7,F:6,I:3,T:2,A:2,S:1
209	S	T	9	16	7.088e-03	0.0280290	T>A:20,A>T:18,T>S:16,T>I:11,S>T:9,A>S:8,A>V:6,T>V:5,S>A:4,I>V:3,I>T:3,S>C:3,S>I:3,I>S:2,T>M:2,T>C:2,V>M:1,I>L:1,A>I:1,V>I:1	T:74,S:70,A:53,I:26,V:18,C:14,M:3,X:1,L:1
322	P	S	2	0	7.088e-03	0.0280290	T>A:14,T>V:11,T>I:9,V>I:9,V>T:7,T>P:3,T>M:3,P>L:2,P>S:2,I>V:2,S>T:1,T>S:1,V>L:1	T:137,V:47,P:24,I:21,A:14,S:10,M:4,L:3
328	T	P	2	0	7.279e-03	0.0286779	I>V:19,I>T:17,I>A:5,I>M:5,I>L:4,T>A:3,T>P:2,M>T:2,I>P:2,V>I:2,T>I:2,M>V:1	I:184,T:27,V:24,A:10,M:6,P:4,L:4,S:1
326	I	T	18	3	7.375e-03	0.0288090	I>V:24,I>T:18,T>I:3,I>L:2,I>A:2,V>I:2,V>M:1,T>V:1,T>A:1,T>K:1	I:145,T:69,V:37,L:4,A:3,M:1,K:1
100	A	S	7	4	7.375e-03	0.0288090	T>A:25,A>T:10,A>S:7,T>M:5,T>V:5,S>A:4,T>I:3,A>M:2,T>S:2,M>T:2,A>V:2,T>L:2,I>V:1	T:82,A:80,S:64,M:14,V:13,I:4,L:3
133	V	M	3	14	7.423e-03	0.0288090	A>V:17,M>V:14,V>A:11,V>I:10,A>I:10,V>L:7,A>L:6,M>I:4,M>L:4,I>V:4,V>M:3,M>A:3,L>M:2,I>L:2,L>V:1,M>T:1,I>A:1,I>F:1,A>F:1,A>G:1	V:66,A:60,L:49,I:44,M:36,F:2,T:1,G:1,W:1
325	S	A	2	0	7.423e-03	0.0288090	L>S:16,L>P:15,L>M:14,S>L:7,S>T:6,L>I:4,M>T:4,L>T:4,L>F:3,S>P:3,P>L:2,P>T:2,P>S:2,S>M:2,S>A:2,L>Y:1,S>F:1,L>H:1,S>Q:1,P>Q:1,I>T:1,Q>S:1,Q>K:1,L>Q:1,T>S:1,T>M:1,L>W:1	L:100,S:46,P:36,T:27,M:21,Q:14,F:5,I:4,W:2,A:2,Y:1,H:1,K:1
335	T	A	4	0	7.471e-03	0.0288875	M>T:13,M>L:10,L>M:9,T>I:9,L>S:7,M>I:7,T>A:4,L>F:3,S>L:3,M>S:3,T>M:3,I>T:2,I>V:2,T>V:2,M>A:2,M>V:2,L>I:1,S>A:1,S>T:1,S>F:1,L>T:1,L>A:1,L>W:1,I>A:1,T>L:1,T>F:1	L:79,M:58,T:52,I:26,S:21,A:10,V:6,F:6,W:2
329	L	F	12	3	7.519e-03	0.0289654	L>F:12,L>S:4,L>M:4,F>L:3,L>T:3,T>I:1	L:224,F:22,T:5,M:4,S:4,I:1
209	A	T	18	20	7.615e-03	0.0290600	T>A:20,A>T:18,T>S:16,T>I:11,S>T:9,A>S:8,A>V:6,T>V:5,S>A:4,I>V:3,I>T:3,S>C:3,S>I:3,I>S:2,T>M:2,T>C:2,V>M:1,I>L:1,A>I:1,V>I:1	T:74,S:70,A:53,I:26,V:18,C:14,M:3,X:1,L:1
94	S	P	10	0	7.710e-03	0.0290600	S>A:22,S>P:10,A>S:1	S:215,A:34,P:10,L:1
192	I	A	6	0	7.662e-03	0.0290600	I>V:14,V>I:6,I>A:6,V>A:5,V>M:4,I>M:3,I>L:2,A>T:1,V>L:1,I>S:1,A>M:1	I:205,V:25,A:15,M:10,L:3,S:1,T:1
243	I	M	5	3	7.662e-03	0.0290600	T>A:16,M>T:7,T>S:6,I>M:5,T>M:4,T>I:4,M>A:4,T>V:3,M>I:3,I>V:3,T>F:1,S>T:1,M>V:1,M>F:1	T:111,M:72,I:31,A:21,S:15,V:7,F:2,L:1
80	S	L	3	0	7.615e-03	0.0290600	H>Y:16,S>F:9,H>Q:9,S>H:8,S>A:7,A>V:5,A>S:5,F>S:4,H>C:4,A>T:3,S>L:3,F>L:3,S>T:3,S>Y:3,H>S:3,Y>H:3,H>D:2,Y>F:2,N>S:1,N>D:1,Y>S:1,N>Y:1,A>N:1,A>M:1,V>A:1,A>F:1,S>I:1,F>I:1,S>V:1,S>M:1,F>C:1,F>T:1,H>A:1,Y>C:1,H>E:1,Y>V:1,F>Y:1,F>H:1,S>K:1	H:80,S:42,F:35,Y:29,A:21,Q:10,T:9,L:9,V:8,C:6,D:3,M:2,I:2,N:2,E:1,K:1
195	T	V	3	4	7.710e-03	0.0290600	I>V:23,I>T:17,V>I:10,I>A:6,I>L:6,V>A:4,V>T:4,T>V:3,I>M:3,T>I:2,A>T:2,S>T:2,A>V:2,T>S:2,I>S:1,I>P:1,V>M:1,S>P:1,A>S:1,A>P:1,A>D:1,T>A:1,T>H:1,V>C:1,V>L:1	I:130,V:43,T:39,A:14,L:11,S:10,M:6,P:3,H:1,C:1,D:1,K:1
195	S	T	2	2	7.758e-03	0.0291353	I>V:23,I>T:17,V>I:10,I>A:6,I>L:6,V>A:4,V>T:4,T>V:3,I>M:3,T>I:2,A>T:2,S>T:2,A>V:2,T>S:2,I>S:1,I>P:1,V>M:1,S>P:1,A>S:1,A>P:1,A>D:1,T>A:1,T>H:1,V>C:1,V>L:1	I:130,V:43,T:39,A:14,L:11,S:10,M:6,P:3,H:1,C:1,D:1,K:1
280	T	M	14	1	8.046e-03	0.0298918	T>M:14,T>V:9,T>I:6,I>V:5,V>M:5,T>L:3,V>T:3,V>I:2,I>F:1,M>T:1,V>A:1,V>L:1,M>V:1	T:182,M:29,V:25,I:15,L:5,F:3,A:1
129	L	I	13	0	7.998e-03	0.0298918	L>I:13,L>M:1,L>T:1,I>V:1,L>V:1,L>F:1	L:237,I:17,F:2,V:2,T:1,M:1
10	S	A	2	0	8.046e-03	0.0298918	T>I:21,S>T:13,T>A:13,I>T:10,T>S:5,T>V:4,S>L:4,S>Y:4,I>A:4,S>I:3,I>L:3,L>T:2,T>M:2,S>A:2,S>C:2,A>T:2,I>V:2,L>M:1,V>A:1,V>T:1,V>I:1,S>G:1,S>F:1,C>Y:1,S>V:1,A>V:1,I>F:1,I>M:1,I>S:1	T:87,I:54,S:30,A:24,L:20,Y:20,V:15,M:5,F:2,C:2,G:1
280	V	T	3	9	8.093e-03	0.0299631	T>M:14,T>V:9,T>I:6,I>V:5,V>M:5,T>L:3,V>T:3,V>I:2,I>F:1,M>T:1,V>A:1,V>L:1,M>V:1	T:182,M:29,V:25,I:15,L:5,F:3,A:1
347	I	F	4	0	8.237e-03	0.0303872	I>V:19,I>T:19,I>L:14,V>I:7,I>F:4,V>L:3,V>A:3,I>M:3,I>P:3,T>I:3,P>T:3,P>L:3,L>F:2,V>M:2,P>S:2,L>I:1,L>V:1,T>M:1,V>T:1,V>F:1,L>P:1,T>A:1,T>S:1,I>H:1,P>F:1,T>P:1	I:98,T:48,V:46,L:25,P:15,F:12,M:7,A:5,S:3,H:1
218	T	A	24	1	8.285e-03	0.0304563	T>A:24,T>S:15,T>I:15,T>M:3,A>T:1	T:165,S:39,A:37,I:15,M:4
218	T	S	15	0	8.381e-03	0.0307003	T>A:24,T>S:15,T>I:15,T>M:3,A>T:1	T:165,S:39,A:37,I:15,M:4
125	T	M	14	2	8.477e-03	0.0308348	T>I:33,T>M:14,T>P:7,T>A:3,T>S:3,T>L:3,M>T:2,I>T:1,P>L:1,A>T:1,T>F:1,T>N:1,S>L:1,T>V:1,M>L:1	T:164,I:43,M:25,L:8,P:7,S:5,A:5,V:1,F:1,N:1
79	W	Q	2	0	8.477e-03	0.0308348	W>L:3,W>Q:2,W>S:1	W:247,Q:6,L:5,S:1,I:1
334	I	A	6	0	8.572e-03	0.0309674	I>T:24,I>L:16,I>V:9,I>A:6,T>I:5,T>A:5,I>M:4,V>I:4,I>S:3,L>I:3,A>T:2,T>V:1,M>V:1,T>M:1	I:131,T:55,L:29,V:22,A:14,M:5,S:4
160	A	L	4	0	8.572e-03	0.0309674	A>T:14,A>S:7,L>M:5,A>L:4,L>S:4,A>I:3,S>L:2,A>M:2,L>F:2,I>A:1,S>T:1,T>I:1,T>S:1,A>G:1,M>L:1,M>T:1,T>M:1,T>V:1,L>I:1,A>F:1	L:109,A:90,T:18,S:17,M:13,I:8,F:3,G:1,V:1
265	L	F	12	0	8.620e-03	0.0310330	L>F:12,L>M:4,L>A:4	L:231,F:13,M:12,A:4
221	S	F	2	0	8.668e-03	0.0310982	S>T:14,T>S:12,T>M:4,T>K:2,T>A:2,S>Y:2,S>A:2,S>F:2,K>Q:1,K>M:1,T>I:1,S>L:1,S>W:1,S>N:1	T:139,S:83,K:13,Q:8,M:5,A:4,F:2,Y:2,I:1,N:1,W:1,L:1
195	I	A	6	0	8.908e-03	0.0316311	I>V:23,I>T:17,V>I:10,I>A:6,I>L:6,V>A:4,V>T:4,T>V:3,I>M:3,T>I:2,A>T:2,S>T:2,A>V:2,T>S:2,I>S:1,I>P:1,V>M:1,S>P:1,A>S:1,A>P:1,A>D:1,T>A:1,T>H:1,V>C:1,V>L:1	I:130,V:43,T:39,A:14,L:11,S:10,M:6,P:3,H:1,C:1,D:1,K:1
226	K	S	4	0	8.908e-03	0.0316311	K>N:22,K>S:4,K>T:3,N>K:1	K:209,N:42,S:6,T:3
147	Q	K	2	0	8.908e-03	0.0316311	P>H:12,Q>P:10,Q>H:10,P>S:9,H>P:6,H>N:6,P>Q:4,H>Q:4,Q>K:2,P>Y:1,N>S:1,N>D:1,Q>S:1,Q>L:1,H>S:1,P>A:1	H:98,P:80,Q:45,S:13,K:9,N:8,L:4,A:1,Y:1,D:1
133	V	I	10	4	8.956e-03	0.0316934	A>V:17,M>V:14,V>A:11,V>I:10,A>I:10,V>L:7,A>L:6,M>I:4,M>L:4,I>V:4,V>M:3,M>A:3,L>M:2,I>L:2,L>V:1,M>T:1,I>A:1,I>F:1,A>F:1,A>G:1	V:66,A:60,L:49,I:44,M:36,F:2,T:1,G:1,W:1
206	Y	C	5	0	9.003e-03	0.0317552	Y>F:6,Y>C:5,Y>L:5,C>S:1,I>A:1,T>A:1,I>T:1,L>I:1	Y:231,C:8,L:7,F:6,I:3,T:2,A:2,S:1
214	T	A	24	23	9.099e-03	0.0319850	T>A:24,A>T:23,A>S:4,T>S:3,S>P:2,S>A:2,T>V:1,T>P:1,A>P:1	A:117,T:113,S:23,P:6,V:1
224	V	T	3	5	9.243e-03	0.0323810	T>A:18,V>A:11,A>V:10,A>T:8,T>S:7,T>V:5,T>I:5,V>T:3,V>I:2,I>T:2,A>I:1	T:99,A:74,V:63,I:13,S:11
222	I	T	7	15	9.434e-03	0.0328318	T>I:15,I>M:10,M>I:10,I>T:7,T>M:5,M>T:4,T>A:2,I>V:2,M>V:2,I>S:1,T>L:1,T>S:1,I>N:1,I>A:1	T:115,I:84,M:45,S:4,V:4,A:3,N:3,L:2
93	V	L	3	0	9.434e-03	0.0328318	T>V:22,T>A:16,T>M:10,T>L:9,T>I:8,T>P:5,V>L:3,I>L:1,V>M:1,I>V:1,T>S:1,P>L:1,V>I:1,T>E:1,M>T:1,I>T:1	T:162,V:29,A:17,L:15,M:13,I:11,P:11,E:1,S:1
8	I	V	30	2	9.482e-03	0.0328888	I>V:30,I>M:7,I>T:4,I>L:4,I>A:3,V>I:2,M>T:1	I:191,V:46,M:9,L:6,T:5,A:3
10	T	M	2	0	9.913e-03	0.0342699	T>I:21,S>T:13,T>A:13,I>T:10,T>S:5,T>V:4,S>L:4,S>Y:4,I>A:4,S>I:3,I>L:3,L>T:2,T>M:2,S>A:2,S>C:2,A>T:2,I>V:2,L>M:1,V>A:1,V>T:1,V>I:1,S>G:1,S>F:1,C>Y:1,S>V:1,A>V:1,I>F:1,I>M:1,I>S:1	T:87,I:54,S:30,A:24,L:20,Y:20,V:15,M:5,F:2,C:2,G:1
222	T	I	15	7	1.010e-02	0.0348168	T>I:15,I>M:10,M>I:10,I>T:7,T>M:5,M>T:4,T>A:2,I>V:2,M>V:2,I>S:1,T>L:1,T>S:1,I>N:1,I>A:1	T:115,I:84,M:45,S:4,V:4,A:3,N:3,L:2
245	L	F	6	0	1.020e-02	0.0349164	L>M:9,L>F:6,M>L:5,M>T:3,L>V:1	M:153,L:95,F:7,T:4,V:1
323	S	P	4	0	1.020e-02	0.0349164	N>S:46,N>T:7,N>H:6,N>D:4,S>P:4,N>K:3,S>N:3,S>T:2,N>R:2,N>P:2,N>Y:1,N>G:1,S>G:1,H>Y:1,N>A:1	N:149,S:67,T:12,H:8,P:6,Y:5,D:4,G:3,K:3,R:2,A:1
299	Y	H	19	0	1.049e-02	0.0355502	Y>H:19,Y>S:1,Y>C:1	C:147,Y:62,H:49,S:1,N:1
277	T	V	7	0	1.049e-02	0.0355502	T>P:15,P>S:14,T>A:10,P>T:10,P>L:8,T>V:7,T>S:4,T>I:4,T>M:2,S>P:2,P>V:2,L>M:2,A>V:1,V>L:1,S>A:1,I>V:1,V>I:1,V>A:1,T>L:1,S>M:1,P>A:1,S>L:1,P>I:1,P>M:1	P:139,T:49,S:20,V:14,A:13,L:12,M:6,I:6,W:1
123	P	T	2	0	1.049e-02	0.0355502	S>P:24,P>S:10,S>T:8,P>T:2,P>H:1,S>H:1	S:131,P:113,T:13,H:2,A:1
328	I	T	17	2	1.068e-02	0.0359660	I>V:19,I>T:17,I>A:5,I>M:5,I>L:4,T>A:3,T>P:2,M>T:2,I>P:2,V>I:2,T>I:2,M>V:1	I:184,T:27,V:24,A:10,M:6,P:4,L:4,S:1
195	A	V	2	4	1.068e-02	0.0359660	I>V:23,I>T:17,V>I:10,I>A:6,I>L:6,V>A:4,V>T:4,T>V:3,I>M:3,T>I:2,A>T:2,S>T:2,A>V:2,T>S:2,I>S:1,I>P:1,V>M:1,S>P:1,A>S:1,A>P:1,A>D:1,T>A:1,T>H:1,V>C:1,V>L:1	I:130,V:43,T:39,A:14,L:11,S:10,M:6,P:3,H:1,C:1,D:1,K:1
162	A	T	35	8	1.125e-02	0.0376585	A>T:35,A>V:16,T>A:8,A>I:3,A>M:2,V>I:2,A>G:1,V>T:1,A>L:1,T>I:1	A:157,T:60,V:28,I:11,M:2,L:1,G:1
232	T	I	15	1	1.125e-02	0.0376585	T>I:15,T>S:4,T>A:3,T>V:2,I>T:1,A>T:1	T:216,I:31,A:5,S:5,V:2,L:1
335	M	L	10	9	1.145e-02	0.0376954	M>T:13,M>L:10,L>M:9,T>I:9,L>S:7,M>I:7,T>A:4,L>F:3,S>L:3,M>S:3,T>M:3,I>T:2,I>V:2,T>V:2,M>A:2,M>V:2,L>I:1,S>A:1,S>T:1,S>F:1,L>T:1,L>A:1,L>W:1,I>A:1,T>L:1,T>F:1	L:79,M:58,T:52,I:26,S:21,A:10,V:6,F:6,W:2
109	A	V	4	32	1.135e-02	0.0376954	V>A:32,A>V:4,V>T:4,T>A:2,A>T:1	V:203,A:47,T:10
156	L	F	2	1	1.145e-02	0.0376954	T>I:24,T>S:20,T>A:15,T>L:14,T>F:5,T>V:3,I>T:3,L>F:2,S>L:2,C>S:2,T>C:2,L>I:1,A>T:1,L>T:1,I>L:1,T>M:1,C>G:1,F>Y:1,F>L:1,F>I:1,C>F:1,C>L:1,T>G:1,T>Y:1,I>V:1	T:128,I:32,S:29,L:27,A:21,F:8,C:6,V:4,G:2,Y:2,M:1
10	A	T	2	13	1.130e-02	0.0376954	T>I:21,S>T:13,T>A:13,I>T:10,T>S:5,T>V:4,S>L:4,S>Y:4,I>A:4,S>I:3,I>L:3,L>T:2,T>M:2,S>A:2,S>C:2,A>T:2,I>V:2,L>M:1,V>A:1,V>T:1,V>I:1,S>G:1,S>F:1,C>Y:1,S>V:1,A>V:1,I>F:1,I>M:1,I>S:1	T:87,I:54,S:30,A:24,L:20,Y:20,V:15,M:5,F:2,C:2,G:1
11	T	M	2	4	1.145e-02	0.0376954	T>I:16,T>A:10,L>T:9,T>L:8,I>T:8,L>M:7,L>F:6,T>S:6,M>T:4,L>A:3,M>L:3,M>I:3,I>A:3,I>F:3,L>I:2,M>V:2,M>A:2,T>F:2,I>L:2,T>V:2,I>M:2,T>M:2,L>V:1,I>V:1,I>S:1,L>S:1,S>L:1,M>S:1	L:92,T:58,I:41,M:20,A:18,F:14,S:11,V:6
218	T	I	15	0	1.154e-02	0.0378913	T>A:24,T>S:15,T>I:15,T>M:3,A>T:1	T:165,S:39,A:37,I:15,M:4
195	I	T	17	2	1.164e-02	0.0380860	I>V:23,I>T:17,V>I:10,I>A:6,I>L:6,V>A:4,V>T:4,T>V:3,I>M:3,T>I:2,A>T:2,S>T:2,A>V:2,T>S:2,I>S:1,I>P:1,V>M:1,S>P:1,A>S:1,A>P:1,A>D:1,T>A:1,T>H:1,V>C:1,V>L:1	I:130,V:43,T:39,A:14,L:11,S:10,M:6,P:3,H:1,C:1,D:1,K:1
210	M	L	10	20	1.188e-02	0.0387481	L>M:20,L>I:12,M>V:11,M>L:10,L>V:7,I>T:3,L>T:2,L>A:2,L>F:1,V>I:1,I>V:1	L:160,M:45,I:26,V:21,T:5,A:2,F:1
191	A	S	6	2	1.197e-02	0.0389389	T>A:25,A>T:15,A>S:6,T>I:5,T>S:4,T>V:4,S>A:2,I>T:2,T>M:2,S>C:1,A>V:1,A>I:1	A:125,T:101,I:13,S:11,V:5,M:3,C:1,L:1
335	M	A	2	0	1.202e-02	0.0389733	M>T:13,M>L:10,L>M:9,T>I:9,L>S:7,M>I:7,T>A:4,L>F:3,S>L:3,M>S:3,T>M:3,I>T:2,I>V:2,T>V:2,M>A:2,M>V:2,L>I:1,S>A:1,S>T:1,S>F:1,L>T:1,L>A:1,L>W:1,I>A:1,T>L:1,T>F:1	L:79,M:58,T:52,I:26,S:21,A:10,V:6,F:6,W:2
233	A	T	12	4	1.226e-02	0.0396266	A>S:14,A>T:12,S>T:5,T>S:5,S>A:4,T>A:4,T>V:1,A>V:1,A>M:1	S:142,A:72,T:43,V:2,M:1
11	M	A	2	0	1.245e-02	0.0401215	T>I:16,T>A:10,L>T:9,T>L:8,I>T:8,L>M:7,L>F:6,T>S:6,M>T:4,L>A:3,M>L:3,M>I:3,I>A:3,I>F:3,L>I:2,M>V:2,M>A:2,T>F:2,I>L:2,T>V:2,I>M:2,T>M:2,L>V:1,I>V:1,I>S:1,L>S:1,S>L:1,M>S:1	L:92,T:58,I:41,M:20,A:18,F:14,S:11,V:6
210	L	I	12	0	1.279e-02	0.0408237	L>M:20,L>I:12,M>V:11,M>L:10,L>V:7,I>T:3,L>T:2,L>A:2,L>F:1,V>I:1,I>V:1	L:160,M:45,I:26,V:21,T:5,A:2,F:1
6	K	M	4	0	1.279e-02	0.0408237	K>T:9,K>N:5,K>M:4,N>S:2,T>M:1,T>S:1,N>T:1	K:220,T:17,N:10,S:6,M:6,Q:1
308	P	S	3	8	1.274e-02	0.0408237	S>T:9,S>P:8,P>S:3,P>L:1,S>C:1,T>I:1,S>F:1	T:129,S:99,P:26,C:2,L:2,F:1,I:1
323	N	P	2	0	1.307e-02	0.0416139	N>S:46,N>T:7,N>H:6,N>D:4,S>P:4,N>K:3,S>N:3,S>T:2,N>R:2,N>P:2,N>Y:1,N>G:1,S>G:1,H>Y:1,N>A:1	N:149,S:67,T:12,H:8,P:6,Y:5,D:4,G:3,K:3,R:2,A:1
17	T	S	14	1	1.312e-02	0.0416393	T>S:14,S>T:1,T>I:1	T:235,S:24,I:1
345	T	S	14	0	1.327e-02	0.0419677	T>A:34,T>S:14,A>T:7,S>P:3,T>P:3,T>I:1,S>A:1,A>P:1,T>Y:1	T:175,A:59,S:15,P:9,I:1,Y:1
242	A	T	34	3	1.331e-02	0.0419919	A>T:34,A>S:5,T>A:3,A>M:3,T>S:2,A>G:2,T>M:1	A:199,T:47,S:7,M:4,G:2,L:1
73	S	A	13	1	1.341e-02	0.0421667	S>A:13,A>S:1	S:243,A:17
325	L	M	14	0	1.346e-02	0.0421902	L>S:16,L>P:15,L>M:14,S>L:7,S>T:6,L>I:4,M>T:4,L>T:4,L>F:3,S>P:3,P>L:2,P>T:2,P>S:2,S>M:2,S>A:2,L>Y:1,S>F:1,L>H:1,S>Q:1,P>Q:1,I>T:1,Q>S:1,Q>K:1,L>Q:1,T>S:1,T>M:1,L>W:1	L:100,S:46,P:36,T:27,M:21,Q:14,F:5,I:4,W:2,A:2,Y:1,H:1,K:1
151	P	S	14	0	1.365e-02	0.0426626	P>S:14,P>H:7,P>T:5,P>Q:2,P>A:1,H>Y:1,P>C:1	P:224,S:15,H:7,T:7,Y:2,Q:2,A:1,C:1,F:1
97	I	L	5	2	1.374e-02	0.0427063	I>V:8,I>L:5,L>M:2,M>V:2,L>I:2,M>I:1,M>L:1,I>T:1,V>T:1	L:141,I:99,V:13,M:5,T:2
139	M	I	5	15	1.374e-02	0.0427063	I>M:15,I>T:11,I>L:9,M>I:5,M>L:3,I>F:1,T>A:1,I>V:1,M>F:1	I:169,L:32,M:31,T:24,F:2,A:1,V:1
237	I	T	6	9	1.379e-02	0.0427279	T>A:32,T>S:10,T>I:9,T>M:6,I>T:6,T>N:3,M>T:2,A>T:2,I>M:1,I>A:1,I>V:1,M>I:1,M>V:1,M>A:1,T>K:1,A>M:1,I>N:1,I>F:1	T:140,A:48,I:29,S:17,M:12,N:7,V:5,K:1,F:1
345	S	P	3	0	1.451e-02	0.0448203	T>A:34,T>S:14,A>T:7,S>P:3,T>P:3,T>I:1,S>A:1,A>P:1,T>Y:1	T:175,A:59,S:15,P:9,I:1,Y:1
243	M	T	7	4	1.456e-02	0.0448356	T>A:16,M>T:7,T>S:6,I>M:5,T>M:4,T>I:4,M>A:4,T>V:3,M>I:3,I>V:3,T>F:1,S>T:1,M>V:1,M>F:1	T:111,M:72,I:31,A:21,S:15,V:7,F:2,L:1
153	V	M	2	0	1.470e-02	0.0451449	L>V:7,L>M:4,L>A:3,L>P:3,V>M:2,L>I:2,I>L:1,I>V:1,V>I:1,L>F:1,L>S:1,V>A:1,M>L:1	L:223,V:12,M:8,I:8,A:4,P:3,S:1,F:1
191	A	T	15	25	1.475e-02	0.0451591	T>A:25,A>T:15,A>S:6,T>I:5,T>S:4,T>V:4,S>A:2,I>T:2,T>M:2,S>C:1,A>V:1,A>I:1	A:125,T:101,I:13,S:11,V:5,M:3,C:1,L:1
97	I	V	8	0	1.480e-02	0.0451733	I>V:8,I>L:5,L>M:2,M>V:2,L>I:2,M>I:1,M>L:1,I>T:1,V>T:1	L:141,I:99,V:13,M:5,T:2
4	H	L	4	0	1.489e-02	0.0453331	H>Y:14,H>L:4,H>P:3,Q>R:2,H>G:1,H>R:1,L>I:1,L>T:1,H>Q:1	Q:132,H:84,Y:22,L:11,R:3,P:3,T:2,I:2,G:1
15	L	M	14	1	1.504e-02	0.0456373	L>M:14,L>T:2,T>A:2,M>L:1,T>M:1,V>T:1,L>V:1,L>I:1,L>S:1	L:232,M:18,T:4,A:2,I:2,V:1,S:1
322	V	I	9	2	1.528e-02	0.0462297	T>A:14,T>V:11,T>I:9,V>I:9,V>T:7,T>P:3,T>M:3,P>L:2,P>S:2,I>V:2,S>T:1,T>S:1,V>L:1	T:137,V:47,P:24,I:21,A:14,S:10,M:4,L:3
244	V	M	2	0	1.542e-02	0.0463955	L>F:6,L>M:4,V>M:2,V>I:1,L>V:1,L>S:1	L:244,F:6,M:6,V:2,I:1,S:1
277	L	M	2	0	1.542e-02	0.0463955	T>P:15,P>S:14,T>A:10,P>T:10,P>L:8,T>V:7,T>S:4,T>I:4,T>M:2,S>P:2,P>V:2,L>M:2,A>V:1,V>L:1,S>A:1,I>V:1,V>I:1,V>A:1,T>L:1,S>M:1,P>A:1,S>L:1,P>I:1,P>M:1	P:139,T:49,S:20,V:14,A:13,L:12,M:6,I:6,W:1
104	M	I	15	1	1.566e-02	0.0469805	M>I:15,M>T:3,I>T:3,I>M:1	M:207,I:44,T:9
209	S	A	4	8	1.619e-02	0.0484217	T>A:20,A>T:18,T>S:16,T>I:11,S>T:9,A>S:8,A>V:6,T>V:5,S>A:4,I>V:3,I>T:3,S>C:3,S>I:3,I>S:2,T>M:2,T>C:2,V>M:1,I>L:1,A>I:1,V>I:1	T:74,S:70,A:53,I:26,V:18,C:14,M:3,X:1,L:1
235	T	A	22	1	1.671e-02	0.0498548	T>A:22,T>S:4,A>T:1	T:225,A:30,S:4,Q:1
100	S	A	4	7	1.691e-02	0.0502825	T>A:25,A>T:10,A>S:7,T>M:5,T>V:5,S>A:4,T>I:3,A>M:2,T>S:2,M>T:2,A>V:2,T>L:2,I>V:1	T:82,A:80,S:64,M:14,V:13,I:4,L:3
334	I	L	16	3	1.719e-02	0.0509919	I>T:24,I>L:16,I>V:9,I>A:6,T>I:5,T>A:5,I>M:4,V>I:4,I>S:3,L>I:3,A>T:2,T>V:1,M>V:1,T>M:1	I:131,T:55,L:29,V:22,A:14,M:5,S:4
328	I	A	5	0	1.782e-02	0.0526887	I>V:19,I>T:17,I>A:5,I>M:5,I>L:4,T>A:3,T>P:2,M>T:2,I>P:2,V>I:2,T>I:2,M>V:1	I:184,T:27,V:24,A:10,M:6,P:4,L:4,S:1
175	I	L	5	0	1.791e-02	0.0528223	I>T:33,I>V:23,T>I:13,I>L:5,T>M:1,I>M:1,T>V:1,V>T:1	I:114,T:107,V:27,L:10,M:2
300	A	T	9	2	1.810e-02	0.0532369	A>T:9,A>S:6,S>A:4,T>A:2,S>T:1	S:117,A:106,T:37
319	N	S	20	0	1.829e-02	0.0536491	N>S:20,N>H:13,N>D:7,N>K:5,N>Y:3,N>T:3,N>G:3,D>N:2,H>Y:2,H>C:1,T>I:1,H>P:1,N>P:1	N:166,S:27,H:20,K:12,D:11,T:7,Y:6,G:6,C:2,P:2,I:1
319	H	Y	2	0	1.896e-02	0.0554595	N>S:20,N>H:13,N>D:7,N>K:5,N>Y:3,N>T:3,N>G:3,D>N:2,H>Y:2,H>C:1,T>I:1,H>P:1,N>P:1	N:166,S:27,H:20,K:12,D:11,T:7,Y:6,G:6,C:2,P:2,I:1
332	M	V	3	0	1.935e-02	0.0564219	L>M:13,M>T:10,M>L:7,L>F:3,L>T:3,M>V:3,M>I:2,L>P:1,M>A:1,L>A:1,L>V:1,L>S:1,L>I:1	L:175,M:56,T:14,V:4,I:3,F:3,A:3,P:1,S:1
160	S	L	2	4	1.954e-02	0.0568218	A>T:14,A>S:7,L>M:5,A>L:4,L>S:4,A>I:3,S>L:2,A>M:2,L>F:2,I>A:1,S>T:1,T>I:1,T>S:1,A>G:1,M>L:1,M>T:1,T>M:1,T>V:1,L>I:1,A>F:1	L:109,A:90,T:18,S:17,M:13,I:8,F:3,G:1,V:1
284	L	I	5	1	1.964e-02	0.0569225	M>L:12,M>I:7,L>M:6,M>T:5,L>I:5,M>V:1,I>V:1,I>L:1,T>I:1	L:141,M:95,I:14,T:8,V:2
133	M	I	4	0	1.968e-02	0.0569225	A>V:17,M>V:14,V>A:11,V>I:10,A>I:10,V>L:7,A>L:6,M>I:4,M>L:4,I>V:4,V>M:3,M>A:3,L>M:2,I>L:2,L>V:1,M>T:1,I>A:1,I>F:1,A>F:1,A>G:1	V:66,A:60,L:49,I:44,M:36,F:2,T:1,G:1,W:1
323	N	H	6	0	1.997e-02	0.0572775	N>S:46,N>T:7,N>H:6,N>D:4,S>P:4,N>K:3,S>N:3,S>T:2,N>R:2,N>P:2,N>Y:1,N>G:1,S>G:1,H>Y:1,N>A:1	N:149,S:67,T:12,H:8,P:6,Y:5,D:4,G:3,K:3,R:2,A:1
334	T	I	5	24	1.992e-02	0.0572775	I>T:24,I>L:16,I>V:9,I>A:6,T>I:5,T>A:5,I>M:4,V>I:4,I>S:3,L>I:3,A>T:2,T>V:1,M>V:1,T>M:1	I:131,T:55,L:29,V:22,A:14,M:5,S:4
331	T	I	5	0	1.997e-02	0.0572775	S>A:6,T>A:6,T>V:6,S>T:5,T>I:5,T>S:4,A>T:3,T>M:2,A>V:1,S>V:1,S>L:1	T:120,S:106,A:16,V:8,I:5,M:3,L:2
274	D	N	4	0	2.011e-02	0.0573743	D>E:11,E>G:8,E>D:5,D>G:5,D>S:4,D>N:4,E>Q:1,E>N:1,D>H:1,E>T:1	E:159,D:72,G:14,S:6,N:5,H:2,Q:1,T:1
156	S	L	2	0	2.011e-02	0.0573743	T>I:24,T>S:20,T>A:15,T>L:14,T>F:5,T>V:3,I>T:3,L>F:2,S>L:2,C>S:2,T>C:2,L>I:1,A>T:1,L>T:1,I>L:1,T>M:1,C>G:1,F>Y:1,F>L:1,F>I:1,C>F:1,C>L:1,T>G:1,T>Y:1,I>V:1	T:128,I:32,S:29,L:27,A:21,F:8,C:6,V:4,G:2,Y:2,M:1
197	N	H	6	0	2.045e-02	0.0580135	N>S:27,N>D:8,N>Y:6,N>H:6,D>N:5,S>N:3,S>A:1,N>M:1,N>C:1,N>T:1	N:171,S:52,D:14,Y:12,H:6,A:2,M:1,C:1,T:1
15	T	A	2	0	2.040e-02	0.0580135	L>M:14,L>T:2,T>A:2,M>L:1,T>M:1,V>T:1,L>V:1,L>I:1,L>S:1	L:232,M:18,T:4,A:2,I:2,V:1,S:1
332	M	L	7	13	2.098e-02	0.0593468	L>M:13,M>T:10,M>L:7,L>F:3,L>T:3,M>V:3,M>I:2,L>P:1,M>A:1,L>A:1,L>V:1,L>S:1,L>I:1	L:175,M:56,T:14,V:4,I:3,F:3,A:3,P:1,S:1
197	D	N	5	8	2.112e-02	0.0595917	N>S:27,N>D:8,N>Y:6,N>H:6,D>N:5,S>N:3,S>A:1,N>M:1,N>C:1,N>T:1	N:171,S:52,D:14,Y:12,H:6,A:2,M:1,C:1,T:1
140	T	V	6	0	2.131e-02	0.0599702	T>A:26,T>S:11,T>I:8,T>V:6,I>V:1	T:201,A:30,S:12,I:10,V:7
314	Q	M	2	0	2.193e-02	0.0615562	Q>L:18,Q>R:7,Q>H:6,L>T:2,Q>M:2,Q>S:2,T>A:1,Q>P:1,Q>K:1	Q:199,L:36,H:9,R:7,M:2,T:2,S:2,P:1,A:1,K:1
131	S	A	12	0	2.208e-02	0.0617933	S>A:12,A>T:4,S>T:3	S:222,A:29,T:8,L:1
332	L	M	13	7	2.256e-02	0.0629303	L>M:13,M>T:10,M>L:7,L>F:3,L>T:3,M>V:3,M>I:2,L>P:1,M>A:1,L>A:1,L>V:1,L>S:1,L>I:1	L:175,M:56,T:14,V:4,I:3,F:3,A:3,P:1,S:1
164	I	V	6	3	2.260e-02	0.0629303	L>V:11,L>I:10,I>V:6,L>M:3,V>I:3,L>F:2,I>L:1,L>T:1,V>M:1	L:212,V:23,I:18,M:4,F:2,T:1
233	T	S	5	5	2.275e-02	0.0631619	A>S:14,A>T:12,S>T:5,T>S:5,S>A:4,T>A:4,T>V:1,A>V:1,A>M:1	S:142,A:72,T:43,V:2,M:1
146	S	A	12	0	2.332e-02	0.0645858	S>A:12,S>F:3,S>H:3,S>T:2,S>Y:2,A>T:1	S:230,A:18,H:4,T:3,F:3,Y:2
100	A	M	2	0	2.356e-02	0.0650762	T>A:25,A>T:10,A>S:7,T>M:5,T>V:5,S>A:4,T>I:3,A>M:2,T>S:2,M>T:2,A>V:2,T>L:2,I>V:1	T:82,A:80,S:64,M:14,V:13,I:4,L:3
210	I	T	3	0	2.462e-02	0.0678068	L>M:20,L>I:12,M>V:11,M>L:10,L>V:7,I>T:3,L>T:2,L>A:2,L>F:1,V>I:1,I>V:1	L:160,M:45,I:26,V:21,T:5,A:2,F:1
192	V	A	5	0	2.486e-02	0.0682862	I>V:14,V>I:6,I>A:6,V>A:5,V>M:4,I>M:3,I>L:2,A>T:1,V>L:1,I>S:1,A>M:1	I:205,V:25,A:15,M:10,L:3,S:1,T:1
339	I	T	3	0	2.495e-02	0.0683213	I>M:9,L>I:7,I>L:7,I>A:6,I>V:4,I>T:3,L>M:2,L>V:1	L:152,I:82,M:11,A:7,V:5,T:3
213	A	M	2	0	2.500e-02	0.0683213	A>T:38,A>S:13,T>A:10,T>S:4,A>I:4,T>I:3,S>T:3,A>M:2,T>V:1,A>G:1,I>V:1,I>T:1,A>L:1,S>A:1,T>M:1	A:127,T:72,S:37,I:17,M:3,V:2,G:1,L:1
27	M	I	4	0	2.524e-02	0.0687467	V>I:24,M>V:13,I>V:13,V>M:8,V>A:8,M>I:4,M>A:3,I>A:2,V>T:1,M>T:1,I>L:1,A>T:1	I:98,V:77,M:63,A:16,T:5,L:1
346	I	L	4	0	2.529e-02	0.0687467	T>I:18,I>T:18,T>A:14,T>S:10,I>A:10,T>M:4,I>L:4,M>L:3,I>V:3,T>L:1,T>V:1,I>P:1,A>S:1,I>N:1,I>M:1	I:122,T:63,A:26,M:21,S:14,L:8,V:4,N:1,P:1
175	T	I	13	33	2.543e-02	0.0687791	I>T:33,I>V:23,T>I:13,I>L:5,T>M:1,I>M:1,T>V:1,V>T:1	I:114,T:107,V:27,L:10,M:2
284	L	M	6	12	2.538e-02	0.0687791	M>L:12,M>I:7,L>M:6,M>T:5,L>I:5,M>V:1,I>V:1,I>L:1,T>I:1	L:141,M:95,I:14,T:8,V:2
10	I	L	3	0	2.634e-02	0.0710560	T>I:21,S>T:13,T>A:13,I>T:10,T>S:5,T>V:4,S>L:4,S>Y:4,I>A:4,S>I:3,I>L:3,L>T:2,T>M:2,S>A:2,S>C:2,A>T:2,I>V:2,L>M:1,V>A:1,V>T:1,V>I:1,S>G:1,S>F:1,C>Y:1,S>V:1,A>V:1,I>F:1,I>M:1,I>S:1	T:87,I:54,S:30,A:24,L:20,Y:20,V:15,M:5,F:2,C:2,G:1
308	S	P	8	3	2.667e-02	0.0716632	S>T:9,S>P:8,P>S:3,P>L:1,S>C:1,T>I:1,S>F:1	T:129,S:99,P:26,C:2,L:2,F:1,I:1
325	L	T	4	0	2.677e-02	0.0716632	L>S:16,L>P:15,L>M:14,S>L:7,S>T:6,L>I:4,M>T:4,L>T:4,L>F:3,S>P:3,P>L:2,P>T:2,P>S:2,S>M:2,S>A:2,L>Y:1,S>F:1,L>H:1,S>Q:1,P>Q:1,I>T:1,Q>S:1,Q>K:1,L>Q:1,T>S:1,T>M:1,L>W:1	L:100,S:46,P:36,T:27,M:21,Q:14,F:5,I:4,W:2,A:2,Y:1,H:1,K:1
143	L	V	2	0	2.677e-02	0.0716632	Y>F:25,F>L:22,F>Y:12,Y>L:4,L>I:3,F>I:2,L>V:2,L>F:2,F>S:2,F>T:2,I>V:1,T>S:1,I>T:1,F>A:1,F>V:1,Y>T:1	F:109,Y:69,L:58,I:9,S:6,T:4,V:4,A:1
325	M	T	4	1	2.758e-02	0.0735934	L>S:16,L>P:15,L>M:14,S>L:7,S>T:6,L>I:4,M>T:4,L>T:4,L>F:3,S>P:3,P>L:2,P>T:2,P>S:2,S>M:2,S>A:2,L>Y:1,S>F:1,L>H:1,S>Q:1,P>Q:1,I>T:1,Q>S:1,Q>K:1,L>Q:1,T>S:1,T>M:1,L>W:1	L:100,S:46,P:36,T:27,M:21,Q:14,F:5,I:4,W:2,A:2,Y:1,H:1,K:1
163	A	L	3	0	2.763e-02	0.0735934	A>T:7,A>G:6,A>L:3,A>M:1,V>M:1,L>V:1,A>S:1	A:231,T:9,G:8,L:8,M:2,V:1,S:1
65	T	A	10	43	2.806e-02	0.0741737	A>T:43,T>A:10,A>S:6,A>V:2,T>M:2,T>V:1	A:152,T:88,S:15,V:3,M:2
330	I	T	4	10	2.806e-02	0.0741737	T>A:29,T>I:10,T>S:8,I>T:4,T>V:4,A>T:2,T>M:2,I>V:2,S>T:1,T>L:1,V>A:1,V>T:1,I>M:1	T:162,A:46,I:20,S:15,V:13,M:3,L:1
221	T	K	2	0	2.797e-02	0.0741737	S>T:14,T>S:12,T>M:4,T>K:2,T>A:2,S>Y:2,S>A:2,S>F:2,K>Q:1,K>M:1,T>I:1,S>L:1,S>W:1,S>N:1	T:139,S:83,K:13,Q:8,M:5,A:4,F:2,Y:2,I:1,N:1,W:1,L:1
277	S	P	2	14	2.840e-02	0.0748702	T>P:15,P>S:14,T>A:10,P>T:10,P>L:8,T>V:7,T>S:4,T>I:4,T>M:2,S>P:2,P>V:2,L>M:2,A>V:1,V>L:1,S>A:1,I>V:1,V>I:1,V>A:1,T>L:1,S>M:1,P>A:1,S>L:1,P>I:1,P>M:1	P:139,T:49,S:20,V:14,A:13,L:12,M:6,I:6,W:1
214	S	P	2	0	2.893e-02	0.0760669	T>A:24,A>T:23,A>S:4,T>S:3,S>P:2,S>A:2,T>V:1,T>P:1,A>P:1	A:117,T:113,S:23,P:6,V:1
225	M	T	4	0	2.945e-02	0.0770640	L>T:14,L>M:8,L>S:8,M>T:4,L>F:3,L>V:3,M>V:1,I>T:1,L>I:1,L>P:1,L>H:1,L>A:1	L:203,T:26,M:10,S:9,V:5,F:3,A:1,H:1,I:1,P:1
329	L	S	4	0	2.945e-02	0.0770640	L>F:12,L>S:4,L>M:4,F>L:3,L>T:3,T>I:1	L:224,F:22,T:5,M:4,S:4,I:1
11	M	T	4	2	2.979e-02	0.0776082	T>I:16,T>A:10,L>T:9,T>L:8,I>T:8,L>M:7,L>F:6,T>S:6,M>T:4,L>A:3,M>L:3,M>I:3,I>A:3,I>F:3,L>I:2,M>V:2,M>A:2,T>F:2,I>L:2,T>V:2,I>M:2,T>M:2,L>V:1,I>V:1,I>S:1,L>S:1,S>L:1,M>S:1	L:92,T:58,I:41,M:20,A:18,F:14,S:11,V:6
11	M	I	3	2	2.988e-02	0.0776082	T>I:16,T>A:10,L>T:9,T>L:8,I>T:8,L>M:7,L>F:6,T>S:6,M>T:4,L>A:3,M>L:3,M>I:3,I>A:3,I>F:3,L>I:2,M>V:2,M>A:2,T>F:2,I>L:2,T>V:2,I>M:2,T>M:2,L>V:1,I>V:1,I>S:1,L>S:1,S>L:1,M>S:1	L:92,T:58,I:41,M:20,A:18,F:14,S:11,V:6
11	I	M	2	3	2.984e-02	0.0776082	T>I:16,T>A:10,L>T:9,T>L:8,I>T:8,L>M:7,L>F:6,T>S:6,M>T:4,L>A:3,M>L:3,M>I:3,I>A:3,I>F:3,L>I:2,M>V:2,M>A:2,T>F:2,I>L:2,T>V:2,I>M:2,T>M:2,L>V:1,I>V:1,I>S:1,L>S:1,S>L:1,M>S:1	L:92,T:58,I:41,M:20,A:18,F:14,S:11,V:6
96	L	S	4	0	3.017e-02	0.0781600	L>I:8,L>M:8,L>T:6,L>S:4,L>V:3,M>L:2,T>V:2,T>A:1,I>T:1,L>A:1,M>T:1	L:213,M:14,T:12,I:9,V:6,S:4,A:2
278	A	V	3	0	3.079e-02	0.0793789	A>T:36,T>A:19,T>M:10,A>M:5,T>V:3,T>I:3,A>V:3,T>L:2,A>P:2,A>S:2,T>S:1	A:122,T:98,M:21,V:7,I:4,L:3,S:3,P:2
334	L	I	3	16	3.079e-02	0.0793789	I>T:24,I>L:16,I>V:9,I>A:6,T>I:5,T>A:5,I>M:4,V>I:4,I>S:3,L>I:3,A>T:2,T>V:1,M>V:1,T>M:1	I:131,T:55,L:29,V:22,A:14,M:5,S:4
239	A	T	3	4	3.103e-02	0.0797991	M>T:14,S>A:12,S>P:8,A>S:7,M>A:7,M>V:5,T>A:4,S>T:4,P>S:4,A>T:3,T>S:3,M>I:2,M>L:2,V>M:1,V>A:1,M>S:1,S>L:1,S>M:1,S>I:1,S>V:1,A>P:1	S:93,M:56,A:40,T:31,V:18,P:15,I:4,L:3
214	A	S	4	2	3.127e-02	0.0802173	T>A:24,A>T:23,A>S:4,T>S:3,S>P:2,S>A:2,T>V:1,T>P:1,A>P:1	A:117,T:113,S:23,P:6,V:1
209	T	A	20	18	3.142e-02	0.0803883	T>A:20,A>T:18,T>S:16,T>I:11,S>T:9,A>S:8,A>V:6,T>V:5,S>A:4,I>V:3,I>T:3,S>C:3,S>I:3,I>S:2,T>M:2,T>C:2,V>M:1,I>L:1,A>I:1,V>I:1	T:74,S:70,A:53,I:26,V:18,C:14,M:3,X:1,L:1
153	L	P	3	0	3.151e-02	0.0804362	L>V:7,L>M:4,L>A:3,L>P:3,V>M:2,L>I:2,I>L:1,I>V:1,V>I:1,L>F:1,L>S:1,V>A:1,M>L:1	L:223,V:12,M:8,I:8,A:4,P:3,S:1,F:1
221	T	S	12	14	3.252e-02	0.0823990	S>T:14,T>S:12,T>M:4,T>K:2,T>A:2,S>Y:2,S>A:2,S>F:2,K>Q:1,K>M:1,T>I:1,S>L:1,S>W:1,S>N:1	T:139,S:83,K:13,Q:8,M:5,A:4,F:2,Y:2,I:1,N:1,W:1,L:1
324	I	V	6	0	3.237e-02	0.0823990	T>P:25,T>I:24,T>S:12,T>A:7,I>V:6,T>M:5,T>V:4,T>L:3,I>T:2,S>P:1,T>F:1,P>L:1,A>T:1,I>P:1,I>F:1,V>T:1,P>S:1	T:127,P:42,I:42,V:15,S:14,A:8,M:5,L:5,F:2
331	T	S	4	5	3.247e-02	0.0823990	S>A:6,T>A:6,T>V:6,S>T:5,T>I:5,T>S:4,A>T:3,T>M:2,A>V:1,S>V:1,S>L:1	T:120,S:106,A:16,V:8,I:5,M:3,L:2
324	T	S	12	0	3.280e-02	0.0828463	T>P:25,T>I:24,T>S:12,T>A:7,I>V:6,T>M:5,T>V:4,T>L:3,I>T:2,S>P:1,T>F:1,P>L:1,A>T:1,I>P:1,I>F:1,V>T:1,P>S:1	T:127,P:42,I:42,V:15,S:14,A:8,M:5,L:5,F:2
91	H	C	2	0	3.285e-02	0.0828463	H>N:20,H>Q:3,H>Y:3,H>S:2,H>C:2,H>T:1,Q>H:1,N>T:1,C>Y:1,C>S:1,H>L:1,H>D:1	H:195,N:36,Q:11,C:7,Y:4,S:3,T:2,D:1,L:1
179	M	L	5	18	3.295e-02	0.0828497	L>M:18,M>L:5	L:214,M:45,V:1
222	M	T	4	5	3.309e-02	0.0828497	T>I:15,I>M:10,M>I:10,I>T:7,T>M:5,M>T:4,T>A:2,I>V:2,M>V:2,I>S:1,T>L:1,T>S:1,I>N:1,I>A:1	T:115,I:84,M:45,S:4,V:4,A:3,N:3,L:2
210	L	A	2	0	3.309e-02	0.0828497	L>M:20,L>I:12,M>V:11,M>L:10,L>V:7,I>T:3,L>T:2,L>A:2,L>F:1,V>I:1,I>V:1	L:160,M:45,I:26,V:21,T:5,A:2,F:1
195	V	T	4	3	3.333e-02	0.0832496	I>V:23,I>T:17,V>I:10,I>A:6,I>L:6,V>A:4,V>T:4,T>V:3,I>M:3,T>I:2,A>T:2,S>T:2,A>V:2,T>S:2,I>S:1,I>P:1,V>M:1,S>P:1,A>S:1,A>P:1,A>D:1,T>A:1,T>H:1,V>C:1,V>L:1	I:130,V:43,T:39,A:14,L:11,S:10,M:6,P:3,H:1,C:1,D:1,K:1
331	T	A	6	3	3.343e-02	0.0832896	S>A:6,T>A:6,T>V:6,S>T:5,T>I:5,T>S:4,A>T:3,T>M:2,A>V:1,S>V:1,S>L:1	T:120,S:106,A:16,V:8,I:5,M:3,L:2
243	M	I	3	5	3.362e-02	0.0835674	T>A:16,M>T:7,T>S:6,I>M:5,T>M:4,T>I:4,M>A:4,T>V:3,M>I:3,I>V:3,T>F:1,S>T:1,M>V:1,M>F:1	T:111,M:72,I:31,A:21,S:15,V:7,F:2,L:1
122	S	T	17	0	3.448e-02	0.0853040	S>T:17,S>A:5,C>S:1,S>C:1	S:224,T:23,A:6,C:6,M:1
339	I	V	4	0	3.443e-02	0.0853040	I>M:9,L>I:7,I>L:7,I>A:6,I>V:4,I>T:3,L>M:2,L>V:1	L:152,I:82,M:11,A:7,V:5,T:3
340	S	A	11	0	3.472e-02	0.0856933	S>A:11,S>T:8	S:235,A:16,T:9
164	L	I	10	1	3.482e-02	0.0857270	L>V:11,L>I:10,I>V:6,L>M:3,V>I:3,L>F:2,I>L:1,L>T:1,V>M:1	L:212,V:23,I:18,M:4,F:2,T:1
276	A	T	10	10	3.530e-02	0.0867017	T>A:10,A>T:10,A>I:8,A>V:6,T>S:3,T>V:1,A>S:1	T:133,A:101,I:12,S:7,V:7
152	T	S	12	0	3.582e-02	0.0873790	T>A:19,T>S:12,T>I:6,T>P:5,T>M:4,T>L:4,A>S:2,T>V:2,T>N:1,P>H:1,L>S:1,T>E:1,T>H:1	T:182,A:25,S:18,L:9,I:6,P:6,M:6,N:2,H:2,V:2,E:2
31	A	T	10	30	3.582e-02	0.0873790	T>A:30,A>T:10,T>V:5,T>I:4,T>M:3,A>V:2	T:176,A:69,V:8,I:4,M:3
319	N	Y	3	0	3.577e-02	0.0873790	N>S:20,N>H:13,N>D:7,N>K:5,N>Y:3,N>T:3,N>G:3,D>N:2,H>Y:2,H>C:1,T>I:1,H>P:1,N>P:1	N:166,S:27,H:20,K:12,D:11,T:7,Y:6,G:6,C:2,P:2,I:1
211	M	I	13	0	3.601e-02	0.0875539	M>I:13,M>T:11,M>L:8,M>V:3	M:207,T:21,I:18,L:11,V:3
1	M	V	10	0	3.606e-02	0.0875539	M>V:10,M>I:5	M:241,V:10,I:9
347	I	L	14	1	3.635e-02	0.0880468	I>V:19,I>T:19,I>L:14,V>I:7,I>F:4,V>L:3,V>A:3,I>M:3,I>P:3,T>I:3,P>T:3,P>L:3,L>F:2,V>M:2,P>S:2,L>I:1,L>V:1,T>M:1,V>T:1,V>F:1,L>P:1,T>A:1,T>S:1,I>H:1,P>F:1,T>P:1	I:98,T:48,V:46,L:25,P:15,F:12,M:7,A:5,S:3,H:1
133	I	V	4	10	3.659e-02	0.0884217	A>V:17,M>V:14,V>A:11,V>I:10,A>I:10,V>L:7,A>L:6,M>I:4,M>L:4,I>V:4,V>M:3,M>A:3,L>M:2,I>L:2,L>V:1,M>T:1,I>A:1,I>F:1,A>F:1,A>G:1	V:66,A:60,L:49,I:44,M:36,F:2,T:1,G:1,W:1
278	T	A	19	36	3.697e-02	0.0887314	A>T:36,T>A:19,T>M:10,A>M:5,T>V:3,T>I:3,A>V:3,T>L:2,A>P:2,A>S:2,T>S:1	A:122,T:98,M:21,V:7,I:4,L:3,S:3,P:2
100	A	T	10	25	3.697e-02	0.0887314	T>A:25,A>T:10,A>S:7,T>M:5,T>V:5,S>A:4,T>I:3,A>M:2,T>S:2,M>T:2,A>V:2,T>L:2,I>V:1	T:82,A:80,S:64,M:14,V:13,I:4,L:3
329	F	L	3	12	3.683e-02	0.0887314	L>F:12,L>S:4,L>M:4,F>L:3,L>T:3,T>I:1	L:224,F:22,T:5,M:4,S:4,I:1
164	V	I	3	6	3.731e-02	0.0893306	L>V:11,L>I:10,I>V:6,L>M:3,V>I:3,L>F:2,I>L:1,L>T:1,V>M:1	L:212,V:23,I:18,M:4,F:2,T:1
334	T	A	5	2	3.874e-02	0.0925585	I>T:24,I>L:16,I>V:9,I>A:6,T>I:5,T>A:5,I>M:4,V>I:4,I>S:3,L>I:3,A>T:2,T>V:1,M>V:1,T>M:1	I:131,T:55,L:29,V:22,A:14,M:5,S:4
261	L	M	12	1	3.903e-02	0.0930321	L>M:12,L>T:2,L>I:2,M>L:1,M>A:1,L>F:1	L:221,M:33,I:2,T:2,F:1,A:1
317	T	S	3	0	3.922e-02	0.0930637	T>I:25,I>T:21,T>V:9,I>V:7,T>N:7,V>I:5,T>P:3,T>A:3,T>S:3,I>L:2,L>F:2,S>N:2,T>K:1,I>F:1,I>M:1,I>N:1,T>F:1,N>S:1,N>H:1,T>L:1,T>M:1	T:135,I:69,V:17,N:11,S:7,F:5,L:5,P:3,A:3,K:2,M:2,H:1
143	F	T	2	0	3.922e-02	0.0930637	Y>F:25,F>L:22,F>Y:12,Y>L:4,L>I:3,F>I:2,L>V:2,L>F:2,F>S:2,F>T:2,I>V:1,T>S:1,I>T:1,F>A:1,F>V:1,Y>T:1	F:109,Y:69,L:58,I:9,S:6,T:4,V:4,A:1
97	M	V	2	0	3.956e-02	0.0936463	I>V:8,I>L:5,L>M:2,M>V:2,L>I:2,M>I:1,M>L:1,I>T:1,V>T:1	L:141,I:99,V:13,M:5,T:2
11	M	V	2	0	3.965e-02	0.0936607	T>I:16,T>A:10,L>T:9,T>L:8,I>T:8,L>M:7,L>F:6,T>S:6,M>T:4,L>A:3,M>L:3,M>I:3,I>A:3,I>F:3,L>I:2,M>V:2,M>A:2,T>F:2,I>L:2,T>V:2,I>M:2,T>M:2,L>V:1,I>V:1,I>S:1,L>S:1,S>L:1,M>S:1	L:92,T:58,I:41,M:20,A:18,F:14,S:11,V:6
103	A	S	11	0	4.028e-02	0.0949164	A>S:11,A>G:1	A:204,S:53,G:2,F:1
199	N	S	2	0	4.037e-02	0.0949279	K>N:8,K>Q:4,N>S:2,N>H:1,K>E:1	K:238,N:12,Q:4,S:3,H:2,E:1
222	M	V	2	0	4.056e-02	0.0949506	T>I:15,I>M:10,M>I:10,I>T:7,T>M:5,M>T:4,T>A:2,I>V:2,M>V:2,I>S:1,T>L:1,T>S:1,I>N:1,I>A:1	T:115,I:84,M:45,S:4,V:4,A:3,N:3,L:2
335	M	V	2	0	4.052e-02	0.0949506	M>T:13,M>L:10,L>M:9,T>I:9,L>S:7,M>I:7,T>A:4,L>F:3,S>L:3,M>S:3,T>M:3,I>T:2,I>V:2,T>V:2,M>A:2,M>V:2,L>I:1,S>A:1,S>T:1,S>F:1,L>T:1,L>A:1,L>W:1,I>A:1,T>L:1,T>F:1	L:79,M:58,T:52,I:26,S:21,A:10,V:6,F:6,W:2
323	S	N	3	46	4.099e-02	0.0953184	N>S:46,N>T:7,N>H:6,N>D:4,S>P:4,N>K:3,S>N:3,S>T:2,N>R:2,N>P:2,N>Y:1,N>G:1,S>G:1,H>Y:1,N>A:1	N:149,S:67,T:12,H:8,P:6,Y:5,D:4,G:3,K:3,R:2,A:1
281	M	V	2	0	4.099e-02	0.0953184	I>T:20,I>A:10,I>L:9,I>V:8,I>M:7,T>A:3,M>V:2,M>T:2,A>M:1,A>V:1,T>I:1,T>V:1,L>I:1,L>F:1,I>S:1,I>G:1	I:160,T:28,L:23,A:19,M:15,V:12,G:1,F:1,S:1
6	N	S	2	0	4.099e-02	0.0953184	K>T:9,K>N:5,K>M:4,N>S:2,T>M:1,T>S:1,N>T:1	K:220,T:17,N:10,S:6,M:6,Q:1
152	T	A	19	0	4.147e-02	0.0962176	T>A:19,T>S:12,T>I:6,T>P:5,T>M:4,T>L:4,A>S:2,T>V:2,T>N:1,P>H:1,L>S:1,T>E:1,T>H:1	T:182,A:25,S:18,L:9,I:6,P:6,M:6,N:2,H:2,V:2,E:2
195	V	A	4	2	4.157e-02	0.0962260	I>V:23,I>T:17,V>I:10,I>A:6,I>L:6,V>A:4,V>T:4,T>V:3,I>M:3,T>I:2,A>T:2,S>T:2,A>V:2,T>S:2,I>S:1,I>P:1,V>M:1,S>P:1,A>S:1,A>P:1,A>D:1,T>A:1,T>H:1,V>C:1,V>L:1	I:130,V:43,T:39,A:14,L:11,S:10,M:6,P:3,H:1,C:1,D:1,K:1
197	S	N	3	27	4.195e-02	0.0966841	N>S:27,N>D:8,N>Y:6,N>H:6,D>N:5,S>N:3,S>A:1,N>M:1,N>C:1,N>T:1	N:171,S:52,D:14,Y:12,H:6,A:2,M:1,C:1,T:1
80	S	T	3	0	4.195e-02	0.0966841	H>Y:16,S>F:9,H>Q:9,S>H:8,S>A:7,A>V:5,A>S:5,F>S:4,H>C:4,A>T:3,S>L:3,F>L:3,S>T:3,S>Y:3,H>S:3,Y>H:3,H>D:2,Y>F:2,N>S:1,N>D:1,Y>S:1,N>Y:1,A>N:1,A>M:1,V>A:1,A>F:1,S>I:1,F>I:1,S>V:1,S>M:1,F>C:1,F>T:1,H>A:1,Y>C:1,H>E:1,Y>V:1,F>Y:1,F>H:1,S>K:1	H:80,S:42,F:35,Y:29,A:21,Q:10,T:9,L:9,V:8,C:6,D:3,M:2,I:2,N:2,E:1,K:1
220	N	H	5	0	4.277e-02	0.0983433	N>H:5,N>S:4,N>D:2,N>K:2,S>A:1,N>T:1	N:240,K:5,H:5,S:4,T:2,D:2,A:1,E:1
133	M	L	4	2	4.291e-02	0.0984568	A>V:17,M>V:14,V>A:11,V>I:10,A>I:10,V>L:7,A>L:6,M>I:4,M>L:4,I>V:4,V>M:3,M>A:3,L>M:2,I>L:2,L>V:1,M>T:1,I>A:1,I>F:1,A>F:1,A>G:1	V:66,A:60,L:49,I:44,M:36,F:2,T:1,G:1,W:1
127	A	G	4	1	4.411e-02	0.1005410	A>G:4,G>S:2,A>T:1,G>A:1,S>N:1,S>C:1	G:129,A:120,S:8,C:1,T:1,N:1
326	T	I	3	18	4.406e-02	0.1005410	I>V:24,I>T:18,T>I:3,I>L:2,I>A:2,V>I:2,V>M:1,T>V:1,T>A:1,T>K:1	I:145,T:69,V:37,L:4,A:3,M:1,K:1
191	S	A	2	6	4.411e-02	0.1005410	T>A:25,A>T:15,A>S:6,T>I:5,T>S:4,T>V:4,S>A:2,I>T:2,T>M:2,S>C:1,A>V:1,A>I:1	A:125,T:101,I:13,S:11,V:5,M:3,C:1,L:1
347	T	I	3	19	4.439e-02	0.1006459	I>V:19,I>T:19,I>L:14,V>I:7,I>F:4,V>L:3,V>A:3,I>M:3,I>P:3,T>I:3,P>T:3,P>L:3,L>F:2,V>M:2,P>S:2,L>I:1,L>V:1,T>M:1,V>T:1,V>F:1,L>P:1,T>A:1,T>S:1,I>H:1,P>F:1,T>P:1	I:98,T:48,V:46,L:25,P:15,F:12,M:7,A:5,S:3,H:1
319	N	G	3	0	4.425e-02	0.1006459	N>S:20,N>H:13,N>D:7,N>K:5,N>Y:3,N>T:3,N>G:3,D>N:2,H>Y:2,H>C:1,T>I:1,H>P:1,N>P:1	N:166,S:27,H:20,K:12,D:11,T:7,Y:6,G:6,C:2,P:2,I:1
221	S	A	2	0	4.444e-02	0.1006459	S>T:14,T>S:12,T>M:4,T>K:2,T>A:2,S>Y:2,S>A:2,S>F:2,K>Q:1,K>M:1,T>I:1,S>L:1,S>W:1,S>N:1	T:139,S:83,K:13,Q:8,M:5,A:4,F:2,Y:2,I:1,N:1,W:1,L:1
68	T	A	8	42	4.492e-02	0.1009629	A>T:42,T>A:8,A>I:2,T>P:1,A>M:1	A:150,T:106,I:2,P:1,M:1
209	T	V	5	0	4.478e-02	0.1009629	T>A:20,A>T:18,T>S:16,T>I:11,S>T:9,A>S:8,A>V:6,T>V:5,S>A:4,I>V:3,I>T:3,S>C:3,S>I:3,I>S:2,T>M:2,T>C:2,V>M:1,I>L:1,A>I:1,V>I:1	T:74,S:70,A:53,I:26,V:18,C:14,M:3,X:1,L:1
209	I	T	3	11	4.473e-02	0.1009629	T>A:20,A>T:18,T>S:16,T>I:11,S>T:9,A>S:8,A>V:6,T>V:5,S>A:4,I>V:3,I>T:3,S>C:3,S>I:3,I>S:2,T>M:2,T>C:2,V>M:1,I>L:1,A>I:1,V>I:1	T:74,S:70,A:53,I:26,V:18,C:14,M:3,X:1,L:1
203	I	L	2	6	4.497e-02	0.1009629	L>I:6,L>M:3,L>V:2,I>L:2,M>V:1,I>T:1	L:235,I:13,M:7,V:4,T:1
336	I	T	2	0	4.516e-02	0.1011754	L>I:4,L>M:4,I>T:2,L>S:2,L>T:1,T>A:1	L:243,I:7,M:4,T:3,S:2,A:1
280	I	V	5	2	4.535e-02	0.1013870	T>M:14,T>V:9,T>I:6,I>V:5,V>M:5,T>L:3,V>T:3,V>I:2,I>F:1,M>T:1,V>A:1,V>L:1,M>V:1	T:182,M:29,V:25,I:15,L:5,F:3,A:1
162	T	A	8	35	4.550e-02	0.1014909	A>T:35,A>V:16,T>A:8,A>I:3,A>M:2,V>I:2,A>G:1,V>T:1,A>L:1,T>I:1	A:157,T:60,V:28,I:11,M:2,L:1,G:1
158	A	G	4	0	4.574e-02	0.1015909	A>G:4,A>S:2	A:250,S:6,G:4
156	I	T	3	24	4.564e-02	0.1015909	T>I:24,T>S:20,T>A:15,T>L:14,T>F:5,T>V:3,I>T:3,L>F:2,S>L:2,C>S:2,T>C:2,L>I:1,A>T:1,L>T:1,I>L:1,T>M:1,C>G:1,F>Y:1,F>L:1,F>I:1,C>F:1,C>L:1,T>G:1,T>Y:1,I>V:1	T:128,I:32,S:29,L:27,A:21,F:8,C:6,V:4,G:2,Y:2,M:1
143	L	I	3	0	4.588e-02	0.1016936	Y>F:25,F>L:22,F>Y:12,Y>L:4,L>I:3,F>I:2,L>V:2,L>F:2,F>S:2,F>T:2,I>V:1,T>S:1,I>T:1,F>A:1,F>V:1,Y>T:1	F:109,Y:69,L:58,I:9,S:6,T:4,V:4,A:1
152	T	L	4	0	4.641e-02	0.1026434	T>A:19,T>S:12,T>I:6,T>P:5,T>M:4,T>L:4,A>S:2,T>V:2,T>N:1,P>H:1,L>S:1,T>E:1,T>H:1	T:182,A:25,S:18,L:9,I:6,P:6,M:6,N:2,H:2,V:2,E:2
347	L	F	2	0	4.660e-02	0.1028492	I>V:19,I>T:19,I>L:14,V>I:7,I>F:4,V>L:3,V>A:3,I>M:3,I>P:3,T>I:3,P>T:3,P>L:3,L>F:2,V>M:2,P>S:2,L>I:1,L>V:1,T>M:1,V>T:1,V>F:1,L>P:1,T>A:1,T>S:1,I>H:1,P>F:1,T>P:1	I:98,T:48,V:46,L:25,P:15,F:12,M:7,A:5,S:3,H:1
100	T	V	5	0	4.693e-02	0.1030349	T>A:25,A>T:10,A>S:7,T>M:5,T>V:5,S>A:4,T>I:3,A>M:2,T>S:2,M>T:2,A>V:2,T>L:2,I>V:1	T:82,A:80,S:64,M:14,V:13,I:4,L:3
321	S	T	3	6	4.708e-02	0.1030349	P>S:21,P>T:8,T>S:6,T>A:5,T>P:5,P>L:4,P>Q:3,S>T:3,T>N:2,P>K:2,P>R:2,T>H:1,S>P:1,N>K:1,T>L:1,P>N:1,P>A:1	P:166,S:35,T:29,A:6,K:6,N:5,L:5,Q:4,R:2,H:2
317	L	F	2	0	4.703e-02	0.1030349	T>I:25,I>T:21,T>V:9,I>V:7,T>N:7,V>I:5,T>P:3,T>A:3,T>S:3,I>L:2,L>F:2,S>N:2,T>K:1,I>F:1,I>M:1,I>N:1,T>F:1,N>S:1,N>H:1,T>L:1,T>M:1	T:135,I:69,V:17,N:11,S:7,F:5,L:5,P:3,A:3,K:2,M:2,H:1
214	S	A	2	4	4.693e-02	0.1030349	T>A:24,A>T:23,A>S:4,T>S:3,S>P:2,S>A:2,T>V:1,T>P:1,A>P:1	A:117,T:113,S:23,P:6,V:1
335	I	T	2	9	4.736e-02	0.1034469	M>T:13,M>L:10,L>M:9,T>I:9,L>S:7,M>I:7,T>A:4,L>F:3,S>L:3,M>S:3,T>M:3,I>T:2,I>V:2,T>V:2,M>A:2,M>V:2,L>I:1,S>A:1,S>T:1,S>F:1,L>T:1,L>A:1,L>W:1,I>A:1,T>L:1,T>F:1	L:79,M:58,T:52,I:26,S:21,A:10,V:6,F:6,W:2
141	I	L	13	0	4.808e-02	0.1043428	I>L:13	L:172,I:87,M:1
140	T	S	11	0	4.823e-02	0.1043428	T>A:26,T>S:11,T>I:8,T>V:6,I>V:1	T:201,A:30,S:12,I:10,V:7
31	T	V	5	0	4.803e-02	0.1043428	T>A:30,A>T:10,T>V:5,T>I:4,T>M:3,A>V:2	T:176,A:69,V:8,I:4,M:3
345	T	P	3	0	4.827e-02	0.1043428	T>A:34,T>S:14,A>T:7,S>P:3,T>P:3,T>I:1,S>A:1,A>P:1,T>Y:1	T:175,A:59,S:15,P:9,I:1,Y:1
195	A	T	2	1	4.789e-02	0.1043428	I>V:23,I>T:17,V>I:10,I>A:6,I>L:6,V>A:4,V>T:4,T>V:3,I>M:3,T>I:2,A>T:2,S>T:2,A>V:2,T>S:2,I>S:1,I>P:1,V>M:1,S>P:1,A>S:1,A>P:1,A>D:1,T>A:1,T>H:1,V>C:1,V>L:1	I:130,V:43,T:39,A:14,L:11,S:10,M:6,P:3,H:1,C:1,D:1,K:1
213	S	T	3	4	4.851e-02	0.1044280	A>T:38,A>S:13,T>A:10,T>S:4,A>I:4,T>I:3,S>T:3,A>M:2,T>V:1,A>G:1,I>V:1,I>T:1,A>L:1,S>A:1,T>M:1	A:127,T:72,S:37,I:17,M:3,V:2,G:1,L:1
11	I	L	2	2	4.851e-02	0.1044280	T>I:16,T>A:10,L>T:9,T>L:8,I>T:8,L>M:7,L>F:6,T>S:6,M>T:4,L>A:3,M>L:3,M>I:3,I>A:3,I>F:3,L>I:2,M>V:2,M>A:2,T>F:2,I>L:2,T>V:2,I>M:2,T>M:2,L>V:1,I>V:1,I>S:1,L>S:1,S>L:1,M>S:1	L:92,T:58,I:41,M:20,A:18,F:14,S:11,V:6
133	I	L	2	0	4.866e-02	0.1045217	A>V:17,M>V:14,V>A:11,V>I:10,A>I:10,V>L:7,A>L:6,M>I:4,M>L:4,I>V:4,V>M:3,M>A:3,L>M:2,I>L:2,L>V:1,M>T:1,I>A:1,I>F:1,A>F:1,A>G:1	V:66,A:60,L:49,I:44,M:36,F:2,T:1,G:1,W:1
90	T	S	11	0	4.899e-02	0.1050258	T>S:11,T>N:8,N>T:6,N>S:4,T>A:2,N>H:1,S>N:1,T>D:1,T>V:1,T>I:1	T:195,N:38,S:19,H:3,A:2,D:1,I:1,V:1
224	A	T	8	18	4.938e-02	0.1056302	T>A:18,V>A:11,A>V:10,A>T:8,T>S:7,T>V:5,T>I:5,V>T:3,V>I:2,I>T:2,A>I:1	T:99,A:74,V:63,I:13,S:11
323	N	T	7	0	4.957e-02	0.1058232	N>S:46,N>T:7,N>H:6,N>D:4,S>P:4,N>K:3,S>N:3,S>T:2,N>R:2,N>P:2,N>Y:1,N>G:1,S>G:1,H>Y:1,N>A:1	N:149,S:67,T:12,H:8,P:6,Y:5,D:4,G:3,K:3,R:2,A:1
322	T	P	3	0	4.971e-02	0.1059133	T>A:14,T>V:11,T>I:9,V>I:9,V>T:7,T>P:3,T>M:3,P>L:2,P>S:2,I>V:2,S>T:1,T>S:1,V>L:1	T:137,V:47,P:24,I:21,A:14,S:10,M:4,L:3
224	T	V	5	3	4.990e-02	0.1060925	T>A:18,V>A:11,A>V:10,A>T:8,T>S:7,T>V:5,T>I:5,V>T:3,V>I:2,I>T:2,A>I:1	T:99,A:74,V:63,I:13,S:11
344	I	T	2	1	5.000e-02	0.1060925	L>P:11,L>I:8,L>F:7,L>T:7,S>P:5,L>H:3,L>M:3,L>A:3,I>T:2,S>L:2,L>S:2,L>R:2,F>L:2,H>Q:1,H>C:1,I>L:1,S>A:1,H>R:1,H>L:1,P>L:1,L>Y:1,F>Y:1,L>V:1,T>A:1,T>I:1	L:171,P:17,T:13,I:13,F:12,H:9,S:8,A:5,M:3,R:3,Y:2,Q:1,C:1,V:1,K:1
192	V	M	4	0	5.028e-02	0.1062702	I>V:14,V>I:6,I>A:6,V>A:5,V>M:4,I>M:3,I>L:2,A>T:1,V>L:1,I>S:1,A>M:1	I:205,V:25,A:15,M:10,L:3,S:1,T:1
104	I	T	3	0	5.024e-02	0.1062702	M>I:15,M>T:3,I>T:3,I>M:1	M:207,I:44,T:9
131	A	T	4	0	5.048e-02	0.1063457	S>A:12,A>T:4,S>T:3	S:222,A:29,T:8,L:1
334	A	T	2	5	5.052e-02	0.1063457	I>T:24,I>L:16,I>V:9,I>A:6,T>I:5,T>A:5,I>M:4,V>I:4,I>S:3,L>I:3,A>T:2,T>V:1,M>V:1,T>M:1	I:131,T:55,L:29,V:22,A:14,M:5,S:4
92	P	Q	3	0	5.081e-02	0.1065210	P>Q:3,P>S:3,P>L:2,P>T:2,P>H:1	P:248,Q:4,S:3,L:2,T:2,H:1
146	S	Y	2	0	5.076e-02	0.1065210	S>A:12,S>F:3,S>H:3,S>T:2,S>Y:2,A>T:1	S:230,A:18,H:4,T:3,F:3,Y:2
326	I	V	24	2	5.129e-02	0.1073095	I>V:24,I>T:18,T>I:3,I>L:2,I>A:2,V>I:2,V>M:1,T>V:1,T>A:1,T>K:1	I:145,T:69,V:37,L:4,A:3,M:1,K:1
224	T	A	18	8	5.234e-02	0.1092948	T>A:18,V>A:11,A>V:10,A>T:8,T>S:7,T>V:5,T>I:5,V>T:3,V>I:2,I>T:2,A>I:1	T:99,A:74,V:63,I:13,S:11
257	L	M	11	0	5.301e-02	0.1102537	L>M:11,L>F:5,L>T:1	L:240,M:14,F:5,T:1
41	L	I	2	6	5.292e-02	0.1102537	I>L:6,I>V:2,L>I:2,I>T:1	L:139,I:117,V:2,T:2
332	M	I	2	0	5.330e-02	0.1106309	L>M:13,M>T:10,M>L:7,L>F:3,L>T:3,M>V:3,M>I:2,L>P:1,M>A:1,L>A:1,L>V:1,L>S:1,L>I:1	L:175,M:56,T:14,V:4,I:3,F:3,A:3,P:1,S:1
278	T	M	10	0	5.551e-02	0.1149747	A>T:36,T>A:19,T>M:10,A>M:5,T>V:3,T>I:3,A>V:3,T>L:2,A>P:2,A>S:2,T>S:1	A:122,T:98,M:21,V:7,I:4,L:3,S:3,P:2
239	T	S	3	4	5.598e-02	0.1157370	M>T:14,S>A:12,S>P:8,A>S:7,M>A:7,M>V:5,T>A:4,S>T:4,P>S:4,A>T:3,T>S:3,M>I:2,M>L:2,V>M:1,V>A:1,M>S:1,S>L:1,S>M:1,S>I:1,S>V:1,A>P:1	S:93,M:56,A:40,T:31,V:18,P:15,I:4,L:3
209	T	I	11	3	5.627e-02	0.1158722	T>A:20,A>T:18,T>S:16,T>I:11,S>T:9,A>S:8,A>V:6,T>V:5,S>A:4,I>V:3,I>T:3,S>C:3,S>I:3,I>S:2,T>M:2,T>C:2,V>M:1,I>L:1,A>I:1,V>I:1	T:74,S:70,A:53,I:26,V:18,C:14,M:3,X:1,L:1
139	M	L	3	0	5.618e-02	0.1158722	I>M:15,I>T:11,I>L:9,M>I:5,M>L:3,I>F:1,T>A:1,I>V:1,M>F:1	I:169,L:32,M:31,T:24,F:2,A:1,V:1
311	H	F	2	0	5.680e-02	0.1167267	H>Y:10,H>F:2,H>N:2,Y>F:2,H>Q:2,H>S:2,F>L:1,H>R:1,N>T:1,S>F:1,H>K:1,Y>H:1	H:215,Y:17,K:8,F:8,Q:3,N:2,T:2,S:2,R:2,L:1
345	A	T	7	34	5.723e-02	0.1172493	T>A:34,T>S:14,A>T:7,S>P:3,T>P:3,T>I:1,S>A:1,A>P:1,T>Y:1	T:175,A:59,S:15,P:9,I:1,Y:1
233	T	A	4	12	5.728e-02	0.1172493	A>S:14,A>T:12,S>T:5,T>S:5,S>A:4,T>A:4,T>V:1,A>V:1,A>M:1	S:142,A:72,T:43,V:2,M:1
93	T	M	10	1	5.780e-02	0.1180961	T>V:22,T>A:16,T>M:10,T>L:9,T>I:8,T>P:5,V>L:3,I>L:1,V>M:1,I>V:1,T>S:1,P>L:1,V>I:1,T>E:1,M>T:1,I>T:1	T:162,V:29,A:17,L:15,M:13,I:11,P:11,E:1,S:1
195	I	V	23	10	5.991e-02	0.1221621	I>V:23,I>T:17,V>I:10,I>A:6,I>L:6,V>A:4,V>T:4,T>V:3,I>M:3,T>I:2,A>T:2,S>T:2,A>V:2,T>S:2,I>S:1,I>P:1,V>M:1,S>P:1,A>S:1,A>P:1,A>D:1,T>A:1,T>H:1,V>C:1,V>L:1	I:130,V:43,T:39,A:14,L:11,S:10,M:6,P:3,H:1,C:1,D:1,K:1
217	F	L	2	2	6.049e-02	0.1230935	L>M:8,L>F:2,F>L:2,M>L:1,L>I:1,F>S:1	L:237,M:15,F:6,I:1,S:1
319	D	N	2	7	6.073e-02	0.1233404	N>S:20,N>H:13,N>D:7,N>K:5,N>Y:3,N>T:3,N>G:3,D>N:2,H>Y:2,H>C:1,T>I:1,H>P:1,N>P:1	N:166,S:27,H:20,K:12,D:11,T:7,Y:6,G:6,C:2,P:2,I:1
27	I	V	13	24	6.130e-02	0.1240251	V>I:24,M>V:13,I>V:13,V>M:8,V>A:8,M>I:4,M>A:3,I>A:2,V>T:1,M>T:1,I>L:1,A>T:1	I:98,V:77,M:63,A:16,T:5,L:1
11	M	L	3	7	6.120e-02	0.1240251	T>I:16,T>A:10,L>T:9,T>L:8,I>T:8,L>M:7,L>F:6,T>S:6,M>T:4,L>A:3,M>L:3,M>I:3,I>A:3,I>F:3,L>I:2,M>V:2,M>A:2,T>F:2,I>L:2,T>V:2,I>M:2,T>M:2,L>V:1,I>V:1,I>S:1,L>S:1,S>L:1,M>S:1	L:92,T:58,I:41,M:20,A:18,F:14,S:11,V:6
207	V	I	2	0	6.144e-02	0.1240753	L>I:7,L>V:3,V>I:2,L>M:2,L>F:1,V>A:1,M>T:1,V>T:1,L>T:1	L:238,I:11,V:4,T:3,M:2,F:1,A:1
346	M	L	3	0	6.254e-02	0.1258129	T>I:18,I>T:18,T>A:14,T>S:10,I>A:10,T>M:4,I>L:4,M>L:3,I>V:3,T>L:1,T>V:1,I>P:1,A>S:1,I>N:1,I>M:1	I:122,T:63,A:26,M:21,S:14,L:8,V:4,N:1,P:1
31	A	V	2	0	6.250e-02	0.1258129	T>A:30,A>T:10,T>V:5,T>I:4,T>M:3,A>V:2	T:176,A:69,V:8,I:4,M:3
28	M	S	2	0	6.278e-02	0.1260517	M>T:25,M>L:18,M>A:4,L>M:2,M>S:2,T>A:1	M:182,L:43,T:26,A:5,S:4
197	N	D	8	5	6.293e-02	0.1260976	N>S:27,N>D:8,N>Y:6,N>H:6,D>N:5,S>N:3,S>A:1,N>M:1,N>C:1,N>T:1	N:171,S:52,D:14,Y:12,H:6,A:2,M:1,C:1,T:1
74	S	G	4	0	6.360e-02	0.1271450	S>G:4,S>A:1,S>C:1	S:251,G:5,C:2,A:1,W:1
347	V	L	3	1	6.369e-02	0.1271450	I>V:19,I>T:19,I>L:14,V>I:7,I>F:4,V>L:3,V>A:3,I>M:3,I>P:3,T>I:3,P>T:3,P>L:3,L>F:2,V>M:2,P>S:2,L>I:1,L>V:1,T>M:1,V>T:1,V>F:1,L>P:1,T>A:1,T>S:1,I>H:1,P>F:1,T>P:1	I:98,T:48,V:46,L:25,P:15,F:12,M:7,A:5,S:3,H:1
241	S	T	3	0	6.403e-02	0.1275702	N>S:15,S>N:9,S>T:3,N>T:1,N>G:1,T>N:1,T>F:1,T>A:1	N:178,S:63,T:16,F:1,G:1,A:1
27	I	A	2	0	6.508e-02	0.1291763	V>I:24,M>V:13,I>V:13,V>M:8,V>A:8,M>I:4,M>A:3,I>A:2,V>T:1,M>T:1,I>L:1,A>T:1	I:98,V:77,M:63,A:16,T:5,L:1
344	F	L	2	7	6.499e-02	0.1291763	L>P:11,L>I:8,L>F:7,L>T:7,S>P:5,L>H:3,L>M:3,L>A:3,I>T:2,S>L:2,L>S:2,L>R:2,F>L:2,H>Q:1,H>C:1,I>L:1,S>A:1,H>R:1,H>L:1,P>L:1,L>Y:1,F>Y:1,L>V:1,T>A:1,T>I:1	L:171,P:17,T:13,I:13,F:12,H:9,S:8,A:5,M:3,R:3,Y:2,Q:1,C:1,V:1,K:1
319	N	K	5	0	6.575e-02	0.1302594	N>S:20,N>H:13,N>D:7,N>K:5,N>Y:3,N>T:3,N>G:3,D>N:2,H>Y:2,H>C:1,T>I:1,H>P:1,N>P:1	N:166,S:27,H:20,K:12,D:11,T:7,Y:6,G:6,C:2,P:2,I:1
317	T	A	3	0	6.618e-02	0.1307121	T>I:25,I>T:21,T>V:9,I>V:7,T>N:7,V>I:5,T>P:3,T>A:3,T>S:3,I>L:2,L>F:2,S>N:2,T>K:1,I>F:1,I>M:1,I>N:1,T>F:1,N>S:1,N>H:1,T>L:1,T>M:1	T:135,I:69,V:17,N:11,S:7,F:5,L:5,P:3,A:3,K:2,M:2,H:1
100	A	V	2	0	6.623e-02	0.1307121	T>A:25,A>T:10,A>S:7,T>M:5,T>V:5,S>A:4,T>I:3,A>M:2,T>S:2,M>T:2,A>V:2,T>L:2,I>V:1	T:82,A:80,S:64,M:14,V:13,I:4,L:3
281	T	A	3	0	6.733e-02	0.1326352	I>T:20,I>A:10,I>L:9,I>V:8,I>M:7,T>A:3,M>V:2,M>T:2,A>M:1,A>V:1,T>I:1,T>V:1,L>I:1,L>F:1,I>S:1,I>G:1	I:160,T:28,L:23,A:19,M:15,V:12,G:1,F:1,S:1
157	M	L	21	3	6.753e-02	0.1327620	M>L:21,L>M:3,M>V:1	M:203,L:55,V:2
329	L	T	3	0	6.810e-02	0.1336402	L>F:12,L>S:4,L>M:4,F>L:3,L>T:3,T>I:1	L:224,F:22,T:5,M:4,S:4,I:1
102	I	L	12	1	6.872e-02	0.1346089	I>L:12,I>V:11,I>M:1,V>I:1,L>I:1	I:227,L:19,V:13,M:1
28	M	A	4	0	6.925e-02	0.1353868	M>T:25,M>L:18,M>A:4,L>M:2,M>S:2,T>A:1	M:182,L:43,T:26,A:5,S:4
70	V	I	35	3	6.939e-02	0.1354141	V>I:35,V>L:16,V>M:4,I>M:3,I>V:3,I>L:3,M>V:1,M>L:1	V:129,I:63,L:51,M:17
53	I	V	22	0	7.016e-02	0.1356417	I>V:22,I>T:4,V>E:1	I:210,V:44,T:5,E:1
4	H	Y	14	0	7.016e-02	0.1356417	H>Y:14,H>L:4,H>P:3,Q>R:2,H>G:1,H>R:1,L>I:1,L>T:1,H>Q:1	Q:132,H:84,Y:22,L:11,R:3,P:3,T:2,I:2,G:1
237	T	S	10	0	6.978e-02	0.1356417	T>A:32,T>S:10,T>I:9,T>M:6,I>T:6,T>N:3,M>T:2,A>T:2,I>M:1,I>A:1,I>V:1,M>I:1,M>V:1,M>A:1,T>K:1,A>M:1,I>N:1,I>F:1	T:140,A:48,I:29,S:17,M:12,N:7,V:5,K:1,F:1
18	T	S	10	2	7.016e-02	0.1356417	T>S:10,T>A:7,T>L:3,T>I:3,T>V:2,S>T:2,T>M:1	T:224,S:16,A:7,L:6,I:3,V:2,M:2
195	T	S	2	2	6.987e-02	0.1356417	I>V:23,I>T:17,V>I:10,I>A:6,I>L:6,V>A:4,V>T:4,T>V:3,I>M:3,T>I:2,A>T:2,S>T:2,A>V:2,T>S:2,I>S:1,I>P:1,V>M:1,S>P:1,A>S:1,A>P:1,A>D:1,T>A:1,T>H:1,V>C:1,V>L:1	I:130,V:43,T:39,A:14,L:11,S:10,M:6,P:3,H:1,C:1,D:1,K:1
332	L	T	3	0	7.083e-02	0.1366848	L>M:13,M>T:10,M>L:7,L>F:3,L>T:3,M>V:3,M>I:2,L>P:1,M>A:1,L>A:1,L>V:1,L>S:1,L>I:1	L:175,M:56,T:14,V:4,I:3,F:3,A:3,P:1,S:1
346	T	S	10	0	7.145e-02	0.1367151	T>I:18,I>T:18,T>A:14,T>S:10,I>A:10,T>M:4,I>L:4,M>L:3,I>V:3,T>L:1,T>V:1,I>P:1,A>S:1,I>N:1,I>M:1	I:122,T:63,A:26,M:21,S:14,L:8,V:4,N:1,P:1
331	A	T	3	6	7.121e-02	0.1367151	S>A:6,T>A:6,T>V:6,S>T:5,T>I:5,T>S:4,A>T:3,T>M:2,A>V:1,S>V:1,S>L:1	T:120,S:106,A:16,V:8,I:5,M:3,L:2
347	V	A	3	0	7.150e-02	0.1367151	I>V:19,I>T:19,I>L:14,V>I:7,I>F:4,V>L:3,V>A:3,I>M:3,I>P:3,T>I:3,P>T:3,P>L:3,L>F:2,V>M:2,P>S:2,L>I:1,L>V:1,T>M:1,V>T:1,V>F:1,L>P:1,T>A:1,T>S:1,I>H:1,P>F:1,T>P:1	I:98,T:48,V:46,L:25,P:15,F:12,M:7,A:5,S:3,H:1
328	T	A	3	0	7.112e-02	0.1367151	I>V:19,I>T:17,I>A:5,I>M:5,I>L:4,T>A:3,T>P:2,M>T:2,I>P:2,V>I:2,T>I:2,M>V:1	I:184,T:27,V:24,A:10,M:6,P:4,L:4,S:1
328	M	T	2	0	7.145e-02	0.1367151	I>V:19,I>T:17,I>A:5,I>M:5,I>L:4,T>A:3,T>P:2,M>T:2,I>P:2,V>I:2,T>I:2,M>V:1	I:184,T:27,V:24,A:10,M:6,P:4,L:4,S:1
311	Y	F	2	0	7.169e-02	0.1368307	H>Y:10,H>F:2,H>N:2,Y>F:2,H>Q:2,H>S:2,F>L:1,H>R:1,N>T:1,S>F:1,H>K:1,Y>H:1	H:215,Y:17,K:8,F:8,Q:3,N:2,T:2,S:2,R:2,L:1
239	T	A	4	3	7.203e-02	0.1372197	M>T:14,S>A:12,S>P:8,A>S:7,M>A:7,M>V:5,T>A:4,S>T:4,P>S:4,A>T:3,T>S:3,M>I:2,M>L:2,V>M:1,V>A:1,M>S:1,S>L:1,S>M:1,S>I:1,S>V:1,A>P:1	S:93,M:56,A:40,T:31,V:18,P:15,I:4,L:3
76	I	V	3	0	7.236e-02	0.1376073	T>I:18,I>T:10,T>M:6,T>S:4,I>V:3,T>N:2,S>I:1,S>T:1,T>V:1,T>L:1,I>M:1	T:171,I:60,S:13,M:7,V:4,N:3,L:2
237	T	N	3	0	7.251e-02	0.1376298	T>A:32,T>S:10,T>I:9,T>M:6,I>T:6,T>N:3,M>T:2,A>T:2,I>M:1,I>A:1,I>V:1,M>I:1,M>V:1,M>A:1,T>K:1,A>M:1,I>N:1,I>F:1	T:140,A:48,I:29,S:17,M:12,N:7,V:5,K:1,F:1
281	M	T	2	0	7.289e-02	0.1381059	I>T:20,I>A:10,I>L:9,I>V:8,I>M:7,T>A:3,M>V:2,M>T:2,A>M:1,A>V:1,T>I:1,T>V:1,L>I:1,L>F:1,I>S:1,I>G:1	I:160,T:28,L:23,A:19,M:15,V:12,G:1,F:1,S:1
191	I	T	2	5	7.370e-02	0.1391434	T>A:25,A>T:15,A>S:6,T>I:5,T>S:4,T>V:4,S>A:2,I>T:2,T>M:2,S>C:1,A>V:1,A>I:1	A:125,T:101,I:13,S:11,V:5,M:3,C:1,L:1
324	I	T	2	24	7.361e-02	0.1391434	T>P:25,T>I:24,T>S:12,T>A:7,I>V:6,T>M:5,T>V:4,T>L:3,I>T:2,S>P:1,T>F:1,P>L:1,A>T:1,I>P:1,I>F:1,V>T:1,P>S:1	T:127,P:42,I:42,V:15,S:14,A:8,M:5,L:5,F:2
241	N	S	15	9	7.485e-02	0.1405508	N>S:15,S>N:9,S>T:3,N>T:1,N>G:1,T>N:1,T>F:1,T>A:1	N:178,S:63,T:16,F:1,G:1,A:1
204	T	N	3	0	7.471e-02	0.1405508	T>A:7,T>S:4,T>N:3,N>S:1,N>G:1	T:124,N:120,A:9,S:6,G:1
18	S	T	2	10	7.476e-02	0.1405508	T>S:10,T>A:7,T>L:3,T>I:3,T>V:2,S>T:2,T>M:1	T:224,S:16,A:7,L:6,I:3,V:2,M:2
57	T	I	2	5	7.528e-02	0.1411063	I>V:9,I>T:5,T>I:2	T:151,I:100,V:9
328	T	I	2	17	7.581e-02	0.1418391	I>V:19,I>T:17,I>A:5,I>M:5,I>L:4,T>A:3,T>P:2,M>T:2,I>P:2,V>I:2,T>I:2,M>V:1	I:184,T:27,V:24,A:10,M:6,P:4,L:4,S:1
195	T	I	2	17	7.629e-02	0.1424798	I>V:23,I>T:17,V>I:10,I>A:6,I>L:6,V>A:4,V>T:4,T>V:3,I>M:3,T>I:2,A>T:2,S>T:2,A>V:2,T>S:2,I>S:1,I>P:1,V>M:1,S>P:1,A>S:1,A>P:1,A>D:1,T>A:1,T>H:1,V>C:1,V>L:1	I:130,V:43,T:39,A:14,L:11,S:10,M:6,P:3,H:1,C:1,D:1,K:1
224	I	T	2	5	7.643e-02	0.1424932	T>A:18,V>A:11,A>V:10,A>T:8,T>S:7,T>V:5,T>I:5,V>T:3,V>I:2,I>T:2,A>I:1	T:99,A:74,V:63,I:13,S:11
199	K	N	8	0	7.682e-02	0.1426978	K>N:8,K>Q:4,N>S:2,N>H:1,K>E:1	K:238,N:12,Q:4,S:3,H:2,E:1
331	T	M	2	0	7.682e-02	0.1426978	S>A:6,T>A:6,T>V:6,S>T:5,T>I:5,T>S:4,A>T:3,T>M:2,A>V:1,S>V:1,S>L:1	T:120,S:106,A:16,V:8,I:5,M:3,L:2
202	L	M	10	0	7.787e-02	0.1443981	L>M:10,L>I:3,L>F:2,I>T:1,I>M:1,L>T:1	L:226,M:16,I:14,T:2,F:2
346	I	V	3	0	7.821e-02	0.1447626	T>I:18,I>T:18,T>A:14,T>S:10,I>A:10,T>M:4,I>L:4,M>L:3,I>V:3,T>L:1,T>V:1,I>P:1,A>S:1,I>N:1,I>M:1	I:122,T:63,A:26,M:21,S:14,L:8,V:4,N:1,P:1
27	V	A	8	0	7.864e-02	0.1447902	V>I:24,M>V:13,I>V:13,V>M:8,V>A:8,M>I:4,M>A:3,I>A:2,V>T:1,M>T:1,I>L:1,A>T:1	I:98,V:77,M:63,A:16,T:5,L:1
157	L	M	3	21	7.864e-02	0.1447902	M>L:21,L>M:3,M>V:1	M:203,L:55,V:2
155	S	T	2	8	7.840e-02	0.1447902	T>V:9,T>A:9,T>S:8,T>I:5,T>M:2,S>T:2	T:218,S:16,V:10,A:9,I:5,M:2
209	I	V	3	1	7.931e-02	0.1457677	T>A:20,A>T:18,T>S:16,T>I:11,S>T:9,A>S:8,A>V:6,T>V:5,S>A:4,I>V:3,I>T:3,S>C:3,S>I:3,I>S:2,T>M:2,T>C:2,V>M:1,I>L:1,A>I:1,V>I:1	T:74,S:70,A:53,I:26,V:18,C:14,M:3,X:1,L:1
237	M	T	2	6	7.959e-02	0.1460387	T>A:32,T>S:10,T>I:9,T>M:6,I>T:6,T>N:3,M>T:2,A>T:2,I>M:1,I>A:1,I>V:1,M>I:1,M>V:1,M>A:1,T>K:1,A>M:1,I>N:1,I>F:1	T:140,A:48,I:29,S:17,M:12,N:7,V:5,K:1,F:1
243	I	V	3	0	7.979e-02	0.1461334	T>A:16,M>T:7,T>S:6,I>M:5,T>M:4,T>I:4,M>A:4,T>V:3,M>I:3,I>V:3,T>F:1,S>T:1,M>V:1,M>F:1	T:111,M:72,I:31,A:21,S:15,V:7,F:2,L:1
9	T	M	2	0	8.007e-02	0.1462343	S>F:10,S>T:9,S>L:4,T>M:2,C>S:2,F>C:2,S>C:1,M>L:1,M>V:1,T>I:1,C>F:1,T>C:1,F>L:1,T>A:1,S>V:1,S>A:1	F:140,S:77,T:12,L:12,C:6,M:4,I:3,A:3,V:3
10	I	V	2	1	8.012e-02	0.1462343	T>I:21,S>T:13,T>A:13,I>T:10,T>S:5,T>V:4,S>L:4,S>Y:4,I>A:4,S>I:3,I>L:3,L>T:2,T>M:2,S>A:2,S>C:2,A>T:2,I>V:2,L>M:1,V>A:1,V>T:1,V>I:1,S>G:1,S>F:1,C>Y:1,S>V:1,A>V:1,I>F:1,I>M:1,I>S:1	T:87,I:54,S:30,A:24,L:20,Y:20,V:15,M:5,F:2,C:2,G:1
330	T	I	10	4	8.065e-02	0.1469389	T>A:29,T>I:10,T>S:8,I>T:4,T>V:4,A>T:2,T>M:2,I>V:2,S>T:1,T>L:1,V>A:1,V>T:1,I>M:1	T:162,A:46,I:20,S:15,V:13,M:3,L:1
125	M	T	2	14	8.093e-02	0.1472055	T>I:33,T>M:14,T>P:7,T>A:3,T>S:3,T>L:3,M>T:2,I>T:1,P>L:1,A>T:1,T>F:1,T>N:1,S>L:1,T>V:1,M>L:1	T:164,I:43,M:25,L:8,P:7,S:5,A:5,V:1,F:1,N:1
143	F	L	22	2	8.170e-02	0.1483407	Y>F:25,F>L:22,F>Y:12,Y>L:4,L>I:3,F>I:2,L>V:2,L>F:2,F>S:2,F>T:2,I>V:1,T>S:1,I>T:1,F>A:1,F>V:1,Y>T:1	F:109,Y:69,L:58,I:9,S:6,T:4,V:4,A:1
229	T	M	9	1	8.184e-02	0.1483436	T>M:9,T>S:7,T>A:2,M>T:1,T>V:1	T:230,M:15,S:11,A:2,V:1,N:1
243	T	A	16	0	8.261e-02	0.1490429	T>A:16,M>T:7,T>S:6,I>M:5,T>M:4,T>I:4,M>A:4,T>V:3,M>I:3,I>V:3,T>F:1,S>T:1,M>V:1,M>F:1	T:111,M:72,I:31,A:21,S:15,V:7,F:2,L:1
93	T	A	16	0	8.261e-02	0.1490429	T>V:22,T>A:16,T>M:10,T>L:9,T>I:8,T>P:5,V>L:3,I>L:1,V>M:1,I>V:1,T>S:1,P>L:1,V>I:1,T>E:1,M>T:1,I>T:1	T:162,V:29,A:17,L:15,M:13,I:11,P:11,E:1,S:1
100	M	T	2	5	8.266e-02	0.1490429	T>A:25,A>T:10,A>S:7,T>M:5,T>V:5,S>A:4,T>I:3,A>M:2,T>S:2,M>T:2,A>V:2,T>L:2,I>V:1	T:82,A:80,S:64,M:14,V:13,I:4,L:3
228	S	T	14	0	8.299e-02	0.1493894	S>P:17,S>T:14,S>A:5,A>T:2,S>M:1,A>V:1	S:206,T:23,P:22,A:5,M:2,V:1,N:1
335	I	V	2	0	8.347e-02	0.1499928	M>T:13,M>L:10,L>M:9,T>I:9,L>S:7,M>I:7,T>A:4,L>F:3,S>L:3,M>S:3,T>M:3,I>T:2,I>V:2,T>V:2,M>A:2,M>V:2,L>I:1,S>A:1,S>T:1,S>F:1,L>T:1,L>A:1,L>W:1,I>A:1,T>L:1,T>F:1	L:79,M:58,T:52,I:26,S:21,A:10,V:6,F:6,W:2
2	N	T	6	0	8.443e-02	0.1514532	N>S:14,N>T:6,N>Y:1,N>D:1,N>G:1,N>A:1	N:224,S:20,T:11,D:1,A:1,G:1,Y:1,-:1
344	L	I	8	1	8.481e-02	0.1518795	L>P:11,L>I:8,L>F:7,L>T:7,S>P:5,L>H:3,L>M:3,L>A:3,I>T:2,S>L:2,L>S:2,L>R:2,F>L:2,H>Q:1,H>C:1,I>L:1,S>A:1,H>R:1,H>L:1,P>L:1,L>Y:1,F>Y:1,L>V:1,T>A:1,T>I:1	L:171,P:17,T:13,I:13,F:12,H:9,S:8,A:5,M:3,R:3,Y:2,Q:1,C:1,V:1,K:1
64	A	S	9	0	8.524e-02	0.1523900	A>S:9	A:240,S:20
56	A	S	9	1	8.592e-02	0.1528036	A>T:24,A>S:9,T>A:2,S>T:1,T>M:1,S>A:1	A:178,T:53,S:28,M:1
151	P	T	5	0	8.592e-02	0.1528036	P>S:14,P>H:7,P>T:5,P>Q:2,P>A:1,H>Y:1,P>C:1	P:224,S:15,H:7,T:7,Y:2,Q:2,A:1,C:1,F:1
278	A	S	2	0	8.582e-02	0.1528036	A>T:36,T>A:19,T>M:10,A>M:5,T>V:3,T>I:3,A>V:3,T>L:2,A>P:2,A>S:2,T>S:1	A:122,T:98,M:21,V:7,I:4,L:3,S:3,P:2
96	L	I	8	0	8.711e-02	0.1546695	L>I:8,L>M:8,L>T:6,L>S:4,L>V:3,M>L:2,T>V:2,T>A:1,I>T:1,L>A:1,M>T:1	L:213,M:14,T:12,I:9,V:6,S:4,A:2
152	A	S	2	0	8.821e-02	0.1563592	T>A:19,T>S:12,T>I:6,T>P:5,T>M:4,T>L:4,A>S:2,T>V:2,T>N:1,P>H:1,L>S:1,T>E:1,T>H:1	T:182,A:25,S:18,L:9,I:6,P:6,M:6,N:2,H:2,V:2,E:2
143	L	F	2	22	8.898e-02	0.1574375	Y>F:25,F>L:22,F>Y:12,Y>L:4,L>I:3,F>I:2,L>V:2,L>F:2,F>S:2,F>T:2,I>V:1,T>S:1,I>T:1,F>A:1,F>V:1,Y>T:1	F:109,Y:69,L:58,I:9,S:6,T:4,V:4,A:1
95	S	T	2	0	8.912e-02	0.1574375	C>S:36,S>T:2,C>Q:1	C:189,S:66,T:3,Q:2
146	S	F	3	0	8.965e-02	0.1578339	S>A:12,S>F:3,S>H:3,S>T:2,S>Y:2,A>T:1	S:230,A:18,H:4,T:3,F:3,Y:2
145	V	I	2	2	8.956e-02	0.1578339	T>V:4,T>S:4,V>I:2,I>V:2,T>I:1,T>A:1	T:237,V:12,S:5,I:4,A:1,M:1
280	V	I	2	5	8.984e-02	0.1579049	T>M:14,T>V:9,T>I:6,I>V:5,V>M:5,T>L:3,V>T:3,V>I:2,I>F:1,M>T:1,V>A:1,V>L:1,M>V:1	T:182,M:29,V:25,I:15,L:5,F:3,A:1
224	V	I	2	0	9.003e-02	0.1579756	T>A:18,V>A:11,A>V:10,A>T:8,T>S:7,T>V:5,T>I:5,V>T:3,V>I:2,I>T:2,A>I:1	T:99,A:74,V:63,I:13,S:11
56	A	T	24	2	9.047e-02	0.1584656	A>T:24,A>S:9,T>A:2,S>T:1,T>M:1,S>A:1	A:178,T:53,S:28,M:1
343	I	L	11	1	9.114e-02	0.1593726	I>L:11,I>V:8,I>M:7,I>T:6,L>I:1	I:214,L:20,M:12,V:8,T:6
4	H	P	3	0	9.185e-02	0.1600757	H>Y:14,H>L:4,H>P:3,Q>R:2,H>G:1,H>R:1,L>I:1,L>T:1,H>Q:1	Q:132,H:84,Y:22,L:11,R:3,P:3,T:2,I:2,G:1
109	T	A	2	1	9.200e-02	0.1600757	V>A:32,A>V:4,V>T:4,T>A:2,A>T:1	V:203,A:47,T:10
136	L	F	2	40	9.171e-02	0.1600757	F>L:40,L>F:2	F:148,L:112
19	I	L	11	0	9.219e-02	0.1601421	I>L:11,I>M:4,I>T:4	I:237,L:13,M:6,T:4
145	T	V	4	0	9.300e-02	0.1612880	T>V:4,T>S:4,V>I:2,I>V:2,T>I:1,T>A:1	T:237,V:12,S:5,I:4,A:1,M:1
2	N	S	14	0	9.334e-02	0.1616009	N>S:14,N>T:6,N>Y:1,N>D:1,N>G:1,N>A:1	N:224,S:20,T:11,D:1,A:1,G:1,Y:1,-:1
330	T	V	4	1	9.444e-02	0.1632372	T>A:29,T>I:10,T>S:8,I>T:4,T>V:4,A>T:2,T>M:2,I>V:2,S>T:1,T>L:1,V>A:1,V>T:1,I>M:1	T:162,A:46,I:20,S:15,V:13,M:3,L:1
195	V	I	10	23	9.530e-02	0.1644549	I>V:23,I>T:17,V>I:10,I>A:6,I>L:6,V>A:4,V>T:4,T>V:3,I>M:3,T>I:2,A>T:2,S>T:2,A>V:2,T>S:2,I>S:1,I>P:1,V>M:1,S>P:1,A>S:1,A>P:1,A>D:1,T>A:1,T>H:1,V>C:1,V>L:1	I:130,V:43,T:39,A:14,L:11,S:10,M:6,P:3,H:1,C:1,D:1,K:1
324	T	V	4	1	9.597e-02	0.1653386	T>P:25,T>I:24,T>S:12,T>A:7,I>V:6,T>M:5,T>V:4,T>L:3,I>T:2,S>P:1,T>F:1,P>L:1,A>T:1,I>P:1,I>F:1,V>T:1,P>S:1	T:127,P:42,I:42,V:15,S:14,A:8,M:5,L:5,F:2
309	T	V	4	0	9.621e-02	0.1654781	T>S:7,T>A:7,T>I:5,T>V:4,T>M:4,A>T:1,T>L:1,I>T:1,T>N:1	T:195,S:35,A:12,I:8,M:4,V:4,N:1,L:1
191	T	V	4	0	9.707e-02	0.1666861	T>A:25,A>T:15,A>S:6,T>I:5,T>S:4,T>V:4,S>A:2,I>T:2,T>M:2,S>C:1,A>V:1,A>I:1	A:125,T:101,I:13,S:11,V:5,M:3,C:1,L:1
219	M	L	2	9	9.760e-02	0.1673155	L>M:9,L>F:5,L>I:4,M>L:2,F>L:1	L:228,M:14,F:12,I:6
320	K	S	2	0	9.813e-02	0.1679428	K>N:5,K>T:3,K>S:2,K>E:2,K>M:1	K:244,N:6,T:4,S:2,E:2,M:1,Q:1
139	I	T	11	0	9.894e-02	0.1690590	I>M:15,I>T:11,I>L:9,M>I:5,M>L:3,I>F:1,T>A:1,I>V:1,M>F:1	I:169,L:32,M:31,T:24,F:2,A:1,V:1
150	N	D	7	0	9.956e-02	0.1695677	N>D:7,N>S:5,N>H:2,N>C:1,N>K:1	N:243,D:8,S:5,H:2,K:1,C:1
96	M	L	2	8	9.947e-02	0.1695677	L>I:8,L>M:8,L>T:6,L>S:4,L>V:3,M>L:2,T>V:2,T>A:1,I>T:1,L>A:1,M>T:1	L:213,M:14,T:12,I:9,V:6,S:4,A:2
156	T	A	15	1	1.012e-01	0.1713973	T>I:24,T>S:20,T>A:15,T>L:14,T>F:5,T>V:3,I>T:3,L>F:2,S>L:2,C>S:2,T>C:2,L>I:1,A>T:1,L>T:1,I>L:1,T>M:1,C>G:1,F>Y:1,F>L:1,F>I:1,C>F:1,C>L:1,T>G:1,T>Y:1,I>V:1	T:128,I:32,S:29,L:27,A:21,F:8,C:6,V:4,G:2,Y:2,M:1
87	T	S	9	0	1.016e-01	0.1713973	T>S:9,T>A:3,T>M:2,T>P:1,T>H:1	T:244,S:9,A:3,M:2,P:1,H:1
8	I	M	7	0	1.014e-01	0.1713973	I>V:30,I>M:7,I>T:4,I>L:4,I>A:3,V>I:2,M>T:1	I:191,V:46,M:9,L:6,T:5,A:3
8	I	A	3	0	1.015e-01	0.1713973	I>V:30,I>M:7,I>T:4,I>L:4,I>A:3,V>I:2,M>T:1	I:191,V:46,M:9,L:6,T:5,A:3
280	T	L	3	0	1.013e-01	0.1713973	T>M:14,T>V:9,T>I:6,I>V:5,V>M:5,T>L:3,V>T:3,V>I:2,I>F:1,M>T:1,V>A:1,V>L:1,M>V:1	T:182,M:29,V:25,I:15,L:5,F:3,A:1
125	T	L	3	0	1.009e-01	0.1713973	T>I:33,T>M:14,T>P:7,T>A:3,T>S:3,T>L:3,M>T:2,I>T:1,P>L:1,A>T:1,T>F:1,T>N:1,S>L:1,T>V:1,M>L:1	T:164,I:43,M:25,L:8,P:7,S:5,A:5,V:1,F:1,N:1
201	T	S	9	0	1.024e-01	0.1718567	T>A:11,T>S:9,T>M:5,A>T:1	T:214,A:32,S:9,M:5
324	T	L	3	0	1.024e-01	0.1718567	T>P:25,T>I:24,T>S:12,T>A:7,I>V:6,T>M:5,T>V:4,T>L:3,I>T:2,S>P:1,T>F:1,P>L:1,A>T:1,I>P:1,I>F:1,V>T:1,P>S:1	T:127,P:42,I:42,V:15,S:14,A:8,M:5,L:5,F:2
314	Q	S	2	0	1.022e-01	0.1718567	Q>L:18,Q>R:7,Q>H:6,L>T:2,Q>M:2,Q>S:2,T>A:1,Q>P:1,Q>K:1	Q:199,L:36,H:9,R:7,M:2,T:2,S:2,P:1,A:1,K:1
319	N	D	7	2	1.043e-01	0.1745109	N>S:20,N>H:13,N>D:7,N>K:5,N>Y:3,N>T:3,N>G:3,D>N:2,H>Y:2,H>C:1,T>I:1,H>P:1,N>P:1	N:166,S:27,H:20,K:12,D:11,T:7,Y:6,G:6,C:2,P:2,I:1
18	T	L	3	0	1.042e-01	0.1745109	T>S:10,T>A:7,T>L:3,T>I:3,T>V:2,S>T:2,T>M:1	T:224,S:16,A:7,L:6,I:3,V:2,M:2
239	M	T	14	0	1.050e-01	0.1753516	M>T:14,S>A:12,S>P:8,A>S:7,M>A:7,M>V:5,T>A:4,S>T:4,P>S:4,A>T:3,T>S:3,M>I:2,M>L:2,V>M:1,V>A:1,M>S:1,S>L:1,S>M:1,S>I:1,S>V:1,A>P:1	S:93,M:56,A:40,T:31,V:18,P:15,I:4,L:3
199	K	Q	4	0	1.052e-01	0.1753910	K>N:8,K>Q:4,N>S:2,N>H:1,K>E:1	K:238,N:12,Q:4,S:3,H:2,E:1
219	L	M	9	2	1.055e-01	0.1756694	L>M:9,L>F:5,L>I:4,M>L:2,F>L:1	L:228,M:14,F:12,I:6
335	L	M	9	10	1.061e-01	0.1763451	M>T:13,M>L:10,L>M:9,T>I:9,L>S:7,M>I:7,T>A:4,L>F:3,S>L:3,M>S:3,T>M:3,I>T:2,I>V:2,T>V:2,M>A:2,M>V:2,L>I:1,S>A:1,S>T:1,S>F:1,L>T:1,L>A:1,L>W:1,I>A:1,T>L:1,T>F:1	L:79,M:58,T:52,I:26,S:21,A:10,V:6,F:6,W:2
344	L	F	7	2	1.063e-01	0.1764201	L>P:11,L>I:8,L>F:7,L>T:7,S>P:5,L>H:3,L>M:3,L>A:3,I>T:2,S>L:2,L>S:2,L>R:2,F>L:2,H>Q:1,H>C:1,I>L:1,S>A:1,H>R:1,H>L:1,P>L:1,L>Y:1,F>Y:1,L>V:1,T>A:1,T>I:1	L:171,P:17,T:13,I:13,F:12,H:9,S:8,A:5,M:3,R:3,Y:2,Q:1,C:1,V:1,K:1
323	S	T	2	0	1.065e-01	0.1764201	N>S:46,N>T:7,N>H:6,N>D:4,S>P:4,N>K:3,S>N:3,S>T:2,N>R:2,N>P:2,N>Y:1,N>G:1,S>G:1,H>Y:1,N>A:1	N:149,S:67,T:12,H:8,P:6,Y:5,D:4,G:3,K:3,R:2,A:1
98	L	M	9	0	1.067e-01	0.1766159	L>M:9,L>F:2	L:243,M:15,F:2
343	I	M	7	0	1.071e-01	0.1766898	I>L:11,I>V:8,I>M:7,I>T:6,L>I:1	I:214,L:20,M:12,V:8,T:6
281	I	M	7	0	1.071e-01	0.1766898	I>T:20,I>A:10,I>L:9,I>V:8,I>M:7,T>A:3,M>V:2,M>T:2,A>M:1,A>V:1,T>I:1,T>V:1,L>I:1,L>F:1,I>S:1,I>G:1	I:160,T:28,L:23,A:19,M:15,V:12,G:1,F:1,S:1
40	V	I	9	15	1.078e-01	0.1775940	I>V:15,V>I:9,I>T:3,V>A:1	I:224,V:32,T:3,A:1
228	A	T	2	0	1.082e-01	0.1779442	S>P:17,S>T:14,S>A:5,A>T:2,S>M:1,A>V:1	S:206,T:23,P:22,A:5,M:2,V:1,N:1
79	W	L	3	0	1.089e-01	0.1786864	W>L:3,W>Q:2,W>S:1	W:247,Q:6,L:5,S:1,I:1
27	V	M	8	13	1.097e-01	0.1797402	V>I:24,M>V:13,I>V:13,V>M:8,V>A:8,M>I:4,M>A:3,I>A:2,V>T:1,M>T:1,I>L:1,A>T:1	I:98,V:77,M:63,A:16,T:5,L:1
46	K	Q	4	0	1.107e-01	0.1811825	K>Q:4,K>E:1,K>N:1	K:253,Q:4,N:2,E:1
154	L	M	9	0	1.114e-01	0.1820727	L>M:9,L>I:1,M>I:1	L:249,M:9,I:2
247	T	I	9	1	1.127e-01	0.1835326	T>A:25,T>I:9,T>V:9,A>T:3,T>S:3,I>T:1,V>M:1,V>I:1,V>A:1,I>V:1,T>M:1	T:190,A:33,V:20,I:11,S:4,M:2
322	T	I	9	0	1.127e-01	0.1835326	T>A:14,T>V:11,T>I:9,V>I:9,V>T:7,T>P:3,T>M:3,P>L:2,P>S:2,I>V:2,S>T:1,T>S:1,V>L:1	T:137,V:47,P:24,I:21,A:14,S:10,M:4,L:3
237	T	I	9	6	1.148e-01	0.1866733	T>A:32,T>S:10,T>I:9,T>M:6,I>T:6,T>N:3,M>T:2,A>T:2,I>M:1,I>A:1,I>V:1,M>I:1,M>V:1,M>A:1,T>K:1,A>M:1,I>N:1,I>F:1	T:140,A:48,I:29,S:17,M:12,N:7,V:5,K:1,F:1
322	I	V	2	9	1.184e-01	0.1922147	T>A:14,T>V:11,T>I:9,V>I:9,V>T:7,T>P:3,T>M:3,P>L:2,P>S:2,I>V:2,S>T:1,T>S:1,V>L:1	T:137,V:47,P:24,I:21,A:14,S:10,M:4,L:3
339	L	I	7	7	1.189e-01	0.1926926	I>M:9,L>I:7,I>L:7,I>A:6,I>V:4,I>T:3,L>M:2,L>V:1	L:152,I:82,M:11,A:7,V:5,T:3
271	I	V	2	0	1.197e-01	0.1931901	T>I:5,T>A:4,I>V:2,T>S:2,T>V:1	T:241,I:8,V:5,A:4,S:2
145	I	V	2	2	1.197e-01	0.1931901	T>V:4,T>S:4,V>I:2,I>V:2,T>I:1,T>A:1	T:237,V:12,S:5,I:4,A:1,M:1
222	I	V	2	0	1.194e-01	0.1931901	T>I:15,I>M:10,M>I:10,I>T:7,T>M:5,M>T:4,T>A:2,I>V:2,M>V:2,I>S:1,T>L:1,T>S:1,I>N:1,I>A:1	T:115,I:84,M:45,S:4,V:4,A:3,N:3,L:2
342	M	L	18	0	1.199e-01	0.1932006	M>L:18,M>T:11,M>I:5,M>A:3,M>V:2,M>S:1,I>L:1	M:202,L:32,T:15,I:5,A:3,V:2,S:1
242	A	M	3	0	1.203e-01	0.1933754	A>T:34,A>S:5,T>A:3,A>M:3,T>S:2,A>G:2,T>M:1	A:199,T:47,S:7,M:4,G:2,L:1
330	I	V	2	0	1.204e-01	0.1933754	T>A:29,T>I:10,T>S:8,I>T:4,T>V:4,A>T:2,T>M:2,I>V:2,S>T:1,T>L:1,V>A:1,V>T:1,I>M:1	T:162,A:46,I:20,S:15,V:13,M:3,L:1
28	M	L	18	2	1.206e-01	0.1934623	M>T:25,M>L:18,M>A:4,L>M:2,M>S:2,T>A:1	M:182,L:43,T:26,A:5,S:4
207	L	I	7	0	1.213e-01	0.1942392	L>I:7,L>V:3,V>I:2,L>M:2,L>F:1,V>A:1,M>T:1,V>T:1,L>T:1	L:238,I:11,V:4,T:3,M:2,F:1,A:1
70	I	M	3	0	1.228e-01	0.1962444	V>I:35,V>L:16,V>M:4,I>M:3,I>V:3,I>L:3,M>V:1,M>L:1	V:129,I:63,L:51,M:17
28	L	M	2	18	1.229e-01	0.1962444	M>T:25,M>L:18,M>A:4,L>M:2,M>S:2,T>A:1	M:182,L:43,T:26,A:5,S:4
162	V	I	2	0	1.238e-01	0.1973188	A>T:35,A>V:16,T>A:8,A>I:3,A>M:2,V>I:2,A>G:1,V>T:1,A>L:1,T>I:1	A:157,T:60,V:28,I:11,M:2,L:1,G:1
346	T	A	14	0	1.249e-01	0.1984684	T>I:18,I>T:18,T>A:14,T>S:10,I>A:10,T>M:4,I>L:4,M>L:3,I>V:3,T>L:1,T>V:1,I>P:1,A>S:1,I>N:1,I>M:1	I:122,T:63,A:26,M:21,S:14,L:8,V:4,N:1,P:1
147	H	N	6	0	1.249e-01	0.1984684	P>H:12,Q>P:10,Q>H:10,P>S:9,H>P:6,H>N:6,P>Q:4,H>Q:4,Q>K:2,P>Y:1,N>S:1,N>D:1,Q>S:1,Q>L:1,H>S:1,P>A:1	H:98,P:80,Q:45,S:13,K:9,N:8,L:4,A:1,Y:1,D:1
9	S	L	4	0	1.253e-01	0.1987747	S>F:10,S>T:9,S>L:4,T>M:2,C>S:2,F>C:2,S>C:1,M>L:1,M>V:1,T>I:1,C>F:1,T>C:1,F>L:1,T>A:1,S>V:1,S>A:1	F:140,S:77,T:12,L:12,C:6,M:4,I:3,A:3,V:3
246	L	V	3	0	1.266e-01	0.2005974	L>M:5,L>V:3,L>I:2,M>L:1,L>A:1,L>P:1	L:243,M:9,I:3,V:3,P:1,A:1
328	I	V	19	2	1.275e-01	0.2008199	I>V:19,I>T:17,I>A:5,I>M:5,I>L:4,T>A:3,T>P:2,M>T:2,I>P:2,V>I:2,T>I:2,M>V:1	I:184,T:27,V:24,A:10,M:6,P:4,L:4,S:1
314	Q	H	6	0	1.275e-01	0.2008199	Q>L:18,Q>R:7,Q>H:6,L>T:2,Q>M:2,Q>S:2,T>A:1,Q>P:1,Q>K:1	Q:199,L:36,H:9,R:7,M:2,T:2,S:2,P:1,A:1,K:1
96	L	V	3	0	1.271e-01	0.2008199	L>I:8,L>M:8,L>T:6,L>S:4,L>V:3,M>L:2,T>V:2,T>A:1,I>T:1,L>A:1,M>T:1	L:213,M:14,T:12,I:9,V:6,S:4,A:2
225	L	V	3	0	1.271e-01	0.2008199	L>T:14,L>M:8,L>S:8,M>T:4,L>F:3,L>V:3,M>V:1,I>T:1,L>I:1,L>P:1,L>H:1,L>A:1	L:203,T:26,M:10,S:9,V:5,F:3,A:1,H:1,I:1,P:1
347	I	V	19	7	1.280e-01	0.2011952	I>V:19,I>T:19,I>L:14,V>I:7,I>F:4,V>L:3,V>A:3,I>M:3,I>P:3,T>I:3,P>T:3,P>L:3,L>F:2,V>M:2,P>S:2,L>I:1,L>V:1,T>M:1,V>T:1,V>F:1,L>P:1,T>A:1,T>S:1,I>H:1,P>F:1,T>P:1	I:98,T:48,V:46,L:25,P:15,F:12,M:7,A:5,S:3,H:1
207	L	V	3	0	1.286e-01	0.2018700	L>I:7,L>V:3,V>I:2,L>M:2,L>F:1,V>A:1,M>T:1,V>T:1,L>T:1	L:238,I:11,V:4,T:3,M:2,F:1,A:1
322	T	A	14	0	1.291e-01	0.2023927	T>A:14,T>V:11,T>I:9,V>I:9,V>T:7,T>P:3,T>M:3,P>L:2,P>S:2,I>V:2,S>T:1,T>S:1,V>L:1	T:137,V:47,P:24,I:21,A:14,S:10,M:4,L:3
300	T	A	2	9	1.317e-01	0.2060621	A>T:9,A>S:6,S>A:4,T>A:2,S>T:1	S:117,A:106,T:37
347	V	I	7	19	1.389e-01	0.2171303	I>V:19,I>T:19,I>L:14,V>I:7,I>F:4,V>L:3,V>A:3,I>M:3,I>P:3,T>I:3,P>T:3,P>L:3,L>F:2,V>M:2,P>S:2,L>I:1,L>V:1,T>M:1,V>T:1,V>F:1,L>P:1,T>A:1,T>S:1,I>H:1,P>F:1,T>P:1	I:98,T:48,V:46,L:25,P:15,F:12,M:7,A:5,S:3,H:1
268	Q	E	3	0	1.395e-01	0.2176278	Q>E:3,Q>H:2,Y>F:1,S>Y:1,S>T:1,S>N:1,S>A:1,Q>S:1,Q>L:1	Q:246,E:3,Y:2,T:2,H:2,N:1,A:1,F:1,L:1,D:1
347	V	M	2	0	1.398e-01	0.2178254	I>V:19,I>T:19,I>L:14,V>I:7,I>F:4,V>L:3,V>A:3,I>M:3,I>P:3,T>I:3,P>T:3,P>L:3,L>F:2,V>M:2,P>S:2,L>I:1,L>V:1,T>M:1,V>T:1,V>F:1,L>P:1,T>A:1,T>S:1,I>H:1,P>F:1,T>P:1	I:98,T:48,V:46,L:25,P:15,F:12,M:7,A:5,S:3,H:1
320	K	T	3	0	1.403e-01	0.2182459	K>N:5,K>T:3,K>S:2,K>E:2,K>M:1	K:244,N:6,T:4,S:2,E:2,M:1,Q:1
247	A	T	3	25	1.406e-01	0.2183675	T>A:25,T>I:9,T>V:9,A>T:3,T>S:3,I>T:1,V>M:1,V>I:1,V>A:1,I>V:1,T>M:1	T:190,A:33,V:20,I:11,S:4,M:2
230	M	L	17	1	1.410e-01	0.2187860	M>L:17,M>T:5,M>I:4,M>V:2,I>V:1,M>A:1,L>M:1	L:150,M:89,I:10,T:7,V:3,A:1
155	T	S	8	2	1.415e-01	0.2192032	T>V:9,T>A:9,T>S:8,T>I:5,T>M:2,S>T:2	T:218,S:16,V:10,A:9,I:5,M:2
330	T	S	8	1	1.436e-01	0.2221375	T>A:29,T>I:10,T>S:8,I>T:4,T>V:4,A>T:2,T>M:2,I>V:2,S>T:1,T>L:1,V>A:1,V>T:1,I>M:1	T:162,A:46,I:20,S:15,V:13,M:3,L:1
342	M	A	3	0	1.449e-01	0.2237319	M>L:18,M>T:11,M>I:5,M>A:3,M>V:2,M>S:1,I>L:1	M:202,L:32,T:15,I:5,A:3,V:2,S:1
225	L	M	8	0	1.458e-01	0.2244730	L>T:14,L>M:8,L>S:8,M>T:4,L>F:3,L>V:3,M>V:1,I>T:1,L>I:1,L>P:1,L>H:1,L>A:1	L:203,T:26,M:10,S:9,V:5,F:3,A:1,H:1,I:1,P:1
226	K	T	3	0	1.457e-01	0.2244730	K>N:22,K>S:4,K>T:3,N>K:1	K:209,N:42,S:6,T:3
65	T	M	2	0	1.471e-01	0.2261306	A>T:43,T>A:10,A>S:6,A>V:2,T>M:2,T>V:1	A:152,T:88,S:15,V:3,M:2
217	L	M	8	1	1.482e-01	0.2274891	L>M:8,L>F:2,F>L:2,M>L:1,L>I:1,F>S:1	L:237,M:15,F:6,I:1,S:1
151	P	Q	2	0	1.485e-01	0.2276690	P>S:14,P>H:7,P>T:5,P>Q:2,P>A:1,H>Y:1,P>C:1	P:224,S:15,H:7,T:7,Y:2,Q:2,A:1,C:1,F:1
187	L	M	8	0	1.492e-01	0.2281003	L>M:8	L:248,M:12
96	L	M	8	2	1.492e-01	0.2281003	L>I:8,L>M:8,L>T:6,L>S:4,L>V:3,M>L:2,T>V:2,T>A:1,I>T:1,L>A:1,M>T:1	L:213,M:14,T:12,I:9,V:6,S:4,A:2
242	T	S	2	0	1.502e-01	0.2292591	A>T:34,A>S:5,T>A:3,A>M:3,T>S:2,A>G:2,T>M:1	A:199,T:47,S:7,M:4,G:2,L:1
327	T	S	2	0	1.504e-01	0.2292591	A>S:7,A>P:7,A>T:2,A>G:2,T>S:2,P>S:1,S>P:1	A:218,T:15,S:12,P:12,G:2,N:1
283	T	S	2	0	1.521e-01	0.2315487	A>T:19,S>A:10,A>S:7,T>S:2,A>I:2,T>A:1,A>V:1	S:124,A:98,T:34,I:2,V:1,L:1
192	V	I	6	14	1.534e-01	0.2331766	I>V:14,V>I:6,I>A:6,V>A:5,V>M:4,I>M:3,I>L:2,A>T:1,V>L:1,I>S:1,A>M:1	I:205,V:25,A:15,M:10,L:3,S:1,T:1
11	L	F	6	0	1.537e-01	0.2332737	T>I:16,T>A:10,L>T:9,T>L:8,I>T:8,L>M:7,L>F:6,T>S:6,M>T:4,L>A:3,M>L:3,M>I:3,I>A:3,I>F:3,L>I:2,M>V:2,M>A:2,T>F:2,I>L:2,T>V:2,I>M:2,T>M:2,L>V:1,I>V:1,I>S:1,L>S:1,S>L:1,M>S:1	L:92,T:58,I:41,M:20,A:18,F:14,S:11,V:6
140	T	I	8	0	1.542e-01	0.2335882	T>A:26,T>S:11,T>I:8,T>V:6,I>V:1	T:201,A:30,S:12,I:10,V:7
244	L	F	6	0	1.544e-01	0.2336120	L>F:6,L>M:4,V>M:2,V>I:1,L>V:1,L>S:1	L:244,F:6,M:6,V:2,I:1,S:1
43	L	F	6	0	1.550e-01	0.2341422	L>M:16,L>F:6,L>I:1	L:226,M:20,F:13,I:1
139	I	L	9	0	1.565e-01	0.2361159	I>M:15,I>T:11,I>L:9,M>I:5,M>L:3,I>F:1,T>A:1,I>V:1,M>F:1	I:169,L:32,M:31,T:24,F:2,A:1,V:1
281	I	L	9	1	1.567e-01	0.2361359	I>T:20,I>A:10,I>L:9,I>V:8,I>M:7,T>A:3,M>V:2,M>T:2,A>M:1,A>V:1,T>I:1,T>V:1,L>I:1,L>F:1,I>S:1,I>G:1	I:160,T:28,L:23,A:19,M:15,V:12,G:1,F:1,S:1
162	A	I	3	0	1.571e-01	0.2363720	A>T:35,A>V:16,T>A:8,A>I:3,A>M:2,V>I:2,A>G:1,V>T:1,A>L:1,T>I:1	A:157,T:60,V:28,I:11,M:2,L:1,G:1
160	A	I	3	1	1.587e-01	0.2384058	A>T:14,A>S:7,L>M:5,A>L:4,L>S:4,A>I:3,S>L:2,A>M:2,L>F:2,I>A:1,S>T:1,T>I:1,T>S:1,A>G:1,M>L:1,M>T:1,T>M:1,T>V:1,L>I:1,A>F:1	L:109,A:90,T:18,S:17,M:13,I:8,F:3,G:1,V:1
93	T	I	8	1	1.604e-01	0.2405776	T>V:22,T>A:16,T>M:10,T>L:9,T>I:8,T>P:5,V>L:3,I>L:1,V>M:1,I>V:1,T>S:1,P>L:1,V>I:1,T>E:1,M>T:1,I>T:1	T:162,V:29,A:17,L:15,M:13,I:11,P:11,E:1,S:1
15	L	T	2	0	1.620e-01	0.2426713	L>M:14,L>T:2,T>A:2,M>L:1,T>M:1,V>T:1,L>V:1,L>I:1,L>S:1	L:232,M:18,T:4,A:2,I:2,V:1,S:1
242	T	A	3	34	1.632e-01	0.2441144	A>T:34,A>S:5,T>A:3,A>M:3,T>S:2,A>G:2,T>M:1	A:199,T:47,S:7,M:4,G:2,L:1
210	L	T	2	0	1.636e-01	0.2444089	L>M:20,L>I:12,M>V:11,M>L:10,L>V:7,I>T:3,L>T:2,L>A:2,L>F:1,V>I:1,I>V:1	L:160,M:45,I:26,V:21,T:5,A:2,F:1
10	L	T	2	0	1.640e-01	0.2446311	T>I:21,S>T:13,T>A:13,I>T:10,T>S:5,T>V:4,S>L:4,S>Y:4,I>A:4,S>I:3,I>L:3,L>T:2,T>M:2,S>A:2,S>C:2,A>T:2,I>V:2,L>M:1,V>A:1,V>T:1,V>I:1,S>G:1,S>F:1,C>Y:1,S>V:1,A>V:1,I>F:1,I>M:1,I>S:1	T:87,I:54,S:30,A:24,L:20,Y:20,V:15,M:5,F:2,C:2,G:1
261	L	T	2	0	1.647e-01	0.2452807	L>M:12,L>T:2,L>I:2,M>L:1,M>A:1,L>F:1	L:221,M:33,I:2,T:2,F:1,A:1
327	A	S	7	0	1.678e-01	0.2495607	A>S:7,A>P:7,A>T:2,A>G:2,T>S:2,P>S:1,S>P:1	A:218,T:15,S:12,P:12,G:2,N:1
13	L	I	6	0	1.680e-01	0.2495613	L>I:6,I>M:1,L>P:1	L:243,I:14,M:2,P:1
283	A	S	7	10	1.695e-01	0.2514084	A>T:19,S>A:10,A>S:7,T>S:2,A>I:2,T>A:1,A>V:1	S:124,A:98,T:34,I:2,V:1,L:1
203	L	I	6	2	1.715e-01	0.2540304	L>I:6,L>M:3,L>V:2,I>L:2,M>V:1,I>T:1	L:235,I:13,M:7,V:4,T:1
160	A	S	7	0	1.732e-01	0.2561492	A>T:14,A>S:7,L>M:5,A>L:4,L>S:4,A>I:3,S>L:2,A>M:2,L>F:2,I>A:1,S>T:1,T>I:1,T>S:1,A>G:1,M>L:1,M>T:1,T>M:1,T>V:1,L>I:1,A>F:1	L:109,A:90,T:18,S:17,M:13,I:8,F:3,G:1,V:1
311	H	Y	10	1	1.775e-01	0.2620637	H>Y:10,H>F:2,H>N:2,Y>F:2,H>Q:2,H>S:2,F>L:1,H>R:1,N>T:1,S>F:1,H>K:1,Y>H:1	H:215,Y:17,K:8,F:8,Q:3,N:2,T:2,S:2,R:2,L:1
274	E	D	5	11	1.777e-01	0.2620637	D>E:11,E>G:8,E>D:5,D>G:5,D>S:4,D>N:4,E>Q:1,E>N:1,D>H:1,E>T:1	E:159,D:72,G:14,S:6,N:5,H:2,Q:1,T:1
283	A	T	19	1	1.800e-01	0.2650085	A>T:19,S>A:10,A>S:7,T>S:2,A>I:2,T>A:1,A>V:1	S:124,A:98,T:34,I:2,V:1,L:1
24	N	S	11	0	1.807e-01	0.2653881	N>S:11,N>T:3,N>H:3	N:238,S:11,T:7,H:4
312	M	I	8	0	1.807e-01	0.2653881	M>I:8,M>T:4,M>A:1	M:244,I:10,T:4,A:1,Q:1
24	N	H	3	0	1.824e-01	0.2674029	N>S:11,N>T:3,N>H:3	N:238,S:11,T:7,H:4
278	T	V	3	0	1.831e-01	0.2681499	A>T:36,T>A:19,T>M:10,A>M:5,T>V:3,T>I:3,A>V:3,T>L:2,A>P:2,A>S:2,T>S:1	A:122,T:98,M:21,V:7,I:4,L:3,S:3,P:2
156	T	V	3	0	1.850e-01	0.2705053	T>I:24,T>S:20,T>A:15,T>L:14,T>F:5,T>V:3,I>T:3,L>F:2,S>L:2,C>S:2,T>C:2,L>I:1,A>T:1,L>T:1,I>L:1,T>M:1,C>G:1,F>Y:1,F>L:1,F>I:1,C>F:1,C>L:1,T>G:1,T>Y:1,I>V:1	T:128,I:32,S:29,L:27,A:21,F:8,C:6,V:4,G:2,Y:2,M:1
243	T	V	3	0	1.876e-01	0.2739729	T>A:16,M>T:7,T>S:6,I>M:5,T>M:4,T>I:4,M>A:4,T>V:3,M>I:3,I>V:3,T>F:1,S>T:1,M>V:1,M>F:1	T:111,M:72,I:31,A:21,S:15,V:7,F:2,L:1
70	I	L	3	0	1.884e-01	0.2747075	V>I:35,V>L:16,V>M:4,I>M:3,I>V:3,I>L:3,M>V:1,M>L:1	V:129,I:63,L:51,M:17
76	T	N	2	0	1.903e-01	0.2771136	T>I:18,I>T:10,T>M:6,T>S:4,I>V:3,T>N:2,S>I:1,S>T:1,T>V:1,T>L:1,I>M:1	T:171,I:60,S:13,M:7,V:4,N:3,L:2
317	V	I	5	7	1.906e-01	0.2771455	T>I:25,I>T:21,T>V:9,I>V:7,T>N:7,V>I:5,T>P:3,T>A:3,T>S:3,I>L:2,L>F:2,S>N:2,T>K:1,I>F:1,I>M:1,I>N:1,T>F:1,N>S:1,N>H:1,T>L:1,T>M:1	T:135,I:69,V:17,N:11,S:7,F:5,L:5,P:3,A:3,K:2,M:2,H:1
344	L	S	2	2	1.920e-01	0.2784589	L>P:11,L>I:8,L>F:7,L>T:7,S>P:5,L>H:3,L>M:3,L>A:3,I>T:2,S>L:2,L>S:2,L>R:2,F>L:2,H>Q:1,H>C:1,I>L:1,S>A:1,H>R:1,H>L:1,P>L:1,L>Y:1,F>Y:1,L>V:1,T>A:1,T>I:1	L:171,P:17,T:13,I:13,F:12,H:9,S:8,A:5,M:3,R:3,Y:2,Q:1,C:1,V:1,K:1
336	L	S	2	0	1.920e-01	0.2784589	L>I:4,L>M:4,I>T:2,L>S:2,L>T:1,T>A:1	L:243,I:7,M:4,T:3,S:2,A:1
11	L	M	7	3	1.945e-01	0.2811760	T>I:16,T>A:10,L>T:9,T>L:8,I>T:8,L>M:7,L>F:6,T>S:6,M>T:4,L>A:3,M>L:3,M>I:3,I>A:3,I>F:3,L>I:2,M>V:2,M>A:2,T>F:2,I>L:2,T>V:2,I>M:2,T>M:2,L>V:1,I>V:1,I>S:1,L>S:1,S>L:1,M>S:1	L:92,T:58,I:41,M:20,A:18,F:14,S:11,V:6
80	A	V	5	1	1.944e-01	0.2811760	H>Y:16,S>F:9,H>Q:9,S>H:8,S>A:7,A>V:5,A>S:5,F>S:4,H>C:4,A>T:3,S>L:3,F>L:3,S>T:3,S>Y:3,H>S:3,Y>H:3,H>D:2,Y>F:2,N>S:1,N>D:1,Y>S:1,N>Y:1,A>N:1,A>M:1,V>A:1,A>F:1,S>I:1,F>I:1,S>V:1,S>M:1,F>C:1,F>T:1,H>A:1,Y>C:1,H>E:1,Y>V:1,F>Y:1,F>H:1,S>K:1	H:80,S:42,F:35,Y:29,A:21,Q:10,T:9,L:9,V:8,C:6,D:3,M:2,I:2,N:2,E:1,K:1
321	T	N	2	0	1.947e-01	0.2811760	P>S:21,P>T:8,T>S:6,T>A:5,T>P:5,P>L:4,P>Q:3,S>T:3,T>N:2,P>K:2,P>R:2,T>H:1,S>P:1,N>K:1,T>L:1,P>N:1,P>A:1	P:166,S:35,T:29,A:6,K:6,N:5,L:5,Q:4,R:2,H:2
309	T	S	7	0	1.952e-01	0.2815473	T>S:7,T>A:7,T>I:5,T>V:4,T>M:4,A>T:1,T>L:1,I>T:1,T>N:1	T:195,S:35,A:12,I:8,M:4,V:4,N:1,L:1
144	M	L	15	15	1.971e-01	0.2837795	M>L:15,L>M:15,L>Q:1,M>I:1,L>F:1,L>I:1	M:159,L:96,I:3,F:1,Q:1
229	T	S	7	0	1.980e-01	0.2846971	T>M:9,T>S:7,T>A:2,M>T:1,T>V:1	T:230,M:15,S:11,A:2,V:1,N:1
224	T	S	7	0	1.989e-01	0.2854946	T>A:18,V>A:11,A>V:10,A>T:8,T>S:7,T>V:5,T>I:5,V>T:3,V>I:2,I>T:2,A>I:1	T:99,A:74,V:63,I:13,S:11
330	A	T	2	29	1.991e-01	0.2854946	T>A:29,T>I:10,T>S:8,I>T:4,T>V:4,A>T:2,T>M:2,I>V:2,S>T:1,T>L:1,V>A:1,V>T:1,I>M:1	T:162,A:46,I:20,S:15,V:13,M:3,L:1
342	M	T	11	0	2.002e-01	0.2867490	M>L:18,M>T:11,M>I:5,M>A:3,M>V:2,M>S:1,I>L:1	M:202,L:32,T:15,I:5,A:3,V:2,S:1
196	Y	F	8	0	2.022e-01	0.2891642	Y>F:8,Y>H:4	Y:247,F:9,H:4
211	M	T	11	0	2.033e-01	0.2897542	M>I:13,M>T:11,M>L:8,M>V:3	M:207,T:21,I:18,L:11,V:3
22	S	T	10	0	2.034e-01	0.2897542	S>T:10	S:245,T:15
237	A	T	2	32	2.032e-01	0.2897542	T>A:32,T>S:10,T>I:9,T>M:6,I>T:6,T>N:3,M>T:2,A>T:2,I>M:1,I>A:1,I>V:1,M>I:1,M>V:1,M>A:1,T>K:1,A>M:1,I>N:1,I>F:1	T:140,A:48,I:29,S:17,M:12,N:7,V:5,K:1,F:1
267	I	L	8	0	2.043e-01	0.2905855	I>L:8,I>V:3,I>T:3	I:233,L:21,V:3,T:3
86	I	L	8	0	2.049e-01	0.2910745	I>L:8,I>V:1	I:250,L:9,V:1
311	H	S	2	0	2.101e-01	0.2980836	H>Y:10,H>F:2,H>N:2,Y>F:2,H>Q:2,H>S:2,F>L:1,H>R:1,N>T:1,S>F:1,H>K:1,Y>H:1	H:215,Y:17,K:8,F:8,Q:3,N:2,T:2,S:2,R:2,L:1
91	H	S	2	0	2.142e-01	0.3034454	H>N:20,H>Q:3,H>Y:3,H>S:2,H>C:2,H>T:1,Q>H:1,N>T:1,C>Y:1,C>S:1,H>L:1,H>D:1	H:195,N:36,Q:11,C:7,Y:4,S:3,T:2,D:1,L:1
257	L	F	5	0	2.175e-01	0.3076411	L>M:11,L>F:5,L>T:1	L:240,M:14,F:5,T:1
194	I	T	8	1	2.183e-01	0.3083749	I>L:33,I>V:15,I>T:8,I>M:2,T>I:1,V>M:1,L>I:1,I>A:1	I:167,L:63,V:17,T:9,M:3,A:1
331	S	A	6	0	2.198e-01	0.3097018	S>A:6,T>A:6,T>V:6,S>T:5,T>I:5,T>S:4,A>T:3,T>M:2,A>V:1,S>V:1,S>L:1	T:120,S:106,A:16,V:8,I:5,M:3,L:2
282	I	A	2	0	2.197e-01	0.3097018	I>M:19,I>L:7,I>A:2,I>T:1,I>V:1,M>I:1,I>F:1	I:220,M:26,L:9,A:2,F:1,T:1,V:1
219	L	F	5	1	2.204e-01	0.3100930	L>M:9,L>F:5,L>I:4,M>L:2,F>L:1	L:228,M:14,F:12,I:6
326	I	A	2	0	2.212e-01	0.3107523	I>V:24,I>T:18,T>I:3,I>L:2,I>A:2,V>I:2,V>M:1,T>V:1,T>A:1,T>K:1	I:145,T:69,V:37,L:4,A:3,M:1,K:1
323	N	K	3	0	2.218e-01	0.3112082	N>S:46,N>T:7,N>H:6,N>D:4,S>P:4,N>K:3,S>N:3,S>T:2,N>R:2,N>P:2,N>Y:1,N>G:1,S>G:1,H>Y:1,N>A:1	N:149,S:67,T:12,H:8,P:6,Y:5,D:4,G:3,K:3,R:2,A:1
100	T	L	2	0	2.222e-01	0.3113274	T>A:25,A>T:10,A>S:7,T>M:5,T>V:5,S>A:4,T>I:3,A>M:2,T>S:2,M>T:2,A>V:2,T>L:2,I>V:1	T:82,A:80,S:64,M:14,V:13,I:4,L:3
320	K	N	5	0	2.231e-01	0.3121002	K>N:5,K>T:3,K>S:2,K>E:2,K>M:1	K:244,N:6,T:4,S:2,E:2,M:1,Q:1
278	T	L	2	0	2.233e-01	0.3121002	A>T:36,T>A:19,T>M:10,A>M:5,T>V:3,T>I:3,A>V:3,T>L:2,A>P:2,A>S:2,T>S:1	A:122,T:98,M:21,V:7,I:4,L:3,S:3,P:2
6	K	N	5	0	2.237e-01	0.3122177	K>T:9,K>N:5,K>M:4,N>S:2,T>M:1,T>S:1,N>T:1	K:220,T:17,N:10,S:6,M:6,Q:1
334	V	I	4	9	2.265e-01	0.3156725	I>T:24,I>L:16,I>V:9,I>A:6,T>I:5,T>A:5,I>M:4,V>I:4,I>S:3,L>I:3,A>T:2,T>V:1,M>V:1,T>M:1	I:131,T:55,L:29,V:22,A:14,M:5,S:4
21	I	M	5	0	2.281e-01	0.3175181	I>T:7,I>L:7,I>V:6,I>M:5,M>V:1	I:224,M:13,L:9,V:7,T:7
5	T	A	2	15	2.287e-01	0.3178942	A>T:15,T>A:2,A>G:1	A:221,T:37,G:1,F:1
52	A	S	6	0	2.293e-01	0.3182693	A>S:6,A>T:1	A:249,S:10,T:1
65	A	S	6	0	2.339e-01	0.3232649	A>T:43,T>A:10,A>S:6,A>V:2,T>M:2,T>V:1	A:152,T:88,S:15,V:3,M:2
39	A	S	6	0	2.337e-01	0.3232649	A>S:6,A>T:1	A:251,S:7,T:1,V:1
328	I	M	5	0	2.333e-01	0.3232649	I>V:19,I>T:17,I>A:5,I>M:5,I>L:4,T>A:3,T>P:2,M>T:2,I>P:2,V>I:2,T>I:2,M>V:1	I:184,T:27,V:24,A:10,M:6,P:4,L:4,S:1
56	T	A	2	24	2.341e-01	0.3232649	A>T:24,A>S:9,T>A:2,S>T:1,T>M:1,S>A:1	A:178,T:53,S:28,M:1
201	T	A	11	1	2.357e-01	0.3250175	T>A:11,T>S:9,T>M:5,A>T:1	T:214,A:32,S:9,M:5
194	I	V	15	0	2.384e-01	0.3284144	I>L:33,I>V:15,I>T:8,I>M:2,T>I:1,V>M:1,L>I:1,I>A:1	I:167,L:63,V:17,T:9,M:3,A:1
159	I	V	15	0	2.396e-01	0.3296285	I>L:22,I>V:15,L>I:1,I>M:1	I:207,L:37,V:15,M:1
40	I	V	15	9	2.417e-01	0.3319158	I>V:15,V>I:9,I>T:3,V>A:1	I:224,V:32,T:3,A:1
284	M	I	7	0	2.419e-01	0.3319158	M>L:12,M>I:7,L>M:6,M>T:5,L>I:5,M>V:1,I>V:1,I>L:1,T>I:1	L:141,M:95,I:14,T:8,V:2
27	V	I	24	13	2.434e-01	0.3335142	V>I:24,M>V:13,I>V:13,V>M:8,V>A:8,M>I:4,M>A:3,I>A:2,V>T:1,M>T:1,I>L:1,A>T:1	I:98,V:77,M:63,A:16,T:5,L:1
115	F	Y	4	0	2.451e-01	0.3353706	F>Y:4,F>L:2,Y>L:1,F>I:1	F:249,Y:6,L:3,I:1,V:1
76	T	M	6	0	2.462e-01	0.3364368	T>I:18,I>T:10,T>M:6,T>S:4,I>V:3,T>N:2,S>I:1,S>T:1,T>V:1,T>L:1,I>M:1	T:171,I:60,S:13,M:7,V:4,N:3,L:2
242	A	G	2	0	2.477e-01	0.3380884	A>T:34,A>S:5,T>A:3,A>M:3,T>S:2,A>G:2,T>M:1	A:199,T:47,S:7,M:4,G:2,L:1
237	T	M	6	2	2.492e-01	0.3396051	T>A:32,T>S:10,T>I:9,T>M:6,I>T:6,T>N:3,M>T:2,A>T:2,I>M:1,I>A:1,I>V:1,M>I:1,M>V:1,M>A:1,T>K:1,A>M:1,I>N:1,I>F:1	T:140,A:48,I:29,S:17,M:12,N:7,V:5,K:1,F:1
9	S	T	9	0	2.528e-01	0.3436684	S>F:10,S>T:9,S>L:4,T>M:2,C>S:2,F>C:2,S>C:1,M>L:1,M>V:1,T>I:1,C>F:1,T>C:1,F>L:1,T>A:1,S>V:1,S>A:1	F:140,S:77,T:12,L:12,C:6,M:4,I:3,A:3,V:3
327	A	G	2	0	2.527e-01	0.3436684	A>S:7,A>P:7,A>T:2,A>G:2,T>S:2,P>S:1,S>P:1	A:218,T:15,S:12,P:12,G:2,N:1
308	S	T	9	0	2.537e-01	0.3444568	S>T:9,S>P:8,P>S:3,P>L:1,S>C:1,T>I:1,S>F:1	T:129,S:99,P:26,C:2,L:2,F:1,I:1
333	S	T	9	0	2.542e-01	0.3446588	S>T:9,S>C:1,T>A:1,S>A:1	S:243,T:13,A:3,C:1
203	L	V	2	0	2.577e-01	0.3490105	L>I:6,L>M:3,L>V:2,I>L:2,M>V:1,I>T:1	L:235,I:13,M:7,V:4,T:1
160	A	M	2	0	2.583e-01	0.3493356	A>T:14,A>S:7,L>M:5,A>L:4,L>S:4,A>I:3,S>L:2,A>M:2,L>F:2,I>A:1,S>T:1,T>I:1,T>S:1,A>G:1,M>L:1,M>T:1,T>M:1,T>V:1,L>I:1,A>F:1	L:109,A:90,T:18,S:17,M:13,I:8,F:3,G:1,V:1
282	I	L	7	0	2.592e-01	0.3495957	I>M:19,I>L:7,I>A:2,I>T:1,I>V:1,M>I:1,I>F:1	I:220,M:26,L:9,A:2,F:1,T:1,V:1
21	I	L	7	0	2.592e-01	0.3495957	I>T:7,I>L:7,I>V:6,I>M:5,M>V:1	I:224,M:13,L:9,V:7,T:7
128	L	M	6	0	2.603e-01	0.3506929	L>M:6	L:249,M:10,I:1
119	L	M	6	0	2.617e-01	0.3518469	L>M:6,L>S:1	L:247,M:10,S:2,I:1
297	A	M	2	0	2.622e-01	0.3518469	A>T:14,A>V:3,A>M:2,A>S:1	A:237,T:16,V:3,M:2,S:1,W:1
162	A	M	2	0	2.621e-01	0.3518469	A>T:35,A>V:16,T>A:8,A>I:3,A>M:2,V>I:2,A>G:1,V>T:1,A>L:1,T>I:1	A:157,T:60,V:28,I:11,M:2,L:1,G:1
7	L	V	2	0	2.648e-01	0.3548611	L>M:5,L>F:4,L>V:2,L>P:1,L>S:1	L:238,P:9,M:5,F:5,V:2,S:1
243	T	S	6	1	2.655e-01	0.3553035	T>A:16,M>T:7,T>S:6,I>M:5,T>M:4,T>I:4,M>A:4,T>V:3,M>I:3,I>V:3,T>F:1,S>T:1,M>V:1,M>F:1	T:111,M:72,I:31,A:21,S:15,V:7,F:2,L:1
321	T	S	6	3	2.699e-01	0.3608022	P>S:21,P>T:8,T>S:6,T>A:5,T>P:5,P>L:4,P>Q:3,S>T:3,T>N:2,P>K:2,P>R:2,T>H:1,S>P:1,N>K:1,T>L:1,P>N:1,P>A:1	P:166,S:35,T:29,A:6,K:6,N:5,L:5,Q:4,R:2,H:2
276	T	A	10	10	2.749e-01	0.3670540	T>A:10,A>T:10,A>I:8,A>V:6,T>S:3,T>V:1,A>S:1	T:133,A:101,I:12,S:7,V:7
21	I	T	7	0	2.764e-01	0.3680308	I>T:7,I>L:7,I>V:6,I>M:5,M>V:1	I:224,M:13,L:9,V:7,T:7
215	V	T	4	0	2.763e-01	0.3680308	V>I:15,V>A:4,V>T:4,I>V:2,V>M:1,I>T:1,T>A:1,V>L:1	V:192,I:47,T:14,A:5,L:1,M:1
147	H	Q	4	10	2.790e-01	0.3707838	P>H:12,Q>P:10,Q>H:10,P>S:9,H>P:6,H>N:6,P>Q:4,H>Q:4,Q>K:2,P>Y:1,N>S:1,N>D:1,Q>S:1,Q>L:1,H>S:1,P>A:1	H:98,P:80,Q:45,S:13,K:9,N:8,L:4,A:1,Y:1,D:1
109	V	T	4	0	2.792e-01	0.3707838	V>A:32,A>V:4,V>T:4,T>A:2,A>T:1	V:203,A:47,T:10
192	I	V	14	6	2.802e-01	0.3712750	I>V:14,V>I:6,I>A:6,V>A:5,V>M:4,I>M:3,I>L:2,A>T:1,V>L:1,I>S:1,A>M:1	I:205,V:25,A:15,M:10,L:3,S:1,T:1
213	T	A	10	38	2.803e-01	0.3712750	A>T:38,A>S:13,T>A:10,T>S:4,A>I:4,T>I:3,S>T:3,A>M:2,T>V:1,A>G:1,I>V:1,I>T:1,A>L:1,S>A:1,T>M:1	A:127,T:72,S:37,I:17,M:3,V:2,G:1,L:1
143	F	I	2	0	2.806e-01	0.3712750	Y>F:25,F>L:22,F>Y:12,Y>L:4,L>I:3,F>I:2,L>V:2,L>F:2,F>S:2,F>T:2,I>V:1,T>S:1,I>T:1,F>A:1,F>V:1,Y>T:1	F:109,Y:69,L:58,I:9,S:6,T:4,V:4,A:1
280	T	I	6	0	2.820e-01	0.3727037	T>M:14,T>V:9,T>I:6,I>V:5,V>M:5,T>L:3,V>T:3,V>I:2,I>F:1,M>T:1,V>A:1,V>L:1,M>V:1	T:182,M:29,V:25,I:15,L:5,F:3,A:1
277	T	A	10	0	2.825e-01	0.3728014	T>P:15,P>S:14,T>A:10,P>T:10,P>L:8,T>V:7,T>S:4,T>I:4,T>M:2,S>P:2,P>V:2,L>M:2,A>V:1,V>L:1,S>A:1,I>V:1,V>I:1,V>A:1,T>L:1,S>M:1,P>A:1,S>L:1,P>I:1,P>M:1	P:139,T:49,S:20,V:14,A:13,L:12,M:6,I:6,W:1
239	M	V	5	1	2.858e-01	0.3767496	M>T:14,S>A:12,S>P:8,A>S:7,M>A:7,M>V:5,T>A:4,S>T:4,P>S:4,A>T:3,T>S:3,M>I:2,M>L:2,V>M:1,V>A:1,M>S:1,S>L:1,S>M:1,S>I:1,S>V:1,A>P:1	S:93,M:56,A:40,T:31,V:18,P:15,I:4,L:3
152	T	I	6	0	2.883e-01	0.3794900	T>A:19,T>S:12,T>I:6,T>P:5,T>M:4,T>L:4,A>S:2,T>V:2,T>N:1,P>H:1,L>S:1,T>E:1,T>H:1	T:182,A:25,S:18,L:9,I:6,P:6,M:6,N:2,H:2,V:2,E:2
29	A	I	2	0	2.894e-01	0.3804604	A>I:2,A>T:1,A>M:1,A>V:1	A:254,I:2,M:2,T:1,V:1
283	A	I	2	0	2.913e-01	0.3825603	A>T:19,S>A:10,A>S:7,T>S:2,A>I:2,T>A:1,A>V:1	S:124,A:98,T:34,I:2,V:1,L:1
5	A	T	15	2	2.938e-01	0.3848624	A>T:15,T>A:2,A>G:1	A:221,T:37,G:1,F:1
68	A	I	2	0	2.938e-01	0.3848624	A>T:42,T>A:8,A>I:2,T>P:1,A>M:1	A:150,T:106,I:2,P:1,M:1
122	S	A	5	0	2.948e-01	0.3856958	S>T:17,S>A:5,C>S:1,S>C:1	S:224,T:23,A:6,C:6,M:1
228	S	A	5	0	2.979e-01	0.3892179	S>P:17,S>T:14,S>A:5,A>T:2,S>M:1,A>V:1	S:206,T:23,P:22,A:5,M:2,V:1,N:1
340	S	T	8	0	3.050e-01	0.3979809	S>A:11,S>T:8	S:235,A:16,T:9
284	M	L	12	6	3.081e-01	0.4015413	M>L:12,M>I:7,L>M:6,M>T:5,L>I:5,M>V:1,I>V:1,I>L:1,T>I:1	L:141,M:95,I:14,T:8,V:2
242	A	S	5	0	3.092e-01	0.4020355	A>T:34,A>S:5,T>A:3,A>M:3,T>S:2,A>G:2,T>M:1	A:199,T:47,S:7,M:4,G:2,L:1
272	K	N	4	0	3.091e-01	0.4020355	K>N:4,I>T:1,N>I:1,K>M:1	K:244,N:9,I:4,M:1,T:1,A:1
7	L	F	4	0	3.099e-01	0.4024061	L>M:5,L>F:4,L>V:2,L>P:1,L>S:1	L:238,P:9,M:5,F:5,V:2,S:1
123	S	T	8	0	3.136e-01	0.4067507	S>P:24,P>S:10,S>T:8,P>T:2,P>H:1,S>H:1	S:131,P:113,T:13,H:2,A:1
80	A	S	5	7	3.153e-01	0.4074062	H>Y:16,S>F:9,H>Q:9,S>H:8,S>A:7,A>V:5,A>S:5,F>S:4,H>C:4,A>T:3,S>L:3,F>L:3,S>T:3,S>Y:3,H>S:3,Y>H:3,H>D:2,Y>F:2,N>S:1,N>D:1,Y>S:1,N>Y:1,A>N:1,A>M:1,V>A:1,A>F:1,S>I:1,F>I:1,S>V:1,S>M:1,F>C:1,F>T:1,H>A:1,Y>C:1,H>E:1,Y>V:1,F>Y:1,F>H:1,S>K:1	H:80,S:42,F:35,Y:29,A:21,Q:10,T:9,L:9,V:8,C:6,D:3,M:2,I:2,N:2,E:1,K:1
323	N	D	4	0	3.147e-01	0.4074062	N>S:46,N>T:7,N>H:6,N>D:4,S>P:4,N>K:3,S>N:3,S>T:2,N>R:2,N>P:2,N>Y:1,N>G:1,S>G:1,H>Y:1,N>A:1	N:149,S:67,T:12,H:8,P:6,Y:5,D:4,G:3,K:3,R:2,A:1
320	K	E	2	0	3.149e-01	0.4074062	K>N:5,K>T:3,K>S:2,K>E:2,K>M:1	K:244,N:6,T:4,S:2,E:2,M:1,Q:1
193	I	V	13	1	3.198e-01	0.4127120	I>V:13,V>I:1,I>T:1	I:244,V:15,T:1
206	Y	F	6	0	3.205e-01	0.4130666	Y>F:6,Y>C:5,Y>L:5,C>S:1,I>A:1,T>A:1,I>T:1,L>I:1	Y:231,C:8,L:7,F:6,I:3,T:2,A:2,S:1
70	I	V	3	35	3.227e-01	0.4154548	V>I:35,V>L:16,V>M:4,I>M:3,I>V:3,I>L:3,M>V:1,M>L:1	V:129,I:63,L:51,M:17
325	L	I	4	0	3.252e-01	0.4180834	L>S:16,L>P:15,L>M:14,S>L:7,S>T:6,L>I:4,M>T:4,L>T:4,L>F:3,S>P:3,P>L:2,P>T:2,P>S:2,S>M:2,S>A:2,L>Y:1,S>F:1,L>H:1,S>Q:1,P>Q:1,I>T:1,Q>S:1,Q>K:1,L>Q:1,T>S:1,T>M:1,L>W:1	L:100,S:46,P:36,T:27,M:21,Q:14,F:5,I:4,W:2,A:2,Y:1,H:1,K:1
195	I	L	6	0	3.268e-01	0.4186303	I>V:23,I>T:17,V>I:10,I>A:6,I>L:6,V>A:4,V>T:4,T>V:3,I>M:3,T>I:2,A>T:2,S>T:2,A>V:2,T>S:2,I>S:1,I>P:1,V>M:1,S>P:1,A>S:1,A>P:1,A>D:1,T>A:1,T>H:1,V>C:1,V>L:1	I:130,V:43,T:39,A:14,L:11,S:10,M:6,P:3,H:1,C:1,D:1,K:1
324	T	M	5	0	3.268e-01	0.4186303	T>P:25,T>I:24,T>S:12,T>A:7,I>V:6,T>M:5,T>V:4,T>L:3,I>T:2,S>P:1,T>F:1,P>L:1,A>T:1,I>P:1,I>F:1,V>T:1,P>S:1	T:127,P:42,I:42,V:15,S:14,A:8,M:5,L:5,F:2
222	T	M	5	4	3.263e-01	0.4186303	T>I:15,I>M:10,M>I:10,I>T:7,T>M:5,M>T:4,T>A:2,I>V:2,M>V:2,I>S:1,T>L:1,T>S:1,I>N:1,I>A:1	T:115,I:84,M:45,S:4,V:4,A:3,N:3,L:2
155	T	A	9	0	3.273e-01	0.4187070	T>V:9,T>A:9,T>S:8,T>I:5,T>M:2,S>T:2	T:218,S:16,V:10,A:9,I:5,M:2
100	T	M	5	2	3.277e-01	0.4187070	T>A:25,A>T:10,A>S:7,T>M:5,T>V:5,S>A:4,T>I:3,A>M:2,T>S:2,M>T:2,A>V:2,T>L:2,I>V:1	T:82,A:80,S:64,M:14,V:13,I:4,L:3
160	A	T	14	0	3.291e-01	0.4189434	A>T:14,A>S:7,L>M:5,A>L:4,L>S:4,A>I:3,S>L:2,A>M:2,L>F:2,I>A:1,S>T:1,T>I:1,T>S:1,A>G:1,M>L:1,M>T:1,T>M:1,T>V:1,L>I:1,A>F:1	L:109,A:90,T:18,S:17,M:13,I:8,F:3,G:1,V:1
301	T	A	9	0	3.291e-01	0.4189434	T>A:9,T>S:2,T>M:2	T:241,A:15,M:2,S:2
336	L	I	4	0	3.288e-01	0.4189434	L>I:4,L>M:4,I>T:2,L>S:2,L>T:1,T>A:1	L:243,I:7,M:4,T:3,S:2,A:1
219	L	I	4	0	3.295e-01	0.4189812	L>M:9,L>F:5,L>I:4,M>L:2,F>L:1	L:228,M:14,F:12,I:6
201	T	M	5	0	3.305e-01	0.4192995	T>A:11,T>S:9,T>M:5,A>T:1	T:214,A:32,S:9,M:5
19	I	M	4	0	3.303e-01	0.4192995	I>L:11,I>M:4,I>T:4	I:237,L:13,M:6,T:4
297	A	T	14	0	3.314e-01	0.4198828	A>T:14,A>V:3,A>M:2,A>S:1	A:237,T:16,V:3,M:2,S:1,W:1
41	I	L	6	2	3.326e-01	0.4208283	I>L:6,I>V:2,L>I:2,I>T:1	L:139,I:117,V:2,T:2
334	I	M	4	0	3.343e-01	0.4219870	I>T:24,I>L:16,I>V:9,I>A:6,T>I:5,T>A:5,I>M:4,V>I:4,I>S:3,L>I:3,A>T:2,T>V:1,M>V:1,T>M:1	I:131,T:55,L:29,V:22,A:14,M:5,S:4
319	N	T	3	0	3.341e-01	0.4219870	N>S:20,N>H:13,N>D:7,N>K:5,N>Y:3,N>T:3,N>G:3,D>N:2,H>Y:2,H>C:1,T>I:1,H>P:1,N>P:1	N:166,S:27,H:20,K:12,D:11,T:7,Y:6,G:6,C:2,P:2,I:1
20	T	V	2	0	3.352e-01	0.4226247	T>A:5,T>V:2	T:252,A:5,V:2,F:1
246	L	M	5	1	3.360e-01	0.4226304	L>M:5,L>V:3,L>I:2,M>L:1,L>A:1,L>P:1	L:243,M:9,I:3,V:3,P:1,A:1
24	N	T	3	0	3.356e-01	0.4226304	N>S:11,N>T:3,N>H:3	N:238,S:11,T:7,H:4
126	T	V	2	0	3.379e-01	0.4244682	T>I:5,T>V:2	T:252,I:5,V:2,A:1
150	N	H	2	0	3.383e-01	0.4244989	N>D:7,N>S:5,N>H:2,N>C:1,N>K:1	N:243,D:8,S:5,H:2,K:1,C:1
7	L	M	5	0	3.389e-01	0.4247096	L>M:5,L>F:4,L>V:2,L>P:1,L>S:1	L:238,P:9,M:5,F:5,V:2,S:1
232	T	V	2	0	3.399e-01	0.4255192	T>I:15,T>S:4,T>A:3,T>V:2,I>T:1,A>T:1	T:216,I:31,A:5,S:5,V:2,L:1
18	T	V	2	0	3.416e-01	0.4271053	T>S:10,T>A:7,T>L:3,T>I:3,T>V:2,S>T:2,T>M:1	T:224,S:16,A:7,L:6,I:3,V:2,M:2
152	T	V	2	0	3.426e-01	0.4277905	T>A:19,T>S:12,T>I:6,T>P:5,T>M:4,T>L:4,A>S:2,T>V:2,T>N:1,P>H:1,L>S:1,T>E:1,T>H:1	T:182,A:25,S:18,L:9,I:6,P:6,M:6,N:2,H:2,V:2,E:2
343	I	T	6	0	3.527e-01	0.4398834	I>L:11,I>V:8,I>M:7,I>T:6,L>I:1	I:214,L:20,M:12,V:8,T:6
326	V	I	2	24	3.555e-01	0.4429382	I>V:24,I>T:18,T>I:3,I>L:2,I>A:2,V>I:2,V>M:1,T>V:1,T>A:1,T>K:1	I:145,T:69,V:37,L:4,A:3,M:1,K:1
328	V	I	2	19	3.568e-01	0.4440193	I>V:19,I>T:17,I>A:5,I>M:5,I>L:4,T>A:3,T>P:2,M>T:2,I>P:2,V>I:2,T>I:2,M>V:1	I:184,T:27,V:24,A:10,M:6,P:4,L:4,S:1
155	T	I	5	0	3.614e-01	0.4486111	T>V:9,T>A:9,T>S:8,T>I:5,T>M:2,S>T:2	T:218,S:16,V:10,A:9,I:5,M:2
8	V	I	2	30	3.611e-01	0.4486111	I>V:30,I>M:7,I>T:4,I>L:4,I>A:3,V>I:2,M>T:1	I:191,V:46,M:9,L:6,T:5,A:3
191	T	I	5	2	3.641e-01	0.4514629	T>A:25,A>T:15,A>S:6,T>I:5,T>S:4,T>V:4,S>A:2,I>T:2,T>M:2,S>C:1,A>V:1,A>I:1	A:125,T:101,I:13,S:11,V:5,M:3,C:1,L:1
309	T	I	5	1	3.663e-01	0.4536556	T>S:7,T>A:7,T>I:5,T>V:4,T>M:4,A>T:1,T>L:1,I>T:1,T>N:1	T:195,S:35,A:12,I:8,M:4,V:4,N:1,L:1
271	T	I	5	0	3.671e-01	0.4541252	T>I:5,T>A:4,I>V:2,T>S:2,T>V:1	T:241,I:8,V:5,A:4,S:2
224	T	I	5	2	3.694e-01	0.4563687	T>A:18,V>A:11,A>V:10,A>T:8,T>S:7,T>V:5,T>I:5,V>T:3,V>I:2,I>T:2,A>I:1	T:99,A:74,V:63,I:13,S:11
126	T	I	5	0	3.712e-01	0.4581341	T>I:5,T>V:2	T:252,I:5,V:2,A:1
143	F	S	2	0	3.743e-01	0.4613711	Y>F:25,F>L:22,F>Y:12,Y>L:4,L>I:3,F>I:2,L>V:2,L>F:2,F>S:2,F>T:2,I>V:1,T>S:1,I>T:1,F>A:1,F>V:1,Y>T:1	F:109,Y:69,L:58,I:9,S:6,T:4,V:4,A:1
215	V	A	4	0	3.767e-01	0.4637750	V>I:15,V>A:4,V>T:4,I>V:2,V>M:1,I>T:1,T>A:1,V>L:1	V:192,I:47,T:14,A:5,L:1,M:1
220	N	K	2	0	3.852e-01	0.4737111	N>H:5,N>S:4,N>D:2,N>K:2,S>A:1,N>T:1	N:240,K:5,H:5,S:4,T:2,D:2,A:1,E:1
1	M	I	5	0	3.907e-01	0.4795305	M>V:10,M>I:5	M:241,V:10,I:9
342	M	I	5	0	3.909e-01	0.4795305	M>L:18,M>T:11,M>I:5,M>A:3,M>V:2,M>S:1,I>L:1	M:202,L:32,T:15,I:5,A:3,V:2,S:1
148	S	A	4	0	3.942e-01	0.4830168	S>A:4,S>T:4,T>M:1	S:238,T:15,A:4,M:2,L:1
300	S	A	4	6	3.973e-01	0.4856910	A>T:9,A>S:6,S>A:4,T>A:2,S>T:1	S:117,A:106,T:37
215	I	V	2	15	3.969e-01	0.4856910	V>I:15,V>A:4,V>T:4,I>V:2,V>M:1,I>T:1,T>A:1,V>L:1	V:192,I:47,T:14,A:5,L:1,M:1
92	P	T	2	0	3.985e-01	0.4866434	P>Q:3,P>S:3,P>L:2,P>T:2,P>H:1	P:248,Q:4,S:3,L:2,T:2,H:1
47	S	L	2	0	4.014e-01	0.4895794	S>P:15,S>H:3,S>L:2	S:234,P:18,H:5,L:2,K:1
91	H	Q	3	1	4.026e-01	0.4904083	H>N:20,H>Q:3,H>Y:3,H>S:2,H>C:2,H>T:1,Q>H:1,N>T:1,C>Y:1,C>S:1,H>L:1,H>D:1	H:195,N:36,Q:11,C:7,Y:4,S:3,T:2,D:1,L:1
92	P	L	2	0	4.035e-01	0.4910021	P>Q:3,P>S:3,P>L:2,P>T:2,P>H:1	P:248,Q:4,S:3,L:2,T:2,H:1
233	S	A	4	14	4.063e-01	0.4937482	A>S:14,A>T:12,S>T:5,T>S:5,S>A:4,T>A:4,T>V:1,A>V:1,A>M:1	S:142,A:72,T:43,V:2,M:1
178	I	V	11	1	4.114e-01	0.4993947	I>V:11,I>T:3,V>I:1	I:245,V:11,T:3,L:1
102	I	V	11	1	4.139e-01	0.5018923	I>L:12,I>V:11,I>M:1,V>I:1,L>I:1	I:227,L:19,V:13,M:1
297	A	V	3	0	4.180e-01	0.5062983	A>T:14,A>V:3,A>M:2,A>S:1	A:237,T:16,V:3,M:2,S:1,W:1
325	L	F	3	0	4.219e-01	0.5104043	L>S:16,L>P:15,L>M:14,S>L:7,S>T:6,L>I:4,M>T:4,L>T:4,L>F:3,S>P:3,P>L:2,P>T:2,P>S:2,S>M:2,S>A:2,L>Y:1,S>F:1,L>H:1,S>Q:1,P>Q:1,I>T:1,Q>S:1,Q>K:1,L>Q:1,T>S:1,T>M:1,L>W:1	L:100,S:46,P:36,T:27,M:21,Q:14,F:5,I:4,W:2,A:2,Y:1,H:1,K:1
335	L	F	3	0	4.266e-01	0.5154267	M>T:13,M>L:10,L>M:9,T>I:9,L>S:7,M>I:7,T>A:4,L>F:3,S>L:3,M>S:3,T>M:3,I>T:2,I>V:2,T>V:2,M>A:2,M>V:2,L>I:1,S>A:1,S>T:1,S>F:1,L>T:1,L>A:1,L>W:1,I>A:1,T>L:1,T>F:1	L:79,M:58,T:52,I:26,S:21,A:10,V:6,F:6,W:2
221	T	M	4	0	4.295e-01	0.5165651	S>T:14,T>S:12,T>M:4,T>K:2,T>A:2,S>Y:2,S>A:2,S>F:2,K>Q:1,K>M:1,T>I:1,S>L:1,S>W:1,S>N:1	T:139,S:83,K:13,Q:8,M:5,A:4,F:2,Y:2,I:1,N:1,W:1,L:1
243	T	M	4	7	4.293e-01	0.5165651	T>A:16,M>T:7,T>S:6,I>M:5,T>M:4,T>I:4,M>A:4,T>V:3,M>I:3,I>V:3,T>F:1,S>T:1,M>V:1,M>F:1	T:111,M:72,I:31,A:21,S:15,V:7,F:2,L:1
309	T	M	4	0	4.291e-01	0.5165651	T>S:7,T>A:7,T>I:5,T>V:4,T>M:4,A>T:1,T>L:1,I>T:1,T>N:1	T:195,S:35,A:12,I:8,M:4,V:4,N:1,L:1
225	L	F	3	0	4.294e-01	0.5165651	L>T:14,L>M:8,L>S:8,M>T:4,L>F:3,L>V:3,M>V:1,I>T:1,L>I:1,L>P:1,L>H:1,L>A:1	L:203,T:26,M:10,S:9,V:5,F:3,A:1,H:1,I:1,P:1
266	I	T	5	1	4.332e-01	0.5178405	I>T:5,T>I:1,I>V:1	I:252,T:7,V:1
346	T	M	4	0	4.319e-01	0.5178405	T>I:18,I>T:18,T>A:14,T>S:10,I>A:10,T>M:4,I>L:4,M>L:3,I>V:3,T>L:1,T>V:1,I>P:1,A>S:1,I>N:1,I>M:1	I:122,T:63,A:26,M:21,S:14,L:8,V:4,N:1,P:1
153	L	M	4	1	4.334e-01	0.5178405	L>V:7,L>M:4,L>A:3,L>P:3,V>M:2,L>I:2,I>L:1,I>V:1,V>I:1,L>F:1,L>S:1,V>A:1,M>L:1	L:223,V:12,M:8,I:8,A:4,P:3,S:1,F:1
227	L	M	4	0	4.345e-01	0.5178405	L>M:4,L>I:1	L:251,M:7,I:2
70	V	M	4	1	4.344e-01	0.5178405	V>I:35,V>L:16,V>M:4,I>M:3,I>V:3,I>L:3,M>V:1,M>L:1	V:129,I:63,L:51,M:17
69	L	M	4	0	4.341e-01	0.5178405	L>M:4,S>T:1,L>S:1	L:253,M:5,S:1,T:1
336	L	M	4	0	4.336e-01	0.5178405	L>I:4,L>M:4,I>T:2,L>S:2,L>T:1,T>A:1	L:243,I:7,M:4,T:3,S:2,A:1
332	L	F	3	0	4.313e-01	0.5178405	L>M:13,M>T:10,M>L:7,L>F:3,L>T:3,M>V:3,M>I:2,L>P:1,M>A:1,L>A:1,L>V:1,L>S:1,L>I:1	L:175,M:56,T:14,V:4,I:3,F:3,A:3,P:1,S:1
244	L	M	4	0	4.359e-01	0.5184262	L>F:6,L>M:4,V>M:2,V>I:1,L>V:1,L>S:1	L:244,F:6,M:6,V:2,I:1,S:1
248	L	M	4	0	4.360e-01	0.5184262	L>M:4	L:256,M:4
57	I	T	5	2	4.378e-01	0.5184559	I>V:9,I>T:5,T>I:2	T:151,I:100,V:9
265	L	M	4	0	4.379e-01	0.5184559	L>F:12,L>M:4,L>A:4	L:231,F:13,M:12,A:4
142	L	M	4	0	4.380e-01	0.5184559	L>F:13,L>M:4,L>I:1	L:239,F:16,M:4,I:1
329	L	M	4	0	4.375e-01	0.5184559	L>F:12,L>S:4,L>M:4,F>L:3,L>T:3,T>I:1	L:224,F:22,T:5,M:4,S:4,I:1
152	T	M	4	0	4.399e-01	0.5200770	T>A:19,T>S:12,T>I:6,T>P:5,T>M:4,T>L:4,A>S:2,T>V:2,T>N:1,P>H:1,L>S:1,T>E:1,T>H:1	T:182,A:25,S:18,L:9,I:6,P:6,M:6,N:2,H:2,V:2,E:2
191	T	S	4	0	4.435e-01	0.5233648	T>A:25,A>T:15,A>S:6,T>I:5,T>S:4,T>V:4,S>A:2,I>T:2,T>M:2,S>C:1,A>V:1,A>I:1	A:125,T:101,I:13,S:11,V:5,M:3,C:1,L:1
202	L	I	3	0	4.437e-01	0.5233648	L>M:10,L>I:3,L>F:2,I>T:1,I>M:1,L>T:1	L:226,M:16,I:14,T:2,F:2
145	T	S	4	0	4.459e-01	0.5253699	T>V:4,T>S:4,V>I:2,I>V:2,T>I:1,T>A:1	T:237,V:12,S:5,I:4,A:1,M:1
309	T	A	7	1	4.496e-01	0.5279837	T>S:7,T>A:7,T>I:5,T>V:4,T>M:4,A>T:1,T>L:1,I>T:1,T>N:1	T:195,S:35,A:12,I:8,M:4,V:4,N:1,L:1
232	T	S	4	0	4.486e-01	0.5279837	T>I:15,T>S:4,T>A:3,T>V:2,I>T:1,A>T:1	T:216,I:31,A:5,S:5,V:2,L:1
277	T	S	4	0	4.491e-01	0.5279837	T>P:15,P>S:14,T>A:10,P>T:10,P>L:8,T>V:7,T>S:4,T>I:4,T>M:2,S>P:2,P>V:2,L>M:2,A>V:1,V>L:1,S>A:1,I>V:1,V>I:1,V>A:1,T>L:1,S>M:1,P>A:1,S>L:1,P>I:1,P>M:1	P:139,T:49,S:20,V:14,A:13,L:12,M:6,I:6,W:1
324	T	A	7	1	4.519e-01	0.5280997	T>P:25,T>I:24,T>S:12,T>A:7,I>V:6,T>M:5,T>V:4,T>L:3,I>T:2,S>P:1,T>F:1,P>L:1,A>T:1,I>P:1,I>F:1,V>T:1,P>S:1	T:127,P:42,I:42,V:15,S:14,A:8,M:5,L:5,F:2
204	T	A	7	0	4.532e-01	0.5280997	T>A:7,T>S:4,T>N:3,N>S:1,N>G:1	T:124,N:120,A:9,S:6,G:1
76	T	S	4	1	4.525e-01	0.5280997	T>I:18,I>T:10,T>M:6,T>S:4,I>V:3,T>N:2,S>I:1,S>T:1,T>V:1,T>L:1,I>M:1	T:171,I:60,S:13,M:7,V:4,N:3,L:2
213	T	S	4	3	4.514e-01	0.5280997	A>T:38,A>S:13,T>A:10,T>S:4,A>I:4,T>I:3,S>T:3,A>M:2,T>V:1,A>G:1,I>V:1,I>T:1,A>L:1,S>A:1,T>M:1	A:127,T:72,S:37,I:17,M:3,V:2,G:1,L:1
204	T	S	4	0	4.515e-01	0.5280997	T>A:7,T>S:4,T>N:3,N>S:1,N>G:1	T:124,N:120,A:9,S:6,G:1
235	T	S	4	0	4.522e-01	0.5280997	T>A:22,T>S:4,A>T:1	T:225,A:30,S:4,Q:1
195	I	M	3	0	4.531e-01	0.5280997	I>V:23,I>T:17,V>I:10,I>A:6,I>L:6,V>A:4,V>T:4,T>V:3,I>M:3,T>I:2,A>T:2,S>T:2,A>V:2,T>S:2,I>S:1,I>P:1,V>M:1,S>P:1,A>S:1,A>P:1,A>D:1,T>A:1,T>H:1,V>C:1,V>L:1	I:130,V:43,T:39,A:14,L:11,S:10,M:6,P:3,H:1,C:1,D:1,K:1
18	T	A	7	0	4.540e-01	0.5284585	T>S:10,T>A:7,T>L:3,T>I:3,T>V:2,S>T:2,T>M:1	T:224,S:16,A:7,L:6,I:3,V:2,M:2
81	T	S	4	0	4.552e-01	0.5284747	T>S:4,T>V:1,T>C:1	T:252,S:6,V:1,C:1
347	I	M	3	0	4.556e-01	0.5284747	I>V:19,I>T:19,I>L:14,V>I:7,I>F:4,V>L:3,V>A:3,I>M:3,I>P:3,T>I:3,P>T:3,P>L:3,L>F:2,V>M:2,P>S:2,L>I:1,L>V:1,T>M:1,V>T:1,V>F:1,L>P:1,T>A:1,T>S:1,I>H:1,P>F:1,T>P:1	I:98,T:48,V:46,L:25,P:15,F:12,M:7,A:5,S:3,H:1
124	L	I	3	0	4.555e-01	0.5284747	L>M:18,L>I:3,T>P:1,L>T:1	L:214,M:39,I:4,P:2,T:1
192	I	M	3	0	4.596e-01	0.5324939	I>V:14,V>I:6,I>A:6,V>A:5,V>M:4,I>M:3,I>L:2,A>T:1,V>L:1,I>S:1,A>M:1	I:205,V:25,A:15,M:10,L:3,S:1,T:1
243	T	I	4	0	4.620e-01	0.5347859	T>A:16,M>T:7,T>S:6,I>M:5,T>M:4,T>I:4,M>A:4,T>V:3,M>I:3,I>V:3,T>F:1,S>T:1,M>V:1,M>F:1	T:111,M:72,I:31,A:21,S:15,V:7,F:2,L:1
31	T	I	4	0	4.663e-01	0.5390661	T>A:30,A>T:10,T>V:5,T>I:4,T>M:3,A>V:2	T:176,A:69,V:8,I:4,M:3
277	T	I	4	0	4.687e-01	0.5412351	T>P:15,P>S:14,T>A:10,P>T:10,P>L:8,T>V:7,T>S:4,T>I:4,T>M:2,S>P:2,P>V:2,L>M:2,A>V:1,V>L:1,S>A:1,I>V:1,V>I:1,V>A:1,T>L:1,S>M:1,P>A:1,S>L:1,P>I:1,P>M:1	P:139,T:49,S:20,V:14,A:13,L:12,M:6,I:6,W:1
307	N	T	2	0	4.915e-01	0.5669342	N>S:2,N>T:2,N>H:1	N:140,H:114,S:4,T:2
230	M	I	4	0	4.972e-01	0.5728754	M>L:17,M>T:5,M>I:4,M>V:2,I>V:1,M>A:1,L>M:1	L:150,M:89,I:10,T:7,V:3,A:1
211	M	L	8	0	4.996e-01	0.5751103	M>I:13,M>T:11,M>L:8,M>V:3	M:207,T:21,I:18,L:11,V:3
35	I	L	4	0	5.033e-01	0.5783001	I>L:4,I>V:3	I:247,L:10,V:3
8	I	L	4	0	5.035e-01	0.5783001	I>V:30,I>M:7,I>T:4,I>L:4,I>A:3,V>I:2,M>T:1	I:191,V:46,M:9,L:6,T:5,A:3
275	M	L	8	0	5.081e-01	0.5822992	M>L:8,M>T:1	M:243,L:15,T:1,A:1
328	I	L	4	0	5.076e-01	0.5822992	I>V:19,I>T:17,I>A:5,I>M:5,I>L:4,T>A:3,T>P:2,M>T:2,I>P:2,V>I:2,T>I:2,M>V:1	I:184,T:27,V:24,A:10,M:6,P:4,L:4,S:1
57	I	V	9	0	5.103e-01	0.5830684	I>V:9,I>T:5,T>I:2	T:151,I:100,V:9
334	I	V	9	4	5.105e-01	0.5830684	I>T:24,I>L:16,I>V:9,I>A:6,T>I:5,T>A:5,I>M:4,V>I:4,I>S:3,L>I:3,A>T:2,T>V:1,M>V:1,T>M:1	I:131,T:55,L:29,V:22,A:14,M:5,S:4
92	P	S	3	0	5.105e-01	0.5830684	P>Q:3,P>S:3,P>L:2,P>T:2,P>H:1	P:248,Q:4,S:3,L:2,T:2,H:1
215	V	I	15	2	5.117e-01	0.5838518	V>I:15,V>A:4,V>T:4,I>V:2,V>M:1,I>T:1,T>A:1,V>L:1	V:192,I:47,T:14,A:5,L:1,M:1
211	M	V	3	0	5.158e-01	0.5879085	M>I:13,M>T:11,M>L:8,M>V:3	M:207,T:21,I:18,L:11,V:3
150	N	S	5	0	5.179e-01	0.5896119	N>D:7,N>S:5,N>H:2,N>C:1,N>K:1	N:243,D:8,S:5,H:2,K:1,C:1
331	S	T	5	4	5.199e-01	0.5912571	S>A:6,T>A:6,T>V:6,S>T:5,T>I:5,T>S:4,A>T:3,T>M:2,A>V:1,S>V:1,S>L:1	T:120,S:106,A:16,V:8,I:5,M:3,L:2
233	S	T	5	5	5.297e-01	0.6011125	A>S:14,A>T:12,S>T:5,T>S:5,S>A:4,T>A:4,T>V:1,A>V:1,A>M:1	S:142,A:72,T:43,V:2,M:1
291	F	Y	2	0	5.292e-01	0.6011125	F>Y:2,F>L:1	F:256,Y:2,L:1,X:1
14	I	T	4	0	5.326e-01	0.6030622	L>I:23,L>F:10,L>M:9,L>T:5,I>T:4,I>L:3,I>V:3,L>V:3,L>A:2,I>F:1,I>M:1,T>G:1,A>M:1,V>A:1,I>A:1,L>S:1,T>A:1	L:162,I:48,F:12,T:11,M:11,A:8,V:6,G:1,S:1
196	Y	H	4	0	5.323e-01	0.6030622	Y>F:8,Y>H:4	Y:247,F:9,H:4
19	I	T	4	0	5.335e-01	0.6034381	I>L:11,I>M:4,I>T:4	I:237,L:13,M:6,T:4
8	I	T	4	0	5.367e-01	0.6057548	I>V:30,I>M:7,I>T:4,I>L:4,I>A:3,V>I:2,M>T:1	I:191,V:46,M:9,L:6,T:5,A:3
53	I	T	4	0	5.366e-01	0.6057548	I>V:22,I>T:4,V>E:1	I:210,V:44,T:5,E:1
203	L	M	3	0	5.472e-01	0.6163135	L>I:6,L>M:3,L>V:2,I>L:2,M>V:1,I>T:1	L:235,I:13,M:7,V:4,T:1
344	L	M	3	0	5.468e-01	0.6163135	L>P:11,L>I:8,L>F:7,L>T:7,S>P:5,L>H:3,L>M:3,L>A:3,I>T:2,S>L:2,L>S:2,L>R:2,F>L:2,H>Q:1,H>C:1,I>L:1,S>A:1,H>R:1,H>L:1,P>L:1,L>Y:1,F>Y:1,L>V:1,T>A:1,T>I:1	L:171,P:17,T:13,I:13,F:12,H:9,S:8,A:5,M:3,R:3,Y:2,Q:1,C:1,V:1,K:1
164	L	M	3	0	5.489e-01	0.6168165	L>V:11,L>I:10,I>V:6,L>M:3,V>I:3,L>F:2,I>L:1,L>T:1,V>M:1	L:212,V:23,I:18,M:4,F:2,T:1
311	H	N	2	0	5.489e-01	0.6168165	H>Y:10,H>F:2,H>N:2,Y>F:2,H>Q:2,H>S:2,F>L:1,H>R:1,N>T:1,S>F:1,H>K:1,Y>H:1	H:215,Y:17,K:8,F:8,Q:3,N:2,T:2,S:2,R:2,L:1
240	L	M	3	0	5.504e-01	0.6172100	L>M:3,L>I:2,L>V:1	L:251,M:4,I:3,V:1,T:1
249	L	M	3	0	5.502e-01	0.6172100	L>M:3	L:257,M:3
268	Q	H	2	0	5.511e-01	0.6172988	Q>E:3,Q>H:2,Y>F:1,S>Y:1,S>T:1,S>N:1,S>A:1,Q>S:1,Q>L:1	Q:246,E:3,Y:2,T:2,H:2,N:1,A:1,F:1,L:1,D:1
88	Q	H	2	0	5.528e-01	0.6185663	Q>H:2,Q>E:1,Y>F:1,Q>Y:1,Q>L:1,Q>C:1	Q:249,H:4,E:2,Y:2,F:1,C:1,L:1
316	H	Q	2	1	5.536e-01	0.6187605	H>Y:22,H>R:15,H>Q:2,Y>S:1,H>L:1,H>T:1,Y>F:1,S>L:1,H>S:1,Q>K:1,Q>R:1,Q>H:1	H:148,Y:44,R:37,Q:17,S:8,L:3,K:1,F:1,T:1
218	T	M	3	0	5.553e-01	0.6190205	T>A:24,T>S:15,T>I:15,T>M:3,A>T:1	T:165,S:39,A:37,I:15,M:4
322	T	M	3	0	5.549e-01	0.6190205	T>A:14,T>V:11,T>I:9,V>I:9,V>T:7,T>P:3,T>M:3,P>L:2,P>S:2,I>V:2,S>T:1,T>S:1,V>L:1	T:137,V:47,P:24,I:21,A:14,S:10,M:4,L:3
311	H	Q	2	0	5.556e-01	0.6190205	H>Y:10,H>F:2,H>N:2,Y>F:2,H>Q:2,H>S:2,F>L:1,H>R:1,N>T:1,S>F:1,H>K:1,Y>H:1	H:215,Y:17,K:8,F:8,Q:3,N:2,T:2,S:2,R:2,L:1
31	T	M	3	0	5.564e-01	0.6193200	T>A:30,A>T:10,T>V:5,T>I:4,T>M:3,A>V:2	T:176,A:69,V:8,I:4,M:3
281	I	V	8	0	5.576e-01	0.6199384	I>T:20,I>A:10,I>L:9,I>V:8,I>M:7,T>A:3,M>V:2,M>T:2,A>M:1,A>V:1,T>I:1,T>V:1,L>I:1,L>F:1,I>S:1,I>G:1	I:160,T:28,L:23,A:19,M:15,V:12,G:1,F:1,S:1
231	M	L	7	0	5.601e-01	0.6220447	M>L:7,L>T:1,M>T:1,M>I:1,M>S:1	M:232,L:24,T:2,I:1,S:1
343	I	V	8	0	5.612e-01	0.6226057	I>L:11,I>V:8,I>M:7,I>T:6,L>I:1	I:214,L:20,M:12,V:8,T:6
276	T	S	3	0	5.634e-01	0.6244393	T>A:10,A>T:10,A>I:8,A>V:6,T>S:3,T>V:1,A>S:1	T:133,A:101,I:12,S:7,V:7
214	T	S	3	0	5.672e-01	0.6279127	T>A:24,A>T:23,A>S:4,T>S:3,S>P:2,S>A:2,T>V:1,T>P:1,A>P:1	A:117,T:113,S:23,P:6,V:1
247	T	S	3	0	5.711e-01	0.6309751	T>A:25,T>I:9,T>V:9,A>T:3,T>S:3,I>T:1,V>M:1,V>I:1,V>A:1,I>V:1,T>M:1	T:190,A:33,V:20,I:11,S:4,M:2
125	T	S	3	0	5.706e-01	0.6309751	T>I:33,T>M:14,T>P:7,T>A:3,T>S:3,T>L:3,M>T:2,I>T:1,P>L:1,A>T:1,T>F:1,T>N:1,S>L:1,T>V:1,M>L:1	T:164,I:43,M:25,L:8,P:7,S:5,A:5,V:1,F:1,N:1
258	T	S	3	0	5.720e-01	0.6312066	T>S:3,T>A:1,S>L:1,T>I:1,T>P:1	T:242,S:12,A:2,I:2,P:1,L:1
168	M	T	5	0	5.755e-01	0.6343941	M>A:7,M>T:5,M>L:2,M>V:2,A>M:2,A>T:1,M>S:1	M:237,A:11,T:6,L:3,V:2,S:1
284	M	T	5	0	5.767e-01	0.6344796	M>L:12,M>I:7,L>M:6,M>T:5,L>I:5,M>V:1,I>V:1,I>L:1,T>I:1	L:141,M:95,I:14,T:8,V:2
202	L	F	2	0	5.764e-01	0.6344796	L>M:10,L>I:3,L>F:2,I>T:1,I>M:1,L>T:1	L:226,M:16,I:14,T:2,F:2
98	L	F	2	0	5.807e-01	0.6381273	L>M:9,L>F:2	L:243,M:15,F:2
230	M	T	5	0	5.834e-01	0.6402209	M>L:17,M>T:5,M>I:4,M>V:2,I>V:1,M>A:1,L>M:1	L:150,M:89,I:10,T:7,V:3,A:1
278	T	I	3	0	5.838e-01	0.6402209	A>T:36,T>A:19,T>M:10,A>M:5,T>V:3,T>I:3,A>V:3,T>L:2,A>P:2,A>S:2,T>S:1	A:122,T:98,M:21,V:7,I:4,L:3,S:3,P:2
100	T	I	3	0	5.850e-01	0.6402209	T>A:25,A>T:10,A>S:7,T>M:5,T>V:5,S>A:4,T>I:3,A>M:2,T>S:2,M>T:2,A>V:2,T>L:2,I>V:1	T:82,A:80,S:64,M:14,V:13,I:4,L:3
65	A	V	2	0	5.846e-01	0.6402209	A>T:43,T>A:10,A>S:6,A>V:2,T>M:2,T>V:1	A:152,T:88,S:15,V:3,M:2
164	L	F	2	0	5.858e-01	0.6403882	L>V:11,L>I:10,I>V:6,L>M:3,V>I:3,L>F:2,I>L:1,L>T:1,V>M:1	L:212,V:23,I:18,M:4,F:2,T:1
18	T	I	3	0	5.888e-01	0.6416707	T>S:10,T>A:7,T>L:3,T>I:3,T>V:2,S>T:2,T>M:1	T:224,S:16,A:7,L:6,I:3,V:2,M:2
213	T	I	3	1	5.877e-01	0.6416707	A>T:38,A>S:13,T>A:10,T>S:4,A>I:4,T>I:3,S>T:3,A>M:2,T>V:1,A>G:1,I>V:1,I>T:1,A>L:1,S>A:1,T>M:1	A:127,T:72,S:37,I:17,M:3,V:2,G:1,L:1
217	L	F	2	2	5.884e-01	0.6416707	L>M:8,L>F:2,F>L:2,M>L:1,L>I:1,F>S:1	L:237,M:15,F:6,I:1,S:1
20	T	A	5	0	5.908e-01	0.6431913	T>A:5,T>V:2	T:252,A:5,V:2,F:1
321	T	A	5	0	5.921e-01	0.6438552	P>S:21,P>T:8,T>S:6,T>A:5,T>P:5,P>L:4,P>Q:3,S>T:3,T>N:2,P>K:2,P>R:2,T>H:1,S>P:1,N>K:1,T>L:1,P>N:1,P>A:1	P:166,S:35,T:29,A:6,K:6,N:5,L:5,Q:4,R:2,H:2
220	N	D	2	0	5.951e-01	0.6438552	N>H:5,N>S:4,N>D:2,N>K:2,S>A:1,N>T:1	N:240,K:5,H:5,S:4,T:2,D:2,A:1,E:1
246	L	I	2	0	5.948e-01	0.6438552	L>M:5,L>V:3,L>I:2,M>L:1,L>A:1,L>P:1	L:243,M:9,I:3,V:3,P:1,A:1
38	L	I	2	0	5.951e-01	0.6438552	L>I:2	L:258,I:2
261	L	I	2	0	5.935e-01	0.6438552	L>M:12,L>T:2,L>I:2,M>L:1,M>A:1,L>F:1	L:221,M:33,I:2,T:2,F:1,A:1
153	L	I	2	1	5.927e-01	0.6438552	L>V:7,L>M:4,L>A:3,L>P:3,V>M:2,L>I:2,I>L:1,I>V:1,V>I:1,L>F:1,L>S:1,V>A:1,M>L:1	L:223,V:12,M:8,I:8,A:4,P:3,S:1,F:1
97	L	I	2	5	5.958e-01	0.6438615	I>V:8,I>L:5,L>M:2,M>V:2,L>I:2,M>I:1,M>L:1,I>T:1,V>T:1	L:141,I:99,V:13,M:5,T:2
240	L	I	2	0	5.967e-01	0.6441780	L>M:3,L>I:2,L>V:1	L:251,M:4,I:3,V:1,T:1
11	L	I	2	2	5.976e-01	0.6444939	T>I:16,T>A:10,L>T:9,T>L:8,I>T:8,L>M:7,L>F:6,T>S:6,M>T:4,L>A:3,M>L:3,M>I:3,I>A:3,I>F:3,L>I:2,M>V:2,M>A:2,T>F:2,I>L:2,T>V:2,I>M:2,T>M:2,L>V:1,I>V:1,I>S:1,L>S:1,S>L:1,M>S:1	L:92,T:58,I:41,M:20,A:18,F:14,S:11,V:6
148	S	T	4	0	5.999e-01	0.6463055	S>A:4,S>T:4,T>M:1	S:238,T:15,A:4,M:2,L:1
285	L	I	2	0	6.018e-01	0.6477525	L>I:2,L>A:1,L>F:1,L>S:1,L>T:1	L:252,A:3,I:2,F:1,S:1,T:1
149	L	I	2	0	6.032e-01	0.6485271	L>M:2,L>I:2,M>T:1,M>V:1,L>Q:1	L:252,I:3,M:2,V:1,T:1,Q:1
134	M	I	3	0	6.065e-01	0.6514091	M>L:6,M>I:3,M>V:1	M:238,I:11,L:9,V:1,Q:1
317	I	V	7	5	6.093e-01	0.6527892	T>I:25,I>T:21,T>V:9,I>V:7,T>N:7,V>I:5,T>P:3,T>A:3,T>S:3,I>L:2,L>F:2,S>N:2,T>K:1,I>F:1,I>M:1,I>N:1,T>F:1,N>S:1,N>H:1,T>L:1,T>M:1	T:135,I:69,V:17,N:11,S:7,F:5,L:5,P:3,A:3,K:2,M:2,H:1
220	N	S	4	0	6.089e-01	0.6527892	N>H:5,N>S:4,N>D:2,N>K:2,S>A:1,N>T:1	N:240,K:5,H:5,S:4,T:2,D:2,A:1,E:1
194	I	M	2	0	6.096e-01	0.6527892	I>L:33,I>V:15,I>T:8,I>M:2,T>I:1,V>M:1,L>I:1,I>A:1	I:167,L:63,V:17,T:9,M:3,A:1
134	M	L	6	0	6.120e-01	0.6546818	M>L:6,M>I:3,M>V:1	M:238,I:11,L:9,V:1,Q:1
75	M	L	6	0	6.142e-01	0.6563145	M>T:23,M>L:6,M>I:2,V>T:1,M>V:1,T>A:1	M:205,T:41,L:10,I:2,V:1,A:1
14	I	L	3	23	6.177e-01	0.6593754	L>I:23,L>F:10,L>M:9,L>T:5,I>T:4,I>L:3,I>V:3,L>V:3,L>A:2,I>F:1,I>M:1,T>G:1,A>M:1,V>A:1,I>A:1,L>S:1,T>A:1	L:162,I:48,F:12,T:11,M:11,A:8,V:6,G:1,S:1
163	A	T	7	0	6.256e-01	0.6671795	A>T:7,A>G:6,A>L:3,A>M:1,V>M:1,L>V:1,A>S:1	A:231,T:9,G:8,L:8,M:2,V:1,S:1
267	I	T	3	0	6.383e-01	0.6800185	I>L:8,I>V:3,I>T:3	I:233,L:21,V:3,T:3
40	I	T	3	0	6.467e-01	0.6875434	I>V:15,V>I:9,I>T:3,V>A:1	I:224,V:32,T:3,A:1
178	I	T	3	0	6.466e-01	0.6875434	I>V:11,I>T:3,V>I:1	I:245,V:11,T:3,L:1
91	H	Y	3	0	6.525e-01	0.6922941	H>N:20,H>Q:3,H>Y:3,H>S:2,H>C:2,H>T:1,Q>H:1,N>T:1,C>Y:1,C>S:1,H>L:1,H>D:1	H:195,N:36,Q:11,C:7,Y:4,S:3,T:2,D:1,L:1
305	P	S	2	0	6.525e-01	0.6922941	P>S:2,P>A:1	P:257,S:2,A:1
312	M	T	4	0	6.554e-01	0.6946875	M>I:8,M>T:4,M>A:1	M:244,I:10,T:4,A:1,Q:1
21	I	V	6	0	6.652e-01	0.7043273	I>T:7,I>L:7,I>V:6,I>M:5,M>V:1	I:224,M:13,L:9,V:7,T:7
230	M	V	2	0	6.675e-01	0.7060959	M>L:17,M>T:5,M>I:4,M>V:2,I>V:1,M>A:1,L>M:1	L:150,M:89,I:10,T:7,V:3,A:1
342	M	V	2	0	6.685e-01	0.7063427	M>L:18,M>T:11,M>I:5,M>A:3,M>V:2,M>S:1,I>L:1	M:202,L:32,T:15,I:5,A:3,V:2,S:1
168	M	V	2	0	6.692e-01	0.7063868	M>A:7,M>T:5,M>L:2,M>V:2,A>M:2,A>T:1,M>S:1	M:237,A:11,T:6,L:3,V:2,S:1
271	T	A	4	0	6.719e-01	0.7085519	T>I:5,T>A:4,I>V:2,T>S:2,T>V:1	T:241,I:8,V:5,A:4,S:2
158	A	S	2	0	6.757e-01	0.7118731	A>G:4,A>S:2	A:250,S:6,G:4
245	M	L	5	9	6.786e-01	0.7122774	L>M:9,L>F:6,M>L:5,M>T:3,L>V:1	M:153,L:95,F:7,T:4,V:1
251	L	M	2	0	6.783e-01	0.7122774	L>M:2	L:257,M:3
97	L	M	2	1	6.788e-01	0.7122774	I>V:8,I>L:5,L>M:2,M>V:2,L>I:2,M>I:1,M>L:1,I>T:1,V>T:1	L:141,I:99,V:13,M:5,T:2
339	L	M	2	0	6.787e-01	0.7122774	I>M:9,L>I:7,I>L:7,I>A:6,I>V:4,I>T:3,L>M:2,L>V:1	L:152,I:82,M:11,A:7,V:5,T:3
133	L	M	2	4	6.799e-01	0.7126165	A>V:17,M>V:14,V>A:11,V>I:10,A>I:10,V>L:7,A>L:6,M>I:4,M>L:4,I>V:4,V>M:3,M>A:3,L>M:2,I>L:2,L>V:1,M>T:1,I>A:1,I>F:1,A>F:1,A>G:1	V:66,A:60,L:49,I:44,M:36,F:2,T:1,G:1,W:1
207	L	M	2	0	6.831e-01	0.7152616	L>I:7,L>V:3,V>I:2,L>M:2,L>F:1,V>A:1,M>T:1,V>T:1,L>T:1	L:238,I:11,V:4,T:3,M:2,F:1,A:1
149	L	M	2	0	6.853e-01	0.7168995	L>M:2,L>I:2,M>T:1,M>V:1,L>Q:1	L:252,I:3,M:2,V:1,T:1,Q:1
301	T	M	2	0	6.872e-01	0.7181838	T>A:9,T>S:2,T>M:2	T:241,A:15,M:2,S:2
131	S	T	3	0	6.933e-01	0.7213798	S>A:12,A>T:4,S>T:3	S:222,A:29,T:8,L:1
310	N	S	3	0	6.933e-01	0.7213798	N>S:3,N>G:1	N:255,S:4,G:1
277	T	M	2	0	6.937e-01	0.7213798	T>P:15,P>S:14,T>A:10,P>T:10,P>L:8,T>V:7,T>S:4,T>I:4,T>M:2,S>P:2,P>V:2,L>M:2,A>V:1,V>L:1,S>A:1,I>V:1,V>I:1,V>A:1,T>L:1,S>M:1,P>A:1,S>L:1,P>I:1,P>M:1	P:139,T:49,S:20,V:14,A:13,L:12,M:6,I:6,W:1
191	T	M	2	0	6.933e-01	0.7213798	T>A:25,A>T:15,A>S:6,T>I:5,T>S:4,T>V:4,S>A:2,I>T:2,T>M:2,S>C:1,A>V:1,A>I:1	A:125,T:101,I:13,S:11,V:5,M:3,C:1,L:1
209	T	M	2	0	6.923e-01	0.7213798	T>A:20,A>T:18,T>S:16,T>I:11,S>T:9,A>S:8,A>V:6,T>V:5,S>A:4,I>V:3,I>T:3,S>C:3,S>I:3,I>S:2,T>M:2,T>C:2,V>M:1,I>L:1,A>I:1,V>I:1	T:74,S:70,A:53,I:26,V:18,C:14,M:3,X:1,L:1
155	T	M	2	0	6.945e-01	0.7214580	T>V:9,T>A:9,T>S:8,T>I:5,T>M:2,S>T:2	T:218,S:16,V:10,A:9,I:5,M:2
330	T	M	2	0	6.957e-01	0.7219336	T>A:29,T>I:10,T>S:8,I>T:4,T>V:4,A>T:2,T>M:2,I>V:2,S>T:1,T>L:1,V>A:1,V>T:1,I>M:1	T:162,A:46,I:20,S:15,V:13,M:3,L:1
87	T	M	2	0	6.973e-01	0.7229048	T>S:9,T>A:3,T>M:2,T>P:1,T>H:1	T:244,S:9,A:3,M:2,P:1,H:1
301	T	S	2	0	7.010e-01	0.7260565	T>A:9,T>S:2,T>M:2	T:241,A:15,M:2,S:2
271	T	S	2	0	7.019e-01	0.7262288	T>I:5,T>A:4,I>V:2,T>S:2,T>V:1	T:241,I:8,V:5,A:4,S:2
100	T	S	2	0	7.069e-01	0.7306581	T>A:25,A>T:10,A>S:7,T>M:5,T>V:5,S>A:4,T>I:3,A>M:2,T>S:2,M>T:2,A>V:2,T>L:2,I>V:1	T:82,A:80,S:64,M:14,V:13,I:4,L:3
190	M	I	2	0	7.320e-01	0.7551516	M>T:2,M>I:2,M>L:1,M>A:1,M>V:1	M:245,I:9,T:3,L:1,V:1,A:1
317	I	L	2	0	7.313e-01	0.7551516	T>I:25,I>T:21,T>V:9,I>V:7,T>N:7,V>I:5,T>P:3,T>A:3,T>S:3,I>L:2,L>F:2,S>N:2,T>K:1,I>F:1,I>M:1,I>N:1,T>F:1,N>S:1,N>H:1,T>L:1,T>M:1	T:135,I:69,V:17,N:11,S:7,F:5,L:5,P:3,A:3,K:2,M:2,H:1
75	M	I	2	0	7.346e-01	0.7563740	M>T:23,M>L:6,M>I:2,V>T:1,M>V:1,T>A:1	M:205,T:41,L:10,I:2,V:1,A:1
44	I	L	2	0	7.346e-01	0.7563740	I>L:2	I:258,L:2
239	M	I	2	0	7.363e-01	0.7573529	M>T:14,S>A:12,S>P:8,A>S:7,M>A:7,M>V:5,T>A:4,S>T:4,P>S:4,A>T:3,T>S:3,M>I:2,M>L:2,V>M:1,V>A:1,M>S:1,S>L:1,S>M:1,S>I:1,S>V:1,A>P:1	S:93,M:56,A:40,T:31,V:18,P:15,I:4,L:3
326	I	L	2	0	7.385e-01	0.7588219	I>V:24,I>T:18,T>I:3,I>L:2,I>A:2,V>I:2,V>M:1,T>V:1,T>A:1,T>K:1	I:145,T:69,V:37,L:4,A:3,M:1,K:1
245	M	T	3	0	7.393e-01	0.7589607	L>M:9,L>F:6,M>L:5,M>T:3,L>V:1	M:153,L:95,F:7,T:4,V:1
192	I	L	2	0	7.401e-01	0.7590010	I>V:14,V>I:6,I>A:6,V>A:5,V>M:4,I>M:3,I>L:2,A>T:1,V>L:1,I>S:1,A>M:1	I:205,V:25,A:15,M:10,L:3,S:1,T:1
104	M	T	3	0	7.438e-01	0.7620832	M>I:15,M>T:3,I>T:3,I>M:1	M:207,I:44,T:9
232	T	A	3	1	7.467e-01	0.7642771	T>I:15,T>S:4,T>A:3,T>V:2,I>T:1,A>T:1	T:216,I:31,A:5,S:5,V:2,L:1
125	T	A	3	1	7.514e-01	0.7682786	T>I:33,T>M:14,T>P:7,T>A:3,T>S:3,T>L:3,M>T:2,I>T:1,P>L:1,A>T:1,T>F:1,T>N:1,S>L:1,T>V:1,M>L:1	T:164,I:43,M:25,L:8,P:7,S:5,A:5,V:1,F:1,N:1
87	T	A	3	0	7.526e-01	0.7687499	T>S:9,T>A:3,T>M:2,T>P:1,T>H:1	T:244,S:9,A:3,M:2,P:1,H:1
205	F	L	3	0	7.771e-01	0.7930216	F>L:3	F:257,L:3
302	I	V	4	0	7.794e-01	0.7945909	I>V:4	I:255,V:4,S:1
146	S	T	2	0	7.941e-01	0.8087332	S>A:12,S>F:3,S>H:3,S>T:2,S>Y:2,A>T:1	S:230,A:18,H:4,T:3,F:3,Y:2
45	S	T	2	0	7.948e-01	0.8087332	S>A:19,S>T:2,A>G:1,S>F:1	S:222,A:34,T:2,G:1,F:1
307	N	S	2	0	7.958e-01	0.8089681	N>S:2,N>T:2,N>H:1	N:140,H:114,S:4,T:2
12	S	T	2	0	7.969e-01	0.8093484	S>T:2,S>N:1	S:256,T:3,N:1
14	I	V	3	0	8.331e-01	0.8436550	L>I:23,L>F:10,L>M:9,L>T:5,I>T:4,I>L:3,I>V:3,L>V:3,L>A:2,I>F:1,I>M:1,T>G:1,A>M:1,V>A:1,I>A:1,L>S:1,T>A:1	L:162,I:48,F:12,T:11,M:11,A:8,V:6,G:1,S:1
190	M	T	2	0	8.319e-01	0.8436550	M>T:2,M>I:2,M>L:1,M>A:1,M>V:1	M:245,I:9,T:3,L:1,V:1,A:1
222	T	A	2	0	8.324e-01	0.8436550	T>I:15,I>M:10,M>I:10,I>T:7,T>M:5,M>T:4,T>A:2,I>V:2,M>V:2,I>S:1,T>L:1,T>S:1,I>N:1,I>A:1	T:115,I:84,M:45,S:4,V:4,A:3,N:3,L:2
221	T	A	2	0	8.360e-01	0.8449257	S>T:14,T>S:12,T>M:4,T>K:2,T>A:2,S>Y:2,S>A:2,S>F:2,K>Q:1,K>M:1,T>I:1,S>L:1,S>W:1,S>N:1	T:139,S:83,K:13,Q:8,M:5,A:4,F:2,Y:2,I:1,N:1,W:1,L:1
229	T	A	2	0	8.360e-01	0.8449257	T>M:9,T>S:7,T>A:2,M>T:1,T>V:1	T:230,M:15,S:11,A:2,V:1,N:1
80	A	T	3	0	8.377e-01	0.8454184	H>Y:16,S>F:9,H>Q:9,S>H:8,S>A:7,A>V:5,A>S:5,F>S:4,H>C:4,A>T:3,S>L:3,F>L:3,S>T:3,S>Y:3,H>S:3,Y>H:3,H>D:2,Y>F:2,N>S:1,N>D:1,Y>S:1,N>Y:1,A>N:1,A>M:1,V>A:1,A>F:1,S>I:1,F>I:1,S>V:1,S>M:1,F>C:1,F>T:1,H>A:1,Y>C:1,H>E:1,Y>V:1,F>Y:1,F>H:1,S>K:1	H:80,S:42,F:35,Y:29,A:21,Q:10,T:9,L:9,V:8,C:6,D:3,M:2,I:2,N:2,E:1,K:1
35	I	V	3	0	8.381e-01	0.8454184	I>L:4,I>V:3	I:247,L:10,V:3
267	I	V	3	0	8.391e-01	0.8454754	I>L:8,I>V:3,I>T:3	I:233,L:21,V:3,T:3
90	T	A	2	0	8.398e-01	0.8454754	T>S:11,T>N:8,N>T:6,N>S:4,T>A:2,N>H:1,S>N:1,T>D:1,T>V:1,T>I:1	T:195,N:38,S:19,H:3,A:2,D:1,I:1,V:1
115	F	L	2	0	8.575e-01	0.8624346	F>Y:4,F>L:2,Y>L:1,F>I:1	F:249,Y:6,L:3,I:1,V:1
168	M	L	2	0	8.784e-01	0.8826334	M>A:7,M>T:5,M>L:2,M>V:2,A>M:2,A>T:1,M>S:1	M:237,A:11,T:6,L:3,V:2,S:1
239	M	L	2	0	8.797e-01	0.8830827	M>T:14,S>A:12,S>P:8,A>S:7,M>A:7,M>V:5,T>A:4,S>T:4,P>S:4,A>T:3,T>S:3,M>I:2,M>L:2,V>M:1,V>A:1,M>S:1,S>L:1,S>M:1,S>I:1,S>V:1,A>P:1	S:93,M:56,A:40,T:31,V:18,P:15,I:4,L:3
62	V	I	4	1	8.807e-01	0.8831950	V>T:29,V>I:4,V>M:1,I>V:1,I>T:1,T>V:1,V>A:1	V:175,T:77,I:6,M:1,A:1
279	A	T	2	0	8.973e-01	0.8973229	A>T:2,A>S:1	A:256,T:3,S:1
327	A	T	2	0	8.973e-01	0.8973229	A>S:7,A>P:7,A>T:2,A>G:2,T>S:2,P>S:1,S>P:1	A:218,T:15,S:12,P:12,G:2,N:1
41	I	V	2	0	8.973e-01	0.8973229	I>L:6,I>V:2,L>I:2,I>T:1	L:139,I:117,V:2,T:2
